
[00:00:00.000 --> 00:00:03.740]  很高興可以跟大家一齊分享
[00:00:03.740 --> 00:00:06.540]  剛才宗師說我很有經驗
[00:00:06.540 --> 00:00:07.240]  其實不是的
[00:00:07.240 --> 00:00:09.160]  因為我只有兩個兒女
[00:00:09.160 --> 00:00:11.800]  他們都已經長大成人了
[00:00:11.800 --> 00:00:15.380]  我兒子結婚也有兩個女兒
[00:00:15.380 --> 00:00:16.380]  是孿孫
[00:00:16.380 --> 00:00:19.820]  所以其實我不是很多的經驗
[00:00:19.820 --> 00:00:22.260]  是跟小孩子一起的
[00:00:22.260 --> 00:00:25.920]  但是我在英國裡面也經常為我預備
[00:00:25.920 --> 00:00:27.520]  我有一個使命
[00:00:27.520 --> 00:00:28.700]  就是很想關心別人
[00:00:28.700 --> 00:00:31.840]  當我去不同的教會崇拜聚會
[00:00:31.840 --> 00:00:36.760]  就發覺到少年人的那一絕是斷層的
[00:00:36.760 --> 00:00:40.600]  就是十一、二歲之前還可以押回教會
[00:00:40.600 --> 00:00:43.120]  但是到了十一、二歲之後
[00:00:43.120 --> 00:00:45.360]  就算你押回教會也好
[00:00:45.360 --> 00:00:46.940]  那個人的軀殼在那裡
[00:00:46.940 --> 00:00:48.280]  靈魂是不在那裡的
[00:00:48.280 --> 00:00:49.640]  是斷層的
[00:00:49.640 --> 00:00:53.020]  熟悉我也知道我很關心青少年的
[00:00:53.020 --> 00:00:55.620]  所以在三年多
[00:00:55.620 --> 00:00:57.020]  差不多現在四年前
[00:00:57.020 --> 00:00:59.520]  我就在網上開了一個聚會
[00:00:59.520 --> 00:01:01.380]  就叫「學是學非」
[00:01:01.380 --> 00:01:03.340]  「是」是侍奉的「是」
[00:01:03.340 --> 00:01:05.260]  「非」是信心
[00:01:05.260 --> 00:01:06.400]  「學是學非」
[00:01:06.400 --> 00:01:11.280]  都感恩拿到三、四十個青少年
[00:01:11.280 --> 00:01:14.840]  年齡層現在是很闊的
[00:01:14.840 --> 00:01:17.020]  由九歲到十九歲
[00:01:17.020 --> 00:01:19.560]  我都不知道可以跟他們談些什麼
[00:01:19.560 --> 00:01:20.640]  但是都OK的
[00:01:20.640 --> 00:01:22.440]  都仍然可以哄到小朋友的
[00:01:22.440 --> 00:01:24.160]  跟他們有聚會
[00:01:24.160 --> 00:01:26.520]  在網上都很感恩
[00:01:26.520 --> 00:01:28.880]  都保持到一群人
[00:01:28.880 --> 00:01:31.720]  都很大的感受
[00:01:31.720 --> 00:01:35.760]  所以某個程度我都會盡量去了解多些
[00:01:35.760 --> 00:01:38.440]  我亦都為了這個課題
[00:01:38.440 --> 00:01:42.260]  小牧師說因為我們是從香港來的父母
[00:01:42.260 --> 00:01:44.580]  但是我們的子女跟了我們幾年之後
[00:01:44.580 --> 00:01:47.900]  他們已經是英國的親生兒子
[00:01:47.900 --> 00:01:51.100]  那時候怎樣去面對這個衝擊呢?
[00:01:51.100 --> 00:01:54.160]  所以我都為了這個原因
[00:01:54.160 --> 00:01:57.260]  我就接觸過不少的父母
[00:01:57.260 --> 00:02:01.700]  他們的小朋友年齡多數是在十三、四歲以下的
[00:02:01.700 --> 00:02:06.160]  了解一下他們的情況是怎樣
[00:02:06.160 --> 00:02:11.080]  我不想講一些很空泛的東西
[00:02:11.080 --> 00:02:15.240]  我是很希望可以講一些他們真是親身經歷到的事
[00:02:15.240 --> 00:02:16.780]  跟大家來分享
[00:02:16.780 --> 00:02:22.000]  但是亦都不會只是為了講一個專題講座
[00:02:22.000 --> 00:02:25.160]  某個程度你請一些社工來講
[00:02:25.160 --> 00:02:27.800]  可能他們還會講得更加好
[00:02:27.800 --> 00:02:28.760]  我是一個牧者
[00:02:28.760 --> 00:02:31.400]  所以最後的那一部份
[00:02:31.400 --> 00:02:34.420]  我都會跟大家去到聖經裏面
[00:02:34.420 --> 00:02:37.080]  怎樣來看我們做父母
[00:02:37.080 --> 00:02:40.000]  我應該怎樣對自己的兒女
[00:02:40.000 --> 00:02:43.360]  第一就是我覺得父母是很偉大
[00:02:43.360 --> 00:02:48.880]  我已經舉手了
[00:02:48.880 --> 00:02:53.100]  他們做了甚麼呢?
[00:02:53.100 --> 00:02:55.520]  不如我們一齊來讀這段經文
[00:02:55.520 --> 00:02:59.140]  哥林多後書第五章第九節
[00:02:59.140 --> 00:03:00.300]  我們一齊來讀出
[00:03:00.300 --> 00:03:04.260]  你們知道我們主耶穌基督的恩典
[00:03:04.260 --> 00:03:05.980]  求你們成為父祖
[00:03:05.980 --> 00:03:08.480]  求你們成為大同
[00:03:08.480 --> 00:03:12.680]  要你們讓大同可以成為父祖
[00:03:12.680 --> 00:03:15.620]  很多人覺得這段經文好像很複雜
[00:03:15.620 --> 00:03:17.540]  我們知道主耶穌基督的恩典
[00:03:17.540 --> 00:03:19.860]  祂本來是父祖的
[00:03:19.860 --> 00:03:21.420]  是因為我們的緣故
[00:03:21.420 --> 00:03:22.960]  祂就成為貧窮的
[00:03:22.960 --> 00:03:24.480]  我們是貧窮的
[00:03:24.480 --> 00:03:26.380]  但我們卻是因為耶穌基督的貧窮
[00:03:26.380 --> 00:03:27.680]  於是我們成為父祖
[00:03:27.680 --> 00:03:29.840]  是不是好像很圓一樣
[00:03:29.840 --> 00:03:31.160]  但每一個父母
[00:03:31.160 --> 00:03:33.420]  我一講你就會有很深的感受
[00:03:33.420 --> 00:03:35.440]  你們就正在經歷這件事
[00:03:35.440 --> 00:03:37.020]  你跟你的兒女講
[00:03:37.020 --> 00:03:39.340]  我原本是父祖的
[00:03:39.340 --> 00:03:40.100]  還沒有生你的時候
[00:03:40.100 --> 00:03:42.300]  我都很有錢、很好的
[00:03:42.300 --> 00:03:44.140]  但是生了你之後
[00:03:44.140 --> 00:03:46.920]  我因為你的緣故可以成為貧窮
[00:03:46.920 --> 00:03:49.280]  而你們一毫子都沒有帶過來
[00:03:49.280 --> 00:03:51.420]  或者一磅都沒有帶過來
[00:03:51.420 --> 00:03:55.000]  但是現在你因為我的緣故
[00:03:55.000 --> 00:03:56.180]  你成為父祖
[00:03:56.180 --> 00:03:57.560]  明白這個道理嗎?
[00:03:57.560 --> 00:03:58.640]  我一講大家就會明白
[00:03:58.640 --> 00:04:00.060]  所以整件事不是很複雜的
[00:04:00.060 --> 00:04:03.720]  有時候你自己的經歷你就會明白
[00:04:03.720 --> 00:04:05.460]  我自己也很深體會
[00:04:05.460 --> 00:04:08.580]  我剛剛今早
[00:04:08.580 --> 00:04:09.820]  今早臨出門的時候
[00:04:09.820 --> 00:04:12.360]  跟家人吃早餐
[00:04:12.360 --> 00:04:16.340]  大家有時候都有些洗肺
[00:04:16.340 --> 00:04:19.460]  因為昨天剛好有一些朋友
[00:04:19.460 --> 00:04:20.160]  不是我的朋友
[00:04:20.160 --> 00:04:21.200]  我太太的朋友
[00:04:21.200 --> 00:04:25.120]  在北面下了去南部那邊
[00:04:25.120 --> 00:04:26.980]  大家相聚
[00:04:26.980 --> 00:04:30.460]  他說有一個家庭
[00:04:30.460 --> 00:04:32.040]  吃東西是捨不得的
[00:04:32.040 --> 00:04:33.040]  是很省的
[00:04:33.040 --> 00:04:34.920]  所以一起出去他們很開心
[00:04:34.920 --> 00:04:36.240]  因為一起吃東西
[00:04:36.240 --> 00:04:37.000]  吃好東西
[00:04:37.000 --> 00:04:39.960]  但是分出來就不用很貴
[00:04:39.960 --> 00:04:42.120]  但是他買衣服是很捨得的
[00:04:42.120 --> 00:04:43.640]  他寧願怎樣呢?
[00:04:43.640 --> 00:04:46.520]  就會去買衣服
[00:04:46.520 --> 00:04:49.880]  然後大家要溝通
[00:04:49.880 --> 00:04:51.980]  所以吃早餐我們一起溝通
[00:04:51.980 --> 00:04:53.320]  我就說
[00:04:53.320 --> 00:04:58.020]  你覺得我最捨得用錢在哪裏呢?
[00:04:58.020 --> 00:04:59.780]  他竟然很快就說
[00:04:59.780 --> 00:05:01.120]  在孫子那裏
[00:05:01.120 --> 00:05:02.620]  我說你不是吧?
[00:05:02.620 --> 00:05:04.400]  我最捨得用錢在你身上
[00:05:04.400 --> 00:05:05.400]  我跟雷雷說
[00:05:05.400 --> 00:05:06.280]  都要在孫子那裏
[00:05:06.280 --> 00:05:06.880]  你想一下
[00:05:06.880 --> 00:05:07.880]  我用錢在你身上
[00:05:07.880 --> 00:05:09.480]  多過用在孫子那裏
[00:05:09.480 --> 00:05:13.000]  孫子可能來不及給一點錢用
[00:05:13.000 --> 00:05:14.000]  但是其實
[00:05:14.000 --> 00:05:14.880]  我說到
[00:05:14.880 --> 00:05:15.380]  你想一下
[00:05:15.380 --> 00:05:16.900]  我真的沒什麼錢用
[00:05:16.900 --> 00:05:18.500]  我的錢是怎樣呢?
[00:05:18.500 --> 00:05:19.580]  就是
[00:05:19.580 --> 00:05:20.280]  很真心的說
[00:05:20.280 --> 00:05:22.080]  我會覺得用這些有意義的事
[00:05:22.080 --> 00:05:24.880]  我在英國最多用錢是什麼呢?
[00:05:24.880 --> 00:05:26.680]  買DVD
[00:05:26.680 --> 00:05:29.000]  但是永遠不會超過一磅的
[00:05:29.000 --> 00:05:30.800]  因為我是在Charity買的
[00:05:30.800 --> 00:05:32.600]  就是一磅三隻
[00:05:32.600 --> 00:05:34.000]  在利物浦更加重要
[00:05:34.000 --> 00:05:35.200]  一磅十隻
[00:05:35.200 --> 00:05:35.840]  就是
[00:05:35.840 --> 00:05:36.920]  是啊
[00:05:36.920 --> 00:05:38.320]  還是正版的那些
[00:05:38.320 --> 00:05:39.120]  就是
[00:05:39.120 --> 00:05:40.620]  因為已經沒有人看DVD
[00:05:40.620 --> 00:05:41.840]  我儲起這些DVD
[00:05:41.840 --> 00:05:43.400]  我最多用這些錢
[00:05:43.400 --> 00:05:44.440]  我自己
[00:05:44.440 --> 00:05:44.920]  譬如很簡單
[00:05:44.920 --> 00:05:46.200]  我現在穿這件衣服
[00:05:46.200 --> 00:05:47.800]  十年前都是這件衣服
[00:05:47.800 --> 00:05:48.800]  我看那些照片
[00:05:48.800 --> 00:05:50.080]  這條褲也是Charity
[00:05:50.080 --> 00:05:51.240]  全部都是Charity
[00:05:51.240 --> 00:05:51.760]  就是
[00:05:51.760 --> 00:05:53.040]  沒問題的
[00:05:53.040 --> 00:05:54.080]  那
[00:05:54.080 --> 00:05:54.880]  但是
[00:05:54.880 --> 00:05:58.280]  用在家人身上是很樂意的
[00:05:58.280 --> 00:05:59.440]  為什麼我會
[00:05:59.440 --> 00:06:00.760]  大家都很明白
[00:06:00.760 --> 00:06:03.320]  今天你們在英國這個地方
[00:06:03.320 --> 00:06:04.440]  我很相信
[00:06:04.440 --> 00:06:05.520]  有沒有一些人
[00:06:05.520 --> 00:06:07.160]  你們的細蚊仔
[00:06:07.160 --> 00:06:09.960]  是超過17歲的
[00:06:09.960 --> 00:06:10.960]  請舉手好嗎?
[00:06:12.840 --> 00:06:14.320]  再數幾個
[00:06:14.320 --> 00:06:16.400]  全部都是17歲以下
[00:06:16.400 --> 00:06:17.400]  是不是?
[00:06:17.400 --> 00:06:18.800]  我想你們來的時候
[00:06:18.800 --> 00:06:21.800]  有一個其中很重要的原因是什麼?
[00:06:21.800 --> 00:06:23.600]  是為了你的細蚊仔
[00:06:23.600 --> 00:06:24.600]  他的未來
[00:06:24.600 --> 00:06:25.920]  他的學業
[00:06:25.920 --> 00:06:27.520]  但是可能你來英國的時候
[00:06:27.520 --> 00:06:29.120]  你就要放棄了
[00:06:29.120 --> 00:06:32.400]  你自己很穩定的工作
[00:06:32.400 --> 00:06:35.720]  或者甚至是多豐厚的收入
[00:06:35.720 --> 00:06:37.520]  是為了你的細蚊仔
[00:06:37.520 --> 00:06:38.520]  就是
[00:06:38.520 --> 00:06:39.880]  絕對不容易的
[00:06:39.880 --> 00:06:42.000]  因為我自己過來英國的時候
[00:06:42.000 --> 00:06:43.520]  都是很大的掙扎
[00:06:43.520 --> 00:06:44.880]  因為我香港出生
[00:06:44.880 --> 00:06:46.040]  香港長大
[00:06:46.040 --> 00:06:48.280]  就是有我自己屬靈的孩子
[00:06:48.280 --> 00:06:49.480]  就是剛剛
[00:06:49.480 --> 00:06:51.400]  十月
[00:06:51.400 --> 00:06:52.800]  第一個星期
[00:06:52.800 --> 00:06:55.440]  就是冥恩堂40週年堂慶
[00:06:55.440 --> 00:06:56.760]  就是我從零開始
[00:06:56.760 --> 00:06:58.240]  募養了30年
[00:06:58.240 --> 00:06:59.680]  我才轉型
[00:06:59.680 --> 00:07:01.320]  就是很捨不得的
[00:07:01.320 --> 00:07:04.920]  我很深感受那種無奈
[00:07:04.920 --> 00:07:07.880]  但是你們是為了你們的細蚊仔
[00:07:07.880 --> 00:07:09.280]  而離開
[00:07:09.280 --> 00:07:11.640]  但是最第一個問題是怎麼樣呢?
[00:07:11.640 --> 00:07:14.360]  我不知道如果那些十幾歲的細蚊仔
[00:07:14.360 --> 00:07:17.000]  有時候會跟父母爭拗的
[00:07:17.000 --> 00:07:18.760]  你以為我想走嗎?
[00:07:18.760 --> 00:07:20.080]  你逼我走而已
[00:07:20.080 --> 00:07:21.440]  你沒有說我偉大
[00:07:21.440 --> 00:07:22.720]  說為了我
[00:07:22.720 --> 00:07:24.120]  其實是你自己害怕而已
[00:07:24.120 --> 00:07:25.040]  或者什麼什麼
[00:07:25.040 --> 00:07:26.960]  真的有些父母
[00:07:26.960 --> 00:07:28.640]  是很無奈的
[00:07:28.640 --> 00:07:30.840]  跟兒女爭拗的時候
[00:07:30.840 --> 00:07:33.080]  那些兒女可能十幾歲那些
[00:07:33.080 --> 00:07:35.640]  就是十一、二歲就有些不敢這樣說你的
[00:07:35.640 --> 00:07:36.720]  就是跟你說的
[00:07:36.720 --> 00:07:39.560]  是一個很大的悲哀
[00:07:39.560 --> 00:07:41.800]  這個痛苦是怎麼樣呢?
[00:07:41.800 --> 00:07:46.960]  就是你去疼愛你的子女
[00:07:46.960 --> 00:07:50.400]  但是子女不會記得
[00:07:50.400 --> 00:07:53.920]  正如好像這個爸爸那樣
[00:07:53.920 --> 00:07:56.000]  勸細蚊仔
[00:07:56.000 --> 00:07:57.560]  女兒早點睡覺吧
[00:07:57.560 --> 00:07:58.280]  這麼晚了
[00:07:58.280 --> 00:07:59.440]  還在玩遊戲機
[00:07:59.440 --> 00:08:00.560]  他很生氣
[00:08:00.560 --> 00:08:02.040]  他做什麼?
[00:08:02.040 --> 00:08:05.200]  他拿出一把戒刀
[00:08:05.200 --> 00:08:07.800]  他不是戒爸爸的,很奇怪
[00:08:07.800 --> 00:08:09.560]  他戒自己
[00:08:09.560 --> 00:08:11.600]  大家有沒有想過為什麼
[00:08:11.600 --> 00:08:12.480]  爸爸罵他
[00:08:12.480 --> 00:08:17.600]  他竟然拿出一把戒刀戒自己?
[00:08:17.600 --> 00:08:19.880]  其實我會明白
[00:08:19.880 --> 00:08:22.040]  因為我做過類似的事情
[00:08:22.040 --> 00:08:24.200]  我在家裡我是大兒子
[00:08:24.200 --> 00:08:26.000]  我父母很疼我的
[00:08:26.000 --> 00:08:28.440]  但是我是較為頑皮那種
[00:08:28.440 --> 00:08:31.640]  如果家裡罵我罵得很厲害的時候
[00:08:31.640 --> 00:08:33.440]  我就發脾氣了
[00:08:33.440 --> 00:08:36.400]  但是我又知道我不可以罵他
[00:08:36.400 --> 00:08:37.280]  於是我為什麼
[00:08:37.280 --> 00:08:39.320]  是呀,我不叫他罵得厲害
[00:08:39.320 --> 00:08:42.920]  我是這樣自己打自己的
[00:08:42.920 --> 00:08:43.840]  為什麼我會這樣做呢?
[00:08:43.840 --> 00:08:45.760]  就是他疼我
[00:08:45.760 --> 00:08:47.080]  我打自己
[00:08:47.080 --> 00:08:48.320]  他就心痛
[00:08:48.320 --> 00:08:49.400]  你想想我多蠢
[00:08:49.400 --> 00:08:51.440]  我連自己的肉痛都叫他心痛
[00:08:51.440 --> 00:08:52.640]  是不是很蠢?
[00:08:52.640 --> 00:08:53.120]  但是你想一下
[00:08:53.120 --> 00:08:55.920]  如果這個女孩子
[00:08:55.920 --> 00:08:58.320]  不是知道父母疼她
[00:08:58.320 --> 00:09:00.320]  她不會戒自己的
[00:09:00.320 --> 00:09:02.800]  如果父母跟她關係很不好的時候
[00:09:02.800 --> 00:09:04.520]  戒?不是吧
[00:09:04.520 --> 00:09:06.600]  這麼勢力都出不了血
[00:09:06.600 --> 00:09:07.800]  戒得厲害一點吧
[00:09:07.800 --> 00:09:09.360]  這把戒刀不夠厲害
[00:09:09.360 --> 00:09:11.760]  我給你一把陶瓷刀戒吧
[00:09:11.760 --> 00:09:14.560]  他就是在利用父母的愛
[00:09:14.560 --> 00:09:16.280]  去傷害父母
[00:09:16.280 --> 00:09:19.080]  有時候不要只是說兒女
[00:09:19.080 --> 00:09:22.160]  就算是說做夫婦
[00:09:22.160 --> 00:09:24.160]  有時候吵架的時候
[00:09:24.160 --> 00:09:27.600]  其實說得最蠢、最痛
[00:09:27.600 --> 00:09:29.680]  往往就是你的家人
[00:09:29.680 --> 00:09:31.760]  因為他知道哪些是你的弱點
[00:09:31.760 --> 00:09:35.760]  就依著那個問題去侮辱你
[00:09:35.760 --> 00:09:37.280]  所以記住
[00:09:37.280 --> 00:09:39.280]  原來愛是什麼呢?
[00:09:39.280 --> 00:09:43.440]  不要想一定是會有回報的
[00:09:43.440 --> 00:09:45.840]  如果你疼你的兒女
[00:09:45.840 --> 00:09:47.600]  兒女乖、很聽你的話
[00:09:47.600 --> 00:09:49.680]  很孝敬你、很尊重你
[00:09:49.680 --> 00:09:51.360]  這是一個祝福
[00:09:51.360 --> 00:09:53.360]  但不是必然的
[00:09:53.360 --> 00:09:55.520]  愛有時候是會受傷害的
[00:09:55.520 --> 00:09:57.800]  是會付諸於流水的
[00:09:57.800 --> 00:10:00.480]  所以這是一個很大的不幸
[00:10:00.480 --> 00:10:02.760]  正如我們的神很愛我們
[00:10:02.760 --> 00:10:05.680]  你回想一下我們是祂的兒女
[00:10:05.680 --> 00:10:11.080]  究竟我們討神喜悅的時間多
[00:10:11.080 --> 00:10:16.800]  還是令到神難受的時間多
[00:10:16.800 --> 00:10:18.560]  你自己檢討
[00:10:18.560 --> 00:10:19.880]  我自己很深感受
[00:10:19.880 --> 00:10:20.880]  我一會兒會說
[00:10:20.880 --> 00:10:25.680]  我和我的孫子的隔閡是越來越大
[00:10:25.680 --> 00:10:26.680]  我昨天也見過
[00:10:26.680 --> 00:10:31.000]  因為他們也會來了我家和一班人
[00:10:31.000 --> 00:10:33.560]  但他們就躲起來玩遊戲機
[00:10:33.560 --> 00:10:36.520]  父母就任由他們暫時放題
[00:10:36.520 --> 00:10:39.840]  因為他們過來的時候是五歲多
[00:10:39.840 --> 00:10:42.720]  他們兩個都是雙胞胎
[00:10:42.720 --> 00:10:45.240]  所以大家對話全部是英文
[00:10:45.240 --> 00:10:47.960]  現在跟我們聊天的時候
[00:10:47.960 --> 00:10:50.400]  他們不是很懂得用廣東話表達
[00:10:50.400 --> 00:10:52.160]  所以見到我經常笑著
[00:10:52.160 --> 00:10:54.320]  「爺爺」這樣已經夠了
[00:10:54.320 --> 00:10:58.200]  我暑假也有跟他們去玩
[00:10:58.200 --> 00:11:00.600]  其實我沒事的
[00:11:00.600 --> 00:11:02.800]  但我見到他們玩得很開心
[00:11:02.800 --> 00:11:04.680]  見到他們吃東西很開心
[00:11:04.680 --> 00:11:06.960]  我已經很足夠了
[00:11:06.960 --> 00:11:09.000]  如果多聊幾句
[00:11:09.000 --> 00:11:11.200]  我已經覺得是福利了
[00:11:11.200 --> 00:11:13.560]  但我想問一下你究竟
[00:11:13.560 --> 00:11:15.320]  現在在英國
[00:11:15.320 --> 00:11:18.920]  你有沒有多些時間去親近神
[00:11:18.920 --> 00:11:20.240]  我自己很深體會
[00:11:20.240 --> 00:11:23.160]  原來當我見到我的孫子玩得很開心
[00:11:23.160 --> 00:11:24.440]  只要他跟我多聊幾句
[00:11:24.440 --> 00:11:25.880]  我已經很開心了
[00:11:25.880 --> 00:11:28.800]  我們有沒有好好地去跟神
[00:11:28.800 --> 00:11:30.800]  有更親密的交往
[00:11:30.800 --> 00:11:34.120]  所以我都會享受早上靈修的時間
[00:11:34.120 --> 00:11:35.840]  以前在香港反而很忙
[00:11:35.840 --> 00:11:39.080]  不會每天都很安定地可以靈修
[00:11:39.080 --> 00:11:42.280]  但現在我總之熱浪也好
[00:11:42.280 --> 00:11:44.000]  但早上也很涼爽
[00:11:44.000 --> 00:11:48.600]  我就坐在家裡的小花園
[00:11:48.600 --> 00:11:51.960]  看著天空去禱告
[00:11:51.960 --> 00:11:53.160]  所以很重要
[00:11:53.160 --> 00:11:57.400]  我們回看我們傳統
[00:11:57.400 --> 00:11:59.680]  你們已經不是很傳統了
[00:11:59.680 --> 00:12:02.800]  我們的教導兒女的方式
[00:12:02.800 --> 00:12:05.200]  跟英國的小孩子長大
[00:12:05.200 --> 00:12:08.400]  他們所面對的方式有什麼不同
[00:12:08.400 --> 00:12:11.680]  很多時候香港式的教育是什麼呢?
[00:12:11.680 --> 00:12:15.760]  就是要尊重長輩
[00:12:15.760 --> 00:12:19.520]  我們從小到大要尊重父母
[00:12:19.520 --> 00:12:22.440]  還有我那一代,不是你們那一代
[00:12:22.440 --> 00:12:26.880]  大人說話,須不須要查什麼罪?
[00:12:26.880 --> 00:12:28.560]  這時輪到你說了
[00:12:28.560 --> 00:12:32.120]  如果我們有什麼表達是死的
[00:12:32.120 --> 00:12:34.840]  最簡單舉個例子
[00:12:34.840 --> 00:12:37.560]  現在越來越多的店舖可能會倒閉
[00:12:37.560 --> 00:12:38.880]  最近也有一段新聞
[00:12:38.880 --> 00:12:40.240]  好像《東京新聞》也有說
[00:12:40.240 --> 00:12:42.480]  龍華酒店,沙田那一間
[00:12:42.480 --> 00:12:46.440]  就會面對很大壓力
[00:12:46.440 --> 00:12:48.040]  原來一年一度
[00:12:48.040 --> 00:12:50.280]  我們家族旅行
[00:12:50.280 --> 00:12:53.080]  當年我就是去龍華酒店
[00:12:53.080 --> 00:12:56.960]  因為我爸爸是幫龍華酒店做帳戶的
[00:12:56.960 --> 00:12:58.600]  就是計數的
[00:12:58.600 --> 00:13:01.480]  所以一年有一次免費去那裡吃什麼呢?
[00:13:01.480 --> 00:13:03.720]  就是吃乳鴿
[00:13:03.720 --> 00:13:07.720]  爸爸就較為省錢的住上環
[00:13:07.720 --> 00:13:09.120]  那時要怎樣呢?
[00:13:09.120 --> 00:13:11.600]  就是要過天星小輪
[00:13:11.600 --> 00:13:13.680]  那時坐火車
[00:13:13.680 --> 00:13:22.160]  我們就建議可否坐頭等車卡
[00:13:22.160 --> 00:13:23.360]  現在發達了嗎?
[00:13:23.360 --> 00:13:25.080]  神經病,他坐頭等
[00:13:25.080 --> 00:13:26.560]  即是我們想表達的東西
[00:13:26.560 --> 00:13:28.280]  就馬上被他罵
[00:13:28.280 --> 00:13:29.960]  你不要忘記
[00:13:29.960 --> 00:13:32.880]  原來我們很流行大人說話
[00:13:32.880 --> 00:13:34.360]  你不要插嘴
[00:13:34.360 --> 00:13:36.520]  但想想你小時候的經歷
[00:13:36.520 --> 00:13:41.800]  你那時是自己大還是小?
[00:13:41.800 --> 00:13:44.720]  你發覺你自己不知道大還是小
[00:13:44.720 --> 00:13:47.680]  原來大與小全部都是由父母控制的
[00:13:47.680 --> 00:13:49.000]  即是大人說話
[00:13:49.000 --> 00:13:50.560]  小朋友不要插嘴
[00:13:50.560 --> 00:13:51.840]  可能過了兩小時之後
[00:13:51.840 --> 00:13:52.640]  你長大了
[00:13:52.640 --> 00:13:54.960]  麻煩你自己撿自己的東西
[00:13:54.960 --> 00:13:58.400]  還要我來幫你撿?
[00:13:58.400 --> 00:13:59.640]  長大了
[00:13:59.640 --> 00:14:01.000]  還要這麼怒氣?
[00:14:01.000 --> 00:14:02.400]  剛才兩個小時
[00:14:02.400 --> 00:14:03.880]  小朋友兩個小時後
[00:14:03.880 --> 00:14:05.440]  你已經馬上發脹了
[00:14:05.440 --> 00:14:08.960]  原來大與小全部是由他控制的
[00:14:08.960 --> 00:14:10.840]  這就是我們的問題
[00:14:10.840 --> 00:14:13.000]  這時候不要插嘴
[00:14:13.000 --> 00:14:14.320]  但你有沒有留意到
[00:14:14.320 --> 00:14:16.720]  在英式的教育裏面
[00:14:16.720 --> 00:14:18.360]  是很不同的
[00:14:18.360 --> 00:14:22.400]  就是很鼓勵人表達意見
[00:14:22.400 --> 00:14:24.240]  你有沒有留意到學校
[00:14:24.240 --> 00:14:27.080]  是鼓勵小朋友表達
[00:14:27.080 --> 00:14:28.920]  就算一般也好
[00:14:28.920 --> 00:14:30.360]  他肯定說什麼
[00:14:30.360 --> 00:14:31.560]  Good
[00:14:31.560 --> 00:14:33.000]  當然是先說Good
[00:14:33.000 --> 00:14:34.680]  然後才慢慢引導你
[00:14:34.680 --> 00:14:37.560]  所以是令到他們從小到大
[00:14:37.560 --> 00:14:40.600]  是有那種自信
[00:14:40.600 --> 00:14:45.720]  他們是很喜歡表達他們的感受
[00:14:45.720 --> 00:14:49.920]  特別是從小在這裏讀書長大的那些人
[00:14:49.920 --> 00:14:51.240]  但我們不是的
[00:14:51.240 --> 00:14:53.680]  香港那些盡量的宿圍
[00:14:53.680 --> 00:14:55.720]  都不敢說什麼
[00:14:55.720 --> 00:14:56.520]  所以他們很流行
[00:14:56.520 --> 00:14:57.480]  如果有什麼就問
[00:14:57.480 --> 00:14:58.720]  Why?
[00:14:58.720 --> 00:15:00.120]  為什麼?
[00:15:00.120 --> 00:15:01.880]  為什麼要我做這件事?
[00:15:01.880 --> 00:15:05.200]  他要你講清楚給他聽的
[00:15:05.200 --> 00:15:07.160]  但我們有時候又會覺得
[00:15:07.160 --> 00:15:08.640]  你挑戰我?
[00:15:08.640 --> 00:15:09.880]  我叫你做就做
[00:15:09.880 --> 00:15:11.280]  問這麼多問題?
[00:15:11.280 --> 00:15:13.920]  你想想你上一代的父母
[00:15:13.920 --> 00:15:15.960]  是不是這樣來大陸對待你?
[00:15:15.960 --> 00:15:17.440]  是不需要講什麼
[00:15:17.440 --> 00:15:18.600]  不需要理由的
[00:15:18.600 --> 00:15:20.480]  總之我叫你做就做
[00:15:20.480 --> 00:15:21.960]  你就要聽話的
[00:15:21.960 --> 00:15:27.520]  但是英國一直授予他們要講自己的自主權
[00:15:27.520 --> 00:15:29.080]  這個很重要
[00:15:29.080 --> 00:15:31.240]  你要來大陸去尊重學
[00:15:31.240 --> 00:15:31.920]  就是不可以
[00:15:31.920 --> 00:15:33.400]  譬如很簡單舉個例子
[00:15:33.400 --> 00:15:35.120]  就是在這裏
[00:15:35.120 --> 00:15:37.280]  你在街上不可以隨便拍照
[00:15:37.280 --> 00:15:39.040]  拍小孩子的
[00:15:39.040 --> 00:15:40.760]  你會被人抓的
[00:15:40.760 --> 00:15:42.920]  人家的小孩子你為什麼要拍?
[00:15:42.920 --> 00:15:44.600]  十幾二十年前不是的
[00:15:44.600 --> 00:15:45.200]  我們去旅行
[00:15:45.200 --> 00:15:46.160]  你覺得很有趣
[00:15:46.160 --> 00:15:47.040]  那就拍
[00:15:47.040 --> 00:15:48.640]  但現在是不可以的
[00:15:48.640 --> 00:15:53.160]  因為你會受法律保護著那些小孩子
[00:15:53.160 --> 00:15:54.400]  誰知道你拿了照片
[00:15:54.400 --> 00:15:55.920]  你要做些什麼?
[00:15:55.920 --> 00:15:58.560]  甚至大家知道現在那些小孩子
[00:15:58.560 --> 00:16:00.480]  要單獨見一個人是不容易的
[00:16:00.480 --> 00:16:01.320]  就是我們這些
[00:16:01.320 --> 00:16:03.480]  你要做青少年工作都很困難的
[00:16:03.480 --> 00:16:06.640]  就是要有證書
[00:16:06.640 --> 00:16:09.520]  又或者父母來大陸去批准
[00:16:09.520 --> 00:16:12.000]  而最大的一個問題是什麼呢?
[00:16:12.000 --> 00:16:15.080]  就是我們會有一個很大的錯誤
[00:16:15.080 --> 00:16:16.760]  就是什麼呢?
[00:16:16.760 --> 00:16:21.200]  就是如果有意見
[00:16:21.200 --> 00:16:23.440]  他們要表達的時候
[00:16:23.440 --> 00:16:26.840]  但是請你一定要有一個很清楚的概念
[00:16:26.840 --> 00:16:29.920]  他們有自己的想法
[00:16:29.920 --> 00:16:32.800]  不要去壓制他們
[00:16:32.800 --> 00:16:34.200]  讓他們表達
[00:16:34.200 --> 00:16:40.680]  也讓他們表達的意見不等於不尊重你
[00:16:40.680 --> 00:16:42.520]  你記不記得有時候
[00:16:42.520 --> 00:16:43.840]  我們小時候
[00:16:43.840 --> 00:16:45.400]  我們多說幾句的時候
[00:16:45.400 --> 00:16:46.720]  就說我們駁嘴
[00:16:46.720 --> 00:16:49.280]  你沒有大沒小的
[00:16:49.280 --> 00:16:50.600]  駁嘴?
[00:16:50.600 --> 00:16:52.560]  原來就是這樣打壓我們
[00:16:52.560 --> 00:16:56.720]  就使得我們沒有辦法來表達我們的感受
[00:16:56.720 --> 00:16:58.840]  但是你看回我們的信仰
[00:16:58.840 --> 00:16:59.360]  好
[00:16:59.360 --> 00:17:00.880]  我們看看《約伯記》
[00:17:00.880 --> 00:17:02.440]  我們一起來讀
[00:17:02.440 --> 00:17:05.160]  《約伯記》的第十章的第一到第三節
[00:17:05.160 --> 00:17:06.560]  我們一起來讀出
[00:17:06.560 --> 00:17:09.040]  我見大人走得生命
[00:17:09.040 --> 00:17:12.320]  必有著自己述說在內
[00:17:12.320 --> 00:17:14.000]  因心慮苦惱
[00:17:14.000 --> 00:17:15.480]  必有要設話
[00:17:15.480 --> 00:17:16.680]  對上說
[00:17:16.680 --> 00:17:18.600]  必要令我猶豫
[00:17:18.600 --> 00:17:19.960]  要知善惡
[00:17:19.960 --> 00:17:22.280]  理會我如何爭辯
[00:17:22.280 --> 00:17:23.920]  理受所作的
[00:17:23.920 --> 00:17:25.280]  必有起碼
[00:17:25.280 --> 00:17:26.560]  有表現
[00:17:26.560 --> 00:17:29.080]  是個光照惡人的計謀
[00:17:29.080 --> 00:17:31.280]  這是理會的起碼
[00:17:31.280 --> 00:17:32.840]  如果我們讀《約伯記》的時候
[00:17:32.840 --> 00:17:33.600]  你就會看到
[00:17:33.600 --> 00:17:37.480]  約伯他自己不知道為什麼他會受苦
[00:17:37.480 --> 00:17:39.480]  我們看了當然知道了
[00:17:39.480 --> 00:17:41.680]  他覺得自己沒有問題
[00:17:41.680 --> 00:17:43.680]  所以甚至後來他質問神
[00:17:43.680 --> 00:17:44.360]  你有沒有留意到
[00:17:44.360 --> 00:17:45.640]  很多的經文
[00:17:45.640 --> 00:17:48.440]  他在問神為什麼為什麼為什麼會是這樣
[00:17:48.440 --> 00:17:49.840]  甚至跟神說
[00:17:49.840 --> 00:17:51.760]  你下來跟我來對質
[00:17:51.760 --> 00:17:53.120]  你說我有錯
[00:17:53.120 --> 00:17:54.960]  沒有大沒有小
[00:17:54.960 --> 00:17:57.520]  對神一點都好像不尊敬
[00:17:57.520 --> 00:18:01.520]  結果神有沒有找雷來砍他
[00:18:01.520 --> 00:18:02.480]  沒有
[00:18:02.480 --> 00:18:04.760]  但是我們要敬畏神的
[00:18:04.760 --> 00:18:07.280]  反而他可能覺得那幾個朋友
[00:18:07.280 --> 00:18:08.280]  都很陰公
[00:18:08.280 --> 00:18:09.880]  是出於愛心去勸他
[00:18:09.880 --> 00:18:12.200]  越勸越火滾
[00:18:12.200 --> 00:18:13.920]  後來就冤枉他
[00:18:13.920 --> 00:18:17.720]  後來神要他們認錯
[00:18:17.720 --> 00:18:19.800]  要約伯為他來代他獻祭
[00:18:19.800 --> 00:18:22.720]  這幾個人幫都幫得很慘
[00:18:22.720 --> 00:18:24.560]  但是他們是很理論
[00:18:24.560 --> 00:18:26.400]  他們想的沒有錯
[00:18:26.400 --> 00:18:28.200]  但不是絕對
[00:18:28.200 --> 00:18:31.360]  反而約伯沒有讓神來代他去責備
[00:18:31.360 --> 00:18:32.720]  為什麼?
[00:18:32.720 --> 00:18:38.080]  神就是體會到約伯那時候的感受是怎樣
[00:18:38.080 --> 00:18:41.840]  所以他會來代他去宣洩他的感受
[00:18:41.840 --> 00:18:43.800]  神是接受的
[00:18:43.800 --> 00:18:45.800]  如果你記得在詩篇裡面
[00:18:45.800 --> 00:18:48.320]  是有些叫做奏坐詩
[00:18:48.320 --> 00:18:51.920]  它是有很多的冤屈
[00:18:51.920 --> 00:18:54.240]  最熟悉的大家是怎樣?
[00:18:54.240 --> 00:18:56.440]  詩篇137篇
[00:18:56.440 --> 00:19:01.400]  神很願意我們敵人的孕婦的肚子被剖開
[00:19:01.400 --> 00:19:03.080]  將他們的嬰孩拿出來
[00:19:03.080 --> 00:19:05.440]  摔在石頭上摔死了
[00:19:05.440 --> 00:19:06.640]  借人就是有福
[00:19:06.640 --> 00:19:07.960]  即是剖人的肚子
[00:19:07.960 --> 00:19:08.960]  不是醫生
[00:19:08.960 --> 00:19:10.800]  但是拿個水瓶出來弄死他
[00:19:10.800 --> 00:19:11.960]  那個人是有福的
[00:19:11.960 --> 00:19:12.960]  是不是很毒?
[00:19:12.960 --> 00:19:17.040]  我發覺比鵝頸橋打小人的咒語更毒
[00:19:17.040 --> 00:19:17.880]  但是神沒有責備
[00:19:17.880 --> 00:19:18.240]  為什麼?
[00:19:18.240 --> 00:19:19.520]  如果你看看背景
[00:19:19.520 --> 00:19:22.120]  他們被亡國的時候
[00:19:22.120 --> 00:19:25.280]  他們的孕婦就是這樣被尼達雅去虐待
[00:19:25.280 --> 00:19:27.440]  但是他們沒有辦法去抵抗
[00:19:27.440 --> 00:19:29.440]  沒有辦法尼達雅去抗議
[00:19:29.440 --> 00:19:31.160]  或者採取一些行動
[00:19:31.160 --> 00:19:33.520]  於是他們將他們那些很不開心的感受
[00:19:33.520 --> 00:19:35.840]  向神尼達雅去宣告
[00:19:35.840 --> 00:19:37.560]  神沒有責備他們
[00:19:37.560 --> 00:19:39.840]  這個我們很重要的概念
[00:19:39.840 --> 00:19:43.160]  我現在見到很多社會上很不公平的事
[00:19:43.160 --> 00:19:46.960]  我們有沒有尼達雅去禱告
[00:19:46.960 --> 00:19:49.080]  我早幾天都圍到鄒幸彤
[00:19:49.080 --> 00:19:50.080]  李卓人
[00:19:50.080 --> 00:19:52.320]  賀進人去祈禱
[00:19:52.320 --> 00:19:54.480]  我都求神尼達雅去審判
[00:19:54.480 --> 00:19:56.480]  審判那些法官
[00:19:56.480 --> 00:19:58.480]  這是我的個人感受
[00:19:58.480 --> 00:20:01.080]  我沒有事情可以做到
[00:20:01.080 --> 00:20:03.080]  我向神尼達雅傾訴
[00:20:03.080 --> 00:20:05.400]  我看詩篇九十六篇
[00:20:05.400 --> 00:20:06.960]  講到神是公義的
[00:20:06.960 --> 00:20:08.280]  神是會掌管這個世界
[00:20:08.280 --> 00:20:11.640]  神是會作出最終的判決
[00:20:11.640 --> 00:20:15.960]  我求神彰顯祂自己的公義
[00:20:15.960 --> 00:20:17.960]  這就是我們的出路
[00:20:17.960 --> 00:20:20.200]  我們不只是要社會行動
[00:20:20.200 --> 00:20:21.600]  所以你留意到
[00:20:21.600 --> 00:20:24.480]  你的細蚊仔有時他們很煩躁
[00:20:24.480 --> 00:20:28.280]  我們有沒有去體諒他們的情況
[00:20:28.280 --> 00:20:29.760]  我們去了解
[00:20:29.760 --> 00:20:31.120]  去關心
[00:20:31.120 --> 00:20:33.600]  去引導他們講出這些事出來
[00:20:33.600 --> 00:20:35.480]  甚至有時他會發煩躁
[00:20:35.480 --> 00:20:36.360]  他會說我們
[00:20:36.360 --> 00:20:37.360]  記不記得我剛才說
[00:20:37.360 --> 00:20:39.360]  那些不是捏造出來的
[00:20:39.360 --> 00:20:42.160]  真的有個家庭會友投訴
[00:20:42.160 --> 00:20:44.320]  他十幾歲的細蚊仔就是罵他
[00:20:44.320 --> 00:20:45.840]  我不想走的
[00:20:45.840 --> 00:20:47.360]  你逼我走而已
[00:20:47.360 --> 00:20:50.040]  因為他十幾歲進去自己的伴侶群組
[00:20:50.040 --> 00:20:51.040]  即是不同那些
[00:20:51.040 --> 00:20:52.240]  譬如我師兄過來的時候
[00:20:52.240 --> 00:20:54.400]  在幼稚園高班是沒有問題的
[00:20:54.400 --> 00:20:56.680]  特別過來那一年還是新冠肺炎
[00:20:56.680 --> 00:20:58.080]  學都回不來
[00:20:58.080 --> 00:21:00.400]  所以他是沒有伴侶群組的
[00:21:00.400 --> 00:21:03.280]  所以看不同的年齡
[00:21:03.280 --> 00:21:05.840]  譬如那些五歲過來是完全沒有問題的
[00:21:05.840 --> 00:21:08.320]  但那些十五歲過來就很有問題
[00:21:08.320 --> 00:21:09.760]  即是有些不行就回去
[00:21:09.760 --> 00:21:11.920]  因為英文程度又不行
[00:21:11.920 --> 00:21:14.360]  然後精神真的出問題
[00:21:14.360 --> 00:21:18.640]  甚至後來逼著要讓那十蚊仔回去
[00:21:18.640 --> 00:21:22.360]  沒多久連自己父母都要回去
[00:21:22.360 --> 00:21:24.080]  自己父母都是目者
[00:21:24.080 --> 00:21:26.480]  所以你留意到
[00:21:26.480 --> 00:21:28.040]  一個很大的悲哀
[00:21:28.040 --> 00:21:30.160]  所以請你記住
[00:21:30.160 --> 00:21:34.240]  今天不同的意見不等於他不好
[00:21:34.240 --> 00:21:36.040]  這個很重要
[00:21:36.040 --> 00:21:39.000]  我們要保留
[00:21:39.000 --> 00:21:40.000]  即是怎樣去面對
[00:21:40.000 --> 00:21:42.240]  就是我們要華人的傳統
[00:21:42.240 --> 00:21:44.560]  可以說我得得
[00:21:44.560 --> 00:21:46.240]  你要講你都要跟我們講
[00:21:46.240 --> 00:21:47.800]  但都要有禮貌的
[00:21:47.800 --> 00:21:50.280]  不可以這麼嘈的
[00:21:50.280 --> 00:21:51.400]  可能你不開心
[00:21:51.400 --> 00:21:52.680]  但我想聽
[00:21:52.680 --> 00:21:55.720]  即是我們不要來帶入去打壓
[00:21:55.720 --> 00:21:59.120]  即是我們給他有宣示的渠道
[00:21:59.120 --> 00:22:02.360]  譬如很簡單舉個例
[00:22:02.360 --> 00:22:06.080]  現在香港已經沒有了公民教育這一科
[00:22:06.080 --> 00:22:08.200]  只有國安教育
[00:22:08.200 --> 00:22:12.960]  這時候不可以栽培這些人有獨立思想
[00:22:12.960 --> 00:22:15.880]  你不要忘記當時香港公民教育
[00:22:15.880 --> 00:22:19.680]  就是讓那些學生有自己的想法
[00:22:19.680 --> 00:22:20.720]  但他們覺得
[00:22:20.720 --> 00:22:22.720]  就委過於愛因為有公民教育
[00:22:22.720 --> 00:22:26.080]  所以你們這班年輕人出來搞搞震
[00:22:26.080 --> 00:22:28.760]  所以這是一個很大的問題
[00:22:28.760 --> 00:22:30.560]  所以關係是甚麼呢
[00:22:30.560 --> 00:22:33.440]  我們最重要的是我們是由權威
[00:22:33.440 --> 00:22:35.440]  即是你帶我去甚麼呢
[00:22:35.440 --> 00:22:37.440]  上一代是很權威的
[00:22:37.440 --> 00:22:39.440]  但現在我們要放下
[00:22:39.440 --> 00:22:42.520]  我們要走向溝通這件事
[00:22:42.520 --> 00:22:44.520]  即是溝通不是單向的
[00:22:44.520 --> 00:22:46.520]  是雙向的
[00:22:46.520 --> 00:22:48.520]  即是如果單向的是甚麼
[00:22:48.520 --> 00:22:50.000]  要指示
[00:22:50.000 --> 00:22:51.440]  就不是叫溝通了
[00:22:51.440 --> 00:22:52.960]  我要你怎樣做怎樣做
[00:22:52.960 --> 00:22:55.960]  但如果我們現在這時候
[00:22:55.960 --> 00:22:58.920]  某個程度我們是地位上
[00:22:58.920 --> 00:23:00.560]  是高於我們的疑慮
[00:23:00.560 --> 00:23:03.040]  但希望可以開放一些
[00:23:03.040 --> 00:23:05.040]  接受跟我們來溝通
[00:23:05.040 --> 00:23:09.280]  不可以說因為我是你老爸
[00:23:09.280 --> 00:23:11.280]  所以你就要尊敬我
[00:23:11.280 --> 00:23:12.440]  那為甚麼
[00:23:12.440 --> 00:23:14.440]  我就是你爸爸
[00:23:14.440 --> 00:23:16.440]  沒有我哪有你
[00:23:16.440 --> 00:23:18.920]  接著他就說我不想在這個世界
[00:23:18.920 --> 00:23:20.440]  你都沒有傾訊過我的意見
[00:23:20.440 --> 00:23:21.840]  你就帶了我來
[00:23:21.840 --> 00:23:23.840]  你以為我想的嗎
[00:23:23.840 --> 00:23:25.840]  這些說話
[00:23:25.840 --> 00:23:27.840]  在我的年代
[00:23:27.840 --> 00:23:29.120]  我十多歲的時候
[00:23:29.120 --> 00:23:31.120]  我都懂得說
[00:23:31.120 --> 00:23:32.480]  那時候家裏罵我就說
[00:23:32.480 --> 00:23:34.480]  我生了你
[00:23:34.480 --> 00:23:36.480]  你不懂避孕
[00:23:36.480 --> 00:23:38.480]  你生我
[00:23:38.480 --> 00:23:40.480]  你想想
[00:23:40.480 --> 00:23:42.480]  我十一二歲已經懂得這樣說
[00:23:42.480 --> 00:23:44.480]  那個年代
[00:23:44.480 --> 00:23:46.480]  因為那時候真的不懂得避孕
[00:23:46.480 --> 00:23:48.480]  所以我們應該盡量由
[00:23:48.480 --> 00:23:50.480]  一個很權威的命令式
[00:23:50.480 --> 00:23:52.480]  來帶去
[00:23:52.480 --> 00:23:54.480]  跟他們來帶去分享
[00:23:54.480 --> 00:23:56.480]  慢慢變成有界線的溝通
[00:23:56.480 --> 00:23:58.480]  很簡單舉個例
[00:23:58.480 --> 00:24:00.480]  你好好讀書
[00:24:00.480 --> 00:24:02.480]  我知道你可能
[00:24:02.480 --> 00:24:04.480]  今天
[00:24:04.480 --> 00:24:06.480]  很多事要做或者你想玩
[00:24:06.480 --> 00:24:08.480]  不要緊
[00:24:08.480 --> 00:24:10.480]  但我想你今天之內
[00:24:10.480 --> 00:24:12.480]  要完成這些功課
[00:24:12.480 --> 00:24:14.480]  不是限定
[00:24:14.480 --> 00:24:16.480]  你甚麼時間一定要完成
[00:24:16.480 --> 00:24:18.480]  以前不是
[00:24:18.480 --> 00:24:20.480]  回家一定要做完功課才可以玩
[00:24:20.480 --> 00:24:22.480]  現在可能
[00:24:22.480 --> 00:24:24.480]  上學上學很累
[00:24:24.480 --> 00:24:26.480]  又或者
[00:24:26.480 --> 00:24:28.480]  在英國上學是不會很累的
[00:24:28.480 --> 00:24:30.480]  無論怎樣
[00:24:30.480 --> 00:24:32.480]  玩到累
[00:24:32.480 --> 00:24:36.480]  然後他就
[00:24:36.480 --> 00:24:38.480]  讓我們休息
[00:24:38.480 --> 00:24:40.480]  我可以讓你休息
[00:24:40.480 --> 00:24:42.480]  但你要今天之內
[00:24:42.480 --> 00:24:44.480]  你答應我
[00:24:44.480 --> 00:24:46.480]  你要打機
[00:24:46.480 --> 00:24:48.480]  你告訴我
[00:24:48.480 --> 00:24:50.480]  你用多久時間玩
[00:24:50.480 --> 00:24:52.480]  有個
[00:24:52.480 --> 00:24:54.480]  底線
[00:24:54.480 --> 00:24:56.480]  或者有個協調
[00:24:56.480 --> 00:24:58.480]  你自己說
[00:24:58.480 --> 00:25:00.480]  如果他還有良知
[00:25:00.480 --> 00:25:02.480]  他不會說我想打四小時
[00:25:02.480 --> 00:25:04.480]  他明知這樣說
[00:25:04.480 --> 00:25:06.480]  都一定讓你休息
[00:25:06.480 --> 00:25:08.480]  你就跟他計時
[00:25:08.480 --> 00:25:10.480]  完成這些就要去做這些
[00:25:10.480 --> 00:25:12.480]  如果你自己
[00:25:12.480 --> 00:25:14.480]  保持不到這個承諾
[00:25:14.480 --> 00:25:16.480]  你就不要說保持不到我的承諾
[00:25:16.480 --> 00:25:18.480]  如果你答應了我
[00:25:18.480 --> 00:25:20.480]  玩一個小時
[00:25:20.480 --> 00:25:22.480]  然後就去工作
[00:25:22.480 --> 00:25:24.480]  我讓你玩
[00:25:24.480 --> 00:25:26.480]  但你玩完一個小時還不去工作
[00:25:26.480 --> 00:25:28.480]  即是你沒有承信
[00:25:28.480 --> 00:25:30.480]  你不要再說我
[00:25:30.480 --> 00:25:32.480]  下次就不要說我沒有承信
[00:25:32.480 --> 00:25:34.480]  有時我們就要這樣
[00:25:34.480 --> 00:25:36.480]  跟他去交易
[00:25:36.480 --> 00:25:38.480]  要有一些
[00:25:38.480 --> 00:25:40.480]  協調
[00:25:40.480 --> 00:25:42.480]  這是很重要的
[00:25:42.480 --> 00:25:44.480]  亦都告訴他
[00:25:44.480 --> 00:25:46.480]  今天你可以給意見
[00:25:46.480 --> 00:25:48.480]  但如果你否定他的意見
[00:25:48.480 --> 00:25:50.480]  就告訴他
[00:25:50.480 --> 00:25:52.480]  是什麼原因我否定你的意見
[00:25:52.480 --> 00:25:54.480]  很簡單舉個例
[00:25:54.480 --> 00:25:56.480]  當年我們要坐頭等
[00:25:56.480 --> 00:25:58.480]  是沒有機會的
[00:25:58.480 --> 00:26:00.480]  所以我追求
[00:26:00.480 --> 00:26:02.480]  我當時一個
[00:26:02.480 --> 00:26:04.480]  少年的夢想
[00:26:04.480 --> 00:26:06.480]  我都會在這裏
[00:26:06.480 --> 00:26:08.480]  當年我們名恩堂
[00:26:08.480 --> 00:26:10.480]  在一條街叫仁興街
[00:26:10.480 --> 00:26:12.480]  不知大家知不知在哪裏
[00:26:12.480 --> 00:26:14.480]  我們教會一走過去
[00:26:14.480 --> 00:26:16.480]  不用三分鐘斜對面
[00:26:16.480 --> 00:26:18.480]  就是火車博物館
[00:26:18.480 --> 00:26:20.480]  即是大埔火車博物館
[00:26:20.480 --> 00:26:22.480]  我當時每個星期
[00:26:22.480 --> 00:26:24.480]  自己有一天下午不吃飯
[00:26:24.480 --> 00:26:26.480]  我會禁食祈禱
[00:26:26.480 --> 00:26:28.480]  我會坐在火車博物館裏
[00:26:28.480 --> 00:26:30.480]  不知大家有沒有人去過火車博物館
[00:26:30.480 --> 00:26:32.480]  有很多車
[00:26:32.480 --> 00:26:34.480]  我當然是坐頭等的車
[00:26:34.480 --> 00:26:36.480]  因為我小時候不能坐
[00:26:36.480 --> 00:26:38.480]  我就坐在這裏來祈禱
[00:26:38.480 --> 00:26:40.480]  但不知為何很多事我會軟弱
[00:26:40.480 --> 00:26:42.480]  閉上眼睛也奇奇怪怪睏
[00:26:42.480 --> 00:26:44.480]  所以我會盡量
[00:26:44.480 --> 00:26:46.480]  我現在都是睜大眼睛禱告
[00:26:46.480 --> 00:26:48.480]  我看著天禱告
[00:26:48.480 --> 00:26:50.480]  我會看著外面
[00:26:50.480 --> 00:26:52.480]  但還會開聲
[00:26:52.480 --> 00:26:54.480]  這樣會令思想集中一點
[00:26:54.480 --> 00:26:56.480]  你有沒有留意?
[00:26:56.480 --> 00:26:58.480]  你不開心祈禱
[00:26:58.480 --> 00:27:00.480]  奇奇怪怪不知去了哪裏
[00:27:00.480 --> 00:27:04.480]  我看著外面一路這樣說
[00:27:04.480 --> 00:27:06.480]  所以那些石嬌就很害怕
[00:27:06.480 --> 00:27:08.480]  有石嬌巡的
[00:27:08.480 --> 00:27:10.480]  為何有條傻佬
[00:27:10.480 --> 00:27:12.480]  坐在外面
[00:27:12.480 --> 00:27:14.480]  眼睛定定地看著外面
[00:27:14.480 --> 00:27:16.480]  嘴唇說著說著
[00:27:16.480 --> 00:27:18.480]  聽到有些說話
[00:27:18.480 --> 00:27:20.480]  聽不到他們說甚麼
[00:27:20.480 --> 00:27:22.480]  很害怕的那些石嬌
[00:27:22.480 --> 00:27:24.480]  但我就是怎樣要拿
[00:27:24.480 --> 00:27:26.480]  譬如我剛才說爸爸就一定
[00:27:26.480 --> 00:27:28.480]  因為爸爸是很節儉的人
[00:27:28.480 --> 00:27:30.480]  但如果我爸爸跟我說
[00:27:30.480 --> 00:27:32.480]  你想想現在我們去那裏吃東西
[00:27:32.480 --> 00:27:34.480]  已經很開心
[00:27:34.480 --> 00:27:36.480]  也不便宜
[00:27:36.480 --> 00:27:38.480]  還有我們這麼多人
[00:27:38.480 --> 00:27:40.480]  我們六兄弟姐妹
[00:27:40.480 --> 00:27:42.480]  加上我祖母
[00:27:42.480 --> 00:27:44.480]  我祖母還在生
[00:27:44.480 --> 00:27:46.480]  六七八九個人
[00:27:46.480 --> 00:27:48.480]  如果坐頭等很貴
[00:27:48.480 --> 00:27:50.480]  爸爸不是賺很多錢
[00:27:50.480 --> 00:27:54.480]  所以已經很好
[00:27:54.480 --> 00:27:56.480]  坐巴士就更慘
[00:27:56.480 --> 00:27:58.480]  如果她這樣說
[00:27:58.480 --> 00:28:00.480]  我就會覺得
[00:28:00.480 --> 00:28:02.480]  明白一點
[00:28:02.480 --> 00:28:04.480]  因為那時已十一、二歲
[00:28:04.480 --> 00:28:06.480]  但一句下去
[00:28:06.480 --> 00:28:08.480]  現在已發達
[00:28:08.480 --> 00:28:10.480]  她真的這樣說
[00:28:10.480 --> 00:28:12.480]  發達
[00:28:12.480 --> 00:28:14.480]  我爸爸罵人很厲害
[00:28:14.480 --> 00:28:16.480]  我有些東西學了他
[00:28:16.480 --> 00:28:18.480]  他懂得轉個彎來罵你
[00:28:18.480 --> 00:28:20.480]  譬如
[00:28:20.480 --> 00:28:22.480]  我們開燈
[00:28:22.480 --> 00:28:24.480]  我在客廳就要關房燈
[00:28:24.480 --> 00:28:26.480]  如果在房就要關客廳的燈
[00:28:26.480 --> 00:28:28.480]  如果開著燈
[00:28:28.480 --> 00:28:30.480]  我爸爸怎說
[00:28:30.480 --> 00:28:32.480]  欠你五百萬
[00:28:32.480 --> 00:28:34.480]  你知不知說甚麼
[00:28:34.480 --> 00:28:38.480]  因為講燈是他的
[00:28:38.480 --> 00:28:40.480]  欠他五百萬
[00:28:40.480 --> 00:28:42.480]  他這樣說你
[00:28:42.480 --> 00:28:44.480]  我罵會友
[00:28:44.480 --> 00:28:46.480]  不是直接罵
[00:28:46.480 --> 00:28:48.480]  我懂得怎樣說
[00:28:48.480 --> 00:28:50.480]  我最記得
[00:28:50.480 --> 00:28:54.480]  不明白
[00:28:54.480 --> 00:28:58.480]  我試過跟會友說
[00:28:58.480 --> 00:29:00.480]  可否為了我的生命
[00:29:00.480 --> 00:29:02.480]  你們幫幫我
[00:29:02.480 --> 00:29:04.480]  那些會友
[00:29:04.480 --> 00:29:06.480]  不明白我說甚麼
[00:29:06.480 --> 00:29:08.480]  因為我心臟很脆弱
[00:29:08.480 --> 00:29:10.480]  有時很害怕
[00:29:10.480 --> 00:29:12.480]  當崇拜一開始的時候
[00:29:12.480 --> 00:29:14.480]  我記得只有四五十人在場
[00:29:14.480 --> 00:29:16.480]  為何今天這麼少人出席
[00:29:16.480 --> 00:29:18.480]  但我感受到
[00:29:18.480 --> 00:29:20.480]  祈禱真的很有功效
[00:29:20.480 --> 00:29:22.480]  當我們唱了一首詩之後
[00:29:22.480 --> 00:29:24.480]  我再祈禱
[00:29:24.480 --> 00:29:26.480]  再張開眼睛的時候
[00:29:26.480 --> 00:29:28.480]  多了一倍人
[00:29:28.480 --> 00:29:30.480]  很感恩
[00:29:30.480 --> 00:29:32.480]  神真是憐憫
[00:29:32.480 --> 00:29:34.480]  到我講道的時候
[00:29:34.480 --> 00:29:36.480]  原來全部坐滿了禮堂
[00:29:36.480 --> 00:29:38.480]  但我有心臟病
[00:29:38.480 --> 00:29:40.480]  大家幫幫我
[00:29:40.480 --> 00:29:42.480]  我講了這麼久
[00:29:42.480 --> 00:29:44.480]  他們說甚麼
[00:29:44.480 --> 00:29:46.480]  遲到
[00:29:46.480 --> 00:29:48.480]  這些是我秉承了我父親的基因
[00:29:48.480 --> 00:29:50.480]  懂得怎樣來
[00:29:50.480 --> 00:29:52.480]  我繞一圈去說人
[00:29:52.480 --> 00:29:54.480]  我們有位執事
[00:29:54.480 --> 00:29:56.480]  說我恩賜
[00:29:56.480 --> 00:29:58.480]  我們那時訓練
[00:29:58.480 --> 00:30:00.480]  牧師你有罵人的恩賜
[00:30:00.480 --> 00:30:02.480]  我看了一整篇
[00:30:02.480 --> 00:30:04.480]  好像沒有這個恩賜
[00:30:04.480 --> 00:30:06.480]  他說
[00:30:06.480 --> 00:30:08.480]  未必一定寫所有
[00:30:08.480 --> 00:30:12.480]  我到現在只是一個人
[00:30:12.480 --> 00:30:14.480]  我有罵人的恩賜
[00:30:14.480 --> 00:30:16.480]  這是我自己家中的教導
[00:30:16.480 --> 00:30:18.480]  所以你們留意到的時候
[00:30:18.480 --> 00:30:20.480]  很多時候
[00:30:20.480 --> 00:30:22.480]  我們都會有一個問題
[00:30:22.480 --> 00:30:24.480]  我們講教育
[00:30:24.480 --> 00:30:26.480]  英國的教育和香港的教育
[00:30:26.480 --> 00:30:28.480]  是完全不同的
[00:30:28.480 --> 00:30:30.480]  特別你們做父母很緊張兒女
[00:30:30.480 --> 00:30:32.480]  你來到英國的時候
[00:30:32.480 --> 00:30:34.480]  你都不知道你兒子學了甚麼
[00:30:34.480 --> 00:30:36.480]  沒有課本
[00:30:36.480 --> 00:30:38.480]  很過分
[00:30:38.480 --> 00:30:40.480]  測驗院
[00:30:40.480 --> 00:30:42.480]  那些文件
[00:30:42.480 --> 00:30:44.480]  又不交給你
[00:30:44.480 --> 00:30:46.480]  他死在哪裡你又不知道
[00:30:46.480 --> 00:30:48.480]  甚麼都不知道
[00:30:48.480 --> 00:30:50.480]  你只是憑信心
[00:30:50.480 --> 00:30:52.480]  只是送孩子回去
[00:30:52.480 --> 00:30:54.480]  但香港不同
[00:30:54.480 --> 00:30:56.480]  有搜查有多少項功課
[00:30:56.480 --> 00:30:58.480]  全部有的
[00:30:58.480 --> 00:31:00.480]  不斷要去做
[00:31:00.480 --> 00:31:02.480]  但原來在英國讀小學
[00:31:02.480 --> 00:31:04.480]  是沒有功課去做的
[00:31:04.480 --> 00:31:06.480]  所以我們香港的父母
[00:31:06.480 --> 00:31:08.480]  很流行
[00:31:08.480 --> 00:31:10.480]  要送他們去補習
[00:31:10.480 --> 00:31:12.480]  仍然怕他們不行
[00:31:12.480 --> 00:31:14.480]  特別要考grammar school
[00:31:14.480 --> 00:31:16.480]  哪種人是最多去補習
[00:31:16.480 --> 00:31:18.480]  在補習社裏面
[00:31:18.480 --> 00:31:20.480]  我見過
[00:31:20.480 --> 00:31:22.480]  香港人和印度人
[00:31:22.480 --> 00:31:24.480]  這兩種人是最多
[00:31:24.480 --> 00:31:26.480]  印度人是迫小朋友讀書讀得很厲害
[00:31:26.480 --> 00:31:28.480]  我們就很難
[00:31:28.480 --> 00:31:30.480]  接受這些
[00:31:30.480 --> 00:31:32.480]  英式教育
[00:31:32.480 --> 00:31:34.480]  你想想,那些小朋友
[00:31:34.480 --> 00:31:36.480]  在香港是做多少功課一天
[00:31:36.480 --> 00:31:38.480]  甚至有些功課
[00:31:38.480 --> 00:31:40.480]  要你和他一起做
[00:31:40.480 --> 00:31:42.480]  所以我聽過
[00:31:42.480 --> 00:31:44.480]  一個父母
[00:31:44.480 --> 00:31:46.480]  對著一個大約八歲
[00:31:46.480 --> 00:31:48.480]  還是九歲
[00:31:48.480 --> 00:31:50.480]  因為是九歲的小朋友
[00:31:50.480 --> 00:31:52.480]  過了一年
[00:31:52.480 --> 00:31:54.480]  我真的聽著
[00:31:54.480 --> 00:31:56.480]  你再頑皮
[00:31:56.480 --> 00:31:58.480]  算了,我送你回香港
[00:31:58.480 --> 00:32:00.480]  讓你在香港讀書
[00:32:00.480 --> 00:32:02.480]  原來是一種懲罰
[00:32:02.480 --> 00:32:04.480]  幼稚園那些
[00:32:04.480 --> 00:32:06.480]  他不覺得,因為他沒有經歷過
[00:32:06.480 --> 00:32:08.480]  但是他八九歲的時候
[00:32:08.480 --> 00:32:10.480]  在香港讀了兩年書
[00:32:10.480 --> 00:32:12.480]  他都知道香港的功課
[00:32:12.480 --> 00:32:14.480]  是多麼的重
[00:32:14.480 --> 00:32:16.480]  但是在英國
[00:32:16.480 --> 00:32:18.480]  是很輕鬆的,所以你再頑皮
[00:32:18.480 --> 00:32:20.480]  我送你回香港
[00:32:20.480 --> 00:32:22.480]  原來這是一個刑罰
[00:32:22.480 --> 00:32:24.480]  小朋友很害怕,十五六歲的不行
[00:32:24.480 --> 00:32:26.480]  所以記住
[00:32:26.480 --> 00:32:28.480]  是要跟才師教的
[00:32:28.480 --> 00:32:30.480]  十六歲說,麻煩你快點送我回去
[00:32:30.480 --> 00:32:32.480]  所以你要搞清楚
[00:32:32.480 --> 00:32:34.480]  那麼
[00:32:34.480 --> 00:32:36.480]  剛剛昨天,蔡若蓮終於說了
[00:32:36.480 --> 00:32:38.480]  我不知道你有沒有留意
[00:32:38.480 --> 00:32:40.480]  上個星期
[00:32:40.480 --> 00:32:42.480]  我講的
[00:32:42.480 --> 00:32:44.480]  永善論壇,我是講教育
[00:32:44.480 --> 00:32:46.480]  我說到
[00:32:46.480 --> 00:32:48.480]  香港的教育和英國的教育
[00:32:48.480 --> 00:32:50.480]  很不同,我接著會罵一件事
[00:32:50.480 --> 00:32:52.480]  你知不知道現在
[00:32:52.480 --> 00:32:54.480]  一個中學生
[00:32:54.480 --> 00:32:56.480]  原來要買
[00:32:56.480 --> 00:32:58.480]  新學期的課本
[00:32:58.480 --> 00:33:00.480]  七千多至八千元
[00:33:00.480 --> 00:33:02.480]  七千多至八千元
[00:33:02.480 --> 00:33:04.480]  還是很衰格
[00:33:04.480 --> 00:33:06.480]  不要介意我這樣講
[00:33:06.480 --> 00:33:08.480]  他不單是買課本,現在有網上那些
[00:33:08.480 --> 00:33:10.480]  一定要買新的
[00:33:10.480 --> 00:33:12.480]  因為才有那個
[00:33:12.480 --> 00:33:14.480]  QR Code 或者什麼
[00:33:14.480 --> 00:33:16.480]  所以你買舊書
[00:33:16.480 --> 00:33:18.480]  是不行的,是可以獨立去買
[00:33:18.480 --> 00:33:20.480]  但是獨立去買
[00:33:20.480 --> 00:33:22.480]  就貴很多,還有
[00:33:22.480 --> 00:33:24.480]  買少少版,你就要買新書
[00:33:24.480 --> 00:33:26.480]  七千多至八千元
[00:33:26.480 --> 00:33:28.480]  有一個家庭
[00:33:28.480 --> 00:33:30.480]  我有兩個兒女,不多
[00:33:30.480 --> 00:33:32.480]  但是原來
[00:33:32.480 --> 00:33:34.480]  我的工資很低,一萬八千元左右
[00:33:34.480 --> 00:33:36.480]  但是那兩個人的課本
[00:33:36.480 --> 00:33:38.480]  我整個月的薪金
[00:33:38.480 --> 00:33:40.480]  差不多沒有了
[00:33:40.480 --> 00:33:42.480]  這個是我上個星期
[00:33:42.480 --> 00:33:44.480]  聽回上個星期一的
[00:33:44.480 --> 00:33:46.480]  永善論壇講
[00:33:46.480 --> 00:33:48.480]  昨天蔡若蓮終於都講了
[00:33:48.480 --> 00:33:50.480]  書本是較為貴一點
[00:33:50.480 --> 00:33:52.480]  她就勸出版商
[00:33:52.480 --> 00:33:54.480]  可不可以盡量減低
[00:33:54.480 --> 00:33:56.480]  扯貓尾
[00:33:56.480 --> 00:33:58.480]  你知不知道立法會裏面有一個議員
[00:33:58.480 --> 00:34:00.480]  就是這些出版商的
[00:34:00.480 --> 00:34:02.480]  總裁
[00:34:02.480 --> 00:34:04.480]  他是立法會的議員
[00:34:04.480 --> 00:34:06.480]  就是來來去去
[00:34:06.480 --> 00:34:08.480]  勾結了
[00:34:08.480 --> 00:34:10.480]  你必定一定要去做這些
[00:34:10.480 --> 00:34:12.480]  但是原來我才問
[00:34:12.480 --> 00:34:14.480]  因為我兩個孫子
[00:34:14.480 --> 00:34:16.480]  今年要讀中學
[00:34:16.480 --> 00:34:18.480]  但是原來中學都沒有課本
[00:34:18.480 --> 00:34:20.480]  是很奇怪
[00:34:20.480 --> 00:34:22.480]  中學都沒有課本
[00:34:22.480 --> 00:34:24.480]  但是會怎樣呢
[00:34:24.480 --> 00:34:26.480]  父母都可能會
[00:34:26.480 --> 00:34:28.480]  擺一些課外作業
[00:34:28.480 --> 00:34:30.480]  給他們去做
[00:34:30.480 --> 00:34:32.480]  所以他們那個
[00:34:32.480 --> 00:34:34.480]  對我們來說
[00:34:34.480 --> 00:34:36.480]  我們就很難適應
[00:34:36.480 --> 00:34:38.480]  因為我們沒有那個安全感
[00:34:38.480 --> 00:34:42.480]  你都不知道他學些什麼
[00:34:42.480 --> 00:34:44.480]  你又不知道他懂些什麼
[00:34:44.480 --> 00:34:46.480]  又不知道他的功課進度如何
[00:34:46.480 --> 00:34:48.480]  所以你是會
[00:34:48.480 --> 00:34:50.480]  有些擔心的
[00:34:50.480 --> 00:34:52.480]  但是其實
[00:34:52.480 --> 00:34:54.480]  學期他都會寫一個報告給你的
[00:34:54.480 --> 00:34:56.480]  其實是很詳細的
[00:34:56.480 --> 00:34:58.480]  他每一科的表現是怎樣
[00:34:58.480 --> 00:35:00.480]  情況是怎樣
[00:35:00.480 --> 00:35:02.480]  這個是很重要
[00:35:02.480 --> 00:35:04.480]  而更加重要的一件事
[00:35:04.480 --> 00:35:06.480]  就是英式的教育
[00:35:06.480 --> 00:35:10.480]  是不會只看成績
[00:35:10.480 --> 00:35:12.480]  他是會發揮
[00:35:12.480 --> 00:35:14.480]  你自己的所長
[00:35:14.480 --> 00:35:16.480]  OK
[00:35:16.480 --> 00:35:18.480]  這裏已經低了
[00:35:18.480 --> 00:35:20.480]  中四學生的書簿費
[00:35:20.480 --> 00:35:22.480]  是五千元
[00:35:22.480 --> 00:35:24.480]  但是原來是七千多元
[00:35:24.480 --> 00:35:26.480]  就是最新的資料
[00:35:26.480 --> 00:35:28.480]  但是現在政府
[00:35:28.480 --> 00:35:30.480]  沒有錢
[00:35:30.480 --> 00:35:32.480]  有人就問
[00:35:32.480 --> 00:35:34.480]  當時每一個人都有兩千元書簿津貼
[00:35:34.480 --> 00:35:36.480]  現在都放在
[00:35:36.480 --> 00:35:38.480]  北區那裏
[00:35:38.480 --> 00:35:40.480]  那還有錢給你
[00:35:40.480 --> 00:35:42.480]  所以在香港
[00:35:42.480 --> 00:35:44.480]  原來那個書簿費
[00:35:44.480 --> 00:35:46.480]  都是非常非常
[00:35:46.480 --> 00:35:48.480]  重的情況
[00:35:48.480 --> 00:35:50.480]  好了
[00:35:50.480 --> 00:35:52.480]  我們更加要留意英式教育是怎樣
[00:35:52.480 --> 00:35:54.480]  父母重視的
[00:35:54.480 --> 00:35:56.480]  就是他們的功課
[00:35:56.480 --> 00:35:58.480]  他們的成績
[00:35:58.480 --> 00:36:00.480]  這個要很小心
[00:36:00.480 --> 00:36:02.480]  我就是在這種壓力底下
[00:36:02.480 --> 00:36:04.480]  某個程度不是犧牲品
[00:36:04.480 --> 00:36:06.480]  都是一個祝福
[00:36:06.480 --> 00:36:08.480]  因為我是大兒子
[00:36:08.480 --> 00:36:10.480]  我很傳統的家庭
[00:36:10.480 --> 00:36:12.480]  我有出生的
[00:36:12.480 --> 00:36:14.480]  我小學讀哪間呢
[00:36:14.480 --> 00:36:16.480]  聖公會聖基因小學
[00:36:16.480 --> 00:36:18.480]  但是那時是比聖保羅強
[00:36:18.480 --> 00:36:20.480]  就是男女
[00:36:20.480 --> 00:36:22.480]  知不知道在中環
[00:36:22.480 --> 00:36:24.480]  有一個叫藝術會
[00:36:24.480 --> 00:36:26.480]  以前不是的
[00:36:26.480 --> 00:36:28.480]  以前是牛奶公司
[00:36:28.480 --> 00:36:30.480]  那裏是等一些冰的
[00:36:30.480 --> 00:36:32.480]  那裏叫雪廠街
[00:36:32.480 --> 00:36:34.480]  在對面那裏
[00:36:34.480 --> 00:36:36.480]  現在有個古蹟叫聖保羅堂
[00:36:36.480 --> 00:36:38.480]  不知道大家知不知道
[00:36:38.480 --> 00:36:40.480]  我們那間學校
[00:36:40.480 --> 00:36:42.480]  在聖保羅堂隔壁
[00:36:42.480 --> 00:36:44.480]  叫聖公會聖基因小學
[00:36:44.480 --> 00:36:46.480]  我姐姐還是男兄女
[00:36:46.480 --> 00:36:48.480]  就讀東華三院
[00:36:48.480 --> 00:36:50.480]  在文武廟隔壁那間
[00:36:50.480 --> 00:36:52.480]  免費的
[00:36:52.480 --> 00:36:54.480]  我那時要給學費很貴
[00:36:54.480 --> 00:36:56.480]  都四十多元
[00:36:56.480 --> 00:36:58.480]  一個人工可能二三百元
[00:36:58.480 --> 00:37:00.480]  家裏很緊張
[00:37:00.480 --> 00:37:02.480]  每天放學
[00:37:02.480 --> 00:37:04.480]  媽媽一定是接我放學
[00:37:04.480 --> 00:37:06.480]  奈不奈爸爸接我放學
[00:37:06.480 --> 00:37:08.480]  今天默書默成怎樣
[00:37:08.480 --> 00:37:10.480]  如果派試卷
[00:37:10.480 --> 00:37:12.480]  給他
[00:37:12.480 --> 00:37:14.480]  如果我家裏
[00:37:14.480 --> 00:37:16.480]  怎樣獎勵
[00:37:16.480 --> 00:37:18.480]  九十五到一百分
[00:37:18.480 --> 00:37:20.480]  即是默書或是測驗品
[00:37:20.480 --> 00:37:22.480]  有一毫子
[00:37:22.480 --> 00:37:24.480]  九十到九十四
[00:37:24.480 --> 00:37:26.480]  就斗零
[00:37:26.480 --> 00:37:28.480]  九十分以外
[00:37:28.480 --> 00:37:30.480]  是罵的
[00:37:30.480 --> 00:37:32.480]  甚至要打的
[00:37:32.480 --> 00:37:34.480]  我全部在父母那種
[00:37:34.480 --> 00:37:36.480]  逼迫下
[00:37:36.480 --> 00:37:38.480]  我是五名之內
[00:37:38.480 --> 00:37:40.480]  小學時
[00:37:40.480 --> 00:37:42.480]  只是在五年班上學期
[00:37:42.480 --> 00:37:44.480]  考第七
[00:37:44.480 --> 00:37:46.480]  我最深印象是考第七
[00:37:46.480 --> 00:37:48.480]  我放學後不敢出門
[00:37:48.480 --> 00:37:50.480]  我知道回家會死硬
[00:37:50.480 --> 00:37:52.480]  你明不明
[00:37:52.480 --> 00:37:54.480]  原來他們很重視
[00:37:54.480 --> 00:37:56.480]  那些成績
[00:37:56.480 --> 00:37:58.480]  那些分數
[00:37:58.480 --> 00:38:00.480]  但當然他們背後是重視我
[00:38:00.480 --> 00:38:02.480]  想我讀得好
[00:38:02.480 --> 00:38:04.480]  但他們的表達方式
[00:38:04.480 --> 00:38:06.480]  我至少當時覺得
[00:38:06.480 --> 00:38:08.480]  他們看重我的功課和成績
[00:38:08.480 --> 00:38:10.480]  多過看重我自己
[00:38:10.480 --> 00:38:12.480]  所以我當時
[00:38:12.480 --> 00:38:14.480]  教父母學忍耐
[00:38:14.480 --> 00:38:16.480]  忍三十秒便可以
[00:38:16.480 --> 00:38:18.480]  當他測驗
[00:38:18.480 --> 00:38:20.480]  放學接他的時候
[00:38:20.480 --> 00:38:22.480]  或者你見到他回來時
[00:38:22.480 --> 00:38:24.480]  問他
[00:38:24.480 --> 00:38:26.480]  今天測得怎樣
[00:38:26.480 --> 00:38:28.480]  你問他今天辛苦嗎
[00:38:28.480 --> 00:38:30.480]  這是第一條問題
[00:38:30.480 --> 00:38:32.480]  接著
[00:38:32.480 --> 00:38:34.480]  今天試題深不深
[00:38:34.480 --> 00:38:36.480]  容不易啊
[00:38:36.480 --> 00:38:38.480]  你就知道
[00:38:38.480 --> 00:38:40.480]  他這次測驗有什麼
[00:38:40.480 --> 00:38:42.480]  把握
[00:38:42.480 --> 00:38:44.480]  很離譜的問題
[00:38:44.480 --> 00:38:46.480]  不知道想問什麼
[00:38:46.480 --> 00:38:48.480]  你知道他這次死硬
[00:38:48.480 --> 00:38:50.480]  有時我們問問題要有技巧
[00:38:50.480 --> 00:38:52.480]  但最重要是
[00:38:52.480 --> 00:38:54.480]  你辛不辛苦 今天怎樣
[00:38:54.480 --> 00:38:56.480]  先問人
[00:38:56.480 --> 00:38:58.480]  然後問他
[00:38:58.480 --> 00:39:00.480]  當年成績如何
[00:39:00.480 --> 00:39:02.480]  檢討你父母有沒有這樣問你
[00:39:02.480 --> 00:39:04.480]  沒有 因為他不理你
[00:39:04.480 --> 00:39:06.480]  但如果他理你的時候
[00:39:06.480 --> 00:39:08.480]  便會這樣
[00:39:08.480 --> 00:39:10.480]  想想你自己現在怎樣
[00:39:10.480 --> 00:39:12.480]  和你的子女溝通
[00:39:12.480 --> 00:39:14.480]  在這裏我們便會看
[00:39:14.480 --> 00:39:16.480]  還有我們很著緊
[00:39:16.480 --> 00:39:18.480]  能否進入名校
[00:39:18.480 --> 00:39:20.480]  不得不承認
[00:39:20.480 --> 00:39:22.480]  我們要做這件事
[00:39:22.480 --> 00:39:24.480]  所以
[00:39:24.480 --> 00:39:26.480]  名校區的房子
[00:39:26.480 --> 00:39:28.480]  價值是怎樣
[00:39:28.480 --> 00:39:30.480]  高很多
[00:39:30.480 --> 00:39:32.480]  我當時住
[00:39:32.480 --> 00:39:34.480]  在瑞典
[00:39:34.480 --> 00:39:36.480]  新建築
[00:39:36.480 --> 00:39:38.480]  相對地不是很貴
[00:39:38.480 --> 00:39:40.480]  為什麼 其實樣樣都好
[00:39:40.480 --> 00:39:42.480]  唯一是沒有校網
[00:39:42.480 --> 00:39:44.480]  所以適合我這種人去住
[00:39:44.480 --> 00:39:46.480]  我又不用為
[00:39:46.480 --> 00:39:48.480]  兒子找學校
[00:39:48.480 --> 00:39:50.480]  樓價自然會怎樣 低一些
[00:39:50.480 --> 00:39:52.480]  現在我
[00:39:52.480 --> 00:39:54.480]  兩個孫子
[00:39:54.480 --> 00:39:56.480]  住那區 早幾年前搬去
[00:39:56.480 --> 00:39:58.480]  目的就是要進去一間
[00:39:58.480 --> 00:40:00.480]  基督教女子中學
[00:40:00.480 --> 00:40:02.480]  因為你住那區
[00:40:02.480 --> 00:40:04.480]  自然能進去
[00:40:04.480 --> 00:40:06.480]  我才知道原來我兒子住的屋苑
[00:40:06.480 --> 00:40:08.480]  原來有個花名叫
[00:40:08.480 --> 00:40:10.480]  外虎村
[00:40:10.480 --> 00:40:12.480]  因為很多鄉間人搬去那裏
[00:40:12.480 --> 00:40:14.480]  目的都是入了
[00:40:14.480 --> 00:40:16.480]  基督教女子中學
[00:40:16.480 --> 00:40:18.480]  所以個個都一定有女兒
[00:40:18.480 --> 00:40:20.480]  所以叫外虎村
[00:40:20.480 --> 00:40:22.480]  所以就想想
[00:40:22.480 --> 00:40:24.480]  樓價自然會貴
[00:40:24.480 --> 00:40:26.480]  很想入名校
[00:40:26.480 --> 00:40:28.480]  甚至我們很喜歡
[00:40:28.480 --> 00:40:30.480]  期望小朋友入大學
[00:40:30.480 --> 00:40:32.480]  這是我們
[00:40:32.480 --> 00:40:34.480]  傳統的觀念
[00:40:34.480 --> 00:40:36.480]  都為我祈禱
[00:40:36.480 --> 00:40:38.480]  我下年四月會去委內瑞拉
[00:40:38.480 --> 00:40:40.480]  家裏說得很緊要
[00:40:40.480 --> 00:40:42.480]  我要去那裏領會
[00:40:42.480 --> 00:40:44.480]  要去兩個星期
[00:40:44.480 --> 00:40:46.480]  現在還有一個挑戰
[00:40:46.480 --> 00:40:48.480]  就是我自己出機票
[00:40:48.480 --> 00:40:50.480]  有錢的中國人已經走了
[00:40:50.480 --> 00:40:52.480]  這次我去的時候
[00:40:52.480 --> 00:40:54.480]  只有很少中國人在
[00:40:54.480 --> 00:40:56.480]  但大部分是委內瑞拉人
[00:40:56.480 --> 00:40:58.480]  所以我講到是講廣東話
[00:40:58.480 --> 00:41:00.480]  他們是翻西班牙語
[00:41:00.480 --> 00:41:02.480]  即是香港人
[00:41:02.480 --> 00:41:04.480]  但大部分的
[00:41:04.480 --> 00:41:06.480]  中國人和香港人
[00:41:06.480 --> 00:41:08.480]  中國人多 香港人少
[00:41:08.480 --> 00:41:10.480]  所有的子女一定要讀大學
[00:41:10.480 --> 00:41:12.480]  無論我去委內瑞拉
[00:41:12.480 --> 00:41:14.480]  還是去紐西蘭
[00:41:14.480 --> 00:41:16.480]  都是這樣
[00:41:16.480 --> 00:41:18.480]  但我最深印象
[00:41:18.480 --> 00:41:20.480]  就是那次
[00:41:20.480 --> 00:41:22.480]  我住一個人的家
[00:41:22.480 --> 00:41:24.480]  兒子跟我說
[00:41:24.480 --> 00:41:26.480]  我住了一個房間
[00:41:26.480 --> 00:41:28.480]  他說牧師
[00:41:28.480 --> 00:41:30.480]  這就是我唯一的作品
[00:41:30.480 --> 00:41:32.480]  是讀Archie
[00:41:32.480 --> 00:41:34.480]  他有一個模型椅在那裏
[00:41:34.480 --> 00:41:36.480]  他說這就是我唯一的作品
[00:41:36.480 --> 00:41:38.480]  因為我讀完之後
[00:41:38.480 --> 00:41:40.480]  其實我讀哪一科都不要緊
[00:41:40.480 --> 00:41:42.480]  一定要做什麼?
[00:41:42.480 --> 00:41:44.480]  接爸爸的生意
[00:41:44.480 --> 00:41:46.480]  爸爸開那些叫什麼呢?
[00:41:46.480 --> 00:41:48.480]  他們就叫Supermarket
[00:41:48.480 --> 00:41:50.480]  不是叫Supermarket 叫雜貨店
[00:41:50.480 --> 00:41:52.480]  即是因為
[00:41:52.480 --> 00:41:54.480]  中國人一定要怎樣呢?
[00:41:54.480 --> 00:41:56.480]  一定要坐在收銀機收銀
[00:41:56.480 --> 00:41:58.480]  其他的可以找其他人做事
[00:41:58.480 --> 00:42:00.480]  即是上貨 上架
[00:42:00.480 --> 00:42:02.480]  保持收銀機
[00:42:02.480 --> 00:42:04.480]  無論你讀成什麼都好
[00:42:04.480 --> 00:42:06.480]  你最終都要怎樣呢?
[00:42:06.480 --> 00:42:08.480]  要承繼我的父業
[00:42:08.480 --> 00:42:10.480]  這就是我們中國人的觀念
[00:42:10.480 --> 00:42:12.480]  所以我
[00:42:12.480 --> 00:42:14.480]  我家裏全部都是
[00:42:14.480 --> 00:42:16.480]  會計的
[00:42:16.480 --> 00:42:18.480]  我大弟弟是會計師
[00:42:18.480 --> 00:42:20.480]  我五年級開始已經幫我爸爸
[00:42:20.480 --> 00:42:22.480]  計數
[00:42:22.480 --> 00:42:24.480]  打算盤
[00:42:24.480 --> 00:42:26.480]  那時沒有calculator
[00:42:26.480 --> 00:42:28.480]  即是我會幫他
[00:42:28.480 --> 00:42:30.480]  去做事
[00:42:30.480 --> 00:42:32.480]  所以後來我要奉獻做傳導人的時候
[00:42:32.480 --> 00:42:34.480]  我爸爸是極度極度失望
[00:42:34.480 --> 00:42:36.480]  覺得我沒用
[00:42:36.480 --> 00:42:38.480]  因為繼承不了他的東西
[00:42:38.480 --> 00:42:40.480]  當然我們生命是一段很長的路線
[00:42:40.480 --> 00:42:42.480]  幾十年之後
[00:42:42.480 --> 00:42:44.480]  爸爸才知道原來
[00:42:44.480 --> 00:42:46.480]  最值得他信任的是我
[00:42:46.480 --> 00:42:48.480]  雖然我不是會計
[00:42:48.480 --> 00:42:50.480]  但是忠誠
[00:42:50.480 --> 00:42:52.480]  所以很多東西後來交給我去處理
[00:42:52.480 --> 00:42:56.480]  我都是受這個影響的
[00:42:56.480 --> 00:42:58.480]  我就是被家裏人逼
[00:42:58.480 --> 00:43:00.480]  但如果你熟悉我的性格
[00:43:00.480 --> 00:43:02.480]  第一我是糊里糊塗的
[00:43:02.480 --> 00:43:04.480]  即是隨便
[00:43:04.480 --> 00:43:06.480]  差一點點不要計
[00:43:06.480 --> 00:43:08.480]  當年永康堂還未上軌道
[00:43:08.480 --> 00:43:10.480]  是怎樣呢?
[00:43:10.480 --> 00:43:12.480]  一點鐘數到三點鐘還未數完
[00:43:12.480 --> 00:43:14.480]  我說不是吧?
[00:43:14.480 --> 00:43:16.480]  有很多point
[00:43:16.480 --> 00:43:18.480]  真的
[00:43:18.480 --> 00:43:20.480]  我又怎樣去
[00:43:20.480 --> 00:43:22.480]  告訴會友呢?
[00:43:22.480 --> 00:43:24.480]  我說我真的不太明白
[00:43:24.480 --> 00:43:26.480]  我們教會
[00:43:26.480 --> 00:43:28.480]  又不是那麼多寡婦
[00:43:28.480 --> 00:43:32.480]  怎麼會收到那麼多小錢呢?
[00:43:32.480 --> 00:43:34.480]  我知道了
[00:43:34.480 --> 00:43:36.480]  這些很寶貴的東西
[00:43:36.480 --> 00:43:38.480]  所以你們拿出來
[00:43:38.480 --> 00:43:40.480]  已經很難找到
[00:43:40.480 --> 00:43:42.480]  竟然在我們的奉獻袋裏面
[00:43:42.480 --> 00:43:44.480]  有不少這些
[00:43:44.480 --> 00:43:46.480]  即是在說你們怎樣呢?
[00:43:46.480 --> 00:43:48.480]  這麼小錢奉獻
[00:43:48.480 --> 00:43:50.480]  這些就要懂得說
[00:43:50.480 --> 00:43:52.480]  所以不會直接說你們不去奉獻
[00:43:52.480 --> 00:43:54.480]  這麼多寡婦
[00:43:54.480 --> 00:43:56.480]  這麼多小錢
[00:43:56.480 --> 00:43:58.480]  有時候他們很認真的
[00:43:58.480 --> 00:44:00.480]  要數英國也是
[00:44:00.480 --> 00:44:02.480]  紙幣多少
[00:44:02.480 --> 00:44:04.480]  十磅、五磅
[00:44:04.480 --> 00:44:06.480]  有時候數來數去
[00:44:06.480 --> 00:44:08.480]  差不多十元
[00:44:08.480 --> 00:44:10.480]  你知道那時候是怎樣的嗎?
[00:44:10.480 --> 00:44:12.480]  還未上軌道
[00:44:12.480 --> 00:44:14.480]  我說算了,不要數了,我給
[00:44:14.480 --> 00:44:16.480]  我扔十元進去
[00:44:16.480 --> 00:44:18.480]  我明天入銀行,如果多了
[00:44:18.480 --> 00:44:20.480]  給我,如果合數
[00:44:20.480 --> 00:44:22.480]  那十元就當是我奉獻
[00:44:22.480 --> 00:44:24.480]  但原來當教會還未上軌道是可以的
[00:44:24.480 --> 00:44:26.480]  但上了軌道後來那個很嚴謹
[00:44:26.480 --> 00:44:28.480]  不行
[00:44:28.480 --> 00:44:30.480]  師傅一定要數
[00:44:30.480 --> 00:44:32.480]  真的由一點鐘數到三點半
[00:44:32.480 --> 00:44:34.480]  是很要命的
[00:44:34.480 --> 00:44:36.480]  有時候也很感恩
[00:44:36.480 --> 00:44:38.480]  如果第一個星期
[00:44:38.480 --> 00:44:40.480]  我們一個星期的奉獻
[00:44:40.480 --> 00:44:42.480]  已經過了一秒
[00:44:42.480 --> 00:44:44.480]  所以後來鼓勵他們
[00:44:44.480 --> 00:44:46.480]  盡量用支票去奉獻
[00:44:46.480 --> 00:44:48.480]  那就不用數那麼久
[00:44:48.480 --> 00:44:50.480]  當然這已經是過去的事
[00:44:50.480 --> 00:44:52.480]  但我想說
[00:44:52.480 --> 00:44:54.480]  我們很著緊去大學
[00:44:54.480 --> 00:44:56.480]  甚至要求他
[00:44:56.480 --> 00:44:58.480]  你讀那科
[00:44:58.480 --> 00:45:00.480]  最好賺到錢
[00:45:00.480 --> 00:45:02.480]  所以你留意到現在香港的狀元
[00:45:02.480 --> 00:45:04.480]  讀什麼?
[00:45:04.480 --> 00:45:06.480]  只有一個不是,全部都是要讀醫
[00:45:06.480 --> 00:45:08.480]  個個都是濟世為懷
[00:45:08.480 --> 00:45:10.480]  你想想
[00:45:10.480 --> 00:45:12.480]  如果做醫生的收入
[00:45:12.480 --> 00:45:14.480]  和做廚房的差不多
[00:45:14.480 --> 00:45:16.480]  你猜他讀不讀醫
[00:45:16.480 --> 00:45:18.480]  濟世為懷
[00:45:18.480 --> 00:45:20.480]  但很多時候
[00:45:20.480 --> 00:45:22.480]  父母就以自己子女
[00:45:22.480 --> 00:45:24.480]  入大學為榮
[00:45:24.480 --> 00:45:26.480]  但在英國不是
[00:45:26.480 --> 00:45:28.480]  英國不是一定要讀大學
[00:45:28.480 --> 00:45:30.480]  我兩個孫女
[00:45:30.480 --> 00:45:32.480]  五年級已經說
[00:45:32.480 --> 00:45:34.480]  我不一定要讀大學
[00:45:34.480 --> 00:45:36.480]  為什麼一定要讀大學呢?
[00:45:36.480 --> 00:45:38.480]  如果在香港
[00:45:38.480 --> 00:45:40.480]  大逆不道
[00:45:40.480 --> 00:45:42.480]  不過我都感恩
[00:45:42.480 --> 00:45:44.480]  我兒子接受到這件事
[00:45:44.480 --> 00:45:46.480]  OK的,你喜歡什麼就什麼
[00:45:46.480 --> 00:45:48.480]  所以你留意到英式的教育
[00:45:48.480 --> 00:45:50.480]  是很不同的
[00:45:50.480 --> 00:45:52.480]  英式的教育
[00:45:52.480 --> 00:45:54.480]  他們的方法是什麼呢?
[00:45:54.480 --> 00:45:56.480]  是很重視你個人的發展
[00:45:56.480 --> 00:45:58.480]  你喜歡什麼
[00:45:58.480 --> 00:46:00.480]  你就做出來
[00:46:00.480 --> 00:46:02.480]  你喜歡的
[00:46:02.480 --> 00:46:04.480]  最重要的是你喜歡的東西
[00:46:04.480 --> 00:46:06.480]  如果合法就OK
[00:46:06.480 --> 00:46:08.480]  以我自己為例
[00:46:08.480 --> 00:46:10.480]  我女兒在英國讀大學
[00:46:10.480 --> 00:46:14.480]  後來她有offer
[00:46:14.480 --> 00:46:16.480]  Sherry U
[00:46:16.480 --> 00:46:18.480]  不是一間差的大學
[00:46:18.480 --> 00:46:20.480]  給offer她讀什麼呢?
[00:46:20.480 --> 00:46:22.480]  Financial Maths
[00:46:22.480 --> 00:46:24.480]  那時候
[00:46:24.480 --> 00:46:26.480]  那個年代
[00:46:26.480 --> 00:46:28.480]  沒有智能電話
[00:46:28.480 --> 00:46:30.480]  可以用WhatsApp
[00:46:30.480 --> 00:46:32.480]  她打電話給我
[00:46:32.480 --> 00:46:34.480]  爸爸,我現在有offer
[00:46:34.480 --> 00:46:36.480]  Sherry U
[00:46:36.480 --> 00:46:38.480]  給了我們
[00:46:38.480 --> 00:46:40.480]  就是Financial Maths
[00:46:40.480 --> 00:46:42.480]  我說好啊
[00:46:42.480 --> 00:46:44.480]  因為她拿到A
[00:46:44.480 --> 00:46:46.480]  還有一件事,中文也拿到A
[00:46:46.480 --> 00:46:48.480]  我到現在都不可以相信
[00:46:48.480 --> 00:46:50.480]  她中文也拿到A
[00:46:50.480 --> 00:46:52.480]  所以她真的很厲害
[00:46:52.480 --> 00:46:54.480]  那我們就讀吧
[00:46:54.480 --> 00:46:56.480]  我們想讀什麼?
[00:46:56.480 --> 00:46:58.480]  我想讀Hospitality
[00:46:58.480 --> 00:47:00.480]  我反應很快
[00:47:00.480 --> 00:47:02.480]  OK,沒問題
[00:47:02.480 --> 00:47:04.480]  接著她質疑我的英文水平
[00:47:04.480 --> 00:47:06.480]  爸爸
[00:47:06.480 --> 00:47:08.480]  你知不知道
[00:47:08.480 --> 00:47:10.480]  Hospitality是什麼來的?
[00:47:10.480 --> 00:47:14.480]  不是醫科
[00:47:14.480 --> 00:47:16.480]  因為有Hospitality
[00:47:16.480 --> 00:47:18.480]  Hospitality
[00:47:18.480 --> 00:47:20.480]  我說我知道
[00:47:22.480 --> 00:47:24.480]  為什麼你讓我讀?
[00:47:24.480 --> 00:47:26.480]  我說不如你告訴我
[00:47:26.480 --> 00:47:28.480]  為什麼你想讀
[00:47:28.480 --> 00:47:30.480]  Financial Maths很悶
[00:47:30.480 --> 00:47:32.480]  經常對著數字
[00:47:32.480 --> 00:47:34.480]  我不太有興趣
[00:47:34.480 --> 00:47:36.480]  但Hospitality,酒店管理
[00:47:36.480 --> 00:47:38.480]  是很多東西學的
[00:47:38.480 --> 00:47:40.480]  有Human Resources
[00:47:40.480 --> 00:47:42.480]  又有
[00:47:42.480 --> 00:47:44.480]  煮食也有
[00:47:44.480 --> 00:47:46.480]  很多不同的範疇
[00:47:46.480 --> 00:47:48.480]  我說OK
[00:47:48.480 --> 00:47:50.480]  你喜歡就讀這科
[00:47:50.480 --> 00:47:52.480]  她就更加害怕
[00:47:52.480 --> 00:47:54.480]  因為我這麼快就說OK
[00:47:54.480 --> 00:47:56.480]  她說將來
[00:47:56.480 --> 00:47:58.480]  可能我賺的錢
[00:47:58.480 --> 00:48:00.480]  是會少一點
[00:48:00.480 --> 00:48:02.480]  我說我知道
[00:48:02.480 --> 00:48:04.480]  如果你讀Financial Maths
[00:48:04.480 --> 00:48:06.480]  將來的收入理論應該會好一點
[00:48:06.480 --> 00:48:08.480]  但我說
[00:48:08.480 --> 00:48:10.480]  如果神憐憫我
[00:48:10.480 --> 00:48:12.480]  你出來工作開開心心
[00:48:12.480 --> 00:48:14.480]  你喜歡就去做
[00:48:14.480 --> 00:48:16.480]  我不用你養
[00:48:16.480 --> 00:48:18.480]  現在神仍然在憐憫我
[00:48:18.480 --> 00:48:20.480]  哈哈哈
[00:48:20.480 --> 00:48:22.480]  真的
[00:48:22.480 --> 00:48:24.480]  現在仍然住在我家
[00:48:24.480 --> 00:48:26.480]  是我的東西
[00:48:26.480 --> 00:48:28.480]  繼續憐憫我
[00:48:28.480 --> 00:48:30.480]  我很疼她
[00:48:30.480 --> 00:48:32.480]  但到現在她自己有點後悔
[00:48:32.480 --> 00:48:34.480]  原來她很喜歡
[00:48:34.480 --> 00:48:36.480]  看哪些投資比較好
[00:48:36.480 --> 00:48:38.480]  或者利率比較好
[00:48:38.480 --> 00:48:40.480]  這樣那樣
[00:48:40.480 --> 00:48:42.480]  但記住
[00:48:42.480 --> 00:48:44.480]  我不是用你的收入
[00:48:44.480 --> 00:48:46.480]  或者將來畢業後
[00:48:46.480 --> 00:48:48.480]  你的社會地位是有多高
[00:48:48.480 --> 00:48:50.480]  作為一個準則
[00:48:50.480 --> 00:48:52.480]  然後迫那些子女
[00:48:52.480 --> 00:48:54.480]  這個就是英式的
[00:48:54.480 --> 00:48:56.480]  讓他們個人來發揮
[00:48:56.480 --> 00:48:58.480]  甚至你留意到
[00:48:58.480 --> 00:49:00.480]  在英國教育裏面
[00:49:00.480 --> 00:49:02.480]  教他們怎樣跟人溝通
[00:49:02.480 --> 00:49:04.480]  怎樣跟人談
[00:49:04.480 --> 00:49:06.480]  所以你留意到
[00:49:06.480 --> 00:49:08.480]  他們學校裏面有不同國籍
[00:49:08.480 --> 00:49:10.480]  他們都可以溝通得很好
[00:49:10.480 --> 00:49:12.480]  香港不是這樣
[00:49:12.480 --> 00:49:14.480]  放學後就馬上回家做功課
[00:49:14.480 --> 00:49:16.480]  很多溝通時間
[00:49:16.480 --> 00:49:18.480]  直接這樣表達他們
[00:49:18.480 --> 00:49:20.480]  建立他們的自我和自信
[00:49:20.480 --> 00:49:22.480]  而他們更加會
[00:49:22.480 --> 00:49:24.480]  因應他們的興趣去發展
[00:49:24.480 --> 00:49:26.480]  昨天我的媳婦跟我說
[00:49:26.480 --> 00:49:28.480]  她說到
[00:49:28.480 --> 00:49:30.480]  她不知為何受英國感染
[00:49:30.480 --> 00:49:32.480]  她們不太懂得做數
[00:49:32.480 --> 00:49:34.480]  你知道英國人的數
[00:49:34.480 --> 00:49:36.480]  很差的
[00:49:36.480 --> 00:49:38.480]  十幾二十年前
[00:49:38.480 --> 00:49:40.480]  你來英國
[00:49:40.480 --> 00:49:42.480]  你問史牧師
[00:49:42.480 --> 00:49:44.480]  我每年都來英國港島
[00:49:44.480 --> 00:49:46.480]  十幾二十年前
[00:49:46.480 --> 00:49:48.480]  那二十年真是神有恩典
[00:49:48.480 --> 00:49:50.480]  你去超市買東西
[00:49:50.480 --> 00:49:52.480]  死硬的
[00:49:52.480 --> 00:49:54.480]  你有散紙
[00:49:54.480 --> 00:49:56.480]  十八個九
[00:49:56.480 --> 00:49:58.480]  你多給他九
[00:49:58.480 --> 00:50:00.480]  他計不出來
[00:50:00.480 --> 00:50:02.480]  他真是不知怎樣
[00:50:02.480 --> 00:50:04.480]  你嚇死了他
[00:50:04.480 --> 00:50:06.480]  現在好些
[00:50:06.480 --> 00:50:08.480]  他可以知道賺了多少錢給你
[00:50:08.480 --> 00:50:10.480]  但十幾年前是不行的
[00:50:10.480 --> 00:50:12.480]  所以是一個好大的問題
[00:50:12.480 --> 00:50:14.480]  他們是不行的
[00:50:14.480 --> 00:50:16.480]  但是
[00:50:16.480 --> 00:50:18.480]  我媳婦跟我說
[00:50:18.480 --> 00:50:20.480]  那兩個孫子
[00:50:20.480 --> 00:50:22.480]  讓他們來做雜作
[00:50:22.480 --> 00:50:24.480]  他們不懂就亂扔東西
[00:50:24.480 --> 00:50:26.480]  很煩躁
[00:50:26.480 --> 00:50:28.480]  他們不喜歡做
[00:50:28.480 --> 00:50:30.480]  他們真是很慘
[00:50:30.480 --> 00:50:32.480]  他們班內的師傅不錯
[00:50:32.480 --> 00:50:34.480]  成績不錯
[00:50:34.480 --> 00:50:36.480]  但他們不喜歡做就會發脾氣
[00:50:36.480 --> 00:50:38.480]  扔東西
[00:50:38.480 --> 00:50:40.480]  但他們最終都做到
[00:50:40.480 --> 00:50:42.480]  就讓他們發揮
[00:50:42.480 --> 00:50:44.480]  我兩個孫子很聰明
[00:50:44.480 --> 00:50:46.480]  四五年班已經懂自己煮食
[00:50:46.480 --> 00:50:48.480]  煮西餐也行
[00:50:48.480 --> 00:50:50.480]  有媽媽的基因
[00:50:50.480 --> 00:50:52.480]  絕對沒有爸爸的基因
[00:50:52.480 --> 00:50:54.480]  有媽媽的基因
[00:50:54.480 --> 00:50:56.480]  不如讓他們發揮
[00:50:56.480 --> 00:50:58.480]  叫他們將來可以鼓勵他們
[00:50:58.480 --> 00:51:00.480]  做藍帶的廚師
[00:51:00.480 --> 00:51:02.480]  我現在跟他說
[00:51:02.480 --> 00:51:04.480]  我沒有興趣做這些
[00:51:04.480 --> 00:51:06.480]  我喜歡自己煮來吃
[00:51:06.480 --> 00:51:08.480]  我跟他說
[00:51:08.480 --> 00:51:10.480]  他畫畫也很厲害
[00:51:10.480 --> 00:51:12.480]  但他喜歡自己畫
[00:51:12.480 --> 00:51:14.480]  叫他在這方面發展
[00:51:14.480 --> 00:51:16.480]  他又否定
[00:51:16.480 --> 00:51:18.480]  現在他想怎樣?
[00:51:18.480 --> 00:51:20.480]  我真的不知道他想怎樣
[00:51:20.480 --> 00:51:22.480]  只是剛剛開始
[00:51:22.480 --> 00:51:24.480]  但他們會有自己的興趣
[00:51:24.480 --> 00:51:28.480]  學校可能會培育他們
[00:51:28.480 --> 00:51:30.480]  讓他們有多些這方面的發揮
[00:51:30.480 --> 00:51:32.480]  然後慢慢摸索他們的路
[00:51:32.480 --> 00:51:34.480]  但我們很快
[00:51:34.480 --> 00:51:36.480]  三歲定八十
[00:51:36.480 --> 00:51:38.480]  很快就定了
[00:51:38.480 --> 00:51:40.480]  你將來要做什麼
[00:51:40.480 --> 00:51:42.480]  我從小到大
[00:51:42.480 --> 00:51:44.480]  已經被家人說
[00:51:44.480 --> 00:51:46.480]  你一定要做會計
[00:51:46.480 --> 00:51:48.480]  小學已經是這樣
[00:51:48.480 --> 00:51:50.480]  我五年班已經打算盤
[00:51:50.480 --> 00:51:52.480]  是用毛筆自寫的數寶
[00:51:52.480 --> 00:51:54.480]  用中國的
[00:51:54.480 --> 00:51:56.480]  大家認不認識中國的一至十
[00:51:56.480 --> 00:51:58.480]  T字倒轉是多少?
[00:51:58.480 --> 00:52:00.480]  六字
[00:52:00.480 --> 00:52:02.480]  六字
[00:52:02.480 --> 00:52:04.480]  沒錯
[00:52:04.480 --> 00:52:06.480]  好像五字那個
[00:52:06.480 --> 00:52:08.480]  九
[00:52:08.480 --> 00:52:10.480]  所以
[00:52:10.480 --> 00:52:12.480]  我那時已經用毛筆
[00:52:12.480 --> 00:52:14.480]  我已經和家人打算盤
[00:52:14.480 --> 00:52:16.480]  所以這個很重要
[00:52:16.480 --> 00:52:18.480]  但記住
[00:52:18.480 --> 00:52:20.480]  你有沒有留意到
[00:52:20.480 --> 00:52:22.480]  我們中國人
[00:52:22.480 --> 00:52:24.480]  或者香港人的訓練
[00:52:24.480 --> 00:52:26.480]  是懂得考試
[00:52:26.480 --> 00:52:28.480]  但不等於完全明白
[00:52:28.480 --> 00:52:30.480]  所以你留意到
[00:52:30.480 --> 00:52:32.480]  中學我們香港人
[00:52:32.480 --> 00:52:34.480]  或者中國人認真那種
[00:52:34.480 --> 00:52:36.480]  不是請人
[00:52:36.480 --> 00:52:38.480]  給錢搞事那種
[00:52:38.480 --> 00:52:40.480]  如果真的認真的
[00:52:40.480 --> 00:52:42.480]  他們的成績是高過他們的
[00:52:42.480 --> 00:52:44.480]  高過英國本土的人
[00:52:44.480 --> 00:52:46.480]  但我們到大學的時候
[00:52:46.480 --> 00:52:48.480]  是英國本身的人
[00:52:48.480 --> 00:52:50.480]  他們的發揮
[00:52:50.480 --> 00:52:52.480]  是強過我們香港人
[00:52:52.480 --> 00:52:54.480]  因為我們那時的社會訓練就是怎樣去答題目
[00:52:54.480 --> 00:52:56.480]  但他們是懂得怎樣
[00:52:56.480 --> 00:52:58.480]  去思考
[00:52:58.480 --> 00:53:00.480]  所以記住
[00:53:00.480 --> 00:53:02.480]  一件事
[00:53:02.480 --> 00:53:04.480]  不代表英國不重視學業
[00:53:04.480 --> 00:53:06.480]  他們只是覺得這是整體的一部份
[00:53:06.480 --> 00:53:08.480]  這是很重要的
[00:53:08.480 --> 00:53:10.480]  還有一件事
[00:53:10.480 --> 00:53:12.480]  我們有時很緊張
[00:53:12.480 --> 00:53:14.480]  我們的兒女
[00:53:14.480 --> 00:53:16.480]  直升機加長
[00:53:16.480 --> 00:53:18.480]  大家知不知道最近
[00:53:18.480 --> 00:53:20.480]  今年早一個多月
[00:53:20.480 --> 00:53:22.480]  中文大學出了一個通告
[00:53:22.480 --> 00:53:24.480]  大家知不知道
[00:53:24.480 --> 00:53:26.480]  我讀給大家聽
[00:53:26.480 --> 00:53:28.480]  這個通告
[00:53:28.480 --> 00:53:30.480]  香港中文大學中大
[00:53:30.480 --> 00:53:32.480]  近年透過發佈家長指南
[00:53:32.480 --> 00:53:34.480]  舉辦了家長迎新活動
[00:53:34.480 --> 00:53:36.480]  這些方式
[00:53:36.480 --> 00:53:38.480]  公開呼籲父母在子女識讀大學之後
[00:53:38.480 --> 00:53:40.480]  要識度放手
[00:53:40.480 --> 00:53:42.480]  不要過度為兒女
[00:53:42.480 --> 00:53:44.480]  安排學業和生活
[00:53:44.480 --> 00:53:46.480]  或者全程陪同
[00:53:46.480 --> 00:53:48.480]  大學強調高等教育
[00:53:48.480 --> 00:53:50.480]  是培養學生獨立成熟
[00:53:50.480 --> 00:53:52.480]  和承擔責任的關鍵階段
[00:53:52.480 --> 00:53:54.480]  家長過度介入
[00:53:54.480 --> 00:53:56.480]  反而會阻礙
[00:53:56.480 --> 00:53:58.480]  子女的個人成長
[00:53:58.480 --> 00:54:00.480]  以下是中大和各大專院校
[00:54:00.480 --> 00:54:02.480]  對大學生家長
[00:54:02.480 --> 00:54:04.480]  主要的建議和考量
[00:54:04.480 --> 00:54:06.480]  就是
[00:54:06.480 --> 00:54:08.480]  核心訴求的題目
[00:54:08.480 --> 00:54:10.480]  由管理者
[00:54:10.480 --> 00:54:12.480]  轉為支持者
[00:54:12.480 --> 00:54:14.480]  轉讓自主權
[00:54:14.480 --> 00:54:16.480]  大學生已經是成年人
[00:54:16.480 --> 00:54:18.480]  選課
[00:54:18.480 --> 00:54:20.480]  主修選擇
[00:54:20.480 --> 00:54:22.480]  學習和課外活動
[00:54:22.480 --> 00:54:24.480]  學生本人評估風險
[00:54:24.480 --> 00:54:26.480]  並且負起全部責任
[00:54:26.480 --> 00:54:28.480]  不要代為安排
[00:54:28.480 --> 00:54:30.480]  避免代替子女
[00:54:30.480 --> 00:54:32.480]  向教授或校方查詢成績
[00:54:32.480 --> 00:54:34.480]  投訴或處理
[00:54:34.480 --> 00:54:36.480]  校園行政事宜
[00:54:36.480 --> 00:54:38.480]  退居陪同的角色
[00:54:38.480 --> 00:54:40.480]  在子女面對挫折
[00:54:40.480 --> 00:54:42.480]  豁勞
[00:54:42.480 --> 00:54:44.480]  如果成績不如預期
[00:54:44.480 --> 00:54:46.480]  人際關係受挫等
[00:54:46.480 --> 00:54:48.480]  給他們穩定的情感
[00:54:48.480 --> 00:54:50.480]  連結和理解
[00:54:50.480 --> 00:54:52.480]  而不是直接
[00:54:52.480 --> 00:54:54.480]  出手介入解決
[00:54:54.480 --> 00:54:56.480]  為什麼大學要求
[00:54:56.480 --> 00:54:58.480]  家長放手呢
[00:54:58.480 --> 00:55:00.480]  培養他們的責任
[00:55:00.480 --> 00:55:02.480]  根據中大的
[00:55:02.480 --> 00:55:04.480]  未滿18歲學生需知
[00:55:04.480 --> 00:55:06.480]  即使是未滿18歲的
[00:55:06.480 --> 00:55:08.480]  本科新生
[00:55:08.480 --> 00:55:10.480]  校方都要求他們為自己的大學
[00:55:10.480 --> 00:55:12.480]  參與所有學術和非學術活動上
[00:55:12.480 --> 00:55:14.480]  負上全部責任
[00:55:14.480 --> 00:55:16.480]  可避免成為直升機家長的現象
[00:55:16.480 --> 00:55:18.480]  近年部分家長
[00:55:18.480 --> 00:55:20.480]  將中小學生的照顧模式
[00:55:20.480 --> 00:55:22.480]  帶入大學
[00:55:22.480 --> 00:55:24.480]  如同陪同他們註冊
[00:55:24.480 --> 00:55:26.480]  開學日陪同上課
[00:55:26.480 --> 00:55:28.480]  甚至代為索取請假信
[00:55:28.480 --> 00:55:30.480]  被社會譏笑為大學小學化
[00:55:30.480 --> 00:55:32.480]  這是削弱了學生
[00:55:32.480 --> 00:55:34.480]  危機處理的能力
[00:55:34.480 --> 00:55:36.480]  學生過度受保護
[00:55:36.480 --> 00:55:38.480]  會令到學生
[00:55:38.480 --> 00:55:40.480]  成長受影響
[00:55:40.480 --> 00:55:42.480]  原來現在
[00:55:42.480 --> 00:55:44.480]  是這樣的
[00:55:44.480 --> 00:55:46.480]  甚至有些家長
[00:55:46.480 --> 00:55:48.480]  拍了照
[00:55:48.480 --> 00:55:50.480]  是屈蛇
[00:55:50.480 --> 00:55:52.480]  進了
[00:55:52.480 --> 00:55:54.480]  兒子的
[00:55:54.480 --> 00:55:56.480]  宿舍裏面
[00:55:56.480 --> 00:55:58.480]  去照顧他們的
[00:55:58.480 --> 00:56:00.480]  飲食和設置
[00:56:00.480 --> 00:56:02.480]  被人拍了照
[00:56:02.480 --> 00:56:04.480]  這些就是直升機家長
[00:56:04.480 --> 00:56:06.480]  永遠不會放手
[00:56:06.480 --> 00:56:08.480]  永遠都不會長大
[00:56:08.480 --> 00:56:10.480]  所以這是很大的不幸
[00:56:10.480 --> 00:56:12.480]  所以有時太過緊張
[00:56:12.480 --> 00:56:14.480]  是一個問題
[00:56:14.480 --> 00:56:16.480]  我受什麼影響
[00:56:16.480 --> 00:56:18.480]  我是大兒子
[00:56:18.480 --> 00:56:20.480]  手機影響很大
[00:56:20.480 --> 00:56:22.480]  我中二離家出走
[00:56:22.480 --> 00:56:24.480]  到今天還沒有人回家
[00:56:24.480 --> 00:56:26.480]  為什麼要離家出走
[00:56:26.480 --> 00:56:28.480]  因為家裡太緊張
[00:56:28.480 --> 00:56:30.480]  六年級還要帶上學
[00:56:30.480 --> 00:56:32.480]  照顧放學
[00:56:32.480 --> 00:56:34.480]  小息還要帶東西給我吃
[00:56:34.480 --> 00:56:36.480]  但學校不讓進去
[00:56:36.480 --> 00:56:38.480]  隔著電視網
[00:56:38.480 --> 00:56:40.480]  吃早餐
[00:56:40.480 --> 00:56:42.480]  拿香腸來餵狗
[00:56:42.480 --> 00:56:44.480]  看著我吃香腸
[00:56:44.480 --> 00:56:46.480]  很嚴重
[00:56:46.480 --> 00:56:48.480]  多得去不少
[00:56:48.480 --> 00:56:50.480]  所以我改變策略
[00:56:50.480 --> 00:56:52.480]  小息
[00:56:52.480 --> 00:56:54.480]  第一個錶下樓
[00:56:54.480 --> 00:56:56.480]  肚餓快點
[00:56:56.480 --> 00:56:58.480]  吃完走
[00:56:58.480 --> 00:57:00.480]  我住上環
[00:57:00.480 --> 00:57:02.480]  上環街市附近
[00:57:02.480 --> 00:57:04.480]  摩羅下街
[00:57:04.480 --> 00:57:06.480]  現在沒有了摩羅下街
[00:57:06.480 --> 00:57:08.480]  只有摩羅上街
[00:57:08.480 --> 00:57:10.480]  我住摩羅下街27號
[00:57:10.480 --> 00:57:12.480]  中學時我讀名校
[00:57:12.480 --> 00:57:14.480]  我在維多利亞公園
[00:57:14.480 --> 00:57:16.480]  有一間中學
[00:57:16.480 --> 00:57:18.480]  媽媽仍然帶我上學
[00:57:18.480 --> 00:57:20.480]  接我放學
[00:57:20.480 --> 00:57:22.480]  死硬
[00:57:22.480 --> 00:57:24.480]  放學時我不是出去
[00:57:24.480 --> 00:57:26.480]  我先躲在廁所
[00:57:26.480 --> 00:57:28.480]  等同學走了才敢出去
[00:57:28.480 --> 00:57:30.480]  媽媽很緊張
[00:57:30.480 --> 00:57:32.480]  會幫我拿書包
[00:57:32.480 --> 00:57:34.480]  但對我來說
[00:57:34.480 --> 00:57:36.480]  是一個羞辱
[00:57:36.480 --> 00:57:38.480]  我中二離家出走
[00:57:38.480 --> 00:57:40.480]  媽媽不在
[00:57:40.480 --> 00:57:42.480]  我收拾幾個新旗幟橙箱
[00:57:42.480 --> 00:57:44.480]  馬上收拾好
[00:57:44.480 --> 00:57:46.480]  我自己的東西
[00:57:46.480 --> 00:57:48.480]  叫貨車
[00:57:48.480 --> 00:57:50.480]  由環頭走到環尾
[00:57:50.480 --> 00:57:52.480]  上環是總站
[00:57:52.480 --> 00:57:54.480]  我到修基灣總站
[00:57:54.480 --> 00:57:56.480]  我婆婆住修基灣
[00:57:56.480 --> 00:57:58.480]  工廠街19號3樓
[00:57:58.480 --> 00:58:00.480]  我走去婆婆那裡住
[00:58:00.480 --> 00:58:02.480]  媽媽知道
[00:58:02.480 --> 00:58:04.480]  抓我回家
[00:58:04.480 --> 00:58:06.480]  我婆婆年紀大
[00:58:06.480 --> 00:58:08.480]  我要去照顧她
[00:58:08.480 --> 00:58:10.480]  現在弟妹多了
[00:58:10.480 --> 00:58:12.480]  她吵著我讀不了書
[00:58:12.480 --> 00:58:14.480]  多偉大
[00:58:14.480 --> 00:58:16.480]  死都不肯回家
[00:58:16.480 --> 00:58:18.480]  那時候照顧婆婆
[00:58:18.480 --> 00:58:20.480]  當然不是
[00:58:20.480 --> 00:58:22.480]  問題是我要逃離魔掌
[00:58:22.480 --> 00:58:24.480]  結果
[00:58:24.480 --> 00:58:26.480]  我是中二才信耶穌
[00:58:26.480 --> 00:58:28.480]  逃離家中才信耶穌
[00:58:28.480 --> 00:58:30.480]  我接回教會
[00:58:30.480 --> 00:58:32.480]  我放學後去踢球
[00:58:32.480 --> 00:58:34.480]  我婆婆問我去哪
[00:58:34.480 --> 00:58:36.480]  補課
[00:58:36.480 --> 00:58:38.480]  補什麼課
[00:58:38.480 --> 00:58:40.480]  PE
[00:58:40.480 --> 00:58:42.480]  什麼來的
[00:58:42.480 --> 00:58:44.480]  Physical Education
[00:58:44.480 --> 00:58:46.480]  什麼來的
[00:58:46.480 --> 00:58:48.480]  我解釋給你聽
[00:58:48.480 --> 00:58:50.480]  是學校課程的一種
[00:58:50.480 --> 00:58:52.480]  這麼多汗
[00:58:52.480 --> 00:58:54.480]  經理有事我趕回來見你
[00:58:54.480 --> 00:58:56.480]  乖乖
[00:58:56.480 --> 00:58:58.480]  又有好菜吃
[00:58:58.480 --> 00:59:00.480]  那時候
[00:59:00.480 --> 00:59:02.480]  我就是這些
[00:59:02.480 --> 00:59:04.480]  不幸產物
[00:59:04.480 --> 00:59:06.480]  家中
[00:59:06.480 --> 00:59:08.480]  還要帶回校放學
[00:59:08.480 --> 00:59:10.480]  很慘
[00:59:10.480 --> 00:59:12.480]  他們愛子女
[00:59:12.480 --> 00:59:14.480]  但很可能害子女
[00:59:14.480 --> 00:59:16.480]  所以適當時間要放手
[00:59:16.480 --> 00:59:18.480]  給機會他們
[00:59:18.480 --> 00:59:20.480]  所以這裡說出
[00:59:20.480 --> 00:59:22.480]  直升機父母七大特徵
[00:59:22.480 --> 00:59:24.480]  就是要盯著孩子
[00:59:24.480 --> 00:59:26.480]  一舉一動
[00:59:26.480 --> 00:59:28.480]  甚至要很小心
[00:59:28.480 --> 00:59:30.480]  他讀中學要有電話
[00:59:30.480 --> 00:59:32.480]  但你會知道他的電話密碼
[00:59:32.480 --> 00:59:34.480]  如果改了密碼
[00:59:34.480 --> 00:59:36.480]  你不會再給他用
[00:59:36.480 --> 00:59:38.480]  然後你趁他洗澡
[00:59:38.480 --> 00:59:40.480]  會檢查他的WhatsApp
[00:59:40.480 --> 00:59:42.480]  看他跟誰說話
[00:59:42.480 --> 00:59:44.480]  但這是侵犯私隱
[00:59:44.480 --> 00:59:46.480]  他們是很重要
[00:59:46.480 --> 00:59:48.480]  孩子在英國
[00:59:48.480 --> 00:59:50.480]  他們會受這些教育
[00:59:50.480 --> 00:59:52.480]  最簡單舉個例子
[00:59:52.480 --> 00:59:54.480]  上星期我的會友帶孩子來我家
[00:59:54.480 --> 00:59:56.480]  說他們的子女
[00:59:56.480 --> 00:59:58.480]  那些東西
[00:59:58.480 --> 01:00:00.480]  我兒子一直不出去
[01:00:00.480 --> 01:00:02.480]  突然聽到
[01:00:02.480 --> 01:00:04.480]  你不要再說那些東西
[01:00:04.480 --> 01:00:06.480]  我都被他嚇傻了
[01:00:06.480 --> 01:00:08.480]  但父母立即收口
[01:00:08.480 --> 01:00:12.480]  他用表情
[01:00:12.480 --> 01:00:14.480]  但他都立即收口
[01:00:14.480 --> 01:00:16.480]  就算你讚他也好
[01:00:16.480 --> 01:00:18.480]  有時他都不想
[01:00:18.480 --> 01:00:20.480]  父母很喜歡
[01:00:20.480 --> 01:00:22.480]  說自己的子女在人面前
[01:00:22.480 --> 01:00:24.480]  但子女覺得
[01:00:24.480 --> 01:00:26.480]  很不可以
[01:00:26.480 --> 01:00:28.480]  我們要監視到他們的社交活動
[01:00:28.480 --> 01:00:30.480]  甚至會安排
[01:00:30.480 --> 01:00:32.480]  你做這個做那個
[01:00:32.480 --> 01:00:34.480]  現在這兩個孫子很開心
[01:00:34.480 --> 01:00:36.480]  今天他們的教會很好
[01:00:36.480 --> 01:00:38.480]  有個家庭
[01:00:38.480 --> 01:00:40.480]  花園比較大
[01:00:40.480 --> 01:00:42.480]  三天
[01:00:42.480 --> 01:00:44.480]  有兩天一夜
[01:00:44.480 --> 01:00:46.480]  自己搞營
[01:00:46.480 --> 01:00:48.480]  十幾個小女孩
[01:00:48.480 --> 01:00:50.480]  去了一個人的家
[01:00:50.480 --> 01:00:52.480]  有些大姐姐
[01:00:52.480 --> 01:00:54.480]  不是工人姐姐
[01:00:54.480 --> 01:00:56.480]  去照顧那十個
[01:00:56.480 --> 01:00:58.480]  剛升中一的
[01:00:58.480 --> 01:01:00.480]  或者小學六年級的小女孩
[01:01:00.480 --> 01:01:02.480]  他們有自己的營
[01:01:02.480 --> 01:01:04.480]  父母很開心
[01:01:04.480 --> 01:01:06.480]  我兒子在WhatsApp跟我們說
[01:01:06.480 --> 01:01:08.480]  讓他們有些自由活動
[01:01:08.480 --> 01:01:10.480]  OK的
[01:01:10.480 --> 01:01:12.480]  以及極度注重他們的學習表現
[01:01:12.480 --> 01:01:16.480]  看他們的成績
[01:01:16.480 --> 01:01:18.480]  但我們在英國
[01:01:18.480 --> 01:01:20.480]  絕對不是這樣
[01:01:20.480 --> 01:01:22.480]  所以我們應該怎樣呢
[01:01:22.480 --> 01:01:24.480]  照顧我們的孩子
[01:01:24.480 --> 01:01:26.480]  不要太著緊他們的功課
[01:01:26.480 --> 01:01:28.480]  那些成績
[01:01:28.480 --> 01:01:30.480]  我曾經寫過一本書
[01:01:30.480 --> 01:01:32.480]  我不是很著緊
[01:01:32.480 --> 01:01:34.480]  我的子女考到多少分
[01:01:34.480 --> 01:01:36.480]  是個過程
[01:01:36.480 --> 01:01:38.480]  是怎樣
[01:01:38.480 --> 01:01:40.480]  當年我女兒讀中學的時候
[01:01:40.480 --> 01:01:42.480]  可能我還是用小學的方法讀中學
[01:01:42.480 --> 01:01:44.480]  因為讀小學
[01:01:44.480 --> 01:01:46.480]  害了她
[01:01:46.480 --> 01:01:48.480]  她經常都要去鐵堂
[01:01:48.480 --> 01:01:50.480]  很好的
[01:01:50.480 --> 01:01:52.480]  怎樣呢
[01:01:52.480 --> 01:01:54.480]  她讀中學的時候
[01:01:54.480 --> 01:01:56.480]  一有甚麼錯就要拆掉
[01:01:56.480 --> 01:01:58.480]  甚至撕掉再重新寫
[01:01:58.480 --> 01:02:00.480]  要寫得很工整
[01:02:00.480 --> 01:02:02.480]  中學不是這樣的
[01:02:02.480 --> 01:02:04.480]  算了 總之搞定就行了
[01:02:04.480 --> 01:02:06.480]  她很勤力讀書
[01:02:06.480 --> 01:02:08.480]  很可能會發現成績不太理想
[01:02:08.480 --> 01:02:10.480]  甚至有些不合格
[01:02:10.480 --> 01:02:12.480]  但我沒有去責備她
[01:02:12.480 --> 01:02:14.480]  因為我見到她已經很認真
[01:02:14.480 --> 01:02:16.480]  很勤力去讀書
[01:02:16.480 --> 01:02:18.480]  我只要和她一起去想
[01:02:18.480 --> 01:02:20.480]  為何今次成績會這樣
[01:02:20.480 --> 01:02:22.480]  是否不懂回答題目
[01:02:22.480 --> 01:02:24.480]  還是有些事要繼續鼓勵她
[01:02:24.480 --> 01:02:26.480]  因為我用我的信仰角度
[01:02:26.480 --> 01:02:28.480]  去教我的子女
[01:02:28.480 --> 01:02:30.480]  耶利米先知
[01:02:30.480 --> 01:02:32.480]  聲嘶力竭地帶她去
[01:02:32.480 --> 01:02:34.480]  宣講神的道
[01:02:34.480 --> 01:02:36.480]  有沒有人聽她說
[01:02:36.480 --> 01:02:38.480]  沒有的 全部沒有人理會她
[01:02:38.480 --> 01:02:40.480]  甚至被人控告
[01:02:40.480 --> 01:02:42.480]  她犯了國安法
[01:02:42.480 --> 01:02:44.480]  要坐牢
[01:02:44.480 --> 01:02:46.480]  但在神眼中
[01:02:46.480 --> 01:02:48.480]  這是一個忠心的僕人
[01:02:48.480 --> 01:02:50.480]  約拿
[01:02:50.480 --> 01:02:52.480]  報道力很強
[01:02:52.480 --> 01:02:54.480]  來來回回三天的路程
[01:02:54.480 --> 01:02:56.480]  她只走半天
[01:02:56.480 --> 01:02:58.480]  全城的人悔過
[01:02:58.480 --> 01:03:00.480]  應該給她credit
[01:03:00.480 --> 01:03:02.480]  論功行賞
[01:03:02.480 --> 01:03:04.480]  但神責庇她
[01:03:04.480 --> 01:03:06.480]  她都無心去做
[01:03:06.480 --> 01:03:08.480]  所以我們不要只看表面
[01:03:08.480 --> 01:03:10.480]  是看她有沒有盡力
[01:03:10.480 --> 01:03:12.480]  這是很重要
[01:03:12.480 --> 01:03:14.480]  所以求神來幫助我們
[01:03:14.480 --> 01:03:16.480]  所以要和他們建立
[01:03:16.480 --> 01:03:18.480]  一個好的關係
[01:03:18.480 --> 01:03:20.480]  我們講完這方面的
[01:03:20.480 --> 01:03:22.480]  第一個很特別的case
[01:03:22.480 --> 01:03:24.480]  就是
[01:03:24.480 --> 01:03:26.480]  媽媽陪兒子
[01:03:26.480 --> 01:03:28.480]  她不是直升機家長
[01:03:28.480 --> 01:03:30.480]  她要考試
[01:03:30.480 --> 01:03:32.480]  她不知道考英文還是什麼
[01:03:32.480 --> 01:03:34.480]  只有2.3
[01:03:34.480 --> 01:03:36.480]  媽媽就覺得很不濟
[01:03:36.480 --> 01:03:38.480]  但原來媽媽自己都
[01:03:38.480 --> 01:03:40.480]  報讀這些課程
[01:03:40.480 --> 01:03:42.480]  她都想知道那些內容是怎樣
[01:03:42.480 --> 01:03:44.480]  是和小朋友
[01:03:44.480 --> 01:03:46.480]  一齊來去
[01:03:46.480 --> 01:03:48.480]  面對這個事
[01:03:48.480 --> 01:03:50.480]  然後彼此鼓勵
[01:03:50.480 --> 01:03:52.480]  她很開心
[01:03:52.480 --> 01:03:54.480]  最後小朋友拿到6分
[01:03:54.480 --> 01:03:56.480]  我不是很清楚那個制度
[01:03:56.480 --> 01:03:58.480]  但成績是理想
[01:03:58.480 --> 01:04:00.480]  是媽媽和她一起
[01:04:00.480 --> 01:04:02.480]  去讀這些課
[01:04:02.480 --> 01:04:04.480]  然後一起
[01:04:04.480 --> 01:04:06.480]  去經歷這些
[01:04:06.480 --> 01:04:08.480]  他們說原來過程是很開心
[01:04:08.480 --> 01:04:10.480]  互相之間鼓勵
[01:04:10.480 --> 01:04:12.480]  甚至媽媽有些東西不是很懂
[01:04:12.480 --> 01:04:14.480]  要問兒子
[01:04:14.480 --> 01:04:16.480]  原來那種溝通
[01:04:16.480 --> 01:04:18.480]  是很特別
[01:04:18.480 --> 01:04:20.480]  這是一個case
[01:04:20.480 --> 01:04:22.480]  我兒子大沒讀這些課程
[01:04:22.480 --> 01:04:24.480]  但他說
[01:04:24.480 --> 01:04:26.480]  在這個過程當中
[01:04:26.480 --> 01:04:28.480]  是很享受
[01:04:28.480 --> 01:04:30.480]  但這不是直升機家長
[01:04:30.480 --> 01:04:32.480]  是陪同
[01:04:32.480 --> 01:04:34.480]  不是由高指令
[01:04:34.480 --> 01:04:36.480]  所以這是很重要
[01:04:38.480 --> 01:04:40.480]  有時要了解
[01:04:40.480 --> 01:04:42.480]  原來英國的學校
[01:04:42.480 --> 01:04:44.480]  很重要
[01:04:44.480 --> 01:04:46.480]  那些細蚊仔
[01:04:46.480 --> 01:04:48.480]  他們可以帶電話但不能上課
[01:04:48.480 --> 01:04:50.480]  他們是怎樣呢
[01:04:50.480 --> 01:04:52.480]  香港的細蚊仔有時去不到廁所
[01:04:52.480 --> 01:04:54.480]  因為廁所只有幾格
[01:04:54.480 --> 01:04:56.480]  休息的時候
[01:04:56.480 --> 01:04:58.480]  很多鬼仔去完廁所
[01:04:58.480 --> 01:05:00.480]  關上門
[01:05:00.480 --> 01:05:02.480]  上網打機
[01:05:02.480 --> 01:05:04.480]  隨時生病
[01:05:04.480 --> 01:05:06.480]  他們是進不了廁所
[01:05:06.480 --> 01:05:08.480]  這是他們的
[01:05:08.480 --> 01:05:10.480]  生理問題
[01:05:10.480 --> 01:05:16.480]  還有英國的細蚊仔
[01:05:16.480 --> 01:05:18.480]  比較大就有問題
[01:05:18.480 --> 01:05:20.480]  最簡單舉個例
[01:05:20.480 --> 01:05:22.480]  我去上幾個星期
[01:05:22.480 --> 01:05:26.480]  我去會友的家
[01:05:26.480 --> 01:05:28.480]  跟他聊天
[01:05:28.480 --> 01:05:30.480]  原來他的兒子
[01:05:30.480 --> 01:05:32.480]  今年才是
[01:05:32.480 --> 01:05:34.480]  十五歲
[01:05:34.480 --> 01:05:36.480]  十六歲
[01:05:36.480 --> 01:05:38.480]  已經在拍拖
[01:05:38.480 --> 01:05:40.480]  原來英國的人很早熟
[01:05:40.480 --> 01:05:42.480]  很快就會
[01:05:42.480 --> 01:05:44.480]  拍拖
[01:05:44.480 --> 01:05:46.480]  做父母都很無奈
[01:05:46.480 --> 01:05:48.480]  邀請他們回家
[01:05:48.480 --> 01:05:50.480]  吃飯
[01:05:50.480 --> 01:05:52.480]  瘋的
[01:05:52.480 --> 01:05:54.480]  但這些是這樣的
[01:05:54.480 --> 01:05:56.480]  還有大家知不知道
[01:05:56.480 --> 01:05:58.480]  原來年輕人知道
[01:05:58.480 --> 01:06:00.480]  拍拖
[01:06:00.480 --> 01:06:02.480]  在一個年齡的界限
[01:06:02.480 --> 01:06:04.480]  是要分手的
[01:06:04.480 --> 01:06:08.480]  如果一個十八歲的男仔
[01:06:08.480 --> 01:06:10.480]  跟一個十六歲的女仔拍拖
[01:06:10.480 --> 01:06:12.480]  他就要分手
[01:06:12.480 --> 01:06:16.480]  因為如果他們發生性行為
[01:06:16.480 --> 01:06:18.480]  那就大件事
[01:06:18.480 --> 01:06:20.480]  等於我們香港
[01:06:20.480 --> 01:06:22.480]  與未成年的人發生關係
[01:06:22.480 --> 01:06:24.480]  如果兩個都是十六歲
[01:06:24.480 --> 01:06:26.480]  或以下
[01:06:26.480 --> 01:06:28.480]  他們發生性行為是沒有事的
[01:06:28.480 --> 01:06:30.480]  因為兩個都是十六歲以下
[01:06:30.480 --> 01:06:32.480]  你們明白我的意思嗎
[01:06:32.480 --> 01:06:34.480]  你們做父母的要了解英國的法例
[01:06:34.480 --> 01:06:36.480]  如果你的兒子
[01:06:36.480 --> 01:06:38.480]  十八歲跟一個十六歲
[01:06:38.480 --> 01:06:40.480]  你叫他千萬不要拍拖
[01:06:40.480 --> 01:06:42.480]  免得他犯錯
[01:06:42.480 --> 01:06:44.480]  會有罪的
[01:06:44.480 --> 01:06:46.480]  但如果兩個都是十六歲或以下
[01:06:46.480 --> 01:06:48.480]  他們發生性行為是沒有問題的
[01:06:48.480 --> 01:06:50.480]  就算弄大了對方的肚子
[01:06:50.480 --> 01:06:52.480]  也不需要被拘捕
[01:06:52.480 --> 01:06:54.480]  所以年齡的界限是很重要的
[01:06:54.480 --> 01:06:56.480]  這個時候
[01:06:56.480 --> 01:06:58.480]  英國的法律
[01:06:58.480 --> 01:07:00.480]  教育
[01:07:00.480 --> 01:07:02.480]  是很重要的
[01:07:02.480 --> 01:07:04.480]  香港是沒有這東西的
[01:07:04.480 --> 01:07:06.480]  你們現在這一代會好一點
[01:07:06.480 --> 01:07:08.480]  也會教導你的兒女
[01:07:08.480 --> 01:07:10.480]  一些生理的需要
[01:07:10.480 --> 01:07:12.480]  我當年六年級
[01:07:12.480 --> 01:07:14.480]  是被學校
[01:07:14.480 --> 01:07:16.480]  寄了一個
[01:07:16.480 --> 01:07:18.480]  小個
[01:07:18.480 --> 01:07:20.480]  接著
[01:07:20.480 --> 01:07:22.480]  學校就要我有認錯
[01:07:22.480 --> 01:07:24.480]  我爸爸要寫
[01:07:24.480 --> 01:07:26.480]  認罪悔過書
[01:07:26.480 --> 01:07:28.480]  代我
[01:07:28.480 --> 01:07:30.480]  因為如果學校說我不肯認錯
[01:07:30.480 --> 01:07:32.480]  我就不能考升中試
[01:07:32.480 --> 01:07:34.480]  因為我那個年代是考升中試
[01:07:34.480 --> 01:07:36.480]  我就不明白我錯在哪裡
[01:07:36.480 --> 01:07:38.480]  直到我中三的時候
[01:07:38.480 --> 01:07:40.480]  我才想起
[01:07:40.480 --> 01:07:42.480]  我六年級是錯在什麼事
[01:07:42.480 --> 01:07:44.480]  我六年級的時候
[01:07:44.480 --> 01:07:46.480]  我雖然頑皮
[01:07:46.480 --> 01:07:48.480]  但也有做PIVOT
[01:07:48.480 --> 01:07:50.480]  守著我自己的課室
[01:07:50.480 --> 01:07:52.480]  我記得我的女班長
[01:07:52.480 --> 01:07:54.480]  那天小息
[01:07:54.480 --> 01:07:56.480]  匆匆走進來
[01:07:56.480 --> 01:07:58.480]  我問她幹什麼
[01:07:58.480 --> 01:08:00.480]  她說不准進來
[01:08:00.480 --> 01:08:02.480]  我問她有什麼事
[01:08:02.480 --> 01:08:04.480]  她放了一個膠袋在那裡
[01:08:04.480 --> 01:08:06.480]  她說不要看
[01:08:06.480 --> 01:08:08.480]  她不說這句就沒事
[01:08:08.480 --> 01:08:10.480]  她說這句更糟
[01:08:10.480 --> 01:08:12.480]  她叫我不要看
[01:08:12.480 --> 01:08:14.480]  她走了我就看
[01:08:14.480 --> 01:08:16.480]  接著我就用了我的想像力
[01:08:16.480 --> 01:08:18.480]  去說
[01:08:18.480 --> 01:08:20.480]  她弟弟
[01:08:20.480 --> 01:08:22.480]  剛才小息應該蓋著我的頭
[01:08:22.480 --> 01:08:24.480]  說流了血
[01:08:24.480 --> 01:08:26.480]  很嚴重
[01:08:26.480 --> 01:08:28.480]  我到處說
[01:08:28.480 --> 01:08:30.480]  結果那天放學
[01:08:30.480 --> 01:08:32.480]  被老師罵
[01:08:32.480 --> 01:08:34.480]  我亂說話
[01:08:34.480 --> 01:08:36.480]  我問為什麼亂說話
[01:08:36.480 --> 01:08:38.480]  接著要見家長
[01:08:38.480 --> 01:08:40.480]  接著跟我爸爸說
[01:08:40.480 --> 01:08:42.480]  接著
[01:08:42.480 --> 01:08:44.480]  爸爸說:臭小子
[01:08:44.480 --> 01:08:46.480]  亂說話
[01:08:46.480 --> 01:08:48.480]  八卦
[01:08:48.480 --> 01:08:50.480]  但爸爸沒有告訴我發生什麼事
[01:08:50.480 --> 01:08:52.480]  他寫了一封悔過書
[01:08:52.480 --> 01:08:54.480]  搞到很嚴重
[01:08:54.480 --> 01:08:56.480]  要停課
[01:08:56.480 --> 01:08:58.480]  那年代不能考升中試
[01:08:58.480 --> 01:09:00.480]  很嚴重
[01:09:00.480 --> 01:09:02.480]  我都不知道發生什麼事
[01:09:02.480 --> 01:09:04.480]  大家知不知道發生什麼事
[01:09:04.480 --> 01:09:06.480]  我中三才知道讀大學的時候
[01:09:06.480 --> 01:09:08.480]  原來女孩子
[01:09:08.480 --> 01:09:10.480]  可能是月經
[01:09:10.480 --> 01:09:12.480]  那些是衛生巾
[01:09:12.480 --> 01:09:14.480]  我就
[01:09:14.480 --> 01:09:16.480]  八卦去看
[01:09:16.480 --> 01:09:18.480]  我從來都沒有這些知識
[01:09:18.480 --> 01:09:20.480]  我以為她弟弟
[01:09:20.480 --> 01:09:22.480]  撞到頭
[01:09:22.480 --> 01:09:24.480]  然後
[01:09:24.480 --> 01:09:26.480]  跑了
[01:09:26.480 --> 01:09:28.480]  有些血
[01:09:28.480 --> 01:09:30.480]  沙布
[01:09:30.480 --> 01:09:32.480]  到處說她弟弟剛才
[01:09:32.480 --> 01:09:34.480]  撞到頭流血
[01:09:34.480 --> 01:09:36.480]  但老師沒有告訴我
[01:09:36.480 --> 01:09:38.480]  我爸爸也沒有告訴我
[01:09:38.480 --> 01:09:40.480]  總之說我錯
[01:09:40.480 --> 01:09:42.480]  就寄給小哥
[01:09:42.480 --> 01:09:44.480]  現在說起來很好笑
[01:09:44.480 --> 01:09:46.480]  但那時真的很可憐
[01:09:46.480 --> 01:09:48.480]  那時完全沒有生理教育
[01:09:48.480 --> 01:09:50.480]  但現在
[01:09:50.480 --> 01:09:52.480]  英國就不是
[01:09:52.480 --> 01:09:54.480]  有很多很多
[01:09:54.480 --> 01:09:56.480]  就算你不教他也好
[01:09:56.480 --> 01:09:58.480]  現在很多TikTok
[01:09:58.480 --> 01:10:00.480]  他們看很多資訊
[01:10:00.480 --> 01:10:02.480]  是很多
[01:10:02.480 --> 01:10:04.480]  是豐富過你
[01:10:04.480 --> 01:10:06.480]  所以我們要很小心
[01:10:06.480 --> 01:10:08.480]  好
[01:10:08.480 --> 01:10:10.480]  看看你們知不知道這套是什麼電影
[01:10:10.480 --> 01:10:14.480]  待會再說這些
[01:10:14.480 --> 01:10:16.480]  有沒有人知道這套電影
[01:10:16.480 --> 01:10:20.480]  有沒有人知道
[01:10:20.480 --> 01:10:22.480]  英文是什麼
[01:10:22.480 --> 01:10:28.480]  是很
[01:10:28.480 --> 01:10:30.480]  整套電影裡面
[01:10:30.480 --> 01:10:32.480]  是Bee Gees唱的歌很好聽
[01:10:32.480 --> 01:10:34.480]  當年在香港
[01:10:34.480 --> 01:10:36.480]  上這套電影的時候
[01:10:36.480 --> 01:10:38.480]  教育界發出
[01:10:38.480 --> 01:10:40.480]  很大的炮轟
[01:10:40.480 --> 01:10:42.480]  說教壞人
[01:10:42.480 --> 01:10:44.480]  主角很帥的
[01:10:44.480 --> 01:10:46.480]  是小學六年班
[01:10:46.480 --> 01:10:48.480]  談戀愛
[01:10:48.480 --> 01:10:50.480]  甚至說要結婚
[01:10:50.480 --> 01:10:52.480]  後來
[01:10:52.480 --> 01:10:54.480]  是一個比較頑皮的同學
[01:10:54.480 --> 01:10:56.480]  去幫忙
[01:10:56.480 --> 01:10:58.480]  在一個
[01:10:58.480 --> 01:11:00.480]  地方裡面
[01:11:00.480 --> 01:11:02.480]  破漏的castle
[01:11:02.480 --> 01:11:04.480]  與他們舉行婚禮
[01:11:04.480 --> 01:11:06.480]  是小學生
[01:11:06.480 --> 01:11:08.480]  老師來的時候
[01:11:08.480 --> 01:11:10.480]  學生反抗
[01:11:10.480 --> 01:11:12.480]  要怎樣來
[01:11:12.480 --> 01:11:14.480]  那個年代
[01:11:14.480 --> 01:11:16.480]  六七年
[01:11:16.480 --> 01:11:18.480]  在香港覺得這是亂來的
[01:11:18.480 --> 01:11:20.480]  絕對的
[01:11:20.480 --> 01:11:22.480]  錯誤的教育
[01:11:22.480 --> 01:11:24.480]  這套電影
[01:11:24.480 --> 01:11:26.480]  中文叫
[01:11:26.480 --> 01:11:28.480]  《兩小無猜》
[01:11:28.480 --> 01:11:30.480]  是值得看的
[01:11:30.480 --> 01:11:32.480]  很好看的一套
[01:11:32.480 --> 01:11:34.480]  電影
[01:11:34.480 --> 01:11:36.480]  但是用細蚊仔的角度
[01:11:36.480 --> 01:11:38.480]  去看
[01:11:38.480 --> 01:11:40.480]  一些puppet love
[01:11:40.480 --> 01:11:42.480]  接著
[01:11:42.480 --> 01:11:44.480]  沒多久之後
[01:11:44.480 --> 01:11:46.480]  就出了另一套電影
[01:11:46.480 --> 01:11:48.480]  知不知道這套電影
[01:11:48.480 --> 01:11:52.480]  有沒有人知道
[01:11:52.480 --> 01:11:58.480]  後來曾志偉
[01:11:58.480 --> 01:12:00.480]  抄了這套電影
[01:12:00.480 --> 01:12:02.480]  就找了房祖銘
[01:12:02.480 --> 01:12:04.480]  和薛凱琪
[01:12:04.480 --> 01:12:06.480]  去做
[01:12:06.480 --> 01:12:08.480]  電影的中文名字
[01:12:08.480 --> 01:12:10.480]  就是曾志偉那套
[01:12:10.480 --> 01:12:12.480]  《早熟》
[01:12:12.480 --> 01:12:14.480]  英文
[01:12:14.480 --> 01:12:16.480]  有沒有留意《早熟》
[01:12:16.480 --> 01:12:18.480]  Too young to be married
[01:12:18.480 --> 01:12:20.480]  即是young是甚麼呢
[01:12:20.480 --> 01:12:22.480]  即是外號樣字
[01:12:22.480 --> 01:12:24.480]  知不知道這套電影叫甚麼
[01:12:24.480 --> 01:12:26.480]  叫做《人世鬼大》
[01:12:26.480 --> 01:12:28.480]  中文名
[01:12:28.480 --> 01:12:30.480]  英文名叫Friends
[01:12:30.480 --> 01:12:32.480]  這套電影很漂亮
[01:12:32.480 --> 01:12:34.480]  那些影相
[01:12:34.480 --> 01:12:36.480]  那些角度
[01:12:36.480 --> 01:12:38.480]  日落
[01:12:38.480 --> 01:12:40.480]  更進一步講到他們
[01:12:40.480 --> 01:12:42.480]  很年輕
[01:12:42.480 --> 01:12:44.480]  但是他們談戀愛
[01:12:44.480 --> 01:12:46.480]  發生關係
[01:12:46.480 --> 01:12:48.480]  後來還生了嬰兒
[01:12:48.480 --> 01:12:50.480]  但面對很多衝擊
[01:12:50.480 --> 01:12:52.480]  這套電影我很記得
[01:12:52.480 --> 01:12:54.480]  我在豪華戲院看
[01:12:54.480 --> 01:12:56.480]  豪華戲院那時
[01:12:56.480 --> 01:12:58.480]  不是三級電影
[01:12:58.480 --> 01:13:02.480]  想多了
[01:13:04.480 --> 01:13:06.480]  豪華戲院在旺角
[01:13:06.480 --> 01:13:08.480]  知不知道豪華戲院在哪
[01:13:08.480 --> 01:13:10.480]  在銅鑼灣
[01:13:10.480 --> 01:13:12.480]  維多利亞公園旁邊
[01:13:12.480 --> 01:13:14.480]  叫樂聲戲院
[01:13:14.480 --> 01:13:16.480]  樂聲戲院對面叫豪華戲院
[01:13:16.480 --> 01:13:18.480]  那時豪華戲院
[01:13:18.480 --> 01:13:20.480]  是很特別
[01:13:20.480 --> 01:13:22.480]  因為那張椅是可以滑出來
[01:13:22.480 --> 01:13:24.480]  前座
[01:13:24.480 --> 01:13:26.480]  那些戲票
[01:13:26.480 --> 01:13:28.480]  我當然坐前座
[01:13:28.480 --> 01:13:30.480]  是可以移出來
[01:13:30.480 --> 01:13:32.480]  那間叫豪華戲院
[01:13:32.480 --> 01:13:34.480]  旺角道
[01:13:34.480 --> 01:13:36.480]  我指銅鑼灣
[01:13:36.480 --> 01:13:38.480]  現在好像做了酒店
[01:13:38.480 --> 01:13:40.480]  電車繞一圈
[01:13:40.480 --> 01:13:42.480]  那間
[01:13:42.480 --> 01:13:44.480]  這裡是講什麼呢
[01:13:44.480 --> 01:13:46.480]  就是講男女之間
[01:13:46.480 --> 01:13:48.480]  他們年輕人
[01:13:48.480 --> 01:13:50.480]  很容易會有這些問題
[01:13:50.480 --> 01:13:52.480]  所以英國那些性教育
[01:13:52.480 --> 01:13:54.480]  很開放
[01:13:54.480 --> 01:13:56.480]  甚至他們的戀愛
[01:13:56.480 --> 01:13:58.480]  是很鬆的
[01:13:58.480 --> 01:14:00.480]  但是我們就要很小心
[01:14:00.480 --> 01:14:02.480]  不是馬上打壓
[01:14:02.480 --> 01:14:04.480]  要跟我們分享
[01:14:04.480 --> 01:14:06.480]  但是這一節經文記住
[01:14:06.480 --> 01:14:08.480]  絕對不是講戀愛的
[01:14:08.480 --> 01:14:10.480]  我們一起來讀哥林多後書
[01:14:10.480 --> 01:14:12.480]  第六章第十四節
[01:14:12.480 --> 01:14:26.480]  這裡我們好時都會
[01:14:26.480 --> 01:14:28.480]  隨便拿一段經文出來
[01:14:28.480 --> 01:14:30.480]  信和不信的不應該談戀愛
[01:14:30.480 --> 01:14:32.480]  錯,你解經的錯誤
[01:14:32.480 --> 01:14:34.480]  這段經文絕對不是講戀愛的
[01:14:34.480 --> 01:14:36.480]  只是講我們不可以一起
[01:14:36.480 --> 01:14:38.480]  不信的人怎會跟你一起來去侍奉呢
[01:14:38.480 --> 01:14:40.480]  你可以引伸下去
[01:14:40.480 --> 01:14:42.480]  但這段經文絕對不是講戀愛的
[01:14:42.480 --> 01:14:44.480]  好了
[01:14:44.480 --> 01:14:46.480]  還有就是
[01:14:46.480 --> 01:14:48.480]  我們有一個掙扎就是
[01:14:48.480 --> 01:14:50.480]  究竟
[01:14:50.480 --> 01:14:52.480]  可不可以二逐通婚
[01:14:52.480 --> 01:14:54.480]  現在你想想
[01:14:54.480 --> 01:14:56.480]  香港來的那些
[01:14:56.480 --> 01:14:58.480]  那時他們認識的都是
[01:14:58.480 --> 01:15:00.480]  我自己人士
[01:15:00.480 --> 01:15:02.480]  我認識很多
[01:15:02.480 --> 01:15:04.480]  這裡的老華僑
[01:15:04.480 --> 01:15:06.480]  他們的兒子或女兒
[01:15:06.480 --> 01:15:08.480]  都是跟外國人
[01:15:08.480 --> 01:15:10.480]  有交往
[01:15:10.480 --> 01:15:12.480]  甚至成為家庭
[01:15:12.480 --> 01:15:14.480]  你要他們
[01:15:14.480 --> 01:15:16.480]  接受這件事
[01:15:16.480 --> 01:15:18.480]  我記得那時
[01:15:18.480 --> 01:15:20.480]  女兒過來讀書的時候
[01:15:20.480 --> 01:15:22.480]  媽媽說
[01:15:22.480 --> 01:15:24.480]  讀大學吧,不要隨便談戀愛
[01:15:24.480 --> 01:15:26.480]  我說有時都很難講
[01:15:26.480 --> 01:15:28.480]  但我跟女兒說
[01:15:28.480 --> 01:15:30.480]  其實大學談戀愛
[01:15:30.480 --> 01:15:32.480]  都不太理想
[01:15:32.480 --> 01:15:34.480]  你想想為甚麼
[01:15:34.480 --> 01:15:36.480]  因為有時很可能你讀完書
[01:15:36.480 --> 01:15:38.480]  你可能會回香港
[01:15:38.480 --> 01:15:40.480]  但他又會留在這裏
[01:15:40.480 --> 01:15:42.480]  或者你留在這裏他會走
[01:15:42.480 --> 01:15:44.480]  異地相隔
[01:15:44.480 --> 01:15:46.480]  很難維繫
[01:15:46.480 --> 01:15:48.480]  不要只是這麼簡單就說不行
[01:15:48.480 --> 01:15:50.480]  你要去講
[01:15:50.480 --> 01:15:52.480]  他都未出來工作
[01:15:52.480 --> 01:15:54.480]  你才知道他賺不賺到錢
[01:15:54.480 --> 01:15:56.480]  或者
[01:15:56.480 --> 01:15:58.480]  你很現實地跟他說
[01:15:58.480 --> 01:16:00.480]  慢慢來,不用急
[01:16:00.480 --> 01:16:02.480]  然後
[01:16:02.480 --> 01:16:04.480]  如果我認識外國人
[01:16:04.480 --> 01:16:06.480]  媽媽說
[01:16:06.480 --> 01:16:08.480]  外國人,看甚麼外國人
[01:16:08.480 --> 01:16:10.480]  我跟女兒說
[01:16:10.480 --> 01:16:12.480]  差不多
[01:16:12.480 --> 01:16:14.480]  你真是很歧視
[01:16:14.480 --> 01:16:16.480]  印度人不行,但白種人可以
[01:16:16.480 --> 01:16:18.480]  有時我們會說
[01:16:18.480 --> 01:16:20.480]  但其實是不是聖經不讓
[01:16:20.480 --> 01:16:22.480]  外數人結婚
[01:16:22.480 --> 01:16:24.480]  我們一齊讀讀
[01:16:24.480 --> 01:16:26.480]  生命第七章第一到第四節
[01:16:26.480 --> 01:16:28.480]  不如看時間問題
[01:16:28.480 --> 01:16:30.480]  你一會兒帶這瓶進去
[01:16:30.480 --> 01:16:32.480]  要得為熱之地
[01:16:32.480 --> 01:16:34.480]  你面前講錯很多人
[01:16:34.480 --> 01:16:36.480]  有七國的人民
[01:16:36.480 --> 01:16:38.480]  我們不讀這些名字
[01:16:38.480 --> 01:16:40.480]  第三第四節
[01:16:50.480 --> 01:17:00.480]  聖經不讓外數人結婚
[01:17:00.480 --> 01:17:02.480]  所以好像不讓他們
[01:17:02.480 --> 01:17:04.480]  跟外數人結婚
[01:17:04.480 --> 01:17:06.480]  但請你搞清楚
[01:17:06.480 --> 01:17:08.480]  第一就是某個程度
[01:17:08.480 --> 01:17:10.480]  耶穌都有
[01:17:10.480 --> 01:17:12.480]  外籍人士的血統
[01:17:12.480 --> 01:17:14.480]  因為路德記
[01:17:14.480 --> 01:17:16.480]  路德是甚麼人
[01:17:16.480 --> 01:17:18.480]  是摩訶人
[01:17:18.480 --> 01:17:20.480]  是摩訶人
[01:17:20.480 --> 01:17:22.480]  即是外族人
[01:17:22.480 --> 01:17:24.480]  但後來
[01:17:24.480 --> 01:17:26.480]  他第一任丈夫死了
[01:17:26.480 --> 01:17:28.480]  後來嫁給誰
[01:17:28.480 --> 01:17:30.480]  波亞斯
[01:17:30.480 --> 01:17:32.480]  大衛他先做
[01:17:32.480 --> 01:17:34.480]  所以是否有摩訶的血統
[01:17:34.480 --> 01:17:36.480]  但為何路德記
[01:17:36.480 --> 01:17:38.480]  又被我們尊崇
[01:17:38.480 --> 01:17:40.480]  因為他是敬拜耶和華
[01:17:40.480 --> 01:17:42.480]  所以焦點
[01:17:42.480 --> 01:17:44.480]  不只是血緣
[01:17:44.480 --> 01:17:46.480]  是信仰
[01:17:46.480 --> 01:17:48.480]  所以信仰很重要
[01:17:48.480 --> 01:17:50.480]  我們就要
[01:17:50.480 --> 01:17:52.480]  有時要接受
[01:17:52.480 --> 01:17:54.480]  如果談戀愛不要太震驚
[01:17:54.480 --> 01:17:56.480]  帶他回來
[01:17:56.480 --> 01:17:58.480]  見面聊天摸底
[01:17:58.480 --> 01:18:00.480]  不要這麼快說不
[01:18:00.480 --> 01:18:02.480]  否則你打壓
[01:18:02.480 --> 01:18:04.480]  他暗地裡在外面更麻煩
[01:18:04.480 --> 01:18:06.480]  這就是我自己以前
[01:18:06.480 --> 01:18:08.480]  我的子女
[01:18:08.480 --> 01:18:10.480]  他們學校做團體項目
[01:18:10.480 --> 01:18:12.480]  經常會來我家
[01:18:12.480 --> 01:18:14.480]  我開放給他們
[01:18:14.480 --> 01:18:16.480]  我預備了汽水薯片
[01:18:16.480 --> 01:18:18.480]  招呼他們
[01:18:18.480 --> 01:18:20.480]  我很懂得做
[01:18:20.480 --> 01:18:22.480]  他們聽我做事
[01:18:22.480 --> 01:18:24.480]  我就躲進房間
[01:18:24.480 --> 01:18:26.480]  盡量不影響他們
[01:18:26.480 --> 01:18:28.480]  做團體項目時
[01:18:28.480 --> 01:18:30.480]  我經常要上廁所
[01:18:30.480 --> 01:18:32.480]  又要去廚房拿飲料
[01:18:32.480 --> 01:18:34.480]  走路都慢很多
[01:18:34.480 --> 01:18:36.480]  為何呢
[01:18:36.480 --> 01:18:38.480]  我會留意他們
[01:18:38.480 --> 01:18:40.480]  在上面打招呼
[01:18:40.480 --> 01:18:42.480]  我經常請他們吃東西
[01:18:42.480 --> 01:18:44.480]  我叫他們把手機還給我
[01:18:44.480 --> 01:18:46.480]  他們馬上說不要
[01:18:46.480 --> 01:18:48.480]  我問他們發生甚麼事
[01:18:48.480 --> 01:18:50.480]  他們說我真的拿到
[01:18:50.480 --> 01:18:52.480]  有甚麼事會知道他們是甚麼人
[01:18:52.480 --> 01:18:54.480]  千萬不要打壓
[01:18:54.480 --> 01:18:56.480]  要招呼他們
[01:18:56.480 --> 01:18:58.480]  令我家很亂
[01:18:58.480 --> 01:19:00.480]  你才知道他們是甚麼人
[01:19:00.480 --> 01:19:02.480]  所以要留意
[01:19:02.480 --> 01:19:04.480]  英國的新人
[01:19:04.480 --> 01:19:06.480]  你要教他
[01:19:06.480 --> 01:19:08.480]  譬如談戀愛
[01:19:08.480 --> 01:19:10.480]  父女都要很小心
[01:19:10.480 --> 01:19:12.480]  千萬不要發生性行為
[01:19:12.480 --> 01:19:14.480]  不要只這樣說
[01:19:14.480 --> 01:19:16.480]  你要向他解釋
[01:19:16.480 --> 01:19:18.480]  發生性行為帶來甚麼問題
[01:19:18.480 --> 01:19:20.480]  你要很快
[01:19:20.480 --> 01:19:22.480]  如果是你的時候
[01:19:22.480 --> 01:19:24.480]  如果不是生了新人
[01:19:24.480 --> 01:19:26.480]  你有資格做爸爸嗎
[01:19:26.480 --> 01:19:28.480]  有資格做媽媽嗎
[01:19:28.480 --> 01:19:30.480]  所以你要弄清楚
[01:19:30.480 --> 01:19:32.480]  特別是做女生
[01:19:32.480 --> 01:19:34.480]  你要跟他說
[01:19:34.480 --> 01:19:36.480]  有些地方
[01:19:36.480 --> 01:19:38.480]  身體某些部位
[01:19:38.480 --> 01:19:40.480]  你帶去撫摸
[01:19:40.480 --> 01:19:42.480]  你都會有情慾
[01:19:42.480 --> 01:19:44.480]  我們一定要說這些
[01:19:44.480 --> 01:19:46.480]  去提醒他們
[01:19:46.480 --> 01:19:48.480]  記不記得這套
[01:19:48.480 --> 01:19:50.480]  英國很出名的電視劇
[01:19:50.480 --> 01:19:52.480]  做父母的必定要看
[01:19:52.480 --> 01:19:54.480]  是甚麼
[01:19:54.480 --> 01:19:56.480]  這套電視劇
[01:19:56.480 --> 01:19:58.480]  經典是怎樣
[01:19:58.480 --> 01:20:00.480]  鏡頭直落
[01:20:00.480 --> 01:20:02.480]  如果失敗
[01:20:02.480 --> 01:20:04.480]  就大件事
[01:20:04.480 --> 01:20:06.480]  但這電視劇最重要帶出甚麼訊息
[01:20:06.480 --> 01:20:08.480]  就是細蚊仔會殺人
[01:20:08.480 --> 01:20:10.480]  因為被人笑他
[01:20:10.480 --> 01:20:12.480]  說他怎樣
[01:20:12.480 --> 01:20:14.480]  沒有女朋友
[01:20:14.480 --> 01:20:16.480]  所以他就去殺人
[01:20:16.480 --> 01:20:18.480]  你看這電視劇
[01:20:18.480 --> 01:20:20.480]  原來十多歲的細蚊仔
[01:20:20.480 --> 01:20:22.480]  在青春期裏面
[01:20:22.480 --> 01:20:24.480]  他們面對的是甚麼事
[01:20:24.480 --> 01:20:26.480]  正如我剛才所說
[01:20:26.480 --> 01:20:28.480]  你在少年時代
[01:20:28.480 --> 01:20:30.480]  父母有沒有好好的教你
[01:20:30.480 --> 01:20:32.480]  怎樣跟異性相處
[01:20:32.480 --> 01:20:34.480]  有沒有好好的教你
[01:20:34.480 --> 01:20:36.480]  怎樣面對戀愛的問題
[01:20:36.480 --> 01:20:38.480]  有沒有好好的教你
[01:20:38.480 --> 01:20:40.480]  你自己生理上的需要
[01:20:40.480 --> 01:20:44.480]  還有就是廣東話
[01:20:44.480 --> 01:20:46.480]  我沒有想過
[01:20:46.480 --> 01:20:48.480]  這麼快就差不多時間
[01:20:48.480 --> 01:20:50.480]  OK
[01:20:50.480 --> 01:20:52.480]  你記住現在的細蚊仔
[01:20:52.480 --> 01:20:54.480]  很小的時候過來
[01:20:54.480 --> 01:20:56.480]  他們會說廣東話
[01:20:56.480 --> 01:20:58.480]  但他們不說
[01:20:58.480 --> 01:21:00.480]  所以我都不開心
[01:21:00.480 --> 01:21:02.480]  後來我媳婦告訴我
[01:21:02.480 --> 01:21:04.480]  她全部用廣東話對話
[01:21:04.480 --> 01:21:06.480]  因為她在香港
[01:21:06.480 --> 01:21:08.480]  我對著她不是這樣
[01:21:08.480 --> 01:21:10.480]  因為她知道我會英文
[01:21:10.480 --> 01:21:12.480]  所以她不跟我說廣東話
[01:21:12.480 --> 01:21:14.480]  但她們的英文
[01:21:14.480 --> 01:21:16.480]  我又不太會因為那些鯉語
[01:21:16.480 --> 01:21:18.480]  所以我反而有些煩躁
[01:21:18.480 --> 01:21:20.480]  為何跟婆婆可以說廣東話
[01:21:20.480 --> 01:21:22.480]  對著我不說廣東話
[01:21:22.480 --> 01:21:24.480]  所以我們都需要去跟她說
[01:21:24.480 --> 01:21:26.480]  特別我們要說
[01:21:26.480 --> 01:21:28.480]  那個教育
[01:21:30.480 --> 01:21:32.480]  有幾套電影
[01:21:32.480 --> 01:21:34.480]  很值得大家去看
[01:21:34.480 --> 01:21:36.480]  第一套電影
[01:21:36.480 --> 01:21:38.480]  Billy Elliot
[01:21:38.480 --> 01:21:40.480]  有沒有人看過這套電影
[01:21:40.480 --> 01:21:44.480]  做父母的一定要看
[01:21:44.480 --> 01:21:48.480]  中文譯名叫跳出我天地
[01:21:48.480 --> 01:21:52.480]  這套電影做父母一定要看
[01:21:52.480 --> 01:21:54.480]  背景是甚麼
[01:21:54.480 --> 01:21:56.480]  是戴卓爾年代
[01:21:56.480 --> 01:21:58.480]  他爸爸已經死了太太
[01:21:58.480 --> 01:22:00.480]  有兩個兒子
[01:22:00.480 --> 01:22:02.480]  爸爸和大兒子做礦工
[01:22:02.480 --> 01:22:04.480]  小兒子
[01:22:04.480 --> 01:22:06.480]  他要他打拳
[01:22:06.480 --> 01:22:08.480]  但他喜歡跳芭蕾舞
[01:22:08.480 --> 01:22:10.480]  男生跳芭蕾舞
[01:22:10.480 --> 01:22:14.480]  爸爸和哥哥就說他太帥
[01:22:14.480 --> 01:22:16.480]  跳甚麼芭蕾舞
[01:22:16.480 --> 01:22:18.480]  不讓他
[01:22:18.480 --> 01:22:20.480]  但他靜悄悄去學
[01:22:20.480 --> 01:22:22.480]  他們住在偏僻的鄉村
[01:22:22.480 --> 01:22:24.480]  有個人教他跳舞
[01:22:24.480 --> 01:22:26.480]  有兩幕令我很激動
[01:22:26.480 --> 01:22:28.480]  爸爸知道他還在跳舞
[01:22:28.480 --> 01:22:30.480]  跑出去罵他
[01:22:30.480 --> 01:22:32.480]  他很生氣
[01:22:32.480 --> 01:22:34.480]  他不能和爸爸見面
[01:22:34.480 --> 01:22:36.480]  在爸爸面前不停跳舞
[01:22:36.480 --> 01:22:38.480]  用舞蹈發洩
[01:22:38.480 --> 01:22:40.480]  爸爸看呆了
[01:22:40.480 --> 01:22:42.480]  他走了
[01:22:42.480 --> 01:22:44.480]  那個醫醫跟他說
[01:22:44.480 --> 01:22:46.480]  你兒子在這方面很強有恩賜
[01:22:46.480 --> 01:22:48.480]  不過我都不會教他
[01:22:48.480 --> 01:22:50.480]  因為
[01:22:50.480 --> 01:22:52.480]  我已經教他的東西
[01:22:52.480 --> 01:22:54.480]  你應該送他去倫敦
[01:22:54.480 --> 01:22:56.480]  龍街芭蕾舞學院
[01:22:56.480 --> 01:22:58.480]  讓我們發揮他的所長
[01:22:58.480 --> 01:23:02.480]  爸爸聽到都感動
[01:23:02.480 --> 01:23:04.480]  原來那時戴卓爾年代
[01:23:04.480 --> 01:23:06.480]  要將礦產
[01:23:06.480 --> 01:23:08.480]  收歸國有
[01:23:08.480 --> 01:23:10.480]  所以礦工全部罷工
[01:23:10.480 --> 01:23:12.480]  當礦工全部罷工
[01:23:12.480 --> 01:23:14.480]  爸爸為了這個兒子
[01:23:14.480 --> 01:23:16.480]  他沒能力供他去
[01:23:16.480 --> 01:23:18.480]  於是他復工
[01:23:18.480 --> 01:23:20.480]  被大姐說
[01:23:20.480 --> 01:23:22.480]  你為何出賣我們
[01:23:22.480 --> 01:23:24.480]  鏡頭拍攝
[01:23:24.480 --> 01:23:26.480]  他們復工時
[01:23:26.480 --> 01:23:28.480]  車送他們回家
[01:23:28.480 --> 01:23:30.480]  其他工人扔石
[01:23:30.480 --> 01:23:32.480]  你們為何出賣我們
[01:23:32.480 --> 01:23:34.480]  我記得我在九龍灣德福看
[01:23:34.480 --> 01:23:36.480]  去到這一幕
[01:23:36.480 --> 01:23:38.480]  我一直捉住太太
[01:23:38.480 --> 01:23:40.480]  她摸摸我的臉
[01:23:40.480 --> 01:23:42.480]  我流淚流得很厲害
[01:23:42.480 --> 01:23:44.480]  很感動
[01:23:44.480 --> 01:23:46.480]  我賣了房子
[01:23:46.480 --> 01:23:48.480]  供我女兒來英國讀書
[01:23:48.480 --> 01:23:50.480]  在這一刻
[01:23:50.480 --> 01:23:52.480]  我感受很深
[01:23:52.480 --> 01:23:54.480]  我真的流淚
[01:23:54.480 --> 01:23:56.480]  我哭得很厲害
[01:23:56.480 --> 01:23:58.480]  但我想說
[01:23:58.480 --> 01:24:00.480]  他會依住情況造就她
[01:24:00.480 --> 01:24:02.480]  所以大家要看這套電影
[01:24:02.480 --> 01:24:04.480]  另一套最近很紅
[01:24:04.480 --> 01:24:06.480]  劉偉恒
[01:24:06.480 --> 01:24:08.480]  講彩虹邨
[01:24:08.480 --> 01:24:10.480]  有看吧
[01:24:10.480 --> 01:24:12.480]  好看
[01:24:12.480 --> 01:24:14.480]  他遲日會來英國
[01:24:14.480 --> 01:24:16.480]  搞報道會
[01:24:16.480 --> 01:24:18.480]  但他之前反起跑大聯盟
[01:24:18.480 --> 01:24:20.480]  我鼓勵你們跟細蚊仔一起看
[01:24:20.480 --> 01:24:22.480]  因為是講細蚊仔
[01:24:22.480 --> 01:24:24.480]  很touch
[01:24:24.480 --> 01:24:26.480]  讓他們聽到廣東話
[01:24:26.480 --> 01:24:28.480]  所以這件事
[01:24:28.480 --> 01:24:30.480]  好了
[01:24:30.480 --> 01:24:32.480]  我講多兩段就完
[01:24:32.480 --> 01:24:34.480]  我們作為
[01:24:34.480 --> 01:24:36.480]  香港的父母有幾樣東西要保留
[01:24:36.480 --> 01:24:38.480]  第一是要尊重
[01:24:38.480 --> 01:24:40.480]  因為那些臭小孩
[01:24:40.480 --> 01:24:42.480]  一百多公斤
[01:24:42.480 --> 01:24:44.480]  OK
[01:24:44.480 --> 01:24:46.480]  他的配偶聽住
[01:24:46.480 --> 01:24:48.480]  有三樣東西要保留
[01:24:48.480 --> 01:24:50.480]  就是要尊重
[01:24:50.480 --> 01:24:52.480]  尊重你們的細蚊仔
[01:24:52.480 --> 01:24:54.480]  還有
[01:24:54.480 --> 01:24:56.480]  有責任感
[01:24:56.480 --> 01:24:58.480]  有些事要交給他們去做
[01:24:58.480 --> 01:25:00.480]  因為英國的細蚊仔
[01:25:00.480 --> 01:25:02.480]  自己在學校都要做很多事
[01:25:02.480 --> 01:25:04.480]  在家庭有時
[01:25:04.480 --> 01:25:06.480]  不會讓他們做事
[01:25:06.480 --> 01:25:08.480]  不用怕
[01:25:08.480 --> 01:25:10.480]  讓他們承擔應有的責任
[01:25:10.480 --> 01:25:12.480]  還要重視家庭
[01:25:12.480 --> 01:25:14.480]  同樣有三樣東西要改變
[01:25:14.480 --> 01:25:16.480]  哪三樣東西要改變
[01:25:16.480 --> 01:25:18.480]  第一
[01:25:18.480 --> 01:25:20.480]  少一些命令
[01:25:20.480 --> 01:25:22.480]  然後
[01:25:22.480 --> 01:25:24.480]  多一些解釋
[01:25:24.480 --> 01:25:26.480]  這是很重要
[01:25:26.480 --> 01:25:28.480]  第二
[01:25:28.480 --> 01:25:30.480]  千萬不要跟別人比較
[01:25:30.480 --> 01:25:32.480]  誰誰就這樣
[01:25:32.480 --> 01:25:34.480]  你是怎樣呢
[01:25:34.480 --> 01:25:36.480]  你跟別人比較
[01:25:36.480 --> 01:25:38.480]  他也一樣
[01:25:38.480 --> 01:25:40.480]  你給我那麼少零用錢
[01:25:40.480 --> 01:25:42.480]  李嘉誠賺那麼多錢
[01:25:42.480 --> 01:25:44.480]  你要賺那麼多錢
[01:25:44.480 --> 01:25:46.480]  千萬不要
[01:25:46.480 --> 01:25:48.480]  你只要將他的強項發揮
[01:25:48.480 --> 01:25:50.480]  少一些控制
[01:25:50.480 --> 01:25:52.480]  多一些引導
[01:25:52.480 --> 01:25:54.480]  所以我們要用什麼呢
[01:25:54.480 --> 01:25:56.480]  香港家庭的責任感
[01:25:56.480 --> 01:25:58.480]  教導他們如何勤奮
[01:25:58.480 --> 01:26:00.480]  盡責
[01:26:00.480 --> 01:26:02.480]  配合英國的文化
[01:26:02.480 --> 01:26:04.480]  重視他們個人的自立
[01:26:04.480 --> 01:26:06.480]  自我尊重
[01:26:06.480 --> 01:26:08.480]  這是很重要的
[01:26:08.480 --> 01:26:10.480]  那
[01:26:10.480 --> 01:26:12.480]  接著
[01:26:12.480 --> 01:26:14.480]  孩子真正需要的
[01:26:14.480 --> 01:26:16.480]  記住
[01:26:16.480 --> 01:26:18.480]  不是一套很完美的文化
[01:26:18.480 --> 01:26:20.480]  而是他希望父母
[01:26:20.480 --> 01:26:22.480]  聽到他
[01:26:22.480 --> 01:26:24.480]  怎樣去表達他的心聲
[01:26:24.480 --> 01:26:26.480]  也都很樂意的
[01:26:26.480 --> 01:26:30.480]  來幫助他們成長
[01:26:30.480 --> 01:26:32.480]  這是很重要
[01:26:32.480 --> 01:26:34.480]  因為時間問題
[01:26:34.480 --> 01:26:36.480]  第二部分我是講聖經的
[01:26:36.480 --> 01:26:38.480]  第二部分是講
[01:26:38.480 --> 01:26:40.480]  新舊兩代情
[01:26:40.480 --> 01:26:42.480]  我是講舊約和新約
[01:26:42.480 --> 01:26:44.480]  我用了兩個人
[01:26:44.480 --> 01:26:46.480]  來做例證
[01:26:46.480 --> 01:26:48.480]  一個是大衛
[01:26:48.480 --> 01:26:50.480]  大衛絕對不是一個好爸爸
[01:26:50.480 --> 01:26:52.480]  最大問題是他愛自己的孩子
[01:26:52.480 --> 01:26:54.480]  沒有去表達
[01:26:54.480 --> 01:26:56.480]  其實他愛阿沙隆
[01:26:56.480 --> 01:26:58.480]  但阿沙隆要殺他
[01:26:58.480 --> 01:27:00.480]  他沒有去表達
[01:27:00.480 --> 01:27:02.480]  我也用新約
[01:27:02.480 --> 01:27:04.480]  新約就是保羅
[01:27:04.480 --> 01:27:06.480]  保羅怎樣和提摩太子的關係
[01:27:06.480 --> 01:27:08.480]  但是時間問題
[01:27:08.480 --> 01:27:10.480]  但是我曾經講過
[01:27:10.480 --> 01:27:12.480]  崇拜的講道
[01:27:12.480 --> 01:27:14.480]  我在烈師那裡講的
[01:27:14.480 --> 01:27:16.480]  放在YouTube那裡
[01:27:16.480 --> 01:27:18.480]  更加詳盡
[01:27:18.480 --> 01:27:20.480]  我鼓勵大家可以上網聽
[01:27:20.480 --> 01:27:22.480]  就是我用舊約的
[01:27:22.480 --> 01:27:24.480]  一個父親大衛
[01:27:24.480 --> 01:27:26.480]  和新約的屬靈父親保羅
[01:27:26.480 --> 01:27:28.480]  怎樣去造就提摩太子
[01:27:28.480 --> 01:27:30.480]  作出一個聖經裏面的教導
[01:27:30.480 --> 01:27:32.480]  大家可以去聽
[01:27:32.480 --> 01:27:34.480]  最後我想講
[01:27:34.480 --> 01:27:36.480]  我帶了一本小書
[01:27:36.480 --> 01:27:40.480]  這本書
[01:27:40.480 --> 01:27:42.480]  有中文和英文
[01:27:42.480 --> 01:27:46.480]  叫《喚心者》
[01:27:46.480 --> 01:27:48.480]  這本書是甚麼呢
[01:27:48.480 --> 01:27:50.480]  就是
[01:27:50.480 --> 01:27:52.480]  一位很好的作者
[01:27:52.480 --> 01:27:54.480]  沈偉儀
[01:27:54.480 --> 01:27:56.480]  他寫了很多這類的小書
[01:27:56.480 --> 01:27:58.480]  寫過《喬宏》、《宏偉恩》
[01:27:58.480 --> 01:28:00.480]  這裡是講一對夫婦
[01:28:00.480 --> 01:28:02.480]  我認識他
[01:28:02.480 --> 01:28:04.480]  曾經的職員
[01:28:04.480 --> 01:28:06.480]  他丈夫是一個警察
[01:28:06.480 --> 01:28:08.480]  出去玩女人
[01:28:08.480 --> 01:28:10.480]  賭錢、打老婆
[01:28:10.480 --> 01:28:12.480]  太太很想將他殺了
[01:28:12.480 --> 01:28:14.480]  但他是基督徒
[01:28:14.480 --> 01:28:16.480]  後來都不斷忍耐為他祈禱
[01:28:16.480 --> 01:28:18.480]  終於他丈夫都改變了
[01:28:18.480 --> 01:28:20.480]  那個生命的見證
[01:28:20.480 --> 01:28:22.480]  叫做《喚心者》
[01:28:22.480 --> 01:28:24.480]  我帶了很少的書來
[01:28:24.480 --> 01:28:26.480]  不多
[01:28:26.480 --> 01:28:28.480]  他讓我可以來給大家
[01:28:28.480 --> 01:28:30.480]  鼓勵大家
[01:28:30.480 --> 01:28:32.480]  去買這本書
[01:28:32.480 --> 01:28:34.480]  其實不是買
[01:28:34.480 --> 01:28:36.480]  是支持我的福音工作
[01:28:36.480 --> 01:28:38.480]  車費
[01:28:38.480 --> 01:28:40.480]  我下一年會去委內瑞拉
[01:28:40.480 --> 01:28:42.480]  一萬二千多元的機票
[01:28:42.480 --> 01:28:44.480]  這樣的時候
[01:28:44.480 --> 01:28:46.480]  大家可以來拿
[01:28:46.480 --> 01:28:48.480]  幾本都可以
[01:28:48.480 --> 01:28:50.480]  我再想鼓勵
[01:28:50.480 --> 01:28:52.480]  你真的上去聽
[01:28:52.480 --> 01:28:54.480]  《舊生兩代情》
[01:28:54.480 --> 01:28:56.480]  在Youtube打我的名字
[01:28:56.480 --> 01:28:58.480]  就會找到
[01:28:58.480 --> 01:29:00.480]  《永善論壇》就是講
[01:29:00.480 --> 01:29:02.480]  每個星期一些新的東西
[01:29:02.480 --> 01:29:04.480]  但打《梁永善》
[01:29:04.480 --> 01:29:06.480]  就是我的港道查經放在上面
[01:29:06.480 --> 01:29:08.480]  你打《梁永善》再打《舊生兩代情》
[01:29:08.480 --> 01:29:10.480]  不是很久
[01:29:10.480 --> 01:29:12.480]  上個幾月左右
[01:29:12.480 --> 01:29:14.480]  這篇新的港道
[01:29:14.480 --> 01:29:16.480]  大家可以在這方面再吸收
[01:29:16.480 --> 01:29:18.480]  無論如何多謝大家
[01:29:18.480 --> 01:29:20.480]  我為大家祈禱
[01:29:20.480 --> 01:29:22.480]  多謝你給我們機會
[01:29:22.480 --> 01:29:24.480]  來這個營會
[01:29:24.480 --> 01:29:26.480]  很願意拋磚引玉
[01:29:26.480 --> 01:29:28.480]  求神你自己幫助他們
[01:29:28.480 --> 01:29:30.480]  因為我們每一個做父母的
[01:29:30.480 --> 01:29:32.480]  其實都很大的壓力
[01:29:32.480 --> 01:29:34.480]  不單經濟的壓力
[01:29:34.480 --> 01:29:36.480]  怎樣陪伴我們的兒女一起成長
[01:29:36.480 --> 01:29:38.480]  怎樣關心他們
[01:29:38.480 --> 01:29:40.480]  亦都有好的溝通
[01:29:40.480 --> 01:29:42.480]  真的不容易
[01:29:42.480 --> 01:29:44.480]  你給我們有愛心、忍耐和智慧
[01:29:44.480 --> 01:29:46.480]  正如你忍耐我們
[01:29:46.480 --> 01:29:48.480]  繼續培育我們
[01:29:48.480 --> 01:29:50.480]  求神你親自來帶去祝福
[01:29:50.480 --> 01:29:52.480]  帶領我們以下的時間
[01:29:52.480 --> 01:29:54.480]  聽我們面前的祈禱交托
