
[00:00:00.000 --> 00:00:02.000]  好 各位姐妹晚安
[00:00:02.000 --> 00:00:07.000]  歡迎大家來到今晚的聚會
[00:00:07.000 --> 00:00:11.000]  上個禮拜 前個禮拜有講詩篇
[00:00:11.000 --> 00:00:15.000]  不過可能有些人不知道有沒有人有來到
[00:00:15.000 --> 00:00:17.000]  其實是一個系列
[00:00:17.000 --> 00:00:21.000]  都是從古近東或近東的傳統來看
[00:00:21.000 --> 00:00:23.000]  如果大家有來詩篇的那一晚
[00:00:23.000 --> 00:00:28.000]  就是從近東的傳統來看詩篇文案
[00:00:28.000 --> 00:00:31.000]  今天是第二課
[00:00:31.000 --> 00:00:35.000]  智慧傳統來看舊約的智慧文學
[00:00:35.000 --> 00:00:38.000]  還有一課 大家知不知道是講什麼的呢
[00:00:38.000 --> 00:00:40.000]  就是先知書
[00:00:40.000 --> 00:00:45.000]  從近東先知傳統來看舊約的先知書
[00:00:45.000 --> 00:00:47.000]  就是三國 三國的東西
[00:00:47.000 --> 00:00:51.000]  我不知道大家為什麼會對今晚有興趣
[00:00:51.000 --> 00:00:53.000]  就是這個智慧書
[00:00:53.000 --> 00:00:55.000]  其實我沒有講哪一段成經
[00:00:55.000 --> 00:00:57.000]  大家知不知道智慧書是講哪一段的呢
[00:00:57.000 --> 00:00:59.000]  哪一段的呢
[00:00:59.000 --> 00:01:01.000]  哪一段的呢
[00:01:01.000 --> 00:01:03.000]  (心言)
[00:01:03.000 --> 00:01:05.000]  我聽不到大家
[00:01:05.000 --> 00:01:07.000]  是約伯記大人說的呢
[00:01:07.000 --> 00:01:09.000]  (心言)
[00:01:09.000 --> 00:01:10.000]  心言 是的
[00:01:10.000 --> 00:01:12.000]  還有傳道書 是的
[00:01:12.000 --> 00:01:15.000]  這三個就是傳統文書 智慧文學
[00:01:15.000 --> 00:01:18.000]  還有聖經裡面 舊約裡面的智慧文學
[00:01:18.000 --> 00:01:20.000]  不過其實所謂的智慧書
[00:01:20.000 --> 00:01:22.000]  或者叫做Future智慧書
[00:01:22.000 --> 00:01:24.000]  是很廣闊的
[00:01:24.000 --> 00:01:27.000]  可能有些人會包括亞歌也不明白
[00:01:27.000 --> 00:01:30.000]  雖然亞歌的內容有少許不同
[00:01:30.000 --> 00:01:34.000]  但是為什麼會用智慧文化去定義呢
[00:01:34.000 --> 00:01:36.000]  原因很簡單
[00:01:36.000 --> 00:01:38.000]  就是智慧有什麼用呢
[00:01:38.000 --> 00:01:40.000]  智慧是教我們怎麼做人的
[00:01:40.000 --> 00:01:42.000]  教我們怎麼生活的 怎麼過生活的
[00:01:42.000 --> 00:01:44.000]  所以其實你可以說
[00:01:44.000 --> 00:01:46.000]  就是舊約裡面的書
[00:01:46.000 --> 00:01:48.000]  也都跟生活
[00:01:48.000 --> 00:01:50.000]  就是現世的生活比較大的關係
[00:01:50.000 --> 00:01:52.000]  就是心言 明言
[00:01:52.000 --> 00:01:54.000]  傳道書 還有白記
[00:01:54.000 --> 00:01:56.000]  亞歌也是
[00:01:56.000 --> 00:01:58.000]  為什麼呢 因為亞歌
[00:01:58.000 --> 00:02:00.000]  這個背景的那個題
[00:02:00.000 --> 00:02:02.000]  就是關於理想
[00:02:02.000 --> 00:02:04.000]  其中一個原則就是人際關係
[00:02:04.000 --> 00:02:06.000]  特別是男女的關係
[00:02:06.000 --> 00:02:08.000]  所以其實都可以說是很貼地的
[00:02:08.000 --> 00:02:10.000]  如果你說通常是智慧文學
[00:02:10.000 --> 00:02:12.000]  而近東呢
[00:02:12.000 --> 00:02:14.000]  所謂近東智慧傳統
[00:02:14.000 --> 00:02:17.000]  就想說沒有任何的古近東文件
[00:02:17.000 --> 00:02:19.000]  就稱自己為智慧文學的
[00:02:19.000 --> 00:02:22.000]  或者智慧的文件
[00:02:22.000 --> 00:02:24.000]  所以這個講法
[00:02:24.000 --> 00:02:26.000]  其實可以說是一個
[00:02:26.000 --> 00:02:28.000]  學者的演繹
[00:02:28.000 --> 00:02:30.000]  你可以說是由
[00:02:30.000 --> 00:02:32.000]  舊約的所謂智慧文學
[00:02:32.000 --> 00:02:34.000]  去想和去看
[00:02:34.000 --> 00:02:36.000]  究竟古近東類似的題材
[00:02:36.000 --> 00:02:38.000]  或者類似的文學
[00:02:38.000 --> 00:02:39.000]  是什麼呢
[00:02:39.000 --> 00:02:41.000]  所以就沒有說一個文件找
[00:02:41.000 --> 00:02:43.000]  或者一個文找
[00:02:43.000 --> 00:02:45.000]  就叫自己是古近東的智慧文學
[00:02:45.000 --> 00:02:47.000]  沒有的 純粹是一個學者的歸類
[00:02:47.000 --> 00:02:49.000]  大概他和《針研》
[00:02:49.000 --> 00:02:51.000]  《約法紀》和《傳道書》
[00:02:51.000 --> 00:02:52.000]  有少少相似的
[00:02:52.000 --> 00:02:54.000]  一會兒我們都會看看
[00:02:54.000 --> 00:02:56.000]  有什麼文學和文件有些相似
[00:02:56.000 --> 00:02:58.000]  如果我們有印象
[00:02:58.000 --> 00:03:00.000]  其實舊約的智慧文學
[00:03:00.000 --> 00:03:01.000]  主要三段
[00:03:01.000 --> 00:03:03.000]  就是剛才我讀過的
[00:03:03.000 --> 00:03:04.000]  《針研》
[00:03:04.000 --> 00:03:06.000]  《傳道書》和《約法紀》
[00:03:06.000 --> 00:03:08.000]  如果我們看的時候
[00:03:08.000 --> 00:03:10.000]  這三段講的東西都很不同
[00:03:10.000 --> 00:03:12.000]  就是《針研》
[00:03:12.000 --> 00:03:14.000]  就不是一個故事
[00:03:14.000 --> 00:03:16.000]  某程度上是一節一節的
[00:03:16.000 --> 00:03:18.000]  一節一節看的都可以
[00:03:18.000 --> 00:03:19.000]  純粹《針研》
[00:03:19.000 --> 00:03:20.000]  你可以說
[00:03:20.000 --> 00:03:21.000]  查經歷過
[00:03:21.000 --> 00:03:22.000]  都可以用查法的
[00:03:22.000 --> 00:03:26.000]  你可以看我們同事的一個個段落
[00:03:26.000 --> 00:03:28.000]  但是《針研》
[00:03:28.000 --> 00:03:30.000]  比較難是一個個段落去查
[00:03:30.000 --> 00:03:32.000]  或者一組組的經文去查
[00:03:32.000 --> 00:03:34.000]  有些時候就比較一個
[00:03:34.000 --> 00:03:36.000]  所謂一個課題
[00:03:36.000 --> 00:03:38.000]  一個叫做topic
[00:03:38.000 --> 00:03:39.000]  topical這樣查
[00:03:39.000 --> 00:03:41.000]  就是一個個課題去查
[00:03:41.000 --> 00:03:42.000]  因為一節一節
[00:03:42.000 --> 00:03:43.000]  都是講不同的課題
[00:03:43.000 --> 00:03:44.000]  這樣的《針研》
[00:03:44.000 --> 00:03:45.000]  如果我們看《針研》
[00:03:45.000 --> 00:03:46.000]  就是講一些比較
[00:03:46.000 --> 00:03:48.000]  所謂常規的
[00:03:48.000 --> 00:03:50.000]  常規的智慧
[00:03:50.000 --> 00:03:51.000]  什麼叫常規呢
[00:03:51.000 --> 00:03:52.000]  常規意思就是說
[00:03:52.000 --> 00:03:54.000]  我們預期
[00:03:54.000 --> 00:03:57.000]  在生活的常態
[00:03:57.000 --> 00:03:59.000]  或者常規的教導
[00:03:59.000 --> 00:04:01.000]  和中途是應該這樣的
[00:04:01.000 --> 00:04:02.000]  如果簡單一點
[00:04:02.000 --> 00:04:03.000]  用八個字來歸納
[00:04:03.000 --> 00:04:04.000]  就可能叫做
[00:04:04.000 --> 00:04:07.000]  善有善報,惡有惡報
[00:04:07.000 --> 00:04:09.000]  如果你行義行善
[00:04:09.000 --> 00:04:10.000]  你就應該會有
[00:04:10.000 --> 00:04:11.000]  好的經歷
[00:04:11.000 --> 00:04:13.000]  或者好的回報
[00:04:13.000 --> 00:04:15.000]  如果你走得不好
[00:04:15.000 --> 00:04:16.000]  或者做了一些不好的事
[00:04:16.000 --> 00:04:18.000]  可能相應來說
[00:04:18.000 --> 00:04:20.000]  都是會有一個不好的回報
[00:04:20.000 --> 00:04:21.000]  甚至叫做報應
[00:04:21.000 --> 00:04:22.000]  叫做常規
[00:04:22.000 --> 00:04:23.000]  常態的意思就是
[00:04:23.000 --> 00:04:25.000]  predictable的
[00:04:25.000 --> 00:04:26.000]  可預期的
[00:04:26.000 --> 00:04:28.000]  可以用一個常來先介紹
[00:04:28.000 --> 00:04:29.000]  所謂智慧文學
[00:04:29.000 --> 00:04:30.000]  其實都是有或者要看的
[00:04:30.000 --> 00:04:32.000]  《針研》是一個常態
[00:04:32.000 --> 00:04:34.000]  或者常規的智慧
[00:04:34.000 --> 00:04:36.000]  如果是200多
[00:04:36.000 --> 00:04:40.000]  就要大家用一個常來解釋
[00:04:40.000 --> 00:04:44.000]  所謂常態的《針研》
[00:04:44.000 --> 00:04:46.000]  《楊伯記》很明顯就
[00:04:46.000 --> 00:04:47.000]  應該不是常態
[00:04:47.000 --> 00:04:49.000]  叫做反常
[00:04:49.000 --> 00:04:50.000]  反過來的
[00:04:50.000 --> 00:04:51.000]  為什麼呢?
[00:04:51.000 --> 00:04:52.000]  因為《楊伯記》的故事
[00:04:52.000 --> 00:04:53.000]  我們都知道
[00:04:53.000 --> 00:04:55.000]  楊伯是一個異人
[00:04:55.000 --> 00:04:57.000]  但是他遭受苦難
[00:04:57.000 --> 00:04:58.000]  所謂異因
[00:04:58.000 --> 00:05:00.000]  好像不是得而報
[00:05:00.000 --> 00:05:02.000]  叫做反常
[00:05:02.000 --> 00:05:04.000]  《傳道書》呢
[00:05:04.000 --> 00:05:05.000]  就是無常
[00:05:05.000 --> 00:05:07.000]  因為他不是講一個故事
[00:05:07.000 --> 00:05:09.000]  他只是講一些的反思
[00:05:09.000 --> 00:05:10.000]  一些物理
[00:05:10.000 --> 00:05:11.000]  一些人生反思
[00:05:11.000 --> 00:05:12.000]  但是他都提到
[00:05:12.000 --> 00:05:14.000]  一個的主要就是反常
[00:05:14.000 --> 00:05:15.000]  不是反常
[00:05:15.000 --> 00:05:16.000]  無常
[00:05:16.000 --> 00:05:17.000]  有些是無定的
[00:05:17.000 --> 00:05:18.000]  不確定的
[00:05:18.000 --> 00:05:20.000]  你很難把握的
[00:05:20.000 --> 00:05:21.000]  我們今天
[00:05:21.000 --> 00:05:22.000]  通常研讀《傳道書》
[00:05:22.000 --> 00:05:23.000]  其中一個很明顯的主題
[00:05:23.000 --> 00:05:25.000]  就是叫做虛空
[00:05:25.000 --> 00:05:26.000]  我們從第一章開始
[00:05:26.000 --> 00:05:28.000]  都會看到虛空的主題
[00:05:28.000 --> 00:05:29.000]  虛空呢
[00:05:29.000 --> 00:05:30.000]  其實那個字的意思
[00:05:30.000 --> 00:05:31.000]  叫做是氣候
[00:05:31.000 --> 00:05:32.000]  或者空氣
[00:05:32.000 --> 00:05:33.000]  為什麼是空氣呢?
[00:05:33.000 --> 00:05:35.000]  就是因為你捉不緊的
[00:05:35.000 --> 00:05:36.000]  你捉不到的
[00:05:36.000 --> 00:05:37.000]  你想捉得緊
[00:05:37.000 --> 00:05:39.000]  就是一個常態
[00:05:39.000 --> 00:05:40.000]  或者常規
[00:05:40.000 --> 00:05:41.000]  或者是可以起
[00:05:41.000 --> 00:05:42.000]  但是《傳道書》裡面
[00:05:42.000 --> 00:05:43.000]  發生來說
[00:05:43.000 --> 00:05:45.000]  似乎不是這樣捉得緊的
[00:05:45.000 --> 00:05:46.000]  生活的原則
[00:05:46.000 --> 00:05:47.000]  不是這樣捉得緊的
[00:05:47.000 --> 00:05:48.000]  這個呢
[00:05:48.000 --> 00:05:49.000]  就叫做是
[00:05:49.000 --> 00:05:50.000]  就是用常來講
[00:05:50.000 --> 00:05:51.000]  一個常態
[00:05:51.000 --> 00:05:52.000]  或者叫正常
[00:05:52.000 --> 00:05:53.000]  真言行叫常態
[00:05:53.000 --> 00:05:55.000]  或者正常的智慧
[00:05:55.000 --> 00:05:57.000]  《一百記》就反常
[00:05:57.000 --> 00:05:58.000]  《傳道書》呢
[00:05:58.000 --> 00:05:59.000]  就無常
[00:05:59.000 --> 00:06:00.000]  那麼呢
[00:06:00.000 --> 00:06:01.000]  這三本書呢
[00:06:01.000 --> 00:06:02.000]  就統稱為智慧文學
[00:06:02.000 --> 00:06:03.000]  因為今天呢
[00:06:03.000 --> 00:06:06.000]  稱為智慧書
[00:06:06.000 --> 00:06:07.000]  我今天也是集中
[00:06:07.000 --> 00:06:08.000]  這三本來講的
[00:06:08.000 --> 00:06:10.000]  因為時間有限
[00:06:10.000 --> 00:06:12.000]  就主要集中這三本
[00:06:12.000 --> 00:06:14.000]  本來也有三本沒啞過
[00:06:14.000 --> 00:06:16.000]  不過可能三本已經很久了
[00:06:16.000 --> 00:06:17.000]  也就是兩小時
[00:06:17.000 --> 00:06:19.000]  先講真言
[00:06:19.000 --> 00:06:21.000]  真言就啞了還想的
[00:06:21.000 --> 00:06:23.000]  你可以一早早
[00:06:23.000 --> 00:06:24.000]  英文呢
[00:06:24.000 --> 00:06:26.000]  去留意一下文學的結構
[00:06:26.000 --> 00:06:28.000]  也都可以一節節地看
[00:06:28.000 --> 00:06:29.000]  是很實用的
[00:06:29.000 --> 00:06:30.000]  那麼古近東的一些
[00:06:30.000 --> 00:06:32.000]  所謂智慧傳統呢
[00:06:32.000 --> 00:06:33.000]  其實呢
[00:06:33.000 --> 00:06:34.000]  怎麼看智慧的呢?
[00:06:34.000 --> 00:06:36.000]  故然我剛才提過
[00:06:36.000 --> 00:06:37.000]  就很為一個文獻
[00:06:37.000 --> 00:06:39.000]  就說自己是智慧文學
[00:06:39.000 --> 00:06:40.000]  不過呢
[00:06:40.000 --> 00:06:41.000]  大概呢
[00:06:41.000 --> 00:06:42.000]  如果歸一課呢
[00:06:42.000 --> 00:06:44.000]  智慧是在講什麼呢?
[00:06:44.000 --> 00:06:45.000]  就是教導人呢
[00:06:45.000 --> 00:06:47.000]  是怎樣過一個生活呢
[00:06:47.000 --> 00:06:48.000]  是會過得好一點的
[00:06:48.000 --> 00:06:49.000]  那麼你或者會體會
[00:06:49.000 --> 00:06:52.000]  是叫做成功的生活之道
[00:06:52.000 --> 00:06:54.000]  或者順利的生活之道
[00:06:54.000 --> 00:06:55.000]  那麼智慧
[00:06:55.000 --> 00:06:56.000]  所以是在講
[00:06:56.000 --> 00:06:57.000]  可能我們今天講智慧呢
[00:06:57.000 --> 00:06:59.000]  特別如果從希臘接學呢
[00:06:59.000 --> 00:07:01.000]  通常不是那種的
[00:07:01.000 --> 00:07:02.000]  就是不是那種
[00:07:02.000 --> 00:07:04.000]  一些層面或者哲學
[00:07:04.000 --> 00:07:05.000]  理念層面
[00:07:05.000 --> 00:07:06.000]  而是很實際的
[00:07:06.000 --> 00:07:08.000]  怎樣過一個好的生活
[00:07:08.000 --> 00:07:09.000]  怎樣順利
[00:07:09.000 --> 00:07:10.000]  順便怎樣成功
[00:07:10.000 --> 00:07:11.000]  是很貼地的
[00:07:11.000 --> 00:07:13.000]  那麼所以就
[00:07:13.000 --> 00:07:14.000]  其實智慧文學呢
[00:07:14.000 --> 00:07:15.000]  就是在講
[00:07:15.000 --> 00:07:17.000]  就是生活不同的面向
[00:07:17.000 --> 00:07:19.000]  特別是可能很多方面的
[00:07:19.000 --> 00:07:21.000]  就是怎樣跟人建立關係
[00:07:21.000 --> 00:07:23.000]  怎樣在你的工作裏面
[00:07:23.000 --> 00:07:24.000]  去行智慧人
[00:07:24.000 --> 00:07:25.000]  處事
[00:07:25.000 --> 00:07:27.000]  或者你的品界
[00:07:27.000 --> 00:07:29.000]  那麼其實
[00:07:29.000 --> 00:07:31.000]  古近東的智慧文學的傳統
[00:07:31.000 --> 00:07:34.000]  其實就早似公元前
[00:07:34.000 --> 00:07:35.000]  大概可能
[00:07:35.000 --> 00:07:37.000]  三千五百年開始都有的
[00:07:37.000 --> 00:07:38.000]  不過最早期呢
[00:07:38.000 --> 00:07:40.000]  其實就比較簡單的
[00:07:40.000 --> 00:07:41.000]  可能就是一些
[00:07:41.000 --> 00:07:43.000]  很簡單的一些格言
[00:07:43.000 --> 00:07:44.000]  但去到後來呢
[00:07:44.000 --> 00:07:47.000]  比較多所謂的一些故事
[00:07:47.000 --> 00:07:48.000]  或者甚至乎整個文化
[00:07:48.000 --> 00:07:49.000]  文學體系
[00:07:49.000 --> 00:07:51.000]  是後期慢慢發展的
[00:07:51.000 --> 00:07:52.000]  那麼如果你說
[00:07:52.000 --> 00:07:54.000]  其中一個比較早呢
[00:07:54.000 --> 00:07:56.000]  產生所謂智慧傳統呢
[00:07:56.000 --> 00:07:57.000]  就是在一個叫做
[00:07:57.000 --> 00:07:59.000]  書裏教的文學裏
[00:07:59.000 --> 00:08:01.000]  就是以前呢
[00:08:01.000 --> 00:08:02.000]  原來有些人呢
[00:08:02.000 --> 00:08:03.000]  抄寫一些文學
[00:08:03.000 --> 00:08:05.000]  包括我們舊的聖經呢
[00:08:05.000 --> 00:08:06.000]  有些叫做文士
[00:08:06.000 --> 00:08:09.000]  這個書裏其實有一個古典
[00:08:09.000 --> 00:08:11.000]  這個詞語就是文士
[00:08:11.000 --> 00:08:12.000]  文士學校
[00:08:12.000 --> 00:08:14.000]  或者文士的階層
[00:08:14.000 --> 00:08:16.000]  他們負責抄寫
[00:08:16.000 --> 00:08:17.000]  抄寫一些文件
[00:08:17.000 --> 00:08:19.000]  包括我們今天舊的聖經
[00:08:19.000 --> 00:08:21.000]  都是文士所抄寫的
[00:08:21.000 --> 00:08:25.000]  原來那個所謂的主敬
[00:08:25.000 --> 00:08:27.000]  是由一些文士來負責
[00:08:27.000 --> 00:08:29.000]  抄寫一些文字
[00:08:29.000 --> 00:08:31.000]  所以和所謂的書裏教育
[00:08:31.000 --> 00:08:33.000]  或者叫做智慧的傳承
[00:08:33.000 --> 00:08:35.000]  或者叫做文士教育的傳承
[00:08:35.000 --> 00:08:36.000]  是很有關係的
[00:08:36.000 --> 00:08:37.000]  那麼就
[00:08:37.000 --> 00:08:39.000]  簡單介紹一下
[00:08:39.000 --> 00:08:41.000]  古近東的書裏教育
[00:08:41.000 --> 00:08:42.000]  可能就
[00:08:42.000 --> 00:08:43.000]  那個不是很可能
[00:08:43.000 --> 00:08:45.000]  那麼大概就
[00:08:45.000 --> 00:08:46.000]  智慧文學呢
[00:08:46.000 --> 00:08:48.000]  其實就最早就根於
[00:08:48.000 --> 00:08:49.000]  可以說是有兩個地方
[00:08:49.000 --> 00:08:51.000]  一個叫做Sumerian
[00:08:51.000 --> 00:08:52.000]  蘇美叫做
[00:08:52.000 --> 00:08:53.000]  我稱之為蘇美
[00:08:53.000 --> 00:08:55.000]  另一邊廂就是
[00:08:55.000 --> 00:08:57.000]  你可以說
[00:08:57.000 --> 00:08:58.000]  左邊和右邊
[00:08:58.000 --> 00:08:59.000]  可以看到
[00:08:59.000 --> 00:09:01.000]  那麼蘇美呢
[00:09:01.000 --> 00:09:03.000]  其實就以前的文士學校
[00:09:03.000 --> 00:09:06.000]  叫做黎坂之屋
[00:09:06.000 --> 00:09:07.000]  Dupa
[00:09:07.000 --> 00:09:08.000]  有名的
[00:09:08.000 --> 00:09:09.000]  黎坂之屋
[00:09:09.000 --> 00:09:10.000]  回之就是以前
[00:09:10.000 --> 00:09:12.000]  所謂的美索不達
[00:09:12.000 --> 00:09:14.000]  就是抄寫那些黎坂
[00:09:14.000 --> 00:09:16.000]  涉嫌文字來的
[00:09:16.000 --> 00:09:18.000]  當然就蘇美文呢
[00:09:18.000 --> 00:09:20.000]  就是比較張揚一點點的
[00:09:20.000 --> 00:09:21.000]  阿卡特文呢
[00:09:21.000 --> 00:09:22.000]  就叫做涉嫌文字
[00:09:22.000 --> 00:09:23.000]  那麼我們抄
[00:09:23.000 --> 00:09:24.000]  那可以做什麼呢
[00:09:24.000 --> 00:09:25.000]  就是說明
[00:09:25.000 --> 00:09:27.000]  是一個書來教育
[00:09:27.000 --> 00:09:29.000]  最主要是訓練那些
[00:09:29.000 --> 00:09:30.000]  所謂書理
[00:09:30.000 --> 00:09:31.000]  那些文史
[00:09:31.000 --> 00:09:33.000]  怎樣去寫字
[00:09:33.000 --> 00:09:36.000]  怎樣去傳承他們的文學
[00:09:36.000 --> 00:09:38.000]  主要是作為教育
[00:09:38.000 --> 00:09:41.000]  其實最開始的文件
[00:09:41.000 --> 00:09:42.000]  都很基本的
[00:09:42.000 --> 00:09:43.000]  因為實用
[00:09:43.000 --> 00:09:44.000]  所謂的智慧文學
[00:09:44.000 --> 00:09:45.000]  傳統最開頭
[00:09:45.000 --> 00:09:47.000]  都是很實用的
[00:09:47.000 --> 00:09:48.000]  所以意思是什麼呢
[00:09:48.000 --> 00:09:51.000]  就是都叫做處理生活裡面
[00:09:51.000 --> 00:09:52.000]  需要的需要
[00:09:52.000 --> 00:09:53.000]  例如是什麼呢
[00:09:53.000 --> 00:09:54.000]  最開始抄寫的那些
[00:09:54.000 --> 00:09:56.000]  就不是後來
[00:09:56.000 --> 00:09:58.000]  周年那些都比較高階一點
[00:09:58.000 --> 00:09:59.000]  就是教育你品格
[00:09:59.000 --> 00:10:01.000]  怎樣做人處事那些
[00:10:01.000 --> 00:10:02.000]  一開始那些
[00:10:02.000 --> 00:10:05.000]  可能是一些很實際的用途
[00:10:05.000 --> 00:10:06.000]  例如是什麼呢
[00:10:06.000 --> 00:10:07.000]  例如買賣的交易
[00:10:07.000 --> 00:10:09.000]  例如合約
[00:10:09.000 --> 00:10:10.000]  就是一些可能大學
[00:10:10.000 --> 00:10:11.000]  我們今天都有的
[00:10:11.000 --> 00:10:12.000]  一些很實用的
[00:10:12.000 --> 00:10:13.000]  就是你可能甚至乎
[00:10:13.000 --> 00:10:14.000]  可能再後期一點
[00:10:14.000 --> 00:10:16.000]  有一些叫做六法傳統
[00:10:16.000 --> 00:10:18.000]  就是可能如果你得罪了人
[00:10:18.000 --> 00:10:19.000]  你虧待了人
[00:10:19.000 --> 00:10:20.000]  那麼你怎樣處理呢
[00:10:20.000 --> 00:10:21.000]  就是這些的
[00:10:21.000 --> 00:10:23.000]  這些是一些比較集中在
[00:10:23.000 --> 00:10:24.000]  所謂商貿
[00:10:24.000 --> 00:10:26.000]  或者是六法的典故裡面
[00:10:26.000 --> 00:10:29.000]  這個是所謂的etuba
[00:10:29.000 --> 00:10:32.000]  是一些訓練行政的需要
[00:10:32.000 --> 00:10:33.000]  或者可能當中
[00:10:33.000 --> 00:10:35.000]  一些文字的能力的傳遞
[00:10:35.000 --> 00:10:37.000]  那麼埃及宮廷呢
[00:10:37.000 --> 00:10:39.000]  就稍為是比較
[00:10:39.000 --> 00:10:41.000]  所謂發展成熟一點的
[00:10:41.000 --> 00:10:42.000]  原因呢
[00:10:42.000 --> 00:10:43.000]  它的用途集中在
[00:10:43.000 --> 00:10:45.000]  我們都聽過法老
[00:10:45.000 --> 00:10:46.000]  就是埃及王
[00:10:46.000 --> 00:10:48.000]  那麼法老宮廷裡面
[00:10:48.000 --> 00:10:49.000]  就培育了一些文官
[00:10:49.000 --> 00:10:51.000]  就強調處世義德
[00:10:51.000 --> 00:10:52.000]  和社會規範
[00:10:52.000 --> 00:10:54.000]  那麼下面就是埃及
[00:10:54.000 --> 00:10:55.000]  上面就叫做蘇美
[00:10:55.000 --> 00:10:57.000]  或者後來叫做巴比倫
[00:10:57.000 --> 00:10:58.000]  那麼中間呢
[00:10:58.000 --> 00:10:59.000]  也就是我們今天
[00:10:59.000 --> 00:11:00.000]  舊的聖經呢
[00:11:00.000 --> 00:11:01.000]  的暗心地呢
[00:11:01.000 --> 00:11:02.000]  就是迦蘭
[00:11:02.000 --> 00:11:04.000]  就是我們聽過的地方
[00:11:04.000 --> 00:11:05.000]  就是以色列人呢
[00:11:05.000 --> 00:11:07.000]  所謂的迦蘭地
[00:11:07.000 --> 00:11:08.000]  就是中間
[00:11:08.000 --> 00:11:09.000]  中間呢
[00:11:09.000 --> 00:11:11.000]  就是今天稱之為敘利亞
[00:11:11.000 --> 00:11:12.000]  或者巴勒斯坦
[00:11:12.000 --> 00:11:13.000]  這樣的地方
[00:11:13.000 --> 00:11:14.000]  那麼這個地方
[00:11:14.000 --> 00:11:15.000]  特別的地方呢
[00:11:15.000 --> 00:11:16.000]  是什麼呢
[00:11:16.000 --> 00:11:17.000]  就是它玩花座
[00:11:17.000 --> 00:11:19.000]  或者叫做它是處於一個中間的地方
[00:11:19.000 --> 00:11:20.000]  又是下面呢
[00:11:20.000 --> 00:11:21.000]  吸收到呢
[00:11:21.000 --> 00:11:23.000]  就是埃及那些宮廷智慧
[00:11:23.000 --> 00:11:24.000]  又是呢
[00:11:24.000 --> 00:11:25.000]  就是含納
[00:11:25.000 --> 00:11:26.000]  吸收到上面那些
[00:11:26.000 --> 00:11:27.000]  所謂叫做美索不納
[00:11:27.000 --> 00:11:29.000]  迷雅那些智慧傳統
[00:11:29.000 --> 00:11:30.000]  有什麼分別呢
[00:11:30.000 --> 00:11:31.000]  再講得具體一點
[00:11:31.000 --> 00:11:32.000]  就是上面那些呢
[00:11:32.000 --> 00:11:34.000]  就是比較是處理一些
[00:11:34.000 --> 00:11:36.000]  就是可能人際的
[00:11:36.000 --> 00:11:37.000]  一些實際的用途
[00:11:37.000 --> 00:11:38.000]  剛才講提過那些了
[00:11:38.000 --> 00:11:39.000]  就是商貿啊
[00:11:39.000 --> 00:11:41.000]  勞法的傳統
[00:11:41.000 --> 00:11:43.000]  那麼下面的埃及宮廷呢
[00:11:43.000 --> 00:11:44.000]  就可能多一點點
[00:11:44.000 --> 00:11:45.000]  是宮廷教育的
[00:11:45.000 --> 00:11:47.000]  所以我們在針研裡面呢
[00:11:47.000 --> 00:11:48.000]  其實呢
[00:11:48.000 --> 00:11:49.000]  如果有留意裡面的一些針研呢
[00:11:49.000 --> 00:11:51.000]  其實就不是教一般人的
[00:11:51.000 --> 00:11:52.000]  是教什麼人呢
[00:11:52.000 --> 00:11:54.000]  是教在宮廷裡面呢
[00:11:54.000 --> 00:11:56.000]  你是要留意你的位置
[00:11:56.000 --> 00:11:58.000]  你要怎樣對待這些長官
[00:11:58.000 --> 00:11:59.000]  或者你是要
[00:11:59.000 --> 00:12:01.000]  在上司和下屬中間呢
[00:12:01.000 --> 00:12:02.000]  你是怎樣處事
[00:12:02.000 --> 00:12:03.000]  就是這樣等等
[00:12:03.000 --> 00:12:04.000]  你見到呢
[00:12:04.000 --> 00:12:06.000]  就是坐下吃飯的時候
[00:12:06.000 --> 00:12:07.000]  你都要留意
[00:12:07.000 --> 00:12:08.000]  有什麼位置呢
[00:12:08.000 --> 00:12:10.000]  是你的位置才適合坐的
[00:12:10.000 --> 00:12:11.000]  就不要見到那個位置呢
[00:12:11.000 --> 00:12:12.000]  就坐下去
[00:12:12.000 --> 00:12:14.000]  就是有類似這樣的教育
[00:12:14.000 --> 00:12:16.000]  這些就是反映埃及
[00:12:16.000 --> 00:12:17.000]  去到後來呢
[00:12:17.000 --> 00:12:19.000]  巴勒斯坦到加拿大
[00:12:19.000 --> 00:12:22.000]  之後甚至有些故事
[00:12:22.000 --> 00:12:23.000]  我們今天呢
[00:12:23.000 --> 00:12:24.000]  就舊的聖經裡面呢
[00:12:24.000 --> 00:12:26.000]  都有些叫智慧的故事
[00:12:26.000 --> 00:12:28.000]  如果我們可能不想呢
[00:12:28.000 --> 00:12:30.000]  都可能想得到的
[00:12:30.000 --> 00:12:31.000]  就例如是什麼呢
[00:12:31.000 --> 00:12:33.000]  弱勢的故事
[00:12:33.000 --> 00:12:34.000]  就是弱勢
[00:12:34.000 --> 00:12:35.000]  都是一個智慧的故事
[00:12:35.000 --> 00:12:37.000]  或者是特蘭爾尼的故事
[00:12:37.000 --> 00:12:38.000]  這個更加明顯了
[00:12:38.000 --> 00:12:39.000]  就是特蘭爾尼是一個宮廷
[00:12:39.000 --> 00:12:40.000]  或者是沙漠的朋友
[00:12:40.000 --> 00:12:41.000]  在宮廷裡面
[00:12:41.000 --> 00:12:42.000]  這些都是講什麼叫智慧呢
[00:12:42.000 --> 00:12:43.000]  就是他怎樣呢
[00:12:43.000 --> 00:12:45.000]  去避免到一些危難
[00:12:45.000 --> 00:12:46.000]  危機
[00:12:46.000 --> 00:12:48.000]  然後能夠存活到
[00:12:48.000 --> 00:12:50.000]  或者能夠甚至成功
[00:12:50.000 --> 00:12:52.000]  順利比和越納
[00:12:52.000 --> 00:12:54.000]  有多少少這些故事呢
[00:12:54.000 --> 00:12:55.000]  就發展在中間
[00:12:55.000 --> 00:12:57.000]  所謂巴勒斯坦
[00:12:57.000 --> 00:12:58.000]  加拿
[00:12:58.000 --> 00:13:00.000]  如果用文學的點子來講
[00:13:00.000 --> 00:13:01.000]  就是加拿文學
[00:13:01.000 --> 00:13:03.000]  或者是阿蘭文學
[00:13:03.000 --> 00:13:05.000]  等等這樣的地方
[00:13:05.000 --> 00:13:06.000]  大概這樣的地域
[00:13:06.000 --> 00:13:08.000]  那麼就
[00:13:08.000 --> 00:13:10.000]  講一講那個尊嚴
[00:13:10.000 --> 00:13:13.000]  就是那個傳統
[00:13:13.000 --> 00:13:14.000]  其實都是
[00:13:14.000 --> 00:13:16.000]  一節一節經文去看
[00:13:16.000 --> 00:13:17.000]  不過如果我們看的時候
[00:13:17.000 --> 00:13:18.000]  其實有很多
[00:13:18.000 --> 00:13:20.000]  所謂和埃及的
[00:13:20.000 --> 00:13:22.000]  一些品格的文學
[00:13:22.000 --> 00:13:23.000]  或者智慧文學
[00:13:23.000 --> 00:13:24.000]  是很相類的
[00:13:24.000 --> 00:13:25.000]  例如這裡就是
[00:13:25.000 --> 00:13:26.000]  有一個叫做
[00:13:26.000 --> 00:13:28.000]  instruction of animo
[00:13:28.000 --> 00:13:30.000]  就是阿曼尼摩比
[00:13:30.000 --> 00:13:31.000]  分部的人
[00:13:31.000 --> 00:13:32.000]  那麼你看下去的時候
[00:13:32.000 --> 00:13:34.000]  其實都是教導人
[00:13:34.000 --> 00:13:35.000]  怎樣做人的
[00:13:35.000 --> 00:13:37.000]  特別是很近的品格
[00:13:37.000 --> 00:13:38.000]  這個就提到說
[00:13:38.000 --> 00:13:40.000]  那在神廟中急躁的人
[00:13:40.000 --> 00:13:43.000]  他就將一棵長在室外的樹
[00:13:43.000 --> 00:13:45.000]  其樹其芽之芽
[00:13:45.000 --> 00:13:47.000]  之芽的生長只在一瞬之間
[00:13:47.000 --> 00:13:49.000]  但那真正靜默的人
[00:13:49.000 --> 00:13:52.000]  那麼這裡就譯為Silent Man
[00:13:52.000 --> 00:13:55.000]  他就將一棵長在草地上的樹
[00:13:55.000 --> 00:13:57.000]  他常稱翠綠
[00:13:57.000 --> 00:13:58.000]  他的產能較好
[00:13:58.000 --> 00:13:59.000]  他的果實更甜
[00:13:59.000 --> 00:14:01.000]  他的樹又嫩
[00:14:01.000 --> 00:14:02.000]  那麼看這個描述
[00:14:02.000 --> 00:14:04.000]  大家有沒有想起一些經文
[00:14:04.000 --> 00:14:06.000]  有的
[00:14:06.000 --> 00:14:08.000]  應該會想起一些
[00:14:08.000 --> 00:14:10.000]  就是詩篇第一篇
[00:14:10.000 --> 00:14:12.000]  就是什麼人
[00:14:12.000 --> 00:14:13.000]  是一個人
[00:14:13.000 --> 00:14:15.000]  他是喜威佬
[00:14:15.000 --> 00:14:16.000]  晝夜之上
[00:14:16.000 --> 00:14:17.000]  然後就像一個
[00:14:17.000 --> 00:14:19.000]  在溪水旁的船員
[00:14:19.000 --> 00:14:20.000]  要指引庫房
[00:14:20.000 --> 00:14:22.000]  然後所做的都送不來等等
[00:14:22.000 --> 00:14:24.000]  所以南華詩篇第一篇
[00:14:24.000 --> 00:14:26.000]  雖然不是南華詩篇
[00:14:26.000 --> 00:14:27.000]  都是一個智慧詩
[00:14:27.000 --> 00:14:28.000]  和智慧有關的
[00:14:28.000 --> 00:14:30.000]  或者耶利米蘇第十七章
[00:14:30.000 --> 00:14:32.000]  這個耶利米蘇章
[00:14:32.000 --> 00:14:33.000]  就是講到
[00:14:33.000 --> 00:14:34.000]  耶和華所喜悅的人
[00:14:34.000 --> 00:14:35.000]  是怎樣的人呢
[00:14:35.000 --> 00:14:36.000]  就像一個
[00:14:36.000 --> 00:14:38.000]  在溪水旁
[00:14:38.000 --> 00:14:40.000]  然後紮根在水裏
[00:14:40.000 --> 00:14:42.000]  然後要指引房屋
[00:14:42.000 --> 00:14:44.000]  然後結果之類的
[00:14:44.000 --> 00:14:46.000]  所以其實有少少類似
[00:14:46.000 --> 00:14:48.000]  在這裏用的比喻
[00:14:48.000 --> 00:14:49.000]  就是結果
[00:14:49.000 --> 00:14:51.000]  有開業
[00:14:51.000 --> 00:14:54.000]  生一個嫩綠樹葉
[00:14:54.000 --> 00:14:55.000]  結果就等於
[00:14:55.000 --> 00:14:56.000]  好像給了一個人生
[00:14:56.000 --> 00:14:58.000]  一個人是很成功
[00:14:58.000 --> 00:15:00.000]  或者是很繁榮
[00:15:00.000 --> 00:15:01.000]  不過你可以留意
[00:15:01.000 --> 00:15:02.000]  其實針研
[00:15:02.000 --> 00:15:03.000]  我們右邊看一看針研
[00:15:03.000 --> 00:15:05.000]  譬如針研十五章頭四字
[00:15:05.000 --> 00:15:06.000]  真的都
[00:15:06.000 --> 00:15:08.000]  有些所謂品格
[00:15:08.000 --> 00:15:10.000]  character是相對的
[00:15:10.000 --> 00:15:12.000]  特別是和ipod相對品格
[00:15:12.000 --> 00:15:14.000]  就是ipod原來都教一些人
[00:15:14.000 --> 00:15:16.000]  特別是一些文官
[00:15:16.000 --> 00:15:18.000]  文士所寫的
[00:15:18.000 --> 00:15:20.000]  就是要所謂self-control
[00:15:20.000 --> 00:15:21.000]  就是要
[00:15:21.000 --> 00:15:22.000]  我們今天白色靈異
[00:15:22.000 --> 00:15:23.000]  我自己都會說
[00:15:23.000 --> 00:15:24.000]  節制
[00:15:24.000 --> 00:15:26.000]  或者叫自制
[00:15:26.000 --> 00:15:28.000]  謙遜
[00:15:28.000 --> 00:15:29.000]  等等
[00:15:29.000 --> 00:15:30.000]  不過
[00:15:30.000 --> 00:15:32.000]  看上來好像
[00:15:32.000 --> 00:15:33.000]  不過
[00:15:33.000 --> 00:15:34.000]  如果你比較兩間銀行
[00:15:34.000 --> 00:15:36.000]  都有些不同
[00:15:36.000 --> 00:15:37.000]  我們今天會集中
[00:15:37.000 --> 00:15:38.000]  怎樣看
[00:15:38.000 --> 00:15:40.000]  所謂看資源銀行
[00:15:40.000 --> 00:15:41.000]  有兩個層面
[00:15:41.000 --> 00:15:42.000]  第一我們看到
[00:15:42.000 --> 00:15:43.000]  聖經的
[00:15:43.000 --> 00:15:44.000]  或者舊約的資源銀行
[00:15:44.000 --> 00:15:46.000]  是和古晉宗有些交流
[00:15:46.000 --> 00:15:47.000]  甚至格式
[00:15:47.000 --> 00:15:48.000]  有相似
[00:15:48.000 --> 00:15:49.000]  但是聖經資源銀行
[00:15:49.000 --> 00:15:51.000]  有它獨特的一面
[00:15:51.000 --> 00:15:52.000]  特別是自然
[00:15:52.000 --> 00:15:54.000]  在它信仰的方面
[00:15:54.000 --> 00:15:55.000]  它實惠的方面
[00:15:55.000 --> 00:15:56.000]  所以你可以說
[00:15:56.000 --> 00:15:58.000]  我們一路這樣說
[00:15:58.000 --> 00:15:59.000]  就是你會見到
[00:15:59.000 --> 00:16:01.000]  它的文學形式
[00:16:01.000 --> 00:16:02.000]  是相似的
[00:16:02.000 --> 00:16:03.000]  這個是一個
[00:16:03.000 --> 00:16:04.000]  common的
[00:16:04.000 --> 00:16:06.000]  就是相類的表現
[00:16:06.000 --> 00:16:07.000]  但是它可能
[00:16:07.000 --> 00:16:08.000]  舊約
[00:16:08.000 --> 00:16:09.000]  它作為聖經
[00:16:09.000 --> 00:16:10.000]  它的神學
[00:16:10.000 --> 00:16:11.000]  或者它的指向
[00:16:11.000 --> 00:16:13.000]  它的信仰訊息
[00:16:13.000 --> 00:16:15.000]  是有別於這些銀行
[00:16:15.000 --> 00:16:16.000]  這裡我們看真言
[00:16:16.000 --> 00:16:17.000]  是怎樣說的
[00:16:17.000 --> 00:16:18.000]  有禍的回答
[00:16:18.000 --> 00:16:19.000]  消除路禍
[00:16:19.000 --> 00:16:20.000]  止痛人的話
[00:16:20.000 --> 00:16:21.000]  觸發路氣
[00:16:21.000 --> 00:16:22.000]  致者的舌頭
[00:16:22.000 --> 00:16:23.000]  善傳知識
[00:16:23.000 --> 00:16:24.000]  愚人的嘴巴
[00:16:24.000 --> 00:16:27.000]  湧出餘魂
[00:16:27.000 --> 00:16:28.000]  等等
[00:16:28.000 --> 00:16:29.000]  這裡也有提到有禍
[00:16:29.000 --> 00:16:30.000]  某程度上
[00:16:30.000 --> 00:16:32.000]  都是節制自己的舌頭
[00:16:32.000 --> 00:16:34.000]  但是如果你再看下去
[00:16:34.000 --> 00:16:35.000]  你會見到
[00:16:35.000 --> 00:16:36.000]  下一節說什麼呢
[00:16:36.000 --> 00:16:37.000]  是說謠話
[00:16:37.000 --> 00:16:38.000]  其實當然不是
[00:16:38.000 --> 00:16:39.000]  直接真言說謠話
[00:16:39.000 --> 00:16:40.000]  但是你會見到
[00:16:40.000 --> 00:16:41.000]  由一些真言
[00:16:41.000 --> 00:16:42.000]  去賦予了一種
[00:16:42.000 --> 00:16:44.000]  所謂信仰的動機
[00:16:44.000 --> 00:16:45.000]  或者信仰的因人
[00:16:45.000 --> 00:16:47.000]  提供了一個所謂的
[00:16:47.000 --> 00:16:49.000]  信仰層面的一個補貼
[00:16:49.000 --> 00:16:50.000]  一個動機
[00:16:50.000 --> 00:16:52.000]  就是謠話的目光
[00:16:52.000 --> 00:16:53.000]  無所不在於壞人
[00:16:53.000 --> 00:16:54.000]  好人
[00:16:54.000 --> 00:16:55.000]  他都監察
[00:16:55.000 --> 00:16:57.000]  然後你再看下一節
[00:16:57.000 --> 00:16:58.000]  使人存於的舌頭
[00:16:58.000 --> 00:16:59.000]  是什麼呢
[00:16:59.000 --> 00:17:01.000]  是心靈樹
[00:17:01.000 --> 00:17:03.000]  Y-book的言語
[00:17:03.000 --> 00:17:04.000]  查看心靈樹
[00:17:04.000 --> 00:17:05.000]  如果你想到心靈樹
[00:17:05.000 --> 00:17:06.000]  你想到什麼
[00:17:06.000 --> 00:17:08.000]  都顯然顯然
[00:17:08.000 --> 00:17:10.000]  創世紀第二章
[00:17:10.000 --> 00:17:11.000]  而創世紀第二章
[00:17:11.000 --> 00:17:12.000]  那個心靈樹
[00:17:12.000 --> 00:17:13.000]  是謠話
[00:17:13.000 --> 00:17:14.000]  擺在邊緣
[00:17:14.000 --> 00:17:15.000]  也是擺在
[00:17:15.000 --> 00:17:17.000]  作為賜福給人
[00:17:17.000 --> 00:17:21.000]  的一個象徵
[00:17:21.000 --> 00:17:22.000]  和心靈樹
[00:17:22.000 --> 00:17:23.000]  也是象徵
[00:17:23.000 --> 00:17:24.000]  人們說賜福給人的心靈
[00:17:24.000 --> 00:17:25.000]  就是這個意思
[00:17:25.000 --> 00:17:26.000]  所以其實
[00:17:26.000 --> 00:17:27.000]  這裡所說的
[00:17:27.000 --> 00:17:28.000]  心靈樹
[00:17:28.000 --> 00:17:29.000]  可能聽上去
[00:17:29.000 --> 00:17:30.000]  我們可能都看過
[00:17:30.000 --> 00:17:31.000]  很快很習慣
[00:17:31.000 --> 00:17:33.000]  但在往生的時候
[00:17:33.000 --> 00:17:34.000]  其實都是指向一種
[00:17:34.000 --> 00:17:36.000]  神學的基礎
[00:17:36.000 --> 00:17:37.000]  就是在說的
[00:17:37.000 --> 00:17:38.000]  是謠話
[00:17:38.000 --> 00:17:39.000]  是作為一個
[00:17:39.000 --> 00:17:40.000]  本源的源頭
[00:17:40.000 --> 00:17:41.000]  所以當它
[00:17:41.000 --> 00:17:42.000]  真言
[00:17:42.000 --> 00:17:43.000]  或者它有很多
[00:17:43.000 --> 00:17:45.000]  所謂品格的塑造
[00:17:45.000 --> 00:17:46.000]  正面的德
[00:17:46.000 --> 00:17:47.000]  不是教會
[00:17:47.000 --> 00:17:48.000]  這個是的
[00:17:48.000 --> 00:17:49.000]  古今都有
[00:17:49.000 --> 00:17:50.000]  不過你看心靈的時候
[00:17:50.000 --> 00:17:51.000]  其實它很多時候
[00:17:51.000 --> 00:17:52.000]  是背了
[00:17:52.000 --> 00:17:53.000]  所謂神學上
[00:17:53.000 --> 00:17:55.000]  信仰上的動機
[00:17:55.000 --> 00:17:56.000]  或者誘因
[00:17:56.000 --> 00:17:57.000]  這個真言
[00:17:57.000 --> 00:17:58.000]  其次就是
[00:17:58.000 --> 00:17:59.000]  這裡都是
[00:17:59.000 --> 00:18:00.000]  控制情緒
[00:18:00.000 --> 00:18:01.000]  成過空取誠辭
[00:18:01.000 --> 00:18:03.000]  等於法老
[00:18:03.000 --> 00:18:05.000]  這個和空前教育
[00:18:05.000 --> 00:18:06.000]  有些關係
[00:18:06.000 --> 00:18:07.000]  有些相類
[00:18:07.000 --> 00:18:08.000]  也想說說
[00:18:08.000 --> 00:18:09.000]  I和空前
[00:18:09.000 --> 00:18:11.000]  為什麼教這些東西
[00:18:11.000 --> 00:18:12.000]  為什麼教這些
[00:18:12.000 --> 00:18:13.000]  這麼正路
[00:18:13.000 --> 00:18:14.000]  正路
[00:18:14.000 --> 00:18:15.000]  有正統品格
[00:18:15.000 --> 00:18:16.000]  要節制
[00:18:16.000 --> 00:18:19.000]  你要知其本位
[00:18:19.000 --> 00:18:20.000]  你要謙遜
[00:18:20.000 --> 00:18:22.000]  你要誠實
[00:18:22.000 --> 00:18:23.000]  為什麼呢
[00:18:23.000 --> 00:18:24.000]  我們今天
[00:18:24.000 --> 00:18:25.000]  看真言
[00:18:25.000 --> 00:18:27.000]  看真言是一種
[00:18:27.000 --> 00:18:29.000]  很正確的道德教導
[00:18:29.000 --> 00:18:31.000]  道德教導
[00:18:31.000 --> 00:18:33.000]  但是原來古埃及
[00:18:33.000 --> 00:18:35.000]  這些品格教導
[00:18:35.000 --> 00:18:37.000]  原來是有目的的
[00:18:37.000 --> 00:18:39.000]  什麼目的呢
[00:18:39.000 --> 00:18:41.000]  原來不是每個人都教
[00:18:41.000 --> 00:18:43.000]  特別是教宮廷的人
[00:18:43.000 --> 00:18:44.000]  為什麼呢
[00:18:44.000 --> 00:18:45.000]  最主要的目的
[00:18:45.000 --> 00:18:47.000]  就是想他們
[00:18:47.000 --> 00:18:49.000]  不要僭越本位
[00:18:49.000 --> 00:18:51.000]  為什麼呢
[00:18:51.000 --> 00:18:52.000]  僭越本位是很重要的事
[00:18:52.000 --> 00:18:53.000]  為什麼法老
[00:18:53.000 --> 00:18:54.000]  要透過文士教呢
[00:18:54.000 --> 00:18:56.000]  就是要避免下人
[00:18:56.000 --> 00:18:58.000]  或者下面那些官
[00:18:58.000 --> 00:18:59.000]  造冷
[00:18:59.000 --> 00:19:01.000]  所以你一定要
[00:19:01.000 --> 00:19:02.000]  知其本位
[00:19:02.000 --> 00:19:03.000]  你要謙遜
[00:19:03.000 --> 00:19:04.000]  你盡量
[00:19:04.000 --> 00:19:06.000]  你不可以
[00:19:06.000 --> 00:19:07.000]  口出狂言
[00:19:07.000 --> 00:19:08.000]  不要輕率說話
[00:19:08.000 --> 00:19:09.000]  就是這樣
[00:19:09.000 --> 00:19:12.000]  所以I和宮廷教育
[00:19:12.000 --> 00:19:14.000]  最主要是維持罪
[00:19:14.000 --> 00:19:16.000]  古埃及有個神明叫媽
[00:19:16.000 --> 00:19:18.000]  叫秩序之神
[00:19:18.000 --> 00:19:20.000]  法老最主要的功績
[00:19:20.000 --> 00:19:21.000]  就是要維持
[00:19:21.000 --> 00:19:24.000]  地上太平無懈
[00:19:24.000 --> 00:19:26.000]  所以他為什麼要教這些呢
[00:19:26.000 --> 00:19:28.000]  固然都很對的
[00:19:28.000 --> 00:19:29.000]  很正確
[00:19:29.000 --> 00:19:30.000]  道德上都對
[00:19:30.000 --> 00:19:31.000]  不過呢
[00:19:31.000 --> 00:19:33.000]  如果放在古埃及的好樣的時候
[00:19:33.000 --> 00:19:35.000]  他們有他們的目的
[00:19:35.000 --> 00:19:37.000]  最主要就是維持社會的秩序
[00:19:37.000 --> 00:19:39.000]  維持宮廷的秩序
[00:19:39.000 --> 00:19:40.000]  如果這樣的話
[00:19:40.000 --> 00:19:42.000]  沒有王國就太平了
[00:19:42.000 --> 00:19:43.000]  固然所謂
[00:19:43.000 --> 00:19:46.000]  耀華的信仰
[00:19:46.000 --> 00:19:48.000]  其實都有這些道德
[00:19:48.000 --> 00:19:50.000]  所謂道德教導
[00:19:50.000 --> 00:19:51.000]  原因就很不同
[00:19:51.000 --> 00:19:53.000]  他就說教這些真言
[00:19:53.000 --> 00:19:57.000]  其實是指向耀華所喜悅的事情
[00:19:57.000 --> 00:19:59.000]  所以這個不純粹是維持那些罪
[00:19:59.000 --> 00:20:01.000]  社會民生很簡單
[00:20:01.000 --> 00:20:03.000]  而是目的是有不同的
[00:20:03.000 --> 00:20:05.000]  這裡其實就真言
[00:20:05.000 --> 00:20:06.000]  甚至有幾章的文
[00:20:06.000 --> 00:20:07.000]  其實有些學者
[00:20:07.000 --> 00:20:08.000]  甚至看到
[00:20:08.000 --> 00:20:09.000]  其實是一個
[00:20:09.000 --> 00:20:11.000]  所謂直接借用
[00:20:11.000 --> 00:20:13.000]  這個叫做
[00:20:13.000 --> 00:20:15.000]  三十章的章
[00:20:15.000 --> 00:20:16.000]  三十個章節
[00:20:16.000 --> 00:20:18.000]  左邊就叫做
[00:20:18.000 --> 00:20:22.000]  阿曼尼摩比分配
[00:20:22.000 --> 00:20:23.000]  就講到
[00:20:23.000 --> 00:20:25.000]  請西岸者三十個章節
[00:20:25.000 --> 00:20:27.000]  他們給人指引
[00:20:27.000 --> 00:20:28.000]  給人教育
[00:20:28.000 --> 00:20:29.000]  他們是萬書之首
[00:20:29.000 --> 00:20:31.000]  他們使得漁會人得盡智慧
[00:20:31.000 --> 00:20:33.000]  若將這些章節
[00:20:33.000 --> 00:20:34.000]  朗誦給漁會人
[00:20:34.000 --> 00:20:36.000]  他便能藉此得盡潔淨
[00:20:36.000 --> 00:20:37.000]  務要充滿這些
[00:20:37.000 --> 00:20:39.000]  將他們傳記於心
[00:20:39.000 --> 00:20:40.000]  這樣教的
[00:20:40.000 --> 00:20:41.000]  很強調
[00:20:41.000 --> 00:20:43.000]  它是一個給人指引
[00:20:43.000 --> 00:20:44.000]  給人教育
[00:20:44.000 --> 00:20:47.000]  和讓那些所謂愚蠢的人
[00:20:47.000 --> 00:20:49.000]  漁會人得盡智慧
[00:20:49.000 --> 00:20:51.000]  固然漁會人和智慧
[00:20:51.000 --> 00:20:53.000]  在《針研》也有作一個對比
[00:20:53.000 --> 00:20:55.000]  但如果是在《鋼鐵人》的時候
[00:20:55.000 --> 00:20:56.000]  就教育人
[00:20:56.000 --> 00:20:58.000]  什麼叫做不要做漁會人
[00:20:58.000 --> 00:21:00.000]  就是你不要不知其本位
[00:21:00.000 --> 00:21:02.000]  講一些不合理的話
[00:21:02.000 --> 00:21:03.000]  講一些得罪化好笑話
[00:21:03.000 --> 00:21:04.000]  或者得罪你的boss
[00:21:04.000 --> 00:21:05.000]  你的上司的話
[00:21:05.000 --> 00:21:06.000]  不要僭越了
[00:21:06.000 --> 00:21:08.000]  是這樣的意思
[00:21:08.000 --> 00:21:10.000]  但是這個三十個章節
[00:21:10.000 --> 00:21:11.000]  無獨有偶
[00:21:11.000 --> 00:21:12.000]  原來在《針研》
[00:21:12.000 --> 00:21:14.000]  二十二至十四章
[00:21:14.000 --> 00:21:15.000]  有出現的
[00:21:15.000 --> 00:21:19.000]  就是我們今天用橫性的基本
[00:21:19.000 --> 00:21:21.000]  有關無量知識
[00:21:21.000 --> 00:21:23.000]  我給你寫了三十條
[00:21:23.000 --> 00:21:25.000]  然後一路去到二十四章
[00:21:25.000 --> 00:21:26.000]  二十節
[00:21:26.000 --> 00:21:28.000]  就是一路的教育
[00:21:28.000 --> 00:21:29.000]  不過你可以留意
[00:21:29.000 --> 00:21:31.000]  之後的講法有一點特別
[00:21:31.000 --> 00:21:34.000]  就是要教你確實的什麼呢
[00:21:34.000 --> 00:21:37.000]  是真理話語
[00:21:37.000 --> 00:21:38.000]  這裡這一節
[00:21:38.000 --> 00:21:39.000]  其實是用了兩個詞
[00:21:39.000 --> 00:21:40.000]  起碼部分
[00:21:40.000 --> 00:21:41.000]  是叫emet
[00:21:41.000 --> 00:21:43.000]  就是真理
[00:21:43.000 --> 00:21:44.000]  truth
[00:21:44.000 --> 00:21:46.000]  使你能夠用真確的話
[00:21:46.000 --> 00:21:47.000]  就是真理
[00:21:47.000 --> 00:21:50.000]  回覆那些猜猜你的人
[00:21:50.000 --> 00:21:52.000]  所以它的本質
[00:21:52.000 --> 00:21:53.000]  不是純粹是
[00:21:53.000 --> 00:21:55.000]  讓人問你怎樣能夠成功
[00:21:55.000 --> 00:21:57.000]  如果你是議會的
[00:21:57.000 --> 00:21:58.000]  你可以有智慧
[00:21:58.000 --> 00:21:59.000]  可以有這個官場
[00:21:59.000 --> 00:22:01.000]  就可以成功了
[00:22:01.000 --> 00:22:02.000]  順利了
[00:22:02.000 --> 00:22:03.000]  等等
[00:22:03.000 --> 00:22:04.000]  你要傳奇於心
[00:22:04.000 --> 00:22:07.000]  原因不是在於你要升官發財
[00:22:07.000 --> 00:22:08.000]  而是在於
[00:22:08.000 --> 00:22:09.000]  這些是真理的話
[00:22:09.000 --> 00:22:11.000]  都是實話的意思
[00:22:11.000 --> 00:22:14.000]  也有一個地方
[00:22:14.000 --> 00:22:15.000]  是講到不可以
[00:22:15.000 --> 00:22:17.000]  懦異邊界的界石
[00:22:17.000 --> 00:22:19.000]  左邊我這裡不詳細讀了
[00:22:19.000 --> 00:22:20.000]  可以用看的
[00:22:20.000 --> 00:22:21.000]  其實
[00:22:21.000 --> 00:22:23.000]  曾彥也有一個指教
[00:22:23.000 --> 00:22:25.000]  就是不要因為
[00:22:25.000 --> 00:22:27.000]  窮人貧窮就上斷它
[00:22:27.000 --> 00:22:31.000]  也不要在城門口做欺壓
[00:22:31.000 --> 00:22:32.000]  合污人等等
[00:22:32.000 --> 00:22:34.000]  二十三章那裡
[00:22:34.000 --> 00:22:36.000]  不可以向農人
[00:22:36.000 --> 00:22:37.000]  就是農舍
[00:22:37.000 --> 00:22:38.000]  去虧而股市的地界
[00:22:38.000 --> 00:22:40.000]  不要侵吞孤兒的土地
[00:22:40.000 --> 00:22:41.000]  田地等等
[00:22:41.000 --> 00:22:42.000]  左邊也是
[00:22:42.000 --> 00:22:43.000]  不過你看下去的時候
[00:22:43.000 --> 00:22:45.000]  有什麼不同的地方呢
[00:22:45.000 --> 00:22:50.000]  曾彥
[00:22:50.000 --> 00:22:54.000]  也挺年輕的
[00:22:54.000 --> 00:22:55.000]  左邊
[00:22:55.000 --> 00:22:57.000]  也是一些好的教導
[00:22:57.000 --> 00:23:01.000]  你不要侵吞別人的地界石
[00:23:01.000 --> 00:23:02.000]  但原因是
[00:23:02.000 --> 00:23:04.000]  單單是維持秩序
[00:23:04.000 --> 00:23:07.000]  就是不要有社會紛爭
[00:23:07.000 --> 00:23:08.000]  不要有社會混亂
[00:23:08.000 --> 00:23:09.000]  平靜
[00:23:09.000 --> 00:23:10.000]  平靜
[00:23:10.000 --> 00:23:11.000]  安康
[00:23:11.000 --> 00:23:12.000]  但是你看到
[00:23:12.000 --> 00:23:14.000]  曾彥是因為什麼呢
[00:23:14.000 --> 00:23:16.000]  提供了一個所謂動機
[00:23:16.000 --> 00:23:17.000]  或者一個原因
[00:23:17.000 --> 00:23:18.000]  是一個實論人
[00:23:18.000 --> 00:23:20.000]  因為耶和華挑撥他的心血
[00:23:20.000 --> 00:23:22.000]  還有二十三章是
[00:23:22.000 --> 00:23:25.000]  因為貪圖的救贖者大有難力
[00:23:25.000 --> 00:23:27.000]  救贖者是誰呢
[00:23:27.000 --> 00:23:28.000]  所謂神
[00:23:28.000 --> 00:23:30.000]  當然救贖者可以二大相關
[00:23:30.000 --> 00:23:33.000]  也可以說是那些贖回者
[00:23:33.000 --> 00:23:34.000]  我們知道
[00:23:34.000 --> 00:23:37.000]  波亞斯也是贖回者
[00:23:37.000 --> 00:23:39.000]  那些近親能夠贖回
[00:23:39.000 --> 00:23:41.000]  點燃了的贖回
[00:23:41.000 --> 00:23:44.000]  但是我相信周邊的二大相關
[00:23:44.000 --> 00:23:45.000]  這個救贖者
[00:23:45.000 --> 00:23:46.000]  這個贖回者
[00:23:46.000 --> 00:23:48.000]  可以是至近上主的
[00:23:48.000 --> 00:23:49.000]  耶和華
[00:23:49.000 --> 00:23:51.000]  所以你不要這樣做的時候
[00:23:51.000 --> 00:23:53.000]  原一些道德的教導
[00:23:53.000 --> 00:23:56.000]  就不單單維持地下秩序
[00:23:56.000 --> 00:23:57.000]  地下體系
[00:23:57.000 --> 00:23:59.000]  而是直接包括耶和華的
[00:23:59.000 --> 00:24:01.000]  起源的道德生活
[00:24:01.000 --> 00:24:04.000]  另一個就是
[00:24:04.000 --> 00:24:07.000]  Proverbs of Ahitha
[00:24:07.000 --> 00:24:12.000]  這個就是屬於亞蘭的文化
[00:24:12.000 --> 00:24:14.000]  或是亞蘭文學的典故
[00:24:14.000 --> 00:24:16.000]  有一些修辭風聲
[00:24:16.000 --> 00:24:17.000]  有一些修辭的
[00:24:17.000 --> 00:24:21.000]  這裡有一個格言
[00:24:21.000 --> 00:24:23.000]  切勿在你朋友面前
[00:24:23.000 --> 00:24:25.000]  洩露你的秘密和過犯
[00:24:25.000 --> 00:24:28.000]  免得在他們眼中的名望
[00:24:28.000 --> 00:24:30.000]  變得牽扯無物量
[00:24:30.000 --> 00:24:31.000]  是真言
[00:24:31.000 --> 00:24:33.000]  不如我們一起讀二十五章
[00:24:33.000 --> 00:24:34.000]  預備起
[00:24:34.000 --> 00:24:36.000]  二十五章
[00:24:36.000 --> 00:24:37.000]  一九三號
[00:24:37.000 --> 00:24:39.000]  八一六號
[00:24:39.000 --> 00:24:41.000]  九三六號
[00:24:41.000 --> 00:24:42.000]  一二三四
[00:24:42.000 --> 00:24:43.000]  七四五四
[00:24:43.000 --> 00:24:44.000]  九三六號
[00:24:44.000 --> 00:24:45.000]  八一六號
[00:24:45.000 --> 00:24:46.000]  七四五四
[00:24:46.000 --> 00:24:47.000]  九三六號
[00:24:47.000 --> 00:24:49.000]  我對這些例子很深度
[00:24:49.000 --> 00:24:51.000]  你不要食物吃得多
[00:24:51.000 --> 00:24:55.000]  吃得多是沒有幫助你的
[00:24:55.000 --> 00:24:57.000]  當然我們今天比較少食物
[00:24:57.000 --> 00:25:00.000]  不過大概是一些正的食物
[00:25:00.000 --> 00:25:02.000]  都是有道理的
[00:25:02.000 --> 00:25:04.000]  好的食物就沒有幫助
[00:25:04.000 --> 00:25:06.000]  真言也有一個特色
[00:25:06.000 --> 00:25:08.000]  就是它教導什麼呢
[00:25:08.000 --> 00:25:11.000]  教導最重要的是什麼是智慧呢
[00:25:11.000 --> 00:25:13.000]  就是所謂合時
[00:25:13.000 --> 00:25:16.000]  和合適合的對象
[00:25:16.000 --> 00:25:17.000]  我們今天所謂
[00:25:17.000 --> 00:25:20.000]  什麼叫做合乎智慧的東西呢
[00:25:20.000 --> 00:25:23.000]  我們不要以為純粹是一件事
[00:25:23.000 --> 00:25:26.000]  是對的就叫做有智慧
[00:25:26.000 --> 00:25:28.000]  因為有時對的東西
[00:25:28.000 --> 00:25:30.000]  你做在不對的時間
[00:25:30.000 --> 00:25:32.000]  是無智慧的表現
[00:25:32.000 --> 00:25:33.000]  真言有一句說話
[00:25:33.000 --> 00:25:35.000]  也說得很有趣的
[00:25:35.000 --> 00:25:40.000]  他說你不要清晨起來去唱歌
[00:25:40.000 --> 00:25:42.000]  本來唱歌可能是開心的
[00:25:42.000 --> 00:25:43.000]  可能是好的
[00:25:43.000 --> 00:25:44.000]  如果你是清晨
[00:25:44.000 --> 00:25:46.000]  在淪陷戶口唱歌的時候
[00:25:46.000 --> 00:25:47.000]  心血就走過去
[00:25:47.000 --> 00:25:48.000]  就是這樣的
[00:25:48.000 --> 00:25:50.000]  所以要看處境
[00:25:50.000 --> 00:25:52.000]  看它的時間和對象
[00:25:52.000 --> 00:25:54.000]  大家可以留意這裡
[00:25:54.000 --> 00:25:57.000]  留意真言和所謂的
[00:25:57.000 --> 00:26:00.000]  阿彌陀佛的駕馭
[00:26:00.000 --> 00:26:03.000]  有什麼不同的地方呢
[00:26:03.000 --> 00:26:05.000]  之後就說他向小駿鴻居
[00:26:05.000 --> 00:26:06.000]  駕馭了他的電話
[00:26:06.000 --> 00:26:08.000]  辛苦你了
[00:26:08.000 --> 00:26:11.000]  也有一點不同
[00:26:11.000 --> 00:26:13.000]  那個駕馭
[00:26:13.000 --> 00:26:17.000]  其實很多所謂智慧教導的駕馭
[00:26:17.000 --> 00:26:21.000]  比較是以自己為重心
[00:26:21.000 --> 00:26:23.000]  就是你不要做些什麼
[00:26:23.000 --> 00:26:25.000]  免得有些不好的後果
[00:26:25.000 --> 00:26:27.000]  是為了自己
[00:26:27.000 --> 00:26:29.000]  但是一些真言和教導
[00:26:29.000 --> 00:26:32.000]  其實不是為了自己
[00:26:32.000 --> 00:26:34.000]  也為了別人
[00:26:34.000 --> 00:26:37.000]  就是小駿鴻居的駕馭
[00:26:37.000 --> 00:26:39.000]  簡單來說
[00:26:39.000 --> 00:26:40.000]  我看到他說
[00:26:40.000 --> 00:26:42.000]  你不要做一個討人厭的人
[00:26:42.000 --> 00:26:44.000]  你不要令別人討厭你
[00:26:44.000 --> 00:26:45.000]  你不要冒犯別人
[00:26:45.000 --> 00:26:47.000]  你不要打擾別人
[00:26:47.000 --> 00:26:49.000]  所以是這樣的
[00:26:49.000 --> 00:26:51.000]  雖然故言都是為自己
[00:26:51.000 --> 00:26:52.000]  看法沒有那麼多
[00:26:52.000 --> 00:26:55.000]  但是教導是為他者
[00:26:55.000 --> 00:26:56.000]  為別人
[00:26:56.000 --> 00:26:57.000]  這個有一點不同
[00:26:57.000 --> 00:26:58.000]  所以有時候
[00:26:58.000 --> 00:26:59.000]  特別是在真言裡面
[00:26:59.000 --> 00:27:04.000]  教導似乎是提及對人的效果
[00:27:04.000 --> 00:27:06.000]  就是對人的影響
[00:27:06.000 --> 00:27:07.000]  你不要這樣做
[00:27:07.000 --> 00:27:09.000]  你不要說這個話
[00:27:09.000 --> 00:27:12.000]  就免得對方會怎樣等等
[00:27:12.000 --> 00:27:14.000]  之後這裡還有一個
[00:27:14.000 --> 00:27:17.000]  鋒王如同那位滿有憐憫的神明
[00:27:17.000 --> 00:27:22.000]  此外他的聲音高亢威焉
[00:27:22.000 --> 00:27:24.000]  若非有神明與他同在
[00:27:24.000 --> 00:27:28.000]  誰能處立在鋒王面前侍奉他呢?
[00:27:28.000 --> 00:27:30.000]  鋒王是極其美麗的觀看他人
[00:27:30.000 --> 00:27:32.000]  和仰望他人的神
[00:27:32.000 --> 00:27:35.000]  我們一起讀下右邊的真言
[00:27:35.000 --> 00:27:36.000]  敬畏
[00:27:36.000 --> 00:27:51.000]  (講述真言)
[00:27:51.000 --> 00:27:52.000]  有一點比較
[00:27:52.000 --> 00:27:54.000]  有什麼不同呢?
[00:27:54.000 --> 00:28:00.000]  或者有什麼相似呢?
[00:28:05.000 --> 00:28:06.000]  我都提到
[00:28:06.000 --> 00:28:08.000]  左邊提到鋒王
[00:28:08.000 --> 00:28:11.000]  真言提到王人
[00:28:11.000 --> 00:28:14.000]  不過有什麼分別呢?
[00:28:14.000 --> 00:28:22.000]  首先左邊的阿哈爾格言
[00:28:22.000 --> 00:28:24.000]  其實往往你們都感覺到
[00:28:24.000 --> 00:28:26.000]  很明顯的焦點
[00:28:26.000 --> 00:28:29.000]  是在於王人
[00:28:29.000 --> 00:28:32.000]  尊崇到讚美王人
[00:28:32.000 --> 00:28:36.000]  鋒王是極其美麗的
[00:28:36.000 --> 00:28:38.000]  你會以為這裡講神
[00:28:38.000 --> 00:28:41.000]  神明應該是高過他
[00:28:41.000 --> 00:28:42.000]  當然是
[00:28:42.000 --> 00:28:45.000]  但你看到是鋒王如同那位滿有憐憫的神明
[00:28:45.000 --> 00:28:47.000]  這個反映到
[00:28:47.000 --> 00:28:50.000]  王是關於神的
[00:28:50.000 --> 00:28:52.000]  神是看不到的
[00:28:52.000 --> 00:28:54.000]  但王就好像有神明的威嚴
[00:28:54.000 --> 00:28:57.000]  所以比較尊崇鋒王
[00:28:57.000 --> 00:28:59.000]  但如果看真言
[00:28:59.000 --> 00:29:02.000]  王的舉例有神的意思
[00:29:02.000 --> 00:29:04.000]  沈穆時說話
[00:29:04.000 --> 00:29:06.000]  不悔不忠實
[00:29:06.000 --> 00:29:09.000]  不忠實是不信實的意思
[00:29:09.000 --> 00:29:11.000]  意思是什麼呢?
[00:29:11.000 --> 00:29:13.000]  王要怎麼講話
[00:29:13.000 --> 00:29:15.000]  或者要怎麼審判呢?
[00:29:15.000 --> 00:29:17.000]  在真言裡
[00:29:17.000 --> 00:29:20.000]  要符合神的旨意
[00:29:20.000 --> 00:29:21.000]  好程度上
[00:29:21.000 --> 00:29:22.000]  他是把王的王權
[00:29:22.000 --> 00:29:24.000]  放在神的神聖之下
[00:29:24.000 --> 00:29:29.000]  但在阿基伯就不一樣
[00:29:29.000 --> 00:29:31.000]  焦點在王那裡
[00:29:31.000 --> 00:29:33.000]  甚至說如果沒有神明
[00:29:33.000 --> 00:29:36.000]  誰能夠主立在王面前侍奉
[00:29:36.000 --> 00:29:38.000]  都是在講王的君權
[00:29:38.000 --> 00:29:39.000]  這是第一
[00:29:39.000 --> 00:29:41.000]  第二就是
[00:29:41.000 --> 00:29:43.000]  你會看到真言有個特色
[00:29:43.000 --> 00:29:45.000]  就是剛才我們提過
[00:29:45.000 --> 00:29:47.000]  古埃及後的智慧格言
[00:29:47.000 --> 00:29:51.000]  最主要是給宮廷服侍的人去看
[00:29:51.000 --> 00:29:52.000]  讓他們知其本位
[00:29:52.000 --> 00:29:54.000]  以及如何去順利
[00:29:54.000 --> 00:29:55.000]  崇大成功
[00:29:55.000 --> 00:29:56.000]  所以這裡也集中在
[00:29:56.000 --> 00:29:59.000]  誰能夠主立在王面前侍奉
[00:29:59.000 --> 00:30:01.000]  他是在講那些官
[00:30:01.000 --> 00:30:02.000]  但你看到這裡
[00:30:02.000 --> 00:30:05.000]  耶和華決定誰的腿好
[00:30:05.000 --> 00:30:06.000]  他的腿好
[00:30:06.000 --> 00:30:08.000]  這個他和自己的仇
[00:30:08.000 --> 00:30:10.000]  將糾結了人心
[00:30:10.000 --> 00:30:11.000]  是人
[00:30:11.000 --> 00:30:13.000]  就是希伯倫的阿丹
[00:30:13.000 --> 00:30:15.000]  或者叫做Isha
[00:30:15.000 --> 00:30:16.000]  真言的應用
[00:30:16.000 --> 00:30:18.000]  可以說是民主化了
[00:30:18.000 --> 00:30:19.000]  就是普遍人
[00:30:19.000 --> 00:30:21.000]  都能夠被耶和華所指示
[00:30:21.000 --> 00:30:24.000]  普遍人都能夠得罪耶和華
[00:30:24.000 --> 00:30:27.000]  去帶領
[00:30:27.000 --> 00:30:28.000]  因待
[00:30:28.000 --> 00:30:29.000]  指引等等
[00:30:29.000 --> 00:30:32.000]  但是在古代人中
[00:30:32.000 --> 00:30:34.000]  可能在迦南裡面
[00:30:34.000 --> 00:30:35.000]  其實就不是
[00:30:35.000 --> 00:30:37.000]  就是在君王面前的人
[00:30:37.000 --> 00:30:38.000]  才需要聽這句話
[00:30:38.000 --> 00:30:40.000]  或者主要寫給他們的人
[00:30:40.000 --> 00:30:42.000]  就沒有這麼普及性
[00:30:42.000 --> 00:30:45.000]  所以這裡有個不同的地方
[00:30:45.000 --> 00:30:46.000]  其實這裡更重要的是
[00:30:46.000 --> 00:30:49.000]  敬畏耶和華是智慧的本教
[00:30:49.000 --> 00:30:51.000]  下面就有一個
[00:30:51.000 --> 00:30:54.000]  下面就有一個太陽神
[00:30:54.000 --> 00:30:55.000]  Shemasha
[00:30:55.000 --> 00:30:57.000]  也是一個
[00:30:57.000 --> 00:31:00.000]  很近東的神明
[00:31:00.000 --> 00:31:01.000]  其實你見到
[00:31:01.000 --> 00:31:02.000]  這個分別就是
[00:31:02.000 --> 00:31:04.000]  有很多不同的名字
[00:31:04.000 --> 00:31:05.000]  有一個叫Shemasha
[00:31:05.000 --> 00:31:06.000]  也有一個叫El
[00:31:06.000 --> 00:31:08.000]  El就是神明
[00:31:08.000 --> 00:31:09.000]  就是普遍的神
[00:31:09.000 --> 00:31:10.000]  有多層的背景
[00:31:10.000 --> 00:31:11.000]  但是在真言
[00:31:11.000 --> 00:31:12.000]  或者我們看聖經
[00:31:12.000 --> 00:31:14.000]  基本上是一神
[00:31:14.000 --> 00:31:16.000]  將所有的教導
[00:31:16.000 --> 00:31:19.000]  各位先知的神諭各方面
[00:31:19.000 --> 00:31:21.000]  基本上都是由耶和華
[00:31:21.000 --> 00:31:23.000]  最大的神而出的
[00:31:23.000 --> 00:31:24.000]  然後
[00:31:24.000 --> 00:31:26.000]  這些數字解完了
[00:31:26.000 --> 00:31:27.000]  這個是雅蘭的傳統
[00:31:27.000 --> 00:31:28.000]  亦都是先講
[00:31:28.000 --> 00:31:29.000]  科格就法希特
[00:31:29.000 --> 00:31:31.000]  有兩件事是美好的
[00:31:31.000 --> 00:31:32.000]  第三件事
[00:31:32.000 --> 00:31:34.000]  是太陽神所喜愛的
[00:31:34.000 --> 00:31:35.000]  第一
[00:31:35.000 --> 00:31:36.000]  是乃飲料美酒
[00:31:36.000 --> 00:31:39.000]  並將其傾倒作為燕濟人
[00:31:39.000 --> 00:31:40.000]  第二
[00:31:40.000 --> 00:31:41.000]  是那些精通智慧
[00:31:41.000 --> 00:31:43.000]  且樂於分享與受會花的人
[00:31:43.000 --> 00:31:44.000]  第三
[00:31:44.000 --> 00:31:46.000]  是那些聽見了秘密
[00:31:46.000 --> 00:31:50.000]  卻絕不張揚褻瀆的人
[00:31:50.000 --> 00:31:51.000]  那麼
[00:31:51.000 --> 00:31:53.000]  看下去
[00:31:53.000 --> 00:31:54.000]  你覺得是第一
[00:31:54.000 --> 00:31:55.000]  第二 第三
[00:31:55.000 --> 00:31:56.000]  其實很明顯
[00:31:56.000 --> 00:31:58.000]  就不是一般所有人
[00:31:58.000 --> 00:31:59.000]  都會怎樣說呢
[00:31:59.000 --> 00:32:01.000]  都很形容得到的
[00:32:01.000 --> 00:32:02.000]  第一
[00:32:02.000 --> 00:32:04.000]  當然
[00:32:04.000 --> 00:32:08.000]  都是一個很常規的文革教育
[00:32:08.000 --> 00:32:10.000]  但是那些想深一層的
[00:32:10.000 --> 00:32:13.000]  是飲到美酒將其傾倒
[00:32:13.000 --> 00:32:14.000]  作為燕濟人
[00:32:14.000 --> 00:32:17.000]  其實是某些階層才做到的
[00:32:17.000 --> 00:32:18.000]  甚至可能是一些
[00:32:18.000 --> 00:32:20.000]  有觀賞的人等等
[00:32:20.000 --> 00:32:21.000]  第二
[00:32:21.000 --> 00:32:23.000]  所謂精通智慧
[00:32:23.000 --> 00:32:26.000]  就不是一般你生活智慧的簡單人
[00:32:26.000 --> 00:32:27.000]  意思是
[00:32:27.000 --> 00:32:29.000]  你是維護了
[00:32:29.000 --> 00:32:32.000]  可能某種宮廷的行事法則等等
[00:32:32.000 --> 00:32:33.000]  第三
[00:32:33.000 --> 00:32:34.000]  更加明顯
[00:32:34.000 --> 00:32:35.000]  聽見秘密
[00:32:35.000 --> 00:32:36.000]  不張揚
[00:32:36.000 --> 00:32:37.000]  為什麼呢
[00:32:37.000 --> 00:32:39.000]  其實胡錦濤有很多教育律師
[00:32:39.000 --> 00:32:40.000]  很張揚秘密
[00:32:40.000 --> 00:32:42.000]  其中一個原因
[00:32:42.000 --> 00:32:45.000]  就是和所謂叛國
[00:32:45.000 --> 00:32:47.000]  叛逆叛國有關
[00:32:47.000 --> 00:32:50.000]  就是你不要洩漏秘密
[00:32:50.000 --> 00:32:53.000]  原因就是同樣有大力武的後果
[00:32:53.000 --> 00:32:55.000]  主要都是針對皇權
[00:32:55.000 --> 00:32:56.000]  皇室
[00:32:56.000 --> 00:33:01.000]  不要將那些謠言去傳播
[00:33:01.000 --> 00:33:04.000]  以致它帶來林彥飛的文化
[00:33:04.000 --> 00:33:05.000]  帶來一些權威
[00:33:05.000 --> 00:33:08.000]  或者權力結構的動盪等等
[00:33:08.000 --> 00:33:09.000]  所以聽見了秘密
[00:33:09.000 --> 00:33:11.000]  當然我們今天都是一個美德
[00:33:11.000 --> 00:33:13.000]  不要周圍講秘密
[00:33:13.000 --> 00:33:14.000]  但留意就是
[00:33:14.000 --> 00:33:15.000]  胡錦濤這些教員
[00:33:15.000 --> 00:33:17.000]  如果說是一個scribal class
[00:33:17.000 --> 00:33:19.000]  即是所謂的官吏教育
[00:33:19.000 --> 00:33:21.000]  我們的大律師
[00:33:21.000 --> 00:33:24.000]  主要是集中在官朝裏面
[00:33:24.000 --> 00:33:26.000]  權力結構去傳授的時候
[00:33:26.000 --> 00:33:31.000]  都是去維護某種評論和秩序
[00:33:31.000 --> 00:33:33.000]  我們看針研第六章
[00:33:33.000 --> 00:33:35.000]  我們一起讀第六章16
[00:33:35.000 --> 00:33:37.000]  這裏是幾節幾萬
[00:33:37.000 --> 00:33:54.000]  預備
[00:33:54.000 --> 00:33:56.000]  這裏有文學素節和通識
[00:33:56.000 --> 00:33:57.000]  不過第一
[00:33:57.000 --> 00:33:58.000]  你留意到
[00:33:58.000 --> 00:34:00.000]  可以通常來說是惹惡行惡
[00:34:00.000 --> 00:34:02.000]  我們在討論因由
[00:34:02.000 --> 00:34:03.000]  第二
[00:34:03.000 --> 00:34:04.000]  你留意到那些選項
[00:34:04.000 --> 00:34:06.000]  列出來的項目
[00:34:06.000 --> 00:34:08.000]  主要是所謂general
[00:34:08.000 --> 00:34:10.000]  大家是能夠做的
[00:34:10.000 --> 00:34:12.000]  或者大家都需要去生活前行
[00:34:12.000 --> 00:34:14.000]  剛才提到的三點
[00:34:14.000 --> 00:34:16.000]  集中在官庭裏面的
[00:34:16.000 --> 00:34:18.000]  所謂聲明
[00:34:18.000 --> 00:34:19.000]  處境
[00:34:19.000 --> 00:34:22.000]  你見到是高傲雪崩身份無辜者
[00:34:22.000 --> 00:34:25.000]  平民百姓一般人都會有
[00:34:25.000 --> 00:34:27.000]  並且在第二興間
[00:34:27.000 --> 00:34:28.000]  三部份都是人
[00:34:28.000 --> 00:34:30.000]  留意就是第二興
[00:34:30.000 --> 00:34:32.000]  其實是人都有第二興
[00:34:32.000 --> 00:34:34.000]  這個針研教育的特色
[00:34:34.000 --> 00:34:37.000]  他將一些可能在古晉宗裏面
[00:34:37.000 --> 00:34:38.000]  比較所謂royal
[00:34:38.000 --> 00:34:42.000]  皇室世家一些的操守
[00:34:42.000 --> 00:34:43.000]  他就普及化
[00:34:43.000 --> 00:34:45.000]  即是普遍人都是一個道德
[00:34:45.000 --> 00:34:49.000]  要去守的一種操守
[00:34:49.000 --> 00:34:50.000]  文革等等
[00:34:50.000 --> 00:34:53.000]  而原因是因為這個惹惡的起源
[00:34:53.000 --> 00:34:55.000]  惹惡有惹起源
[00:34:55.000 --> 00:34:56.000]  惹惡有惹起源
[00:34:56.000 --> 00:34:57.000]  甚至幸福
[00:34:57.000 --> 00:34:58.000]  這裏有七樣
[00:34:58.000 --> 00:34:59.000]  如果你說猶太人
[00:34:59.000 --> 00:35:00.000]  甚至猶太人
[00:35:00.000 --> 00:35:01.000]  傳統來說七樣
[00:35:01.000 --> 00:35:02.000]  是一個完整的數字
[00:35:02.000 --> 00:35:04.000]  在這裏有二到三
[00:35:04.000 --> 00:35:05.000]  在這裏有六到七
[00:35:05.000 --> 00:35:06.000]  在針研裏面
[00:35:06.000 --> 00:35:08.000]  極端又替人做一個
[00:35:08.000 --> 00:35:10.000]  所謂世界觀或者數字象徵
[00:35:10.000 --> 00:35:14.000]  所以你會見到文學上有相似點
[00:35:14.000 --> 00:35:17.000]  但是有它的修訂內涵
[00:35:17.000 --> 00:35:18.000]  有它的modify
[00:35:18.000 --> 00:35:21.000]  但更重要是注入了神學的原因
[00:35:21.000 --> 00:35:25.000]  或者信仰的意圖
[00:35:25.000 --> 00:35:31.000]  然後這裏就做一些教育
[00:35:31.000 --> 00:35:33.000]  有一個故事
[00:35:33.000 --> 00:35:34.000]  用一些動物的格言
[00:35:34.000 --> 00:35:35.000]  自然的觀察
[00:35:35.000 --> 00:35:37.000]  有時會用一些動物作為語言
[00:35:37.000 --> 00:35:39.000]  說豹見到一個山羊
[00:35:39.000 --> 00:35:42.000]  當時山羊全身好看
[00:35:42.000 --> 00:35:44.000]  豹就跟山羊說
[00:35:44.000 --> 00:35:45.000]  過來吧
[00:35:45.000 --> 00:35:47.000]  讓我用我的皮遮蓋你
[00:35:47.000 --> 00:35:49.000]  山羊怎樣回答呢
[00:35:49.000 --> 00:35:51.000]  不需要我看甚麼來遮蓋
[00:35:51.000 --> 00:35:56.000]  因為你是打算剝去我身上的皮
[00:35:56.000 --> 00:35:58.000]  只要你不要剝去我身上的皮就好了
[00:35:58.000 --> 00:35:59.000]  我不需要你遮蓋
[00:35:59.000 --> 00:36:02.000]  意思是豹可能有陰謀
[00:36:02.000 --> 00:36:04.000]  有陰謀的主題
[00:36:04.000 --> 00:36:09.000]  所以因為豹不是想尋求羊的福祉
[00:36:09.000 --> 00:36:12.000]  只不過是想剃牠的血
[00:36:12.000 --> 00:36:14.000]  這是一些動物的語言
[00:36:14.000 --> 00:36:16.000]  其實很多古人中的智慧都有
[00:36:16.000 --> 00:36:18.000]  不過你要想一想
[00:36:18.000 --> 00:36:20.000]  為什麼會有這些語言呢
[00:36:20.000 --> 00:36:22.000]  剛才都看過了
[00:36:22.000 --> 00:36:24.000]  就是防治陰謀
[00:36:24.000 --> 00:36:27.000]  這裏是教人不要隨便相信
[00:36:27.000 --> 00:36:30.000]  你要當紅色有哪些人想欺騙你
[00:36:30.000 --> 00:36:33.000]  有哪些人口中好像想保護你
[00:36:33.000 --> 00:36:35.000]  實際上是想愛你
[00:36:35.000 --> 00:36:39.000]  都是用那些所謂的皇室
[00:36:39.000 --> 00:36:41.000]  所謂帝國等等
[00:36:41.000 --> 00:36:43.000]  其實是有意思的
[00:36:43.000 --> 00:36:44.000]  換言之
[00:36:44.000 --> 00:36:46.000]  所謂有智慧的人
[00:36:46.000 --> 00:36:48.000]  特別是埃及
[00:36:48.000 --> 00:36:50.000]  或者在亞蘭裏面
[00:36:50.000 --> 00:36:52.000]  有些智慧的宮廷的故事
[00:36:52.000 --> 00:36:53.000]  都很強調這一點
[00:36:53.000 --> 00:36:55.000]  就是不要洩露秘密
[00:36:55.000 --> 00:36:57.000]  不要閒言閒語
[00:36:57.000 --> 00:36:58.000]  也不要那麼容易相信
[00:36:58.000 --> 00:37:00.000]  所謂和宮廷裏面的人
[00:37:00.000 --> 00:37:01.000]  要辯辯
[00:37:01.000 --> 00:37:03.000]  這個就是智慧
[00:37:03.000 --> 00:37:04.000]  知其本位
[00:37:04.000 --> 00:37:05.000]  知道坐什麼位
[00:37:05.000 --> 00:37:07.000]  知道什麼時候做對事
[00:37:07.000 --> 00:37:09.000]  但是你要看周年
[00:37:09.000 --> 00:37:12.000]  同樣都有所謂的自然觀察的語言
[00:37:12.000 --> 00:37:13.000]  動物語言
[00:37:13.000 --> 00:37:14.000]  地上四陽小東西
[00:37:14.000 --> 00:37:16.000]  受造都很有智慧
[00:37:16.000 --> 00:37:17.000]  螞蟻不強
[00:37:17.000 --> 00:37:18.000]  下跪處糧
[00:37:18.000 --> 00:37:20.000]  顏理不壯
[00:37:20.000 --> 00:37:21.000]  顏區衛房
[00:37:21.000 --> 00:37:23.000]  這個是反省秘方
[00:37:23.000 --> 00:37:24.000]  王寵寶王
[00:37:24.000 --> 00:37:26.000]  祝他成行
[00:37:26.000 --> 00:37:27.000]  逼虎而伏
[00:37:27.000 --> 00:37:28.000]  卻住殿台
[00:37:28.000 --> 00:37:30.000]  很巧合的
[00:37:30.000 --> 00:37:34.000]  看下去的時候
[00:37:34.000 --> 00:37:36.000]  首先第一
[00:37:36.000 --> 00:37:37.000]  用的動物
[00:37:37.000 --> 00:37:38.000]  很微小
[00:37:38.000 --> 00:37:41.000]  左邊用的動物
[00:37:41.000 --> 00:37:43.000]  咆哮的很強勢
[00:37:43.000 --> 00:37:45.000]  和右上角有什麼不同
[00:37:45.000 --> 00:37:47.000]  和權威
[00:37:47.000 --> 00:37:49.000]  權力有關係
[00:37:49.000 --> 00:37:50.000]  一向有關係
[00:37:50.000 --> 00:37:51.000]  但是在針對裏面
[00:37:51.000 --> 00:37:53.000]  反而在微小的細機
[00:37:53.000 --> 00:37:54.000]  動物裏面
[00:37:54.000 --> 00:37:56.000]  才看到智慧
[00:37:56.000 --> 00:37:58.000]  這些動物
[00:37:58.000 --> 00:38:00.000]  其實就不是
[00:38:00.000 --> 00:38:02.000]  所謂的心靈俗理
[00:38:02.000 --> 00:38:04.000]  或者更加大權力
[00:38:04.000 --> 00:38:06.000]  是為了自己
[00:38:06.000 --> 00:38:07.000]  的生活
[00:38:07.000 --> 00:38:09.000]  所謂智慧的生活
[00:38:09.000 --> 00:38:10.000]  不同的動物
[00:38:10.000 --> 00:38:11.000]  原來也有
[00:38:11.000 --> 00:38:12.000]  惹惑他的智慧
[00:38:12.000 --> 00:38:13.000]  但已經不是害人
[00:38:13.000 --> 00:38:15.000]  也不是保護自己的權利
[00:38:15.000 --> 00:38:17.000]  而是怎樣按他的本位
[00:38:17.000 --> 00:38:18.000]  來生活
[00:38:18.000 --> 00:38:20.000]  不過這裏
[00:38:20.000 --> 00:38:21.000]  山竹章
[00:38:21.000 --> 00:38:23.000]  也還有下文
[00:38:23.000 --> 00:38:25.000]  我這裏沒有放出來看
[00:38:25.000 --> 00:38:26.000]  如果你有聖經的話
[00:38:26.000 --> 00:38:27.000]  你也可以看看
[00:38:27.000 --> 00:38:28.000]  他講完了
[00:38:28.000 --> 00:38:30.000]  所謂
[00:38:30.000 --> 00:38:32.000]  比較微小的動物
[00:38:32.000 --> 00:38:34.000]  你可以看下面
[00:38:34.000 --> 00:38:36.000]  三十章
[00:38:36.000 --> 00:38:37.000]  就是講到
[00:38:37.000 --> 00:38:39.000]  也講到有詩詞
[00:38:39.000 --> 00:38:40.000]  如果你看
[00:38:40.000 --> 00:38:42.000]  針研第三十章
[00:38:42.000 --> 00:38:43.000]  這裏二十四、二十五節
[00:38:43.000 --> 00:38:44.000]  我們看看
[00:38:44.000 --> 00:38:46.000]  就是第二十九
[00:38:46.000 --> 00:38:48.000]  至三十一節
[00:38:48.000 --> 00:38:50.000]  步行規模
[00:38:50.000 --> 00:38:51.000]  我這裏沒有下文
[00:38:51.000 --> 00:38:53.000]  你可以看下文
[00:38:53.000 --> 00:38:55.000]  步行規模的有三樣
[00:38:55.000 --> 00:38:56.000]  連行走規模的
[00:38:56.000 --> 00:38:57.000]  共有四樣
[00:38:57.000 --> 00:38:58.000]  就是使子百秀中
[00:38:58.000 --> 00:38:59.000]  最為猛烈
[00:38:59.000 --> 00:39:00.000]  無所多彼的
[00:39:00.000 --> 00:39:01.000]  獵狗
[00:39:01.000 --> 00:39:02.000]  攻山羊
[00:39:02.000 --> 00:39:03.000]  還有留意下第四樣
[00:39:03.000 --> 00:39:04.000]  是甚麼呢
[00:39:04.000 --> 00:39:08.000]  無人問敵的君王
[00:39:08.000 --> 00:39:09.000]  覺得奇怪嗎
[00:39:09.000 --> 00:39:11.000]  針研是很有意思的
[00:39:11.000 --> 00:39:12.000]  就是由三到四
[00:39:12.000 --> 00:39:13.000]  有些時候
[00:39:13.000 --> 00:39:15.000]  第四樣是最特別的
[00:39:15.000 --> 00:39:17.000]  或者由第六到第七
[00:39:17.000 --> 00:39:18.000]  是那時候
[00:39:18.000 --> 00:39:20.000]  最好講的
[00:39:20.000 --> 00:39:21.000]  你明明講到獅子
[00:39:21.000 --> 00:39:22.000]  講到獵狗
[00:39:22.000 --> 00:39:23.000]  講到攻山羊
[00:39:23.000 --> 00:39:24.000]  就是這些威武
[00:39:24.000 --> 00:39:25.000]  就好像剛才那些
[00:39:25.000 --> 00:39:26.000]  跑到山羊那裏
[00:39:26.000 --> 00:39:27.000]  稍為威武一點
[00:39:27.000 --> 00:39:28.000]  但是講到第四樣
[00:39:28.000 --> 00:39:30.000]  是君王
[00:39:30.000 --> 00:39:31.000]  如果你聽下去
[00:39:31.000 --> 00:39:33.000]  如果你是王
[00:39:33.000 --> 00:39:35.000]  又會有甚麼感受呢
[00:39:35.000 --> 00:39:37.000]  有少少侮辱情況
[00:39:37.000 --> 00:39:39.000]  找些動物來比喻
[00:39:39.000 --> 00:39:40.000]  動物
[00:39:40.000 --> 00:39:42.000]  獅子那些很威猛
[00:39:42.000 --> 00:39:43.000]  但是原來
[00:39:43.000 --> 00:39:45.000]  所謂無人問敵的君王
[00:39:45.000 --> 00:39:48.000]  只是和動物做比較
[00:39:48.000 --> 00:39:50.000]  所以針研也很有意思
[00:39:50.000 --> 00:39:52.000]  小動物很有智慧
[00:39:52.000 --> 00:39:53.000]  講大動物的時候
[00:39:53.000 --> 00:39:54.000]  其實用來突顯
[00:39:54.000 --> 00:39:56.000]  君王也不外如是
[00:39:56.000 --> 00:39:58.000]  最多是像這樣的動物
[00:39:58.000 --> 00:40:01.000]  所以這裏可以相對化
[00:40:01.000 --> 00:40:03.000]  反而相對化到王的權力
[00:40:03.000 --> 00:40:05.000]  或者他的位置
[00:40:05.000 --> 00:40:07.000]  就和其他所謂的
[00:40:07.000 --> 00:40:09.000]  官吏或者書吏的教育
[00:40:09.000 --> 00:40:11.000]  怎樣去描述是很不同
[00:40:11.000 --> 00:40:12.000]  官吏也是那樣
[00:40:12.000 --> 00:40:14.000]  品格的教育是有相似的
[00:40:14.000 --> 00:40:16.000]  但是目的是不同的
[00:40:16.000 --> 00:40:18.000]  並且他基本上
[00:40:18.000 --> 00:40:20.000]  是沒有信仰的因由
[00:40:20.000 --> 00:40:21.000]  是很不同的
[00:40:21.000 --> 00:40:22.000]  在這裏比較強調
[00:40:22.000 --> 00:40:24.000]  是君王的權勢
[00:40:24.000 --> 00:40:28.000]  和周賢雄和宋元璋相對化
[00:40:28.000 --> 00:40:34.000]  埃及這個Instruction of the Catholic
[00:40:34.000 --> 00:40:38.000]  講到所謂的書吏
[00:40:38.000 --> 00:40:40.000]  這個行業很好
[00:40:40.000 --> 00:40:41.000]  也是專門的行業
[00:40:41.000 --> 00:40:42.000]  那個行業
[00:40:42.000 --> 00:40:44.000]  在這裏這樣說
[00:40:44.000 --> 00:40:46.000]  沒有任何一種行業是沒有老闆的
[00:40:46.000 --> 00:40:48.000]  我想其實我們
[00:40:48.000 --> 00:40:50.000]  應該也沒有什麼行業是不一樣的
[00:40:50.000 --> 00:40:52.000]  除非自己是老闆
[00:40:52.000 --> 00:40:55.000]  沒有任何一個行業是沒有老闆的
[00:40:55.000 --> 00:40:57.000]  本來唯有書吏
[00:40:57.000 --> 00:41:00.000]  因為書吏自己就是老闆
[00:41:00.000 --> 00:41:01.000]  他就是自己人
[00:41:01.000 --> 00:41:02.000]  他就是書姐
[00:41:02.000 --> 00:41:04.000]  所以如果你會寫字
[00:41:04.000 --> 00:41:06.000]  你就很厲害了
[00:41:06.000 --> 00:41:08.000]  他這個所謂的訓誨
[00:41:08.000 --> 00:41:10.000]  其實是寫出很多種的行業
[00:41:10.000 --> 00:41:12.000]  各個行業都是不可以的
[00:41:12.000 --> 00:41:14.000]  包括捕魚是不可以的
[00:41:14.000 --> 00:41:16.000]  建築是不可以的
[00:41:16.000 --> 00:41:19.000]  做礦工是不好的
[00:41:19.000 --> 00:41:20.000]  追學數道
[00:41:20.000 --> 00:41:21.000]  文士是最好的
[00:41:21.000 --> 00:41:23.000]  因為文士全部是專門
[00:41:23.000 --> 00:41:24.000]  為什麼呢
[00:41:24.000 --> 00:41:26.000]  因為文士是服侍我的
[00:41:26.000 --> 00:41:28.000]  他不是有一棵白石
[00:41:28.000 --> 00:41:30.000]  他是有一個棺材
[00:41:30.000 --> 00:41:32.000]  所以是有專門名譽
[00:41:32.000 --> 00:41:36.000]  針研這裏也有提到
[00:41:36.000 --> 00:41:37.000]  你見過
[00:41:37.000 --> 00:41:45.000]  「但是降臨的人,他會是立在昏朦的面前,而非是立在悲鳴的人面前」
[00:41:45.000 --> 00:41:46.000]  都有相似
[00:41:46.000 --> 00:41:48.000]  不過如果我們看
[00:41:48.000 --> 00:41:49.000]  尤成卿說的
[00:41:49.000 --> 00:41:51.000]  在二十二章
[00:41:51.000 --> 00:41:54.000]  二十九節
[00:41:54.000 --> 00:41:58.000]  如果你去留意
[00:41:58.000 --> 00:42:03.000]  上文下理的時候
[00:42:03.000 --> 00:42:04.000]  你會見到
[00:42:04.000 --> 00:42:06.000]  其實是有點不同的
[00:42:06.000 --> 00:42:08.000]  譬如下面
[00:42:08.000 --> 00:42:10.000]  二十三章
[00:42:10.000 --> 00:42:12.000]  你要與官長坐直
[00:42:12.000 --> 00:42:13.000]  這裏也有說過
[00:42:13.000 --> 00:42:14.000]  所謂Royal setting
[00:42:14.000 --> 00:42:16.000]  你與官長坐直的時候
[00:42:16.000 --> 00:42:18.000]  就要點點點點
[00:42:18.000 --> 00:42:20.000]  這是一個好的處置
[00:42:20.000 --> 00:42:21.000]  但如果你看的時候
[00:42:21.000 --> 00:42:22.000]  就是看到第十二節
[00:42:22.000 --> 00:42:24.000]  二十三節和十二節的時候
[00:42:24.000 --> 00:42:26.000]  或者是十三章
[00:42:26.000 --> 00:42:29.000]  第十二節和十五節都是
[00:42:29.000 --> 00:42:31.000]  就是你要留心領受分配
[00:42:31.000 --> 00:42:34.000]  質疑同從知識的言語
[00:42:34.000 --> 00:42:36.000]  十五節不可以
[00:42:36.000 --> 00:42:37.000]  你心虐全智慧
[00:42:37.000 --> 00:42:39.000]  我的心也甚歡喜
[00:42:39.000 --> 00:42:40.000]  你的嘴虐說真
[00:42:40.000 --> 00:42:42.000]  我的心祥也必快樂
[00:42:42.000 --> 00:42:46.000]  所說的都是一種道德的教導
[00:42:46.000 --> 00:42:48.000]  不是純粹關注
[00:42:48.000 --> 00:42:50.000]  你這個人在君王
[00:42:50.000 --> 00:42:52.000]  或者朝廷裏面去事實
[00:42:52.000 --> 00:42:54.000]  特別可以留意
[00:42:54.000 --> 00:42:56.000]  就是你要留心領受分配
[00:42:56.000 --> 00:42:57.000]  十二節
[00:42:57.000 --> 00:42:59.000]  其實周年有其他地方也是
[00:42:59.000 --> 00:43:01.000]  分配的意思是什麼呢
[00:43:01.000 --> 00:43:03.000]  是Torah
[00:43:03.000 --> 00:43:05.000]  就是五經的律法
[00:43:05.000 --> 00:43:07.000]  五經的律例
[00:43:07.000 --> 00:43:09.000]  所以其實正如這裡所說
[00:43:09.000 --> 00:43:11.000]  其實他在說
[00:43:11.000 --> 00:43:13.000]  你在宮廷裏面
[00:43:13.000 --> 00:43:14.000]  就算在宮廷裏面
[00:43:14.000 --> 00:43:15.000]  你去服事的時候
[00:43:15.000 --> 00:43:18.000]  基本上你是成為土瓜的出口
[00:43:18.000 --> 00:43:20.000]  就是你是教導
[00:43:20.000 --> 00:43:21.000]  或者叫做愚昧人
[00:43:21.000 --> 00:43:22.000]  愚蠢的人
[00:43:22.000 --> 00:43:24.000]  能夠成為有智慧的人
[00:43:24.000 --> 00:43:25.000]  不是為了讓你
[00:43:25.000 --> 00:43:27.000]  好像左邊那樣
[00:43:27.000 --> 00:43:28.000]  這個行業本身給你一尊位
[00:43:28.000 --> 00:43:31.000]  而是因為你是傳遞土瓜的人
[00:43:31.000 --> 00:43:34.000]  你看他口出土瓜
[00:43:34.000 --> 00:43:35.000]  讓那些愚昧人
[00:43:35.000 --> 00:43:37.000]  能夠知道你的智慧的延續
[00:43:37.000 --> 00:43:38.000]  是這麼說的
[00:43:38.000 --> 00:43:41.000]  所以這裡是同樣爭議的教導
[00:43:41.000 --> 00:43:43.000]  最後就是這裡
[00:43:43.000 --> 00:43:45.000]  有另一個叫客族
[00:43:45.000 --> 00:43:46.000]  叫做一個dialogue
[00:43:46.000 --> 00:43:48.000]  between一個書配的阿妹
[00:43:48.000 --> 00:43:50.000]  和她父親的對話
[00:43:50.000 --> 00:43:51.000]  這個客族的
[00:43:51.000 --> 00:43:53.000]  更加高一點的地方
[00:43:53.000 --> 00:43:55.000]  就是我而要聽從你父親的教導
[00:43:55.000 --> 00:43:57.000]  把前輩朝臣
[00:43:57.000 --> 00:43:59.000]  朝廷大臣的忠告
[00:43:59.000 --> 00:44:01.000]  是在你的健康上
[00:44:01.000 --> 00:44:03.000]  當你站在君王的寶座前
[00:44:03.000 --> 00:44:04.000]  這即是說
[00:44:04.000 --> 00:44:05.000]  必成為你通往尊嚴的梯子
[00:44:05.000 --> 00:44:06.000]  這個很明顯
[00:44:06.000 --> 00:44:08.000]  都是一個高明的教導
[00:44:08.000 --> 00:44:11.000]  很明顯就是朝廷大臣的忠告
[00:44:11.000 --> 00:44:13.000]  和站在君王的寶座
[00:44:13.000 --> 00:44:16.000]  然後會成為尊嚴的梯子
[00:44:16.000 --> 00:44:17.000]  信你知道
[00:44:17.000 --> 00:44:19.000]  但是如果你看針面這裡
[00:44:19.000 --> 00:44:21.000]  或者將就更加明顯
[00:44:21.000 --> 00:44:24.000]  我而你要聽從父親的管教
[00:44:24.000 --> 00:44:27.000]  不可撇棄母親的分配
[00:44:27.000 --> 00:44:29.000]  因為即是你抱上了皇后
[00:44:29.000 --> 00:44:31.000]  是你頸上的項鍊
[00:44:31.000 --> 00:44:32.000]  同樣用到一些比喻
[00:44:32.000 --> 00:44:35.000]  例如是頸項、項鍊等等
[00:44:35.000 --> 00:44:37.000]  不過留意首先
[00:44:37.000 --> 00:44:40.000]  在古達近東的智慧
[00:44:40.000 --> 00:44:42.000]  我可以這個格式都常見
[00:44:42.000 --> 00:44:46.000]  不過主要是父親教導子子
[00:44:46.000 --> 00:44:48.000]  為什麼呢?
[00:44:48.000 --> 00:44:51.000]  通常什麼日子做皇帝的呢?
[00:44:51.000 --> 00:44:53.000]  通常大日子做皇帝的
[00:44:53.000 --> 00:44:54.000]  通常是男權的
[00:44:54.000 --> 00:44:57.000]  一路傳遞的
[00:44:57.000 --> 00:44:59.000]  女人有皇后
[00:44:59.000 --> 00:45:00.000]  或者公主
[00:45:00.000 --> 00:45:03.000]  通常那個是男性的男人
[00:45:03.000 --> 00:45:06.000]  所以為什麼我而要聽從你父親的教導
[00:45:06.000 --> 00:45:08.000]  就是你是繼承王位的
[00:45:08.000 --> 00:45:09.000]  你是一個success
[00:45:09.000 --> 00:45:10.000]  繼承王位
[00:45:10.000 --> 00:45:12.000]  但是在針面你會見到
[00:45:12.000 --> 00:45:14.000]  我而要聽從父親的管教
[00:45:14.000 --> 00:45:16.000]  亦都加了什麼呢?
[00:45:16.000 --> 00:45:18.000]  是母親的分配
[00:45:18.000 --> 00:45:20.000]  剛才我聽過分配
[00:45:20.000 --> 00:45:22.000]  就是Torah
[00:45:22.000 --> 00:45:24.000]  但大家留意
[00:45:24.000 --> 00:45:27.000]  一些諾賴
[00:45:27.000 --> 00:45:28.000]  或者在這裏
[00:45:28.000 --> 00:45:30.000]  在智慧銀行的針面
[00:45:30.000 --> 00:45:31.000]  其實很多時候
[00:45:31.000 --> 00:45:34.000]  性別可以說是平等化了
[00:45:34.000 --> 00:45:35.000]  當然有些性別
[00:45:35.000 --> 00:45:36.000]  甚至於一些故事
[00:45:36.000 --> 00:45:37.000]  我們都看到了
[00:45:37.000 --> 00:45:38.000]  例如父親
[00:45:38.000 --> 00:45:40.000]  其實在古達近東
[00:45:40.000 --> 00:45:41.000]  很少關乎一些
[00:45:41.000 --> 00:45:43.000]  嬰女性的故事
[00:45:43.000 --> 00:45:45.000]  這個在聖經裏面反而有些
[00:45:45.000 --> 00:45:47.000]  甚至紀律拉
[00:45:47.000 --> 00:45:48.000]  我們看到耶穌
[00:45:48.000 --> 00:45:49.000]  其中一個
[00:45:49.000 --> 00:45:50.000]  他的家譜裏面
[00:45:50.000 --> 00:45:51.000]  有一個重要的女人
[00:45:51.000 --> 00:45:53.000]  有些內容
[00:45:53.000 --> 00:45:55.000]  反而是傾向文化的
[00:45:55.000 --> 00:45:57.000]  這裏是父親的管教
[00:45:57.000 --> 00:45:59.000]  母親的分配都提及
[00:45:59.000 --> 00:46:01.000]  為什麼呢?
[00:46:01.000 --> 00:46:03.000]  這個不是純粹在官庭裏面
[00:46:03.000 --> 00:46:04.000]  給人聽的
[00:46:04.000 --> 00:46:06.000]  而是猶太人
[00:46:06.000 --> 00:46:07.000]  相信耶和華的
[00:46:07.000 --> 00:46:09.000]  Torah的分配
[00:46:09.000 --> 00:46:10.000]  是家家戶戶
[00:46:10.000 --> 00:46:11.000]  都應該要全講的
[00:46:11.000 --> 00:46:12.000]  所以這種所謂
[00:46:12.000 --> 00:46:14.000]  信仰色彩的
[00:46:14.000 --> 00:46:16.000]  品格教育
[00:46:16.000 --> 00:46:18.000]  是所謂民主化的
[00:46:18.000 --> 00:46:19.000]  不是說只是官庭的人
[00:46:19.000 --> 00:46:21.000]  或者我們比喻做官員
[00:46:21.000 --> 00:46:23.000]  而是說普遍人
[00:46:23.000 --> 00:46:25.000]  都應該被
[00:46:25.000 --> 00:46:27.000]  代代相傳去教導
[00:46:27.000 --> 00:46:28.000]  為的是什麼呢?
[00:46:28.000 --> 00:46:29.000]  為的是讓所有人
[00:46:29.000 --> 00:46:32.000]  都能夠實踐到
[00:46:32.000 --> 00:46:33.000]  或者進行到
[00:46:33.000 --> 00:46:35.000]  耶和華喜悅的道德生活
[00:46:35.000 --> 00:46:37.000]  這個是
[00:46:37.000 --> 00:46:39.000]  所以這個是母親的分配
[00:46:39.000 --> 00:46:41.000]  既是本有女人母親的角色
[00:46:41.000 --> 00:46:43.000]  那個最基本的家庭
[00:46:43.000 --> 00:46:44.000]  到那幾單位
[00:46:44.000 --> 00:46:46.000]  又講到分配
[00:46:46.000 --> 00:46:47.000]  或者管教
[00:46:47.000 --> 00:46:48.000]  管教和分配
[00:46:48.000 --> 00:46:49.000]  經常出現在
[00:46:49.000 --> 00:46:50.000]  律法傳統的
[00:46:50.000 --> 00:46:52.000]  特別三一條裡面都很多
[00:46:52.000 --> 00:46:53.000]  就是管教
[00:46:53.000 --> 00:46:54.000]  有時會用在
[00:46:54.000 --> 00:46:56.000]  耶和華的管教
[00:46:56.000 --> 00:46:58.000]  我們周年都有看到
[00:46:58.000 --> 00:46:59.000]  《約翰記》都有看到
[00:46:59.000 --> 00:47:01.000]  耶和華的管教
[00:47:01.000 --> 00:47:02.000]  所以都是
[00:47:02.000 --> 00:47:03.000]  父親母親
[00:47:03.000 --> 00:47:04.000]  就好像代表了
[00:47:04.000 --> 00:47:05.000]  耶和華的管教
[00:47:05.000 --> 00:47:07.000]  這個是周年
[00:47:07.000 --> 00:47:08.000]  相對來說
[00:47:08.000 --> 00:47:09.000]  這個很普遍
[00:47:09.000 --> 00:47:11.000]  那個框架
[00:47:11.000 --> 00:47:13.000]  有些學者會稱為
[00:47:13.000 --> 00:47:15.000]  他是周年
[00:47:15.000 --> 00:47:17.000]  雖然不是很多講耶和華
[00:47:17.000 --> 00:47:19.000]  但其實過程中
[00:47:19.000 --> 00:47:20.000]  是有一個很貼地
[00:47:20.000 --> 00:47:22.000]  講耶和華的律法
[00:47:22.000 --> 00:47:23.000]  呼應著
[00:47:23.000 --> 00:47:24.000]  五經傳統的
[00:47:24.000 --> 00:47:25.000]  五經的律例
[00:47:25.000 --> 00:47:26.000]  不過叫做
[00:47:26.000 --> 00:47:27.000]  disabolize
[00:47:27.000 --> 00:47:28.000]  五經那種
[00:47:28.000 --> 00:47:30.000]  好像很權威性的
[00:47:30.000 --> 00:47:31.000]  右上而下的
[00:47:31.000 --> 00:47:32.000]  那種教育
[00:47:32.000 --> 00:47:34.000]  所謂disabolize
[00:47:34.000 --> 00:47:36.000]  即是非虛實正法
[00:47:36.000 --> 00:47:37.000]  我們看周年
[00:47:37.000 --> 00:47:38.000]  好像很自然的
[00:47:38.000 --> 00:47:39.000]  有教育
[00:47:39.000 --> 00:47:40.000]  很貼地的
[00:47:40.000 --> 00:47:42.000]  有父母親教你
[00:47:42.000 --> 00:47:43.000]  其實這裡
[00:47:43.000 --> 00:47:45.000]  其實將耶和華的律例
[00:47:45.000 --> 00:47:47.000]  好像很強烈到
[00:47:47.000 --> 00:47:49.000]  你父母親都會這樣教你
[00:47:49.000 --> 00:47:50.000]  正常來說
[00:47:50.000 --> 00:47:51.000]  你父母親都是猶太人
[00:47:51.000 --> 00:47:53.000]  他們都是猶太人
[00:47:53.000 --> 00:47:54.000]  摩西的猶太人
[00:47:54.000 --> 00:47:55.000]  他們都會這樣教你
[00:47:55.000 --> 00:47:56.000]  是放得很近的
[00:47:56.000 --> 00:47:58.000]  不像五經裡面
[00:47:58.000 --> 00:48:00.000]  好像耶和華在西大山
[00:48:00.000 --> 00:48:01.000]  那樣顯現
[00:48:01.000 --> 00:48:03.000]  有很多風雨
[00:48:03.000 --> 00:48:04.000]  大雨等等
[00:48:04.000 --> 00:48:05.000]  不是這樣的
[00:48:05.000 --> 00:48:06.000]  而是很近的
[00:48:06.000 --> 00:48:07.000]  就在你家庭裡面
[00:48:07.000 --> 00:48:08.000]  很貼地的
[00:48:08.000 --> 00:48:10.000]  所以很多學者就說
[00:48:10.000 --> 00:48:11.000]  周年其實都是
[00:48:11.000 --> 00:48:12.000]  講耶和華的律法
[00:48:12.000 --> 00:48:14.000]  不過是disabolize
[00:48:14.000 --> 00:48:16.000]  貼地式的感覺
[00:48:16.000 --> 00:48:17.000]  所以這裡是
[00:48:17.000 --> 00:48:18.000]  針研的教導
[00:48:18.000 --> 00:48:19.000]  我們稍微少少
[00:48:19.000 --> 00:48:20.000]  總結一下針研
[00:48:20.000 --> 00:48:21.000]  如果我們休息之後
[00:48:21.000 --> 00:48:23.000]  我們再看那兩卷
[00:48:23.000 --> 00:48:25.000]  傳道書和耶和華紀念
[00:48:25.000 --> 00:48:28.000]  這裡就文學認識和共享第一
[00:48:28.000 --> 00:48:31.000]  剛才經過不同的傳統
[00:48:31.000 --> 00:48:32.000]  蘇美
[00:48:32.000 --> 00:48:33.000]  懷俠
[00:48:33.000 --> 00:48:34.000]  亞萬
[00:48:34.000 --> 00:48:36.000]  或者我的家文文件
[00:48:36.000 --> 00:48:38.000]  其實我都引述了很少的東西
[00:48:38.000 --> 00:48:39.000]  其實很多的
[00:48:39.000 --> 00:48:40.000]  不過
[00:48:40.000 --> 00:48:41.000]  簡單的經文
[00:48:41.000 --> 00:48:43.000]  是可以和針研做小比較的
[00:48:43.000 --> 00:48:45.000]  和大家看到的對比
[00:48:45.000 --> 00:48:46.000]  就是你會看到
[00:48:46.000 --> 00:48:48.000]  例如這個父子的分配形式
[00:48:48.000 --> 00:48:49.000]  但是你會看到
[00:48:49.000 --> 00:48:50.000]  在傳統裡面
[00:48:50.000 --> 00:48:51.000]  是教人
[00:48:51.000 --> 00:48:52.000]  下一個
[00:48:52.000 --> 00:48:53.000]  你將會做官
[00:48:53.000 --> 00:48:54.000]  將會做王
[00:48:54.000 --> 00:48:55.000]  你要怎麼做
[00:48:55.000 --> 00:48:56.000]  所以父子是這樣的形式
[00:48:56.000 --> 00:48:57.000]  但是針研
[00:48:57.000 --> 00:48:58.000]  是父母親
[00:48:58.000 --> 00:49:00.000]  對兒女的
[00:49:00.000 --> 00:49:01.000]  父親
[00:49:01.000 --> 00:49:02.000]  父子的分配形式
[00:49:02.000 --> 00:49:03.000]  第二
[00:49:03.000 --> 00:49:05.000]  素父子和動物針研都有
[00:49:05.000 --> 00:49:07.000]  三十章的針研
[00:49:07.000 --> 00:49:09.000]  特別當中是有很多
[00:49:09.000 --> 00:49:11.000]  品格的教導等等
[00:49:11.000 --> 00:49:14.000]  還有一些命運和理由的修辭
[00:49:14.000 --> 00:49:15.000]  我們剛才看過的
[00:49:15.000 --> 00:49:17.000]  例如符埃學那些
[00:49:17.000 --> 00:49:18.000]  就說你要
[00:49:18.000 --> 00:49:21.000]  不要在那裏流言蜚語
[00:49:21.000 --> 00:49:23.000]  在那裏散佈秘密
[00:49:23.000 --> 00:49:25.000]  免得你會
[00:49:25.000 --> 00:49:27.000]  沒有尊榮等等
[00:49:27.000 --> 00:49:29.000]  都是同理由的
[00:49:29.000 --> 00:49:30.000]  但是如果你是針研的話
[00:49:30.000 --> 00:49:32.000]  那個理由是實學的理由
[00:49:32.000 --> 00:49:33.000]  是因為這個是耶和華
[00:49:33.000 --> 00:49:35.000]  甚至最終極是耶和華所起源
[00:49:35.000 --> 00:49:37.000]  是耶和華所評估的
[00:49:37.000 --> 00:49:38.000]  等等
[00:49:38.000 --> 00:49:40.000]  所以文學形式都有不同
[00:49:40.000 --> 00:49:42.000]  但是在這裏看的時候
[00:49:42.000 --> 00:49:44.000]  這個智慧傳統是
[00:49:44.000 --> 00:49:47.000]  經聖經作者的手轉化了
[00:49:47.000 --> 00:49:50.000]  我聽說是一種實學的重塑
[00:49:50.000 --> 00:49:52.000]  上面那兩個是古墾東
[00:49:52.000 --> 00:49:54.000]  最常有的主題
[00:49:54.000 --> 00:49:55.000]  第一
[00:49:55.000 --> 00:49:56.000]  世俗的獨特秩序
[00:49:56.000 --> 00:49:57.000]  我們提過了
[00:49:57.000 --> 00:49:58.000]  無論埃及
[00:49:58.000 --> 00:49:59.000]  無論是黑族
[00:49:59.000 --> 00:50:00.000]  無論是亞蠻
[00:50:00.000 --> 00:50:02.000]  只要有皇室
[00:50:02.000 --> 00:50:03.000]  有所謂的文士
[00:50:03.000 --> 00:50:05.000]  書裏的書者
[00:50:05.000 --> 00:50:07.000]  都和這些東西有多少關係
[00:50:07.000 --> 00:50:08.000]  就是世俗的獨特秩序
[00:50:08.000 --> 00:50:11.000]  去維護世界和社群的秩序為主
[00:50:11.000 --> 00:50:13.000]  特別是埃及
[00:50:13.000 --> 00:50:15.000]  馴服尊榮君王
[00:50:15.000 --> 00:50:17.000]  原來君王本身就是御徒臣民
[00:50:17.000 --> 00:50:19.000]  這個是我們剛才提過的主題
[00:50:19.000 --> 00:50:21.000]  但是你去針研的時候
[00:50:21.000 --> 00:50:23.000]  他將敬畏耶和華
[00:50:23.000 --> 00:50:25.000]  重塑了整個智慧傳統
[00:50:25.000 --> 00:50:27.000]  固然敬畏耶和華不是每一節都有
[00:50:27.000 --> 00:50:28.000]  針研都有
[00:50:28.000 --> 00:50:29.000]  但是如果你留意
[00:50:29.000 --> 00:50:31.000]  針研出現敬畏耶和華
[00:50:31.000 --> 00:50:33.000]  是在三處
[00:50:33.000 --> 00:50:35.000]  是最明顯的
[00:50:35.000 --> 00:50:36.000]  也是最有意思的
[00:50:36.000 --> 00:50:37.000]  就是第一章
[00:50:37.000 --> 00:50:39.000]  敬畏耶和華是智慧的開端
[00:50:39.000 --> 00:50:41.000]  和第九章
[00:50:41.000 --> 00:50:44.000]  敬畏耶和華是知識的開端
[00:50:44.000 --> 00:50:46.000]  知識開端和智慧開端
[00:50:46.000 --> 00:50:48.000]  和第三章
[00:50:48.000 --> 00:50:49.000]  我們有印象的話
[00:50:49.000 --> 00:50:51.000]  就是財德的婦人
[00:50:51.000 --> 00:50:52.000]  他講到最後
[00:50:52.000 --> 00:50:54.000]  說財德的婦人是敬畏的
[00:50:54.000 --> 00:50:56.000]  敬畏神
[00:50:56.000 --> 00:50:58.000]  三處講敬畏
[00:50:58.000 --> 00:51:00.000]  就分別擺在針研
[00:51:00.000 --> 00:51:02.000]  頭九章的一頭一尾
[00:51:02.000 --> 00:51:05.000]  頭九章是整個針研的序言
[00:51:05.000 --> 00:51:07.000]  然後擺在最後一章
[00:51:07.000 --> 00:51:12.000]  好像涵蓋了整個針研的所有智慧
[00:51:12.000 --> 00:51:13.000]  基本上都是涵蓋在
[00:51:13.000 --> 00:51:14.000]  耶和華
[00:51:14.000 --> 00:51:15.000]  敬畏耶和華
[00:51:15.000 --> 00:51:16.000]  是智慧的位置
[00:51:16.000 --> 00:51:17.000]  是智慧的開端
[00:51:17.000 --> 00:51:19.000]  所以就在針研不同的章節裏面
[00:51:19.000 --> 00:51:20.000]  你看到君王系
[00:51:20.000 --> 00:51:22.000]  你看到長官
[00:51:22.000 --> 00:51:23.000]  你甚至可能看到
[00:51:23.000 --> 00:51:25.000]  和埃及的宮廷智慧
[00:51:25.000 --> 00:51:26.000]  很有關係
[00:51:26.000 --> 00:51:27.000]  很有相似的
[00:51:27.000 --> 00:51:28.000]  就說教你
[00:51:28.000 --> 00:51:30.000]  你不要坐在長官的位置
[00:51:30.000 --> 00:51:31.000]  如果你沒有高官銜
[00:51:31.000 --> 00:51:33.000]  你不要坐在那個位置
[00:51:33.000 --> 00:51:35.000]  留意你的本位
[00:51:35.000 --> 00:51:36.000]  都有些教育
[00:51:36.000 --> 00:51:37.000]  但是如果你提君王的時候
[00:51:37.000 --> 00:51:39.000]  剛才我們特別提到第三個
[00:51:39.000 --> 00:51:40.000]  就是我們講的意思
[00:51:40.000 --> 00:51:43.000]  就是君王不再是神
[00:51:43.000 --> 00:51:46.000]  在埃及或者是一些瓜藍裏面
[00:51:46.000 --> 00:51:49.000]  而君王是神的化身或者形象
[00:51:49.000 --> 00:51:50.000]  但是在針研裏面
[00:51:50.000 --> 00:51:51.000]  君王不再是神
[00:51:51.000 --> 00:51:53.000]  世俗的道德
[00:51:53.000 --> 00:51:55.000]  不是純粹維持你升官發財
[00:51:55.000 --> 00:51:57.000]  你順利人生順境
[00:51:57.000 --> 00:51:59.000]  或者你的男友是比王越甲
[00:51:59.000 --> 00:52:00.000]  不是這樣
[00:52:00.000 --> 00:52:01.000]  而是說
[00:52:01.000 --> 00:52:02.000]  所謂世俗的道德
[00:52:02.000 --> 00:52:03.000]  所謂世俗的意思
[00:52:03.000 --> 00:52:05.000]  即是日常生活
[00:52:05.000 --> 00:52:06.000]  人際
[00:52:06.000 --> 00:52:08.000]  或者是道德的生活
[00:52:08.000 --> 00:52:12.000]  是對納約的耶和華的競爭回應
[00:52:12.000 --> 00:52:14.000]  直至天使島是耶和華的
[00:52:14.000 --> 00:52:16.000]  所以就是這樣看的時候
[00:52:16.000 --> 00:52:18.000]  你會看到既有相似
[00:52:18.000 --> 00:52:19.000]  亦有不同
[00:52:19.000 --> 00:52:21.000]  相似在於文學形式
[00:52:21.000 --> 00:52:24.000]  或者是當中都有特別提到
[00:52:24.000 --> 00:52:25.000]  某些的行家教育
[00:52:25.000 --> 00:52:29.000]  都是帶有神學和信仰的動機
[00:52:29.000 --> 00:52:33.000]  這個基礎就很明顯在針研裏面運用出來
[00:52:33.000 --> 00:52:36.000]  我們先來到針研裏面
[00:52:36.000 --> 00:52:39.000]  我們稍為休息一下
[00:52:39.000 --> 00:52:41.000]  針研剛才就說了
[00:52:41.000 --> 00:52:47.000]  不過想有兩個來自針研的總結
[00:52:47.000 --> 00:52:49.000]  我覺得都是近宗智慧
[00:52:49.000 --> 00:52:53.000]  沒有這樣說法的
[00:52:53.000 --> 00:52:56.000]  就是你的心若餓了就及他飯
[00:52:56.000 --> 00:52:58.000]  若渴了就及他水
[00:52:58.000 --> 00:53:01.000]  因為你就是把炭火堆在你頭上
[00:53:01.000 --> 00:53:03.000]  耶和華也必想似你
[00:53:03.000 --> 00:53:07.000]  我們稍後會知道
[00:53:07.000 --> 00:53:09.000]  其實耶穌也教過我們愛受敵
[00:53:09.000 --> 00:53:12.000]  不過在近宗不是一個智慧的說法
[00:53:12.000 --> 00:53:14.000]  在近宗裏面的智慧
[00:53:14.000 --> 00:53:16.000]  是知其歡慰
[00:53:16.000 --> 00:53:18.000]  你和你的觀客相處
[00:53:18.000 --> 00:53:19.000]  打交道
[00:53:19.000 --> 00:53:22.000]  不會陷害你的受敵
[00:53:22.000 --> 00:53:26.000]  所以針研25章22節
[00:53:26.000 --> 00:53:30.000]  是講述信仰的動因
[00:53:30.000 --> 00:53:35.000]  所謂道德論的源於耶和華的信仰
[00:53:35.000 --> 00:53:38.000]  所以針研看到
[00:53:38.000 --> 00:53:40.000]  剛才提及到很多
[00:53:40.000 --> 00:53:43.000]  同學把近宗智慧收集了下來
[00:53:43.000 --> 00:53:45.000]  其實聖經成書也很雜的
[00:53:45.000 --> 00:53:47.000]  我今天就沒有太多時間講到
[00:53:47.000 --> 00:53:49.000]  所謂聖經的成書史
[00:53:49.000 --> 00:53:51.000]  針研應該是經過一段時間
[00:53:51.000 --> 00:53:53.000]  所謂的collection 收集
[00:53:53.000 --> 00:53:56.000]  不過我剛才所提到
[00:53:56.000 --> 00:53:57.000]  背了耶和華獨一十論的
[00:53:57.000 --> 00:53:59.000]  一種信仰的色彩
[00:53:59.000 --> 00:54:02.000]  其實相對而言是比較後期
[00:54:02.000 --> 00:54:04.000]  但當我們讀經的時候
[00:54:04.000 --> 00:54:07.000]  我們會看到最後來的編修者
[00:54:07.000 --> 00:54:10.000]  將這些所謂比較熟悉
[00:54:10.000 --> 00:54:12.000]  或者叫世俗的智慧
[00:54:12.000 --> 00:54:15.000]  涵蓋了一種耶和華信仰的格局
[00:54:15.000 --> 00:54:17.000]  或者是框架裏面
[00:54:17.000 --> 00:54:19.000]  我們來看看
[00:54:19.000 --> 00:54:21.000]  我們剛才所提到
[00:54:21.000 --> 00:54:24.000]  一種最獨特於近宗的智慧
[00:54:24.000 --> 00:54:26.000]  那種耶和華信仰的同音
[00:54:26.000 --> 00:54:28.000]  柔歌的動機
[00:54:28.000 --> 00:54:30.000]  其實是一個篇
[00:54:30.000 --> 00:54:31.000]  慢慢編輯下來
[00:54:31.000 --> 00:54:32.000]  才可以發現到
[00:54:32.000 --> 00:54:34.000]  你一字一字的時候
[00:54:34.000 --> 00:54:36.000]  相對而言沒有那麼容易看得到
[00:54:36.000 --> 00:54:37.000]  但是你整個篇
[00:54:37.000 --> 00:54:39.000]  看它的報告
[00:54:39.000 --> 00:54:41.000]  當中有幾個針研在講這個話
[00:54:41.000 --> 00:54:42.000]  那些就容易一點
[00:54:42.000 --> 00:54:44.000]  我們由這個針研
[00:54:44.000 --> 00:54:46.000]  所謂一個比較常態
[00:54:46.000 --> 00:54:49.000]  或者稱為一種常規的智慧
[00:54:49.000 --> 00:54:51.000]  再去到另一個
[00:54:51.000 --> 00:54:52.000]  就是反常
[00:54:52.000 --> 00:54:53.000]  約伯記
[00:54:53.000 --> 00:54:55.000]  其實約伯記的故事
[00:54:55.000 --> 00:54:57.000]  在近宗文化也有類似
[00:54:57.000 --> 00:55:00.000]  我們稱為正義受苦者
[00:55:00.000 --> 00:55:01.000]  原來有些受苦者
[00:55:01.000 --> 00:55:03.000]  他也像約伯一樣
[00:55:03.000 --> 00:55:05.000]  他沒有犯錯
[00:55:05.000 --> 00:55:06.000]  沒有犯事
[00:55:06.000 --> 00:55:08.000]  也是一個正義的受苦
[00:55:08.000 --> 00:55:10.000]  或者叫無辜受苦者
[00:55:10.000 --> 00:55:12.000]  我們就看一點
[00:55:12.000 --> 00:55:15.000]  這個所謂反常智慧文學
[00:55:15.000 --> 00:55:17.000]  所謂正常智慧文學
[00:55:17.000 --> 00:55:19.000]  就是針研那一類正常智慧文學
[00:55:19.000 --> 00:55:21.000]  這個稱為反常智慧文學
[00:55:21.000 --> 00:55:22.000]  是什麼呢
[00:55:22.000 --> 00:55:24.000]  它是有別於傳統智慧文學
[00:55:24.000 --> 00:55:26.000]  那種是比較強調
[00:55:26.000 --> 00:55:28.000]  一個因果報應論
[00:55:28.000 --> 00:55:29.000]  因果報應論
[00:55:29.000 --> 00:55:30.000]  就是一個retribution
[00:55:30.000 --> 00:55:31.000]  非常好
[00:55:31.000 --> 00:55:32.000]  意思是什麼呢
[00:55:32.000 --> 00:55:33.000]  就是學了我們所講的針研
[00:55:33.000 --> 00:55:34.000]  最開初我們所講的
[00:55:34.000 --> 00:55:35.000]  善有善報
[00:55:35.000 --> 00:55:36.000]  愛有愛報
[00:55:36.000 --> 00:55:38.000]  這個是一個因果報應論
[00:55:38.000 --> 00:55:41.000]  其實針研的智慧
[00:55:41.000 --> 00:55:43.000]  其實也來源於這個原則
[00:55:43.000 --> 00:55:46.000]  就是如果你做得不對的事
[00:55:46.000 --> 00:55:48.000]  你就會好好回報等等
[00:55:48.000 --> 00:55:49.000]  當然
[00:55:49.000 --> 00:55:50.000]  吳京的文化傳統
[00:55:50.000 --> 00:55:51.000]  就講得最明顯一點
[00:55:51.000 --> 00:55:53.000]  大智慧文學也有
[00:55:53.000 --> 00:55:54.000]  但是反常的經驗是什麼呢
[00:55:54.000 --> 00:55:55.000]  就是說
[00:55:55.000 --> 00:55:56.000]  有些時候
[00:55:56.000 --> 00:55:58.000]  現實生活好像不是這樣
[00:55:58.000 --> 00:56:00.000]  特別是法理系統明顯是
[00:56:00.000 --> 00:56:01.000]  就是無辜的二人
[00:56:01.000 --> 00:56:03.000]  一直之間會遭遇
[00:56:03.000 --> 00:56:04.000]  即是疑問
[00:56:04.000 --> 00:56:05.000]  重病
[00:56:05.000 --> 00:56:06.000]  甚至被所謂朋友
[00:56:06.000 --> 00:56:07.000]  欺絕
[00:56:07.000 --> 00:56:10.000]  或者社會的遺棄等等
[00:56:10.000 --> 00:56:11.000]  這個稱為
[00:56:11.000 --> 00:56:12.000]  在其他普通人中
[00:56:12.000 --> 00:56:13.000]  也有類似文學的
[00:56:13.000 --> 00:56:14.000]  所以我們明白了
[00:56:14.000 --> 00:56:16.000]  其實生活是很複雜的
[00:56:16.000 --> 00:56:17.000]  我們也預期
[00:56:17.000 --> 00:56:19.000]  我們也希望有所預期
[00:56:19.000 --> 00:56:20.000]  預期在這裡
[00:56:20.000 --> 00:56:21.000]  但很多時候生活
[00:56:21.000 --> 00:56:22.000]  現實生活裡面
[00:56:22.000 --> 00:56:23.000]  有些東西不是我們預期的
[00:56:23.000 --> 00:56:25.000]  甚至是反過來的
[00:56:25.000 --> 00:56:26.000]  這個就稱為
[00:56:26.000 --> 00:56:27.000]  反思智慧文學
[00:56:27.000 --> 00:56:29.000]  就是面對一些
[00:56:29.000 --> 00:56:32.000]  所謂好像傳統智慧的危機
[00:56:32.000 --> 00:56:34.000]  Crisis of traditional wisdom
[00:56:34.000 --> 00:56:35.000]  的時候
[00:56:35.000 --> 00:56:37.000]  慢慢產生的
[00:56:37.000 --> 00:56:39.000]  天小所謂對神議論
[00:56:39.000 --> 00:56:40.000]  就是theology
[00:56:40.000 --> 00:56:41.000]  就是什麼呢
[00:56:41.000 --> 00:56:42.000]  神是不是公義的呢
[00:56:42.000 --> 00:56:43.000]  或者神是不是對的呢
[00:56:43.000 --> 00:56:45.000]  被人有這樣的遭遇等等
[00:56:45.000 --> 00:56:47.000]  的一種思索的回應
[00:56:47.000 --> 00:56:49.000]  這個是第二類的智慧文學
[00:56:49.000 --> 00:56:50.000]  所謂智慧書
[00:56:50.000 --> 00:56:51.000]  智慧傳統
[00:56:51.000 --> 00:56:52.000]  我們看一點
[00:56:52.000 --> 00:56:55.000]  就是一些比較多學者會討論的
[00:56:55.000 --> 00:56:56.000]  這個就叫做
[00:56:56.000 --> 00:56:57.000]  巴比倫的
[00:56:57.000 --> 00:56:59.000]  一個受苦二人的書篇
[00:56:59.000 --> 00:57:01.000]  剛才我們提過蘇美
[00:57:01.000 --> 00:57:02.000]  我們提過埃及
[00:57:02.000 --> 00:57:03.000]  我們提過迦南
[00:57:03.000 --> 00:57:04.000]  南迦南裡面
[00:57:04.000 --> 00:57:05.000]  也有溫孤嘉烈
[00:57:05.000 --> 00:57:07.000]  或者阿南等等
[00:57:07.000 --> 00:57:08.000]  這個是巴比倫
[00:57:08.000 --> 00:57:09.000]  巴比倫
[00:57:09.000 --> 00:57:11.000]  也是蘇美後來的年代
[00:57:11.000 --> 00:57:13.000]  比較多巴比倫的文學
[00:57:13.000 --> 00:57:16.000]  這個就稱為受苦二人的詩篇
[00:57:16.000 --> 00:57:19.000]  或者他的所謂阿卡德文
[00:57:19.000 --> 00:57:22.000]  叫做Lubell Eggman
[00:57:22.000 --> 00:57:23.000]  什麼意思呢
[00:57:23.000 --> 00:57:25.000]  原來他的意思
[00:57:25.000 --> 00:57:26.000]  就是
[00:57:26.000 --> 00:57:29.000]  Let me praise the lord of wisdom
[00:57:29.000 --> 00:57:31.000]  就是讓我讚美智慧之主
[00:57:31.000 --> 00:57:33.000]  看名字很值得看
[00:57:33.000 --> 00:57:34.000]  不過你看到
[00:57:34.000 --> 00:57:35.000]  其實他記載的
[00:57:35.000 --> 00:57:37.000]  是一個受苦的故事
[00:57:37.000 --> 00:57:38.000]  左邊很長
[00:57:38.000 --> 00:57:39.000]  其實
[00:57:39.000 --> 00:57:41.000]  所謂東尼文獻的中文翻譯
[00:57:41.000 --> 00:57:42.000]  其實就很短
[00:57:42.000 --> 00:57:43.000]  所以我今天和大家講的
[00:57:43.000 --> 00:57:45.000]  是我的翻譯
[00:57:45.000 --> 00:57:47.000]  用我少少AI的技術
[00:57:47.000 --> 00:57:48.000]  來翻譯出來
[00:57:48.000 --> 00:57:49.000]  給大家容易看
[00:57:49.000 --> 00:57:52.000]  左邊你可以去看一下
[00:57:52.000 --> 00:57:53.000]  大概旁邊的人
[00:57:53.000 --> 00:57:55.000]  是很苦的
[00:57:55.000 --> 00:57:57.000]  有很多惡質
[00:57:57.000 --> 00:57:59.000]  有很多不好的遭遇
[00:57:59.000 --> 00:58:00.000]  甚至提到
[00:58:00.000 --> 00:58:02.000]  有一個惡毒的幽靈
[00:58:02.000 --> 00:58:04.000]  來攻擊他等等
[00:58:04.000 --> 00:58:05.000]  我們有印象
[00:58:05.000 --> 00:58:06.000]  一百多次
[00:58:06.000 --> 00:58:07.000]  有一次記載
[00:58:07.000 --> 00:58:09.000]  天庭
[00:58:09.000 --> 00:58:10.000]  第一章天庭聚會
[00:58:10.000 --> 00:58:11.000]  有一個稱為撒旦
[00:58:11.000 --> 00:58:13.000]  即是控訴者
[00:58:13.000 --> 00:58:15.000]  因為這個控訴者
[00:58:15.000 --> 00:58:16.000]  他的建議
[00:58:16.000 --> 00:58:17.000]  就是教會弱化
[00:58:17.000 --> 00:58:19.000]  就要受苦
[00:58:19.000 --> 00:58:20.000]  為什麼這個
[00:58:20.000 --> 00:58:21.000]  所謂受苦型的詩篇
[00:58:21.000 --> 00:58:23.000]  其實原則原理的提拔
[00:58:23.000 --> 00:58:25.000]  就叫做
[00:58:25.000 --> 00:58:27.000]  讓我讚美智慧之主
[00:58:27.000 --> 00:58:29.000]  好像很正確
[00:58:29.000 --> 00:58:30.000]  其實在內容上
[00:58:30.000 --> 00:58:32.000]  又是有少少反共意味
[00:58:32.000 --> 00:58:34.000]  原因所謂智慧之主
[00:58:34.000 --> 00:58:36.000]  就是the lord of wisdom
[00:58:36.000 --> 00:58:38.000]  這個泥巴所記載的故事
[00:58:38.000 --> 00:58:40.000]  就是這個人很慘
[00:58:40.000 --> 00:58:41.000]  神明不知為什麼
[00:58:41.000 --> 00:58:42.000]  就輔助了他
[00:58:42.000 --> 00:58:43.000]  就好像一塊
[00:58:43.000 --> 00:58:44.000]  說了很多話
[00:58:44.000 --> 00:58:45.000]  無了傑康
[00:58:45.000 --> 00:58:46.000]  無了他的朋友
[00:58:46.000 --> 00:58:47.000]  甚至他本來
[00:58:47.000 --> 00:58:49.000]  是很有尊榮的地位
[00:58:49.000 --> 00:58:50.000]  突然間
[00:58:50.000 --> 00:58:52.000]  就好像地泥泥
[00:58:52.000 --> 00:58:54.000]  但是後來
[00:58:54.000 --> 00:58:55.000]  又不知為什麼
[00:58:55.000 --> 00:58:58.000]  神明就恢復了他
[00:58:58.000 --> 00:59:00.000]  全部都不知為什麼
[00:59:00.000 --> 00:59:02.000]  神突然間學和
[00:59:02.000 --> 00:59:05.000]  神之後又給他持福
[00:59:05.000 --> 00:59:07.000]  所謂the lord of wisdom
[00:59:07.000 --> 00:59:08.000]  就是說這個智慧
[00:59:08.000 --> 00:59:09.000]  不像周年一樣
[00:59:09.000 --> 00:59:12.000]  原來智慧是神秘的意思
[00:59:12.000 --> 00:59:14.000]  他是the lord of wisdom
[00:59:14.000 --> 00:59:15.000]  智慧之主
[00:59:15.000 --> 00:59:17.000]  但是他為什麼稱為智慧之主
[00:59:17.000 --> 00:59:19.000]  就是因為不是人間智慧
[00:59:19.000 --> 00:59:20.000]  所知道的
[00:59:20.000 --> 00:59:22.000]  所捕捉到的
[00:59:22.000 --> 00:59:23.000]  這個智慧
[00:59:23.000 --> 00:59:25.000]  是有一種所謂神秘食材的意思
[00:59:25.000 --> 00:59:26.000]  他是智慧之主
[00:59:26.000 --> 00:59:28.000]  他今天拿了這個人的東西
[00:59:28.000 --> 00:59:29.000]  他的健康
[00:59:29.000 --> 00:59:30.000]  他的苦難
[00:59:30.000 --> 00:59:31.000]  突然間
[00:59:31.000 --> 00:59:32.000]  他又給了他東西
[00:59:32.000 --> 00:59:34.000]  所以他也要讚美他
[00:59:34.000 --> 00:59:37.000]  這是一個神秘的主宰
[00:59:37.000 --> 00:59:39.000]  所以是這樣的意思
[00:59:39.000 --> 00:59:41.000]  約伯多少個故事
[00:59:41.000 --> 00:59:42.000]  我們不詳細去說
[00:59:42.000 --> 00:59:43.000]  可能我們很熟悉
[00:59:43.000 --> 00:59:44.000]  但是你也知道
[00:59:44.000 --> 00:59:47.000]  約伯其實沒有很多東西
[00:59:47.000 --> 00:59:49.000]  包括他整個家
[00:59:49.000 --> 00:59:52.000]  包括他的家人
[00:59:52.000 --> 00:59:54.000]  他的兒女都死了
[00:59:54.000 --> 00:59:55.000]  沒有了一些家人
[00:59:55.000 --> 00:59:57.000]  然後他身上的災病
[00:59:57.000 --> 00:59:58.000]  生瘡病
[00:59:58.000 --> 01:00:00.000]  還有他的朋友
[01:00:00.000 --> 01:00:01.000]  中間有印象
[01:00:01.000 --> 01:00:03.000]  中間他的朋友和他的辯論
[01:00:03.000 --> 01:00:04.000]  表達了他的朋友
[01:00:04.000 --> 01:00:06.000]  好像也離奇了他
[01:00:06.000 --> 01:00:07.000]  他的兄弟
[01:00:07.000 --> 01:00:08.000]  他的朋友
[01:00:08.000 --> 01:00:09.000]  他的親屬
[01:00:09.000 --> 01:00:12.000]  這些經文應該是橫性的翻譯
[01:00:12.000 --> 01:00:13.000]  就是遠離了他
[01:00:13.000 --> 01:00:15.000]  那麼約伯沒事
[01:00:15.000 --> 01:00:18.000]  不過如果我們去看的時候
[01:00:18.000 --> 01:00:21.000]  其實也有些分別
[01:00:21.000 --> 01:00:23.000]  就是剛才我們看那個
[01:00:23.000 --> 01:00:26.000]  剛才那個已經有表達了一點
[01:00:26.000 --> 01:00:29.000]  就是那個神明
[01:00:29.000 --> 01:00:31.000]  其實公司是神秘食材
[01:00:31.000 --> 01:00:33.000]  就是那個胡巴比倫
[01:00:33.000 --> 01:00:34.000]  或者胡錦東
[01:00:34.000 --> 01:00:36.000]  這裡同樣也有一個
[01:00:36.000 --> 01:00:37.000]  叫做巴比倫十二論
[01:00:37.000 --> 01:00:39.000]  巴比倫十二論
[01:00:39.000 --> 01:00:43.000]  也有一些元素
[01:00:43.000 --> 01:00:44.000]  和約伯相似
[01:00:44.000 --> 01:00:45.000]  特別是什麼呢
[01:00:45.000 --> 01:00:47.000]  特別是有一些對話
[01:00:47.000 --> 01:00:49.000]  這個叫做巴比倫十二論
[01:00:49.000 --> 01:00:50.000]  就是有一些
[01:00:50.000 --> 01:00:52.000]  有一個守護者
[01:00:52.000 --> 01:00:54.000]  同樣都是叫做二人
[01:00:54.000 --> 01:00:55.000]  二人的守護者
[01:00:55.000 --> 01:00:58.000]  他同樣遇到一些遭遇
[01:00:58.000 --> 01:01:00.000]  然後他就和一個朋友對話
[01:01:00.000 --> 01:01:02.000]  就好像一個伯伯一樣
[01:01:02.000 --> 01:01:04.000]  約伯和三個朋友對話
[01:01:04.000 --> 01:01:06.000]  這個會特別是
[01:01:06.000 --> 01:01:08.000]  先是守護者的元素
[01:01:08.000 --> 01:01:10.000]  就是他講到他自己很慘
[01:01:10.000 --> 01:01:14.000]  他其實自幼
[01:01:14.000 --> 01:01:16.000]  是受過神的心意
[01:01:16.000 --> 01:01:19.000]  祈禱向他的女神提供
[01:01:19.000 --> 01:01:22.000]  但是神就判定了
[01:01:22.000 --> 01:01:24.000]  給那些災難他的
[01:01:24.000 --> 01:01:27.000]  給他銀行和財庫等等
[01:01:27.000 --> 01:01:30.000]  甚至有很多本來低下的人
[01:01:30.000 --> 01:01:31.000]  超越了他
[01:01:31.000 --> 01:01:33.000]  原末人被滋傷等等
[01:01:33.000 --> 01:01:36.000]  反而那些惡人就像飛黃騰達一樣
[01:01:36.000 --> 01:01:38.000]  這裡其實也有一些
[01:01:38.000 --> 01:01:39.000]  約伯相似的
[01:01:39.000 --> 01:01:40.000]  特別是這裡
[01:01:40.000 --> 01:01:42.000]  守護者不單止自己遭遇
[01:01:42.000 --> 01:01:43.000]  也有講守護者
[01:01:43.000 --> 01:01:45.000]  這個守護者他所觀察
[01:01:45.000 --> 01:01:47.000]  就好像觀察到這個社會
[01:01:47.000 --> 01:01:48.000]  都是相反
[01:01:48.000 --> 01:01:51.000]  所謂倒逆了道德逆向的一個現象
[01:01:51.000 --> 01:01:55.000]  就是神明不去攔阻那些惡人
[01:01:55.000 --> 01:01:58.000]  反而是讓那些惡人坑通
[01:01:58.000 --> 01:02:00.000]  這裡有些描述
[01:02:00.000 --> 01:02:03.000]  反而他向神明跪拜
[01:02:03.000 --> 01:02:06.000]  反而是沒有這一點
[01:02:06.000 --> 01:02:08.000]  就連那些市井流氓
[01:02:08.000 --> 01:02:10.000]  都是一樣藐視他
[01:02:10.000 --> 01:02:11.000]  其實這裡也看到
[01:02:11.000 --> 01:02:13.000]  約伯記中的約伯
[01:02:13.000 --> 01:02:15.000]  也有很多這樣表達的
[01:02:15.000 --> 01:02:16.000]  這裡不講太多
[01:02:16.000 --> 01:02:18.000]  這裡特別是約伯
[01:02:18.000 --> 01:02:20.000]  在二十一章裡也講到
[01:02:20.000 --> 01:02:21.000]  好像他所看的世界
[01:02:21.000 --> 01:02:24.000]  是一個倒逆向的世界
[01:02:24.000 --> 01:02:26.000]  他的預期的道德輪
[01:02:26.000 --> 01:02:27.000]  不單止很順利
[01:02:27.000 --> 01:02:28.000]  反而是相反了
[01:02:28.000 --> 01:02:30.000]  惡人好像反而是活著
[01:02:30.000 --> 01:02:31.000]  向大仇
[01:02:31.000 --> 01:02:33.000]  勢力強壯等等
[01:02:33.000 --> 01:02:35.000]  後代在他們面前
[01:02:35.000 --> 01:02:37.000]  和他們一起天立
[01:02:37.000 --> 01:02:39.000]  平安他們的家
[01:02:39.000 --> 01:02:40.000]  平安無恐他們等等
[01:02:40.000 --> 01:02:42.000]  講的是那些惡人
[01:02:42.000 --> 01:02:43.000]  應該受到的
[01:02:43.000 --> 01:02:45.000]  但反而是很順利等等
[01:02:45.000 --> 01:02:48.000]  這個也是花美倫
[01:02:48.000 --> 01:02:51.000]  神議論裡面所說的話
[01:02:51.000 --> 01:02:54.000]  約伯自己也有表達這個觀察
[01:02:54.000 --> 01:02:55.000]  上一章有誰
[01:02:55.000 --> 01:02:57.000]  這個是朋友所說的
[01:02:57.000 --> 01:02:58.000]  有誰無辜連案
[01:02:58.000 --> 01:03:00.000]  正直的人在哪裡被剔除
[01:03:00.000 --> 01:03:01.000]  按我所見
[01:03:01.000 --> 01:03:03.000]  就是開罪業終極複開
[01:03:03.000 --> 01:03:05.000]  都收割同樣的果實
[01:03:05.000 --> 01:03:07.000]  約伯記就透過那些朋友
[01:03:07.000 --> 01:03:09.000]  去講那個正統
[01:03:09.000 --> 01:03:10.000]  那個神學的正統
[01:03:10.000 --> 01:03:12.000]  其實應該是這樣的
[01:03:12.000 --> 01:03:13.000]  所以如果你約伯
[01:03:13.000 --> 01:03:14.000]  你又苦難
[01:03:14.000 --> 01:03:15.000]  應該要反省一下
[01:03:15.000 --> 01:03:16.000]  是不是你有罪
[01:03:16.000 --> 01:03:18.000]  是不是犯了一些罪行等等
[01:03:18.000 --> 01:03:20.000]  這個其實在花美倫的神議論
[01:03:20.000 --> 01:03:23.000]  也是透過一個朋友
[01:03:23.000 --> 01:03:25.000]  好像在駁斥這個受苦者
[01:03:25.000 --> 01:03:29.000]  就說你這個自詡公義博學的人
[01:03:29.000 --> 01:03:30.000]  都可能有小事
[01:03:30.000 --> 01:03:31.000]  約伯這樣
[01:03:31.000 --> 01:03:32.000]  一直在那邊辯論
[01:03:32.000 --> 01:03:35.000]  就說他控訴這個受苦者
[01:03:35.000 --> 01:03:36.000]  你應該要反省一下自己
[01:03:36.000 --> 01:03:39.000]  你的邏輯是不是荒謬
[01:03:39.000 --> 01:03:40.000]  或者你自己的生命
[01:03:40.000 --> 01:03:42.000]  是不是來自公義
[01:03:42.000 --> 01:03:44.000]  藐視神聖的設計等等
[01:03:44.000 --> 01:03:45.000]  簡單來說
[01:03:45.000 --> 01:03:48.000]  都是要告訴這個受苦者朋友
[01:03:48.000 --> 01:03:50.000]  其實不騙你的應該是你的
[01:03:50.000 --> 01:03:54.000]  神明的旨意是健全的
[01:03:54.000 --> 01:03:57.000]  甚至可能是心不可差的
[01:03:57.000 --> 01:03:59.000]  有些原因是你不知道
[01:03:59.000 --> 01:04:02.000]  好像約伯教授也是這樣說的
[01:04:02.000 --> 01:04:04.000]  有些事是你不知道的
[01:04:04.000 --> 01:04:06.000]  神的心意
[01:04:06.000 --> 01:04:08.000]  在你身上可能是管教的
[01:04:08.000 --> 01:04:10.000]  但是在約伯來說
[01:04:10.000 --> 01:04:12.000]  是毫不受苦的
[01:04:12.000 --> 01:04:15.000]  這裡甚至說
[01:04:15.000 --> 01:04:17.000]  唯有泛滅不息的人類
[01:04:17.000 --> 01:04:20.000]  是主人要經歷和承受患難
[01:04:20.000 --> 01:04:22.000]  那些不經維成人的人
[01:04:22.000 --> 01:04:23.000]  結局就是要滅亡
[01:04:23.000 --> 01:04:27.000]  都好像約伯記的三個朋友的籠調
[01:04:27.000 --> 01:04:32.000]  不過這個所謂巴比倫神議論
[01:04:32.000 --> 01:04:35.000]  和約伯記有不同的地方
[01:04:35.000 --> 01:04:38.000]  就是這個巴比倫神議論
[01:04:38.000 --> 01:04:41.000]  其實咬來咬去是沒有結論的
[01:04:41.000 --> 01:04:45.000]  也不像約伯記有一個故事的同理包著
[01:04:45.000 --> 01:04:47.000]  我們知道約伯記有一個特別的地方
[01:04:47.000 --> 01:04:51.000]  就是包頭包尾有一個記載
[01:04:51.000 --> 01:04:54.000]  一開始那兩章記載了一個情音
[01:04:54.000 --> 01:04:58.000]  四十二章就記載了他苦難之後的結果
[01:04:58.000 --> 01:05:00.000]  這個巴比倫神議論
[01:05:00.000 --> 01:05:03.000]  純粹說一個人不知道他有很大的苦難
[01:05:03.000 --> 01:05:06.000]  然後他就用朋友的結論
[01:05:06.000 --> 01:05:07.000]  朋友就說服他
[01:05:07.000 --> 01:05:09.000]  你有問題有罪
[01:05:09.000 --> 01:05:12.000]  他就一直申訴自己是無辜的
[01:05:12.000 --> 01:05:14.000]  但他最後是沒有結論的
[01:05:14.000 --> 01:05:19.000]  他最後的訴辭都好像一個哀訴無中
[01:05:19.000 --> 01:05:22.000]  這個約伯記的結構就不同了
[01:05:22.000 --> 01:05:26.000]  約伯記是前後賦予了神學的故事
[01:05:26.000 --> 01:05:27.000]  或者信仰的故事
[01:05:27.000 --> 01:05:30.000]  剛才說真言是賦予了神學的動機
[01:05:30.000 --> 01:05:31.000]  或者基礎
[01:05:31.000 --> 01:05:34.000]  約伯記就是賦予了故事
[01:05:34.000 --> 01:05:41.000]  這裡還有一個烏加列吉爾塔的史詩
[01:05:41.000 --> 01:05:45.000]  剛才我們看到兩個都是古代巴比倫
[01:05:45.000 --> 01:05:49.000]  但兩者都跟約伯記又有相似又有不同
[01:05:49.000 --> 01:05:52.000]  如果說第一部的故事
[01:05:52.000 --> 01:05:56.000]  不同的地方就是神是神秘的
[01:05:56.000 --> 01:06:00.000]  但我們看約伯記最後的部分
[01:06:00.000 --> 01:06:02.000]  是說神明是會顯現的
[01:06:02.000 --> 01:06:06.000]  而這個在烏加列吉爾塔的史詩裡
[01:06:06.000 --> 01:06:09.000]  是有說有類似的情節的
[01:06:09.000 --> 01:06:13.000]  同樣有一個叫吉爾塔的和
[01:06:13.000 --> 01:06:16.000]  這個和又是歷了一些遭遇
[01:06:16.000 --> 01:06:17.000]  受到一些遭遇
[01:06:17.000 --> 01:06:19.000]  他的家族被摧毀
[01:06:19.000 --> 01:06:21.000]  他的居所被燃燒
[01:06:21.000 --> 01:06:23.000]  家族的信念都被摧毀
[01:06:23.000 --> 01:06:25.000]  甚至是自己無計可施
[01:06:25.000 --> 01:06:27.000]  都有點像約伯哥的情況
[01:06:27.000 --> 01:06:30.000]  但他就說他在痛哭流淚
[01:06:30.000 --> 01:06:32.000]  之後就記載了
[01:06:32.000 --> 01:06:33.000]  在他痛哭的時候
[01:06:33.000 --> 01:06:34.000]  他就放入了夢境
[01:06:34.000 --> 01:06:38.000]  然後神明L就說
[01:06:38.000 --> 01:06:40.000]  有一個L神就這樣顯現
[01:06:40.000 --> 01:06:43.000]  就跟他說吉爾塔是一個和
[01:06:43.000 --> 01:06:47.000]  究竟這個和是誰呢
[01:06:47.000 --> 01:06:49.000]  竟敢在這裡痛哭
[01:06:49.000 --> 01:06:51.000]  竟敢在這裡宣洩淚水
[01:06:51.000 --> 01:06:54.000]  難道他是在向公牛他的父親
[01:06:54.000 --> 01:06:55.000]  乞求更高的和權
[01:06:55.000 --> 01:07:00.000]  還是想追求那如同人類之父般的無上公職權
[01:07:00.000 --> 01:07:04.000]  難道福音就能讓君王的權力復原嗎
[01:07:04.000 --> 01:07:08.000]  我們回憶剛才周恩賢所說
[01:07:08.000 --> 01:07:10.000]  關於皇室的設計
[01:07:10.000 --> 01:07:12.000]  包括受苦者
[01:07:12.000 --> 01:07:14.000]  其實有些受苦者的故事
[01:07:14.000 --> 01:07:19.000]  都好像擺在一個皇權的背景
[01:07:19.000 --> 01:07:21.000]  我們可以發現
[01:07:21.000 --> 01:07:23.000]  相似的程序是什麼呢
[01:07:23.000 --> 01:07:25.000]  就是神明向受苦者顯現
[01:07:25.000 --> 01:07:27.000]  但不同的程序是什麼呢
[01:07:27.000 --> 01:07:29.000]  約伯記我們38章也有些印象
[01:07:29.000 --> 01:07:31.000]  向約伯顯現
[01:07:31.000 --> 01:07:35.000]  但就這樣看有什麼分別呢
[01:07:35.000 --> 01:07:45.000]  首先在烏加蓮的文獻
[01:07:45.000 --> 01:07:51.000]  神明反而在罵受苦者
[01:07:51.000 --> 01:07:54.000]  以第三者的角度去罵
[01:07:54.000 --> 01:07:56.000]  吉爾塔是誰呢
[01:07:56.000 --> 01:07:58.000]  罵完之後
[01:07:58.000 --> 01:08:03.000]  他好像是為了恢復權力
[01:08:03.000 --> 01:08:05.000]  想追求皇權
[01:08:05.000 --> 01:08:07.000]  想奪回無上公職權
[01:08:07.000 --> 01:08:09.000]  想奪回君王的權力
[01:08:09.000 --> 01:08:12.000]  但如果從約伯記來說
[01:08:12.000 --> 01:08:14.000]  很明顯不是這樣
[01:08:14.000 --> 01:08:16.000]  約伯在整個約伯記裡
[01:08:16.000 --> 01:08:18.000]  拗來拗去
[01:08:18.000 --> 01:08:21.000]  就針對他是一個無辜受苦者
[01:08:21.000 --> 01:08:25.000]  他很想要給他一個回答
[01:08:25.000 --> 01:08:28.000]  為什麼會這樣
[01:08:28.000 --> 01:08:33.000]  所以見到兩個受苦者文學
[01:08:33.000 --> 01:08:37.000]  但講的題材或對話
[01:08:37.000 --> 01:08:39.000]  特別是神和人
[01:08:39.000 --> 01:08:40.000]  受苦者的對話裡
[01:08:40.000 --> 01:08:41.000]  是有不同的重點的
[01:08:41.000 --> 01:08:44.000]  而在耶和華裡
[01:08:44.000 --> 01:08:46.000]  某程度上
[01:08:46.000 --> 01:08:49.000]  也不是責備約伯記
[01:08:49.000 --> 01:08:53.000]  反而是邀請約伯
[01:08:53.000 --> 01:08:55.000]  和他能夠直接對話
[01:08:55.000 --> 01:08:56.000]  如果你看見
[01:08:56.000 --> 01:08:58.000]  這個高嘉烈的神明和人
[01:08:58.000 --> 01:09:00.000]  就算這個受苦者是老王
[01:09:00.000 --> 01:09:01.000]  也是有距離的
[01:09:01.000 --> 01:09:03.000]  你看見他大部份內容
[01:09:03.000 --> 01:09:05.000]  是好像第三身的角度
[01:09:05.000 --> 01:09:08.000]  是表示老王未必能夠
[01:09:08.000 --> 01:09:10.000]  很直接和老王說話
[01:09:10.000 --> 01:09:11.000]  但約伯記不同
[01:09:11.000 --> 01:09:12.000]  約伯記這個受苦者
[01:09:12.000 --> 01:09:17.000]  是能夠被耶和華直接對話
[01:09:17.000 --> 01:09:20.000]  平時這裡是熱心之耶和華
[01:09:20.000 --> 01:09:23.000]  印象比較類似勇士速要
[01:09:23.000 --> 01:09:25.000]  勇士是什麼意思呢
[01:09:25.000 --> 01:09:27.000]  勇士是指一個正傳的人
[01:09:27.000 --> 01:09:29.000]  有尊榮的人
[01:09:29.000 --> 01:09:31.000]  你要好像一個有尊榮的人
[01:09:31.000 --> 01:09:32.000]  去到我面前
[01:09:32.000 --> 01:09:35.000]  我問你你就跟我說話
[01:09:35.000 --> 01:09:36.000]  我問你你就回答
[01:09:36.000 --> 01:09:38.000]  在神學上來說
[01:09:38.000 --> 01:09:39.000]  就好像吵架
[01:09:39.000 --> 01:09:40.000]  我與你的關係
[01:09:40.000 --> 01:09:42.000]  但在高嘉烈文學
[01:09:42.000 --> 01:09:43.000]  就從來不是這樣
[01:09:43.000 --> 01:09:45.000]  首先我們所看的高嘉烈文學
[01:09:45.000 --> 01:09:46.000]  神明是神秘的
[01:09:46.000 --> 01:09:48.000]  不知道他的心意是怎樣
[01:09:48.000 --> 01:09:49.000]  但至少在約伯記裡
[01:09:49.000 --> 01:09:51.000]  雖然約伯也想回答
[01:09:51.000 --> 01:09:53.000]  但我們看到
[01:09:53.000 --> 01:09:55.000]  其實約伯的耶和華
[01:09:55.000 --> 01:09:56.000]  不是完全神秘
[01:09:56.000 --> 01:09:58.000]  完全不可知
[01:09:58.000 --> 01:10:00.000]  當然人性來說
[01:10:00.000 --> 01:10:02.000]  經歷了一些遭遇
[01:10:02.000 --> 01:10:03.000]  好像很難解釋
[01:10:03.000 --> 01:10:04.000]  甚至不解釋
[01:10:04.000 --> 01:10:05.000]  但耶和華這個神
[01:10:05.000 --> 01:10:06.000]  祂的屬性
[01:10:06.000 --> 01:10:08.000]  其實是呈現出來的
[01:10:08.000 --> 01:10:10.000]  相似的地方
[01:10:10.000 --> 01:10:12.000]  也有不同的地方
[01:10:12.000 --> 01:10:13.000]  第二個文件就是
[01:10:13.000 --> 01:10:16.000]  高美要一個人與他神
[01:10:16.000 --> 01:10:22.000]  同樣有一個受苦者
[01:10:22.000 --> 01:10:25.000]  然後說到神明聽到他痛哭
[01:10:25.000 --> 01:10:30.000]  然後說到他有轉化
[01:10:30.000 --> 01:10:31.000]  這個人的遭遇
[01:10:31.000 --> 01:10:33.000]  就說這個神明聽到他禱告
[01:10:33.000 --> 01:10:35.000]  不過你可以留意
[01:10:35.000 --> 01:10:36.000]  最後那幾句說話
[01:10:36.000 --> 01:10:37.000]  就說這個年輕人
[01:10:37.000 --> 01:10:39.000]  在神明懇求的言詞
[01:10:39.000 --> 01:10:40.000]  很相似的地方
[01:10:40.000 --> 01:10:42.000]  就是這個人同樣在祈禱
[01:10:42.000 --> 01:10:43.000]  在神明祈禱
[01:10:43.000 --> 01:10:44.000]  然後神明聽了
[01:10:44.000 --> 01:10:46.000]  可以留意說
[01:10:46.000 --> 01:10:47.000]  以及他純潔的祈禱
[01:10:47.000 --> 01:10:48.000]  然後說什麼呢
[01:10:48.000 --> 01:10:51.000]  就是叫他神明的肉身得感動歡愉
[01:10:51.000 --> 01:10:54.000]  如同活上常能的高人
[01:10:54.000 --> 01:10:56.000]  孤間宮的神官
[01:10:56.000 --> 01:10:57.000]  其中一個就是
[01:10:57.000 --> 01:10:59.000]  一零十四
[01:10:59.000 --> 01:11:00.000]  不知道的
[01:11:00.000 --> 01:11:02.000]  第二是多神
[01:11:02.000 --> 01:11:06.000]  有些神是專門降火的
[01:11:06.000 --> 01:11:09.000]  有些神比較多是做拯救的
[01:11:09.000 --> 01:11:11.000]  但第三是什麼呢
[01:11:11.000 --> 01:11:13.000]  無論是福神還是禍神也好
[01:11:13.000 --> 01:11:18.000]  基本上都是受人所供奉
[01:11:18.000 --> 01:11:20.000]  獻祭甚至服侍的
[01:11:20.000 --> 01:11:24.000]  這裡說的是神明需要討好的
[01:11:24.000 --> 01:11:25.000]  需要被人討好的
[01:11:25.000 --> 01:11:28.000]  這個在福近東的文化裡面
[01:11:28.000 --> 01:11:30.000]  特別是美索不達米亞
[01:11:30.000 --> 01:11:32.000]  很多文件都有記載的
[01:11:32.000 --> 01:11:33.000]  是要討好神明的
[01:11:33.000 --> 01:11:36.000]  所以和約伯記有點不同
[01:11:36.000 --> 01:11:38.000]  約伯記
[01:11:38.000 --> 01:11:41.000]  這裡還有一段
[01:11:41.000 --> 01:11:46.000]  就說神明最終收回了他的手
[01:11:46.000 --> 01:11:50.000]  讓這個人的災禍消滅了
[01:11:50.000 --> 01:11:52.000]  或者是拿走了他
[01:11:52.000 --> 01:11:55.000]  我遭遇了那個苦難
[01:11:55.000 --> 01:11:57.000]  有些像約伯記
[01:11:57.000 --> 01:11:59.000]  最後都是有恢復
[01:11:59.000 --> 01:12:02.000]  這裡再看左邊
[01:12:02.000 --> 01:12:03.000]  就說這個神
[01:12:03.000 --> 01:12:07.000]  讓這個年輕人的受苦轉化為歡樂
[01:12:07.000 --> 01:12:09.000]  然後拆解了一個神明
[01:12:09.000 --> 01:12:11.000]  做守護靈
[01:12:11.000 --> 01:12:13.000]  守護靈為守護神
[01:12:13.000 --> 01:12:15.000]  甚至乎不止一個英文
[01:12:15.000 --> 01:12:17.000]  有個叫賭格守護靈
[01:12:17.000 --> 01:12:22.000]  和一個多位慈祥目光的拉瑪
[01:12:22.000 --> 01:12:23.000]  庇護神
[01:12:23.000 --> 01:12:24.000]  這個都是蘇美文
[01:12:24.000 --> 01:12:26.000]  叫Sumerian
[01:12:26.000 --> 01:12:28.000]  都是多神食材
[01:12:28.000 --> 01:12:29.000]  但你要看到
[01:12:29.000 --> 01:12:32.000]  神和人的關係比較功能性
[01:12:32.000 --> 01:12:34.000]  或者功利性
[01:12:34.000 --> 01:12:36.000]  人是要供奉
[01:12:36.000 --> 01:12:37.000]  給予好處神
[01:12:37.000 --> 01:12:39.000]  又會反過來去恢復
[01:12:39.000 --> 01:12:41.000]  但如果你看約伯記
[01:12:41.000 --> 01:12:43.000]  剛才說一開始
[01:12:43.000 --> 01:12:46.000]  神耶和華和約伯的說話
[01:12:46.000 --> 01:12:49.000]  一來不是集氣
[01:12:49.000 --> 01:12:51.000]  二來是一個團人的直接對話
[01:12:51.000 --> 01:12:53.000]  第三就是最後
[01:12:53.000 --> 01:12:55.000]  耶和華恢復約伯的故事
[01:12:55.000 --> 01:12:56.000]  可以留意
[01:12:56.000 --> 01:12:58.000]  同樣都有似乎
[01:12:58.000 --> 01:12:59.000]  這個也是有相關的
[01:12:59.000 --> 01:13:00.000]  但可以留意
[01:13:00.000 --> 01:13:03.000]  耶和華的恢復
[01:13:03.000 --> 01:13:06.000]  是關乎約伯和他的朋友的關係
[01:13:06.000 --> 01:13:09.000]  就是約伯為他的朋友祈禱
[01:13:09.000 --> 01:13:12.000]  然後耶和華恢復約伯原來的靈魂
[01:13:12.000 --> 01:13:15.000]  可以說是關係先行
[01:13:15.000 --> 01:13:17.000]  如果你看約伯最後那幾章
[01:13:17.000 --> 01:13:18.000]  其實都是關係先行
[01:13:18.000 --> 01:13:20.000]  就是耶和華和約伯對話
[01:13:20.000 --> 01:13:22.000]  已經是關係先行
[01:13:22.000 --> 01:13:23.000]  因為學者說
[01:13:23.000 --> 01:13:27.000]  約的耶和華有沒有回答約伯的苦難問題
[01:13:27.000 --> 01:13:28.000]  其實是沒有的
[01:13:28.000 --> 01:13:30.000]  其實是沒有解答到的
[01:13:30.000 --> 01:13:31.000]  不過就說
[01:13:31.000 --> 01:13:33.000]  耶和華的回答本身
[01:13:33.000 --> 01:13:34.000]  已經是一步回應
[01:13:34.000 --> 01:13:37.000]  因為他直接出來跟約伯
[01:13:37.000 --> 01:13:39.000]  因為約伯說了很久
[01:13:39.000 --> 01:13:40.000]  他的訴求只有一個
[01:13:40.000 --> 01:13:42.000]  就是耶和華能夠和他對話
[01:13:42.000 --> 01:13:44.000]  這兩件事是最直接的
[01:13:44.000 --> 01:13:46.000]  所以你見到
[01:13:46.000 --> 01:13:49.000]  聖經約伯幾個文學裏面
[01:13:49.000 --> 01:13:51.000]  很突然的重點
[01:13:51.000 --> 01:13:53.000]  不是在於解釋那件事
[01:13:53.000 --> 01:13:55.000]  亦都不是在於他之後
[01:13:55.000 --> 01:13:57.000]  所謂功能性或功利性
[01:13:57.000 --> 01:14:00.000]  他恢復到最後都有這樣的記載
[01:14:00.000 --> 01:14:02.000]  但他更加強調的重點
[01:14:02.000 --> 01:14:04.000]  是關係的收穫
[01:14:04.000 --> 01:14:06.000]  耶和華和約伯之間
[01:14:06.000 --> 01:14:08.000]  和約伯的朋友和約伯之間
[01:14:08.000 --> 01:14:09.000]  就見到他最後的賜福
[01:14:09.000 --> 01:14:10.000]  其中一個項目
[01:14:10.000 --> 01:14:12.000]  就是他的兄弟姐妹和家族
[01:14:12.000 --> 01:14:14.000]  都來安慰他
[01:14:14.000 --> 01:14:16.000]  和和他歡樂
[01:14:16.000 --> 01:14:18.000]  說的是一個關係的層面
[01:14:18.000 --> 01:14:20.000]  所以這裏就顯示到
[01:14:20.000 --> 01:14:22.000]  約伯幾個文學的豐富性
[01:14:22.000 --> 01:14:24.000]  是其他所謂的受苦文學
[01:14:24.000 --> 01:14:25.000]  是稍為沒有的
[01:14:25.000 --> 01:14:27.000]  就是一是很多對話
[01:14:27.000 --> 01:14:28.000]  然後很完結
[01:14:28.000 --> 01:14:29.000]  一是有一個故事
[01:14:29.000 --> 01:14:32.000]  但故事都是有面收場的
[01:14:32.000 --> 01:14:34.000]  一是有講神明的作為
[01:14:34.000 --> 01:14:37.000]  但最終神明就好似很神秘
[01:14:37.000 --> 01:14:39.000]  一時降福一時降禍
[01:14:39.000 --> 01:14:42.000]  所以就算去到最後降福的時候
[01:14:42.000 --> 01:14:46.000]  好似都是維持著一種功能和功利的關係
[01:14:46.000 --> 01:14:49.000]  但約伯幾是一個很正傳
[01:14:49.000 --> 01:14:51.000]  四張的記載
[01:14:51.000 --> 01:14:52.000]  因為很正傳
[01:14:52.000 --> 01:14:55.000]  他是有他受苦者的所謂不解
[01:14:55.000 --> 01:14:57.000]  甚至有部份是哭訴
[01:14:57.000 --> 01:14:58.000]  是有他和朋友的辯論
[01:14:58.000 --> 01:15:00.000]  但亦都有交代
[01:15:00.000 --> 01:15:03.000]  他和耶和華之間的討論
[01:15:03.000 --> 01:15:04.000]  當中都有些掙扎
[01:15:04.000 --> 01:15:06.000]  但最後亦都有好似
[01:15:06.000 --> 01:15:08.000]  好解釋
[01:15:08.000 --> 01:15:10.000]  一個所謂的修道
[01:15:10.000 --> 01:15:12.000]  甚至一個神聖和解
[01:15:12.000 --> 01:15:17.000]  如果約伯幾和反常的文學
[01:15:17.000 --> 01:15:19.000]  簡單做少少總結
[01:15:19.000 --> 01:15:21.000]  我們看到剛才有些共享
[01:15:21.000 --> 01:15:24.000]  針研的共享就是文學形式
[01:15:24.000 --> 01:15:25.000]  我們看到有些formula
[01:15:25.000 --> 01:15:26.000]  數字針研
[01:15:26.000 --> 01:15:27.000]  動物針研
[01:15:27.000 --> 01:15:32.000]  或者是父親和兒子說的一些說話等等
[01:15:32.000 --> 01:15:35.000]  有些名人和因果
[01:15:35.000 --> 01:15:38.000]  如果約伯幾作為一個反常
[01:15:38.000 --> 01:15:39.000]  反思文學
[01:15:39.000 --> 01:15:40.000]  反思哲學文學
[01:15:40.000 --> 01:15:43.000]  那個共享位就是敘事框架
[01:15:43.000 --> 01:15:45.000]  同樣有疑人遭受脅難
[01:15:45.000 --> 01:15:49.000]  同樣有機會有朋友和受苦者有些辯論
[01:15:49.000 --> 01:15:51.000]  當然沒有答案的
[01:15:51.000 --> 01:15:52.000]  甚至可能悲苦收場
[01:15:52.000 --> 01:15:53.000]  無解的
[01:15:53.000 --> 01:15:58.000]  朋友和受苦者最終都好似對立
[01:15:58.000 --> 01:16:00.000]  可能同樣有些時候
[01:16:00.000 --> 01:16:02.000]  二人都終得逢源
[01:16:02.000 --> 01:16:06.000]  不過強調點純粹是神保佑他
[01:16:06.000 --> 01:16:08.000]  或者是似神去救他
[01:16:08.000 --> 01:16:11.000]  亦都有機會有神聖片而揭曼
[01:16:11.000 --> 01:16:13.000]  剛才我們看到那個故事
[01:16:13.000 --> 01:16:16.000]  但是轉化是什麼呢
[01:16:16.000 --> 01:16:17.000]  這個看一看
[01:16:17.000 --> 01:16:19.000]  約伯幾有一個特別地方
[01:16:19.000 --> 01:16:22.000]  就是他將苦難做了一個神學的詮釋
[01:16:22.000 --> 01:16:23.000]  上面那兩個架
[01:16:23.000 --> 01:16:25.000]  同樣是古今東常聽的主題
[01:16:25.000 --> 01:16:28.000]  如果你說一個現人受苦難的文學
[01:16:28.000 --> 01:16:29.000]  就是第一
[01:16:29.000 --> 01:16:30.000]  訴諸公理主義
[01:16:30.000 --> 01:16:31.000]  剛才看過
[01:16:31.000 --> 01:16:33.000]  神明都要好好的
[01:16:33.000 --> 01:16:35.000]  如果有些受苦者為何受苦呢
[01:16:35.000 --> 01:16:37.000]  可能暗壓第一個原因
[01:16:37.000 --> 01:16:40.000]  就是因為他可能沒有很好的神明
[01:16:40.000 --> 01:16:42.000]  有個朋友都這樣說他的
[01:16:42.000 --> 01:16:44.000]  朋友的作用就是表示他
[01:16:44.000 --> 01:16:46.000]  有些足跡有沒有做得不好
[01:16:46.000 --> 01:16:50.000]  當然其實約伯身後朋友都有這樣的內容
[01:16:50.000 --> 01:16:53.000]  可能你離避了神的話語
[01:16:53.000 --> 01:16:55.000]  你離避了神的行為都有用
[01:16:55.000 --> 01:17:00.000]  但是在古今東這些所謂反常苦難的文學裏面
[01:17:00.000 --> 01:17:01.000]  就很呈現到
[01:17:01.000 --> 01:17:03.000]  神明都要好好的
[01:17:03.000 --> 01:17:04.000]  說要討好神明
[01:17:04.000 --> 01:17:06.000]  你獻祭給神明才會得福
[01:17:06.000 --> 01:17:08.000]  如果不是就有可能有禍
[01:17:08.000 --> 01:17:09.000]  公理主義
[01:17:09.000 --> 01:17:10.000]  一是公理主義
[01:17:10.000 --> 01:17:13.000]  一是訴諸神明的好比
[01:17:13.000 --> 01:17:14.000]  或者神明優色
[01:17:14.000 --> 01:17:17.000]  約伯幾其中有一個朋友
[01:17:17.000 --> 01:17:20.000]  就說法都有訴諸神明的好比
[01:17:20.000 --> 01:17:23.000]  如果你看約伯第十一至十四章
[01:17:23.000 --> 01:17:25.000]  他出來說的時候就說
[01:17:25.000 --> 01:17:27.000]  你不要以為自己很有智慧
[01:17:27.000 --> 01:17:28.000]  跟約伯這樣說
[01:17:28.000 --> 01:17:30.000]  其實智慧是有兩面的
[01:17:30.000 --> 01:17:32.000]  一面就是你以為你有智慧
[01:17:32.000 --> 01:17:34.000]  另一面是你看都看不到
[01:17:34.000 --> 01:17:35.000]  感知不到
[01:17:35.000 --> 01:17:36.000]  不知道的智慧
[01:17:36.000 --> 01:17:37.000]  智慧有兩面的
[01:17:37.000 --> 01:17:38.000]  所以就說
[01:17:38.000 --> 01:17:41.000]  其實有時神有的好比是你不知道的
[01:17:41.000 --> 01:17:44.000]  其實可能保護了你你都不知道
[01:17:44.000 --> 01:17:45.000]  就算以利盟都這樣說
[01:17:45.000 --> 01:17:46.000]  所以是第三和第四位朋友
[01:17:46.000 --> 01:17:48.000]  所以說訴諸神明任性
[01:17:48.000 --> 01:17:50.000]  一是公理主義你不達標
[01:17:50.000 --> 01:17:52.000]  一是神明任性
[01:17:52.000 --> 01:17:55.000]  總之是對難猜的好比
[01:17:55.000 --> 01:17:57.000]  神明本來是保護了我的
[01:17:57.000 --> 01:17:59.000]  固然對於約伯來說
[01:17:59.000 --> 01:18:00.000]  可能也是
[01:18:00.000 --> 01:18:03.000]  為什麼約伯會再多給我呢
[01:18:03.000 --> 01:18:04.000]  他也不知道
[01:18:04.000 --> 01:18:06.000]  不過從猶太人來說
[01:18:06.000 --> 01:18:09.000]  保險賢義和的屬性不是不可知的
[01:18:09.000 --> 01:18:11.000]  因為其實寫了佛經之前
[01:18:11.000 --> 01:18:13.000]  已經是有智慧文學
[01:18:13.000 --> 01:18:14.000]  相對來說比較後期寫的
[01:18:14.000 --> 01:18:16.000]  有一些可能所謂的律法傳統
[01:18:16.000 --> 01:18:18.000]  先知傳統已經在這裡
[01:18:18.000 --> 01:18:20.000]  耶和華的屬性和他的心意
[01:18:20.000 --> 01:18:22.000]  特別是在真言裡面
[01:18:22.000 --> 01:18:23.000]  其實都呈現了出來
[01:18:23.000 --> 01:18:24.000]  耶和華的喜惡
[01:18:24.000 --> 01:18:26.000]  譬如他的喜愛
[01:18:26.000 --> 01:18:27.000]  或者他的恨惡
[01:18:27.000 --> 01:18:28.000]  已經呈現了出來
[01:18:28.000 --> 01:18:30.000]  所以他和保險中的神明
[01:18:30.000 --> 01:18:32.000]  完全是任性
[01:18:32.000 --> 01:18:33.000]  又不是這樣的
[01:18:33.000 --> 01:18:36.000]  那麼約伯的特色的地方是什麼呢
[01:18:36.000 --> 01:18:38.000]  所謂十八的獨特性
[01:18:38.000 --> 01:18:40.000]  就是他強調了無解之苦
[01:18:40.000 --> 01:18:42.000]  但是另一方面是無偽之信
[01:18:42.000 --> 01:18:45.000]  這個是兩個很重要的主題
[01:18:45.000 --> 01:18:46.000]  第一是什麼呢
[01:18:46.000 --> 01:18:48.000]  的確他強調了
[01:18:48.000 --> 01:18:50.000]  人生裡面有些經歷
[01:18:50.000 --> 01:18:51.000]  或者有些遭遇
[01:18:51.000 --> 01:18:52.000]  有些苦難
[01:18:52.000 --> 01:18:53.000]  是連難解
[01:18:53.000 --> 01:18:55.000]  甚至有機會最後都無解
[01:18:55.000 --> 01:18:56.000]  剛才提到
[01:18:56.000 --> 01:18:57.000]  約伯記最後
[01:18:57.000 --> 01:19:00.000]  約伯有沒有被耶和華所解釋到苦難呢
[01:19:00.000 --> 01:19:01.000]  其實都說沒有的
[01:19:01.000 --> 01:19:03.000]  或者引頭的訊息就是
[01:19:03.000 --> 01:19:05.000]  的確有些時候解釋不到的
[01:19:05.000 --> 01:19:07.000]  但是亦都呈現到
[01:19:07.000 --> 01:19:09.000]  其實解釋可能不是最終的答案
[01:19:09.000 --> 01:19:10.000]  剛才有提過
[01:19:10.000 --> 01:19:11.000]  其實最終的答案
[01:19:11.000 --> 01:19:14.000]  可能就是神仁仍然直接
[01:19:14.000 --> 01:19:18.000]  能夠在一個對和的關係
[01:19:18.000 --> 01:19:20.000]  是仁能夠有權利的
[01:19:20.000 --> 01:19:22.000]  就是耶穌稱他的信徒是朋友
[01:19:22.000 --> 01:19:24.000]  這個其實在舊約裡面
[01:19:24.000 --> 01:19:26.000]  他約伯作為一個好人
[01:19:26.000 --> 01:19:28.000]  是有權利能夠和耶和華對話
[01:19:28.000 --> 01:19:30.000]  甚至和他吵架的
[01:19:30.000 --> 01:19:32.000]  那麼這個反而約伯記
[01:19:32.000 --> 01:19:34.000]  是賦予了一個十八重要性
[01:19:34.000 --> 01:19:36.000]  古今的那些人
[01:19:36.000 --> 01:19:38.000]  是沒有權和神明吵架的
[01:19:38.000 --> 01:19:40.000]  就是神明可能都不用聽他的
[01:19:40.000 --> 01:19:42.000]  是三信
[01:19:42.000 --> 01:19:44.000]  雖然無解之苦
[01:19:44.000 --> 01:19:46.000]  但是人能夠讓這個無解之苦
[01:19:46.000 --> 01:19:47.000]  擺在神的面前
[01:19:47.000 --> 01:19:48.000]  擺在耶和華面前
[01:19:48.000 --> 01:19:51.000]  象徵的是苦難是無意解釋性
[01:19:51.000 --> 01:19:54.000]  和受苦者的主觀經驗都無解
[01:19:54.000 --> 01:19:55.000]  但是重點是什麼呢
[01:19:55.000 --> 01:19:59.000]  是人能夠在這個無解之苦裡
[01:19:59.000 --> 01:20:04.000]  和神作為互為主體的會員和對話
[01:20:04.000 --> 01:20:06.000]  中原的約伯都經過了很多章
[01:20:06.000 --> 01:20:07.000]  才去到這一步
[01:20:07.000 --> 01:20:10.000]  但是他的重要性就是
[01:20:10.000 --> 01:20:12.000]  雖然無解
[01:20:12.000 --> 01:20:15.000]  但是信仰是無畏的
[01:20:15.000 --> 01:20:17.000]  耶和華如果我們有印象
[01:20:17.000 --> 01:20:19.000]  最初他肯定約伯
[01:20:19.000 --> 01:20:20.000]  這是古今的朋友
[01:20:20.000 --> 01:20:22.000]  是沒有這樣肯定受苦者的
[01:20:22.000 --> 01:20:25.000]  最初是透過朋友責備受苦者
[01:20:25.000 --> 01:20:27.000]  但是耶和華如何肯定約伯呢
[01:20:27.000 --> 01:20:28.000]  我想我們都有印象
[01:20:28.000 --> 01:20:31.000]  耶和華在幾位朋友面前
[01:20:31.000 --> 01:20:33.000]  說你們三位朋友說的話
[01:20:33.000 --> 01:20:36.000]  不及我們好人這個法正確
[01:20:36.000 --> 01:20:38.000]  很多學者都有不同的傳說
[01:20:38.000 --> 01:20:40.000]  但其中一個傳說就是
[01:20:40.000 --> 01:20:42.000]  什麼叫做約伯說法的正確呢
[01:20:42.000 --> 01:20:43.000]  就是由頭到尾
[01:20:43.000 --> 01:20:45.000]  約伯是德
[01:20:45.000 --> 01:20:47.000]  約伯既然德又法果
[01:20:47.000 --> 01:20:48.000]  是由頭到尾
[01:20:48.000 --> 01:20:51.000]  當神是一個對象來對話
[01:20:51.000 --> 01:20:54.000]  甚至可以是祈禱
[01:20:54.000 --> 01:20:55.000]  他的呼喊
[01:20:55.000 --> 01:20:57.000]  他的投訴都是祈禱
[01:20:57.000 --> 01:21:00.000]  但是他這三位朋友不正確的地方是什麼呢
[01:21:00.000 --> 01:21:01.000]  其實這三位朋友
[01:21:01.000 --> 01:21:03.000]  從來都沒有同神說過話
[01:21:03.000 --> 01:21:05.000]  如果你想清楚一點的時候
[01:21:05.000 --> 01:21:08.000]  說來說去都是議論神
[01:21:08.000 --> 01:21:11.000]  可能是深不可測的作為
[01:21:11.000 --> 01:21:13.000]  約伯有些罪你不知道
[01:21:13.000 --> 01:21:18.000]  這個世界有些惑作可能你不完全確知等等
[01:21:18.000 --> 01:21:19.000]  都是談論神的
[01:21:19.000 --> 01:21:21.000]  talking about God
[01:21:21.000 --> 01:21:23.000]  但唯有約伯是talking to God
[01:21:23.000 --> 01:21:27.000]  最後耶和華他仍然在那程度上肯定
[01:21:27.000 --> 01:21:30.000]  其實約伯最正確的地方
[01:21:30.000 --> 01:21:35.000]  就算是經歷很多主觀經驗的不解
[01:21:35.000 --> 01:21:36.000]  甚至對神的控訴
[01:21:36.000 --> 01:21:37.000]  投訴都好
[01:21:37.000 --> 01:21:39.000]  他是願意
[01:21:39.000 --> 01:21:41.000]  或者甚至他是勇於
[01:21:41.000 --> 01:21:43.000]  同神直接對質
[01:21:43.000 --> 01:21:47.000]  這個是有利於胡錦濤的反常智慧文學
[01:21:47.000 --> 01:21:48.000]  他們的人
[01:21:48.000 --> 01:21:50.000]  最多只會跟朋友爭辯
[01:21:50.000 --> 01:21:51.000]  或者會投訴
[01:21:51.000 --> 01:21:52.000]  為什麼會這樣
[01:21:52.000 --> 01:21:55.000]  但是他們不會買了他跟人
[01:21:55.000 --> 01:21:58.000]  跟神擺一個能夠直接對話
[01:21:58.000 --> 01:22:02.000]  這個可能要問我們信仰
[01:22:02.000 --> 01:22:04.000]  究竟對於我們有什麼解答
[01:22:04.000 --> 01:22:07.000]  我相信可能不是在於所謂頭腦理性
[01:22:07.000 --> 01:22:09.000]  或者知性層面的解答
[01:22:09.000 --> 01:22:12.000]  而是在於無論我們喜歡什麼
[01:22:12.000 --> 01:22:13.000]  反常的事
[01:22:13.000 --> 01:22:15.000]  有一樣東西是活跌的
[01:22:15.000 --> 01:22:17.000]  我們能夠隨時隨地
[01:22:17.000 --> 01:22:21.000]  能夠在我們光的內裡仍然保持
[01:22:21.000 --> 01:22:22.000]  保持對話
[01:22:22.000 --> 01:22:23.000]  保持通話
[01:22:23.000 --> 01:22:26.000]  甚至是以一個對質的形式都可以
[01:22:26.000 --> 01:22:28.000]  約伯記好的地方
[01:22:28.000 --> 01:22:30.000]  是他保留了約伯
[01:22:30.000 --> 01:22:32.000]  所謂一種體上的好似很無禮
[01:22:32.000 --> 01:22:34.000]  很不敬極
[01:22:34.000 --> 01:22:35.000]  三權智慧文學
[01:22:35.000 --> 01:22:37.000]  如果我用一個主題去講
[01:22:37.000 --> 01:22:38.000]  其實很有意思
[01:22:38.000 --> 01:22:39.000]  敬畏
[01:22:39.000 --> 01:22:41.000]  剛才我說敬畏是智慧的開端
[01:22:41.000 --> 01:22:42.000]  知識的開端
[01:22:42.000 --> 01:22:45.000]  為這些熟悉或者很細微的智慧
[01:22:45.000 --> 01:22:49.000]  隔熱背了不同宗教的恩友
[01:22:49.000 --> 01:22:52.000]  但是約伯記怎樣說敬畏
[01:22:52.000 --> 01:22:53.000]  很有意思
[01:22:53.000 --> 01:22:56.000]  如果你說約伯是一個敬畏的人
[01:22:56.000 --> 01:22:58.000]  他的敬畏表現在什麼地方
[01:22:58.000 --> 01:23:03.000]  就是他不惜用他的不解
[01:23:03.000 --> 01:23:05.000]  甚至以疾控的形式
[01:23:05.000 --> 01:23:08.000]  能夠很直率地和神對話
[01:23:08.000 --> 01:23:10.000]  這個就是他的敬畏
[01:23:10.000 --> 01:23:12.000]  如果說他稱讚約伯的話
[01:23:12.000 --> 01:23:13.000]  我相信他很稱讚
[01:23:13.000 --> 01:23:15.000]  約伯說的話是正確的
[01:23:15.000 --> 01:23:17.000]  他的信仰是真誠無畏
[01:23:17.000 --> 01:23:20.000]  而且這個可能才是真實的敬畏
[01:23:20.000 --> 01:23:25.000]  甚至比他的朋友更加虔誠
[01:23:25.000 --> 01:23:27.000]  所以其實顛覆了敬畏觀念
[01:23:27.000 --> 01:23:29.000]  敬畏不是受到法則
[01:23:29.000 --> 01:23:31.000]  而是同時為之一個悶
[01:23:31.000 --> 01:23:32.000]  Living relationship
[01:23:32.000 --> 01:23:33.000]  一個悶的關係
[01:23:33.000 --> 01:23:38.000]  這個是約伯記稱為無解之本
[01:23:38.000 --> 01:23:40.000]  無畏之信的特性
[01:23:40.000 --> 01:23:42.000]  最後
[01:23:42.000 --> 01:23:43.000]  講完神道書
[01:23:43.000 --> 01:23:45.000]  現在十八分鐘了
[01:23:45.000 --> 01:23:47.000]  我們有三分鐘的時間
[01:23:47.000 --> 01:23:49.000]  講得到的
[01:23:49.000 --> 01:23:51.000]  簡單一點
[01:23:51.000 --> 01:23:52.000]  傳道書
[01:23:52.000 --> 01:23:53.000]  無常
[01:23:53.000 --> 01:23:54.000]  我們講了常
[01:23:54.000 --> 01:23:55.000]  作為本尊
[01:23:55.000 --> 01:23:56.000]  講了智慧
[01:23:56.000 --> 01:23:57.000]  作為本尊
[01:23:57.000 --> 01:23:58.000]  講了敬畏
[01:23:58.000 --> 01:23:59.000]  作為本尊
[01:23:59.000 --> 01:24:00.000]  傳道書也有講敬畏的
[01:24:00.000 --> 01:24:01.000]  稍後會講一講
[01:24:01.000 --> 01:24:03.000]  這個就是兩件事
[01:24:03.000 --> 01:24:04.000]  古今通都有
[01:24:04.000 --> 01:24:06.000]  就是在比較存在主義式
[01:24:06.000 --> 01:24:08.000]  所謂的智慧同學
[01:24:08.000 --> 01:24:09.000]  剛才說的
[01:24:09.000 --> 01:24:13.000]  就是針對書禮的教育
[01:24:13.000 --> 01:24:15.000]  特別是講和室友
[01:24:15.000 --> 01:24:19.000]  那麼約伯記或者受苦者文學
[01:24:19.000 --> 01:24:20.000]  反映的是一些
[01:24:20.000 --> 01:24:22.000]  面對人生的無常
[01:24:22.000 --> 01:24:24.000]  或者轉了的狀況
[01:24:24.000 --> 01:24:28.000]  古今通就比較不是一些經歷
[01:24:28.000 --> 01:24:30.000]  而是一種整體對人生
[01:24:30.000 --> 01:24:32.000]  一些無常狀態的反思
[01:24:32.000 --> 01:24:34.000]  比較所謂悲觀色彩
[01:24:34.000 --> 01:24:37.000]  比較悲觀存在主義的色彩
[01:24:37.000 --> 01:24:41.000]  我們看日光之下
[01:24:41.000 --> 01:24:42.000]  傳道書的其中一個主題
[01:24:42.000 --> 01:24:43.000]  講虛空
[01:24:43.000 --> 01:24:44.000]  講日光之下
[01:24:44.000 --> 01:24:46.000]  那種虛幻
[01:24:46.000 --> 01:24:48.000]  就是帶有強烈存在主義色彩的
[01:24:48.000 --> 01:24:49.000]  反思智慧
[01:24:49.000 --> 01:24:50.000]  每個人都有自己的發現
[01:24:50.000 --> 01:24:51.000]  就是反思智慧
[01:24:51.000 --> 01:24:52.000]  reflective
[01:24:52.000 --> 01:24:53.000]  在古來文近通也有
[01:24:53.000 --> 01:24:55.000]  不過古來文近通就比較集中
[01:24:55.000 --> 01:24:57.000]  在什麼時候會出現這些文學呢
[01:24:57.000 --> 01:24:58.000]  就是改朝換代
[01:24:58.000 --> 01:24:59.000]  皇朝更新
[01:24:59.000 --> 01:25:01.000]  和一些歷史動蕩的時候
[01:25:01.000 --> 01:25:03.000]  會出現
[01:25:03.000 --> 01:25:05.000]  就是當人面對
[01:25:05.000 --> 01:25:07.000]  可能一些命運的隨機性
[01:25:07.000 --> 01:25:08.000]  或者死亡
[01:25:08.000 --> 01:25:10.000]  包括朝代的死亡
[01:25:10.000 --> 01:25:11.000]  歷史洪流
[01:25:11.000 --> 01:25:14.000]  產生了所謂歷史的憂鬱
[01:25:14.000 --> 01:25:16.000]  歷史的憂鬱
[01:25:16.000 --> 01:25:18.000]  傳道書我純粹是
[01:25:18.000 --> 01:25:19.000]  借了古文通這種
[01:25:19.000 --> 01:25:21.000]  有些悲觀色彩的存在主義
[01:25:21.000 --> 01:25:23.000]  探討人在神所命定的
[01:25:23.000 --> 01:25:24.000]  有限生命裡面
[01:25:24.000 --> 01:25:25.000]  究竟什麼是真實
[01:25:25.000 --> 01:25:27.000]  並且以虛空為主題
[01:25:27.000 --> 01:25:28.000]  就是heaven
[01:25:28.000 --> 01:25:29.000]  為基調
[01:25:29.000 --> 01:25:31.000]  你可以說是有些解剖性的
[01:25:31.000 --> 01:25:32.000]  解剖性就是
[01:25:32.000 --> 01:25:33.000]  去論述人類的財富
[01:25:33.000 --> 01:25:34.000]  成就
[01:25:34.000 --> 01:25:35.000]  智慧
[01:25:35.000 --> 01:25:37.000]  或者是歷史公積的意義和價值
[01:25:37.000 --> 01:25:39.000]  我純粹是想有些顛覆性的
[01:25:39.000 --> 01:25:41.000]  原因就好像在傳道書裡面
[01:25:41.000 --> 01:25:43.000]  連智慧都好像被顛覆
[01:25:43.000 --> 01:25:44.000]  就是智慧都有限
[01:25:44.000 --> 01:25:46.000]  智慧在真言裡面
[01:25:46.000 --> 01:25:47.000]  是好東西來的
[01:25:47.000 --> 01:25:49.000]  智慧財的富人
[01:25:49.000 --> 01:25:51.000]  但是在傳道書裡面
[01:25:51.000 --> 01:25:54.000]  連智慧都有限
[01:25:54.000 --> 01:25:57.000]  我們看看小肥
[01:25:57.000 --> 01:25:58.000]  首先是蘇美
[01:25:58.000 --> 01:26:01.000]  這個稱之為Battle of early rulers
[01:26:01.000 --> 01:26:03.000]  早期統治者的先天
[01:26:03.000 --> 01:26:06.000]  有些人稱呼為Sumerian Hunits
[01:26:06.000 --> 01:26:10.000]  就是蘇美的軍王的列表
[01:26:10.000 --> 01:26:11.000]  就是說
[01:26:11.000 --> 01:26:13.000]  那些古老的軍王
[01:26:13.000 --> 01:26:14.000]  那些偉大的官員
[01:26:14.000 --> 01:26:15.000]  現在去了哪裡呢
[01:26:15.000 --> 01:26:16.000]  我們看過
[01:26:16.000 --> 01:26:18.000]  這種無常的智慧文明
[01:26:18.000 --> 01:26:19.000]  出現在
[01:26:19.000 --> 01:26:21.000]  可能有些皇朝行動
[01:26:21.000 --> 01:26:22.000]  今日
[01:26:22.000 --> 01:26:23.000]  時動黨
[01:26:23.000 --> 01:26:25.000]  或者有些人被謀朝篡位
[01:26:25.000 --> 01:26:27.000]  或者過渡成階段
[01:26:27.000 --> 01:26:29.000]  沒有政府狀態的時候寫的
[01:26:29.000 --> 01:26:31.000]  就是那些偉大的官員去了哪裡呢
[01:26:31.000 --> 01:26:32.000]  等等
[01:26:32.000 --> 01:26:34.000]  他們的功績就已經湮滅了
[01:26:34.000 --> 01:26:35.000]  等等
[01:26:35.000 --> 01:26:36.000]  無論是軍王
[01:26:36.000 --> 01:26:37.000]  或者是那些卑微的凡人
[01:26:37.000 --> 01:26:38.000]  例如某些歷史書
[01:26:38.000 --> 01:26:39.000]  都開過
[01:26:39.000 --> 01:26:40.000]  好像開拍那些
[01:26:40.000 --> 01:26:42.000]  以前很偉大的統治者
[01:26:42.000 --> 01:26:44.000]  好像都是和凡人一樣
[01:26:44.000 --> 01:26:45.000]  去了那個陰間
[01:26:45.000 --> 01:26:46.000]  在傳道書裡面
[01:26:46.000 --> 01:26:47.000]  有Apple
[01:26:47.000 --> 01:26:48.000]  有呼應
[01:26:48.000 --> 01:26:49.000]  例如說
[01:26:49.000 --> 01:26:51.000]  一章已經很多了
[01:26:51.000 --> 01:26:53.000]  第二章十六節就更加明顯了
[01:26:53.000 --> 01:26:55.000]  因為智者而無語人
[01:26:55.000 --> 01:26:56.000]  不予明顯被人記念
[01:26:56.000 --> 01:26:58.000]  所謂顛覆了智慧就是這樣
[01:26:58.000 --> 01:26:59.000]  如果是真言的話
[01:26:59.000 --> 01:27:02.000]  是比較高揚智慧之道
[01:27:02.000 --> 01:27:03.000]  智慧有很多語配
[01:27:03.000 --> 01:27:04.000]  但是在傳道書裡面
[01:27:04.000 --> 01:27:06.000]  顛覆了智慧
[01:27:06.000 --> 01:27:07.000]  智慧人
[01:27:07.000 --> 01:27:08.000]  和無語人
[01:27:08.000 --> 01:27:09.000]  都好像一樣會死的
[01:27:09.000 --> 01:27:11.000]  一樣會被人遺忘的
[01:27:11.000 --> 01:27:14.000]  好像智者和無語人一樣會死
[01:27:14.000 --> 01:27:15.000]  我們可以感覺到
[01:27:15.000 --> 01:27:17.000]  三句智慧文後
[01:27:17.000 --> 01:27:19.000]  和近東某些的文系格式
[01:27:19.000 --> 01:27:20.000]  形式
[01:27:20.000 --> 01:27:21.000]  還是某些的語彙
[01:27:21.000 --> 01:27:22.000]  有些像的
[01:27:22.000 --> 01:27:23.000]  當然我們最後
[01:27:23.000 --> 01:27:25.000]  又會看看它的實話和特色
[01:27:25.000 --> 01:27:27.000]  這個叫Dialogue of pessimism
[01:27:27.000 --> 01:27:29.000]  8比6
[01:27:29.000 --> 01:27:31.000]  叫做悲觀對話錄
[01:27:31.000 --> 01:27:33.000]  很有趣的
[01:27:33.000 --> 01:27:35.000]  它有十一個對話循環
[01:27:35.000 --> 01:27:36.000]  是哪兩個對話呢
[01:27:36.000 --> 01:27:37.000]  就不是受苦者
[01:27:37.000 --> 01:27:39.000]  不是受苦者和他的朋友
[01:27:39.000 --> 01:27:43.000]  是一個主人和一個奴隸的對話
[01:27:43.000 --> 01:27:45.000]  這個對話其實是不複雜的
[01:27:45.000 --> 01:27:47.000]  我簡介給大家聽
[01:27:47.000 --> 01:27:49.000]  主人和奴隸
[01:27:49.000 --> 01:27:50.000]  他們做些什麼
[01:27:50.000 --> 01:27:51.000]  是有意義的
[01:27:51.000 --> 01:27:52.000]  人生有價值的
[01:27:52.000 --> 01:27:54.000]  是以很多
[01:27:54.000 --> 01:27:55.000]  例如
[01:27:55.000 --> 01:27:56.000]  打獵
[01:27:56.000 --> 01:27:57.000]  打獵很厲害
[01:27:57.000 --> 01:27:58.000]  例如
[01:27:58.000 --> 01:27:59.000]  建築
[01:27:59.000 --> 01:28:00.000]  建一間家房
[01:28:00.000 --> 01:28:03.000]  甚至是不同的
[01:28:03.000 --> 01:28:07.000]  這裡就是建立偉大公職
[01:28:07.000 --> 01:28:09.000]  要為國捐軀
[01:28:09.000 --> 01:28:10.000]  為國貢獻
[01:28:10.000 --> 01:28:13.000]  他就這樣和奴隸很多輪的對話
[01:28:13.000 --> 01:28:14.000]  很有趣的
[01:28:14.000 --> 01:28:16.000]  都是一個幽默
[01:28:16.000 --> 01:28:18.000]  有些黑色幽默的感覺
[01:28:18.000 --> 01:28:20.000]  主人問兩次
[01:28:20.000 --> 01:28:22.000]  第一次就問奴隸
[01:28:22.000 --> 01:28:25.000]  我要為我家做一些事
[01:28:25.000 --> 01:28:27.000]  其中一個行為
[01:28:27.000 --> 01:28:30.000]  就是為國家建立偉大公職
[01:28:30.000 --> 01:28:33.000]  然後奴隸就很純熟
[01:28:33.000 --> 01:28:34.000]  什麼都說好的
[01:28:34.000 --> 01:28:35.000]  YES MAN
[01:28:35.000 --> 01:28:36.000]  好啊好啊
[01:28:36.000 --> 01:28:37.000]  你去做吧
[01:28:37.000 --> 01:28:39.000]  主人去建立公職
[01:28:39.000 --> 01:28:41.000]  你看看建立公職的人
[01:28:41.000 --> 01:28:43.000]  他們的利是公分
[01:28:43.000 --> 01:28:46.000]  就會納入巴比倫神馬路
[01:28:46.000 --> 01:28:47.000]  在馬路的十秒
[01:28:47.000 --> 01:28:48.000]  是很高的
[01:28:48.000 --> 01:28:50.000]  但幽默的地方
[01:28:50.000 --> 01:28:52.000]  之後主人就改變心意
[01:28:52.000 --> 01:28:53.000]  很善變的
[01:28:53.000 --> 01:28:54.000]  十一郎純粹地說
[01:28:54.000 --> 01:28:55.000]  我現在不想了
[01:28:55.000 --> 01:28:57.000]  我不要去建立公職
[01:28:57.000 --> 01:28:59.000]  我奴隸就馬上改變心意
[01:28:59.000 --> 01:29:00.000]  好啊
[01:29:00.000 --> 01:29:02.000]  你不要去建立公職
[01:29:02.000 --> 01:29:03.000]  主人千萬不要去做
[01:29:03.000 --> 01:29:04.000]  千萬不要去做
[01:29:04.000 --> 01:29:05.000]  為什麼不要去做呢
[01:29:05.000 --> 01:29:07.000]  你看看廢墟
[01:29:07.000 --> 01:29:10.000]  你看看廢墟這件事
[01:29:10.000 --> 01:29:11.000]  他們埋葬地
[01:29:11.000 --> 01:29:14.000]  無論你以前是卑微者還是尊貴者
[01:29:14.000 --> 01:29:15.000]  都是埋葬在那裡
[01:29:15.000 --> 01:29:17.000]  所以不要去做公職
[01:29:17.000 --> 01:29:18.000]  不要做那麼多事
[01:29:18.000 --> 01:29:20.000]  就是這樣的
[01:29:20.000 --> 01:29:21.000]  所以主人就說
[01:29:21.000 --> 01:29:22.000]  我去做吧
[01:29:22.000 --> 01:29:23.000]  好啊好啊你去做吧
[01:29:23.000 --> 01:29:24.000]  主人就說我不去做吧
[01:29:24.000 --> 01:29:25.000]  好啊好啊你千萬不要去做
[01:29:25.000 --> 01:29:26.000]  就是這樣的
[01:29:26.000 --> 01:29:28.000]  有一點點說到
[01:29:28.000 --> 01:29:30.000]  做什麼都可以沒有的
[01:29:30.000 --> 01:29:31.000]  都沒有意義的
[01:29:31.000 --> 01:29:34.000]  最後一個對話
[01:29:34.000 --> 01:29:37.000]  都是很黑色幽默的極致
[01:29:37.000 --> 01:29:39.000]  就是主人有些不耐煩
[01:29:39.000 --> 01:29:41.000]  主人就提議
[01:29:41.000 --> 01:29:45.000]  就說不如什麼都不要做了
[01:29:45.000 --> 01:29:49.000]  最後就說到一個動作
[01:29:49.000 --> 01:29:53.000]  就說到自殺
[01:29:53.000 --> 01:30:00.000]  然後那個僕人老婆就叫他去做
[01:30:00.000 --> 01:30:02.000]  他自殺
[01:30:02.000 --> 01:30:06.000]  然後主人最後的提議就是
[01:30:06.000 --> 01:30:08.000]  我現在就不自殺了
[01:30:08.000 --> 01:30:10.000]  我現在就想殺了你
[01:30:10.000 --> 01:30:13.000]  然後那個僕人最後回答
[01:30:13.000 --> 01:30:16.000]  就說都是yes man
[01:30:16.000 --> 01:30:18.000]  好啊你殺了我
[01:30:18.000 --> 01:30:20.000]  不過你殺了我之後
[01:30:20.000 --> 01:30:22.000]  你三天內都活不了
[01:30:22.000 --> 01:30:23.000]  為什麼呢
[01:30:23.000 --> 01:30:25.000]  因為你是依賴我
[01:30:25.000 --> 01:30:27.000]  你是靠我才做到人
[01:30:27.000 --> 01:30:29.000]  你是靠我才過得了門
[01:30:29.000 --> 01:30:31.000]  所以就說你不會survive那三天
[01:30:31.000 --> 01:30:35.000]  最後就是這個反復式
[01:30:35.000 --> 01:30:37.000]  反復式的總結
[01:30:37.000 --> 01:30:40.000]  簡單來說就是他dialogue了很多次
[01:30:40.000 --> 01:30:42.000]  就說無論做不做
[01:30:42.000 --> 01:30:45.000]  都好像最終都是沒有意義的
[01:30:45.000 --> 01:30:47.000]  或者最終都達成不了
[01:30:47.000 --> 01:30:52.000]  就是看出問題的人有一個有價值的目的
[01:30:52.000 --> 01:30:54.000]  好像Apple的傳道書
[01:30:54.000 --> 01:30:57.000]  無論智慧還是愚昧
[01:30:57.000 --> 01:30:59.000]  好像最終都是同樣的命運
[01:30:59.000 --> 01:31:01.000]  心裡就說也是虛空
[01:31:01.000 --> 01:31:03.000]  這個永遠看不到
[01:31:03.000 --> 01:31:06.000]  那個表達的色彩都有一點像
[01:31:06.000 --> 01:31:08.000]  好像虛空的漣漪
[01:31:08.000 --> 01:31:11.000]  心知傳道書有時候都好像表達到
[01:31:11.000 --> 01:31:13.000]  有一點虐待的感覺
[01:31:13.000 --> 01:31:18.000]  沒有二人行義就反而烈狼有愛就狠狠倒向長壽
[01:31:18.000 --> 01:31:21.000]  這個在第七章第八章裡面都說不少
[01:31:21.000 --> 01:31:23.000]  有一點逆向了
[01:31:23.000 --> 01:31:25.000]  傳道書都有這個色彩
[01:31:25.000 --> 01:31:30.000]  有一點Apple和花飛輪的無相的吻合
[01:31:30.000 --> 01:31:34.000]  這裡有一個埃及叫做一個厭倦生命的人
[01:31:34.000 --> 01:31:39.000]  很明顯其實悲苦的生活都不是我們現代人才有
[01:31:39.000 --> 01:31:41.000]  由古代到現在都有
[01:31:41.000 --> 01:31:44.000]  每年生活都感覺到好像沒什麼意義
[01:31:44.000 --> 01:31:45.000]  沒什麼價值
[01:31:45.000 --> 01:31:48.000]  甚至好像覺得有點厭倦
[01:31:48.000 --> 01:31:51.000]  這個是A man who has tired of life
[01:31:51.000 --> 01:31:54.000]  就說我今天所見的世界
[01:31:54.000 --> 01:31:56.000]  好像人人的同胞都是左之徒
[01:31:56.000 --> 01:31:58.000]  今天的朋友不再生存人外
[01:31:58.000 --> 01:32:00.000]  人人的心腸坑爛了很多
[01:32:00.000 --> 01:32:04.000]  每一個人每個月都是搶奪同胞的財產等等
[01:32:04.000 --> 01:32:05.000]  還有很多惡棍
[01:32:05.000 --> 01:32:06.000]  很多傳道的惡棍
[01:32:06.000 --> 01:32:09.000]  好像四葉樹都坑了很多
[01:32:09.000 --> 01:32:13.000]  其實我想我們現在生活的時候
[01:32:13.000 --> 01:32:15.000]  都有這些個人慨嘆
[01:32:15.000 --> 01:32:17.000]  古往今後都會有這些慨嘆
[01:32:17.000 --> 01:32:19.000]  就像傳道書一樣
[01:32:19.000 --> 01:32:22.000]  都見到這些日光之下都發生一切欺壓的事
[01:32:22.000 --> 01:32:23.000]  有欺壓的事
[01:32:23.000 --> 01:32:26.000]  等於有受欺壓的人
[01:32:26.000 --> 01:32:29.000]  受欺壓的人的眼淚是無人安慰
[01:32:29.000 --> 01:32:32.000]  或者最可悲的就是被欺壓
[01:32:32.000 --> 01:32:34.000]  而有被欺壓的人是無人安慰
[01:32:34.000 --> 01:32:39.000]  無人去反映在虐伯紀律裏
[01:32:39.000 --> 01:32:41.000]  虐伯受苦難
[01:32:41.000 --> 01:32:43.000]  他都是一個受苦難的人
[01:32:43.000 --> 01:32:44.000]  但都得不上安慰
[01:32:44.000 --> 01:32:47.000]  所以傳道書講到
[01:32:47.000 --> 01:32:50.000]  納悉早已死去的人
[01:32:50.000 --> 01:32:54.000]  他不被納悉現象營造的人陷害
[01:32:54.000 --> 01:32:56.000]  我見到傳道書都幾顛簸
[01:32:56.000 --> 01:33:00.000]  這裏的顛簸主題就表現在生死的環節裏
[01:33:00.000 --> 01:33:05.000]  其實在古晉宗裏面都有講生死
[01:33:05.000 --> 01:33:08.000]  剛才這個文學就講一個厭倦生命
[01:33:08.000 --> 01:33:14.000]  稍為好像少少關乎生死的一些反思
[01:33:14.000 --> 01:33:16.000]  其中一段的說法就是
[01:33:16.000 --> 01:33:19.000]  在我今日的眼中死亡就好像什麼呢
[01:33:19.000 --> 01:33:22.000]  就好像有久病之人重獲痊癒
[01:33:22.000 --> 01:33:27.000]  如同在長久的休禁之後終於走向開闢的國
[01:33:27.000 --> 01:33:29.000]  在我今日的眼中死亡
[01:33:29.000 --> 01:33:31.000]  如同一個被人囚多年的俘虜
[01:33:31.000 --> 01:33:34.000]  在深水重返家園再見父祖般
[01:33:34.000 --> 01:33:36.000]  也都無比的忘懷
[01:33:36.000 --> 01:33:40.000]  但看起來感覺好像有點厭世
[01:33:40.000 --> 01:33:41.000]  有點求死
[01:33:41.000 --> 01:33:42.000]  其實有的
[01:33:42.000 --> 01:33:43.000]  估計都是有的
[01:33:43.000 --> 01:33:45.000]  當他去到極致人生裏面
[01:33:45.000 --> 01:33:46.000]  沒有什麼好想的
[01:33:46.000 --> 01:33:47.000]  想到最後就是生死
[01:33:47.000 --> 01:33:48.000]  死亡就是終局
[01:33:48.000 --> 01:33:50.000]  傳道書都有講
[01:33:50.000 --> 01:33:52.000]  其實剛才陶國亮都有講
[01:33:52.000 --> 01:33:55.000]  知者如人好像最終的終局就是死亡
[01:33:55.000 --> 01:33:59.000]  但孤魂摸魄他講的時候是怎樣講呢
[01:33:59.000 --> 01:34:01.000]  就是講死亡是一個解決
[01:34:01.000 --> 01:34:05.000]  其實孤魂摸魄的確都很可悲
[01:34:05.000 --> 01:34:06.000]  但我們都明白
[01:34:06.000 --> 01:34:11.000]  現在我們現世社會的確去到極致的精神狀態
[01:34:11.000 --> 01:34:12.000]  是可以有些思想的
[01:34:12.000 --> 01:34:15.000]  所以說死亡就好像解決了
[01:34:15.000 --> 01:34:16.000]  不過我們可以留意
[01:34:16.000 --> 01:34:20.000]  傳道書陶兩章的確和死亡講到
[01:34:20.000 --> 01:34:22.000]  無論你知為人還是義人
[01:34:22.000 --> 01:34:23.000]  又或者一個王
[01:34:23.000 --> 01:34:24.000]  又或者一個平民
[01:34:24.000 --> 01:34:28.000]  人和動物他有三主論講
[01:34:28.000 --> 01:34:30.000]  最終都好像死亡
[01:34:30.000 --> 01:34:32.000]  透過三主論去講
[01:34:32.000 --> 01:34:35.000]  無論人是動物還是三主論
[01:34:35.000 --> 01:34:38.000]  無論你是一個知者還是義人
[01:34:38.000 --> 01:34:40.000]  無論你是一個智慧王還是一個平民
[01:34:40.000 --> 01:34:42.000]  最終都是死亡是一個終局
[01:34:42.000 --> 01:34:43.000]  都是講到終局
[01:34:43.000 --> 01:34:45.000]  不過我們去到學會的時候
[01:34:45.000 --> 01:34:47.000]  傳道書講死亡有點特別
[01:34:47.000 --> 01:34:49.000]  就是他這裏講了七章
[01:34:49.000 --> 01:34:54.000]  就是你好明星勝過上古高尤
[01:34:54.000 --> 01:34:56.000]  勝過出生之日
[01:34:56.000 --> 01:34:58.000]  死亡之日出生之日
[01:34:58.000 --> 01:35:01.000]  有印象其實三章有特別講過
[01:35:01.000 --> 01:35:03.000]  就是生有時亡死有時亡
[01:35:03.000 --> 01:35:05.000]  就是那個好多有時亡
[01:35:05.000 --> 01:35:06.000]  什麼有時亡什麼有時亡
[01:35:06.000 --> 01:35:08.000]  這個死亡之日勝過出生之日
[01:35:08.000 --> 01:35:11.000]  去復喪之家老過去燕郎之家
[01:35:11.000 --> 01:35:13.000]  因為死亡很容易的話
[01:35:13.000 --> 01:35:14.000]  很簡單很簡單
[01:35:14.000 --> 01:35:17.000]  不過傳道書有少少顛覆了
[01:35:17.000 --> 01:35:19.000]  就是想講的就是為什麼
[01:35:19.000 --> 01:35:21.000]  死亡之日勝過出生之日
[01:35:21.000 --> 01:35:23.000]  這個很難解的
[01:35:23.000 --> 01:35:24.000]  如果你講伯虎近東
[01:35:24.000 --> 01:35:26.000]  就好像死亡解說
[01:35:26.000 --> 01:35:28.000]  但其實傳道書又不是這個意思
[01:35:28.000 --> 01:35:30.000]  他講到人最講什麼呢
[01:35:30.000 --> 01:35:32.000]  活著的人要牢記在心
[01:35:32.000 --> 01:35:34.000]  他的意思是你活著的時候
[01:35:34.000 --> 01:35:38.000]  你就要知道是會有死亡的日
[01:35:38.000 --> 01:35:39.000]  會有終極日
[01:35:39.000 --> 01:35:40.000]  你可以從你的終點
[01:35:40.000 --> 01:35:43.000]  想回你現在活著的日子
[01:35:43.000 --> 01:35:46.000]  所以他的重點不是說死亡的界別
[01:35:46.000 --> 01:35:47.000]  不只是這麼簡單
[01:35:47.000 --> 01:35:49.000]  而是說你紀念到
[01:35:49.000 --> 01:35:51.000]  你死亡是人終極的時候
[01:35:51.000 --> 01:35:53.000]  為什麼說紀念死亡之日
[01:35:53.000 --> 01:35:54.000]  勝過出生之日呢
[01:35:54.000 --> 01:35:55.000]  他的意思是什麼呢
[01:35:55.000 --> 01:35:58.000]  就不是說你真的死亡是好
[01:35:58.000 --> 01:36:01.000]  而是說死亡的時候
[01:36:01.000 --> 01:36:04.000]  能夠呈現到你一個人
[01:36:04.000 --> 01:36:05.000]  他是怎樣過去
[01:36:05.000 --> 01:36:06.000]  他的一生人是怎樣
[01:36:06.000 --> 01:36:07.000]  他有什麼被記得
[01:36:07.000 --> 01:36:08.000]  有什麼被紀念
[01:36:08.000 --> 01:36:10.000]  是這樣的意思
[01:36:10.000 --> 01:36:12.000]  出生的時候可能什麼都沒有
[01:36:12.000 --> 01:36:13.000]  死亡之日的時候
[01:36:13.000 --> 01:36:15.000]  所以其實如果你看第七章
[01:36:15.000 --> 01:36:16.000]  我沒有放出來
[01:36:16.000 --> 01:36:19.000]  但如果你有電話或有情境的話
[01:36:19.000 --> 01:36:21.000]  你可以看一看第七章
[01:36:21.000 --> 01:36:23.000]  上文是有意思的
[01:36:23.000 --> 01:36:26.000]  就是在第七章那裡
[01:36:26.000 --> 01:36:29.000]  第二節我們剛剛說了
[01:36:29.000 --> 01:36:31.000]  如果你再看下去一點
[01:36:31.000 --> 01:36:33.000]  就是第八節那裡
[01:36:33.000 --> 01:36:34.000]  就說事情的忠告
[01:36:34.000 --> 01:36:35.000]  強於事情的起頭
[01:36:35.000 --> 01:36:36.000]  全心忍耐
[01:36:36.000 --> 01:36:38.000]  勝過居心驕傲
[01:36:38.000 --> 01:36:40.000]  他的意思是什麼呢
[01:36:40.000 --> 01:36:42.000]  事情的忠告
[01:36:42.000 --> 01:36:45.000]  你怎樣開始
[01:36:45.000 --> 01:36:47.000]  你怎樣完結
[01:36:47.000 --> 01:36:48.000]  大家有沒有聽過一句話
[01:36:48.000 --> 01:36:50.000]  就是finish well
[01:36:50.000 --> 01:36:52.000]  人家為什麼要想到死亡呢
[01:36:52.000 --> 01:36:54.000]  就是如果你是finish well的時候
[01:36:54.000 --> 01:36:58.000]  其實是比你空空無大地
[01:36:58.000 --> 01:37:00.000]  那個所謂beginning day
[01:37:00.000 --> 01:37:01.000]  finish well
[01:37:01.000 --> 01:37:02.000]  所以你說想到事情的忠告
[01:37:02.000 --> 01:37:04.000]  怎樣強於事情的起頭
[01:37:04.000 --> 01:37:05.000]  就是其實如果你finish well
[01:37:05.000 --> 01:37:06.000]  你是怎樣finish well
[01:37:06.000 --> 01:37:08.000]  你是全心忍耐到底的時候
[01:37:08.000 --> 01:37:11.000]  勝過你當刻有屈心驕傲
[01:37:11.000 --> 01:37:13.000]  而說到的時候
[01:37:13.000 --> 01:37:14.000]  你死亡的日子的時候
[01:37:14.000 --> 01:37:16.000]  其實反而是值得被紀念
[01:37:16.000 --> 01:37:19.000]  反而可能是被出心的時候更好
[01:37:19.000 --> 01:37:20.000]  所以他說
[01:37:20.000 --> 01:37:21.000]  這裡是用了死亡
[01:37:21.000 --> 01:37:23.000]  但他又不完全是悲觀
[01:37:23.000 --> 01:37:26.000]  反而是作為一種逆向的思維
[01:37:26.000 --> 01:37:29.000]  甚至乎他之後也有說
[01:37:29.000 --> 01:37:31.000]  傳道書第八章那裡
[01:37:31.000 --> 01:37:33.000]  也繼續說到死亡的主題
[01:37:33.000 --> 01:37:35.000]  但他越說的時候
[01:37:35.000 --> 01:37:37.000]  反而是用死亡來突顯
[01:37:37.000 --> 01:37:39.000]  你要紀念活著的時候
[01:37:39.000 --> 01:37:40.000]  要紀念祖來的主人
[01:37:40.000 --> 01:37:42.000]  這裡就說人死後的時候
[01:37:42.000 --> 01:37:43.000]  可以獲得什麼
[01:37:43.000 --> 01:37:45.000]  死後的時候又可以得到什麼
[01:37:45.000 --> 01:37:47.000]  同樣都是說到
[01:37:47.000 --> 01:37:49.000]  這個是烏加利的文學
[01:37:49.000 --> 01:37:51.000]  亞特史詩
[01:37:51.000 --> 01:37:53.000]  最終每個凡人都會贏來死亡
[01:37:53.000 --> 01:37:55.000]  但如果你看傳道書第三章
[01:37:55.000 --> 01:37:57.000]  我們說第三章的時候
[01:37:57.000 --> 01:37:58.000]  都同樣
[01:37:58.000 --> 01:37:59.000]  剛才提過人和物的比較
[01:37:59.000 --> 01:38:00.000]  人得勝於得縮
[01:38:00.000 --> 01:38:02.000]  一切都是虛空的
[01:38:02.000 --> 01:38:04.000]  傳道去的地方都是類似的
[01:38:04.000 --> 01:38:06.000]  但你看最後一句
[01:38:06.000 --> 01:38:08.000]  都是什麼呢
[01:38:08.000 --> 01:38:10.000]  從塵土而出
[01:38:10.000 --> 01:38:12.000]  也歸於塵土
[01:38:12.000 --> 01:38:15.000]  這個是我們想起什麼經文
[01:38:15.000 --> 01:38:17.000]  就是《創世紀》
[01:38:17.000 --> 01:38:20.000]  同樣都是指向創造
[01:38:20.000 --> 01:38:22.000]  所以傳道書又不完全是
[01:38:22.000 --> 01:38:25.000]  蓋棚生死所謂物質世界
[01:38:25.000 --> 01:38:27.000]  或者人在物質世界裡
[01:38:27.000 --> 01:38:29.000]  好像沒有了
[01:38:29.000 --> 01:38:30.000]  不是的
[01:38:30.000 --> 01:38:31.000]  而是這裡的傳道書
[01:38:31.000 --> 01:38:34.000]  所在現世裡面人和動物是很分別的
[01:38:34.000 --> 01:38:35.000]  但是出於塵土
[01:38:35.000 --> 01:38:36.000]  歸於塵土
[01:38:36.000 --> 01:38:39.000]  又好像呼應了創造秩序
[01:38:39.000 --> 01:38:40.000]  創造神話
[01:38:40.000 --> 01:38:42.000]  所以傳道書雖然沒有說那句話
[01:38:42.000 --> 01:38:44.000]  但都是暗地裡是有的
[01:38:44.000 --> 01:38:47.000]  但是你看到其實就
[01:38:47.000 --> 01:38:50.000]  稍為快一點
[01:38:50.000 --> 01:38:51.000]  我們看到其實就是
[01:38:51.000 --> 01:38:53.000]  如果說傳道書最後那兩章
[01:38:53.000 --> 01:38:55.000]  不過就不說了
[01:38:55.000 --> 01:38:58.000]  如果你有留意傳道書最後那兩章
[01:38:58.000 --> 01:38:59.000]  特別最後那一章
[01:38:59.000 --> 01:39:00.000]  有說什麼呢
[01:39:00.000 --> 01:39:03.000]  就是說了很深的經文
[01:39:03.000 --> 01:39:06.000]  就是當趁你不聽的時候
[01:39:06.000 --> 01:39:08.000]  記念祖理的書
[01:39:08.000 --> 01:39:10.000]  然後說了一段八節的經文
[01:39:10.000 --> 01:39:13.000]  很有詩歌的意境
[01:39:13.000 --> 01:39:14.000]  大概是說什麼呢
[01:39:14.000 --> 01:39:17.000]  就是說你去到年老的時候
[01:39:17.000 --> 01:39:19.000]  如果我讀給大家聽
[01:39:19.000 --> 01:39:21.000]  意思就是你沒有等到日頭
[01:39:21.000 --> 01:39:24.000]  光明月亮星宿變為黑暗的時候
[01:39:24.000 --> 01:39:26.000]  好像有很多末世的景象
[01:39:26.000 --> 01:39:28.000]  其實這裡有一個詩歌題材
[01:39:28.000 --> 01:39:31.000]  就是當你年老的時候
[01:39:31.000 --> 01:39:32.000]  可能你的眼睛看不到
[01:39:32.000 --> 01:39:34.000]  你一吃東西就感覺到
[01:39:34.000 --> 01:39:36.000]  你的身體機能衰退的時候
[01:39:36.000 --> 01:39:37.000]  不要等到那時候
[01:39:37.000 --> 01:39:39.000]  你才懂得在日光之下
[01:39:39.000 --> 01:39:40.000]  記念祖理的書
[01:39:40.000 --> 01:39:42.000]  在年輕的時候
[01:39:42.000 --> 01:39:43.000]  你記念祖理的書
[01:39:43.000 --> 01:39:44.000]  還有第十二章的時候
[01:39:44.000 --> 01:39:46.000]  提到的一段就是敬畏
[01:39:46.000 --> 01:39:47.000]  我想我們很熟悉的
[01:39:47.000 --> 01:39:48.000]  怎麼說呢
[01:39:48.000 --> 01:39:49.000]  就是說
[01:39:49.000 --> 01:39:52.000]  總而言之就是敬畏神
[01:39:52.000 --> 01:39:55.000]  謹守他的誡明
[01:39:55.000 --> 01:39:57.000]  誡明在周年出現過
[01:39:57.000 --> 01:40:02.000]  敬畏就是神的誡明
[01:40:02.000 --> 01:40:04.000]  但是如果你放在傳道書
[01:40:04.000 --> 01:40:05.000]  敬畏是什麼意思呢
[01:40:05.000 --> 01:40:06.000]  剛才我們提過
[01:40:06.000 --> 01:40:09.000]  周年敬畏就是知識的開端
[01:40:09.000 --> 01:40:10.000]  約伯記的敬畏
[01:40:10.000 --> 01:40:12.000]  就是毫無違和神對話
[01:40:12.000 --> 01:40:14.000]  傳道書的敬畏是什麼呢
[01:40:14.000 --> 01:40:15.000]  就是在日光之下
[01:40:15.000 --> 01:40:17.000]  每一刻珍惜你每一刻
[01:40:17.000 --> 01:40:18.000]  以一個紀念主
[01:40:18.000 --> 01:40:20.000]  紀念上主的心態去享受神
[01:40:20.000 --> 01:40:21.000]  給你每一刻
[01:40:21.000 --> 01:40:23.000]  每一刻給你的恩賜
[01:40:23.000 --> 01:40:25.000]  這個就為之敬畏了
[01:40:25.000 --> 01:40:27.000]  感受中行祂的誡明
[01:40:27.000 --> 01:40:28.000]  誡明是什麼呢
[01:40:28.000 --> 01:40:29.000]  不是像六塊那些誡明
[01:40:29.000 --> 01:40:32.000]  而是你每一天能夠享受神
[01:40:32.000 --> 01:40:33.000]  給你錄下來的佛
[01:40:33.000 --> 01:40:34.000]  能夠喜樂
[01:40:34.000 --> 01:40:38.000]  這個就為之中行祂的誡明
[01:40:38.000 --> 01:40:39.000]  這個就為之敬畏神了
[01:40:39.000 --> 01:40:40.000]  所以這裡是
[01:40:40.000 --> 01:40:42.000]  如果說從近代的智慧傳統
[01:40:42.000 --> 01:40:44.000]  來看那個所謂無上文學
[01:40:44.000 --> 01:40:46.000]  存在視覺是有的
[01:40:46.000 --> 01:40:47.000]  就是存在的視覺
[01:40:47.000 --> 01:40:49.000]  就是歷史的重生
[01:40:49.000 --> 01:40:50.000]  就是兜兜轉轉
[01:40:50.000 --> 01:40:52.000]  日光每天都日出日落
[01:40:52.000 --> 01:40:55.000]  《全國書人》第一章已經講了
[01:40:55.000 --> 01:40:57.000]  日光之下無生事
[01:40:57.000 --> 01:40:58.000]  現世公義好像缺席
[01:40:58.000 --> 01:40:59.000]  有人被欺假
[01:40:59.000 --> 01:41:00.000]  有些人扭轉不了
[01:41:00.000 --> 01:41:02.000]  死亡可以將所有東西吞噬
[01:41:02.000 --> 01:41:04.000]  這裡剛才講了很多
[01:41:04.000 --> 01:41:06.000]  人生的無盡和困境都是
[01:41:06.000 --> 01:41:08.000]  但是有什麼是準確的呢
[01:41:08.000 --> 01:41:10.000]  就是剛才提過
[01:41:10.000 --> 01:41:12.000]  特別是剛才所說的悲觀對外路
[01:41:12.000 --> 01:41:14.000]  生至厭世
[01:41:14.000 --> 01:41:15.000]  全年悲觀
[01:41:15.000 --> 01:41:17.000]  死亡只是一個速度
[01:41:17.000 --> 01:41:18.000]  解決了
[01:41:18.000 --> 01:41:19.000]  有兩極端
[01:41:19.000 --> 01:41:20.000]  一是做厭世
[01:41:20.000 --> 01:41:21.000]  一是悲觀
[01:41:21.000 --> 01:41:22.000]  一是做什麼呢
[01:41:22.000 --> 01:41:24.000]  就是徹底透視行惑
[01:41:24.000 --> 01:41:27.000]  透視行惑是縱慾式的
[01:41:27.000 --> 01:41:29.000]  就是你隨便做你想做的東西
[01:41:29.000 --> 01:41:31.000]  但是《全道書》是什麼呢
[01:41:31.000 --> 01:41:33.000]  是恩賜轉化
[01:41:33.000 --> 01:41:34.000]  是一個恩典受學的轉入
[01:41:34.000 --> 01:41:36.000]  恩賜轉化的平生活
[01:41:36.000 --> 01:41:37.000]  吃喝快樂
[01:41:37.000 --> 01:41:38.000]  享受神
[01:41:38.000 --> 01:41:40.000]  享受守中道
[01:41:40.000 --> 01:41:42.000]  因為這是神的賞賜
[01:41:42.000 --> 01:41:44.000]  《全道書》有七段
[01:41:44.000 --> 01:41:46.000]  所謂的Enjoyment passage
[01:41:46.000 --> 01:41:47.000]  享受段落
[01:41:47.000 --> 01:41:49.000]  就是呼籲人能夠
[01:41:49.000 --> 01:41:50.000]  雖然說
[01:41:50.000 --> 01:41:52.000]  現實有很多無常
[01:41:52.000 --> 01:41:54.000]  有很多所謂the worst possibility
[01:41:54.000 --> 01:41:57.000]  但是人同樣有the best possibility
[01:41:57.000 --> 01:41:58.000]  就是每一刻
[01:41:58.000 --> 01:41:59.000]  甚至每一個人
[01:41:59.000 --> 01:42:00.000]  都能夠享受
[01:42:00.000 --> 01:42:03.000]  神給每一個人有的福
[01:42:03.000 --> 01:42:04.000]  和有的恩賜
[01:42:04.000 --> 01:42:05.000]  是他能夠享樂其中的
[01:42:05.000 --> 01:42:06.000]  所以重新定義了
[01:42:06.000 --> 01:42:08.000]  哪個極貴神的生命呢
[01:42:08.000 --> 01:42:10.000]  就是在承認人生有限
[01:42:10.000 --> 01:42:12.000]  和甚至最壞的可能性
[01:42:12.000 --> 01:42:13.000]  什麼叫最壞的可能性
[01:42:13.000 --> 01:42:15.000]  就是剛才很多的地方
[01:42:15.000 --> 01:42:17.000]  和古近東這些無常文學
[01:42:17.000 --> 01:42:18.000]  包括什麼呢
[01:42:18.000 --> 01:42:19.000]  人始終都會有得死的
[01:42:19.000 --> 01:42:20.000]  或者無人理智者
[01:42:20.000 --> 01:42:22.000]  或者愚人可能都會有得死
[01:42:22.000 --> 01:42:24.000]  在最壞的可能性的時候
[01:42:24.000 --> 01:42:25.000]  接受和擁抱
[01:42:25.000 --> 01:42:28.000]  生命裡面最好的可能性
[01:42:28.000 --> 01:42:29.000]  最好的可能性是什麼呢
[01:42:29.000 --> 01:42:31.000]  就是每一個人
[01:42:31.000 --> 01:42:33.000]  都有這樣的恩賜
[01:42:33.000 --> 01:42:34.000]  每一個人都有
[01:42:34.000 --> 01:42:36.000]  能夠享受的恩賜和喜樂
[01:42:36.000 --> 01:42:38.000]  這個不只是那些官才有機會
[01:42:38.000 --> 01:42:40.000]  不是有錢的人才有機會
[01:42:40.000 --> 01:42:41.000]  是每一個人
[01:42:41.000 --> 01:42:42.000]  都要實地去掠奪
[01:42:42.000 --> 01:42:44.000]  或者在神光之下
[01:42:44.000 --> 01:42:45.000]  所體現的福
[01:42:45.000 --> 01:42:47.000]  在所體現的好
[01:42:47.000 --> 01:42:50.000]  好是一個能夠訓練很多的人
[01:42:50.000 --> 01:42:52.000]  有四五十次
[01:42:52.000 --> 01:42:54.000]  要呼應初世紀
[01:42:54.000 --> 01:42:55.000]  神所創造的一切
[01:42:55.000 --> 01:42:56.000]  包括人
[01:42:56.000 --> 01:42:57.000]  是好的
[01:42:57.000 --> 01:42:59.000]  甚至是非常之好的
[01:42:59.000 --> 01:43:00.000]  這個就是
[01:43:00.000 --> 01:43:02.000]  我過了一點點時間
[01:43:02.000 --> 01:43:03.000]  但是就
[01:43:03.000 --> 01:43:04.000]  是最後一頁了
[01:43:04.000 --> 01:43:05.000]  就是三個
[01:43:05.000 --> 01:43:06.000]  三本書
[01:43:06.000 --> 01:43:07.000]  三卷思維書
[01:43:07.000 --> 01:43:09.000]  和近東智慧文學
[01:43:09.000 --> 01:43:10.000]  其實看到很多東西
[01:43:10.000 --> 01:43:11.000]  看到的
[01:43:11.000 --> 01:43:13.000]  不單止是相似和平衡
[01:43:13.000 --> 01:43:14.000]  看到的是
[01:43:14.000 --> 01:43:15.000]  這三卷智慧文學
[01:43:15.000 --> 01:43:19.000]  如何揉合了猶太人的信仰和神觀
[01:43:19.000 --> 01:43:21.000]  就讓他們猶太人同心
[01:43:21.000 --> 01:43:22.000]  在他們的史論裏面
[01:43:22.000 --> 01:43:23.000]  不同的經歷
[01:43:23.000 --> 01:43:25.000]  不同人生經歷裏面的體會
[01:43:25.000 --> 01:43:27.000]  無論是一個常規的形態
[01:43:27.000 --> 01:43:28.000]  是一個反常的經歷
[01:43:28.000 --> 01:43:30.000]  或者是在一些無常的時代裏面
[01:43:30.000 --> 01:43:32.000]  在捉緊什麼是智慧之道
[01:43:32.000 --> 01:43:34.000]  什麼是敬畏神
[01:43:34.000 --> 01:43:36.000]  敬畏神可以是一種智慧的開端
[01:43:36.000 --> 01:43:38.000]  正統的智慧
[01:43:38.000 --> 01:43:40.000]  敬畏神可以是一個無常的
[01:43:40.000 --> 01:43:41.000]  反常的時候
[01:43:41.000 --> 01:43:42.000]  你會和神有隔離
[01:43:42.000 --> 01:43:43.000]  有掙扎
[01:43:43.000 --> 01:43:45.000]  甚至可以是一種
[01:43:45.000 --> 01:43:47.000]  所謂confront
[01:43:47.000 --> 01:43:48.000]  一種對質
[01:43:48.000 --> 01:43:50.000]  亦都可以在無常裏面
[01:43:50.000 --> 01:43:52.000]  仍然可以捉得緊的
[01:43:52.000 --> 01:43:53.000]  雖然說heaven
[01:43:53.000 --> 01:43:54.000]  虛空或氣泡
[01:43:54.000 --> 01:43:56.000]  但能夠捉得緊的是神秘因素
[01:43:56.000 --> 01:43:58.000]  奴鹿特來的那些果實
[01:43:58.000 --> 01:43:59.000]  那些法
[01:43:59.000 --> 01:44:02.000]  都是一種敬畏的回應
[01:44:02.000 --> 01:44:04.000]  所以那三個智慧
[01:44:04.000 --> 01:44:05.000]  在我心目中
[01:44:05.000 --> 01:44:07.000]  可以說是我們信仰的心論裏面
[01:44:07.000 --> 01:44:10.000]  三種回應敬畏神的生活方式
[01:44:10.000 --> 01:44:12.000]  我就過了八分鐘
[01:44:12.000 --> 01:44:14.000]  就抱歉了少說
[01:44:14.000 --> 01:44:16.000]  但都可以
[01:44:16.000 --> 01:44:17.000]  聽不完不要緊
[01:44:17.000 --> 01:44:18.000]  我希望我再少說
[01:44:18.000 --> 01:44:19.000]  我多謝大家
[01:44:19.000 --> 01:44:20.000]  下次見
[01:44:20.000 --> 01:44:21.000]  多謝
[01:44:21.000 --> 01:44:32.000]  多謝大家
[01:44:32.000 --> 01:44:34.000]  今天雖然過了少少時間
[01:44:34.000 --> 01:44:35.000]  就不是很多
[01:44:35.000 --> 01:44:37.000]  我們試過過了半個小時
[01:44:37.000 --> 01:44:40.000]  但沒有這樣可以完成
[01:44:40.000 --> 01:44:42.000]  大家可以在裏面
[01:44:42.000 --> 01:44:44.000]  聽到有不同的預告
[01:44:44.000 --> 01:44:45.000]  我們可以同神爭辯
[01:44:45.000 --> 01:44:47.000]  我們可以不用擔心
[01:44:47.000 --> 01:44:49.000]  我們不用被欺壓
[01:44:49.000 --> 01:44:51.000]  亂居那種
[01:44:51.000 --> 01:44:53.000]  我們同神的互動
[01:44:53.000 --> 01:44:55.000]  是一個很真實的
[01:44:55.000 --> 01:44:56.000]  很多謝
[01:44:56.000 --> 01:44:59.000]  祂告訴我們這麼多的事
[01:44:59.000 --> 01:45:01.000]  現在時間就交給祂
[01:45:01.000 --> 01:45:03.000]  幫我們做一個祈禱
[01:45:03.000 --> 01:45:07.000]  我們一起祈禱
[01:45:07.000 --> 01:45:11.000]  我們感恩看到聖經文學是很豐富
[01:45:11.000 --> 01:45:14.000]  當中雖然有很多的內容
[01:45:14.000 --> 01:45:17.000]  和很多古人中的智慧傳統
[01:45:17.000 --> 01:45:18.000]  都有相似相對
[01:45:18.000 --> 01:45:21.000]  但我們看到這三卷的智慧文學
[01:45:21.000 --> 01:45:23.000]  都是十分有寶貴的禮物給我們
[01:45:23.000 --> 01:45:27.000]  我們看到這些好像很人間的智慧
[01:45:27.000 --> 01:45:28.000]  無論是日術
[01:45:28.000 --> 01:45:29.000]  無論是反術
[01:45:29.000 --> 01:45:32.000]  無論是無常裏面的智慧累積
[01:45:32.000 --> 01:45:34.000]  但我們看到這些聖經文學
[01:45:34.000 --> 01:45:38.000]  都有留了一些信仰給我們的反思
[01:45:38.000 --> 01:45:40.000]  就是怎樣在我們的日常
[01:45:40.000 --> 01:45:41.000]  反常和無常裏面
[01:45:41.000 --> 01:45:43.000]  我們怎樣去顧一個智慧的生活
[01:45:43.000 --> 01:45:44.000]  並且更加重要的是
[01:45:44.000 --> 01:45:46.000]  怎樣去顧一個敬畏神的生活
[01:45:46.000 --> 01:45:48.000]  在我們當中有反思學習
[01:45:48.000 --> 01:45:49.000]  更加重要的是
[01:45:49.000 --> 01:45:50.000]  在我們生活裏面
[01:45:50.000 --> 01:45:51.000]  我們學習去操練
[01:45:51.000 --> 01:45:53.000]  操練一個敬畏神的生活
[01:45:53.000 --> 01:45:55.000]  可能有些時候我們面對不解
[01:45:55.000 --> 01:45:57.000]  我們能夠和神來對話
[01:45:57.000 --> 01:45:59.000]  你閱覽我們和神來對話
[01:45:59.000 --> 01:46:01.000]  有些時候我們面對無常
[01:46:01.000 --> 01:46:04.000]  你給我們一件看得見的好
[01:46:04.000 --> 01:46:05.000]  看得見的煩
[01:46:05.000 --> 01:46:07.000]  以及在當中可以享受的地方
[01:46:07.000 --> 01:46:09.000]  你幫我們去學習珍惜
[01:46:09.000 --> 01:46:11.000]  以致我們在這個生命裏面
[01:46:11.000 --> 01:46:12.000]  我們真的步入了一個
[01:46:12.000 --> 01:46:16.000]  finishing well的狀況
[01:46:16.000 --> 01:46:18.000]  行前路程裏面的時候
[01:46:18.000 --> 01:46:22.000]  我們是愈發地去感恩
[01:46:22.000 --> 01:46:24.000]  甚至於給我們那個大悟
[01:46:24.000 --> 01:46:27.000]  我們當中所行經過
[01:46:27.000 --> 01:46:29.000]  可能無論是一些無常
[01:46:29.000 --> 01:46:31.000]  或者是自由的事情的時候
[01:46:31.000 --> 01:46:32.000]  我們仍然體會到
[01:46:32.000 --> 01:46:35.000]  神給我們每一步的大悟
[01:46:35.000 --> 01:46:36.000]  求主都幫助我們
[01:46:36.000 --> 01:46:39.000]  繼續去消化我們剛才所聽的
[01:46:39.000 --> 01:46:40.000]  都是不容易實踐
[01:46:40.000 --> 01:46:43.000]  讓我們在生活裏面前行出來
[01:46:43.000 --> 01:46:44.000]  亦都在我們的生活中
[01:46:44.000 --> 01:46:46.000]  我們互相激勵提醒
[01:46:46.000 --> 01:46:47.000]  求主幫助我們
[01:46:47.000 --> 01:46:48.000]  我們三個經過
[01:46:48.000 --> 01:46:49.000]  求主保守我們
[01:46:49.000 --> 01:46:51.000]  平安回到家裏
[01:46:51.000 --> 01:46:53.000]  (廣東話)
[01:46:59.000 --> 01:47:01.000]  (廣東話)
