
[00:00:00.000 --> 00:00:07.000]  一同来参与今天的聚会
[00:00:07.000 --> 00:00:11.000]  我想我们中间有些弟兄姐妹可能需要看字幕
[00:00:11.000 --> 00:00:14.000]  所以我们这个Zoom的上面
[00:00:14.000 --> 00:00:15.000]  Webinar的上面
[00:00:15.000 --> 00:00:19.000]  其实在最底的地方有个CC
[00:00:19.000 --> 00:00:23.000]  有一个显示字幕的一个Button
[00:00:23.000 --> 00:00:24.000]  有一个按钮
[00:00:24.000 --> 00:00:26.000]  你把这个按钮按一下
[00:00:26.000 --> 00:00:27.000]  选广东话
[00:00:27.000 --> 00:00:30.000]  你就会看到所有的字幕就会出来了
[00:00:30.000 --> 00:00:32.000]  你选按一下
[00:00:32.000 --> 00:00:34.000]  还要选广东话
[00:00:34.000 --> 00:00:38.000]  因为我们今天都会用广东话来讲
[00:00:38.000 --> 00:00:41.000]  所以需要看字幕的弟兄姐妹
[00:00:41.000 --> 00:00:47.000]  请你就来就在最底的地方
[00:00:47.000 --> 00:00:50.000]  找到显示字幕这个按钮
[00:00:50.000 --> 00:00:51.000]  按它一下
[00:00:51.000 --> 00:00:53.000]  还有你选择广东话
[00:00:53.000 --> 00:00:55.000]  字幕就会出来
[00:00:55.000 --> 00:00:58.000]  我们整个有些录影的地方
[00:00:58.000 --> 00:01:00.000]  我们已经把字幕放进去
[00:01:00.000 --> 00:01:01.000]  但是我们是直播
[00:01:01.000 --> 00:01:04.000]  所以直播的地方我们是没有字幕的
[00:01:04.000 --> 00:01:05.000]  谢谢各位
[00:01:05.000 --> 00:01:09.000]  所以刚才我用普通话来提醒弟兄姐妹
[00:01:09.000 --> 00:01:10.000]  可以看字幕
[00:01:10.000 --> 00:01:12.000]  如果你需要看字幕
[00:01:12.000 --> 00:01:14.000]  请你在最底的地方
[00:01:14.000 --> 00:01:16.000]  有一个显示字幕
[00:01:16.000 --> 00:01:18.000]  英文叫CC
[00:01:18.000 --> 00:01:19.000]  你按一下
[00:01:19.000 --> 00:01:21.000]  然后选广东话就可以
[00:01:21.000 --> 00:01:22.000]  现在这个时间
[00:01:22.000 --> 00:01:25.000]  我都请所有同工可不可以打开视像头
[00:01:25.000 --> 00:01:28.000]  我们一同来欢迎
[00:01:28.000 --> 00:01:30.000]  首先要代表环球星星公会
[00:01:30.000 --> 00:01:33.000]  欢迎所有线上的弟兄姐妹
[00:01:33.000 --> 00:01:35.000]  我介绍一下我自己
[00:01:35.000 --> 00:01:36.000]  我是陈肇肇
[00:01:36.000 --> 00:01:37.000]  陈牧师
[00:01:37.000 --> 00:01:39.000]  环球星星公会的国际董事
[00:01:39.000 --> 00:01:41.000]  也是美国总干事
[00:01:41.000 --> 00:01:47.000]  今天第二届中文圣经翻译大会的主持
[00:01:47.000 --> 00:01:48.000]  感谢神
[00:01:48.000 --> 00:01:49.000]  我们是第二届
[00:01:49.000 --> 00:01:50.000]  第一届是两年前
[00:01:50.000 --> 00:01:52.000]  我们仍然是用这个主题
[00:01:52.000 --> 00:01:56.000]  圣经的原意和现代的意思
[00:01:56.000 --> 00:02:01.000]  圣经的世界和我们现代信徒的生活处境之间
[00:02:01.000 --> 00:02:04.000]  存有很大距离的语言
[00:02:04.000 --> 00:02:07.000]  文化和历史的距离
[00:02:07.000 --> 00:02:11.000]  圣经翻译不是一个文字的转换这么简单
[00:02:11.000 --> 00:02:14.000]  我们更是一个深刻注释的一个行动
[00:02:14.000 --> 00:02:17.000]  所以每次当我们的学者
[00:02:17.000 --> 00:02:19.000]  我们去翻译圣经的时候
[00:02:19.000 --> 00:02:21.000]  其实我们的翻译决定
[00:02:21.000 --> 00:02:23.000]  是会直接或者间接
[00:02:23.000 --> 00:02:26.000]  影响我们所有信徒去理解神的心意
[00:02:26.000 --> 00:02:28.000]  理解圣经的原意
[00:02:28.000 --> 00:02:30.000]  所以我们环球星星公会
[00:02:30.000 --> 00:02:33.000]  第二次我们举办翻译大会
[00:02:33.000 --> 00:02:35.000]  希望和大家分享
[00:02:35.000 --> 00:02:37.000]  我们这次有两讲
[00:02:37.000 --> 00:02:39.000]  上一次我们一天有两讲
[00:02:39.000 --> 00:02:42.000]  大家的回应就说很长
[00:02:42.000 --> 00:02:43.000]  所以我们这次分了两天
[00:02:43.000 --> 00:02:47.000]  第一讲我们是请到我们驻会学者
[00:02:47.000 --> 00:02:49.000]  我们环球星星公会驻会学者
[00:02:49.000 --> 00:02:50.000]  张达文博士
[00:02:50.000 --> 00:02:52.000]  也是我们环球圣经
[00:02:52.000 --> 00:02:54.000]  译本的总主编
[00:02:54.000 --> 00:02:56.000]  他第一讲用广东话来和我们分享
[00:02:56.000 --> 00:02:59.000]  翻译差异如何影响
[00:02:59.000 --> 00:03:02.000]  现代婚姻与性的议题
[00:03:02.000 --> 00:03:04.000]  我相信大家听完之后
[00:03:04.000 --> 00:03:06.000]  会对这个性的议题
[00:03:06.000 --> 00:03:09.000]  对现代的翻译在这个伦理上
[00:03:09.000 --> 00:03:12.000]  有一个倾覆性的了解
[00:03:12.000 --> 00:03:14.000]  我们拭目以待
[00:03:14.000 --> 00:03:16.000]  第二讲我们是请了赖建国牧师
[00:03:16.000 --> 00:03:18.000]  赖建国博士
[00:03:18.000 --> 00:03:20.000]  他也是我们驻会的学者
[00:03:20.000 --> 00:03:23.000]  也是我们环球星星译本的旧约主编
[00:03:23.000 --> 00:03:28.000]  他和我们用普通话来国语来分享
[00:03:28.000 --> 00:03:30.000]  揭开宣教者的面纱
[00:03:30.000 --> 00:03:32.000]  圣经的翻译
[00:03:32.000 --> 00:03:34.000]  解经
[00:03:34.000 --> 00:03:36.000]  神学和牧羊
[00:03:36.000 --> 00:03:39.000]  非常多方面的了解圣经的翻译
[00:03:39.000 --> 00:03:40.000]  也非常精彩
[00:03:40.000 --> 00:03:43.000]  下个星期六同样的时间来开始
[00:03:43.000 --> 00:03:45.000]  我要代表环球星星公会
[00:03:45.000 --> 00:03:47.000]  和线上所有的弟兄姐妹
[00:03:47.000 --> 00:03:50.000]  这次我们超过一千人报名
[00:03:50.000 --> 00:03:52.000]  来自十八个国家
[00:03:52.000 --> 00:03:56.000]  包括澳洲、加拿大、国内、中国大陆
[00:03:56.000 --> 00:04:01.000]  欧洲有法国、德国、西班牙、英国
[00:04:01.000 --> 00:04:07.000]  当然有香港、印度尼西亚、日本、老挝
[00:04:07.000 --> 00:04:11.000]  澳美、马来西亚、新西兰、新加坡
[00:04:11.000 --> 00:04:15.000]  台湾、澳洲、泰国、美国
[00:04:15.000 --> 00:04:18.000]  十几个国家和地区来参与
[00:04:18.000 --> 00:04:22.000]  代表环球星星公会再次感谢大家的参与
[00:04:22.000 --> 00:04:25.000]  我先来介绍一下我们的同工
[00:04:25.000 --> 00:04:26.000]  介绍到你的时候
[00:04:26.000 --> 00:04:29.000]  我们在线上有些同工在的
[00:04:29.000 --> 00:04:31.000]  我看不完所有同工
[00:04:31.000 --> 00:04:33.000]  我现在可以回来看完所有同工
[00:04:33.000 --> 00:04:36.000]  有一样的礼物给大家
[00:04:36.000 --> 00:04:39.000]  一同来主持这次的活动
[00:04:39.000 --> 00:04:42.000]  当然第一个要介绍的是张达文博士
[00:04:42.000 --> 00:04:44.000]  我们今天的主讲
[00:04:44.000 --> 00:04:47.000]  也是我们环球星星公会的总主编
[00:04:47.000 --> 00:04:49.000]  劳苦担重担很多的工作
[00:04:49.000 --> 00:04:52.000]  赖建国博士也是我们的主要学者
[00:04:52.000 --> 00:04:55.000]  也是环球星星公会的旧约主编
[00:04:55.000 --> 00:04:56.000]  赖建国博士
[00:04:56.000 --> 00:04:59.000]  环球星星公会的我们的珠汇学者
[00:04:59.000 --> 00:05:02.000]  还有就是我们圣经的奏乐主编
[00:05:02.000 --> 00:05:05.000]  我们欢迎赖博士
[00:05:05.000 --> 00:05:09.000]  另外我们的同工有丁淑明牧师
[00:05:09.000 --> 00:05:11.000]  澳洲环球星星公会的董事
[00:05:11.000 --> 00:05:13.000]  也是我们办公室的主任
[00:05:13.000 --> 00:05:15.000]  也是何伟森牧师
[00:05:15.000 --> 00:05:18.000]  加拿大环球星星公会的总干事
[00:05:18.000 --> 00:05:20.000]  刘群英姐妹
[00:05:20.000 --> 00:05:24.000]  也是我们环球星星公会的副国际总干事
[00:05:24.000 --> 00:05:26.000]  容邓克安全道
[00:05:26.000 --> 00:05:29.000]  我们美国环球星星公会的副总干事
[00:05:29.000 --> 00:05:32.000]  也是我们美国天道的总干事
[00:05:32.000 --> 00:05:35.000]  我们还有几位同工在我们中间
[00:05:35.000 --> 00:05:40.000]  包括关元健同工和李敏华团工
[00:05:40.000 --> 00:05:42.000]  Marcus和Mandy
[00:05:42.000 --> 00:05:45.000]  他们在后面一直和我们做一些投台的工作
[00:05:45.000 --> 00:05:48.000]  我们非常欢迎每一位同工
[00:05:48.000 --> 00:05:51.000]  我们整个讲座时间是有限的
[00:05:51.000 --> 00:05:54.000]  所以我们很快就要开始
[00:05:54.000 --> 00:05:57.000]  我们整个讲座其实是分为四部分
[00:05:57.000 --> 00:05:59.000]  这次分为四部分
[00:05:59.000 --> 00:06:01.000]  第一部分就是我们有主题信息
[00:06:01.000 --> 00:06:03.000]  我已经录影了
[00:06:03.000 --> 00:06:05.000]  方便大家看到字幕
[00:06:05.000 --> 00:06:08.000]  主题信息之后
[00:06:08.000 --> 00:06:10.000]  我们有两位同工
[00:06:10.000 --> 00:06:14.000]  特别邀请了两位同工做一些回应
[00:06:14.000 --> 00:06:16.000]  大家在听讲座的时候
[00:06:16.000 --> 00:06:17.000]  如果你有问题
[00:06:17.000 --> 00:06:19.000]  我们很欢迎你在Q&A
[00:06:19.000 --> 00:06:21.000]  就是最底的部分
[00:06:21.000 --> 00:06:22.000]  有一个按钮写着
[00:06:22.000 --> 00:06:23.000]  问与答
[00:06:23.000 --> 00:06:24.000]  在那部分
[00:06:24.000 --> 00:06:26.000]  你可以按一下
[00:06:26.000 --> 00:06:27.000]  可以发问问题
[00:06:27.000 --> 00:06:29.000]  如果你在听讲座中间
[00:06:29.000 --> 00:06:30.000]  你有什么问题想发问
[00:06:30.000 --> 00:06:32.000]  请你不要客气
[00:06:32.000 --> 00:06:33.000]  就放在那里
[00:06:33.000 --> 00:06:34.000]  因为我们在后面
[00:06:34.000 --> 00:06:36.000]  是会有最后一部分
[00:06:36.000 --> 00:06:37.000]  就是第四部分
[00:06:37.000 --> 00:06:41.000]  我们是会有问与答的环节
[00:06:41.000 --> 00:06:43.000]  我们请同工将你的问题
[00:06:43.000 --> 00:06:44.000]  问我们的学者
[00:06:44.000 --> 00:06:48.000]  学者就要回应你的提问
[00:06:48.000 --> 00:06:56.000]  跟着我们有两位同工
[00:06:56.000 --> 00:06:57.000]  两位目者
[00:06:57.000 --> 00:06:59.000]  用目者的角度
[00:06:59.000 --> 00:07:03.000]  去回应讲完的分享
[00:07:03.000 --> 00:07:05.000]  之后我们另一个部分
[00:07:05.000 --> 00:07:08.000]  就会是介绍圣经翻译中心
[00:07:08.000 --> 00:07:11.000]  因为我们也成立了圣经中文翻译中心
[00:07:11.000 --> 00:07:14.000]  我们会介绍一下我们的工作
[00:07:14.000 --> 00:07:15.000]  请大家来纪念
[00:07:15.000 --> 00:07:18.000]  请大家来帮助我们
[00:07:18.000 --> 00:07:19.000]  最后一部分
[00:07:19.000 --> 00:07:21.000]  就是我们有些公开的Q&A
[00:07:21.000 --> 00:07:22.000]  Q&A之后
[00:07:22.000 --> 00:07:25.000]  我们会有讨个结束
[00:07:25.000 --> 00:07:29.000]  和介绍一下白痴的一些聚会
[00:07:29.000 --> 00:07:31.000]  今天主要就是这几部分
[00:07:31.000 --> 00:07:34.000]  我的习惯是准时的
[00:07:34.000 --> 00:07:36.000]  所以我们最多是两个小时
[00:07:36.000 --> 00:07:38.000]  就会完成这次的整个聚会
[00:07:38.000 --> 00:07:40.000]  再一次代表环球声音工会
[00:07:40.000 --> 00:07:42.000]  欢迎大家来参加
[00:07:42.000 --> 00:07:43.000]  我们第二届的
[00:07:43.000 --> 00:07:45.000]  全球圣经中文翻译大会
[00:07:45.000 --> 00:07:47.000]  我相信线上的大兄姐妹
[00:07:47.000 --> 00:07:51.000]  都是对圣经翻译非常有负担
[00:07:51.000 --> 00:07:52.000]  有兴趣
[00:07:52.000 --> 00:07:55.000]  也是对圣经如何高举圣经
[00:07:55.000 --> 00:07:56.000]  如何明白圣经的真理
[00:07:56.000 --> 00:08:01.000]  是有很大的一个向往的心
[00:08:01.000 --> 00:08:03.000]  我们一同来学习
[00:08:03.000 --> 00:08:05.000]  到这个时间我们先邀请
[00:08:05.000 --> 00:08:07.000]  我们的诸位学者
[00:08:07.000 --> 00:08:09.000]  赖建国博士
[00:08:09.000 --> 00:08:11.000]  来为我们做开始的祷告
[00:08:11.000 --> 00:08:12.000]  赖博士
[00:08:12.000 --> 00:08:13.000]  交给你
[00:08:13.000 --> 00:08:14.000]  谢谢
[00:08:14.000 --> 00:08:18.000]  慈悲的天父
[00:08:18.000 --> 00:08:19.000]  亲爱的主
[00:08:19.000 --> 00:08:22.000]  我们大家恭敬来到你的面前
[00:08:22.000 --> 00:08:25.000]  向你献上我们衷心的感谢
[00:08:25.000 --> 00:08:26.000]  首先谢谢主
[00:08:26.000 --> 00:08:30.000]  感动一群弟兄姐妹
[00:08:30.000 --> 00:08:31.000]  圣经的学者
[00:08:31.000 --> 00:08:33.000]  一起参与在
[00:08:33.000 --> 00:08:36.000]  环球圣经译本的翻译
[00:08:36.000 --> 00:08:37.000]  2023年
[00:08:37.000 --> 00:08:39.000]  我们已经把这个译本
[00:08:39.000 --> 00:08:40.000]  全部印出来
[00:08:40.000 --> 00:08:42.000]  呈现给上帝
[00:08:42.000 --> 00:08:43.000]  也是贡献给
[00:08:43.000 --> 00:08:46.000]  全世界的华人社会
[00:08:46.000 --> 00:08:48.000]  接着我们也举行了
[00:08:48.000 --> 00:08:52.000]  第一届的中文圣经翻译的大会
[00:08:52.000 --> 00:08:54.000]  今天我们再次举行
[00:08:54.000 --> 00:08:57.000]  第二届的中文圣经翻译大会
[00:08:57.000 --> 00:08:59.000]  愿主赐福
[00:08:59.000 --> 00:09:01.000]  让今天张达明博士
[00:09:01.000 --> 00:09:05.000]  把他多年研究圣经的心得
[00:09:05.000 --> 00:09:07.000]  跟我们大家来分享
[00:09:07.000 --> 00:09:09.000]  让我们在主的话语上面
[00:09:09.000 --> 00:09:11.000]  能够更加的近身
[00:09:11.000 --> 00:09:13.000]  能够学习
[00:09:13.000 --> 00:09:16.000]  让圣灵亲自来引导我们大家
[00:09:16.000 --> 00:09:19.000]  愿主赐福已经报名参加的
[00:09:19.000 --> 00:09:21.000]  一千多位弟兄姐妹
[00:09:21.000 --> 00:09:23.000]  在我们今天广东话这一堂里面
[00:09:23.000 --> 00:09:26.000]  都能够有丰富的领受
[00:09:26.000 --> 00:09:28.000]  更在下个礼拜
[00:09:28.000 --> 00:09:31.000]  用普通话来讲的
[00:09:31.000 --> 00:09:33.000]  专题里面
[00:09:33.000 --> 00:09:35.000]  也都能够得到上帝的赐福
[00:09:35.000 --> 00:09:37.000]  愿主赐福整个的事工
[00:09:37.000 --> 00:09:39.000]  都能顺利
[00:09:39.000 --> 00:09:41.000]  让你的名在我们中间
[00:09:41.000 --> 00:09:42.000]  得到极大的荣耀
[00:09:42.000 --> 00:09:43.000]  愿主的国度
[00:09:43.000 --> 00:09:46.000]  传扬在全世界各个地方
[00:09:46.000 --> 00:09:49.000]  远处的人都归主为圣
[00:09:49.000 --> 00:09:51.000]  我们这样祷告祈求
[00:09:51.000 --> 00:09:54.000]  奉耶稣基督圣明
[00:09:54.000 --> 00:09:56.000]  Amen
[00:09:56.000 --> 00:09:58.000]  谢谢赖博士
[00:09:58.000 --> 00:10:00.000]  多谢赖博士为我们的祷告
[00:10:00.000 --> 00:10:03.000]  再次提醒大家
[00:10:03.000 --> 00:10:07.000]  我们有Q&A的时间
[00:10:07.000 --> 00:10:09.000]  问与答的时间
[00:10:09.000 --> 00:10:10.000]  大家如果有问题
[00:10:10.000 --> 00:10:11.000]  听到中间的问题
[00:10:11.000 --> 00:10:13.000]  按一下Q&A的部分
[00:10:13.000 --> 00:10:15.000]  你就可以写出你的问题
[00:10:15.000 --> 00:10:16.000]  我们到最后一部分
[00:10:16.000 --> 00:10:18.000]  会回应这些问题
[00:10:18.000 --> 00:10:21.000]  另外有些顶层节目需要字幕
[00:10:21.000 --> 00:10:24.000]  我们录影的部分
[00:10:24.000 --> 00:10:26.000]  全部已经放了字幕上去
[00:10:26.000 --> 00:10:28.000]  但是如果我们在直播的部分
[00:10:28.000 --> 00:10:29.000]  你需要字幕
[00:10:29.000 --> 00:10:33.000]  你只需要在显示字幕的部分按一按
[00:10:33.000 --> 00:10:34.000]  然后选广东话
[00:10:34.000 --> 00:10:36.000]  字幕就会出来
[00:10:36.000 --> 00:10:40.000]  我就将时间交给张达文博士
[00:10:40.000 --> 00:10:42.000]  张博士已经录影了一段
[00:10:42.000 --> 00:10:45.000]  大约40分钟的录影给我们
[00:10:45.000 --> 00:10:46.000]  但在后面的部分
[00:10:46.000 --> 00:10:48.000]  我们加了一些东西上去
[00:10:48.000 --> 00:10:49.000]  因为张博士说
[00:10:49.000 --> 00:10:50.000]  还有时间
[00:10:50.000 --> 00:10:51.000]  我们说你快点
[00:10:51.000 --> 00:10:55.000]  将更多的例子放在后面
[00:10:55.000 --> 00:10:58.000]  所以大家这次有40多分钟的
[00:10:58.000 --> 00:11:01.000]  一个很完整的教导给我们
[00:11:01.000 --> 00:11:04.000]  来宣讲这一部分
[00:11:04.000 --> 00:11:08.000]  张达文博士这次宣讲的题目
[00:11:08.000 --> 00:11:12.000]  我找回来
[00:11:12.000 --> 00:11:15.000]  翻译我怕读错
[00:11:15.000 --> 00:11:17.000]  翻译差异如何影响
[00:11:17.000 --> 00:11:20.000]  现代婚姻与性关系
[00:11:20.000 --> 00:11:21.000]  性议题
[00:11:21.000 --> 00:11:24.000]  所以我将时间交给Christina
[00:11:24.000 --> 00:11:27.000]  来播放这段视频
[00:11:27.000 --> 00:11:34.000]  各位顶姐妹平安
[00:11:35.000 --> 00:11:39.000]  今天我们一起思考一个很敏感
[00:11:39.000 --> 00:11:42.000]  但同时也是极其贴近大众生活
[00:11:42.000 --> 00:11:45.000]  深深影响牧养和信仰实践的题目
[00:11:45.000 --> 00:11:47.000]  这个就是翻译与伦理
[00:11:47.000 --> 00:11:49.000]  翻译的差异是如何影响
[00:11:49.000 --> 00:11:52.000]  现代婚姻与性议题
[00:11:52.000 --> 00:11:56.000]  每当我们在教会里面
[00:11:56.000 --> 00:11:58.000]  谈到这个伦理判断
[00:11:58.000 --> 00:12:00.000]  或者生活实践的时候
[00:12:00.000 --> 00:12:02.000]  不论是讲婚姻
[00:12:02.000 --> 00:12:04.000]  离婚或者性欲的课题
[00:12:04.000 --> 00:12:06.000]  我们直觉的反应
[00:12:06.000 --> 00:12:08.000]  往往都是去查圣经
[00:12:08.000 --> 00:12:10.000]  看看经文怎么说
[00:12:10.000 --> 00:12:12.000]  但是不知道大家有没有想过
[00:12:12.000 --> 00:12:14.000]  我们每一次讲道查经
[00:12:14.000 --> 00:12:16.000]  或者做辅导的时候
[00:12:16.000 --> 00:12:19.000]  我们手上拿着的那本
[00:12:19.000 --> 00:12:22.000]  其实是一本翻译过的圣经
[00:12:22.000 --> 00:12:24.000]  换句话说
[00:12:24.000 --> 00:12:28.000]  圣经的原意和现代的信徒
[00:12:28.000 --> 00:12:30.000]  的生活处境之间
[00:12:30.000 --> 00:12:32.000]  其实是隔了一层很巨大的
[00:12:32.000 --> 00:12:34.000]  语言、文化和历史
[00:12:34.000 --> 00:12:36.000]  所构成的鸿沟
[00:12:36.000 --> 00:12:38.000]  所以翻译
[00:12:38.000 --> 00:12:40.000]  从来不单止是文字上的转档
[00:12:40.000 --> 00:12:42.000]  或者机械式的对调
[00:12:42.000 --> 00:12:44.000]  而是一场
[00:12:44.000 --> 00:12:46.000]  深思熟虑的诠释行动
[00:12:46.000 --> 00:12:48.000]  这个行动
[00:12:48.000 --> 00:12:50.000]  是深切影响我们
[00:12:50.000 --> 00:12:52.000]  如何读经
[00:12:52.000 --> 00:12:54.000]  如何理解神的心意
[00:12:54.000 --> 00:12:56.000]  进而影响我们
[00:12:56.000 --> 00:12:58.000]  人生和信仰上伦理的抉择
[00:13:00.000 --> 00:13:02.000]  在我们深入探讨
[00:13:02.000 --> 00:13:04.000]  这个翻译猜疑之前
[00:13:04.000 --> 00:13:06.000]  我想先和大家强调一个前提
[00:13:06.000 --> 00:13:08.000]  我完全不是想否定
[00:13:08.000 --> 00:13:10.000]  传统译本的价值
[00:13:10.000 --> 00:13:12.000]  我们大家都知道
[00:13:12.000 --> 00:13:14.000]  其实越重要的真理
[00:13:14.000 --> 00:13:16.000]  圣经是讲得越多
[00:13:16.000 --> 00:13:18.000]  越清楚的
[00:13:18.000 --> 00:13:20.000]  任何人只要适当的
[00:13:20.000 --> 00:13:22.000]  运用常规的读经方法
[00:13:22.000 --> 00:13:24.000]  都能够很充分地
[00:13:24.000 --> 00:13:26.000]  理解核心的真理
[00:13:26.000 --> 00:13:28.000]  好像我们用了一百年的和合本
[00:13:28.000 --> 00:13:30.000]  和市面上
[00:13:30.000 --> 00:13:32.000]  绝大多数的
[00:13:32.000 --> 00:13:34.000]  圣经译本
[00:13:34.000 --> 00:13:36.000]  如果就它主要的
[00:13:36.000 --> 00:13:38.000]  核心内容和教导来说
[00:13:38.000 --> 00:13:40.000]  包括对婚姻、离婚
[00:13:40.000 --> 00:13:42.000]  或者性狱的教导
[00:13:42.000 --> 00:13:44.000]  其实都是相当准确
[00:13:44.000 --> 00:13:46.000]  相当可靠
[00:13:46.000 --> 00:13:48.000]  译本之间的差异
[00:13:48.000 --> 00:13:50.000]  通常只是在细节方面
[00:13:50.000 --> 00:13:52.000]  是产生影响
[00:13:52.000 --> 00:13:54.000]  但当然另一方面
[00:13:54.000 --> 00:13:56.000]  如果我们想在理解和实践
[00:13:56.000 --> 00:13:58.000]  真的尽忠的时候
[00:13:58.000 --> 00:14:00.000]  就不应该放过任何的细节
[00:14:00.000 --> 00:14:04.000]  容许我用一个生活上的比喻
[00:14:04.000 --> 00:14:06.000]  其实读圣经译本
[00:14:06.000 --> 00:14:08.000]  就好像透过电话
[00:14:08.000 --> 00:14:10.000]  去听对方的信息
[00:14:10.000 --> 00:14:12.000]  如果你的电话比较旧
[00:14:12.000 --> 00:14:14.000]  又多杂音或者性能不太好的时候
[00:14:14.000 --> 00:14:16.000]  在某个程度上
[00:14:16.000 --> 00:14:18.000]  是会影响到
[00:14:18.000 --> 00:14:20.000]  沟通的
[00:14:20.000 --> 00:14:22.000]  但一般来说
[00:14:22.000 --> 00:14:24.000]  不会令我们完全听不到对方
[00:14:24.000 --> 00:14:26.000]  的内容
[00:14:26.000 --> 00:14:28.000]  但在某些情况
[00:14:28.000 --> 00:14:30.000]  例如沟通的内容
[00:14:30.000 --> 00:14:32.000]  涉及非常重要
[00:14:32.000 --> 00:14:34.000]  和非常仔细的信息的时候
[00:14:34.000 --> 00:14:36.000]  例如涉及法律条文
[00:14:36.000 --> 00:14:38.000]  或者理财细节
[00:14:38.000 --> 00:14:40.000]  你听错或者听不清楚
[00:14:40.000 --> 00:14:42.000]  有时候后果都可以很严重
[00:14:42.000 --> 00:14:46.000]  这个时候我们用的电话
[00:14:46.000 --> 00:14:48.000]  就应该越少杂音越好
[00:14:48.000 --> 00:14:50.000]  同样道理
[00:14:50.000 --> 00:14:52.000]  如果你和外人谈心的时候
[00:14:52.000 --> 00:14:54.000]  太多杂音就会大杀风景
[00:14:54.000 --> 00:15:00.000]  这个就是为什么在一些情况之下
[00:15:00.000 --> 00:15:04.000]  我们需要不仅用我们熟悉的译本
[00:15:04.000 --> 00:15:06.000]  也要赋予比较新的译本
[00:15:06.000 --> 00:15:08.000]  比较高水准的译本
[00:15:08.000 --> 00:15:10.000]  因为它可以帮助一些
[00:15:10.000 --> 00:15:12.000]  没有受过专业语文训练的读者
[00:15:12.000 --> 00:15:14.000]  可以减少杂音
[00:15:14.000 --> 00:15:16.000]  让大家可以更有信心
[00:15:16.000 --> 00:15:18.000]  更有效率去理解
[00:15:18.000 --> 00:15:20.000]  圣经的原意
[00:15:20.000 --> 00:15:24.000]  所以我今天会直接对比一下
[00:15:24.000 --> 00:15:26.000]  大家非常熟悉的传统译本
[00:15:26.000 --> 00:15:30.000]  和近年出版的《环球圣经》译本
[00:15:30.000 --> 00:15:32.000]  透过几个关于婚姻离婚
[00:15:32.000 --> 00:15:34.000]  和性欲的具体经文来解释
[00:15:34.000 --> 00:15:36.000]  带大家看一下
[00:15:36.000 --> 00:15:38.000]  翻译细节的差异
[00:15:38.000 --> 00:15:40.000]  是如何实质地改变我们
[00:15:40.000 --> 00:15:42.000]  伦理观和目标的反思
[00:15:46.000 --> 00:15:50.000]  接着我们就会进入
[00:15:50.000 --> 00:15:52.000]  圣经经文提及一些关键的例子
[00:15:52.000 --> 00:15:54.000]  我想和大家说一下
[00:15:54.000 --> 00:15:56.000]  以下所举的例子
[00:15:56.000 --> 00:15:58.000]  并不是为了全面讨论
[00:15:58.000 --> 00:16:00.000]  圣经关于婚姻
[00:16:00.000 --> 00:16:02.000]  这些性议题的教导
[00:16:02.000 --> 00:16:04.000]  而只是讨论一些翻译上
[00:16:04.000 --> 00:16:06.000]  细节的差异
[00:16:06.000 --> 00:16:08.000]  是如何影响我们对这个课题的理解
[00:16:08.000 --> 00:16:12.000]  第一个例子
[00:16:12.000 --> 00:16:14.000]  我们看看《创世纪》
[00:16:14.000 --> 00:16:16.000]  第二章里面
[00:16:16.000 --> 00:16:18.000]  说到婚姻的本质和生命的连结
[00:16:18.000 --> 00:16:22.000]  这里我们看到
[00:16:22.000 --> 00:16:24.000]  这个传统译本和本有些分别
[00:16:24.000 --> 00:16:26.000]  在23节里
[00:16:26.000 --> 00:16:30.000]  其实是亚当说的话
[00:16:30.000 --> 00:16:32.000]  这里没有写全部出来
[00:16:32.000 --> 00:16:34.000]  因为比较长
[00:16:34.000 --> 00:16:36.000]  但最后那句就说
[00:16:36.000 --> 00:16:38.000]  这个要称为女人
[00:16:38.000 --> 00:16:40.000]  因为是从男人身上取出来的
[00:16:40.000 --> 00:16:42.000]  是这一个
[00:16:42.000 --> 00:16:44.000]  24节就说
[00:16:44.000 --> 00:16:46.000]  为者缘故男人将离开父母
[00:16:46.000 --> 00:16:48.000]  与妻子亲密相恋
[00:16:48.000 --> 00:16:50.000]  二人成为一体
[00:16:50.000 --> 00:16:52.000]  这里其实
[00:16:52.000 --> 00:16:54.000]  在希伯来原文里
[00:16:54.000 --> 00:16:56.000]  第24节
[00:16:56.000 --> 00:16:58.000]  他举手那里
[00:16:58.000 --> 00:17:00.000]  有一个为者缘故
[00:17:00.000 --> 00:17:02.000]  这个表明
[00:17:02.000 --> 00:17:04.000]  在第24节
[00:17:04.000 --> 00:17:06.000]  其实是一个结论
[00:17:06.000 --> 00:17:08.000]  承接在第23节的含义
[00:17:10.000 --> 00:17:12.000]  在这个原文结构里
[00:17:12.000 --> 00:17:14.000]  可以看到
[00:17:14.000 --> 00:17:18.000]  有一个很优美的交叉结构
[00:17:18.000 --> 00:17:20.000]  一个女人
[00:17:20.000 --> 00:17:22.000]  男人
[00:17:22.000 --> 00:17:24.000]  妻子
[00:17:24.000 --> 00:17:28.000]  因为在
[00:17:28.000 --> 00:17:30.000]  外语中文的缘故
[00:17:30.000 --> 00:17:34.000]  这个字可以指女人
[00:17:34.000 --> 00:17:36.000]  也可以指妻子
[00:17:36.000 --> 00:17:38.000]  但在中文里面
[00:17:38.000 --> 00:17:40.000]  女人会产生
[00:17:40.000 --> 00:17:42.000]  一些语言语言语语的障碍
[00:17:42.000 --> 00:17:44.000]  所以就要分开翻译
[00:17:44.000 --> 00:17:46.000]  但如果我们能够
[00:17:46.000 --> 00:17:48.000]  比较一致性地作为男人
[00:17:48.000 --> 00:17:50.000]  就比较容易
[00:17:50.000 --> 00:17:52.000]  让大家看到
[00:17:52.000 --> 00:17:54.000]  两字经文的纹理逻辑
[00:17:54.000 --> 00:17:58.000]  但更重要的差异
[00:17:58.000 --> 00:18:00.000]  就是有两个动词
[00:18:00.000 --> 00:18:04.000]  一个就是传统叫
[00:18:04.000 --> 00:18:06.000]  人要离开父母
[00:18:06.000 --> 00:18:08.000]  《环球醒》说到
[00:18:08.000 --> 00:18:10.000]  人将离开父母
[00:18:10.000 --> 00:18:12.000]  其实这个动词
[00:18:12.000 --> 00:18:14.000]  是一个
[00:18:14.000 --> 00:18:16.000]  希伯来文是一个未完成式的动词
[00:18:16.000 --> 00:18:18.000]  它不一定要
[00:18:18.000 --> 00:18:20.000]  表达一个什么的命令
[00:18:20.000 --> 00:18:22.000]  而可以只是陈述
[00:18:22.000 --> 00:18:24.000]  一个会发生的自然现象
[00:18:24.000 --> 00:18:26.000]  或者常态
[00:18:26.000 --> 00:18:28.000]  所以《环球醒》翻译成将离开
[00:18:28.000 --> 00:18:30.000]  就可以保留到这个意思上的弹性
[00:18:30.000 --> 00:18:34.000]  而另外一个词
[00:18:34.000 --> 00:18:36.000]  就是亲密相连
[00:18:36.000 --> 00:18:38.000]  原文的意思
[00:18:38.000 --> 00:18:40.000]  其实是黏着
[00:18:40.000 --> 00:18:42.000]  用来形容一些非常紧密
[00:18:42.000 --> 00:18:44.000]  不可以分割的依附关系
[00:18:44.000 --> 00:18:48.000]  所以用
[00:18:48.000 --> 00:18:50.000]  现代中文的亲密相连
[00:18:50.000 --> 00:18:52.000]  比较能够更加贴近原文的神髓
[00:18:52.000 --> 00:18:56.000]  这个现代婚姻
[00:18:56.000 --> 00:18:58.000]  对现代婚姻和伦理
[00:18:58.000 --> 00:19:00.000]  究竟有什么看法呢
[00:19:02.000 --> 00:19:04.000]  亲密相连
[00:19:04.000 --> 00:19:06.000]  大家是黏着
[00:19:06.000 --> 00:19:08.000]  其实是一个很强烈的毁身用语
[00:19:08.000 --> 00:19:10.000]  因为是基于
[00:19:10.000 --> 00:19:12.000]  这个女人从男人身上取出来
[00:19:12.000 --> 00:19:14.000]  她本来已经是一体的
[00:19:14.000 --> 00:19:16.000]  所以最终她们要成为一体
[00:19:16.000 --> 00:19:18.000]  黏在一起
[00:19:18.000 --> 00:19:20.000]  在现代社会里面
[00:19:20.000 --> 00:19:22.000]  其实很多婚姻的破裂
[00:19:22.000 --> 00:19:24.000]  就是这个夫妻未能够
[00:19:24.000 --> 00:19:26.000]  做到这个亲密相连
[00:19:26.000 --> 00:19:30.000]  在《牧养辅导》当中
[00:19:30.000 --> 00:19:32.000]  提出男人
[00:19:32.000 --> 00:19:34.000]  一旦结婚
[00:19:34.000 --> 00:19:36.000]  他家庭的优先次序
[00:19:36.000 --> 00:19:38.000]  就要完全改变
[00:19:38.000 --> 00:19:40.000]  他必须首先向妻子负责
[00:19:40.000 --> 00:19:42.000]  这个不是一个
[00:19:42.000 --> 00:19:44.000]  硬生生的法律规条
[00:19:44.000 --> 00:19:46.000]  你一定要离开
[00:19:46.000 --> 00:19:48.000]  而是基于一个创造的秩序
[00:19:48.000 --> 00:19:50.000]  为者原故
[00:19:50.000 --> 00:19:52.000]  和生命盟约的生命结连
[00:19:52.000 --> 00:19:56.000]  所以当夫妻明白这种关系
[00:19:56.000 --> 00:19:58.000]  是一种生命上的粘合的时候
[00:19:58.000 --> 00:20:00.000]  面对这个社会
[00:20:00.000 --> 00:20:02.000]  很多的诱惑或者家庭的磨擦的时候
[00:20:02.000 --> 00:20:04.000]  就更加能够体会到
[00:20:04.000 --> 00:20:06.000]  婚姻的盟约性和
[00:20:06.000 --> 00:20:08.000]  不可分割的伦理责任
[00:20:08.000 --> 00:20:14.000]  第二个例子
[00:20:14.000 --> 00:20:16.000]  我们看这个哥伦多前书七章一节
[00:20:16.000 --> 00:20:20.000]  这里是关于
[00:20:20.000 --> 00:20:22.000]  哥伦多信徒写信给保罗
[00:20:22.000 --> 00:20:24.000]  所问的事
[00:20:26.000 --> 00:20:28.000]  大家看这两段经文
[00:20:28.000 --> 00:20:30.000]  看到两个很相反的翻译
[00:20:30.000 --> 00:20:36.000]  一个讲到你信上所提的事
[00:20:36.000 --> 00:20:38.000]  我说保罗说
[00:20:38.000 --> 00:20:40.000]  男不近女倒好
[00:20:40.000 --> 00:20:42.000]  日本的理解就是
[00:20:42.000 --> 00:20:44.000]  你们说男不近女
[00:20:44.000 --> 00:20:46.000]  是好的
[00:20:46.000 --> 00:20:48.000]  其实原文就没有
[00:20:48.000 --> 00:20:50.000]  我说或者你们说
[00:20:50.000 --> 00:20:52.000]  但是因为中文的需要
[00:20:52.000 --> 00:20:54.000]  要加上去
[00:20:54.000 --> 00:20:56.000]  翻译的时候
[00:20:56.000 --> 00:20:58.000]  关于你们信上所写的事
[00:20:58.000 --> 00:21:00.000]  男人不亲近女人是好的
[00:21:00.000 --> 00:21:02.000]  为什么要加上你们说
[00:21:02.000 --> 00:21:04.000]  而不是我说呢
[00:21:04.000 --> 00:21:06.000]  其实是基于
[00:21:06.000 --> 00:21:08.000]  对这个哥伦多书信的一个理解
[00:21:08.000 --> 00:21:12.000]  学者都同意
[00:21:12.000 --> 00:21:14.000]  在哥伦多前书里面
[00:21:14.000 --> 00:21:16.000]  引用了不少
[00:21:16.000 --> 00:21:18.000]  哥伦多信徒的口号
[00:21:18.000 --> 00:21:20.000]  例如最出名的那条
[00:21:20.000 --> 00:21:22.000]  就是所有的事我都可以做
[00:21:22.000 --> 00:21:24.000]  王牧本就翻作
[00:21:24.000 --> 00:21:26.000]  凡事我都可行
[00:21:26.000 --> 00:21:28.000]  所以保罗随即就回应
[00:21:28.000 --> 00:21:30.000]  但并非都有益处
[00:21:30.000 --> 00:21:32.000]  很多这类的
[00:21:32.000 --> 00:21:34.000]  所谓英文都是back and forth
[00:21:34.000 --> 00:21:36.000]  他们讲了一句话
[00:21:36.000 --> 00:21:38.000]  不是很妥的时候
[00:21:38.000 --> 00:21:40.000]  保罗就回应
[00:21:40.000 --> 00:21:42.000]  解释得更清楚或者反驳他们
[00:21:42.000 --> 00:21:44.000]  同样道理
[00:21:44.000 --> 00:21:46.000]  这里男人不亲近女人是好的
[00:21:46.000 --> 00:21:48.000]  其实在哥伦多教会里面
[00:21:48.000 --> 00:21:50.000]  一帮是禁欲主义者的口号
[00:21:50.000 --> 00:21:52.000]  而不是保罗自己的教导
[00:21:52.000 --> 00:21:54.000]  所以
[00:21:54.000 --> 00:21:56.000]  王牧本为了令中文更清晰
[00:21:56.000 --> 00:21:58.000]  就加上了理门说
[00:21:58.000 --> 00:22:00.000]  让读者看到
[00:22:00.000 --> 00:22:02.000]  保罗接下来
[00:22:02.000 --> 00:22:04.000]  二至五节里面
[00:22:04.000 --> 00:22:06.000]  是怎样去回应和平衡
[00:22:06.000 --> 00:22:08.000]  这种偏激的禁欲观
[00:22:08.000 --> 00:22:10.000]  这个伦理实践上
[00:22:10.000 --> 00:22:12.000]  其实是相当重要
[00:22:12.000 --> 00:22:14.000]  因为如果我们
[00:22:14.000 --> 00:22:16.000]  不将这个禁欲的口号
[00:22:16.000 --> 00:22:18.000]  当作是保罗的命令的时候
[00:22:18.000 --> 00:22:20.000]  信徒就会产生
[00:22:20.000 --> 00:22:22.000]  一种错误的属灵优越感
[00:22:22.000 --> 00:22:24.000]  觉得婚姻或者性本身
[00:22:24.000 --> 00:22:26.000]  是不足够属灵
[00:22:26.000 --> 00:22:28.000]  在某样方面
[00:22:28.000 --> 00:22:30.000]  这种翻译上的杂音
[00:22:30.000 --> 00:22:32.000]  其实在教会历史上
[00:22:32.000 --> 00:22:34.000]  确实令一些信徒
[00:22:34.000 --> 00:22:36.000]  盲目地追求禁欲
[00:22:36.000 --> 00:22:38.000]  甚至破坏了正常的婚姻关系
[00:22:38.000 --> 00:22:40.000]  所以透过更准确的翻译
[00:22:40.000 --> 00:22:42.000]  我们可以帮助信徒
[00:22:42.000 --> 00:22:44.000]  建立健康的性观念
[00:22:44.000 --> 00:22:46.000]  性和身体的亲密
[00:22:46.000 --> 00:22:48.000]  是神似婚姻
[00:22:48.000 --> 00:22:50.000]  在婚姻里面赐给我们的礼物
[00:22:50.000 --> 00:22:52.000]  是不需要被羞辱的罪恶
[00:22:52.000 --> 00:22:54.000]  我们不需要
[00:22:54.000 --> 00:22:56.000]  用极端的禁欲主义
[00:22:56.000 --> 00:22:58.000]  证明自己有多虔诚
[00:22:58.000 --> 00:23:06.000]  接下来我们
[00:23:06.000 --> 00:23:08.000]  也探讨一个很具争议性
[00:23:08.000 --> 00:23:10.000]  和相当沉重的伦理问题
[00:23:10.000 --> 00:23:12.000]  就是离婚或者教育
[00:23:12.000 --> 00:23:14.000]  这个优妻
[00:23:14.000 --> 00:23:16.000]  我们将
[00:23:16.000 --> 00:23:18.000]  两处的经文放在一起
[00:23:18.000 --> 00:23:20.000]  首先看的是
[00:23:20.000 --> 00:23:22.000]  《新命记》24章
[00:23:22.000 --> 00:23:26.000]  这个一字四节
[00:23:26.000 --> 00:23:28.000]  其实是一段
[00:23:28.000 --> 00:23:30.000]  在原文里面
[00:23:30.000 --> 00:23:32.000]  相当长的一个句子
[00:23:32.000 --> 00:23:34.000]  其实解经的
[00:23:34.000 --> 00:23:36.000]  争论的关键
[00:23:36.000 --> 00:23:38.000]  就是究竟
[00:23:38.000 --> 00:23:40.000]  原文这个条件句
[00:23:40.000 --> 00:23:42.000]  哪一部分是条件
[00:23:42.000 --> 00:23:44.000]  哪一部分是结论
[00:23:44.000 --> 00:23:46.000]  传统译本的理解
[00:23:46.000 --> 00:23:48.000]  就是第一节里面
[00:23:48.000 --> 00:23:50.000]  已经包了条件和结论
[00:23:50.000 --> 00:23:52.000]  上半部分
[00:23:52.000 --> 00:23:54.000]  的条件就是
[00:23:54.000 --> 00:23:56.000]  这个丈夫不喜欢妻子
[00:23:56.000 --> 00:23:58.000]  所以结论他就可以写优书
[00:23:58.000 --> 00:24:00.000]  所以和本就译作
[00:24:00.000 --> 00:24:02.000]  如果人娶妻之后
[00:24:02.000 --> 00:24:04.000]  不喜欢她就可以写优书
[00:24:04.000 --> 00:24:06.000]  在她手中打发她离开
[00:24:06.000 --> 00:24:10.000]  但是
[00:24:10.000 --> 00:24:12.000]  现在
[00:24:12.000 --> 00:24:14.000]  大部分学者
[00:24:14.000 --> 00:24:16.000]  当他看到
[00:24:16.000 --> 00:24:18.000]  尤其是希伯来文
[00:24:18.000 --> 00:24:20.000]  很多的结构的时候
[00:24:20.000 --> 00:24:24.000]  多数都同意
[00:24:24.000 --> 00:24:26.000]  其实这个
[00:24:26.000 --> 00:24:28.000]  一字三节
[00:24:28.000 --> 00:24:30.000]  在条件句里面
[00:24:30.000 --> 00:24:32.000]  是一个很长的条件
[00:24:32.000 --> 00:24:34.000]  到第四节才是结论
[00:24:34.000 --> 00:24:36.000]  所以
[00:24:36.000 --> 00:24:38.000]  吸他
[00:24:38.000 --> 00:24:40.000]  写了优书
[00:24:40.000 --> 00:24:42.000]  这个是条件句里面
[00:24:42.000 --> 00:24:44.000]  最述的情况不是结论
[00:24:44.000 --> 00:24:46.000]  所以
[00:24:46.000 --> 00:24:48.000]  这段经文不是讨论
[00:24:48.000 --> 00:24:50.000]  人在什么情况可以优生
[00:24:50.000 --> 00:24:52.000]  你不喜欢妻子就可以优了她
[00:24:52.000 --> 00:24:54.000]  而是说有一个人不喜欢妻子
[00:24:54.000 --> 00:24:56.000]  又写优书优了她之后
[00:24:56.000 --> 00:24:58.000]  妻子又去嫁了另外一个人
[00:24:58.000 --> 00:25:00.000]  转转之间
[00:25:00.000 --> 00:25:02.000]  嫁了一个后夫又恨他
[00:25:02.000 --> 00:25:04.000]  又带他回家
[00:25:04.000 --> 00:25:06.000]  结论就是
[00:25:06.000 --> 00:25:08.000]  不可再他被玷污的时候
[00:25:08.000 --> 00:25:10.000]  以后再娶他为妻
[00:25:10.000 --> 00:25:12.000]  不可以被他玷污了之后
[00:25:12.000 --> 00:25:14.000]  再娶他回来
[00:25:14.000 --> 00:25:16.000]  所以这个
[00:25:16.000 --> 00:25:18.000]  不是准许人
[00:25:18.000 --> 00:25:20.000]  不喜欢妻子就可以将他离弃
[00:25:20.000 --> 00:25:28.000]  我们看另一段相关的经文
[00:25:28.000 --> 00:25:30.000]  就是关于
[00:25:30.000 --> 00:25:32.000]  《马拉基书》二章十六节
[00:25:34.000 --> 00:25:36.000]  这个也是
[00:25:36.000 --> 00:25:38.000]  有相当不同的翻译
[00:25:38.000 --> 00:25:40.000]  也很严厉
[00:25:40.000 --> 00:25:42.000]  影响意思
[00:25:42.000 --> 00:25:44.000]  也很厉害
[00:25:44.000 --> 00:25:46.000]  传统的理解就是
[00:25:46.000 --> 00:25:50.000]  优妻的事
[00:25:50.000 --> 00:25:52.000]  以强暴待妻的人
[00:25:52.000 --> 00:25:54.000]  都是我何妥恨户的
[00:25:54.000 --> 00:25:56.000]  就是这个恨户
[00:25:56.000 --> 00:25:58.000]  这个主持
[00:25:58.000 --> 00:26:00.000]  是神
[00:26:00.000 --> 00:26:02.000]  是我
[00:26:04.000 --> 00:26:06.000]  但是华尔馆的理解就是
[00:26:06.000 --> 00:26:08.000]  这个不是在说神恨户
[00:26:08.000 --> 00:26:10.000]  是在说人恨户
[00:26:10.000 --> 00:26:12.000]  为什么要这样说呢
[00:26:12.000 --> 00:26:14.000]  就是其实
[00:26:14.000 --> 00:26:16.000]  原文这个恨户
[00:26:16.000 --> 00:26:22.000]  你可以说是他恨户
[00:26:22.000 --> 00:26:26.000]  这个主语是第三人称
[00:26:26.000 --> 00:26:28.000]  所以如果是神说的时候
[00:26:28.000 --> 00:26:30.000]  他就不会说是他
[00:26:30.000 --> 00:26:32.000]  他说是我
[00:26:32.000 --> 00:26:34.000]  但是很多译本以为
[00:26:34.000 --> 00:26:36.000]  这个是神不喜欢
[00:26:36.000 --> 00:26:38.000]  优妻或者不喜欢离婚
[00:26:38.000 --> 00:26:40.000]  所以就将这个
[00:26:40.000 --> 00:26:42.000]  他恨户改成我恨户
[00:26:42.000 --> 00:26:44.000]  所以得出了
[00:26:44.000 --> 00:26:46.000]  这个传统的译法
[00:26:46.000 --> 00:26:48.000]  但其实这个译法是完全没有
[00:26:48.000 --> 00:26:50.000]  这个抄本文本证据
[00:26:50.000 --> 00:26:52.000]  支持的 也都没有
[00:26:52.000 --> 00:26:54.000]  任何古译本
[00:26:54.000 --> 00:26:56.000]  是支持这个看法
[00:26:56.000 --> 00:27:00.000]  但是更加重要大家如果看回
[00:27:02.000 --> 00:27:04.000]  这一节的经文
[00:27:04.000 --> 00:27:06.000]  其实和《新命记》24章
[00:27:06.000 --> 00:27:08.000]  我们刚刚看过是很大的联系
[00:27:08.000 --> 00:27:10.000]  的用词
[00:27:10.000 --> 00:27:12.000]  所以我将这些用颜色
[00:27:12.000 --> 00:27:14.000]  highlight了
[00:27:14.000 --> 00:27:16.000]  你看到
[00:27:16.000 --> 00:27:18.000]  首先是预估
[00:27:18.000 --> 00:27:20.000]  条件句的开始
[00:27:20.000 --> 00:27:22.000]  预估
[00:27:22.000 --> 00:27:24.000]  还有在《新命记》
[00:27:24.000 --> 00:27:26.000]  也说到这个后夫
[00:27:26.000 --> 00:27:28.000]  恨户他就打发他离开
[00:27:28.000 --> 00:27:30.000]  他的家
[00:27:30.000 --> 00:27:32.000]  这个打发他和这个
[00:27:32.000 --> 00:27:34.000]  所谓的优妻
[00:27:34.000 --> 00:27:36.000]  其实是同一个字的原文
[00:27:36.000 --> 00:27:38.000]  不过在《新命记》里面因为有
[00:27:38.000 --> 00:27:40.000]  夫家和他的家
[00:27:40.000 --> 00:27:42.000]  所以你在中文的表达里面
[00:27:42.000 --> 00:27:44.000]  就需要用不同的表达方法
[00:27:44.000 --> 00:27:46.000]  但是
[00:27:46.000 --> 00:27:48.000]  其实意思就相当清楚
[00:27:48.000 --> 00:27:50.000]  这里是引用
[00:27:50.000 --> 00:27:52.000]  《新命记》
[00:27:52.000 --> 00:27:54.000]  的那个用词
[00:27:54.000 --> 00:27:56.000]  是表达其实
[00:27:56.000 --> 00:27:58.000]  这个神
[00:27:58.000 --> 00:28:00.000]  不是说他
[00:28:00.000 --> 00:28:02.000]  恨户离婚
[00:28:02.000 --> 00:28:04.000]  恨户有妻
[00:28:04.000 --> 00:28:06.000]  当然这个神是恨户
[00:28:06.000 --> 00:28:08.000]  这个不是经文的重点
[00:28:08.000 --> 00:28:10.000]  而是说到这个丈夫
[00:28:10.000 --> 00:28:12.000]  是真的很差很强暴
[00:28:12.000 --> 00:28:14.000]  因为恨他的妻子
[00:28:14.000 --> 00:28:16.000]  将他打发离开
[00:28:16.000 --> 00:28:18.000]  让他们进入一个
[00:28:18.000 --> 00:28:20.000]  很凄惨的处境
[00:28:20.000 --> 00:28:24.000]  所以《环球醒》
[00:28:24.000 --> 00:28:26.000]  将这个意思还原
[00:28:26.000 --> 00:28:28.000]  这个神如果因为恨户
[00:28:28.000 --> 00:28:30.000]  和恨心忧气的妻子
[00:28:30.000 --> 00:28:32.000]  其实是用残暴
[00:28:32.000 --> 00:28:34.000]  去遮盖自己
[00:28:34.000 --> 00:28:38.000]  当我们
[00:28:38.000 --> 00:28:40.000]  看到这个意思的转变的时候
[00:28:40.000 --> 00:28:42.000]  其实也是对
[00:28:42.000 --> 00:28:44.000]  我们的
[00:28:44.000 --> 00:28:46.000]  理解和辅导
[00:28:46.000 --> 00:28:48.000]  有很大的翻转
[00:28:48.000 --> 00:28:50.000]  尤其因为英文传统
[00:28:50.000 --> 00:28:52.000]  很多时候将这句话
[00:28:52.000 --> 00:28:54.000]  译作I hate divorce
[00:28:54.000 --> 00:28:56.000]  其实比中文
[00:28:56.000 --> 00:28:58.000]  更差
[00:28:58.000 --> 00:29:00.000]  因为优妻
[00:29:00.000 --> 00:29:02.000]  也是恨户
[00:29:02.000 --> 00:29:04.000]  但是离婚这件事
[00:29:04.000 --> 00:29:06.000]  说到用这么强烈的字
[00:29:06.000 --> 00:29:08.000]  的时候就值得商榷
[00:29:08.000 --> 00:29:10.000]  因为当然
[00:29:10.000 --> 00:29:12.000]  圣经的
[00:29:12.000 --> 00:29:14.000]  原意
[00:29:14.000 --> 00:29:16.000]  里面说到神的原意
[00:29:16.000 --> 00:29:18.000]  从来这个婚姻
[00:29:18.000 --> 00:29:20.000]  不应该是分割的
[00:29:20.000 --> 00:29:22.000]  所以离婚从来都不是神的
[00:29:22.000 --> 00:29:24.000]  心意
[00:29:24.000 --> 00:29:26.000]  但是在这个实际上堕落的世界里面
[00:29:26.000 --> 00:29:28.000]  的确有很多婚姻里面
[00:29:28.000 --> 00:29:30.000]  的受害者
[00:29:30.000 --> 00:29:32.000]  所以我们要很小心
[00:29:32.000 --> 00:29:34.000]  不要
[00:29:34.000 --> 00:29:36.000]  就说很绝对化
[00:29:36.000 --> 00:29:38.000]  神因为憎恨离婚
[00:29:38.000 --> 00:29:40.000]  所以就让
[00:29:40.000 --> 00:29:42.000]  这些有时的姐妹
[00:29:42.000 --> 00:29:44.000]  因为面对家暴虐待
[00:29:44.000 --> 00:29:46.000]  或者很多的
[00:29:46.000 --> 00:29:48.000]  其它问题的时候
[00:29:48.000 --> 00:29:50.000]  就承受了很大的宗教罪疚
[00:29:50.000 --> 00:29:52.000]  因为
[00:29:52.000 --> 00:29:54.000]  不想等神去恨户
[00:29:54.000 --> 00:29:56.000]  而强忍
[00:29:56.000 --> 00:29:58.000]  这个残暴
[00:29:58.000 --> 00:30:00.000]  所以我们目光焦点
[00:30:00.000 --> 00:30:02.000]  就会有这个改变
[00:30:02.000 --> 00:30:04.000]  虽然离婚从来都不是神对婚姻
[00:30:04.000 --> 00:30:06.000]  这个理想的设计
[00:30:06.000 --> 00:30:08.000]  但实际
[00:30:08.000 --> 00:30:10.000]  教穆宣讲和辅导方面
[00:30:10.000 --> 00:30:12.000]  我们要非常小心
[00:30:12.000 --> 00:30:14.000]  不要过分去定罪婚姻破碎的受害者
[00:30:14.000 --> 00:30:16.000]  真正恨户
[00:30:16.000 --> 00:30:18.000]  其实是人性的残暴
[00:30:18.000 --> 00:30:20.000]  背弃盟约
[00:30:20.000 --> 00:30:22.000]  而不是受伤无奈的离婚手足
[00:30:22.000 --> 00:30:30.000]  另一个例子是关于离婚
[00:30:30.000 --> 00:30:32.000]  就是关于离婚
[00:30:32.000 --> 00:30:34.000]  其实罪责归属在哪里
[00:30:34.000 --> 00:30:38.000]  在这个传统
[00:30:38.000 --> 00:30:40.000]  里面凡优渣的
[00:30:40.000 --> 00:30:42.000]  若不是为了人民的缘故
[00:30:42.000 --> 00:30:44.000]  就叫他作人不服了
[00:30:46.000 --> 00:30:48.000]  其实
[00:30:48.000 --> 00:30:50.000]  叫他作人不服
[00:30:50.000 --> 00:30:52.000]  的直译就是
[00:30:52.000 --> 00:30:54.000]  使他被通奸
[00:30:54.000 --> 00:30:56.000]  这个使他被通奸
[00:30:56.000 --> 00:30:58.000]  是一个被动语态
[00:30:58.000 --> 00:31:00.000]  被动语态是什么意思呢
[00:31:00.000 --> 00:31:02.000]  其实就是
[00:31:02.000 --> 00:31:04.000]  这个罪责不是在被优的婦人身上
[00:31:04.000 --> 00:31:06.000]  而是在优妻者
[00:31:06.000 --> 00:31:08.000]  或者后来娶她的人身上
[00:31:08.000 --> 00:31:10.000]  因为她是很被动的
[00:31:10.000 --> 00:31:14.000]  其实在当时的处境
[00:31:14.000 --> 00:31:16.000]  如果这些人
[00:31:16.000 --> 00:31:18.000]  一个女人是无辜被优的时候
[00:31:18.000 --> 00:31:20.000]  她因为没有社会地位
[00:31:20.000 --> 00:31:22.000]  也没有经济能力
[00:31:22.000 --> 00:31:24.000]  这个弱势婦人为了生存的必要
[00:31:24.000 --> 00:31:26.000]  她要逼着要再嫁
[00:31:26.000 --> 00:31:28.000]  而变成了
[00:31:28.000 --> 00:31:30.000]  逼着要好像
[00:31:30.000 --> 00:31:32.000]  和别人通奸那样
[00:31:32.000 --> 00:31:34.000]  所以
[00:31:34.000 --> 00:31:36.000]  这个表达的重点
[00:31:36.000 --> 00:31:38.000]  就是
[00:31:38.000 --> 00:31:40.000]  要清楚
[00:31:40.000 --> 00:31:42.000]  这个离婚在这个情况之下
[00:31:42.000 --> 00:31:44.000]  这个罪责不应该归在被优的婦人身上
[00:31:44.000 --> 00:31:46.000]  而是在无辜的优妻者身上
[00:31:46.000 --> 00:31:56.000]  我们再看另一个经文
[00:31:56.000 --> 00:31:58.000]  关于情欲
[00:31:58.000 --> 00:32:00.000]  和通奸的关系
[00:32:00.000 --> 00:32:04.000]  这段也是一个相当熟悉的经文
[00:32:04.000 --> 00:32:08.000]  主耶稣在这个
[00:32:08.000 --> 00:32:10.000]  登山宝坟里面
[00:32:10.000 --> 00:32:12.000]  说了不少的篇幅
[00:32:12.000 --> 00:32:14.000]  讲解这个十诫的原意
[00:32:14.000 --> 00:32:16.000]  实际的应用
[00:32:16.000 --> 00:32:18.000]  是一个更深层的意思
[00:32:18.000 --> 00:32:20.000]  所以他不单止说到
[00:32:20.000 --> 00:32:22.000]  杀人
[00:32:22.000 --> 00:32:24.000]  也说到其实
[00:32:24.000 --> 00:32:26.000]  如果你恨别人
[00:32:26.000 --> 00:32:28.000]  或者
[00:32:28.000 --> 00:32:30.000]  对弟兄心存的恨惡
[00:32:30.000 --> 00:32:32.000]  或者说他们是蠢财
[00:32:32.000 --> 00:32:34.000]  废物那些
[00:32:34.000 --> 00:32:36.000]  都等于好像杀人那样
[00:32:36.000 --> 00:32:38.000]  这里同样解释了
[00:32:38.000 --> 00:32:40.000]  什么是奸淫或者通奸
[00:32:40.000 --> 00:32:42.000]  我们要
[00:32:42.000 --> 00:32:44.000]  首先要注意一个
[00:32:44.000 --> 00:32:46.000]  词
[00:32:46.000 --> 00:32:48.000]  我们唯本译做通奸
[00:32:48.000 --> 00:32:50.000]  这个词
[00:32:50.000 --> 00:32:52.000]  其实是一个特定的词
[00:32:52.000 --> 00:32:54.000]  不是说一般的淫乱
[00:32:54.000 --> 00:32:56.000]  而是特指和别人的妻子
[00:32:56.000 --> 00:32:58.000]  通奸
[00:32:58.000 --> 00:33:00.000]  所以
[00:33:00.000 --> 00:33:02.000]  在十诫里面
[00:33:02.000 --> 00:33:04.000]  说到
[00:33:04.000 --> 00:33:06.000]  不可奸淫
[00:33:06.000 --> 00:33:08.000]  不可通奸
[00:33:08.000 --> 00:33:10.000]  这个是比较特定的意思
[00:33:10.000 --> 00:33:14.000]  跟着
[00:33:14.000 --> 00:33:16.000]  那句
[00:33:16.000 --> 00:33:18.000]  其实是更加重要
[00:33:18.000 --> 00:33:20.000]  因为传统说到
[00:33:20.000 --> 00:33:22.000]  犯汉奸妇女就动淫廉
[00:33:22.000 --> 00:33:24.000]  者人心里已经与他犯奸淫妖
[00:33:24.000 --> 00:33:26.000]  这个是很多基督徒弟兄
[00:33:26.000 --> 00:33:30.000]  经常会感到挫折的经文
[00:33:30.000 --> 00:33:32.000]  因为很容易
[00:33:32.000 --> 00:33:34.000]  尤其
[00:33:34.000 --> 00:33:36.000]  年轻人
[00:33:36.000 --> 00:33:38.000]  情绪比较冲动
[00:33:38.000 --> 00:33:40.000]  很难见到女性
[00:33:40.000 --> 00:33:42.000]  不会产生一些
[00:33:42.000 --> 00:33:44.000]  刺探性幻想
[00:33:44.000 --> 00:33:46.000]  但是
[00:33:46.000 --> 00:33:48.000]  这段经文主要针对的不是这种
[00:33:48.000 --> 00:33:50.000]  而是
[00:33:50.000 --> 00:33:52.000]  回到出生一级
[00:33:52.000 --> 00:33:54.000]  你不可以
[00:33:54.000 --> 00:33:56.000]  贪图别人的妻子
[00:33:56.000 --> 00:33:58.000]  大家看到我用颜色
[00:33:58.000 --> 00:34:00.000]  标志的原文
[00:34:00.000 --> 00:34:02.000]  看到两段经文的相关性
[00:34:02.000 --> 00:34:04.000]  一方面
[00:34:04.000 --> 00:34:06.000]  最清楚两段经文都是说封奸
[00:34:06.000 --> 00:34:08.000]  而且
[00:34:08.000 --> 00:34:10.000]  这个所谓
[00:34:10.000 --> 00:34:12.000]  贪图和和盘中的贪恋
[00:34:12.000 --> 00:34:14.000]  语文
[00:34:14.000 --> 00:34:16.000]  都是同一个字
[00:34:16.000 --> 00:34:18.000]  但是
[00:34:18.000 --> 00:34:20.000]  和盘在这个
[00:34:20.000 --> 00:34:22.000]  《马太福音》五章那里
[00:34:22.000 --> 00:34:24.000]  将这个贪图也叫做动淫廉
[00:34:24.000 --> 00:34:26.000]  这个本身
[00:34:26.000 --> 00:34:28.000]  不一定是错的翻译
[00:34:28.000 --> 00:34:30.000]  因为这个动词
[00:34:30.000 --> 00:34:32.000]  这个贪图
[00:34:32.000 --> 00:34:34.000]  是一个欲廉
[00:34:34.000 --> 00:34:36.000]  所以可以有很多种欲廉
[00:34:36.000 --> 00:34:38.000]  你可以淫廉就是欲廉
[00:34:38.000 --> 00:34:40.000]  贪廉就是欲廉
[00:34:40.000 --> 00:34:42.000]  所以本身来说未必一定是错的
[00:34:42.000 --> 00:34:44.000]  但是如果看回这个昌厄杰记的背景
[00:34:44.000 --> 00:34:46.000]  主耶稣在解释这个十诫的时候
[00:34:46.000 --> 00:34:48.000]  当然
[00:34:48.000 --> 00:34:50.000]  这个贪图是更加符合
[00:34:50.000 --> 00:34:52.000]  主耶稣所引用的情况
[00:34:52.000 --> 00:34:54.000]  同样
[00:34:54.000 --> 00:34:56.000]  这个妇女
[00:34:56.000 --> 00:34:58.000]  这个妇
[00:34:58.000 --> 00:35:00.000]  就好像中文那个妇一样
[00:35:00.000 --> 00:35:02.000]  你可以指
[00:35:02.000 --> 00:35:04.000]  自己的妻子或者夫妇
[00:35:04.000 --> 00:35:06.000]  或者一般的妇人
[00:35:06.000 --> 00:35:08.000]  同样
[00:35:08.000 --> 00:35:10.000]  这个妻子这个字
[00:35:10.000 --> 00:35:12.000]  在这个昌厄杰记
[00:35:12.000 --> 00:35:14.000]  很明显
[00:35:14.000 --> 00:35:16.000]  不只是一个普通的妇人
[00:35:16.000 --> 00:35:18.000]  因为你不可以贪图人的妻子
[00:35:18.000 --> 00:35:20.000]  或者别人的妻子
[00:35:20.000 --> 00:35:22.000]  所以在《马太福音》
[00:35:22.000 --> 00:35:24.000]  其实是在说
[00:35:24.000 --> 00:35:26.000]  不是说只是看到
[00:35:26.000 --> 00:35:28.000]  这种的一个妇女
[00:35:28.000 --> 00:35:30.000]  而是特别说是别人的妻子
[00:35:30.000 --> 00:35:32.000]  是有个通奸的意念
[00:35:32.000 --> 00:35:34.000]  还有
[00:35:34.000 --> 00:35:36.000]  另一方面我们要注意到
[00:35:36.000 --> 00:35:40.000]  就是原文
[00:35:40.000 --> 00:35:42.000]  那个
[00:35:42.000 --> 00:35:44.000]  凡是贪图别人妻子
[00:35:44.000 --> 00:35:46.000]  而恨她的
[00:35:46.000 --> 00:35:48.000]  这个恨
[00:35:48.000 --> 00:35:50.000]  在希律文里面
[00:35:50.000 --> 00:35:52.000]  是有一个句式
[00:35:52.000 --> 00:35:54.000]  是表达一个
[00:35:54.000 --> 00:35:56.000]  一个
[00:35:56.000 --> 00:35:58.000]  一个结果
[00:35:58.000 --> 00:36:00.000]  一个目的
[00:36:00.000 --> 00:36:02.000]  所以
[00:36:02.000 --> 00:36:04.000]  你不是说你
[00:36:04.000 --> 00:36:06.000]  无端端不经意看到
[00:36:06.000 --> 00:36:08.000]  就是
[00:36:08.000 --> 00:36:10.000]  动人的念
[00:36:10.000 --> 00:36:12.000]  而是你怀着这个
[00:36:12.000 --> 00:36:14.000]  不好的欲念这个贪图的别人妻子
[00:36:14.000 --> 00:36:16.000]  去看人家
[00:36:16.000 --> 00:36:18.000]  所以这个意思是相当不同
[00:36:18.000 --> 00:36:20.000]  它不是说是普通我们
[00:36:20.000 --> 00:36:22.000]  遇到一些的试探
[00:36:22.000 --> 00:36:24.000]  而是一个
[00:36:24.000 --> 00:36:26.000]  是存在一个
[00:36:26.000 --> 00:36:28.000]  真是贪图别人妻子的通奸的心
[00:36:28.000 --> 00:36:30.000]  是有来看她
[00:36:30.000 --> 00:36:32.000]  所以主耶稣说
[00:36:32.000 --> 00:36:34.000]  这样其实你心里面就已经和她通奸
[00:36:34.000 --> 00:36:38.000]  这个翻译的差异
[00:36:38.000 --> 00:36:42.000]  这个现代信徒来说
[00:36:42.000 --> 00:36:44.000]  心理健康和伦理实践
[00:36:44.000 --> 00:36:46.000]  都有相当大的影响
[00:36:46.000 --> 00:36:48.000]  因为如果按照
[00:36:48.000 --> 00:36:50.000]  看见妇女就动人念
[00:36:50.000 --> 00:36:52.000]  去理解
[00:36:52.000 --> 00:36:54.000]  很多基督徒会陷在一个
[00:36:54.000 --> 00:36:56.000]  极度自我的谴责当中
[00:36:56.000 --> 00:36:58.000]  觉得只要我的眼睛
[00:36:58.000 --> 00:37:00.000]  见到异性
[00:37:00.000 --> 00:37:02.000]  产生了一些生理上的性联想
[00:37:02.000 --> 00:37:04.000]  就等于犯了通奸罪
[00:37:04.000 --> 00:37:08.000]  这种教导
[00:37:08.000 --> 00:37:10.000]  很容易演变为
[00:37:10.000 --> 00:37:12.000]  将性欲本身当作罪
[00:37:12.000 --> 00:37:14.000]  一个偏差观念
[00:37:14.000 --> 00:37:18.000]  但是如果我有正确的翻译的时候
[00:37:18.000 --> 00:37:20.000]  给我们釐清伦理的界线
[00:37:20.000 --> 00:37:24.000]  经文并不是说
[00:37:24.000 --> 00:37:26.000]  这些性欲
[00:37:26.000 --> 00:37:28.000]  都是罪
[00:37:28.000 --> 00:37:30.000]  也不是说
[00:37:30.000 --> 00:37:32.000]  见到某些事物产生事散
[00:37:32.000 --> 00:37:34.000]  本身等于犯罪
[00:37:34.000 --> 00:37:36.000]  主耶稣真正责备的
[00:37:36.000 --> 00:37:38.000]  就是那种跨越了道德界线
[00:37:38.000 --> 00:37:40.000]  怀着恶意去贪图
[00:37:40.000 --> 00:37:42.000]  和占有别人妻子的
[00:37:42.000 --> 00:37:44.000]  这个心态
[00:37:44.000 --> 00:37:46.000]  去注视人
[00:37:46.000 --> 00:37:48.000]  所以这对我们在青年士工
[00:37:48.000 --> 00:37:50.000]  特别是弟兄士工
[00:37:50.000 --> 00:37:52.000]  进行健康的性伦理教导
[00:37:52.000 --> 00:37:54.000]  是相当重要的
[00:37:54.000 --> 00:38:06.000]  接着我们再看另一段经文
[00:38:06.000 --> 00:38:08.000]  哥伦多前书七章三十六节
[00:38:08.000 --> 00:38:12.000]  这段也是一个相当负争议性的经文
[00:38:14.000 --> 00:38:16.000]  很多译本的翻译都有不同
[00:38:16.000 --> 00:38:18.000]  首先第一样
[00:38:18.000 --> 00:38:20.000]  就是
[00:38:20.000 --> 00:38:22.000]  究竟这里所说的
[00:38:22.000 --> 00:38:24.000]  究竟是一个
[00:38:24.000 --> 00:38:26.000]  说父亲的女儿
[00:38:26.000 --> 00:38:28.000]  还是说男人的未婚妻
[00:38:28.000 --> 00:38:32.000]  传统的译法
[00:38:32.000 --> 00:38:34.000]  理解为女儿
[00:38:34.000 --> 00:38:36.000]  但多数现代的译本
[00:38:36.000 --> 00:38:38.000]  都是理解为未婚妻
[00:38:38.000 --> 00:38:40.000]  其实原文就是一个字
[00:38:40.000 --> 00:38:42.000]  处女
[00:38:42.000 --> 00:38:44.000]  可以是在家里
[00:38:44.000 --> 00:38:46.000]  未出嫁的闺女
[00:38:46.000 --> 00:38:48.000]  也是一个男人
[00:38:48.000 --> 00:38:50.000]  还没结婚的妻子
[00:38:50.000 --> 00:38:52.000]  所以两个解法
[00:38:52.000 --> 00:38:54.000]  从这个字来说都说得通
[00:38:54.000 --> 00:38:58.000]  但是接着另外有两个词
[00:38:58.000 --> 00:39:00.000]  对翻译影响更大
[00:39:00.000 --> 00:39:04.000]  第一个就是
[00:39:04.000 --> 00:39:06.000]  和本翻译为不合二
[00:39:06.000 --> 00:39:08.000]  或者还译本翻译为不合体统
[00:39:08.000 --> 00:39:10.000]  这个词
[00:39:10.000 --> 00:39:12.000]  在这个系列文献里
[00:39:12.000 --> 00:39:14.000]  通常都说
[00:39:14.000 --> 00:39:16.000]  是有违公认标准
[00:39:16.000 --> 00:39:18.000]  和令人羞耻的行为
[00:39:18.000 --> 00:39:20.000]  通常都是与性有关
[00:39:20.000 --> 00:39:26.000]  所以如果
[00:39:26.000 --> 00:39:28.000]  是这样的缘故
[00:39:28.000 --> 00:39:30.000]  因为这个词
[00:39:30.000 --> 00:39:32.000]  带相当强烈的贬义
[00:39:32.000 --> 00:39:36.000]  如果是
[00:39:36.000 --> 00:39:38.000]  父亲对女儿
[00:39:38.000 --> 00:39:40.000]  性方面的不合体统
[00:39:40.000 --> 00:39:42.000]  在常理方面
[00:39:42.000 --> 00:39:44.000]  就有点古怪
[00:39:44.000 --> 00:39:48.000]  但是更加关键的一个词
[00:39:48.000 --> 00:39:52.000]  一个翻译为女儿也过了年岁
[00:39:52.000 --> 00:39:54.000]  另一个翻译为
[00:39:54.000 --> 00:39:56.000]  情欲旺盛
[00:39:56.000 --> 00:39:58.000]  为什么这么大分别呢
[00:39:58.000 --> 00:40:02.000]  其实这个原文
[00:40:02.000 --> 00:40:06.000]  翻译为情欲旺盛
[00:40:06.000 --> 00:40:08.000]  是一个复合词
[00:40:08.000 --> 00:40:10.000]  有两部分组成
[00:40:10.000 --> 00:40:12.000]  一个是尖端
[00:40:12.000 --> 00:40:14.000]  另一个是过于
[00:40:14.000 --> 00:40:20.000]  另一个是尖端
[00:40:20.000 --> 00:40:22.000]  什么意思呢
[00:40:22.000 --> 00:40:24.000]  如果将这两个字放在一起
[00:40:24.000 --> 00:40:26.000]  过于在以上
[00:40:26.000 --> 00:40:28.000]  在尖端
[00:40:28.000 --> 00:40:30.000]  可以理解为
[00:40:30.000 --> 00:40:32.000]  到了一个极盛期
[00:40:32.000 --> 00:40:34.000]  一个情欲旺盛
[00:40:36.000 --> 00:40:38.000]  关键就是
[00:40:38.000 --> 00:40:40.000]  这个词的其中一部分
[00:40:40.000 --> 00:40:42.000]  是过于
[00:40:42.000 --> 00:40:44.000]  是一个加强语气
[00:40:44.000 --> 00:40:46.000]  去到最厉害
[00:40:46.000 --> 00:40:48.000]  而不是一个减弱语气
[00:40:48.000 --> 00:40:50.000]  过了
[00:40:50.000 --> 00:40:52.000]  所以如果你将它翻译为
[00:40:52.000 --> 00:40:54.000]  过了
[00:40:54.000 --> 00:40:56.000]  其实将这个介词的语气
[00:40:56.000 --> 00:40:58.000]  讲得相反了
[00:40:58.000 --> 00:41:02.000]  所以传统将这个主词
[00:41:02.000 --> 00:41:04.000]  理解为女方
[00:41:04.000 --> 00:41:06.000]  到女儿过了年岁
[00:41:06.000 --> 00:41:08.000]  即是说错过了
[00:41:08.000 --> 00:41:10.000]  这个适婚的年龄
[00:41:10.000 --> 00:41:12.000]  但是从这个原文构词
[00:41:12.000 --> 00:41:14.000]  和古代文献的实际语言来说
[00:41:14.000 --> 00:41:16.000]  这个词从来
[00:41:16.000 --> 00:41:18.000]  未指过了年岁
[00:41:18.000 --> 00:41:20.000]  而是指
[00:41:20.000 --> 00:41:22.000]  女子到了
[00:41:22.000 --> 00:41:24.000]  发育的盛期,好像青春期
[00:41:24.000 --> 00:41:26.000]  所以当然肯定不是过了适婚年龄
[00:41:26.000 --> 00:41:28.000]  而且在多数情况之下
[00:41:28.000 --> 00:41:30.000]  都形容
[00:41:30.000 --> 00:41:32.000]  这个男子性欲高涨
[00:41:32.000 --> 00:41:34.000]  偶尔也会讲到
[00:41:34.000 --> 00:41:36.000]  这个女子的性欲
[00:41:36.000 --> 00:41:38.000]  甚至一部
[00:41:38.000 --> 00:41:40.000]  在古代出版的
[00:41:40.000 --> 00:41:42.000]  希特勒词典
[00:41:42.000 --> 00:41:44.000]  也将这个词当作
[00:41:44.000 --> 00:41:46.000]  与同一个
[00:41:46.000 --> 00:41:48.000]  指性欲高涨的词是同义的
[00:41:48.000 --> 00:41:50.000]  而且
[00:41:50.000 --> 00:41:52.000]  这个思想也和
[00:41:52.000 --> 00:41:54.000]  哥伦多前书
[00:41:54.000 --> 00:41:56.000]  七章八字九节
[00:41:56.000 --> 00:41:58.000]  之前
[00:41:58.000 --> 00:42:00.000]  同一章
[00:42:00.000 --> 00:42:02.000]  讲到
[00:42:02.000 --> 00:42:04.000]  保罗大致上说
[00:42:04.000 --> 00:42:06.000]  最好不要结婚了,独身保留
[00:42:06.000 --> 00:42:08.000]  但如果是浴火焚身
[00:42:08.000 --> 00:42:10.000]  结婚更加好
[00:42:10.000 --> 00:42:12.000]  所以思想有点相似
[00:42:12.000 --> 00:42:14.000]  如果未婚夫
[00:42:14.000 --> 00:42:16.000]  他不能够
[00:42:16.000 --> 00:42:20.000]  控制自己的情欲
[00:42:20.000 --> 00:42:22.000]  就有个必要
[00:42:22.000 --> 00:42:24.000]  与其是犯罪
[00:42:24.000 --> 00:42:26.000]  不如结婚
[00:42:26.000 --> 00:42:28.000]  当然保罗在讲一个
[00:42:28.000 --> 00:42:30.000]  特定的情况
[00:42:30.000 --> 00:42:32.000]  是哥伦多旧的一个处境
[00:42:32.000 --> 00:42:34.000]  我们不是完全清楚
[00:42:34.000 --> 00:42:36.000]  因为保罗不是说所有地方
[00:42:36.000 --> 00:42:38.000]  都对婚姻这么说
[00:42:38.000 --> 00:42:40.000]  婚姻是不好的
[00:42:40.000 --> 00:42:42.000]  但在当时的情况
[00:42:42.000 --> 00:42:44.000]  婚姻可能会构成一些困难
[00:42:44.000 --> 00:42:46.000]  但我们没有时间
[00:42:46.000 --> 00:42:48.000]  去讨论这个细节
[00:42:48.000 --> 00:42:50.000]  但这里要着重的就是
[00:42:50.000 --> 00:42:52.000]  将我们这段经文
[00:42:52.000 --> 00:42:54.000]  还原为
[00:42:54.000 --> 00:42:56.000]  未婚夫妻在情欲
[00:42:56.000 --> 00:42:58.000]  缺乏的时候
[00:42:58.000 --> 00:43:00.000]  可以说
[00:43:00.000 --> 00:43:02.000]  我们承认生而为人
[00:43:02.000 --> 00:43:04.000]  年轻人在恋爱当中
[00:43:04.000 --> 00:43:06.000]  的确会面临真正的
[00:43:06.000 --> 00:43:08.000]  生理和情感的张力
[00:43:08.000 --> 00:43:10.000]  即是情欲很旺盛
[00:43:10.000 --> 00:43:12.000]  在模样上
[00:43:12.000 --> 00:43:14.000]  我们不需要对恋爱当中
[00:43:14.000 --> 00:43:16.000]  性张力视而不见
[00:43:16.000 --> 00:43:18.000]  或者去将它
[00:43:18.000 --> 00:43:20.000]  好像
[00:43:20.000 --> 00:43:22.000]  不太干净
[00:43:22.000 --> 00:43:24.000]  将情欲等同罪恶
[00:43:24.000 --> 00:43:26.000]  相反
[00:43:26.000 --> 00:43:28.000]  聖经给了我们相当务实
[00:43:28.000 --> 00:43:30.000]  又健康的能力出路
[00:43:30.000 --> 00:43:32.000]  如果评估过双方
[00:43:32.000 --> 00:43:34.000]  关系成熟
[00:43:34.000 --> 00:43:36.000]  大家都有
[00:43:36.000 --> 00:43:38.000]  自然的
[00:43:38.000 --> 00:43:40.000]  欲念
[00:43:40.000 --> 00:43:42.000]  应该顺理成章
[00:43:42.000 --> 00:43:44.000]  进入婚姻轮廓
[00:43:44.000 --> 00:43:46.000]  事实上
[00:43:46.000 --> 00:43:48.000]  聖经中的雅歌
[00:43:48.000 --> 00:43:50.000]  一对恋人从相爱到结婚
[00:43:50.000 --> 00:43:52.000]  爱情和欲念是一个狂想曲
[00:43:54.000 --> 00:43:56.000]  所以
[00:43:56.000 --> 00:43:58.000]  我们对比的时候
[00:43:58.000 --> 00:44:00.000]  《哥伦多前书》整个脉络
[00:44:00.000 --> 00:44:02.000]  很清晰
[00:44:02.000 --> 00:44:04.000]  因为这个思想和《哥伦多前书》
[00:44:04.000 --> 00:44:06.000]  七章八字九节完全一致
[00:44:06.000 --> 00:44:08.000]  保罗认为
[00:44:08.000 --> 00:44:10.000]  独生是最好
[00:44:10.000 --> 00:44:12.000]  但如果男方情欲旺盛
[00:44:12.000 --> 00:44:14.000]  是按捺不住的时候
[00:44:14.000 --> 00:44:16.000]  与其两个人在边界
[00:44:16.000 --> 00:44:18.000]  受试探
[00:44:18.000 --> 00:44:20.000]  觉得待未婚妻不合体统
[00:44:20.000 --> 00:44:22.000]  不如刚明正大地结婚
[00:44:22.000 --> 00:44:24.000]  而且这两个都不是犯罪
[00:44:24.000 --> 00:44:32.000]  我们今天看了
[00:44:32.000 --> 00:44:34.000]  六段经文
[00:44:34.000 --> 00:44:36.000]  从《创世纪》
[00:44:36.000 --> 00:44:38.000]  谈到《新亨宝贝》
[00:44:38.000 --> 00:44:40.000]  再谈到《哥伦多前书》
[00:44:40.000 --> 00:44:42.000]  我们看到
[00:44:42.000 --> 00:44:44.000]  婚姻的粘合
[00:44:44.000 --> 00:44:46.000]  金玉口号的误读
[00:44:46.000 --> 00:44:48.000]  离婚背后的残暴罪责
[00:44:48.000 --> 00:44:50.000]  和性欲
[00:44:50.000 --> 00:44:52.000]  要贪恋真正的边界
[00:44:52.000 --> 00:44:56.000]  回到我们最初的比喻
[00:44:56.000 --> 00:44:58.000]  当我们将
[00:44:58.000 --> 00:45:00.000]  日本里的杂音
[00:45:00.000 --> 00:45:02.000]  调到最低的时候
[00:45:02.000 --> 00:45:04.000]  我们看到绝对不是一个冷冰冰
[00:45:04.000 --> 00:45:06.000]  硬邦邦
[00:45:06.000 --> 00:45:08.000]  不切实际的律法教条
[00:45:08.000 --> 00:45:10.000]  而是一个对人性
[00:45:10.000 --> 00:45:12.000]  有深刻洞察
[00:45:12.000 --> 00:45:14.000]  对弱势者充满怜悯
[00:45:14.000 --> 00:45:16.000]  对婚姻盟约有崇高要求的神
[00:45:18.000 --> 00:45:20.000]  今日之所以不避嫌
[00:45:20.000 --> 00:45:22.000]  去说婚姻、离婚和性欲
[00:45:22.000 --> 00:45:24.000]  这些很敏感
[00:45:24.000 --> 00:45:26.000]  但很关键的议题
[00:45:26.000 --> 00:45:28.000]  正正是因为
[00:45:28.000 --> 00:45:30.000]  圣经的翻译会直接引导
[00:45:30.000 --> 00:45:32.000]  信徒的读经生活
[00:45:32.000 --> 00:45:34.000]  并进一步塑造
[00:45:34.000 --> 00:45:36.000]  教会的牧养方向和伦理的判断
[00:45:36.000 --> 00:45:40.000]  圣经翻译和我们的信仰生活
[00:45:40.000 --> 00:45:42.000]  都有着
[00:45:42.000 --> 00:45:44.000]  不可分割的共同使命
[00:45:44.000 --> 00:45:46.000]  因为翻译
[00:45:46.000 --> 00:45:48.000]  是将神的话语
[00:45:48.000 --> 00:45:50.000]  带到我们自己的语言里
[00:45:50.000 --> 00:45:52.000]  而读经和实践
[00:45:52.000 --> 00:45:54.000]  是将神的话语
[00:45:54.000 --> 00:45:56.000]  带到我们的生命和伦理抉择里
[00:45:56.000 --> 00:46:00.000]  所以在这里
[00:46:00.000 --> 00:46:02.000]  想和大家推荐一下
[00:46:02.000 --> 00:46:06.000]  大家读圣经的时候
[00:46:06.000 --> 00:46:08.000]  如果经常
[00:46:08.000 --> 00:46:10.000]  读惯了一个译本
[00:46:10.000 --> 00:46:12.000]  很容易
[00:46:12.000 --> 00:46:14.000]  因为耳熟能详的关系
[00:46:14.000 --> 00:46:16.000]  很少会在心思里的内容
[00:46:16.000 --> 00:46:18.000]  有时读经生活会变成僵化
[00:46:18.000 --> 00:46:20.000]  所以提议大家
[00:46:20.000 --> 00:46:22.000]  多看其他不同的译本
[00:46:22.000 --> 00:46:24.000]  尤其是一些比较热带的译本
[00:46:24.000 --> 00:46:26.000]  这不是要取代我们心中
[00:46:26.000 --> 00:46:28.000]  对传统译本的情感
[00:46:28.000 --> 00:46:30.000]  而是一个
[00:46:30.000 --> 00:46:32.000]  让我们有一把
[00:46:32.000 --> 00:46:34.000]  更加有力更加精准的工具
[00:46:34.000 --> 00:46:36.000]  让它撥开一些
[00:46:36.000 --> 00:46:38.000]  在历史上
[00:46:38.000 --> 00:46:40.000]  我们翻译的迷雾
[00:46:40.000 --> 00:46:42.000]  更加接近神自己真正的话语
[00:46:44.000 --> 00:46:46.000]  愿神赐福我们在座
[00:46:46.000 --> 00:46:48.000]  每一位牧者 神乐生
[00:46:48.000 --> 00:46:50.000]  朱克诺斯
[00:46:50.000 --> 00:46:52.000]  和弟兄姊妹
[00:46:52.000 --> 00:46:54.000]  无论在讲台上和宣讲
[00:46:54.000 --> 00:46:56.000]  在小组里面查经
[00:46:56.000 --> 00:46:58.000]  还是在个人生活里面
[00:46:58.000 --> 00:47:00.000]  面对复杂的现代伦理处境
[00:47:00.000 --> 00:47:02.000]  我们都是
[00:47:02.000 --> 00:47:04.000]  根据对神的话语细节上的尽忠
[00:47:04.000 --> 00:47:06.000]  成为神话语称职的翻译者
[00:47:06.000 --> 00:47:08.000]  和活出者
[00:47:08.000 --> 00:47:10.000]  多谢大家
[00:47:12.000 --> 00:47:14.000]  在原本录制这个讲座的时候
[00:47:14.000 --> 00:47:16.000]  因为怕时间不够
[00:47:16.000 --> 00:47:18.000]  所以删走了一些例子
[00:47:18.000 --> 00:47:20.000]  但后来发觉原来还有些时间
[00:47:20.000 --> 00:47:22.000]  所以在这里
[00:47:22.000 --> 00:47:24.000]  特别加一个例子当作bonus
[00:47:24.000 --> 00:47:26.000]  让这个讲座的内容更加充实
[00:47:26.000 --> 00:47:28.000]  我们在这里
[00:47:28.000 --> 00:47:30.000]  看到一个关于信仰不同
[00:47:30.000 --> 00:47:32.000]  甚至涉及离婚
[00:47:32.000 --> 00:47:34.000]  抉择的新约案例
[00:47:34.000 --> 00:47:36.000]  《哥伦多前书》
[00:47:36.000 --> 00:47:38.000]  七章十二节
[00:47:38.000 --> 00:47:40.000]  古诺这样说
[00:47:40.000 --> 00:47:42.000]  如果弟兄有不信的妻子
[00:47:42.000 --> 00:47:44.000]  而妻子同意和他住在一起
[00:47:44.000 --> 00:47:46.000]  他就不要离弃妻子
[00:47:46.000 --> 00:47:48.000]  同样
[00:47:48.000 --> 00:47:50.000]  如果妻子有不信的丈夫
[00:47:50.000 --> 00:47:52.000]  就不要离弃丈夫
[00:47:52.000 --> 00:47:54.000]  因为
[00:47:54.000 --> 00:47:56.000]  不信的丈夫已经因妻子而成为圣洁
[00:47:56.000 --> 00:47:58.000]  不信的妻子
[00:47:58.000 --> 00:48:00.000]  也已经因那弟兄而成为圣洁
[00:48:00.000 --> 00:48:02.000]  不然
[00:48:02.000 --> 00:48:04.000]  你们的儿女就不知正
[00:48:04.000 --> 00:48:06.000]  但事实上他们是圣洁的
[00:48:06.000 --> 00:48:08.000]  可是
[00:48:08.000 --> 00:48:10.000]  如果那不信的要离去
[00:48:10.000 --> 00:48:12.000]  就由他离去吧
[00:48:12.000 --> 00:48:14.000]  那弟兄或姐妹都不受约束
[00:48:14.000 --> 00:48:16.000]  神父召你们
[00:48:16.000 --> 00:48:18.000]  是叫你们磨磨
[00:48:18.000 --> 00:48:20.000]  你这做妻子的
[00:48:20.000 --> 00:48:22.000]  怎么知道能不能救你的丈夫呢?
[00:48:22.000 --> 00:48:24.000]  你这做丈夫的
[00:48:24.000 --> 00:48:26.000]  怎么知道能不能救你的妻子呢?
[00:48:26.000 --> 00:48:28.000]  你这做丈夫的
[00:48:28.000 --> 00:48:30.000]  怎么知道能不能救你的妻子呢?
[00:48:30.000 --> 00:48:32.000]  但是传统译本十六节这样翻译
[00:48:32.000 --> 00:48:34.000]  你这做妻子的
[00:48:34.000 --> 00:48:36.000]  怎么知道不能救你的丈夫呢?
[00:48:36.000 --> 00:48:38.000]  你这做丈夫的
[00:48:38.000 --> 00:48:40.000]  怎么知道能不能救你的妻子呢?
[00:48:40.000 --> 00:48:42.000]  我没办法详细解释整段经文
[00:48:42.000 --> 00:48:44.000]  我没办法详细解释整段经文
[00:48:44.000 --> 00:48:46.000]  我没办法详细解释整段经文
[00:48:46.000 --> 00:48:48.000]  而是会将焦点集中放在第十六节的翻译
[00:48:48.000 --> 00:48:50.000]  而是会将焦点集中放在第十六节的翻译
[00:48:50.000 --> 00:48:52.000]  让大家看到翻译上的差异
[00:48:52.000 --> 00:48:54.000]  让大家看到翻译上的差异
[00:48:54.000 --> 00:48:56.000]  如何实际影响论理决策
[00:48:56.000 --> 00:48:58.000]  如何实际影响论理决策
[00:48:58.000 --> 00:49:00.000]  和牧羊祸父祖
[00:49:00.000 --> 00:49:02.000]  和牧羊祸父祖
[00:49:02.000 --> 00:49:04.000]  首先我简略提出一些
[00:49:04.000 --> 00:49:06.000]  关于信徒婚姻对象的
[00:49:06.000 --> 00:49:08.000]  中体性要点
[00:49:08.000 --> 00:49:10.000]  第一,婚姻不是基督徒的特权
[00:49:10.000 --> 00:49:12.000]  第一,婚姻不是基督徒的特权
[00:49:12.000 --> 00:49:14.000]  而是神普遍的恩典
[00:49:14.000 --> 00:49:16.000]  无论是否信徒
[00:49:16.000 --> 00:49:18.000]  婚姻本身都是神性的
[00:49:18.000 --> 00:49:20.000]  所以除非有某些特殊的原因
[00:49:20.000 --> 00:49:22.000]  否则不应该离婚
[00:49:22.000 --> 00:49:24.000]  第二,对于信徒的婚姻
[00:49:24.000 --> 00:49:26.000]  神明有特别的指引
[00:49:26.000 --> 00:49:28.000]  神明有特别的指引
[00:49:28.000 --> 00:49:30.000]  就是信徒应该只和主里的人结婚
[00:49:30.000 --> 00:49:32.000]  就是信徒应该只和主里的人结婚
[00:49:32.000 --> 00:49:34.000]  第三,因为某些原因
[00:49:34.000 --> 00:49:36.000]  信徒已经和不信的人结婚
[00:49:36.000 --> 00:49:38.000]  信徒已经和不信的人结婚
[00:49:38.000 --> 00:49:40.000]  例如,信徒一时的软弱
[00:49:40.000 --> 00:49:42.000]  或者在当时的环境
[00:49:42.000 --> 00:49:44.000]  身不由己,好像以前包办婚姻那样
[00:49:44.000 --> 00:49:46.000]  又或者
[00:49:46.000 --> 00:49:48.000]  相关本来也不是信徒
[00:49:48.000 --> 00:49:50.000]  但结婚之后
[00:49:50.000 --> 00:49:52.000]  其中一方先信主等等
[00:49:52.000 --> 00:49:54.000]  无论如何,只要不信的一方
[00:49:54.000 --> 00:49:56.000]  愿意继续维持婚姻
[00:49:56.000 --> 00:49:58.000]  信徒就不能主动离婚
[00:49:58.000 --> 00:50:00.000]  信徒就不能主动离婚
[00:50:00.000 --> 00:50:02.000]  第四,因为婚姻是神圣的
[00:50:02.000 --> 00:50:04.000]  第四,因为婚姻是神圣的
[00:50:04.000 --> 00:50:06.000]  神的恩典会惠及家人
[00:50:06.000 --> 00:50:08.000]  神的恩典会惠及家人
[00:50:08.000 --> 00:50:10.000]  信徒的子女和不信的配偶
[00:50:10.000 --> 00:50:12.000]  都在这个婚姻当中成为圣洁
[00:50:12.000 --> 00:50:14.000]  都在这个婚姻当中成为圣洁
[00:50:14.000 --> 00:50:16.000]  最后,神的心意
[00:50:16.000 --> 00:50:18.000]  是要我们在婚姻里亲密和和睦
[00:50:18.000 --> 00:50:20.000]  是要我们在婚姻里亲密和和睦
[00:50:20.000 --> 00:50:22.000]  如果不信的一方
[00:50:22.000 --> 00:50:24.000]  表示不愿意和睦相处
[00:50:24.000 --> 00:50:26.000]  例如提出离婚
[00:50:26.000 --> 00:50:28.000]  或者有家暴,持续的严重生理伤害
[00:50:28.000 --> 00:50:30.000]  或者有家暴,持续的严重生理伤害
[00:50:30.000 --> 00:50:32.000]  等等破坏婚姻的形象
[00:50:32.000 --> 00:50:34.000]  信徒就不需要强留这个不信的配偶
[00:50:34.000 --> 00:50:36.000]  信徒就不需要强留这个不信的配偶
[00:50:36.000 --> 00:50:38.000]  信徒就不需要强留这个不信的配偶
[00:50:38.000 --> 00:50:40.000]  如何理解《宫林多前书》七宗十六节
[00:50:40.000 --> 00:50:42.000]  如何理解《宫林多前书》七宗十六节
[00:50:42.000 --> 00:50:44.000]  其实非常影响信徒在面对不信主的配偶
[00:50:44.000 --> 00:50:46.000]  其实非常影响信徒在面对不信主的配偶
[00:50:46.000 --> 00:50:48.000]  应不应该维持婚姻的态度
[00:50:48.000 --> 00:50:50.000]  也直接影响我们对这类弟兄姊妹的关怀和互动
[00:50:50.000 --> 00:50:58.000]  也直接影响我们对这类弟兄姊妹的关怀和互动
[00:50:58.000 --> 00:51:00.000]  虽然只是差了一个字,不能,或者能不能
[00:51:00.000 --> 00:51:02.000]  虽然只是差了一个字,不能,或者能不能
[00:51:02.000 --> 00:51:04.000]  但是整个模样方向的差异就很大
[00:51:04.000 --> 00:51:06.000]  但是整个模样方向的差异就很大
[00:51:06.000 --> 00:51:08.000]  在希腊语文里,这句经文不是反文的句式
[00:51:08.000 --> 00:51:10.000]  在希腊语文里,这句经文不是反文的句式
[00:51:10.000 --> 00:51:12.000]  语文也没有任何预期的肯定或者否定的回答倾向
[00:51:12.000 --> 00:51:14.000]  语文也没有任何预期的肯定或者否定的回答倾向
[00:51:14.000 --> 00:51:16.000]  语文也没有任何预期的肯定或者否定的回答倾向
[00:51:16.000 --> 00:51:20.000]  在基督教学术上可以有两种很不同的理解方式
[00:51:20.000 --> 00:51:22.000]  在基督教学术上可以有两种很不同的理解方式
[00:51:22.000 --> 00:51:24.000]  在基督教学术上可以有两种很不同的理解方式
[00:51:24.000 --> 00:51:26.000]  在基督教学术上可以有两种很不同的理解方式
[00:51:26.000 --> 00:51:28.000]  在基督教学术上可以有两种很不同的理解方式
[00:51:28.000 --> 00:51:30.000]  在基督教学术上可以有两种很不同的理解方式
[00:51:30.000 --> 00:51:32.000]  在基督教学术上可以有两种很不同的理解方式
[00:51:32.000 --> 00:51:34.000]  在基督教学术上可以有两种很不同的理解方式
[00:51:34.000 --> 00:51:36.000]  在基督教学术上可以有两种很不同的理解方式
[00:51:36.000 --> 00:51:38.000]  在基督教学术上可以有两种很不同的理解方式
[00:51:46.000 --> 00:51:48.000]  留住他就有机会得救
[00:51:48.000 --> 00:51:50.000]  留住他就有机会得救
[00:51:50.000 --> 00:51:52.000]  这个看法表面上可以在十二至十四节找到支持
[00:51:52.000 --> 00:51:54.000]  这个看法表面上可以在十二至十四节找到支持
[00:51:54.000 --> 00:51:56.000]  即是因为信徒的缘故
[00:51:56.000 --> 00:51:58.000]  神会赐福给不信的配偶
[00:51:58.000 --> 00:52:00.000]  神会赐福给不信的配偶
[00:52:00.000 --> 00:52:02.000]  但这个解法最大的问题是
[00:52:02.000 --> 00:52:04.000]  它直接跳过了前面紧接住的十五节
[00:52:04.000 --> 00:52:06.000]  它直接跳过了前面紧接住的十五节
[00:52:06.000 --> 00:52:08.000]  在那里,保罗明明说
[00:52:08.000 --> 00:52:10.000]  由得他离开,顶之妹都不受约束
[00:52:10.000 --> 00:52:12.000]  由得他离开,顶之妹都不受约束
[00:52:12.000 --> 00:52:14.000]  所以上下文明显承接得很不自然
[00:52:14.000 --> 00:52:16.000]  所以上下文明显承接得很不自然
[00:52:16.000 --> 00:52:18.000]  所以唯有将十五节当作打叉的插句
[00:52:18.000 --> 00:52:20.000]  所以唯有将十五节当作打叉的插句
[00:52:20.000 --> 00:52:22.000]  而还逆叛,亦做忠圣
[00:52:22.000 --> 00:52:24.000]  而还逆叛,亦做忠圣
[00:52:24.000 --> 00:52:26.000]  你怎知能不能呢?
[00:52:26.000 --> 00:52:28.000]  十六节不单符合十五节的教导
[00:52:28.000 --> 00:52:30.000]  十六节不单符合十五节的教导
[00:52:30.000 --> 00:52:32.000]  十六节不单符合十五节的教导
[00:52:32.000 --> 00:52:34.000]  十六节不单符合十五节的教导
[00:52:34.000 --> 00:52:36.000]  第一,因为神在我们的婚姻里的钦点
[00:52:36.000 --> 00:52:38.000]  第一,因为神在我们的婚姻里的钦点
[00:52:38.000 --> 00:52:40.000]  所以我们不能假定
[00:52:40.000 --> 00:52:42.000]  未信的配偶一定不能得救
[00:52:42.000 --> 00:52:44.000]  因此不要轻易想离婚
[00:52:44.000 --> 00:52:46.000]  因此不要轻易想离婚
[00:52:46.000 --> 00:52:48.000]  第二,如果不信的配偶不愿意和睦同住
[00:52:48.000 --> 00:52:50.000]  第二,如果不信的配偶不愿意和睦同住
[00:52:50.000 --> 00:52:52.000]  你就由得他走
[00:52:52.000 --> 00:52:54.000]  因为就算你夹硬勉强
[00:52:54.000 --> 00:52:56.000]  要和对方留在一段已经名存实亡的婚姻里
[00:52:56.000 --> 00:52:58.000]  要和对方留在一段已经名存实亡的婚姻里
[00:52:58.000 --> 00:53:00.000]  你根本无法保证
[00:53:00.000 --> 00:53:02.000]  就一定能够拯救到对方
[00:53:02.000 --> 00:53:04.000]  就一定能够拯救到对方
[00:53:04.000 --> 00:53:06.000]  第三,这里说到怎么知道呢?
[00:53:06.000 --> 00:53:08.000]  第三,这里说到怎么知道呢?
[00:53:08.000 --> 00:53:10.000]  在旧约里其实是一个惯用的表达
[00:53:10.000 --> 00:53:12.000]  在旧约里其实是一个惯用的表达
[00:53:12.000 --> 00:53:14.000]  古网表示,说不定神会撕连文
[00:53:14.000 --> 00:53:16.000]  古网表示,说不定神会撕连文
[00:53:16.000 --> 00:53:18.000]  即是他承认救恩的主权完全在神手中
[00:53:18.000 --> 00:53:20.000]  即是他承认救恩的主权完全在神手中
[00:53:20.000 --> 00:53:22.000]  人不可以妄自认为神一定会怎么做
[00:53:22.000 --> 00:53:24.000]  人不可以妄自认为神一定会怎么做
[00:53:24.000 --> 00:53:26.000]  我在PowerPoint列出了一些参照经文
[00:53:26.000 --> 00:53:28.000]  我在PowerPoint列出了一些参照经文
[00:53:28.000 --> 00:53:30.000]  如果大家有时间可以仔细看
[00:53:30.000 --> 00:53:32.000]  这些经文显示
[00:53:32.000 --> 00:53:34.000]  神有时会撕连文,有时不会
[00:53:34.000 --> 00:53:36.000]  神有时会撕连文,有时不会
[00:53:36.000 --> 00:53:40.000]  这些经文还保留了愿文解释的弹性
[00:53:40.000 --> 00:53:42.000]  这些经文还保留了愿文解释的弹性
[00:53:42.000 --> 00:53:44.000]  这些经文还保留了愿文解释的弹性
[00:53:44.000 --> 00:53:46.000]  这些经文还保留了愿文解释的弹性
[00:53:46.000 --> 00:53:48.000]  这些经文还保留了愿文解释的弹性
[00:53:48.000 --> 00:53:50.000]  这些经文还保留了愿文解释的弹性
[00:53:50.000 --> 00:53:52.000]  这些经文还保留了愿文解释的弹性
[00:53:52.000 --> 00:53:54.000]  这些经文还保留了愿文解释的弹性
[00:53:54.000 --> 00:53:56.000]  这些经文还保留了愿文解释的弹性
[00:53:56.000 --> 00:53:58.000]  这些经文还保留了愿文解释的弹性
[00:53:58.000 --> 00:54:00.000]  这些经文还保留了愿文解释的弹性
[00:54:06.000 --> 00:54:08.000]  这些经文还保留了愿文解释的弹性
[00:54:08.000 --> 00:54:10.000]  这些经文还保留了愿文解释的弹性
[00:54:10.000 --> 00:54:12.000]  这些经文还保留了愿文解释的弹性
[00:54:12.000 --> 00:54:14.000]  这些经文还保留了愿文解释的弹性
[00:54:14.000 --> 00:54:16.000]  这些经文还保留了愿文解释的弹性
[00:54:16.000 --> 00:54:18.000]  这些经文还保留了愿文解释的弹性
[00:54:18.000 --> 00:54:20.000]  这些经文还保留了愿文解释的弹性
[00:54:20.000 --> 00:54:22.000]  这些经文还保留了愿文解释的弹性
[00:54:22.000 --> 00:54:24.000]  这些经文还保留了愿文解释的弹性
[00:54:24.000 --> 00:54:26.000]  这些经文还保留了愿文解释的弹性
[00:54:26.000 --> 00:54:28.000]  这些经文还保留了愿文解释的弹性
[00:54:36.000 --> 00:54:38.000]  这些经文还保留了愿文解释的弹性
[00:54:38.000 --> 00:54:40.000]  这些经文还保留了愿文解释的弹性
[00:54:40.000 --> 00:54:42.000]  这些经文还保留了愿文解释的弹性
[00:54:42.000 --> 00:54:44.000]  这些经文还保留了愿文解释的弹性
[00:54:44.000 --> 00:54:46.000]  这些经文还保留了愿文解释的弹性
[00:54:46.000 --> 00:54:48.000]  这些经文还保留了愿文解释的弹性
[00:54:48.000 --> 00:54:50.000]  这些经文还保留了愿文解释的弹性
[00:54:50.000 --> 00:54:52.000]  这些经文还保留了愿文解释的弹性
[00:54:52.000 --> 00:54:54.000]  这些经文还保留了愿文解释的弹性
[00:54:54.000 --> 00:54:56.000]  这些经文还保留了愿文解释的弹性
[00:54:56.000 --> 00:54:58.000]  这些经文还保留了愿文解释的弹性
[00:55:06.000 --> 00:55:08.000]  这些经文还保留了愿文解释的弹性
[00:55:08.000 --> 00:55:10.000]  这些经文还保留了愿文解释的弹性
[00:55:10.000 --> 00:55:12.000]  这些经文还保留了愿文解释的弹性
[00:55:12.000 --> 00:55:14.000]  这些经文还保留了愿文解释的弹性
[00:55:14.000 --> 00:55:16.000]  这些经文还保留了愿文解释的弹性
[00:55:16.000 --> 00:55:18.000]  这些经文还保留了愿文解释的弹性
[00:55:18.000 --> 00:55:20.000]  这些经文还保留了愿文解释的弹性
[00:55:20.000 --> 00:55:22.000]  这些经文还保留了愿文解释的弹性
[00:55:22.000 --> 00:55:24.000]  这些经文还保留了愿文解释的弹性
[00:55:24.000 --> 00:55:26.000]  这些经文还保留了愿文解释的弹性
[00:55:26.000 --> 00:55:28.000]  这些经文还保留了愿文解释的弹性
[00:55:36.000 --> 00:55:38.000]  这些经文还保留了愿文解释的弹性
[00:55:38.000 --> 00:55:40.000]  这些经文还保留了愿文解释的弹性
[00:55:40.000 --> 00:55:42.000]  这些经文还保留了愿文解释的弹性
[00:55:42.000 --> 00:55:44.000]  这些经文还保留了愿文解释的弹性
[00:55:44.000 --> 00:55:46.000]  这些经文还保留了愿文解释的弹性
[00:55:46.000 --> 00:55:48.000]  这些经文还保留了愿文解释的弹性
[00:55:48.000 --> 00:55:50.000]  这些经文还保留了愿文解释的弹性
[00:55:50.000 --> 00:55:52.000]  这些经文还保留了愿文解释的弹性
[00:55:52.000 --> 00:55:54.000]  这些经文还保留了愿文解释的弹性
[00:55:54.000 --> 00:55:56.000]  这些经文还保留了愿文解释的弹性
[00:55:56.000 --> 00:55:58.000]  这些经文还保留了愿文解释的弹性
[00:56:06.000 --> 00:56:08.000]  这些经文还保留了愿文解释的弹性
[00:56:08.000 --> 00:56:10.000]  这些经文还保留了愿文解释的弹性
[00:56:10.000 --> 00:56:12.000]  这些经文还保留了愿文解释的弹性
[00:56:12.000 --> 00:56:14.000]  这些经文还保留了愿文解释的弹性
[00:56:14.000 --> 00:56:16.000]  这些经文还保留了愿文解释的弹性
[00:56:16.000 --> 00:56:18.000]  这些经文还保留了愿文解释的弹性
[00:56:18.000 --> 00:56:20.000]  这些经文还保留了愿文解释的弹性
[00:56:20.000 --> 00:56:22.000]  这些经文还保留了愿文解释的弹性
[00:56:22.000 --> 00:56:24.000]  这些经文还保留了愿文解释的弹性
[00:56:24.000 --> 00:56:26.000]  这些经文还保留了愿文解释的弹性
[00:56:26.000 --> 00:56:28.000]  这些经文还保留了愿文解释的弹性
[00:56:36.000 --> 00:56:38.000]  这些经文还保留了愿文解释的弹性
[00:56:38.000 --> 00:56:40.000]  这些经文还保留了愿文解释的弹性
[00:56:40.000 --> 00:56:42.000]  这些经文还保留了愿文解释的弹性
[00:56:42.000 --> 00:56:44.000]  这些经文还保留了愿文解释的弹性
[00:56:44.000 --> 00:56:46.000]  这些经文还保留了愿文解释的弹性
[00:56:46.000 --> 00:56:48.000]  这些经文还保留了愿文解释的弹性
[00:56:48.000 --> 00:56:50.000]  这些经文还保留了愿文解释的弹性
[00:56:50.000 --> 00:56:52.000]  这些经文还保留了愿文解释的弹性
[00:56:52.000 --> 00:56:54.000]  这些经文还保留了愿文解释的弹性
[00:56:54.000 --> 00:56:56.000]  这些经文还保留了愿文解释的弹性
[00:56:56.000 --> 00:56:58.000]  这些经文还保留了愿文解释的弹性
[00:57:06.000 --> 00:57:08.000]  这些经文还保留了愿文解释的弹性
[00:57:08.000 --> 00:57:10.000]  这些经文还保留了愿文解释的弹性
[00:57:10.000 --> 00:57:12.000]  这些经文还保留了愿文解释的弹性
[00:57:12.000 --> 00:57:14.000]  这些经文还保留了愿文解释的弹性
[00:57:14.000 --> 00:57:16.000]  这些经文还保留了愿文解释的弹性
[00:57:16.000 --> 00:57:18.000]  这些经文还保留了愿文解释的弹性
[00:57:18.000 --> 00:57:20.000]  这些经文还保留了愿文解释的弹性
[00:57:20.000 --> 00:57:22.000]  这些经文还保留了愿文解释的弹性
[00:57:22.000 --> 00:57:24.000]  这些经文还保留了愿文解释的弹性
[00:57:24.000 --> 00:57:26.000]  这些经文还保留了愿文解释的弹性
[00:57:26.000 --> 00:57:28.000]  这些经文还保留了愿文解释的弹性
[00:57:36.000 --> 00:57:38.000]  这些经文还保留了愿文解释的弹性
[00:57:38.000 --> 00:57:40.000]  这些经文还保留了愿文解释的弹性
[00:57:40.000 --> 00:57:42.000]  这些经文还保留了愿文解释的弹性
[00:57:42.000 --> 00:57:44.000]  这些经文还保留了愿文解释的弹性
[00:57:44.000 --> 00:57:46.000]  这些经文还保留了愿文解释的弹性
[00:57:46.000 --> 00:57:48.000]  这些经文还保留了愿文解释的弹性
[00:57:48.000 --> 00:57:50.000]  这些经文还保留了愿文解释的弹性
[00:57:50.000 --> 00:57:52.000]  这些经文还保留了愿文解释的弹性
[00:57:52.000 --> 00:57:54.000]  这些经文还保留了愿文解释的弹性
[00:57:54.000 --> 00:57:56.000]  这些经文还保留了愿文解释的弹性
[00:57:56.000 --> 00:57:58.000]  这些经文还保留了愿文解释的弹性
[00:58:06.000 --> 00:58:08.000]  这些经文还保留了愿文解释的弹性
[00:58:08.000 --> 00:58:10.000]  这些经文还保留了愿文解释的弹性
[00:58:10.000 --> 00:58:12.000]  这些经文还保留了愿文解释的弹性
[00:58:12.000 --> 00:58:14.000]  这些经文还保留了愿文解释的弹性
[00:58:14.000 --> 00:58:16.000]  这些经文还保留了愿文解释的弹性
[00:58:16.000 --> 00:58:18.000]  这些经文还保留了愿文解释的弹性
[00:58:18.000 --> 00:58:20.000]  这些经文还保留了愿文解释的弹性
[00:58:20.000 --> 00:58:22.000]  这些经文还保留了愿文解释的弹性
[00:58:22.000 --> 00:58:24.000]  这些经文还保留了愿文解释的弹性
[00:58:24.000 --> 00:58:26.000]  这些经文还保留了愿文解释的弹性
[00:58:26.000 --> 00:58:28.000]  这些经文还保留了愿文解释的弹性
[00:58:36.000 --> 00:58:38.000]  这些经文还保留了愿文解释的弹性
[00:58:38.000 --> 00:58:40.000]  这些经文还保留了愿文解释的弹性
[00:58:40.000 --> 00:58:42.000]  这些经文还保留了愿文解释的弹性
[00:58:42.000 --> 00:58:44.000]  这些经文还保留了愿文解释的弹性
[00:58:44.000 --> 00:58:46.000]  这些经文还保留了愿文解释的弹性
[00:58:46.000 --> 00:58:48.000]  这些经文还保留了愿文解释的弹性
[00:58:48.000 --> 00:58:50.000]  这些经文还保留了愿文解释的弹性
[00:58:50.000 --> 00:58:52.000]  这些经文还保留了愿文解释的弹性
[00:58:52.000 --> 00:58:54.000]  这些经文还保留了愿文解释的弹性
[00:58:54.000 --> 00:58:56.000]  这些经文还保留了愿文解释的弹性
[00:58:56.000 --> 00:58:58.000]  这些经文还保留了愿文解释的弹性
[00:59:06.000 --> 00:59:08.000]  这些经文还保留了愿文解释的弹性
[00:59:08.000 --> 00:59:10.000]  这些经文还保留了愿文解释的弹性
[00:59:10.000 --> 00:59:12.000]  这些经文还保留了愿文解释的弹性
[00:59:12.000 --> 00:59:14.000]  这些经文还保留了愿文解释的弹性
[00:59:14.000 --> 00:59:16.000]  这些经文还保留了愿文解释的弹性
[00:59:16.000 --> 00:59:18.000]  这些经文还保留了愿文解释的弹性
[00:59:18.000 --> 00:59:20.000]  这些经文还保留了愿文解释的弹性
[00:59:20.000 --> 00:59:22.000]  这些经文还保留了愿文解释的弹性
[00:59:22.000 --> 00:59:24.000]  这些经文还保留了愿文解释的弹性
[00:59:24.000 --> 00:59:26.000]  这些经文还保留了愿文解释的弹性
[00:59:26.000 --> 00:59:28.000]  这些经文还保留了愿文解释的弹性
[00:59:36.000 --> 00:59:38.000]  这些经文还保留了愿文解释的弹性
[00:59:38.000 --> 00:59:40.000]  这些经文还保留了愿文解释的弹性
[00:59:40.000 --> 00:59:42.000]  这些经文还保留了愿文解释的弹性
[00:59:42.000 --> 00:59:44.000]  这些经文还保留了愿文解释的弹性
[00:59:44.000 --> 00:59:46.000]  这些经文还保留了愿文解释的弹性
[00:59:46.000 --> 00:59:48.000]  这些经文还保留了愿文解释的弹性
[00:59:48.000 --> 00:59:50.000]  这些经文还保留了愿文解释的弹性
[00:59:50.000 --> 00:59:52.000]  这些经文还保留了愿文解释的弹性
[00:59:52.000 --> 00:59:54.000]  这些经文还保留了愿文解释的弹性
[00:59:54.000 --> 00:59:56.000]  这些经文还保留了愿文解释的弹性
[00:59:56.000 --> 00:59:58.000]  这些经文还保留了愿文解释的弹性
[01:00:06.000 --> 01:00:08.000]  这些经文还保留了愿文解释的弹性
[01:00:08.000 --> 01:00:10.000]  这些经文还保留了愿文解释的弹性
[01:00:10.000 --> 01:00:12.000]  这些经文还保留了愿文解释的弹性
[01:00:12.000 --> 01:00:14.000]  这些经文还保留了愿文解释的弹性
[01:00:14.000 --> 01:00:16.000]  这些经文还保留了愿文解释的弹性
[01:00:16.000 --> 01:00:18.000]  这些经文还保留了愿文解释的弹性
[01:00:18.000 --> 01:00:20.000]  这些经文还保留了愿文解释的弹性
[01:00:20.000 --> 01:00:22.000]  这些经文还保留了愿文解释的弹性
[01:00:22.000 --> 01:00:24.000]  这些经文还保留了愿文解释的弹性
[01:00:24.000 --> 01:00:26.000]  这些经文还保留了愿文解释的弹性
[01:00:26.000 --> 01:00:28.000]  这些经文还保留了愿文解释的弹性
[01:00:36.000 --> 01:00:38.000]  这些经文还保留了愿文解释的弹性
[01:00:38.000 --> 01:00:40.000]  这些经文还保留了愿文解释的弹性
[01:00:40.000 --> 01:00:42.000]  这些经文还保留了愿文解释的弹性
[01:00:42.000 --> 01:00:44.000]  这些经文还保留了愿文解释的弹性
[01:00:44.000 --> 01:00:46.000]  这些经文还保留了愿文解释的弹性
[01:00:46.000 --> 01:00:48.000]  这些经文还保留了愿文解释的弹性
[01:00:48.000 --> 01:00:50.000]  这些经文还保留了愿文解释的弹性
[01:00:50.000 --> 01:00:52.000]  这些经文还保留了愿文解释的弹性
[01:00:52.000 --> 01:00:54.000]  这些经文还保留了愿文解释的弹性
[01:00:54.000 --> 01:00:56.000]  这些经文还保留了愿文解释的弹性
[01:00:56.000 --> 01:00:58.000]  这些经文还保留了愿文解释的弹性
[01:01:06.000 --> 01:01:08.000]  这些经文还保留了愿文解释的弹性
[01:01:08.000 --> 01:01:10.000]  这些经文还保留了愿文解释的弹性
[01:01:10.000 --> 01:01:12.000]  这些经文还保留了愿文解释的弹性
[01:01:12.000 --> 01:01:14.000]  这些经文还保留了愿文解释的弹性
[01:01:14.000 --> 01:01:16.000]  这些经文还保留了愿文解释的弹性
[01:01:16.000 --> 01:01:18.000]  这些经文还保留了愿文解释的弹性
[01:01:18.000 --> 01:01:20.000]  这些经文还保留了愿文解释的弹性
[01:01:20.000 --> 01:01:22.000]  这些经文还保留了愿文解释的弹性
[01:01:22.000 --> 01:01:24.000]  这些经文还保留了愿文解释的弹性
[01:01:24.000 --> 01:01:26.000]  这些经文还保留了愿文解释的弹性
[01:01:26.000 --> 01:01:28.000]  这些经文还保留了愿文解释的弹性
[01:01:36.000 --> 01:01:38.000]  这些经文还保留了愿文解释的弹性
[01:01:38.000 --> 01:01:40.000]  这些经文还保留了愿文解释的弹性
[01:01:40.000 --> 01:01:42.000]  这些经文还保留了愿文解释的弹性
[01:01:42.000 --> 01:01:44.000]  这些经文还保留了愿文解释的弹性
[01:01:44.000 --> 01:01:46.000]  这些经文还保留了愿文解释的弹性
[01:01:46.000 --> 01:01:48.000]  这些经文还保留了愿文解释的弹性
[01:01:48.000 --> 01:01:50.000]  这些经文还保留了愿文解释的弹性
[01:01:50.000 --> 01:01:52.000]  这些经文还保留了愿文解释的弹性
[01:01:52.000 --> 01:01:54.000]  这些经文还保留了愿文解释的弹性
[01:01:54.000 --> 01:01:56.000]  这些经文还保留了愿文解释的弹性
[01:01:56.000 --> 01:01:58.000]  这些经文还保留了愿文解释的弹性
[01:02:06.000 --> 01:02:08.000]  这些经文还保留了愿文解释的弹性
[01:02:08.000 --> 01:02:10.000]  这些经文还保留了愿文解释的弹性
[01:02:10.000 --> 01:02:12.000]  这些经文还保留了愿文解释的弹性
[01:02:12.000 --> 01:02:14.000]  这些经文还保留了愿文解释的弹性
[01:02:14.000 --> 01:02:16.000]  这些经文还保留了愿文解释的弹性
[01:02:16.000 --> 01:02:18.000]  这些经文还保留了愿文解释的弹性
[01:02:18.000 --> 01:02:20.000]  这些经文还保留了愿文解释的弹性
[01:02:20.000 --> 01:02:22.000]  这些经文还保留了愿文解释的弹性
[01:02:22.000 --> 01:02:24.000]  这些经文还保留了愿文解释的弹性
[01:02:24.000 --> 01:02:26.000]  这些经文还保留了愿文解释的弹性
[01:02:26.000 --> 01:02:28.000]  这些经文还保留了愿文解释的弹性
[01:02:36.000 --> 01:02:38.000]  这些经文还保留了愿文解释的弹性
[01:02:38.000 --> 01:02:40.000]  这些经文还保留了愿文解释的弹性
[01:02:40.000 --> 01:02:42.000]  这些经文还保留了愿文解释的弹性
[01:02:42.000 --> 01:02:44.000]  这些经文还保留了愿文解释的弹性
[01:02:44.000 --> 01:02:46.000]  这些经文还保留了愿文解释的弹性
[01:02:46.000 --> 01:02:48.000]  这些经文还保留了愿文解释的弹性
[01:02:48.000 --> 01:02:50.000]  这些经文还保留了愿文解释的弹性
[01:02:50.000 --> 01:02:52.000]  这些经文还保留了愿文解释的弹性
[01:02:52.000 --> 01:02:54.000]  这些经文还保留了愿文解释的弹性
[01:02:54.000 --> 01:02:56.000]  这些经文还保留了愿文解释的弹性
[01:02:56.000 --> 01:02:58.000]  这些经文还保留了愿文解释的弹性
[01:03:06.000 --> 01:03:08.000]  这些经文还保留了愿文解释的弹性
[01:03:08.000 --> 01:03:10.000]  这些经文还保留了愿文解释的弹性
[01:03:10.000 --> 01:03:12.000]  这些经文还保留了愿文解释的弹性
[01:03:12.000 --> 01:03:14.000]  这些经文还保留了愿文解释的弹性
[01:03:14.000 --> 01:03:16.000]  这些经文还保留了愿文解释的弹性
[01:03:16.000 --> 01:03:18.000]  这些经文还保留了愿文解释的弹性
[01:03:18.000 --> 01:03:20.000]  这些经文还保留了愿文解释的弹性
[01:03:20.000 --> 01:03:22.000]  这些经文还保留了愿文解释的弹性
[01:03:22.000 --> 01:03:24.000]  这些经文还保留了愿文解释的弹性
[01:03:24.000 --> 01:03:26.000]  这些经文还保留了愿文解释的弹性
[01:03:26.000 --> 01:03:28.000]  这些经文还保留了愿文解释的弹性
[01:03:36.000 --> 01:03:38.000]  这些经文还保留了愿文解释的弹性
[01:03:38.000 --> 01:03:40.000]  这些经文还保留了愿文解释的弹性
[01:03:40.000 --> 01:03:42.000]  这些经文还保留了愿文解释的弹性
[01:03:42.000 --> 01:03:44.000]  这些经文还保留了愿文解释的弹性
[01:03:44.000 --> 01:03:46.000]  这些经文还保留了愿文解释的弹性
[01:03:46.000 --> 01:03:48.000]  这些经文还保留了愿文解释的弹性
[01:03:48.000 --> 01:03:50.000]  这些经文还保留了愿文解释的弹性
[01:03:50.000 --> 01:03:52.000]  这些经文还保留了愿文解释的弹性
[01:03:52.000 --> 01:03:54.000]  这些经文还保留了愿文解释的弹性
[01:03:54.000 --> 01:03:56.000]  这些经文还保留了愿文解释的弹性
[01:03:56.000 --> 01:03:58.000]  这些经文还保留了愿文解释的弹性
[01:04:06.000 --> 01:04:08.000]  这些经文还保留了愿文解释的弹性
[01:04:08.000 --> 01:04:10.000]  这些经文还保留了愿文解释的弹性
[01:04:10.000 --> 01:04:12.000]  这些经文还保留了愿文解释的弹性
[01:04:12.000 --> 01:04:14.000]  这些经文还保留了愿文解释的弹性
[01:04:14.000 --> 01:04:16.000]  这些经文还保留了愿文解释的弹性
[01:04:16.000 --> 01:04:18.000]  这些经文还保留了愿文解释的弹性
[01:04:18.000 --> 01:04:20.000]  这些经文还保留了愿文解释的弹性
[01:04:20.000 --> 01:04:22.000]  这些经文还保留了愿文解释的弹性
[01:04:22.000 --> 01:04:24.000]  这些经文还保留了愿文解释的弹性
[01:04:24.000 --> 01:04:26.000]  这些经文还保留了愿文解释的弹性
[01:04:26.000 --> 01:04:28.000]  这些经文还保留了愿文解释的弹性
[01:04:36.000 --> 01:04:38.000]  这些经文还保留了愿文解释的弹性
[01:04:38.000 --> 01:04:40.000]  这些经文还保留了愿文解释的弹性
[01:04:40.000 --> 01:04:42.000]  这些经文还保留了愿文解释的弹性
[01:04:42.000 --> 01:04:44.000]  这些经文还保留了愿文解释的弹性
[01:04:44.000 --> 01:04:46.000]  这些经文还保留了愿文解释的弹性
[01:04:46.000 --> 01:04:48.000]  这些经文还保留了愿文解释的弹性
[01:04:48.000 --> 01:04:50.000]  这些经文还保留了愿文解释的弹性
[01:04:50.000 --> 01:04:52.000]  这些经文还保留了愿文解释的弹性
[01:04:52.000 --> 01:04:54.000]  这些经文还保留了愿文解释的弹性
[01:04:54.000 --> 01:04:56.000]  这些经文还保留了愿文解释的弹性
[01:04:56.000 --> 01:04:58.000]  这些经文还保留了愿文解释的弹性
[01:05:06.000 --> 01:05:11.000]  所讲到的正是我们的幕会的幕者
[01:05:11.000 --> 01:05:13.000]  是经常要去面对的
[01:05:13.000 --> 01:05:16.000]  以及经常讲的经文
[01:05:16.000 --> 01:05:18.000]  在分线辅导
[01:05:18.000 --> 01:05:22.000]  遇到一些弟兄姊妹要离婚
[01:05:22.000 --> 01:05:26.000]  或者一些年轻人面对分线性行为
[01:05:26.000 --> 01:05:32.000]  或者要处理今天大理教会的年轻人也好
[01:05:32.000 --> 01:05:35.000]  或者甚至一些弟兄姊妹也好
[01:05:35.000 --> 01:05:38.000]  这个淫乱的事情
[01:05:38.000 --> 01:05:42.000]  都是经常要面对和运用的经文
[01:05:42.000 --> 01:05:45.000]  在这些经文里面
[01:05:45.000 --> 01:05:52.000]  以前我们用华本或者用一些圣经参考
[01:05:52.000 --> 01:05:58.000]  都是凭着我们中文的理解去理解的
[01:05:58.000 --> 01:06:04.000]  或者参考一些所谓愿文的字
[01:06:04.000 --> 01:06:08.000]  但是我们对愿文的学习都是有限的
[01:06:08.000 --> 01:06:15.000]  去带出那些意思
[01:06:15.000 --> 01:06:17.000]  但是这次听完之后
[01:06:17.000 --> 01:06:24.000]  就发觉原来在里面看到《环球时经》的译本
[01:06:24.000 --> 01:06:27.000]  和听到张博士所讲
[01:06:27.000 --> 01:06:33.000]  是更加清晰和更加了解这个愿文
[01:06:33.000 --> 01:06:36.000]  它的意思对我们的帮助是很大的
[01:06:36.000 --> 01:06:40.000]  特别我觉得自己
[01:06:40.000 --> 01:06:46.000]  例如看到《创世纪》这一节
[01:06:46.000 --> 01:06:52.000]  关于夫妻之间的关系里面提到
[01:06:52.000 --> 01:07:06.000]  二人成为一体亲密相连
[01:07:06.000 --> 01:07:11.000]  还有提到张要离开父母
[01:07:11.000 --> 01:07:15.000]  我很认同张博士所讲到的
[01:07:15.000 --> 01:07:18.000]  如果要离开父母
[01:07:18.000 --> 01:07:22.000]  就好像有些很命令
[01:07:22.000 --> 01:07:25.000]  或者好像有些教条式的感受
[01:07:25.000 --> 01:07:30.000]  但是张离开父母这个说法
[01:07:30.000 --> 01:07:33.000]  是比较柔软一些
[01:07:33.000 --> 01:07:39.000]  其实他们是从谈恋爱开始到婚姻里面
[01:07:39.000 --> 01:07:42.000]  都是一直要去做的事情
[01:07:42.000 --> 01:07:45.000]  就是不受到这些影响
[01:07:45.000 --> 01:07:48.000]  原生家庭带来的影响等等
[01:07:48.000 --> 01:07:51.000]  让我们感觉
[01:07:51.000 --> 01:07:53.000]  就是讲和教导的时候
[01:07:53.000 --> 01:07:56.000]  从顶层就好像不是一些教条
[01:07:56.000 --> 01:08:00.000]  而是很接地气的一个感觉
[01:08:00.000 --> 01:08:07.000]  还有看到教导那个亲密相连
[01:08:07.000 --> 01:08:11.000]  就变成如果是这么简单去看联合的话
[01:08:11.000 --> 01:08:14.000]  这个就比较可能很容易
[01:08:14.000 --> 01:08:18.000]  只是感受到性的关系
[01:08:18.000 --> 01:08:23.000]  如果是亲密相连就有很多解释的东西
[01:08:23.000 --> 01:08:25.000]  譬如说情感
[01:08:25.000 --> 01:08:27.000]  譬如说各个方面的时候
[01:08:27.000 --> 01:08:32.000]  就好像感受夫妻之间的关系
[01:08:32.000 --> 01:08:34.000]  是更多的方面
[01:08:34.000 --> 01:08:36.000]  是更多的融合
[01:08:36.000 --> 01:08:40.000]  所以我觉得这些的解经
[01:08:40.000 --> 01:08:45.000]  让我们更多更好地了解性经
[01:08:45.000 --> 01:08:48.000]  用在我们的牧养里面
[01:08:48.000 --> 01:08:55.000]  这个就是我听完第二届的辉大会
[01:08:55.000 --> 01:08:59.000]  给我的一些感受和回应
[01:08:59.000 --> 01:09:03.000]  都期待第三届可以更多
[01:09:03.000 --> 01:09:07.000]  或者更好地去接地气
[01:09:07.000 --> 01:09:10.000]  或者我们在牧会当中会关心
[01:09:10.000 --> 01:09:14.000]  或者经常遇到一些经文的解释
[01:09:14.000 --> 01:09:17.000]  让我们更清楚地去了解
[01:09:17.000 --> 01:09:22.000]  和可以运用在我们的牧养或者讲道里面
[01:09:22.000 --> 01:09:25.000]  这个就是我有少少的回应
[01:09:31.000 --> 01:09:37.000]  感谢神的恩典给我们刚才两位牧者有一些回应
[01:09:37.000 --> 01:09:39.000]  特别我自己也是牧会
[01:09:39.000 --> 01:09:41.000]  也在婚姻辅导上有服侍
[01:09:41.000 --> 01:09:46.000]  看到翻译和我们在婚姻的议题上
[01:09:46.000 --> 01:09:49.000]  很多伦理的问题上很有关系
[01:09:49.000 --> 01:09:53.000]  下面这个环节我就要介绍一下
[01:09:53.000 --> 01:09:56.000]  感谢神给我们环球星空有这个感动
[01:09:56.000 --> 01:09:58.000]  有这个呼召
[01:09:58.000 --> 01:10:01.000]  去成立一个《聖经中文翻译中心》
[01:10:01.000 --> 01:10:05.000]  这个《聖经中文翻译中心》主要的工作是什么呢?
[01:10:05.000 --> 01:10:07.000]  我就要介绍给大家
[01:10:07.000 --> 01:10:11.000]  容许我先请同工给我们放一段简单的视频
[01:10:11.000 --> 01:10:14.000]  先来介绍一下环球星空工会一路的工作
[01:10:14.000 --> 01:10:16.000]  这些工作大家往后就会明白
[01:10:16.000 --> 01:10:19.000]  我们为什么要去成立这个翻译中心
[01:10:19.000 --> 01:10:21.000]  请Christina先给我们放这一段
[01:10:21.000 --> 01:10:23.000]  很短的几分钟的视频
[01:10:23.000 --> 01:10:24.000]  多谢
[01:10:28.000 --> 01:10:30.000]  承接上世纪七十年代
[01:10:30.000 --> 01:10:32.000]  中文《圣经新译会》
[01:10:32.000 --> 01:10:35.000]  承传西教史尼华译经的使命
[01:10:35.000 --> 01:10:39.000]  他们终于在1992年出版了《圣经新译本》
[01:10:39.000 --> 01:10:40.000]  感谢神
[01:10:40.000 --> 01:10:44.000]  环球圣经工会继续传承译经的使命
[01:10:44.000 --> 01:10:48.000]  在2023年又出版了《环球圣经译本》
[01:10:48.000 --> 01:10:52.000]  藉此服侍21世纪的全球华人、教会和信徒
[01:10:52.000 --> 01:10:55.000]  《环球圣经译本》推出之后
[01:10:55.000 --> 01:10:58.000]  可以帮助世界各地的牧师完善港岛的服侍
[01:10:58.000 --> 01:11:02.000]  让信徒在读经和领修时有全新的领袖
[01:11:02.000 --> 01:11:05.000]  《环球圣经译本》在翻译的过程中
[01:11:05.000 --> 01:11:09.000]  由资深译经学者带领来自全球新一代的
[01:11:09.000 --> 01:11:11.000]  华人圣经学者一同参与
[01:11:11.000 --> 01:11:13.000]  共同作出贡献
[01:11:13.000 --> 01:11:17.000]  另外还开了首届圣经中文翻译大会
[01:11:17.000 --> 01:11:20.000]  加强培训译经人才的后续推进
[01:11:20.000 --> 01:11:24.000]  感谢神的带领
[01:11:24.000 --> 01:11:26.000]  令到《环球圣经公会》
[01:11:26.000 --> 01:11:30.000]  可以一同参与多个国际宣教机构推动的
[01:11:30.000 --> 01:11:33.000]  少数民族的译经和出版工作
[01:11:33.000 --> 01:11:37.000]  让我们实践以胸怀普世国度的视野
[01:11:37.000 --> 01:11:41.000]  将神的话语带到世界每一个国络和族群
[01:11:41.000 --> 01:11:43.000]  感谢神
[01:11:43.000 --> 01:11:45.000]  《环球圣经公会》这么多年以来
[01:11:45.000 --> 01:11:49.000]  出了各式各样的圣经、领修和研经材料
[01:11:49.000 --> 01:11:52.000]  满足了教会和信徒不同的需要
[01:11:53.000 --> 01:11:57.000]  圣经方面就有很多种不同语言文字
[01:11:57.000 --> 01:12:01.000]  不同主题、不同大小、不同款式的圣经
[01:12:01.000 --> 01:12:05.000]  另外我们还出了很多不同的材料
[01:12:05.000 --> 01:12:08.000]  是为了帮助信徒各方面的需要
[01:12:08.000 --> 01:12:11.000]  让弟兄姊妹的灵命可以全面地成长
[01:12:11.000 --> 01:12:16.000]  感谢神带领《环球圣经公会》
[01:12:16.000 --> 01:12:19.000]  过去这么多年一直邀请世界各地的圣经学者
[01:12:19.000 --> 01:12:23.000]  定期主持圣经专题讲座和查经班栽培信徒
[01:12:23.000 --> 01:12:27.000]  另外回应教会的邀请主讲崇拜信息
[01:12:27.000 --> 01:12:31.000]  主领读经营会帮助信徒认识并实行真理
[01:12:31.000 --> 01:12:34.000]  感谢神
[01:12:34.000 --> 01:12:37.000]  《环球圣经公会》自从2000年
[01:12:37.000 --> 01:12:40.000]  分别在香港和美国注册成立之后
[01:12:40.000 --> 01:12:43.000]  到现在我们已经在全球有7个地区的办事处
[01:12:43.000 --> 01:12:48.000]  将神的话语的服事推广到全世界各地的华人教会和信徒
[01:12:48.000 --> 01:12:50.000]  帮信徒明白神的说话
[01:12:50.000 --> 01:12:52.000]  将神的道法扬光大
[01:12:52.000 --> 01:12:56.000]  让信徒的信仰和生命都扎根在神的圣言中
[01:12:56.000 --> 01:13:00.000]  未来《环球圣经公会》会靠着主的恩典
[01:13:00.000 --> 01:13:03.000]  继续扩阔和深化易经和弘道的事宫
[01:13:03.000 --> 01:13:07.000]  包括将我们的服务扩展到全球更多国家和地区
[01:13:07.000 --> 01:13:12.000]  让各地的华人教会和信徒可以更直接地得到我们的出版物
[01:13:12.000 --> 01:13:14.000]  和圣经教导方面的服务
[01:13:16.000 --> 01:13:20.000]  另外,我们还计划开展多些弘道配套服务
[01:13:20.000 --> 01:13:23.000]  例如用还义本出多些配套材料
[01:13:23.000 --> 01:13:27.000]  写一本还义本易经手册帮少数民族翻译圣经
[01:13:27.000 --> 01:13:29.000]  为宣教事宫出一分力
[01:13:29.000 --> 01:13:33.000]  同一时间,他们还会透过世界各地的分会
[01:13:33.000 --> 01:13:35.000]  一起合力推动派圣经的事宫
[01:13:35.000 --> 01:13:38.000]  将福音传开,带人信主
[01:13:38.000 --> 01:13:43.000]  最后,由2024年开始推行的《环球读经研经行动》
[01:13:43.000 --> 01:13:47.000]  今年已经进入了一个新的两年读经计划
[01:13:47.000 --> 01:13:49.000]  内容包括:
[01:13:49.000 --> 01:13:52.000]  速读,两年读完整本圣经一次
[01:13:52.000 --> 01:13:55.000]  参加者每天会收到经文的超连结
[01:13:55.000 --> 01:13:57.000]  可以看着YouTube片一起读
[01:13:57.000 --> 01:14:00.000]  直环日本领寿神的说话
[01:14:00.000 --> 01:14:03.000]  卷读,就是跟着速读进度
[01:14:03.000 --> 01:14:07.000]  大概看看和听听每卷书的结构和大纲
[01:14:07.000 --> 01:14:11.000]  灵读,就是配合速读进度
[01:14:11.000 --> 01:14:16.000]  参加者每天都会收到一些由经文落印语出来的灵修信息
[01:14:16.000 --> 01:14:18.000]  有笔记可以下载
[01:14:18.000 --> 01:14:23.000]  唯读,就是一群人在一个行动群组里开小组
[01:14:23.000 --> 01:14:25.000]  全方位地读经
[01:14:25.000 --> 01:14:28.000]  每天一起读,一起分享,一起行主的道
[01:14:28.000 --> 01:14:33.000]  诚意邀请各位弟兄姊妹以祷告和奉献
[01:14:33.000 --> 01:14:35.000]  纪念我们的事宫
[01:14:35.000 --> 01:14:38.000]  让我们可以努力完成主交托的使命
[01:14:38.000 --> 01:14:41.000]  榮神益人
[01:15:08.000 --> 01:15:12.000]  我们说我们很多时候是单向,很多讲座都是单向
[01:15:12.000 --> 01:15:14.000]  我们希望藉着翻译中心
[01:15:14.000 --> 01:15:18.000]  更多与弟兄姊妹在神的话语上的交流
[01:15:18.000 --> 01:15:20.000]  我们的目标
[01:15:20.000 --> 01:15:22.000]  其实我一直在讲的
[01:15:22.000 --> 01:15:26.000]  都是我们一直在思索,一直在寻求神的恩典
[01:15:26.000 --> 01:15:28.000]  神的带领,一直在做
[01:15:28.000 --> 01:15:31.000]  我们这次成立这个中文翻译中心的目标
[01:15:31.000 --> 01:15:34.000]  就是希望能够确保所有的圣经翻译
[01:15:34.000 --> 01:15:37.000]  那个译文的准确性和清澈度
[01:15:37.000 --> 01:15:39.000]  我们刚才也说了,我们准确地去翻译
[01:15:39.000 --> 01:15:43.000]  我们也希望和弟兄姊妹更多的来沟通
[01:15:43.000 --> 01:15:45.000]  给我们的译文,为什么要这样读呢?
[01:15:45.000 --> 01:15:49.000]  更清晰的来帮助弟兄姊妹明白神的话语
[01:15:49.000 --> 01:15:54.000]  我们环球星宫的目标很清晰
[01:15:54.000 --> 01:15:56.000]  我们两方面,一个是识经,一个是弘道
[01:15:56.000 --> 01:15:58.000]  一个是译经,翻译圣经
[01:15:58.000 --> 01:16:00.000]  一个就是推动读经,弘道
[01:16:00.000 --> 01:16:04.000]  我们也是按着这两个目标去服侍弟兄姊妹
[01:16:04.000 --> 01:16:06.000]  在这个核心的事宫上
[01:16:06.000 --> 01:16:08.000]  翻译中心的事宫上
[01:16:08.000 --> 01:16:12.000]  包括我们在翻译识经的里面
[01:16:12.000 --> 01:16:15.000]  在翻译和修订的里面
[01:16:15.000 --> 01:16:17.000]  我们会有更多的工作
[01:16:17.000 --> 01:16:21.000]  刚才也说到我们很想做一个翻译的手册
[01:16:21.000 --> 01:16:23.000]  中文的翻译手册
[01:16:23.000 --> 01:16:26.000]  能够给前线的同工可以用
[01:16:26.000 --> 01:16:29.000]  这个是比较长远的,我们一直往这个方向去做
[01:16:29.000 --> 01:16:33.000]  在弘道方面,我们希望在培训和教育
[01:16:33.000 --> 01:16:38.000]  譬如这些讲座,我们也视为我们一些教育的讲座
[01:16:38.000 --> 01:16:40.000]  希望弟兄姊妹更明白
[01:16:40.000 --> 01:16:45.000]  翻译和圣经的解释有什么关系的时候
[01:16:45.000 --> 01:16:48.000]  更多的鼓励弟兄姊妹去了解整个华语
[01:16:48.000 --> 01:16:52.000]  所以我们在这两方面继续去进展
[01:16:52.000 --> 01:16:56.000]  万事起头难,请大家为我们来祷告
[01:16:56.000 --> 01:17:00.000]  确实的,我们人手很多都是义工
[01:17:00.000 --> 01:17:02.000]  是不够的
[01:17:02.000 --> 01:17:05.000]  但是我们深信神会为我们预备
[01:17:05.000 --> 01:17:07.000]  开始的时候,我们短时间内
[01:17:07.000 --> 01:17:11.000]  希望能够建立一个中文翻译中心的网站
[01:17:11.000 --> 01:17:15.000]  可以和大家说,自从我们环球译本成立了
[01:17:15.000 --> 01:17:18.000]  印刷出来,奉献给神
[01:17:18.000 --> 01:17:20.000]  给弟兄姊妹使用的时候
[01:17:20.000 --> 01:17:25.000]  我们在中间,特别在这段时间收到很多弟兄姊妹的查询
[01:17:25.000 --> 01:17:29.000]  我们深信环球译本也是鼓励弟兄姊妹
[01:17:29.000 --> 01:17:34.000]  他们对圣经的领兴趣
[01:17:34.000 --> 01:17:37.000]  有很多问题会问我们
[01:17:37.000 --> 01:17:39.000]  透过我们的电邮来问我们
[01:17:39.000 --> 01:17:41.000]  我们有很多回应
[01:17:41.000 --> 01:17:46.000]  同工也给我们卡了我们过百页纸的一些资料
[01:17:46.000 --> 01:17:48.000]  问答问答
[01:17:48.000 --> 01:17:50.000]  刚才大家都有很多问题
[01:17:50.000 --> 01:17:52.000]  其实我们可能你未必看到
[01:17:52.000 --> 01:17:54.000]  我们在后台看到
[01:17:54.000 --> 01:17:56.000]  很多问题都是今天参与的
[01:17:56.000 --> 01:18:00.000]  弟兄姊妹也有牧长有些问题问我们
[01:18:00.000 --> 01:18:03.000]  我们都会一一记录
[01:18:03.000 --> 01:18:05.000]  与翻译有关系的
[01:18:05.000 --> 01:18:07.000]  特别是与翻译有关系的
[01:18:07.000 --> 01:18:09.000]  影响大家解经的
[01:18:09.000 --> 01:18:12.000]  我们都很希望能够透过这个网站
[01:18:12.000 --> 01:18:15.000]  和弟兄姊妹来分享
[01:18:15.000 --> 01:18:17.000]  将我们的资源公开
[01:18:17.000 --> 01:18:19.000]  这些是很宝贵的资源
[01:18:19.000 --> 01:18:21.000]  也是神赐给我们的
[01:18:21.000 --> 01:18:23.000]  我们很希望藉着这个网站
[01:18:23.000 --> 01:18:25.000]  可以将这些资源分享给大家
[01:18:25.000 --> 01:18:30.000]  帮助大家更加了解圣经的原意
[01:18:30.000 --> 01:18:32.000]  和现代的应用
[01:18:32.000 --> 01:18:34.000]  在这方面请大家都纪念我们
[01:18:34.000 --> 01:18:35.000]  万事起头难
[01:18:35.000 --> 01:18:38.000]  我们其实有很多项目都想做
[01:18:38.000 --> 01:18:41.000]  但是人手的关系
[01:18:41.000 --> 01:18:43.000]  另外也是金钱的关系
[01:18:43.000 --> 01:18:47.000]  希望大家可以奉献
[01:18:47.000 --> 01:18:50.000]  特别为这个翻译中心来奉献
[01:18:50.000 --> 01:18:52.000]  变成了我们可以更多的
[01:18:52.000 --> 01:18:53.000]  可以免费的
[01:18:53.000 --> 01:18:55.000]  来服侍弟兄姊妹
[01:18:55.000 --> 01:18:57.000]  大家可以在我们网站看到
[01:18:57.000 --> 01:18:59.000]  这个自由奉献的方法
[01:18:59.000 --> 01:19:01.000]  我们有七个地区的办事处
[01:19:01.000 --> 01:19:03.000]  我们手携手
[01:19:03.000 --> 01:19:04.000]  心连心
[01:19:04.000 --> 01:19:05.000]  神带领着我们
[01:19:05.000 --> 01:19:07.000]  都是一同服侍
[01:19:07.000 --> 01:19:09.000]  每个办事处都可以奉献给他
[01:19:09.000 --> 01:19:11.000]  你位于那个地方
[01:19:11.000 --> 01:19:12.000]  就在那个地方奉献
[01:19:12.000 --> 01:19:14.000]  我们很感恩
[01:19:14.000 --> 01:19:15.000]  因为我们深信
[01:19:15.000 --> 01:19:17.000]  神会按着大家的祝福
[01:19:17.000 --> 01:19:20.000]  来帮助我们做得更好
[01:19:20.000 --> 01:19:23.000]  好 我想我这个报告
[01:19:23.000 --> 01:19:25.000]  关于这个翻译中心的报告
[01:19:25.000 --> 01:19:28.000]  就到这里了
[01:19:28.000 --> 01:19:29.000]  我就请所有同工
[01:19:29.000 --> 01:19:31.000]  可不可以打开视像头
[01:19:31.000 --> 01:19:34.000]  我们进入最后一个环节
[01:19:34.000 --> 01:19:36.000]  最后一个环节
[01:19:36.000 --> 01:19:37.000]  最后一个环节就是
[01:19:37.000 --> 01:19:40.000]  有一些问与答的时间
[01:19:40.000 --> 01:19:41.000]  我就将这部分
[01:19:41.000 --> 01:19:43.000]  交给我们的同工
[01:19:43.000 --> 01:19:44.000]  刘群英姐妹
[01:19:44.000 --> 01:19:46.000]  刘姐妹我就交给你了
[01:19:46.000 --> 01:19:51.000]  好 今天刚才听完
[01:19:51.000 --> 01:19:53.000]  张博士的分享
[01:19:53.000 --> 01:19:55.000]  实在确实颠覆了
[01:19:55.000 --> 01:19:58.000]  我们过往对这个课题
[01:19:58.000 --> 01:20:00.000]  一些某些的看法
[01:20:00.000 --> 01:20:03.000]  也都大开眼界
[01:20:03.000 --> 01:20:06.000]  刚才在聊天室那里
[01:20:06.000 --> 01:20:10.000]  我们就收到很多参加者的一些问题
[01:20:10.000 --> 01:20:13.000]  因为我们这个答问环节
[01:20:13.000 --> 01:20:15.000]  只有20分钟左右的时间
[01:20:15.000 --> 01:20:18.000]  看看我们的讲员张博士
[01:20:18.000 --> 01:20:20.000]  会演得长短短
[01:20:20.000 --> 01:20:23.000]  而决定可以回答多少个问题
[01:20:23.000 --> 01:20:26.000]  我刚才稍微看一下一些问题
[01:20:26.000 --> 01:20:29.000]  就发觉有很多部分
[01:20:29.000 --> 01:20:31.000]  都是从那个目样的角度
[01:20:31.000 --> 01:20:34.000]  来到一些很实际的问题
[01:20:34.000 --> 01:20:37.000]  有小部分是与翻译有关
[01:20:37.000 --> 01:20:40.000]  我们尝试先来帮读者
[01:20:40.000 --> 01:20:43.000]  帮参加者问第一个问题
[01:20:43.000 --> 01:20:46.000]  第一个问题有参加者提到
[01:20:46.000 --> 01:20:50.000]  哥伦多前书七章三十六节那里
[01:20:50.000 --> 01:20:56.000]  为什么会将它翻译成为未婚妻呢?
[01:20:56.000 --> 01:21:00.000]  然后跟着和这个问题连续有关的
[01:21:00.000 --> 01:21:02.000]  另一个问题就是
[01:21:02.000 --> 01:21:05.000]  如果哥伦多前书七章三十六节
[01:21:05.000 --> 01:21:07.000]  将它翻译为未婚妻
[01:21:07.000 --> 01:21:10.000]  那么哥伦多前书七章三十八节的经文
[01:21:10.000 --> 01:21:13.000]  又可以怎样翻译呢?
[01:21:13.000 --> 01:21:18.000]  我回答了现在
[01:21:18.000 --> 01:21:22.000]  是 是 是 请张教授回答
[01:21:22.000 --> 01:21:25.000]  好 都很多谢
[01:21:25.000 --> 01:21:28.000]  领袖姐妹很多的提问
[01:21:28.000 --> 01:21:30.000]  我看到这么多问题都投得很大
[01:21:30.000 --> 01:21:33.000]  但是我想可能都会
[01:21:33.000 --> 01:21:35.000]  因为有几段经文
[01:21:35.000 --> 01:21:38.000]  这次讲座都是关于哥伦多前书七章
[01:21:38.000 --> 01:21:41.000]  我尽量先回答这几章
[01:21:41.000 --> 01:21:43.000]  跟这章有关的经文
[01:21:43.000 --> 01:21:46.000]  然后有时间再处理其他的问题
[01:21:46.000 --> 01:21:51.000]  首先关于为什么可以翻译成为未婚妻呢?
[01:21:51.000 --> 01:21:55.000]  原文的词Parthenon
[01:21:55.000 --> 01:21:59.000]  可以只做一个处女或者少女
[01:21:59.000 --> 01:22:02.000]  通常是未结婚的一个女子
[01:22:02.000 --> 01:22:04.000]  所以变成了
[01:22:04.000 --> 01:22:05.000]  我讲过了
[01:22:05.000 --> 01:22:07.000]  和盘可以翻译成为一个女儿
[01:22:07.000 --> 01:22:09.000]  这是一个可能的解释
[01:22:09.000 --> 01:22:12.000]  但是在哥伦多前书七章里
[01:22:12.000 --> 01:22:17.000]  这个字通常的用法
[01:22:17.000 --> 01:22:20.000]  都是指一些未婚的女子
[01:22:20.000 --> 01:22:22.000]  尤其是可以结婚的
[01:22:22.000 --> 01:22:37.000]  例如第七章三十三节
[01:22:37.000 --> 01:22:39.000]  结婚的人挂累世上的事
[01:22:39.000 --> 01:22:42.000]  然后三十四节说
[01:22:42.000 --> 01:22:46.000]  现在没有结婚婚姻的妇女以及处女
[01:22:46.000 --> 01:22:48.000]  挂累其主的事
[01:22:48.000 --> 01:22:51.000]  讲到这群人应不应该结婚的问题
[01:22:51.000 --> 01:22:53.000]  二十八节说
[01:22:53.000 --> 01:22:55.000]  如果结婚并没有犯罪
[01:22:55.000 --> 01:22:57.000]  处女如果结婚也没有犯罪
[01:22:57.000 --> 01:23:03.000]  很明显说到结婚阶段前后的问题
[01:23:03.000 --> 01:23:05.000]  结不结婚呢?
[01:23:05.000 --> 01:23:08.000]  所以多数的现代译本都理解为
[01:23:08.000 --> 01:23:11.000]  因为原文说是他的处女
[01:23:11.000 --> 01:23:16.000]  所以如果不是解作他的女儿
[01:23:16.000 --> 01:23:20.000]  其中另一个可能性就是他的未婚妻
[01:23:20.000 --> 01:23:23.000]  可以结婚或者不结婚的女子
[01:23:23.000 --> 01:23:25.000]  如果这样翻译的话
[01:23:25.000 --> 01:23:28.000]  三十八节的译法就是
[01:23:28.000 --> 01:23:31.000]  所以那跟自己未婚妻结婚的人做得好
[01:23:31.000 --> 01:23:33.000]  那不结婚的人做得更好
[01:23:33.000 --> 01:23:34.000]  我之前也说过
[01:23:34.000 --> 01:23:37.000]  保罗这么说是因为有特殊的原因
[01:23:37.000 --> 01:23:40.000]  因为在二十六节那里
[01:23:40.000 --> 01:23:41.000]  由于目前的苦难
[01:23:41.000 --> 01:23:42.000]  所以我们不知道
[01:23:42.000 --> 01:23:45.000]  哥伦多教会是面对什么问题
[01:23:45.000 --> 01:23:47.000]  所以婚姻可能带给他们特别的挑战
[01:23:47.000 --> 01:23:49.000]  所以保罗的教导不是说
[01:23:49.000 --> 01:23:52.000]  全面性在所有情况之下
[01:23:52.000 --> 01:23:54.000]  结婚都没有独生那么好
[01:23:54.000 --> 01:23:56.000]  大家不要误会这件事
[01:23:56.000 --> 01:23:59.000]  在其它地方他都是很高举婚姻的
[01:23:59.000 --> 01:24:02.000]  但在哥伦多教会的特殊情况
[01:24:02.000 --> 01:24:05.000]  就说如果他们因为目前的苦难
[01:24:05.000 --> 01:24:07.000]  可能不结婚就更加好
[01:24:07.000 --> 01:24:16.000]  我们又再进入第二条问题
[01:24:16.000 --> 01:24:18.000]  这里有参加者就问
[01:24:18.000 --> 01:24:21.000]  请问还译本翻译者
[01:24:21.000 --> 01:24:25.000]  是不是能够将翻译的根据或者是看法
[01:24:25.000 --> 01:24:28.000]  用注解的方式加以说明
[01:24:28.000 --> 01:24:32.000]  例如再出一个响道版
[01:24:32.000 --> 01:24:40.000]  以利读者理解和供他们后续的研究之用
[01:24:40.000 --> 01:24:45.000]  其实我们一直都在做这个工作
[01:24:45.000 --> 01:24:48.000]  我们之前出的响道版
[01:24:48.000 --> 01:24:51.000]  也是会解释一些翻译的原则
[01:24:51.000 --> 01:24:55.000]  让大家知道不仅是正经怎么翻译
[01:24:55.000 --> 01:24:58.000]  也是为什么要这么翻译
[01:24:58.000 --> 01:25:02.000]  另一方面大家会收到电子书
[01:25:02.000 --> 01:25:05.000]  《环球圣经书馆365》的解说
[01:25:05.000 --> 01:25:09.000]  也提到很多例子为什么要这么翻译
[01:25:09.000 --> 01:25:13.000]  另外我们也会有翻译问答信箱
[01:25:13.000 --> 01:25:15.000]  刚才陈牧师也介绍过
[01:25:15.000 --> 01:25:17.000]  很多读者也提问
[01:25:17.000 --> 01:25:20.000]  我们暂时已经存了一百页的资料
[01:25:20.000 --> 01:25:22.000]  很多读者的问题和解答
[01:25:22.000 --> 01:25:25.000]  这些都会帮助我们的读者更加明白
[01:25:25.000 --> 01:25:28.000]  我们整译本翻译的原则
[01:25:28.000 --> 01:25:31.000]  好 这里再有一条问题提到
[01:25:31.000 --> 01:25:35.000]  关于信徒应该和主内的人结婚
[01:25:35.000 --> 01:25:40.000]  以临前七章39节作为理据
[01:25:40.000 --> 01:25:42.000]  是否足够呢?
[01:25:42.000 --> 01:25:44.000]  因为这一节的经文
[01:25:44.000 --> 01:25:48.000]  是关于配偶死了之后再婚的情况
[01:25:48.000 --> 01:25:52.000]  而另外又可以怎么解释临后六章十四子
[01:25:52.000 --> 01:25:55.000]  这个可能就是和我们特使
[01:25:55.000 --> 01:25:59.000]  再进一步的一些答案的问题
[01:25:59.000 --> 01:26:02.000]  好 这个问题就是
[01:26:02.000 --> 01:26:04.000]  如果我们说答案
[01:26:04.000 --> 01:26:08.000]  圣经没有一句清楚说
[01:26:08.000 --> 01:26:10.000]  信主一定要和信主的人结婚
[01:26:10.000 --> 01:26:13.000]  但是有很多比较间接
[01:26:13.000 --> 01:26:17.000]  也差不多是决定性的根据
[01:26:17.000 --> 01:26:20.000]  首先这个临前七章39节
[01:26:20.000 --> 01:26:23.000]  说到这个妇人的丈夫死了之后
[01:26:23.000 --> 01:26:25.000]  可以自由嫁给什么人
[01:26:25.000 --> 01:26:28.000]  但只是要嫁给主内的人
[01:26:28.000 --> 01:26:31.000]  这个情况就是如果她是信徒
[01:26:31.000 --> 01:26:33.000]  什么人都可以结婚的时候
[01:26:33.000 --> 01:26:36.000]  似乎这样说这句有点多此一举
[01:26:36.000 --> 01:26:38.000]  为什么说丈夫死了
[01:26:38.000 --> 01:26:40.000]  这个人就好像变成自由了
[01:26:40.000 --> 01:26:41.000]  好像单身了
[01:26:41.000 --> 01:26:43.000]  为什么一定要嫁给主内的人呢?
[01:26:43.000 --> 01:26:45.000]  虽然它是一个特别的情况
[01:26:45.000 --> 01:26:48.000]  但是似乎原则可以比较有变性
[01:26:48.000 --> 01:26:51.000]  至于临后六章十四子
[01:26:51.000 --> 01:26:54.000]  它不只是单说婚姻的问题
[01:26:54.000 --> 01:26:57.000]  也说到信徒和不信之人之间
[01:26:57.000 --> 01:26:59.000]  有很多的关联
[01:26:59.000 --> 01:27:02.000]  大家如果看那段经文的时候
[01:27:02.000 --> 01:27:06.000]  它说到我们和不信的人
[01:27:06.000 --> 01:27:08.000]  不可以是异类同恶
[01:27:08.000 --> 01:27:11.000]  就是说大家不同的种类
[01:27:11.000 --> 01:27:14.000]  不可以在一个恶里一起释放
[01:27:14.000 --> 01:27:15.000]  或者一起合作
[01:27:15.000 --> 01:27:18.000]  当然这个不只是单纯婚姻的问题
[01:27:18.000 --> 01:27:21.000]  一个信徒和不信之人紧密的合作
[01:27:21.000 --> 01:27:23.000]  是有很多的层面
[01:27:23.000 --> 01:27:25.000]  但最少一个普遍原则
[01:27:25.000 --> 01:27:26.000]  让我们看到
[01:27:26.000 --> 01:27:30.000]  如果是一些不是最亲密的关系
[01:27:30.000 --> 01:27:32.000]  都要有这样的提醒的时候
[01:27:32.000 --> 01:27:34.000]  在婚姻一个亲密相连的关里
[01:27:34.000 --> 01:27:36.000]  是更加重要的
[01:27:36.000 --> 01:27:39.000]  当然圣经还有很多其他的教导
[01:27:39.000 --> 01:27:41.000]  例如《尔伯索书》
[01:27:41.000 --> 01:27:42.000]  《腾国泰连续》
[01:27:42.000 --> 01:27:45.000]  都说到夫妻之间的关系
[01:27:45.000 --> 01:27:48.000]  它的教导的前提
[01:27:48.000 --> 01:27:49.000]  其实是说
[01:27:49.000 --> 01:27:51.000]  丈夫怎么可以妻子
[01:27:51.000 --> 01:27:53.000]  妻子怎么尊重与信服丈夫
[01:27:53.000 --> 01:27:55.000]  已经假定了他是信徒
[01:27:55.000 --> 01:27:56.000]  才可以这么说
[01:27:56.000 --> 01:27:58.000]  要在主里面做
[01:27:58.000 --> 01:28:01.000]  另一方面圣经有很多关于
[01:28:01.000 --> 01:28:08.000]  《哥林多前书七章》第五节
[01:28:08.000 --> 01:28:10.000]  说到夫妻不可彼此剥夺
[01:28:10.000 --> 01:28:11.000]  除非双方同意
[01:28:11.000 --> 01:28:14.000]  为了专心讨告而暂时分放
[01:28:14.000 --> 01:28:17.000]  既然他们是
[01:28:17.000 --> 01:28:21.000]  说他们是为了专心讨告才分放
[01:28:21.000 --> 01:28:24.000]  很明显是针对信徒来说
[01:28:24.000 --> 01:28:25.000]  如果一方结婚
[01:28:25.000 --> 01:28:26.000]  一方不是结婚
[01:28:26.000 --> 01:28:28.000]  他们都不会专心讨告
[01:28:28.000 --> 01:28:31.000]  所以它假定他们是婚姻双方都是信徒
[01:28:31.000 --> 01:28:34.000]  同样《彼得前书三章》也说到
[01:28:34.000 --> 01:28:36.000]  要尊重妻子
[01:28:36.000 --> 01:28:39.000]  因为她与你一同承受生命恩典
[01:28:39.000 --> 01:28:41.000]  如果不是信徒
[01:28:41.000 --> 01:28:42.000]  怎么会承受生命恩典呢?
[01:28:42.000 --> 01:28:46.000]  这样你们的讨告就不会受难了
[01:28:46.000 --> 01:28:48.000]  就是大家的讨告
[01:28:48.000 --> 01:28:52.000]  都是在信徒的前提里面
[01:28:52.000 --> 01:28:53.000]  才会这么提出
[01:28:53.000 --> 01:28:58.000]  我们又尝试请张博士回答一条
[01:28:58.000 --> 01:29:02.000]  来自国内教会一位执事的提问
[01:29:02.000 --> 01:29:05.000]  他说在我们服侍弟兄姊妹的过程里面
[01:29:05.000 --> 01:29:08.000]  这种关于婚姻的张力
[01:29:08.000 --> 01:29:15.000]  很多时是源自信徒固守和合本翻译字面的意思
[01:29:15.000 --> 01:29:19.000]  特别是形成了女性对男性的无条件的顺从
[01:29:19.000 --> 01:29:23.000]  特别是运用了保罗书信
[01:29:23.000 --> 01:29:30.000]  以至使丈夫对妻子要求无条件的顺服
[01:29:30.000 --> 01:29:35.000]  请问张博士怎么看待这种现象?
[01:29:35.000 --> 01:29:39.000]  这么说吧
[01:29:39.000 --> 01:29:41.000]  在圣经的教导里面
[01:29:41.000 --> 01:29:45.000]  有些是很基本的原则
[01:29:45.000 --> 01:29:46.000]  是基于创造的原则
[01:29:46.000 --> 01:29:49.000]  男女有角色的分别
[01:29:49.000 --> 01:29:55.000]  但另一方面也有些是处境性的教导
[01:29:55.000 --> 01:29:57.000]  我们要小心分辨
[01:29:57.000 --> 01:29:59.000]  但如果以大原则来说
[01:29:59.000 --> 01:30:03.000]  如以弗所书五章说要亲子顺服丈夫
[01:30:03.000 --> 01:30:06.000]  有些人说变了丈夫说什么都可以
[01:30:06.000 --> 01:30:09.000]  但其实这也是前提里面
[01:30:09.000 --> 01:30:11.000]  他们是在主里面这么做
[01:30:11.000 --> 01:30:14.000]  主耶稣的权威是凌驾一切以上
[01:30:14.000 --> 01:30:19.000]  正如圣经说要顺从神过于顺从人
[01:30:19.000 --> 01:30:24.000]  所以我们不能说丈夫要妻子犯罪
[01:30:24.000 --> 01:30:27.000]  这些不合乎圣经的教导
[01:30:27.000 --> 01:30:29.000]  都要盲从地顺服
[01:30:29.000 --> 01:30:39.000]  另一方面,以弗所书不仅说妻子顺服丈夫
[01:30:39.000 --> 01:30:45.000]  还说要全敬畏基督的生彼此顺服
[01:30:45.000 --> 01:30:49.000]  所以这个顺服在某一方面
[01:30:49.000 --> 01:30:51.000]  在当时的社会里面
[01:30:51.000 --> 01:30:54.000]  可能有一个特别的角色
[01:30:54.000 --> 01:30:57.000]  妇女是顺服丈夫
[01:30:57.000 --> 01:31:04.000]  不用基督的名字被人诬蔑
[01:31:04.000 --> 01:31:08.000]  或者反映一个更深层的创造次序
[01:31:08.000 --> 01:31:11.000]  妻子和丈夫是不同的
[01:31:11.000 --> 01:31:15.000]  要做某一方面带领的角色
[01:31:15.000 --> 01:31:17.000]  但另一方面不能否定
[01:31:17.000 --> 01:31:21.000]  要全敬畏基督的心彼此顺服
[01:31:21.000 --> 01:31:23.000]  这个顺服不是单方面的
[01:31:23.000 --> 01:31:26.000]  也不是说绝对盲从的
[01:31:26.000 --> 01:31:29.000]  当然如果丈夫要爱妻子
[01:31:29.000 --> 01:31:31.000]  就要为她写记
[01:31:31.000 --> 01:31:35.000]  这个很多东西要写起
[01:31:35.000 --> 01:31:41.000]  接着有位参加者想问一个普及的问题
[01:31:41.000 --> 01:31:44.000]  他说所受的教导是
[01:31:44.000 --> 01:31:48.000]  心里面产生恶念就是犯罪
[01:31:48.000 --> 01:31:51.000]  这个是不是真确呢?
[01:31:51.000 --> 01:31:54.000]  怎么说呢?
[01:31:54.000 --> 01:31:58.000]  我们有这个欲念的问题
[01:31:58.000 --> 01:32:00.000]  要很小心处理
[01:32:00.000 --> 01:32:02.000]  因为一方面
[01:32:02.000 --> 01:32:05.000]  不可以把所有的欲念
[01:32:05.000 --> 01:32:08.000]  或者这些试探都当作是罪
[01:32:08.000 --> 01:32:10.000]  另一方面又不是说
[01:32:10.000 --> 01:32:13.000]  你有什么欲念都不要紧
[01:32:13.000 --> 01:32:16.000]  这件事其实不是可以教条式来规定的
[01:32:16.000 --> 01:32:18.000]  可以举个例子
[01:32:18.000 --> 01:32:20.000]  马丁·鲁德说过
[01:32:20.000 --> 01:32:23.000]  如果有一只鳄鱼在你头上飞过
[01:32:23.000 --> 01:32:25.000]  它掉了东西在你头上
[01:32:25.000 --> 01:32:28.000]  这个试探是没办法的
[01:32:28.000 --> 01:32:31.000]  但如果你容许它在你头上触巢
[01:32:31.000 --> 01:32:34.000]  那你就有问题了
[01:32:34.000 --> 01:32:37.000]  同样如果我们有时这些欲念
[01:32:37.000 --> 01:32:41.000]  是没办法在环境里突然有这样的试探
[01:32:41.000 --> 01:32:44.000]  被撒冷的攻击
[01:32:44.000 --> 01:32:47.000]  我们有时甚至一时软弱会跌倒
[01:32:47.000 --> 01:32:49.000]  但是如果你说
[01:32:49.000 --> 01:32:52.000]  一路容许自己传这些欲念
[01:32:52.000 --> 01:32:54.000]  不正当的思想的时候
[01:32:54.000 --> 01:32:58.000]  就等于让这只鳄鱼在你头上触巢
[01:32:58.000 --> 01:33:00.000]  所以这个不是一个教条式来规定的
[01:33:00.000 --> 01:33:04.000]  我们自己要很真心地去面对神
[01:33:04.000 --> 01:33:07.000]  在祈祷里面面对这件事
[01:33:07.000 --> 01:33:16.000]  接着这条问题也是沿用夫妇的课题
[01:33:16.000 --> 01:33:20.000]  这里说如果夫妇都是信徒
[01:33:20.000 --> 01:33:22.000]  但是丈夫要离婚
[01:33:22.000 --> 01:33:24.000]  可能是情绪问题
[01:33:24.000 --> 01:33:26.000]  妻子被逼离婚
[01:33:26.000 --> 01:33:29.000]  妻子应该怎样面对神
[01:33:29.000 --> 01:33:33.000]  她是不是犯罪呢?
[01:33:33.000 --> 01:33:36.000]  圣经有关伦理方面
[01:33:36.000 --> 01:33:40.000]  可以参考哪一处的经文呢?
[01:33:40.000 --> 01:33:44.000]  在《哥伦多前书》那里
[01:33:44.000 --> 01:33:46.000]  七章那里
[01:33:46.000 --> 01:33:47.000]  我刚才举的例子
[01:33:47.000 --> 01:33:49.000]  主要是针对一个信和不信
[01:33:49.000 --> 01:33:52.000]  一个特殊的婚姻情况
[01:33:52.000 --> 01:33:57.000]  但是如果在一个信徒的情况里面
[01:33:57.000 --> 01:34:00.000]  圣经比较普遍的原则
[01:34:00.000 --> 01:34:04.000]  就是夫妻有一个盟约
[01:34:04.000 --> 01:34:05.000]  在神里面建寿
[01:34:05.000 --> 01:34:08.000]  我们除非有很特殊的情况
[01:34:08.000 --> 01:34:09.000]  是不应该有离异的
[01:34:09.000 --> 01:34:11.000]  当然有些特殊的情况
[01:34:11.000 --> 01:34:12.000]  例如犯淫乱
[01:34:12.000 --> 01:34:15.000]  或者另一方面主动离弃你
[01:34:15.000 --> 01:34:16.000]  那你也没办法
[01:34:16.000 --> 01:34:17.000]  你是受害者
[01:34:17.000 --> 01:34:23.000]  但是如果在现代的情况下
[01:34:23.000 --> 01:34:28.000]  如果是信徒有两方面
[01:34:28.000 --> 01:34:31.000]  有时可能
[01:34:31.000 --> 01:34:32.000]  怎么说呢?
[01:34:32.000 --> 01:34:35.000]  婚姻的确存在很大的问题
[01:34:35.000 --> 01:34:38.000]  如果配合信徒那一方的时候
[01:34:38.000 --> 01:34:40.000]  首先教会
[01:34:40.000 --> 01:34:42.000]  或者我们负责辅导
[01:34:42.000 --> 01:34:44.000]  或者关怀弟兄姐妹
[01:34:44.000 --> 01:34:47.000]  不会首先想着要离婚
[01:34:47.000 --> 01:34:49.000]  而是从一个主内里面
[01:34:49.000 --> 01:34:51.000]  帮他们辅导
[01:34:51.000 --> 01:34:52.000]  去关怀他们
[01:34:52.000 --> 01:34:55.000]  看看大家有没有什么误解
[01:34:55.000 --> 01:34:56.000]  还是什么
[01:34:56.000 --> 01:34:58.000]  是可以帮到忙的
[01:34:58.000 --> 01:34:59.000]  但是如果
[01:34:59.000 --> 01:35:00.000]  例如丈夫
[01:35:00.000 --> 01:35:03.000]  他是冥顽不灵的
[01:35:03.000 --> 01:35:05.000]  他做了很多犯罪
[01:35:05.000 --> 01:35:07.000]  伤害妻子的事
[01:35:07.000 --> 01:35:11.000]  如果是这样的情况
[01:35:11.000 --> 01:35:12.000]  其实会带来一个
[01:35:12.000 --> 01:35:14.000]  另一个更大的原则
[01:35:14.000 --> 01:35:16.000]  就是教会对犯罪的信徒
[01:35:16.000 --> 01:35:17.000]  是应该有纪律
[01:35:17.000 --> 01:35:19.000]  有劝惩的
[01:35:19.000 --> 01:35:22.000]  《玛丽丰心十八章》说到
[01:35:22.000 --> 01:35:23.000]  如果你知道犯罪
[01:35:23.000 --> 01:35:25.000]  首先是私下去解决
[01:35:25.000 --> 01:35:26.000]  看看他可不可以认罪
[01:35:26.000 --> 01:35:28.000]  或者去挽回他
[01:35:28.000 --> 01:35:29.000]  如果不行
[01:35:29.000 --> 01:35:30.000]  再带两三个人去
[01:35:30.000 --> 01:35:32.000]  如果他也不肯的时候
[01:35:32.000 --> 01:35:33.000]  没办法挽回
[01:35:33.000 --> 01:35:34.000]  再去告诉教会
[01:35:34.000 --> 01:35:36.000]  如果连教会都不听
[01:35:36.000 --> 01:35:37.000]  教会只能够
[01:35:37.000 --> 01:35:39.000]  当他不是信徒
[01:35:39.000 --> 01:35:40.000]  开除他
[01:35:40.000 --> 01:35:42.000]  当开除了之后
[01:35:42.000 --> 01:35:43.000]  情况就不同了
[01:35:43.000 --> 01:35:45.000]  变成了一个不信的人
[01:35:45.000 --> 01:35:48.000]  和信徒之间的婚姻
[01:35:48.000 --> 01:35:49.000]  如果是这样的情况
[01:35:49.000 --> 01:35:50.000]  你就可以用
[01:35:50.000 --> 01:35:52.000]  《林前七章》的原则来处理
[01:35:52.000 --> 01:35:54.000]  如果有不信的人
[01:35:54.000 --> 01:35:55.000]  他要离婚
[01:35:55.000 --> 01:35:59.000]  要伤害伍仁义和穆仲柱
[01:35:59.000 --> 01:36:00.000]  林骄家暴
[01:36:00.000 --> 01:36:01.000]  或者其他这种情况
[01:36:01.000 --> 01:36:04.000]  这个女方就不需要
[01:36:04.000 --> 01:36:10.000]  有一个责任继续维持婚姻
[01:36:10.000 --> 01:36:11.000]  其实接下来的问题
[01:36:11.000 --> 01:36:13.000]  和刚才的课题都很接近
[01:36:13.000 --> 01:36:16.000]  他说如果心里的那些邪情私欲
[01:36:16.000 --> 01:36:18.000]  或者淫念
[01:36:18.000 --> 01:36:21.000]  是否纯属于试探呢?
[01:36:21.000 --> 01:36:25.000]  有没有其他经文的指引呢?
[01:36:25.000 --> 01:36:31.000]  我不是说他纯属于试探
[01:36:31.000 --> 01:36:34.000]  当然这个产生的时候
[01:36:34.000 --> 01:36:36.000]  原因有很多
[01:36:36.000 --> 01:36:37.000]  有时因为试探
[01:36:37.000 --> 01:36:40.000]  才会产生这个欲念
[01:36:40.000 --> 01:36:42.000]  有时可能是基于我们自己
[01:36:42.000 --> 01:36:46.000]  人体里面仍然残存的一个罪性
[01:36:46.000 --> 01:36:47.000]  好像罗马遜也说到
[01:36:47.000 --> 01:36:49.000]  我们的肉体和性灵
[01:36:49.000 --> 01:36:51.000]  经常都是争战的
[01:36:51.000 --> 01:36:52.000]  我们迅途
[01:36:52.000 --> 01:36:55.000]  一天还没有得到荣耀的时候
[01:36:55.000 --> 01:36:56.000]  始终是存在这个
[01:36:56.000 --> 01:36:59.000]  在成性的过程里面的一个挣扎
[01:36:59.000 --> 01:37:02.000]  所以经常会有这些不好的欲念
[01:37:02.000 --> 01:37:06.000]  甚至对我们产生很大的影响
[01:37:06.000 --> 01:37:09.000]  这些我们都不可以说只是试探
[01:37:09.000 --> 01:37:13.000]  这本身也是一个罪恶我们要去对付
[01:37:13.000 --> 01:37:20.000]  所以我们不能够很教条式地说
[01:37:20.000 --> 01:37:21.000]  什么是欲念
[01:37:21.000 --> 01:37:22.000]  什么是罪恶
[01:37:22.000 --> 01:37:23.000]  什么不是
[01:37:23.000 --> 01:37:27.000]  要看我们那时候产生的具体情况
[01:37:27.000 --> 01:37:31.000]  我们需要很多的讨告
[01:37:31.000 --> 01:37:38.000]  或者请教一些弟兄姐妹的辅导和关怀
[01:37:38.000 --> 01:37:40.000]  帮我们去面对这个问题
[01:37:40.000 --> 01:37:43.000]  最后一条简短的问题
[01:37:43.000 --> 01:37:48.000]  可能是参加者正在面对的问题
[01:37:48.000 --> 01:37:51.000]  请问配偶有精神病或者是自闭
[01:37:51.000 --> 01:37:54.000]  长期不肯正事或者是求医
[01:37:54.000 --> 01:37:57.000]  配偶可不可以选择离婚呢?
[01:37:57.000 --> 01:38:05.000]  这个问题就是
[01:38:08.000 --> 01:38:12.000]  很难说是绝对性地回答你
[01:38:12.000 --> 01:38:14.000]  但在基本原则来说
[01:38:14.000 --> 01:38:17.000]  当我们迅速结婚的时候
[01:38:17.000 --> 01:38:19.000]  我们已经承诺了大家
[01:38:19.000 --> 01:38:22.000]  无论是疾病还是健康
[01:38:22.000 --> 01:38:26.000]  我们都是会一直自死才分开
[01:38:26.000 --> 01:38:31.000]  如果你一个人做了一个婚姻能药的承诺的时候
[01:38:31.000 --> 01:38:33.000]  你不能轻易说
[01:38:33.000 --> 01:38:38.000]  我配偶的情绪不太好
[01:38:38.000 --> 01:38:40.000]  或者他不可以关怀我
[01:38:40.000 --> 01:38:44.000]  我就和他离婚
[01:38:44.000 --> 01:38:46.000]  而应该尽我们一切的可能
[01:38:46.000 --> 01:38:48.000]  去挽救去帮助
[01:38:48.000 --> 01:38:51.000]  甚至有时可能你的爱
[01:38:51.000 --> 01:38:53.000]  是得不到一些很积极的回应的
[01:38:53.000 --> 01:38:55.000]  但在婚姻能药里
[01:38:55.000 --> 01:38:58.000]  神都是要我们有这样的坚持
[01:38:58.000 --> 01:39:07.000]  当你把自己的幸福或好处当作最大的追求的时候
[01:39:07.000 --> 01:39:10.000]  所有人很快就会见异思迁
[01:39:10.000 --> 01:39:15.000]  因为婚姻肯定会有摩擦
[01:39:15.000 --> 01:39:17.000]  肯定有些不理想的地方
[01:39:17.000 --> 01:39:20.000]  如果你不是一个守约的人
[01:39:20.000 --> 01:39:22.000]  你一见到一些其他方面
[01:39:22.000 --> 01:39:26.000]  给你一个其他的机会
[01:39:26.000 --> 01:39:28.000]  你就会很快就去了
[01:39:28.000 --> 01:39:30.000]  但如果你是一个守约
[01:39:30.000 --> 01:39:32.000]  一个信誓旦旦的时候
[01:39:32.000 --> 01:39:36.000]  你就会坚持你自己的承诺
[01:39:36.000 --> 01:39:38.000]  你的肯定
[01:39:38.000 --> 01:39:40.000]  无论在多困难的情况之下
[01:39:40.000 --> 01:39:44.000]  你都要尽力去做你自己的本分
[01:39:44.000 --> 01:39:47.000]  好 请问大会主持人
[01:39:47.000 --> 01:39:49.000]  我们的这个答问时间应该差不多了
[01:39:49.000 --> 01:39:51.000]  感谢神
[01:39:51.000 --> 01:39:53.000]  因为还有很多问题我们没办法回答
[01:39:53.000 --> 01:40:01.000]  我都回应一些读者在线上的一些问题
[01:40:01.000 --> 01:40:03.000]  他问到我们的翻译中心
[01:40:03.000 --> 01:40:07.000]  将来能不能具体的说一下实际情况
[01:40:07.000 --> 01:40:11.000]  我们在翻译和修订的部分
[01:40:11.000 --> 01:40:14.000]  我们很希望帮助弟兄姐妹
[01:40:14.000 --> 01:40:16.000]  明白我们的中文
[01:40:16.000 --> 01:40:19.000]  现代的中文的目标是怎样的
[01:40:19.000 --> 01:40:22.000]  和我们译文的风格定位是怎样的
[01:40:22.000 --> 01:40:24.000]  另外我们有一些间别学的东西
[01:40:24.000 --> 01:40:26.000]  现在很多翻译
[01:40:26.000 --> 01:40:28.000]  我们中文翻译译本
[01:40:28.000 --> 01:40:31.000]  可能只有我们有间别学的资料放在里面
[01:40:31.000 --> 01:40:35.000]  在这方面可以多给弟兄姐妹了解我们的情况
[01:40:35.000 --> 01:40:37.000]  这些请大家纪念
[01:40:37.000 --> 01:40:39.000]  另外培训的部分
[01:40:39.000 --> 01:40:43.000]  其实我们一直都帮助前线的同工
[01:40:43.000 --> 01:40:45.000]  去做一些翻译的工作
[01:40:45.000 --> 01:40:47.000]  小数民做的工作
[01:40:47.000 --> 01:40:48.000]  好像可以公开的
[01:40:48.000 --> 01:40:49.000]  譬如台湾的布隆族
[01:40:49.000 --> 01:40:52.000]  我们做一本圣经和他们翻译
[01:40:52.000 --> 01:40:53.000]  和他们一起去做
[01:40:53.000 --> 01:40:54.000]  也有很多前线的同工
[01:40:54.000 --> 01:40:56.000]  很多问题问我们
[01:40:56.000 --> 01:40:58.000]  很多时应该怎样去做
[01:40:58.000 --> 01:40:59.000]  怎样翻译
[01:40:59.000 --> 01:41:01.000]  所以在培训和教育方面
[01:41:01.000 --> 01:41:04.000]  我们希望可以做多些翻译的咨询
[01:41:04.000 --> 01:41:07.000]  另外可以有一些翻译的网络
[01:41:07.000 --> 01:41:09.000]  可以帮助弟兄姐妹
[01:41:09.000 --> 01:41:10.000]  尤其是在今日线上
[01:41:10.000 --> 01:41:12.000]  我相信很多都是学者
[01:41:12.000 --> 01:41:13.000]  很多长老
[01:41:13.000 --> 01:41:15.000]  很多牧师
[01:41:15.000 --> 01:41:17.000]  他们也有很多问题想问
[01:41:17.000 --> 01:41:19.000]  希望对圣经
[01:41:19.000 --> 01:41:21.000]  高举圣经的弟兄姐妹
[01:41:21.000 --> 01:41:22.000]  或者是传道人
[01:41:22.000 --> 01:41:23.000]  我们都希望在
[01:41:23.000 --> 01:41:25.000]  我们一同在翻译里面
[01:41:25.000 --> 01:41:28.000]  在圣经里面可以尽心的了解
[01:41:28.000 --> 01:41:29.000]  整个华语
[01:41:29.000 --> 01:41:31.000]  这都是我们的目标
[01:41:31.000 --> 01:41:33.000]  翻译手册
[01:41:33.000 --> 01:41:34.000]  都是我们的工作
[01:41:34.000 --> 01:41:36.000]  都希望大家继续用土告
[01:41:36.000 --> 01:41:39.000]  和落实的支持
[01:41:39.000 --> 01:41:41.000]  金钱的支持来帮助我们
[01:41:41.000 --> 01:41:43.000]  这样我们可以做多些
[01:41:43.000 --> 01:41:48.000]  刚才也有弟妹提醒我
[01:41:48.000 --> 01:41:50.000]  我们翻译圣经不是
[01:41:50.000 --> 01:41:52.000]  好像今天说着说着
[01:41:52.000 --> 01:41:55.000]  好像说到我们可以离婚
[01:41:55.000 --> 01:41:58.000]  其实我想我们的目标不是这样
[01:41:58.000 --> 01:42:00.000]  神的心也不是这样
[01:42:00.000 --> 01:42:03.000]  我经常做婚前辅导的工作
[01:42:03.000 --> 01:42:05.000]  都很清晰的
[01:42:05.000 --> 01:42:07.000]  一开始的时候
[01:42:07.000 --> 01:42:10.000]  在撞世纪就成立ceremony
[01:42:10.000 --> 01:42:13.000]  用婚姻来祝福我们
[01:42:13.000 --> 01:42:16.000]  所以离婚其实是最后一个问题
[01:42:16.000 --> 01:42:18.000]  我们很多时候
[01:42:18.000 --> 01:42:21.000]  关注在某些离婚的个案里面
[01:42:21.000 --> 01:42:23.000]  我刚才很同意张博士的说法
[01:42:23.000 --> 01:42:25.000]  是处境式的一些情况
[01:42:25.000 --> 01:42:27.000]  所以如果处境式的情况
[01:42:27.000 --> 01:42:29.000]  变成了一些
[01:42:29.000 --> 01:42:32.000]  律例典章一定要这样做的话
[01:42:32.000 --> 01:42:34.000]  我想就未必一定是神的心意
[01:42:34.000 --> 01:42:37.000]  神的心意是要借着婚姻来赐福给我们
[01:42:37.000 --> 01:42:40.000]  我们其实很多时候婚姻里面的问题
[01:42:40.000 --> 01:42:41.000]  是要处理罪的问题
[01:42:41.000 --> 01:42:42.000]  处理关系的问题
[01:42:42.000 --> 01:42:44.000]  我们和神的关系不好的时候
[01:42:44.000 --> 01:42:47.000]  可能就和我们的配偶的关系都不是那么好
[01:42:47.000 --> 01:42:49.000]  所以我很多时候做婚前辅导
[01:42:49.000 --> 01:42:51.000]  或者婚后辅导都是帮助他们
[01:42:51.000 --> 01:42:54.000]  先和神的关系回到好的
[01:42:54.000 --> 01:42:57.000]  然后人的关系自然就会
[01:42:57.000 --> 01:42:59.000]  在神的带领底下
[01:42:59.000 --> 01:43:01.000]  在神的赐福底下就会好
[01:43:01.000 --> 01:43:03.000]  大家不要误解我们
[01:43:03.000 --> 01:43:08.000]  《环球译本》就是鼓励人们去离婚
[01:43:08.000 --> 01:43:10.000]  周博想不想多说一点这部分
[01:43:10.000 --> 01:43:15.000]  我其实也提过几次
[01:43:15.000 --> 01:43:18.000]  离婚从来都不是神自己的心意
[01:43:18.000 --> 01:43:21.000]  因为婚姻根本是夫妻里面
[01:43:21.000 --> 01:43:23.000]  亲密相连
[01:43:23.000 --> 01:43:26.000]  主耶稣也在《马达福音》说得很清楚
[01:43:26.000 --> 01:43:28.000]  神所不配的人不可以分开
[01:43:28.000 --> 01:43:30.000]  所以这是一个大前提
[01:43:30.000 --> 01:43:33.000]  但是很多时候我们活在一个罪恶世界里面
[01:43:33.000 --> 01:43:35.000]  不过有些实际的问题
[01:43:35.000 --> 01:43:37.000]  例如淫乱、一不忠
[01:43:37.000 --> 01:43:40.000]  或者一些暴力、离弃这些情况
[01:43:40.000 --> 01:43:44.000]  我们就要小心点去帮助受害者
[01:43:44.000 --> 01:43:49.000]  在受伤之余还多了很多的罪疚
[01:43:49.000 --> 01:43:56.000]  我再次请我们所有的同工都回到上线
[01:43:56.000 --> 01:44:00.000]  放在画面上
[01:44:00.000 --> 01:44:05.000]  我要代表环球声音工会再次多谢所有参与
[01:44:05.000 --> 01:44:11.000]  这次参与翻译大会的弟兄姊妹
[01:44:11.000 --> 01:44:14.000]  当然我们要特别多谢两位的讲员
[01:44:14.000 --> 01:44:18.000]  回来了 多谢多谢
[01:44:18.000 --> 01:44:20.000]  大家可以打开视像头
[01:44:20.000 --> 01:44:22.000]  两位的讲员包括张泰文博士
[01:44:22.000 --> 01:44:25.000]  还有赖建国博士
[01:44:25.000 --> 01:44:29.000]  两位花了很多时间来为我们预备
[01:44:29.000 --> 01:44:33.000]  这么精彩的一些内容
[01:44:33.000 --> 01:44:41.000]  参与我们这次聚会的会有一本古语新译的电子书
[01:44:41.000 --> 01:44:43.000]  有365篇的
[01:44:43.000 --> 01:44:47.000]  里面都讲解了为什么这样的翻译
[01:44:47.000 --> 01:44:50.000]  在这些经文上面为什么我们要这么做
[01:44:50.000 --> 01:44:55.000]  赖建国牧师 赖建国博士的精心制作
[01:44:55.000 --> 01:44:57.000]  我们原本拿去卖的
[01:44:57.000 --> 01:45:00.000]  后来我们得到张泰文博士的同意
[01:45:00.000 --> 01:45:02.000]  我们不如送了
[01:45:02.000 --> 01:45:04.000]  我们的电子书送给大家
[01:45:04.000 --> 01:45:07.000]  大家留意我们下一次聚会的时候
[01:45:07.000 --> 01:45:10.000]  我们就会公布怎么去送给大家
[01:45:10.000 --> 01:45:11.000]  大家留意
[01:45:11.000 --> 01:45:14.000]  另外也说一下
[01:45:14.000 --> 01:45:16.000]  下个星期我们同样时间
[01:45:16.000 --> 01:45:17.000]  下个星期六
[01:45:17.000 --> 01:45:19.000]  香港经常是星期六
[01:45:19.000 --> 01:45:23.000]  北美的时间是星期五晚上
[01:45:23.000 --> 01:45:26.000]  我们有赖博士在我们的中间
[01:45:26.000 --> 01:45:29.000]  帮我们主讲第二讲
[01:45:29.000 --> 01:45:31.000]  第二讲的题目就是
[01:45:31.000 --> 01:45:33.000]  揭开宣讲者的面纱
[01:45:33.000 --> 01:45:35.000]  圣经的翻译
[01:45:35.000 --> 01:45:37.000]  解经 神学和牧养
[01:45:37.000 --> 01:45:38.000]  在这四方面
[01:45:38.000 --> 01:45:41.000]  翻译解经 神学和牧养的方面
[01:45:41.000 --> 01:45:43.000]  帮助弟兄姊妹
[01:45:43.000 --> 01:45:45.000]  公欲善其事 必先利其器
[01:45:45.000 --> 01:45:47.000]  这个讲座是透过实例
[01:45:47.000 --> 01:45:49.000]  我也听了赖博士的教导
[01:45:49.000 --> 01:45:51.000]  很多的实际例子
[01:45:51.000 --> 01:45:53.000]  让我们看到圣经有时候
[01:45:53.000 --> 01:45:54.000]  有一些字眼
[01:45:54.000 --> 01:45:55.000]  小小的字眼
[01:45:55.000 --> 01:45:58.000]  可能是整个经文
[01:45:58.000 --> 01:46:00.000]  意思可能不是一样
[01:46:00.000 --> 01:46:03.000]  刚才张博士也提了很多的例子
[01:46:03.000 --> 01:46:05.000]  让我们看到的时候
[01:46:05.000 --> 01:46:08.000]  帮助我们用正义分解真理的道
[01:46:08.000 --> 01:46:12.000]  更加明白圣经的意思
[01:46:12.000 --> 01:46:14.000]  无论是讲道的
[01:46:14.000 --> 01:46:15.000]  或者听道的
[01:46:15.000 --> 01:46:18.000]  我们都更有能力去了解
[01:46:18.000 --> 01:46:20.000]  所以下个星期同样的时间
[01:46:20.000 --> 01:46:23.000]  我们都是欢迎大家来参与
[01:46:23.000 --> 01:46:25.000]  我下面的时间看看
[01:46:25.000 --> 01:46:27.000]  各位同工有没有什么需要报告的
[01:46:27.000 --> 01:46:30.000]  或者需要提出的
[01:46:30.000 --> 01:46:34.000]  也多谢线上各位同工
[01:46:34.000 --> 01:46:36.000]  一同来参与
[01:46:36.000 --> 01:46:42.000]  我们下次会用普通话来主持
[01:46:42.000 --> 01:46:45.000]  结束的时候我们也请张达文博士
[01:46:45.000 --> 01:46:47.000]  为我们做结束的祷告
[01:46:47.000 --> 01:46:48.000]  请张博士
[01:47:12.000 --> 01:47:14.000]  多谢张达文博士
[01:47:14.000 --> 01:47:16.000]  在台上的演讲
[01:47:16.000 --> 01:47:18.000]  我们都非常感谢
[01:47:18.000 --> 01:47:20.000]  他为我们准备了很多的东西
[01:47:20.000 --> 01:47:22.000]  也感谢他为我们准备了很多的礼物
[01:47:22.000 --> 01:47:24.000]  也感谢他为我们准备了很多的礼物
[01:47:24.000 --> 01:47:26.000]  也感谢他为我们准备了很多的礼物
[01:47:26.000 --> 01:47:28.000]  也感谢他为我们准备了很多的礼物
[01:47:28.000 --> 01:47:30.000]  也感谢他为我们准备了很多的礼物
[01:47:30.000 --> 01:47:32.000]  也感谢他为我们准备了很多的礼物
[01:47:32.000 --> 01:47:34.000]  我们也感谢他为我们准备了很多的礼物
[01:47:34.000 --> 01:47:36.000]  也感谢他为我们准备了很多的礼物
[01:47:36.000 --> 01:47:38.000]  我们也感谢他为我们准备了很多的礼物
[01:47:38.000 --> 01:47:42.000]  也感谢他为我们准备了很多的礼物
[01:47:42.000 --> 01:47:44.000]  也感谢他为我们准备了很多的礼物
[01:47:44.000 --> 01:47:46.000]  也感谢他为我们准备了很多的礼物
[01:47:46.000 --> 01:47:48.000]  也感谢他为我们准备了很多的礼物
[01:47:48.000 --> 01:47:50.000]  也感谢他为我们准备了很多的礼物
[01:47:50.000 --> 01:47:52.000]  也感谢他为我们准备了很多的礼物
[01:47:52.000 --> 01:47:54.000]  也感谢他为我们准备了很多的礼物
[01:47:54.000 --> 01:47:56.000]  也感谢他为我们准备了很多的礼物
[01:47:56.000 --> 01:47:58.000]  也感谢他为我们准备了很多的礼物
[01:47:58.000 --> 01:48:00.000]  也感谢他为我们准备了很多的礼物
[01:48:00.000 --> 01:48:02.000]  也感谢他为我们准备了很多的礼物
[01:48:02.000 --> 01:48:04.000]  也感谢他为我们准备了很多的礼物
[01:48:04.000 --> 01:48:08.000]  也感谢他为我们准备了很多的礼物
[01:48:08.000 --> 01:48:10.000]  也感谢他为我们准备了很多的礼物
[01:48:10.000 --> 01:48:12.000]  也感谢他为我们准备了很多的礼物
[01:48:12.000 --> 01:48:14.000]  也感谢他为我们准备了很多的礼物
[01:48:14.000 --> 01:48:16.000]  也感谢他为我们准备了很多的礼物
[01:48:16.000 --> 01:48:18.000]  也感谢他为我们准备了很多的礼物
[01:48:18.000 --> 01:48:20.000]  也感谢他为我们准备了很多的礼物
[01:48:20.000 --> 01:48:22.000]  也感谢他为我们准备了很多的礼物
[01:48:22.000 --> 01:48:24.000]  也感谢他为我们准备了很多的礼物
[01:48:24.000 --> 01:48:26.000]  也感谢他为我们准备了很多的礼物
[01:48:26.000 --> 01:48:28.000]  也感谢他为我们准备了很多的礼物
[01:48:28.000 --> 01:48:30.000]  也感谢他为我们准备了很多的礼物
[01:48:30.000 --> 01:48:34.000]  也感谢他为我们准备了很多的礼物
[01:48:34.000 --> 01:48:36.000]  也感谢他为我们准备了很多的礼物
[01:48:36.000 --> 01:48:38.000]  也感谢他为我们准备了很多的礼物
[01:48:38.000 --> 01:48:40.000]  也感谢他为我们准备了很多的礼物
[01:48:40.000 --> 01:48:42.000]  也感谢他为我们准备了很多的礼物
[01:48:42.000 --> 01:48:44.000]  也感谢他为我们准备了很多的礼物
[01:48:44.000 --> 01:48:46.000]  也感谢他为我们准备了很多的礼物
[01:48:46.000 --> 01:48:48.000]  也感谢他为我们准备了很多的礼物
[01:48:48.000 --> 01:48:50.000]  也感谢他为我们准备了很多的礼物
[01:48:50.000 --> 01:48:52.000]  也感谢他为我们准备了很多的礼物
[01:48:52.000 --> 01:48:54.000]  也感谢他为我们准备了很多的礼物
[01:48:54.000 --> 01:48:56.000]  也感谢他为我们准备了很多的礼物
[01:48:56.000 --> 01:49:00.000]  也感谢他为我们准备了很多的礼物
[01:49:00.000 --> 01:49:02.000]  也感谢他为我们准备了很多的礼物
[01:49:02.000 --> 01:49:04.000]  也感谢他为我们准备了很多的礼物
[01:49:04.000 --> 01:49:06.000]  也感谢他为我们准备了很多的礼物
[01:49:06.000 --> 01:49:08.000]  也感谢他为我们准备了很多的礼物
[01:49:08.000 --> 01:49:10.000]  也感谢他为我们准备了很多的礼物
[01:49:10.000 --> 01:49:12.000]  也感谢他为我们准备了很多的礼物
[01:49:12.000 --> 01:49:14.000]  也感谢他为我们准备了很多的礼物
[01:49:14.000 --> 01:49:16.000]  也感谢他为我们准备了很多的礼物
[01:49:16.000 --> 01:49:18.000]  也感谢他为我们准备了很多的礼物
[01:49:18.000 --> 01:49:20.000]  也感谢他为我们准备了很多的礼物
[01:49:20.000 --> 01:49:22.000]  也感谢他为我们准备了很多的礼物
[01:49:22.000 --> 01:49:26.000]  也感谢他为我们准备了很多的礼物
[01:49:26.000 --> 01:49:28.000]  也感谢他为我们准备了很多的礼物
[01:49:28.000 --> 01:49:30.000]  也感谢他为我们准备了很多的礼物
[01:49:30.000 --> 01:49:32.000]  也感谢他为我们准备了很多的礼物
[01:49:32.000 --> 01:49:34.000]  也感谢他为我们准备了很多的礼物
[01:49:34.000 --> 01:49:36.000]  也感谢他为我们准备了很多的礼物
[01:49:36.000 --> 01:49:38.000]  也感谢他为我们准备了很多的礼物
[01:49:38.000 --> 01:49:40.000]  也感谢他为我们准备了很多的礼物
[01:49:40.000 --> 01:49:42.000]  也感谢他为我们准备了很多的礼物
[01:49:42.000 --> 01:49:44.000]  也感谢他为我们准备了很多的礼物
