
[00:00:00.000 --> 00:00:04.000]  《中英聯合聲明》
[00:00:04.000 --> 00:00:08.000]  《中英聯合聲明》
[00:00:08.000 --> 00:00:12.000]  《中英聯合聲明》
[00:00:12.000 --> 00:00:14.000]  《中英聯合聲明》
[00:00:14.000 --> 00:00:17.000]  《中英聯合聲明》
[00:00:17.000 --> 00:00:20.000]  多謝大家今日的來到
[00:00:20.000 --> 00:00:23.000]  原來這個鐘是鼓氣錯誤的
[00:00:23.000 --> 00:00:26.000]  我一直在跟同學講話的時候
[00:00:26.000 --> 00:00:28.000]  因為都沒有學自己鐘
[00:00:28.000 --> 00:00:32.000]  今日的講題是
[00:00:32.000 --> 00:00:34.000]  生命之靈騎自己
[00:00:34.000 --> 00:00:38.000]  最近有很多網友留言說
[00:00:38.000 --> 00:00:40.000]  我們的生命之靈
[00:00:40.000 --> 00:00:42.000]  是生命死亡的代表
[00:00:42.000 --> 00:00:44.000]  或者之類的東西
[00:00:44.000 --> 00:00:47.000]  今天很開心
[00:00:47.000 --> 00:00:50.000]  都很開心
[00:00:50.000 --> 00:00:54.000]  有鄧博士在我們身邊
[00:00:54.000 --> 00:00:58.000]  陶喆康陶喆在我們身邊
[00:00:58.000 --> 00:01:01.000]  鄧媽祖神教院的教教師長
[00:01:01.000 --> 00:01:03.000]  陶喆康陶喆的教授
[00:01:03.000 --> 00:01:05.000]  多謝他今天在我們這裏
[00:01:05.000 --> 00:01:08.000]  因為剛才我們有一點點雨
[00:01:08.000 --> 00:01:11.000]  不知道會不會有人來
[00:01:11.000 --> 00:01:12.000]  如果有人來
[00:01:12.000 --> 00:01:14.000]  我們都要先跟他們開始
[00:01:14.000 --> 00:01:19.000]  我們有一個啟稟的地圖
[00:01:19.000 --> 00:01:26.000]  有很多東西我們不知道
[00:01:26.000 --> 00:01:29.000]  有很多東西我們面對的時候
[00:01:29.000 --> 00:01:31.000]  或者面對我們人生的時候
[00:01:31.000 --> 00:01:33.000]  都是驚險的
[00:01:33.000 --> 00:01:34.000]  有什麼事呢
[00:01:34.000 --> 00:01:37.000]  或者有些向我們面對
[00:01:37.000 --> 00:01:40.000]  我們究竟是開心還是驚險呢
[00:01:40.000 --> 00:01:42.000]  最近有很多的事情
[00:01:42.000 --> 00:01:44.000]  我們有很多的困惑
[00:01:44.000 --> 00:01:46.000]  我們不知道會不會有人來
[00:01:46.000 --> 00:01:49.000]  陶喆康在我們身邊
[00:01:49.000 --> 00:01:51.000]  陶喆康在我們身邊
[00:01:51.000 --> 00:01:54.000]  陶喆康在我們身邊
[00:01:54.000 --> 00:01:56.000]  陶喆康在我們身邊
[00:01:56.000 --> 00:01:58.000]  陶喆康在我們身邊
[00:01:58.000 --> 00:02:00.000]  陶喆康在我們身邊
[00:02:00.000 --> 00:02:02.000]  陶喆康在我們身邊
[00:02:02.000 --> 00:02:04.000]  陶喆康在我們身邊
[00:02:04.000 --> 00:02:06.000]  陶喆康在我們身邊
[00:02:06.000 --> 00:02:08.000]  陶喆康在我們身邊
[00:02:08.000 --> 00:02:10.000]  陶喆康在我們身邊
[00:02:10.000 --> 00:02:12.000]  陶喆康在我們身邊
[00:02:12.000 --> 00:02:14.000]  陶喆康在我們身邊
[00:02:14.000 --> 00:02:16.000]  陶喆康在我們身邊
[00:02:16.000 --> 00:02:18.000]  陶喆康在我們身邊
[00:02:18.000 --> 00:02:20.000]  陶喆康在我們身邊
[00:02:20.000 --> 00:02:22.000]  陶喆康在我們身邊
[00:02:22.000 --> 00:02:24.000]  陶喆康在我們身邊
[00:02:24.000 --> 00:02:26.000]  陶喆康在我們身邊
[00:02:26.000 --> 00:02:28.000]  陶喆康在我們身邊
[00:02:28.000 --> 00:02:30.000]  陶喆康在我們身邊
[00:02:30.000 --> 00:02:32.000]  陶喆康在我們身邊
[00:02:32.000 --> 00:02:34.000]  陶喆康在我們身邊
[00:02:34.000 --> 00:02:36.000]  陶喆康在我們身邊
[00:02:36.000 --> 00:02:38.000]  陶喆康在我們身邊
[00:02:38.000 --> 00:02:40.000]  陶喆康在我們身邊
[00:02:40.000 --> 00:02:42.000]  陶喆康在我們身邊
[00:02:42.000 --> 00:02:44.000]  陶喆康在我們身邊
[00:02:44.000 --> 00:02:46.000]  陶喆康在我們身邊
[00:02:46.000 --> 00:02:48.000]  陶喆康在我們身邊
[00:02:48.000 --> 00:02:50.000]  陶喆康在我們身邊
[00:02:50.000 --> 00:02:52.000]  陶喆康在我們身邊
[00:02:52.000 --> 00:02:54.000]  陶喆康在我們身邊
[00:02:54.000 --> 00:02:56.000]  陶喆康在我們身邊
[00:02:56.000 --> 00:02:58.000]  陶喆康在我們身邊
[00:02:58.000 --> 00:03:00.000]  陶喆康在我們身邊
[00:03:00.000 --> 00:03:02.000]  陶喆康在我們身邊
[00:03:02.000 --> 00:03:04.000]  陶喆康在我們身邊
[00:03:04.000 --> 00:03:06.000]  陶喆康在我們身邊
[00:03:06.000 --> 00:03:08.000]  陶喆康在我們身邊
[00:03:08.000 --> 00:03:10.000]  陶喆康在我們身邊
[00:03:10.000 --> 00:03:12.000]  陶喆康在我們身邊
[00:03:12.000 --> 00:03:14.000]  陶喆康在我們身邊
[00:03:14.000 --> 00:03:16.000]  陶喆康在我們身邊
[00:03:16.000 --> 00:03:18.000]  陶喆康在我們身邊
[00:03:18.000 --> 00:03:20.000]  陶喆康在我們身邊
[00:03:20.000 --> 00:03:22.000]  陶喆康在我們身邊
[00:03:22.000 --> 00:03:24.000]  陶喆康在我們身邊
[00:03:24.000 --> 00:03:26.000]  陶喆康在我們身邊
[00:03:26.000 --> 00:03:28.000]  陶喆康在我們身邊
[00:03:28.000 --> 00:03:30.000]  陶喆康在我們身邊
[00:03:30.000 --> 00:03:32.000]  陶喆康在我們身邊
[00:03:32.000 --> 00:03:34.000]  陶喆康在我們身邊
[00:03:34.000 --> 00:03:36.000]  陶喆康在我們身邊
[00:03:36.000 --> 00:03:38.000]  陶喆康在我們身邊
[00:03:38.000 --> 00:03:40.000]  陶喆康在我們身邊
[00:03:40.000 --> 00:03:42.000]  陶喆康在我們身邊
[00:03:42.000 --> 00:03:44.000]  陶喆康在我們身邊
[00:03:44.000 --> 00:03:46.000]  陶喆康在我們身邊
[00:03:46.000 --> 00:03:48.000]  陶喆康在我們身邊
[00:03:48.000 --> 00:03:50.000]  陶喆康在我們身邊
[00:03:50.000 --> 00:03:52.000]  陶喆康在我們身邊
[00:03:52.000 --> 00:03:54.000]  陶喆康在我們身邊
[00:03:54.000 --> 00:03:56.000]  陶喆康在我們身邊
[00:03:56.000 --> 00:03:58.000]  陶喆康在我們身邊
[00:03:58.000 --> 00:04:00.000]  陶喆康在我們身邊
[00:04:00.000 --> 00:04:02.000]  陶喆康在我們身邊
[00:04:02.000 --> 00:04:04.000]  陶喆康在我們身邊
[00:04:04.000 --> 00:04:06.000]  陶喆康在我們身邊
[00:04:06.000 --> 00:04:08.000]  陶喆康在我們身邊
[00:04:08.000 --> 00:04:10.000]  陶喆康在我們身邊
[00:04:10.000 --> 00:04:12.000]  陶喆康在我們身邊
[00:04:12.000 --> 00:04:14.000]  陶喆康在我們身邊
[00:04:14.000 --> 00:04:16.000]  陶喆康在我們身邊
[00:04:16.000 --> 00:04:18.000]  陶喆康在我們身邊
[00:04:18.000 --> 00:04:20.000]  陶喆康在我們身邊
[00:04:20.000 --> 00:04:22.000]  陶喆康在我們身邊
[00:04:22.000 --> 00:04:24.000]  陶喆康在我們身邊
[00:04:24.000 --> 00:04:26.000]  陶喆康在我們身邊
[00:04:26.000 --> 00:04:28.000]  陶喆康在我們身邊
[00:04:28.000 --> 00:04:30.000]  陶喆康在我們身邊
[00:04:30.000 --> 00:04:32.000]  陶喆康在我們身邊
[00:04:32.000 --> 00:04:34.000]  陶喆康在我們身邊
[00:04:34.000 --> 00:04:36.000]  陶喆康在我們身邊
[00:04:36.000 --> 00:04:38.000]  陶喆康在我們身邊
[00:04:38.000 --> 00:04:40.000]  陶喆康在我們身邊
[00:04:40.000 --> 00:04:42.000]  陶喆康在我們身邊
[00:04:42.000 --> 00:04:44.000]  陶喆康在我們身邊
[00:04:44.000 --> 00:04:46.000]  陶喆康在我們身邊
[00:04:46.000 --> 00:04:48.000]  陶喆康在我們身邊
[00:04:48.000 --> 00:04:50.000]  陶喆康在我們身邊
[00:04:50.000 --> 00:04:52.000]  陶喆康在我們身邊
[00:04:52.000 --> 00:04:54.000]  陶喆康在我們身邊
[00:04:54.000 --> 00:04:56.000]  陶喆康在我們身邊
[00:04:56.000 --> 00:04:58.000]  陶喆康在我們身邊
[00:04:58.000 --> 00:05:00.000]  陶喆康在我們身邊
[00:05:00.000 --> 00:05:02.000]  陶喆康在我們身邊
[00:05:02.000 --> 00:05:04.000]  陶喆康在我們身邊
[00:05:04.000 --> 00:05:06.000]  陶喆康在我們身邊
[00:05:06.000 --> 00:05:08.000]  陶喆康在我們身邊
[00:05:08.000 --> 00:05:10.000]  陶喆康在我們身邊
[00:05:10.000 --> 00:05:12.000]  陶喆康在我們身邊
[00:05:12.000 --> 00:05:14.000]  陶喆康在我們身邊
[00:05:14.000 --> 00:05:16.000]  陶喆康在我們身邊
[00:05:16.000 --> 00:05:18.000]  陶喆康在我們身邊
[00:05:18.000 --> 00:05:20.000]  陶喆康在我們身邊
[00:05:20.000 --> 00:05:22.000]  陶喆康在我們身邊
[00:05:22.000 --> 00:05:24.000]  陶喆康在我們身邊
[00:05:24.000 --> 00:05:26.000]  陶喆康在我們身邊
[00:05:26.000 --> 00:05:28.000]  陶喆康在我們身邊
[00:05:28.000 --> 00:05:30.000]  陶喆康在我們身邊
[00:05:30.000 --> 00:05:32.000]  陶喆康在我們身邊
[00:05:32.000 --> 00:05:34.000]  陶喆康在我們身邊
[00:05:34.000 --> 00:05:36.000]  陶喆康在我們身邊
[00:05:36.000 --> 00:05:38.000]  陶喆康在我們身邊
[00:05:38.000 --> 00:05:40.000]  陶喆康在我們身邊
[00:05:40.000 --> 00:05:42.000]  陶喆康在我們身邊
[00:05:42.000 --> 00:05:44.000]  陶喆康在我們身邊
[00:05:44.000 --> 00:05:46.000]  陶喆康在我們身邊
[00:05:46.000 --> 00:05:48.000]  陶喆康在我們身邊
[00:05:48.000 --> 00:05:50.000]  陶喆康在我們身邊
[00:05:50.000 --> 00:05:52.000]  陶喆康在我們身邊
[00:05:52.000 --> 00:05:54.000]  陶喆康在我們身邊
[00:05:54.000 --> 00:05:56.000]  陶喆康在我們身邊
[00:05:56.000 --> 00:05:58.000]  陶喆康在我們身邊
[00:05:58.000 --> 00:06:00.000]  陶喆康在我們身邊
[00:06:00.000 --> 00:06:02.000]  陶喆康在我們身邊
[00:06:02.000 --> 00:06:04.000]  陶喆康在我們身邊
[00:06:04.000 --> 00:06:06.000]  陶喆康在我們身邊
[00:06:06.000 --> 00:06:08.000]  陶喆康在我們身邊
[00:06:08.000 --> 00:06:10.000]  陶喆康在我們身邊
[00:06:10.000 --> 00:06:12.000]  陶喆康在我們身邊
[00:06:12.000 --> 00:06:14.000]  陶喆康在我們身邊
[00:06:14.000 --> 00:06:16.000]  陶喆康在我們身邊
[00:06:16.000 --> 00:06:18.000]  陶喆康在我們身邊
[00:06:18.000 --> 00:06:20.000]  陶喆康在我們身邊
[00:06:20.000 --> 00:06:22.000]  陶喆康在我們身邊
[00:06:22.000 --> 00:06:24.000]  陶喆康在我們身邊
[00:06:24.000 --> 00:06:26.000]  陶喆康在我們身邊
[00:06:26.000 --> 00:06:28.000]  陶喆康在我們身邊
[00:06:28.000 --> 00:06:30.000]  陶喆康在我們身邊
[00:06:30.000 --> 00:06:32.000]  陶喆康在我們身邊
[00:06:32.000 --> 00:06:34.000]  陶喆康在我們身邊
[00:06:34.000 --> 00:06:36.000]  陶喆康在我們身邊
[00:06:36.000 --> 00:06:38.000]  陶喆康在我們身邊
[00:06:38.000 --> 00:06:40.000]  陶喆康在我們身邊
[00:06:40.000 --> 00:06:42.000]  陶喆康在我們身邊
[00:06:42.000 --> 00:06:44.000]  陶喆康在我們身邊
[00:06:44.000 --> 00:06:46.000]  陶喆康在我們身邊
[00:06:46.000 --> 00:06:48.000]  陶喆康在我們身邊
[00:06:48.000 --> 00:06:50.000]  陶喆康在我們身邊
[00:06:50.000 --> 00:06:52.000]  陶喆康在我們身邊
[00:06:52.000 --> 00:06:54.000]  陶喆康在我們身邊
[00:06:54.000 --> 00:06:56.000]  陶喆康在我們身邊
[00:06:56.000 --> 00:06:58.000]  陶喆康在我們身邊
[00:06:58.000 --> 00:07:00.000]  陶喆康在我們身邊
[00:07:00.000 --> 00:07:02.000]  陶喆康在我們身邊
[00:07:02.000 --> 00:07:04.000]  陶喆康在我們身邊
[00:07:04.000 --> 00:07:06.000]  陶喆康在我們身邊
[00:07:06.000 --> 00:07:08.000]  陶喆康在我們身邊
[00:07:08.000 --> 00:07:10.000]  陶喆康在我們身邊
[00:07:10.000 --> 00:07:12.000]  陶喆康在我們身邊
[00:07:12.000 --> 00:07:14.000]  陶喆康在我們身邊
[00:07:14.000 --> 00:07:16.000]  陶喆康在我們身邊
[00:07:16.000 --> 00:07:18.000]  陶喆康在我們身邊
[00:07:18.000 --> 00:07:20.000]  陶喆康在我們身邊
[00:07:20.000 --> 00:07:22.000]  陶喆康在我們身邊
[00:07:22.000 --> 00:07:24.000]  陶喆康在我們身邊
[00:07:24.000 --> 00:07:26.000]  陶喆康在我們身邊
[00:07:26.000 --> 00:07:28.000]  陶喆康在我們身邊
[00:07:28.000 --> 00:07:30.000]  陶喆康在我們身邊
[00:07:30.000 --> 00:07:32.000]  陶喆康在我們身邊
[00:07:32.000 --> 00:07:34.000]  陶喆康在我們身邊
[00:07:34.000 --> 00:07:36.000]  陶喆康在我們身邊
[00:07:36.000 --> 00:07:38.000]  陶喆康在我們身邊
[00:07:38.000 --> 00:07:40.000]  陶喆康在我們身邊
[00:07:40.000 --> 00:07:42.000]  陶喆康在我們身邊
[00:07:42.000 --> 00:07:44.000]  陶喆康在我們身邊
[00:07:44.000 --> 00:07:46.000]  陶喆康在我們身邊
[00:07:46.000 --> 00:07:48.000]  陶喆康在我們身邊
[00:07:48.000 --> 00:07:50.000]  陶喆康在我們身邊
[00:07:50.000 --> 00:07:52.000]  別以為在北宣學校
[00:07:52.000 --> 00:07:54.000]  別以為在北宣學校
[00:07:54.000 --> 00:07:56.000]  是全香港第一招的
[00:07:56.000 --> 00:07:58.000]  是全香港第一招的
[00:07:58.000 --> 00:08:00.000]  是全香港第一招的
[00:08:00.000 --> 00:08:02.000]  是全香港第一招的
[00:08:02.000 --> 00:08:04.000]  是全香港第一招的
[00:08:04.000 --> 00:08:06.000]  是全香港第一招的
[00:08:06.000 --> 00:08:08.000]  是全香港第一招的
[00:08:08.000 --> 00:08:10.000]  是全香港第一招的
[00:08:10.000 --> 00:08:12.000]  陶喆康在我們身邊
[00:08:12.000 --> 00:08:14.000]  陶喆康在我們身邊
[00:08:14.000 --> 00:08:16.000]  陶喆康在我們身邊
[00:08:16.000 --> 00:08:18.000]  陶喆康在我們身邊
[00:08:18.000 --> 00:08:20.000]  陶喆康在我們身邊
[00:08:20.000 --> 00:08:22.000]  陶喆康在我們身邊
[00:08:22.000 --> 00:08:24.000]  陶喆康在我們身邊
[00:08:24.000 --> 00:08:26.000]  陶喆康在我們身邊
[00:08:26.000 --> 00:08:28.000]  陶喆康在我們身邊
[00:08:28.000 --> 00:08:30.000]  陶喆康在我們身邊
[00:08:30.000 --> 00:08:32.000]  陶喆康在我們身邊
[00:08:32.000 --> 00:08:34.000]  陶喆康在我們身邊
[00:08:34.000 --> 00:08:36.000]  陶喆康在我們身邊
[00:08:36.000 --> 00:08:38.000]  陶喆康在我們身邊
[00:08:38.000 --> 00:08:40.000]  陶喆康在我們身邊
[00:08:40.000 --> 00:08:42.000]  陶喆康在我們身邊
[00:08:42.000 --> 00:08:44.000]  陶喆康在我們身邊
[00:08:44.000 --> 00:08:46.000]  陶喆康在我們身邊
[00:08:46.000 --> 00:08:48.000]  陶喆康在我們身邊
[00:08:48.000 --> 00:08:50.000]  陶喆康在我們身邊
[00:08:50.000 --> 00:08:52.000]  陶喆康在我們身邊
[00:08:52.000 --> 00:08:54.000]  陶喆康在我們身邊
[00:08:54.000 --> 00:08:56.000]  陶喆康在我們身邊
[00:08:56.000 --> 00:08:58.000]  陶喆康在我們身邊
[00:08:58.000 --> 00:09:00.000]  陶喆康在我們身邊
[00:09:00.000 --> 00:09:02.000]  陶喆康在我們身邊
[00:09:02.000 --> 00:09:04.000]  陶喆康在我們身邊
[00:09:04.000 --> 00:09:06.000]  陶喆康在我們身邊
[00:09:06.000 --> 00:09:08.000]  陶喆康在我們身邊
[00:09:08.000 --> 00:09:10.000]  陶喆康在我們身邊
[00:09:10.000 --> 00:09:12.000]  陶喆康在我們身邊
[00:09:12.000 --> 00:09:14.000]  陶喆康在我們身邊
[00:09:14.000 --> 00:09:16.000]  陶喆康在我們身邊
[00:09:16.000 --> 00:09:18.000]  陶喆康在我們身邊
[00:09:18.000 --> 00:09:20.000]  陶喆康在我們身邊
[00:09:20.000 --> 00:09:22.000]  陶喆康在我們身邊
[00:09:22.000 --> 00:09:24.000]  陶喆康在我們身邊
[00:09:24.000 --> 00:09:26.000]  陶喆康在我們身邊
[00:09:26.000 --> 00:09:28.000]  陶喆康在我們身邊
[00:09:28.000 --> 00:09:30.000]  陶喆康在我們身邊
[00:09:30.000 --> 00:09:32.000]  陶喆康在我們身邊
[00:09:32.000 --> 00:09:34.000]  陶喆康在我們身邊
[00:09:34.000 --> 00:09:36.000]  陶喆康在我們身邊
[00:09:36.000 --> 00:09:38.000]  陶喆康在我們身邊
[00:09:38.000 --> 00:09:40.000]  陶喆康在我們身邊
[00:09:40.000 --> 00:09:42.000]  陶喆康在我們身邊
[00:09:42.000 --> 00:09:44.000]  陶喆康在我們身邊
[00:09:44.000 --> 00:09:46.000]  有些人以為33歲學博士學位很厲害
[00:09:46.000 --> 00:09:48.000]  有些人以為33歲學博士學位很厲害
[00:09:48.000 --> 00:09:50.000]  有些人以為33歲學博士學位很厲害
[00:09:50.000 --> 00:09:52.000]  有些人以為33歲學博士學位很厲害
[00:09:52.000 --> 00:09:54.000]  有些人以為33歲學博士學位很厲害
[00:09:54.000 --> 00:09:56.000]  有些人以為33歲學博士學位很厲害
[00:09:56.000 --> 00:09:58.000]  在香港比較少
[00:09:58.000 --> 00:10:00.000]  在神學上比較少
[00:10:00.000 --> 00:10:02.000]  在神學上比較少
[00:10:02.000 --> 00:10:04.000]  其實沒有人可以自誇
[00:10:04.000 --> 00:10:06.000]  其實沒有人可以自誇
[00:10:06.000 --> 00:10:08.000]  我想要說的是
[00:10:08.000 --> 00:10:10.000]  我想要說的是
[00:10:10.000 --> 00:10:12.000]  由33歲開始
[00:10:12.000 --> 00:10:14.000]  我教神學教了30年
[00:10:14.000 --> 00:10:16.000]  我教了30年
[00:10:16.000 --> 00:10:18.000]  我教了30年
[00:10:18.000 --> 00:10:20.000]  我對信仰有我自己的看法
[00:10:20.000 --> 00:10:22.000]  我對信仰有我自己的看法
[00:10:22.000 --> 00:10:24.000]  但是你的信仰有自己的看法
[00:10:24.000 --> 00:10:26.000]  但是你的信仰有自己的看法
[00:10:26.000 --> 00:10:28.000]  是否等於你可以面對生命裏面
[00:10:28.000 --> 00:10:30.000]  是否等於你可以面對生命裏面
[00:10:30.000 --> 00:10:32.000]  各種你想不到的經歷
[00:10:32.000 --> 00:10:34.000]  各種你想不到的經歷
[00:10:34.000 --> 00:10:36.000]  成幾年你都做不到
[00:10:36.000 --> 00:10:38.000]  成幾年你都做不到
[00:10:38.000 --> 00:10:40.000]  你的弟兄姊妹
[00:10:40.000 --> 00:10:42.000]  你的信徒
[00:10:42.000 --> 00:10:44.000]  你的聖經
[00:10:44.000 --> 00:10:46.000]  你的本分
[00:10:46.000 --> 00:10:48.000]  但是你沒有了解性
[00:10:48.000 --> 00:10:50.000]  了解是一個問題
[00:10:50.000 --> 00:10:52.000]  了解是一個問題
[00:10:52.000 --> 00:10:54.000]  因為能夠進入你的心
[00:10:54.000 --> 00:10:56.000]  因為能夠進入你的心
[00:10:56.000 --> 00:10:58.000]  成為你生命的方向
[00:10:58.000 --> 00:11:00.000]  成為你生命的方向
[00:11:00.000 --> 00:11:02.000]  以致可以面對
[00:11:02.000 --> 00:11:04.000]  各種生命的難處
[00:11:04.000 --> 00:11:06.000]  各種生命的難處
[00:11:06.000 --> 00:11:08.000]  是不一定的
[00:11:08.000 --> 00:11:12.000]  特別是當我這個生命
[00:11:12.000 --> 00:11:14.000]  是極為難過的時候
[00:11:14.000 --> 00:11:16.000]  要突然間發覺
[00:11:16.000 --> 00:11:18.000]  要束手無策
[00:11:18.000 --> 00:11:20.000]  事實上
[00:11:20.000 --> 00:11:22.000]  我自己都遇上這些情況
[00:11:22.000 --> 00:11:24.000]  2019年的時候
[00:11:24.000 --> 00:11:26.000]  我不是說
[00:11:26.000 --> 00:11:28.000]  社會的事情
[00:11:28.000 --> 00:11:30.000]  我是說自己的事情
[00:11:30.000 --> 00:11:32.000]  雖然恐怖
[00:11:32.000 --> 00:11:34.000]  我人生裏面有好幾次恐怖
[00:11:36.000 --> 00:11:38.000]  第一次恐怖是什麼呢
[00:11:38.000 --> 00:11:40.000]  1988年我六月四日結婚
[00:11:40.000 --> 00:11:46.000]  89年的六月四日
[00:11:46.000 --> 00:11:48.000]  你知道發生了什麼事情
[00:11:48.000 --> 00:11:50.000]  從此之後
[00:11:50.000 --> 00:11:52.000]  究竟我要紀念
[00:11:52.000 --> 00:11:54.000]  我要結婚紀念日
[00:11:54.000 --> 00:11:56.000]  還是
[00:11:56.000 --> 00:11:58.000]  人生很荒謬
[00:11:58.000 --> 00:12:00.000]  我告訴你
[00:12:00.000 --> 00:12:04.000]  同樣的2019年
[00:12:06.000 --> 00:12:08.000]  我太太是
[00:12:08.000 --> 00:12:10.000]  能量復發
[00:12:10.000 --> 00:12:12.000]  離開了這個世界
[00:12:12.000 --> 00:12:14.000]  然後整個的
[00:12:14.000 --> 00:12:16.000]  香港社會就翻天覆地
[00:12:16.000 --> 00:12:18.000]  沒有因果關係
[00:12:18.000 --> 00:12:22.000]  不是因為我太太離世
[00:12:22.000 --> 00:12:24.000]  所以整個社會就翻天覆地
[00:12:24.000 --> 00:12:26.000]  沒有因果關係
[00:12:26.000 --> 00:12:28.000]  但就是這樣
[00:12:28.000 --> 00:12:32.000]  你猜你第一次
[00:12:32.000 --> 00:12:34.000]  如果發生了什麼事情
[00:12:36.000 --> 00:12:38.000]  嗯
[00:12:38.000 --> 00:12:40.000]  我和我太太
[00:12:40.000 --> 00:12:42.000]  在一起生活了三十多年
[00:12:42.000 --> 00:12:44.000]  不計拍拖的日子
[00:12:44.000 --> 00:12:48.000]  在就中間可能很久
[00:12:48.000 --> 00:12:52.000]  你越長
[00:12:52.000 --> 00:12:54.000]  你越要
[00:12:54.000 --> 00:12:56.000]  預備好自己
[00:12:56.000 --> 00:12:58.000]  有一天不是你早走
[00:12:58.000 --> 00:13:00.000]  就是他早走
[00:13:00.000 --> 00:13:02.000]  要預備自己
[00:13:04.000 --> 00:13:06.000]  其實很多時候我們不會預備
[00:13:06.000 --> 00:13:08.000]  因為我們總是在
[00:13:08.000 --> 00:13:10.000]  眼前的美好會移開
[00:13:10.000 --> 00:13:14.000]  我們不想去中途
[00:13:14.000 --> 00:13:16.000]  生命不是美好
[00:13:16.000 --> 00:13:18.000]  為什麼要中途
[00:13:18.000 --> 00:13:20.000]  但一切你都控制不了
[00:13:20.000 --> 00:13:22.000]  它難以控制
[00:13:22.000 --> 00:13:28.000]  所以在2019年之後
[00:13:28.000 --> 00:13:30.000]  其實我
[00:13:30.000 --> 00:13:32.000]  我是一個長期的傷患
[00:13:32.000 --> 00:13:34.000]  或者創傷
[00:13:34.000 --> 00:13:36.000]  你有沒有聽過創傷
[00:13:36.000 --> 00:13:38.000]  創傷和一般傷痛
[00:13:38.000 --> 00:13:40.000]  是一樣的
[00:13:40.000 --> 00:13:44.000]  創傷是你遇到一些事情
[00:13:44.000 --> 00:13:46.000]  你自己的生命承受不了
[00:13:46.000 --> 00:13:48.000]  以致你會
[00:13:48.000 --> 00:13:50.000]  你的大腦會受損
[00:13:50.000 --> 00:13:52.000]  大腦裏面的
[00:13:52.000 --> 00:13:54.000]  記憶的部分
[00:13:54.000 --> 00:13:56.000]  語言的部分
[00:13:56.000 --> 00:13:58.000]  會受損
[00:13:58.000 --> 00:14:00.000]  於是你有一種
[00:14:00.000 --> 00:14:02.000]  部份記憶
[00:14:02.000 --> 00:14:04.000]  會失去
[00:14:04.000 --> 00:14:06.000]  語言的能力會失去
[00:14:06.000 --> 00:14:08.000]  這叫做創傷
[00:14:08.000 --> 00:14:12.000]  我有些學生問我
[00:14:12.000 --> 00:14:14.000]  老師你的創傷很寬容
[00:14:14.000 --> 00:14:18.000]  我想問其實
[00:14:18.000 --> 00:14:20.000]  表示他不知道什麼叫做創傷
[00:14:20.000 --> 00:14:22.000]  創傷是不好的
[00:14:22.000 --> 00:14:24.000]  因為大腦的受損
[00:14:24.000 --> 00:14:26.000]  是不好的
[00:14:26.000 --> 00:14:28.000]  語言區和
[00:14:28.000 --> 00:14:30.000]  記憶區的受損是不好的
[00:14:30.000 --> 00:14:34.000]  就好像我們
[00:14:34.000 --> 00:14:36.000]  年紀大的
[00:14:36.000 --> 00:14:38.000]  你有幾十年高
[00:14:38.000 --> 00:14:42.000]  你有幾十年高
[00:14:42.000 --> 00:14:44.000]  但是無論你血壓也好
[00:14:44.000 --> 00:14:46.000]  你的血糖也好
[00:14:46.000 --> 00:14:48.000]  你的膽固醇也好
[00:14:48.000 --> 00:14:50.000]  是否可以復原
[00:14:50.000 --> 00:14:52.000]  復原即是
[00:14:52.000 --> 00:14:54.000]  回到正常的狀態
[00:14:54.000 --> 00:14:56.000]  是不好的
[00:14:58.000 --> 00:15:00.000]  這叫做長期病患者
[00:15:00.000 --> 00:15:02.000]  這叫做長期病患者
[00:15:02.000 --> 00:15:06.000]  直到你離世
[00:15:06.000 --> 00:15:08.000]  你的病
[00:15:08.000 --> 00:15:10.000]  都會跟著你
[00:15:10.000 --> 00:15:12.000]  你只能與病共舞
[00:15:12.000 --> 00:15:14.000]  同樣傷痛都一樣
[00:15:14.000 --> 00:15:16.000]  只能與傷痛共舞
[00:15:16.000 --> 00:15:18.000]  一起過日子
[00:15:18.000 --> 00:15:24.000]  這叫做傷痛
[00:15:28.000 --> 00:15:30.000]  如果你想知道我傷痛的故事
[00:15:30.000 --> 00:15:34.000]  2024年
[00:15:34.000 --> 00:15:36.000]  我出了一本書
[00:15:36.000 --> 00:15:38.000]  傷痛幾時
[00:15:38.000 --> 00:15:40.000]  半是讀畫
[00:15:40.000 --> 00:15:44.000]  一半是寫
[00:15:44.000 --> 00:15:46.000]  我和我太太的事情
[00:15:46.000 --> 00:15:48.000]  她離開之前
[00:15:48.000 --> 00:15:50.000]  那兩年
[00:15:50.000 --> 00:15:52.000]  和離開之後
[00:15:52.000 --> 00:15:54.000]  我自己的經歷
[00:15:54.000 --> 00:15:56.000]  另一部份
[00:15:56.000 --> 00:15:58.000]  我在香港整頓
[00:15:58.000 --> 00:16:02.000]  香港整個社會都落在傷痛中
[00:16:02.000 --> 00:16:10.000]  我當時
[00:16:10.000 --> 00:16:12.000]  有一個很有趣的觀察
[00:16:12.000 --> 00:16:16.000]  香港還有一個
[00:16:16.000 --> 00:16:18.000]  死滅式的
[00:16:18.000 --> 00:16:20.000]  生命
[00:16:20.000 --> 00:16:22.000]  非常是
[00:16:22.000 --> 00:16:24.000]  有一段時間
[00:16:24.000 --> 00:16:26.000]  迫不得已
[00:16:26.000 --> 00:16:28.000]  因為你離世了
[00:16:28.000 --> 00:16:30.000]  你最愛的親人離開了
[00:16:30.000 --> 00:16:32.000]  離開了
[00:16:32.000 --> 00:16:34.000]  但又不會再回來
[00:16:34.000 --> 00:16:38.000]  這不是死滅
[00:16:38.000 --> 00:16:40.000]  是死滅式
[00:16:40.000 --> 00:16:42.000]  好像死滅一樣的分裂
[00:16:42.000 --> 00:16:48.000]  這是傷痕
[00:16:48.000 --> 00:16:50.000]  甚至可以是床上
[00:16:52.000 --> 00:16:54.000]  香港社會
[00:16:54.000 --> 00:16:56.000]  都是這種狀況
[00:16:56.000 --> 00:17:00.000]  無論個人也好
[00:17:00.000 --> 00:17:02.000]  社會也好
[00:17:02.000 --> 00:17:04.000]  團體也好
[00:17:04.000 --> 00:17:06.000]  一九年之後
[00:17:06.000 --> 00:17:08.000]  很多人都落在這種情況
[00:17:08.000 --> 00:17:12.000]  這個導致有些人找我
[00:17:12.000 --> 00:17:14.000]  去分享這些
[00:17:14.000 --> 00:17:16.000]  其實這個分享
[00:17:16.000 --> 00:17:18.000]  不是我想分享的
[00:17:18.000 --> 00:17:20.000]  我要用很大力氣
[00:17:22.000 --> 00:17:24.000]  就如剛才所說
[00:17:24.000 --> 00:17:26.000]  創傷病的那些人
[00:17:26.000 --> 00:17:28.000]  在世上仍然能夠記憶的人
[00:17:28.000 --> 00:17:32.000]  他費很大功夫
[00:17:32.000 --> 00:17:34.000]  去預備
[00:17:34.000 --> 00:17:36.000]  所謂
[00:17:36.000 --> 00:17:38.000]  在
[00:17:38.000 --> 00:17:40.000]  公眾面前的分享
[00:17:40.000 --> 00:17:46.000]  這是人生的
[00:17:46.000 --> 00:17:48.000]  另一種
[00:17:48.000 --> 00:17:50.000]  我沒有預計到的一種經歷
[00:17:52.000 --> 00:17:54.000]  但是
[00:17:54.000 --> 00:17:56.000]  這種經歷
[00:17:56.000 --> 00:18:00.000]  上帝如果在上帝
[00:18:00.000 --> 00:18:02.000]  給我們的時候
[00:18:02.000 --> 00:18:04.000]  會有很大的影響
[00:18:04.000 --> 00:18:06.000]  將來
[00:18:06.000 --> 00:18:08.000]  趁著不同的機會
[00:18:08.000 --> 00:18:10.000]  我將自己的
[00:18:10.000 --> 00:18:12.000]  看法寫下來
[00:18:12.000 --> 00:18:14.000]  在這裡說說傷痛的事
[00:18:14.000 --> 00:18:16.000]  有些書有寫
[00:18:16.000 --> 00:18:18.000]  不過寫完之後
[00:18:18.000 --> 00:18:20.000]  你發覺不適合你
[00:18:20.000 --> 00:18:22.000]  我寫書
[00:18:22.000 --> 00:18:24.000]  從來不照顧我的讀者
[00:18:24.000 --> 00:18:28.000]  我只是寫
[00:18:28.000 --> 00:18:30.000]  我明白的東西
[00:18:30.000 --> 00:18:32.000]  我寫作從來都是
[00:18:32.000 --> 00:18:34.000]  只做一個人
[00:18:34.000 --> 00:18:36.000]  我搞清楚
[00:18:36.000 --> 00:18:38.000]  我要寫的東西
[00:18:38.000 --> 00:18:42.000]  我不會好像我的作者
[00:18:42.000 --> 00:18:44.000]  已不經認識一樣
[00:18:44.000 --> 00:18:46.000]  雖然有這個效果
[00:18:46.000 --> 00:18:48.000]  但這個不是我想要的
[00:18:48.000 --> 00:18:50.000]  我要清楚
[00:18:50.000 --> 00:18:52.000]  知道其實我讀了這本書
[00:18:52.000 --> 00:18:54.000]  我理解了這本書
[00:18:54.000 --> 00:18:56.000]  甚至
[00:18:56.000 --> 00:18:58.000]  我已經理解了自己
[00:18:58.000 --> 00:19:00.000]  從2019年
[00:19:00.000 --> 00:19:02.000]  開始
[00:19:02.000 --> 00:19:04.000]  我就一直在
[00:19:04.000 --> 00:19:06.000]  理解自己
[00:19:06.000 --> 00:19:08.000]  其實我是將自己當作一個
[00:19:08.000 --> 00:19:10.000]  個案去分析自己
[00:19:10.000 --> 00:19:14.000]  也會將自己
[00:19:14.000 --> 00:19:16.000]  當作一個個案去分析
[00:19:16.000 --> 00:19:18.000]  你感受的經歷
[00:19:18.000 --> 00:19:20.000]  為何你會有這種反應
[00:19:20.000 --> 00:19:28.000]  所有
[00:19:28.000 --> 00:19:30.000]  反思
[00:19:30.000 --> 00:19:32.000]  感受
[00:19:32.000 --> 00:19:34.000]  反思經歷的
[00:19:34.000 --> 00:19:36.000]  前所未有的
[00:19:36.000 --> 00:19:38.000]  一條道路
[00:19:38.000 --> 00:19:40.000]  就是這本書
[00:19:40.000 --> 00:19:42.000]  我不是要
[00:19:42.000 --> 00:19:44.000]  不講這本書
[00:19:44.000 --> 00:19:46.000]  我今天
[00:19:46.000 --> 00:19:48.000]  講這個題目
[00:19:48.000 --> 00:19:50.000]  傷害新民主利益的自己
[00:19:50.000 --> 00:19:52.000]  我會講一樣東西
[00:19:52.000 --> 00:19:54.000]  我不會當
[00:19:54.000 --> 00:19:56.000]  一個理論來講
[00:19:56.000 --> 00:19:58.000]  這是我自己
[00:19:58.000 --> 00:20:00.000]  走過的路
[00:20:00.000 --> 00:20:04.000]  雖然這樣
[00:20:04.000 --> 00:20:06.000]  經過我自己反省
[00:20:06.000 --> 00:20:08.000]  我保證
[00:20:08.000 --> 00:20:10.000]  大家會聽得懂
[00:20:12.000 --> 00:20:14.000]  我的學生
[00:20:14.000 --> 00:20:16.000]  坐了多久都沒有學生
[00:20:16.000 --> 00:20:22.000]  最重要
[00:20:22.000 --> 00:20:24.000]  我要知道我自己
[00:20:24.000 --> 00:20:26.000]  我自己並沒有死
[00:20:26.000 --> 00:20:32.000]  進入第一部分
[00:20:32.000 --> 00:20:34.000]  我們做個演講
[00:20:34.000 --> 00:20:36.000]  分享一下第一部分
[00:20:36.000 --> 00:20:38.000]  這本題目
[00:20:38.000 --> 00:20:40.000]  是傷痛源於
[00:20:40.000 --> 00:20:42.000]  我自己
[00:20:42.000 --> 00:20:50.000]  這是第一部分
[00:20:50.000 --> 00:20:52.000]  錯字
[00:20:52.000 --> 00:20:54.000]  我們有很多錯字
[00:20:54.000 --> 00:20:56.000]  放錯了
[00:21:10.000 --> 00:21:12.000]  你可以自拍
[00:21:12.000 --> 00:21:14.000]  如果我們走路
[00:21:14.000 --> 00:21:16.000]  你可以聽我講
[00:21:16.000 --> 00:21:18.000]  你可以看著我講
[00:21:18.000 --> 00:21:20.000]  你喜歡拍照
[00:21:20.000 --> 00:21:22.000]  隨便
[00:21:22.000 --> 00:21:24.000]  無所謂
[00:21:24.000 --> 00:21:26.000]  有沒有copyright
[00:21:26.000 --> 00:21:28.000]  我不在乎
[00:21:28.000 --> 00:21:30.000]  你放上網
[00:21:30.000 --> 00:21:32.000]  我都不會選擇
[00:21:32.000 --> 00:21:34.000]  就這個題目
[00:21:34.000 --> 00:21:36.000]  傷痛新民主利益的自己
[00:21:36.000 --> 00:21:38.000]  是一個新民主義
[00:21:38.000 --> 00:21:40.000]  沒有新民
[00:21:40.000 --> 00:21:42.000]  就沒有傷痛
[00:21:42.000 --> 00:21:44.000]  不過新民是甚麼
[00:21:44.000 --> 00:21:48.000]  當你問我問題
[00:21:48.000 --> 00:21:50.000]  讓我想起奧爾斯丁
[00:21:50.000 --> 00:21:52.000]  初期革命的事
[00:21:52.000 --> 00:21:54.000]  我都很懺悔
[00:21:54.000 --> 00:21:56.000]  他講過很出名的說話
[00:21:56.000 --> 00:21:58.000]  他的時間是這些
[00:21:58.000 --> 00:22:00.000]  如果有人問我
[00:22:00.000 --> 00:22:02.000]  我都知道
[00:22:02.000 --> 00:22:04.000]  如果有人問我
[00:22:04.000 --> 00:22:06.000]  我解釋的時候
[00:22:06.000 --> 00:22:08.000]  我馬上發現
[00:22:08.000 --> 00:22:10.000]  生命其實都一樣
[00:22:10.000 --> 00:22:14.000]  如果有人問我
[00:22:14.000 --> 00:22:16.000]  如果沒有人問我
[00:22:16.000 --> 00:22:18.000]  生命是甚麼
[00:22:18.000 --> 00:22:20.000]  我會感受到生命
[00:22:20.000 --> 00:22:22.000]  你會有體會
[00:22:22.000 --> 00:22:24.000]  你會知道
[00:22:24.000 --> 00:22:26.000]  但有人問我的時候
[00:22:26.000 --> 00:22:28.000]  要我解釋
[00:22:28.000 --> 00:22:30.000]  其實我會馬上發現自己
[00:22:30.000 --> 00:22:32.000]  不知如何是好
[00:22:36.000 --> 00:22:38.000]  但近我們的
[00:22:38.000 --> 00:22:40.000]  其實我們最近
[00:22:40.000 --> 00:22:42.000]  你的生命
[00:22:42.000 --> 00:22:44.000]  是你自己的生命
[00:22:44.000 --> 00:22:46.000]  最近的
[00:22:46.000 --> 00:22:50.000]  對於生命的傷痛
[00:22:50.000 --> 00:22:52.000]  其實都一樣
[00:22:52.000 --> 00:22:54.000]  那個傷痛是你自己的傷痛
[00:22:54.000 --> 00:22:56.000]  但你要了解你自己的傷痛
[00:22:56.000 --> 00:22:58.000]  我不知道你的情況
[00:22:58.000 --> 00:23:00.000]  不過在我來說
[00:23:00.000 --> 00:23:02.000]  其實
[00:23:02.000 --> 00:23:04.000]  我不覺得
[00:23:04.000 --> 00:23:06.000]  你需要了解我自己的傷痛
[00:23:06.000 --> 00:23:08.000]  所以我都可以這樣說
[00:23:08.000 --> 00:23:10.000]  生命的傷痛是甚麼
[00:23:10.000 --> 00:23:12.000]  如果沒有人問我
[00:23:12.000 --> 00:23:14.000]  我會知道
[00:23:14.000 --> 00:23:16.000]  但要我清楚
[00:23:16.000 --> 00:23:18.000]  將它擺出來
[00:23:18.000 --> 00:23:20.000]  解釋它是甚麼東西
[00:23:20.000 --> 00:23:22.000]  其實我很難
[00:23:22.000 --> 00:23:24.000]  你可否解釋你自己的傷痛
[00:23:24.000 --> 00:23:26.000]  你可否形容你自己的傷痛
[00:23:26.000 --> 00:23:28.000]  你只是說很痛很痛
[00:23:28.000 --> 00:23:30.000]  你罵我痛的時候
[00:23:30.000 --> 00:23:32.000]  你罵人
[00:23:32.000 --> 00:23:34.000]  是你自己的傷痛
[00:23:34.000 --> 00:23:36.000]  其實你沒有甚麼形容詞
[00:23:36.000 --> 00:23:38.000]  你只是不斷重複
[00:23:38.000 --> 00:23:40.000]  很痛很痛
[00:23:40.000 --> 00:23:42.000]  你抱著雙手
[00:23:42.000 --> 00:23:48.000]  對於生命的傷痛
[00:23:48.000 --> 00:23:50.000]  我只能說是存在的經歷
[00:23:50.000 --> 00:23:54.000]  即是生活感受
[00:23:54.000 --> 00:23:56.000]  而在存在的經歷裡
[00:23:56.000 --> 00:23:58.000]  你感受到一些
[00:23:58.000 --> 00:24:00.000]  撕裂的痛
[00:24:00.000 --> 00:24:02.000]  原來你發現
[00:24:02.000 --> 00:24:04.000]  世間的言語其實都和尚
[00:24:04.000 --> 00:24:14.000]  這個世界只有兩個東西
[00:24:14.000 --> 00:24:16.000]  語言是說不通的
[00:24:16.000 --> 00:24:20.000]  甚至連編制都說不通
[00:24:20.000 --> 00:24:22.000]  一樣就是絕對
[00:24:22.000 --> 00:24:24.000]  美好的上帝
[00:24:24.000 --> 00:24:26.000]  為甚麼
[00:24:26.000 --> 00:24:28.000]  因為上帝完全不樂於人間
[00:24:28.000 --> 00:24:30.000]  你用人有限
[00:24:30.000 --> 00:24:32.000]  你不想觸碰上帝
[00:24:32.000 --> 00:24:36.000]  絕對美好的上帝
[00:24:36.000 --> 00:24:38.000]  總是超出一切受眾
[00:24:38.000 --> 00:24:40.000]  我們是人
[00:24:40.000 --> 00:24:42.000]  自己創造出來的
[00:24:42.000 --> 00:24:46.000]  上帝總是善於隱藏自己
[00:24:46.000 --> 00:24:50.000]  即使在啟示裡
[00:24:50.000 --> 00:24:52.000]  其實都同時都遮蓋自己
[00:24:52.000 --> 00:24:54.000]  他說不是
[00:24:54.000 --> 00:24:56.000]  上帝在基督裡
[00:24:56.000 --> 00:24:58.000]  會遮蓋自己
[00:24:58.000 --> 00:25:00.000]  為甚麼昔日的猶太人
[00:25:00.000 --> 00:25:02.000]  看見只是狼煞
[00:25:02.000 --> 00:25:04.000]  所以看不見基督
[00:25:04.000 --> 00:25:06.000]  看見基督
[00:25:06.000 --> 00:25:08.000]  就會將那邊十字鎬
[00:25:08.000 --> 00:25:12.000]  上帝的體善
[00:25:12.000 --> 00:25:14.000]  同時他會遮蓋
[00:25:14.000 --> 00:25:16.000]  因為他也有
[00:25:16.000 --> 00:25:20.000]  所以面對上帝
[00:25:20.000 --> 00:25:22.000]  我們只能有贊嘆
[00:25:22.000 --> 00:25:24.000]  驚訝去做
[00:25:24.000 --> 00:25:26.000]  沒有方法
[00:25:26.000 --> 00:25:28.000]  你想觸碰上帝
[00:25:28.000 --> 00:25:30.000]  不好意思
[00:25:30.000 --> 00:25:32.000]  觸碰不到
[00:25:32.000 --> 00:25:40.000]  另外就是對於絕對美好的缺失
[00:25:40.000 --> 00:25:44.000]  我們都無法完全
[00:25:44.000 --> 00:25:48.000]  對於有限美好的缺失
[00:25:48.000 --> 00:25:50.000]  我們同樣是無法完全
[00:25:52.000 --> 00:25:54.000]  絕對美好的缺失
[00:25:54.000 --> 00:25:56.000]  其實就是邪惡本身
[00:25:56.000 --> 00:26:00.000]  這個我會先給你們看一看
[00:26:00.000 --> 00:26:04.000]  在當時的處境亂狀
[00:26:04.000 --> 00:26:06.000]  當時的文化
[00:26:06.000 --> 00:26:08.000]  就先拍了一個字幕
[00:26:08.000 --> 00:26:10.000]  那個叫太一的鵝
[00:26:10.000 --> 00:26:12.000]  太一是絕對美好的
[00:26:12.000 --> 00:26:14.000]  美好的地鵝
[00:26:14.000 --> 00:26:16.000]  是他會
[00:26:16.000 --> 00:26:18.000]  往日出鵝
[00:26:18.000 --> 00:26:20.000]  是流逝出鵝
[00:26:20.000 --> 00:26:22.000]  流逝出鵝
[00:26:22.000 --> 00:26:28.000]  而邪惡基本上是絕對美好的
[00:26:28.000 --> 00:26:30.000]  缺少
[00:26:30.000 --> 00:26:32.000]  他本身並不是
[00:26:32.000 --> 00:26:34.000]  任何存在的東西
[00:26:34.000 --> 00:26:36.000]  因為現實上
[00:26:36.000 --> 00:26:38.000]  要給一個邪惡
[00:26:38.000 --> 00:26:40.000]  可以給一個邪惡嗎
[00:26:40.000 --> 00:26:44.000]  邪惡都是美好的
[00:26:44.000 --> 00:26:46.000]  缺少
[00:26:46.000 --> 00:26:48.000]  就好像
[00:26:48.000 --> 00:26:50.000]  倒了一杯水
[00:26:50.000 --> 00:26:52.000]  他的水
[00:26:52.000 --> 00:26:54.000]  越喝越少
[00:26:54.000 --> 00:26:56.000]  他就缺少了水
[00:26:56.000 --> 00:26:58.000]  邪惡就是一種美少
[00:26:58.000 --> 00:27:00.000]  如果水是美好的
[00:27:00.000 --> 00:27:02.000]  那種美好就越來越少
[00:27:02.000 --> 00:27:04.000]  他的邪惡就越來越多
[00:27:04.000 --> 00:27:12.000]  所以在這種情況下
[00:27:12.000 --> 00:27:14.000]  對於美好的缺失
[00:27:14.000 --> 00:27:16.000]  我們可以這樣說
[00:27:16.000 --> 00:27:18.000]  講不好的
[00:27:18.000 --> 00:27:20.000]  因為沒有了
[00:27:20.000 --> 00:27:22.000]  你怎樣講沒有了的東西
[00:27:22.000 --> 00:27:24.000]  你講不好
[00:27:24.000 --> 00:27:26.000]  如果生命的傷痛
[00:27:26.000 --> 00:27:30.000]  是有限美好的
[00:27:30.000 --> 00:27:32.000]  其實我們的受造物都是有限的
[00:27:32.000 --> 00:27:34.000]  我們的受造物
[00:27:34.000 --> 00:27:36.000]  是有限的美好
[00:27:36.000 --> 00:27:38.000]  但我們的有限美好
[00:27:38.000 --> 00:27:40.000]  都會逐漸消失
[00:27:40.000 --> 00:27:44.000]  特別我們忘記了
[00:27:44.000 --> 00:27:46.000]  你的家庭
[00:27:46.000 --> 00:27:48.000]  你的生活
[00:27:48.000 --> 00:27:50.000]  是強化了的
[00:27:50.000 --> 00:27:52.000]  年青的時候
[00:27:52.000 --> 00:27:54.000]  同樣是
[00:27:54.000 --> 00:27:56.000]  經過壯年
[00:27:56.000 --> 00:27:58.000]  然後
[00:27:58.000 --> 00:28:00.000]  開始轉入
[00:28:00.000 --> 00:28:02.000]  你的美好
[00:28:02.000 --> 00:28:04.000]  越來越少
[00:28:04.000 --> 00:28:06.000]  健康指數
[00:28:06.000 --> 00:28:08.000]  是強化了的
[00:28:12.000 --> 00:28:14.000]  所以我剛才所說
[00:28:14.000 --> 00:28:16.000]  有限美好的缺失
[00:28:16.000 --> 00:28:22.000]  這樣的一切對傷痛的
[00:28:22.000 --> 00:28:24.000]  完全都不過是
[00:28:24.000 --> 00:28:26.000]  因為無知的緣故
[00:28:26.000 --> 00:28:28.000]  想捉住傷痛
[00:28:28.000 --> 00:28:32.000]  根本我們捉不住
[00:28:32.000 --> 00:28:34.000]  因為傷痛是一種缺失
[00:28:34.000 --> 00:28:36.000]  缺少
[00:28:36.000 --> 00:28:38.000]  但是我們以為
[00:28:38.000 --> 00:28:40.000]  我們完全可以講到它
[00:28:40.000 --> 00:28:42.000]  可以解釋到它
[00:28:42.000 --> 00:28:44.000]  可以形容到它
[00:28:44.000 --> 00:28:46.000]  我們就可以處理傷痛
[00:28:46.000 --> 00:28:48.000]  其實是自己騙自己
[00:28:48.000 --> 00:28:52.000]  以為這樣就不會再受
[00:28:52.000 --> 00:28:54.000]  這些傷痛的侵害
[00:28:54.000 --> 00:28:58.000]  然後你就覺得安心
[00:28:58.000 --> 00:29:02.000]  這情況就好像
[00:29:02.000 --> 00:29:04.000]  我們遇上苦難的時候
[00:29:04.000 --> 00:29:06.000]  我們都要問
[00:29:06.000 --> 00:29:08.000]  為甚麼會輪到我身上
[00:29:08.000 --> 00:29:10.000]  很多人都問這個問題
[00:29:10.000 --> 00:29:12.000]  不過我從來不問這個問題
[00:29:12.000 --> 00:29:18.000]  以為找到答案
[00:29:18.000 --> 00:29:20.000]  找到答到YE的時候
[00:29:20.000 --> 00:29:24.000]  我就心安理得
[00:29:24.000 --> 00:29:26.000]  我就可以過了
[00:29:26.000 --> 00:29:28.000]  過了這些日子
[00:29:28.000 --> 00:29:32.000]  面對苦難的時候就沒那麼難受
[00:29:32.000 --> 00:29:34.000]  真人
[00:29:34.000 --> 00:29:36.000]  以為真人
[00:29:36.000 --> 00:29:38.000]  你比我年青
[00:29:38.000 --> 00:29:42.000]  年青的時候
[00:29:42.000 --> 00:29:44.000]  你的身體機能還不是很快
[00:29:44.000 --> 00:29:50.000]  但是你打光了口罩
[00:29:50.000 --> 00:29:52.000]  然後跟我說
[00:29:52.000 --> 00:29:54.000]  不要緊,兩天就沒事了
[00:29:54.000 --> 00:29:56.000]  那你會不會覺得不安
[00:29:56.000 --> 00:30:00.000]  我們這些美麗的女士
[00:30:00.000 --> 00:30:02.000]  漂亮的女士
[00:30:02.000 --> 00:30:04.000]  喜歡穿高跟鞋
[00:30:04.000 --> 00:30:06.000]  穿高跟鞋要付一個代價
[00:30:06.000 --> 00:30:08.000]  就是咬塞
[00:30:08.000 --> 00:30:10.000]  咬塞了嗎
[00:30:10.000 --> 00:30:14.000]  年青的時候
[00:30:14.000 --> 00:30:16.000]  你復原得很快
[00:30:16.000 --> 00:30:18.000]  不過不要緊
[00:30:18.000 --> 00:30:20.000]  因為復原法可以不斷咬塞
[00:30:20.000 --> 00:30:22.000]  你試一下
[00:30:22.000 --> 00:30:24.000]  因為很痛
[00:30:24.000 --> 00:30:28.000]  年紀越大
[00:30:28.000 --> 00:30:30.000]  你的復原能力越低
[00:30:30.000 --> 00:30:32.000]  這個就是美好的女士
[00:30:32.000 --> 00:30:34.000]  你想一下
[00:30:34.000 --> 00:30:42.000]  你的皮膚磨損一下
[00:30:42.000 --> 00:30:44.000]  要幾天才好復原
[00:30:44.000 --> 00:30:48.000]  每一個禮拜
[00:30:48.000 --> 00:30:50.000]  每兩禮拜都好復原
[00:30:50.000 --> 00:30:52.000]  年青的時候幾天都好復原
[00:30:52.000 --> 00:30:54.000]  這些就是美好的女士
[00:30:54.000 --> 00:30:58.000]  反過來
[00:30:58.000 --> 00:31:00.000]  苦難一樣
[00:31:00.000 --> 00:31:02.000]  苦難就是美好的女生
[00:31:02.000 --> 00:31:06.000]  你如何把美好的女生合理化
[00:31:06.000 --> 00:31:08.000]  給她一個理由
[00:31:08.000 --> 00:31:10.000]  解釋她如何能夠愛親生
[00:31:10.000 --> 00:31:12.000]  根本苦難
[00:31:12.000 --> 00:31:14.000]  沒有理由
[00:31:14.000 --> 00:31:18.000]  苦難是沒有理由的
[00:31:18.000 --> 00:31:20.000]  有什麼理由
[00:31:20.000 --> 00:31:22.000]  她不會選擇愛
[00:31:22.000 --> 00:31:24.000]  非常隨意
[00:31:30.000 --> 00:31:32.000]  相同其實很多時候
[00:31:32.000 --> 00:31:34.000]  因為人離開了生命的根源
[00:31:34.000 --> 00:31:38.000]  所以我們只能歸咎於自己
[00:31:38.000 --> 00:31:42.000]  我們背叛創造主
[00:31:42.000 --> 00:31:44.000]  因為背叛創造主
[00:31:44.000 --> 00:31:46.000]  創造主是美好的女生
[00:31:46.000 --> 00:31:48.000]  絕對美好
[00:31:48.000 --> 00:31:50.000]  你一背叛創造主
[00:31:50.000 --> 00:31:52.000]  就離開絕對美好
[00:31:52.000 --> 00:31:54.000]  你的生命就會失去
[00:31:54.000 --> 00:31:56.000]  背叛創造主
[00:31:56.000 --> 00:31:58.000]  就是離棄生命的根源
[00:31:58.000 --> 00:32:00.000]  受創造主的生命
[00:32:00.000 --> 00:32:02.000]  本來是美好的
[00:32:02.000 --> 00:32:04.000]  受創造主的生命的根源
[00:32:04.000 --> 00:32:06.000]  更加絕對美好
[00:32:06.000 --> 00:32:08.000]  於是
[00:32:08.000 --> 00:32:10.000]  如果我們離棄生命的根源
[00:32:10.000 --> 00:32:12.000]  其實就是離棄絕對美好
[00:32:12.000 --> 00:32:14.000]  你還有什麼美好
[00:32:14.000 --> 00:32:16.000]  絕對美好
[00:32:16.000 --> 00:32:18.000]  你都離棄
[00:32:18.000 --> 00:32:20.000]  那你有限的美好
[00:32:20.000 --> 00:32:22.000]  可以維持多久
[00:32:22.000 --> 00:32:24.000]  你就成為孤絕
[00:32:24.000 --> 00:32:26.000]  就好像
[00:32:26.000 --> 00:32:28.000]  如果離開水
[00:32:28.000 --> 00:32:30.000]  怎麼生活
[00:32:30.000 --> 00:32:32.000]  你生存不了
[00:32:32.000 --> 00:32:34.000]  樹沒了根
[00:32:34.000 --> 00:32:36.000]  怎麼可以繼續茁壯成長
[00:32:36.000 --> 00:32:40.000]  所以
[00:32:40.000 --> 00:32:42.000]  一旦我們有限的受創物
[00:32:42.000 --> 00:32:44.000]  離開絕對美好
[00:32:44.000 --> 00:32:46.000]  上帝的時候
[00:32:46.000 --> 00:32:48.000]  我們就會四分五
[00:32:48.000 --> 00:32:50.000]  我們的生命就是四分五
[00:32:50.000 --> 00:32:52.000]  我們的生命就是萬變失序
[00:32:54.000 --> 00:32:56.000]  我們的生命就是一個無害自己
[00:32:56.000 --> 00:32:58.000]  無害他人
[00:32:58.000 --> 00:33:00.000]  甚至其他事物的一種生命
[00:33:00.000 --> 00:33:04.000]  所以苦難的出現
[00:33:04.000 --> 00:33:06.000]  為什麼說是因為美好的缺失
[00:33:06.000 --> 00:33:08.000]  而美好的缺失是因為什麼
[00:33:08.000 --> 00:33:10.000]  人背叛創造主
[00:33:10.000 --> 00:33:16.000]  如果是這樣的話
[00:33:16.000 --> 00:33:18.000]  有很多誤解
[00:33:18.000 --> 00:33:20.000]  你追上了上帝
[00:33:20.000 --> 00:33:22.000]  問為什麼是誤解
[00:33:22.000 --> 00:33:24.000]  但你追到最後的時候
[00:33:24.000 --> 00:33:26.000]  是因為人背叛創造主
[00:33:26.000 --> 00:33:32.000]  而傷痛
[00:33:32.000 --> 00:33:34.000]  也是生活離開了自己根源
[00:33:34.000 --> 00:33:38.000]  而造成
[00:33:38.000 --> 00:33:42.000]  但是
[00:33:42.000 --> 00:33:44.000]  人怎樣離開對自己
[00:33:44.000 --> 00:33:46.000]  生活的根源
[00:33:46.000 --> 00:33:48.000]  離開絕對美好
[00:33:48.000 --> 00:33:50.000]  出現困苦傷痛
[00:33:50.000 --> 00:33:52.000]  簡單來說
[00:33:52.000 --> 00:33:54.000]  對於美好的人
[00:33:54.000 --> 00:33:56.000]  總是想拿下手的
[00:33:56.000 --> 00:33:58.000]  期望美好的人
[00:33:58.000 --> 00:34:00.000]  可以長遠過世
[00:34:00.000 --> 00:34:02.000]  永遠不離婚
[00:34:02.000 --> 00:34:04.000]  其實也很自然
[00:34:04.000 --> 00:34:06.000]  也很合理
[00:34:06.000 --> 00:34:08.000]  不過對於受到美好
[00:34:08.000 --> 00:34:10.000]  無限美好
[00:34:10.000 --> 00:34:12.000]  我們主觀的意欲
[00:34:12.000 --> 00:34:14.000]  想留住他
[00:34:14.000 --> 00:34:16.000]  是否真的可以留住他
[00:34:16.000 --> 00:34:18.000]  是否可以改變客觀的現實
[00:34:20.000 --> 00:34:22.000]  這是重複對我們提醒
[00:34:22.000 --> 00:34:24.000]  在日光之下
[00:34:24.000 --> 00:34:26.000]  其實也不過是虛空
[00:34:26.000 --> 00:34:28.000]  盡是虛空
[00:34:28.000 --> 00:34:32.000]  你要將受到的美好
[00:34:32.000 --> 00:34:34.000]  緊握在手
[00:34:34.000 --> 00:34:36.000]  你只不過是無功
[00:34:36.000 --> 00:34:40.000]  所有的創造主文
[00:34:40.000 --> 00:34:42.000]  都要過去
[00:34:42.000 --> 00:34:44.000]  我們在座每一位
[00:34:44.000 --> 00:34:46.000]  都有一天
[00:34:46.000 --> 00:34:48.000]  會離開這個世界
[00:34:48.000 --> 00:34:50.000]  生命
[00:34:50.000 --> 00:34:52.000]  有下生命的開始
[00:34:52.000 --> 00:34:54.000]  就沒有完結
[00:34:54.000 --> 00:34:56.000]  你所愛的另一位
[00:34:56.000 --> 00:34:58.000]  都一樣
[00:34:58.000 --> 00:35:00.000]  不過
[00:35:00.000 --> 00:35:02.000]  你會先去離開
[00:35:02.000 --> 00:35:04.000]  還是他會先離開
[00:35:04.000 --> 00:35:12.000]  在暴風中
[00:35:12.000 --> 00:35:14.000]  其實只不過是期望落空
[00:35:16.000 --> 00:35:18.000]  你期望落空
[00:35:18.000 --> 00:35:20.000]  就會挑戰傷亡
[00:35:20.000 --> 00:35:22.000]  因為你要美好
[00:35:22.000 --> 00:35:24.000]  長度的生命
[00:35:24.000 --> 00:35:28.000]  但我們不知道受到的美好
[00:35:28.000 --> 00:35:30.000]  其實只有一種
[00:35:30.000 --> 00:35:32.000]  因為受到的美好
[00:35:32.000 --> 00:35:34.000]  可以讓自己的心
[00:35:34.000 --> 00:35:36.000]  完全安頓了
[00:35:36.000 --> 00:35:38.000]  其實這是不解的
[00:35:38.000 --> 00:35:40.000]  你都曲解了受到的美好
[00:35:40.000 --> 00:35:44.000]  我們不能夠正面
[00:35:44.000 --> 00:35:46.000]  視受造物本身的有眼美好
[00:35:46.000 --> 00:35:50.000]  而錯誤以為
[00:35:50.000 --> 00:35:52.000]  有眼美好
[00:35:52.000 --> 00:35:54.000]  就是絕對的美好
[00:35:54.000 --> 00:35:56.000]  就是上帝的美好
[00:35:56.000 --> 00:35:58.000]  但事實上
[00:35:58.000 --> 00:36:00.000]  只有創造主上帝才是絕對的美好
[00:36:00.000 --> 00:36:02.000]  怎樣去執著
[00:36:02.000 --> 00:36:04.000]  眼前受造物種種的美好
[00:36:04.000 --> 00:36:08.000]  不是否認
[00:36:08.000 --> 00:36:10.000]  眼前受造物的種種美好
[00:36:10.000 --> 00:36:12.000]  而是執著
[00:36:14.000 --> 00:36:16.000]  以知為存
[00:36:16.000 --> 00:36:20.000]  依附在他身上
[00:36:20.000 --> 00:36:22.000]  其實這就是大偶像
[00:36:22.000 --> 00:36:26.000]  犯了十大罪
[00:36:26.000 --> 00:36:30.000]  為何人會這樣
[00:36:30.000 --> 00:36:32.000]  因為他們不明白生命
[00:36:32.000 --> 00:36:38.000]  人的生命有三重關係
[00:36:44.000 --> 00:36:46.000]  而這三重關係
[00:36:46.000 --> 00:36:48.000]  才能夠在基督教
[00:36:48.000 --> 00:36:50.000]  上帝的啟示所揭示出來
[00:36:50.000 --> 00:36:56.000]  基督教上帝所揭示
[00:36:56.000 --> 00:36:58.000]  出來的生命
[00:36:58.000 --> 00:37:00.000]  是怎樣的
[00:37:00.000 --> 00:37:02.000]  我們才會明白生命的相同
[00:37:02.000 --> 00:37:04.000]  人的受造生命
[00:37:04.000 --> 00:37:08.000]  是出於動物
[00:37:08.000 --> 00:37:10.000]  沒有了動物主的創造
[00:37:10.000 --> 00:37:12.000]  就沒有人的受造生命
[00:37:12.000 --> 00:37:14.000]  這表示
[00:37:14.000 --> 00:37:16.000]  人的生命並不在於他自己
[00:37:16.000 --> 00:37:18.000]  而是在於受造物主
[00:37:18.000 --> 00:37:22.000]  亦表示人的生命
[00:37:22.000 --> 00:37:24.000]  不是永遠的
[00:37:24.000 --> 00:37:26.000]  正因為被造
[00:37:26.000 --> 00:37:28.000]  所以有難
[00:37:28.000 --> 00:37:30.000]  因為造物主
[00:37:30.000 --> 00:37:32.000]  自然有永久
[00:37:32.000 --> 00:37:34.000]  一切受造物
[00:37:34.000 --> 00:37:36.000]  正如方才所說
[00:37:36.000 --> 00:37:38.000]  有開始就有終
[00:37:42.000 --> 00:37:44.000]  我們對生命的了解
[00:37:44.000 --> 00:37:46.000]  最讓我們忽略
[00:37:46.000 --> 00:37:48.000]  想克服的
[00:37:48.000 --> 00:37:50.000]  就是人
[00:37:50.000 --> 00:37:52.000]  這種受造的特性
[00:37:52.000 --> 00:37:54.000]  其實幾乎都不是我們
[00:37:54.000 --> 00:37:56.000]  我們往往
[00:37:56.000 --> 00:37:58.000]  是對上帝的創造
[00:37:58.000 --> 00:38:00.000]  不是了解得很深
[00:38:00.000 --> 00:38:02.000]  或者對自己
[00:38:02.000 --> 00:38:04.000]  作為受造物
[00:38:04.000 --> 00:38:06.000]  不是很反覆
[00:38:10.000 --> 00:38:12.000]  正如剛才所說
[00:38:12.000 --> 00:38:14.000]  人是受造
[00:38:14.000 --> 00:38:16.000]  就表示越過界限
[00:38:16.000 --> 00:38:20.000]  只有造物主
[00:38:20.000 --> 00:38:22.000]  才是自由永久
[00:38:22.000 --> 00:38:24.000]  並且成為我們的界限
[00:38:24.000 --> 00:38:28.000]  但是受造物
[00:38:28.000 --> 00:38:30.000]  是想越過造物主的界限
[00:38:30.000 --> 00:38:34.000]  犯罪其實就表示
[00:38:34.000 --> 00:38:36.000]  越過界限
[00:38:36.000 --> 00:38:38.000]  人犯罪
[00:38:38.000 --> 00:38:40.000]  就是表示他要越過
[00:38:40.000 --> 00:38:42.000]  自己受造的界限
[00:38:42.000 --> 00:38:44.000]  成為造物主
[00:38:44.000 --> 00:38:46.000]  他不願意承認
[00:38:46.000 --> 00:38:48.000]  造物主是他的界限
[00:38:48.000 --> 00:38:50.000]  他要自己做造物主
[00:38:50.000 --> 00:38:54.000]  其實這是一個安背份的舉動
[00:38:54.000 --> 00:38:58.000]  我經常舉個例子
[00:38:58.000 --> 00:39:00.000]  你家裡會養寵物
[00:39:00.000 --> 00:39:02.000]  你會養貓
[00:39:02.000 --> 00:39:04.000]  假設
[00:39:04.000 --> 00:39:06.000]  有一天你的貓跟你說
[00:39:06.000 --> 00:39:08.000]  我以後不做貓
[00:39:08.000 --> 00:39:10.000]  我要做狗
[00:39:10.000 --> 00:39:14.000]  你會怎樣跟他說
[00:39:14.000 --> 00:39:16.000]  你瘋了嗎
[00:39:16.000 --> 00:39:18.000]  你明明是一隻貓
[00:39:18.000 --> 00:39:20.000]  為何要做狗
[00:39:20.000 --> 00:39:22.000]  情況一樣
[00:39:22.000 --> 00:39:24.000]  人作為一種受造物
[00:39:24.000 --> 00:39:26.000]  有一天跟上帝說
[00:39:26.000 --> 00:39:28.000]  我不要做受造物
[00:39:28.000 --> 00:39:30.000]  我要做創造主
[00:39:36.000 --> 00:39:38.000]  越界
[00:39:38.000 --> 00:39:40.000]  其實就是離開自己受造的界限
[00:39:40.000 --> 00:39:42.000]  結果傷害了
[00:39:42.000 --> 00:39:44.000]  三重關係
[00:39:44.000 --> 00:39:46.000]  甚至四重的關係
[00:39:46.000 --> 00:39:48.000]  第一,和造物主的關係
[00:39:48.000 --> 00:39:50.000]  第二,和其他
[00:39:50.000 --> 00:39:52.000]  同伴的
[00:39:52.000 --> 00:39:54.000]  他人的關係
[00:39:54.000 --> 00:39:56.000]  第三,和其他受造人的關係
[00:39:56.000 --> 00:39:58.000]  第四,和自己的關係
[00:39:58.000 --> 00:40:00.000]  為何要這樣呢
[00:40:00.000 --> 00:40:04.000]  因為上帝起初的創造
[00:40:04.000 --> 00:40:06.000]  是擺在三重關係
[00:40:06.000 --> 00:40:08.000]  甚至四重關係
[00:40:08.000 --> 00:40:10.000]  又說吹一口氣
[00:40:10.000 --> 00:40:12.000]  進入那個人的鼻孔
[00:40:12.000 --> 00:40:14.000]  其實就是判他和上帝
[00:40:14.000 --> 00:40:16.000]  相交的問題
[00:40:16.000 --> 00:40:18.000]  上帝又按自己的形象
[00:40:18.000 --> 00:40:20.000]  做人做狗
[00:40:20.000 --> 00:40:22.000]  於是個體的人
[00:40:22.000 --> 00:40:24.000]  就注定會在
[00:40:24.000 --> 00:40:26.000]  群體的人
[00:40:26.000 --> 00:40:28.000]  沒有人可以單獨
[00:40:28.000 --> 00:40:30.000]  處理
[00:40:32.000 --> 00:40:34.000]  然後人是在第六天
[00:40:34.000 --> 00:40:38.000]  從地上而不到地上
[00:40:38.000 --> 00:40:40.000]  意思就是說
[00:40:40.000 --> 00:40:42.000]  他要活在頭五天
[00:40:42.000 --> 00:40:44.000]  上帝所創造的環境
[00:40:44.000 --> 00:40:46.000]  否則他根本
[00:40:46.000 --> 00:40:48.000]  不能存活
[00:40:48.000 --> 00:40:52.000]  於是人就會在這三重關係裡面
[00:40:52.000 --> 00:40:54.000]  或者好過來說
[00:40:54.000 --> 00:40:56.000]  這三重關係
[00:40:56.000 --> 00:40:58.000]  構成了人
[00:40:58.000 --> 00:41:00.000]  如果人離開了這三重關係
[00:41:00.000 --> 00:41:02.000]  其實他做不成
[00:41:02.000 --> 00:41:04.000]  他破裂了
[00:41:04.000 --> 00:41:06.000]  這就是生命離奇自比的意思
[00:41:06.000 --> 00:41:08.000]  他馬上就四溫而然
[00:41:08.000 --> 00:41:12.000]  出現很多問題
[00:41:12.000 --> 00:41:16.000]  而不能成為一個完整的人
[00:41:16.000 --> 00:41:22.000]  其他人本來
[00:41:22.000 --> 00:41:24.000]  是完全沒有破裂
[00:41:24.000 --> 00:41:26.000]  生活在三重
[00:41:26.000 --> 00:41:28.000]  或者四重的關係
[00:41:28.000 --> 00:41:30.000]  在這三重關係裡面
[00:41:30.000 --> 00:41:32.000]  能否感受到
[00:41:32.000 --> 00:41:34.000]  做物主所肯定的美好的成就
[00:41:34.000 --> 00:41:36.000]  不過
[00:41:36.000 --> 00:41:38.000]  人不能滿足自己受造的
[00:41:38.000 --> 00:41:40.000]  有限的規範
[00:41:40.000 --> 00:41:42.000]  他要像做物主
[00:41:42.000 --> 00:41:44.000]  要像做物主
[00:41:44.000 --> 00:41:46.000]  知道美好
[00:41:46.000 --> 00:41:48.000]  要知道
[00:41:48.000 --> 00:41:50.000]  美好的決定
[00:41:50.000 --> 00:41:52.000]  要知道
[00:41:52.000 --> 00:41:56.000]  和平所謂的知善知惑
[00:41:56.000 --> 00:41:58.000]  如果善是美好
[00:41:58.000 --> 00:42:00.000]  孤獨
[00:42:00.000 --> 00:42:02.000]  還要知道惡
[00:42:02.000 --> 00:42:04.000]  是美好的缺乏
[00:42:04.000 --> 00:42:06.000]  其實這個只有
[00:42:06.000 --> 00:42:08.000]  我們上帝才會知道
[00:42:08.000 --> 00:42:10.000]  但是
[00:42:10.000 --> 00:42:12.000]  你事物的美好
[00:42:12.000 --> 00:42:14.000]  和事物美好的欠缺
[00:42:14.000 --> 00:42:16.000]  其實沒有的
[00:42:16.000 --> 00:42:18.000]  人是無能的
[00:42:18.000 --> 00:42:20.000]  完全不掌握
[00:42:20.000 --> 00:42:22.000]  人在想好似上帝
[00:42:22.000 --> 00:42:24.000]  完全掌握
[00:42:24.000 --> 00:42:26.000]  有養貓
[00:42:26.000 --> 00:42:28.000]  有養狗
[00:42:28.000 --> 00:42:30.000]  你很明白家裏的貓
[00:42:30.000 --> 00:42:32.000]  你很明白家裏的狗
[00:42:32.000 --> 00:42:38.000]  你很明白自己
[00:42:38.000 --> 00:42:42.000]  人自己也是一個奧秘
[00:42:42.000 --> 00:42:48.000]  整個受造世界
[00:42:48.000 --> 00:42:50.000]  雖然是受造之物
[00:42:50.000 --> 00:42:52.000]  雖然是有限的受造之物
[00:42:52.000 --> 00:42:54.000]  但仍然是一個奧秘
[00:42:54.000 --> 00:42:56.000]  這個可以掌握
[00:42:56.000 --> 00:43:00.000]  知善知惡或知美好
[00:43:00.000 --> 00:43:02.000]  和知美好的缺少
[00:43:02.000 --> 00:43:04.000]  其實就是想掌握
[00:43:04.000 --> 00:43:06.000]  好似上帝那樣掌握
[00:43:06.000 --> 00:43:10.000]  控制這個世界
[00:43:10.000 --> 00:43:16.000]  好似我剛才講的
[00:43:16.000 --> 00:43:20.000]  有知識就有力量
[00:43:20.000 --> 00:43:22.000]  知道這個世界是怎樣
[00:43:22.000 --> 00:43:24.000]  我就可以控制這個世界
[00:43:24.000 --> 00:43:32.000]  以為可以對事物作出控制
[00:43:32.000 --> 00:43:38.000]  現代世界其實更加容易
[00:43:38.000 --> 00:43:44.000]  實質上
[00:43:44.000 --> 00:43:48.000]  其實我們不只對世界
[00:43:48.000 --> 00:43:50.000]  有一種知識的掌握
[00:43:50.000 --> 00:43:54.000]  後面其實是一種權力
[00:43:54.000 --> 00:43:56.000]  因為太過知識
[00:43:56.000 --> 00:43:58.000]  認識那個事物
[00:43:58.000 --> 00:44:00.000]  我就控制那個事物
[00:44:00.000 --> 00:44:04.000]  好似手機
[00:44:04.000 --> 00:44:06.000]  你不知手機在做什麼
[00:44:06.000 --> 00:44:08.000]  你不會用手機
[00:44:08.000 --> 00:44:10.000]  手機是通訊的
[00:44:10.000 --> 00:44:12.000]  你至少要知道它
[00:44:12.000 --> 00:44:14.000]  可以打電話
[00:44:14.000 --> 00:44:16.000]  你才可以用到它
[00:44:16.000 --> 00:44:18.000]  如果你進一步知道
[00:44:18.000 --> 00:44:20.000]  我們的智能電腦
[00:44:20.000 --> 00:44:22.000]  其實在微型電腦
[00:44:22.000 --> 00:44:24.000]  就不得了
[00:44:24.000 --> 00:44:26.000]  為什麼
[00:44:26.000 --> 00:44:28.000]  微型電腦可以做很多事情
[00:44:28.000 --> 00:44:30.000]  上網看電影
[00:44:30.000 --> 00:44:32.000]  做研究
[00:44:32.000 --> 00:44:36.000]  你喜歡做研究
[00:44:36.000 --> 00:44:38.000]  都可以用智能電腦
[00:44:38.000 --> 00:44:40.000]  因為可以上網查全世界的資料
[00:44:40.000 --> 00:44:42.000]  將大部份
[00:44:42.000 --> 00:44:44.000]  圖書館的書
[00:44:44.000 --> 00:44:46.000]  可以下載到網上
[00:44:46.000 --> 00:44:48.000]  做AI
[00:44:48.000 --> 00:44:52.000]  你便認識這個世界
[00:44:52.000 --> 00:44:56.000]  你認識這個世界
[00:44:56.000 --> 00:45:02.000]  就掌握這個世界
[00:45:02.000 --> 00:45:04.000]  掌握這個世界本身就有一個權力
[00:45:04.000 --> 00:45:10.000]  這種權力的肉頭
[00:45:10.000 --> 00:45:12.000]  其實是很難捕捉的
[00:45:14.000 --> 00:45:16.000]  它沒有一個限制
[00:45:16.000 --> 00:45:20.000]  最終它要撤銷
[00:45:20.000 --> 00:45:22.000]  我這個受眾物和創造物之間的界限
[00:45:22.000 --> 00:45:26.000]  甚至我要撤銷
[00:45:26.000 --> 00:45:28.000]  我和其他受眾物之間的界限
[00:45:28.000 --> 00:45:30.000]  我和其他人之間的界限
[00:45:30.000 --> 00:45:32.000]  以我為中心
[00:45:32.000 --> 00:45:36.000]  在這個時候我是上帝
[00:45:36.000 --> 00:45:38.000]  所有其他東西
[00:45:38.000 --> 00:45:40.000]  都是我統治
[00:45:44.000 --> 00:45:46.000]  我會
[00:45:46.000 --> 00:45:48.000]  要求自己
[00:45:48.000 --> 00:45:50.000]  要求自己
[00:45:50.000 --> 00:45:52.000]  好像做物主一樣
[00:45:52.000 --> 00:45:54.000]  掌握一切
[00:45:54.000 --> 00:46:00.000]  其實當你這樣做的時候
[00:46:00.000 --> 00:46:02.000]  我們離開了自己和朋友的位置
[00:46:02.000 --> 00:46:06.000]  因為本來不是這樣
[00:46:06.000 --> 00:46:08.000]  我們想朋友
[00:46:08.000 --> 00:46:10.000]  因為要教他們
[00:46:10.000 --> 00:46:12.000]  因為要開自己
[00:46:12.000 --> 00:46:14.000]  我們想開自己
[00:46:14.000 --> 00:46:20.000]  人的生命離開自己
[00:46:20.000 --> 00:46:26.000]  就離開了
[00:46:26.000 --> 00:46:28.000]  構成了自己的生活案例
[00:46:28.000 --> 00:46:32.000]  就是剛才所說的
[00:46:32.000 --> 00:46:34.000]  離開生命終極的根源上
[00:46:34.000 --> 00:46:36.000]  離開生命的社群幫助
[00:46:36.000 --> 00:46:38.000]  其他人
[00:46:38.000 --> 00:46:40.000]  離開生命的物質和警察的紀錄
[00:46:40.000 --> 00:46:42.000]  最終就是離開
[00:46:42.000 --> 00:46:44.000]  這三條關係
[00:46:44.000 --> 00:46:46.000]  所構成的自己
[00:46:46.000 --> 00:46:48.000]  這種離開
[00:46:48.000 --> 00:46:50.000]  就是破裂、解體、傷害
[00:46:50.000 --> 00:46:54.000]  這種離開黑暗的關係
[00:46:54.000 --> 00:46:56.000]  就會成為
[00:46:56.000 --> 00:46:58.000]  這樣的情況
[00:46:58.000 --> 00:47:00.000]  第一,人不服在上帝底下
[00:47:00.000 --> 00:47:04.000]  背叛你關愛
[00:47:04.000 --> 00:47:06.000]  男人宰割這個女人
[00:47:06.000 --> 00:47:08.000]  創世紀講得很清楚
[00:47:10.000 --> 00:47:12.000]  第二,衣亂淘寶
[00:47:12.000 --> 00:47:16.000]  這是人和人之間的關聯
[00:47:16.000 --> 00:47:20.000]  第三,人不要按流流亂亂
[00:47:20.000 --> 00:47:22.000]  才可以叫大罪出賊
[00:47:22.000 --> 00:47:24.000]  人和人之間的鬥爭
[00:47:24.000 --> 00:47:28.000]  所以這種離開
[00:47:28.000 --> 00:47:30.000]  其實是叫自己的生命破裂
[00:47:30.000 --> 00:47:32.000]  從此我們生活得非常艱難
[00:47:32.000 --> 00:47:38.000]  這是自己生活的解體
[00:47:38.000 --> 00:47:40.000]  這是自己生命的傷害
[00:47:40.000 --> 00:47:44.000]  這種離開是因為人
[00:47:44.000 --> 00:47:46.000]  錯誤地將自己
[00:47:46.000 --> 00:47:48.000]  放在一個不恰當的位置上
[00:47:48.000 --> 00:47:50.000]  將自己作為受造物
[00:47:50.000 --> 00:47:52.000]  放在創造主的位置上
[00:47:52.000 --> 00:47:58.000]  於是就錯誤地
[00:47:58.000 --> 00:48:00.000]  跟上帝有錯誤的關係
[00:48:00.000 --> 00:48:02.000]  跟其他人有錯誤的關係
[00:48:02.000 --> 00:48:04.000]  跟大地有錯誤的關係
[00:48:08.000 --> 00:48:10.000]  第四部分
[00:48:10.000 --> 00:48:14.000]  傷痛是源於錯字
[00:48:14.000 --> 00:48:16.000]  原來在錯字
[00:48:16.000 --> 00:48:18.000]  自己位置的情況下
[00:48:18.000 --> 00:48:20.000]  就會互換身邊的一切
[00:48:20.000 --> 00:48:22.000]  這些擺位擺錯了
[00:48:22.000 --> 00:48:24.000]  以為自己是創造主的時候
[00:48:24.000 --> 00:48:26.000]  就互換了所有的東西
[00:48:26.000 --> 00:48:28.000]  當我們遠離絕對的美好
[00:48:28.000 --> 00:48:30.000]  就是遠離
[00:48:30.000 --> 00:48:32.000]  做民主上的本身
[00:48:32.000 --> 00:48:34.000]  結果我們追逐的人
[00:48:34.000 --> 00:48:36.000]  受造物的美好
[00:48:36.000 --> 00:48:38.000]  我們追逐絕對的美好
[00:48:38.000 --> 00:48:40.000]  我們不是學學絕對美好
[00:48:40.000 --> 00:48:42.000]  我們是學追求
[00:48:42.000 --> 00:48:44.000]  受造物有限的美好
[00:48:44.000 --> 00:48:48.000]  加上受造物的世界
[00:48:48.000 --> 00:48:50.000]  是千差萬別的
[00:48:50.000 --> 00:48:52.000]  豐富多姿
[00:48:52.000 --> 00:48:54.000]  於是你無窮追逐下去
[00:48:54.000 --> 00:48:56.000]  在無窮追逐下去的時候
[00:48:56.000 --> 00:48:58.000]  我們會忘記
[00:48:58.000 --> 00:49:00.000]  我們是造物主
[00:49:00.000 --> 00:49:02.000]  不再透過受造物
[00:49:02.000 --> 00:49:04.000]  改造的記號
[00:49:04.000 --> 00:49:06.000]  認識創造主
[00:49:06.000 --> 00:49:08.000]  所謂受造物
[00:49:08.000 --> 00:49:10.000]  只是一個記號
[00:49:10.000 --> 00:49:12.000]  因為它是受造的
[00:49:12.000 --> 00:49:14.000]  就指向創造主
[00:49:14.000 --> 00:49:22.000]  人除了不用
[00:49:22.000 --> 00:49:24.000]  受造物的美好
[00:49:24.000 --> 00:49:26.000]  而受造物的
[00:49:26.000 --> 00:49:28.000]  那種美好
[00:49:28.000 --> 00:49:30.000]  是絕對的
[00:49:30.000 --> 00:49:32.000]  在這個情況下
[00:49:32.000 --> 00:49:34.000]  我們要再進一步
[00:49:34.000 --> 00:49:36.000]  創造出自己的文化世界
[00:49:36.000 --> 00:49:40.000]  AI文化是我們創造出來的
[00:49:40.000 --> 00:49:42.000]  AI是我們創造出來的
[00:49:42.000 --> 00:49:46.000]  社交媒體的世界是我們創造出來的
[00:49:46.000 --> 00:49:48.000]  網上的世界是我們創造出來的
[00:49:48.000 --> 00:49:52.000]  不過我想在座之中
[00:49:52.000 --> 00:49:54.000]  我們大部分人
[00:49:54.000 --> 00:49:56.000]  是數碼世界的文明
[00:49:56.000 --> 00:49:58.000]  不是數碼世界的民主文明
[00:50:00.000 --> 00:50:02.000]  97之後出世的
[00:50:02.000 --> 00:50:04.000]  好嗎
[00:50:04.000 --> 00:50:06.000]  97之後出世的
[00:50:06.000 --> 00:50:08.000]  就是
[00:50:08.000 --> 00:50:10.000]  數碼世界的民主文明
[00:50:10.000 --> 00:50:14.000]  所以他們出世的時候
[00:50:14.000 --> 00:50:16.000]  就和手機一起
[00:50:16.000 --> 00:50:18.000]  所以他們會用手機多於我們會用手機
[00:50:18.000 --> 00:50:20.000]  所以每次我們
[00:50:20.000 --> 00:50:22.000]  搞不定的時候
[00:50:22.000 --> 00:50:24.000]  問兒子女兒的時候會罵你
[00:50:24.000 --> 00:50:26.000]  這麼蠢的
[00:50:26.000 --> 00:50:28.000]  這樣都不會用
[00:50:28.000 --> 00:50:30.000]  我們不是民主文明
[00:50:30.000 --> 00:50:36.000]  網絡的文化
[00:50:36.000 --> 00:50:38.000]  AI文化
[00:50:38.000 --> 00:50:40.000]  是我們創造出來的
[00:50:40.000 --> 00:50:46.000]  當我們住在其中的時候
[00:50:46.000 --> 00:50:48.000]  我們就會依賴這個世界
[00:50:48.000 --> 00:50:50.000]  去追逐這個世界
[00:50:50.000 --> 00:50:52.000]  我們再不只是追逐
[00:50:52.000 --> 00:50:56.000]  受造物的世界
[00:50:56.000 --> 00:50:58.000]  我們正在追逐
[00:50:58.000 --> 00:51:00.000]  我們所創造出來的文化世界
[00:51:00.000 --> 00:51:02.000]  我們正在追逐
[00:51:02.000 --> 00:51:04.000]  我們所創造出來的數碼世界
[00:51:04.000 --> 00:51:08.000]  現在起床的時候
[00:51:08.000 --> 00:51:12.000]  要做什麼
[00:51:12.000 --> 00:51:14.000]  通常身邊就有個手機
[00:51:14.000 --> 00:51:18.000]  按一按
[00:51:18.000 --> 00:51:20.000]  WhatsApp
[00:51:20.000 --> 00:51:22.000]  如果昨晚沒人等我
[00:51:22.000 --> 00:51:24.000]  沒那麼重要
[00:51:26.000 --> 00:51:28.000]  我已經習慣了
[00:51:28.000 --> 00:51:30.000]  我已經習慣了
[00:51:30.000 --> 00:51:32.000]  我們住在這個世界
[00:51:32.000 --> 00:51:34.000]  住在這個數碼世界
[00:51:34.000 --> 00:51:36.000]  住在這個數碼世界
[00:51:36.000 --> 00:51:38.000]  現在在沉醉的當中
[00:51:38.000 --> 00:51:40.000]  現在在沉醉的當中
[00:51:40.000 --> 00:51:42.000]  你想想
[00:51:42.000 --> 00:51:44.000]  在Facebook
[00:51:44.000 --> 00:51:46.000]  在Instagram
[00:51:46.000 --> 00:51:48.000]  在Viu
[00:51:48.000 --> 00:51:50.000]  在影片
[00:51:50.000 --> 00:51:52.000]  在影片
[00:51:54.000 --> 00:51:56.000]  但是
[00:51:56.000 --> 00:51:58.000]  一切受造物本來就不存在
[00:51:58.000 --> 00:52:00.000]  我們所創造的一切文化
[00:52:00.000 --> 00:52:02.000]  其實都會有人消失
[00:52:02.000 --> 00:52:06.000]  有限的人
[00:52:06.000 --> 00:52:08.000]  所創造出來的文化
[00:52:08.000 --> 00:52:10.000]  都是有限的
[00:52:10.000 --> 00:52:12.000]  但是我們就是不斷追逐
[00:52:12.000 --> 00:52:14.000]  而我們忘記一切
[00:52:14.000 --> 00:52:16.000]  都是像傳道書所說的
[00:52:16.000 --> 00:52:18.000]  有一天會停風
[00:52:18.000 --> 00:52:20.000]  消失
[00:52:24.000 --> 00:52:26.000]  這個問題就在於
[00:52:26.000 --> 00:52:28.000]  錯置了文明
[00:52:28.000 --> 00:52:30.000]  錯置了文明
[00:52:30.000 --> 00:52:32.000]  所以讓我們出現了
[00:52:32.000 --> 00:52:36.000]  新年再提議
[00:52:36.000 --> 00:52:38.000]  做民主
[00:52:38.000 --> 00:52:40.000]  作為我們的依賴
[00:52:40.000 --> 00:52:42.000]  作為我們的依賴
[00:52:42.000 --> 00:52:44.000]  而留念沉溺在受造物
[00:52:44.000 --> 00:52:46.000]  的文明世界
[00:52:46.000 --> 00:52:48.000]  如果是這樣
[00:52:48.000 --> 00:52:50.000]  我們就得到安穩
[00:52:50.000 --> 00:52:52.000]  其實我們從來
[00:52:52.000 --> 00:52:54.000]  都沒有得到安穩
[00:52:54.000 --> 00:52:56.000]  只有在上去
[00:52:56.000 --> 00:52:58.000]  我們才可以得到安穩
[00:52:58.000 --> 00:53:02.000]  所以我本身覺得
[00:53:02.000 --> 00:53:04.000]  你只要找到做民主
[00:53:04.000 --> 00:53:06.000]  你的心才可以安穩
[00:53:06.000 --> 00:53:08.000]  或者安息下來
[00:53:08.000 --> 00:53:12.000]  不過
[00:53:12.000 --> 00:53:14.000]  人因為將自己錯置在做民主的位置上
[00:53:14.000 --> 00:53:20.000]  不單止在受造物
[00:53:20.000 --> 00:53:22.000]  的漫遊之中
[00:53:22.000 --> 00:53:24.000]  去找安息
[00:53:24.000 --> 00:53:26.000]  更加像我們剛才所說
[00:53:26.000 --> 00:53:28.000]  進一步在自己所創造的文化世界
[00:53:28.000 --> 00:53:30.000]  數碼世界
[00:53:30.000 --> 00:53:32.000]  去尋找安息
[00:53:32.000 --> 00:53:34.000]  但全部都是錯置
[00:53:34.000 --> 00:53:36.000]  有一天
[00:53:36.000 --> 00:53:38.000]  這些東西都不風不勢
[00:53:38.000 --> 00:53:42.000]  那你做得安息嗎
[00:53:42.000 --> 00:53:48.000]  再嚴格一點來說
[00:53:48.000 --> 00:53:50.000]  人最終
[00:53:50.000 --> 00:53:52.000]  其實是將
[00:53:52.000 --> 00:53:54.000]  自己的位置和做民主的位置
[00:53:54.000 --> 00:53:56.000]  轉換了
[00:53:56.000 --> 00:54:00.000]  這種錯置是最根本的
[00:54:00.000 --> 00:54:04.000]  令到
[00:54:04.000 --> 00:54:06.000]  不單止自己受損
[00:54:06.000 --> 00:54:08.000]  連其他受造物都受損
[00:54:08.000 --> 00:54:12.000]  讓他們容易承擔
[00:54:12.000 --> 00:54:14.000]  他們被我們保障化的
[00:54:14.000 --> 00:54:16.000]  那種情況
[00:54:18.000 --> 00:54:20.000]  結果
[00:54:20.000 --> 00:54:22.000]  人派來很大的傷害
[00:54:22.000 --> 00:54:26.000]  這些傷害就是我們剛才所說的
[00:54:26.000 --> 00:54:28.000]  第一
[00:54:28.000 --> 00:54:30.000]  我們人和人之間
[00:54:30.000 --> 00:54:32.000]  在糾纏的關係
[00:54:32.000 --> 00:54:34.000]  就是丈夫本能
[00:54:34.000 --> 00:54:36.000]  妻子不妻子
[00:54:36.000 --> 00:54:38.000]  依戀丈夫
[00:54:38.000 --> 00:54:40.000]  第二
[00:54:40.000 --> 00:54:42.000]  生活非常艱難
[00:54:42.000 --> 00:54:44.000]  因為終身痛苦
[00:54:44.000 --> 00:54:46.000]  才能從好的痛苦
[00:54:46.000 --> 00:54:48.000]  走出來
[00:54:48.000 --> 00:54:50.000]  生命的傷痛
[00:54:50.000 --> 00:54:52.000]  終究都是源於錯置
[00:54:52.000 --> 00:54:56.000]  所以出路是甚麼
[00:54:56.000 --> 00:54:58.000]  要恢復回原創的位置
[00:54:58.000 --> 00:55:00.000]  要做民主
[00:55:00.000 --> 00:55:02.000]  做回民主
[00:55:02.000 --> 00:55:04.000]  要做回受造物
[00:55:04.000 --> 00:55:06.000]  做回受動物
[00:55:06.000 --> 00:55:08.000]  我們才能走出傷害
[00:55:08.000 --> 00:55:10.000]  這個是我們在
[00:55:10.000 --> 00:55:12.000]  第一部份和第二部份
[00:55:14.000 --> 00:55:16.000]  的初衷
[00:55:16.000 --> 00:55:18.000]  我已經沒甚麼時間給大家
[00:55:18.000 --> 00:55:20.000]  問問題
[00:55:20.000 --> 00:55:22.000]  問問題會去到第二部份的時候
[00:55:22.000 --> 00:55:24.000]  才會給大家
[00:55:24.000 --> 00:55:26.000]  我們是休息的時間
[00:55:26.000 --> 00:55:36.000]  有甚麼問題
[00:55:36.000 --> 00:55:40.000]  總之大家想要的決定
[00:55:40.000 --> 00:55:42.000]  大家會去哪裏
[00:55:42.000 --> 00:55:44.000]  想要的決定
[00:55:44.000 --> 00:55:46.000]  但最好就是
[00:55:46.000 --> 00:55:48.000]  在我坐的
[00:55:48.000 --> 00:55:50.000]  待會做完裏面的辦事後
[00:55:50.000 --> 00:55:52.000]  中間休息
[00:55:52.000 --> 00:55:58.000]  我想請大同志
[00:55:58.000 --> 00:56:00.000]  黎牧師和姚牧師
[00:56:00.000 --> 00:56:02.000]  可以坐前面
[00:56:02.000 --> 00:56:04.000]  姚牧師坐前面
[00:56:04.000 --> 00:56:10.000]  你也是我們的同仁
[00:56:12.000 --> 00:56:14.000]  請坐
[00:56:42.000 --> 00:56:44.000]  1、2、3
[00:56:44.000 --> 00:56:46.000]  1、2、3
[00:56:46.000 --> 00:56:48.000]  1、2、3
[00:56:48.000 --> 00:57:00.000]  我都
[00:57:00.000 --> 00:57:02.000]  我們今年會照辦書展
[00:57:02.000 --> 00:57:06.000]  請大家繼續為我們書展就讀
[00:57:06.000 --> 00:57:08.000]  和我們經費就讀
[00:57:08.000 --> 00:57:10.000]  另外
[00:57:10.000 --> 00:57:12.000]  大家如果看到我們同樣拿到資料
[00:57:12.000 --> 00:57:14.000]  會見到一個
[00:57:14.000 --> 00:57:16.000]  我們叫中心
[00:57:16.000 --> 00:57:18.000]  我們叫天道
[00:57:18.000 --> 00:57:20.000]  天道
[00:57:20.000 --> 00:57:22.000]  甚麼
[00:57:22.000 --> 00:57:24.000]  那個福音中心
[00:57:24.000 --> 00:57:26.000]  我們有一個
[00:57:26.000 --> 00:57:28.000]  如果有人住在三澳
[00:57:28.000 --> 00:57:30.000]  或者其他地方
[00:57:30.000 --> 00:57:32.000]  希望十八區
[00:57:32.000 --> 00:57:34.000]  有一個街道
[00:57:34.000 --> 00:57:36.000]  街道報道
[00:57:36.000 --> 00:57:38.000]  所以我們也需要很多經費
[00:57:38.000 --> 00:57:40.000]  貢獻
[00:57:40.000 --> 00:57:42.000]  支持
[00:57:42.000 --> 00:57:44.000]  我們也需要禮物
[00:57:44.000 --> 00:57:46.000]  如果你們有禮物
[00:57:46.000 --> 00:57:48.000]  也可以來到我們隔壁黃埔
[00:57:48.000 --> 00:57:50.000]  然後給我們
[00:57:50.000 --> 00:57:52.000]  一個街道報道
[00:57:52.000 --> 00:57:58.000]  大家預備好
[00:57:58.000 --> 00:58:00.000]  我想請
[00:58:00.000 --> 00:58:02.000]  黎牧師和姚牧師
[00:58:02.000 --> 00:58:04.000]  在當地
[00:58:08.000 --> 00:58:10.000]  好
[00:58:10.000 --> 00:58:12.000]  各位姐妹
[00:58:12.000 --> 00:58:14.000]  我們低頭
[00:58:14.000 --> 00:58:16.000]  一位
[00:58:16.000 --> 00:58:18.000]  親愛的天父
[00:58:18.000 --> 00:58:20.000]  我們感謝你
[00:58:20.000 --> 00:58:22.000]  好像剛才
[00:58:22.000 --> 00:58:24.000]  黎牧師所說
[00:58:24.000 --> 00:58:26.000]  你是我們的創造主
[00:58:26.000 --> 00:58:28.000]  你是我們的生命的源頭
[00:58:28.000 --> 00:58:30.000]  主也就是今天
[00:58:30.000 --> 00:58:32.000]  讓我們繼續認識你
[00:58:32.000 --> 00:58:34.000]  也讓我們能夠和你建立
[00:58:34.000 --> 00:58:36.000]  一個正確的關係
[00:58:36.000 --> 00:58:38.000]  當我們每次奉獻的時候
[00:58:38.000 --> 00:58:40.000]  讓我們記得
[00:58:40.000 --> 00:58:42.000]  你是我們的生命的源頭
[00:58:42.000 --> 00:58:44.000]  也是你供應我們的生命
[00:58:44.000 --> 00:58:46.000]  也是供應我們的日常所需
[00:58:46.000 --> 00:58:48.000]  我們繼續
[00:58:48.000 --> 00:58:50.000]  圍繞環球這個機構
[00:58:50.000 --> 00:58:52.000]  來祷告
[00:58:52.000 --> 00:58:54.000]  因為知道他們都很用心思
[00:58:54.000 --> 00:58:56.000]  和很願意去鼓勵
[00:58:56.000 --> 00:58:58.000]  更加去認識神秘的話語
[00:58:58.000 --> 00:59:00.000]  所以他們也需要
[00:59:00.000 --> 00:59:02.000]  更多的經費
[00:59:02.000 --> 00:59:04.000]  能夠營運
[00:59:04.000 --> 00:59:06.000]  能夠有不同的講員
[00:59:06.000 --> 00:59:08.000]  和分享他們的訊息
[00:59:08.000 --> 00:59:10.000]  所以特別繼續圍繞機構的祈禱
[00:59:10.000 --> 00:59:12.000]  求主你去供應他們的所需
[00:59:12.000 --> 00:59:14.000]  也將我們一會的奉獻
[00:59:14.000 --> 00:59:16.000]  都放在上面
[00:59:16.000 --> 00:59:18.000]  求主你去表達和使用
[00:59:18.000 --> 00:59:20.000]  我們同心合意祈禱
[00:59:20.000 --> 00:59:22.000]  主耶穌基督也會願意自祈求
[00:59:32.000 --> 00:59:34.000]  在完善奉獻的時候
[00:59:34.000 --> 00:59:36.000]  我們都講了
[00:59:36.000 --> 00:59:38.000]  祈禱書樓
[00:59:38.000 --> 00:59:40.000]  我們也講了
[00:59:40.000 --> 00:59:42.000]  環球聖經公會的培訓
[00:59:42.000 --> 00:59:44.000]  環球聖經公會
[00:59:44.000 --> 00:59:46.000]  當然有歡迎
[00:59:46.000 --> 00:59:48.000]  就是我手上這本
[00:59:48.000 --> 00:59:50.000]  環球聖經
[00:59:50.000 --> 00:59:52.000]  譯本
[00:59:52.000 --> 00:59:54.000]  是新的
[00:59:54.000 --> 00:59:56.000]  有什麼特點呢
[00:59:56.000 --> 00:59:58.000]  這本是特別特別的
[00:59:58.000 --> 01:00:00.000]  因為是三經關懷聖經
[01:00:00.000 --> 01:00:02.000]  但是是有
[01:00:02.000 --> 01:00:04.000]  二百萬字的新譯
[01:00:04.000 --> 01:00:06.000]  的中文版本
[01:00:06.000 --> 01:00:08.000]  中文版本是
[01:00:08.000 --> 01:00:10.000]  統一文化的
[01:00:10.000 --> 01:00:12.000]  我們用語言是可以的
[01:00:12.000 --> 01:00:14.000]  但是我們查譯的時候是不會用的
[01:00:14.000 --> 01:00:16.000]  不過我手上這本
[01:00:16.000 --> 01:00:18.000]  裡面更加多
[01:00:18.000 --> 01:00:20.000]  有116個生活難題
[01:00:20.000 --> 01:00:24.000]  我們生活遇到很多難題
[01:00:24.000 --> 01:00:26.000]  其實我們可以多點努力
[01:00:26.000 --> 01:00:28.000]  修得到
[01:00:28.000 --> 01:00:30.000]  修得到
[01:00:30.000 --> 01:00:32.000]  另外
[01:00:32.000 --> 01:00:34.000]  天道機構有三部份
[01:00:34.000 --> 01:00:36.000]  環球聖經公會
[01:00:36.000 --> 01:00:38.000]  另外
[01:00:38.000 --> 01:00:40.000]  天道書樓有出版社
[01:00:40.000 --> 01:00:42.000]  現在天道書樓
[01:00:42.000 --> 01:00:44.000]  開設了天道福音
[01:00:44.000 --> 01:00:46.000]  中心
[01:00:46.000 --> 01:00:48.000]  希望好一步
[01:00:48.000 --> 01:00:50.000]  推動福音的施工
[01:00:50.000 --> 01:00:52.000]  另外我們也有
[01:00:52.000 --> 01:00:54.000]  天道書樓
[01:00:54.000 --> 01:00:56.000]  推介解構
[01:00:56.000 --> 01:00:58.000]  一本新的書
[01:00:58.000 --> 01:01:00.000]  在這裏出版的是
[01:01:00.000 --> 01:01:02.000]  我們另外一個智慧機構
[01:01:02.000 --> 01:01:04.000]  天道傳奇協會
[01:01:04.000 --> 01:01:06.000]  如果大家有興趣
[01:01:06.000 --> 01:01:08.000]  可以到旁邊說
[01:01:08.000 --> 01:01:10.000]  背後的機構
[01:01:10.000 --> 01:01:12.000]  這個是一個
[01:01:12.000 --> 01:01:14.000]  所謂外展的機構
[01:01:14.000 --> 01:01:16.000]  三個機構
[01:01:16.000 --> 01:01:18.000]  由外展接觸地信的朋友
[01:01:18.000 --> 01:01:20.000]  去到福音中心
[01:01:20.000 --> 01:01:22.000]  去傳福音
[01:01:22.000 --> 01:01:24.000]  繼續一步一步
[01:01:24.000 --> 01:01:26.000]  一個
[01:01:26.000 --> 01:01:28.000]  讀經計劃
[01:01:28.000 --> 01:01:30.000]  評修
[01:01:30.000 --> 01:01:32.000]  講座
[01:01:32.000 --> 01:01:34.000]  翻譯聖經
[01:01:34.000 --> 01:01:36.000]  一系列的
[01:01:36.000 --> 01:01:38.000]  正傳
[01:01:38.000 --> 01:01:40.000]  當我們讀了聖經之後
[01:01:40.000 --> 01:01:42.000]  我們得獎最好的部份
[01:01:42.000 --> 01:01:44.000]  我們要用回去
[01:01:44.000 --> 01:01:46.000]  讓其他人傳福音
[01:01:46.000 --> 01:01:48.000]  所以
[01:01:48.000 --> 01:01:50.000]  一把
[01:01:50.000 --> 01:01:52.000]  在散之下
[01:01:52.000 --> 01:01:54.000]  我們就有了
[01:01:54.000 --> 01:01:56.000]  傳福音
[01:01:56.000 --> 01:01:58.000]  熟讀聖經
[01:01:58.000 --> 01:02:00.000]  但最重要的是
[01:02:00.000 --> 01:02:02.000]  我們沒有變到再添
[01:02:02.000 --> 01:02:04.000]  但是不捨得浪費
[01:02:04.000 --> 01:02:06.000]  我們繼續傳福音
[01:02:06.000 --> 01:02:08.000]  希望大家圍觀我們的時空
[01:02:08.000 --> 01:02:10.000]  互相討論
[01:02:10.000 --> 01:02:12.000]  亦可以參與奉獻
[01:02:12.000 --> 01:02:14.000]  多謝大家
[01:02:14.000 --> 01:02:16.000]  大家現在在後面可以看看我們的書
[01:02:16.000 --> 01:02:18.000]  和今天的主題有關
[01:02:18.000 --> 01:02:20.000]  大家可以
[01:02:20.000 --> 01:02:22.000]  參考
[01:02:22.000 --> 01:02:24.000]  和留言
[01:02:24.000 --> 01:02:26.000]  多謝大家
[01:02:26.000 --> 01:02:28.000]  我們進入
[01:02:28.000 --> 01:02:30.000]  第二部份
[01:02:30.000 --> 01:02:32.000]  這部份我們其實會用
[01:02:32.000 --> 01:02:34.000]  傳道書
[01:02:34.000 --> 01:02:36.000]  去
[01:02:36.000 --> 01:02:38.000]  嘗試
[01:02:38.000 --> 01:02:40.000]  討論
[01:02:40.000 --> 01:02:42.000]  我們在
[01:02:42.000 --> 01:02:44.000]  這個狀態
[01:02:44.000 --> 01:02:46.000]  當時我們講的那種狀態
[01:02:46.000 --> 01:02:48.000]  如何討論
[01:02:48.000 --> 01:02:52.000]  我們用傳道書幾節的專業
[01:02:52.000 --> 01:02:54.000]  傳道書一章二節講到
[01:02:54.000 --> 01:02:56.000]  傳道者說
[01:02:56.000 --> 01:02:58.000]  虛空的虛空
[01:02:58.000 --> 01:03:00.000]  虛空的虛空一切都是虛空
[01:03:00.000 --> 01:03:02.000]  三章一節
[01:03:02.000 --> 01:03:04.000]  萬事都有其特定的時間
[01:03:04.000 --> 01:03:08.000]  天下一切事物都有其時間
[01:03:08.000 --> 01:03:10.000]  然後是
[01:03:10.000 --> 01:03:12.000]  九章九節講到
[01:03:12.000 --> 01:03:14.000]  你要與愛妻感受
[01:03:14.000 --> 01:03:16.000]  人生痛度一生
[01:03:16.000 --> 01:03:18.000]  所虛
[01:03:18.000 --> 01:03:20.000]  所有虛空的日子
[01:03:20.000 --> 01:03:22.000]  尤其是上帝所賜給你的
[01:03:22.000 --> 01:03:24.000]  在日光之下所有虛空的日子
[01:03:24.000 --> 01:03:26.000]  因為那是你在一生中
[01:03:26.000 --> 01:03:28.000]  在日光之下
[01:03:28.000 --> 01:03:30.000]  奴役所得的困難
[01:03:30.000 --> 01:03:32.000]  然後十二章十三到十四節
[01:03:32.000 --> 01:03:34.000]  要叫愛妻
[01:03:34.000 --> 01:03:36.000]  遵守他的禮儀
[01:03:36.000 --> 01:03:38.000]  寫善每個人
[01:03:38.000 --> 01:03:40.000]  每一個人的本分
[01:03:40.000 --> 01:03:42.000]  因為人做的每一件事
[01:03:42.000 --> 01:03:44.000]  包括所有隱藏的事
[01:03:44.000 --> 01:03:46.000]  在善樂上都會承認
[01:03:46.000 --> 01:03:48.000]  傳頌詩
[01:03:48.000 --> 01:03:50.000]  是
[01:03:50.000 --> 01:03:52.000]  我自己很喜歡的一段
[01:03:52.000 --> 01:03:54.000]  志維文學
[01:03:54.000 --> 01:03:56.000]  不過這段書
[01:03:56.000 --> 01:03:58.000]  我自己的領袖
[01:03:58.000 --> 01:04:00.000]  他有三個重點
[01:04:00.000 --> 01:04:02.000]  是需要我們
[01:04:02.000 --> 01:04:04.000]  沉思和默想
[01:04:04.000 --> 01:04:06.000]  這三個重點
[01:04:06.000 --> 01:04:08.000]  分別就是
[01:04:08.000 --> 01:04:10.000]  萬有都是虛空
[01:04:10.000 --> 01:04:12.000]  不能夠永久
[01:04:12.000 --> 01:04:14.000]  第二個就是
[01:04:14.000 --> 01:04:16.000]  珍惜有限的美好
[01:04:16.000 --> 01:04:18.000]  和所愛的背後
[01:04:18.000 --> 01:04:20.000]  能夠用到的成果
[01:04:20.000 --> 01:04:22.000]  第三點就是
[01:04:22.000 --> 01:04:24.000]  敬畏上帝
[01:04:24.000 --> 01:04:26.000]  並沒有上帝
[01:04:26.000 --> 01:04:28.000]  只有一個上帝
[01:04:28.000 --> 01:04:32.000]  我自己是
[01:04:32.000 --> 01:04:36.000]  在這一年裏
[01:04:36.000 --> 01:04:38.000]  跟學生開課
[01:04:38.000 --> 01:04:40.000]  跟老師
[01:04:40.000 --> 01:04:42.000]  所以從老師的角度
[01:04:42.000 --> 01:04:44.000]  我嘗試了解傳頌詩
[01:04:44.000 --> 01:04:46.000]  他所說的話
[01:04:46.000 --> 01:04:48.000]  現在這樣的解讀
[01:04:48.000 --> 01:04:50.000]  其實是一個比較古斯丁式的解讀
[01:04:50.000 --> 01:04:52.000]  但是
[01:04:52.000 --> 01:04:54.000]  我自己覺得
[01:04:54.000 --> 01:04:56.000]  是一個很好的一種的解讀
[01:04:56.000 --> 01:05:04.000]  虛空是甚麼呢
[01:05:04.000 --> 01:05:06.000]  剛才我所說的
[01:05:06.000 --> 01:05:08.000]  是1994年
[01:05:08.000 --> 01:05:10.000]  我是在香港留學
[01:05:10.000 --> 01:05:12.000]  到現在
[01:05:12.000 --> 01:05:14.000]  我在囚犯院教了32年的囚犯
[01:05:14.000 --> 01:05:16.000]  其實32年
[01:05:16.000 --> 01:05:18.000]  有時候你會不會覺得
[01:05:18.000 --> 01:05:20.000]  工作這麼久
[01:05:20.000 --> 01:05:22.000]  或者事務這麼多
[01:05:22.000 --> 01:05:24.000]  有時候不如像傳頌書
[01:05:24.000 --> 01:05:26.000]  開頭所說的
[01:05:26.000 --> 01:05:28.000]  其實很多東西都過敏
[01:05:28.000 --> 01:05:30.000]  虛空又過敏
[01:05:30.000 --> 01:05:32.000]  你訓練出來的
[01:05:32.000 --> 01:05:34.000]  同志在囚犯院
[01:05:34.000 --> 01:05:36.000]  離開了囚犯院
[01:05:36.000 --> 01:05:38.000]  但是留下的也不少
[01:05:38.000 --> 01:05:40.000]  有些不在工作上
[01:05:40.000 --> 01:05:42.000]  甚至有些可能
[01:05:42.000 --> 01:05:44.000]  是
[01:05:44.000 --> 01:05:46.000]  放棄自己的職業
[01:05:46.000 --> 01:05:50.000]  或者我們還有另外一個看法
[01:05:50.000 --> 01:05:52.000]  就好像傳頌書所說的
[01:05:52.000 --> 01:05:54.000]  其實凡事都有定期
[01:05:54.000 --> 01:05:58.000]  所有事物都有期限
[01:05:58.000 --> 01:06:00.000]  就好像你買了一個盾牌
[01:06:00.000 --> 01:06:02.000]  你不要過期吃
[01:06:02.000 --> 01:06:04.000]  過期吃會壞的
[01:06:04.000 --> 01:06:06.000]  這是一定的
[01:06:06.000 --> 01:06:08.000]  天下每一件事
[01:06:08.000 --> 01:06:10.000]  都有一定的時間
[01:06:10.000 --> 01:06:12.000]  就好像我所說的
[01:06:12.000 --> 01:06:14.000]  罪有三有四
[01:06:14.000 --> 01:06:16.000]  這些罪會就開始有終結
[01:06:16.000 --> 01:06:18.000]  有一個機會
[01:06:18.000 --> 01:06:20.000]  完了之後
[01:06:20.000 --> 01:06:22.000]  大家就分散
[01:06:22.000 --> 01:06:24.000]  回到自己的罪局
[01:06:24.000 --> 01:06:28.000]  其實人生裡面
[01:06:28.000 --> 01:06:30.000]  充滿這種情況
[01:06:32.000 --> 01:06:34.000]  簡單來說
[01:06:34.000 --> 01:06:38.000]  這種罪有三有四
[01:06:38.000 --> 01:06:40.000]  是一種存在的經歷
[01:06:40.000 --> 01:06:42.000]  是一種生命
[01:06:42.000 --> 01:06:44.000]  你感覺得到
[01:06:44.000 --> 01:06:46.000]  觸動得到
[01:06:46.000 --> 01:06:48.000]  的一種情況
[01:06:48.000 --> 01:06:52.000]  但是也容易引起一種
[01:06:52.000 --> 01:06:54.000]  其實你什麼都難不住的
[01:06:54.000 --> 01:06:56.000]  一種卑微的確實
[01:06:56.000 --> 01:06:58.000]  你有什麼可以阻止
[01:06:58.000 --> 01:07:00.000]  當然這是可以很確實的
[01:07:00.000 --> 01:07:02.000]  不過很多時候
[01:07:02.000 --> 01:07:04.000]  我們都容忍了
[01:07:04.000 --> 01:07:06.000]  一種愛純粹的主觀的感受
[01:07:06.000 --> 01:07:08.000]  但是我們知道
[01:07:08.000 --> 01:07:10.000]  我們有了這樣的主觀的感受
[01:07:10.000 --> 01:07:12.000]  我們一切都難不住的感受
[01:07:12.000 --> 01:07:14.000]  其實正正是
[01:07:14.000 --> 01:07:16.000]  對應客觀的事實
[01:07:16.000 --> 01:07:18.000]  就是這樣
[01:07:18.000 --> 01:07:20.000]  就好像這個罪會
[01:07:20.000 --> 01:07:22.000]  有開始有終結
[01:07:22.000 --> 01:07:24.000]  客觀上已經是
[01:07:24.000 --> 01:07:26.000]  決定了
[01:07:28.000 --> 01:07:30.000]  由這個客觀的決定
[01:07:30.000 --> 01:07:32.000]  就開始有終結
[01:07:32.000 --> 01:07:34.000]  然後我們去經歷它的時候
[01:07:34.000 --> 01:07:36.000]  我們覺得不好的時候
[01:07:36.000 --> 01:07:38.000]  我們覺得很不捨得的時候
[01:07:38.000 --> 01:07:40.000]  你才會有一份的卑微感受
[01:07:40.000 --> 01:07:44.000]  所以這個客觀的情況
[01:07:44.000 --> 01:07:46.000]  是我們要掌握的
[01:07:46.000 --> 01:07:48.000]  就是這個不讓人擔心的東西
[01:07:48.000 --> 01:07:52.000]  這個就是傳統主義開頭所說的
[01:07:52.000 --> 01:07:54.000]  虛空的虛空
[01:07:54.000 --> 01:07:56.000]  虛空的虛空 全都是虛空
[01:07:56.000 --> 01:07:58.000]  當然很多時候
[01:07:58.000 --> 01:08:00.000]  很多人告訴我聽這句話
[01:08:00.000 --> 01:08:02.000]  是一個很消極
[01:08:02.000 --> 01:08:04.000]  很悲觀的說法
[01:08:04.000 --> 01:08:08.000]  因為在塵埃裡轉變了
[01:08:08.000 --> 01:08:10.000]  它在外面消失了
[01:08:10.000 --> 01:08:12.000]  就好像
[01:08:12.000 --> 01:08:14.000]  我們種植物的
[01:08:14.000 --> 01:08:16.000]  原栽
[01:08:16.000 --> 01:08:20.000]  種得好
[01:08:20.000 --> 01:08:22.000]  它生命很快就完結了
[01:08:22.000 --> 01:08:24.000]  但是也不表示你種得好
[01:08:24.000 --> 01:08:26.000]  它會永遠存在
[01:08:26.000 --> 01:08:28.000]  只不過
[01:08:28.000 --> 01:08:30.000]  它的生命比較長
[01:08:30.000 --> 01:08:32.000]  也有可能在某個年齡的時候
[01:08:32.000 --> 01:08:34.000]  它也會終結了
[01:08:34.000 --> 01:08:36.000]  它的生命
[01:08:36.000 --> 01:08:38.000]  在這裏
[01:08:38.000 --> 01:08:40.000]  傳統主義體現的就是在光之下
[01:08:40.000 --> 01:08:42.000]  不斷出現
[01:08:42.000 --> 01:08:44.000]  消逝的
[01:08:44.000 --> 01:08:48.000]  就好像人一樣
[01:08:48.000 --> 01:08:50.000]  做父母的
[01:08:50.000 --> 01:08:52.000]  有小朋友會很開心
[01:08:52.000 --> 01:08:54.000]  是會長大
[01:08:54.000 --> 01:08:58.000]  變成少年 青年 結婚
[01:08:58.000 --> 01:09:00.000]  有小朋友
[01:09:00.000 --> 01:09:02.000]  進入初六
[01:09:02.000 --> 01:09:06.000]  然後他們的生命很快就會完結
[01:09:06.000 --> 01:09:10.000]  有一天他們會消失
[01:09:10.000 --> 01:09:14.000]  所有事物都會在這裏變成
[01:09:14.000 --> 01:09:16.000]  於是我們就會慢慢明白
[01:09:16.000 --> 01:09:18.000]  人的努力有什麼意思
[01:09:20.000 --> 01:09:22.000]  因為一切都會消失
[01:09:22.000 --> 01:09:28.000]  原來有些人甚至質疑
[01:09:28.000 --> 01:09:30.000]  在日光之下會有什麼新的事
[01:09:30.000 --> 01:09:32.000]  一切的新事
[01:09:32.000 --> 01:09:34.000]  都是舊事重來
[01:09:34.000 --> 01:09:36.000]  你以為智能手機很新嗎
[01:09:36.000 --> 01:09:40.000]  沒錯
[01:09:40.000 --> 01:09:42.000]  智能手機的確很新
[01:09:42.000 --> 01:09:44.000]  80年代沒有智能手機
[01:09:44.000 --> 01:09:46.000]  80年代有什麼呢
[01:09:46.000 --> 01:09:48.000]  水母電話
[01:09:48.000 --> 01:09:50.000]  大哥大
[01:09:50.000 --> 01:09:52.000]  第二
[01:09:52.000 --> 01:09:54.000]  智能手機又不算新
[01:09:54.000 --> 01:09:56.000]  因為有不同的組件
[01:09:56.000 --> 01:09:58.000]  組成
[01:09:58.000 --> 01:10:00.000]  不同的組件
[01:10:00.000 --> 01:10:02.000]  智能手機是不會出現的
[01:10:02.000 --> 01:10:04.000]  你想一下
[01:10:04.000 --> 01:10:08.000]  甚至
[01:10:08.000 --> 01:10:10.000]  如果我們今天用光纖
[01:10:10.000 --> 01:10:12.000]  用高溫
[01:10:12.000 --> 01:10:14.000]  老師的光纖
[01:10:14.000 --> 01:10:16.000]  發明 你根本不用玩
[01:10:16.000 --> 01:10:18.000]  很重要的
[01:10:18.000 --> 01:10:20.000]  傳送訊息
[01:10:20.000 --> 01:10:26.000]  沒有這個東西
[01:10:26.000 --> 01:10:28.000]  我們都用不了智能手機
[01:10:28.000 --> 01:10:32.000]  所以有些東西
[01:10:32.000 --> 01:10:34.000]  你以為很新 其實不是很新
[01:10:34.000 --> 01:10:36.000]  連有舊
[01:10:36.000 --> 01:10:38.000]  一切都不怪貪市場
[01:10:38.000 --> 01:10:40.000]  不過是用新的東西賣出去
[01:10:40.000 --> 01:10:42.000]  在本質上
[01:10:42.000 --> 01:10:44.000]  智能手機都逃不過
[01:10:44.000 --> 01:10:46.000]  有一日消逝的中國
[01:10:46.000 --> 01:10:50.000]  它不會永遠出現
[01:10:50.000 --> 01:10:52.000]  這是逆光之下的事
[01:10:52.000 --> 01:10:54.000]  逆光之下
[01:10:54.000 --> 01:10:56.000]  不過是受造的歷史
[01:10:56.000 --> 01:10:58.000]  而在受造歷史裏
[01:10:58.000 --> 01:11:00.000]  一切事物都無可避免
[01:11:00.000 --> 01:11:02.000]  它裏面
[01:11:02.000 --> 01:11:04.000]  有不可說是
[01:11:04.000 --> 01:11:06.000]  消逝的種子
[01:11:06.000 --> 01:11:08.000]  終於過了
[01:11:12.000 --> 01:11:14.000]  我們怎樣了解這個情況
[01:11:14.000 --> 01:11:16.000]  OECD指出
[01:11:16.000 --> 01:11:18.000]  一切受造之物都不共利動物
[01:11:18.000 --> 01:11:20.000]  有限制即時解決
[01:11:20.000 --> 01:11:24.000]  我剛才經常說
[01:11:24.000 --> 01:11:26.000]  有開始就有終
[01:11:26.000 --> 01:11:28.000]  但我們往往忘記了
[01:11:28.000 --> 01:11:30.000]  有開始我們不想有終
[01:11:30.000 --> 01:11:32.000]  但這個
[01:11:32.000 --> 01:11:34.000]  有開始有終的受造物
[01:11:34.000 --> 01:11:36.000]  最正
[01:11:36.000 --> 01:11:38.000]  所以有限
[01:11:38.000 --> 01:11:40.000]  除非你一直介入受造物裏
[01:11:40.000 --> 01:11:42.000]  維持它的存在
[01:11:42.000 --> 01:11:44.000]  否則它會終
[01:11:44.000 --> 01:11:48.000]  所以傳統書才說
[01:11:48.000 --> 01:11:50.000]  凡事都有定期
[01:11:50.000 --> 01:11:52.000]  有一個限定的期限
[01:11:52.000 --> 01:11:54.000]  Expiry date
[01:11:54.000 --> 01:11:56.000]  有一個日期的延期
[01:11:56.000 --> 01:11:58.000]  天下每一事物
[01:11:58.000 --> 01:12:00.000]  都有定時
[01:12:00.000 --> 01:12:02.000]  過了就無法回來
[01:12:02.000 --> 01:12:06.000]  不過傳統者在這裏
[01:12:06.000 --> 01:12:08.000]  使用了虛空的虛空
[01:12:08.000 --> 01:12:10.000]  講事物的虛空
[01:12:10.000 --> 01:12:14.000]  它是針對那些
[01:12:14.000 --> 01:12:16.000]  認為網友
[01:12:16.000 --> 01:12:18.000]  都是永恆不朽的地方
[01:12:18.000 --> 01:12:22.000]  所有事物都不是永恆不朽
[01:12:22.000 --> 01:12:26.000]  不過在傳統者
[01:12:26.000 --> 01:12:28.000]  生活的世界
[01:12:28.000 --> 01:12:30.000]  即古代的神話世界裏
[01:12:30.000 --> 01:12:32.000]  的確是這樣看的
[01:12:32.000 --> 01:12:36.000]  後來的電視學都是這樣看的
[01:12:36.000 --> 01:12:38.000]  因為世界是永恆的
[01:12:38.000 --> 01:12:40.000]  但是
[01:12:40.000 --> 01:12:42.000]  在傳統者來說
[01:12:42.000 --> 01:12:44.000]  不是
[01:12:44.000 --> 01:12:46.000]  整個受造世界是有限的
[01:12:46.000 --> 01:12:48.000]  它要打壞
[01:12:48.000 --> 01:12:50.000]  它要消失
[01:12:50.000 --> 01:12:54.000]  所以傳統者會表示
[01:12:54.000 --> 01:12:56.000]  我見過日光之下
[01:12:56.000 --> 01:12:58.000]  所發生的一切事物
[01:12:58.000 --> 01:13:00.000]  不論全是虛空
[01:13:00.000 --> 01:13:02.000]  都是過往的
[01:13:02.000 --> 01:13:04.000]  你捉不捉到虛空
[01:13:06.000 --> 01:13:08.000]  你捉不到
[01:13:08.000 --> 01:13:10.000]  它就用這個虛空
[01:13:10.000 --> 01:13:12.000]  來講事物
[01:13:12.000 --> 01:13:14.000]  在這裏
[01:13:14.000 --> 01:13:16.000]  事物的消逝
[01:13:16.000 --> 01:13:18.000]  你想捉住它
[01:13:18.000 --> 01:13:20.000]  它就是如風而逝
[01:13:20.000 --> 01:13:22.000]  那是不是呢
[01:13:22.000 --> 01:13:24.000]  要否斷事物呢
[01:13:24.000 --> 01:13:26.000]  不一定
[01:13:26.000 --> 01:13:28.000]  不過這裏就要講
[01:13:28.000 --> 01:13:30.000]  事物都是虛空的
[01:13:30.000 --> 01:13:32.000]  所以人如果以為可以留得住
[01:13:32.000 --> 01:13:34.000]  必果就是虛空
[01:13:34.000 --> 01:13:36.000]  就是如風
[01:13:36.000 --> 01:13:38.000]  都是如風削過
[01:13:38.000 --> 01:13:40.000]  這個引用
[01:13:40.000 --> 01:13:42.000]  1994年
[01:13:42.000 --> 01:13:44.000]  一個同事
[01:13:44.000 --> 01:13:46.000]  梁振強的一句說話
[01:13:46.000 --> 01:13:48.000]  你認識梁振強嗎
[01:13:48.000 --> 01:13:50.000]  很厲害
[01:13:50.000 --> 01:13:52.000]  過了你的年紀
[01:13:52.000 --> 01:13:56.000]  你認識梁振強嗎
[01:13:56.000 --> 01:13:58.000]  你知不知道他們有什麼關係
[01:13:58.000 --> 01:14:02.000]  一個姐姐關係
[01:14:02.000 --> 01:14:04.000]  跟梁振強比賽
[01:14:04.000 --> 01:14:08.000]  很厲害
[01:14:08.000 --> 01:14:10.000]  像蔥頭
[01:14:10.000 --> 01:14:14.000]  幾年前有一個
[01:14:14.000 --> 01:14:16.000]  不知道什麼年代的世界
[01:14:16.000 --> 01:14:24.000]  一切都是如風削過
[01:14:24.000 --> 01:14:26.000]  捕捉不到
[01:14:26.000 --> 01:14:28.000]  其實這裏就會引致我們
[01:14:28.000 --> 01:14:30.000]  期望落空
[01:14:30.000 --> 01:14:32.000]  不是落空
[01:14:32.000 --> 01:14:36.000]  你看看
[01:14:36.000 --> 01:14:40.000]  黃清華
[01:14:40.000 --> 01:14:42.000]  他用了「這是愛」的歌詞
[01:14:42.000 --> 01:14:44.000]  「這是愛」的歌
[01:14:44.000 --> 01:14:46.000]  這首歌在電影裏
[01:14:46.000 --> 01:14:48.000]  出現了
[01:14:48.000 --> 01:14:50.000]  那些我講一下
[01:14:50.000 --> 01:14:54.000]  他在歌詞裏
[01:14:54.000 --> 01:14:56.000]  非世事常變化
[01:15:00.000 --> 01:15:02.000]  你以為美好的
[01:15:02.000 --> 01:15:04.000]  轉眼就不見了
[01:15:04.000 --> 01:15:06.000]  其實就是不見了
[01:15:06.000 --> 01:15:12.000]  我們想留住美好的
[01:15:12.000 --> 01:15:14.000]  又想留住
[01:15:14.000 --> 01:15:16.000]  所以我們會悲哀
[01:15:16.000 --> 01:15:18.000]  我們會傷悲
[01:15:18.000 --> 01:15:24.000]  這裏讓我們想起
[01:15:24.000 --> 01:15:26.000]  佛教和廣東
[01:15:26.000 --> 01:15:28.000]  很多人都不知道佛教和廣東是什麼
[01:15:28.000 --> 01:15:30.000]  空是沒有東西
[01:15:30.000 --> 01:15:32.000]  空不是什麼都沒有
[01:15:32.000 --> 01:15:34.000]  空是說什麼都沒有
[01:15:34.000 --> 01:15:36.000]  就是沒有東西
[01:15:36.000 --> 01:15:38.000]  是永遠存在
[01:15:38.000 --> 01:15:40.000]  沒有東西永遠
[01:15:40.000 --> 01:15:42.000]  留在我們身邊
[01:15:42.000 --> 01:15:44.000]  永遠消失
[01:15:44.000 --> 01:15:46.000]  沒有永存的東西
[01:15:46.000 --> 01:15:48.000]  其實這是
[01:15:48.000 --> 01:15:50.000]  很日常的
[01:15:50.000 --> 01:15:52.000]  一種說法
[01:15:52.000 --> 01:15:54.000]  事實上這種說法
[01:15:54.000 --> 01:15:56.000]  就好像傳聞書
[01:15:56.000 --> 01:15:58.000]  沒有東西永久存在
[01:15:58.000 --> 01:16:00.000]  沒有東西永久存在
[01:16:00.000 --> 01:16:02.000]  永久
[01:16:02.000 --> 01:16:04.000]  不會失去
[01:16:04.000 --> 01:16:08.000]  這個傳聞書
[01:16:08.000 --> 01:16:10.000]  對整個
[01:16:10.000 --> 01:16:12.000]  萬有世界來說
[01:16:12.000 --> 01:16:14.000]  因為萬有的世界
[01:16:14.000 --> 01:16:16.000]  是一個受造的世界
[01:16:16.000 --> 01:16:18.000]  受造的世界
[01:16:18.000 --> 01:16:20.000]  那一刻就會消失
[01:16:20.000 --> 01:16:24.000]  我們如何面對這個
[01:16:24.000 --> 01:16:26.000]  受造的世界
[01:16:26.000 --> 01:16:32.000]  要不要拍照?
[01:16:32.000 --> 01:16:36.000]  剛才沒有拍到
[01:16:36.000 --> 01:16:48.000]  你又知不知道
[01:16:48.000 --> 01:16:50.000]  兩者善惡是哪一個形詞?
[01:16:52.000 --> 01:16:54.000]  都是姓林的
[01:16:54.000 --> 01:16:56.000]  林敏聰
[01:16:56.000 --> 01:17:00.000]  他姐姐的
[01:17:00.000 --> 01:17:02.000]  知不知道她是誰?
[01:17:02.000 --> 01:17:04.000]  林敏
[01:17:04.000 --> 01:17:06.000]  他說姐姐是作曲的
[01:17:06.000 --> 01:17:10.000]  林敏聰是獨自的
[01:17:10.000 --> 01:17:12.000]  這兩個都很不得了
[01:17:12.000 --> 01:17:14.000]  兩個姓林
[01:17:14.000 --> 01:17:16.000]  其實我在說四個姓林
[01:17:16.000 --> 01:17:18.000]  中間有沒有姓林?
[01:17:22.000 --> 01:17:24.000]  我們世界就是
[01:17:24.000 --> 01:17:26.000]  充滿一些你意想不到的人才
[01:17:26.000 --> 01:17:28.000]  但是他們都
[01:17:28.000 --> 01:17:30.000]  林敏聰還在
[01:17:30.000 --> 01:17:32.000]  林敏儀還在
[01:17:32.000 --> 01:17:34.000]  就是林彥明那個
[01:17:34.000 --> 01:17:36.000]  林俊凱那個
[01:17:36.000 --> 01:17:38.000]  他們還有一個妹妹
[01:17:38.000 --> 01:17:40.000]  林雁名
[01:17:40.000 --> 01:17:42.000]  你有沒有聽過笛子姑娘?
[01:17:42.000 --> 01:17:44.000]  你知道嗎?
[01:17:44.000 --> 01:17:46.000]  林俊凱
[01:17:46.000 --> 01:17:48.000]  就是寫這首歌給她
[01:17:48.000 --> 01:17:50.000]  紀念她
[01:17:50.000 --> 01:17:52.000]  寫這首歌給她
[01:17:52.000 --> 01:17:54.000]  我還記得她一家四口
[01:17:54.000 --> 01:17:56.000]  已經離開了這個世界
[01:17:56.000 --> 01:17:58.000]  如風如勢
[01:17:58.000 --> 01:18:02.000]  都是天才識人
[01:18:02.000 --> 01:18:04.000]  不過
[01:18:04.000 --> 01:18:06.000]  她不會永遠存在
[01:18:06.000 --> 01:18:10.000]  我們身邊的各位市民就是
[01:18:10.000 --> 01:18:14.000]  我們如何面對
[01:18:14.000 --> 01:18:16.000]  這個如風如勢的世界?
[01:18:16.000 --> 01:18:18.000]  是不是一切都不可以留戀?
[01:18:18.000 --> 01:18:20.000]  是不是要徹底離開這個世界?
[01:18:20.000 --> 01:18:22.000]  是不是要
[01:18:22.000 --> 01:18:24.000]  把這世界說成非我家?
[01:18:24.000 --> 01:18:32.000]  面對創造主美好的受眾
[01:18:32.000 --> 01:18:34.000]  我們應該以什麼態度去對待?
[01:18:34.000 --> 01:18:36.000]  創世的第一張牌
[01:18:36.000 --> 01:18:38.000]  我們要看這些受眾
[01:18:38.000 --> 01:18:40.000]  創造主都學得好
[01:18:40.000 --> 01:18:42.000]  每天的創造
[01:18:42.000 --> 01:18:44.000]  甚至都學得好
[01:18:46.000 --> 01:18:48.000]  我們應該按照創造主
[01:18:48.000 --> 01:18:50.000]  她的形象
[01:18:50.000 --> 01:18:52.000]  去創造著男和女
[01:18:52.000 --> 01:18:54.000]  其實都要好像
[01:18:54.000 --> 01:18:56.000]  我們創造主一樣
[01:18:56.000 --> 01:18:58.000]  去肯定這個受眾世界的美好
[01:18:58.000 --> 01:19:02.000]  在這個基礎上不同的打交道
[01:19:02.000 --> 01:19:06.000]  所以存在著一個
[01:19:06.000 --> 01:19:08.000]  因為受眾的柔和
[01:19:08.000 --> 01:19:10.000]  而保證他們的美好
[01:19:10.000 --> 01:19:14.000]  創世的第三張牌
[01:19:14.000 --> 01:19:16.000]  要創造完滅
[01:19:16.000 --> 01:19:18.000]  只是一句話
[01:19:18.000 --> 01:19:20.000]  但存在著一根結
[01:19:20.000 --> 01:19:22.000]  就表示要享受
[01:19:22.000 --> 01:19:24.000]  勞碌得來的成就
[01:19:24.000 --> 01:19:28.000]  享受勞碌得來的成就
[01:19:28.000 --> 01:19:32.000]  因為我們已經得了
[01:19:32.000 --> 01:19:34.000]  我們已經得了分
[01:19:34.000 --> 01:19:36.000]  沒有否定我們的人
[01:19:36.000 --> 01:19:38.000]  雖然人的勞苦工作
[01:19:38.000 --> 01:19:40.000]  並不為我們出產成就
[01:19:44.000 --> 01:19:46.000]  但這個出產
[01:19:46.000 --> 01:19:48.000]  是我們人類的耕作成果
[01:19:48.000 --> 01:19:50.000]  雖然創了兩年
[01:19:50.000 --> 01:19:52.000]  但不是一切歸零
[01:19:52.000 --> 01:19:56.000]  以至到我們可以享用這兩年的成果
[01:19:56.000 --> 01:19:58.000]  這種享用
[01:19:58.000 --> 01:20:00.000]  都是英雄
[01:20:00.000 --> 01:20:04.000]  但是我們知道
[01:20:04.000 --> 01:20:06.000]  受眾的美好
[01:20:06.000 --> 01:20:08.000]  不是狗眼
[01:20:08.000 --> 01:20:10.000]  你不知道受眾的美好
[01:20:10.000 --> 01:20:12.000]  那種狗眼特性
[01:20:12.000 --> 01:20:14.000]  是會出事的
[01:20:14.000 --> 01:20:16.000]  各國世界的美好
[01:20:16.000 --> 01:20:18.000]  更加浪漫
[01:20:18.000 --> 01:20:20.000]  雖然墮落
[01:20:20.000 --> 01:20:22.000]  更加腐敗
[01:20:22.000 --> 01:20:24.000]  不過
[01:20:24.000 --> 01:20:26.000]  雖然美好是浪漫的
[01:20:26.000 --> 01:20:28.000]  但並不符合我們的感覺
[01:20:28.000 --> 01:20:30.000]  因為在各國世界之中
[01:20:30.000 --> 01:20:32.000]  美好仍然創造主義
[01:20:32.000 --> 01:20:34.000]  為我們流傳
[01:20:34.000 --> 01:20:36.000]  這是上帝賦予的工作
[01:20:36.000 --> 01:20:38.000]  上帝沒有因為
[01:20:38.000 --> 01:20:40.000]  我們墮落的美好
[01:20:40.000 --> 01:20:42.000]  而留下的美好
[01:20:42.000 --> 01:20:44.000]  雖然這些美好
[01:20:44.000 --> 01:20:46.000]  都是浪漫的
[01:20:46.000 --> 01:20:48.000]  但上帝仍然留下美好
[01:20:48.000 --> 01:20:50.000]  這就是上帝
[01:20:50.000 --> 01:20:52.000]  賦予的恩典
[01:20:52.000 --> 01:20:54.000]  讓我們
[01:20:54.000 --> 01:20:56.000]  不至於落入
[01:20:56.000 --> 01:20:58.000]  傳言的黑暗
[01:20:58.000 --> 01:21:02.000]  更加
[01:21:02.000 --> 01:21:04.000]  讓我們在墮落的世界裡面
[01:21:04.000 --> 01:21:06.000]  仍然有美好
[01:21:06.000 --> 01:21:08.000]  在心
[01:21:10.000 --> 01:21:12.000]  所以
[01:21:12.000 --> 01:21:14.000]  上帝賦予的恩典
[01:21:14.000 --> 01:21:16.000]  更加在
[01:21:16.000 --> 01:21:18.000]  他對傳播者的
[01:21:18.000 --> 01:21:20.000]  分配裡面
[01:21:20.000 --> 01:21:22.000]  是進一步顯示出來的
[01:21:22.000 --> 01:21:24.000]  當然進一步分配
[01:21:24.000 --> 01:21:26.000]  並且要與所愛的妻子
[01:21:26.000 --> 01:21:28.000]  或丈夫一起享用
[01:21:28.000 --> 01:21:32.000]  墮落之後
[01:21:32.000 --> 01:21:34.000]  人與人
[01:21:34.000 --> 01:21:36.000]  我們剛才說過
[01:21:36.000 --> 01:21:38.000]  女人逼婉傲丈夫
[01:21:38.000 --> 01:21:40.000]  丈夫逼婉傲女人
[01:21:40.000 --> 01:21:42.000]  其實這是男女之間的
[01:21:42.000 --> 01:21:44.000]  關係暴露
[01:21:44.000 --> 01:21:46.000]  其實這個不一定
[01:21:46.000 --> 01:21:48.000]  只是說丈夫和妻子
[01:21:48.000 --> 01:21:50.000]  一切男女的關係
[01:21:50.000 --> 01:21:52.000]  都有這種成分出現
[01:21:52.000 --> 01:21:54.000]  群體雖然因為墮落
[01:21:54.000 --> 01:21:56.000]  出現了婚姻的關係
[01:21:56.000 --> 01:21:58.000]  但是靠了完全的
[01:21:58.000 --> 01:22:00.000]  或者徹底的
[01:22:00.000 --> 01:22:02.000]  心理阻礙
[01:22:02.000 --> 01:22:04.000]  傳播者會吩咐我們
[01:22:04.000 --> 01:22:06.000]  要與我們所愛的另一半
[01:22:06.000 --> 01:22:08.000]  一起享用
[01:22:08.000 --> 01:22:10.000]  無窮得無善樂
[01:22:10.000 --> 01:22:12.000]  這個正正是
[01:22:12.000 --> 01:22:14.000]  傳播者自己所說的
[01:22:14.000 --> 01:22:16.000]  與人總比一人好
[01:22:16.000 --> 01:22:22.000]  在一方面來說
[01:22:22.000 --> 01:22:24.000]  一個人是不能單獨存在的
[01:22:24.000 --> 01:22:28.000]  在另一方面來說
[01:22:28.000 --> 01:22:30.000]  人在和其他人
[01:22:30.000 --> 01:22:32.000]  一起生活的時候
[01:22:32.000 --> 01:22:34.000]  他都不可以羞辱自己
[01:22:34.000 --> 01:22:36.000]  在女人逼婉傲丈夫
[01:22:36.000 --> 01:22:38.000]  丈夫逼婉傲女人的狀況下
[01:22:38.000 --> 01:22:40.000]  其實
[01:22:40.000 --> 01:22:42.000]  人是羞辱了自己
[01:22:42.000 --> 01:22:46.000]  他失去了自己的
[01:22:46.000 --> 01:22:48.000]  一個人的生命
[01:22:48.000 --> 01:22:52.000]  之後就出現了這個情況
[01:22:52.000 --> 01:22:56.000]  人之間
[01:22:56.000 --> 01:23:00.000]  就出現了一個
[01:23:00.000 --> 01:23:02.000]  比較失衡的狀態
[01:23:02.000 --> 01:23:04.000]  就像剛才所說的
[01:23:04.000 --> 01:23:06.000]  戀母的關係或者管轄的關係
[01:23:06.000 --> 01:23:10.000]  這件事都不是讓人
[01:23:10.000 --> 01:23:12.000]  付出自己
[01:23:12.000 --> 01:23:14.000]  付出男性的本性
[01:23:14.000 --> 01:23:16.000]  而是付出女性的本性
[01:23:16.000 --> 01:23:18.000]  不過在這裡
[01:23:18.000 --> 01:23:20.000]  雖然是這樣
[01:23:20.000 --> 01:23:22.000]  我們進入了一種戀母或者管轄的關係
[01:23:22.000 --> 01:23:24.000]  但是我們仍然要在
[01:23:24.000 --> 01:23:26.000]  這種關係的外面
[01:23:26.000 --> 01:23:28.000]  去和我們的妻子
[01:23:28.000 --> 01:23:30.000]  我們的丈夫
[01:23:30.000 --> 01:23:32.000]  一起享用婚後的生活
[01:23:32.000 --> 01:23:36.000]  這是傳統的婚姻
[01:23:36.000 --> 01:23:50.000]  基本上就是人類墮落
[01:23:50.000 --> 01:23:52.000]  這種情況
[01:23:52.000 --> 01:23:54.000]  往往是
[01:23:54.000 --> 01:23:56.000]  互動受眾
[01:23:58.000 --> 01:24:00.000]  他將
[01:24:00.000 --> 01:24:02.000]  使用或者享用
[01:24:02.000 --> 01:24:04.000]  優先和享受
[01:24:04.000 --> 01:24:06.000]  分別開來
[01:24:06.000 --> 01:24:08.000]  他認為養者
[01:24:08.000 --> 01:24:10.000]  不可以混
[01:24:10.000 --> 01:24:12.000]  因為養者有不同的對象
[01:24:12.000 --> 01:24:16.000]  享受的對象是上帝的創造主
[01:24:16.000 --> 01:24:18.000]  因為他是絕對的
[01:24:18.000 --> 01:24:20.000]  你可以享受他
[01:24:20.000 --> 01:24:22.000]  但是所有的受眾
[01:24:22.000 --> 01:24:24.000]  其實你只能夠享用
[01:24:24.000 --> 01:24:26.000]  就是說你不可以
[01:24:26.000 --> 01:24:28.000]  將受眾當作創造主
[01:24:28.000 --> 01:24:30.000]  去和他結婚
[01:24:30.000 --> 01:24:32.000]  只有創造主
[01:24:32.000 --> 01:24:34.000]  才可以叫我們安度婚
[01:24:34.000 --> 01:24:36.000]  但是受眾
[01:24:36.000 --> 01:24:38.000]  是不可以叫我們安度婚
[01:24:38.000 --> 01:24:40.000]  因為為什麼呢
[01:24:40.000 --> 01:24:42.000]  他未好是有限的
[01:24:42.000 --> 01:24:44.000]  他未好有一天會消失
[01:24:44.000 --> 01:24:48.000]  如果將整個生命放在
[01:24:48.000 --> 01:24:50.000]  受眾的未好上面
[01:24:50.000 --> 01:24:52.000]  當他有一天
[01:24:52.000 --> 01:24:54.000]  消失了
[01:24:54.000 --> 01:24:56.000]  整個人的生命
[01:24:56.000 --> 01:24:58.000]  就會很累
[01:24:58.000 --> 01:25:00.000]  你再沒有任何依賴
[01:25:00.000 --> 01:25:04.000]  於是你會傷害
[01:25:04.000 --> 01:25:08.000]  只有
[01:25:08.000 --> 01:25:10.000]  絕對未好的常態
[01:25:10.000 --> 01:25:12.000]  才是
[01:25:12.000 --> 01:25:14.000]  享受的動作
[01:25:14.000 --> 01:25:20.000]  所以以為日職
[01:25:20.000 --> 01:25:22.000]  相對觸手可及的未好
[01:25:22.000 --> 01:25:24.000]  長伴和珍
[01:25:24.000 --> 01:25:26.000]  如果享用他
[01:25:26.000 --> 01:25:28.000]  將他絕對化
[01:25:28.000 --> 01:25:30.000]  以為他是絕對未好的本身
[01:25:30.000 --> 01:25:32.000]  以為他可以
[01:25:32.000 --> 01:25:34.000]  將自己的
[01:25:34.000 --> 01:25:36.000]  身心安度
[01:25:36.000 --> 01:25:38.000]  其實一切都不過是
[01:25:38.000 --> 01:25:40.000]  未來的永遠
[01:25:40.000 --> 01:25:42.000]  一切受眾之謎
[01:25:42.000 --> 01:25:44.000]  都是有限的
[01:25:44.000 --> 01:25:46.000]  一切受眾的未好都有定期
[01:25:46.000 --> 01:25:50.000]  而最終一定會消失
[01:25:52.000 --> 01:25:54.000]  如果我們對一件
[01:25:54.000 --> 01:25:56.000]  每一種真摯的體會
[01:25:56.000 --> 01:25:58.000]  就會出現凡事化
[01:25:58.000 --> 01:26:00.000]  往往永久的
[01:26:00.000 --> 01:26:02.000]  長固不如長固的
[01:26:02.000 --> 01:26:04.000]  的一種罪行
[01:26:04.000 --> 01:26:08.000]  就好像我們常說的
[01:26:08.000 --> 01:26:10.000]  我最愛的愛人
[01:26:10.000 --> 01:26:16.000]  他身邊每一天
[01:26:16.000 --> 01:26:18.000]  每一天只會有這麼多問題
[01:26:18.000 --> 01:26:20.000]  我會身邊最愛的
[01:26:20.000 --> 01:26:22.000]  會有這麼多困境
[01:26:22.000 --> 01:26:28.000]  其實這與創世古有關
[01:26:28.000 --> 01:26:30.000]  而這與事物
[01:26:30.000 --> 01:26:32.000]  總是有關
[01:26:32.000 --> 01:26:34.000]  受眾之謎
[01:26:34.000 --> 01:26:36.000]  本來如此
[01:26:36.000 --> 01:26:38.000]  只不過
[01:26:38.000 --> 01:26:40.000]  我們錯失了
[01:26:40.000 --> 01:26:48.000]  記載
[01:26:50.000 --> 01:26:52.000]  果然
[01:26:52.000 --> 01:26:54.000]  果定
[01:26:54.000 --> 01:26:56.000]  我臭我神我足
[01:26:56.000 --> 01:26:58.000]  其實都是受眾之謎
[01:26:58.000 --> 01:27:00.000]  受眾問
[01:27:00.000 --> 01:27:02.000]  你都說過
[01:27:02.000 --> 01:27:04.000]  它可以被看見
[01:27:04.000 --> 01:27:06.000]  可以被聽到
[01:27:06.000 --> 01:27:08.000]  可以被聞到
[01:27:08.000 --> 01:27:10.000]  或者被我們味覺
[01:27:10.000 --> 01:27:12.000]  去試到
[01:27:12.000 --> 01:27:14.000]  甚至被我們身體
[01:27:14.000 --> 01:27:16.000]  去觸碰
[01:27:16.000 --> 01:27:18.000]  傳遞給我們
[01:27:20.000 --> 01:27:22.000]  你覺得這個好吃嗎
[01:27:22.000 --> 01:27:24.000]  因為好吃
[01:27:24.000 --> 01:27:26.000]  為什麼音樂這麼美好
[01:27:26.000 --> 01:27:28.000]  為什麼好聽
[01:27:28.000 --> 01:27:32.000]  我們透過五官去接觸事物
[01:27:32.000 --> 01:27:34.000]  而感覺它的美好
[01:27:34.000 --> 01:27:40.000]  甚至不單感覺它的美好
[01:27:40.000 --> 01:27:42.000]  甚至我們依附它
[01:27:42.000 --> 01:27:44.000]  依戀它
[01:27:44.000 --> 01:27:47.000]  為什麼
[01:27:47.000 --> 01:27:48.000]  因為我們都是受眾之謎
[01:27:48.000 --> 01:27:50.000]  受眾之謎就是可以發覺
[01:27:50.000 --> 01:27:52.000]  可以感覺
[01:27:52.000 --> 01:27:54.000]  可以感受
[01:27:54.000 --> 01:27:56.000]  可以掌握
[01:27:56.000 --> 01:27:58.000]  為什麼要受教
[01:27:58.000 --> 01:28:00.000]  為什麼上帝要道成無心
[01:28:00.000 --> 01:28:04.000]  可以讓我們看見
[01:28:04.000 --> 01:28:06.000]  讓我們感觸到
[01:28:06.000 --> 01:28:08.000]  為什麼主餐
[01:28:08.000 --> 01:28:10.000]  或者聖餐
[01:28:10.000 --> 01:28:12.000]  有那塊餅
[01:28:12.000 --> 01:28:14.000]  有那個杯
[01:28:14.000 --> 01:28:16.000]  可見
[01:28:16.000 --> 01:28:18.000]  上帝有可見之道
[01:28:18.000 --> 01:28:22.000]  如果不是上帝就虛無飄渺
[01:28:22.000 --> 01:28:28.000]  但是正因為這樣的緣故
[01:28:28.000 --> 01:28:30.000]  我們很容易
[01:28:30.000 --> 01:28:32.000]  就因為
[01:28:32.000 --> 01:28:34.000]  整個人的心思
[01:28:34.000 --> 01:28:36.000]  落在受眾
[01:28:36.000 --> 01:28:40.000]  追求地上的福樂
[01:28:40.000 --> 01:28:44.000]  可能追求地上的福樂
[01:28:44.000 --> 01:28:46.000]  三年九年
[01:28:46.000 --> 01:28:48.000]  不過
[01:28:48.000 --> 01:28:50.000]  當我們以為
[01:28:50.000 --> 01:28:52.000]  在地上的福樂
[01:28:52.000 --> 01:28:54.000]  就可以
[01:28:54.000 --> 01:28:56.000]  幫助我們的生命
[01:28:56.000 --> 01:29:00.000]  滿足一切
[01:29:00.000 --> 01:29:10.000]  以致到
[01:29:12.000 --> 01:29:14.000]  我們完全沉浸在
[01:29:14.000 --> 01:29:16.000]  一個有形有色
[01:29:16.000 --> 01:29:18.000]  有聲有味的受眾世界
[01:29:18.000 --> 01:29:22.000]  於是
[01:29:22.000 --> 01:29:24.000]  我們的生命
[01:29:24.000 --> 01:29:26.000]  全部
[01:29:26.000 --> 01:29:28.000]  在一個有限世界
[01:29:28.000 --> 01:29:30.000]  裡面
[01:29:30.000 --> 01:29:32.000]  浸沉
[01:29:32.000 --> 01:29:34.000]  不明之外
[01:29:34.000 --> 01:29:40.000]  這就是我們對有限世界
[01:29:40.000 --> 01:29:42.000]  受眾美好的
[01:29:42.000 --> 01:29:44.000]  那一種關懷
[01:29:44.000 --> 01:29:46.000]  就是我們完全
[01:29:46.000 --> 01:29:48.000]  浸沉在一個
[01:29:48.000 --> 01:29:50.000]  美好的裡面
[01:29:50.000 --> 01:29:52.000]  感受其中的福樂
[01:29:52.000 --> 01:29:56.000]  浸沉式經驗
[01:29:56.000 --> 01:29:58.000]  其實是一樣的
[01:29:58.000 --> 01:30:02.000]  中國哲學有一個說法叫
[01:30:02.000 --> 01:30:04.000]  含溺
[01:30:04.000 --> 01:30:06.000]  差在未溺為溺
[01:30:08.000 --> 01:30:10.000]  即是你不能自拔
[01:30:10.000 --> 01:30:14.000]  抽身不到
[01:30:14.000 --> 01:30:16.000]  這叫含溺
[01:30:16.000 --> 01:30:20.000]  上帝在這裡無能無法
[01:30:20.000 --> 01:30:22.000]  成為你追逐的對象
[01:30:22.000 --> 01:30:24.000]  因為你含溺在
[01:30:24.000 --> 01:30:26.000]  受眾的裡面
[01:30:26.000 --> 01:30:28.000]  你被他控制
[01:30:28.000 --> 01:30:32.000]  這時候其實
[01:30:32.000 --> 01:30:34.000]  我們就
[01:30:34.000 --> 01:30:36.000]  作為受眾
[01:30:36.000 --> 01:30:38.000]  我們忘記了自己受眾的身份
[01:30:38.000 --> 01:30:40.000]  亦都忘記了
[01:30:40.000 --> 01:30:42.000]  創造主
[01:30:42.000 --> 01:30:48.000]  我們只能活在
[01:30:48.000 --> 01:30:50.000]  受眾的世界
[01:30:50.000 --> 01:30:52.000]  而不是
[01:30:52.000 --> 01:30:54.000]  意識到
[01:30:54.000 --> 01:30:56.000]  他在一個受眾的世界
[01:30:56.000 --> 01:31:00.000]  我們活在這個世界
[01:31:00.000 --> 01:31:02.000]  不過不意識到他在一個受眾的世界
[01:31:02.000 --> 01:31:04.000]  更加不意識到
[01:31:04.000 --> 01:31:06.000]  他是上帝創造
[01:31:06.000 --> 01:31:08.000]  創造主所創造出來
[01:31:08.000 --> 01:31:10.000]  如果我們意識到
[01:31:10.000 --> 01:31:12.000]  他是創造主所創造出來的世界
[01:31:12.000 --> 01:31:14.000]  我們就會保持
[01:31:14.000 --> 01:31:16.000]  一定的信念
[01:31:16.000 --> 01:31:18.000]  我們不會以為
[01:31:18.000 --> 01:31:20.000]  他是一個不會傷害我們的世界
[01:31:20.000 --> 01:31:22.000]  其實真正來說不是他傷害我們
[01:31:22.000 --> 01:31:24.000]  而是浸沉在
[01:31:24.000 --> 01:31:26.000]  其中的時候
[01:31:26.000 --> 01:31:28.000]  我們錯置
[01:31:28.000 --> 01:31:30.000]  錯置了兩個傷害我們的世界
[01:31:32.000 --> 01:31:34.000]  我們弄錯了
[01:31:34.000 --> 01:31:38.000]  在弄錯的裡面
[01:31:38.000 --> 01:31:40.000]  其實就是忘記了
[01:31:40.000 --> 01:31:42.000]  真正讓我們可以安定
[01:31:42.000 --> 01:31:44.000]  在身邊的創造主
[01:31:44.000 --> 01:31:46.000]  而不是受眾
[01:31:46.000 --> 01:31:50.000]  這種情況就是對創造主
[01:31:50.000 --> 01:31:52.000]  亦都對受眾
[01:31:52.000 --> 01:31:54.000]  我們忘記了這個世界
[01:31:54.000 --> 01:31:56.000]  是受眾的
[01:31:56.000 --> 01:31:58.000]  我們亦都忘記了
[01:31:58.000 --> 01:32:00.000]  這個受眾的世界
[01:32:00.000 --> 01:32:02.000]  和其他人
[01:32:02.000 --> 01:32:04.000]  我們更加忘記了
[01:32:04.000 --> 01:32:06.000]  只有創造主才能夠
[01:32:06.000 --> 01:32:08.000]  真正安定在我們身邊
[01:32:08.000 --> 01:32:10.000]  而以為這個受眾世界
[01:32:10.000 --> 01:32:12.000]  甚至我們不知他
[01:32:12.000 --> 01:32:14.000]  不覺得他是受眾世界
[01:32:14.000 --> 01:32:16.000]  是世界
[01:32:16.000 --> 01:32:18.000]  我們可以安定在他身邊
[01:32:18.000 --> 01:32:22.000]  於是
[01:32:22.000 --> 01:32:24.000]  我們被我們眼前
[01:32:24.000 --> 01:32:26.000]  所見的
[01:32:26.000 --> 01:32:28.000]  所聽到的
[01:32:28.000 --> 01:32:30.000]  常見的
[01:32:30.000 --> 01:32:32.000]  接觸到的世界
[01:32:32.000 --> 01:32:34.000]  我們認不出
[01:32:34.000 --> 01:32:36.000]  完全的創造主
[01:32:36.000 --> 01:32:38.000]  他將人的
[01:32:38.000 --> 01:32:40.000]  創造主
[01:32:40.000 --> 01:32:42.000]  以為世界美好
[01:32:42.000 --> 01:32:44.000]  求滿足
[01:32:44.000 --> 01:32:46.000]  我們的
[01:32:46.000 --> 01:32:48.000]  需求
[01:32:48.000 --> 01:32:50.000]  這樣的時候
[01:32:50.000 --> 01:32:52.000]  我們只能在日光之下的生活
[01:32:52.000 --> 01:32:54.000]  而沒有日光之上的生活
[01:32:54.000 --> 01:32:56.000]  即是說我們只有
[01:32:56.000 --> 01:32:58.000]  世界美好
[01:32:58.000 --> 01:33:00.000]  沒有創造主
[01:33:00.000 --> 01:33:02.000]  和創造主一起的生活
[01:33:02.000 --> 01:33:04.000]  我們只能追尋日光之下的美好
[01:33:04.000 --> 01:33:06.000]  而沒有追尋
[01:33:06.000 --> 01:33:08.000]  日光之上的美好
[01:33:08.000 --> 01:33:10.000]  即是沒有追尋
[01:33:10.000 --> 01:33:12.000]  創造主的美好
[01:33:12.000 --> 01:33:14.000]  我們永遠都要知道
[01:33:14.000 --> 01:33:16.000]  在日光之下的美好
[01:33:16.000 --> 01:33:18.000]  一個是美好的
[01:33:18.000 --> 01:33:20.000]  不過他是美好的
[01:33:20.000 --> 01:33:22.000]  不因為他是有限否定的美好
[01:33:22.000 --> 01:33:24.000]  但亦都不可以
[01:33:24.000 --> 01:33:26.000]  因為他是美好
[01:33:26.000 --> 01:33:28.000]  所以忘記他是美好
[01:33:28.000 --> 01:33:30.000]  因為
[01:33:30.000 --> 01:33:32.000]  我們
[01:33:32.000 --> 01:33:34.000]  很難掌握
[01:33:34.000 --> 01:33:36.000]  但又是實情
[01:33:36.000 --> 01:33:42.000]  世界的有限的美好
[01:33:42.000 --> 01:33:48.000]  其實是說到他
[01:33:48.000 --> 01:33:52.000]  在風情上
[01:33:52.000 --> 01:33:54.000]  始終是無限的美好和風情
[01:33:54.000 --> 01:33:58.000]  無限美好的風情
[01:33:58.000 --> 01:34:00.000]  是無限的
[01:34:00.000 --> 01:34:02.000]  但有限美好的風情
[01:34:02.000 --> 01:34:04.000]  是有限的
[01:34:04.000 --> 01:34:06.000]  兩者不能相比
[01:34:06.000 --> 01:34:08.000]  但仍然是如此
[01:34:08.000 --> 01:34:10.000]  有限美好
[01:34:10.000 --> 01:34:12.000]  是有定義的
[01:34:12.000 --> 01:34:14.000]  他不是持續的美好
[01:34:14.000 --> 01:34:16.000]  更加殘忍的
[01:34:16.000 --> 01:34:18.000]  就是十二世紀的美好
[01:34:18.000 --> 01:34:20.000]  消失了
[01:34:22.000 --> 01:34:24.000]  這時候
[01:34:24.000 --> 01:34:26.000]  又會出現一段銀色的消失
[01:34:26.000 --> 01:34:28.000]  突然間變了
[01:34:28.000 --> 01:34:32.000]  你會遇到這種情況嗎
[01:34:32.000 --> 01:34:34.000]  過去幾年的時候
[01:34:34.000 --> 01:34:36.000]  突然間很多朋友
[01:34:36.000 --> 01:34:38.000]  離世了
[01:34:38.000 --> 01:34:40.000]  不一定是獨身離世
[01:34:40.000 --> 01:34:42.000]  離開了香港
[01:34:42.000 --> 01:34:44.000]  到另一個世界
[01:34:44.000 --> 01:34:50.000]  不一定是那位律師
[01:34:52.000 --> 01:34:54.000]  對吧
[01:34:54.000 --> 01:34:56.000]  離開了
[01:34:56.000 --> 01:34:58.000]  才給你一個WhatsApp
[01:34:58.000 --> 01:35:00.000]  我離開了
[01:35:00.000 --> 01:35:02.000]  我收到了
[01:35:02.000 --> 01:35:06.000]  你便非常樂觀
[01:35:06.000 --> 01:35:08.000]  沒錯
[01:35:08.000 --> 01:35:10.000]  你這麼好朋友
[01:35:10.000 --> 01:35:12.000]  你離開了才學
[01:35:12.000 --> 01:35:14.000]  這不是一段銀色的婚姻
[01:35:14.000 --> 01:35:16.000]  婚姻
[01:35:16.000 --> 01:35:18.000]  你連最後一句話都沒有說
[01:35:18.000 --> 01:35:20.000]  除非你說
[01:35:20.000 --> 01:35:22.000]  WhatsApp也是說說話
[01:35:22.000 --> 01:35:24.000]  我最後一次跟你釋懷的機會也沒有
[01:35:24.000 --> 01:35:30.000]  軟硬式的
[01:35:30.000 --> 01:35:32.000]  消失
[01:35:32.000 --> 01:35:34.000]  除了軟硬式的消失
[01:35:34.000 --> 01:35:36.000]  很多時候也會留在
[01:35:36.000 --> 01:35:38.000]  持續的衰敗
[01:35:38.000 --> 01:35:40.000]  你有沒有聽過一句說話
[01:35:40.000 --> 01:35:44.000]  就是
[01:35:48.000 --> 01:35:50.000]  中國人說到
[01:35:50.000 --> 01:35:52.000]  父母病了
[01:35:52.000 --> 01:35:54.000]  長期病患
[01:35:54.000 --> 01:35:56.000]  床前
[01:35:56.000 --> 01:35:58.000]  久病
[01:35:58.000 --> 01:36:00.000]  無孝子
[01:36:00.000 --> 01:36:04.000]  他們長期
[01:36:04.000 --> 01:36:06.000]  消失了
[01:36:06.000 --> 01:36:08.000]  他們一下子
[01:36:08.000 --> 01:36:10.000]  沒有了
[01:36:10.000 --> 01:36:12.000]  你怎麼看
[01:36:12.000 --> 01:36:14.000]  很殘忍
[01:36:14.000 --> 01:36:16.000]  久病
[01:36:16.000 --> 01:36:18.000]  床前無孝子
[01:36:18.000 --> 01:36:22.000]  所以照顧者
[01:36:22.000 --> 01:36:24.000]  是很辛苦的
[01:36:24.000 --> 01:36:28.000]  在這段時間
[01:36:28.000 --> 01:36:30.000]  開始看到這個問題
[01:36:30.000 --> 01:36:32.000]  教訓到這個問題
[01:36:32.000 --> 01:36:34.000]  照顧者
[01:36:34.000 --> 01:36:36.000]  也需要認知
[01:36:36.000 --> 01:36:38.000]  他更加難以承受
[01:36:38.000 --> 01:36:40.000]  眼前所愛的人
[01:36:40.000 --> 01:36:42.000]  他的美好
[01:36:42.000 --> 01:36:44.000]  一天一天地消失
[01:36:46.000 --> 01:36:48.000]  我們中國人說
[01:36:48.000 --> 01:36:50.000]  不要去
[01:36:50.000 --> 01:36:52.000]  英雄似我
[01:36:52.000 --> 01:36:54.000]  男的也一樣
[01:36:54.000 --> 01:36:56.000]  女的也一樣
[01:36:56.000 --> 01:37:02.000]  當陽光之下
[01:37:02.000 --> 01:37:04.000]  一代到一代
[01:37:04.000 --> 01:37:12.000]  美好的事情
[01:37:12.000 --> 01:37:14.000]  來了
[01:37:14.000 --> 01:37:16.000]  美好的事情
[01:37:16.000 --> 01:37:18.000]  就叫人不哀嘆
[01:37:18.000 --> 01:37:20.000]  哀嘆什麼
[01:37:20.000 --> 01:37:22.000]  虛空的虛空
[01:37:22.000 --> 01:37:24.000]  虛空的虛空
[01:37:24.000 --> 01:37:26.000]  我們維吾爾族人說
[01:37:26.000 --> 01:37:28.000]  轉向陽光之上
[01:37:28.000 --> 01:37:30.000]  重新確認
[01:37:30.000 --> 01:37:32.000]  他是創造主
[01:37:32.000 --> 01:37:34.000]  他是世界主
[01:37:34.000 --> 01:37:36.000]  然後
[01:37:36.000 --> 01:37:38.000]  為消滅病患傳染者
[01:37:38.000 --> 01:37:40.000]  最後教導
[01:37:40.000 --> 01:37:42.000]  要敬畏上帝
[01:37:42.000 --> 01:37:44.000]  其實
[01:37:44.000 --> 01:37:46.000]  這和智慧文學
[01:37:46.000 --> 01:37:48.000]  的真言可憎
[01:37:48.000 --> 01:37:50.000]  是實節所說的一句話
[01:37:50.000 --> 01:37:52.000]  因為在那裏就說到
[01:37:52.000 --> 01:37:54.000]  敬畏是智慧的忽略
[01:37:54.000 --> 01:37:56.000]  認識至聖者
[01:37:56.000 --> 01:37:58.000]  就是聖人
[01:37:58.000 --> 01:38:00.000]  不過存在者更加
[01:38:00.000 --> 01:38:02.000]  表示多疾
[01:38:02.000 --> 01:38:04.000]  這是每一個人
[01:38:04.000 --> 01:38:06.000]  每一個人
[01:38:06.000 --> 01:38:10.000]  因為可憎對上帝的敬畏
[01:38:10.000 --> 01:38:12.000]  對上帝的敬畏
[01:38:12.000 --> 01:38:14.000]  我們就不會再
[01:38:14.000 --> 01:38:16.000]  能夠
[01:38:16.000 --> 01:38:18.000]  分辨
[01:38:18.000 --> 01:38:20.000]  分辨他是創造主
[01:38:20.000 --> 01:38:22.000]  分辨我們只不過是受造主
[01:38:22.000 --> 01:38:24.000]  我們沒有了這種智慧
[01:38:24.000 --> 01:38:26.000]  因為你沒有敬畏之心
[01:38:26.000 --> 01:38:28.000]  敬畏是什麼
[01:38:28.000 --> 01:38:30.000]  不要把自己放大
[01:38:30.000 --> 01:38:32.000]  不要把自己當作創造主
[01:38:32.000 --> 01:38:34.000]  敬畏的相反
[01:38:34.000 --> 01:38:36.000]  是謙卑
[01:38:36.000 --> 01:38:38.000]  謙卑承認自己只不過是受造主
[01:38:40.000 --> 01:38:42.000]  而尊重上帝是創造主
[01:38:42.000 --> 01:38:46.000]  這個就是敬畏
[01:38:46.000 --> 01:38:50.000]  以上帝和上帝
[01:38:50.000 --> 01:38:52.000]  以活動道化和活動道化
[01:38:52.000 --> 01:38:54.000]  除去境外
[01:38:54.000 --> 01:38:56.000]  遍佈境外的對象
[01:38:56.000 --> 01:39:00.000]  這個我們都知道
[01:39:00.000 --> 01:39:02.000]  梁卓人長年都是十戒念十戒
[01:39:02.000 --> 01:39:04.000]  所以在敬畏裏面認識
[01:39:04.000 --> 01:39:06.000]  只有他才是
[01:39:06.000 --> 01:39:08.000]  仁光之上的上帝
[01:39:08.000 --> 01:39:10.000]  我們才會知道
[01:39:10.000 --> 01:39:12.000]  世界只在仁光之下
[01:39:12.000 --> 01:39:18.000]  認識仁光之上的上帝是創造主
[01:39:18.000 --> 01:39:20.000]  我們才會知道
[01:39:20.000 --> 01:39:22.000]  世界只在仁光之下的受造主
[01:39:22.000 --> 01:39:28.000]  這個是將來的國定案
[01:39:28.000 --> 01:39:30.000]  我們的身份
[01:39:30.000 --> 01:39:34.000]  我們的美好只是相對的美好
[01:39:34.000 --> 01:39:36.000]  受造的美好只是相對的美好
[01:39:36.000 --> 01:39:38.000]  只有上帝是創造主
[01:39:38.000 --> 01:39:40.000]  他的美好才是美好
[01:39:40.000 --> 01:39:44.000]  所以一旦沉溺在世界的流行表
[01:39:44.000 --> 01:39:48.000]  是女子所說的五色五陰五味
[01:39:48.000 --> 01:39:52.000]  這套豐富的色彩
[01:39:52.000 --> 01:39:54.000]  的世界所蒙蔽的世界
[01:39:54.000 --> 01:39:56.000]  其實我們就會失去認知
[01:40:06.000 --> 01:40:08.000]  雖然我還在念念創造主和受造主的經歷
[01:40:08.000 --> 01:40:34.000]  我們最終還是非常地沉默
[01:40:34.000 --> 01:40:36.000]  我們最終還是非常地沉默
[01:40:36.000 --> 01:40:44.000]  所以原道者會說
[01:40:44.000 --> 01:40:46.000]  和所愛的妻子和丈夫
[01:40:46.000 --> 01:40:50.000]  一起享用福福得來的成果
[01:40:50.000 --> 01:40:52.000]  你才是智慧
[01:40:52.000 --> 01:40:54.000]  你才是聰明
[01:40:54.000 --> 01:41:00.000]  最後結論
[01:41:00.000 --> 01:41:02.000]  有沒有聽過
[01:41:02.000 --> 01:41:04.000]  民事永恆
[01:41:04.000 --> 01:41:06.000]  今天說了很多舊歌
[01:41:06.000 --> 01:41:08.000]  很廣闊
[01:41:08.000 --> 01:41:10.000]  大家知道
[01:41:10.000 --> 01:41:12.000]  梁朝偉所唱的家變
[01:41:12.000 --> 01:41:14.000]  這首歌
[01:41:14.000 --> 01:41:16.000]  當年一出的時候
[01:41:16.000 --> 01:41:18.000]  這句說話被很多基督教人士
[01:41:18.000 --> 01:41:20.000]  攻擊
[01:41:20.000 --> 01:41:22.000]  或者責罵
[01:41:22.000 --> 01:41:24.000]  但他說的那個實情
[01:41:24.000 --> 01:41:26.000]  其實他說得對
[01:41:26.000 --> 01:41:30.000]  他說的只是日光之下的夢想
[01:41:30.000 --> 01:41:32.000]  不過他說
[01:41:32.000 --> 01:41:34.000]  說不到日光之上
[01:41:34.000 --> 01:41:36.000]  他說的是日光之下
[01:41:36.000 --> 01:41:38.000]  受造的世界
[01:41:38.000 --> 01:41:40.000]  本來就是夢想
[01:41:40.000 --> 01:41:44.000]  不過傳道者在用
[01:41:44.000 --> 01:41:46.000]  每一支火燭的世界
[01:41:46.000 --> 01:41:48.000]  沒錯世界是無常
[01:41:48.000 --> 01:41:50.000]  不是永恆
[01:41:50.000 --> 01:41:54.000]  傳道者反而提出
[01:41:54.000 --> 01:41:56.000]  正因為是無常不是永恆
[01:41:56.000 --> 01:41:58.000]  你就要在最後一刻
[01:41:58.000 --> 01:42:00.000]  妨礙親子一場
[01:42:00.000 --> 01:42:02.000]  一場兩面的夢都不得了
[01:42:02.000 --> 01:42:04.000]  你不要錯過時間
[01:42:04.000 --> 01:42:08.000]  不要錯過機會
[01:42:08.000 --> 01:42:12.000]  主教宗說了一句話
[01:42:12.000 --> 01:42:14.000]  不要為雲天而憂慮
[01:42:14.000 --> 01:42:18.000]  意思是什麼
[01:42:18.000 --> 01:42:20.000]  你今天的美好就感受今天的美好
[01:42:20.000 --> 01:42:24.000]  為什麼為雲天而憂慮
[01:42:24.000 --> 01:42:26.000]  今天為雲天而憂慮的時候
[01:42:26.000 --> 01:42:28.000]  你被擊敗了眼前的美好
[01:42:28.000 --> 01:42:30.000]  你看不見今天的藍天白雲
[01:42:30.000 --> 01:42:34.000]  你心裏面只有雲天的薄薄
[01:42:34.000 --> 01:42:40.000]  你對不對得起
[01:42:40.000 --> 01:42:42.000]  上帝所創造的藍天白雲
[01:42:42.000 --> 01:42:50.000]  在這裡傳道者其實認不認得
[01:42:50.000 --> 01:42:52.000]  世界是受造的
[01:42:54.000 --> 01:42:56.000]  雖然受造了世界的美好
[01:42:56.000 --> 01:42:58.000]  但是美好是有限的
[01:42:58.000 --> 01:43:02.000]  所以受造的有限美好
[01:43:02.000 --> 01:43:04.000]  那種美好不是叫感受
[01:43:04.000 --> 01:43:10.000]  而受造的有限美好
[01:43:10.000 --> 01:43:12.000]  那種有限
[01:43:12.000 --> 01:43:14.000]  所指向的就是
[01:43:14.000 --> 01:43:16.000]  日光之上的創造者
[01:43:16.000 --> 01:43:18.000]  他自己所說的美好
[01:43:18.000 --> 01:43:22.000]  你不要將有限美好
[01:43:22.000 --> 01:43:24.000]  所指向的
[01:43:24.000 --> 01:43:26.000]  你一旦有限美好
[01:43:26.000 --> 01:43:28.000]  就會看見
[01:43:28.000 --> 01:43:30.000]  其實還有無限美好
[01:43:30.000 --> 01:43:36.000]  詩篇十八篇的意思
[01:43:36.000 --> 01:43:38.000]  我命由懷一個主義
[01:43:38.000 --> 01:43:40.000]  由懷我的藍石
[01:43:40.000 --> 01:43:42.000]  我的藏身處
[01:43:42.000 --> 01:43:44.000]  我的救主
[01:43:44.000 --> 01:43:46.000]  我的上帝
[01:43:46.000 --> 01:43:48.000]  我的頭靠的石山
[01:43:48.000 --> 01:43:50.000]  我的恐怕
[01:43:50.000 --> 01:43:52.000]  我的藏身
[01:43:52.000 --> 01:43:54.000]  我的公主
[01:43:54.000 --> 01:43:56.000]  其實詩篇或許很多詩人
[01:43:56.000 --> 01:43:58.000]  正正是在說
[01:43:58.000 --> 01:44:00.000]  上帝自身的原本
[01:44:00.000 --> 01:44:02.000]  perfect
[01:44:02.000 --> 01:44:04.000]  上帝的原本
[01:44:04.000 --> 01:44:06.000]  才是我們要依靠的
[01:44:06.000 --> 01:44:08.000]  受造世界的原本
[01:44:08.000 --> 01:44:10.000]  不會像上帝的原本
[01:44:10.000 --> 01:44:12.000]  或者不會像創造主的原本
[01:44:12.000 --> 01:44:16.000]  受造世界的原本
[01:44:16.000 --> 01:44:18.000]  有其他原本
[01:44:20.000 --> 01:44:22.000]  但是未去到新天新地的時候
[01:44:22.000 --> 01:44:24.000]  上帝的大能
[01:44:24.000 --> 01:44:26.000]  才會將受造世界的原本
[01:44:26.000 --> 01:44:28.000]  持續地保存
[01:44:28.000 --> 01:44:32.000]  但未去到新天新地
[01:44:32.000 --> 01:44:34.000]  才有受造世界的原本
[01:44:34.000 --> 01:44:36.000]  才有時代
[01:44:36.000 --> 01:44:38.000]  詩篇已經不一樣了
[01:44:38.000 --> 01:44:42.000]  背影不封不實
[01:44:50.000 --> 01:44:52.000]  我在這個學期
[01:44:52.000 --> 01:44:54.000]  是在神學院教書裡面
[01:44:54.000 --> 01:44:56.000]  最後一個學期
[01:44:56.000 --> 01:44:58.000]  最後一個學期
[01:44:58.000 --> 01:45:00.000]  神學院老師會說些什麼
[01:45:00.000 --> 01:45:06.000]  其實我
[01:45:06.000 --> 01:45:08.000]  要這麼說
[01:45:08.000 --> 01:45:10.000]  世事
[01:45:10.000 --> 01:45:12.000]  虛空無常
[01:45:12.000 --> 01:45:14.000]  不過
[01:45:14.000 --> 01:45:16.000]  你不一定消極
[01:45:16.000 --> 01:45:18.000]  它是要減弱
[01:45:18.000 --> 01:45:20.000]  才可以使用成果
[01:45:20.000 --> 01:45:22.000]  每個人工作
[01:45:22.000 --> 01:45:24.000]  都會有成果
[01:45:24.000 --> 01:45:28.000]  我在神學院
[01:45:28.000 --> 01:45:30.000]  裡面教書
[01:45:30.000 --> 01:45:32.000]  超過三十年
[01:45:32.000 --> 01:45:34.000]  雖然成果不是很多
[01:45:34.000 --> 01:45:36.000]  但你總會有成果
[01:45:36.000 --> 01:45:40.000]  在自己的世上工作
[01:45:40.000 --> 01:45:42.000]  你都會有成果
[01:45:42.000 --> 01:45:44.000]  如果你是牧師傳道
[01:45:44.000 --> 01:45:46.000]  你都會有成果
[01:45:46.000 --> 01:45:48.000]  你總會有
[01:45:48.000 --> 01:45:50.000]  要減弱
[01:45:50.000 --> 01:45:52.000]  這些成果
[01:45:52.000 --> 01:45:54.000]  就好像農夫耕種
[01:45:54.000 --> 01:45:56.000]  你不一定會出產很多
[01:45:56.000 --> 01:45:58.000]  但總是會出產
[01:45:58.000 --> 01:46:00.000]  有些時候豐收
[01:46:00.000 --> 01:46:02.000]  有些時候不豐收
[01:46:02.000 --> 01:46:06.000]  傳道師最後會教我們
[01:46:06.000 --> 01:46:08.000]  記憶違常
[01:46:08.000 --> 01:46:10.000]  這是傳道者的教導
[01:46:14.000 --> 01:46:16.000]  有很多時間剩下的
[01:46:16.000 --> 01:46:18.000]  給你們機會
[01:46:18.000 --> 01:46:20.000]  結果都是
[01:46:20.000 --> 01:46:26.000]  如果大家不介意問
[01:46:26.000 --> 01:46:28.000]  我也不介意
[01:46:28.000 --> 01:46:30.000]  不要只問
[01:46:44.000 --> 01:46:46.000]  (創傷後遺症)
[01:46:46.000 --> 01:47:02.000]  創傷後遺症
[01:47:02.000 --> 01:47:04.000]  是另外一回事
[01:47:04.000 --> 01:47:06.000]  我只說創傷
[01:47:06.000 --> 01:47:08.000]  創傷後遺症是BDSD
[01:47:08.000 --> 01:47:10.000]  一個人有創傷
[01:47:10.000 --> 01:47:12.000]  不代表有創傷後遺症
[01:47:12.000 --> 01:47:14.000]  如果有創傷後遺症
[01:47:14.000 --> 01:47:16.000]  是很嚴重的事
[01:47:16.000 --> 01:47:20.000]  真的要看醫生
[01:47:20.000 --> 01:47:22.000]  專科的醫生
[01:47:22.000 --> 01:47:26.000]  創傷其實
[01:47:26.000 --> 01:47:28.000]  不少人會有
[01:47:28.000 --> 01:47:30.000]  沒有創傷後遺症
[01:47:30.000 --> 01:47:32.000]  不代表沒有創傷
[01:47:32.000 --> 01:47:36.000]  這是一個範圍
[01:47:36.000 --> 01:47:40.000]  你怎知道自己有創傷後遺症
[01:47:40.000 --> 01:47:42.000]  你上網搜尋
[01:47:42.000 --> 01:47:44.000]  BDSD有一個表格
[01:47:44.000 --> 01:47:46.000]  可以找到很多資料
[01:47:46.000 --> 01:47:48.000]  可以參考自己
[01:47:48.000 --> 01:47:50.000]  有沒有什麼創傷後遺症
[01:47:50.000 --> 01:47:52.000]  最簡單
[01:47:52.000 --> 01:47:54.000]  你有沒有化學症
[01:47:54.000 --> 01:47:56.000]  有沒有閃現
[01:47:56.000 --> 01:47:58.000]  突然覺得自己
[01:47:58.000 --> 01:48:02.000]  出現在你以前
[01:48:02.000 --> 01:48:04.000]  覺得受傷後遺症
[01:48:04.000 --> 01:48:08.000]  軍人很容易出現這個情況
[01:48:08.000 --> 01:48:10.000]  回到自己的國家
[01:48:10.000 --> 01:48:12.000]  其實美國很容易出現
[01:48:12.000 --> 01:48:16.000]  突然會發現自己在原來的戰場
[01:48:16.000 --> 01:48:18.000]  其實不是
[01:48:18.000 --> 01:48:20.000]  已經回到自己的國家
[01:48:20.000 --> 01:48:22.000]  這個叫閃現或回神
[01:48:22.000 --> 01:48:26.000]  這是很嚴重的狀況
[01:48:26.000 --> 01:48:30.000]  你可以上網搜尋
[01:48:30.000 --> 01:48:32.000]  自己的表格
[01:48:36.000 --> 01:48:38.000]  創傷
[01:48:38.000 --> 01:48:44.000]  創傷不是一種傷害
[01:48:44.000 --> 01:48:50.000]  跟我們一般所說的傷痛不一樣
[01:48:50.000 --> 01:48:54.000]  傷痛是會復原
[01:48:54.000 --> 01:48:56.000]  但創傷不會復原
[01:48:56.000 --> 01:49:00.000]  你要鍛鍊的是什麼呢
[01:49:00.000 --> 01:49:02.000]  是你生命的韌性
[01:49:02.000 --> 01:49:04.000]  resilience
[01:49:04.000 --> 01:49:06.000]  即是說
[01:49:06.000 --> 01:49:10.000]  當有打擊事件再次出現時
[01:49:10.000 --> 01:49:12.000]  你可以承受得到
[01:49:12.000 --> 01:49:14.000]  你不會被打壓
[01:49:14.000 --> 01:49:16.000]  其實這個情況就好像
[01:49:16.000 --> 01:49:18.000]  一條橡筋一樣
[01:49:18.000 --> 01:49:22.000]  你有沒有韌性
[01:49:22.000 --> 01:49:24.000]  你的生命有沒有韌性
[01:49:24.000 --> 01:49:26.000]  沒有韌性的時候
[01:49:26.000 --> 01:49:28.000]  你承受不了
[01:49:28.000 --> 01:49:30.000]  你估計不到的壓力
[01:49:32.000 --> 01:49:34.000]  於是你就會受傷
[01:49:34.000 --> 01:49:40.000]  多數會出現在
[01:49:40.000 --> 01:49:42.000]  例如汽車意外
[01:49:42.000 --> 01:49:44.000]  很多時候汽車意外會令人
[01:49:44.000 --> 01:49:46.000]  出現創傷
[01:49:46.000 --> 01:49:48.000]  即是那個意外
[01:49:48.000 --> 01:49:52.000]  太嚴重
[01:49:52.000 --> 01:49:54.000]  其實也不是事件嚴重
[01:49:54.000 --> 01:49:56.000]  而是你自己的生命
[01:49:56.000 --> 01:49:58.000]  沒有辦法承受到
[01:49:58.000 --> 01:50:00.000]  突然而來的衝擊
[01:50:02.000 --> 01:50:04.000]  有些人承受得到
[01:50:04.000 --> 01:50:06.000]  有些人承受不了
[01:50:06.000 --> 01:50:08.000]  這種情況就解釋了
[01:50:08.000 --> 01:50:10.000]  為什麼
[01:50:10.000 --> 01:50:12.000]  它不是純粹事件本身
[01:50:12.000 --> 01:50:14.000]  而是人生命本身
[01:50:14.000 --> 01:50:18.000]  所以
[01:50:18.000 --> 01:50:20.000]  遇到創傷或創傷後
[01:50:20.000 --> 01:50:22.000]  正要鍛鍊的
[01:50:22.000 --> 01:50:24.000]  要做的不是復原
[01:50:24.000 --> 01:50:26.000]  而是你的生命的韌性
[01:50:26.000 --> 01:50:28.000]  夠不夠
[01:50:28.000 --> 01:50:30.000]  因為我們沒有把握
[01:50:30.000 --> 01:50:32.000]  每個人的精力
[01:50:32.000 --> 01:50:34.000]  能夠轉移到自己的生命
[01:50:34.000 --> 01:50:36.000]  授權給自己
