
[00:00:00.000 --> 00:00:18.640]  (影片即將開始,別忘了按讚及分享喔)
[00:00:18.640 --> 00:00:22.320]  大家好,我們盡量準時開始
[00:00:22.320 --> 00:00:24.960]  我今天是Jonathan
[00:00:24.960 --> 00:00:27.760]  我是天道書樓的副總幹事
[00:00:27.760 --> 00:00:33.520]  亦是負責在環球事件工會培訓的工作
[00:00:33.520 --> 00:00:35.760]  今天我很開心
[00:00:35.760 --> 00:00:38.640]  其實我只是上任了兩個月
[00:00:38.640 --> 00:00:39.920]  即是一月才上任
[00:00:39.920 --> 00:00:44.480]  安排這些講座的前人
[00:00:44.480 --> 00:00:46.720]  不是前人,即是後人
[00:00:46.720 --> 00:00:48.480]  後面的廖牧師
[00:00:48.480 --> 00:00:52.720]  過去一年已經精心安排了整年的系列
[00:00:52.720 --> 00:00:54.800]  我現在要開始學習
[00:00:54.800 --> 00:00:58.800]  明年如何安排好的講座給大家
[00:00:58.800 --> 00:01:03.120]  今天的講員是廖炳棠博士
[00:01:03.120 --> 00:01:05.520]  廖博士的資料
[00:01:05.520 --> 00:01:08.400]  大家知道現在上網甚麼都起底
[00:01:08.400 --> 00:01:09.600]  其實不用起底
[00:01:09.600 --> 00:01:13.680]  在建道神學院找到他的資料
[00:01:13.680 --> 00:01:17.680]  他現在是神學系的教授
[00:01:17.680 --> 00:01:18.880]  部份時間的
[00:01:18.880 --> 00:01:23.600]  他亦是一個榮譽研究員
[00:01:23.600 --> 00:01:26.960]  繼續他的貢獻
[00:01:26.960 --> 00:01:35.120]  今天很開心廖博士和我們分享一個很重要的主題
[00:01:35.120 --> 00:01:37.040]  就是活化靈修
[00:01:37.040 --> 00:01:40.240]  如何在日常生活中經歷復活的主
[00:01:40.240 --> 00:01:45.440]  這是我們每個基督徒都要多點明白就好一點
[00:01:45.440 --> 00:01:49.040]  我們很希望藉著今晚的時間
[00:01:49.040 --> 00:01:50.800]  其實只是一個開始
[00:01:50.800 --> 00:01:54.400]  其實我們每一次聽一堂道或者學一件事
[00:01:54.400 --> 00:01:56.160]  我自己都是教書的
[00:01:56.160 --> 00:01:58.000]  其實每教一次書的時候
[00:01:58.000 --> 00:01:59.520]  其實都是一個新開始
[00:01:59.520 --> 00:02:01.040]  因為你去了一個點
[00:02:01.040 --> 00:02:03.600]  我們所謂學習是spiral learning
[00:02:03.600 --> 00:02:05.280]  就是一路重複重複
[00:02:05.280 --> 00:02:09.040]  一路越來越站在巨人的肩膊上
[00:02:09.040 --> 00:02:11.360]  我們就可以學得多看得遠
[00:02:11.360 --> 00:02:17.040]  我們很希望大家耐心聆聽教導
[00:02:17.040 --> 00:02:20.480]  今天廖博士其實是中文大學畢業
[00:02:20.480 --> 00:02:22.480]  是社會科學學士
[00:02:22.480 --> 00:02:24.080]  在建道神學院
[00:02:24.080 --> 00:02:25.840]  道學碩士
[00:02:25.840 --> 00:02:27.360]  福樂神學院
[00:02:27.360 --> 00:02:28.640]  哲學博士
[00:02:28.640 --> 00:02:33.920]  也是宣道出版社和天道書樓的出版顧問
[00:02:33.920 --> 00:02:39.360]  今天我們很開心把時間交給在建道神學院
[00:02:39.360 --> 00:02:43.600]  已經教了三十多年很精練的老師
[00:02:43.600 --> 00:02:45.280]  鄺博士
[00:02:45.280 --> 00:02:48.800]  鄺炳棠博士為我們主講今天的主題
[00:02:48.800 --> 00:02:52.560]  活化...廖炳棠...不好意思
[00:02:52.560 --> 00:02:58.560]  廖炳棠博士為我們主講的是活化靈修
[00:02:58.560 --> 00:03:02.000]  知道我們新丁名字都說錯了
[00:03:02.000 --> 00:03:03.120]  不好意思
[00:03:03.120 --> 00:03:05.120]  我們請廖博士
[00:03:05.120 --> 00:03:12.800]  不要緊,很多人都當我是鄺炳超博士
[00:03:12.800 --> 00:03:14.800]  鄺博士也不介意
[00:03:14.800 --> 00:03:17.040]  因為我們兩個經常笑
[00:03:17.040 --> 00:03:23.280]  很開心今晚有機會跟弟兄姊妹分享關於靈修的題目
[00:03:23.280 --> 00:03:28.560]  我會在這麼著重的題目裡面講
[00:03:28.560 --> 00:03:31.200]  經歷是因為我自己以前做社工
[00:03:31.200 --> 00:03:32.160]  奉獻之前
[00:03:32.160 --> 00:03:34.720]  所以比較留心人的
[00:03:34.720 --> 00:03:37.440]  或者自己內在的心路歷程
[00:03:37.440 --> 00:03:40.240]  為什麼知道的東西不是那麼容易走出來
[00:03:40.240 --> 00:03:43.040]  後來讀完神學之後有機會進修
[00:03:43.040 --> 00:03:45.040]  就去讀靈修
[00:03:45.040 --> 00:03:49.120]  靈修主要是研究屬靈經驗
[00:03:49.120 --> 00:03:52.720]  怎樣可以真正按聖經去經歷神
[00:03:52.720 --> 00:03:54.320]  不是靈因那種
[00:03:54.320 --> 00:03:55.520]  也不是神秘主義那種
[00:03:55.520 --> 00:03:56.720]  但也不是只有本聖經
[00:03:56.720 --> 00:04:00.000]  我們自己靠努力去實踐聖經的教訓
[00:04:00.000 --> 00:04:05.440]  是有位主耶穌基督幫助我們實踐到聖經出來
[00:04:05.440 --> 00:04:06.720]  怎樣經歷到它
[00:04:06.720 --> 00:04:08.160]  怎樣拿到力量
[00:04:08.160 --> 00:04:10.320]  這是一路自己的學習
[00:04:10.320 --> 00:04:13.360]  可以跟大家分享一下
[00:04:13.360 --> 00:04:15.360]  因為今晚的時間很短
[00:04:15.360 --> 00:04:16.960]  我講一點
[00:04:16.960 --> 00:04:18.560]  第一就是剛才打了出來
[00:04:18.560 --> 00:04:19.920]  如果有後來的
[00:04:19.920 --> 00:04:21.280]  問一下隔壁左右
[00:04:21.280 --> 00:04:23.680]  有個網站大家打上去
[00:04:23.680 --> 00:04:25.440]  3531025
[00:04:25.440 --> 00:04:26.800]  slido那裡
[00:04:26.800 --> 00:04:29.520]  就可以將問題隨時想到
[00:04:29.520 --> 00:04:31.840]  可以打上去
[00:04:31.840 --> 00:04:33.760]  我就會用手機
[00:04:33.760 --> 00:04:35.440]  現在的科技很好
[00:04:35.440 --> 00:04:36.960]  善用就可以了
[00:04:36.960 --> 00:04:39.600]  就會一直看著
[00:04:39.600 --> 00:04:41.760]  如果有問題我們可以多點互動
[00:04:41.760 --> 00:04:43.760]  第二就是
[00:04:43.760 --> 00:04:47.360]  因為我講話是很短的
[00:04:47.360 --> 00:04:48.640]  還有很多內容
[00:04:48.640 --> 00:04:54.080]  有興趣的話就拿一支筆
[00:04:54.080 --> 00:04:55.280]  你要寫下來
[00:04:55.280 --> 00:04:56.720]  所以我就
[00:04:56.720 --> 00:04:58.000]  咦?沒有印給大家
[00:04:58.000 --> 00:04:59.200]  有印到大家
[00:04:59.200 --> 00:05:00.000]  筆記那裡
[00:05:00.000 --> 00:05:00.960]  我講明了
[00:05:00.960 --> 00:05:02.320]  不是因為沒有科技
[00:05:02.320 --> 00:05:08.960]  而是因為大家可以寫到東西在這裡
[00:05:08.960 --> 00:05:11.840]  其實靈修
[00:05:11.840 --> 00:05:13.600]  透過靈修經歷神
[00:05:13.600 --> 00:05:15.440]  大家今晚
[00:05:15.440 --> 00:05:16.720]  這麼多事情都做不來
[00:05:16.720 --> 00:05:20.000]  聽講座都應該很認真靈修了
[00:05:20.000 --> 00:05:22.240]  很緊張你跟神的關係
[00:05:22.240 --> 00:05:25.040]  只是這個心與精神會預納了
[00:05:25.040 --> 00:05:26.400]  而且神一定會賞賜
[00:05:26.400 --> 00:05:28.160]  真的會幫助我們
[00:05:28.160 --> 00:05:29.680]  既然我們這麼緊張跟祂的關係
[00:05:29.680 --> 00:05:31.680]  其實祂比我們還要緊張
[00:05:31.680 --> 00:05:34.400]  祂很緊張跟我們的關係
[00:05:34.400 --> 00:05:38.160]  其實稍後會詳細講
[00:05:38.160 --> 00:05:41.040]  主要不是一些很複雜的技巧
[00:05:41.040 --> 00:05:43.680]  其實靈修不是一種技巧
[00:05:43.680 --> 00:05:47.360]  而是一種對神的信心或者愛
[00:05:47.360 --> 00:05:49.760]  的一種表達
[00:05:49.760 --> 00:05:54.080]  其實靈修第一件事大家學的就是
[00:05:54.080 --> 00:05:58.160]  其實當你開始靈修的時候
[00:05:58.160 --> 00:05:59.840]  你其實有多大信心
[00:05:59.840 --> 00:06:02.800]  耶穌基督跟你同在
[00:06:02.800 --> 00:06:05.680]  復活的基督跟你同在
[00:06:05.680 --> 00:06:08.480]  很多人的困難其實不在方法上
[00:06:08.480 --> 00:06:11.440]  其實現在坊間很多方法都可以
[00:06:11.440 --> 00:06:13.440]  所有不違反聖經的東西都可以
[00:06:13.440 --> 00:06:15.840]  讀著聖經看怎麼讀
[00:06:15.840 --> 00:06:19.440]  但其實最重要是你由第一刻
[00:06:19.440 --> 00:06:21.680]  靈修到你最後一刻
[00:06:21.680 --> 00:06:24.880]  有很多人都還沒有覺得神在
[00:06:24.880 --> 00:06:27.680]  只是慣性地讀了聖經
[00:06:27.680 --> 00:06:29.120]  唱了一首詩
[00:06:29.120 --> 00:06:31.120]  做了一些事情
[00:06:31.120 --> 00:06:33.680]  但仍然在信心裡面
[00:06:33.680 --> 00:06:37.120]  不能夠知道自己不太覺得神在
[00:06:37.120 --> 00:06:39.120]  又不去求恩典
[00:06:39.120 --> 00:06:41.920]  神幫助我有信心在
[00:06:41.920 --> 00:06:43.920]  這個現象是
[00:06:43.920 --> 00:06:46.480]  第一件事我們先學到就是
[00:06:46.480 --> 00:06:49.360]  我不知道你今晚來講座也是一樣
[00:06:49.360 --> 00:06:53.360]  其實你相不相信耶穌基督現在在這裡
[00:06:53.360 --> 00:06:56.000]  復活的基督現在在哪裡
[00:06:56.000 --> 00:06:57.120]  祂在這裡
[00:06:57.120 --> 00:06:59.120]  有兩三個人奉祂的名
[00:06:59.120 --> 00:07:00.640]  祂就在我們當中
[00:07:00.640 --> 00:07:03.360]  而且祂透過聖靈住在我們每個人裡面
[00:07:03.360 --> 00:07:04.160]  是不是?
[00:07:04.160 --> 00:07:07.120]  沒有聖靈就不屬於耶穌基督
[00:07:07.120 --> 00:07:08.320]  所以呢
[00:07:08.320 --> 00:07:10.320]  其實當你聽講座的時候
[00:07:10.320 --> 00:07:12.320]  除了留意我講完
[00:07:12.320 --> 00:07:14.320]  你為我祈禱吧
[00:07:14.320 --> 00:07:17.680]  希望我能夠精簡大家明白
[00:07:17.680 --> 00:07:23.200]  但是你會不會覺得耶穌基督可以親自跟你講話呢?
[00:07:23.200 --> 00:07:26.240]  其實這是一個最基本的問題
[00:07:26.240 --> 00:07:28.560]  所以現在開始的時候
[00:07:28.560 --> 00:07:30.560]  你自己有半分鐘時間
[00:07:30.560 --> 00:07:34.480]  其實這兩年我教書開始講道也是
[00:07:34.480 --> 00:07:38.560]  請弟兄姊妹去運用自己的信心
[00:07:38.560 --> 00:07:40.560]  因為如果你不運用信心
[00:07:40.560 --> 00:07:42.560]  你可以整堂講道都
[00:07:42.560 --> 00:07:44.560]  只聽到一個人
[00:07:44.560 --> 00:07:47.440]  是不是你喜歡的表達方式
[00:07:47.440 --> 00:07:49.440]  然後平道
[00:07:49.440 --> 00:07:52.800]  沒有想過神可以超越任何一個講員跟你講話
[00:07:52.800 --> 00:07:57.280]  你自己是可以求主耶穌
[00:07:57.280 --> 00:07:59.280]  既然祂說的是聖經
[00:07:59.280 --> 00:08:02.480]  主耶穌你可不可以超越一個講員的限制
[00:08:02.480 --> 00:08:04.480]  透過聖經跟我說話
[00:08:04.480 --> 00:08:06.480]  這是上帝可以做到的事情
[00:08:06.480 --> 00:08:09.280]  也是你自己想不想聽到
[00:08:09.280 --> 00:08:12.080]  上帝給你個人的屬靈功課
[00:08:12.080 --> 00:08:12.880]  是不是?
[00:08:12.880 --> 00:08:13.600]  所以呢
[00:08:13.600 --> 00:08:15.600]  現在開始有半分鐘的時間
[00:08:15.600 --> 00:08:17.600]  大家去祈禱
[00:08:17.600 --> 00:08:19.600]  然後我們聚會結束
[00:08:19.600 --> 00:08:21.600]  都會做半分鐘的祈禱
[00:08:21.600 --> 00:08:23.600]  然後你就試試問主耶穌
[00:08:23.600 --> 00:08:25.600]  剛才的講座
[00:08:25.600 --> 00:08:28.560]  其實有沒有一些東西耶穌基督跟你講了
[00:08:28.560 --> 00:08:30.560]  對你自己個人來說
[00:08:30.560 --> 00:08:33.520]  屬靈上面除了知識有學習之外
[00:08:33.520 --> 00:08:35.520]  屬靈上面有些東西提醒了你要
[00:08:35.520 --> 00:08:37.520]  真是個人上要學的東西
[00:08:37.520 --> 00:08:40.720]  那我們就用半分鐘的時間,好嗎?
[00:08:40.720 --> 00:08:42.000]  每個人去
[00:08:42.000 --> 00:08:44.000]  跟主耶穌基督,各位復活的基督
[00:08:44.000 --> 00:08:46.000]  我們每個人去祈禱
[00:08:58.560 --> 00:09:18.560]  (靜靜的靜靜)
[00:09:18.560 --> 00:09:20.560]  親愛的主耶穌基督,我們感謝你
[00:09:20.560 --> 00:09:24.560]  因為你不單止是我們的創造主
[00:09:24.560 --> 00:09:26.560]  我們生命從你而來
[00:09:26.560 --> 00:09:28.560]  而且兩千年前
[00:09:28.560 --> 00:09:30.560]  你是來到這個世界上
[00:09:30.560 --> 00:09:32.560]  為我們釘十字架
[00:09:32.560 --> 00:09:34.560]  付出了最大的代價
[00:09:34.560 --> 00:09:36.560]  為的是要從死亡和罪惡當中
[00:09:36.560 --> 00:09:38.560]  拯救我們出來
[00:09:38.560 --> 00:09:40.560]  可以回歸創造我們的主
[00:09:40.560 --> 00:09:42.560]  三一的上帝
[00:09:42.560 --> 00:09:44.560]  以致我們可以
[00:09:44.560 --> 00:09:46.560]  生命上面有所依靠
[00:09:46.560 --> 00:09:48.560]  也都能夠在生活上面
[00:09:48.560 --> 00:09:50.560]  更加經歷到你
[00:09:50.560 --> 00:09:52.560]  原來就是我們
[00:09:52.560 --> 00:09:54.560]  一直看顧著我們的主
[00:09:54.560 --> 00:09:56.560]  親愛的主,我們也都在今天的晚上
[00:09:56.560 --> 00:09:58.560]  我們等候你
[00:09:58.560 --> 00:10:00.560]  因為我們真的,弟兄姊妹都很有心
[00:10:00.560 --> 00:10:04.560]  想和你的關係有進步
[00:10:04.560 --> 00:10:06.560]  想在靈修上面做得好一點
[00:10:06.560 --> 00:10:08.560]  討你自己的喜悅
[00:10:08.560 --> 00:10:10.560]  也都能夠走在你的心意裡面
[00:10:10.560 --> 00:10:12.560]  在靈性上面更加有力的去做你的見證
[00:10:12.560 --> 00:10:14.560]  親愛的主,我們這個心
[00:10:14.560 --> 00:10:16.560]  就是你自己的聖靈
[00:10:16.560 --> 00:10:18.560]  一直在我們生命裡面
[00:10:18.560 --> 00:10:20.560]  要鼓勵我們的
[00:10:20.560 --> 00:10:22.560]  今天也都感動我們
[00:10:22.560 --> 00:10:24.560]  追求的心
[00:10:24.560 --> 00:10:26.560]  我們今天就等候你
[00:10:26.560 --> 00:10:28.560]  我們求主,愛我們每一個個人
[00:10:28.560 --> 00:10:30.560]  都有不同的信主的年日
[00:10:30.560 --> 00:10:32.560]  過往人生的經歷
[00:10:32.560 --> 00:10:34.560]  有些正面,有些負面
[00:10:34.560 --> 00:10:36.560]  不同教會的背景
[00:10:36.560 --> 00:10:38.560]  我們有不同的情況
[00:10:38.560 --> 00:10:40.560]  但你都可以愛我們個別的情況
[00:10:40.560 --> 00:10:42.560]  牧養我們
[00:10:42.560 --> 00:10:44.560]  幫助我們今晚有聖經真理上的認識
[00:10:44.560 --> 00:10:46.560]  也都能夠在
[00:10:46.560 --> 00:10:48.560]  屬靈功課上很具體的學習
[00:10:48.560 --> 00:10:50.560]  我們等候你
[00:10:50.560 --> 00:10:52.560]  對我們說話
[00:10:52.560 --> 00:10:54.560]  我們多謝主,奉耶穌基督的名祈求
[00:10:54.560 --> 00:10:56.560]  阿們
[00:10:56.560 --> 00:10:58.560]  好,那就
[00:10:58.560 --> 00:11:00.560]  因為時間很有限
[00:11:00.560 --> 00:11:02.560]  我就只是講一些比較
[00:11:02.560 --> 00:11:04.560]  精簡的重點
[00:11:04.560 --> 00:11:06.560]  所以大家會講得很快
[00:11:06.560 --> 00:11:08.560]  如果你真的太快
[00:11:08.560 --> 00:11:10.560]  你就告訴我
[00:11:10.560 --> 00:11:12.560]  那就
[00:11:12.560 --> 00:11:14.560]  靈修其實很重要的一件事
[00:11:14.560 --> 00:11:16.560]  它
[00:11:16.560 --> 00:11:18.560]  不單只是一個責任
[00:11:18.560 --> 00:11:20.560]  當然我們作為基督徒
[00:11:20.560 --> 00:11:22.560]  應該去靈修
[00:11:22.560 --> 00:11:24.560]  但更加重要的是
[00:11:24.560 --> 00:11:26.560]  我們如果跟神之間有一個愛的關係
[00:11:26.560 --> 00:11:28.560]  這個責任就不是
[00:11:28.560 --> 00:11:30.560]  這麼重的東西
[00:11:30.560 --> 00:11:32.560]  簡單來說
[00:11:32.560 --> 00:11:34.560]  母親節是不是一個責任呢
[00:11:34.560 --> 00:11:36.560]  跟媽媽去吃飯
[00:11:36.560 --> 00:11:38.560]  是一個責任,當你關係不好的時候
[00:11:38.560 --> 00:11:40.560]  你就覺得又要抽時間出來
[00:11:40.560 --> 00:11:42.560]  不去又不行
[00:11:42.560 --> 00:11:44.560]  但是你愛她
[00:11:44.560 --> 00:11:46.560]  這個就不是一個很大的責任
[00:11:46.560 --> 00:11:48.560]  它是責任,但是很甘甜的責任
[00:11:48.560 --> 00:11:50.560]  很有動力的責任
[00:11:50.560 --> 00:11:52.560]  甚至不用你去做,你自己主動去做
[00:11:52.560 --> 00:11:54.560]  所以其實
[00:11:54.560 --> 00:11:56.560]  它是反映我們跟神的關係
[00:11:56.560 --> 00:11:58.560]  當然透過靈修
[00:11:58.560 --> 00:12:00.560]  也可以增進我們跟祂的關係
[00:12:00.560 --> 00:12:02.560]  靈修
[00:12:02.560 --> 00:12:04.560]  其實
[00:12:04.560 --> 00:12:06.560]  起點是什麼呢
[00:12:06.560 --> 00:12:08.560]  為什麼要靈修呢,就不是因為應該
[00:12:08.560 --> 00:12:10.560]  它不只是一個道德責任
[00:12:10.560 --> 00:12:12.560]  我們從
[00:12:12.560 --> 00:12:14.560]  很簡單來說
[00:12:14.560 --> 00:12:16.560]  神的創造
[00:12:16.560 --> 00:12:18.560]  2.1那裡
[00:12:18.560 --> 00:12:20.560]  神創造人做什麼呢
[00:12:20.560 --> 00:12:22.560]  人在萬物當中非常尊貴
[00:12:22.560 --> 00:12:26.560]  在
[00:12:26.560 --> 00:12:28.560]  聖經裡面,詩篇第八篇說
[00:12:28.560 --> 00:12:30.560]  人算什麼,你竟觀念他
[00:12:30.560 --> 00:12:34.560]  神是唯一給人類有神的形象
[00:12:34.560 --> 00:12:36.560]  此去
[00:12:36.560 --> 00:12:38.560]  此去我們今天都了解到
[00:12:38.560 --> 00:12:40.560]  就是有思想,有感情
[00:12:40.560 --> 00:12:42.560]  能夠知道對錯
[00:12:42.560 --> 00:12:44.560]  有道德感
[00:12:44.560 --> 00:12:46.560]  也有愛,懂得愛
[00:12:46.560 --> 00:12:50.560]  跟神對話回應
[00:12:50.560 --> 00:12:52.560]  神創造人就是希望人
[00:12:52.560 --> 00:12:54.560]  主動認識了神之後
[00:12:54.560 --> 00:12:56.560]  自願去愛他
[00:12:56.560 --> 00:12:58.560]  所以神給人有自由意志
[00:12:58.560 --> 00:13:00.560]  可以拒絕他,也可以愛他
[00:13:00.560 --> 00:13:02.560]  因為愛一定有自由意志
[00:13:02.560 --> 00:13:04.560]  大家知道阿當
[00:13:04.560 --> 00:13:06.560]  所以呢,神給人有自由意志
[00:13:06.560 --> 00:13:08.560]  不過可惜人
[00:13:08.560 --> 00:13:10.560]  敗壞墮落
[00:13:10.560 --> 00:13:12.560]  創造人是想跟人溝通
[00:13:12.560 --> 00:13:14.560]  想跟人建立關係,互動
[00:13:14.560 --> 00:13:16.560]  就好像我們一個朋友一樣
[00:13:16.560 --> 00:13:18.560]  當然我們這麼微小
[00:13:18.560 --> 00:13:20.560]  上帝創造宇宙萬物
[00:13:20.560 --> 00:13:22.560]  我們睜大眼睛,整個宇宙
[00:13:22.560 --> 00:13:24.560]  我們這麼微塵一樣
[00:13:24.560 --> 00:13:26.560]  但神竟然不嫌棄我們創造
[00:13:26.560 --> 00:13:28.560]  我們出來跟我們交往
[00:13:28.560 --> 00:13:30.560]  耶穌也說當我們朋友
[00:13:30.560 --> 00:13:32.560]  祂不是當我們僕人
[00:13:32.560 --> 00:13:34.560]  當然我們連僕人都不如
[00:13:34.560 --> 00:13:36.560]  但祂體重我們,愛我們成為朋友
[00:13:36.560 --> 00:13:38.560]  要跟我們溝通
[00:13:38.560 --> 00:13:40.560]  要讓我們自己明白祂的認識
[00:13:40.560 --> 00:13:42.560]  自願跟祂交往
[00:13:42.560 --> 00:13:44.560]  這是創造的目的
[00:13:44.560 --> 00:13:48.560]  墮落之後
[00:13:48.560 --> 00:13:50.560]  破裂了,但神再給我們機會
[00:13:50.560 --> 00:13:52.560]  而這個機會
[00:13:52.560 --> 00:13:54.560]  是很大的代價
[00:13:54.560 --> 00:13:56.560]  才能換回來
[00:13:56.560 --> 00:13:58.560]  就是耶穌親自登十字架
[00:13:58.560 --> 00:14:00.560]  我們都明白
[00:14:00.560 --> 00:14:02.560]  所以登十字架的目的
[00:14:02.560 --> 00:14:04.560]  就不只是赦免我們的罪
[00:14:04.560 --> 00:14:06.560]  赦免的罪
[00:14:06.560 --> 00:14:08.560]  赦免的罪是最基本的起點
[00:14:08.560 --> 00:14:12.560]  最重要是恢復關係
[00:14:12.560 --> 00:14:14.560]  不是我們沒有罪
[00:14:14.560 --> 00:14:16.560]  然後繼續自我中心
[00:14:16.560 --> 00:14:18.560]  因為自我中心
[00:14:18.560 --> 00:14:20.560]  是破壞所有關係的
[00:14:20.560 --> 00:14:22.560]  是不是?
[00:14:22.560 --> 00:14:24.560]  最熟的朋友
[00:14:24.560 --> 00:14:26.560]  自我中心
[00:14:26.560 --> 00:14:28.560]  見面都問你拿著數
[00:14:28.560 --> 00:14:30.560]  你都沒興趣跟他來往
[00:14:30.560 --> 00:14:32.560]  也沒辦法跟他來往
[00:14:32.560 --> 00:14:34.560]  越親的人,越自我中心
[00:14:34.560 --> 00:14:36.560]  越大傷害
[00:14:36.560 --> 00:14:38.560]  所以將來回到天家
[00:14:38.560 --> 00:14:40.560]  才是救恩的目的地
[00:14:40.560 --> 00:14:42.560]  十字架的目的地
[00:14:42.560 --> 00:14:44.560]  赦免的罪
[00:14:44.560 --> 00:14:46.560]  是因為神,如果不是這樣做
[00:14:46.560 --> 00:14:48.560]  祂要當我們沒有罪
[00:14:48.560 --> 00:14:50.560]  才可以跟我們恢復關係
[00:14:50.560 --> 00:14:52.560]  不然我們在祂面前
[00:14:52.560 --> 00:14:54.560]  在神的聖潔裡就像舊約一樣
[00:14:54.560 --> 00:14:56.560]  見到神就死
[00:14:56.560 --> 00:14:58.560]  即死
[00:14:58.560 --> 00:15:00.560]  你知道,西乃山
[00:15:00.560 --> 00:15:02.560]  不可以走棍,因為神是聖潔的
[00:15:02.560 --> 00:15:04.560]  就像我們
[00:15:04.560 --> 00:15:06.560]  作為一個喜歡乾淨的人
[00:15:06.560 --> 00:15:08.560]  你試試去餐廳吃完東西
[00:15:08.560 --> 00:15:10.560]  人家還沒收桌子,去酒樓
[00:15:10.560 --> 00:15:12.560]  一堆吃剩的東西在那裡
[00:15:12.560 --> 00:15:14.560]  你坐不坐得下?
[00:15:14.560 --> 00:15:16.560]  你自動想把它抹掉
[00:15:16.560 --> 00:15:18.560]  神的本性是對任何
[00:15:18.560 --> 00:15:20.560]  罪都會毀滅掉
[00:15:20.560 --> 00:15:24.560]  所以我們赦免了罪
[00:15:24.560 --> 00:15:26.560]  是一個起點,地位上
[00:15:26.560 --> 00:15:28.560]  當我沒有罪,聽我祈禱
[00:15:28.560 --> 00:15:30.560]  然後目的
[00:15:30.560 --> 00:15:32.560]  是一生改變我
[00:15:32.560 --> 00:15:34.560]  真的沒有罪
[00:15:34.560 --> 00:15:38.560]  重生和成性都是救恩
[00:15:38.560 --> 00:15:40.560]  必要的一部分
[00:15:40.560 --> 00:15:42.560]  十字架不只是稱我們為異
[00:15:42.560 --> 00:15:44.560]  就算數
[00:15:44.560 --> 00:15:46.560]  赦免了你繼續犯罪
[00:15:46.560 --> 00:15:48.560]  我們先明白目的
[00:15:48.560 --> 00:15:50.560]  為什麼要靈修
[00:15:50.560 --> 00:15:52.560]  因為救恩本身
[00:15:52.560 --> 00:15:54.560]  的延續就是靈修
[00:15:54.560 --> 00:15:56.560]  繼續保持這個關係
[00:15:58.560 --> 00:16:00.560]  現在復和了
[00:16:00.560 --> 00:16:02.560]  初初信主,只是開始
[00:16:02.560 --> 00:16:04.560]  這個關係是可以經驗的
[00:16:04.560 --> 00:16:06.560]  因為祂創造我們
[00:16:06.560 --> 00:16:08.560]  就是想和我們交往
[00:16:08.560 --> 00:16:10.560]  雖然我們今天在罪裡面
[00:16:10.560 --> 00:16:12.560]  雖然我們在墮落世界
[00:16:12.560 --> 00:16:14.560]  不是在天堂可以面對面見到神
[00:16:14.560 --> 00:16:16.560]  我們知道將來回到天家
[00:16:16.560 --> 00:16:18.560]  親眼見到神
[00:16:18.560 --> 00:16:20.560]  在神學上我們多數相信
[00:16:20.560 --> 00:16:22.560]  那就是耶穌基督
[00:16:22.560 --> 00:16:24.560]  三一上帝是耶穌基督才見到的
[00:16:24.560 --> 00:16:26.560]  親眼見到神
[00:16:26.560 --> 00:16:28.560]  可以擁抱的上帝
[00:16:28.560 --> 00:16:30.560]  但是
[00:16:30.560 --> 00:16:32.560]  我們今生
[00:16:32.560 --> 00:16:34.560]  開始了救恩之後
[00:16:34.560 --> 00:16:36.560]  目的是要我們繼續在救恩裡面
[00:16:36.560 --> 00:16:38.560]  經歷到真正和祂互動
[00:16:38.560 --> 00:16:40.560]  而這個互動
[00:16:40.560 --> 00:16:42.560]  就不是神秘主義
[00:16:42.560 --> 00:16:44.560]  或者靈魂運動
[00:16:44.560 --> 00:16:46.560]  只要你有信心,天天都有神蹟
[00:16:46.560 --> 00:16:48.560]  超自然的那些
[00:16:48.560 --> 00:16:50.560]  我不討論了
[00:16:50.560 --> 00:16:52.560]  我相信有很多場合
[00:16:52.560 --> 00:16:54.560]  為了大家有機會
[00:16:54.560 --> 00:16:56.560]  可以到網上打我的名字
[00:16:56.560 --> 00:16:58.560]  靈修神學那本書現在是免費下載的
[00:16:58.560 --> 00:17:00.560]  我最後寫在書目那裡
[00:17:00.560 --> 00:17:02.560]  我已經不出第三版了
[00:17:02.560 --> 00:17:04.560]  因為又賺不到錢
[00:17:04.560 --> 00:17:06.560]  不如送給朋友看
[00:17:06.560 --> 00:17:08.560]  多些人看比較好
[00:17:08.560 --> 00:17:10.560]  所以在健道的資源網就已經有了
[00:17:10.560 --> 00:17:12.560]  你打我的名字,打靈修神學
[00:17:12.560 --> 00:17:14.560]  理論與實踐就免費下載
[00:17:14.560 --> 00:17:16.560]  有一章已經說了,審神開放論
[00:17:16.560 --> 00:17:18.560]  是有神秘經歷的
[00:17:18.560 --> 00:17:20.560]  但是神的主權
[00:17:20.560 --> 00:17:22.560]  不一定和我們靈性好
[00:17:22.560 --> 00:17:24.560]  靈性多的經歷
[00:17:24.560 --> 00:17:26.560]  給誰就給誰,這些不要強求
[00:17:26.560 --> 00:17:28.560]  有你就知道,不用去
[00:17:28.560 --> 00:17:30.560]  我又不否定那些東西會出現
[00:17:30.560 --> 00:17:32.560]  但不是我們追求的東西
[00:17:32.560 --> 00:17:34.560]  但又不是只有一本聖經
[00:17:34.560 --> 00:17:36.560]  上帝啟示完聖經之後就走了
[00:17:36.560 --> 00:17:38.560]  你自己讀吧
[00:17:38.560 --> 00:17:40.560]  自己咬著牙筋實踐
[00:17:40.560 --> 00:17:42.560]  我們雖然教義上不會這樣說
[00:17:42.560 --> 00:17:46.560]  但很多頂尖的實際是在做這件事
[00:17:46.560 --> 00:17:48.560]  我自己也在做這件事
[00:17:48.560 --> 00:17:50.560]  很多年
[00:17:50.560 --> 00:17:52.560]  一路讀才慢慢發覺
[00:17:52.560 --> 00:17:54.560]  為什麼會這樣
[00:17:54.560 --> 00:17:56.560]  我相信教義真理
[00:17:56.560 --> 00:17:58.560]  不是在說這些東西
[00:17:58.560 --> 00:18:00.560]  耶穌基督知道我做不到
[00:18:00.560 --> 00:18:02.560]  律法的要求
[00:18:02.560 --> 00:18:04.560]  祂幫我的
[00:18:04.560 --> 00:18:06.560]  但問題是怎麼幫我呢
[00:18:06.560 --> 00:18:08.560]  靈修就研究過怎麼幫我
[00:18:08.560 --> 00:18:10.560]  今天跟大家分享這部分
[00:18:10.560 --> 00:18:12.560]  第一件事
[00:18:12.560 --> 00:18:14.560]  創造的目的就是關係
[00:18:14.560 --> 00:18:16.560]  神愛我們,想和我們
[00:18:16.560 --> 00:18:18.560]  這個關係當初是自願的
[00:18:18.560 --> 00:18:20.560]  救了我們,拯救了我們
[00:18:20.560 --> 00:18:22.560]  你開始明白上帝
[00:18:22.560 --> 00:18:24.560]  你開始越來越經歷到生活裡
[00:18:24.560 --> 00:18:26.560]  祂怎麼保守你,幫助你
[00:18:26.560 --> 00:18:28.560]  你越有動力去跟從祂
[00:18:28.560 --> 00:18:30.560]  祂想你繼續
[00:18:30.560 --> 00:18:32.560]  自願去快步跟從祂
[00:18:32.560 --> 00:18:36.560]  所以拯救的目的就是關係
[00:18:36.560 --> 00:18:38.560]  而且我們在世的日子
[00:18:38.560 --> 00:18:40.560]  不是已經得救就翹起手
[00:18:40.560 --> 00:18:42.560]  而是還有很豐盛的東西
[00:18:42.560 --> 00:18:44.560]  因為整個救恩都還沒完
[00:18:46.560 --> 00:18:48.560]  天上天下和祂的關係很親密
[00:18:48.560 --> 00:18:50.560]  永遠的團契才是釘十字架的目的
[00:18:50.560 --> 00:18:54.560]  今天我們就已經可以經驗到福氣
[00:18:54.560 --> 00:19:00.560]  靈修就是最基本的
[00:19:00.560 --> 00:19:02.560]  你自己和祂相交
[00:19:02.560 --> 00:19:04.560]  我們和神相交
[00:19:04.560 --> 00:19:06.560]  有三個聖經裡說的
[00:19:06.560 --> 00:19:10.560]  恩典的媒介
[00:19:10.560 --> 00:19:12.560]  一個是讀經,一個是祈禱
[00:19:12.560 --> 00:19:14.560]  一個是回教會
[00:19:14.560 --> 00:19:16.560]  回教會就是群體的
[00:19:16.560 --> 00:19:18.560]  包括崇拜,真理學習
[00:19:18.560 --> 00:19:20.560]  團契,傳福音,侍奉
[00:19:20.560 --> 00:19:22.560]  各樣東西
[00:19:22.560 --> 00:19:24.560]  整個教會生活如果健康
[00:19:24.560 --> 00:19:26.560]  這三樣東西是最基本的
[00:19:26.560 --> 00:19:30.560]  群體是一個方法
[00:19:30.560 --> 00:19:32.560]  但是個人也是一個方法
[00:19:32.560 --> 00:19:34.560]  除了在教會學習聖經之外
[00:19:34.560 --> 00:19:36.560]  每天,華人教會或者信仰教會
[00:19:36.560 --> 00:19:38.560]  很清楚,每個人都要自己來修
[00:19:38.560 --> 00:19:42.560]  我又簡單說說那個基礎
[00:19:44.560 --> 00:19:46.560]  我上半堂會說多一點信仰基礎
[00:19:46.560 --> 00:19:48.560]  下半堂就會說怎麼做
[00:19:48.560 --> 00:19:50.560]  直接一步一步告訴你
[00:19:50.560 --> 00:19:52.560]  靈修是做什麼
[00:19:52.560 --> 00:19:54.560]  你找自己的方式就可以了
[00:19:54.560 --> 00:19:56.560]  有些基本原則
[00:19:56.560 --> 00:19:58.560]  你找到合適自己的方式
[00:19:58.560 --> 00:20:00.560]  下半堂說些實踐多一點的東西
[00:20:00.560 --> 00:20:04.560]  個人性
[00:20:04.560 --> 00:20:06.560]  上帝希望我們整間教會都跟從祂
[00:20:06.560 --> 00:20:08.560]  是真的
[00:20:08.560 --> 00:20:10.560]  但是沒有個人就沒有教會
[00:20:12.560 --> 00:20:14.560]  因為一群人崇拜,氣氛很好
[00:20:14.560 --> 00:20:16.560]  你參與其中就自動會很敬虔
[00:20:16.560 --> 00:20:18.560]  是每一個弟兄姊妹都很敬虔
[00:20:18.560 --> 00:20:20.560]  那些氣氛才是真的
[00:20:20.560 --> 00:20:22.560]  你明白嗎
[00:20:22.560 --> 00:20:24.560]  中國改革就是說了這件事
[00:20:24.560 --> 00:20:26.560]  沒有個人就沒有群體
[00:20:26.560 --> 00:20:28.560]  不會因為天主教會
[00:20:28.560 --> 00:20:30.560]  因為我是天主教會
[00:20:30.560 --> 00:20:32.560]  所以你進天主教會就夠了
[00:20:32.560 --> 00:20:34.560]  因為先有群體再有個人
[00:20:34.560 --> 00:20:36.560]  不討論這些複雜的東西
[00:20:36.560 --> 00:20:38.560]  上帝的選擇是個人性
[00:20:40.560 --> 00:20:42.560]  上帝愛群體
[00:20:42.560 --> 00:20:44.560]  但也愛你個人
[00:20:44.560 --> 00:20:46.560]  他不僅愛你旁邊的弟兄姊妹
[00:20:46.560 --> 00:20:48.560]  他愛你
[00:20:48.560 --> 00:20:50.560]  而你是不可取代的
[00:20:50.560 --> 00:20:52.560]  這是整個聖經的基礎
[00:20:52.560 --> 00:20:54.560]  為什麼你要個人
[00:20:54.560 --> 00:20:56.560]  每天上帝想聽你的祈禱
[00:20:56.560 --> 00:20:58.560]  旁邊的怎麼祈禱
[00:20:58.560 --> 00:21:00.560]  怎麼敬虔他都開心
[00:21:00.560 --> 00:21:02.560]  但你不祈禱他也有些不開心
[00:21:02.560 --> 00:21:06.560]  聖經裡面說選擇是個人性
[00:21:08.560 --> 00:21:10.560]  他選擇
[00:21:10.560 --> 00:21:12.560]  亞國不選擇異數
[00:21:12.560 --> 00:21:16.560]  個人性
[00:21:16.560 --> 00:21:18.560]  我們知道
[00:21:18.560 --> 00:21:20.560]  拯救是個人性
[00:21:20.560 --> 00:21:22.560]  九十九隻羊
[00:21:22.560 --> 00:21:24.560]  有一隻不見了
[00:21:24.560 --> 00:21:26.560]  特意找牠回來
[00:21:26.560 --> 00:21:30.560]  但我們很少想我們
[00:21:30.560 --> 00:21:32.560]  每個人都是第一百隻
[00:21:32.560 --> 00:21:34.560]  上帝特意感動
[00:21:34.560 --> 00:21:36.560]  那個弟兄姊妹帶你回教會
[00:21:36.560 --> 00:21:38.560]  他感動你回來的時候
[00:21:38.560 --> 00:21:40.560]  開始將偏見放下
[00:21:40.560 --> 00:21:42.560]  你要有一個很有知識的人
[00:21:42.560 --> 00:21:46.560]  一路開啟你的思想
[00:21:46.560 --> 00:21:48.560]  你要見證很多見證
[00:21:48.560 --> 00:21:50.560]  人生有些經歷
[00:21:50.560 --> 00:21:52.560]  最後你聽報道的時候
[00:21:52.560 --> 00:21:54.560]  等我說完說得好
[00:21:54.560 --> 00:21:56.560]  你就相信了
[00:21:56.560 --> 00:21:58.560]  是不是
[00:21:58.560 --> 00:22:00.560]  全部上帝安排了一步一步
[00:22:00.560 --> 00:22:02.560]  是神找我們回來的
[00:22:02.560 --> 00:22:04.560]  每一個找我們回來
[00:22:04.560 --> 00:22:06.560]  我講的時候已經講了
[00:22:06.560 --> 00:22:08.560]  但你是不是真的相信
[00:22:08.560 --> 00:22:10.560]  這個很重要
[00:22:10.560 --> 00:22:12.560]  信了主之後
[00:22:12.560 --> 00:22:14.560]  神住在我們裡面
[00:22:14.560 --> 00:22:16.560]  其實三一上帝都住在我們裡面
[00:22:16.560 --> 00:22:18.560]  但新約聖經最主要講聖靈
[00:22:18.560 --> 00:22:20.560]  主耶穌基督
[00:22:20.560 --> 00:22:22.560]  主耶穌基督透過聖靈住在我們裡面
[00:22:22.560 --> 00:22:24.560]  是個人性
[00:22:24.560 --> 00:22:26.560]  沒有聖靈就不是基督徒
[00:22:26.560 --> 00:22:30.560]  我相信大家大部分都應該知道
[00:22:32.560 --> 00:22:34.560]  聖靈住在我們裡面做什麼
[00:22:34.560 --> 00:22:36.560]  有趣的就是
[00:22:36.560 --> 00:22:38.560]  我們基督徒竟然不問這些
[00:22:38.560 --> 00:22:40.560]  每個人都說知道
[00:22:40.560 --> 00:22:42.560]  但住在裡面做什麼
[00:22:42.560 --> 00:22:44.560]  我經常跟同學討論神學堂
[00:22:44.560 --> 00:22:46.560]  因為我教享受神學
[00:22:46.560 --> 00:22:48.560]  我又教靈修
[00:22:48.560 --> 00:22:50.560]  很有趣
[00:22:50.560 --> 00:22:52.560]  我回教會之後好像跌了鍋
[00:22:52.560 --> 00:22:54.560]  在外面很聰明
[00:22:54.560 --> 00:22:56.560]  我說聖靈沒有地方住嗎
[00:22:56.560 --> 00:22:58.560]  為什麼住在我裡面
[00:22:58.560 --> 00:23:00.560]  他住在我裡面做什麼
[00:23:00.560 --> 00:23:02.560]  住在我裡面
[00:23:02.560 --> 00:23:04.560]  是跟一個很親密的關係
[00:23:04.560 --> 00:23:06.560]  因為舊約
[00:23:06.560 --> 00:23:08.560]  神只住在聖殿
[00:23:08.560 --> 00:23:10.560]  主要住在聖殿
[00:23:10.560 --> 00:23:12.560]  讓人知道那是一個神聖的地方
[00:23:12.560 --> 00:23:14.560]  什麼叫分別為聖
[00:23:14.560 --> 00:23:16.560]  但到新約告訴你其實不是
[00:23:16.560 --> 00:23:18.560]  上帝無所不在
[00:23:18.560 --> 00:23:20.560]  舊約是一個教育性意義
[00:23:20.560 --> 00:23:22.560]  但新約就說我們
[00:23:22.560 --> 00:23:24.560]  神當我們是聖殿住在我們裡面
[00:23:24.560 --> 00:23:26.560]  多寶貴
[00:23:28.560 --> 00:23:30.560]  神住在裡面就要每天引導我們
[00:23:30.560 --> 00:23:32.560]  幫助我們成聖
[00:23:32.560 --> 00:23:34.560]  救恩還沒完
[00:23:34.560 --> 00:23:36.560]  他感動了我信主
[00:23:36.560 --> 00:23:38.560]  他感動我繼續要對付罪
[00:23:38.560 --> 00:23:40.560]  至愛中心
[00:23:40.560 --> 00:23:42.560]  繼續愛耶穌更多
[00:23:42.560 --> 00:23:44.560]  愛三一上帝更多
[00:23:44.560 --> 00:23:46.560]  愛人更多
[00:23:46.560 --> 00:23:48.560]  這是一生要走的路
[00:23:48.560 --> 00:23:50.560]  他重生了我們
[00:23:50.560 --> 00:23:52.560]  除了赦免我們的罪
[00:23:52.560 --> 00:23:54.560]  重生就是令我們在屬靈上醒覺
[00:23:54.560 --> 00:23:56.560]  原來神是真的
[00:23:56.560 --> 00:23:58.560]  耶穌也很偉大
[00:23:58.560 --> 00:24:00.560]  他登十字架
[00:24:00.560 --> 00:24:02.560]  他的愛是真實的
[00:24:02.560 --> 00:24:04.560]  我有永生的盼望
[00:24:04.560 --> 00:24:06.560]  我們也知道洗禮的時候
[00:24:06.560 --> 00:24:08.560]  他讓我們每個人都有引導
[00:24:08.560 --> 00:24:10.560]  這個就是
[00:24:10.560 --> 00:24:12.560]  我們靈修
[00:24:12.560 --> 00:24:14.560]  很重要的基礎
[00:24:14.560 --> 00:24:16.560]  很重要的領導是什麼意思呢
[00:24:16.560 --> 00:24:18.560]  就是你現在聽同一個講座
[00:24:18.560 --> 00:24:20.560]  那些真理
[00:24:20.560 --> 00:24:22.560]  如果講聖經
[00:24:22.560 --> 00:24:24.560]  那些聖經原則全部一樣
[00:24:24.560 --> 00:24:26.560]  解釋是一個
[00:24:26.560 --> 00:24:28.560]  但是今晚聽了之後
[00:24:28.560 --> 00:24:30.560]  對你下一步
[00:24:30.560 --> 00:24:32.560]  靈修上你要做什麼可以有進步呢
[00:24:32.560 --> 00:24:34.560]  每一個都不同
[00:24:34.560 --> 00:24:36.560]  因為每一個背景現在都不同
[00:24:36.560 --> 00:24:38.560]  你的困難
[00:24:38.560 --> 00:24:40.560]  靈修的困難和旁邊的又不同
[00:24:40.560 --> 00:24:42.560]  你信主的年日又不同
[00:24:42.560 --> 00:24:44.560]  可以走的那一步有多大又不同
[00:24:44.560 --> 00:24:46.560]  我希望你起碼走到一步
[00:24:46.560 --> 00:24:48.560]  向前走到
[00:24:48.560 --> 00:24:50.560]  很具體今晚希望
[00:24:50.560 --> 00:24:52.560]  因為神對每個人的帶領不同
[00:24:52.560 --> 00:24:54.560]  簡單來說就是
[00:24:54.560 --> 00:24:56.560]  約翰福音十六章十二至十五節
[00:24:56.560 --> 00:24:58.560]  我沒有打經文出來
[00:24:58.560 --> 00:25:00.560]  很基本就是
[00:25:00.560 --> 00:25:02.560]  聖靈
[00:25:02.560 --> 00:25:04.560]  帶領我們進入一切真理
[00:25:04.560 --> 00:25:06.560]  第一他幫助我們明白聖經
[00:25:06.560 --> 00:25:08.560]  解釋聖經
[00:25:08.560 --> 00:25:10.560]  第二
[00:25:10.560 --> 00:25:12.560]  他要應用聖經
[00:25:12.560 --> 00:25:14.560]  而應用是個人性的
[00:25:14.560 --> 00:25:16.560]  正如參加這個講座
[00:25:16.560 --> 00:25:18.560]  聖靈是有事預備要跟你說的
[00:25:18.560 --> 00:25:20.560]  這個是
[00:25:20.560 --> 00:25:22.560]  我們每天靈修要有基本的信心
[00:25:22.560 --> 00:25:24.560]  神有事今早要跟我說
[00:25:24.560 --> 00:25:30.560]  因為連這個信心都沒有的時候
[00:25:30.560 --> 00:25:32.560]  所以我們不知道在做什麼
[00:25:32.560 --> 00:25:34.560]  靈修
[00:25:34.560 --> 00:25:36.560]  他不純粹是責任
[00:25:36.560 --> 00:25:38.560]  做完那幾個動作
[00:25:38.560 --> 00:25:40.560]  唱詩、祈禱、代禱
[00:25:40.560 --> 00:25:42.560]  做完
[00:25:42.560 --> 00:25:44.560]  但是你根本不知道
[00:25:44.560 --> 00:25:46.560]  原來上帝是有事想跟你說
[00:25:46.560 --> 00:25:48.560]  我一會兒會說實情
[00:25:48.560 --> 00:25:50.560]  你再說一些經驗性的東西
[00:25:50.560 --> 00:25:52.560]  所以
[00:25:52.560 --> 00:25:54.560]  每天
[00:25:54.560 --> 00:25:56.560]  聖靈都有些事要提醒你
[00:25:56.560 --> 00:26:00.560]  所以你用你自己已經認識的聖經
[00:26:00.560 --> 00:26:02.560]  解釋上
[00:26:02.560 --> 00:26:04.560]  已經大概明白的聖經
[00:26:04.560 --> 00:26:06.560]  用熟悉的聖經來靈修
[00:26:06.560 --> 00:26:08.560]  我一會兒下半堂會說
[00:26:08.560 --> 00:26:10.560]  星期六星期日可能就
[00:26:10.560 --> 00:26:12.560]  一卷一卷地讀聖經
[00:26:12.560 --> 00:26:14.560]  賢經
[00:26:14.560 --> 00:26:16.560]  但是一至五就去靈修
[00:26:16.560 --> 00:26:18.560]  靈修就用你熟悉的聖經
[00:26:18.560 --> 00:26:20.560]  但要默想和你自己的關係
[00:26:20.560 --> 00:26:22.560]  有什麼應用
[00:26:22.560 --> 00:26:24.560]  未解釋清楚的聖經就不要理他
[00:26:24.560 --> 00:26:26.560]  在靈修的時候不要理他
[00:26:26.560 --> 00:26:28.560]  賢經的時候再研究
[00:26:28.560 --> 00:26:32.560]  可能你將一些熟悉的聖經
[00:26:32.560 --> 00:26:34.560]  怎樣去默想,然後求神
[00:26:34.560 --> 00:26:36.560]  你就透過那些聖經和我說話
[00:26:36.560 --> 00:26:38.560]  我要學什麼功課
[00:26:38.560 --> 00:26:40.560]  我一會兒再說那個實踐
[00:26:40.560 --> 00:26:42.560]  這個是我們怎樣靈修的起點
[00:26:42.560 --> 00:26:44.560]  就是神和我們有個人性的關係
[00:26:44.560 --> 00:26:46.560]  神每天
[00:26:46.560 --> 00:26:48.560]  只要我們有這個信心
[00:26:48.560 --> 00:26:50.560]  所以很簡單
[00:26:50.560 --> 00:26:52.560]  你知道第一個操作就是
[00:26:52.560 --> 00:26:54.560]  你每天早上和耶穌說早晨
[00:26:54.560 --> 00:26:56.560]  這個就是我教弟兄姊妹
[00:26:56.560 --> 00:26:58.560]  你見人會叫早晨
[00:26:58.560 --> 00:27:00.560]  心裏面和耶穌說早晨
[00:27:00.560 --> 00:27:04.560]  你今天仍然繼續願意做我的神
[00:27:04.560 --> 00:27:06.560]  我今天繼續願意你做我的神
[00:27:06.560 --> 00:27:08.560]  我是靈修
[00:27:08.560 --> 00:27:10.560]  我聽你,你和我說
[00:27:12.560 --> 00:27:14.560]  所以
[00:27:14.560 --> 00:27:16.560]  靈修最後的目的就是
[00:27:16.560 --> 00:27:18.560]  我們一路被神改變
[00:27:18.560 --> 00:27:20.560]  然後最後我們越來越長成
[00:27:20.560 --> 00:27:22.560]  基督的新娘
[00:27:22.560 --> 00:27:24.560]  那些大家都知道,我們不用詳細說
[00:27:24.560 --> 00:27:26.560]  所以
[00:27:26.560 --> 00:27:28.560]  下一章
[00:27:28.560 --> 00:27:32.560]  靈修另一個概念想說的就是
[00:27:32.560 --> 00:27:34.560]  靈修有主動和被動
[00:27:34.560 --> 00:27:36.560]  兩個層面
[00:27:36.560 --> 00:27:40.560]  主動就是我們信了主
[00:27:40.560 --> 00:27:42.560]  然後神已經叫我們
[00:27:42.560 --> 00:27:44.560]  可以努力了
[00:27:44.560 --> 00:27:46.560]  善用那三個媒介
[00:27:46.560 --> 00:27:48.560]  讀經、祈禱,讀經包括
[00:27:48.560 --> 00:27:50.560]  言經或者默想,總之和聖經有關
[00:27:50.560 --> 00:27:52.560]  學習聖經,實踐聖經
[00:27:52.560 --> 00:27:54.560]  應用聖經的東西
[00:27:54.560 --> 00:27:56.560]  祈禱就是真的放了心去祈禱
[00:27:56.560 --> 00:27:58.560]  我一會有機會說到
[00:27:58.560 --> 00:28:04.560]  然後教會生活,三個
[00:28:04.560 --> 00:28:06.560]  神就答應了這三個
[00:28:06.560 --> 00:28:08.560]  是祂最主要用的媒介
[00:28:08.560 --> 00:28:10.560]  幫助我們成長
[00:28:10.560 --> 00:28:12.560]  一會說怎麼操作
[00:28:12.560 --> 00:28:14.560]  但是有個觀念就是被動的操練
[00:28:14.560 --> 00:28:18.560]  主動的靈修操練
[00:28:18.560 --> 00:28:20.560]  其實
[00:28:20.560 --> 00:28:22.560]  是一個基礎
[00:28:22.560 --> 00:28:26.560]  它能夠幫助你有若干的成長
[00:28:26.560 --> 00:28:28.560]  但目的是令到你
[00:28:28.560 --> 00:28:30.560]  靈修完之後那23個半小時
[00:28:30.560 --> 00:28:34.560]  都記得神的同在
[00:28:36.560 --> 00:28:38.560]  用靈修的心態去依靠
[00:28:38.560 --> 00:28:42.560]  祂可以透過生活的事件
[00:28:42.560 --> 00:28:44.560]  繼續對你說話
[00:28:44.560 --> 00:28:46.560]  神學的說就是
[00:28:46.560 --> 00:28:48.560]  早上靈修了
[00:28:48.560 --> 00:28:50.560]  真的靈修了
[00:28:50.560 --> 00:28:52.560]  其他時間
[00:28:52.560 --> 00:28:54.560]  就用生活事件去靈修
[00:28:54.560 --> 00:28:58.560]  我一會告訴你怎麼可以聽到神的聲音
[00:28:58.560 --> 00:29:00.560]  在生活事件上
[00:29:00.560 --> 00:29:02.560]  因為
[00:29:02.560 --> 00:29:04.560]  你想想你學愛心是怎麼學的
[00:29:04.560 --> 00:29:06.560]  你是不是祈禱
[00:29:06.560 --> 00:29:08.560]  退休
[00:29:08.560 --> 00:29:10.560]  要彼此相愛
[00:29:10.560 --> 00:29:12.560]  眾人就認出我是基督徒
[00:29:12.560 --> 00:29:14.560]  你背一萬次
[00:29:14.560 --> 00:29:16.560]  你的愛心都有些基礎
[00:29:16.560 --> 00:29:18.560]  實際學愛心是怎麼樣
[00:29:18.560 --> 00:29:20.560]  走回團契
[00:29:20.560 --> 00:29:22.560]  然後對著很難頂的弟兄姊妹
[00:29:22.560 --> 00:29:24.560]  學習包容她
[00:29:24.560 --> 00:29:26.560]  學習不離開這個團契
[00:29:26.560 --> 00:29:28.560]  雖然有她存在
[00:29:28.560 --> 00:29:30.560]  曾經說過有你沒我
[00:29:30.560 --> 00:29:32.560]  但結果都是有你又有我
[00:29:32.560 --> 00:29:34.560]  你是有血有肉
[00:29:34.560 --> 00:29:36.560]  對著一些弟兄姊妹
[00:29:36.560 --> 00:29:38.560]  跟她相處
[00:29:38.560 --> 00:29:40.560]  但你帶著靈修的心
[00:29:40.560 --> 00:29:42.560]  神啊你幫我
[00:29:42.560 --> 00:29:44.560]  我靠自己是不行的
[00:29:44.560 --> 00:29:46.560]  我見到她已經眼火爆
[00:29:46.560 --> 00:29:48.560]  神啊讓我減少
[00:29:48.560 --> 00:29:50.560]  火爆
[00:29:50.560 --> 00:29:52.560]  減少一半
[00:29:52.560 --> 00:29:54.560]  在心裏一直求
[00:29:54.560 --> 00:29:58.560]  其實我們的靈修是幫我們
[00:29:58.560 --> 00:30:00.560]  在生活裏靈修
[00:30:00.560 --> 00:30:02.560]  不是靈修完
[00:30:02.560 --> 00:30:04.560]  好緊張
[00:30:04.560 --> 00:30:06.560]  靈修了十五分鐘二十分鐘三十分鐘
[00:30:06.560 --> 00:30:08.560]  然後靈修完之後忘記上帝經常讀
[00:30:08.560 --> 00:30:10.560]  我會在下面說
[00:30:10.560 --> 00:30:12.560]  嚴格來說
[00:30:12.560 --> 00:30:16.560]  聖經是叫我們
[00:30:16.560 --> 00:30:18.560]  晝夜思想性的話語
[00:30:18.560 --> 00:30:20.560]  他沒有說過早上特別
[00:30:20.560 --> 00:30:22.560]  拿一段時間出去祈禱
[00:30:22.560 --> 00:30:24.560]  用來讀聖經
[00:30:24.560 --> 00:30:26.560]  但這是很有智慧的傳統
[00:30:26.560 --> 00:30:28.560]  傳統不是聖經教導
[00:30:30.560 --> 00:30:32.560]  晝夜思想性的話
[00:30:32.560 --> 00:30:33.560]  才是真
[00:30:33.560 --> 00:30:35.560]  但你早上都不看神的話
[00:30:35.560 --> 00:30:36.560]  你怎樣晝夜思想性的話呢
[00:30:36.560 --> 00:30:38.560]  起碼背一句金句
[00:30:38.560 --> 00:30:40.560]  你明白我的意思嗎
[00:30:40.560 --> 00:30:42.560]  你早上都不開始祈禱
[00:30:42.560 --> 00:30:44.560]  認真祈禱
[00:30:44.560 --> 00:30:46.560]  你接著上班怎麼祈禱
[00:30:46.560 --> 00:30:48.560]  不住祈禱
[00:30:48.560 --> 00:30:50.560]  很有智慧這個傳統
[00:30:50.560 --> 00:30:52.560]  但仍然我要說
[00:30:52.560 --> 00:30:54.560]  聖經教導是晝夜思想性的話語和不住祈禱
[00:30:54.560 --> 00:30:56.560]  接受大家的傳說
[00:30:56.560 --> 00:30:58.560]  但我為什麼這麼強調一件事
[00:30:58.560 --> 00:31:00.560]  對於每天沒有15分鐘
[00:31:00.560 --> 00:31:02.560]  20分鐘的靈修
[00:31:02.560 --> 00:31:04.560]  極其內疚
[00:31:04.560 --> 00:31:06.560]  我相信你們是其中一班
[00:31:06.560 --> 00:31:08.560]  因為你們是認真的人
[00:31:08.560 --> 00:31:10.560]  太沒有內疚
[00:31:10.560 --> 00:31:12.560]  我又很害怕
[00:31:12.560 --> 00:31:14.560]  但太內疚我又很害怕
[00:31:14.560 --> 00:31:16.560]  內疚到癱瘓了
[00:31:16.560 --> 00:31:18.560]  因為你死做
[00:31:18.560 --> 00:31:20.560]  但結果都沒有什麼大幫助
[00:31:20.560 --> 00:31:22.560]  因為我很多年都是這樣
[00:31:22.560 --> 00:31:24.560]  做神學生都不靈修
[00:31:24.560 --> 00:31:26.560]  但又不做更壞
[00:31:26.560 --> 00:31:28.560]  結果就是
[00:31:28.560 --> 00:31:30.560]  不做靈性更壞
[00:31:30.560 --> 00:31:32.560]  但做了不記得有多好
[00:31:32.560 --> 00:31:34.560]  稍微好一點
[00:31:34.560 --> 00:31:36.560]  不覺得自己靈性有進步
[00:31:36.560 --> 00:31:38.560]  跟每天用20分鐘
[00:31:38.560 --> 00:31:40.560]  不成比例
[00:31:40.560 --> 00:31:42.560]  用來跑步
[00:31:42.560 --> 00:31:44.560]  多了幾多肌肉
[00:31:44.560 --> 00:31:46.560]  你明白我的意思嗎
[00:31:46.560 --> 00:31:48.560]  但15分鐘後
[00:31:48.560 --> 00:31:50.560]  不記得神沒有什麼內疚
[00:31:50.560 --> 00:31:54.560]  我真的傻了
[00:31:54.560 --> 00:31:56.560]  我對自己都傻了
[00:31:56.560 --> 00:31:58.560]  為什麼我讀了這麼久聖經
[00:31:58.560 --> 00:32:00.560]  讀了這麼久
[00:32:00.560 --> 00:32:02.560]  所以留下一點點內疚
[00:32:02.560 --> 00:32:04.560]  但內疚要很建設性的內疚
[00:32:04.560 --> 00:32:06.560]  這是一個
[00:32:06.560 --> 00:32:08.560]  屬靈經驗分辨
[00:32:08.560 --> 00:32:10.560]  的課題
[00:32:10.560 --> 00:32:12.560]  就是聖靈的提醒
[00:32:12.560 --> 00:32:14.560]  會令人積極向神
[00:32:14.560 --> 00:32:16.560]  那些令你癱瘓的
[00:32:16.560 --> 00:32:18.560]  其實不是聖靈的提醒
[00:32:18.560 --> 00:32:20.560]  那些是什麼
[00:32:20.560 --> 00:32:22.560]  是魔鬼的控訴
[00:32:22.560 --> 00:32:24.560]  兩種東西
[00:32:24.560 --> 00:32:26.560]  在經驗世界
[00:32:26.560 --> 00:32:28.560]  是同一個方向的東西
[00:32:28.560 --> 00:32:30.560]  都是令你內疚
[00:32:30.560 --> 00:32:32.560]  有種內疚是令你很積極
[00:32:32.560 --> 00:32:34.560]  就會祈禱
[00:32:34.560 --> 00:32:36.560]  神啊我真的不行了
[00:32:36.560 --> 00:32:38.560]  但你這樣都接納我
[00:32:38.560 --> 00:32:40.560]  你都赦免我感謝你
[00:32:40.560 --> 00:32:42.560]  你讓我積極去跟從你
[00:32:42.560 --> 00:32:44.560]  這種內疚令你很積極
[00:32:44.560 --> 00:32:46.560]  這是聖靈在幫你
[00:32:46.560 --> 00:32:48.560]  但如果開始令你癱瘓
[00:32:48.560 --> 00:32:50.560]  不要聽它說
[00:32:50.560 --> 00:32:52.560]  希望今晚
[00:32:52.560 --> 00:32:54.560]  以下說的話幫到你
[00:32:54.560 --> 00:32:56.560]  一會兒下面會說
[00:32:56.560 --> 00:32:58.560]  實用一點的東西
[00:32:58.560 --> 00:33:00.560]  怎麼做
[00:33:00.560 --> 00:33:02.560]  但我要說的是
[00:33:02.560 --> 00:33:04.560]  原來生活上
[00:33:04.560 --> 00:33:06.560]  其中一個目的就是
[00:33:06.560 --> 00:33:08.560]  靈修完之後繼續靈修
[00:33:08.560 --> 00:33:10.560]  那些就是好的靈修
[00:33:10.560 --> 00:33:12.560]  你要找你自己的方法
[00:33:12.560 --> 00:33:14.560]  我一會兒會說
[00:33:14.560 --> 00:33:16.560]  一些基本的要素
[00:33:16.560 --> 00:33:18.560]  但是方法很多種
[00:33:18.560 --> 00:33:20.560]  每一句金句都可以做一個開始
[00:33:20.560 --> 00:33:22.560]  每個人走哪一步
[00:33:22.560 --> 00:33:24.560]  是不同的
[00:33:24.560 --> 00:33:26.560]  總之比現在好就可以了
[00:33:26.560 --> 00:33:28.560]  因為你繼續向前
[00:33:28.560 --> 00:33:30.560]  一直好就想想可以做得再好一點
[00:33:30.560 --> 00:33:32.560]  更多聖經元素
[00:33:32.560 --> 00:33:34.560]  更加認真的祈禱
[00:33:34.560 --> 00:33:36.560]  這樣就可以了
[00:33:36.560 --> 00:33:38.560]  其他時間都重用上帝
[00:33:38.560 --> 00:33:40.560]  那個就是最好的靈修
[00:33:40.560 --> 00:33:42.560]  甚至我告訴你
[00:33:42.560 --> 00:33:44.560]  拿一個好的詩歌聽完
[00:33:44.560 --> 00:33:46.560]  你覺得我這樣更容易
[00:33:46.560 --> 00:33:48.560]  不過最好將來多一點
[00:33:48.560 --> 00:33:50.560]  聖經內容的詩歌
[00:33:50.560 --> 00:33:52.560]  不要那些讚美你、愛你
[00:33:52.560 --> 00:33:54.560]  那些全部沒有內容的詩歌
[00:33:54.560 --> 00:33:56.560]  那些是長期會收的
[00:33:56.560 --> 00:33:58.560]  沒有內容的靈修
[00:33:58.560 --> 00:34:00.560]  一定要有聖經內容
[00:34:00.560 --> 00:34:02.560]  因為聖經才有內容
[00:34:02.560 --> 00:34:04.560]  但找一些方法是有效
[00:34:04.560 --> 00:34:06.560]  你說背金句令我
[00:34:06.560 --> 00:34:08.560]  接著會經常記得耶穌基督
[00:34:08.560 --> 00:34:10.560]  你由背金句開始
[00:34:10.560 --> 00:34:12.560]  你找一些有效的
[00:34:12.560 --> 00:34:14.560]  你不要跟我說一些理想
[00:34:14.560 --> 00:34:16.560]  我們一定是向著那個方向
[00:34:16.560 --> 00:34:18.560]  但走路一定要很實際
[00:34:18.560 --> 00:34:20.560]  先做到那件事
[00:34:20.560 --> 00:34:22.560]  總之我告訴你
[00:34:22.560 --> 00:34:24.560]  如果那十五分鐘後
[00:34:24.560 --> 00:34:26.560]  你忘記了神的靈修方法
[00:34:26.560 --> 00:34:28.560]  不是一個好的方法
[00:34:28.560 --> 00:34:30.560]  不能夠每天都做那些
[00:34:30.560 --> 00:34:32.560]  不是一個好的方法
[00:34:32.560 --> 00:34:34.560]  你先找到自己有效的方法
[00:34:34.560 --> 00:34:36.560]  因為我們每天都需要
[00:34:36.560 --> 00:34:38.560]  告訴神我愛祂
[00:34:38.560 --> 00:34:40.560]  祂每天都想問我們
[00:34:40.560 --> 00:34:42.560]  我今天繼續做你的神
[00:34:42.560 --> 00:34:44.560]  靈修就是做這件事
[00:34:44.560 --> 00:34:48.560]  然後帶著耶穌基督
[00:34:48.560 --> 00:34:50.560]  出門上班去生活
[00:34:50.560 --> 00:34:52.560]  告訴自己
[00:34:52.560 --> 00:34:54.560]  告訴神
[00:34:54.560 --> 00:34:56.560]  這是有上帝的世界
[00:34:56.560 --> 00:34:58.560]  我在有上帝掌管的世界上上班
[00:34:58.560 --> 00:35:02.560]  我的命是上帝創造和拯救的
[00:35:02.560 --> 00:35:04.560]  我很軟弱
[00:35:04.560 --> 00:35:06.560]  但上帝和我同在
[00:35:06.560 --> 00:35:08.560]  我帶他回辦公室
[00:35:08.560 --> 00:35:10.560]  這就是一個好的靈修
[00:35:10.560 --> 00:35:12.560]  你用任何方法做到這件事
[00:35:12.560 --> 00:35:14.560]  稍後下面還會講一些具體方法
[00:35:14.560 --> 00:35:16.560]  但你先明白你做什麼
[00:35:16.560 --> 00:35:18.560]  靈修做什麼
[00:35:18.560 --> 00:35:20.560]  不一定要做所有程序
[00:35:20.560 --> 00:35:22.560]  甚至一定要代禱
[00:35:22.560 --> 00:35:24.560]  這些都不是一個
[00:35:24.560 --> 00:35:26.560]  不是要做完那件事
[00:35:26.560 --> 00:35:28.560]  你和媽媽出去母親節慶祝
[00:35:28.560 --> 00:35:30.560]  你做什麼
[00:35:30.560 --> 00:35:32.560]  你用這樣想
[00:35:32.560 --> 00:35:34.560]  那是關係
[00:35:34.560 --> 00:35:36.560]  你不是要讚他煮菜好吃
[00:35:36.560 --> 00:35:38.560]  我又要做這樣做那樣
[00:35:38.560 --> 00:35:40.560]  做這樣做那樣
[00:35:40.560 --> 00:35:42.560]  那些不是一些功課
[00:35:42.560 --> 00:35:44.560]  要你做作業
[00:35:44.560 --> 00:35:46.560]  你愛他就行了
[00:35:46.560 --> 00:35:48.560]  你自己想你想和他做什麼
[00:35:48.560 --> 00:35:50.560]  真心的
[00:35:50.560 --> 00:35:52.560]  祈禱不是應該祈禱
[00:35:52.560 --> 00:35:54.560]  不是應該祈禱
[00:35:54.560 --> 00:35:56.560]  是你想祈禱
[00:35:56.560 --> 00:35:58.560]  你那天心情很悶
[00:35:58.560 --> 00:36:00.560]  你那天很不想祈禱
[00:36:00.560 --> 00:36:02.560]  你告訴神
[00:36:02.560 --> 00:36:04.560]  我今天很不想祈禱
[00:36:04.560 --> 00:36:06.560]  但我又不想自己很不想祈禱
[00:36:06.560 --> 00:36:10.560]  你是將自己最真正的自己
[00:36:10.560 --> 00:36:12.560]  但任何重新得救的人
[00:36:12.560 --> 00:36:14.560]  你會對自己那種靈性
[00:36:14.560 --> 00:36:16.560]  不是那麼理想
[00:36:16.560 --> 00:36:18.560]  我可以不選擇這條路
[00:36:18.560 --> 00:36:20.560]  雖然我現在控制不了那種感覺
[00:36:20.560 --> 00:36:22.560]  我仍然是不想祈禱
[00:36:22.560 --> 00:36:24.560]  但神啊救命救我
[00:36:24.560 --> 00:36:26.560]  那你的祈禱還真誠過
[00:36:26.560 --> 00:36:28.560]  你那些不想祈禱亂說一堆
[00:36:28.560 --> 00:36:30.560]  說完其實你不知道
[00:36:30.560 --> 00:36:32.560]  記起你說過什麼
[00:36:32.560 --> 00:36:34.560]  但上帝又要幫你記住你和他說過什麼
[00:36:34.560 --> 00:36:36.560]  上帝真的很生氣
[00:36:36.560 --> 00:36:38.560]  你和我說完
[00:36:38.560 --> 00:36:40.560]  你根本不當那些是話
[00:36:40.560 --> 00:36:42.560]  你自己都忘記了
[00:36:42.560 --> 00:36:44.560]  你和我說了什麼
[00:36:44.560 --> 00:36:46.560]  我當你說了什麼
[00:36:46.560 --> 00:36:48.560]  但你安心因為你祈禱
[00:36:48.560 --> 00:36:50.560]  你交代了對自己
[00:36:50.560 --> 00:36:52.560]  所以其實你騙了自己
[00:36:52.560 --> 00:36:54.560]  又騙不了上帝
[00:36:54.560 --> 00:36:56.560]  你不騙自己
[00:36:56.560 --> 00:36:58.560]  你明天還會用心去祈禱
[00:36:58.560 --> 00:37:00.560]  祈禱是要真心
[00:37:00.560 --> 00:37:02.560]  你和我說什麼應然的東西都是假的
[00:37:02.560 --> 00:37:04.560]  你媽媽聽到母親節
[00:37:04.560 --> 00:37:06.560]  冠冕堂皇
[00:37:06.560 --> 00:37:08.560]  都是假的
[00:37:08.560 --> 00:37:10.560]  你不會喜歡祈禱
[00:37:10.560 --> 00:37:12.560]  事實上最麻煩就是上帝都不想聽你的祈禱
[00:37:12.560 --> 00:37:14.560]  你又不喜歡說他又不喜歡聽
[00:37:14.560 --> 00:37:16.560]  做了什麼
[00:37:16.560 --> 00:37:18.560]  那些根本就不是祈禱
[00:37:18.560 --> 00:37:20.560]  一會兒再說
[00:37:20.560 --> 00:37:22.560]  主動的操練
[00:37:22.560 --> 00:37:24.560]  原則就是
[00:37:24.560 --> 00:37:28.560]  能夠在生活裡面
[00:37:28.560 --> 00:37:30.560]  你會留意到
[00:37:30.560 --> 00:37:32.560]  上帝會做事
[00:37:32.560 --> 00:37:34.560]  當你記住祂的時候
[00:37:34.560 --> 00:37:36.560]  當有同事
[00:37:36.560 --> 00:37:38.560]  今天又
[00:37:38.560 --> 00:37:40.560]  給你面色看
[00:37:40.560 --> 00:37:42.560]  你心裡面一向回去
[00:37:42.560 --> 00:37:44.560]  這個人真的很難相處
[00:37:44.560 --> 00:37:46.560]  或者真的很不喜歡他
[00:37:46.560 --> 00:37:48.560]  但又要和他合作
[00:37:48.560 --> 00:37:50.560]  你可能想著給他面色看
[00:37:50.560 --> 00:37:52.560]  或者和他說
[00:37:52.560 --> 00:37:54.560]  免得和他打招呼
[00:37:54.560 --> 00:37:56.560]  但可能耶穌基督馬上在你心裡面跟你說
[00:37:56.560 --> 00:37:58.560]  不用這樣吧
[00:37:58.560 --> 00:38:00.560]  按你自己的血氣
[00:38:00.560 --> 00:38:02.560]  或者你自己的舊有性格
[00:38:02.560 --> 00:38:04.560]  不想和他打招呼
[00:38:04.560 --> 00:38:06.560]  或者也有理由
[00:38:06.560 --> 00:38:08.560]  但會不會因為耶穌基督的緣故
[00:38:08.560 --> 00:38:10.560]  你為他代禱呢
[00:38:10.560 --> 00:38:12.560]  這個人我受不了
[00:38:12.560 --> 00:38:14.560]  但也是你創造的
[00:38:14.560 --> 00:38:16.560]  也有你的形象
[00:38:16.560 --> 00:38:18.560]  上帝給你一個基督徒
[00:38:18.560 --> 00:38:20.560]  我沒心機和你傳福音
[00:38:20.560 --> 00:38:22.560]  你找一個基督徒
[00:38:22.560 --> 00:38:24.560]  大了他信主
[00:38:24.560 --> 00:38:26.560]  所有問題都解決了
[00:38:26.560 --> 00:38:28.560]  你明白我的意思嗎
[00:38:28.560 --> 00:38:30.560]  還有作為靈修的人
[00:38:30.560 --> 00:38:32.560]  你帶著耶穌上班
[00:38:32.560 --> 00:38:34.560]  沒理由以惡補惡
[00:38:34.560 --> 00:38:36.560]  我們信了五年
[00:38:36.560 --> 00:38:38.560]  十年都知道
[00:38:38.560 --> 00:38:40.560]  上帝說我愛他很難
[00:38:40.560 --> 00:38:42.560]  我會受敵
[00:38:42.560 --> 00:38:44.560]  聖經裡面所有教導都是學一輩子的
[00:38:44.560 --> 00:38:46.560]  特別是愛受敵
[00:38:46.560 --> 00:38:48.560]  你不用擁抱受敵
[00:38:48.560 --> 00:38:50.560]  也不要隨便擁抱
[00:38:50.560 --> 00:38:52.560]  因為你擁抱他會刺下來更痛
[00:38:52.560 --> 00:38:54.560]  第一件事
[00:38:54.560 --> 00:38:56.560]  耶穌基督說
[00:38:56.560 --> 00:38:58.560]  我起碼和他打招呼
[00:38:58.560 --> 00:39:00.560]  他好我好
[00:39:00.560 --> 00:39:02.560]  我什麼都不想和他說
[00:39:02.560 --> 00:39:04.560]  早晨都不想說
[00:39:04.560 --> 00:39:06.560]  第一天走一步
[00:39:06.560 --> 00:39:08.560]  早晨走一步
[00:39:08.560 --> 00:39:10.560]  早晨你好
[00:39:10.560 --> 00:39:12.560]  每天靠著耶穌基督
[00:39:12.560 --> 00:39:14.560]  勉強自己走一步
[00:39:14.560 --> 00:39:20.560]  這個就是靈修
[00:39:20.560 --> 00:39:22.560]  這個就是靈修
[00:39:22.560 --> 00:39:24.560]  我們是一生的
[00:39:24.560 --> 00:39:26.560]  我們是誠性
[00:39:26.560 --> 00:39:28.560]  progressive
[00:39:28.560 --> 00:39:40.560]  如果你讀過誠信論
[00:39:40.560 --> 00:39:42.560]  你會知道教義上
[00:39:42.560 --> 00:39:44.560]  我們是漸進式的
[00:39:44.560 --> 00:39:46.560]  我們不需要
[00:39:46.560 --> 00:39:48.560]  基督徒很容易是all or none
[00:39:48.560 --> 00:39:50.560]  因為我們教會講到時間太短
[00:39:50.560 --> 00:39:52.560]  一個弊病就是
[00:39:52.560 --> 00:39:54.560]  將一些很複雜的東西講到很簡單
[00:39:54.560 --> 00:39:56.560]  好像有信心或沒有信心
[00:39:56.560 --> 00:39:58.560]  有信心就這樣做,沒有信心就這樣做
[00:39:58.560 --> 00:40:00.560]  但我們大家都知道
[00:40:00.560 --> 00:40:02.560]  在日常生活中,我經常是有些信心或沒有信心
[00:40:02.560 --> 00:40:04.560]  這樣生活
[00:40:04.560 --> 00:40:06.560]  所以
[00:40:06.560 --> 00:40:08.560]  愛仇敵不是愛仇敵
[00:40:08.560 --> 00:40:10.560]  是完全不愛仇敵
[00:40:10.560 --> 00:40:12.560]  打殘了自己,我做不到聖經這麼高的要求
[00:40:12.560 --> 00:40:14.560]  我就什麼都不做
[00:40:14.560 --> 00:40:16.560]  是一生的
[00:40:16.560 --> 00:40:18.560]  第一,你不要這麼恨你的仇敵
[00:40:18.560 --> 00:40:20.560]  就算你恨他,也不要殺了他
[00:40:20.560 --> 00:40:22.560]  你想殺了他,就不要殺他
[00:40:22.560 --> 00:40:24.560]  你想罵他,不罵他
[00:40:24.560 --> 00:40:26.560]  都是恨他,日後就恨他少一點
[00:40:26.560 --> 00:40:28.560]  跟他點頭
[00:40:28.560 --> 00:40:30.560]  然後再少一點,每天少1%的恨意
[00:40:30.560 --> 00:40:32.560]  跟他打招呼
[00:40:32.560 --> 00:40:34.560]  你可能最後發覺突然有一天
[00:40:34.560 --> 00:40:36.560]  他改變了
[00:40:36.560 --> 00:40:38.560]  或者有第三個同事走過來一起
[00:40:38.560 --> 00:40:40.560]  然後大家的關係又好了
[00:40:40.560 --> 00:40:42.560]  誤會又不同了
[00:40:42.560 --> 00:40:44.560]  神會在你的office(辦公室)工作
[00:40:48.560 --> 00:40:50.560]  經歷神會用什麼方法幫你
[00:40:50.560 --> 00:40:52.560]  經歷神是這樣經歷的
[00:40:52.560 --> 00:40:56.560]  所以我們主動的操練
[00:40:56.560 --> 00:40:58.560]  是令我們更加敏銳
[00:40:58.560 --> 00:41:00.560]  日常生活上,如果上帝有些介入
[00:41:00.560 --> 00:41:02.560]  我們馬上知道
[00:41:02.560 --> 00:41:04.560]  突然有同事來了
[00:41:04.560 --> 00:41:06.560]  基督徒,好好談,大家一起
[00:41:06.560 --> 00:41:08.560]  於是沒那麼辛苦了
[00:41:08.560 --> 00:41:10.560]  只是對著那個很難受的同事
[00:41:10.560 --> 00:41:12.560]  原來上帝安排的
[00:41:12.560 --> 00:41:14.560]  這個人
[00:41:14.560 --> 00:41:16.560]  你一直帶著耶穌上班
[00:41:16.560 --> 00:41:18.560]  周圍發生的事情
[00:41:18.560 --> 00:41:20.560]  沒有什麼是偶然的
[00:41:20.560 --> 00:41:22.560]  我們經常唱詩
[00:41:22.560 --> 00:41:24.560]  沒有什麼是偶然的
[00:41:24.560 --> 00:41:26.560]  但你怎樣經歷它呢?就是這樣經歷它
[00:41:26.560 --> 00:41:28.560]  如果你根本上班
[00:41:28.560 --> 00:41:30.560]  就忘記了去靈修
[00:41:30.560 --> 00:41:32.560]  靈修,最有信心的就是
[00:41:32.560 --> 00:41:34.560]  靈修了15分鐘,有什麼用?
[00:41:34.560 --> 00:41:38.560]  靈修的目的不是這樣
[00:41:38.560 --> 00:41:40.560]  就是想你其他時間
[00:41:40.560 --> 00:41:42.560]  帶著耶穌,那個才是重要的
[00:41:42.560 --> 00:41:44.560]  所以不住祈禱才是聖經的要求
[00:41:44.560 --> 00:41:46.560]  那是一個很有智慧的開始
[00:41:46.560 --> 00:41:48.560]  長短也不重要
[00:41:48.560 --> 00:41:50.560]  是你有沒有信心
[00:41:50.560 --> 00:41:52.560]  能帶著耶穌出門
[00:41:52.560 --> 00:41:56.560]  你沒有信心
[00:41:56.560 --> 00:41:58.560]  一個小時的靈修是沒用的
[00:41:58.560 --> 00:42:00.560]  你有信心,那天太忙了
[00:42:00.560 --> 00:42:02.560]  兩分鐘做個祈禱
[00:42:02.560 --> 00:42:04.560]  就出門了
[00:42:04.560 --> 00:42:06.560]  在搭地鐵的時候
[00:42:06.560 --> 00:42:08.560]  跟上帝說
[00:42:08.560 --> 00:42:10.560]  我剛才沒時間靈修,不好意思
[00:42:10.560 --> 00:42:12.560]  我現在心裡馬上背23篇
[00:42:12.560 --> 00:42:14.560]  就馬上靈修
[00:42:14.560 --> 00:42:16.560]  你不用內疚到明天才靈修
[00:42:16.560 --> 00:42:18.560]  你當下就可以靈修
[00:42:18.560 --> 00:42:20.560]  你知道靈修的意思
[00:42:20.560 --> 00:42:22.560]  是這件事
[00:42:22.560 --> 00:42:24.560]  你今天早上沒空跟你背後聊天
[00:42:24.560 --> 00:42:26.560]  你搭地鐵的時候
[00:42:26.560 --> 00:42:28.560]  打電話跟你聊個短的天也行
[00:42:28.560 --> 00:42:30.560]  有心,你媽媽不會怪你的
[00:42:30.560 --> 00:42:32.560]  母親節
[00:42:32.560 --> 00:42:34.560]  我們耶穌基督怎麼會怪我們
[00:42:34.560 --> 00:42:36.560]  現在問題是有沒有心
[00:42:36.560 --> 00:42:38.560]  現在那些不是規定動作
[00:42:38.560 --> 00:42:40.560]  沒有做15分鐘,沒有做好程序
[00:42:40.560 --> 00:42:42.560]  以後都補不到第二天
[00:42:42.560 --> 00:42:44.560]  第二天又補不到今天
[00:42:44.560 --> 00:42:46.560]  經常內疚,經常驕傲
[00:42:46.560 --> 00:42:48.560]  關係
[00:42:48.560 --> 00:42:50.560]  你忙得太多,母親節沒空約媽媽
[00:42:50.560 --> 00:42:52.560]  母親節第二天也可以
[00:42:52.560 --> 00:42:54.560]  所以不要被
[00:42:54.560 --> 00:42:56.560]  魔鬼撒旦的控訴太厲害
[00:42:56.560 --> 00:42:58.560]  反而
[00:42:58.560 --> 00:43:00.560]  你明白靈修是什麼意思
[00:43:00.560 --> 00:43:02.560]  是時時刻刻
[00:43:02.560 --> 00:43:04.560]  耶穌也同在
[00:43:04.560 --> 00:43:06.560]  這個同在才是
[00:43:06.560 --> 00:43:08.560]  起點和終點
[00:43:08.560 --> 00:43:10.560]  所以
[00:43:10.560 --> 00:43:14.560]  說一點
[00:43:14.560 --> 00:43:16.560]  下面那裡
[00:43:16.560 --> 00:43:20.560]  靈修的關係性
[00:43:20.560 --> 00:43:22.560]  說了
[00:43:22.560 --> 00:43:24.560]  每天靈修
[00:43:24.560 --> 00:43:30.560]  對了
[00:43:30.560 --> 00:43:32.560]  靈修
[00:43:32.560 --> 00:43:34.560]  靈修最重要
[00:43:34.560 --> 00:43:36.560]  就是每天早上
[00:43:36.560 --> 00:43:38.560]  清醒自己
[00:43:38.560 --> 00:43:40.560]  4.4
[00:43:40.560 --> 00:43:42.560]  信心上清醒
[00:43:42.560 --> 00:43:44.560]  因為身體要清醒
[00:43:44.560 --> 00:43:46.560]  動兩下
[00:43:46.560 --> 00:43:48.560]  精神要清醒
[00:43:48.560 --> 00:43:50.560]  不夠清醒就清醒自己
[00:43:50.560 --> 00:43:52.560]  靈性也要清醒
[00:43:52.560 --> 00:43:54.560]  信心的衰減性
[00:43:54.560 --> 00:43:56.560]  你發覺你不運用信心
[00:43:56.560 --> 00:43:58.560]  信心就沒了
[00:43:58.560 --> 00:44:00.560]  正如你是基督徒
[00:44:00.560 --> 00:44:02.560]  你可以來這個講座
[00:44:02.560 --> 00:44:04.560]  不要說來講座
[00:44:04.560 --> 00:44:06.560]  上崇拜也沒有
[00:44:06.560 --> 00:44:08.560]  帶著耶穌基督上崇拜
[00:44:08.560 --> 00:44:10.560]  他和頂尖打完招呼坐在那裡
[00:44:10.560 --> 00:44:12.560]  做過祈禱也很認識
[00:44:12.560 --> 00:44:14.560]  他沒信心耶穌基督
[00:44:14.560 --> 00:44:16.560]  和他一起崇拜
[00:44:16.560 --> 00:44:18.560]  所以聽到也是
[00:44:18.560 --> 00:44:20.560]  嫌三嫌四
[00:44:20.560 --> 00:44:22.560]  你明白嗎
[00:44:22.560 --> 00:44:24.560]  所以為什麼這麼多年
[00:44:24.560 --> 00:44:26.560]  如果我們讀書也讀了幾個學位
[00:44:26.560 --> 00:44:28.560]  崇拜
[00:44:28.560 --> 00:44:30.560]  每個禮拜一個多小時
[00:44:30.560 --> 00:44:32.560]  為什麼靈性好像
[00:44:32.560 --> 00:44:34.560]  不成比例
[00:44:34.560 --> 00:44:36.560]  因為你沒帶信心
[00:44:36.560 --> 00:44:38.560]  那個根本不是經歷神的過程
[00:44:38.560 --> 00:44:40.560]  所以一樣
[00:44:40.560 --> 00:44:42.560]  信心會衰減
[00:44:42.560 --> 00:44:44.560]  你要主動運用
[00:44:44.560 --> 00:44:46.560]  回到教會
[00:44:46.560 --> 00:44:48.560]  和頂尖打完招呼
[00:44:48.560 --> 00:44:50.560]  特別崇拜和耶穌打招呼
[00:44:50.560 --> 00:44:52.560]  我今天回來崇拜你
[00:44:52.560 --> 00:44:54.560]  無論詩歌好不好聽
[00:44:54.560 --> 00:44:56.560]  不要緊
[00:44:56.560 --> 00:44:58.560]  你喜歡聽就行
[00:44:58.560 --> 00:45:00.560]  因為不是演唱會
[00:45:00.560 --> 00:45:02.560]  你覺得聽演唱會嗎
[00:45:02.560 --> 00:45:04.560]  那些音樂不是唱給你聽
[00:45:04.560 --> 00:45:06.560]  耶穌也不介意
[00:45:06.560 --> 00:45:08.560]  你介意什麼
[00:45:08.560 --> 00:45:10.560]  所以你帶著
[00:45:10.560 --> 00:45:12.560]  主耶穌基督一起崇拜
[00:45:12.560 --> 00:45:14.560]  你會發現你完全不同
[00:45:14.560 --> 00:45:16.560]  神會有很多神學教你的
[00:45:16.560 --> 00:45:18.560]  那些不一定只是讀書
[00:45:18.560 --> 00:45:20.560]  而是你可以經歷到的神學
[00:45:20.560 --> 00:45:22.560]  你唱歌是唱給神聽的
[00:45:22.560 --> 00:45:26.560]  所以
[00:45:26.560 --> 00:45:28.560]  每天的靈修是令自己的信心
[00:45:28.560 --> 00:45:30.560]  和祂的關係就好像聖餐一樣
[00:45:30.560 --> 00:45:32.560]  就是生命祭
[00:45:32.560 --> 00:45:34.560]  重新和祂的約
[00:45:34.560 --> 00:45:36.560]  約就是關係
[00:45:36.560 --> 00:45:38.560]  是耶穌基督補血買回來的
[00:45:38.560 --> 00:45:40.560]  那份關係
[00:45:40.560 --> 00:45:42.560]  我每天都認順這個關係
[00:45:42.560 --> 00:45:44.560]  所以我起床
[00:45:44.560 --> 00:45:46.560]  雖然應該知道神在
[00:45:46.560 --> 00:45:48.560]  但我不感覺到
[00:45:48.560 --> 00:45:50.560]  我工作壓力很大
[00:45:50.560 --> 00:45:52.560]  很多事煩
[00:45:52.560 --> 00:45:54.560]  或者和家人在吸氣
[00:45:54.560 --> 00:45:56.560]  和背後吵架
[00:45:56.560 --> 00:45:58.560]  和神說
[00:45:58.560 --> 00:46:00.560]  我沒有信心也沒有愛心
[00:46:00.560 --> 00:46:02.560]  我知道我應該原諒祂
[00:46:02.560 --> 00:46:04.560]  但我真的原諒不了
[00:46:04.560 --> 00:46:06.560]  神你幫我
[00:46:06.560 --> 00:46:08.560]  這是最好的靈修
[00:46:08.560 --> 00:46:10.560]  不要說應該的事
[00:46:10.560 --> 00:46:12.560]  是你現在什麼狀況
[00:46:12.560 --> 00:46:14.560]  然後你問自己你想怎樣
[00:46:14.560 --> 00:46:16.560]  你想好一點嗎
[00:46:16.560 --> 00:46:18.560]  作為一個重新得救的基督徒
[00:46:18.560 --> 00:46:20.560]  看到自己這樣的狀況
[00:46:20.560 --> 00:46:22.560]  你沉下來想的時候
[00:46:22.560 --> 00:46:24.560]  我不想自己是這樣的
[00:46:24.560 --> 00:46:26.560]  你叫我讓步才行
[00:46:26.560 --> 00:46:28.560]  我就是這樣的人
[00:46:28.560 --> 00:46:30.560]  怎樣做?
[00:46:30.560 --> 00:46:32.560]  祈禱
[00:46:32.560 --> 00:46:34.560]  和上帝摔跤
[00:46:34.560 --> 00:46:36.560]  我想好一點
[00:46:36.560 --> 00:46:38.560]  但上帝怎樣好一點
[00:46:38.560 --> 00:46:40.560]  又不用跟祂道歉
[00:46:40.560 --> 00:46:42.560]  可以好一點嗎?
[00:46:42.560 --> 00:46:44.560]  就搖到想到東西
[00:46:44.560 --> 00:46:46.560]  這就是祈禱
[00:46:46.560 --> 00:46:48.560]  神會幫我們
[00:46:48.560 --> 00:46:50.560]  你試試這樣祈禱
[00:46:50.560 --> 00:46:52.560]  神會幫我們
[00:46:52.560 --> 00:46:54.560]  在靈修裏面
[00:46:54.560 --> 00:46:56.560]  每天
[00:46:56.560 --> 00:46:58.560]  我剛才說了
[00:46:58.560 --> 00:47:00.560]  以前每天靈修
[00:47:00.560 --> 00:47:02.560]  大概不是一個現代
[00:47:02.560 --> 00:47:04.560]  工業化城市
[00:47:04.560 --> 00:47:06.560]  或者商業城市的節奏
[00:47:06.560 --> 00:47:08.560]  每天
[00:47:08.560 --> 00:47:10.560]  我當我們很實際上班
[00:47:10.560 --> 00:47:12.560]  大概只有15分鐘20分鐘
[00:47:12.560 --> 00:47:14.560]  好一點的30分鐘
[00:47:14.560 --> 00:47:16.560]  如果住得近一點的辦公室
[00:47:16.560 --> 00:47:18.560]  其實你又要言經
[00:47:18.560 --> 00:47:20.560]  又要默想是很難的
[00:47:20.560 --> 00:47:22.560]  事實上
[00:47:22.560 --> 00:47:24.560]  你言經用的思考方式
[00:47:24.560 --> 00:47:26.560]  跟靈修是不同的
[00:47:26.560 --> 00:47:28.560]  一個是conversion 一個是diversion
[00:47:28.560 --> 00:47:30.560]  簡單來說
[00:47:30.560 --> 00:47:32.560]  你去靈修的時候就想應用
[00:47:32.560 --> 00:47:34.560]  因為你再言經
[00:47:34.560 --> 00:47:36.560]  言經就是將十個可能解釋的方法
[00:47:36.560 --> 00:47:38.560]  去比較然後分析
[00:47:38.560 --> 00:47:40.560]  用原文什麼背景
[00:47:40.560 --> 00:47:42.560]  然後選一個解釋方法
[00:47:42.560 --> 00:47:44.560]  那種是conversion歸納法
[00:47:44.560 --> 00:47:46.560]  是理性的
[00:47:46.560 --> 00:47:48.560]  但是靈修就不要再搞這些
[00:47:48.560 --> 00:47:50.560]  聖經已經知道為什麼
[00:47:50.560 --> 00:47:52.560]  平靜風浪的主題就是
[00:47:52.560 --> 00:47:54.560]  對耶穌有信心
[00:47:54.560 --> 00:47:56.560]  現在你真的將它
[00:47:56.560 --> 00:47:58.560]  像一條影片在腦子裡
[00:47:58.560 --> 00:48:00.560]  滾一次如果我在場的時候
[00:48:00.560 --> 00:48:02.560]  我會不會像門徒
[00:48:02.560 --> 00:48:04.560]  都這麼沒信心呢
[00:48:04.560 --> 00:48:06.560]  或者我對耶穌基督的責備
[00:48:06.560 --> 00:48:08.560]  我有什麼反應呢
[00:48:08.560 --> 00:48:10.560]  用五官想像
[00:48:10.560 --> 00:48:12.560]  然後去特別
[00:48:12.560 --> 00:48:14.560]  最後最重要就是用信心
[00:48:14.560 --> 00:48:16.560]  耶穌基督你有什麼想跟我說
[00:48:18.560 --> 00:48:20.560]  你又不要逼神一定要那15分鐘跟你說
[00:48:20.560 --> 00:48:22.560]  因為那個是神的主權
[00:48:22.560 --> 00:48:24.560]  所以15分鐘有沒有靈修
[00:48:24.560 --> 00:48:26.560]  是不重要
[00:48:26.560 --> 00:48:28.560]  不重要因為
[00:48:28.560 --> 00:48:30.560]  很多時候沒有靈修不是因為
[00:48:30.560 --> 00:48:32.560]  很神學其他原因
[00:48:32.560 --> 00:48:34.560]  是因為你人有三衰六旺
[00:48:34.560 --> 00:48:36.560]  就是你
[00:48:36.560 --> 00:48:38.560]  工作壓力很大你分心你搞其他東西
[00:48:38.560 --> 00:48:40.560]  你就沒有應該很有靈修的經文
[00:48:40.560 --> 00:48:42.560]  你都沒有還有那些經文剛剛跟你
[00:48:42.560 --> 00:48:44.560]  那天遇到的事情沒有關係你就沒有了
[00:48:44.560 --> 00:48:46.560]  你明不明白那天很大壓力
[00:48:46.560 --> 00:48:48.560]  要present the project
[00:48:48.560 --> 00:48:50.560]  給那個老闆
[00:48:50.560 --> 00:48:52.560]  那段經文還叫你們要去
[00:48:52.560 --> 00:48:54.560]  網普天下傳呼音那你真的死
[00:48:54.560 --> 00:48:56.560]  哇神啊有沒有搞錯
[00:48:56.560 --> 00:48:58.560]  我現在今早的事情都還沒搞定
[00:48:58.560 --> 00:49:00.560]  我現在還在怕還要想宣教
[00:49:00.560 --> 00:49:02.560]  我怎麼想
[00:49:02.560 --> 00:49:04.560]  那你怎樣如果你這樣靈修
[00:49:04.560 --> 00:49:08.560]  很多人就都為宣教祈個禱
[00:49:08.560 --> 00:49:10.560]  祈完什麼又是忘記了
[00:49:10.560 --> 00:49:12.560]  你跟神說其實真心的靈修
[00:49:12.560 --> 00:49:14.560]  就是神啊
[00:49:14.560 --> 00:49:16.560]  我真是這麼小家的人
[00:49:16.560 --> 00:49:18.560]  我現在整個腦袋都是老闆
[00:49:18.560 --> 00:49:20.560]  那個凶殘的樣子
[00:49:20.560 --> 00:49:22.560]  可不可以幫我
[00:49:22.560 --> 00:49:24.560]  今天present得好一點
[00:49:24.560 --> 00:49:26.560]  加力量給我
[00:49:26.560 --> 00:49:28.560]  下午吃飯再跟你談這個課題
[00:49:28.560 --> 00:49:30.560]  行不行
[00:49:30.560 --> 00:49:32.560]  你媽媽會不會答應
[00:49:32.560 --> 00:49:34.560]  如果你有事跟媽媽說
[00:49:34.560 --> 00:49:36.560]  我不跟你談我先搞好我自己的事情
[00:49:36.560 --> 00:49:38.560]  媽媽OK啦
[00:49:38.560 --> 00:49:40.560]  有什麼所謂
[00:49:40.560 --> 00:49:42.560]  最重要不要走數
[00:49:42.560 --> 00:49:44.560]  是不是
[00:49:44.560 --> 00:49:46.560]  下次當然我們可以的話
[00:49:46.560 --> 00:49:48.560]  就不要每天都說有壓力
[00:49:48.560 --> 00:49:50.560]  不談
[00:49:50.560 --> 00:49:52.560]  這樣就很麻煩
[00:49:52.560 --> 00:49:54.560]  但你自己學吧
[00:49:54.560 --> 00:49:56.560]  起碼就將你自己最關心的
[00:49:56.560 --> 00:49:58.560]  project就祈禱
[00:49:58.560 --> 00:50:00.560]  認真地祈禱交託給主
[00:50:00.560 --> 00:50:02.560]  還好啦那個就是一個靈修
[00:50:02.560 --> 00:50:04.560]  然後下午吃飯不要約同事
[00:50:04.560 --> 00:50:06.560]  自己去
[00:50:06.560 --> 00:50:08.560]  一人吃飯的時候想想聖經
[00:50:08.560 --> 00:50:10.560]  打開出來看看
[00:50:10.560 --> 00:50:12.560]  感謝耶穌基督
[00:50:12.560 --> 00:50:14.560]  保持和祂的關係
[00:50:14.560 --> 00:50:16.560]  更好更真心
[00:50:16.560 --> 00:50:18.560]  我們和神是有情的關係
[00:50:18.560 --> 00:50:20.560]  神從來都和我們很有情
[00:50:20.560 --> 00:50:22.560]  如果神要和我們計數
[00:50:22.560 --> 00:50:24.560]  早就死了
[00:50:24.560 --> 00:50:26.560]  恩聖青衣
[00:50:26.560 --> 00:50:28.560]  是這樣用的教義
[00:50:28.560 --> 00:50:30.560]  神是無條件愛我們
[00:50:30.560 --> 00:50:32.560]  所以其實
[00:50:32.560 --> 00:50:34.560]  靈修最重要是很認真的去祈禱
[00:50:34.560 --> 00:50:36.560]  很真心的去祈禱
[00:50:36.560 --> 00:50:38.560]  祈禱才是目的
[00:50:38.560 --> 00:50:40.560]  由聖經帶領我們
[00:50:40.560 --> 00:50:42.560]  進入一個真心祈禱的
[00:50:42.560 --> 00:50:44.560]  關係就行了
[00:50:44.560 --> 00:50:46.560]  這個是靈修很重要的地方
[00:50:46.560 --> 00:50:48.560]  我們講到4.5
[00:50:48.560 --> 00:50:50.560]  這部分一會兒再講不住禱告那些
[00:50:50.560 --> 00:50:52.560]  我們下半節再講下去
[00:50:52.560 --> 00:50:54.560]  我們先停在這裡
[00:51:08.560 --> 00:51:10.560]  講得這麼清楚
[00:51:10.560 --> 00:51:12.560]  原來
[00:51:12.560 --> 00:51:14.560]  剛才有一句
[00:51:14.560 --> 00:51:16.560]  我沒想過
[00:51:16.560 --> 00:51:18.560]  原來我們身體
[00:51:18.560 --> 00:51:20.560]  是神的聖殿
[00:51:20.560 --> 00:51:22.560]  但沒想到
[00:51:22.560 --> 00:51:24.560]  原來聖靈進入我們那裡
[00:51:24.560 --> 00:51:26.560]  聖靈進入我們這裡就知道
[00:51:26.560 --> 00:51:28.560]  但原來再加上
[00:51:28.560 --> 00:51:30.560]  聖靈在我們身體裏
[00:51:30.560 --> 00:51:32.560]  我們這個就是聖殿
[00:51:32.560 --> 00:51:34.560]  神在我們這裏
[00:51:34.560 --> 00:51:36.560]  這個
[00:51:36.560 --> 00:51:38.560]  很震撼
[00:51:38.560 --> 00:51:40.560]  所以我們更加要好好的
[00:51:40.560 --> 00:51:42.560]  跟祂有一個親近
[00:51:42.560 --> 00:51:44.560]  否則原來我們這麼多
[00:51:44.560 --> 00:51:46.560]  骯髒的東西
[00:51:46.560 --> 00:51:48.560]  神跟我們一起的時候
[00:51:48.560 --> 00:51:50.560]  我們都沒做好去潔淨我們自己
[00:51:50.560 --> 00:51:52.560]  跟神一個更加好的親密的關係
[00:51:52.560 --> 00:51:54.560]  所以
[00:51:54.560 --> 00:51:56.560]  多謝
[00:51:56.560 --> 00:51:58.560]  剛才還有
[00:51:58.560 --> 00:52:00.560]  有講了
[00:52:00.560 --> 00:52:02.560]  靈修神學
[00:52:02.560 --> 00:52:04.560]  在這裡後面那一頁
[00:52:04.560 --> 00:52:06.560]  寫著靈修神學
[00:52:06.560 --> 00:52:08.560]  可以在網上
[00:52:08.560 --> 00:52:10.560]  這樣看就行
[00:52:10.560 --> 00:52:12.560]  所以大家
[00:52:12.560 --> 00:52:14.560]  不要浪費了
[00:52:14.560 --> 00:52:16.560]  今晚就去試一下
[00:52:16.560 --> 00:52:18.560]  在網上下載
[00:52:18.560 --> 00:52:20.560]  但另外一本書
[00:52:20.560 --> 00:52:22.560]  未能在網上下載
[00:52:22.560 --> 00:52:24.560]  我想問一下
[00:52:24.560 --> 00:52:26.560]  有多少人已經買了這本書
[00:52:26.560 --> 00:52:28.560]  得過獎的
[00:52:28.560 --> 00:52:30.560]  這本書
[00:52:30.560 --> 00:52:32.560]  我今天就去找
[00:52:32.560 --> 00:52:34.560]  找回之前
[00:52:34.560 --> 00:52:36.560]  得獎的時候
[00:52:36.560 --> 00:52:38.560]  廖牧師跟他們拍的照片
[00:52:38.560 --> 00:52:40.560]  很開心的
[00:52:40.560 --> 00:52:42.560]  但不知為何在網上
[00:52:42.560 --> 00:52:44.560]  找不到是哪一屆得獎
[00:52:44.560 --> 00:52:46.560]  第九
[00:52:46.560 --> 00:52:48.560]  因為我第九的時候找了很久
[00:52:48.560 --> 00:52:50.560]  因為第八還是第九
[00:52:50.560 --> 00:52:52.560]  兩個都找都找不到資料
[00:52:52.560 --> 00:52:54.560]  但這本書今天這裡有賣
[00:52:54.560 --> 00:52:56.560]  有一個優惠價
[00:52:56.560 --> 00:52:58.560]  大家可以看看
[00:52:58.560 --> 00:53:00.560]  趁這裏的時候馬上找
[00:53:00.560 --> 00:53:02.560]  是吧
[00:53:02.560 --> 00:53:04.560]  所以不要浪費這個機會
[00:53:04.560 --> 00:53:06.560]  另外一樣
[00:53:06.560 --> 00:53:08.560]  不知道大家
[00:53:08.560 --> 00:53:10.560]  有沒有預備奉獻
[00:53:10.560 --> 00:53:12.560]  我是感謝神的
[00:53:12.560 --> 00:53:14.560]  我們環球醒工會
[00:53:14.560 --> 00:53:16.560]  我們還可以在這裏
[00:53:16.560 --> 00:53:18.560]  還可以預備這麼多不同的講座
[00:53:18.560 --> 00:53:20.560]  但都想說
[00:53:20.560 --> 00:53:22.560]  大家可以
[00:53:22.560 --> 00:53:24.560]  去奉獻支持
[00:53:24.560 --> 00:53:26.560]  因為我都感恩的
[00:53:26.560 --> 00:53:28.560]  有些教會是不需要我們費用
[00:53:28.560 --> 00:53:30.560]  我很感謝神
[00:53:30.560 --> 00:53:32.560]  有些講員說不需要費用
[00:53:32.560 --> 00:53:34.560]  我也很感謝神
[00:53:34.560 --> 00:53:36.560]  但我們都不可能
[00:53:36.560 --> 00:53:38.560]  讓那些教會或者
[00:53:38.560 --> 00:53:40.560]  講員是白做
[00:53:40.560 --> 00:53:42.560]  還有一樣
[00:53:42.560 --> 00:53:44.560]  我們的書
[00:53:44.560 --> 00:53:46.560]  每一次來的時候
[00:53:46.560 --> 00:53:48.560]  最近好了一點
[00:53:48.560 --> 00:53:50.560]  之前試很多次都只有幾百元
[00:53:50.560 --> 00:53:52.560]  最近好了一點
[00:53:52.560 --> 00:53:54.560]  有千多元
[00:53:54.560 --> 00:53:56.560]  但同工去浪費這麼多時間
[00:53:56.560 --> 00:53:58.560]  數目還是不夠
[00:53:58.560 --> 00:54:00.560]  所以希望大家
[00:54:00.560 --> 00:54:02.560]  當我們有這麼多不同的試工的時候
[00:54:02.560 --> 00:54:04.560]  大家都能夠
[00:54:04.560 --> 00:54:06.560]  支持我們
[00:54:06.560 --> 00:54:08.560]  一會兒休息的時候
[00:54:08.560 --> 00:54:10.560]  去買書
[00:54:10.560 --> 00:54:12.560]  或者奉獻的時候支持我們
[00:54:12.560 --> 00:54:14.560]  因為
[00:54:14.560 --> 00:54:16.560]  很多人問
[00:54:16.560 --> 00:54:18.560]  天道書樓還剩下多少間
[00:54:18.560 --> 00:54:20.560]  還剩下多少間
[00:54:20.560 --> 00:54:22.560]  大家
[00:54:22.560 --> 00:54:24.560]  一間
[00:54:24.560 --> 00:54:26.560]  新蒲崗那裡剩下一間
[00:54:26.560 --> 00:54:28.560]  我是
[00:54:28.560 --> 00:54:30.560]  天道書樓的舊同工的時候
[00:54:30.560 --> 00:54:32.560]  很難過的
[00:54:32.560 --> 00:54:34.560]  因為我們看著一間一間
[00:54:34.560 --> 00:54:36.560]  一間一間這樣收
[00:54:36.560 --> 00:54:38.560]  所以希望大家
[00:54:38.560 --> 00:54:40.560]  為我們祈禱
[00:54:40.560 --> 00:54:42.560]  究竟今年書展
[00:54:42.560 --> 00:54:44.560]  我們還辦不辦呢?參不參加呢?
[00:54:44.560 --> 00:54:46.560]  最近剛剛上個禮拜
[00:54:46.560 --> 00:54:48.560]  今天禮拜
[00:54:48.560 --> 00:54:50.560]  麥醫生也有約我
[00:54:50.560 --> 00:54:52.560]  聊天
[00:54:52.560 --> 00:54:54.560]  究竟我們還辦不辦呢?
[00:54:54.560 --> 00:54:56.560]  究竟辦不辦書展呢?
[00:54:56.560 --> 00:54:58.560]  我說要辦
[00:54:58.560 --> 00:55:00.560]  但是我們需要經費
[00:55:00.560 --> 00:55:02.560]  我們需要經費
[00:55:02.560 --> 00:55:04.560]  希望大家一會兒
[00:55:04.560 --> 00:55:06.560]  可以奉獻支持我們
[00:55:06.560 --> 00:55:08.560]  我們一起低頭祈禱
[00:55:08.560 --> 00:55:10.560]  首先感謝你
[00:55:10.560 --> 00:55:12.560]  讓我們還可以在這裡
[00:55:12.560 --> 00:55:14.560]  可以做很多不同的講座
[00:55:14.560 --> 00:55:16.560]  聽到很多
[00:55:16.560 --> 00:55:18.560]  講員告訴我們不同的訊息
[00:55:18.560 --> 00:55:20.560]  原來
[00:55:20.560 --> 00:55:22.560]  我們要主動去親近祢
[00:55:22.560 --> 00:55:24.560]  我們不是說當我們有事的時候就躲起來
[00:55:24.560 --> 00:55:26.560]  我們很喜歡躲起來
[00:55:26.560 --> 00:55:28.560]  很喜歡不夠膽去找神
[00:55:28.560 --> 00:55:30.560]  很喜歡的就說
[00:55:30.560 --> 00:55:32.560]  神啊我真的不妥
[00:55:32.560 --> 00:55:34.560]  我真的不舒服
[00:55:34.560 --> 00:55:36.560]  我真的不想看聖經
[00:55:36.560 --> 00:55:38.560]  但實際上
[00:55:38.560 --> 00:55:40.560]  我去和祢聊天就行了
[00:55:40.560 --> 00:55:42.560]  求神祢讓我們當我們有事
[00:55:42.560 --> 00:55:44.560]  沒事都去找祢
[00:55:44.560 --> 00:55:46.560]  也感謝祢
[00:55:46.560 --> 00:55:48.560]  我們環球聖經公會
[00:55:48.560 --> 00:55:50.560]  還可以除了講座之外
[00:55:50.560 --> 00:55:52.560]  我們有聖經的翻譯
[00:55:52.560 --> 00:55:54.560]  神啊感謝祢
[00:55:54.560 --> 00:55:56.560]  我們還有報道會
[00:55:56.560 --> 00:55:58.560]  天道書樓
[00:55:58.560 --> 00:56:00.560]  每個月一次的報道會
[00:56:00.560 --> 00:56:02.560]  在街邊報道
[00:56:02.560 --> 00:56:04.560]  神啊我們做很多很多的事
[00:56:04.560 --> 00:56:06.560]  但是我們不夠經費
[00:56:06.560 --> 00:56:08.560]  求祢帶領著弟兄姊妹
[00:56:08.560 --> 00:56:10.560]  願意支持
[00:56:10.560 --> 00:56:12.560]  和讓我們能夠好好地使用
[00:56:12.560 --> 00:56:14.560]  收到的奉獻
[00:56:14.560 --> 00:56:16.560]  再一次感謝祢
[00:56:16.560 --> 00:56:18.560]  主名叩阿門
[00:56:18.560 --> 00:56:20.560]  好
[00:56:20.560 --> 00:56:22.560]  同宮收奉獻的時候
[00:56:22.560 --> 00:56:24.560]  我也想和大家講一講
[00:56:24.560 --> 00:56:26.560]  我們有這些資料
[00:56:26.560 --> 00:56:28.560]  比如說
[00:56:28.560 --> 00:56:30.560]  我們那天有講座
[00:56:30.560 --> 00:56:32.560]  每一期的講座資料在這裡
[00:56:32.560 --> 00:56:34.560]  還有這一份
[00:56:34.560 --> 00:56:36.560]  大家等一下
[00:56:36.560 --> 00:56:38.560]  剛才沒有拿的話等一下去拿
[00:56:38.560 --> 00:56:40.560]  如果剛才不趕時間
[00:56:40.560 --> 00:56:42.560]  沒有拿那個
[00:56:42.560 --> 00:56:44.560]  這個
[00:56:44.560 --> 00:56:46.560]  碌屎就記住要拿
[00:56:46.560 --> 00:56:48.560]  因為
[00:56:48.560 --> 00:56:50.560]  我想大家都
[00:56:50.560 --> 00:56:52.560]  忍不住因為我剛才一直打
[00:56:52.560 --> 00:56:54.560]  一直打都打不完
[00:56:54.560 --> 00:56:56.560]  因為講得都很快
[00:56:56.560 --> 00:56:58.560]  還有就是說
[00:56:58.560 --> 00:57:00.560]  原來要想一想
[00:57:00.560 --> 00:57:02.560]  大家可以拍一拍
[00:57:02.560 --> 00:57:04.560]  另外一樣
[00:57:04.560 --> 00:57:06.560]  就是這一份希望大家鼓勵大家
[00:57:06.560 --> 00:57:08.560]  為什麼呢這一份就是
[00:57:08.560 --> 00:57:10.560]  我們去年開始
[00:57:10.560 --> 00:57:12.560]  今年是第二年是那個靈修
[00:57:12.560 --> 00:57:14.560]  等一下你們其實可以在前面那裡
[00:57:14.560 --> 00:57:16.560]  掃一掃那個牌
[00:57:16.560 --> 00:57:18.560]  掃一掃就行了或者拿這個掃一掃
[00:57:18.560 --> 00:57:20.560]  我也有參加的
[00:57:20.560 --> 00:57:22.560]  每晚會發過來
[00:57:22.560 --> 00:57:24.560]  有兩樣東西發的下午就發金句
[00:57:24.560 --> 00:57:26.560]  晚上就會發經文
[00:57:26.560 --> 00:57:28.560]  經文裡面有
[00:57:28.560 --> 00:57:30.560]  其實是出讀的有幾種
[00:57:30.560 --> 00:57:32.560]  有出讀有捲讀另外還有一個
[00:57:32.560 --> 00:57:34.560]  靈讀即是靈修的讀
[00:57:34.560 --> 00:57:36.560]  剛才牧師有講了
[00:57:36.560 --> 00:57:38.560]  有靈修和有什麼
[00:57:38.560 --> 00:57:40.560]  有我們自己讀經這樣
[00:57:40.560 --> 00:57:42.560]  都可以看看
[00:57:42.560 --> 00:57:44.560]  還有一個圍讀
[00:57:44.560 --> 00:57:46.560]  整班人一起我們可能有分小組
[00:57:46.560 --> 00:57:48.560]  然後大家一起去讀
[00:57:48.560 --> 00:57:50.560]  讀那個經文
[00:57:50.560 --> 00:57:52.560]  不要浪費這個機會
[00:57:52.560 --> 00:57:54.560]  一年讀完整本聖經
[00:57:54.560 --> 00:57:56.560]  我們請問
[00:57:56.560 --> 00:57:58.560]  有幾個
[00:57:58.560 --> 00:58:00.560]  這個問題其實有人問過我
[00:58:00.560 --> 00:58:02.560]  有幾位是看完整本聖經
[00:58:02.560 --> 00:58:04.560]  一次的
[00:58:04.560 --> 00:58:06.560]  哇
[00:58:06.560 --> 00:58:08.560]  給自己一個掌聲
[00:58:08.560 --> 00:58:10.560]  因為我其實
[00:58:10.560 --> 00:58:12.560]  以前讀著讀著
[00:58:12.560 --> 00:58:14.560]  好像人家說的
[00:58:14.560 --> 00:58:16.560]  走不出生命記
[00:58:16.560 --> 00:58:18.560]  和什麼
[00:58:18.560 --> 00:58:20.560]  我是走不到的
[00:58:20.560 --> 00:58:22.560]  因為去到那裡頭暈了
[00:58:22.560 --> 00:58:24.560]  但後來就OK了
[00:58:24.560 --> 00:58:26.560]  當然看這個的時候會逼著你
[00:58:26.560 --> 00:58:28.560]  所以鼓勵大家
[00:58:28.560 --> 00:58:30.560]  稍後記住拿這份東西
[00:58:30.560 --> 00:58:32.560]  另外剛才鼓勵大家
[00:58:32.560 --> 00:58:34.560]  去買這本五秦節
[00:58:34.560 --> 00:58:36.560]  五秦節的靈音運動
[00:58:36.560 --> 00:58:38.560]  另外一本是
[00:58:38.560 --> 00:58:40.560]  屬靈操練的
[00:58:40.560 --> 00:58:42.560]  這本是新出的
[00:58:42.560 --> 00:58:44.560]  鼓勵大家稍後去看一看
[00:58:44.560 --> 00:58:46.560]  雖然好像很厚
[00:58:46.560 --> 00:58:48.560]  但實際上你一年365天
[00:58:48.560 --> 00:58:50.560]  都不會很多
[00:58:50.560 --> 00:58:52.560]  通常那些靈修
[00:58:52.560 --> 00:58:54.560]  每天讀經文一定這麼厚
[00:58:54.560 --> 00:58:56.560]  希望大家
[00:58:56.560 --> 00:58:58.560]  稍後去看一看
[00:58:58.560 --> 00:59:00.560]  大家可以休息一下
[00:59:00.560 --> 00:59:02.560]  休息多一會
[00:59:02.560 --> 00:59:04.560]  大約八個小時
[00:59:06.560 --> 00:59:08.560]  趁大家在買書
[00:59:08.560 --> 00:59:10.560]  休息的時候
[00:59:10.560 --> 00:59:12.560]  我有一個報告
[00:59:12.560 --> 00:59:14.560]  不好意思有太多的報告
[00:59:14.560 --> 00:59:16.560]  下個禮拜一
[00:59:16.560 --> 00:59:18.560]  在我們新蒲崗商業街的
[00:59:18.560 --> 00:59:20.560]  回答中心
[00:59:20.560 --> 00:59:22.560]  15樓
[00:59:22.560 --> 00:59:24.560]  這次是15樓
[00:59:24.560 --> 00:59:26.560]  在明基堂宣導會
[00:59:26.560 --> 00:59:28.560]  針訊宣導會明基堂
[00:59:28.560 --> 00:59:30.560]  15樓
[00:59:30.560 --> 00:59:32.560]  有一個天道異象分享會
[00:59:32.560 --> 00:59:34.560]  在下午兩點半到四點
[00:59:34.560 --> 00:59:36.560]  兩點半到四點
[00:59:36.560 --> 00:59:38.560]  下個星期一
[00:59:38.560 --> 00:59:40.560]  下午兩點半到四點
[00:59:40.560 --> 00:59:42.560]  在我們天道書樓
[00:59:42.560 --> 00:59:44.560]  樓下的
[00:59:44.560 --> 00:59:46.560]  15樓
[00:59:46.560 --> 00:59:48.560]  天道書樓是22樓
[00:59:48.560 --> 00:59:50.560]  在那個回答商業中心
[00:59:50.560 --> 00:59:52.560]  15樓
[00:59:52.560 --> 00:59:54.560]  15樓明基堂
[00:59:54.560 --> 00:59:56.560]  有天道異象分享會
[00:59:56.560 --> 00:59:58.560]  歡迎大家來
[00:59:58.560 --> 01:00:00.560]  我們最近搞了很多次不同的
[01:00:00.560 --> 01:00:02.560]  123 Let's Go 的街頭報道會
[01:00:02.560 --> 01:00:04.560]  不知道你們有沒有聽過
[01:00:04.560 --> 01:00:06.560]  街頭報道會
[01:00:06.560 --> 01:00:08.560]  大家有沒有參加過
[01:00:08.560 --> 01:00:10.560]  沒有沒有聽過沒有參加過
[01:00:10.560 --> 01:00:12.560]  可能最近這幾次
[01:00:12.560 --> 01:00:14.560]  不是我做主席所以少說
[01:00:14.560 --> 01:00:16.560]  希望大家都留意
[01:00:16.560 --> 01:00:18.560]  因為這個是一個
[01:00:18.560 --> 01:00:20.560]  很特別的聚會
[01:00:20.560 --> 01:00:22.560]  在
[01:00:22.560 --> 01:00:24.560]  等一下我看看下一次
[01:00:24.560 --> 01:00:26.560]  是第幾場才下個月
[01:00:26.560 --> 01:00:28.560]  每一個月都會有一次
[01:00:28.560 --> 01:00:30.560]  每一個月都會有一次
[01:00:30.560 --> 01:00:32.560]  等一下
[01:00:32.560 --> 01:00:34.560]  下一場
[01:00:34.560 --> 01:00:36.560]  就是四月十八號
[01:00:36.560 --> 01:00:38.560]  四月十八號
[01:00:38.560 --> 01:00:40.560]  我們多數在鑽石山
[01:00:40.560 --> 01:00:42.560]  多數在鑽石山
[01:00:42.560 --> 01:00:44.560]  那裡多數是
[01:00:44.560 --> 01:00:46.560]  早上十點半到下午兩點
[01:00:46.560 --> 01:00:48.560]  十點半到
[01:00:48.560 --> 01:00:50.560]  十二點半在街頭報道
[01:00:50.560 --> 01:00:52.560]  後面那裡我們吃飯要分享
[01:00:52.560 --> 01:00:54.560]  希望大家到時可以參加
[01:00:54.560 --> 01:00:56.560]  或者大家留意一下
[01:00:56.560 --> 01:00:58.560]  上網看看我們天道書樓的網站
[01:00:58.560 --> 01:01:00.560]  裡面有資料
[01:01:00.560 --> 01:01:02.560]  鼓勵大家或者整個
[01:01:02.560 --> 01:01:04.560]  教會一齊或者整個團體
[01:01:04.560 --> 01:01:06.560]  一齊去參與這個報道會
[01:01:06.560 --> 01:01:08.560]  下一次是四月十八號
[01:01:08.560 --> 01:01:10.560]  四月十八號
[01:01:10.560 --> 01:01:12.560]  記住下星期一大家去
[01:01:12.560 --> 01:01:14.560]  明基堂
[01:01:14.560 --> 01:01:16.560]  十五樓
[01:01:16.560 --> 01:01:18.560]  去參加我們這個議長分享會
[01:01:18.560 --> 01:01:22.560]  不好意思
[01:01:22.560 --> 01:01:24.560]  我插嘴說兩句
[01:01:24.560 --> 01:01:26.560]  其實我在天道
[01:01:26.560 --> 01:01:28.560]  其中一個重要的服事
[01:01:28.560 --> 01:01:30.560]  就是成立
[01:01:30.560 --> 01:01:32.560]  天道書樓福音中心
[01:01:32.560 --> 01:01:34.560]  將我們在
[01:01:34.560 --> 01:01:36.560]  環球聖經公會
[01:01:36.560 --> 01:01:38.560]  天道書樓
[01:01:38.560 --> 01:01:40.560]  和天道傳基協會
[01:01:40.560 --> 01:01:42.560]  三個機構
[01:01:42.560 --> 01:01:44.560]  整個圖畫就完成
[01:01:44.560 --> 01:01:46.560]  一個美麗的
[01:01:46.560 --> 01:01:48.560]  一個圈
[01:01:48.560 --> 01:01:50.560]  我們由福音中心
[01:01:50.560 --> 01:01:52.560]  開始傳福音
[01:01:52.560 --> 01:01:54.560]  教人靈修
[01:01:54.560 --> 01:01:56.560]  教人看聖經
[01:01:56.560 --> 01:01:58.560]  甚至是翻譯聖經
[01:01:58.560 --> 01:02:00.560]  有識經書
[01:02:00.560 --> 01:02:02.560]  但是一路心上去
[01:02:02.560 --> 01:02:04.560]  為什麼呢
[01:02:04.560 --> 01:02:06.560]  不是讀上去就越來越近天堂
[01:02:06.560 --> 01:02:08.560]  而是呢
[01:02:08.560 --> 01:02:10.560]  其實我們要讀
[01:02:10.560 --> 01:02:12.560]  多些聖經
[01:02:12.560 --> 01:02:14.560]  就是希望在福音工作上
[01:02:14.560 --> 01:02:16.560]  也是一個圓圈
[01:02:16.560 --> 01:02:18.560]  一個循環
[01:02:18.560 --> 01:02:20.560]  使萬民作我的門徒
[01:02:20.560 --> 01:02:22.560]  就是耶穌所說的
[01:02:22.560 --> 01:02:24.560]  我們是在
[01:02:24.560 --> 01:02:26.560]  推動一個
[01:02:26.560 --> 01:02:28.560]  123 Let's Go
[01:02:28.560 --> 01:02:30.560]  傳福音的運動
[01:02:30.560 --> 01:02:32.560]  福音行動
[01:02:32.560 --> 01:02:34.560]  希望我們每一個月
[01:02:34.560 --> 01:02:36.560]  現在開始在新蒲崗傳福音
[01:02:36.560 --> 01:02:38.560]  希望在18區
[01:02:38.560 --> 01:02:40.560]  各個區
[01:02:40.560 --> 01:02:42.560]  不是一個點
[01:02:42.560 --> 01:02:44.560]  去發動更多的教會
[01:02:44.560 --> 01:02:46.560]  去參與無論是街頭報道
[01:02:46.560 --> 01:02:48.560]  嘉年華會報道
[01:02:48.560 --> 01:02:50.560]  任何的方法
[01:02:50.560 --> 01:02:52.560]  去做福音的工作
[01:02:52.560 --> 01:02:54.560]  還有一個
[01:02:54.560 --> 01:02:56.560]  門檻
[01:02:56.560 --> 01:02:58.560]  是所謂降低的
[01:02:58.560 --> 01:03:00.560]  但不是質素差的
[01:03:00.560 --> 01:03:02.560]  一個五分鐘報道法
[01:03:02.560 --> 01:03:04.560]  昨晚你信了耶穌
[01:03:04.560 --> 01:03:06.560]  今晚信了耶穌
[01:03:06.560 --> 01:03:08.560]  明天早上可以跟去傳福音
[01:03:08.560 --> 01:03:10.560]  因為五分鐘報道法就是這麼簡單
[01:03:10.560 --> 01:03:12.560]  因為信耶穌就是這麼簡單
[01:03:12.560 --> 01:03:14.560]  不是一定要讀完神學
[01:03:14.560 --> 01:03:16.560]  才信到耶穌
[01:03:16.560 --> 01:03:18.560]  可能讀完神學也不清不楚
[01:03:18.560 --> 01:03:20.560]  但是其實福音
[01:03:20.560 --> 01:03:22.560]  是神給我們的禮物
[01:03:22.560 --> 01:03:24.560]  是一個很簡單的禮物
[01:03:24.560 --> 01:03:26.560]  我們會繼續成立
[01:03:26.560 --> 01:03:28.560]  福音中心的用意
[01:03:28.560 --> 01:03:30.560]  就是推動
[01:03:30.560 --> 01:03:32.560]  福音的事工
[01:03:32.560 --> 01:03:34.560]  希望大家
[01:03:34.560 --> 01:03:36.560]  無論下個星期一
[01:03:36.560 --> 01:03:38.560]  當然很希望大家可以參與
[01:03:38.560 --> 01:03:40.560]  如果不能參與的時候
[01:03:40.560 --> 01:03:42.560]  繼續留意我們的通訊
[01:03:42.560 --> 01:03:44.560]  知道我們一路一路
[01:03:44.560 --> 01:03:46.560]  去到另一個區
[01:03:46.560 --> 01:03:48.560]  在福音行動推動的時候
[01:03:48.560 --> 01:03:50.560]  我們很需要
[01:03:50.560 --> 01:03:52.560]  多些弟兄姊妹
[01:03:52.560 --> 01:03:54.560]  來參與
[01:03:54.560 --> 01:03:56.560]  給我們很多資源
[01:03:56.560 --> 01:03:58.560]  很多動腦筋
[01:03:58.560 --> 01:04:00.560]  豬般的智慧
[01:04:00.560 --> 01:04:02.560]  去令福音的工作
[01:04:02.560 --> 01:04:04.560]  向每一個地方
[01:04:04.560 --> 01:04:06.560]  都是發展的
[01:04:06.560 --> 01:04:08.560]  其中一個我們已經想到
[01:04:08.560 --> 01:04:10.560]  就是我們的福音五分鐘
[01:04:10.560 --> 01:04:12.560]  就會一路
[01:04:12.560 --> 01:04:14.560]  錄一些影片
[01:04:14.560 --> 01:04:16.560]  然後配上不同的文字
[01:04:16.560 --> 01:04:18.560]  不同的語言
[01:04:18.560 --> 01:04:20.560]  日後去傳福音
[01:04:20.560 --> 01:04:22.560]  你説我去到日本不懂傳福音
[01:04:22.560 --> 01:04:24.560]  按幾個按鈕就播給他聽
[01:04:24.560 --> 01:04:26.560]  這樣就傳福音
[01:04:26.560 --> 01:04:28.560]  我們希望這個福音工具
[01:04:28.560 --> 01:04:30.560]  能夠發展開去
[01:04:30.560 --> 01:04:32.560]  希望大家為我們禱告
[01:04:32.560 --> 01:04:34.560]  能不能做到
[01:04:34.560 --> 01:04:36.560]  靠我一個人當然做不到
[01:04:36.560 --> 01:04:38.560]  配音也要慢慢學
[01:04:38.560 --> 01:04:40.560]  但是當弟兄姊妹
[01:04:40.560 --> 01:04:42.560]  更多的同工
[01:04:42.560 --> 01:04:44.560]  一起參與的時候
[01:04:44.560 --> 01:04:46.560]  這個是可能的
[01:04:46.560 --> 01:04:48.560]  當然加上現在的科技
[01:04:48.560 --> 01:04:50.560]  希望大家切切為我們
[01:04:50.560 --> 01:04:52.560]  天道書樓
[01:04:52.560 --> 01:04:54.560]  環球聲音工會
[01:04:54.560 --> 01:04:56.560]  天道
[01:04:56.560 --> 01:04:58.560]  傳基協會
[01:04:58.560 --> 01:05:00.560]  整個福音的事工
[01:05:00.560 --> 01:05:02.560]  作主門徒的事工
[01:05:02.560 --> 01:05:04.560]  去禱告
[01:05:04.560 --> 01:05:06.560]  我們不是單一的
[01:05:06.560 --> 01:05:08.560]  我們希望和宗教會
[01:05:08.560 --> 01:05:10.560]  宗弟兄姊妹一起同心同行
[01:05:10.560 --> 01:05:12.560]  不好意思
[01:05:12.560 --> 01:05:14.560]  搶了一點時間
[01:05:14.560 --> 01:05:16.560]  記不記得剛才說
[01:05:16.560 --> 01:05:18.560]  第一次下個月是幾時
[01:05:18.560 --> 01:05:22.560]  接下來一次
[01:05:22.560 --> 01:05:24.560]  就是三月二十八日
[01:05:24.560 --> 01:05:26.560]  剛才漏了一點
[01:05:26.560 --> 01:05:28.560]  原本二月十八日
[01:05:28.560 --> 01:05:30.560]  天雨照顧得到
[01:05:30.560 --> 01:05:32.560]  我們比較成熟的弟兄姊妹
[01:05:32.560 --> 01:05:34.560]  天雨改為三月七日
[01:05:34.560 --> 01:05:36.560]  所以三月七日
[01:05:36.560 --> 01:05:38.560]  接著二十八日
[01:05:38.560 --> 01:05:40.560]  下個月就會四月十八日
[01:05:40.560 --> 01:05:42.560]  四月十八日
[01:05:42.560 --> 01:05:44.560]  其實一路五月開始
[01:05:44.560 --> 01:05:46.560]  我們就會和
[01:05:46.560 --> 01:05:48.560]  加州那邊有二十二個地方
[01:05:48.560 --> 01:05:50.560]  同步
[01:05:50.560 --> 01:05:52.560]  一起在星期六
[01:05:52.560 --> 01:05:54.560]  去街頭
[01:05:54.560 --> 01:05:56.560]  或者商場去傳福音
[01:05:56.560 --> 01:05:58.560]  大家可以想像一下
[01:05:58.560 --> 01:06:00.560]  當我們傳福音的時候
[01:06:00.560 --> 01:06:02.560]  當然有時差
[01:06:02.560 --> 01:06:04.560]  但同一天在美國
[01:06:04.560 --> 01:06:06.560]  又有人傳福音
[01:06:06.560 --> 01:06:08.560]  好像在澳洲
[01:06:08.560 --> 01:06:10.560]  他們都在想
[01:06:10.560 --> 01:06:12.560]  怎樣去推動同樣的
[01:06:12.560 --> 01:06:14.560]  傳福音的施工
[01:06:14.560 --> 01:06:16.560]  大家多多惠到
[01:06:16.560 --> 01:06:18.560]  不只是香港
[01:06:18.560 --> 01:06:20.560]  是全球
[01:06:20.560 --> 01:06:22.560]  我們希望不只是華人
[01:06:22.560 --> 01:06:24.560]  而是所有其他
[01:06:24.560 --> 01:06:26.560]  語言的地方
[01:06:26.560 --> 01:06:28.560]  我們都可以做到
[01:06:28.560 --> 01:06:30.560]  我們請
[01:06:30.560 --> 01:06:32.560]  廖博士
[01:06:32.560 --> 01:06:34.560]  繼續
[01:06:36.560 --> 01:06:38.560]  好
[01:06:38.560 --> 01:06:40.560]  我們
[01:06:40.560 --> 01:06:42.560]  繼續
[01:06:42.560 --> 01:06:44.560]  講下邊
[01:06:44.560 --> 01:06:46.560]  剛才講到
[01:06:46.560 --> 01:06:48.560]  每日的靈修
[01:06:48.560 --> 01:06:50.560]  最重要是自己和他的關係
[01:06:50.560 --> 01:06:52.560]  關係裏面
[01:06:52.560 --> 01:06:54.560]  聖經是一個工具
[01:06:54.560 --> 01:06:56.560]  工具的意思就是中寶
[01:06:56.560 --> 01:06:58.560]  耶穌基督是我們
[01:06:58.560 --> 01:07:00.560]  接觸三一上帝的中寶
[01:07:00.560 --> 01:07:02.560]  聖經就是文字的道
[01:07:02.560 --> 01:07:04.560]  就是我們接觸耶穌基督的中寶
[01:07:04.560 --> 01:07:06.560]  所以透過聖經
[01:07:06.560 --> 01:07:08.560]  我們去接觸耶穌基督
[01:07:08.560 --> 01:07:10.560]  然後祈禱
[01:07:10.560 --> 01:07:12.560]  向三一上帝祈禱
[01:07:12.560 --> 01:07:14.560]  所以祈禱才是靈修的核心
[01:07:14.560 --> 01:07:16.560]  因為你透過經文
[01:07:16.560 --> 01:07:18.560]  去接觸上帝
[01:07:18.560 --> 01:07:20.560]  你不是停在經文的要求裏
[01:07:20.560 --> 01:07:22.560]  所以
[01:07:22.560 --> 01:07:24.560]  重點你要和神
[01:07:24.560 --> 01:07:26.560]  開始互動
[01:07:26.560 --> 01:07:28.560]  其實就是要祈禱
[01:07:28.560 --> 01:07:30.560]  然後在生活裏面用信心和眼睛
[01:07:30.560 --> 01:07:32.560]  看看上帝怎樣藉著生活的事件
[01:07:32.560 --> 01:07:34.560]  去應受和回應你
[01:07:34.560 --> 01:07:36.560]  在生活裏面不斷和祂互動
[01:07:36.560 --> 01:07:38.560]  靈修
[01:07:38.560 --> 01:07:40.560]  亦和4.7
[01:07:40.560 --> 01:07:42.560]  或者
[01:07:42.560 --> 01:07:44.560]  侍奉
[01:07:44.560 --> 01:07:46.560]  是分不開的
[01:07:46.560 --> 01:07:48.560]  這個我不詳細說了
[01:07:48.560 --> 01:07:50.560]  我想我們基督教一定是
[01:07:50.560 --> 01:07:52.560]  靈修不只是為了自己平安喜樂
[01:07:52.560 --> 01:07:54.560]  而是要出去侍奉
[01:07:54.560 --> 01:07:56.560]  因為靈修最重要的目的是愛神和愛人
[01:07:56.560 --> 01:07:58.560]  愛才是良度的指標
[01:07:58.560 --> 01:08:00.560]  不是有什麼特殊的
[01:08:00.560 --> 01:08:02.560]  素靈經歷
[01:08:02.560 --> 01:08:04.560]  所以我們靈修不是純粹
[01:08:04.560 --> 01:08:06.560]  為了平安喜樂
[01:08:06.560 --> 01:08:08.560]  因為很多人喜歡靜修
[01:08:08.560 --> 01:08:10.560]  之後就不想出去侍奉
[01:08:10.560 --> 01:08:12.560]  因為侍奉就覺得自己心情很亂
[01:08:12.560 --> 01:08:14.560]  但你要分到
[01:08:14.560 --> 01:08:16.560]  你不肯承擔弟兄姊妹的困難
[01:08:16.560 --> 01:08:18.560]  不關心人
[01:08:18.560 --> 01:08:20.560]  那些平安喜樂是不值得追求
[01:08:20.560 --> 01:08:22.560]  很自我中心的
[01:08:22.560 --> 01:08:24.560]  平安喜樂
[01:08:24.560 --> 01:08:26.560]  我們一定不是退修式那種
[01:08:26.560 --> 01:08:28.560]  不是忍修式那種
[01:08:28.560 --> 01:08:30.560]  去退修去靜修
[01:08:30.560 --> 01:08:32.560]  但目的是出來打仗
[01:08:32.560 --> 01:08:34.560]  所以一定是為弟兄姊妹
[01:08:34.560 --> 01:08:36.560]  為上帝而去退修
[01:08:36.560 --> 01:08:38.560]  我想這裡大家明白了
[01:08:38.560 --> 01:08:40.560]  接著說實踐上
[01:08:40.560 --> 01:08:42.560]  第一就是
[01:08:42.560 --> 01:08:44.560]  讀聖經的時候
[01:08:44.560 --> 01:08:46.560]  很簡單,因為時間很有限
[01:08:46.560 --> 01:08:48.560]  很重點說就是
[01:08:48.560 --> 01:08:50.560]  讀聖經一定要靈修
[01:08:50.560 --> 01:08:52.560]  或者我們言經也是
[01:08:52.560 --> 01:08:54.560]  讀聖經不要讀到moral(道德)
[01:08:54.560 --> 01:08:56.560]  那部分有什麼要求
[01:08:56.560 --> 01:08:58.560]  所以耶穌基督
[01:08:58.560 --> 01:09:00.560]  神口上說
[01:09:00.560 --> 01:09:02.560]  現在已經是福音
[01:09:02.560 --> 01:09:04.560]  我們不要將聖經重新讀成律法
[01:09:04.560 --> 01:09:08.560]  弟兄姊妹覺得很困難
[01:09:08.560 --> 01:09:10.560]  因為讀聖經很多要求
[01:09:10.560 --> 01:09:12.560]  很高
[01:09:12.560 --> 01:09:14.560]  但從頭到尾都不夠信心
[01:09:14.560 --> 01:09:16.560]  他又沒有想過
[01:09:16.560 --> 01:09:18.560]  聖經裡面所有要求的東西
[01:09:18.560 --> 01:09:20.560]  耶穌基督都會幫我們一起做到為止
[01:09:20.560 --> 01:09:22.560]  只要我們每天走一步
[01:09:24.560 --> 01:09:26.560]  但我們竟然忘記了
[01:09:26.560 --> 01:09:28.560]  因為聖經最重要就是
[01:09:28.560 --> 01:09:30.560]  無論舊約還是新約都是在說耶穌基督
[01:09:30.560 --> 01:09:34.560]  無論那些經文本身有沒有說耶穌基督
[01:09:34.560 --> 01:09:36.560]  你都要想起這是耶穌基督的教導
[01:09:36.560 --> 01:09:40.560]  祂要求我的東西一定會幫我
[01:09:40.560 --> 01:09:42.560]  你可以用另一些經文去想耶穌基督
[01:09:42.560 --> 01:09:46.560]  然後先跟耶穌基督祈禱
[01:09:46.560 --> 01:09:48.560]  或者透過耶穌基督向三一上帝祈禱
[01:09:48.560 --> 01:09:50.560]  這個今晚不詳細說
[01:09:50.560 --> 01:09:54.560]  要接觸到經文的文字背後的上帝
[01:09:54.560 --> 01:09:56.560]  才是靈修最重要的東西
[01:09:56.560 --> 01:09:58.560]  否則一本道德的書
[01:09:58.560 --> 01:10:00.560]  要往天下傳福音
[01:10:00.560 --> 01:10:02.560]  要愛人如己
[01:10:02.560 --> 01:10:04.560]  要讀完所有道德的要求
[01:10:04.560 --> 01:10:06.560]  你當然不喜歡讀
[01:10:06.560 --> 01:10:10.560]  因為律法只會令你覺得自己
[01:10:10.560 --> 01:10:12.560]  什麼都做不到
[01:10:12.560 --> 01:10:14.560]  離標準太遠
[01:10:14.560 --> 01:10:16.560]  而福音就是正正告訴你
[01:10:16.560 --> 01:10:18.560]  一早知道你不行所以才來救你
[01:10:20.560 --> 01:10:22.560]  如果你不透過耶穌基督
[01:10:22.560 --> 01:10:24.560]  怎麼讀到聖經
[01:10:24.560 --> 01:10:26.560]  怎麼積極去讀聖經
[01:10:26.560 --> 01:10:28.560]  喜歡讀聖經
[01:10:28.560 --> 01:10:30.560]  聖經是先把我帶到耶穌基督那裡
[01:10:30.560 --> 01:10:32.560]  我先接受了耶穌基督
[01:10:32.560 --> 01:10:34.560]  做我的生命主宰
[01:10:34.560 --> 01:10:36.560]  無端接納了我
[01:10:36.560 --> 01:10:38.560]  然後才開始生命轉化
[01:10:38.560 --> 01:10:40.560]  不要又靠自己去讀聖經
[01:10:40.560 --> 01:10:42.560]  所以第一件事
[01:10:42.560 --> 01:10:44.560]  讀聖經要記得是福音
[01:10:44.560 --> 01:10:46.560]  那個不是律法
[01:10:46.560 --> 01:10:48.560]  無論經文有沒有說
[01:10:48.560 --> 01:10:50.560]  有了耶穌基督的同在
[01:10:50.560 --> 01:10:52.560]  他的加力
[01:10:52.560 --> 01:10:54.560]  他的體恤
[01:10:54.560 --> 01:10:56.560]  我就可以靠著他
[01:10:56.560 --> 01:10:58.560]  去逐步實踐
[01:10:58.560 --> 01:11:00.560]  聖經的東西
[01:11:00.560 --> 01:11:02.560]  第二個條件
[01:11:02.560 --> 01:11:04.560]  你要有領袖
[01:11:04.560 --> 01:11:06.560]  就是要謙虛開放
[01:11:06.560 --> 01:11:08.560]  聖靈真的每天
[01:11:08.560 --> 01:11:10.560]  會有東西跟你說
[01:11:10.560 --> 01:11:12.560]  但問題是你不會因為那些經文很熟
[01:11:12.560 --> 01:11:14.560]  就馬上覺得沒什麼
[01:11:14.560 --> 01:11:16.560]  好想
[01:11:16.560 --> 01:11:18.560]  其實最基本的聖經
[01:11:18.560 --> 01:11:20.560]  是學一輩子的
[01:11:20.560 --> 01:11:22.560]  彼此相愛
[01:11:22.560 --> 01:11:26.560]  你真的一樣都很行
[01:11:26.560 --> 01:11:28.560]  你愛家人
[01:11:28.560 --> 01:11:30.560]  可能關係很好
[01:11:30.560 --> 01:11:32.560]  但跟弟兄姊妹可能不行
[01:11:32.560 --> 01:11:34.560]  你跟弟兄姊妹行,但一起侍奉就不行了
[01:11:34.560 --> 01:11:36.560]  開會就吵了
[01:11:36.560 --> 01:11:38.560]  有意見了,性格巨昇
[01:11:38.560 --> 01:11:40.560]  說話很激烈
[01:11:40.560 --> 01:11:42.560]  你仍然要學習跟他相處
[01:11:42.560 --> 01:11:44.560]  你可能跟他相處得
[01:11:44.560 --> 01:11:46.560]  有沒有胃袋肚
[01:11:46.560 --> 01:11:48.560]  你不懂的宣教士
[01:11:48.560 --> 01:11:52.560]  信望愛都是學一輩子的
[01:11:52.560 --> 01:11:54.560]  對付罪也是一樣
[01:11:54.560 --> 01:11:56.560]  罪,你就算貪心
[01:11:56.560 --> 01:11:58.560]  喜歡跟別人比較
[01:11:58.560 --> 01:12:00.560]  你現在減了一點
[01:12:00.560 --> 01:12:02.560]  但到某個場合又會出來
[01:12:02.560 --> 01:12:06.560]  所以任何一句
[01:12:06.560 --> 01:12:08.560]  聖經都要想想我在哪個範圍
[01:12:08.560 --> 01:12:10.560]  還可以學
[01:12:10.560 --> 01:12:12.560]  不要這麼快就說
[01:12:12.560 --> 01:12:14.560]  所以聖經很熟悉
[01:12:14.560 --> 01:12:16.560]  一個自滿的人是不會
[01:12:16.560 --> 01:12:18.560]  有東西學到的
[01:12:18.560 --> 01:12:20.560]  你說耶穌基督我想聽
[01:12:20.560 --> 01:12:22.560]  所以最基本兩個條件
[01:12:22.560 --> 01:12:24.560]  一個將聖經當福音
[01:12:24.560 --> 01:12:26.560]  讀到耶穌基督在
[01:12:26.560 --> 01:12:28.560]  所以詩篇十六篇說
[01:12:28.560 --> 01:12:30.560]  我將神擺在我面前
[01:12:30.560 --> 01:12:32.560]  想像神
[01:12:32.560 --> 01:12:34.560]  好像一個人在他面前
[01:12:34.560 --> 01:12:36.560]  或者新約聖經提摩太后書
[01:12:36.560 --> 01:12:38.560]  保羅說我最後辯護的時候
[01:12:38.560 --> 01:12:40.560]  所有弟兄姊妹都離棄我
[01:12:40.560 --> 01:12:42.560]  唯有耶穌基督站在我身旁
[01:12:42.560 --> 01:12:46.560]  很明顯我的經文
[01:12:46.560 --> 01:12:48.560]  不是在說一個異象
[01:12:48.560 --> 01:12:50.560]  真的看到耶穌基督
[01:12:50.560 --> 01:12:52.560]  是信心裡面當耶穌基督
[01:12:52.560 --> 01:12:54.560]  站在他旁邊和他一起
[01:12:54.560 --> 01:12:56.560]  他就有勇氣繼續透過辯護
[01:12:56.560 --> 01:12:58.560]  藉著這個機會傳福音
[01:12:58.560 --> 01:13:00.560]  這是他一生的使命
[01:13:00.560 --> 01:13:02.560]  所以其中一件事很幫到我祈禱的
[01:13:02.560 --> 01:13:04.560]  就是我不知道能不能幫到你
[01:13:04.560 --> 01:13:06.560]  你起碼一節經文是神的同在
[01:13:06.560 --> 01:13:08.560]  或者聽禱告的經文你背熟它
[01:13:08.560 --> 01:13:10.560]  或者閉上眼睛就想像
[01:13:10.560 --> 01:13:12.560]  耶穌基督坐在你面前
[01:13:12.560 --> 01:13:14.560]  我自己本身是宣導會的
[01:13:14.560 --> 01:13:16.560]  目者
[01:13:16.560 --> 01:13:18.560]  宣導會很強調
[01:13:18.560 --> 01:13:20.560]  基督為中心
[01:13:20.560 --> 01:13:22.560]  三一上帝,三個都是
[01:13:22.560 --> 01:13:24.560]  衛甲,神的三衛
[01:13:24.560 --> 01:13:26.560]  但耶穌基督是神的Human Face
[01:13:26.560 --> 01:13:30.560]  你一想像就真的
[01:13:30.560 --> 01:13:32.560]  我們沒見過他,但你可以想像到
[01:13:32.560 --> 01:13:34.560]  他是五六尺高的人
[01:13:34.560 --> 01:13:36.560]  一個人的形狀,眼、口、鼻
[01:13:36.560 --> 01:13:38.560]  他也是這樣
[01:13:38.560 --> 01:13:40.560]  他圍繞我們,圓固他的肉身
[01:13:40.560 --> 01:13:42.560]  永遠在一起
[01:13:42.560 --> 01:13:44.560]  然後我閉上眼睛想像他坐在我前面
[01:13:44.560 --> 01:13:46.560]  所以祈禱和
[01:13:46.560 --> 01:13:48.560]  獨白最大的分別,你一定要自己分到
[01:13:48.560 --> 01:13:50.560]  不要讓自己這樣做
[01:13:50.560 --> 01:13:52.560]  就算多沒信心,我不覺得你在我前面
[01:13:52.560 --> 01:13:54.560]  神給我有信心
[01:13:54.560 --> 01:13:56.560]  給我有信心,我信,我信不足
[01:13:56.560 --> 01:13:58.560]  你是有對象
[01:13:58.560 --> 01:14:00.560]  這樣說話,那個就真的正在祈禱
[01:14:00.560 --> 01:14:02.560]  還有想想那個對象是誰
[01:14:02.560 --> 01:14:04.560]  是兩千年前來過
[01:14:04.560 --> 01:14:06.560]  這個世界上
[01:14:06.560 --> 01:14:08.560]  是為門徒洗過腳的那位
[01:14:08.560 --> 01:14:12.560]  是醫治過大麻風的那位
[01:14:12.560 --> 01:14:16.560]  所以你想像一下對方是誰
[01:14:16.560 --> 01:14:18.560]  很多時候祈禱
[01:14:18.560 --> 01:14:20.560]  不要只顧著自己祈禱
[01:14:20.560 --> 01:14:24.560]  那個是誰
[01:14:24.560 --> 01:14:26.560]  你就知道應該怎樣跟他說話
[01:14:26.560 --> 01:14:28.560]  還有你怎樣得到幫助
[01:14:28.560 --> 01:14:30.560]  如果你祈禱完,只是困在自己的需要裡面
[01:14:30.560 --> 01:14:32.560]  對方仍然是血肉模糊
[01:14:32.560 --> 01:14:34.560]  你明白我的意思嗎
[01:14:34.560 --> 01:14:36.560]  根本都不知道那個是誰,不過說了一堆話
[01:14:36.560 --> 01:14:38.560]  你當然沒信心
[01:14:38.560 --> 01:14:40.560]  我們的信心
[01:14:40.560 --> 01:14:42.560]  不是因為我粗,我要有信心
[01:14:42.560 --> 01:14:44.560]  因為你對上帝有越來越具體
[01:14:44.560 --> 01:14:46.560]  的認識
[01:14:46.560 --> 01:14:48.560]  你的信心就會出來
[01:14:48.560 --> 01:14:50.560]  信心不是粗我的信心
[01:14:50.560 --> 01:14:52.560]  信心是一種我和他之間
[01:14:52.560 --> 01:14:54.560]  關係的質素
[01:14:54.560 --> 01:14:56.560]  但對方都模模糊糊
[01:14:56.560 --> 01:14:58.560]  那你哪有信心
[01:14:58.560 --> 01:15:00.560]  你因為很具體
[01:15:00.560 --> 01:15:02.560]  所以有些人用想像
[01:15:02.560 --> 01:15:04.560]  像保羅一樣,當我現在在他旁邊
[01:15:04.560 --> 01:15:06.560]  或在他前面
[01:15:06.560 --> 01:15:08.560]  我其中一個就是想像耶穌基督像一個人坐在我面前
[01:15:08.560 --> 01:15:10.560]  所以我不太清楚祂的面容是怎樣
[01:15:10.560 --> 01:15:12.560]  不重要,一個人坐在我面前
[01:15:12.560 --> 01:15:14.560]  我應該跟祂說話
[01:15:14.560 --> 01:15:16.560]  那你會拿回那個
[01:15:16.560 --> 01:15:18.560]  什麼叫祈禱
[01:15:18.560 --> 01:15:20.560]  有對象,如果祂是神
[01:15:20.560 --> 01:15:22.560]  不要再對空氣
[01:15:22.560 --> 01:15:24.560]  說了一堆話
[01:15:24.560 --> 01:15:26.560]  還有最好的靈修是
[01:15:26.560 --> 01:15:28.560]  無論多簡單都記下祂
[01:15:28.560 --> 01:15:30.560]  因為你要編寫
[01:15:30.560 --> 01:15:32.560]  你和神的故事
[01:15:32.560 --> 01:15:34.560]  你記得多少那些才是
[01:15:34.560 --> 01:15:36.560]  你和祂發生過的事
[01:15:36.560 --> 01:15:38.560]  你和一個朋友,如果什麼都不記得
[01:15:38.560 --> 01:15:40.560]  跟祂發生過什麼事,幫我們那些
[01:15:40.560 --> 01:15:42.560]  是那時候慶合合
[01:15:42.560 --> 01:15:44.560]  你不需要寫得很詳細
[01:15:44.560 --> 01:15:46.560]  特別現在有電腦
[01:15:46.560 --> 01:15:48.560]  口講就錄下了
[01:15:48.560 --> 01:15:50.560]  我很喜歡一記起就寫下
[01:15:50.560 --> 01:15:52.560]  寫下將來打進電腦
[01:15:52.560 --> 01:15:54.560]  還會幫你整
[01:15:54.560 --> 01:15:56.560]  現在就有AI幫你整
[01:15:56.560 --> 01:15:58.560]  總之你哪一天
[01:15:58.560 --> 01:16:00.560]  簡單的自己記下那件事
[01:16:00.560 --> 01:16:02.560]  你的舊約裡
[01:16:02.560 --> 01:16:04.560]  一有什麼事發生
[01:16:04.560 --> 01:16:06.560]  就立約
[01:16:06.560 --> 01:16:08.560]  記下
[01:16:08.560 --> 01:16:10.560]  所以現在的問題是
[01:16:10.560 --> 01:16:12.560]  如果我們和祂的關係那麼淡薄
[01:16:12.560 --> 01:16:14.560]  什麼都不記得
[01:16:14.560 --> 01:16:16.560]  所以祈禱不是一個責任的問題
[01:16:16.560 --> 01:16:18.560]  而當你靈性軟弱的時候
[01:16:18.560 --> 01:16:20.560]  你以前經歷過神的事
[01:16:20.560 --> 01:16:22.560]  就會很幫到你
[01:16:22.560 --> 01:16:24.560]  你不要到軟弱的時候
[01:16:24.560 --> 01:16:26.560]  不知如何處理
[01:16:26.560 --> 01:16:28.560]  靈修寫札記是必須的
[01:16:28.560 --> 01:16:30.560]  而且將來有機會再講
[01:16:30.560 --> 01:16:32.560]  將這些札記儲起來
[01:16:32.560 --> 01:16:34.560]  之後寫自傳
[01:16:34.560 --> 01:16:36.560]  我讀的是清教徒的傳統
[01:16:36.560 --> 01:16:38.560]  和很多不同的靈修傳統
[01:16:38.560 --> 01:16:40.560]  我退休後就開始
[01:16:40.560 --> 01:16:42.560]  將間時的札記寫起來
[01:16:42.560 --> 01:16:44.560]  編寫自傳
[01:16:44.560 --> 01:16:46.560]  不是想出版
[01:16:46.560 --> 01:16:48.560]  而是給自己看
[01:16:48.560 --> 01:16:50.560]  數算神的恩典
[01:16:50.560 --> 01:16:52.560]  從屬靈的角度
[01:16:52.560 --> 01:16:54.560]  所有發生的事
[01:16:54.560 --> 01:16:56.560]  所有大小的事
[01:16:56.560 --> 01:16:58.560]  順境的事
[01:16:58.560 --> 01:17:00.560]  逆境的事
[01:17:00.560 --> 01:17:02.560]  一過完之後
[01:17:02.560 --> 01:17:04.560]  慢慢看就看得很精彩
[01:17:04.560 --> 01:17:06.560]  上帝帶領到今天的你
[01:17:06.560 --> 01:17:08.560]  原來之前已經佈置了很多東西
[01:17:08.560 --> 01:17:10.560]  我上年退休前在神學院
[01:17:10.560 --> 01:17:12.560]  分享的見證就是
[01:17:12.560 --> 01:17:14.560]  我發覺人生裡是砌puzzle
[01:17:14.560 --> 01:17:16.560]  一千塊一萬塊
[01:17:16.560 --> 01:17:18.560]  砌一下現在看到的東西
[01:17:18.560 --> 01:17:20.560]  譬如我現在很重要
[01:17:20.560 --> 01:17:22.560]  大家知道伊納爵
[01:17:22.560 --> 01:17:24.560]  除了清教徒我們方派的傳統
[01:17:24.560 --> 01:17:26.560]  就是和伊納爵對話
[01:17:26.560 --> 01:17:28.560]  伊納爵是耶穌會的
[01:17:28.560 --> 01:17:30.560]  而我的中學就是耶穌會的
[01:17:30.560 --> 01:17:32.560]  香港只有兩間
[01:17:32.560 --> 01:17:34.560]  而我當時是未信主的
[01:17:34.560 --> 01:17:36.560]  我的耶穌會已經幫到我研究耶穌
[01:17:36.560 --> 01:17:38.560]  我看到了耶穌會的
[01:17:38.560 --> 01:17:40.560]  好的和不好的修士
[01:17:40.560 --> 01:17:42.560]  如何生活
[01:17:42.560 --> 01:17:44.560]  對我今天的研究很有幫助
[01:17:44.560 --> 01:17:46.560]  沒有一件事是偶然的
[01:17:46.560 --> 01:17:48.560]  上帝全都放在人生裡
[01:17:48.560 --> 01:17:50.560]  但你什麼都不記得
[01:17:50.560 --> 01:17:52.560]  是看不到的
[01:17:52.560 --> 01:17:54.560]  第二
[01:17:54.560 --> 01:17:56.560]  當我們這樣做的時候
[01:17:56.560 --> 01:17:58.560]  在生活處境裡
[01:17:58.560 --> 01:18:00.560]  就要留心
[01:18:00.560 --> 01:18:02.560]  上帝會透過生活的事件對我們說話
[01:18:02.560 --> 01:18:04.560]  只要你持守著信心
[01:18:04.560 --> 01:18:06.560]  帶著耶穌基督上班
[01:18:06.560 --> 01:18:08.560]  帶著耶穌基督在家庭裡生活
[01:18:08.560 --> 01:18:10.560]  看電視的時候和耶穌一起看
[01:18:10.560 --> 01:18:12.560]  特別看新聞
[01:18:12.560 --> 01:18:14.560]  新聞就是最好待肚的時間
[01:18:14.560 --> 01:18:16.560]  不要自己看新聞
[01:18:16.560 --> 01:18:18.560]  因為我這幾年看了太多負面新聞
[01:18:18.560 --> 01:18:20.560]  受不了
[01:18:20.560 --> 01:18:22.560]  你沒有耶穌和你在一起
[01:18:22.560 --> 01:18:24.560]  對那些事情是越來越麻木的
[01:18:24.560 --> 01:18:26.560]  你待肚
[01:18:26.560 --> 01:18:28.560]  最簡單就是為了待肚
[01:18:28.560 --> 01:18:30.560]  然後看神如何透過不同的人幫助他
[01:18:30.560 --> 01:18:32.560]  或者你自己有某些奉獻
[01:18:32.560 --> 01:18:34.560]  參與各樣的事情
[01:18:34.560 --> 01:18:36.560]  總之待肚時間
[01:18:36.560 --> 01:18:38.560]  和耶穌一起看新聞
[01:18:38.560 --> 01:18:40.560]  和耶穌一起休息
[01:18:40.560 --> 01:18:42.560]  所有細節
[01:18:42.560 --> 01:18:44.560]  生活都是和耶穌一起
[01:18:44.560 --> 01:18:46.560]  去留心
[01:18:46.560 --> 01:18:48.560]  當你
[01:18:48.560 --> 01:18:50.560]  耶穌和你在一起的時候
[01:18:50.560 --> 01:18:52.560]  當你有一些不適合聖經的事情
[01:18:52.560 --> 01:18:54.560]  惡念
[01:18:54.560 --> 01:18:56.560]  譬如你的同事
[01:18:56.560 --> 01:18:58.560]  給你面色看
[01:18:58.560 --> 01:19:00.560]  你馬上知道不要以惡報惡
[01:19:00.560 --> 01:19:02.560]  你會敏銳很多
[01:19:02.560 --> 01:19:04.560]  有時候你的靈性好了會敏銳一點
[01:19:04.560 --> 01:19:06.560]  有時候是聖靈自己提醒你
[01:19:06.560 --> 01:19:08.560]  你肯和他同行
[01:19:08.560 --> 01:19:10.560]  他就會提醒你
[01:19:10.560 --> 01:19:12.560]  就像剛才說的
[01:19:12.560 --> 01:19:14.560]  事實上有一個姐妹
[01:19:14.560 --> 01:19:16.560]  上班的時候她的老闆很難受
[01:19:16.560 --> 01:19:18.560]  她祈禱了很久也沒有什麼大改變
[01:19:18.560 --> 01:19:20.560]  但是
[01:19:20.560 --> 01:19:22.560]  有一天她突然想起
[01:19:22.560 --> 01:19:24.560]  最近來的同事
[01:19:24.560 --> 01:19:26.560]  和我談的基督徒
[01:19:26.560 --> 01:19:28.560]  無端端是基督徒
[01:19:28.560 --> 01:19:30.560]  大家很投契
[01:19:30.560 --> 01:19:32.560]  雖然老闆還是很難受
[01:19:32.560 --> 01:19:34.560]  但她和他之間談得好
[01:19:34.560 --> 01:19:36.560]  又可以偶爾邀請同事去吃午餐
[01:19:36.560 --> 01:19:38.560]  又覺得很有意思
[01:19:38.560 --> 01:19:40.560]  可以繼續做下去
[01:19:40.560 --> 01:19:42.560]  上帝開始用另一種方式
[01:19:42.560 --> 01:19:44.560]  幫助她
[01:19:44.560 --> 01:19:46.560]  你有信心的眼睛
[01:19:46.560 --> 01:19:48.560]  你生活中看到的東西
[01:19:48.560 --> 01:19:50.560]  不是偶然的
[01:19:50.560 --> 01:19:52.560]  但是你沒有
[01:19:52.560 --> 01:19:54.560]  同事
[01:19:54.560 --> 01:19:56.560]  要麼是基督徒,要麼不是基督徒
[01:19:56.560 --> 01:19:58.560]  只有兩種
[01:19:58.560 --> 01:20:00.560]  你這樣過活有什麼信心?
[01:20:00.560 --> 01:20:02.560]  要麼被車撞到
[01:20:02.560 --> 01:20:04.560]  要麼被車撞不到
[01:20:04.560 --> 01:20:06.560]  你這樣做人
[01:20:06.560 --> 01:20:08.560]  有什麼經歷?信心沒有經歷
[01:20:08.560 --> 01:20:10.560]  耶穌是掌管一切
[01:20:10.560 --> 01:20:12.560]  我唱首詩歌時就很慶幸
[01:20:12.560 --> 01:20:14.560]  上帝掌管一切
[01:20:14.560 --> 01:20:16.560]  生活是另一個世界
[01:20:16.560 --> 01:20:18.560]  根本是另一種信念
[01:20:18.560 --> 01:20:20.560]  現在真的
[01:20:20.560 --> 01:20:22.560]  你和耶穌一起會留意自己的惡念
[01:20:22.560 --> 01:20:24.560]  有人罵你
[01:20:24.560 --> 01:20:28.560]  你馬上不用問上帝你的旨意是什麼
[01:20:28.560 --> 01:20:30.560]  當然不要再罵他
[01:20:30.560 --> 01:20:32.560]  停了他就是他的旨意
[01:20:32.560 --> 01:20:34.560]  上帝說我不想停,你加力量給我
[01:20:34.560 --> 01:20:36.560]  你馬上知道怎麼祈禱
[01:20:36.560 --> 01:20:38.560]  所以你會
[01:20:38.560 --> 01:20:40.560]  跟神緊密很多
[01:20:40.560 --> 01:20:42.560]  而且你會看到神真的會改變你
[01:20:42.560 --> 01:20:44.560]  你會更容易控制你的脾氣
[01:20:44.560 --> 01:20:46.560]  不只是純粹你自己會警醒了
[01:20:46.560 --> 01:20:48.560]  又會好一些
[01:20:48.560 --> 01:20:50.560]  但是神會做事的
[01:20:50.560 --> 01:20:52.560]  可能對方突然又溫和了
[01:20:52.560 --> 01:20:54.560]  你就知道上帝正在幫你
[01:20:54.560 --> 01:20:56.560]  然後善念
[01:20:56.560 --> 01:20:58.560]  合聖經的叫善念
[01:20:58.560 --> 01:21:00.560]  違反聖經的叫惡念
[01:21:00.560 --> 01:21:02.560]  你會很敏銳,惡念和善念
[01:21:02.560 --> 01:21:04.560]  在生活裡面
[01:21:04.560 --> 01:21:06.560]  不想去經歷神
[01:21:06.560 --> 01:21:08.560]  因為神就是想一生住在我裡面
[01:21:08.560 --> 01:21:10.560]  就是想我一路改變對付罪
[01:21:10.560 --> 01:21:12.560]  與類似耶穌基督
[01:21:12.560 --> 01:21:14.560]  有愛神愛人的心
[01:21:14.560 --> 01:21:16.560]  所以每逢那種性質的事情
[01:21:16.560 --> 01:21:18.560]  就是出於聖靈
[01:21:18.560 --> 01:21:22.560]  譬如舉個例子
[01:21:22.560 --> 01:21:24.560]  你的同事
[01:21:24.560 --> 01:21:26.560]  無論是不是基督徒
[01:21:26.560 --> 01:21:28.560]  當他是基督徒
[01:21:28.560 --> 01:21:30.560]  他提醒你
[01:21:30.560 --> 01:21:32.560]  你回到辦公室的時候
[01:21:32.560 --> 01:21:34.560]  你給面子給別人看
[01:21:34.560 --> 01:21:36.560]  或者你說話很奇怪
[01:21:36.560 --> 01:21:38.560]  如果他不是偏見
[01:21:38.560 --> 01:21:40.560]  如果真的是你的問題
[01:21:40.560 --> 01:21:42.560]  除了是同事提醒你
[01:21:42.560 --> 01:21:44.560]  是誰提醒你呢?是聖靈
[01:21:44.560 --> 01:21:46.560]  因為聖靈是要將真理
[01:21:46.560 --> 01:21:48.560]  應用在你的生命裡面
[01:21:48.560 --> 01:21:50.560]  他不只是透過聖經才跟你說話
[01:21:50.560 --> 01:21:52.560]  他是透過處境
[01:21:52.560 --> 01:21:54.560]  讓你想起聖經
[01:21:54.560 --> 01:21:58.560]  這是我們最忽略的
[01:21:58.560 --> 01:22:00.560]  這就是學靈修的開始
[01:22:00.560 --> 01:22:02.560]  在生活裡面聆聽上帝
[01:22:02.560 --> 01:22:04.560]  但又不是很神秘的
[01:22:04.560 --> 01:22:06.560]  而是任何一個
[01:22:06.560 --> 01:22:08.560]  合聖經的東西
[01:22:08.560 --> 01:22:10.560]  你真的容易發脾氣
[01:22:10.560 --> 01:22:12.560]  你的同事提醒你
[01:22:12.560 --> 01:22:14.560]  甚至是不信的同事提醒你
[01:22:14.560 --> 01:22:16.560]  只要他不是偏見
[01:22:16.560 --> 01:22:18.560]  真是基督徒又是個人
[01:22:18.560 --> 01:22:20.560]  是適合你的
[01:22:20.560 --> 01:22:22.560]  就是出於聖靈
[01:22:22.560 --> 01:22:24.560]  因為舊約裡面神會用亞述
[01:22:24.560 --> 01:22:26.560]  去管教以色列人
[01:22:26.560 --> 01:22:28.560]  有什麼不是上帝的工具
[01:22:28.560 --> 01:22:30.560]  上帝是透過靈修
[01:22:30.560 --> 01:22:32.560]  讀經、祈禱和教會生活之後
[01:22:32.560 --> 01:22:34.560]  你有這個信心
[01:22:34.560 --> 01:22:36.560]  生活去敏銳他的工作
[01:22:36.560 --> 01:22:38.560]  你就看到生活裡面
[01:22:38.560 --> 01:22:40.560]  所有事件他都提醒你
[01:22:40.560 --> 01:22:42.560]  有東西要學
[01:22:42.560 --> 01:22:44.560]  那些叫你離開罪的東西
[01:22:44.560 --> 01:22:46.560]  那些叫你
[01:22:46.560 --> 01:22:48.560]  要更有愛心
[01:22:48.560 --> 01:22:50.560]  你知道向那方向
[01:22:50.560 --> 01:22:52.560]  那些就是上帝的聲音
[01:22:52.560 --> 01:22:54.560]  所以最基本的聖靈分辨
[01:22:54.560 --> 01:22:56.560]  複雜的將來大家有機會再學習
[01:22:56.560 --> 01:22:58.560]  最簡單的
[01:22:58.560 --> 01:23:00.560]  個人的意念
[01:23:00.560 --> 01:23:02.560]  就是出於聖靈
[01:23:02.560 --> 01:23:04.560]  神可以透過
[01:23:04.560 --> 01:23:06.560]  信主的
[01:23:06.560 --> 01:23:08.560]  譬如回教會弟兄姊妹提醒你
[01:23:08.560 --> 01:23:10.560]  透過你媽媽告訴你
[01:23:10.560 --> 01:23:12.560]  你在家裡都不像基督徒
[01:23:12.560 --> 01:23:14.560]  你真的有些不像基督徒你就信了
[01:23:14.560 --> 01:23:16.560]  就算你有八成像基督徒
[01:23:16.560 --> 01:23:18.560]  但他說你太誇張
[01:23:18.560 --> 01:23:20.560]  但有兩成是真的
[01:23:20.560 --> 01:23:22.560]  上帝都可以叫你聽到
[01:23:22.560 --> 01:23:24.560]  那兩成是真的就是真的
[01:23:24.560 --> 01:23:26.560]  一個人說話
[01:23:26.560 --> 01:23:28.560]  十句裡面九句都是偏見
[01:23:28.560 --> 01:23:30.560]  但有兩句是真的
[01:23:30.560 --> 01:23:32.560]  如果你跟慣神你會聽到
[01:23:32.560 --> 01:23:34.560]  都是要學
[01:23:34.560 --> 01:23:36.560]  他有偏見是另一回事
[01:23:36.560 --> 01:23:38.560]  但另一個層次是上帝透過他都提醒我
[01:23:38.560 --> 01:23:44.560]  所以這個就是
[01:23:44.560 --> 01:23:46.560]  當你有和耶穌有密切的關係
[01:23:46.560 --> 01:23:48.560]  知道他時時在做事
[01:23:48.560 --> 01:23:50.560]  而你知道聖靈
[01:23:50.560 --> 01:23:52.560]  每天都想做很多事
[01:23:52.560 --> 01:23:54.560]  他根本透過我們生活經驗
[01:23:54.560 --> 01:23:56.560]  在幫助我們
[01:23:56.560 --> 01:23:58.560]  所以
[01:23:58.560 --> 01:24:00.560]  只要我們在生活裡面留心
[01:24:00.560 --> 01:24:02.560]  我們是會聽到的
[01:24:02.560 --> 01:24:04.560]  最後回答一點
[01:24:04.560 --> 01:24:08.560]  有些人說
[01:24:08.560 --> 01:24:10.560]  他很難安靜
[01:24:10.560 --> 01:24:12.560]  這是一個真的問題
[01:24:12.560 --> 01:24:14.560]  當然我想每個人的困難不同
[01:24:14.560 --> 01:24:18.560]  有部分是環境的問題
[01:24:18.560 --> 01:24:20.560]  如果能夠找一些
[01:24:20.560 --> 01:24:22.560]  安靜一點的環境
[01:24:22.560 --> 01:24:24.560]  譬如家裡太吵
[01:24:24.560 --> 01:24:26.560]  可不可以早點上班或外出
[01:24:26.560 --> 01:24:28.560]  去一個地方公園
[01:24:28.560 --> 01:24:30.560]  或者任何比較安靜的
[01:24:30.560 --> 01:24:32.560]  或者去餐廳
[01:24:32.560 --> 01:24:34.560]  坐在角落會不會好一點
[01:24:34.560 --> 01:24:36.560]  找一個固定的地方
[01:24:36.560 --> 01:24:38.560]  不用每天都去找
[01:24:38.560 --> 01:24:40.560]  還有詩歌是很有幫助
[01:24:40.560 --> 01:24:42.560]  有時候我發覺現在網上有些詩歌
[01:24:42.560 --> 01:24:44.560]  有經文
[01:24:44.560 --> 01:24:46.560]  其實有些人是聽詩歌
[01:24:46.560 --> 01:24:48.560]  然後慢慢看經文
[01:24:48.560 --> 01:24:50.560]  或者聚焦
[01:24:50.560 --> 01:24:52.560]  如果真的很困難
[01:24:52.560 --> 01:24:54.560]  但是我又要說
[01:24:54.560 --> 01:24:56.560]  安靜其實不是靈修的必要
[01:24:56.560 --> 01:25:00.560]  不要太受靈修的運動
[01:25:00.560 --> 01:25:02.560]  雖然我都很欣賞伊立著
[01:25:02.560 --> 01:25:04.560]  或者大公教會
[01:25:04.560 --> 01:25:06.560]  安靜修的傳統
[01:25:06.560 --> 01:25:08.560]  因為我們基督教太忙
[01:25:08.560 --> 01:25:10.560]  不專心這是真的
[01:25:10.560 --> 01:25:12.560]  但是靜不是一個條件
[01:25:12.560 --> 01:25:14.560]  信心才是一個條件
[01:25:16.560 --> 01:25:18.560]  只不過是令你更加專心
[01:25:18.560 --> 01:25:20.560]  去讀經和祈禱
[01:25:20.560 --> 01:25:22.560]  靜是沒有神秘力量
[01:25:22.560 --> 01:25:24.560]  我們不相信靜本身
[01:25:24.560 --> 01:25:26.560]  有帶來一些神秘經歷
[01:25:26.560 --> 01:25:30.560]  你肯運用信心
[01:25:30.560 --> 01:25:32.560]  你當下在旺角都可以
[01:25:32.560 --> 01:25:34.560]  依靠神
[01:25:34.560 --> 01:25:36.560]  旺角有人踩到你的腳
[01:25:36.560 --> 01:25:38.560]  你可以發脾氣或不發脾氣
[01:25:38.560 --> 01:25:40.560]  你不用很安靜才去經歷神
[01:25:40.560 --> 01:25:42.560]  不要相信這些
[01:25:42.560 --> 01:25:44.560]  經常說聖靈的聲音很微小
[01:25:44.560 --> 01:25:46.560]  聖經裡有很大聲的聲音
[01:25:46.560 --> 01:25:48.560]  有罵人的聲音
[01:25:48.560 --> 01:25:50.560]  安慰人的聲音
[01:25:50.560 --> 01:25:52.560]  小聲的聲音
[01:25:52.560 --> 01:25:54.560]  什麼只是聖靈很微小的聲音
[01:25:54.560 --> 01:25:56.560]  這些是有象徵性文學性的表達
[01:25:56.560 --> 01:25:58.560]  不要完全相信它
[01:25:58.560 --> 01:26:00.560]  字面上是很誤導的
[01:26:00.560 --> 01:26:04.560]  聖靈的聲音是聖經的聲音
[01:26:04.560 --> 01:26:06.560]  個人的應用
[01:26:06.560 --> 01:26:08.560]  是你想不想聽
[01:26:08.560 --> 01:26:10.560]  你想聽很多功課都學不完
[01:26:10.560 --> 01:26:12.560]  有時候你不想聽那麼多
[01:26:12.560 --> 01:26:14.560]  其他東西學不到那麼多
[01:26:14.560 --> 01:26:16.560]  和家人相處都要很長時間
[01:26:16.560 --> 01:26:18.560]  先不要想同事那些
[01:26:18.560 --> 01:26:20.560]  你是受不了的
[01:26:20.560 --> 01:26:22.560]  你想聽N那麼多
[01:26:22.560 --> 01:26:24.560]  你試一下今晚用五分鐘祈禱
[01:26:24.560 --> 01:26:26.560]  教你一個很簡單的方法
[01:26:26.560 --> 01:26:28.560]  上帝在我生命裡有什麼
[01:26:28.560 --> 01:26:30.560]  你其實不太喜歡
[01:26:30.560 --> 01:26:32.560]  你試一下
[01:26:32.560 --> 01:26:34.560]  有一個經歷不是很神秘
[01:26:34.560 --> 01:26:36.560]  你會聽到很多東西
[01:26:36.560 --> 01:26:38.560]  你會聽到很多東西
[01:26:38.560 --> 01:26:40.560]  先講三樣不要講那麼多
[01:26:40.560 --> 01:26:42.560]  那就寫下來
[01:26:42.560 --> 01:26:44.560]  是真的
[01:26:44.560 --> 01:26:46.560]  經歷不是很神秘
[01:26:46.560 --> 01:26:50.560]  將來才有機會研究這些
[01:26:50.560 --> 01:26:52.560]  其實不神秘
[01:26:52.560 --> 01:26:54.560]  但又是很直接神和我們互動
[01:26:54.560 --> 01:26:56.560]  因為神根本就是想我改
[01:26:56.560 --> 01:26:58.560]  所以
[01:26:58.560 --> 01:27:00.560]  其實不是安靜的問題
[01:27:00.560 --> 01:27:02.560]  是信心的問題和想學
[01:27:02.560 --> 01:27:04.560]  上帝要干涉你
[01:27:04.560 --> 01:27:06.560]  你說話太倔
[01:27:06.560 --> 01:27:08.560]  你知道又要改
[01:27:08.560 --> 01:27:10.560]  有時你越靈修
[01:27:10.560 --> 01:27:12.560]  就會向內心世界發現
[01:27:12.560 --> 01:27:14.560]  原來以前都不覺得自己那麼差
[01:27:14.560 --> 01:27:16.560]  原來
[01:27:16.560 --> 01:27:18.560]  每天忘記神的時間
[01:27:18.560 --> 01:27:20.560]  比忘記祂的時間多很多
[01:27:20.560 --> 01:27:22.560]  因為很多人操練這件事
[01:27:22.560 --> 01:27:24.560]  帶著耶穌基督上班
[01:27:24.560 --> 01:27:26.560]  大部分人都不會超過十分鐘
[01:27:26.560 --> 01:27:28.560]  所以不要逼自己那麼長
[01:27:28.560 --> 01:27:30.560]  記住過馬路看車
[01:27:30.560 --> 01:27:32.560]  這是很真實的事
[01:27:32.560 --> 01:27:34.560]  做這些操練仍然要生活
[01:27:34.560 --> 01:27:36.560]  但耶穌是和你一起過馬路
[01:27:36.560 --> 01:27:38.560]  都要看車
[01:27:38.560 --> 01:27:40.560]  但二十分鐘
[01:27:40.560 --> 01:27:42.560]  你就會忘記祂
[01:27:42.560 --> 01:27:44.560]  然後有少許健康的內疚
[01:27:44.560 --> 01:27:46.560]  不要沒有內疚,也不要太內疚
[01:27:46.560 --> 01:27:48.560]  還有靈修的智慧
[01:27:48.560 --> 01:27:50.560]  不要去想為什麼我會分心
[01:27:50.560 --> 01:27:52.560]  因為你再想
[01:27:52.560 --> 01:27:54.560]  祂的結果就是更分心
[01:27:54.560 --> 01:27:56.560]  因為你想了那件事
[01:27:56.560 --> 01:27:58.560]  那一刻你何時分心
[01:27:58.560 --> 01:28:00.560]  那一刻就回到耶穌基督
[01:28:00.560 --> 01:28:02.560]  神啊,我就是這麼分心的人
[01:28:02.560 --> 01:28:04.560]  我現在回到你這裡
[01:28:04.560 --> 01:28:06.560]  祂在我旁邊
[01:28:06.560 --> 01:28:08.560]  穩約祂的大力
[01:28:08.560 --> 01:28:10.560]  專心是這樣操練的
[01:28:10.560 --> 01:28:12.560]  所以是安靜
[01:28:12.560 --> 01:28:14.560]  有幫助,但不是必須
[01:28:14.560 --> 01:28:16.560]  所以
[01:28:16.560 --> 01:28:20.560]  大家去操練的時候
[01:28:20.560 --> 01:28:22.560]  留心這方面
[01:28:22.560 --> 01:28:24.560]  好,我想今晚就說到這裡
[01:28:24.560 --> 01:28:26.560]  作為一個起點都挺好的
[01:28:26.560 --> 01:28:28.560]  大家有興趣
[01:28:28.560 --> 01:28:30.560]  可以在網上看書
[01:28:30.560 --> 01:28:32.560]  或者有其他講座
[01:28:32.560 --> 01:28:34.560]  有機會可以多點留意
[01:28:34.560 --> 01:28:36.560]  希望大家都喜歡靈修
[01:28:36.560 --> 01:28:38.560]  其實靈修是很開心的事
[01:28:38.560 --> 01:28:40.560]  有興趣就留在這裡
[01:28:40.560 --> 01:28:42.560]  聊聊天
[01:28:42.560 --> 01:28:44.560]  短時間內可以
[01:28:44.560 --> 01:28:46.560]  我們一起起來
[01:28:46.560 --> 01:28:54.560]  我們一起安靜,有半分鐘時間
[01:28:54.560 --> 01:28:56.560]  主耶穌基督很愛我們
[01:28:56.560 --> 01:28:58.560]  祂和我們同在
[01:28:58.560 --> 01:29:00.560]  祂想我們靈修好的
[01:29:00.560 --> 01:29:02.560]  所以我們祈禱
[01:29:02.560 --> 01:29:04.560]  今晚主耶穌有沒有透過
[01:29:04.560 --> 01:29:06.560]  哪個講座或者聖經
[01:29:06.560 --> 01:29:08.560]  都對你個人除了知識上的增長
[01:29:08.560 --> 01:29:10.560]  真的有些屬靈的事
[01:29:10.560 --> 01:29:12.560]  其實是適合你要去學習的
[01:29:12.560 --> 01:29:14.560]  你自己去和耶穌基督
[01:29:14.560 --> 01:29:16.560]  有個祈禱
[01:29:16.560 --> 01:29:18.560]  然後我們一起祈禱結束
[01:29:30.560 --> 01:29:32.560]  (靜音)
[01:30:00.560 --> 01:30:02.560]  親愛的天父我們同心離到祢面前
[01:30:02.560 --> 01:30:04.560]  我們要多謝祢
[01:30:04.560 --> 01:30:06.560]  因為祢不單創造我們生命
[01:30:06.560 --> 01:30:08.560]  也掌管我們一生的路程
[01:30:08.560 --> 01:30:10.560]  也在掌管這個世界
[01:30:10.560 --> 01:30:12.560]  親愛的聖靈我們多謝祢
[01:30:12.560 --> 01:30:14.560]  因為祢書專降貴
[01:30:14.560 --> 01:30:16.560]  住在我們裡面
[01:30:16.560 --> 01:30:18.560]  為要我們更加愛耶穌
[01:30:18.560 --> 01:30:20.560]  更加懂得跟從耶穌基督
[01:30:20.560 --> 01:30:22.560]  我們多謝主
[01:30:22.560 --> 01:30:24.560]  今晚祢藉著這個講座
[01:30:24.560 --> 01:30:26.560]  給我們有不同的亮光
[01:30:26.560 --> 01:30:28.560]  我們都是一群想
[01:30:28.560 --> 01:30:30.560]  更加跟從祢
[01:30:30.560 --> 01:30:32.560]  更加在靈修上進步
[01:30:32.560 --> 01:30:34.560]  求祢透過今晚的分享
[01:30:34.560 --> 01:30:36.560]  聖經的思想
[01:30:36.560 --> 01:30:38.560]  都給我們有一個釋放
[01:30:38.560 --> 01:30:40.560]  不要在一些次要的地方
[01:30:40.560 --> 01:30:42.560]  太過糾結
[01:30:42.560 --> 01:30:44.560]  太多內疚
[01:30:44.560 --> 01:30:46.560]  甚至是中了魔鬼撒旦的控訴
[01:30:46.560 --> 01:30:48.560]  但又叫我們在日常生活上
[01:30:48.560 --> 01:30:50.560]  時時刻刻已經可以轉向祢
[01:30:50.560 --> 01:30:52.560]  我們可以將我們的喜樂哀樂
[01:30:52.560 --> 01:30:54.560]  都和祢分享
[01:30:54.560 --> 01:30:56.560]  我們多謝主重申我們
[01:30:56.560 --> 01:30:58.560]  以致我們知道
[01:30:58.560 --> 01:31:00.560]  就算我們有時會很低沉
[01:31:00.560 --> 01:31:02.560]  但祢都會帶領我們
[01:31:02.560 --> 01:31:04.560]  會經過的
[01:31:04.560 --> 01:31:06.560]  我們憑著祢賜給我們
[01:31:06.560 --> 01:31:08.560]  那個得救的信心
[01:31:08.560 --> 01:31:10.560]  我們運用這個信心
[01:31:10.560 --> 01:31:12.560]  你就會更意識到
[01:31:12.560 --> 01:31:14.560]  你真的愛我們的主
[01:31:14.560 --> 01:31:16.560]  你要帶領我們一生
[01:31:16.560 --> 01:31:18.560]  走完這條神聖的路
[01:31:18.560 --> 01:31:20.560]  我們也仰望著
[01:31:20.560 --> 01:31:22.560]  將來回到天家的時候
[01:31:22.560 --> 01:31:24.560]  我們永遠和主耶穌基督
[01:31:24.560 --> 01:31:26.560]  上帝可以直接去交往
[01:31:26.560 --> 01:31:28.560]  我們多謝主
[01:31:28.560 --> 01:31:30.560]  讓我們有這個永生的盼望
[01:31:30.560 --> 01:31:32.560]  也讓我們今天
[01:31:32.560 --> 01:31:34.560]  能夠在靈性上和祢的關係密切
[01:31:34.560 --> 01:31:36.560]  我們經驗到那種
[01:31:36.560 --> 01:31:38.560]  屬靈的能力
[01:31:38.560 --> 01:31:40.560]  我們更加喜悅地去
[01:31:40.560 --> 01:31:42.560]  靈修親近祢
[01:31:42.560 --> 01:31:44.560]  更加願意去服侍祢
[01:31:44.560 --> 01:31:46.560]  承擔教會裡面各樣的侍奉
[01:31:46.560 --> 01:31:48.560]  或者我們職場上的見證
[01:31:48.560 --> 01:31:50.560]  按我們個別的需要
[01:31:50.560 --> 01:31:52.560]  去牧養我們
[01:31:52.560 --> 01:31:54.560]  和祢同行
[01:31:54.560 --> 01:31:56.560]  我們多謝主奉耶穌基督的命祈求
[01:31:56.560 --> 01:31:58.560]  阿門
[01:31:58.560 --> 01:32:00.560]  我們一起領受從神而來的賜福
[01:32:00.560 --> 01:32:02.560]  我們一起起來
[01:32:02.560 --> 01:32:04.560]  用信心領受從神而來的賜福
[01:32:04.560 --> 01:32:06.560]  願主耶穌基督的恩惠
[01:32:06.560 --> 01:32:08.560]  天父上帝的慈愛
[01:32:08.560 --> 01:32:10.560]  聖靈的感動
[01:32:10.560 --> 01:32:12.560]  常與我們眾人同在
[01:32:12.560 --> 01:32:14.560]  從今直到永遠
[01:32:14.560 --> 01:32:16.560]  阿門
[01:32:16.560 --> 01:32:18.560]  請坐
[01:32:22.560 --> 01:32:24.560]  請坐
[01:32:24.560 --> 01:32:26.560]  請坐
[01:32:26.560 --> 01:32:28.560]  請坐
[01:32:28.560 --> 01:32:30.560]  請坐
