
[00:00:00.000 --> 00:00:24.280]  請大家出席今晚由環球聲音工會主辦學基浸信會
[00:00:24.280 --> 00:00:33.880]  聖道重尋第三系列 從宣教易經看聖道傳承這個講座
[00:00:33.880 --> 00:00:36.680]  今晚是這個系列裡面的第一講
[00:00:36.680 --> 00:00:41.620]  題目是「私藥室的宣教與易經的啟定」
[00:00:41.620 --> 00:00:44.160]  講完是唐紫明博士
[00:00:44.160 --> 00:00:48.640]  我最近在看兩本講完所寫的書
[00:00:48.640 --> 00:00:53.440]  很想跟大家介紹一下
[00:00:53.440 --> 00:00:56.040]  第一本是「啟示與文字」
[00:00:56.040 --> 00:00:59.320]  其實大家看過螢光幕都可以看到
[00:00:59.320 --> 00:01:05.000]  第二本是「權威與贊科」
[00:01:05.000 --> 00:01:15.240]  第一本是交代有關1807年到1919年這段期間的中文聖經翻譯的故事
[00:01:15.240 --> 00:01:20.680]  第二本是由1919年之後到二零一幾年
[00:01:20.680 --> 00:01:28.360]  這段期間近代的中文聖經翻譯與譯本的比較
[00:01:28.360 --> 00:01:34.280]  兩本書沒有上下集的直接關係
[00:01:34.280 --> 00:01:36.560]  其實都是同一個故事
[00:01:36.560 --> 00:01:44.880]  作者表達他並不是為讀者陳述過去兩個世紀的易經歷史
[00:01:44.880 --> 00:01:52.960]  所以沒有將所有的譯本的清單都用這種清單的形式放在書中
[00:01:52.960 --> 00:01:59.160]  反而著重了譯本與譯本之間的關係和影響
[00:01:59.160 --> 00:02:07.840]  讓作者明白一個譯本為何會在某一個特定的時間和地方出現
[00:02:07.840 --> 00:02:14.320]  而它又對中文聖經翻譯的整體發展有甚麼影響和貢獻
[00:02:14.320 --> 00:02:18.080]  我個人很欣賞這份心意
[00:02:18.080 --> 00:02:26.960]  並且在閱讀過程中體會到作者花了很多時間、心血和精力
[00:02:26.960 --> 00:02:29.720]  來收集很多方面的資料
[00:02:29.720 --> 00:02:33.920]  對於作者的努力是十分敬佩
[00:02:33.920 --> 00:02:39.680]  因此我極力推薦大家買一本這本書來閱讀
[00:02:39.680 --> 00:02:43.840]  相信會帶給大家在閱讀過程中無窮的樂趣
[00:02:43.840 --> 00:02:46.560]  第一本我已經讀完了
[00:02:46.560 --> 00:02:48.160]  第二本剛開始閱讀
[00:02:48.160 --> 00:02:51.400]  一路讀後勾起了我很多回憶
[00:02:51.400 --> 00:02:54.360]  因為我早年的時候在中文聖經新譯會
[00:02:54.360 --> 00:02:57.120]  七零年代的時候已經在那裏參與侍奉
[00:02:57.120 --> 00:03:02.560]  裏面所講到的很多情況
[00:03:02.560 --> 00:03:06.400]  其實與我們當時的易經情況都很類似
[00:03:06.400 --> 00:03:09.200]  讀到近代的就更加不用說了
[00:03:09.200 --> 00:03:15.040]  很期待繼續閱讀第二本書,亦很鼓勵大家買來閱讀
[00:03:15.040 --> 00:03:21.120]  如果對於聖經翻譯、由來都有興趣知道更多
[00:03:21.120 --> 00:03:25.920]  不僅如此,一路讀的過程會發現很多有趣的地方
[00:03:25.920 --> 00:03:28.520]  是很值得閱讀的
[00:03:28.520 --> 00:03:32.160]  我們今天的講座與平時一樣,會分成兩節
[00:03:32.160 --> 00:03:35.200]  第一節大概到八時半左右
[00:03:35.200 --> 00:03:41.960]  講到完整的段落,我們會有一個短短的小休時間
[00:03:41.960 --> 00:03:46.320]  小休之前我們會收一次自由奉獻
[00:03:46.320 --> 00:03:48.440]  為了我們講座的需要
[00:03:48.440 --> 00:03:51.320]  機構其他方面的事工的需要
[00:03:51.320 --> 00:03:54.480]  然後大家會有十多分鐘的時間小休
[00:03:54.480 --> 00:03:59.160]  這個門口對著那個門口有一間小的房間
[00:03:59.160 --> 00:04:02.040]  我們那裏有一個書攤在那裏服侍大家
[00:04:02.040 --> 00:04:08.440]  剛才所介紹的書都會在那裏有折扣的優惠讓大家來選購
[00:04:08.440 --> 00:04:15.520]  因為今天配合講完的要求
[00:04:15.520 --> 00:04:19.520]  我們有一個特別的詩歌敬拜的時間
[00:04:19.520 --> 00:04:22.840]  所以我稍微調動了我們少少的程序
[00:04:22.840 --> 00:04:25.080]  我先介紹了講完
[00:04:25.080 --> 00:04:32.960]  然後請敬拜的眾恩玄律的弟兄姊妹上來
[00:04:32.960 --> 00:04:35.680]  有一段短時間的詩歌敬拜
[00:04:35.680 --> 00:04:41.720]  之後請講完直接出來跟我們分享第一節的課堂
[00:04:41.720 --> 00:04:47.240]  需要勞煩講完順便帶領我們有一個開會祈禱
[00:04:47.240 --> 00:04:50.040]  比較順暢的流程
[00:04:50.040 --> 00:04:51.760]  先介紹一下講完
[00:04:51.760 --> 00:04:54.840]  講完就是剛才提過的唐梓明博士
[00:04:54.840 --> 00:05:02.640]  他是加拿大三一大學神學院神學研究院聖經研究
[00:05:02.640 --> 00:05:06.760]  聖經翻譯和新教約原文的講師
[00:05:06.760 --> 00:05:14.000]  另外都是加拿大昆士昆蠻理工大學和卑詩大學
[00:05:14.000 --> 00:05:18.320]  歷史系亞洲研究系的講師
[00:05:18.320 --> 00:05:23.360]  再詳細的介紹要待會講完自己來分享
[00:05:23.360 --> 00:05:27.320]  我先把時間交給眾恩玄律的弟兄姊妹
[00:05:27.320 --> 00:05:29.280]  帶領我們有詩歌的敬拜
[00:05:29.280 --> 00:05:43.840]  各位弟兄姊妹你們好
[00:05:43.840 --> 00:05:44.760]  歡迎來到這裡
[00:05:44.760 --> 00:05:45.880]  大家方便的話
[00:05:45.880 --> 00:05:49.680]  我想邀請大家在這個敬拜時間一起集合
[00:05:49.680 --> 00:05:51.120]  就我們同心敬拜
[00:05:54.240 --> 00:05:56.080]  當我們同心敬拜的時候
[00:05:56.080 --> 00:05:57.560]  神就在中間
[00:05:57.560 --> 00:06:01.520]  每當我們同心敬拜
[00:06:01.520 --> 00:06:08.800]  每當我們同心敬拜
[00:06:08.800 --> 00:06:12.040]  來讓全世界知道
[00:06:12.040 --> 00:06:20.480]  我處極美善轉為榮光裡聖潔無瑕
[00:06:20.480 --> 00:06:26.200]  每當我們同心敬拜
[00:06:26.200 --> 00:06:29.480]  憑熱誠讚美重陽
[00:06:29.480 --> 00:06:32.680]  並世上各方驚嘆
[00:06:32.680 --> 00:06:37.760]  神恩偉業義無疆
[00:06:37.760 --> 00:06:41.280]  同眾讚出聖名
[00:06:41.280 --> 00:06:43.800]  舉起手和鼎
[00:06:43.800 --> 00:06:49.160]  同集優點志從以後教主誇聖
[00:06:49.160 --> 00:06:52.560]  同眾讚出聖名
[00:06:52.560 --> 00:06:55.080]  一手傾這重量
[00:06:55.080 --> 00:07:00.280]  同回應主恩深愛美滿
[00:07:00.280 --> 00:07:17.240]  每當我們同心敬拜
[00:07:17.240 --> 00:07:20.520]  來讓全世界知道
[00:07:20.520 --> 00:07:28.800]  我處極美善轉為榮光裡聖潔無瑕
[00:07:28.800 --> 00:07:34.560]  每當我們同心敬拜
[00:07:34.560 --> 00:07:37.760]  憑熱誠讚美重陽
[00:07:37.760 --> 00:07:40.920]  並世上各方驚嘆
[00:07:40.920 --> 00:07:45.880]  神恩偉業義無疆
[00:07:45.880 --> 00:07:49.320]  同眾讚出聖名
[00:07:49.320 --> 00:07:51.920]  舉起手和鼎
[00:07:51.920 --> 00:07:57.200]  同集優點志從以後教主誇聖
[00:07:57.200 --> 00:08:00.640]  同眾讚出聖名
[00:08:00.640 --> 00:08:03.120]  一手傾這重量
[00:08:03.120 --> 00:08:08.400]  同回應主恩深愛美滿
[00:08:08.400 --> 00:08:11.880]  同眾讚出聖名
[00:08:11.880 --> 00:08:14.440]  舉起手和鼎
[00:08:14.440 --> 00:08:19.640]  同集優點志從以後教主誇聖
[00:08:19.640 --> 00:08:22.960]  同眾讚出聖名
[00:08:22.960 --> 00:08:25.520]  一手傾這重量
[00:08:25.520 --> 00:08:31.200]  同回應主恩深愛美滿
[00:08:31.200 --> 00:08:36.880]  同回應主恩深愛美滿
[00:08:36.880 --> 00:08:42.640]  同回應主恩深愛美滿
[00:08:44.480 --> 00:08:46.400]  在我們滿心感謝你
[00:08:46.400 --> 00:08:48.120]  當我們同心敬拜的時候
[00:08:48.120 --> 00:08:50.640]  你的榮耀就充滿在這個地方
[00:08:50.640 --> 00:08:52.400]  而我們能夠在你面前
[00:08:52.400 --> 00:08:54.080]  並不是憑著自己的行為
[00:08:54.080 --> 00:08:55.280]  而是單憑著主耶穌基督
[00:08:55.280 --> 00:08:58.640]  在你木頭上為我們所成就的恩典
[00:08:58.640 --> 00:09:01.760]  主耶穌多謝你今天放下冠冕
[00:09:01.760 --> 00:09:03.400]  守上你的恩典之路
[00:09:03.400 --> 00:09:06.720]  用你的寶血去除去我們的羞辱
[00:09:06.720 --> 00:09:09.840]  將咒狀化為榮耀
[00:09:09.840 --> 00:09:11.040]  在我們承認
[00:09:11.040 --> 00:09:14.320]  在現實生活裡我們經常感到疲乏
[00:09:14.320 --> 00:09:17.200]  有時被環境壓迫得透不過氣
[00:09:17.200 --> 00:09:20.120]  就好像當初瞞途看到十字架的時候
[00:09:20.120 --> 00:09:22.080]  感到無力感一樣
[00:09:22.080 --> 00:09:23.440]  是主我們知道
[00:09:23.440 --> 00:09:25.280]  十字架並不是終點
[00:09:25.280 --> 00:09:28.160]  而是一個得勝的記號
[00:09:28.160 --> 00:09:30.440]  主基督就在這一刻
[00:09:30.440 --> 00:09:33.120]  我們願意將我們個人的軟弱
[00:09:33.120 --> 00:09:34.240]  重膽
[00:09:34.240 --> 00:09:36.120]  和對未來的恐懼
[00:09:36.120 --> 00:09:39.920]  統統都帶在這個得勝的步驟前面
[00:09:39.920 --> 00:09:41.640]  我們請用聖靈的參指
[00:09:41.640 --> 00:09:43.400]  更新我們的靈
[00:09:43.400 --> 00:09:46.120]  深信祢會必會加給我們力量
[00:09:46.120 --> 00:09:48.240]  讓我們等候祢再回來的日子
[00:09:48.240 --> 00:09:50.280]  心靈能夠再次迴轉
[00:09:50.280 --> 00:09:51.680]  如應展翅
[00:09:51.680 --> 00:09:53.520]  重新得力
[00:09:53.520 --> 00:09:54.800]  以上簡有不出祷告
[00:09:54.800 --> 00:09:57.480]  是奉下主耶穌基督得勝的名字而祈求
[00:09:57.480 --> 00:09:58.440]  阿門
[00:09:58.440 --> 00:10:04.920]  願神的話語成為我們的翅膀
[00:10:04.920 --> 00:10:06.880]  帶領我們飛越低谷
[00:10:06.880 --> 00:10:08.160]  進入祂的封城
[00:10:13.640 --> 00:10:17.120]  就在現在
[00:10:17.120 --> 00:10:20.800]  不再等待
[00:10:20.800 --> 00:10:27.200]  我的靈魂從黑暗之中醒過來
[00:10:27.200 --> 00:10:30.560]  主的封神
[00:10:30.560 --> 00:10:34.280]  主的榮耀
[00:10:34.280 --> 00:10:41.880]  教我靈魂哭歌唱至守靜默
[00:10:41.880 --> 00:10:45.320]  世上的所有
[00:10:45.320 --> 00:10:48.720]  以上的追求
[00:10:48.720 --> 00:10:55.200]  都不能媲美祢的美好
[00:10:55.200 --> 00:10:58.480]  主火的力量
[00:10:58.480 --> 00:11:01.800]  生命的光亮
[00:11:01.800 --> 00:11:06.280]  我心靈深深所嚮往
[00:11:06.280 --> 00:11:12.760]  主耶穌基督這宝貴名字
[00:11:12.760 --> 00:11:16.720]  呼喊我來到祢面前
[00:11:16.720 --> 00:11:19.160]  敬拜祢
[00:11:19.160 --> 00:11:23.520]  祢是培德以解藥
[00:11:23.520 --> 00:11:27.600]  我要歌頌祢的奶茶
[00:11:27.600 --> 00:11:33.880]  祢是我生命的唯一
[00:11:33.880 --> 00:11:36.680]  能代表主耶穌基督的必從心得力
[00:11:36.680 --> 00:11:39.080]  要我們以神的話語為中心
[00:11:39.080 --> 00:11:40.600]  做我們每天的力量
[00:11:40.600 --> 00:11:42.480]  去面對未來的挑戰
[00:11:42.480 --> 00:11:44.960]  就是憑著祂的信心宣告
[00:11:44.960 --> 00:11:47.000]  主耶穌基督是我們唯一
[00:11:47.000 --> 00:11:52.720]  我們的好處並不是祂的意外
[00:11:52.720 --> 00:11:53.880]  世上的所有
[00:11:53.880 --> 00:11:55.280]  一生的追求
[00:11:55.280 --> 00:11:59.120]  都不能夠媲美祢的美好
[00:11:59.120 --> 00:12:02.320]  世上的所有
[00:12:02.320 --> 00:12:05.520]  一生的追求
[00:12:05.520 --> 00:12:11.840]  都不能媲美祢的美好
[00:12:11.840 --> 00:12:15.040]  主火的力量
[00:12:15.040 --> 00:12:18.120]  生命的光亮
[00:12:18.120 --> 00:12:22.480]  我心靈深深所嚮往
[00:12:22.480 --> 00:12:28.760]  主耶穌基督這宝貴名字
[00:12:28.760 --> 00:12:32.600]  呼喚我來到祢面前
[00:12:32.600 --> 00:12:34.960]  敬拜祢
[00:12:34.960 --> 00:12:39.280]  祢是培德以解藥
[00:12:39.280 --> 00:12:43.160]  我要歌頌祢的奶茶
[00:12:43.160 --> 00:12:47.440]  祢是我生命的唯一
[00:12:47.440 --> 00:12:53.560]  主耶穌基督這宝貴名字
[00:12:53.560 --> 00:12:57.320]  呼喚我來到祢面前
[00:12:57.320 --> 00:12:59.600]  敬拜祢
[00:12:59.600 --> 00:13:03.760]  祢是培德以解藥
[00:13:03.760 --> 00:13:07.640]  我要歌頌祢的奶茶
[00:13:07.640 --> 00:13:11.680]  祢是我生命的唯一
[00:13:11.680 --> 00:13:17.640]  主耶穌基督這宝貴名字
[00:13:17.640 --> 00:13:21.360]  呼喚我來到祢面前
[00:13:21.360 --> 00:13:23.640]  敬拜祢
[00:13:23.640 --> 00:13:27.760]  祢是培德以解藥
[00:13:27.760 --> 00:13:31.520]  我要歌頌祢的奶茶
[00:13:31.520 --> 00:13:35.720]  祢是我生命的唯一
[00:13:35.720 --> 00:13:39.880]  祢是培德以解藥
[00:13:39.880 --> 00:13:43.680]  我要歌頌祢的奶茶
[00:13:43.680 --> 00:13:46.720]  祢是我生命的唯一
[00:13:46.720 --> 00:13:49.680]  主耶穌基督這宝貴名字
[00:13:49.680 --> 00:13:52.880]  祢是我生命的唯一
[00:13:52.880 --> 00:13:55.680]  主耶穌基督這宝貴名字
[00:13:55.680 --> 00:14:01.720]  祢是我生命的唯一
[00:14:22.880 --> 00:14:25.680]  主耶穌感謝祢給我們機會一起看
[00:14:25.680 --> 00:14:29.720]  當年的學人如何用他們的心力
[00:14:29.720 --> 00:14:30.640]  用他們的努力
[00:14:30.640 --> 00:14:33.160]  用他們的智力去做他們的工作
[00:14:33.160 --> 00:14:34.120]  發現聖經
[00:14:34.120 --> 00:14:35.880]  亦幫助我們了解
[00:14:35.880 --> 00:14:38.600]  多謝招聚一班很愛你的華裔的人
[00:14:38.600 --> 00:14:40.400]  來聽這個講座
[00:14:40.400 --> 00:14:41.520]  大家想學會
[00:14:41.520 --> 00:14:43.360]  想知道關於更多
[00:14:43.360 --> 00:14:44.560]  這本聖經是怎樣來的
[00:14:44.560 --> 00:14:47.000]  以及有什麼我們需要去明白這本聖經
[00:14:47.000 --> 00:14:48.560]  今天開啟我們的心
[00:14:48.560 --> 00:14:49.760]  讓我們更加明白
[00:14:49.760 --> 00:14:51.640]  讓我們更加欣賞
[00:14:51.640 --> 00:14:53.240]  我們手上有的華語
[00:14:53.240 --> 00:14:54.840]  來祈禱奉教主的名教
[00:14:54.840 --> 00:14:55.640]  多謝
[00:14:55.640 --> 00:15:01.920]  開場我想說我來自溫哥華
[00:15:01.920 --> 00:15:04.120]  我溫哥華是其中一間學校
[00:15:04.120 --> 00:15:05.560]  我教的叫UBC
[00:15:05.560 --> 00:15:07.440]  叫我們廣東人
[00:15:07.440 --> 00:15:08.920]  亦叫BC大學
[00:15:08.920 --> 00:15:09.840]  UBC很特別
[00:15:09.840 --> 00:15:12.440]  UBC如果你是去講座
[00:15:12.440 --> 00:15:15.000]  譬如張老師要去UBC講座
[00:15:15.000 --> 00:15:17.720]  它有一個叫Graduate College
[00:15:17.720 --> 00:15:18.920]  那間Graduate College
[00:15:18.920 --> 00:15:20.440]  是叫St. John's College
[00:15:20.440 --> 00:15:23.360]  St. John's College是沒有書教的
[00:15:23.360 --> 00:15:24.720]  那個是宿舍
[00:15:24.720 --> 00:15:26.600]  不過叫了就是St. John's College
[00:15:26.600 --> 00:15:27.960]  所以我們說你去St. John's
[00:15:27.960 --> 00:15:30.760]  其實這間很優美環境
[00:15:30.760 --> 00:15:32.400]  有地方給你吃東西
[00:15:32.400 --> 00:15:33.960]  有地方給你住
[00:15:33.960 --> 00:15:35.880]  是給有些Graduate Student
[00:15:35.880 --> 00:15:37.440]  在那裏住的
[00:15:37.440 --> 00:15:39.200]  或者一些外來港元
[00:15:39.200 --> 00:15:41.720]  在那裏有飯堂
[00:15:41.720 --> 00:15:43.760]  我以前也搞過一些講座
[00:15:43.760 --> 00:15:44.800]  我都用過的
[00:15:44.800 --> 00:15:46.560]  很特別那裏有一個牌
[00:15:46.560 --> 00:15:49.160]  寫著為何叫St. John's College
[00:15:49.160 --> 00:15:52.920]  是一班以前St. John's的校友
[00:15:52.920 --> 00:15:56.200]  和他們的子孫籌款去建的
[00:15:56.200 --> 00:15:58.240]  就說我們是來自
[00:15:58.240 --> 00:16:00.840]  這間以前在上海的大學
[00:16:00.840 --> 00:16:02.920]  我們很懷念這間大學
[00:16:02.920 --> 00:16:04.480]  我們現在沒有了
[00:16:04.480 --> 00:16:07.440]  這間大學已經不再存在在中國大陸
[00:16:07.440 --> 00:16:10.720]  但是我們希望延續這個legacy
[00:16:10.720 --> 00:16:12.800]  所以他們有些移民到加拿大
[00:16:12.800 --> 00:16:14.560]  他們一起籌款做的
[00:16:14.560 --> 00:16:16.160]  所以我們下次如果你有機會
[00:16:16.160 --> 00:16:19.920]  去溫哥華或UBC
[00:16:19.920 --> 00:16:23.680]  我可以邀請你去看看這間St. John's College
[00:16:23.680 --> 00:16:25.280]  如果你不懂去不要緊
[00:16:25.280 --> 00:16:28.720]  你問韓星或者你問
[00:16:28.720 --> 00:16:30.200]  還可以問我的contact
[00:16:30.200 --> 00:16:31.960]  我親自帶你去
[00:16:31.960 --> 00:16:35.040]  是一間不錯的大學
[00:16:35.040 --> 00:16:36.800]  這間大學有一個淵源
[00:16:36.800 --> 00:16:41.320]  我們要講的主角的故事
[00:16:41.320 --> 00:16:42.880]  他的名字叫做私藥室
[00:16:42.880 --> 00:16:45.800]  他的私藥室其實名字比較難讀
[00:16:45.800 --> 00:16:48.920]  我盡量用我認識的讀法
[00:16:48.920 --> 00:16:51.240]  他有三個名字
[00:16:51.240 --> 00:16:52.440]  就是S.I.G
[00:16:52.440 --> 00:16:55.280]  S.I.G就是Samuel, Isaac, Jacob
[00:16:55.280 --> 00:16:57.000]  全部都是Christian name
[00:16:57.000 --> 00:17:00.040]  知道這個英文名字應該怎麼讀嗎?
[00:17:00.040 --> 00:17:01.720]  Shaun Strosky
[00:17:01.720 --> 00:17:04.440]  如果你錯的話
[00:17:04.440 --> 00:17:05.280]  你也不知道的
[00:17:05.280 --> 00:17:07.600]  因為我讀得這麼有confidence
[00:17:07.600 --> 00:17:09.000]  Shaun Strosky
[00:17:09.000 --> 00:17:09.760]  就是他的名字
[00:17:09.760 --> 00:17:11.680]  所以我們讀完不再讀了
[00:17:11.680 --> 00:17:13.400]  以後就叫做私藥室
[00:17:13.400 --> 00:17:15.840]  因為他的名字比較難讀
[00:17:15.840 --> 00:17:17.320]  他先開始的
[00:17:17.320 --> 00:17:19.920]  是一個很特別的基督徒
[00:17:19.920 --> 00:17:22.080]  你要想
[00:17:22.080 --> 00:17:25.400]  當時所有宣教士的背景
[00:17:25.400 --> 00:17:28.080]  都差不多不是在歐洲
[00:17:28.080 --> 00:17:29.560]  就是在北美洲
[00:17:29.560 --> 00:17:31.040]  大部分早期
[00:17:31.040 --> 00:17:33.760]  如果你想到比較有名的宣教士
[00:17:33.760 --> 00:17:35.200]  加上一些翻譯員
[00:17:35.200 --> 00:17:36.360]  無論是瑪麗遜也好
[00:17:36.360 --> 00:17:37.600]  馬船曼也好
[00:17:37.600 --> 00:17:38.480]  米蓮也好
[00:17:38.480 --> 00:17:39.280]  或者麥多斯
[00:17:39.280 --> 00:17:40.600]  都是英國人
[00:17:40.600 --> 00:17:42.560]  他們來的差會都是倫敦會
[00:17:42.560 --> 00:17:47.760]  London Mission Society
[00:17:47.760 --> 00:17:49.320]  所以全部都是
[00:17:49.320 --> 00:17:51.240]  或者有時候有些在美國
[00:17:51.240 --> 00:17:53.640]  譬如後來的
[00:17:53.640 --> 00:17:54.240]  Brightman
[00:17:54.240 --> 00:17:55.120]  即是卑志文
[00:17:55.120 --> 00:18:00.720]  或者我們提到的
[00:18:00.720 --> 00:18:02.240]  麥麗蓮
[00:18:02.240 --> 00:18:05.240]  但是有一個就是德國人
[00:18:05.240 --> 00:18:06.160]  那個德國人
[00:18:06.160 --> 00:18:07.440]  其實當時還不是德國人
[00:18:07.440 --> 00:18:09.920]  因為德國還沒有形成Federation
[00:18:09.920 --> 00:18:11.720]  那個是一個Prussian
[00:18:11.720 --> 00:18:13.400]  他就叫Gorzolak
[00:18:13.400 --> 00:18:15.240]  他們全部都是歐洲人
[00:18:15.240 --> 00:18:19.120]  所以這個人物其實很特別
[00:18:19.120 --> 00:18:20.160]  在那個年代
[00:18:20.160 --> 00:18:21.840]  因為他是一個猶太人
[00:18:21.840 --> 00:18:23.600]  他是立陶宛的猶太人
[00:18:23.600 --> 00:18:26.080]  但是很小的時候就做了孤兒
[00:18:26.080 --> 00:18:28.720]  所以他其實有一個
[00:18:28.720 --> 00:18:31.040]  拉比學校的背景
[00:18:31.040 --> 00:18:32.760]  即是他讀過拉比學校
[00:18:32.760 --> 00:18:33.360]  換句話說
[00:18:33.360 --> 00:18:34.760]  他是一個很特別
[00:18:34.760 --> 00:18:35.480]  當你這樣想的時候
[00:18:35.480 --> 00:18:37.440]  你會覺得如果做一個聖經翻譯員
[00:18:37.440 --> 00:18:38.320]  不是很浪漫
[00:18:38.320 --> 00:18:39.240]  因為他是猶太人
[00:18:39.240 --> 00:18:43.560]  他懂得馬來話或者讀過拉比學校
[00:18:43.560 --> 00:18:45.040]  但是我們先不要這樣想
[00:18:45.040 --> 00:18:47.920]  因為當時關於聖經翻譯
[00:18:47.920 --> 00:18:49.720]  或者誰應該做聖經翻譯
[00:18:49.720 --> 00:18:52.360]  那個的想法是比較狹窄的
[00:18:52.360 --> 00:18:55.400]  如果你不是那些歐洲教會人
[00:18:55.400 --> 00:18:56.920]  或者他們認同的
[00:18:56.920 --> 00:18:58.320]  譬如浸信會
[00:18:58.320 --> 00:18:59.360]  那些警察會
[00:18:59.360 --> 00:19:00.080]  掌握會
[00:19:00.080 --> 00:19:02.240]  他覺得你未必夠資格
[00:19:02.240 --> 00:19:03.880]  所以在中文聖經翻譯
[00:19:03.880 --> 00:19:05.320]  你會發覺一個狀況
[00:19:05.320 --> 00:19:07.440]  就是有時他一些非歐裔
[00:19:07.440 --> 00:19:10.440]  或者非北美裔的翻譯員
[00:19:10.440 --> 00:19:12.560]  不多人去提及
[00:19:12.560 --> 00:19:13.880]  其中一個例子給大家
[00:19:13.880 --> 00:19:17.080]  我昨天就和另外一班愛好聖經人
[00:19:17.080 --> 00:19:19.760]  在香港聖經公會分享過
[00:19:19.760 --> 00:19:21.480]  有些在座都見過你們
[00:19:21.480 --> 00:19:26.600]  當時其中一個早期第一代的日本二馬
[00:19:26.600 --> 00:19:28.080]  日本人馬船曼
[00:19:28.080 --> 00:19:31.560]  馬船曼的老師其實是一個叫拉薩的人
[00:19:31.560 --> 00:19:33.240]  是一個亞美尼亞人
[00:19:33.240 --> 00:19:37.320]  拉薩其實是教馬船曼中文的
[00:19:37.320 --> 00:19:40.520]  但後來日本通常叫馬船曼日本
[00:19:40.520 --> 00:19:42.960]  所以那年代日本通常叫二馬日本
[00:19:42.960 --> 00:19:44.400]  大家有沒有聽過第一代的
[00:19:44.400 --> 00:19:46.320]  二馬日本一個是馬禮尚
[00:19:46.320 --> 00:19:47.480]  一個是馬船曼
[00:19:47.480 --> 00:19:49.280]  但為何不叫拉薩呢
[00:19:49.280 --> 00:19:51.920]  原因是因為拉薩是亞美尼亞人
[00:19:51.920 --> 00:19:53.600]  當時有些攻擊
[00:19:53.600 --> 00:19:56.000]  攻擊浸信會在印度做的工作
[00:19:56.000 --> 00:19:58.560]  就說那些翻譯不是好的
[00:19:58.560 --> 00:20:00.160]  或者不是一個最純正的
[00:20:00.160 --> 00:20:01.840]  因為他的老師是誰
[00:20:01.840 --> 00:20:03.000]  亞美尼亞人
[00:20:03.000 --> 00:20:06.920]  他不是一個純粹是西方教會來的
[00:20:06.920 --> 00:20:08.840]  所以就算他會中文
[00:20:08.840 --> 00:20:11.280]  也不知道他的神學觀是否正確
[00:20:11.280 --> 00:20:14.560]  所以中國的中文聖經法有這個問題
[00:20:14.560 --> 00:20:16.320]  到後來我昨天也有一個問題
[00:20:16.320 --> 00:20:20.000]  就是有沒有中文人參與中文聖經法
[00:20:20.000 --> 00:20:21.320]  其實是有的
[00:20:21.320 --> 00:20:24.240]  肯定至少違反日本的時候
[00:20:24.240 --> 00:20:25.520]  一百五十多年的時候也有
[00:20:25.520 --> 00:20:27.960]  因為黃韜父子是很大參與
[00:20:27.960 --> 00:20:29.960]  但就算是很多參與
[00:20:29.960 --> 00:20:32.160]  都是很多時候名不見傳
[00:20:32.160 --> 00:20:33.920]  和韓國教的也不同
[00:20:33.920 --> 00:20:36.040]  韓國教的韓文聖經
[00:20:36.040 --> 00:20:39.800]  很多韓國人的歷史也有被記載
[00:20:39.800 --> 00:20:41.040]  中國人反而沒有
[00:20:41.040 --> 00:20:43.120]  因為他們不知道中國人的神學觀是否正確
[00:20:43.120 --> 00:20:44.400]  所以只會說什麼?
[00:20:44.400 --> 00:20:45.400]  assistance(幫助)
[00:20:45.400 --> 00:20:47.760]  所以馬拉松其實經常看到那些畫
[00:20:47.760 --> 00:20:49.080]  兩個夾在一起
[00:20:49.080 --> 00:20:50.000]  都是assistance(幫助)
[00:20:50.000 --> 00:20:51.480]  經常中國人都是assistance(幫助)
[00:20:51.480 --> 00:20:52.320]  但是assistance(幫助)
[00:20:52.320 --> 00:20:54.680]  我們相信可能也參與了很多
[00:20:54.680 --> 00:20:57.400]  教了很多當時的西方宣教士很多的中文
[00:20:57.400 --> 00:20:58.720]  但我們不是很清楚
[00:20:58.720 --> 00:21:00.240]  所以其實這個背景
[00:21:00.240 --> 00:21:02.320]  在那個年代未必幫到他
[00:21:02.320 --> 00:21:05.320]  雖然後來大家覺得有幫助
[00:21:05.320 --> 00:21:07.640]  大家看看猶太人
[00:21:07.640 --> 00:21:09.400]  是一個基督教的敵人
[00:21:09.400 --> 00:21:12.080]  猶太人就算是基督徒也是
[00:21:12.080 --> 00:21:13.680]  也未必是最好的
[00:21:13.680 --> 00:21:15.240]  所以他是一個比較特別
[00:21:15.240 --> 00:21:16.360]  比較另類的
[00:21:16.360 --> 00:21:18.600]  他的好處在哪裡呢?
[00:21:18.600 --> 00:21:21.320]  雖然他是一個猶太背景長大
[00:21:21.320 --> 00:21:25.080]  但他後來跟著大移民潮去了美國
[00:21:25.080 --> 00:21:26.520]  所以一下子就入口了
[00:21:26.520 --> 00:21:28.280]  但去美國之前
[00:21:28.280 --> 00:21:30.880]  他就入了一間大學叫做Brussels
[00:21:30.880 --> 00:21:33.280]  那個年代應該是屬於德國的
[00:21:33.280 --> 00:21:38.160]  現在上面查是一個波蘭的大學
[00:21:38.160 --> 00:21:39.760]  他就在那裡讀書
[00:21:39.760 --> 00:21:41.520]  雖然那時候他還未缺志
[00:21:41.520 --> 00:21:46.280]  但有些相信那時候他已經開始受到宣教的熱誠影響
[00:21:46.280 --> 00:21:47.080]  為什麼呢?
[00:21:47.080 --> 00:21:49.080]  因為他入學之前
[00:21:49.080 --> 00:21:53.360]  有一個另外一個很有名的宣教士和翻譯者
[00:21:53.360 --> 00:21:54.600]  他的名字叫郭臣
[00:21:54.600 --> 00:21:56.000]  有些人讀了
[00:21:56.000 --> 00:21:58.160]  我就讀獵
[00:21:58.160 --> 00:21:59.400]  為什麼呢?
[00:21:59.400 --> 00:22:01.000]  因為
[00:22:01.000 --> 00:22:03.040]  他叫Karls Gussler
[00:22:03.040 --> 00:22:05.200]  所以其實臘跟獵也差不多
[00:22:05.200 --> 00:22:06.360]  為什麼叫做獵呢?
[00:22:06.360 --> 00:22:07.800]  因為我見過一張照片
[00:22:07.800 --> 00:22:08.800]  是他自己的照片
[00:22:08.800 --> 00:22:10.240]  他自己簽名
[00:22:10.240 --> 00:22:12.560]  他就寫了郭臣打獵的獵
[00:22:12.560 --> 00:22:14.720]  所以因為他自己簽名寫了獵
[00:22:14.720 --> 00:22:16.720]  我就覺得人都死了
[00:22:16.720 --> 00:22:18.880]  不要逆他意
[00:22:18.880 --> 00:22:20.000]  他既然叫自己做獵
[00:22:20.000 --> 00:22:21.240]  我就叫他做獵
[00:22:21.240 --> 00:22:23.880]  但是有些人繼續叫他做郭臣臘
[00:22:23.880 --> 00:22:25.080]  不要緊
[00:22:25.080 --> 00:22:28.280]  這次我回到香港
[00:22:28.280 --> 00:22:30.440]  因為我講了這麼多的性別歷史
[00:22:30.440 --> 00:22:31.760]  我專門住的地方
[00:22:31.760 --> 00:22:32.880]  都是有淵源的
[00:22:32.880 --> 00:22:34.960]  我專門去了一間叫英皇酒店
[00:22:34.960 --> 00:22:36.440]  大家知不知道英皇酒店在哪裡?
[00:22:36.440 --> 00:22:38.920]  在鄧士堅醫院旁邊
[00:22:38.920 --> 00:22:41.240]  就是摩利臣山道
[00:22:41.240 --> 00:22:43.920]  為什麼去摩利臣山道呢?
[00:22:43.920 --> 00:22:45.200]  因為就是Morrison
[00:22:45.200 --> 00:22:48.960]  以前Morrison College就在那裡
[00:22:48.960 --> 00:22:51.960]  所以以往名字叫做摩利臣山道
[00:22:51.960 --> 00:22:53.560]  我就專門去那裡
[00:22:53.560 --> 00:22:55.000]  想浸淫一下
[00:22:55.000 --> 00:22:58.400]  吸收一下Morrison的氣氛
[00:22:58.400 --> 00:23:00.600]  其實它沒有多遠的地方
[00:23:00.600 --> 00:23:03.320]  其實那裡不是醫院就是墳場
[00:23:03.320 --> 00:23:04.440]  隔壁就是鄧士堅
[00:23:04.440 --> 00:23:06.960]  再遠一點就是跑馬地墳場
[00:23:06.960 --> 00:23:09.400]  跑馬地墳場其中一個墳墓
[00:23:09.400 --> 00:23:10.760]  就是郭臣臘
[00:23:10.760 --> 00:23:12.800]  他將一生奉獻在中國
[00:23:12.800 --> 00:23:14.120]  傳福音
[00:23:14.120 --> 00:23:16.400]  一個很另類的
[00:23:16.400 --> 00:23:17.560]  今天沒有時間講
[00:23:17.560 --> 00:23:19.640]  剛才多華介紹得很好
[00:23:19.640 --> 00:23:20.920]  如果你想知道就看一看
[00:23:20.920 --> 00:23:22.160]  他是一個很另類的
[00:23:22.160 --> 00:23:24.880]  他一邊賣鴉片一邊傳福音
[00:23:24.880 --> 00:23:27.840]  因為他覺得我賣鴉片我才可以進入中國
[00:23:27.840 --> 00:23:30.000]  我不走私我怎麼進入中國呢?
[00:23:30.000 --> 00:23:32.120]  我就全部都在那時候的廣州
[00:23:32.120 --> 00:23:33.160]  一口通上
[00:23:33.160 --> 00:23:34.200]  我進不了中國
[00:23:34.200 --> 00:23:36.120]  我要將福音傳
[00:23:36.120 --> 00:23:38.360]  我就要用盡其方法
[00:23:38.360 --> 00:23:39.280]  包括
[00:23:39.280 --> 00:23:40.040]  怎麼樣呢?
[00:23:40.040 --> 00:23:41.880]  包括賣鴉片
[00:23:41.880 --> 00:23:43.040]  包括什麼呢?
[00:23:43.040 --> 00:23:44.560]  做間諜
[00:23:44.560 --> 00:23:48.280]  因為那時候英國打第一次的鴉片戰爭
[00:23:48.280 --> 00:23:49.680]  他們不太清楚
[00:23:49.680 --> 00:23:51.600]  你在廣州
[00:23:51.600 --> 00:23:53.200]  船上去
[00:23:53.200 --> 00:23:54.200]  如果打上去
[00:23:54.200 --> 00:23:56.120]  上海的長江口進去
[00:23:56.120 --> 00:23:57.200]  經過什麼呢?
[00:23:57.200 --> 00:24:01.680]  有沒有一些炮台那些呢?
[00:24:01.680 --> 00:24:02.920]  他們問誰呢?
[00:24:02.920 --> 00:24:05.520]  他們經常走私的人就問了他
[00:24:05.520 --> 00:24:07.480]  所以其實他做這些事情
[00:24:07.480 --> 00:24:09.800]  但是他另一方面很愛中國
[00:24:09.800 --> 00:24:11.880]  他開了一個叫做廣福會
[00:24:11.880 --> 00:24:13.840]  叫做Chinese Union
[00:24:13.840 --> 00:24:14.920]  我忘記了中文名
[00:24:14.920 --> 00:24:15.800]  叫做Chinese Union
[00:24:15.800 --> 00:24:18.600]  叫很多人去派聖經
[00:24:18.600 --> 00:24:19.800]  他自己寫了很多翻譯聖經
[00:24:19.800 --> 00:24:20.920]  所以他是一個很
[00:24:20.920 --> 00:24:22.080]  conflict(衝突)的人
[00:24:22.080 --> 00:24:23.000]  一方面
[00:24:23.000 --> 00:24:24.520]  他很愛中國
[00:24:24.520 --> 00:24:29.520]  他第一個是穿上一些閩南人的漁民衣服進去
[00:24:29.520 --> 00:24:31.840]  福建去傳福音的
[00:24:31.840 --> 00:24:34.240]  所以大家知道戴德森
[00:24:34.240 --> 00:24:37.120]  戴德森那時候內地會進去
[00:24:37.120 --> 00:24:40.920]  他其中一個很尊敬的是郭實烈
[00:24:40.920 --> 00:24:43.040]  因為郭實烈是做了
[00:24:43.040 --> 00:24:44.600]  我不是穿西裝進去傳福音
[00:24:44.600 --> 00:24:46.000]  我是穿著中國人的衣服
[00:24:46.000 --> 00:24:47.200]  所以他很愛中國人
[00:24:47.200 --> 00:24:48.200]  但是另一方面
[00:24:48.200 --> 00:24:49.600]  他用盡方法
[00:24:49.600 --> 00:24:53.680]  有時候方法有些可圈可點的方法去傳福音
[00:24:53.680 --> 00:24:55.320]  但是他去到德國
[00:24:55.320 --> 00:24:56.480]  因為他本身是德國人
[00:24:56.480 --> 00:24:57.440]  Prussian(德國人)
[00:24:57.440 --> 00:24:58.520]  他去到一間大學
[00:24:58.520 --> 00:25:00.560]  那些學生說你們要傳福音
[00:25:00.560 --> 00:25:02.600]  中國雖然門戶還沒開
[00:25:02.600 --> 00:25:04.120]  但是你來到的時候會開的
[00:25:04.120 --> 00:25:05.400]  你們一定要去
[00:25:05.400 --> 00:25:07.320]  所以他們很多都受他影響
[00:25:07.320 --> 00:25:08.240]  到後來
[00:25:08.240 --> 00:25:11.760]  雖然還沒有打第二次鴉片戰爭
[00:25:11.760 --> 00:25:13.120]  只有五個港口
[00:25:13.120 --> 00:25:14.560]  第一次鴉片戰爭開了
[00:25:14.560 --> 00:25:15.400]  他們很多人
[00:25:15.400 --> 00:25:16.800]  戴德森就想去
[00:25:16.800 --> 00:25:18.280]  所以我們相信
[00:25:18.280 --> 00:25:21.080]  其中一個人就是施耀室
[00:25:21.080 --> 00:25:23.160]  但是施耀室真正
[00:25:23.800 --> 00:25:25.800]  是將自己承諾給主
[00:25:25.800 --> 00:25:27.600]  其實是當他去到美國
[00:25:27.600 --> 00:25:29.160]  當他移民美國的時候
[00:25:29.160 --> 00:25:30.400]  他深受
[00:25:30.400 --> 00:25:31.760]  那時候他雖然讀大學
[00:25:31.760 --> 00:25:33.560]  已經深受教育影響
[00:25:33.560 --> 00:25:36.200]  但是他去到美國的時候才決志
[00:25:36.200 --> 00:25:37.080]  決志之後
[00:25:37.080 --> 00:25:38.800]  他就加入了那時候的
[00:25:38.800 --> 00:25:42.000]  Skopel Church
[00:25:42.000 --> 00:25:43.120]  當時的Skopel
[00:25:43.120 --> 00:25:45.240]  其實就是說美國的聖公會
[00:25:45.240 --> 00:25:46.560]  所以美國的聖公會
[00:25:46.560 --> 00:25:49.240]  不是叫Anglican的Skopel
[00:25:49.240 --> 00:25:51.600]  所以他去了美國聖公會
[00:25:51.600 --> 00:25:53.760]  去到那裡的時候另外一位有名的
[00:25:53.760 --> 00:25:54.320]  剛才說過
[00:25:54.320 --> 00:25:55.040]  William Bond
[00:25:55.040 --> 00:25:58.160]  就是一個文慧蓮的宣教士
[00:25:58.160 --> 00:26:00.040]  文慧蓮是一個很特別的人
[00:26:00.040 --> 00:26:06.000]  文慧蓮是一個美國聖公會的主教
[00:26:06.000 --> 00:26:07.840]  他有參與
[00:26:07.840 --> 00:26:08.840]  侍奉有參與
[00:26:08.840 --> 00:26:10.800]  翻譯有參與傳福音
[00:26:10.800 --> 00:26:14.120]  但是他是一個很出名去
[00:26:14.120 --> 00:26:17.080]  你可以說吵架或者辯論的人
[00:26:17.080 --> 00:26:18.920]  後來他們出了一個
[00:26:18.920 --> 00:26:19.960]  不知道大家有沒有聽過
[00:26:19.960 --> 00:26:21.000]  一個大的爭議
[00:26:21.000 --> 00:26:23.160]  那時候翻譯就是一個叫term question
[00:26:23.160 --> 00:26:25.160]  一個譯名的問題
[00:26:25.160 --> 00:26:27.080]  就是我們用這個
[00:26:27.080 --> 00:26:29.960]  當你翻譯希臘文這個theos
[00:26:29.960 --> 00:26:32.840]  以及翻譯希伯來文elohim這個字的時候
[00:26:32.840 --> 00:26:35.280]  我應該用神還是用上帝
[00:26:35.280 --> 00:26:37.840]  你就會發覺一個很特別的爭議
[00:26:37.840 --> 00:26:38.360]  為什麼?
[00:26:38.360 --> 00:26:40.400]  因為是分了國籍的
[00:26:40.400 --> 00:26:44.640]  所以其實跟一個神學觀有關聯
[00:26:44.640 --> 00:26:46.120]  但不是主要關聯
[00:26:46.120 --> 00:26:49.720]  最主要是一些其他的差會
[00:26:49.720 --> 00:26:52.640]  不滿意英國的宣教士
[00:26:52.640 --> 00:26:54.840]  因為覺得他們主導了所有的東西
[00:26:54.840 --> 00:26:58.000]  所以當麥多斯說我們要用上帝
[00:26:58.000 --> 00:27:01.560]  我們要用聖神來
[00:27:01.560 --> 00:27:03.560]  美國就說我們要用神和聖靈
[00:27:03.560 --> 00:27:04.720]  所以兩個就是一個爭議
[00:27:04.720 --> 00:27:07.880]  所以後來分了國籍就是這個原因
[00:27:07.880 --> 00:27:09.840]  所以不是純粹神學觀
[00:27:09.840 --> 00:27:11.840]  神學觀加上一個國籍
[00:27:11.840 --> 00:27:15.960]  加上一個聖經公會的一個爭議
[00:27:15.960 --> 00:27:17.520]  但是說回這件事
[00:27:17.520 --> 00:27:22.200]  文蔚蓮後來就跟麥多斯大吵架
[00:27:22.200 --> 00:27:25.680]  雖然麥多斯是一個在翻譯上
[00:27:25.680 --> 00:27:30.320]  在技術上遠超過文蔚蓮
[00:27:30.320 --> 00:27:32.320]  但文蔚蓮口才了得
[00:27:32.320 --> 00:27:35.680]  所以基本上兩個爭論得有些平分秋成
[00:27:35.680 --> 00:27:38.800]  有一年我去劍橋大學
[00:27:38.800 --> 00:27:40.600]  去到劍橋大學
[00:27:40.600 --> 00:27:42.720]  譬如去到英國的劍橋大學
[00:27:42.720 --> 00:27:48.560]  或者去到亞非學院
[00:27:48.560 --> 00:27:50.080]  就一定要扮懂東西
[00:27:50.080 --> 00:27:52.080]  你給我看文件
[00:27:52.080 --> 00:27:53.920]  劍橋大學就說
[00:27:53.920 --> 00:27:58.960]  你給我看那時候英國聖經公會的文件
[00:27:58.960 --> 00:28:00.160]  他就問你想看什麼
[00:28:00.160 --> 00:28:02.480]  就給我看這個問題
[00:28:02.480 --> 00:28:03.520]  他說OK
[00:28:03.520 --> 00:28:05.120]  然後轉過頭來
[00:28:05.120 --> 00:28:07.120]  這麼高的一疊文件
[00:28:07.120 --> 00:28:10.160]  全部都是他的信寫的文件
[00:28:10.160 --> 00:28:14.240]  我那一刻在劍橋大學只是三個小時
[00:28:14.240 --> 00:28:15.840]  我有點流汗
[00:28:15.840 --> 00:28:18.080]  吹得太大了怎麼辦
[00:28:18.080 --> 00:28:20.560]  拿著一疊東西躲起來
[00:28:20.560 --> 00:28:22.800]  很快看完就交回給他們
[00:28:22.800 --> 00:28:23.600]  我沒辦法
[00:28:23.600 --> 00:28:26.640]  但很多文件都有爭拗
[00:28:26.640 --> 00:28:31.360]  但他同一時間是一個好的老師
[00:28:31.360 --> 00:28:34.800]  因為根據很多後來的傳訊
[00:28:34.800 --> 00:28:38.480]  包括私藥室的傳訊
[00:28:38.480 --> 00:28:42.560]  很多關於宣教也是文慧蓮去鼓勵他
[00:28:42.560 --> 00:28:45.920]  文慧蓮很懂得看他的長處
[00:28:45.920 --> 00:28:48.560]  因為看到私藥室這個似乎是
[00:28:48.560 --> 00:28:50.960]  我不知道可不可以叫他用
[00:28:50.960 --> 00:28:53.040]  也不應該用宅男來形容他
[00:28:53.040 --> 00:28:56.560]  但是一個很書蟲的
[00:28:56.560 --> 00:28:58.400]  你一個書蟲來的怎麼辦
[00:28:58.400 --> 00:29:01.120]  不如我就鼓勵你做多一點研究
[00:29:01.120 --> 00:29:02.400]  所以他鼓勵他
[00:29:02.400 --> 00:29:05.680]  你既然來到中國你要學中文
[00:29:05.680 --> 00:29:06.880]  你要學好一點中文
[00:29:06.880 --> 00:29:08.480]  你說你要去
[00:29:08.480 --> 00:29:10.800]  他們就說當時初初第一次去
[00:29:10.800 --> 00:29:14.800]  當時文慧蓮已經是上海的一個主教
[00:29:14.800 --> 00:29:17.760]  所以他初初私藥室去到中國
[00:29:17.760 --> 00:29:20.640]  就是跟著文慧蓮去到上海
[00:29:20.640 --> 00:29:21.680]  去到上海之後
[00:29:21.680 --> 00:29:24.400]  很快其實他是一個大時代去到的
[00:29:24.400 --> 00:29:25.600]  因為你可以看年份
[00:29:25.600 --> 00:29:29.520]  就是1859年去到中國
[00:29:29.520 --> 00:29:32.960]  大家知不知道1859年中國那時候發生了什麼事
[00:29:32.960 --> 00:29:38.480]  跟國際1859年是在打
[00:29:38.480 --> 00:29:39.520]  太平天國
[00:29:39.520 --> 00:29:41.280]  太平天國也是
[00:29:41.280 --> 00:29:42.720]  所以兩邊是對的
[00:29:42.720 --> 00:29:44.240]  太平天國在南邊
[00:29:44.240 --> 00:29:46.480]  就是去到打對南京
[00:29:46.480 --> 00:29:48.080]  所以南京有聯
[00:29:48.080 --> 00:29:49.200]  但是另一方面
[00:29:49.200 --> 00:29:51.920]  他在打第二次鴉片戰爭
[00:29:51.920 --> 00:29:53.920]  所以他還沒打完
[00:29:53.920 --> 00:29:55.200]  我們今天
[00:29:55.200 --> 00:29:57.280]  昨晚我show給了一些第二次媒體
[00:29:57.280 --> 00:29:59.280]  所以你們知道答案不要答
[00:29:59.280 --> 00:30:01.600]  但是好像已經給了大家看
[00:30:01.600 --> 00:30:03.840]  大家盡量不要看下面的字
[00:30:03.840 --> 00:30:07.360]  你覺得這幅圖畫的相片是哪裡來的
[00:30:07.360 --> 00:30:09.920]  不要看下面的字
[00:30:09.920 --> 00:30:11.040]  不要看
[00:30:11.040 --> 00:30:13.120]  只看這幅圖
[00:30:13.120 --> 00:30:14.400]  這裡是哪裡來的
[00:30:14.400 --> 00:30:15.840]  中國來的
[00:30:15.840 --> 00:30:17.120]  中國來的
[00:30:17.120 --> 00:30:17.760]  沒錯
[00:30:17.760 --> 00:30:18.880]  這裡是香港來的
[00:30:18.880 --> 00:30:20.160]  現在是什麼
[00:30:20.160 --> 00:30:21.680]  港大
[00:30:21.680 --> 00:30:22.880]  現在還在
[00:30:22.880 --> 00:30:23.680]  叫什麼
[00:30:23.680 --> 00:30:24.640]  大館慈基
[00:30:24.640 --> 00:30:26.720]  大館慈基
[00:30:26.720 --> 00:30:27.760]  大館是拘捕人的
[00:30:27.760 --> 00:30:30.240]  這個是St. John's Cathedral
[00:30:30.240 --> 00:30:32.240]  聖約翰座堂
[00:30:32.240 --> 00:30:37.520]  聖約翰座堂在香港第一個有規模的教會
[00:30:37.520 --> 00:30:38.960]  那時候聖約翰座堂
[00:30:38.960 --> 00:30:40.000]  你看到這個塔
[00:30:40.000 --> 00:30:41.200]  今天還在
[00:30:41.200 --> 00:30:42.640]  大館在附近
[00:30:42.640 --> 00:30:43.760]  其實你們很對了
[00:30:43.760 --> 00:30:44.880]  大館在附近
[00:30:44.880 --> 00:30:46.400]  但是是座堂
[00:30:46.400 --> 00:30:50.400]  所以那時候其實維多利亞還沒做這麼多填海
[00:30:50.400 --> 00:30:51.040]  為什麼呢?
[00:30:51.040 --> 00:30:52.080]  這個是3月1日
[00:30:52.080 --> 00:30:53.280]  1860年
[00:30:53.280 --> 00:30:56.080]  他們要打了一大輪
[00:30:56.080 --> 00:30:57.920]  終於決定要打北京
[00:30:57.920 --> 00:31:02.400]  去逼路江皇帝去投降
[00:31:02.400 --> 00:31:06.800]  所以英法艦隊聯合停泊在維多利亞港
[00:31:06.800 --> 00:31:09.280]  大家知道維多利亞港有多重要嗎?
[00:31:09.280 --> 00:31:11.600]  因為水深港闊
[00:31:11.600 --> 00:31:15.360]  大到可以英法艦隊同時停泊在這裡
[00:31:15.360 --> 00:31:16.160]  所以就是這樣
[00:31:16.160 --> 00:31:18.000]  所以英國人那時候很聰明
[00:31:18.000 --> 00:31:20.320]  英國那時候有一個決定
[00:31:20.320 --> 00:31:21.920]  有兩個選擇
[00:31:21.920 --> 00:31:23.440]  一個選擇在舟山
[00:31:23.440 --> 00:31:24.960]  一個選擇在香港
[00:31:24.960 --> 00:31:26.960]  他就說我們隨便拿一個
[00:31:26.960 --> 00:31:29.520]  英國的商人就想去舟山
[00:31:29.520 --> 00:31:30.800]  不知道大家知不知道舟山在哪裡
[00:31:30.800 --> 00:31:33.360]  在上海開一個島
[00:31:33.360 --> 00:31:35.280]  在舟山的話就怎麼樣?
[00:31:35.280 --> 00:31:37.520]  就可以控制長江流域了
[00:31:37.520 --> 00:31:39.760]  他們做商人就好了
[00:31:39.760 --> 00:31:40.880]  但是香港有一個好處
[00:31:40.880 --> 00:31:41.520]  為什麼呢?
[00:31:41.520 --> 00:31:44.880]  香港靠近英國的 establishment(建築)
[00:31:44.880 --> 00:31:46.000]  新加坡也好
[00:31:46.000 --> 00:31:46.720]  馬來西亞也好
[00:31:46.720 --> 00:31:48.480]  香港變得 safer(安全)一點
[00:31:48.480 --> 00:31:50.720]  就是他從軍事上
[00:31:50.720 --> 00:31:53.840]  那時候的 admiral 就說在香港好一點
[00:31:53.840 --> 00:31:56.720]  因為我不知道去到舟山這麼高
[00:31:56.720 --> 00:31:58.960]  中間又經過廣東
[00:31:58.960 --> 00:32:00.960]  又經過福建這麼多的不同省份
[00:32:00.960 --> 00:32:03.120]  會不會有很多敵對的勢力
[00:32:03.120 --> 00:32:04.800]  所以最後選擇了香港
[00:32:04.800 --> 00:32:08.000]  讓香港可以說變得繁榮
[00:32:08.000 --> 00:32:10.000]  其中一個原因是這個緣故
[00:32:10.000 --> 00:32:11.760]  但是那時候香港很重要
[00:32:11.760 --> 00:32:15.840]  他是第二次鴉片戰爭的時候
[00:32:15.840 --> 00:32:17.360]  剛剛準備的
[00:32:17.360 --> 00:32:18.960]  所以CLS 到了那時候
[00:32:18.960 --> 00:32:21.040]  中國有一個大的變動
[00:32:21.040 --> 00:32:22.640]  昨晚我有跟大家分享
[00:32:22.640 --> 00:32:24.640]  今早我在浸會也有跟大家分享
[00:32:24.640 --> 00:32:26.720]  第一代的譯本
[00:32:26.720 --> 00:32:28.960]  其實是一個很狹窄的譯本
[00:32:28.960 --> 00:32:29.760]  為什麼呢?
[00:32:29.760 --> 00:32:31.200]  因為第一代
[00:32:31.200 --> 00:32:33.120]  如果我解釋不清楚
[00:32:33.120 --> 00:32:33.920]  不要怪我
[00:32:33.920 --> 00:32:35.840]  因為一方面是時間關係
[00:32:35.840 --> 00:32:37.520]  另一方面是有些專登的
[00:32:37.520 --> 00:32:39.440]  解釋不清楚你就要買我那本書
[00:32:39.440 --> 00:32:41.440]  因為解釋不清不楚
[00:32:41.440 --> 00:32:42.560]  怎麼明白呢?
[00:32:42.560 --> 00:32:43.920]  你就要買回去慢慢看
[00:32:43.920 --> 00:32:46.560]  所以有一點點的原因在這裡
[00:32:46.560 --> 00:32:48.320]  但是故事是什麼呢?
[00:32:48.320 --> 00:32:49.920]  因為那個年代
[00:32:49.920 --> 00:32:51.600]  他們可以在
[00:32:51.600 --> 00:32:53.120]  淫灘的十三行
[00:32:53.120 --> 00:32:55.360]  他們在廣州是一口通商
[00:32:55.360 --> 00:32:57.040]  所以他們所有的大船
[00:32:57.040 --> 00:32:59.680]  去到中國做商人
[00:32:59.680 --> 00:33:00.880]  要泊在澳門
[00:33:00.880 --> 00:33:02.720]  那些家眷
[00:33:02.720 --> 00:33:05.760]  那些比較閒雜人就在澳門下船
[00:33:05.760 --> 00:33:09.040]  然後他們就到虎門換小船
[00:33:09.040 --> 00:33:12.160]  小船就上河
[00:33:12.160 --> 00:33:14.560]  然後黃埔給稅
[00:33:14.560 --> 00:33:16.640]  然後一直去到廣州
[00:33:16.640 --> 00:33:18.080]  選廣州為什麼呢?
[00:33:18.080 --> 00:33:20.720]  因為廣州是一個河港
[00:33:20.720 --> 00:33:22.640]  不是一個海港
[00:33:22.640 --> 00:33:24.240]  河港有什麼好處呢?
[00:33:24.240 --> 00:33:25.440]  控制容易一點
[00:33:25.440 --> 00:33:26.960]  所以中國政府是控制住的
[00:33:26.960 --> 00:33:28.960]  不過去到廣州做生意
[00:33:28.960 --> 00:33:32.160]  只可以是一些商人
[00:33:32.160 --> 00:33:34.160]  或者商人的 assistant(助手)
[00:33:34.160 --> 00:33:35.440]  譬如翻譯員
[00:33:35.440 --> 00:33:36.560]  去到廣州
[00:33:36.560 --> 00:33:38.400]  你只可以在十三行
[00:33:38.400 --> 00:33:39.600]  行呢
[00:33:39.600 --> 00:33:41.120]  英文叫13 factories(工廠)
[00:33:41.120 --> 00:33:45.600]  其實不是一個最製造的地方
[00:33:45.600 --> 00:33:47.120]  是一個他們住的地方
[00:33:47.120 --> 00:33:48.640]  所以有法國行
[00:33:48.640 --> 00:33:49.840]  有英國行
[00:33:49.840 --> 00:33:51.280]  有美國行
[00:33:51.280 --> 00:33:55.360]  如果你是法國人就住美國行
[00:33:55.360 --> 00:33:56.400]  其實是這個意思
[00:33:56.400 --> 00:33:59.280]  後來超過十三個都仍然叫十三行
[00:33:59.280 --> 00:34:01.520]  所以大家有沒有去過長崎?
[00:34:01.520 --> 00:34:03.120]  如果你去過長崎
[00:34:03.120 --> 00:34:04.720]  你去過出島就一樣了
[00:34:04.720 --> 00:34:07.440]  出島就是所有荷蘭人做生意
[00:34:07.440 --> 00:34:08.320]  就是在那裡
[00:34:08.320 --> 00:34:09.680]  所以那時候是一個很狹窄
[00:34:09.680 --> 00:34:11.600]  馬來西亞唯一的機會
[00:34:11.600 --> 00:34:14.720]  就是去做一個翻譯
[00:34:14.720 --> 00:34:16.880]  幫哪家公司呢?
[00:34:16.880 --> 00:34:19.040]  東印度公司
[00:34:19.040 --> 00:34:20.480]  東印度公司出名賣什麼的?
[00:34:20.480 --> 00:34:21.360]  鴉片
[00:34:21.360 --> 00:34:22.320]  不是杏仁餅
[00:34:22.320 --> 00:34:23.200]  是鴉片
[00:34:23.200 --> 00:34:24.560]  所以不是好東西
[00:34:24.560 --> 00:34:26.640]  所以馬來西亞沒有辦法
[00:34:26.640 --> 00:34:28.480]  因為你不幫東印度公司
[00:34:28.480 --> 00:34:30.080]  那時候那些的 trade(交易)
[00:34:30.080 --> 00:34:33.120]  其實英國是跟荷蘭人的
[00:34:33.120 --> 00:34:35.520]  荷蘭人那時候做這些 trade(交易)
[00:34:35.520 --> 00:34:36.640]  他自己不做的
[00:34:36.640 --> 00:34:38.080]  因為他知道做這些 trade(交易)
[00:34:38.080 --> 00:34:39.840]  又找一些黑奴
[00:34:39.840 --> 00:34:41.040]  又搭人
[00:34:41.040 --> 00:34:41.680]  又殺人
[00:34:41.680 --> 00:34:42.720]  這些事情他們不想搞
[00:34:42.720 --> 00:34:43.680]  他們只想收錢
[00:34:43.680 --> 00:34:44.640]  所以通常是怎麼樣?
[00:34:44.640 --> 00:34:46.320]  他交給一家大公司做
[00:34:46.320 --> 00:34:49.280]  荷蘭人就交給一家公司叫做 VOC
[00:34:49.280 --> 00:34:51.840]  就是荷蘭的 Dutch(德國)的 East Indian Company(東印度公司)
[00:34:51.840 --> 00:34:53.360]  英國人跟他而已
[00:34:53.360 --> 00:34:54.880]  那麼馬勒信做
[00:34:54.880 --> 00:34:56.080]  但是馬勒信知道
[00:34:56.080 --> 00:34:57.280]  作為一個宣教士
[00:34:57.280 --> 00:34:58.320]  幫他們做這些事情
[00:34:58.320 --> 00:34:59.680]  賣鴉片其實不好
[00:34:59.680 --> 00:35:00.960]  但是沒有辦法
[00:35:00.960 --> 00:35:03.200]  到米蓮來幫他
[00:35:03.200 --> 00:35:04.000]  我就知道了
[00:35:04.000 --> 00:35:07.360]  米蓮去到廣州想幫馬勒信
[00:35:07.360 --> 00:35:08.560]  說我留下行不行?
[00:35:08.560 --> 00:35:11.280]  馬勒信說你留下一定要幫東印度公司做
[00:35:11.280 --> 00:35:13.280]  你幫東印度公司做
[00:35:13.280 --> 00:35:17.040]  你就沒有辦法背負賣鴉片的惡名
[00:35:17.040 --> 00:35:18.000]  所以我不相信你
[00:35:18.000 --> 00:35:19.360]  而且你做太忙了
[00:35:19.360 --> 00:35:21.600]  你做太忙做不到封印工作
[00:35:21.600 --> 00:35:22.960]  他就說不要了
[00:35:22.960 --> 00:35:24.160]  那麼米蓮就幫你去別的地方
[00:35:24.160 --> 00:35:25.520]  米蓮就想去澳門
[00:35:25.520 --> 00:35:26.960]  但是被澳門踢了出來
[00:35:26.960 --> 00:35:28.000]  大家知不知道為什麼?
[00:35:28.000 --> 00:35:32.080]  為什麼米蓮會被澳門政府踢走?
[00:35:32.080 --> 00:35:34.960]  澳門政府是誰管的?
[00:35:34.960 --> 00:35:36.400]  葡萄牙
[00:35:36.400 --> 00:35:37.360]  葡萄牙是什麼國教的?
[00:35:37.360 --> 00:35:39.840]  為什麼要給你基督徒來?
[00:35:39.840 --> 00:35:41.200]  為什麼要給你新教徒來?
[00:35:41.200 --> 00:35:42.000]  想踢他走
[00:35:42.000 --> 00:35:43.040]  然後沒辦法了
[00:35:43.040 --> 00:35:44.240]  他說澳門又不行
[00:35:44.240 --> 00:35:45.840]  廣州你又不給我
[00:35:45.840 --> 00:35:48.160]  然後米蓮去了哪裡?
[00:35:48.160 --> 00:35:49.600]  去了馬六甲
[00:35:49.600 --> 00:35:52.720]  去了馬六甲就開展了整個新的封印
[00:35:52.720 --> 00:35:56.080]  所以在馬六甲他才可以跟華人溝通
[00:35:56.080 --> 00:36:00.320]  一直馬勒信在十三行都溝通不了
[00:36:00.320 --> 00:36:05.840]  做完的唯一機會學中文就是請一些華人的工人
[00:36:05.840 --> 00:36:07.840]  一些華人的servant
[00:36:07.840 --> 00:36:09.840]  從中學中文
[00:36:09.840 --> 00:36:12.720]  另外一班就在西蘭坡
[00:36:12.720 --> 00:36:17.040]  就是在印度丹麥的一個港口
[00:36:17.040 --> 00:36:19.040]  本來是做印度文的
[00:36:19.040 --> 00:36:20.720]  後來因為拉薩的加盟
[00:36:20.720 --> 00:36:22.320]  拉薩是一個亞美尼亞人
[00:36:22.320 --> 00:36:23.520]  為什麼拉薩會去呢?
[00:36:23.520 --> 00:36:26.160]  拉薩本身是他爸爸經商的
[00:36:26.160 --> 00:36:28.400]  他爸爸經商是怎樣的?
[00:36:28.400 --> 00:36:29.280]  大家先講過
[00:36:29.280 --> 00:36:32.000]  去到廣州經商要先經過哪裡?
[00:36:32.000 --> 00:36:33.360]  先經過澳門
[00:36:33.360 --> 00:36:34.880]  要放下家眷
[00:36:34.880 --> 00:36:37.120]  小朋友就放下在澳門
[00:36:37.120 --> 00:36:38.640]  小朋友是讀書的
[00:36:38.640 --> 00:36:40.240]  但是小朋友
[00:36:40.240 --> 00:36:42.000]  爸爸問你以後想做什麼?
[00:36:42.000 --> 00:36:44.240]  我要跟你一樣做生意
[00:36:44.240 --> 00:36:44.800]  好
[00:36:44.800 --> 00:36:45.600]  聰明
[00:36:45.600 --> 00:36:46.720]  你學一下中文
[00:36:46.720 --> 00:36:49.440]  請了一個廣東人去教他中文
[00:36:49.440 --> 00:36:51.200]  所以拉薩後來學中文
[00:36:51.200 --> 00:36:53.440]  他在印度做生意失敗
[00:36:53.440 --> 00:36:56.080]  就幫那邊的浸信會翻譯聖經
[00:36:56.080 --> 00:36:58.080]  所以那邊又有一個中文聖經翻譯
[00:36:58.080 --> 00:37:01.440]  但是那個同樣都是很少壞的地方
[00:37:01.440 --> 00:37:02.960]  有的都是一些華工
[00:37:02.960 --> 00:37:04.080]  很少人
[00:37:04.080 --> 00:37:06.880]  所以兩個地方都有中文聖經翻譯
[00:37:06.880 --> 00:37:08.640]  是第一代而不是日本
[00:37:08.640 --> 00:37:11.360]  但是無論十三行或者西蘭坡
[00:37:11.360 --> 00:37:12.560]  都很少壞人
[00:37:12.560 --> 00:37:14.960]  所以翻譯出來的版本通常是怎樣?
[00:37:14.960 --> 00:37:16.160]  是很難看的
[00:37:16.160 --> 00:37:16.960]  很直譯
[00:37:16.960 --> 00:37:17.600]  很難看
[00:37:17.600 --> 00:37:18.560]  很難明白
[00:37:18.560 --> 00:37:22.240]  但是到施約瑟去到中國的時候是怎樣?
[00:37:22.240 --> 00:37:23.680]  突然間情況
[00:37:23.680 --> 00:37:25.360]  180度轉變
[00:37:25.360 --> 00:37:27.920]  是一個大時代
[00:37:27.920 --> 00:37:31.920]  因為他們簽北京和天津條約和北京條約
[00:37:31.920 --> 00:37:33.360]  簽完之後
[00:37:33.360 --> 00:37:38.880]  其中一個在天津條約裡面給他們什麼?
[00:37:38.880 --> 00:37:42.160]  給外國人在中國的活動
[00:37:42.160 --> 00:37:44.960]  其實有兩個很重要的影響
[00:37:44.960 --> 00:37:46.160]  影響後來聖經翻譯
[00:37:46.160 --> 00:37:48.800]  一個就是外國人在中國可以自由
[00:37:48.800 --> 00:37:49.840]  去不同地方
[00:37:49.840 --> 00:37:51.760]  之前大家知不知道
[00:37:51.760 --> 00:37:54.560]  他第一次簽南京條約
[00:37:54.560 --> 00:37:56.400]  將香港撲讓
[00:37:56.400 --> 00:37:59.040]  還給了多少個港口給他們經商?
[00:37:59.040 --> 00:38:00.880]  五個而已
[00:38:00.880 --> 00:38:02.960]  只有福州
[00:38:02.960 --> 00:38:05.280]  相信廈門
[00:38:05.280 --> 00:38:06.640]  寧波
[00:38:06.640 --> 00:38:07.680]  上海那些
[00:38:07.680 --> 00:38:09.840]  所以其實他們都是很狹窄的
[00:38:09.840 --> 00:38:10.880]  沒辦法去
[00:38:10.880 --> 00:38:13.600]  但是到第二次戰敗
[00:38:13.600 --> 00:38:16.640]  簽訂天津和北京條約
[00:38:16.640 --> 00:38:21.920]  其中一個給他就是給外國人去中國不同地方深入內地
[00:38:21.920 --> 00:38:24.400]  所以那時候有內地會就是這樣的原因
[00:38:24.400 --> 00:38:26.400]  因為他終於可以入內地了
[00:38:26.400 --> 00:38:27.840]  而他們入內地
[00:38:27.840 --> 00:38:30.480]  本來入內地其實只是想做生意
[00:38:30.480 --> 00:38:31.280]  尤其是英國人
[00:38:31.280 --> 00:38:33.200]  英國人最想去什麼?
[00:38:33.200 --> 00:38:34.800]  跟著長江流域
[00:38:34.800 --> 00:38:40.000]  一直上去武漢等地方
[00:38:40.000 --> 00:38:40.880]  一直上去
[00:38:40.880 --> 00:38:42.160]  做很多生意
[00:38:42.160 --> 00:38:44.640]  其中一個美國翻譯員叫做
[00:38:44.640 --> 00:38:46.000]  我昨晚也跟大家說
[00:38:46.000 --> 00:38:46.960]  很有名的
[00:38:46.960 --> 00:38:47.760]  很出名的
[00:38:47.760 --> 00:38:48.640]  名字很酷
[00:38:48.640 --> 00:38:50.000]  叫做魏三衛
[00:38:50.000 --> 00:38:53.440]  聲音好像徐三海的表哥
[00:38:53.440 --> 00:38:55.840]  魏三衛是一個寶衛的衛
[00:38:55.840 --> 00:38:57.600]  三衛是畏懼的衛
[00:38:57.600 --> 00:38:58.880]  魏三衛
[00:38:58.880 --> 00:39:01.120]  魏三衛下手腳
[00:39:01.120 --> 00:39:03.520]  當他做翻譯的時候
[00:39:03.520 --> 00:39:04.880]  他本來是外國人
[00:39:04.880 --> 00:39:06.320]  可以在中國自由出入
[00:39:06.320 --> 00:39:07.360]  做生意的
[00:39:07.360 --> 00:39:08.320]  他加了一句
[00:39:08.320 --> 00:39:10.640]  以及 practice(練習)信仰
[00:39:10.640 --> 00:39:11.840]  是真實的
[00:39:11.840 --> 00:39:13.200]  我不是亂說的
[00:39:13.200 --> 00:39:14.480]  practice(練習)信仰
[00:39:14.480 --> 00:39:15.440]  那變成什麼呢?
[00:39:15.440 --> 00:39:17.280]  practice(練習)信仰就 include(包括)
[00:39:17.280 --> 00:39:18.240]  去教會
[00:39:18.240 --> 00:39:19.200]  去轉福音
[00:39:19.200 --> 00:39:20.160]  那些東西
[00:39:20.160 --> 00:39:22.320]  所以中國人已經被人打到
[00:39:22.320 --> 00:39:23.360]  頭也瘟了
[00:39:23.360 --> 00:39:25.120]  你簽什麼他都給
[00:39:25.120 --> 00:39:26.880]  如果你不相信我告訴大家
[00:39:26.880 --> 00:39:29.360]  那時候俄羅斯一個兵都沒有出過
[00:39:29.360 --> 00:39:31.040]  俄羅斯說我都要
[00:39:31.040 --> 00:39:32.320]  你們拿了這麼多東西
[00:39:32.320 --> 00:39:34.320]  我都要,大家知道俄羅斯在說什麼嗎?
[00:39:34.320 --> 00:39:36.800]  整個北部
[00:39:36.800 --> 00:39:39.600]  整個北部的俄羅斯
[00:39:39.600 --> 00:39:41.920]  including(包括)那時候的開心威
[00:39:41.920 --> 00:39:45.840]  現在叫做Fernikov
[00:39:45.840 --> 00:39:48.000]  整個地方都是俄羅斯
[00:39:48.000 --> 00:39:49.600]  但一個兵都沒有出過
[00:39:49.600 --> 00:39:51.200]  俄羅斯只是說我要
[00:39:51.200 --> 00:39:53.120]  你就在北京條約給我
[00:39:53.120 --> 00:39:54.560]  所以那時候已經被人打到
[00:39:54.560 --> 00:39:55.520]  shell shock(頭也瘟了)
[00:39:55.520 --> 00:39:57.280]  所以你加什麼他都不管
[00:39:57.280 --> 00:39:58.320]  所以加了這個
[00:39:58.320 --> 00:40:00.480]  那就變成了基督徒可以入到裡面
[00:40:00.480 --> 00:40:01.520]  所以有兩件事很重要
[00:40:01.520 --> 00:40:04.720]  一來他們可以深入去內地傳福音
[00:40:04.720 --> 00:40:07.520]  第二來他們終於可以去北京
[00:40:07.520 --> 00:40:09.120]  本來他們不讓進入北京
[00:40:09.120 --> 00:40:11.440]  如果你看那五個港口全部是什麼?
[00:40:11.440 --> 00:40:15.280]  全部都是長江以南的
[00:40:15.280 --> 00:40:18.400]  中國的傳統長江以南是什麼?
[00:40:18.400 --> 00:40:20.000]  江南
[00:40:20.000 --> 00:40:21.840]  所以如果不知道江南
[00:40:21.840 --> 00:40:24.000]  你只聽到我記得在韓國有首歌叫
[00:40:24.000 --> 00:40:25.840]  Oppa Gangnam Style(歐巴江南風)
[00:40:25.840 --> 00:40:28.800]  歐巴Gangnam Style(歐巴江南風)
[00:40:28.800 --> 00:40:33.360]  其實江南的發音跟我們南邊的發音差不多
[00:40:33.360 --> 00:40:34.800]  跟廣東音差不多
[00:40:34.800 --> 00:40:38.080]  因為國語爭眼不像
[00:40:38.080 --> 00:40:39.360]  江南他說什麼?
[00:40:39.360 --> 00:40:40.400]  他說漢江
[00:40:40.400 --> 00:40:43.040]  漢江那個地方的人很有錢
[00:40:43.040 --> 00:40:44.640]  有錢到騎馬
[00:40:44.640 --> 00:40:46.320]  所以他就江南style(歐巴江南風)
[00:40:46.320 --> 00:40:47.920]  騎馬步
[00:40:47.920 --> 00:40:49.360]  所以其實一樣
[00:40:49.360 --> 00:40:52.000]  中國的江南就是長江的南面
[00:40:52.000 --> 00:40:54.640]  所以那時候是比較格舌的地方
[00:40:54.640 --> 00:40:57.600]  以前那時候已經不再是了
[00:40:57.600 --> 00:40:59.600]  但是感覺仍然是比較遠一點
[00:40:59.600 --> 00:41:02.720]  本來只是讓他在江南而已
[00:41:02.720 --> 00:41:04.880]  因為簽訂這條約
[00:41:04.880 --> 00:41:06.800]  不僅整個中國
[00:41:06.800 --> 00:41:08.080]  北京也需要
[00:41:08.080 --> 00:41:09.440]  北京也給他拿
[00:41:09.440 --> 00:41:10.720]  所以有兩個大轉變
[00:41:10.720 --> 00:41:15.520]  首先當全格市進入整個中國
[00:41:15.520 --> 00:41:16.960]  他們發現一件事
[00:41:16.960 --> 00:41:22.560]  他們發現他們的語言有些共通性
[00:41:22.560 --> 00:41:24.560]  他們的語言有些共通性
[00:41:24.560 --> 00:41:27.280]  就是他們似乎都聽得懂一種語言
[00:41:27.280 --> 00:41:28.960]  那時候丁維良
[00:41:28.960 --> 00:41:30.000]  丁維良很有名
[00:41:30.000 --> 00:41:32.800]  丁維良在同盟館工作
[00:41:32.800 --> 00:41:36.240]  同盟館那時候是中國專門設立
[00:41:36.240 --> 00:41:39.280]  為翻譯外語的
[00:41:39.280 --> 00:41:40.080]  就是要學
[00:41:40.080 --> 00:41:44.880]  是那時候這些自強運動的時候
[00:41:44.880 --> 00:41:47.600]  他們想去改革學的
[00:41:47.600 --> 00:41:49.360]  中國的問題是什麼呢?
[00:41:49.360 --> 00:41:50.560]  稍後也會講到
[00:41:50.560 --> 00:41:51.840]  中國的問題是
[00:41:51.840 --> 00:41:56.720]  中國的改革受到中國整個官僚的影響
[00:41:56.720 --> 00:41:58.400]  中國的官士
[00:41:58.400 --> 00:42:01.840]  在中國怎麼做官的?
[00:42:01.840 --> 00:42:02.880]  怎麼做官的?
[00:42:02.880 --> 00:42:04.160]  在中國那個年代
[00:42:04.160 --> 00:42:06.720]  由唐朝開始差不多已經是了
[00:42:06.720 --> 00:42:07.600]  讀書
[00:42:07.600 --> 00:42:09.040]  讀書考科舉
[00:42:09.040 --> 00:42:10.160]  接著怎樣?
[00:42:10.160 --> 00:42:11.840]  接著就做官了
[00:42:11.840 --> 00:42:13.520]  所以是一條龍
[00:42:13.520 --> 00:42:15.120]  接著做完官之後又怎樣?
[00:42:15.120 --> 00:42:15.920]  你做考官
[00:42:15.920 --> 00:42:16.720]  你又考他們
[00:42:16.720 --> 00:42:18.000]  考回同樣一樣什麼?
[00:42:18.000 --> 00:42:19.760]  考他們怎麼寫文章
[00:42:19.760 --> 00:42:21.280]  所以整個都是
[00:42:21.280 --> 00:42:25.920]  所以中國的文字學習是一條龍的
[00:42:25.920 --> 00:42:28.800]  如果你要教他們新東西
[00:42:28.800 --> 00:42:30.480]  如果他們做不了官
[00:42:30.480 --> 00:42:31.680]  沒有人想學的
[00:42:31.680 --> 00:42:35.760]  所以很早期在馬六甲開放之後
[00:42:35.760 --> 00:42:36.560]  在香港也好
[00:42:36.560 --> 00:42:37.120]  在哪裡
[00:42:37.120 --> 00:42:39.280]  已經有一個 missionary school(宗教學校)
[00:42:39.280 --> 00:42:41.040]  但是是不是很多人讀書?
[00:42:41.040 --> 00:42:41.760]  其實不是
[00:42:41.760 --> 00:42:42.560]  為什麼?
[00:42:42.560 --> 00:42:45.200]  通常譬如你有兩個兒子
[00:42:45.200 --> 00:42:48.000]  比較蠢的就去 missionary school(宗教學校)
[00:42:48.000 --> 00:42:49.280]  因為你要學英文
[00:42:49.280 --> 00:42:50.640]  其他人將來有一技之長
[00:42:50.640 --> 00:42:51.680]  比我們厲害又怎樣?
[00:42:51.680 --> 00:42:53.600]  都是回去讀科舉
[00:42:53.600 --> 00:42:54.880]  因為他有機會做
[00:42:54.880 --> 00:42:58.480]  所以為什麼中國的改革這麼慢
[00:42:58.480 --> 00:43:00.400]  你看日本就知道了
[00:43:00.400 --> 00:43:01.360]  日本那時候
[00:43:01.360 --> 00:43:03.200]  他們的黑船一去
[00:43:03.200 --> 00:43:04.320]  就打開門戶了
[00:43:04.320 --> 00:43:07.920]  日本人的一個 ruling class(領導級)
[00:43:07.920 --> 00:43:09.920]  不是一些士大夫
[00:43:09.920 --> 00:43:10.640]  是什麼?
[00:43:10.640 --> 00:43:12.400]  是一些武士
[00:43:12.400 --> 00:43:13.200]  Samurai(武士)
[00:43:13.200 --> 00:43:14.560]  Samurai一打輸了
[00:43:14.560 --> 00:43:17.040]  他就沒有一個知識系統
[00:43:17.040 --> 00:43:19.040]  去抗拒一些西方的知識
[00:43:19.040 --> 00:43:20.960]  西方知識在南面開始
[00:43:20.960 --> 00:43:22.240]  那些散播
[00:43:22.240 --> 00:43:23.040]  OK
[00:43:23.040 --> 00:43:25.120]  進來之後他們就學
[00:43:25.120 --> 00:43:27.920]  那時候日本人最大的挑戰是什麼?
[00:43:27.920 --> 00:43:31.840]  他們跟外國人有聯繫
[00:43:31.840 --> 00:43:33.520]  二百多年
[00:43:33.520 --> 00:43:34.640]  做生意
[00:43:34.640 --> 00:43:36.320]  但是全部只有一種人
[00:43:36.320 --> 00:43:37.520]  只是荷蘭人
[00:43:37.520 --> 00:43:40.480]  所以他們的學問叫 Language(語言)
[00:43:40.480 --> 00:43:42.320]  就叫做難學
[00:43:42.320 --> 00:43:44.320]  學荷蘭人的話
[00:43:44.320 --> 00:43:45.920]  所以他們以為我們學會
[00:43:45.920 --> 00:43:46.720]  我們懂的
[00:43:46.720 --> 00:43:47.680]  我們懂外語的
[00:43:47.680 --> 00:43:48.560]  一去到
[00:43:48.560 --> 00:43:51.360]  發覺跟美國人沒有什麼溝通
[00:43:51.360 --> 00:43:53.120]  美國人原來不說的
[00:43:53.120 --> 00:43:53.520]  那怎麼辦?
[00:43:53.520 --> 00:43:54.240]  大件事了
[00:43:54.240 --> 00:43:55.280]  說英文的
[00:43:55.280 --> 00:43:57.440]  他們的英文又不行
[00:43:57.440 --> 00:43:58.800]  到今天都不行
[00:43:58.800 --> 00:44:00.960]  多年來更加不行
[00:44:00.960 --> 00:44:01.920]  但是怎麼辦?
[00:44:01.920 --> 00:44:04.480]  你怎麼去學西方的科技?
[00:44:04.480 --> 00:44:06.000]  他們那時候想了一個方法
[00:44:06.000 --> 00:44:07.280]  什麼方法大家知不知道?
[00:44:07.280 --> 00:44:10.880]  怎麼樣是一個促成
[00:44:10.880 --> 00:44:13.600]  去最快的方法學西方的科技?
[00:44:13.600 --> 00:44:16.640]  派人去可以
[00:44:16.640 --> 00:44:17.360]  但是都比較慢
[00:44:17.360 --> 00:44:19.600]  因為要學會才回來再發明
[00:44:19.600 --> 00:44:20.880]  還有一個更快的方法
[00:44:20.880 --> 00:44:22.000]  大家知不知道是什麼方法?
[00:44:22.000 --> 00:44:25.680]  大家都要學的
[00:44:25.680 --> 00:44:28.240]  所以日本人學英文的速度
[00:44:28.240 --> 00:44:29.440]  都是一般般而已
[00:44:29.440 --> 00:44:31.040]  但是還有一個更快的
[00:44:31.040 --> 00:44:32.560]  大家知不知道是什麼方法?
[00:44:32.560 --> 00:44:33.760]  日本人懂得看什麼?
[00:44:33.760 --> 00:44:35.520]  懂得看漢字
[00:44:35.520 --> 00:44:36.320]  漢字
[00:44:36.320 --> 00:44:37.120]  懂得看漢字的
[00:44:37.120 --> 00:44:38.000]  你現在看什麼?
[00:44:38.000 --> 00:44:40.080]  去中國
[00:44:40.080 --> 00:44:41.920]  因為那時候已經有很多傳教士
[00:44:41.920 --> 00:44:42.800]  譯了很多東西
[00:44:42.800 --> 00:44:43.920]  包括誰?
[00:44:43.920 --> 00:44:44.720]  丁維良
[00:44:44.720 --> 00:44:46.560]  丁維良譯什麼的?
[00:44:46.560 --> 00:44:47.760]  《萬國公法》
[00:44:47.760 --> 00:44:50.080]  譯《甲物入門》
[00:44:50.400 --> 00:44:51.840]  是科學的入門
[00:44:51.840 --> 00:44:53.920]  以及一些國際法的入門
[00:44:53.920 --> 00:44:56.320]  今天我們大部分
[00:44:56.320 --> 00:45:00.320]  新教的宣教士
[00:45:00.320 --> 00:45:05.040]  那時候做的大的規模的中文翻譯
[00:45:05.040 --> 00:45:06.800]  是一些西方的知識
[00:45:06.800 --> 00:45:09.040]  大家知不知道最齊的其中一個地方在哪裡?
[00:45:09.040 --> 00:45:11.680]  在一個華西德大學
[00:45:11.680 --> 00:45:17.200]  是一個早期的大學
[00:45:17.200 --> 00:45:18.080]  你上過網吧
[00:45:18.080 --> 00:45:19.680]  華西德大學
[00:45:19.680 --> 00:45:22.240]  你會發覺它整個全部都是免費的
[00:45:22.240 --> 00:45:23.280]  如果你想看的話
[00:45:23.280 --> 00:45:24.960]  整套《甲物入門》
[00:45:24.960 --> 00:45:27.680]  整套《萬國公法》
[00:45:27.680 --> 00:45:28.720]  全部都是中文
[00:45:28.720 --> 00:45:32.640]  他就將那時候的複雜級別的全部拿掉
[00:45:32.640 --> 00:45:34.480]  他們這麼快就有這樣的原因
[00:45:34.480 --> 00:45:36.320]  為什麼快過我們中國這麼多?
[00:45:36.320 --> 00:45:37.840]  因為中國不看的
[00:45:37.840 --> 00:45:39.680]  中國全部都譯了
[00:45:39.680 --> 00:45:40.480]  但是不看
[00:45:40.480 --> 00:45:41.600]  他在這裡譯
[00:45:41.600 --> 00:45:42.480]  但是他不看
[00:45:42.480 --> 00:45:43.840]  因為他們是士大夫
[00:45:43.840 --> 00:45:44.800]  我不看這些東西
[00:45:44.800 --> 00:45:45.840]  他們不看這些東西
[00:45:45.840 --> 00:45:47.600]  但是那時候他們留意到什麼?
[00:45:47.600 --> 00:45:49.120]  丁維良進去之後就發覺
[00:45:49.440 --> 00:45:52.000]  整個地方很多都是講官話的
[00:45:52.000 --> 00:45:52.960]  官話是什麼?
[00:45:52.960 --> 00:45:58.080]  官話就是我們今天所謂的普通話
[00:45:58.080 --> 00:46:02.880]  但是其實官話歷史上有一個差別
[00:46:02.880 --> 00:46:04.640]  官話其實是官庭講的話
[00:46:04.640 --> 00:46:06.400]  其實英文叫court language
[00:46:06.400 --> 00:46:07.920]  就是官庭講的話
[00:46:07.920 --> 00:46:11.440]  但是官庭講的話其實不是經常都在北京
[00:46:11.440 --> 00:46:14.720]  到清朝的時候就比較肯定在北京
[00:46:14.720 --> 00:46:16.080]  但是以前有時候是什麼?
[00:46:16.080 --> 00:46:17.280]  有時候在南京
[00:46:17.280 --> 00:46:19.680]  其實明代一開始都經常在南京
[00:46:19.680 --> 00:46:21.680]  因為明成祖
[00:46:21.680 --> 00:46:25.280]  因為汕尉才去了北京
[00:46:25.280 --> 00:46:29.200]  所以其實有些官話是有南方的口音的
[00:46:29.200 --> 00:46:31.200]  所以其實不是經常這麼穩的
[00:46:31.200 --> 00:46:32.080]  但是他覺得
[00:46:32.080 --> 00:46:35.920]  很多人都是講這個話的
[00:46:35.920 --> 00:46:37.360]  所以他突然間有一個醒覺
[00:46:37.360 --> 00:46:39.840]  其實我們翻譯是應該用這個話
[00:46:39.840 --> 00:46:42.480]  但是有時候我們有些不察覺的
[00:46:42.480 --> 00:46:44.720]  我經常都會看《偈子梅》
[00:46:45.120 --> 00:46:48.640]  那時候中國的翻譯《聖經》
[00:46:48.640 --> 00:46:51.280]  不是翻譯給大家在日本看的
[00:46:51.280 --> 00:46:53.840]  今天我們是一個資訊氾濫的
[00:46:53.840 --> 00:46:56.720]  我們隨身已經有幾本《聖經》
[00:46:56.720 --> 00:46:59.680]  你拿你的信和愛網站
[00:46:59.680 --> 00:47:01.360]  或者不是還沒讀《聖經》
[00:47:01.360 --> 00:47:02.720]  一看已經有的
[00:47:02.720 --> 00:47:05.520]  今天的問題是大家多到你不看
[00:47:05.520 --> 00:47:08.560]  那個年代的問題是沒有《聖經》
[00:47:08.560 --> 00:47:10.240]  或者你有
[00:47:10.240 --> 00:47:11.200]  你也看不明白
[00:47:11.200 --> 00:47:12.240]  你不會看
[00:47:12.240 --> 00:47:14.800]  所以其實那時候翻譯《聖經》的目的
[00:47:14.800 --> 00:47:16.720]  其實不是一人有一本《聖經》
[00:47:16.720 --> 00:47:21.600]  是我翻譯了一些傳教士可以讀給你聽
[00:47:21.600 --> 00:47:23.280]  問題來了
[00:47:23.280 --> 00:47:28.320]  他發覺在南部讀文言文比較好一點
[00:47:28.320 --> 00:47:30.240]  很特別的一部機器
[00:47:30.240 --> 00:47:32.240]  我找一個歷史給大家聽
[00:47:32.240 --> 00:47:33.600]  偽扮日本
[00:47:33.600 --> 00:47:37.360]  是我們中文第一個文言的譯本
[00:47:37.360 --> 00:47:39.520]  當《和本》出版了之後
[00:47:39.520 --> 00:47:42.000]  在南方還有銷量的機器
[00:47:42.000 --> 00:47:43.040]  買了很多年
[00:47:43.040 --> 00:47:44.000]  為什麼呢?
[00:47:44.000 --> 00:47:45.120]  因為南部的人
[00:47:45.120 --> 00:47:46.320]  大家是廣東人知道的
[00:47:46.320 --> 00:47:47.280]  我們已經叫
[00:47:47.280 --> 00:47:49.280]  張老師會叫大glossier
[00:47:49.280 --> 00:47:51.440]  我們說的話
[00:47:51.440 --> 00:47:53.200]  跟我們寫的字是不同的
[00:47:53.200 --> 00:47:54.720]  譬如我們寫
[00:47:54.720 --> 00:47:56.480]  當然可以寫廣東話
[00:47:56.480 --> 00:47:58.080]  但不是每一字都會寫
[00:47:58.080 --> 00:47:59.040]  你去棄
[00:47:59.040 --> 00:48:00.080]  很大件事
[00:48:00.080 --> 00:48:01.280]  我棄怎麼寫廣東話
[00:48:01.280 --> 00:48:02.560]  我寫 H-E-A
[00:48:02.560 --> 00:48:04.240]  我就是
[00:48:04.240 --> 00:48:06.240]  這些很難寫的
[00:48:06.240 --> 00:48:07.520]  我們通常寫寫回寫什麼
[00:48:07.520 --> 00:48:08.800]  寫回寫寫寫寫寫寫寫
[00:48:08.800 --> 00:48:10.080]  所以我們從來都是
[00:48:10.080 --> 00:48:12.240]  從來我們都是一心二用
[00:48:12.240 --> 00:48:13.600]  我們是周伯通
[00:48:13.600 --> 00:48:14.640]  一心二用的
[00:48:14.640 --> 00:48:16.000]  我們講就講廣東話
[00:48:16.000 --> 00:48:17.120]  突然之間要寫
[00:48:17.120 --> 00:48:18.560]  我就突然間變成一個
[00:48:18.560 --> 00:48:20.240]  Written Chinese
[00:48:20.240 --> 00:48:21.360]  閩南文也是這樣
[00:48:21.360 --> 00:48:22.400]  台灣也是這樣
[00:48:22.400 --> 00:48:24.000]  很多台語很難寫出來
[00:48:24.000 --> 00:48:27.200]  所以他們那時候的寫
[00:48:27.200 --> 00:48:29.760]  很多時候他們已經習慣了繼續用文言文
[00:48:29.760 --> 00:48:31.760]  所以反而南部的
[00:48:31.760 --> 00:48:32.720]  尤其是江南
[00:48:32.720 --> 00:48:33.840]  江南很有名
[00:48:33.840 --> 00:48:35.040]  出才子的
[00:48:35.040 --> 00:48:36.240]  江南
[00:48:36.240 --> 00:48:38.240]  尤其是近長江
[00:48:38.240 --> 00:48:43.360]  甚至是寫一些文言文比較好
[00:48:43.840 --> 00:48:45.040]  如果懂
[00:48:45.040 --> 00:48:46.400]  只要聽得懂
[00:48:46.400 --> 00:48:47.920]  北面的聽不懂
[00:48:47.920 --> 00:48:50.800]  所以北面你不要用文言文翻譯聖經
[00:48:50.800 --> 00:48:52.560]  一會兒就算我翻譯給Jenny
[00:48:52.560 --> 00:48:53.680]  Jenny就讀給她聽
[00:48:53.680 --> 00:48:55.440]  大家的Question mark(問號)
[00:48:55.440 --> 00:48:56.640]  你講什麼
[00:48:56.640 --> 00:48:58.080]  不明白
[00:48:58.080 --> 00:48:59.040]  所以他們怎樣
[00:48:59.040 --> 00:49:01.520]  他們要翻譯到我去傳福音
[00:49:01.520 --> 00:49:02.560]  我直接讀
[00:49:02.560 --> 00:49:03.680]  你也明白的
[00:49:03.680 --> 00:49:05.040]  甚至我講到
[00:49:05.040 --> 00:49:06.480]  我一引述出來就明白了
[00:49:06.480 --> 00:49:07.280]  所以他們就想
[00:49:07.280 --> 00:49:10.880]  不如我們去做一些所謂官話翻譯
[00:49:10.880 --> 00:49:14.720]  問題是從來在中國
[00:49:14.720 --> 00:49:17.600]  都沒有人做這樣的寫作
[00:49:17.600 --> 00:49:21.120]  大家知不知道中國什麼時候才做白話
[00:49:21.120 --> 00:49:25.760]  五四運動1999年的時候
[00:49:25.760 --> 00:49:27.280]  May 4th
[00:49:27.280 --> 00:49:28.480]  今天我們還好
[00:49:28.480 --> 00:49:30.160]  我們還記得五四運動
[00:49:30.160 --> 00:49:31.680]  如果去外國已經忘記了
[00:49:31.680 --> 00:49:32.800]  大家知不知道為什麼
[00:49:32.800 --> 00:49:35.360]  因為May 4th是紀念第二天
[00:49:35.360 --> 00:49:37.120]  大家知不知道May 4th紀念什麼
[00:49:37.120 --> 00:49:39.760]  May the force be with you
[00:49:39.760 --> 00:49:41.040]  所以如果你在加拿大
[00:49:41.040 --> 00:49:42.960]  May 4th是Star Wars Day
[00:49:42.960 --> 00:49:43.840]  真的
[00:49:43.840 --> 00:49:45.040]  在加拿大美國
[00:49:45.040 --> 00:49:46.800]  May 4th是Star Wars Day
[00:49:46.800 --> 00:49:48.240]  不是五四運動
[00:49:48.240 --> 00:49:50.960]  這裡我們沒有Star Wars傳統
[00:49:50.960 --> 00:49:51.920]  我們就可以了
[00:49:51.920 --> 00:49:53.200]  還記得五四運動
[00:49:53.200 --> 00:49:54.400]  但是五四運動
[00:49:54.400 --> 00:49:55.440]  新文學運動
[00:49:55.440 --> 00:50:01.440]  那時候大家真的脫離不用文言文
[00:50:01.440 --> 00:50:02.560]  你說多久
[00:50:02.560 --> 00:50:06.000]  日本1860年代開始Catch up(發展)
[00:50:06.000 --> 00:50:07.200]  那時候很快Catch up(發展)
[00:50:07.200 --> 00:50:09.520]  我們還要翻譯所有東西
[00:50:09.520 --> 00:50:10.800]  但是一點都不看
[00:50:10.800 --> 00:50:13.600]  一直到19年
[00:50:13.600 --> 00:50:14.720]  其實早一點
[00:50:14.720 --> 00:50:17.840]  因為科舉早幾年已經取消了
[00:50:17.840 --> 00:50:21.840]  但是中國人真的肯學外國人的東西
[00:50:21.840 --> 00:50:26.640]  是真的要整個科舉和仕途的system gone away(消失)
[00:50:26.640 --> 00:50:28.320]  才肯學外國人
[00:50:28.320 --> 00:50:29.040]  才有機會
[00:50:29.040 --> 00:50:30.240]  所以其實很慢
[00:50:30.240 --> 00:50:35.200]  所以其實中國的白話文運動
[00:50:35.200 --> 00:50:36.720]  其實是基督教開始的
[00:50:36.720 --> 00:50:40.240]  早中國人幾十年
[00:50:40.240 --> 00:50:42.480]  最主要是思想上不同
[00:50:42.480 --> 00:50:46.560]  為什麼中國人不想做白話文運動
[00:50:46.560 --> 00:50:48.960]  如果你是一個官員
[00:50:48.960 --> 00:50:51.360]  你為什麼不想做白話文運動
[00:50:51.360 --> 00:50:57.520]  為什麼要做
[00:50:57.520 --> 00:51:01.040]  我這麼辛苦讀完了
[00:51:01.040 --> 00:51:01.920]  我做官
[00:51:01.920 --> 00:51:03.360]  我現在管理
[00:51:03.360 --> 00:51:05.920]  我將我的語言降低
[00:51:05.920 --> 00:51:08.640]  我將白鼓文變成七鼓
[00:51:08.640 --> 00:51:10.400]  或者少一點
[00:51:10.400 --> 00:51:12.320]  對我有什麼好處
[00:51:12.320 --> 00:51:13.600]  幫到你們學
[00:51:13.600 --> 00:51:14.880]  但是幫不到我
[00:51:14.880 --> 00:51:18.320]  因為我hold住這個語言鎖匙
[00:51:18.320 --> 00:51:20.560]  我才可以control(控制)你
[00:51:20.560 --> 00:51:22.000]  大家明不明白意思
[00:51:22.000 --> 00:51:25.360]  有點像天主教中世紀的時候
[00:51:25.360 --> 00:51:27.600]  一直都不肯去象徵
[00:51:27.600 --> 00:51:30.000]  所以大家知不知道
[00:51:30.000 --> 00:51:35.120]  宗教改革和翻譯政見是不可以分離的
[00:51:35.120 --> 00:51:37.600]  所有早期的宗教改革都是要翻譯
[00:51:37.600 --> 00:51:38.160]  為什麼
[00:51:38.160 --> 00:51:38.960]  你不翻譯
[00:51:38.960 --> 00:51:42.160]  你不將讀神的話語的能力給信徒的話
[00:51:42.160 --> 00:51:44.320]  永遠都要聽他說
[00:51:44.320 --> 00:51:46.560]  只有他懂拉丁文
[00:51:46.560 --> 00:51:47.920]  只有他懂interpret(翻譯)
[00:51:47.920 --> 00:51:49.040]  你是講法文的
[00:51:49.040 --> 00:51:49.840]  你講德文的
[00:51:49.840 --> 00:51:50.800]  你講意大利文的
[00:51:50.800 --> 00:51:52.080]  你怎麼跟你爭辯
[00:51:52.080 --> 00:51:53.680]  他說的對的是對的
[00:51:53.680 --> 00:51:55.360]  你哪一段經文跟你爭辯
[00:51:55.360 --> 00:51:56.800]  你不可以爭辯
[00:51:56.800 --> 00:52:00.400]  所以英國所有被殺的Johnny Hearst
[00:52:00.400 --> 00:52:02.720]  全部都是翻譯員
[00:52:02.720 --> 00:52:04.560]  Whitecliff 全部都是
[00:52:04.560 --> 00:52:07.120]  早期的馬丁路德也是
[00:52:07.120 --> 00:52:10.960]  就是將讀聖經的能力給信徒
[00:52:10.960 --> 00:52:13.840]  因為語言其實就是power
[00:52:13.840 --> 00:52:16.560]  中國不肯開放白話
[00:52:16.560 --> 00:52:19.680]  因為文言文就是power
[00:52:19.680 --> 00:52:20.720]  hold住文言文
[00:52:20.720 --> 00:52:23.600]  所以專門將exam越編越難
[00:52:23.600 --> 00:52:24.800]  越編越沒用
[00:52:24.800 --> 00:52:27.200]  為什麼白官文這麼沒用
[00:52:27.200 --> 00:52:30.480]  完全是為了班子大夫而設的
[00:52:30.480 --> 00:52:32.000]  他hold住這個power
[00:52:32.000 --> 00:52:34.800]  你所有要做官的
[00:52:34.800 --> 00:52:35.760]  進這個club的
[00:52:35.760 --> 00:52:36.640]  一定要過這個
[00:52:36.640 --> 00:52:38.240]  好像十八窮人一樣
[00:52:38.240 --> 00:52:39.600]  過完之後也沒用的
[00:52:39.600 --> 00:52:41.040]  就是寫文章而已
[00:52:41.040 --> 00:52:42.240]  hold住
[00:52:42.240 --> 00:52:43.360]  基督徒來到
[00:52:43.360 --> 00:52:44.800]  要釋放他們
[00:52:44.800 --> 00:52:47.440]  所以其實用官話來翻譯聖經
[00:52:47.440 --> 00:52:49.600]  是一個基督徒釋放中國人的靈魂
[00:52:49.600 --> 00:52:52.800]  或者中國人一個思想的最大方法
[00:52:52.800 --> 00:52:54.240]  雖然他們那時候沒有這樣想
[00:52:54.240 --> 00:52:56.960]  他們那時候只是想將福音帶給別人
[00:52:56.960 --> 00:52:59.120]  如果你不懂得看
[00:52:59.120 --> 00:53:00.160]  譬如一些婦女
[00:53:00.160 --> 00:53:01.440]  或者沒有讀書的
[00:53:01.440 --> 00:53:02.560]  或者一些小童
[00:53:02.560 --> 00:53:04.240]  或者一些未讀過書的
[00:53:04.240 --> 00:53:05.280]  或者讀得不好的
[00:53:05.280 --> 00:53:07.200]  不懂文言文的閃傳
[00:53:07.200 --> 00:53:09.600]  我只能夠讀聖經給你聽
[00:53:09.600 --> 00:53:10.720]  你可以信耶穌
[00:53:10.720 --> 00:53:12.880]  所以其實是管住了心智
[00:53:12.880 --> 00:53:13.920]  所以他們一起來
[00:53:13.920 --> 00:53:16.160]  我們要做官話翻譯
[00:53:16.160 --> 00:53:18.720]  所謂官話翻譯
[00:53:18.720 --> 00:53:21.920]  其實是整個的運動
[00:53:21.920 --> 00:53:24.640]  如果大家知道近年來
[00:53:24.640 --> 00:53:26.480]  經常有很多關於廣東話
[00:53:26.480 --> 00:53:30.000]  以及粵國語的一些rivalry
[00:53:30.000 --> 00:53:34.640]  有些人就說廣東話是方言
[00:53:34.640 --> 00:53:35.920]  廣東話不是方言
[00:53:35.920 --> 00:53:38.000]  廣東話是有自己的written language
[00:53:38.000 --> 00:53:39.040]  例如什麼
[00:53:39.040 --> 00:53:42.640]  我們一百六十幾年已經有廣東話聖經了
[00:53:42.640 --> 00:53:44.080]  所以很多人放上網
[00:53:44.080 --> 00:53:45.840]  廣東話聖經其實是很過癮的
[00:53:45.840 --> 00:53:47.680]  上網很容易找到
[00:53:47.680 --> 00:53:48.560]  你看看
[00:53:48.560 --> 00:53:50.240]  你照讀是很過癮的
[00:53:50.240 --> 00:53:52.080]  因為昨晚我有show給大家
[00:53:52.080 --> 00:53:53.280]  今天晚上沒有放上網
[00:53:53.280 --> 00:53:54.320]  是很容易讀的
[00:53:54.320 --> 00:53:57.840]  原因是那時候整個趨勢都是
[00:53:57.840 --> 00:54:01.040]  因為宣教書全部都進入中國
[00:54:01.040 --> 00:54:04.640]  發覺我們要用當地的語言
[00:54:04.640 --> 00:54:05.920]  用vernacular
[00:54:05.920 --> 00:54:08.480]  用vernacular的方法去傳福音
[00:54:08.480 --> 00:54:09.920]  所以官話只不過是
[00:54:09.920 --> 00:54:12.160]  將口語化其中一個
[00:54:12.160 --> 00:54:14.400]  北面我們用官話
[00:54:14.400 --> 00:54:16.400]  南面我們用閩南話
[00:54:16.400 --> 00:54:17.680]  我們用廣東話
[00:54:17.680 --> 00:54:18.960]  我們用福州話
[00:54:18.960 --> 00:54:21.120]  有時候我們用中文寫不到
[00:54:21.120 --> 00:54:21.920]  我們用什麼
[00:54:21.920 --> 00:54:24.000]  所以我們知道不是給信徒看的
[00:54:24.000 --> 00:54:25.360]  因為很多那時候的聖經
[00:54:25.360 --> 00:54:27.920]  那年代是用拼音寫的
[00:54:27.920 --> 00:54:29.200]  例如《客家聖經》
[00:54:29.200 --> 00:54:30.480]  《客家聖經》拼音寫的
[00:54:30.480 --> 00:54:31.760]  所以不是給信徒看的
[00:54:31.760 --> 00:54:33.280]  是給誰看的
[00:54:33.280 --> 00:54:37.440]  是給懂得西方romantic
[00:54:37.440 --> 00:54:40.560]  transliteration的西教士看的
[00:54:40.560 --> 00:54:43.280]  他們按著拼音來讀客家
[00:54:43.280 --> 00:54:45.040]  傳福音給你看
[00:54:45.040 --> 00:54:47.120]  所以其實是給西教士看的
[00:54:47.120 --> 00:54:48.000]  換句話說
[00:54:48.000 --> 00:54:50.160]  整個白話文的
[00:54:50.160 --> 00:54:53.680]  或者一個口語化的系統
[00:54:53.680 --> 00:54:56.640]  或者整個趨勢的年代開始
[00:54:56.640 --> 00:54:57.680]  但其中一個
[00:54:57.680 --> 00:54:59.040]  和我們今天的主題有關
[00:54:59.040 --> 00:55:00.640]  就是施約瑟了
[00:55:00.640 --> 00:55:02.400]  施約瑟他在北京
[00:55:02.400 --> 00:55:03.200]  他就在北京
[00:55:03.200 --> 00:55:05.520]  我要走在一起
[00:55:05.520 --> 00:55:06.880]  一班人我們一起譯
[00:55:06.880 --> 00:55:08.320]  我記得那時候他發覺在北京
[00:55:08.320 --> 00:55:12.240]  有幾個不同的同時
[00:55:12.240 --> 00:55:14.720]  很有能力的花園和一些的宣教士
[00:55:14.720 --> 00:55:16.000]  譬如丁慧良
[00:55:16.000 --> 00:55:16.960]  約瑟
[00:55:16.960 --> 00:55:18.240]  或者包若瀚那些
[00:55:18.240 --> 00:55:20.080]  那幾個我們可以一起走在一起
[00:55:20.080 --> 00:55:22.240]  我們一起譯一本的聖經
[00:55:22.240 --> 00:55:26.640]  你發覺早期的聖經
[00:55:26.640 --> 00:55:28.880]  很多時候
[00:55:28.880 --> 00:55:30.720]  很早的時候很多時候一個人
[00:55:30.720 --> 00:55:32.080]  譬如瑪麗遜
[00:55:32.080 --> 00:55:32.800]  或者兩個人
[00:55:32.800 --> 00:55:34.160]  還有米蓮
[00:55:34.160 --> 00:55:35.840]  或者是麥都斯
[00:55:35.840 --> 00:55:36.880]  或者四人小組
[00:55:36.880 --> 00:55:37.440]  四個
[00:55:37.440 --> 00:55:39.040]  或者郭實烈他們翻譯
[00:55:39.040 --> 00:55:40.160]  比較少數的
[00:55:40.160 --> 00:55:42.240]  到比較開始毀壞日本開始
[00:55:42.240 --> 00:55:43.920]  中國開始開放就越來越多了
[00:55:43.920 --> 00:55:47.200]  因為他覺得我們應該集思廣益
[00:55:47.200 --> 00:55:48.800]  我們找多一些人一起
[00:55:48.800 --> 00:55:50.880]  大家去參與工作
[00:55:50.880 --> 00:55:53.440]  但發覺一參與多就不行了
[00:55:53.440 --> 00:55:56.640]  其中一個很有趣的北京譯本故事是什麼呢?
[00:55:56.640 --> 00:55:58.880]  我們一起譯
[00:55:58.880 --> 00:56:00.720]  首先他們發覺他們很忙
[00:56:00.720 --> 00:56:01.520]  為什麼?
[00:56:01.520 --> 00:56:03.920]  因為那時候哪些人懂得北京話?
[00:56:03.920 --> 00:56:08.240]  所有懂得北京話的人都是做福音工作的
[00:56:08.240 --> 00:56:09.280]  因為你不懂
[00:56:09.280 --> 00:56:10.160]  你看一本書
[00:56:10.160 --> 00:56:14.320]  書文不代表你懂得講它的卷理
[00:56:14.320 --> 00:56:16.000]  所以你懂得卷它的舌頭
[00:56:16.000 --> 00:56:18.480]  證明你在這裡跟它說
[00:56:18.480 --> 00:56:20.800]  你在這裡跟它說就代表你在做福音工作
[00:56:20.800 --> 00:56:22.960]  所以因為他們太忙了
[00:56:22.960 --> 00:56:24.640]  所以很少機會去翻譯
[00:56:24.640 --> 00:56:26.880]  到後來真的走在一起去翻譯
[00:56:26.880 --> 00:56:27.760]  就發覺什麼?
[00:56:27.760 --> 00:56:28.800]  雞同鴨講
[00:56:28.800 --> 00:56:29.520]  為什麼?
[00:56:29.520 --> 00:56:30.880]  有小說大家聽過
[00:56:30.880 --> 00:56:32.960]  那時候什麼新中國
[00:56:32.960 --> 00:56:36.560]  或者聽過一些蔣介石
[00:56:36.560 --> 00:56:38.240]  聽過毛澤東講國語
[00:56:38.240 --> 00:56:40.400]  那些不知道是什麼國語
[00:56:40.400 --> 00:56:42.560]  似乎喃嘛多過似國語
[00:56:42.560 --> 00:56:44.160]  那就叫做講國語了
[00:56:44.160 --> 00:56:45.440]  所以那個年代
[00:56:45.440 --> 00:56:51.200]  這個還早六七十年
[00:56:51.200 --> 00:56:52.480]  他們走在一起發覺
[00:56:52.480 --> 00:56:54.560]  你的官話跟我的不同
[00:56:54.560 --> 00:56:55.680]  那就有問題了
[00:56:55.680 --> 00:57:00.960]  我們為什麼知道那時候已經很早有一些華人去幫忙呢?
[00:57:00.960 --> 00:57:02.560]  其中一個 story(故事)就是
[00:57:02.560 --> 00:57:07.440]  這群宣教士想用普通話溝通
[00:57:07.440 --> 00:57:08.560]  溝通不太好
[00:57:08.560 --> 00:57:09.920]  大家的口音又不同
[00:57:09.920 --> 00:57:10.800]  字又不同
[00:57:10.800 --> 00:57:12.640]  然後就轉為英文
[00:57:12.640 --> 00:57:14.320]  一轉英文他們聽得明白
[00:57:14.320 --> 00:57:15.200]  但是怎麼樣?
[00:57:15.200 --> 00:57:16.880]  他說旁邊的人不明白
[00:57:16.880 --> 00:57:18.400]  旁邊的是什麼人呢?
[00:57:18.400 --> 00:57:19.680]  全部是中華人
[00:57:19.680 --> 00:57:21.360]  華人就不明白了
[00:57:21.360 --> 00:57:24.240]  華人大概都明白一兩個官話
[00:57:24.240 --> 00:57:25.600]  你一講英文他們就不明白了
[00:57:25.600 --> 00:57:27.200]  所以那時候很大問題
[00:57:27.200 --> 00:57:28.240]  搞了很久
[00:57:28.240 --> 00:57:31.360]  所以其實很多翻譯的時間
[00:57:31.360 --> 00:57:33.440]  你會發覺我本來也翻譯了十幾年
[00:57:33.440 --> 00:57:36.800]  北京原本也翻譯了八年、九年
[00:57:36.800 --> 00:57:37.920]  很多年的時間
[00:57:37.920 --> 00:57:40.240]  但是很多時間其實都是大家走
[00:57:40.240 --> 00:57:42.400]  大部分時間都是自己翻譯
[00:57:42.400 --> 00:57:44.240]  譬如一張聖經或者一本書
[00:57:44.240 --> 00:57:45.600]  走在一起再聊
[00:57:45.600 --> 00:57:47.600]  但是他們經過八年的時間
[00:57:47.600 --> 00:57:48.880]  丁維良也有參與
[00:57:48.880 --> 00:57:50.640]  丁維良在同文館太忙了
[00:57:50.640 --> 00:57:53.600]  所以他們的講法通常是四個
[00:57:53.600 --> 00:57:55.680]  但是後來有時是五個
[00:57:55.680 --> 00:57:58.080]  八年的時間出了一本
[00:57:58.080 --> 00:58:05.840]  在中文聖經的歷史上很重要的一本書
[00:58:05.840 --> 00:58:08.560]  我解釋給大家聽為什麼
[00:58:08.560 --> 00:58:12.240]  這本就是一個北京譯本
[00:58:12.240 --> 00:58:13.520]  北京譯本為什麼重要呢?
[00:58:13.520 --> 00:58:14.560]  首先
[00:58:14.560 --> 00:58:18.000]  北京譯本是第一個正確的白話文的聖經
[00:58:18.000 --> 00:58:21.120]  之前有一本叫《南京譯本》
[00:58:21.120 --> 00:58:24.880]  《南京譯本》是一個強硬寫出來的
[00:58:24.880 --> 00:58:26.080]  我告訴大家為什麼
[00:58:26.080 --> 00:58:33.760]  《南京譯本》出的時候大概是1855年左右
[00:58:33.760 --> 00:58:34.720]  剛才問過了
[00:58:34.720 --> 00:58:36.000]  那時候發生什麼事情?
[00:58:36.000 --> 00:58:38.400]  太平天國
[00:58:38.400 --> 00:58:40.160]  太平天國打到南京
[00:58:40.160 --> 00:58:43.600]  他就說太平天國雖然奇奇怪怪
[00:58:43.600 --> 00:58:45.280]  但是也是嬌教國家
[00:58:45.280 --> 00:58:46.320]  換句話說
[00:58:46.320 --> 00:58:50.080]  嬌教是講全個太平天國不會抗拒的聖經
[00:58:50.080 --> 00:58:55.920]  不如我們就去做一個版本是普及化的
[00:58:55.920 --> 00:58:57.280]  所以那時候已經有了
[00:58:57.280 --> 00:58:59.360]  那時候中國還沒完全開放已經開始了
[00:58:59.360 --> 00:59:01.280]  但是那時候他選的官話是選什麼呢?
[00:59:01.280 --> 00:59:02.800]  要選《南京話》
[00:59:02.800 --> 00:59:05.920]  所以那時候第一個官話譯本其實是《南京譯本》
[00:59:05.920 --> 00:59:09.520]  但是是一個很強硬的譯出來的
[00:59:09.520 --> 00:59:11.200]  用了兩年時間就見到新約了
[00:59:11.200 --> 00:59:11.840]  為什麼呢?
[00:59:11.840 --> 00:59:13.280]  他將《偉拜譯本》
[00:59:13.280 --> 00:59:15.920]  通常文言變成白話會怎麼樣呢?
[00:59:15.920 --> 00:59:19.680]  長了
[00:59:19.680 --> 00:59:22.000]  就是比較深氣
[00:59:22.000 --> 00:59:23.600]  加幾個字就變成白話
[00:59:23.600 --> 00:59:25.120]  白話怎麼變成文言呢?
[00:59:25.120 --> 00:59:26.320]  就減幾個字
[00:59:26.320 --> 00:59:27.520]  基本上就是這樣
[00:59:27.520 --> 00:59:31.360]  所以他將《偉拜譯本》加幾個字就變成了《南京譯本》
[00:59:31.360 --> 00:59:32.320]  所以不要看了
[00:59:32.320 --> 00:59:33.200]  大家不要讀
[00:59:33.200 --> 00:59:34.560]  這個就不同了
[00:59:34.560 --> 00:59:37.280]  這個《北京譯本》是比較優秀的
[00:59:37.280 --> 00:59:38.480]  加上他們一起做
[00:59:38.480 --> 00:59:41.040]  施耀室是其中一個很大參與的
[00:59:41.040 --> 00:59:44.000]  所以《北京譯本》是第一本我們叫做白話譯本
[00:59:44.000 --> 00:59:46.160]  另外最重要的是什麼呢?
[00:59:46.160 --> 00:59:48.480]  《北京譯本》是影響我們《和學本》的
[00:59:48.480 --> 00:59:52.480]  我有一篇文章是在英文寫的
[00:59:52.480 --> 00:59:56.640]  就說其實很多《和學本》你見到的字眼是來自《北京譯本》
[00:59:56.640 --> 00:59:58.960]  我麻煩給大家
[00:59:58.960 --> 01:00:01.360]  今晚我沒有時間講這件事
[01:00:01.360 --> 01:00:05.360]  但是我明天幫橫星講一個課程
[01:00:05.360 --> 01:00:11.520]  早上和下午上午我會講一些翻譯的典故
[01:00:11.520 --> 01:00:16.160]  以及幫大家明白如何討論翻譯
[01:00:16.160 --> 01:00:19.680]  我就會講到《北京譯本》如何影響《和學本》
[01:00:19.680 --> 01:00:20.800]  以及什麼原因
[01:00:20.800 --> 01:00:22.560]  所以明天我會先講的
[01:00:22.560 --> 01:00:24.400]  但是《北京譯本》影響
[01:00:24.400 --> 01:00:28.720]  《北京譯本》另外一個大的貢獻是什麼呢?
[01:00:28.720 --> 01:00:30.720]  講完就給大家休息
[01:00:30.720 --> 01:00:33.280]  我一會兒回答8點半給他們休息
[01:00:33.920 --> 01:00:35.600]  講完就給大家休息
[01:00:35.600 --> 01:00:37.120]  《北京譯本》的大貢獻是什麼呢?
[01:00:37.120 --> 01:00:44.000]  《北京譯本》是第一個給它有不同的種類的譯本
[01:00:44.000 --> 01:00:45.680]  之前我告訴大家
[01:00:45.680 --> 01:00:49.520]  大家知不知道哪個是三大聖經翻譯的爭議在那個年代
[01:00:49.520 --> 01:00:52.320]  一個是譯名的問題
[01:00:52.320 --> 01:00:53.200]  term question
[01:00:53.200 --> 01:00:54.240]  第二個是什麼?
[01:00:54.240 --> 01:00:57.600]  是「浸」和「洗」
[01:00:57.600 --> 01:01:00.160]  當然你「浸」字還是「洗」字
[01:01:00.160 --> 01:01:02.160]  我講一個貼士給大家聽
[01:01:02.160 --> 01:01:04.000]  你今天買聖經
[01:01:04.000 --> 01:01:05.280]  如果你覺得那本聖經
[01:01:05.280 --> 01:01:07.760]  我不知道環譯有沒有
[01:01:07.760 --> 01:01:09.520]  我未必知道
[01:01:09.520 --> 01:01:10.960]  如果你買聖經
[01:01:10.960 --> 01:01:12.880]  你的版本你覺得貴
[01:01:12.880 --> 01:01:16.080]  你不如看看有沒有一個叫「浸」字版
[01:01:16.080 --> 01:01:17.680]  是有這件事情的
[01:01:17.680 --> 01:01:18.320]  為什麼呢?
[01:01:18.320 --> 01:01:21.040]  我有一次找別人買新普及譯本
[01:01:21.040 --> 01:01:23.760]  我就拿一本新普及譯本說想買
[01:01:23.760 --> 01:01:26.240]  那個種子書室的老闆就說
[01:01:26.240 --> 01:01:27.600]  唐子明
[01:01:27.600 --> 01:01:29.200]  買不買一本便宜的
[01:01:29.200 --> 01:01:32.560]  我以為你做水貨混在一起
[01:01:32.560 --> 01:01:33.680]  我說為什麼會便宜
[01:01:33.680 --> 01:01:34.640]  他說不買不買
[01:01:34.640 --> 01:01:35.520]  你看
[01:01:35.520 --> 01:01:36.640]  拿出來
[01:01:36.640 --> 01:01:38.000]  新普及譯本
[01:01:38.000 --> 01:01:39.280]  「浸」字版
[01:01:39.280 --> 01:01:41.360]  只有浸信會賣的
[01:01:41.360 --> 01:01:43.040]  所以你買會便宜一點
[01:01:43.040 --> 01:01:46.240]  所以其他「洗」字就其他非浸信會都會賣
[01:01:46.240 --> 01:01:48.000]  「浸」字版一信一洗一浸
[01:01:48.000 --> 01:01:49.680]  那麼你讀慣
[01:01:49.680 --> 01:01:53.120]  不是一信一洗
[01:01:53.120 --> 01:01:55.440]  你讀慣一洗就不會讀一浸
[01:01:55.440 --> 01:01:56.400]  一浸禮
[01:01:56.400 --> 01:01:58.400]  所以你不讀慣就未必買
[01:01:58.400 --> 01:02:01.920]  所以「浸」字版是有的
[01:02:01.920 --> 01:02:02.880]  第二個
[01:02:02.880 --> 01:02:04.160]  第三個是什麼爭議
[01:02:04.160 --> 01:02:04.960]  大家知不知道
[01:02:04.960 --> 01:02:06.320]  就是文體爭議
[01:02:06.320 --> 01:02:08.160]  我用文言文寫
[01:02:08.160 --> 01:02:09.600]  就是所謂淺文理
[01:02:09.600 --> 01:02:12.240]  通常是一些章回小說看
[01:02:12.240 --> 01:02:13.760]  第三就是用官話
[01:02:13.760 --> 01:02:15.120]  用白話來做
[01:02:15.120 --> 01:02:17.600]  三大爭議
[01:02:17.600 --> 01:02:20.000]  北京譯本出到來
[01:02:20.000 --> 01:02:24.400]  那時候剛剛的譯名之爭是白熱化
[01:02:24.400 --> 01:02:25.840]  咬得很厲害
[01:02:25.840 --> 01:02:27.120]  所以他們有一個問題
[01:02:27.120 --> 01:02:29.680]  我怎樣譯Felix和Elohim
[01:02:29.680 --> 01:02:31.280]  我譯上帝
[01:02:31.280 --> 01:02:32.880]  美國人便罵我
[01:02:32.880 --> 01:02:34.080]  我譯神
[01:02:34.080 --> 01:02:35.440]  英國人便罵我
[01:02:35.440 --> 01:02:37.280]  那麼他們最後決定什麼
[01:02:37.280 --> 01:02:39.200]  我用天主
[01:02:39.200 --> 01:02:40.720]  我另類一點
[01:02:40.720 --> 01:02:42.000]  所以你看到這個
[01:02:42.000 --> 01:02:44.560]  如果大家的眼力好
[01:02:44.560 --> 01:02:45.520]  可以看到
[01:02:45.520 --> 01:02:48.320]  天主的兒子耶穌基督福音的起頭
[01:02:48.320 --> 01:02:50.240]  先知書上記載說
[01:02:50.240 --> 01:02:52.240]  看起來其實和我本很相似
[01:02:52.240 --> 01:02:53.280]  我怕你看得到
[01:02:53.280 --> 01:02:54.640]  其實沒有難度
[01:02:54.640 --> 01:02:58.160]  所以我本1919年之前1872年的北京譯本
[01:02:58.160 --> 01:02:59.520]  已經很通順
[01:02:59.520 --> 01:03:00.800]  但是用了天主
[01:03:00.800 --> 01:03:02.320]  一用天主又怎樣
[01:03:02.320 --> 01:03:04.080]  就被人罵了
[01:03:04.080 --> 01:03:05.840]  今次不僅被英國人
[01:03:05.840 --> 01:03:07.040]  被美國人也罵了
[01:03:07.040 --> 01:03:08.960]  所以英美一起罵的
[01:03:08.960 --> 01:03:10.560]  所以只有一個版本用天主
[01:03:10.560 --> 01:03:11.600]  後來也不敢了
[01:03:11.600 --> 01:03:12.400]  後來怎樣
[01:03:12.400 --> 01:03:13.520]  就用不同版本了
[01:03:13.520 --> 01:03:15.200]  神的兒子
[01:03:15.200 --> 01:03:16.640]  這個神的兒子代表什麼
[01:03:16.640 --> 01:03:17.680]  哪個國家
[01:03:17.680 --> 01:03:18.800]  美國的
[01:03:18.800 --> 01:03:20.320]  而且你發覺
[01:03:20.320 --> 01:03:21.520]  很特別的
[01:03:22.000 --> 01:03:26.160]  今日的神志有些是有空位的
[01:03:26.160 --> 01:03:28.240]  大家知不知道為什麼有空位
[01:03:28.240 --> 01:03:31.920]  通常我們的官方解釋就是
[01:03:31.920 --> 01:03:32.960]  尊敬
[01:03:32.960 --> 01:03:34.560]  你不要告訴牧師
[01:03:34.560 --> 01:03:35.280]  我告訴你
[01:03:35.280 --> 01:03:36.000]  不是
[01:03:36.000 --> 01:03:38.720]  為什麼
[01:03:38.720 --> 01:03:41.280]  最主要一開始的時候
[01:03:41.280 --> 01:03:42.000]  不是因為
[01:03:42.000 --> 01:03:43.200]  為什麼你尊敬
[01:03:43.200 --> 01:03:44.560]  為什麼你不加上聖靈
[01:03:44.560 --> 01:03:45.840]  你不加上耶穌
[01:03:45.840 --> 01:03:47.360]  耶穌你不用尊敬嗎
[01:03:47.360 --> 01:03:49.520]  身為一體難道你只是尊敬神嗎
[01:03:49.520 --> 01:03:51.520]  為什麼只有神有一個空位
[01:03:52.000 --> 01:03:53.440]  問題在於什麼
[01:03:53.440 --> 01:03:55.760]  那時候英國人取笑美國人
[01:03:55.760 --> 01:03:57.520]  你用神
[01:03:57.520 --> 01:03:58.800]  什麼都是神
[01:03:58.800 --> 01:03:59.920]  瘟神也是神
[01:03:59.920 --> 01:04:01.360]  神棍也是神
[01:04:01.360 --> 01:04:02.240]  邪神也是神
[01:04:02.240 --> 01:04:03.680]  火雲邪神也是神
[01:04:03.680 --> 01:04:05.680]  連Keanu Reeves也是殺神
[01:04:05.680 --> 01:04:07.600]  你怎麼知道那個神是真神
[01:04:07.600 --> 01:04:11.040]  英文聖經你怎麼分辨是真神還是假神
[01:04:11.040 --> 01:04:13.520]  Capital letter
[01:04:13.520 --> 01:04:15.040]  中文有沒有capital letter
[01:04:15.040 --> 01:04:15.840]  沒有
[01:04:15.840 --> 01:04:18.160]  難道你弄大隻一點的神又不行
[01:04:18.160 --> 01:04:19.520]  他用一個鑼台
[01:04:19.520 --> 01:04:21.120]  在前面加個位
[01:04:21.440 --> 01:04:25.200]  前面加個位就是真神
[01:04:25.200 --> 01:04:26.240]  所以不用用上帝
[01:04:26.240 --> 01:04:27.120]  美國佬
[01:04:27.120 --> 01:04:28.720]  英國佬下一句就說
[01:04:28.720 --> 01:04:30.720]  你其他不用尊敬嗎
[01:04:30.720 --> 01:04:32.000]  他就沒有辦法了
[01:04:32.000 --> 01:04:33.440]  所以這是早期版本
[01:04:33.440 --> 01:04:34.240]  你看到嗎
[01:04:34.240 --> 01:04:36.240]  主也有
[01:04:36.240 --> 01:04:37.760]  聖靈也有空位
[01:04:37.760 --> 01:04:38.720]  大家看到嗎
[01:04:38.720 --> 01:04:40.720]  所以這是早期版本
[01:04:40.720 --> 01:04:44.320]  早期美國人要控制這件事
[01:04:44.320 --> 01:04:45.920]  所以神之前又加
[01:04:45.920 --> 01:04:46.960]  聖靈又加
[01:04:46.960 --> 01:04:47.920]  符又加
[01:04:47.920 --> 01:04:50.080]  因為天符不是地上的符
[01:04:50.080 --> 01:04:51.120]  所以加很多空位
[01:04:51.120 --> 01:04:52.800]  加得太多了
[01:04:52.800 --> 01:04:53.920]  決定不加
[01:04:53.920 --> 01:04:55.120]  只是加神
[01:04:55.120 --> 01:04:58.000]  加上一個牌版的原因
[01:04:58.000 --> 01:04:59.360]  我剛才聽到有人說牌版
[01:04:59.360 --> 01:05:01.920]  因為由上帝見神比較容易
[01:05:01.920 --> 01:05:03.920]  上帝拿走兩顆子粒
[01:05:03.920 --> 01:05:04.560]  怎麼樣
[01:05:04.560 --> 01:05:05.840]  放一個神下去
[01:05:05.840 --> 01:05:06.800]  就可以繼續了
[01:05:06.800 --> 01:05:07.920]  Prison版
[01:05:07.920 --> 01:05:08.880]  我開Prison版
[01:05:08.880 --> 01:05:10.560]  不用搞這麼多東西
[01:05:10.560 --> 01:05:13.120]  所以這是後來的典故
[01:05:13.120 --> 01:05:15.120]  但是北京本來是第一個
[01:05:15.120 --> 01:05:17.600]  容許不同的名字出來的
[01:05:17.600 --> 01:05:19.760]  有上帝版
[01:05:19.760 --> 01:05:20.960]  有神版
[01:05:20.960 --> 01:05:22.080]  有不同的版本
[01:05:22.080 --> 01:05:24.160]  是後來造就了和合本
[01:05:24.160 --> 01:05:26.080]  一個解決了
[01:05:26.080 --> 01:05:29.280]  教育教育一個很大的爭議的原因
[01:05:29.280 --> 01:05:30.880]  但是
[01:05:30.880 --> 01:05:32.480]  歡樂的時間也要休息
[01:05:32.480 --> 01:05:34.960]  所以我們暫時休息
[01:05:34.960 --> 01:05:35.840]  多久了
[01:05:35.840 --> 01:05:37.840]  多久需要介紹一下嗎
[01:05:37.840 --> 01:05:39.200]  先讓大家休息一下
[01:05:39.200 --> 01:05:49.280]  剛才提過
[01:05:49.280 --> 01:05:51.520]  我們會在休息之前
[01:05:51.520 --> 01:05:54.000]  我們會收一次自由奉獻
[01:05:54.000 --> 01:05:57.600]  然後才讓大家休息
[01:05:57.600 --> 01:05:59.360]  在抽奉獻的期間
[01:05:59.360 --> 01:06:02.560]  我又可以跟大家介紹兩本聖經
[01:06:02.560 --> 01:06:05.200]  希望不會繼續掉下去
[01:06:05.200 --> 01:06:08.480]  我們先祈禱一下
[01:06:08.480 --> 01:06:10.160]  我們就填奉獻袋
[01:06:10.160 --> 01:06:11.360]  我們一起禱告
[01:06:11.360 --> 01:06:12.800]  秋海天我們感謝你
[01:06:12.800 --> 01:06:13.360]  感謝你
[01:06:13.360 --> 01:06:16.320]  我們剛才大家都聽得很投入
[01:06:16.320 --> 01:06:20.800]  看到你自己怎樣來使用昔日的西教士
[01:06:20.800 --> 01:06:25.600]  又聽到他們在國內有很多的經歷
[01:06:25.600 --> 01:06:27.520]  無論在政治
[01:06:27.520 --> 01:06:28.320]  在宗教
[01:06:28.320 --> 01:06:29.760]  在語言
[01:06:29.760 --> 01:06:32.400]  文字方面
[01:06:32.400 --> 01:06:34.880]  各方面都面對很多不同的挑戰
[01:06:34.880 --> 01:06:39.120]  但是我們看到你自己的手在背後
[01:06:39.120 --> 01:06:41.280]  一直在引領
[01:06:41.280 --> 01:06:46.400]  以致我們今天有中文聖經可以閱讀
[01:06:46.400 --> 01:06:48.560]  並且是不斷的優化
[01:06:48.560 --> 01:06:50.240]  我們感謝讚美主
[01:06:50.240 --> 01:06:54.560]  求主都使用我們這個講座
[01:06:54.560 --> 01:06:56.720]  楊弟兄姊妹在這一方面
[01:06:56.720 --> 01:07:01.440]  得到更多的資料
[01:07:01.440 --> 01:07:02.400]  知識的時候
[01:07:02.400 --> 01:07:05.920]  我們更加懂得來敬畏你
[01:07:05.920 --> 01:07:09.920]  更加懂得來珍惜你自己的話語
[01:07:09.920 --> 01:07:13.440]  更加懂得用正確的態度
[01:07:13.440 --> 01:07:15.360]  來對待你自己的話語
[01:07:15.360 --> 01:07:16.320]  對待聖經
[01:07:16.320 --> 01:07:19.920]  求主使用你自己的話語來吸引我們
[01:07:19.920 --> 01:07:23.680]  更加懂得在你面前獻上土地起義的敬拜
[01:07:23.680 --> 01:07:24.720]  和侍奉
[01:07:24.720 --> 01:07:25.760]  榮耀你的名
[01:07:25.760 --> 01:07:29.280]  我們感謝主給弟兄姊妹愛心的奉獻
[01:07:29.280 --> 01:07:31.360]  求你自己親自的閱讀
[01:07:31.360 --> 01:07:34.880]  使用讓我們的士工能夠得著
[01:07:34.880 --> 01:07:39.840]  有足夠的資源來繼續向前
[01:07:39.840 --> 01:07:42.160]  感謝讚美主
[01:07:42.160 --> 01:07:43.600]  祈禱奉主名堂
[01:07:43.600 --> 01:07:46.000]  好 我們傳奉獻講的時候
[01:07:46.000 --> 01:07:49.040]  就和大家介紹兩本聖經
[01:07:49.040 --> 01:07:50.800]  其實是一本來的
[01:07:50.800 --> 01:07:51.920]  那個譯文都是一樣
[01:07:51.920 --> 01:07:58.000]  就是明天唐子榮博士會和我們講一個課程
[01:07:58.000 --> 01:08:02.000]  那個課程當然剛才唐博士講了一部份
[01:08:02.000 --> 01:08:04.880]  下一部份我就現在幫他講完
[01:08:04.880 --> 01:08:08.640]  就是唐博士會使用我們這個最新
[01:08:08.640 --> 01:08:12.000]  現今華人教會裏面最新翻譯完成的一本
[01:08:12.000 --> 01:08:14.080]  中文的譯本
[01:08:14.080 --> 01:08:15.920]  就是環球聖經譯本
[01:08:15.920 --> 01:08:17.600]  我們簡稱環譯本
[01:08:17.600 --> 01:08:19.040]  會使用這本聖經
[01:08:19.040 --> 01:08:20.480]  我們早期出版的時候
[01:08:20.480 --> 01:08:21.920]  那個響導版
[01:08:21.920 --> 01:08:23.760]  我們分成四冊來出的
[01:08:23.760 --> 01:08:24.560]  新的一冊
[01:08:24.560 --> 01:08:25.840]  然後舊的三冊
[01:08:25.840 --> 01:08:28.240]  擺了很豐富註解
[01:08:28.240 --> 01:08:30.720]  分了三個不同的層次
[01:08:30.720 --> 01:08:36.080]  有普通我們研經那些解經的知識
[01:08:36.080 --> 01:08:39.280]  有翻譯的時候為什麼我們會這樣翻譯
[01:08:39.280 --> 01:08:40.560]  翻譯的註解
[01:08:40.560 --> 01:08:42.640]  並且還有經文鑑別
[01:08:42.640 --> 01:08:45.200]  講到抄本各方面的問題
[01:08:45.200 --> 01:08:46.480]  那些註解
[01:08:46.480 --> 01:08:51.280]  這本聖經還做了一樣破經方沒人做過的事
[01:08:51.280 --> 01:08:55.600]  大家買手機應該也有售後服務
[01:08:55.600 --> 01:08:57.040]  需要收錢嗎?
[01:08:57.040 --> 01:09:00.160]  買這本聖經有免費的售後服務
[01:09:00.160 --> 01:09:02.080]  還是很多重奏的
[01:09:02.080 --> 01:09:04.160]  三重奏、四重奏、五重奏
[01:09:04.160 --> 01:09:05.600]  一直陸續有來
[01:09:05.600 --> 01:09:10.640]  那些免費服務不是說你用完這本聖經
[01:09:10.640 --> 01:09:13.600]  你用爛了可以拿回來換新的
[01:09:13.600 --> 01:09:15.040]  這是很低層次的
[01:09:15.040 --> 01:09:17.200]  我們的售後服務就是
[01:09:17.200 --> 01:09:19.680]  我們定義要幫助大家
[01:09:19.680 --> 01:09:21.920]  怎樣讀明神話語
[01:09:21.920 --> 01:09:23.120]  讀明這本聖經
[01:09:23.120 --> 01:09:25.040]  所以我們的配套
[01:09:25.040 --> 01:09:31.040]  如果大家有聽到我們有一個叫做環球讀經研經行動
[01:09:31.040 --> 01:09:34.640]  不知道在座有沒有人有聽過或者有參加
[01:09:34.640 --> 01:09:35.920]  如果沒有的話
[01:09:35.920 --> 01:09:40.080]  我們待會書攤那裡有一張QR Code
[01:09:40.080 --> 01:09:42.720]  大家去那裡讀一下就可以了
[01:09:42.720 --> 01:09:46.000]  每天就會有這本《環疫表》的經文
[01:09:46.000 --> 01:09:49.120]  送到你的手機那裡用WhatsApp
[01:09:49.120 --> 01:09:52.880]  還有文字和聲音一起配合
[01:09:52.880 --> 01:09:55.440]  文字還可以選繁體字、簡體字
[01:09:55.440 --> 01:09:59.920]  聲音可以選國語、粵語、普通話
[01:09:59.920 --> 01:10:02.800]  並且有男聲女聲
[01:10:02.800 --> 01:10:07.280]  同步幫助大家
[01:10:07.280 --> 01:10:09.760]  我們新這一年開始推動
[01:10:09.760 --> 01:10:11.760]  稍微放慢了步伐
[01:10:11.760 --> 01:10:13.760]  就是兩年讀完一本聖經
[01:10:13.760 --> 01:10:16.320]  過去那兩年我們就一年讀完整本聖經
[01:10:16.320 --> 01:10:18.320]  幫大家編排每天的經文
[01:10:18.320 --> 01:10:19.760]  除了送給大家之外
[01:10:19.760 --> 01:10:21.760]  還有很多豐富的材料
[01:10:21.760 --> 01:10:23.280]  有思考的問題
[01:10:23.280 --> 01:10:29.520]  也有我們所謂的每天速讀的經文
[01:10:29.520 --> 01:10:30.640]  有卷讀
[01:10:30.640 --> 01:10:34.560]  進到新的書卷會幫你講解那本書的整個脈絡
[01:10:34.560 --> 01:10:36.800]  整個結構很清楚
[01:10:36.800 --> 01:10:40.800]  並且有速讀、有卷讀、有精讀
[01:10:40.800 --> 01:10:45.760]  一個星期給你一個很深入的茶經教導的材料
[01:10:45.760 --> 01:10:49.280]  今年開始我們有一個叫脈絡靈修
[01:10:49.280 --> 01:10:53.120]  就是每一天配合你那天所讀的經文
[01:10:53.120 --> 01:10:55.120]  就有學者幫我們寫
[01:10:55.120 --> 01:10:59.840]  從那段經文引用出來的一個脈絡靈修材料
[01:10:59.840 --> 01:11:01.600]  幫助大家更加深入
[01:11:01.600 --> 01:11:04.160]  來閱讀整個話語、明白整個話語
[01:11:04.160 --> 01:11:06.160]  大家就不要錯過了
[01:11:06.160 --> 01:11:08.640]  這個是免費的售後服務
[01:11:08.640 --> 01:11:10.880]  在那裏就算你不買這本聖經
[01:11:10.880 --> 01:11:12.800]  你也可以在那裏輸入QR Code
[01:11:12.800 --> 01:11:14.320]  就可以拿到這些材料
[01:11:14.320 --> 01:11:15.600]  每一天很豐富的
[01:11:15.600 --> 01:11:18.480]  這本還月本的經文
[01:11:18.480 --> 01:11:21.840]  我們又配合了一些材料
[01:11:21.840 --> 01:11:24.880]  出版了一本新的主題聖經
[01:11:24.880 --> 01:11:27.120]  叫心靈關懷聖經
[01:11:27.120 --> 01:11:29.120]  我們以前新月本有出過
[01:11:29.120 --> 01:11:31.360]  如果你新月本的時候還沒有買
[01:11:31.360 --> 01:11:38.320]  我就會推薦你買這本用還月本的譯文
[01:11:38.320 --> 01:11:40.320]  那個經文是還月本的譯文
[01:11:40.320 --> 01:11:45.120]  裡面加插了116個心靈議題
[01:11:45.120 --> 01:11:47.760]  涵蓋了我們同神的關係
[01:11:47.760 --> 01:11:48.800]  我們同人的關係
[01:11:48.800 --> 01:11:50.160]  我們同自己的關係
[01:11:50.160 --> 01:11:53.120]  是一本結合了聖經神學和心理輔導的
[01:11:53.120 --> 01:11:56.320]  一本很實用的聖經和手冊
[01:11:56.320 --> 01:12:02.080]  對弟兄姊妹去傳福音、探訪很有幫助
[01:12:02.080 --> 01:12:05.520]  並且裏面所涵蓋的課題
[01:12:05.520 --> 01:12:08.320]  是我們每一日生活的層面
[01:12:08.320 --> 01:12:10.080]  所接觸的每一個範疇
[01:12:10.080 --> 01:12:15.840]  幾乎都會提及到婚姻戀愛、家庭、親子、職場
[01:12:15.840 --> 01:12:19.120]  情緒的問題、心理的問題
[01:12:19.120 --> 01:12:22.880]  長期病患、末期癌症
[01:12:22.880 --> 01:12:24.480]  隱蔽青年、隱蔽老年
[01:12:24.480 --> 01:12:30.160]  上課時大家慢慢去探索那個表
[01:12:30.160 --> 01:12:32.320]  裏面的116個心靈議題
[01:12:32.320 --> 01:12:35.440]  而每一個議題都會從五個不同的角度
[01:12:35.440 --> 01:12:38.960]  跟大家探討
[01:12:38.960 --> 01:12:42.400]  所以是很全面、很豐富的一本聖經
[01:12:42.400 --> 01:12:45.360]  很幫助到大家配合現在這個時代
[01:12:45.360 --> 01:12:48.560]  我就停在這裏
[01:12:48.560 --> 01:12:52.560]  明天我們有個課程在這裏賣賣告白
[01:12:52.560 --> 01:12:55.760]  十點鐘開始,然後下午四點鐘結束
[01:12:55.760 --> 01:12:57.040]  分成兩個環節
[01:12:57.040 --> 01:12:59.760]  早上和下午都是唐子明博士
[01:12:59.760 --> 01:13:01.840]  和我們用這個華業館
[01:13:01.840 --> 01:13:03.520]  那幾個層次的註解
[01:13:03.520 --> 01:13:08.320]  幫我們一同學習怎樣原文釋經
[01:13:08.320 --> 01:13:11.600]  我們休息大概五到十分鐘
[01:13:11.600 --> 01:13:13.760]  大家去洗手間
[01:13:13.760 --> 01:13:15.600]  又是這裏外面
[01:13:15.600 --> 01:13:19.040]  書攤就在那個小房間
[01:13:19.040 --> 01:13:21.120]  大概十分鐘之後我們回來
[01:13:21.120 --> 01:13:22.800]  我們開始第二節
[01:13:22.800 --> 01:13:29.520]  果然是不同
[01:13:29.520 --> 01:13:39.360]  今天買書的率提升了很多
[01:13:39.360 --> 01:13:42.400]  題目真的很有興趣
[01:13:42.400 --> 01:13:45.280]  大家覺得應該都沒有介紹錯
[01:13:45.280 --> 01:13:46.400]  我剛才告訴大家
[01:13:46.400 --> 01:13:47.760]  你閱讀起來的時候
[01:13:47.760 --> 01:13:51.200]  你一邊閱讀一邊覺得很有趣味
[01:13:51.200 --> 01:13:53.120]  會帶給你很多樂趣
[01:13:53.120 --> 01:13:54.480]  補充一句
[01:13:54.480 --> 01:13:56.960]  很感謝大家很用心聽
[01:13:56.960 --> 01:13:58.880]  聽到我的漏洞
[01:13:58.880 --> 01:14:00.640]  我剛才報告的時候
[01:14:00.640 --> 01:14:02.720]  有些漏洞就是
[01:14:02.720 --> 01:14:04.640]  明天的課程
[01:14:04.640 --> 01:14:06.480]  唐博士的課程
[01:14:06.480 --> 01:14:08.240]  就不是在這個場地
[01:14:08.240 --> 01:14:12.080]  在我們新蒲崗辦公室那棟大廈
[01:14:12.080 --> 01:14:14.240]  就是26樓的基督徒會堂
[01:14:14.240 --> 01:14:20.640]  新蒲崗商業街9號會達商業中心
[01:14:20.640 --> 01:14:24.480]  的26樓基督徒會堂那棟地方
[01:14:24.480 --> 01:14:29.040]  然後都預告一句
[01:14:29.040 --> 01:14:30.240]  順便說一切
[01:14:30.240 --> 01:14:31.440]  我們很高興
[01:14:31.440 --> 01:14:33.760]  今晚連下一個星期
[01:14:33.760 --> 01:14:35.840]  這個同一個系列
[01:14:35.840 --> 01:14:38.400]  我剛才一開始的時候
[01:14:38.400 --> 01:14:39.520]  說今天是第一講
[01:14:39.520 --> 01:14:41.280]  然後我們還有第二講
[01:14:41.280 --> 01:14:42.400]  第二講就是
[01:14:42.400 --> 01:14:45.200]  由米葉博士幫我們做講完的
[01:14:45.200 --> 01:14:47.520]  題目就是威廉克里
[01:14:47.520 --> 01:14:50.080]  大家經常聽到William Carey
[01:14:50.080 --> 01:14:55.200]  就是威廉克里的宣教
[01:14:55.200 --> 01:14:57.520]  和葉邊的啟迪
[01:14:57.520 --> 01:14:59.040]  那個題目就是
[01:14:59.040 --> 01:15:01.920]  下個星期那一堂的講座
[01:15:01.920 --> 01:15:04.160]  就會回來這個地方
[01:15:04.160 --> 01:15:07.760]  不過明天就會在新蒲崗那個地方
[01:15:07.760 --> 01:15:11.600]  我補充完剛才的小說的甩漏
[01:15:11.600 --> 01:15:15.440]  請唐博士繼續和我們分享第2節
[01:15:42.320 --> 01:15:46.160]  橫星的廖牧師請我講這個題目的時候
[01:15:46.160 --> 01:15:49.600]  他就說想講關於蕭若瑟的《識經》和一個宣教
[01:15:49.600 --> 01:15:51.360]  我就馬上想起一句說話
[01:15:51.360 --> 01:15:52.800]  就是蕭若瑟自己講的
[01:15:52.800 --> 01:15:55.040]  那時候馬上出來的
[01:15:55.040 --> 01:15:58.960]  因為蕭若瑟在《識經》上
[01:15:58.960 --> 01:16:03.040]  你見到他很大的參與
[01:16:03.040 --> 01:16:04.640]  也有很多貢獻
[01:16:04.640 --> 01:16:08.800]  但是蕭若瑟除了因為他喜歡翻譯
[01:16:08.800 --> 01:16:12.640]  他喜歡他文字的能力很高之外
[01:16:12.640 --> 01:16:14.160]  也都因為一個原因
[01:16:14.160 --> 01:16:15.200]  可能不是很好的原因
[01:16:15.200 --> 01:16:17.760]  就是因為他覺得自己傳呼又不行
[01:16:17.760 --> 01:16:19.040]  這個是真實的
[01:16:19.040 --> 01:16:22.640]  因為他曾經寫過給文維廉一封信
[01:16:22.640 --> 01:16:24.640]  如果你看他的內容
[01:16:24.640 --> 01:16:25.360]  他說什麼
[01:16:25.360 --> 01:16:27.760]  他說如果有人在某方面特別出色
[01:16:27.760 --> 01:16:29.920]  就引誘在同一方面特別失敗
[01:16:29.920 --> 01:16:31.440]  我很痛苦
[01:16:31.440 --> 01:16:35.040]  感覺到自己在焦醉和感動回中方面
[01:16:35.040 --> 01:16:36.960]  非常缺乏能力和恩賜
[01:16:36.960 --> 01:16:39.840]  事實上我從未覺得自己在傳呼音上
[01:16:39.840 --> 01:16:41.360]  我介紹他講一件事
[01:16:41.360 --> 01:16:42.480]  自稱職的
[01:16:42.480 --> 01:16:45.600]  結果是我自己做了很少
[01:16:45.600 --> 01:16:47.760]  一點點基礎都沒有
[01:16:47.760 --> 01:16:49.280]  如果你上網找
[01:16:49.280 --> 01:16:51.440]  有人就說他在上海不知多少
[01:16:51.440 --> 01:16:54.400]  可能七八年可能只有三個人信主
[01:16:54.400 --> 01:16:56.400]  這些數據我就不確定
[01:16:56.400 --> 01:17:01.440]  但是在他口中覺得自己在傳呼音有欠
[01:17:01.440 --> 01:17:02.240]  他是真的
[01:17:02.240 --> 01:17:04.160]  因為他覺得那時候
[01:17:04.160 --> 01:17:08.320]  他另外四位是做北京譯本的同僚
[01:17:08.320 --> 01:17:09.920]  覺得他們很有口才
[01:17:09.920 --> 01:17:11.520]  很可以將呼音傳出來
[01:17:11.520 --> 01:17:13.200]  但是他就好像一個
[01:17:13.200 --> 01:17:15.040]  好像back to the point
[01:17:15.040 --> 01:17:16.080]  好像一隻書蟲一樣
[01:17:16.080 --> 01:17:17.440]  他最厲害就是看書
[01:17:17.440 --> 01:17:18.560]  最厲害就是寫東西
[01:17:18.560 --> 01:17:21.200]  所以他那時候其實有一個心裏面掙扎
[01:17:21.200 --> 01:17:24.240]  但後來他就因為這樣的緣故
[01:17:24.240 --> 01:17:26.960]  更加特別花時間在《花樣聖經》
[01:17:26.960 --> 01:17:28.960]  因為他覺得他跟神講
[01:17:28.960 --> 01:17:32.320]  不是每個人生出來就會識傳呼音
[01:17:32.320 --> 01:17:34.880]  不是每個人生出來口才就好
[01:17:34.880 --> 01:17:36.000]  有些人可以
[01:17:36.000 --> 01:17:37.760]  我happen to be不是
[01:17:37.760 --> 01:17:40.800]  我只可以用我識的利是封神
[01:17:40.800 --> 01:17:42.800]  所以我覺得這是一個好的提醒
[01:17:42.800 --> 01:17:47.120]  所以我不是想將很多面上的鐵金給他
[01:17:47.120 --> 01:17:48.800]  不是想稱讚他天花羅蓬
[01:17:48.800 --> 01:17:51.120]  因為他確實在宣教
[01:17:51.120 --> 01:17:52.640]  在我們認識的宣教
[01:17:52.640 --> 01:17:53.520]  就是傳呼音
[01:17:53.520 --> 01:17:54.640]  出去招聚人方面
[01:17:54.640 --> 01:17:56.320]  其實他有欠缺
[01:17:56.320 --> 01:17:58.880]  但是他在其他地方有補救
[01:17:58.880 --> 01:18:00.160]  所以我相信應該是
[01:18:00.160 --> 01:18:01.760]  我有很多基督徒寫字
[01:18:01.760 --> 01:18:03.440]  可能你認識哪個姐妹
[01:18:03.440 --> 01:18:05.520]  經常叫人新朋友的很厲害的
[01:18:05.520 --> 01:18:07.360]  或者哪個弟兄講福音很厲害的
[01:18:07.360 --> 01:18:08.960]  或者哪個茶經很厲害的
[01:18:08.960 --> 01:18:10.880]  每個人因此都不同
[01:18:10.880 --> 01:18:12.080]  有些人的
[01:18:12.080 --> 01:18:13.680]  我認識一間教會的
[01:18:13.680 --> 01:18:17.120]  有一次我去港版教會
[01:18:17.120 --> 01:18:19.200]  跟他一個很久沒見的朋友
[01:18:19.200 --> 01:18:20.800]  他現在回香港教會
[01:18:20.800 --> 01:18:23.760]  我就問你為甚麼會回這間教會的呢
[01:18:23.760 --> 01:18:25.120]  他跟我說了一個好故事
[01:18:25.120 --> 01:18:25.760]  跟大家分享
[01:18:25.760 --> 01:18:29.120]  他說我一段時間不停在找教會
[01:18:29.120 --> 01:18:31.200]  我來過這間教會來過兩次
[01:18:31.200 --> 01:18:32.400]  現在我就走了
[01:18:32.400 --> 01:18:33.520]  兩三個月後
[01:18:33.520 --> 01:18:35.520]  我有一次剛剛機緣巧合
[01:18:35.520 --> 01:18:36.880]  我就回這間教會
[01:18:36.880 --> 01:18:38.000]  一進去
[01:18:38.000 --> 01:18:39.360]  門口一個招待
[01:18:39.360 --> 01:18:41.040]  認得我的名字
[01:18:41.040 --> 01:18:42.000]  哇
[01:18:42.000 --> 01:18:43.520]  很久沒見你去了哪裡
[01:18:43.520 --> 01:18:44.560]  他就呆了
[01:18:44.560 --> 01:18:45.840]  他說你怎麼記得我
[01:18:45.840 --> 01:18:46.640]  你來過嘛
[01:18:46.640 --> 01:18:48.000]  以前我記得的
[01:18:48.000 --> 01:18:49.040]  就是這樣的緣故
[01:18:49.040 --> 01:18:50.320]  他會去這間教會
[01:18:50.320 --> 01:18:52.880]  所以不要以為你是會講道
[01:18:52.880 --> 01:18:55.040]  茶經的才可以傳呼音
[01:18:55.040 --> 01:18:56.560]  才可以帶人回教會
[01:18:56.560 --> 01:18:58.960]  你只不過是用心做好你的工作
[01:18:58.960 --> 01:19:00.560]  你的崗位已經夠了
[01:19:00.560 --> 01:19:03.120]  即使就算你自己幫人派傳張
[01:19:03.120 --> 01:19:05.200]  或者整教會沒有歡迎
[01:19:05.200 --> 01:19:07.360]  所以大家千萬不要小看你們的能力
[01:19:07.360 --> 01:19:08.800]  神不會使用你們
[01:19:08.800 --> 01:19:10.400]  所以施育室就覺得
[01:19:10.400 --> 01:19:12.880]  就算我不是這方面最大的能力
[01:19:12.880 --> 01:19:14.400]  我都可以去幫忙
[01:19:14.400 --> 01:19:15.760]  所以施育室
[01:19:15.760 --> 01:19:18.400]  其實在翻譯上是一個很特別的
[01:19:18.400 --> 01:19:20.400]  因為他本身有猶太背景
[01:19:20.400 --> 01:19:21.600]  剛才那個猶太背景
[01:19:21.600 --> 01:19:23.920]  本身不是一個對他一個貼金
[01:19:23.920 --> 01:19:27.840]  或者是一個最好的承諾
[01:19:27.840 --> 01:19:29.760]  因為他們覺得猶太人行不行
[01:19:29.760 --> 01:19:31.360]  猶太人是不是可以做主教
[01:19:31.360 --> 01:19:32.720]  猶太人是不是可以傳呼音
[01:19:32.720 --> 01:19:34.400]  是不是可以創造聖經
[01:19:34.400 --> 01:19:36.640]  但是因為他後來做了這麼多
[01:19:36.640 --> 01:19:39.840]  很多弟兄姊妹就覺得好
[01:19:39.840 --> 01:19:44.560]  而且那時候最大的問題就是
[01:19:44.560 --> 01:19:46.160]  他懂得希伯來文
[01:19:46.160 --> 01:19:47.600]  他懂不懂中文
[01:19:47.600 --> 01:19:50.160]  因為你翻譯是懂得的
[01:19:50.160 --> 01:19:51.280]  你不可以只懂得希伯來文
[01:19:51.280 --> 01:19:52.000]  你不懂得中文
[01:19:52.000 --> 01:19:53.360]  你現在出來怎麼辦
[01:19:53.360 --> 01:19:57.120]  所以那時候有些不同的信徒
[01:19:57.120 --> 01:19:57.840]  其實是稱讚他
[01:19:57.840 --> 01:19:59.120]  譬如丁惟良
[01:19:59.120 --> 01:20:02.080]  但他自己覺得他自己的中文水平一般
[01:20:02.080 --> 01:20:05.600]  丁惟良就說他是希伯來人中的希伯來人
[01:20:05.600 --> 01:20:08.480]  因為他在拉比的文化傳統中成長
[01:20:08.480 --> 01:20:12.000]  但是他透過努力適應和成功的學習
[01:20:12.000 --> 01:20:14.160]  同樣令自己成為一個華人
[01:20:14.160 --> 01:20:17.360]  今天沒有一個人比他更熟悉官話的使用
[01:20:17.360 --> 01:20:18.080]  所以換句話說
[01:20:18.080 --> 01:20:21.680]  大家對他懂得希伯來文不感到陌生
[01:20:21.680 --> 01:20:24.160]  大家只不過說這個人行不行
[01:20:24.160 --> 01:20:25.600]  用官話來翻譯聖經
[01:20:25.600 --> 01:20:27.120]  或者用中文來翻譯聖經
[01:20:27.120 --> 01:20:29.040]  所以丁惟良就覺得他行
[01:20:29.040 --> 01:20:30.720]  另外還有什麼
[01:20:30.720 --> 01:20:33.520]  他後來做完《北京譯本》
[01:20:33.520 --> 01:20:35.440]  《北京譯本》是五個人一起做的
[01:20:35.440 --> 01:20:36.960]  雖然大部分時間是四個人
[01:20:36.960 --> 01:20:40.640]  但做完之後大家已經筋疲力盡了
[01:20:40.640 --> 01:20:42.320]  做完之後八年
[01:20:42.320 --> 01:20:46.000]  只是譯了二十七本的還是比較容易譯的
[01:20:46.000 --> 01:20:48.640]  三十九點算了
[01:20:48.640 --> 01:20:51.520]  還要是加上有一些很難譯的
[01:20:51.520 --> 01:20:52.960]  什麼《爾西傑書》
[01:20:52.960 --> 01:20:54.320]  《爾賽亞書》那些
[01:20:54.320 --> 01:20:55.440]  看到都害怕
[01:20:55.440 --> 01:20:56.480]  怎麼譯呢
[01:20:56.480 --> 01:20:57.760]  《約伯記》那些
[01:20:57.760 --> 01:21:00.480]  但是他其他人不肯譯
[01:21:00.480 --> 01:21:01.440]  他自己一個人譯了
[01:21:01.440 --> 01:21:05.360]  所以今天用的《北京譯本》的舊約版
[01:21:05.360 --> 01:21:07.760]  以前有時候不是叫《北京譯本》的
[01:21:07.760 --> 01:21:09.360]  有時候叫《新約北京譯本》
[01:21:09.360 --> 01:21:11.680]  再加私藥室的官話版
[01:21:11.680 --> 01:21:13.280]  是一八七四年的
[01:21:13.280 --> 01:21:16.480]  但是舊約是他一個人單獨去譯的
[01:21:16.480 --> 01:21:18.080]  所以他做了很多
[01:21:18.080 --> 01:21:20.160]  做到一個地步
[01:21:20.160 --> 01:21:21.600]  甚至是
[01:21:21.600 --> 01:21:27.600]  美國聖經會就叫做《易經王子》
[01:21:27.600 --> 01:21:30.160]  這些名號大家聽一下好了
[01:21:30.160 --> 01:21:33.120]  這些都是比較虛榮的
[01:21:33.120 --> 01:21:35.920]  所以你看他譯成怎樣最重要
[01:21:35.920 --> 01:21:40.640]  但是連英國聖經會就叫做世界其中一個最優秀的聖經發行者
[01:21:40.640 --> 01:21:42.720]  這個有一點點原因的
[01:21:42.720 --> 01:21:44.400]  告訴大家原因
[01:21:44.400 --> 01:21:47.040]  後來有故事的
[01:21:47.040 --> 01:21:48.480]  其中一個原因就是
[01:21:48.480 --> 01:21:51.680]  英國聖經會其實從來都是比較坐大的
[01:21:51.680 --> 01:21:53.360]  因為以前倫敦會很大
[01:21:53.360 --> 01:21:54.800]  所有主要的聖經
[01:21:54.800 --> 01:21:55.920]  無論是《瑪麗信》也好
[01:21:55.920 --> 01:21:56.720]  《墨都斯》也好
[01:21:56.720 --> 01:21:58.960]  《聖人少祖》全部都是英國人譯的
[01:21:58.960 --> 01:22:00.080]  《偉伯原本》也是
[01:22:00.080 --> 01:22:01.600]  英國聖經公會出入
[01:22:01.600 --> 01:22:04.080]  到《墨都斯》死了之後
[01:22:04.080 --> 01:22:06.000]  就無以為繼
[01:22:06.000 --> 01:22:08.560]  後來那兩個的翻譯
[01:22:08.560 --> 01:22:12.240]  都不是屬於跟英國聖經公會 close(接近)的
[01:22:12.240 --> 01:22:14.080]  一個就是私藥室
[01:22:14.080 --> 01:22:15.840]  他就跟美國聖經公會 close(接近)
[01:22:15.840 --> 01:22:16.720]  因為他是美國人
[01:22:16.720 --> 01:22:18.240]  另外一個叫做楊克菲
[01:22:18.240 --> 01:22:20.240]  他就跟蘇格蘭聖經公會 close(接近)
[01:22:20.240 --> 01:22:22.080]  所以突然之間他就沒有這個能力
[01:22:22.080 --> 01:22:25.360]  英國聖經公會那時候想印北京譯本
[01:22:25.360 --> 01:22:27.280]  北京譯本的英文版
[01:22:27.280 --> 01:22:28.560]  因為大家寫譯的
[01:22:28.560 --> 01:22:30.400]  大家 share(分享)版權的
[01:22:30.400 --> 01:22:33.040]  英美聖經公會 share(分享)版權
[01:22:33.040 --> 01:22:35.200]  但是舊譯的版本
[01:22:35.200 --> 01:22:36.880]  是私藥室自己一個人譯的
[01:22:36.880 --> 01:22:39.840]  所以版權是歸美國聖經公會
[01:22:39.840 --> 01:22:43.440]  有時候美國聖經公會就會專門留難他們
[01:22:43.440 --> 01:22:44.880]  他說我想印可以嗎?
[01:22:44.880 --> 01:22:47.280]  他說大家看看這些文件
[01:22:47.280 --> 01:22:48.880]  下個星期寫封信給你
[01:22:48.880 --> 01:22:50.160]  就是有這樣的事情
[01:22:50.160 --> 01:22:52.320]  那時候有些微言
[01:22:52.320 --> 01:22:54.640]  覺得你們在阻頭阻勢
[01:22:54.640 --> 01:22:56.240]  不讓我們有機會
[01:22:56.240 --> 01:23:01.040]  所以他們一方面要開始態度改變
[01:23:01.040 --> 01:23:02.320]  以前是比較強勢的
[01:23:02.320 --> 01:23:05.120]  所以他們讚私藥室其實是興奮的
[01:23:05.120 --> 01:23:08.320]  我覺得也可以理解到
[01:23:08.320 --> 01:23:10.960]  後來和盤他們很 make sure(確保)
[01:23:10.960 --> 01:23:13.120]  第一個一定要做的
[01:23:13.120 --> 01:23:15.200]  大家共同擁有這個版本
[01:23:15.200 --> 01:23:18.000]  所以和盤這麼多的融合的原因
[01:23:18.000 --> 01:23:20.320]  是因為那時候三個大的聖經公會
[01:23:20.320 --> 01:23:21.840]  大家都準備好了
[01:23:21.840 --> 01:23:24.720]  覺得你隨便一個擁有我都用不到
[01:23:24.720 --> 01:23:25.280]  不好的
[01:23:25.280 --> 01:23:26.160]  我們一起擁有
[01:23:26.160 --> 01:23:27.920]  一起擁有大家有不同的版本
[01:23:27.920 --> 01:23:31.120]  這個和盤的故事我明天再跟大家講下去
[01:23:31.120 --> 01:23:34.880]  但是有一個長期的問題
[01:23:34.880 --> 01:23:36.560]  昨晚也有人看節目問我
[01:23:36.560 --> 01:23:39.760]  究竟早期的宣教士有沒有用原文來翻譯聖經
[01:23:39.760 --> 01:23:42.080]  如果你問我
[01:23:42.080 --> 01:23:44.560]  有沒有從原文直接
[01:23:44.560 --> 01:23:47.120]  由起初翻的話
[01:23:47.120 --> 01:23:48.720]  我相信很少
[01:23:48.720 --> 01:23:51.760]  有沒有參考原文呢?
[01:23:51.760 --> 01:23:52.800]  有
[01:23:52.800 --> 01:23:55.840]  私藥室肯定是其中一個有參考原文的
[01:23:55.840 --> 01:23:58.960]  但是用原文重頭譯的話
[01:23:58.960 --> 01:24:00.960]  我覺得到今天還是少的
[01:24:00.960 --> 01:24:03.360]  因為你已經有版本在這裡
[01:24:03.360 --> 01:24:05.120]  你很難重頭來的
[01:24:05.120 --> 01:24:08.960]  但是重頭來有些東西是跑不掉的
[01:24:08.960 --> 01:24:10.320]  如果你懂得原文的話
[01:24:10.320 --> 01:24:12.400]  你只要看到原文
[01:24:12.400 --> 01:24:15.920]  你發覺和一些原來有的中文聖經是不同的
[01:24:15.920 --> 01:24:17.360]  你才會抓到來的
[01:24:17.360 --> 01:24:19.840]  例如誰呢?
[01:24:19.840 --> 01:24:21.520]  例如呂鎮忠
[01:24:21.520 --> 01:24:26.640]  呂鎮忠1946年的版本肯定是直接從希臘文出來的
[01:24:26.640 --> 01:24:32.720]  因為他寫的東西是你不可以不懂原文寫出來的
[01:24:32.720 --> 01:24:34.160]  呂鎮忠大家知道嗎?
[01:24:34.160 --> 01:24:35.760]  他不用「的」字
[01:24:35.760 --> 01:24:40.720]  他用「的底」來取代「的」字
[01:24:40.720 --> 01:24:43.520]  他說我要分adjective和genitive
[01:24:43.520 --> 01:24:45.200]  我不要每個都是形容詞
[01:24:45.200 --> 01:24:46.720]  我要分這個術格
[01:24:46.720 --> 01:24:49.040]  希臘文的所有格
[01:24:49.040 --> 01:24:50.880]  分了幾成effort
[01:24:50.880 --> 01:24:52.080]  所以他用不同的字
[01:24:52.080 --> 01:24:55.120]  他要用中文來表達希臘希臘文
[01:24:55.120 --> 01:24:56.880]  所以如果他不懂他不可能做的
[01:24:56.880 --> 01:24:58.800]  所以我們知道很清楚
[01:24:58.800 --> 01:25:00.480]  呂鎮忠肯定是用的
[01:25:00.480 --> 01:25:03.600]  但是很多的故事就說
[01:25:03.600 --> 01:25:05.440]  就算他們不是用原文
[01:25:05.440 --> 01:25:07.120]  但是他們有參考原文
[01:25:07.120 --> 01:25:08.960]  但是你知道他們參考
[01:25:08.960 --> 01:25:10.720]  因為他們用很多英文聖經
[01:25:10.720 --> 01:25:12.480]  其中一個是馬禮信
[01:25:12.480 --> 01:25:14.000]  為什麼我們知道?
[01:25:14.000 --> 01:25:16.000]  當他用一個直譯
[01:25:16.000 --> 01:25:17.360]  即是音譯的時候
[01:25:17.360 --> 01:25:19.440]  你就知道他用什麼文
[01:25:19.440 --> 01:25:21.680]  我給大家一個quiz
[01:25:21.680 --> 01:25:24.400]  大家知不知道馬禮信是神經聖書?
[01:25:24.400 --> 01:25:25.840]  這個是誰來的?
[01:25:25.840 --> 01:25:32.000]  以法或者以法來的
[01:25:32.000 --> 01:25:33.680]  以法是哪個人?
[01:25:33.680 --> 01:25:38.160]  是在創世紀的
[01:25:38.160 --> 01:25:38.960]  是了
[01:25:38.960 --> 01:25:39.920]  夏娃
[01:25:39.920 --> 01:25:41.920]  但是為什麼會用以法呢?
[01:25:41.920 --> 01:25:44.800]  因為「以」
[01:25:44.800 --> 01:25:46.720]  所以如果巴切
[01:25:46.720 --> 01:25:48.880]  其實巴切是馬禮信婆
[01:25:48.880 --> 01:25:51.840]  因為馬禮信用的巴切版本沒有用這個
[01:25:51.840 --> 01:25:58.400]  巴切版本是用一個比較近希伯來文的讀音
[01:25:58.400 --> 01:26:00.640]  所以連巴切本身
[01:26:00.640 --> 01:26:03.680]  即是以前他參考的天主教版本都不是這樣
[01:26:03.680 --> 01:26:06.000]  馬禮信因為他英文緣故用了「以」
[01:26:06.000 --> 01:26:07.360]  就上以法了
[01:26:07.360 --> 01:26:08.400]  第二個
[01:26:08.400 --> 01:26:10.560]  以至伯多
[01:26:10.560 --> 01:26:12.080]  以至彼多
[01:26:12.080 --> 01:26:13.680]  是什麼?
[01:26:13.680 --> 01:26:17.680]  以至伯多
[01:26:17.680 --> 01:26:21.440]  是地方名
[01:26:21.440 --> 01:26:25.360]  egypt
[01:26:25.360 --> 01:26:28.720]  巴切翻譯了「阿爾多」
[01:26:28.720 --> 01:26:31.120]  因為巴切不知道為什麼
[01:26:31.120 --> 01:26:32.400]  不用希伯來文
[01:26:32.400 --> 01:26:33.680]  用希臘文
[01:26:33.680 --> 01:26:34.880]  所以一開始是「I」
[01:26:34.880 --> 01:26:37.520]  今天的「I」及「I至」其實都是
[01:26:37.520 --> 01:26:39.600]  其實我要找一個淵源
[01:26:39.600 --> 01:26:41.280]  但是不像希伯來文
[01:26:41.280 --> 01:26:42.880]  希伯來文開始用的
[01:26:42.880 --> 01:26:44.640]  是接近希臘文的
[01:26:44.640 --> 01:26:47.120]  所以為什麼他用希臘文來翻譯呢?
[01:26:47.120 --> 01:26:48.240]  可能是拉丁文
[01:26:48.240 --> 01:26:49.760]  我還沒有查
[01:26:49.760 --> 01:26:53.520]  但是馬禮信用了什麼?
[01:26:53.520 --> 01:26:54.960]  egypt
[01:26:54.960 --> 01:26:59.920]  大家知道馬禮信用的英文最重要的名字是誰嗎?
[01:26:59.920 --> 01:27:01.040]  我告訴大家
[01:27:01.040 --> 01:27:04.560]  馬禮信用的英文最重要的名字是James
[01:27:04.560 --> 01:27:06.800]  馬禮信用的James不是雅各
[01:27:06.800 --> 01:27:08.240]  他用了什麼?
[01:27:08.240 --> 01:27:10.320]  啫米士
[01:27:10.320 --> 01:27:15.200]  所以馬禮信的雅各書不是叫雅各書
[01:27:15.200 --> 01:27:17.200]  叫啫米
[01:27:17.200 --> 01:27:18.720]  啫米士書
[01:27:18.720 --> 01:27:19.680]  你看到嗎?
[01:27:19.680 --> 01:27:22.320]  啫米士劃清雅各
[01:27:22.320 --> 01:27:25.600]  因為那時候的約科伯術
[01:27:25.600 --> 01:27:28.000]  就是一個雅各希臘文的名字
[01:27:28.000 --> 01:27:32.480]  所以巴切都用雅各伯來譯
[01:27:32.480 --> 01:27:35.040]  但是馬禮信又如何?
[01:27:35.040 --> 01:27:36.560]  用了啫米士
[01:27:36.560 --> 01:27:39.520]  所以如果你看馬禮信找不到雅各書
[01:27:39.520 --> 01:27:41.280]  不要灰心
[01:27:41.280 --> 01:27:42.960]  你找啫米士書就可以了
[01:27:42.960 --> 01:27:44.880]  他的書叫啫米士書
[01:27:44.880 --> 01:27:46.640]  就是James
[01:27:46.640 --> 01:27:50.400]  後來的翻譯員都受不了
[01:27:50.400 --> 01:27:51.520]  什麼叫啫米士?
[01:27:51.520 --> 01:27:53.120]  什麼時候變成James?
[01:27:53.120 --> 01:27:56.080]  所以委托日本改回做雅各
[01:27:56.080 --> 01:27:57.840]  不叫後面的伯
[01:27:57.840 --> 01:28:00.240]  不用約科伯術
[01:28:00.240 --> 01:28:01.280]  用了雅各
[01:28:01.280 --> 01:28:04.160]  所以今天我們的Jacob和James是一樣的
[01:28:04.160 --> 01:28:05.360]  英文就不同了
[01:28:05.360 --> 01:28:07.680]  但是中文其實Jacob和James是一樣的
[01:28:07.680 --> 01:28:08.880]  都是雅各的
[01:28:08.880 --> 01:28:15.280]  後來北京日本沿用就變了James我們今天還用的翻譯員
[01:28:15.280 --> 01:28:17.600]  如果你看
[01:28:17.600 --> 01:28:20.720]  看到那時候就知道
[01:28:20.720 --> 01:28:23.920]  就算他們有參考希伯倫文聖經
[01:28:23.920 --> 01:28:25.520]  他都有參考很多英文聖經
[01:28:25.520 --> 01:28:27.280]  甚至受英文聖經影響
[01:28:27.280 --> 01:28:28.560]  所以我們知道
[01:28:28.560 --> 01:28:32.960]  所以究竟私藥室有多少參考?
[01:28:32.960 --> 01:28:36.400]  我相信私藥室參考希伯倫是多少?
[01:28:36.400 --> 01:28:39.360]  而私藥室的翻譯其實影響我們今天
[01:28:39.360 --> 01:28:40.800]  其中一個最大的影響
[01:28:40.800 --> 01:28:41.760]  我告訴大家
[01:28:41.760 --> 01:28:43.760]  也不是最大的影響
[01:28:43.760 --> 01:28:46.160]  是一個很特別的影響在哪裡呢?
[01:28:46.160 --> 01:28:49.840]  今天我們不說這個譯名的問題
[01:28:49.840 --> 01:28:50.880]  不說神和上帝
[01:28:50.880 --> 01:28:51.920]  我們說另外一個名字
[01:28:51.920 --> 01:28:53.280]  神另外一個名字是什麼?
[01:28:53.280 --> 01:28:58.080]  這個有一個很大的問題
[01:28:58.080 --> 01:29:02.480]  究竟你是說耶和華還是一個Yahweh呢?
[01:29:02.480 --> 01:29:07.920]  華人聖經我覺得不可以離開耶和華
[01:29:07.920 --> 01:29:11.440]  因為CV23篇
[01:29:11.440 --> 01:29:16.080]  你已經背掛了耶和華是我的目的
[01:29:16.080 --> 01:29:18.160]  哪個版本都很難改
[01:29:18.160 --> 01:29:20.080]  所以很少版本會
[01:29:20.080 --> 01:29:21.520]  但早期你會發覺
[01:29:21.520 --> 01:29:22.720]  大家有一個爭議
[01:29:22.720 --> 01:29:23.680]  不知道為什麼
[01:29:23.680 --> 01:29:25.520]  神天聖書
[01:29:25.520 --> 01:29:26.960]  瑪麗信就叫什麼?
[01:29:26.960 --> 01:29:28.320]  神主
[01:29:28.320 --> 01:29:31.280]  或者有時候叫做神天
[01:29:31.280 --> 01:29:33.040]  為什麼那本書叫做神天聖書呢?
[01:29:33.040 --> 01:29:34.640]  就是神天的書
[01:29:34.640 --> 01:29:36.560]  所以其實不是說一個天書
[01:29:36.560 --> 01:29:38.800]  神天聖書就是神天的聖書
[01:29:38.800 --> 01:29:40.880]  神天或者聖書
[01:29:40.880 --> 01:29:42.240]  最特別的就是葛實立
[01:29:42.240 --> 01:29:43.440]  葛實立叫做什麼?
[01:29:43.440 --> 01:29:45.040]  皇上帝
[01:29:45.040 --> 01:29:46.720]  有時候他叫做上主
[01:29:46.720 --> 01:29:48.720]  所以你看到皇上帝的版本
[01:29:48.720 --> 01:29:50.160]  只有兩個可能性
[01:29:50.160 --> 01:29:51.280]  一個就是葛實立的版本
[01:29:51.280 --> 01:29:53.120]  另外一個就是太平天國的版本
[01:29:53.120 --> 01:29:55.360]  因為太平天國用了皇上帝
[01:29:55.360 --> 01:29:58.880]  耶和華是偽扮原本開始用的
[01:29:59.600 --> 01:30:01.600]  司徒瑟用什麼?用主
[01:30:01.600 --> 01:30:04.480]  他用主就代表他想什麼?
[01:30:04.480 --> 01:30:06.720]  他明白希伯來貓就解釋給大家聽
[01:30:06.720 --> 01:30:09.680]  接著後來因為官話和本繼續用
[01:30:09.680 --> 01:30:14.960]  所以耶和華就變成了我們常用的中文聖經版本
[01:30:14.960 --> 01:30:18.160]  但其實耶和華在英文聖經已經差不多沒用了
[01:30:18.160 --> 01:30:20.240]  差不多已經不再用作剖法了
[01:30:20.240 --> 01:30:22.480]  除了椰證
[01:30:22.480 --> 01:30:23.680]  在天橋那些
[01:30:23.680 --> 01:30:25.120]  兩個站在那裡的那些
[01:30:25.120 --> 01:30:26.480]  JW他沒得改
[01:30:26.480 --> 01:30:28.080]  因為他的名字就是椰證
[01:30:28.080 --> 01:30:29.360]  所以他沒得改
[01:30:29.360 --> 01:30:32.080]  但英文聖經基本上沒做剖法
[01:30:32.080 --> 01:30:34.000]  差不多全部都是諾言
[01:30:34.000 --> 01:30:34.880]  那個字怎麼來的?
[01:30:34.880 --> 01:30:37.200]  大家可能有一點背景就知道
[01:30:37.200 --> 01:30:39.120]  那個字叫做Tetragrammaton
[01:30:39.120 --> 01:30:43.200]  是一個希伯來文四個元音
[01:30:43.200 --> 01:30:44.240]  子音
[01:30:44.240 --> 01:30:46.560]  即是四個副音
[01:30:46.560 --> 01:30:47.120]  不是元
[01:30:47.120 --> 01:30:47.840]  子音
[01:30:47.840 --> 01:30:51.440]  四個consonants
[01:30:51.440 --> 01:30:54.320]  YHWH
[01:30:54.320 --> 01:30:58.000]  所以當時希伯來人就決定
[01:30:58.000 --> 01:30:59.760]  不將他的vowels加上去
[01:30:59.760 --> 01:31:01.200]  大家如果讀過希伯來文就知道
[01:31:01.200 --> 01:31:04.560]  希伯來文是用這些consonants做主要的
[01:31:04.560 --> 01:31:06.000]  譬如三個
[01:31:06.000 --> 01:31:07.520]  譬如Malak
[01:31:07.520 --> 01:31:08.560]  MLK
[01:31:08.560 --> 01:31:10.080]  MLK就代表王
[01:31:10.080 --> 01:31:11.280]  王就代表統治
[01:31:11.280 --> 01:31:13.200]  你加不同的vowels上去
[01:31:13.200 --> 01:31:14.880]  Malak就變成皇帝
[01:31:14.880 --> 01:31:15.760]  變成統治
[01:31:15.760 --> 01:31:20.000]  希伯來文是用這些consonants做基本的
[01:31:20.000 --> 01:31:22.160]  希伯來人都是這樣用
[01:31:22.160 --> 01:31:23.120]  但他怎樣?
[01:31:23.120 --> 01:31:24.160]  他拿走這些vowels
[01:31:24.160 --> 01:31:26.160]  所以希伯來人記得點
[01:31:26.160 --> 01:31:28.160]  YHWH那些
[01:31:28.160 --> 01:31:29.280]  全部都是vowels
[01:31:29.280 --> 01:31:30.320]  全部教你怎樣讀
[01:31:30.320 --> 01:31:31.920]  IAU那些
[01:31:31.920 --> 01:31:33.920]  所以我經常跟學生說
[01:31:33.920 --> 01:31:36.240]  如果你想學希伯來文
[01:31:36.240 --> 01:31:39.280]  不要等到神的呼召很遲來
[01:31:39.280 --> 01:31:42.480]  或者等到你做完小事有時間讀
[01:31:42.480 --> 01:31:43.760]  你過了四十歲之後
[01:31:43.760 --> 01:31:45.360]  你連這些vowels都看不清楚
[01:31:45.360 --> 01:31:47.360]  所以你讀不到希伯來文
[01:31:47.360 --> 01:31:48.560]  所以早點學
[01:31:48.560 --> 01:31:52.960]  如果你想去研讀神的舊約說話的語言
[01:31:52.960 --> 01:31:54.000]  早點學希伯來文
[01:31:54.000 --> 01:31:55.600]  因為希伯來文的vowels很小
[01:31:55.600 --> 01:31:56.880]  有些是3點
[01:31:56.880 --> 01:31:57.920]  有些是2點
[01:31:57.920 --> 01:31:58.880]  很難看
[01:31:58.880 --> 01:32:01.520]  為什麼他要拿走?
[01:32:01.520 --> 01:32:03.280]  因為他拿走又怎樣?
[01:32:03.280 --> 01:32:05.280]  拿走就不會犯錯
[01:32:05.280 --> 01:32:06.400]  如果拿走
[01:32:06.400 --> 01:32:07.680]  現在那些美國外國人
[01:32:07.680 --> 01:32:08.800]  Oh my god
[01:32:08.800 --> 01:32:09.600]  Jesus
[01:32:09.600 --> 01:32:13.040]  希伯來人就是一些網稱神的名
[01:32:13.040 --> 01:32:14.720]  但如果你說不出神的名
[01:32:14.720 --> 01:32:16.960]  你沒有辦法
[01:32:16.960 --> 01:32:18.000]  你說不出神的名
[01:32:18.000 --> 01:32:19.680]  你沒有辦法說得出神的名
[01:32:19.680 --> 01:32:21.040]  你就不會說出神的名
[01:32:21.040 --> 01:32:23.520]  所以這是希伯來人最絕的方法
[01:32:23.520 --> 01:32:24.800]  所以我拿走你的vowels
[01:32:24.800 --> 01:32:26.000]  你不懂得讀
[01:32:26.000 --> 01:32:27.520]  所以不懂得讀的語言
[01:32:27.520 --> 01:32:29.280]  到最後真的忘記了怎麼讀
[01:32:29.280 --> 01:32:30.560]  你現在怎麼讀?
[01:32:30.560 --> 01:32:32.960]  所以每一次看到這個Tetragrammaton
[01:32:32.960 --> 01:32:35.440]  就是這四個letters的字
[01:32:35.440 --> 01:32:36.720]  都不讀
[01:32:36.720 --> 01:32:38.560]  Yahweh或者什麼的
[01:32:38.560 --> 01:32:40.160]  讀Adonai
[01:32:40.160 --> 01:32:41.280]  就是讀Lord
[01:32:41.280 --> 01:32:42.240]  就是主流
[01:32:42.240 --> 01:32:45.760]  所有看到的字都讀了Adonai
[01:32:45.760 --> 01:32:47.840]  似乎解決了問題
[01:32:47.840 --> 01:32:49.200]  但為什麼又做over?
[01:32:49.200 --> 01:32:51.360]  因為通常我們今天相信
[01:32:51.360 --> 01:32:52.240]  相信而已
[01:32:52.240 --> 01:32:53.520]  也沒有人肯定知道
[01:32:53.520 --> 01:32:54.720]  相信應該是Yahweh
[01:32:54.720 --> 01:32:57.360]  所以有些人現在叫Yahweh
[01:32:57.360 --> 01:32:59.360]  Yahweh或者叫Yahweh
[01:32:59.360 --> 01:33:01.280]  他相信那時候只有兩個vowels
[01:33:01.280 --> 01:33:03.680]  是Yahweh讀的
[01:33:03.680 --> 01:33:04.800]  但我們不肯定
[01:33:04.800 --> 01:33:06.000]  因為他拿走了
[01:33:06.000 --> 01:33:07.120]  但是
[01:33:07.120 --> 01:33:09.680]  如果你看希伯來人聖經
[01:33:09.680 --> 01:33:12.080]  他有時候會將一些vowels加進去
[01:33:12.080 --> 01:33:15.440]  不知是手痕還是
[01:33:15.440 --> 01:33:17.440]  摸幾下摸完不太清楚
[01:33:17.440 --> 01:33:19.040]  有時候他加一些vowels進去
[01:33:19.040 --> 01:33:20.400]  但他都不讀
[01:33:20.400 --> 01:33:22.400]  譬如其中一個版本
[01:33:22.400 --> 01:33:24.720]  他加一些Adonai的vowels進去
[01:33:24.720 --> 01:33:26.240]  Adonai有一個Chava
[01:33:26.240 --> 01:33:26.960]  有一個O
[01:33:26.960 --> 01:33:28.160]  然後有一個A
[01:33:28.160 --> 01:33:30.400]  這個字如果你讀
[01:33:30.400 --> 01:33:32.960]  就會變成Yahweh
[01:33:32.960 --> 01:33:34.720]  Yahweh就是這個字
[01:33:34.720 --> 01:33:37.440]  但是這個字不是他的讀音
[01:33:37.440 --> 01:33:39.680]  因為他看到這個字就讀Adonai
[01:33:39.680 --> 01:33:41.120]  所以基本上不是他的讀音
[01:33:41.120 --> 01:33:42.640]  但他不知道為什麼
[01:33:42.640 --> 01:33:45.680]  將Adonai的vowels加進去
[01:33:45.680 --> 01:33:47.200]  可能想提醒他們
[01:33:47.200 --> 01:33:48.880]  這個字雖然不是這樣讀
[01:33:48.880 --> 01:33:52.400]  但都是指主的意思
[01:33:52.400 --> 01:33:55.520]  但是後來西方的宵教士
[01:33:55.520 --> 01:33:58.080]  歐洲的聖經學者看到這個字
[01:33:58.080 --> 01:34:00.080]  就覺得可能這個是他的名字
[01:34:00.080 --> 01:34:02.640]  所以將Yahweh變成
[01:34:02.640 --> 01:34:07.280]  因為Yah和J其實同一個字的交流
[01:34:07.280 --> 01:34:08.960]  這個I和J可能變了
[01:34:08.960 --> 01:34:11.360]  所以英文就變成英文的反音
[01:34:11.360 --> 01:34:12.560]  Jehovah
[01:34:12.560 --> 01:34:15.840]  所以Jehovah今天普遍來說
[01:34:15.840 --> 01:34:18.320]  在英文的翻譯世界
[01:34:18.320 --> 01:34:19.520]  覺得是不對的
[01:34:19.520 --> 01:34:21.600]  所以他們盡量避免用Lord
[01:34:21.600 --> 01:34:23.680]  我們華人就沒有了
[01:34:23.680 --> 01:34:24.640]  這個傳統
[01:34:24.640 --> 01:34:26.320]  因為我們傳統已經用了
[01:34:26.320 --> 01:34:27.840]  但其實都有不同的
[01:34:27.840 --> 01:34:30.320]  馬來西亞雖然用神主
[01:34:30.320 --> 01:34:32.640]  但他曾經寫過神主漢建
[01:34:32.640 --> 01:34:36.560]  然後耶和瓦的經出來
[01:34:36.560 --> 01:34:38.320]  他用過這個發音
[01:34:38.320 --> 01:34:40.960]  因為他受英文King James Version影響
[01:34:40.960 --> 01:34:43.520]  King James有幾度用了Jehovah
[01:34:43.520 --> 01:34:46.160]  所以他就說其實這個名是可以讀的
[01:34:46.160 --> 01:34:48.720]  是叫做耶和瓦
[01:34:48.720 --> 01:34:53.600]  拉薩和馬船馬就譯做耶賀華
[01:34:53.600 --> 01:34:55.360]  恭賀賀
[01:34:55.360 --> 01:34:57.200]  剛才講過了
[01:34:57.200 --> 01:34:59.920]  最特別除了皇上帝之外
[01:34:59.920 --> 01:35:01.680]  還有一個就是梁法
[01:35:01.680 --> 01:35:02.480]  大家聽過梁法
[01:35:02.480 --> 01:35:05.360]  梁法是第一部華人的牧師
[01:35:05.360 --> 01:35:07.680]  在那時候做一個印刷的商人
[01:35:07.680 --> 01:35:09.200]  印刷的工人經
[01:35:09.200 --> 01:35:11.120]  在馬六甲幫迷唸印聖經
[01:35:11.120 --> 01:35:14.000]  這叫做日久生情
[01:35:14.000 --> 01:35:17.840]  最絕的叫華工來印聖經
[01:35:17.840 --> 01:35:19.920]  印一印看一看就相信了
[01:35:19.920 --> 01:35:21.360]  所以第一個就是梁法
[01:35:21.360 --> 01:35:23.600]  第二個名叫何俊賢
[01:35:23.600 --> 01:35:25.600]  大家可能不認得何俊賢的名
[01:35:25.600 --> 01:35:27.600]  第二個名叫何福堂
[01:35:27.600 --> 01:35:29.840]  誰在屯門
[01:35:29.840 --> 01:35:32.960]  因為屯門有個站叫何福堂站
[01:35:32.960 --> 01:35:34.560]  不是紀念他
[01:35:34.560 --> 01:35:36.800]  是紀念旁邊那一間
[01:35:36.800 --> 01:35:38.480]  因為有一間何福堂書院
[01:35:38.480 --> 01:35:40.640]  何福堂書院就紀念他
[01:35:40.640 --> 01:35:44.080]  何福堂還有一些典故
[01:35:44.080 --> 01:35:45.760]  何福堂很有錢的
[01:35:45.760 --> 01:35:46.800]  做了牧師之後
[01:35:46.800 --> 01:35:48.320]  又做了生意
[01:35:48.320 --> 01:35:49.360]  很有錢
[01:35:49.360 --> 01:35:51.200]  生子女很多
[01:35:51.200 --> 01:35:52.480]  全部都有神字
[01:35:52.480 --> 01:35:54.000]  何神物
[01:35:54.000 --> 01:35:56.480]  其中一個就是何神啟
[01:35:56.480 --> 01:35:59.120]  可能因為太驕教的名字
[01:35:59.120 --> 01:36:00.960]  有時候他不叫何神啟
[01:36:00.960 --> 01:36:01.840]  叫何啟
[01:36:01.840 --> 01:36:03.360]  大家認不認識何啟是誰
[01:36:03.360 --> 01:36:06.240]  何啟是孫中山先生的老師
[01:36:06.240 --> 01:36:09.280]  就是幫孫中山先生鼓勵他去做革命
[01:36:09.280 --> 01:36:11.520]  然後何啟也是很有錢的
[01:36:11.520 --> 01:36:12.800]  何啟和另一個朋友
[01:36:12.800 --> 01:36:14.800]  不知道叫什麼德
[01:36:14.800 --> 01:36:16.320]  什麼德
[01:36:16.320 --> 01:36:17.280]  歐德
[01:36:17.280 --> 01:36:18.240]  歐德馬達地
[01:36:18.240 --> 01:36:20.560]  馬達地後來沒有發展
[01:36:20.560 --> 01:36:22.560]  香港政府說我們有一個機場
[01:36:22.560 --> 01:36:23.840]  用哪一塊地
[01:36:23.840 --> 01:36:26.560]  這塊地可以歐德
[01:36:26.560 --> 01:36:28.320]  這塊地叫什麼名字
[01:36:28.320 --> 01:36:30.320]  好像叫啟和德的投資
[01:36:30.320 --> 01:36:31.920]  當時不是紀念他們
[01:36:31.920 --> 01:36:32.960]  他們已經死了
[01:36:32.960 --> 01:36:34.720]  就那塊地
[01:36:34.720 --> 01:36:37.200]  所以我們香港機場第一個機場叫啟德機場
[01:36:37.200 --> 01:36:39.680]  其實啟就是何啟
[01:36:39.680 --> 01:36:41.840]  何啟就是何俊善的兒子
[01:36:41.840 --> 01:36:43.760]  所以其實是有淵源的
[01:36:43.760 --> 01:36:45.760]  不知說這麼遠的
[01:36:45.760 --> 01:36:47.760]  Sorry Sorry
[01:36:47.760 --> 01:36:49.760]  我是經常教書
[01:36:49.760 --> 01:36:51.200]  我習慣了講故
[01:36:51.200 --> 01:36:52.560]  講了一下就講到離題
[01:36:52.560 --> 01:36:54.560]  大家要提一提我
[01:36:54.560 --> 01:36:56.160]  梁發第一個
[01:36:56.160 --> 01:36:58.160]  梁發是一個最酷的名字
[01:36:58.160 --> 01:36:59.760]  他叫爺火華
[01:36:59.760 --> 01:37:01.760]  老爺的爺
[01:37:01.760 --> 01:37:03.040]  火焰的火
[01:37:03.040 --> 01:37:04.240]  中華的華
[01:37:04.240 --> 01:37:06.240]  爺火華是最厲害的
[01:37:06.240 --> 01:37:07.920]  這個衛三位有得揮
[01:37:07.920 --> 01:37:09.120]  爺火華
[01:37:09.120 --> 01:37:11.760]  他就拿著他的勸世良言
[01:37:11.760 --> 01:37:14.800]  大家知不知道他在哪裡派勸世良言
[01:37:14.800 --> 01:37:16.160]  他在馬六甲印了
[01:37:16.160 --> 01:37:17.120]  拿回中國
[01:37:17.120 --> 01:37:19.120]  他就去科舉考試的地方
[01:37:19.120 --> 01:37:21.120]  大家為什麼知道他去科舉考試的地方
[01:37:21.120 --> 01:37:23.920]  有兩個原因
[01:37:23.920 --> 01:37:25.920]  一方面一個他知道
[01:37:25.920 --> 01:37:28.160]  當時很多人不懂得看字
[01:37:28.160 --> 01:37:29.760]  有很多婦女想拿
[01:37:29.760 --> 01:37:31.040]  拿來做什麼
[01:37:31.040 --> 01:37:32.160]  做鞋底
[01:37:32.160 --> 01:37:34.480]  因為聖經夠厚
[01:37:34.480 --> 01:37:37.120]  聖經、神天聖書
[01:37:37.120 --> 01:37:39.120]  勸世良言最好拿來做鞋底
[01:37:39.120 --> 01:37:40.560]  他就拿來做鞋底
[01:37:40.560 --> 01:37:42.560]  他就怕他們拿來做鞋底
[01:37:42.560 --> 01:37:45.040]  他有一些懂得看中文的
[01:37:45.040 --> 01:37:46.560]  誰懂得看中文
[01:37:46.560 --> 01:37:47.760]  就是學生
[01:37:47.760 --> 01:37:49.520]  就是考試的那些
[01:37:49.520 --> 01:37:52.080]  所以他在市場最好
[01:37:52.080 --> 01:37:54.080]  第二個原因是因為
[01:37:54.080 --> 01:37:55.760]  考完試很難的
[01:37:55.760 --> 01:37:56.640]  發顧問
[01:37:56.640 --> 01:37:58.880]  大部分你都失敗了
[01:37:58.880 --> 01:38:00.560]  失敗了出來最重要是什麼
[01:38:00.560 --> 01:38:01.680]  得到安慰
[01:38:01.680 --> 01:38:04.560]  給你一本神天聖、勸世良言
[01:38:04.560 --> 01:38:05.600]  讓你信耶穌
[01:38:05.600 --> 01:38:07.600]  所以很絕的
[01:38:07.600 --> 01:38:09.200]  其中一個就拿回去
[01:38:09.200 --> 01:38:10.960]  第三次失敗
[01:38:10.960 --> 01:38:12.400]  拿回去不看
[01:38:12.400 --> 01:38:13.520]  第四次再失敗
[01:38:13.520 --> 01:38:14.400]  回家沒事做
[01:38:14.400 --> 01:38:17.040]  去年拿了一本書去看
[01:38:17.040 --> 01:38:18.400]  一看第一頁
[01:38:18.400 --> 01:38:19.360]  這個神叫什麼
[01:38:19.360 --> 01:38:21.360]  耶火華
[01:38:21.360 --> 01:38:23.840]  我的名字叫做
[01:38:23.840 --> 01:38:26.160]  紅火獸
[01:38:26.160 --> 01:38:27.280]  那個年代
[01:38:27.280 --> 01:38:30.000]  你不會跟神share名
[01:38:30.000 --> 01:38:32.000]  你跟皇帝share名都不行
[01:38:32.000 --> 01:38:34.000]  那些叫做紀衛
[01:38:34.000 --> 01:38:36.480]  你跟皇帝share名
[01:38:36.480 --> 01:38:37.280]  譬如李世民
[01:38:37.280 --> 01:38:38.080]  做了皇帝
[01:38:38.080 --> 01:38:39.840]  如果你是張達文
[01:38:39.840 --> 01:38:44.000]  你就叫做張達明
[01:38:44.000 --> 01:38:45.280]  你要改的
[01:38:45.280 --> 01:38:47.680]  後來清政府說很煩
[01:38:47.680 --> 01:38:48.560]  只是中間那個
[01:38:48.560 --> 01:38:49.680]  不要全部改名
[01:38:49.680 --> 01:38:52.000]  其中有一個皇帝叫做劉並爾
[01:38:52.000 --> 01:38:53.840]  是西漢的
[01:38:53.840 --> 01:38:55.280]  劉並爾
[01:38:55.280 --> 01:38:57.840]  疾病的病
[01:38:57.840 --> 01:38:59.040]  但是事情是
[01:38:59.040 --> 01:39:00.480]  所有病你都不怕
[01:39:00.480 --> 01:39:01.360]  胃病
[01:39:01.360 --> 01:39:03.600]  什麼病
[01:39:03.600 --> 01:39:04.480]  皮膚病
[01:39:04.480 --> 01:39:05.200]  全部都改名
[01:39:05.200 --> 01:39:06.000]  都搞不定
[01:39:06.000 --> 01:39:07.840]  所以他自己改名叫劉切
[01:39:07.840 --> 01:39:10.240]  劉並爾改了什麼名
[01:39:10.240 --> 01:39:11.200]  已經忘記了
[01:39:11.200 --> 01:39:12.640]  大家查一下
[01:39:12.640 --> 01:39:15.200]  那個是一個平民變成皇帝的
[01:39:15.200 --> 01:39:16.720]  因為那時候漢武帝
[01:39:16.720 --> 01:39:18.240]  殺了很多自己的子女
[01:39:18.240 --> 01:39:20.480]  後來他們最後帝位傳給他
[01:39:20.480 --> 01:39:21.440]  所以他的名字這麼差
[01:39:21.440 --> 01:39:22.080]  就是這個意思
[01:39:22.080 --> 01:39:23.680]  因為他本身不打算做皇帝
[01:39:23.680 --> 01:39:25.280]  一天又改另一個
[01:39:25.280 --> 01:39:25.840]  OK
[01:39:25.840 --> 01:39:27.760]  所以他們不應該share名
[01:39:27.760 --> 01:39:31.520]  所以當他的名字和神一樣
[01:39:31.520 --> 01:39:33.040]  他就覺得是什麼
[01:39:33.040 --> 01:39:34.240]  是啟示
[01:39:34.240 --> 01:39:36.400]  這個神啟示我要做一番大事
[01:39:36.400 --> 01:39:37.040]  他就看了
[01:39:37.040 --> 01:39:38.240]  這個神又厲害
[01:39:38.240 --> 01:39:39.120]  又救人
[01:39:39.120 --> 01:39:41.360]  然後又叫人去
[01:39:41.360 --> 01:39:42.560]  謀女平等很多
[01:39:42.560 --> 01:39:43.840]  他就喜意下驚
[01:39:43.840 --> 01:39:46.560]  這個是一個住在廣西的客家人
[01:39:46.560 --> 01:39:48.560]  所以他有一些廣西脈絡
[01:39:48.560 --> 01:39:49.760]  有一些客家脈絡
[01:39:49.760 --> 01:39:50.960]  他就說
[01:39:50.960 --> 01:39:52.320]  既然神呼召我
[01:39:52.320 --> 01:39:53.840]  我就尊敬這個神
[01:39:53.840 --> 01:39:55.280]  我不可以用火
[01:39:55.280 --> 01:39:56.800]  他就改名叫什麼
[01:39:56.800 --> 01:39:58.800]  洪秀全
[01:39:58.800 --> 01:40:00.560]  所以洪秀全的聖經
[01:40:00.560 --> 01:40:03.280]  其實就是用郭十烈的聖經
[01:40:03.280 --> 01:40:04.480]  因為他當時是假的
[01:40:04.480 --> 01:40:05.360]  《太平天國》
[01:40:05.360 --> 01:40:06.640]  《十天聖書》看不明白
[01:40:06.640 --> 01:40:07.600]  郭十烈看得明白
[01:40:07.600 --> 01:40:09.440]  然後郭十烈這個皇帝
[01:40:09.440 --> 01:40:11.040]  這個神的名字叫什麼?
[01:40:11.040 --> 01:40:12.640]  皇上帝
[01:40:12.640 --> 01:40:13.440]  他是什麼?
[01:40:13.440 --> 01:40:18.160]  他是耶穌的弟弟
[01:40:18.160 --> 01:40:20.560]  他有天父有天兄
[01:40:20.560 --> 01:40:21.680]  他就是第三個
[01:40:21.680 --> 01:40:23.440]  他就是三位一體其中一個
[01:40:23.440 --> 01:40:25.920]  他是父子和弟弟
[01:40:25.920 --> 01:40:26.640]  OK
[01:40:26.640 --> 01:40:27.920]  聖靈怎麼樣?
[01:40:27.920 --> 01:40:29.760]  聖靈我給其中一個王
[01:40:29.760 --> 01:40:32.080]  不知道他給了東王還是給了哪一個王
[01:40:32.080 --> 01:40:34.880]  所以後來基督徒不支持他就是這個原因
[01:40:34.880 --> 01:40:37.360]  這是大異端
[01:40:37.360 --> 01:40:42.400]  郭十烈用了上主或者皇上帝
[01:40:42.400 --> 01:40:44.080]  《太平天國版》就看到了
[01:40:44.080 --> 01:40:46.960]  《太平天國版》最喜歡用皇上帝
[01:40:46.960 --> 01:40:48.720]  《太平天國版》改了很多聖經
[01:40:48.720 --> 01:40:50.080]  今天沒有時間講
[01:40:50.080 --> 01:40:53.280]  所以其實一直以來都不是用主約
[01:40:53.280 --> 01:40:54.320]  但是
[01:40:54.320 --> 01:40:55.920]  這個位置不會用耶和華
[01:40:55.920 --> 01:40:58.320]  但是司徒瑟用主
[01:40:58.320 --> 01:40:59.760]  唯一一個只是用主
[01:40:59.760 --> 01:41:00.960]  因為他知道
[01:41:00.960 --> 01:41:03.040]  這個字根本就不敢讀
[01:41:03.040 --> 01:41:05.120]  這個字每一次我們都讀阿道那用的
[01:41:05.120 --> 01:41:06.640]  阿道那就是主
[01:41:06.640 --> 01:41:09.840]  所以司徒瑟的版本你找不到這些的
[01:41:09.840 --> 01:41:15.120]  他有權他自己決定的時候他就用主
[01:41:15.120 --> 01:41:18.640]  因為他是一個會希伯來文的人
[01:41:18.640 --> 01:41:21.360]  所以是一個很特別的翻譯
[01:41:21.360 --> 01:41:22.720]  在《北京經典》的時候
[01:41:22.720 --> 01:41:25.600]  後來又轉回《北京經典》
[01:41:25.600 --> 01:41:26.880]  但是你看《北京經典》
[01:41:26.880 --> 01:41:28.160]  如果你看
[01:41:28.160 --> 01:41:31.840]  考大家視力
[01:41:31.840 --> 01:41:34.560]  看看是不是2020
[01:41:34.560 --> 01:41:35.840]  大家看不看得到?
[01:41:35.840 --> 01:41:36.800]  有沒有人讀得到?
[01:41:36.800 --> 01:41:40.880]  讀得到的話證明你的視力很好
[01:41:40.880 --> 01:41:42.000]  讀一看好嗎?
[01:41:42.000 --> 01:41:45.520]  太初有道
[01:41:45.520 --> 01:41:48.000]  道與天主同在
[01:41:48.000 --> 01:41:49.760]  道就是天主
[01:41:49.760 --> 01:41:52.480]  這道太初與天主同在
[01:41:52.480 --> 01:41:56.320]  萬物是藉道創造的
[01:41:56.320 --> 01:41:57.600]  凡創造的
[01:41:57.600 --> 01:42:00.800]  沒有一樣不是藉著道創造的
[01:42:00.800 --> 01:42:04.640]  為什麼這麼像和本的呢?
[01:42:04.640 --> 01:42:06.320]  是因為和本像他
[01:42:06.320 --> 01:42:09.200]  和本用了很多天
[01:42:09.200 --> 01:42:10.560]  唯一不用的當然就是
[01:42:10.560 --> 01:42:12.400]  剛才說過天主不敢用羅記
[01:42:12.400 --> 01:42:13.760]  所以後來版本都沒有
[01:42:13.760 --> 01:42:16.160]  但是其實《北京譯本》
[01:42:16.160 --> 01:42:18.480]  新約影響和本的新約
[01:42:18.480 --> 01:42:21.360]  舊約影響官話和本的舊約
[01:42:21.360 --> 01:42:23.920]  所以其實今天很多的字
[01:42:23.920 --> 01:42:26.320]  其實是我們受施育室的版本影響
[01:42:26.320 --> 01:42:27.760]  所以施育室
[01:42:27.760 --> 01:42:29.840]  contribute to(貢獻)我們的聖經
[01:42:29.840 --> 01:42:30.320]  其實很多
[01:42:30.320 --> 01:42:31.040]  因為他本身
[01:42:31.040 --> 01:42:32.240]  如果你看看《學律》和《和本》
[01:42:32.240 --> 01:42:33.760]  其實很像
[01:42:33.760 --> 01:42:36.400]  只是改了做上帝
[01:42:36.400 --> 01:42:38.640]  另外一些很少改動
[01:42:38.640 --> 01:42:40.880]  為什麼這麼少改動呢?
[01:42:40.880 --> 01:42:41.680]  又要賣關子了
[01:42:41.680 --> 01:42:43.280]  明天早上我會說
[01:42:43.280 --> 01:42:44.160]  真的會說
[01:42:44.160 --> 01:42:45.520]  我 promise(保證)大家
[01:42:45.520 --> 01:42:46.320]  今天沒事說
[01:42:46.320 --> 01:42:47.520]  剩下十分鐘
[01:42:47.520 --> 01:42:49.360]  如果你看
[01:42:49.360 --> 01:42:50.160]  我不讀了
[01:42:50.160 --> 01:42:51.200]  《非人小卒譯本》
[01:42:51.200 --> 01:42:53.040]  你會發覺很難的
[01:42:53.040 --> 01:42:55.840]  《非人小卒譯本》已經算是好了
[01:42:55.840 --> 01:42:58.320]  《瑪麗信》的《神天聖書》更難讀
[01:42:58.320 --> 01:42:59.680]  更直譯
[01:42:59.680 --> 01:43:01.600]  如果你看施育室
[01:43:01.600 --> 01:43:04.000]  這是詩篇23篇
[01:43:04.000 --> 01:43:05.680]  我現在就讀
[01:43:05.680 --> 01:43:07.520]  主乃我之目者
[01:43:07.520 --> 01:43:09.600]  使我不自求不罰
[01:43:09.600 --> 01:43:11.120]  使我臥於草地
[01:43:11.120 --> 01:43:13.600]  引我自可安揭之水斑
[01:43:13.600 --> 01:43:15.040]  使我心疏醒
[01:43:15.040 --> 01:43:17.840]  為幾千名人度我行義
[01:43:17.840 --> 01:43:20.080]  我需過死任之有高
[01:43:20.080 --> 01:43:22.080]  亦不懼遭害
[01:43:22.080 --> 01:43:23.840]  因主常在我側
[01:43:23.840 --> 01:43:25.440]  主有將我看
[01:43:25.440 --> 01:43:26.800]  足以安慰我
[01:43:26.800 --> 01:43:28.000]  在我定人前
[01:43:28.000 --> 01:43:29.840]  為我預備筵席
[01:43:29.840 --> 01:43:31.520]  以高目我手
[01:43:31.520 --> 01:43:33.360]  使我之杯滿
[01:43:33.360 --> 01:43:36.400]  我一生唯有一種恩惠隨我
[01:43:36.400 --> 01:43:38.880]  我必永久住於主的意殿
[01:43:38.880 --> 01:43:40.320]  當然有不同的
[01:43:40.320 --> 01:43:44.800]  但是不是抄完的
[01:43:44.800 --> 01:43:46.320]  所以標案這件事
[01:43:46.320 --> 01:43:47.440]  所以施育室的版本
[01:43:47.440 --> 01:43:49.680]  其實已經在很多程度上
[01:43:49.680 --> 01:43:50.880]  幫助了我們
[01:43:50.880 --> 01:43:52.400]  施育室有些詞語
[01:43:52.400 --> 01:43:54.320]  到今天還存留
[01:43:54.320 --> 01:43:55.600]  其中一個詞語
[01:43:55.600 --> 01:43:57.200]  如果讀過希伯來文
[01:43:57.200 --> 01:43:58.240]  可能記得
[01:43:58.240 --> 01:44:01.680]  創世的一章一字
[01:44:01.680 --> 01:44:04.560]  巴拉斯巴拉斯巴拉斯巴拉斯
[01:44:04.560 --> 01:44:06.080]  其中一個最出名的
[01:44:06.080 --> 01:44:08.000]  Tohu Baobab
[01:44:08.000 --> 01:44:10.480]  Tohu Baobab是什麼意思
[01:44:10.480 --> 01:44:13.600]  又空無形態
[01:44:13.600 --> 01:44:14.640]  Tohu Baobab
[01:44:14.640 --> 01:44:16.960]  所以大家想展示給別人看
[01:44:16.960 --> 01:44:17.840]  你懂得希伯來文
[01:44:17.840 --> 01:44:18.880]  不用學得多
[01:44:18.880 --> 01:44:20.480]  像你懂得韓文
[01:44:20.480 --> 01:44:22.000]  你只要懂得三語帶就OK
[01:44:22.000 --> 01:44:24.960]  或者收一些卡式泰文就OK
[01:44:24.960 --> 01:44:26.880]  希伯來文除了Shalom之外
[01:44:26.880 --> 01:44:28.480]  Tohu Baobab
[01:44:28.480 --> 01:44:31.520]  即是地是空虛混沌的
[01:44:31.520 --> 01:44:32.640]  很難翻譯
[01:44:32.640 --> 01:44:34.160]  《神天聖書》怎麼翻譯
[01:44:34.160 --> 01:44:37.280]  它是地是地無我
[01:44:37.280 --> 01:44:39.680]  無無且虛
[01:44:39.680 --> 01:44:41.120]  接著四人小說
[01:44:41.120 --> 01:44:42.960]  呼地混沌
[01:44:42.960 --> 01:44:45.440]  毀敗日本地乃虛狂的
[01:44:45.440 --> 01:44:46.320]  所以今天
[01:44:46.320 --> 01:44:48.240]  幸好我們沒有用它
[01:44:48.240 --> 01:44:49.520]  但是斯洛西怎麼翻譯
[01:44:49.520 --> 01:44:52.160]  地是空虛混沌
[01:44:52.160 --> 01:44:53.200]  和日本人怎麼翻譯
[01:44:53.200 --> 01:44:55.120]  地是空虛混沌
[01:44:55.120 --> 01:44:56.720]  冤冤黑黑
[01:44:56.720 --> 01:44:58.080]  所以你看到嗎
[01:44:58.080 --> 01:44:59.200]  所以其實
[01:44:59.200 --> 01:45:01.520]  Tohu Baobab就是斯洛西譯的
[01:45:01.520 --> 01:45:02.320]  另外一個
[01:45:02.320 --> 01:45:04.240]  我們今天也是受影響
[01:45:04.240 --> 01:45:06.720]  就是當阿西遇見神
[01:45:06.720 --> 01:45:09.280]  在Burning Bush的時候
[01:45:09.280 --> 01:45:10.160]  祂說
[01:45:10.160 --> 01:45:12.240]  你叫我跟以色列人說你是誰
[01:45:12.240 --> 01:45:13.360]  怎麼說
[01:45:13.360 --> 01:45:14.560]  神就說我是一個
[01:45:14.560 --> 01:45:16.320]  希伯來文怎麼讀這個字
[01:45:16.320 --> 01:45:18.800]  叫做Ethier
[01:45:18.800 --> 01:45:21.120]  Ethier
[01:45:21.120 --> 01:45:23.040]  希伯來人讀得很酷
[01:45:23.040 --> 01:45:24.560]  希伯來人最喜歡讀什麼
[01:45:24.560 --> 01:45:27.440]  有兩個音是要有一點
[01:45:27.440 --> 01:45:28.800]  好像吐痰一樣
[01:45:28.800 --> 01:45:31.200]  你有吐痰音就像希伯來文
[01:45:31.200 --> 01:45:32.880]  Hosha
[01:45:32.880 --> 01:45:35.920]  Hosha就是黑暗
[01:45:35.920 --> 01:45:36.720]  你讀Hosha
[01:45:36.720 --> 01:45:38.720]  別人知道你不是真的
[01:45:38.720 --> 01:45:39.360]  你讀什麼
[01:45:39.360 --> 01:45:42.080]  Hosha
[01:45:42.080 --> 01:45:43.520]  你就像希伯來文
[01:45:43.520 --> 01:45:46.240]  總之讀到想吐痰就像希伯來文
[01:45:46.240 --> 01:45:49.280]  這個就沒有吐痰音
[01:45:49.280 --> 01:45:50.880]  Ethier
[01:45:50.880 --> 01:45:51.520]  Hosha
[01:45:51.520 --> 01:45:52.240]  Ethier
[01:45:52.240 --> 01:45:53.040]  就是什麼
[01:45:53.040 --> 01:45:55.040]  我是那個我是
[01:45:55.040 --> 01:45:55.840]  在希伯來文
[01:45:55.840 --> 01:45:57.200]  我也不太明白為什麼
[01:45:57.200 --> 01:45:58.240]  但是神就說
[01:45:58.240 --> 01:46:00.080]  你問我什麼名字
[01:46:00.080 --> 01:46:01.360]  你就說我是那位
[01:46:01.360 --> 01:46:02.240]  其實是這個意思
[01:46:02.240 --> 01:46:03.680]  所以我們不適應
[01:46:03.680 --> 01:46:05.280]  如果你看《神經聖書》
[01:46:05.280 --> 01:46:07.680]  自然者而言也
[01:46:07.680 --> 01:46:08.880]  四人小說就是
[01:46:08.880 --> 01:46:10.880]  自在其在也
[01:46:10.880 --> 01:46:12.880]  韋毅文也差不多了
[01:46:12.880 --> 01:46:15.040]  自有而行有
[01:46:15.040 --> 01:46:17.600]  但是什麼時候是自有永有呢
[01:46:17.600 --> 01:46:18.880]  私有室
[01:46:18.880 --> 01:46:20.800]  自有永有的
[01:46:20.800 --> 01:46:22.320]  和本就跟他了
[01:46:22.320 --> 01:46:23.200]  我是
[01:46:23.200 --> 01:46:25.200]  所以今天我們亦自有永有
[01:46:25.200 --> 01:46:26.880]  I am who I am
[01:46:26.880 --> 01:46:28.880]  其實就是來自私有室
[01:46:28.880 --> 01:46:30.880]  所以你看到其實私有室
[01:46:30.880 --> 01:46:34.320]  它本身的中文程度
[01:46:34.320 --> 01:46:36.320]  再加上本身希伯來文的形式
[01:46:36.320 --> 01:46:40.000]  其實是幫到第一代的官威本
[01:46:40.000 --> 01:46:41.200]  因為第一代官威本
[01:46:41.200 --> 01:46:42.960]  最後幫助了和本
[01:46:42.960 --> 01:46:45.600]  和本就成為了我們其中一個
[01:46:45.600 --> 01:46:48.160]  《聖經》語言的一個
[01:46:48.160 --> 01:46:49.680]  你可以說是 real reservoir
[01:46:49.680 --> 01:46:50.960]  一個 diction 的 real game
[01:46:50.960 --> 01:46:52.320]  私有室
[01:46:52.320 --> 01:46:53.920]  除了這方面
[01:46:53.920 --> 01:46:55.280]  其實他還做其他事情
[01:46:55.280 --> 01:46:58.480]  他不但獨自形成了
[01:46:58.480 --> 01:47:00.480]  1874年的《舊約》
[01:47:00.480 --> 01:47:02.480]  一般視為北京日本舊約部分
[01:47:02.480 --> 01:47:04.480]  1891年他再出版
[01:47:04.480 --> 01:47:06.640]  一個加了很多筆記
[01:47:06.640 --> 01:47:09.280]  02年他出了所謂的《淺文起》
[01:47:09.280 --> 01:47:10.640]  就是一些所謂的
[01:47:10.640 --> 01:47:12.560]  章回小說體
[01:47:12.560 --> 01:47:14.560]  很難 define(定義)
[01:47:14.560 --> 01:47:16.080]  通常我們覺得
[01:47:16.080 --> 01:47:18.080]  是一個講故的問題
[01:47:18.080 --> 01:47:20.080]  他們覺得
[01:47:20.080 --> 01:47:22.080]  如果你文言太爛
[01:47:22.080 --> 01:47:24.080]  白話太容易被人看低
[01:47:24.080 --> 01:47:26.080]  不如試試中間
[01:47:26.080 --> 01:47:28.080]  所以當時的《基督徒》
[01:47:28.080 --> 01:47:30.080]  試三種不同的文體
[01:47:30.080 --> 01:47:32.080]  通常我們一種叫文理
[01:47:32.080 --> 01:47:34.080]  就是文言
[01:47:34.080 --> 01:47:36.080]  淺文理就是一種章回小說體
[01:47:36.080 --> 01:47:38.080]  最多是兩句打游詩
[01:47:38.080 --> 01:47:40.080]  然後就說
[01:47:40.080 --> 01:47:42.080]  好像你看《三國演義》
[01:47:42.080 --> 01:47:44.080]  《回婚解》就是那些
[01:47:44.080 --> 01:47:46.080]  所以聽得懂但又有少許文雅
[01:47:46.080 --> 01:47:48.080]  第三就是官話
[01:47:48.080 --> 01:47:50.080]  因為官話有一個問題
[01:47:50.080 --> 01:47:52.080]  就是官話好地道
[01:47:52.080 --> 01:47:54.080]  如果我用廣東話
[01:47:54.080 --> 01:47:56.080]  讀給講官話的人聽
[01:47:56.080 --> 01:47:58.080]  他們不明白
[01:47:58.080 --> 01:48:00.080]  所以他們有時想學科學
[01:48:00.080 --> 01:48:02.080]  但他就做了
[01:48:02.080 --> 01:48:04.080]  完成了一本
[01:48:04.080 --> 01:48:06.080]  以淺文理做的新舊約聖經
[01:48:06.080 --> 01:48:08.080]  以及1909年
[01:48:08.080 --> 01:48:10.080]  做了一本官話的全著
[01:48:10.080 --> 01:48:12.080]  那個時候他們想過
[01:48:12.080 --> 01:48:14.080]  邀請施若新去做
[01:48:14.080 --> 01:48:16.080]  和學會其中一個委員
[01:48:16.080 --> 01:48:18.080]  但他們沒有邀請
[01:48:18.080 --> 01:48:20.080]  最主要是原因
[01:48:20.080 --> 01:48:22.080]  一方面他已經熱了那麼多
[01:48:22.080 --> 01:48:24.080]  根本就不需要參與
[01:48:24.080 --> 01:48:26.080]  第二是因為他那時病
[01:48:26.080 --> 01:48:28.080]  他1881年那時有一個stroke
[01:48:28.080 --> 01:48:30.080]  很嚴重的stroke
[01:48:30.080 --> 01:48:32.080]  根據很多的傳統
[01:48:32.080 --> 01:48:34.080]  其實很多身體的肌肉都動不了
[01:48:34.080 --> 01:48:36.080]  每邊的手動了一隻手指
[01:48:38.080 --> 01:48:40.080]  有些人好像Stephen Hawking
[01:48:40.080 --> 01:48:42.080]  他就用了兩隻手指
[01:48:42.080 --> 01:48:44.080]  來翻譯聖經
[01:48:44.080 --> 01:48:46.080]  我就不知怎樣寫
[01:48:46.080 --> 01:48:48.080]  總之故事就是這樣
[01:48:48.080 --> 01:48:50.080]  聽故事不要咬故事
[01:48:50.080 --> 01:48:52.080]  總之他用了兩隻手指
[01:48:52.080 --> 01:48:54.080]  所以他有一個名字叫
[01:48:54.080 --> 01:48:56.080]  二指的翻譯員
[01:48:56.080 --> 01:48:58.080]  其中一個版本
[01:48:58.080 --> 01:49:00.080]  淺文理聖經全部都是用二指
[01:49:00.080 --> 01:49:02.080]  有時那個版本叫二指翻譯
[01:49:02.080 --> 01:49:04.080]  怎樣用二指
[01:49:04.080 --> 01:49:06.080]  大家不要問我
[01:49:06.080 --> 01:49:08.080]  打字機
[01:49:08.080 --> 01:49:10.080]  對
[01:49:10.080 --> 01:49:12.080]  這個就是
[01:49:12.080 --> 01:49:14.080]  這個最出名的
[01:49:14.080 --> 01:49:16.080]  他那幅相
[01:49:16.080 --> 01:49:18.080]  他年老的時候
[01:49:18.080 --> 01:49:20.080]  有兩個我特意
[01:49:20.080 --> 01:49:22.080]  穿成這樣幫你拍
[01:49:22.080 --> 01:49:24.080]  因為他有兩個assistant
[01:49:24.080 --> 01:49:26.080]  一個是中國人一個是日本人
[01:49:26.080 --> 01:49:28.080]  為了滿足大家的好奇
[01:49:28.080 --> 01:49:30.080]  一個穿一個馬牌
[01:49:30.080 --> 01:49:32.080]  一個穿一個日本人的衣服
[01:49:32.080 --> 01:49:34.080]  所以擺明兩個
[01:49:34.080 --> 01:49:36.080]  一個是中國人
[01:49:36.080 --> 01:49:38.080]  他就在中間
[01:49:38.080 --> 01:49:40.080]  他就扶她起來
[01:49:40.080 --> 01:49:42.080]  然後她就在翻譯
[01:49:42.080 --> 01:49:44.080]  翻譯完之後就回家睡覺
[01:49:44.080 --> 01:49:46.080]  你想想自己一個翻譯完整本聖經
[01:49:46.080 --> 01:49:48.080]  華人
[01:49:48.080 --> 01:49:50.080]  其實只有一個
[01:49:50.080 --> 01:49:52.080]  就是誰
[01:49:52.080 --> 01:49:54.080]  就是呂振中
[01:49:54.080 --> 01:49:56.080]  沒有單一個人翻譯完整本聖經
[01:49:56.080 --> 01:49:58.080]  全部都是西教士
[01:49:58.080 --> 01:50:00.080]  華人只有一個
[01:50:00.080 --> 01:50:02.080]  單獨一個人翻譯完整本聖經
[01:50:02.080 --> 01:50:04.080]  沒有其他人
[01:50:04.080 --> 01:50:06.080]  很困難的事
[01:50:06.080 --> 01:50:08.080]  整個team走在一起
[01:50:08.080 --> 01:50:10.080]  不代表他快一點
[01:50:10.080 --> 01:50:12.080]  但整個team走在一起
[01:50:12.080 --> 01:50:14.080]  做很多很困難的事
[01:50:14.080 --> 01:50:16.080]  翻譯完整本聖經是很艱鉅的事
[01:50:16.080 --> 01:50:18.080]  一個人怎樣做呢
[01:50:18.080 --> 01:50:20.080]  再加上病不怕
[01:50:20.080 --> 01:50:22.080]  所以大家對他的尊重
[01:50:22.080 --> 01:50:24.080]  很多是來自那種堅持
[01:50:24.080 --> 01:50:26.080]  雖然他有很多不方便
[01:50:26.080 --> 01:50:28.080]  但他堅持下去
[01:50:28.080 --> 01:50:30.080]  他覺得這是神給我的恩賜
[01:50:30.080 --> 01:50:32.080]  我都應該做下去
[01:50:32.080 --> 01:50:34.080]  這是他自己的想法
[01:50:34.080 --> 01:50:36.080]  可能我不是最好傳福音
[01:50:36.080 --> 01:50:38.080]  不是口才最好的
[01:50:38.080 --> 01:50:40.080]  但這是神給我的恩賜
[01:50:40.080 --> 01:50:42.080]  所以我要繼續做下去
[01:50:42.080 --> 01:50:44.080]  所以他是其中一個
[01:50:44.080 --> 01:50:46.080]  因為他的翻譯
[01:50:46.080 --> 01:50:48.080]  後來英國聖經公會
[01:50:48.080 --> 01:50:50.080]  肯和不同聖經公會合作
[01:50:50.080 --> 01:50:52.080]  都是這個原因
[01:50:52.080 --> 01:50:54.080]  因為他和美國聖經公會一起
[01:50:54.080 --> 01:50:56.080]  變成一個這麼出名的人
[01:50:56.080 --> 01:50:58.080]  和美國聖經公會一起
[01:50:58.080 --> 01:51:00.080]  不可以不和他們合作
[01:51:00.080 --> 01:51:02.080]  所以形成後來聖經公會
[01:51:02.080 --> 01:51:04.080]  大家容易去做和盤
[01:51:04.080 --> 01:51:06.080]  大家容易互相接受
[01:51:06.080 --> 01:51:08.080]  很重要
[01:51:08.080 --> 01:51:10.080]  我昨晚都和大家說
[01:51:10.080 --> 01:51:12.080]  我明天講和盤
[01:51:12.080 --> 01:51:14.080]  會講和盤一些翻譯上的
[01:51:14.080 --> 01:51:16.080]  沒辦法的問題
[01:51:16.080 --> 01:51:18.080]  所以我今天先講好的東西
[01:51:18.080 --> 01:51:20.080]  我不想大家以為我經常講和盤
[01:51:20.080 --> 01:51:22.080]  和盤在歷史上很重要
[01:51:22.080 --> 01:51:24.080]  因為和盤真的解決了
[01:51:24.080 --> 01:51:26.080]  三個大的爭議
[01:51:26.080 --> 01:51:28.080]  就是上帝和神
[01:51:28.080 --> 01:51:30.080]  解決了浸禮和洗禮
[01:51:30.080 --> 01:51:32.080]  解決了不同的文體
[01:51:32.080 --> 01:51:34.080]  和盤用的方法
[01:51:34.080 --> 01:51:36.080]  很簡單的方法
[01:51:36.080 --> 01:51:38.080]  但很難做的方法
[01:51:38.080 --> 01:51:40.080]  就是 Agree to Disagree
[01:51:40.080 --> 01:51:42.080]  所以和盤有什麼?
[01:51:42.080 --> 01:51:44.080]  有上帝和浸版
[01:51:44.080 --> 01:51:46.080]  有洗版和神版
[01:51:46.080 --> 01:51:48.080]  有文言和上帝版
[01:51:48.080 --> 01:51:50.080]  有文理和神版
[01:51:50.080 --> 01:51:52.080]  和盤是第一代
[01:51:52.080 --> 01:51:54.080]  什麼都可以
[01:51:54.080 --> 01:51:56.080]  總之
[01:51:56.080 --> 01:51:58.080]  大家接受和盤是同一版本
[01:51:58.080 --> 01:52:00.080]  雖然叫一個Union Bible
[01:52:00.080 --> 01:52:02.080]  但有很多不同的版本
[01:52:02.080 --> 01:52:04.080]  基督竟然是這樣的緣故
[01:52:04.080 --> 01:52:06.080]  所以才可以大家共存
[01:52:06.080 --> 01:52:08.080]  你想想
[01:52:08.080 --> 01:52:10.080]  如果1919年和盤不成功
[01:52:10.080 --> 01:52:12.080]  他還押下去
[01:52:12.080 --> 01:52:14.080]  下一步會怎樣?
[01:52:14.080 --> 01:52:16.080]  中國的反基督教運動
[01:52:16.080 --> 01:52:18.080]  20年代
[01:52:18.080 --> 01:52:20.080]  接著就918
[01:52:20.080 --> 01:52:22.080]  日本侵略滿洲
[01:52:22.080 --> 01:52:24.080]  日本侵華
[01:52:24.080 --> 01:52:26.080]  接著國共內戰
[01:52:26.080 --> 01:52:28.080]  中國苦難一代一代
[01:52:28.080 --> 01:52:30.080]  教會如果不是那時候
[01:52:30.080 --> 01:52:32.080]  survive
[01:52:32.080 --> 01:52:34.080]  他們一起出中華聖經公會
[01:52:34.080 --> 01:52:36.080]  我們不可以想像教會有多大的爭議
[01:52:36.080 --> 01:52:38.080]  教會是否survive
[01:52:38.080 --> 01:52:40.080]  會有這麼大的衝擊
[01:52:40.080 --> 01:52:42.080]  所以和盤確實是
[01:52:42.080 --> 01:52:44.080]  在歷史上有一個最大的意義
[01:52:44.080 --> 01:52:46.080]  是將中國教會
[01:52:46.080 --> 01:52:48.080]  放在一起
[01:52:48.080 --> 01:52:50.080]  放下我們的歧見
[01:52:50.080 --> 01:52:52.080]  去散大爭議
[01:52:52.080 --> 01:52:54.080]  無論我明天講什麼
[01:52:54.080 --> 01:52:56.080]  關於翻譯上高
[01:52:56.080 --> 01:52:58.080]  大家都要記得
[01:52:58.080 --> 01:53:00.080]  我不是專門針對和盤
[01:53:00.080 --> 01:53:02.080]  我只是從歷史
[01:53:02.080 --> 01:53:04.080]  和翻譯上高去評價
[01:53:04.080 --> 01:53:06.080]  講多一樣東西給大家知道
[01:53:06.080 --> 01:53:08.080]  史約瑟
[01:53:08.080 --> 01:53:10.080]  在他開始做很多翻譯的時候
[01:53:10.080 --> 01:53:12.080]  他剛才講過
[01:53:12.080 --> 01:53:14.080]  他自己不是一個很好的翻譯員
[01:53:14.080 --> 01:53:16.080]  但他自己很喜歡文字
[01:53:16.080 --> 01:53:18.080]  他很喜歡學習
[01:53:18.080 --> 01:53:20.080]  他需要學會
[01:53:20.080 --> 01:53:22.080]  當時看到中國人
[01:53:22.080 --> 01:53:24.080]  很落後
[01:53:24.080 --> 01:53:26.080]  其實很多宣教士有這樣的想法
[01:53:26.080 --> 01:53:28.080]  例如李平、摩太
[01:53:28.080 --> 01:53:30.080]  都是這樣想的
[01:53:30.080 --> 01:53:32.080]  他們想中國富強
[01:53:32.080 --> 01:53:34.080]  未必一定是想中國所有富強人
[01:53:34.080 --> 01:53:36.080]  都相信耶穌
[01:53:36.080 --> 01:53:38.080]  他們覺得中國苦難太多
[01:53:38.080 --> 01:53:40.080]  就算我幫到你富強
[01:53:40.080 --> 01:53:42.080]  就算你不是每個人都相信耶穌
[01:53:42.080 --> 01:53:44.080]  我都是盡了一份力
[01:53:44.080 --> 01:53:46.080]  所以他們覺得中國其中一件事需要教育
[01:53:46.080 --> 01:53:48.080]  所以其實史約瑟
[01:53:48.080 --> 01:53:50.080]  其中一個最大的
[01:53:50.080 --> 01:53:52.080]  在中國的貢獻是
[01:53:52.080 --> 01:53:54.080]  開始在上海開書院
[01:53:54.080 --> 01:53:56.080]  那個書院就是聖約瑟書院
[01:53:56.080 --> 01:53:58.080]  開學的時候
[01:53:58.080 --> 01:54:00.080]  書院其實
[01:54:00.080 --> 01:54:02.080]  是一個高等的教育
[01:54:02.080 --> 01:54:04.080]  在中學之上
[01:54:04.080 --> 01:54:06.080]  不是很厲害
[01:54:06.080 --> 01:54:08.080]  當時宣教士
[01:54:08.080 --> 01:54:10.080]  做的學都是比較小規模
[01:54:10.080 --> 01:54:12.080]  家裏比較蠢的孩子
[01:54:12.080 --> 01:54:14.080]  就讀書
[01:54:14.080 --> 01:54:16.080]  聰明的孩子就讀科舉
[01:54:16.080 --> 01:54:18.080]  蠢的孩子就讀泥讀
[01:54:18.080 --> 01:54:20.080]  學一些東西
[01:54:20.080 --> 01:54:22.080]  有些英文常識
[01:54:22.080 --> 01:54:24.080]  所以沒有人想過可以做
[01:54:24.080 --> 01:54:26.080]  也沒有人覺得還會想讀
[01:54:26.080 --> 01:54:28.080]  但史約瑟就做
[01:54:28.080 --> 01:54:30.080]  在上海做
[01:54:30.080 --> 01:54:32.080]  第二年已經有宗教以外的科目
[01:54:32.080 --> 01:54:34.080]  後來幾年之後就用英文教
[01:54:34.080 --> 01:54:36.080]  接著中國人就
[01:54:36.080 --> 01:54:38.080]  擁他
[01:54:38.080 --> 01:54:40.080]  還要給
[01:54:40.080 --> 01:54:42.080]  女孩子讀書
[01:54:42.080 --> 01:54:44.080]  女孩子那麼多年來
[01:54:44.080 --> 01:54:46.080]  在中國不適合
[01:54:46.080 --> 01:54:48.080]  西教士
[01:54:48.080 --> 01:54:50.080]  給女孩子讀書
[01:54:50.080 --> 01:54:52.080]  這是在金陵之前
[01:54:52.080 --> 01:54:54.080]  給女孩子讀書
[01:54:54.080 --> 01:54:56.080]  其中一個出名的
[01:54:56.080 --> 01:54:58.080]  是聖約翰書院
[01:54:58.080 --> 01:55:00.080]  張愛玲
[01:55:00.080 --> 01:55:02.080]  在聖約翰書院讀書
[01:55:02.080 --> 01:55:04.080]  顧慧君
[01:55:04.080 --> 01:55:06.080]  是中國著名的外交家
[01:55:06.080 --> 01:55:08.080]  很多中國有份量的人士
[01:55:08.080 --> 01:55:10.080]  而且一個很大的
[01:55:10.080 --> 01:55:12.080]  中國十九世紀末
[01:55:12.080 --> 01:55:14.080]  和二十世紀初有很多
[01:55:14.080 --> 01:55:16.080]  有名的西方大學
[01:55:16.080 --> 01:55:18.080]  總共有十三間
[01:55:18.080 --> 01:55:20.080]  其中大家可能聽過一些
[01:55:20.080 --> 01:55:22.080]  英經大學
[01:55:22.080 --> 01:55:24.080]  東吾大學
[01:55:24.080 --> 01:55:26.080]  齊魯大學
[01:55:26.080 --> 01:55:28.080]  全部都是聖約翰書院之後出來的
[01:55:28.080 --> 01:55:30.080]  聖約翰學院變成大學
[01:55:30.080 --> 01:55:32.080]  有很多聖約翰書院
[01:55:32.080 --> 01:55:34.080]  很多出名
[01:55:34.080 --> 01:55:36.080]  有些叫東方哈佛
[01:55:36.080 --> 01:55:38.080]  有些叫
[01:55:38.080 --> 01:55:40.080]  雲龍
[01:55:40.080 --> 01:55:42.080]  全部都是聖約翰書院
[01:55:42.080 --> 01:55:44.080]  可惜
[01:55:44.080 --> 01:55:46.080]  這個大學
[01:55:46.080 --> 01:55:48.080]  保持了日本侵華
[01:55:48.080 --> 01:55:50.080]  因為當時
[01:55:50.080 --> 01:55:52.080]  上海有些不同
[01:55:52.080 --> 01:55:54.080]  因為之前有租界
[01:55:54.080 --> 01:55:56.080]  所以上海比其他城市
[01:55:56.080 --> 01:55:58.080]  比較少被日軍
[01:55:58.080 --> 01:56:00.080]  不像南京
[01:56:00.080 --> 01:56:02.080]  保持了共內戰
[01:56:02.080 --> 01:56:04.080]  保持不到
[01:56:04.080 --> 01:56:06.080]  共產黨國有化
[01:56:06.080 --> 01:56:08.080]  五幾年
[01:56:08.080 --> 01:56:10.080]  把所有西方的
[01:56:10.080 --> 01:56:12.080]  教會
[01:56:12.080 --> 01:56:14.080]  醫院
[01:56:14.080 --> 01:56:16.080]  全部變成國有化
[01:56:16.080 --> 01:56:18.080]  四川大學變成
[01:56:18.080 --> 01:56:20.080]  福建大學
[01:56:20.080 --> 01:56:22.080]  所以很多就走了
[01:56:22.080 --> 01:56:24.080]  譬如東吾
[01:56:24.080 --> 01:56:26.080]  東吾就走去台灣
[01:56:26.080 --> 01:56:28.080]  聖約翰書院無法勒收
[01:56:28.080 --> 01:56:30.080]  一班後人
[01:56:30.080 --> 01:56:32.080]  和一班以前的學生
[01:56:32.080 --> 01:56:34.080]  很懷念這間學校
[01:56:34.080 --> 01:56:36.080]  走去加拿大
[01:56:36.080 --> 01:56:38.080]  走去溫哥華
[01:56:38.080 --> 01:56:40.080]  籌款在UBC建了一間
[01:56:40.080 --> 01:56:42.080]  所以其實對於
[01:56:42.080 --> 01:56:44.080]  基督教宣教的歷史
[01:56:44.080 --> 01:56:46.080]  是有價值的
[01:56:46.080 --> 01:56:48.080]  所以大家如果第二次
[01:56:48.080 --> 01:56:50.080]  去溫哥華不用來探望
[01:56:50.080 --> 01:56:52.080]  可以去聖約翰書院
[01:56:52.080 --> 01:56:54.080]  逆福上學
[01:56:54.080 --> 01:56:56.080]  去UBC看一看當時
[01:56:56.080 --> 01:56:58.080]  他們的心意
[01:56:58.080 --> 01:57:00.080]  代表一個
[01:57:00.080 --> 01:57:02.080]  在一個全方位來說
[01:57:02.080 --> 01:57:04.080]  不是一個全方位
[01:57:04.080 --> 01:57:06.080]  最有力或說話最好聽
[01:57:06.080 --> 01:57:08.080]  但他用他自己方法
[01:57:08.080 --> 01:57:10.080]  他用自己方法來奉獻給神
[01:57:10.080 --> 01:57:12.080]  他用他的文字
[01:57:12.080 --> 01:57:14.080]  他用他的時間
[01:57:14.080 --> 01:57:16.080]  他用他的精神
[01:57:16.080 --> 01:57:18.080]  他用他的知識
[01:57:18.080 --> 01:57:20.080]  他用他辦學的觀念來幫
[01:57:20.080 --> 01:57:22.080]  所以在每一個情況之下
[01:57:22.080 --> 01:57:24.080]  都是神重用的一個工人
[01:57:24.080 --> 01:57:26.080]  所以我們今天很感激
[01:57:26.080 --> 01:57:28.080]  施學塞的付出
[01:57:28.080 --> 01:57:30.080]  如果不是他
[01:57:30.080 --> 01:57:32.080]  就不會有空虛雲遁
[01:57:32.080 --> 01:57:34.080]  或者
[01:57:34.080 --> 01:57:36.080]  死忍幽谷的字就不會出現
[01:57:36.080 --> 01:57:38.080]  所以我們感謝
[01:57:38.080 --> 01:57:40.080]  也感謝神給我們機會
[01:57:40.080 --> 01:57:42.080]  一起聽這個講座
[01:57:42.080 --> 01:57:44.080]  多謝大家
[01:57:44.080 --> 01:57:46.080]  希望有機會和大家分享更多
[01:57:46.080 --> 01:57:52.080]  大家不要忘記
[01:57:52.080 --> 01:57:54.080]  我們的課程都是開放的
[01:57:54.080 --> 01:57:56.080]  明天如果你們有時間
[01:57:56.080 --> 01:57:58.080]  真的可以來
[01:57:58.080 --> 01:58:00.080]  我們商氣街
[01:58:00.080 --> 01:58:02.080]  9號
[01:58:02.080 --> 01:58:04.080]  匯達商業中心26樓
[01:58:04.080 --> 01:58:06.080]  基督徒會堂
[01:58:06.080 --> 01:58:08.080]  下星期同一個地方
[01:58:08.080 --> 01:58:10.080]  另外一課
[01:58:10.080 --> 01:58:12.080]  威廉柏利
[01:58:12.080 --> 01:58:14.080]  另外
[01:58:14.080 --> 01:58:16.080]  和聖經翻譯
[01:58:16.080 --> 01:58:18.080]  相關的
[01:58:18.080 --> 01:58:20.080]  幻聖辦公室
[01:58:20.080 --> 01:58:22.080]  新蒲崗商氣街
[01:58:22.080 --> 01:58:24.080]  9號22樓
[01:58:24.080 --> 01:58:26.080]  我們有一個
[01:58:26.080 --> 01:58:28.080]  中文聖經的展覽
[01:58:28.080 --> 01:58:30.080]  我們有慈興大學版
[01:58:30.080 --> 01:58:32.080]  有控修全版
[01:58:32.080 --> 01:58:34.080]  很多
[01:58:34.080 --> 01:58:36.080]  馬樹蠻第一本的中文聖經
[01:58:36.080 --> 01:58:38.080]  馬勵信一路下來
[01:58:38.080 --> 01:58:40.080]  拿到最新的
[01:58:40.080 --> 01:58:42.080]  剛才那本環球聖經頁本
[01:58:42.080 --> 01:58:44.080]  我們都有在那裏
[01:58:44.080 --> 01:58:46.080]  和大家一起來分享
[01:58:46.080 --> 01:58:48.080]  我們是開放給教會
[01:58:48.080 --> 01:58:50.080]  來預約
[01:58:50.080 --> 01:58:52.080]  上來參觀
[01:58:52.080 --> 01:58:54.080]  我們有影片
[01:58:54.080 --> 01:58:56.080]  也有導賞員
[01:58:56.080 --> 01:58:58.080]  也有實物
[01:58:58.080 --> 01:59:00.080]  給大家觀賞
[01:59:00.080 --> 01:59:02.080]  多謝大家今天晚上出席
[01:59:02.080 --> 01:59:04.080]  願神賜福大家
[01:59:04.080 --> 01:59:06.080]  回家路上平安
[01:59:06.080 --> 01:59:08.080]  明天見
