
[00:00:00.000 --> 00:00:05.900]  [音樂]
[00:00:05.900 --> 00:00:08.900]  各位步者同工
[00:00:08.900 --> 00:00:13.300]  組內的弟兄姊妹們 平安
[00:00:13.300 --> 00:00:17.300]  感謝大家今天特地融播時間出來
[00:00:17.300 --> 00:00:20.500]  參加線上的聚會
[00:00:20.500 --> 00:00:25.900]  我是今日的大會主持人容鄧克安
[00:00:25.900 --> 00:00:30.500]  美國環球聖經工會的副總幹事
[00:00:30.500 --> 00:00:35.500]  也是北美天道福音中心的總幹事
[00:00:35.500 --> 00:00:40.800]  在這裡 我代表機構以及我們全體的同工
[00:00:40.800 --> 00:00:48.000]  向每一位今天來參加聚會的各位表示歡迎
[00:00:48.000 --> 00:00:52.100]  環球聖經工會在創會開始
[00:00:52.100 --> 00:00:57.600]  就一直致力於聖經翻譯 出版 推廣
[00:00:57.600 --> 00:01:00.400]  以及聖經的教育
[00:01:00.400 --> 00:01:03.800]  盼望可以幫助全球華人
[00:01:03.800 --> 00:01:08.100]  更深入地認識明白神的話語
[00:01:08.100 --> 00:01:13.700]  並且建立以聖經為根基的信仰生命
[00:01:13.700 --> 00:01:18.000]  這已經是我們第二年第二次來舉辦
[00:01:18.000 --> 00:01:22.100]  全球的聖經中文翻譯大會
[00:01:22.100 --> 00:01:25.300]  今年我們的大會主題是
[00:01:25.300 --> 00:01:29.900]  《聖經的原意和現代的意義》
[00:01:29.900 --> 00:01:34.900]  聖經的世界與現代信徒的生活處境之間
[00:01:34.900 --> 00:01:40.700]  存在巨大的語言 文化與歷史的距離
[00:01:40.700 --> 00:01:43.900]  翻譯不只是文字的轉換
[00:01:43.900 --> 00:01:48.500]  更加是一次深刻的詮釋行動
[00:01:48.500 --> 00:01:53.200]  而當我們每做一個決定要如何翻譯的時候
[00:01:53.200 --> 00:01:56.500]  都會直接或者間接地影響
[00:01:56.500 --> 00:02:02.700]  信徒如何來理解神的話語和神的心意
[00:02:02.700 --> 00:02:04.600]  我們在上週
[00:02:04.600 --> 00:02:09.700]  由《環球聖經》一本總主編張達明博士
[00:02:09.700 --> 00:02:13.400]  為我們已經分享了第一講的信息
[00:02:13.400 --> 00:02:19.700]  翻譯的差異如何影響現代婚姻與性議題
[00:02:19.700 --> 00:02:25.000]  今天我們很榮幸有賴建國博士在我們中間
[00:02:25.000 --> 00:02:29.500]  他是《環球聖經》一本的就業主編
[00:02:29.500 --> 00:02:35.600]  他將為我們來分享揭開宣講者的面紗
[00:02:35.600 --> 00:02:41.300]  《聖經》的翻譯 解經 神學與牧羊
[00:02:43.400 --> 00:02:48.600]  我們很感恩這一次的《聖經》翻譯大會
[00:02:48.600 --> 00:02:53.300]  有超過上千人的全球各地的
[00:02:53.300 --> 00:02:58.900]  各位牧者 弟兄姊妹來報名參加
[00:02:58.900 --> 00:03:04.600]  下面我簡單介紹一下今天我們大會的程序
[00:03:04.600 --> 00:03:07.400]  在我這裡簡單的訊息之後
[00:03:07.400 --> 00:03:13.400]  就會由我們今天的賴建國博士的信息來分享
[00:03:13.400 --> 00:03:20.900]  那我們先錄製並且製作了有字幕的視頻給大家
[00:03:20.900 --> 00:03:26.000]  之後我們會由兩位牧者做回應
[00:03:26.000 --> 00:03:32.300]  在這個過程中 大家如果有任何的問題分享回應
[00:03:32.300 --> 00:03:38.800]  都可以在下面的Q&A的地方 也就是問與答這個地方
[00:03:38.800 --> 00:03:45.600]  來提出輸入你的問題和回應的信息
[00:03:45.600 --> 00:03:48.200]  今天還有一個特別高興
[00:03:48.200 --> 00:03:51.800]  也特別重要的信息和事情要發佈
[00:03:51.800 --> 00:03:57.600]  就是由我們介紹《聖經》中文翻譯中心的成立
[00:03:57.600 --> 00:04:02.200]  也會由我們的廖金元博士牧師
[00:04:02.200 --> 00:04:06.300]  由我們的《聖經》中文翻譯中心的主任
[00:04:06.300 --> 00:04:10.400]  來為我們做具體的詳細的介紹
[00:04:10.400 --> 00:04:16.100]  在這個介紹之後 我們就會有公開的Q&A時間
[00:04:16.100 --> 00:04:21.300]  給大家一起來提問回應
[00:04:21.300 --> 00:04:24.400]  我們的講員賴建國博士
[00:04:24.400 --> 00:04:27.300]  以及我們的主編張達明博士
[00:04:27.300 --> 00:04:31.800]  都會在線上與大家即時的互動
[00:04:31.800 --> 00:04:35.900]  最後我會做簡單的報告和總結
[00:04:35.900 --> 00:04:40.600]  下面我們有請各位我們今天在線上
[00:04:40.600 --> 00:04:45.800]  跟我們一起來在線上的同工一起出鏡
[00:04:45.800 --> 00:04:55.100]  我來介紹一下我們環球聖經公會的幾位主要的同工
[00:04:55.100 --> 00:04:58.700]  第一位是我們的張達明博士
[00:04:58.700 --> 00:05:02.600]  也是《環球聖經》一本總主編
[00:05:02.600 --> 00:05:05.800]  張博士 我們可以揮揮手
[00:05:05.800 --> 00:05:07.800]  大家好
[00:05:07.800 --> 00:05:11.400]  也可以跟大家打聲招呼 張博士
[00:05:11.400 --> 00:05:16.500]  下面一位是我們的《環球聖經》一本就業主編
[00:05:16.500 --> 00:05:23.700]  也是我們今天信息的講員賴建國博士
[00:05:23.700 --> 00:05:27.300]  賴博士 賴博士還沒有開麥克風
[00:05:27.300 --> 00:05:31.900]  好 大家平安 歡迎各位來參加
[00:05:31.900 --> 00:05:36.000]  好 還有就是我們《環球聖經》公會
[00:05:36.000 --> 00:05:41.300]  國際董事會主席馬長生先生
[00:05:41.300 --> 00:05:44.600]  大家平安 大家好
[00:05:44.600 --> 00:05:52.100]  還有《環球聖經》公會副國際總幹事劉群英姊妹
[00:05:52.100 --> 00:05:55.100]  大家好 平安
[00:05:55.100 --> 00:05:59.100]  我們馬來西亞《環球聖經》公會的幹事
[00:05:59.100 --> 00:06:02.100]  烏天輝牧師
[00:06:02.100 --> 00:06:05.400]  大家好 各位平安
[00:06:05.400 --> 00:06:09.200]  還有我們的《聖經》中文翻譯中心主任
[00:06:09.200 --> 00:06:12.400]  廖金源牧師
[00:06:12.400 --> 00:06:15.900]  大家好 大家平安
[00:06:15.900 --> 00:06:19.200]  感謝主 也謝謝各位同工
[00:06:19.200 --> 00:06:24.500]  那我們下來就由我們的《環球聖經》公會
[00:06:24.500 --> 00:06:28.800]  國際董事會主席馬長生先生
[00:06:28.800 --> 00:06:32.700]  來為我們做今天的開會禱告
[00:06:32.700 --> 00:06:38.600]  之後我們就會開始今天的主題信息
[00:06:38.600 --> 00:06:40.900]  好 各位弟兄姊妹們 平安
[00:06:40.900 --> 00:06:42.900]  我們現在開始來禱告
[00:06:42.900 --> 00:06:48.300]  感謝神 今天在臺北是7月4號
[00:06:48.300 --> 00:06:50.300]  也就是美國國慶的時間
[00:06:50.300 --> 00:06:53.400]  明天大概就是美國國慶日
[00:06:53.400 --> 00:06:57.100]  先祝我們的好朋友 美國的弟兄姊妹們
[00:06:57.100 --> 00:07:00.700]  美國國家生日快樂
[00:07:00.700 --> 00:07:02.700]  我們來向神禱告
[00:07:02.700 --> 00:07:06.900]  天父上帝在詩篇57篇對我們說
[00:07:06.900 --> 00:07:09.700]  我們要在萬民中感謝神
[00:07:09.700 --> 00:07:12.500]  在列邦中歌頌神
[00:07:12.500 --> 00:07:16.300]  因為神祢的慈愛偉大 高級諸天
[00:07:16.300 --> 00:07:19.900]  神祢的信使偉大 直達雲霄
[00:07:19.900 --> 00:07:23.000]  願神尊崇包過諸天
[00:07:23.000 --> 00:07:26.200]  願神的榮耀遍滿大地
[00:07:26.200 --> 00:07:29.500]  感謝天父 愛我們的救主耶穌基督
[00:07:29.500 --> 00:07:33.500]  我們要向神獻上感謝和讚美
[00:07:33.500 --> 00:07:36.500]  在神創造的天地萬物當中
[00:07:36.500 --> 00:07:39.000]  神祢的愛特別恩賞
[00:07:39.000 --> 00:07:43.000]  讓我們這些與神有神形象的世人
[00:07:43.000 --> 00:07:47.700]  能夠常用真理引導 祝福我們
[00:07:47.700 --> 00:07:51.200]  也祝福我們反樂意遵守神的約
[00:07:51.200 --> 00:07:53.400]  以及神的法度的人
[00:07:53.400 --> 00:07:57.300]  神啊 祢都用忠誠之愛和信使
[00:07:57.300 --> 00:08:00.200]  來恩待我們 感謝神
[00:08:00.200 --> 00:08:02.700]  今天我們環球聖經公會的
[00:08:02.700 --> 00:08:05.400]  聖經翻譯大會的講座
[00:08:05.400 --> 00:08:08.300]  在網路電波的環境當中
[00:08:08.300 --> 00:08:09.800]  毫無攔阻的
[00:08:09.800 --> 00:08:12.200]  可以連結全球的夥伴
[00:08:12.200 --> 00:08:13.800]  全球的支弟們
[00:08:13.800 --> 00:08:15.000]  讓我們一起
[00:08:15.000 --> 00:08:19.000]  可以將關乎神的聲音傳遍天下
[00:08:19.000 --> 00:08:21.000]  救恩的言語信息
[00:08:21.000 --> 00:08:23.700]  可以傳到地極
[00:08:23.700 --> 00:08:27.500]  求主保守我們線上的講座的進行
[00:08:27.500 --> 00:08:30.900]  願電波的傳輸連結通暢
[00:08:30.900 --> 00:08:32.500]  願環球聖經公會
[00:08:32.500 --> 00:08:35.200]  我們所做的準備的工程
[00:08:35.200 --> 00:08:38.700]  以及講員賴建國老師的信息分享
[00:08:38.700 --> 00:08:41.700]  都能夠蒙主保守使用
[00:08:41.700 --> 00:08:44.500]  教神的兒女們得造就
[00:08:44.500 --> 00:08:47.200]  讓我們的心被開啟
[00:08:47.200 --> 00:08:49.900]  讓我們的耳朵被開通
[00:08:49.900 --> 00:08:53.700]  讓我們的靈能夠被提升
[00:08:53.700 --> 00:08:56.300]  神的名得到榮耀
[00:08:56.300 --> 00:08:59.700]  願我們在有限的生命旅程當中
[00:08:59.700 --> 00:09:02.500]  能夠勝過世俗的慘累
[00:09:02.500 --> 00:09:05.600]  找到更多與神連結的時間
[00:09:05.600 --> 00:09:07.100]  經由聖經
[00:09:07.100 --> 00:09:09.500]  更能夠明白神的心意
[00:09:09.500 --> 00:09:11.300]  思想神的工作
[00:09:11.300 --> 00:09:13.500]  傳揚神的作為
[00:09:13.500 --> 00:09:15.300]  求神恩帶我們
[00:09:15.300 --> 00:09:16.800]  賜福給我們
[00:09:16.800 --> 00:09:19.700]  祝福今天參與的每一位肢體
[00:09:19.700 --> 00:09:20.800]  感謝神
[00:09:20.800 --> 00:09:22.500]  我們這樣禱告祈求
[00:09:22.500 --> 00:09:25.000]  賜奉靠主耶穌基督的名
[00:09:25.000 --> 00:09:26.500]  Amen
[00:09:26.500 --> 00:09:28.600]  Amen
[00:09:28.600 --> 00:09:30.100]  謝謝馬先生
[00:09:30.100 --> 00:09:33.400]  然後下面我們將會很快開始
[00:09:33.400 --> 00:09:36.300]  我們今天的主題信息
[00:09:36.300 --> 00:09:38.800]  那我們會預先錄製
[00:09:38.800 --> 00:09:42.800]  並且製作好有字幕的視頻
[00:09:42.800 --> 00:09:46.800]  請大家一起來聆聽和學習
[00:09:46.800 --> 00:09:55.800]  大家好 我是賴建國
[00:09:55.800 --> 00:09:58.700]  環球聖經公會的助會學者
[00:09:58.700 --> 00:10:05.200]  跟環球聖經義本的就業主編
[00:10:05.200 --> 00:10:08.400]  很高興跟大家今天要來看到
[00:10:08.400 --> 00:10:09.800]  一個題目
[00:10:09.800 --> 00:10:14.800]  就是 揭開宣道者的面紗
[00:10:14.800 --> 00:10:20.600]  聖經翻譯的解經神學與牧羊
[00:10:20.600 --> 00:10:25.400]  我現在把這個檔案叫出來
[00:10:25.400 --> 00:10:33.200]  我們說 功欲善其事
[00:10:33.200 --> 00:10:36.100]  必先利其器
[00:10:36.100 --> 00:10:39.400]  要做一個好的講解聖經的人
[00:10:39.400 --> 00:10:41.800]  先要有好的聖經工具
[00:10:41.800 --> 00:10:45.600]  就是一個好的聖經的翻譯本
[00:10:45.600 --> 00:10:47.200]  感謝上帝
[00:10:47.200 --> 00:10:51.200]  我們參與在環球聖經義本的工作
[00:10:51.200 --> 00:10:53.400]  經過多年的努力
[00:10:53.400 --> 00:10:55.600]  幾十位學者的參與
[00:10:55.600 --> 00:10:59.400]  終於在2023年9月正式出版了
[00:10:59.400 --> 00:11:04.600]  貢獻給全世界的華人教會
[00:11:04.600 --> 00:11:09.500]  一個好的翻譯必須要性雅達
[00:11:09.500 --> 00:11:11.500]  而一個好的聖經義本
[00:11:11.500 --> 00:11:13.300]  更是要能夠達到
[00:11:13.300 --> 00:11:16.700]  研究、靈修跟宣講
[00:11:16.700 --> 00:11:19.100]  這幾方面的功用
[00:11:19.100 --> 00:11:21.500]  所以我們做環球聖經義本的時候
[00:11:21.500 --> 00:11:22.900]  盼望能夠達成
[00:11:22.900 --> 00:11:28.100]  準確、清楚、通順、極致、文采
[00:11:28.100 --> 00:11:30.500]  幾方面的標準
[00:11:30.500 --> 00:11:32.600]  那在21世紀裡面
[00:11:32.600 --> 00:11:36.000]  有幾個最新的中文聖經義本
[00:11:36.000 --> 00:11:38.900]  包括像和和本、修定本
[00:11:38.900 --> 00:11:43.800]  在2010年全部新舊約都出版了
[00:11:43.800 --> 00:11:47.700]  環球聖經義本也是在2023年出版
[00:11:47.700 --> 00:11:52.100]  另外新漢語義本跟中文標準本
[00:11:52.100 --> 00:11:56.200]  都已經在今年的年初翻譯完成
[00:11:56.200 --> 00:11:58.200]  等待出版當中
[00:11:58.200 --> 00:11:59.700]  我感謝上帝
[00:11:59.700 --> 00:12:01.800]  我在這幾個翻譯本上面
[00:12:01.800 --> 00:12:05.500]  都曾經出過力
[00:12:05.500 --> 00:12:10.100]  那其中做的最多參與最深的
[00:12:10.100 --> 00:12:14.600]  當然就是環球聖經義本
[00:12:14.600 --> 00:12:17.100]  那我現在就把我自己的一些
[00:12:17.100 --> 00:12:19.100]  做這些翻譯
[00:12:19.100 --> 00:12:23.800]  一些心得的跟大家來有些分享
[00:12:23.800 --> 00:12:25.800]  那我首先跟大家看到
[00:12:25.800 --> 00:12:29.500]  創世紀第42章裡面
[00:12:29.500 --> 00:12:31.500]  約瑟跟他的哥哥們
[00:12:31.500 --> 00:12:34.000]  相認的事情
[00:12:34.000 --> 00:12:35.800]  那麼我們在教會裡面
[00:12:35.800 --> 00:12:37.200]  其實不只是教會
[00:12:37.200 --> 00:12:40.700]  社會上面都有
[00:12:40.700 --> 00:12:42.600]  有一個現象
[00:12:42.600 --> 00:12:46.800]  就是一旦有一個人他受到傷害
[00:12:46.800 --> 00:12:48.500]  在他還沒有來得及
[00:12:48.500 --> 00:12:51.600]  處理他的情緒
[00:12:51.600 --> 00:12:53.700]  甚至還沒有看到說
[00:12:53.700 --> 00:12:56.900]  加害者受到刑罰之前
[00:12:56.900 --> 00:12:58.500]  就會有一批人
[00:12:58.500 --> 00:12:59.700]  到他的身邊
[00:12:59.700 --> 00:13:02.000]  跟他講說你要原諒啊
[00:13:02.000 --> 00:13:03.800]  你要饒恕啊
[00:13:03.800 --> 00:13:06.100]  因為耶穌也是在十誡上面
[00:13:06.100 --> 00:13:10.000]  就饒恕這些定他十誡的人
[00:13:10.000 --> 00:13:11.300]  可是你看到
[00:13:11.300 --> 00:13:13.100]  一個受傷的人
[00:13:13.100 --> 00:13:15.300]  他在聽到這些話的時候
[00:13:15.300 --> 00:13:17.100]  他自己的背上
[00:13:17.100 --> 00:13:19.700]  還被人家用刀捅著
[00:13:19.700 --> 00:13:21.900]  傷口還在流血
[00:13:21.900 --> 00:13:26.000]  那麼他怎麼能夠立刻就原諒呢
[00:13:26.000 --> 00:13:27.300]  然後現在又加上
[00:13:27.300 --> 00:13:30.200]  還有新的傷害
[00:13:30.200 --> 00:13:31.800]  然後覺得說他不原諒
[00:13:31.800 --> 00:13:35.000]  就是他的罪
[00:13:35.000 --> 00:13:38.400]  那麼這個事情要怎麼樣來解決呢
[00:13:38.400 --> 00:13:40.700]  所以好多年前
[00:13:40.700 --> 00:13:43.700]  我擔任台北研究培靈會的講員
[00:13:43.700 --> 00:13:45.700]  他們要求講的題目
[00:13:45.700 --> 00:13:48.500]  是講的跟家庭有關的
[00:13:48.500 --> 00:13:51.500]  那我就特別去查考創世紀
[00:13:51.500 --> 00:13:55.900]  特別是約瑟跟他的哥哥們之間的關係
[00:13:55.900 --> 00:13:58.700]  他就讓我對這個經文本身
[00:13:58.700 --> 00:14:01.300]  有了更深的認識
[00:14:01.300 --> 00:14:03.500]  那也是
[00:14:03.500 --> 00:14:05.100]  我在課堂上面
[00:14:05.100 --> 00:14:07.100]  跟很多同學都講到
[00:14:07.100 --> 00:14:09.400]  你碰到任何的爭議問題呢
[00:14:09.400 --> 00:14:11.200]  最好的做法就是
[00:14:11.200 --> 00:14:12.400]  坐下來
[00:14:12.400 --> 00:14:13.600]  打開聲音看
[00:14:13.600 --> 00:14:16.100]  聖經裡面怎麼說
[00:14:16.100 --> 00:14:18.700]  那我現在就把創世紀裡面
[00:14:18.700 --> 00:14:20.700]  約瑟跟他的哥哥們
[00:14:20.700 --> 00:14:24.000]  相認的事情跟大家來看到
[00:14:24.000 --> 00:14:26.200]  創世紀四十二章裡面講到
[00:14:26.200 --> 00:14:29.200]  約瑟的哥哥們到埃及來買糧食
[00:14:29.200 --> 00:14:31.600]  約瑟就考驗他們
[00:14:31.600 --> 00:14:35.200]  把西滅關在牢中做人質
[00:14:35.200 --> 00:14:37.300]  讓其他的人返回家
[00:14:37.300 --> 00:14:38.700]  帶變壓棉來
[00:14:38.700 --> 00:14:41.400]  好證明他們說的是實話
[00:14:41.400 --> 00:14:43.500]  不是奸細
[00:14:43.500 --> 00:14:46.200]  這章可以分成三段
[00:14:46.200 --> 00:14:48.300]  一到五節講約瑟的哥哥們
[00:14:48.300 --> 00:14:50.200]  來埃及買糧
[00:14:50.200 --> 00:14:51.500]  六到二十八節講
[00:14:51.500 --> 00:14:54.100]  約瑟試驗他的哥哥們
[00:14:54.100 --> 00:14:55.800]  二十九到三十八節講
[00:14:55.800 --> 00:14:59.500]  約瑟的哥哥們回迦南帝
[00:14:59.500 --> 00:15:03.100]  關鍵動詞試驗或者考驗
[00:15:03.100 --> 00:15:07.300]  在創世紀裡面只出現在這一章
[00:15:07.300 --> 00:15:09.600]  九陰裡面這個動詞呢
[00:15:09.600 --> 00:15:11.400]  都用於詩篇
[00:15:11.400 --> 00:15:14.300]  講到上帝考驗人心
[00:15:14.300 --> 00:15:18.900]  如同熬煉銀子
[00:15:18.900 --> 00:15:21.400]  約瑟試驗他的兄長
[00:15:21.400 --> 00:15:23.900]  在文學跟神學上面
[00:15:23.900 --> 00:15:26.800]  是要來證明雅各的兒子們
[00:15:26.800 --> 00:15:28.400]  在真正成為
[00:15:28.400 --> 00:15:31.500]  以色列十二支派的先祖之前
[00:15:31.500 --> 00:15:33.500]  也要如同亞伯拉罕
[00:15:33.500 --> 00:15:35.600]  以沙雅各一樣
[00:15:35.600 --> 00:15:37.700]  先經過考驗
[00:15:37.700 --> 00:15:40.900]  證明他們的誠信正直
[00:15:40.900 --> 00:15:43.200]  英文稱作integrity
[00:15:43.200 --> 00:15:44.900]  他們就是自己講到
[00:15:44.900 --> 00:15:49.700]  他們是一個誠實正直的人
[00:15:49.700 --> 00:15:53.100]  那你看約瑟他不是傻傻的
[00:15:53.100 --> 00:15:54.700]  第一次見到他的哥哥們
[00:15:54.700 --> 00:15:57.100]  就立刻跑過去抱著他們親嘴
[00:15:57.100 --> 00:15:58.700]  我就是約瑟
[00:15:58.700 --> 00:15:59.500]  我原諒你們
[00:15:59.500 --> 00:16:02.500]  沒有 他先試驗
[00:16:02.500 --> 00:16:04.100]  那試驗成功之後
[00:16:04.100 --> 00:16:07.500]  他才可以真正的跟他們來相認
[00:16:07.500 --> 00:16:09.600]  那這邊另外一個動詞呢
[00:16:09.600 --> 00:16:11.300]  犯罪
[00:16:11.300 --> 00:16:14.900]  在創世紀裡面只有三次用到得罪人
[00:16:14.900 --> 00:16:17.500]  約瑟的哥哥們在他們以為
[00:16:17.500 --> 00:16:19.900]  約瑟聽不懂的狀況下
[00:16:19.900 --> 00:16:23.400]  當著約瑟的面說到自己的罪
[00:16:23.400 --> 00:16:27.700]  他們的對話表達了內心的真誠的轉變
[00:16:27.700 --> 00:16:29.300]  讀者可以感受到
[00:16:29.300 --> 00:16:32.100]  罪對於人的影響很大
[00:16:32.100 --> 00:16:34.100]  即使超過二十年了
[00:16:34.100 --> 00:16:37.300]  約瑟的哥哥們只要一遇到不順
[00:16:37.300 --> 00:16:38.800]  就立刻聯想到
[00:16:38.800 --> 00:16:41.900]  他們在弟弟身上所犯的罪
[00:16:41.900 --> 00:16:45.300]  如影隨形的追討過來
[00:16:45.300 --> 00:16:46.700]  而屢變的話
[00:16:46.700 --> 00:16:50.700]  更直接承認他們當年所犯的惡行
[00:16:50.700 --> 00:16:53.300]  不可以傷害那孩子
[00:16:53.300 --> 00:16:55.800]  還一本更好把它翻譯做
[00:16:55.800 --> 00:16:58.800]  不要犯罪害那個孩子
[00:16:58.800 --> 00:17:01.800]  把這件事情講得更加清楚
[00:17:01.800 --> 00:17:03.000]  所以對我來講
[00:17:03.000 --> 00:17:05.000]  或是跟一些人討論
[00:17:05.000 --> 00:17:06.300]  你要說
[00:17:06.300 --> 00:17:11.600]  如果說一個人他內心裡面
[00:17:11.600 --> 00:17:13.300]  不強大
[00:17:13.300 --> 00:17:16.500]  他可以主動的就原諒
[00:17:16.500 --> 00:17:20.100]  或者不去計較那些傷害他的人
[00:17:20.100 --> 00:17:24.700]  但是你說要跟那個傷害他的人
[00:17:24.700 --> 00:17:27.900]  要能夠和好如初
[00:17:27.900 --> 00:17:30.300]  這個英文講reconciliation
[00:17:30.300 --> 00:17:32.800]  必須雙方都有誠意
[00:17:32.800 --> 00:17:35.000]  都要有改變才行
[00:17:35.000 --> 00:17:38.900]  所以約瑟他是一個智慧人
[00:17:38.900 --> 00:17:40.600]  他認識到說
[00:17:40.600 --> 00:17:43.100]  這個原諒饒恕
[00:17:43.100 --> 00:17:45.500]  不是那種廉價的饒恕
[00:17:45.500 --> 00:17:48.300]  而是經過試驗的饒恕
[00:17:48.300 --> 00:17:50.000]  那我這樣子講之後
[00:17:50.000 --> 00:17:52.200]  也讓有一些弟兄姐妹覺得說
[00:17:52.200 --> 00:17:54.900]  好像他就從那個
[00:17:54.900 --> 00:17:56.300]  枷鎖裡面
[00:17:56.300 --> 00:17:57.700]  從那個監牢裡面
[00:17:57.700 --> 00:18:01.500]  就可以釋放出來
[00:18:01.500 --> 00:18:02.900]  另外一個
[00:18:02.900 --> 00:18:06.100]  也是曾經有人在我們講台上面
[00:18:06.100 --> 00:18:07.400]  講的話
[00:18:07.400 --> 00:18:09.500]  那就引發我的思想
[00:18:09.500 --> 00:18:12.400]  經文到底是怎麼翻譯的呢
[00:18:12.400 --> 00:18:16.300]  這是以色列書第45章11節
[00:18:16.300 --> 00:18:18.300]  傳統譯本把它翻譯作
[00:18:18.300 --> 00:18:20.400]  耶和華以色列的聖子
[00:18:20.400 --> 00:18:23.500]  就是造就以色列的如此說
[00:18:23.500 --> 00:18:25.700]  將來的事你們可以問我
[00:18:25.700 --> 00:18:27.200]  至於我的種子
[00:18:27.200 --> 00:18:28.700]  並我手的工作
[00:18:28.700 --> 00:18:31.700]  你們可以求我命定
[00:18:31.700 --> 00:18:33.000]  求我命定呢
[00:18:33.000 --> 00:18:34.600]  原文作吩咐
[00:18:34.600 --> 00:18:36.500]  就是一個命令
[00:18:36.500 --> 00:18:37.700]  那懷疑本呢
[00:18:37.700 --> 00:18:41.300]  是把它翻譯作一個疑問句
[00:18:41.300 --> 00:18:43.300]  耶和華以色列聖者
[00:18:43.300 --> 00:18:44.500]  至聖者
[00:18:44.500 --> 00:18:46.900]  以色列的塑造者這樣說
[00:18:46.900 --> 00:18:48.200]  將要發生的事
[00:18:48.200 --> 00:18:50.800]  你們可以質問我嗎
[00:18:50.800 --> 00:18:52.900]  關於我的兒女和我所的作為
[00:18:52.900 --> 00:18:57.900]  你們可以吩咐我嗎
[00:18:57.900 --> 00:19:00.700]  有人根據傳統譯法
[00:19:00.700 --> 00:19:03.200]  以為我們可以命令神
[00:19:03.200 --> 00:19:06.600]  甚至說我們可以對神不禮貌
[00:19:06.600 --> 00:19:08.300]  但是井林上下文
[00:19:08.300 --> 00:19:09.700]  都是責備人
[00:19:09.700 --> 00:19:13.300]  跟那位創造他的主爭論
[00:19:13.300 --> 00:19:14.600]  支持這一節
[00:19:14.600 --> 00:19:17.100]  是修辭的反問句
[00:19:17.100 --> 00:19:19.500]  而非直說語氣
[00:19:19.500 --> 00:19:21.000]  所以這邊我們把
[00:19:21.000 --> 00:19:24.500]  上下的這些幾個經文看到
[00:19:24.500 --> 00:19:26.300]  以賽亞書四十五章
[00:19:26.300 --> 00:19:28.100]  第九到第十節
[00:19:28.100 --> 00:19:31.800]  與他的塑造者爭論的人有禍了
[00:19:31.800 --> 00:19:35.900]  他不過是地上瓦堆中的一塊瓦片
[00:19:35.900 --> 00:19:38.800]  難道泥土會對瓦陶匠說
[00:19:38.800 --> 00:19:40.600]  你在做什麼
[00:19:40.600 --> 00:19:42.900]  或者是你造出來的東西
[00:19:42.900 --> 00:19:45.000]  毫無手藝
[00:19:45.000 --> 00:19:46.600]  人如果對父親說
[00:19:46.600 --> 00:19:48.100]  你生的是什麼
[00:19:48.100 --> 00:19:49.600]  或者一個婦人說
[00:19:49.600 --> 00:19:51.800]  你分娩出來的是什麼
[00:19:51.800 --> 00:19:53.400]  這人就有禍
[00:19:53.400 --> 00:19:55.400]  然後這樣才有第十一點
[00:19:55.400 --> 00:19:57.300]  你們可以質問我嗎
[00:19:57.300 --> 00:19:59.400]  你們可以吩咐我嗎
[00:19:59.400 --> 00:20:05.600]  要對上帝有一個尊敬的心
[00:20:05.600 --> 00:20:08.400]  另外一個在教輩裡面
[00:20:08.400 --> 00:20:11.700]  很多人提到說亞當之約
[00:20:11.700 --> 00:20:14.400]  但是在亞伯拉罕之約
[00:20:14.400 --> 00:20:15.900]  西奈之約
[00:20:15.900 --> 00:20:17.700]  還有大衛之約以外
[00:20:17.700 --> 00:20:19.800]  另外有一個亞當之約
[00:20:19.800 --> 00:20:23.200]  當然還有那個羅亞之約
[00:20:23.200 --> 00:20:24.900]  但我就講到說
[00:20:24.900 --> 00:20:26.500]  羅亞之約
[00:20:26.500 --> 00:20:27.800]  亞伯拉罕之約
[00:20:27.800 --> 00:20:28.800]  西奈之約
[00:20:28.800 --> 00:20:29.900]  跟大衛之約
[00:20:29.900 --> 00:20:32.400]  都有聖經裡面很清楚的講到
[00:20:32.400 --> 00:20:37.800]  他們都有類似的一些正式的禮儀
[00:20:37.800 --> 00:20:39.600]  有一些的過程
[00:20:39.600 --> 00:20:42.600]  但是亞當之約的話就沒有
[00:20:42.600 --> 00:20:44.100]  那但是為什麼有些人
[00:20:44.100 --> 00:20:45.700]  說有亞當之約呢
[00:20:45.700 --> 00:20:48.200]  或者稱它叫做工作之約呢
[00:20:48.200 --> 00:20:52.300]  主要是根據像和希腊書六章第七節
[00:20:52.300 --> 00:20:53.600]  傳統譯本說
[00:20:53.600 --> 00:20:56.400]  他們卻如亞當被約
[00:20:56.400 --> 00:20:59.700]  在境內向我行事詭詐
[00:20:59.700 --> 00:21:01.200]  懷疑本法翻譯說
[00:21:01.200 --> 00:21:05.300]  可是他們在亞當城違背盟約
[00:21:05.300 --> 00:21:08.400]  在那裡他們竟然背叛我
[00:21:08.400 --> 00:21:10.300]  這個在亞當城呢
[00:21:10.300 --> 00:21:13.100]  原文是科阿當
[00:21:13.100 --> 00:21:15.500]  意思呢就是如亞當
[00:21:15.500 --> 00:21:17.900]  或說如世人
[00:21:17.900 --> 00:21:19.300]  因此有些學者
[00:21:19.300 --> 00:21:23.700]  據此來支持亞當之約的講法
[00:21:23.700 --> 00:21:25.900]  但是下一句的句首
[00:21:25.900 --> 00:21:27.600]  那邊的空間附詞
[00:21:27.600 --> 00:21:29.800]  Sham就是在那裡
[00:21:29.800 --> 00:21:33.100]  似乎表示這是指一個地方
[00:21:33.100 --> 00:21:36.800]  因此應該讀作科阿當
[00:21:36.800 --> 00:21:38.900]  在亞當城
[00:21:38.900 --> 00:21:40.800]  近代主要的音譯本
[00:21:40.800 --> 00:21:44.300]  都支持在亞當城的讀法
[00:21:44.300 --> 00:21:45.700]  這裡的這個亞當
[00:21:45.700 --> 00:21:48.200]  是約旦河谷中的城
[00:21:48.200 --> 00:21:50.200]  位於亞伯渡口
[00:21:50.200 --> 00:21:52.500]  連接世界跟以色列
[00:21:52.500 --> 00:21:55.100]  其他重要的中心之處
[00:21:55.100 --> 00:21:57.100]  以色列民過約旦河
[00:21:57.100 --> 00:21:58.700]  進入應許之地
[00:21:58.700 --> 00:22:00.300]  約旦河的水流
[00:22:00.300 --> 00:22:02.300]  在上游很遠的地方
[00:22:02.300 --> 00:22:04.800]  就立即成為堤壩
[00:22:04.800 --> 00:22:11.300]  到亞當城那裡就完全止住了
[00:22:11.300 --> 00:22:13.500]  這一個新約裡面
[00:22:13.500 --> 00:22:16.700]  約翰福音很有名的講說
[00:22:16.700 --> 00:22:20.800]  耶穌被稱作上帝的獨生子這邊
[00:22:20.800 --> 00:22:25.100]  那到底是獨生子還是獨一的愛子呢
[00:22:25.100 --> 00:22:30.400]  這是智異跟神學上面的一個
[00:22:30.400 --> 00:22:32.500]  爭論的議題
[00:22:32.500 --> 00:22:33.700]  傳統譯本說
[00:22:33.700 --> 00:22:35.700]  我們也見過他的榮光
[00:22:35.700 --> 00:22:39.700]  正是赴獨生子的榮光
[00:22:39.700 --> 00:22:41.100]  管譯本把它翻譯作
[00:22:41.100 --> 00:22:43.100]  我們見過他的榮耀
[00:22:43.100 --> 00:22:44.900]  那正是從赴而來
[00:22:44.900 --> 00:22:47.700]  獨一愛子的榮耀
[00:22:47.700 --> 00:22:49.400]  這個獨一愛子呢
[00:22:49.400 --> 00:22:51.400]  原文monogenesis
[00:22:51.400 --> 00:22:53.000]  是形容詞
[00:22:53.000 --> 00:22:54.800]  用作具體的名詞
[00:22:54.800 --> 00:23:00.700]  或者翻譯作獨一無二的那一位
[00:23:00.700 --> 00:23:02.200]  約翰福音一章十四節
[00:23:02.200 --> 00:23:04.100]  傳統作獨生子
[00:23:04.100 --> 00:23:05.700]  但在原文本身
[00:23:05.700 --> 00:23:08.200]  並沒有生的涵義
[00:23:08.200 --> 00:23:10.000]  這個詞表達的思想
[00:23:10.000 --> 00:23:11.700]  不僅是唯一
[00:23:11.700 --> 00:23:13.200]  也是獨特
[00:23:13.200 --> 00:23:14.900]  並且常常因此而有
[00:23:14.900 --> 00:23:16.700]  特別萌愛的意思
[00:23:16.700 --> 00:23:18.100]  在希臘文獻裡面
[00:23:18.100 --> 00:23:19.500]  常常跟萌愛
[00:23:19.500 --> 00:23:21.500]  就是agapetos
[00:23:21.500 --> 00:23:24.600]  是連用或是互換使用
[00:23:24.600 --> 00:23:26.900]  在希伯來書十一章十七節
[00:23:26.900 --> 00:23:30.200]  用這個詞來形容以撒
[00:23:30.200 --> 00:23:32.800]  雖然以撒不是亞伯拉罕的獨子
[00:23:32.800 --> 00:23:34.800]  亞伯拉罕還有以司馬利
[00:23:34.800 --> 00:23:38.200]  還有另外他跟基督拉森的好幾個兒子
[00:23:38.200 --> 00:23:40.200]  但是只有以撒才是
[00:23:40.200 --> 00:23:42.000]  神所應許的兒子
[00:23:42.000 --> 00:23:46.100]  是獨萌厚愛的
[00:23:46.100 --> 00:23:47.700]  這個萌愛來翻譯
[00:23:47.700 --> 00:23:49.300]  希伯來文獨一
[00:23:49.300 --> 00:23:51.700]  這個希臘文的那個
[00:23:51.700 --> 00:23:53.100]  其實是一本呢
[00:23:53.100 --> 00:23:56.500]  也是用agapetos來翻譯
[00:23:56.500 --> 00:23:59.800]  希伯來文的獨一那個字
[00:23:59.800 --> 00:24:01.700]  那麼另外我們可以參考
[00:24:01.700 --> 00:24:03.900]  雅各六章九節
[00:24:03.900 --> 00:24:05.800]  講到那個蘇拉密女子呢
[00:24:05.800 --> 00:24:11.600]  她是母親的獨一至愛
[00:24:11.600 --> 00:24:13.400]  另外我們各位在讀聖經的時候
[00:24:13.400 --> 00:24:14.900]  不管舊約還是新約
[00:24:14.900 --> 00:24:18.000]  都有好多地方用到大大
[00:24:18.000 --> 00:24:19.600]  大大的歡喜啊
[00:24:19.600 --> 00:24:21.200]  大大的悲傷啊
[00:24:21.200 --> 00:24:24.100]  甚至我們接觸到的一些宣教士
[00:24:24.100 --> 00:24:26.600]  那他們在我們中間工作的時候呢
[00:24:26.600 --> 00:24:28.100]  也常常會用到這個
[00:24:28.100 --> 00:24:31.000]  我就大大的高興啊等等
[00:24:31.000 --> 00:24:33.100]  但是在中文裡面呢
[00:24:33.100 --> 00:24:36.300]  我們是沒有用到大大這種的
[00:24:36.300 --> 00:24:38.500]  聽到這樣子的話就覺得說
[00:24:38.500 --> 00:24:40.600]  很彆扭吧
[00:24:40.600 --> 00:24:43.600]  就是它是一個外來的詞
[00:24:43.600 --> 00:24:46.200]  而且呢可能的原因就是
[00:24:46.200 --> 00:24:48.400]  你在那個希伯來文裡面
[00:24:48.400 --> 00:24:50.400]  形容詞比較少一點
[00:24:50.400 --> 00:24:52.200]  沒有像中文那麼多
[00:24:52.200 --> 00:24:55.100]  那麼常常一個詞的話呢
[00:24:55.100 --> 00:24:56.800]  你要翻譯成中文的時候
[00:24:56.800 --> 00:25:00.200]  你要用更多的細膩的思想
[00:25:00.200 --> 00:25:02.400]  看參照上下文
[00:25:02.400 --> 00:25:04.300]  用哪一個詞來翻譯
[00:25:04.300 --> 00:25:06.400]  會更合適一點
[00:25:06.400 --> 00:25:08.400]  你比如說這邊
[00:25:08.400 --> 00:25:10.900]  撒末爾基上第十章
[00:25:10.900 --> 00:25:13.300]  現在說當撒末爾拿高油
[00:25:13.300 --> 00:25:15.200]  倒在掃毒的頭上
[00:25:15.200 --> 00:25:16.900]  預言說煙花的靈
[00:25:16.900 --> 00:25:19.400]  必大大感動你
[00:25:19.400 --> 00:25:20.700]  那還一本翻譯作
[00:25:20.700 --> 00:25:23.300]  將強而有力的領到你
[00:25:23.300 --> 00:25:27.300]  這件事情即在隨後就應驗
[00:25:27.300 --> 00:25:29.000]  過了一段時間之後呢
[00:25:29.000 --> 00:25:31.300]  在撒末爾上第十六章
[00:25:31.300 --> 00:25:34.300]  講到撒末爾也高抹大位
[00:25:34.300 --> 00:25:37.700]  煙花的靈就大大感動大位
[00:25:37.700 --> 00:25:39.400]  還一本把翻譯作
[00:25:39.400 --> 00:25:42.500]  強而有力的領到大位
[00:25:42.500 --> 00:25:43.700]  所以這樣子反而
[00:25:43.700 --> 00:25:45.500]  我們對於這個經文
[00:25:45.500 --> 00:25:46.800]  它真正的意思啊
[00:25:46.800 --> 00:25:50.000]  可以有更好的感受
[00:25:50.000 --> 00:25:53.200]  這邊我整理幾個經文裡面
[00:25:53.200 --> 00:25:55.100]  舊約新約都有
[00:25:55.100 --> 00:25:58.300]  你看說馬太福音第二章第十節
[00:25:58.300 --> 00:26:00.800]  講到說他們就大大的歡喜
[00:26:00.800 --> 00:26:03.300]  還一本作歡喜極樂
[00:26:03.300 --> 00:26:05.700]  馬可福音第四章第四十一節
[00:26:05.700 --> 00:26:08.400]  他們就大大的懼怕
[00:26:08.400 --> 00:26:11.900]  還一本作門徒極其害怕
[00:26:11.900 --> 00:26:13.700]  羅馬書九章二節
[00:26:13.700 --> 00:26:16.900]  保羅說我是大有憂愁
[00:26:16.900 --> 00:26:20.000]  新一本也是說我大大的憂愁
[00:26:20.000 --> 00:26:21.600]  但是還一本呢
[00:26:21.600 --> 00:26:23.700]  就把意思翻譯得更好
[00:26:23.700 --> 00:26:27.100]  我萬分的痛苦
[00:26:27.100 --> 00:26:29.000]  詩篇六篇第三節
[00:26:29.000 --> 00:26:31.500]  我的心也大大的驚惶
[00:26:31.500 --> 00:26:35.600]  還一本作我的心極其惶恐
[00:26:35.600 --> 00:26:37.400]  詩篇十四篇第五節
[00:26:37.400 --> 00:26:40.200]  他們在那裡大大的害怕
[00:26:40.200 --> 00:26:44.600]  還一本作他們在那裡非常的驚恐
[00:26:44.600 --> 00:26:46.400]  撒加利亞書第一章第二節
[00:26:46.400 --> 00:26:50.200]  耶和華丞相你們的列祖大大發怒
[00:26:50.200 --> 00:26:51.600]  那麼還一本作
[00:26:51.600 --> 00:26:55.200]  耶和華丞相非常惱怒你們的列祖
[00:26:55.200 --> 00:26:56.600]  你看這樣子翻譯上面
[00:26:56.600 --> 00:26:58.800]  是就比較更加的靈活
[00:26:58.800 --> 00:27:03.700]  更加細膩的把那個感情表達出來了
[00:27:03.700 --> 00:27:05.100]  那這邊我們要講到一個
[00:27:05.100 --> 00:27:08.700]  字義跟文法上面的例子
[00:27:08.700 --> 00:27:11.700]  看你怎麼樣來選擇
[00:27:11.700 --> 00:27:15.600]  到底在那個生命記一章第四十五節
[00:27:15.600 --> 00:27:19.300]  講到以色列人他們打仗啊
[00:27:19.300 --> 00:27:20.600]  就失敗了
[00:27:20.600 --> 00:27:22.100]  他們就回來還是
[00:27:22.100 --> 00:27:25.500]  再次在約旺面前就哭起來了
[00:27:25.500 --> 00:27:27.000]  那傳統譯本法說
[00:27:27.000 --> 00:27:30.500]  你們便回來在約旺面前哭嚎
[00:27:30.500 --> 00:27:32.500]  耶和華丞不聽你們的聲音
[00:27:32.500 --> 00:27:34.500]  也不向你們赤耳
[00:27:34.500 --> 00:27:35.900]  還一本翻譯作
[00:27:35.900 --> 00:27:39.000]  你們再次在約旺面前哭起來
[00:27:39.000 --> 00:27:41.200]  但耶和華不聽你們的聲音
[00:27:41.200 --> 00:27:44.400]  也不向你們張開耳朵
[00:27:44.400 --> 00:27:47.000]  這個法翻譯作再次哭起來呢
[00:27:47.000 --> 00:27:50.400]  在原文這裡面就連續兩個動詞
[00:27:50.400 --> 00:27:52.200]  一個是shove
[00:27:52.200 --> 00:27:54.300]  一個是baka
[00:27:54.300 --> 00:27:55.700]  baka是哭嘛
[00:27:55.700 --> 00:27:59.500]  它就是問題在那個shove要怎麼翻譯
[00:27:59.500 --> 00:28:02.500]  那這邊的話呢
[00:28:02.500 --> 00:28:06.300]  它跟民宿記第十一章第四節的那個
[00:28:06.300 --> 00:28:08.900]  他再次
[00:28:08.900 --> 00:28:10.700]  他們再次哭起來
[00:28:10.700 --> 00:28:12.100]  幾乎是一樣
[00:28:12.100 --> 00:28:16.300]  只是主詞從第三人稱變為第一人稱
[00:28:16.300 --> 00:28:17.700]  所以這樣來看呢
[00:28:17.700 --> 00:28:20.400]  我們講這個shove這個希伯來文字
[00:28:20.400 --> 00:28:22.300]  你可以把它翻譯作回來
[00:28:22.300 --> 00:28:26.000]  那這也是通常先知或上帝自己
[00:28:26.000 --> 00:28:28.400]  呼籲人就是迴轉歸上他
[00:28:28.400 --> 00:28:31.100]  用這個shove
[00:28:31.100 --> 00:28:32.800]  就是回來吧回來吧
[00:28:32.800 --> 00:28:35.600]  這是迴轉歸向神的意思
[00:28:35.600 --> 00:28:36.800]  但這個動詞呢
[00:28:36.800 --> 00:28:38.400]  跟另外一個動詞連用
[00:28:38.400 --> 00:28:40.200]  是希伯來文裡面表示
[00:28:40.200 --> 00:28:43.400]  再次行動的一個慣用方式
[00:28:43.400 --> 00:28:44.600]  所以我們把它翻譯作
[00:28:44.600 --> 00:28:46.200]  他們就再次哭起來
[00:28:46.200 --> 00:28:48.100]  應該是會比較合適一點
[00:28:48.100 --> 00:28:50.100]  不過確實很多譯本呢
[00:28:50.100 --> 00:28:51.400]  按照字面的意思
[00:28:51.400 --> 00:28:53.300]  把它理解為他們回來
[00:28:53.300 --> 00:28:56.600]  然後就哭起來
[00:28:56.600 --> 00:28:58.600]  這邊我們講到聖經裡面一個
[00:28:58.600 --> 00:29:00.500]  謎樣的人物
[00:29:00.500 --> 00:29:02.700]  麥基喜德
[00:29:02.700 --> 00:29:04.100]  麥基喜德在聖經裡面
[00:29:04.100 --> 00:29:06.600]  其實只有三處經文提到他
[00:29:06.600 --> 00:29:09.700]  創世紀十四章
[00:29:09.700 --> 00:29:14.200]  在詩篇的第110篇
[00:29:14.200 --> 00:29:17.200]  跟希伯來書的第七章那篇
[00:29:17.200 --> 00:29:18.700]  在創世紀那裡的話呢
[00:29:18.700 --> 00:29:20.600]  講到這個麥基喜德
[00:29:20.600 --> 00:29:23.400]  他是殺人王
[00:29:23.400 --> 00:29:24.900]  他的名字的意思呢
[00:29:24.900 --> 00:29:28.300]  就是我的王是公義的
[00:29:28.300 --> 00:29:31.300]  或者公義是我王的名字
[00:29:31.300 --> 00:29:33.500]  那他是殺人王呢
[00:29:33.500 --> 00:29:35.700]  殺人就是和平的意思
[00:29:35.700 --> 00:29:39.100]  所以他被稱作是和平的君王
[00:29:39.100 --> 00:29:41.300]  那這個麥基喜德他有一個特點
[00:29:41.300 --> 00:29:42.900]  他不是以色列人
[00:29:42.900 --> 00:29:44.700]  他不是亞伯拉罕的後裔
[00:29:44.700 --> 00:29:47.600]  但是當亞伯拉罕殺敗列王的時候
[00:29:47.600 --> 00:29:50.500]  他就帶著酒跟這個餅
[00:29:50.500 --> 00:29:52.100]  就來迎接亞伯拉罕
[00:29:52.100 --> 00:29:54.000]  為亞伯拉罕祝福
[00:29:54.000 --> 00:29:58.400]  那亞伯拉罕就把十一奉獻就獻給他
[00:29:58.400 --> 00:30:01.500]  那麼在詩篇110篇那邊
[00:30:01.500 --> 00:30:04.400]  就講到他是按照麥基喜德的
[00:30:04.400 --> 00:30:07.600]  什麼方式就永遠為祭司
[00:30:07.600 --> 00:30:09.300]  那希伯來書第五章
[00:30:09.300 --> 00:30:11.100]  那邊用同樣這個詞
[00:30:11.100 --> 00:30:12.800]  就用到他
[00:30:12.800 --> 00:30:15.100]  那我們傳統譯本把它翻譯做
[00:30:15.100 --> 00:30:17.900]  你是照著麥基喜德的等次
[00:30:17.900 --> 00:30:19.900]  永遠為祭司
[00:30:19.900 --> 00:30:21.200]  按照等次的話呢
[00:30:21.200 --> 00:30:23.100]  好像就有等級的關係
[00:30:23.100 --> 00:30:25.700]  就有高低之分
[00:30:25.700 --> 00:30:26.700]  那還譯本呢
[00:30:26.700 --> 00:30:27.500]  把它翻譯做
[00:30:27.500 --> 00:30:28.900]  你是照著麥基喜德的
[00:30:28.900 --> 00:30:31.100]  模式永遠做祭司
[00:30:31.100 --> 00:30:32.200]  那就不一樣
[00:30:32.200 --> 00:30:34.900]  就不在乎階級的高低
[00:30:34.900 --> 00:30:38.800]  而是說你是用哪一種方式
[00:30:38.800 --> 00:30:40.200]  這個哪一種方式的話呢
[00:30:40.200 --> 00:30:41.400]  模式啊
[00:30:41.400 --> 00:30:42.600]  他原來意思啊
[00:30:42.600 --> 00:30:44.500]  你可以指的是排列
[00:30:44.500 --> 00:30:48.200]  可以指位置、地位、特質、狀況、體系
[00:30:48.200 --> 00:30:50.500]  還有模式等等
[00:30:50.500 --> 00:30:53.000]  那根據希伯來書七章十五節的話
[00:30:53.000 --> 00:30:55.400]  相似的片語
[00:30:55.400 --> 00:31:00.200]  說照著麥基喜德的相同的樣式
[00:31:00.200 --> 00:31:02.600]  就是說像麥基喜德那樣
[00:31:02.600 --> 00:31:03.300]  所以這個詞呢
[00:31:03.300 --> 00:31:05.400]  在這邊可能是指到模式
[00:31:05.400 --> 00:31:08.200]  而不是指到等級來說的
[00:31:08.200 --> 00:31:09.900]  而這一篇
[00:31:09.900 --> 00:31:11.700]  這一節經文已經是四篇
[00:31:11.700 --> 00:31:13.700]  一百一十篇的第四節
[00:31:13.700 --> 00:31:16.300]  這個詞所翻譯的希伯來文
[00:31:16.300 --> 00:31:17.200]  Deep Ra
[00:31:17.200 --> 00:31:19.700]  也可以翻譯成為模式
[00:31:19.700 --> 00:31:21.200]  所以可能這樣子會比較好
[00:31:21.200 --> 00:31:23.900]  你在這個以色列的話呢
[00:31:23.900 --> 00:31:27.900]  都只有亞倫的後裔才可以做祭司
[00:31:27.900 --> 00:31:30.600]  但是在詩篇一百一十篇
[00:31:30.600 --> 00:31:31.400]  裡面講說
[00:31:31.400 --> 00:31:34.100]  就在亞倫的祭司之外
[00:31:34.100 --> 00:31:35.700]  有另外一個體系
[00:31:35.700 --> 00:31:37.000]  或者另外一種模式
[00:31:37.000 --> 00:31:38.700]  就是麥基喜德的模式
[00:31:38.700 --> 00:31:40.100]  他不是以色列人
[00:31:40.100 --> 00:31:42.200]  他至少不是亞倫的後裔
[00:31:42.200 --> 00:31:43.900]  但是被上帝檢選了
[00:31:43.900 --> 00:31:45.700]  成為至高神的祭司
[00:31:45.700 --> 00:31:47.200]  那他又是君王
[00:31:47.200 --> 00:31:49.800]  所以他是一個君尊的祭司
[00:31:49.800 --> 00:31:51.700]  用這個來預言
[00:31:51.700 --> 00:31:53.700]  預表講到耶穌基督
[00:31:53.700 --> 00:31:55.700]  是會比較合適的
[00:31:55.700 --> 00:31:59.100]  那再講到說
[00:31:59.100 --> 00:32:01.700]  就是以前的中文跟現在的中文
[00:32:01.700 --> 00:32:03.000]  有些改變了
[00:32:03.000 --> 00:32:05.500]  那你就要用現在中文的方式
[00:32:05.500 --> 00:32:06.600]  來講到他
[00:32:06.600 --> 00:32:07.900]  一個例子就是
[00:32:07.900 --> 00:32:10.700]  田伯泰後書第二章十五節
[00:32:10.700 --> 00:32:11.800]  傳統藝本講說
[00:32:11.800 --> 00:32:15.400]  你當傑利在神面前得蒙喜悅
[00:32:15.400 --> 00:32:17.000]  做無愧的工人
[00:32:17.000 --> 00:32:20.400]  按著正義分解真理的道
[00:32:20.400 --> 00:32:21.800]  那傳統藝本把它翻譯做
[00:32:21.800 --> 00:32:24.700]  你要傑利讓自己通過考驗
[00:32:24.700 --> 00:32:26.000]  呈現給神
[00:32:26.000 --> 00:32:27.900]  做一個無愧的工人
[00:32:27.900 --> 00:32:31.200]  正確的講解真理的道
[00:32:31.200 --> 00:32:33.600]  這個正確的講解呢
[00:32:33.600 --> 00:32:35.900]  Ordo tomumta
[00:32:35.900 --> 00:32:38.800]  在西約聖經裡面只出現這一次
[00:32:38.800 --> 00:32:40.000]  字面的意思
[00:32:40.000 --> 00:32:43.400]  就是把道路切得很筆直
[00:32:43.400 --> 00:32:47.300]  這個是用希臘文七十四義本裡面
[00:32:47.300 --> 00:32:49.000]  箴言第三章第六節
[00:32:49.000 --> 00:32:50.400]  還有十一章第五講
[00:32:50.400 --> 00:32:55.200]  西班牙文中義就是使道路平坦
[00:32:55.200 --> 00:32:57.500]  那麼重點是講到
[00:32:57.500 --> 00:32:59.900]  要傳講純正的信仰
[00:32:59.900 --> 00:33:02.900]  來對抗那些人傳講異端
[00:33:02.900 --> 00:33:05.200]  偏離了真理
[00:33:05.200 --> 00:33:08.400]  雖然分解在古書上面可以用來指
[00:33:08.400 --> 00:33:11.200]  對於事情發展的解說
[00:33:11.200 --> 00:33:13.900]  比如說我們讀章魁小說常用
[00:33:13.900 --> 00:33:16.300]  欲知後世如何
[00:33:16.300 --> 00:33:19.200]  且聽下回分解
[00:33:19.200 --> 00:33:21.300]  但是呢在現代
[00:33:21.300 --> 00:33:23.800]  大約只有用在化學上面
[00:33:23.800 --> 00:33:25.600]  把化合物分解成為
[00:33:25.600 --> 00:33:28.100]  較小的分子或者元素
[00:33:28.100 --> 00:33:32.500]  例如把水分解成為氫和氧兩種元素
[00:33:32.500 --> 00:33:35.700]  或是把整體拆分成為部分
[00:33:35.700 --> 00:33:37.900]  例如槍枝分解
[00:33:37.900 --> 00:33:41.500]  或是數學上面因素分解等等
[00:33:41.500 --> 00:33:44.100]  所以我們中文最近翻譯在這個地方
[00:33:44.100 --> 00:33:45.500]  你用分解呢
[00:33:45.500 --> 00:33:48.500]  是現代人就比較不大用到了
[00:33:48.500 --> 00:33:51.200]  把它翻譯做講解比較合適
[00:33:51.200 --> 00:33:54.500]  類似摩西在臨終的時候
[00:33:54.500 --> 00:33:56.700]  在約旦河東邊的磨牙地
[00:33:56.700 --> 00:34:01.300]  就講解律法
[00:34:01.300 --> 00:34:04.300]  在詩篇裡面有一篇很有名的
[00:34:04.300 --> 00:34:06.300]  我們稱作智慧詩
[00:34:06.300 --> 00:34:08.400]  詩篇七十三篇
[00:34:08.400 --> 00:34:10.400]  那邊有一節經文
[00:34:10.400 --> 00:34:14.600]  在翻譯上面值得我們注意
[00:34:14.600 --> 00:34:17.000]  第三節傳統翻譯本
[00:34:17.000 --> 00:34:19.600]  把它翻譯做我見惡人和狂傲人
[00:34:19.600 --> 00:34:22.900]  想平安就心懷不平
[00:34:22.900 --> 00:34:25.800]  因為他看到這些惡人的惡行惡狀
[00:34:25.800 --> 00:34:27.800]  又聽見他們的惡言惡語
[00:34:27.800 --> 00:34:29.700]  他就心裡面不平衡
[00:34:29.700 --> 00:34:32.200]  所以中文把它翻譯做心懷不平
[00:34:32.200 --> 00:34:34.500]  但是環譯本把這個詞
[00:34:34.500 --> 00:34:37.300]  它在原來文字裡面更厲害的
[00:34:37.300 --> 00:34:38.700]  把它就表達出來
[00:34:38.700 --> 00:34:41.800]  環譯本說這是因為我見惡人想平安
[00:34:41.800 --> 00:34:44.300]  就嫉妒狂傲的人
[00:34:44.300 --> 00:34:46.200]  你不是只是心懷不平
[00:34:46.200 --> 00:34:48.100]  更是嫉妒他
[00:34:48.100 --> 00:34:49.800]  那什麼是嫉妒呢
[00:34:49.800 --> 00:34:51.300]  嫉妒他的意思
[00:34:51.300 --> 00:34:53.400]  就是見不得別人比自己好
[00:34:53.400 --> 00:34:55.000]  甚至想要得著別人
[00:34:55.000 --> 00:34:56.900]  有而自己卻沒有的
[00:34:56.900 --> 00:35:00.100]  好像說拉傑見到自己沒有給雅各生孩子
[00:35:00.100 --> 00:35:02.300]  就嫉妒他的姐姐莉雅
[00:35:02.300 --> 00:35:03.600]  或者雅各的兒子們
[00:35:03.600 --> 00:35:05.100]  因為地理約設
[00:35:05.100 --> 00:35:06.600]  獨受父親的寵愛
[00:35:06.600 --> 00:35:08.500]  而嫉妒約設
[00:35:08.500 --> 00:35:12.600]  所以詩人他眼見這些惡人的惡行惡狀
[00:35:12.600 --> 00:35:14.200]  聽見他們的惡言惡語
[00:35:14.200 --> 00:35:17.500]  卻似乎好像沒有任何不好的結果
[00:35:17.500 --> 00:35:19.700]  甚至他自己都信心動搖
[00:35:19.700 --> 00:35:23.400]  產生了嫉妒的念頭
[00:35:23.400 --> 00:35:26.600]  你看這是不是一種很大的一種
[00:35:26.600 --> 00:35:31.200]  試探在這個人身上
[00:35:31.200 --> 00:35:33.700]  但是他的解方在哪裡呢
[00:35:33.700 --> 00:35:35.500]  就是他假如說
[00:35:35.500 --> 00:35:39.400]  等到我進到上帝的聖所
[00:35:39.400 --> 00:35:41.300]  思想這些的結局
[00:35:41.300 --> 00:35:44.500]  突然說我怎麼是一個愚蠢的人呢
[00:35:44.500 --> 00:35:46.700]  那些人就好像夢一樣
[00:35:46.700 --> 00:35:48.300]  就好像人做夢
[00:35:48.300 --> 00:35:50.400]  夢醒了就忘掉
[00:35:50.400 --> 00:35:53.600]  那些人現在好像很囂張
[00:35:53.600 --> 00:35:56.900]  但是當上帝起來的時候
[00:35:56.900 --> 00:35:59.600]  那些人就通通都要滅亡了
[00:35:59.600 --> 00:36:01.300]  而這個詩人自己的話
[00:36:01.300 --> 00:36:04.100]  他謹守耶和華的道
[00:36:04.100 --> 00:36:10.900]  就要被接到上帝的榮耀裡面去
[00:36:10.900 --> 00:36:14.300]  新約裡面講到那個
[00:36:14.300 --> 00:36:18.600]  耶穌騎驢進入耶路撒冷
[00:36:18.600 --> 00:36:21.800]  那麼那邊有一節經文翻譯上面
[00:36:21.800 --> 00:36:23.700]  是有一些的問題
[00:36:23.700 --> 00:36:25.700]  就產生紛爭的
[00:36:25.700 --> 00:36:27.900]  馬可福音第十一章第三節
[00:36:27.900 --> 00:36:29.900]  傳統譯本呢把翻譯作
[00:36:29.900 --> 00:36:31.400]  若有人對你們說
[00:36:31.400 --> 00:36:33.100]  為什麼做這事
[00:36:33.100 --> 00:36:35.800]  你們就說主要用他
[00:36:35.800 --> 00:36:39.300]  那人必歷史讓你們遷來了
[00:36:39.300 --> 00:36:41.300]  但是還譯本呢把翻譯作
[00:36:41.300 --> 00:36:42.600]  如果有人問你們
[00:36:42.600 --> 00:36:44.000]  為什麼這樣做
[00:36:44.000 --> 00:36:46.600]  你們就說主需要他
[00:36:46.600 --> 00:36:49.500]  很快就會送回到這裡
[00:36:49.500 --> 00:36:51.100]  那中間差別在哪裡呢
[00:36:51.100 --> 00:36:52.700]  你看這個翻譯作
[00:36:52.700 --> 00:36:54.400]  很快就會送回這裡
[00:36:54.400 --> 00:36:55.900]  原來文字裡面的話
[00:36:55.900 --> 00:36:58.300]  直譯是他會很快把他
[00:36:58.300 --> 00:37:01.000]  再次送到這裡
[00:37:01.000 --> 00:37:02.500]  甚至到抄本的話呢
[00:37:02.500 --> 00:37:04.500]  有兩種不同的理解
[00:37:04.500 --> 00:37:07.300]  一個是主要用這個驢居
[00:37:07.300 --> 00:37:09.400]  主就會立刻把這個驢居
[00:37:09.400 --> 00:37:11.500]  送回來到村子裡面
[00:37:11.500 --> 00:37:13.100]  那另外一種解釋的話
[00:37:13.100 --> 00:37:17.400]  那人必立刻把驢居送到主這裡
[00:37:17.400 --> 00:37:19.900]  那我們看所有的英文翻譯本的話
[00:37:19.900 --> 00:37:23.100]  都採用第一種的翻譯
[00:37:23.100 --> 00:37:28.400]  The Lord needs it and will send it back here immediately
[00:37:28.400 --> 00:37:30.500]  所以我們中文聲音把它分作
[00:37:30.500 --> 00:37:32.500]  很快就會把他送回這裡了
[00:37:32.500 --> 00:37:37.400]  這樣應該是會比較合於原文的翻譯
[00:37:37.400 --> 00:37:40.200]  再有在這個希伯來書
[00:37:40.200 --> 00:37:43.000]  那邊講到出信的這些人
[00:37:43.000 --> 00:37:44.700]  那邊傳統翻譯講到說
[00:37:44.700 --> 00:37:46.100]  各樣洗禮啊
[00:37:46.100 --> 00:37:47.400]  按手之禮啊
[00:37:47.400 --> 00:37:48.800]  使人復活啊
[00:37:48.800 --> 00:37:51.200]  以及永遠審判的各種教訓
[00:37:51.200 --> 00:37:54.200]  這些都是講出信造就般的事情
[00:37:54.200 --> 00:37:55.400]  可是這個問題呢
[00:37:55.400 --> 00:37:57.200]  就是各樣洗禮啊
[00:37:57.200 --> 00:37:59.100]  難道說當時教會裡面
[00:37:59.100 --> 00:38:02.100]  還有各種不同的這些洗禮嗎
[00:38:02.100 --> 00:38:04.500]  我們洗禮不是有一次嗎
[00:38:04.500 --> 00:38:06.600]  我授旗不就是歸主了嗎
[00:38:06.600 --> 00:38:08.600]  為什麼還有各種洗禮呢
[00:38:08.600 --> 00:38:10.100]  那環球聖經一本呢
[00:38:10.100 --> 00:38:11.000]  就把它翻譯作
[00:38:11.000 --> 00:38:14.200]  以及總統洗禁禮
[00:38:14.200 --> 00:38:15.300]  按手禮
[00:38:15.300 --> 00:38:16.500]  使人復活
[00:38:16.500 --> 00:38:19.000]  永遠的懲罰等等
[00:38:19.000 --> 00:38:21.500]  這個總統的洗禁禮的話呢
[00:38:21.500 --> 00:38:27.000]  在原來文字是用Baptismal
[00:38:27.000 --> 00:38:28.500]  它是一個複數詞
[00:38:28.500 --> 00:38:30.500]  這裡大概是指就約的時候
[00:38:30.500 --> 00:38:32.200]  也包括猶太傳統裡面
[00:38:32.200 --> 00:38:34.800]  各種洗禁的禮儀
[00:38:34.800 --> 00:38:37.300]  比如說竭盡身體
[00:38:37.300 --> 00:38:40.200]  竭盡雙手等等之類
[00:38:40.200 --> 00:38:42.800]  那這個詞在希伯來書裡面
[00:38:42.800 --> 00:38:45.500]  另外一次以複數形式出現的時候
[00:38:45.500 --> 00:38:50.600]  明顯是指就約的洗禁禮
[00:38:50.600 --> 00:38:51.800]  這點的話呢
[00:38:51.800 --> 00:38:55.700]  像我們讀到那個昆蘭古卷
[00:38:55.700 --> 00:38:56.800]  昆蘭社團裡面
[00:38:56.800 --> 00:39:00.200]  他們也是很著重竭盡禮的在那邊
[00:39:00.200 --> 00:39:02.300]  很多種竭盡禮
[00:39:02.300 --> 00:39:03.800]  西元聖經除了在
[00:39:03.800 --> 00:39:06.000]  哥羅西書第二章十二節
[00:39:06.000 --> 00:39:07.500]  那邊用到
[00:39:07.500 --> 00:39:09.100]  那邊是用另外一個詞
[00:39:09.100 --> 00:39:11.700]  西元聖經都是用另外一個詞
[00:39:11.700 --> 00:39:13.600]  Baptismal
[00:39:13.600 --> 00:39:15.500]  來講到基督徒的洗禮
[00:39:15.500 --> 00:39:16.800]  因為都是用單數
[00:39:16.800 --> 00:39:18.400]  不是用複數的
[00:39:18.400 --> 00:39:19.300]  所以各位
[00:39:19.300 --> 00:39:20.400]  你要受洗的話呢
[00:39:20.400 --> 00:39:21.700]  就一個
[00:39:21.700 --> 00:39:23.700]  一次受洗就夠了
[00:39:23.700 --> 00:39:26.500]  不需要說要多次的受洗
[00:39:26.500 --> 00:39:28.700]  那這種種種的洗禁禮的話呢
[00:39:28.700 --> 00:39:31.100]  是指在就約聖經裡面
[00:39:31.100 --> 00:39:35.100]  他們的竭盡禮來講到
[00:39:35.100 --> 00:39:36.600]  那麼我們現在講到說
[00:39:36.600 --> 00:39:39.500]  洗明字
[00:39:39.500 --> 00:39:41.100]  在希伯來文裡面
[00:39:41.100 --> 00:39:43.500]  跟在中文裡面一樣
[00:39:43.500 --> 00:39:45.800]  每一個人給自己的小孩起名字
[00:39:45.800 --> 00:39:48.500]  這些名字的話都有聲音
[00:39:48.500 --> 00:39:52.300]  而且名字的話都是有意義的
[00:39:52.300 --> 00:39:53.500]  那這邊我們看說
[00:39:53.500 --> 00:39:55.300]  和蝦就第一章裡面
[00:39:55.300 --> 00:39:58.200]  和蝦娶了那個哥妹兒
[00:39:58.200 --> 00:39:59.300]  毀妻了
[00:39:59.300 --> 00:40:02.200]  生長子就給他起名叫做耶穌列
[00:40:02.200 --> 00:40:03.800]  因為再過不久
[00:40:03.800 --> 00:40:05.100]  我呢就是耶和華
[00:40:05.100 --> 00:40:06.900]  要追悼耶護王朝
[00:40:06.900 --> 00:40:08.800]  在耶穌列的血債
[00:40:08.800 --> 00:40:12.300]  我要結束以色列家的亡國
[00:40:12.300 --> 00:40:14.400]  第六節就生女兒了
[00:40:14.400 --> 00:40:17.500]  我要給他起名叫做布蒙連敏
[00:40:17.500 --> 00:40:18.800]  你看傳統翻譯
[00:40:18.800 --> 00:40:21.000]  用英譯叫羅路哈瑪
[00:40:21.000 --> 00:40:24.500]  那羅路哈瑪你還要加上解釋
[00:40:24.500 --> 00:40:25.200]  為什麼
[00:40:25.200 --> 00:40:27.600]  因為我不再憐憫以色列家
[00:40:27.600 --> 00:40:30.000]  絕不再赦免他們
[00:40:30.000 --> 00:40:31.300]  第八第九節
[00:40:31.300 --> 00:40:34.300]  講到布蒙連敏斷奶之後
[00:40:34.300 --> 00:40:36.400]  哥妹兒又懷孕生子
[00:40:36.400 --> 00:40:37.300]  耶和華說
[00:40:37.300 --> 00:40:40.500]  要給他起名叫做非我子民
[00:40:40.500 --> 00:40:43.600]  傳統就英譯羅阿彌
[00:40:43.600 --> 00:40:45.400]  因為你們不是我的子民
[00:40:45.400 --> 00:40:47.700]  我也不是你們的神
[00:40:47.700 --> 00:40:49.400]  我也不是你們的神呢
[00:40:49.400 --> 00:40:52.500]  也是用到了一個典故
[00:40:52.500 --> 00:40:56.400]  就是《雛埃及提》第三章十四節
[00:40:56.400 --> 00:41:02.200]  那個上帝說我的名字就是博士
[00:41:02.200 --> 00:41:04.200]  那這個地方角
[00:41:04.200 --> 00:41:08.200]  我也不再做是你們的博士
[00:41:08.200 --> 00:41:10.000]  所以中文把正確翻譯
[00:41:10.000 --> 00:41:12.300]  我也就不是你們的神了
[00:41:12.300 --> 00:41:15.300]  所以這邊你看到說
[00:41:15.300 --> 00:41:16.900]  這幾個孩子
[00:41:16.900 --> 00:41:20.000]  就直接把他的意思就翻譯出來
[00:41:20.000 --> 00:41:23.000]  那這樣子你作為中文的讀者
[00:41:23.000 --> 00:41:27.100]  讀到說那個女孩叫做布蒙連敏
[00:41:27.100 --> 00:41:29.500]  生的兒子叫做非我子民
[00:41:29.500 --> 00:41:33.400]  那你的感受就跟當初這些的以色列人
[00:41:33.400 --> 00:41:36.300]  他們聽到和夏威夷子女命名的時候
[00:41:36.300 --> 00:41:40.300]  那個初步的感覺就是完全一樣
[00:41:40.300 --> 00:41:41.900]  所以我們在翻譯的時候呢
[00:41:41.900 --> 00:41:45.100]  希望大家能夠恢復
[00:41:45.100 --> 00:41:47.100]  最初代的這些讀者
[00:41:47.100 --> 00:41:51.100]  他們讀到聖經的時候那種的感受
[00:41:51.100 --> 00:41:52.700]  那講到這邊的話呢
[00:41:52.700 --> 00:41:54.500]  我們在講說像以賽亞
[00:41:54.500 --> 00:41:59.500]  跟他的兩個兒子的名字
[00:41:59.500 --> 00:42:03.300]  有一些學者這樣來看
[00:42:03.300 --> 00:42:07.300]  以賽亞書第九章到第十二章的話
[00:42:07.300 --> 00:42:08.600]  分成三段
[00:42:08.600 --> 00:42:09.700]  每一段的話
[00:42:09.700 --> 00:42:12.500]  這跟以賽亞跟他的兩個兒子的名字
[00:42:12.500 --> 00:42:14.700]  是可以連在一起的
[00:42:14.700 --> 00:42:17.900]  第九章第八節到第十章十九節的信息
[00:42:17.900 --> 00:42:20.800]  就是用以賽亞的一個兒子的名字
[00:42:20.800 --> 00:42:23.900]  叫做快略速奪
[00:42:23.900 --> 00:42:26.200]  馬黑爾沙拉勒哈斯巴斯
[00:42:26.200 --> 00:42:27.300]  那這個名字的話
[00:42:27.300 --> 00:42:28.500]  你用音譯的話
[00:42:28.500 --> 00:42:31.000]  對中文讀者來講是沒有意義的
[00:42:31.000 --> 00:42:32.800]  但是你把他的意思翻譯出來
[00:42:32.800 --> 00:42:35.400]  趕快去搶趕快去奪
[00:42:35.400 --> 00:42:37.800]  那意思就很清楚了
[00:42:37.800 --> 00:42:39.600]  就是上帝的審判
[00:42:39.600 --> 00:42:42.400]  那第十章二十節到三十四節的話
[00:42:42.400 --> 00:42:44.300]  那就用以賽亞先知
[00:42:44.300 --> 00:42:47.200]  他另外一個兒子斯亞雅述
[00:42:47.200 --> 00:42:49.700]  但斯亞雅述這個名字的話
[00:42:49.700 --> 00:42:53.400]  音譯我們也不可能感覺到說
[00:42:53.400 --> 00:42:54.500]  他到底是什麼意思
[00:42:54.500 --> 00:42:55.900]  但是你把意思翻譯出來
[00:42:55.900 --> 00:42:57.800]  就是愚民回
[00:42:57.800 --> 00:42:59.700]  那意思就很清楚了
[00:42:59.700 --> 00:43:00.800]  當然最後一段
[00:43:00.800 --> 00:43:03.000]  第十一章一節到第十二章第六節
[00:43:03.000 --> 00:43:06.200]  這邊講就是以賽亞自己的名字的意思
[00:43:06.200 --> 00:43:07.600]  耶和華拯救
[00:43:07.600 --> 00:43:10.600]  帶來他們對上帝的頌讚之歌
[00:43:10.600 --> 00:43:14.300]  那就非常非常清楚
[00:43:14.300 --> 00:43:15.900]  那這個愚民回
[00:43:15.900 --> 00:43:18.100]  跟以馬內利這一段的話
[00:43:18.100 --> 00:43:20.100]  我們還可以再講一些
[00:43:20.100 --> 00:43:21.700]  上帝要以賽亞帶著
[00:43:21.700 --> 00:43:24.600]  愚民回去見亞哈斯王
[00:43:24.600 --> 00:43:26.000]  誰應許亞哈斯王
[00:43:26.000 --> 00:43:28.600]  可以祈求任何的神蹟
[00:43:28.600 --> 00:43:31.200]  亞哈斯王用空洞的守靈口號
[00:43:31.200 --> 00:43:32.500]  拒絕神的應許
[00:43:32.500 --> 00:43:36.200]  因為他其實已經向亞述王求援
[00:43:36.200 --> 00:43:39.200]  並且引入異教的祭壇
[00:43:39.200 --> 00:43:41.700]  那以賽亞先知就因而宣告
[00:43:41.700 --> 00:43:44.400]  以馬內利的預言
[00:43:44.400 --> 00:43:46.900]  接著先知宣告
[00:43:46.900 --> 00:43:49.300]  猶大即將會有的景況
[00:43:49.300 --> 00:43:50.500]  十六節那邊講說
[00:43:50.500 --> 00:43:52.700]  因為在這個南海
[00:43:52.700 --> 00:43:55.500]  就是指到跟以賽亞一起去
[00:43:55.500 --> 00:43:58.200]  對亞哈斯王宣告的
[00:43:58.200 --> 00:44:00.600]  賈伯拉罕帶著他這個兒子
[00:44:00.600 --> 00:44:03.100]  西亞亞述就是愚民回
[00:44:03.100 --> 00:44:04.400]  說在這個南海
[00:44:04.400 --> 00:44:06.300]  曉得氣流折扇之前
[00:44:06.300 --> 00:44:07.600]  北方的兩個王
[00:44:07.600 --> 00:44:09.500]  他們的土地就會被離棄
[00:44:09.500 --> 00:44:12.400]  燕王要是亞述王臨到年
[00:44:12.400 --> 00:44:14.100]  在這邊我講到一個
[00:44:14.100 --> 00:44:15.900]  在過去這些年裡面
[00:44:15.900 --> 00:44:18.300]  那我讀過好多的
[00:44:18.300 --> 00:44:20.500]  以賽亞述的注釋書
[00:44:20.500 --> 00:44:22.800]  但是幾乎都沒有對
[00:44:22.800 --> 00:44:25.300]  上帝為什麼要以賽亞帶
[00:44:25.300 --> 00:44:27.000]  西亞亞述或帶愚民回
[00:44:27.000 --> 00:44:28.800]  去見亞述王
[00:44:28.800 --> 00:44:29.600]  做點說明
[00:44:29.600 --> 00:44:31.400]  你看上帝不會做那種
[00:44:31.400 --> 00:44:33.200]  沒有意義的事情
[00:44:33.200 --> 00:44:34.800]  這個愚民回的話
[00:44:34.800 --> 00:44:36.700]  應該就是上帝要藉著他
[00:44:36.700 --> 00:44:39.200]  對亞述王要講些什麼
[00:44:39.200 --> 00:44:40.300]  他的名字是什麼
[00:44:40.300 --> 00:44:43.800]  就是愚民要歸回
[00:44:43.800 --> 00:44:44.900]  所以這樣你看說
[00:44:44.900 --> 00:44:46.500]  這個以馬內利的訊息
[00:44:46.500 --> 00:44:49.200]  跟亞述王到底有什麼關係
[00:44:49.200 --> 00:44:52.600]  亞述王是拒絕神給他的神蹟拯救
[00:44:52.600 --> 00:44:56.200]  對比西家王求得一致的神蹟
[00:44:56.200 --> 00:44:58.500]  在以賽亞述38章
[00:44:58.500 --> 00:45:00.800]  神蹟是顯在天上
[00:45:00.800 --> 00:45:03.600]  而這個同理生子的預言
[00:45:03.600 --> 00:45:05.100]  就是以馬內利的
[00:45:05.100 --> 00:45:07.800]  不是給不信的亞哈斯
[00:45:07.800 --> 00:45:09.100]  而是要他知道
[00:45:09.100 --> 00:45:11.600]  神的能力何等浩大
[00:45:11.600 --> 00:45:14.900]  亞哈斯錯失了多麼大的機會
[00:45:14.900 --> 00:45:16.700]  但是以賽亞先知
[00:45:16.700 --> 00:45:18.500]  仍然用他的兒子愚民回
[00:45:18.500 --> 00:45:19.900]  就是西亞亞述
[00:45:19.900 --> 00:45:22.000]  來對亞哈斯說願
[00:45:22.000 --> 00:45:24.800]  愚民必回歸
[00:45:24.800 --> 00:45:26.000]  在這點呢
[00:45:26.000 --> 00:45:29.300]  我們看那個以賽亞述第七章
[00:45:29.300 --> 00:45:31.400]  一到第十七節的文學結構
[00:45:31.400 --> 00:45:34.900]  也可以給我們看到
[00:45:34.900 --> 00:45:36.100]  這段經文
[00:45:36.100 --> 00:45:38.600]  像是一個交叉平行的結構
[00:45:38.600 --> 00:45:40.400]  或者稱作扇形結構
[00:45:40.400 --> 00:45:42.900]  或是拱形的結構
[00:45:42.900 --> 00:45:43.900]  第一段呢
[00:45:43.900 --> 00:45:47.300]  大衛家受北方兩個強的威脅
[00:45:47.300 --> 00:45:53.900]  就是亞蘭國跟以色列
[00:45:53.900 --> 00:45:55.300]  第十七節講
[00:45:55.300 --> 00:45:59.800]  大衛家要受到亞述帝國的直接威脅
[00:45:59.800 --> 00:46:01.700]  那麼第三到第九節講到說
[00:46:01.700 --> 00:46:04.800]  以賽亞的兒子就是那個愚民回
[00:46:04.800 --> 00:46:06.200]  他站在那個地方
[00:46:06.200 --> 00:46:08.300]  講說他長大之前
[00:46:08.300 --> 00:46:11.700]  北方這兩強他們都要過去
[00:46:11.700 --> 00:46:13.800]  他好像強弩之末
[00:46:13.800 --> 00:46:16.000]  好像火把已經冒煙了
[00:46:16.000 --> 00:46:17.100]  就沒有了
[00:46:17.100 --> 00:46:18.800]  不用怕他們
[00:46:18.800 --> 00:46:21.200]  而這個第十六節那邊
[00:46:21.200 --> 00:46:23.300]  再次講到說
[00:46:23.300 --> 00:46:26.100]  上帝用以賽亞的兒子愚民回
[00:46:26.100 --> 00:46:28.100]  告訴給亞赫斯王
[00:46:28.100 --> 00:46:30.400]  北方的二強他們要毀滅
[00:46:30.400 --> 00:46:32.000]  就在這個孩子長大之前
[00:46:32.000 --> 00:46:34.000]  就會完成
[00:46:34.000 --> 00:46:35.900]  那麼這個中間
[00:46:35.900 --> 00:46:37.300]  耶和華兩次講到說
[00:46:37.300 --> 00:46:40.100]  他要賜預兆
[00:46:40.100 --> 00:46:43.300]  OAT的一個預兆或是一個記號
[00:46:43.300 --> 00:46:45.500]  那麼亞赫斯不信
[00:46:45.500 --> 00:46:46.600]  他說我不求
[00:46:46.600 --> 00:46:48.200]  我不是但耶和華
[00:46:48.200 --> 00:46:51.400]  所以以賽亞就講到
[00:46:51.400 --> 00:46:52.700]  你不信上帝
[00:46:52.700 --> 00:46:54.300]  那麼先上帝就
[00:46:54.300 --> 00:46:56.300]  另外賜一個預兆
[00:46:56.300 --> 00:46:57.600]  就是以馬內利
[00:46:57.600 --> 00:46:59.400]  同理懷孕生子
[00:46:59.400 --> 00:47:00.700]  但是這個預兆
[00:47:00.700 --> 00:47:05.500]  跟亞赫斯沒有關係
[00:47:05.500 --> 00:47:07.200]  這是到七百年之後
[00:47:07.200 --> 00:47:09.600]  在耶穌基督的降生事件上面
[00:47:09.600 --> 00:47:11.500]  才應驗的
[00:47:11.500 --> 00:47:13.000]  那再一個你看說
[00:47:13.000 --> 00:47:14.400]  我們大家都記得
[00:47:14.400 --> 00:47:16.700]  你讀這個蛋液禮書的話
[00:47:16.700 --> 00:47:19.400]  中間就好長一段是用亞萊文寫
[00:47:19.400 --> 00:47:21.700]  你講到說第五章二十五節
[00:47:21.700 --> 00:47:25.000]  那個波斯的那個王
[00:47:25.000 --> 00:47:27.700]  巴比倫王那個波莎莎
[00:47:27.700 --> 00:47:29.700]  他就看到說牆壁上寫的是
[00:47:29.700 --> 00:47:32.500]  迷迪迷迪提克勒霧化爾星
[00:47:32.500 --> 00:47:33.800]  但是你讀這個
[00:47:33.800 --> 00:47:35.800]  不知道他在做什麼
[00:47:35.800 --> 00:47:37.800]  還一本就把那個字
[00:47:37.800 --> 00:47:39.200]  就直接就翻譯出來
[00:47:39.200 --> 00:47:45.800]  數了數了秤了分裂了
[00:47:45.800 --> 00:47:47.800]  這樣子讓中文的讀者
[00:47:47.800 --> 00:47:49.800]  你的感受就可以像
[00:47:49.800 --> 00:47:51.200]  原先的讀者
[00:47:51.200 --> 00:47:53.200]  他們對於這個經文的認識
[00:47:53.200 --> 00:47:56.400]  因為是希伯來文
[00:47:56.400 --> 00:47:59.000]  那照樣在那個
[00:47:59.000 --> 00:48:01.600]  創世紀三十一章四十七節那邊
[00:48:01.600 --> 00:48:03.400]  亞各跟拉班利約
[00:48:03.400 --> 00:48:06.200]  他們都是用自己的語言
[00:48:06.200 --> 00:48:08.300]  拉班是用亞蘭文
[00:48:08.300 --> 00:48:12.500]  而那個亞各是用希伯來文
[00:48:12.500 --> 00:48:15.100]  那麼同樣的意思
[00:48:15.100 --> 00:48:17.900]  都是見證了石堆
[00:48:17.900 --> 00:48:21.800]  所以你把那個音
[00:48:21.800 --> 00:48:22.900]  寫出來的話
[00:48:22.900 --> 00:48:25.200]  對讀者來講是沒有意義的
[00:48:25.200 --> 00:48:27.700]  但是把它的意思寫出來的話
[00:48:27.700 --> 00:48:29.800]  對我們讀聖經的人
[00:48:29.800 --> 00:48:33.700]  就非常的清楚
[00:48:33.700 --> 00:48:35.100]  再有
[00:48:35.100 --> 00:48:36.200]  我舉一個例子
[00:48:36.200 --> 00:48:39.600]  在新約使徒行傳第六章第九節講
[00:48:39.600 --> 00:48:40.900]  傳統一本小說
[00:48:40.900 --> 00:48:44.100]  當時有一個稱作立百地拿的會堂
[00:48:44.100 --> 00:48:45.300]  裡面有幾個人
[00:48:45.300 --> 00:48:48.000]  他們起來跟四地反辯論
[00:48:48.000 --> 00:48:49.800]  管一本就把它翻譯做
[00:48:49.800 --> 00:48:53.300]  有一些屬於那號稱自由人會堂的人
[00:48:53.300 --> 00:48:55.700]  就起來跟四地反辯論
[00:48:55.700 --> 00:48:57.300]  所以立百地拿是什麼
[00:48:57.300 --> 00:49:05.100]  立百地拿就是自由人了
[00:49:05.100 --> 00:49:08.900]  一般的音譯本也都把它翻譯做Breathmen
[00:49:08.900 --> 00:49:11.500]  這是講在羅馬帝國的時候
[00:49:11.500 --> 00:49:14.300]  連羅馬的戰俘或是奴隸
[00:49:14.300 --> 00:49:16.000]  他們得到釋放以後
[00:49:16.000 --> 00:49:18.100]  他本人或是他的後代
[00:49:18.100 --> 00:49:19.700]  通稱為自由人
[00:49:19.700 --> 00:49:20.900]  而這些自由人裡面
[00:49:20.900 --> 00:49:22.500]  有一些信耶穌了
[00:49:22.500 --> 00:49:24.200]  他們組成了會堂
[00:49:24.200 --> 00:49:27.000]  那麼或是猶太人中間
[00:49:27.000 --> 00:49:29.000]  有一些的那個得到自由的人
[00:49:29.000 --> 00:49:30.900]  他們就組成了猶太人的會堂
[00:49:30.900 --> 00:49:36.000]  就稱作自由人的會堂
[00:49:36.000 --> 00:49:38.300]  翻譯地鳴的時候也是一樣
[00:49:38.300 --> 00:49:40.200]  地鳴的話呢
[00:49:40.200 --> 00:49:42.400]  有一些其實是有典故的
[00:49:42.400 --> 00:49:44.300]  是有意義的
[00:49:44.300 --> 00:49:46.800]  那你把它的意思翻譯出來的話呢
[00:49:46.800 --> 00:49:48.200]  那我們在讀《聖經》的人
[00:49:48.200 --> 00:49:52.100]  就可以像第一個讀《聖經》的人一樣
[00:49:52.100 --> 00:49:53.600]  對《聖經》有這樣的感受
[00:49:53.600 --> 00:49:57.100]  比如說《聖經》六章十六節
[00:49:57.100 --> 00:49:57.900]  傳統翻譯說
[00:49:57.900 --> 00:50:00.600]  你們不可以試探耶和華你們的神
[00:50:00.600 --> 00:50:03.600]  像你們在瑪薩那樣試探他
[00:50:03.600 --> 00:50:04.600]  翻譯本就說
[00:50:04.600 --> 00:50:06.700]  你們不可以試探耶和華你們的神
[00:50:06.700 --> 00:50:10.300]  像你們在試探地試探他那樣
[00:50:10.300 --> 00:50:12.100]  你們是不是這樣子讀起來的話
[00:50:12.100 --> 00:50:14.100]  那感覺就比較出來了
[00:50:14.100 --> 00:50:15.400]  這試探地呢
[00:50:15.400 --> 00:50:17.200]  原來是瑪薩
[00:50:17.200 --> 00:50:18.800]  傳統音譯就是瑪薩
[00:50:18.800 --> 00:50:22.100]  意思是跟試探有關
[00:50:22.100 --> 00:50:24.900]  那翻譯本用意義而不是用音譯
[00:50:24.900 --> 00:50:26.500]  好更清楚的展示
[00:50:26.500 --> 00:50:28.500]  原文用詞的聯繫
[00:50:28.500 --> 00:50:30.600]  試探地這個地鳴的典故呢
[00:50:30.600 --> 00:50:33.200]  像《出埃及十七章》那邊講到
[00:50:33.200 --> 00:50:37.800]  摩西他擊盤時出水
[00:50:37.800 --> 00:50:40.800]  就可以看到
[00:50:40.800 --> 00:50:43.000]  另外當然還有很有名的
[00:50:43.000 --> 00:50:46.800]  就是像引雞笛這些
[00:50:46.800 --> 00:50:48.300]  在聖經裡面好多
[00:50:48.300 --> 00:50:50.600]  地鳴是用引做開頭
[00:50:50.600 --> 00:50:53.900]  比如說在約書亞紀十五章六十二節
[00:50:53.900 --> 00:50:57.500]  傳統譯本裡面講到說引雞笛
[00:50:57.500 --> 00:51:00.200]  那翻譯本把它翻譯做陽泉地
[00:51:00.200 --> 00:51:02.300]  把意思翻譯出來
[00:51:02.300 --> 00:51:03.500]  所以在聖經裡面
[00:51:03.500 --> 00:51:05.900]  翻譯用引做開頭的地鳴
[00:51:05.900 --> 00:51:08.100]  按照原文文字都改成泉
[00:51:08.100 --> 00:51:10.200]  泉水的泉
[00:51:10.200 --> 00:51:11.800]  那這邊我們列出一些
[00:51:11.800 --> 00:51:13.000]  經常用到的
[00:51:13.000 --> 00:51:17.100]  像引羅結是漂步泉陣
[00:51:17.100 --> 00:51:20.500]  引甘霖就是泉源陣
[00:51:20.500 --> 00:51:23.300]  引雞笛是陽泉地
[00:51:23.300 --> 00:51:26.000]  引多爾是多爾泉陣
[00:51:26.000 --> 00:51:31.900]  而引世邁是太陽泉陣
[00:51:31.900 --> 00:51:33.600]  再有在聖經裡面
[00:51:33.600 --> 00:51:35.600]  單數跟複數
[00:51:35.600 --> 00:51:37.700]  有些地方不太要緊
[00:51:37.700 --> 00:51:38.600]  有些地方的話
[00:51:38.600 --> 00:51:40.200]  你還是把它區別這樣
[00:51:40.200 --> 00:51:43.100]  會比較清楚一點
[00:51:43.100 --> 00:51:45.700]  你看列王之下第五章十三節
[00:51:45.700 --> 00:51:47.400]  傳統譯本呢
[00:51:47.400 --> 00:51:50.800]  他就是乃曼的僕人進前來
[00:51:50.800 --> 00:51:51.600]  對他說
[00:51:51.600 --> 00:51:54.800]  我父王先知若吩咐你做一件大事
[00:51:54.800 --> 00:51:56.200]  你豈不做嗎
[00:51:56.200 --> 00:51:59.300]  何況說你去沐浴而得潔淨呢
[00:51:59.300 --> 00:52:00.600]  翻譯本說
[00:52:00.600 --> 00:52:03.900]  他就是拿曼的僕人們上前對他說
[00:52:03.900 --> 00:52:07.100]  我父王如果先知吩咐你做一件大事
[00:52:07.100 --> 00:52:08.700]  難道你不去做嗎
[00:52:08.700 --> 00:52:10.100]  何況他只是對你說
[00:52:10.100 --> 00:52:12.200]  你去沐浴就可以得潔淨呢
[00:52:12.200 --> 00:52:13.400]  所以這個僕人們
[00:52:13.400 --> 00:52:15.000]  所以不是一個僕人
[00:52:15.000 --> 00:52:16.500]  而是他所有這些僕人
[00:52:16.500 --> 00:52:21.000]  都在這邊一起勸他
[00:52:21.000 --> 00:52:22.900]  那再有很有名的
[00:52:22.900 --> 00:52:24.900]  詩篇十九篇第一節
[00:52:24.900 --> 00:52:26.000]  我們經常用到
[00:52:26.000 --> 00:52:27.900]  出天述說神的榮耀
[00:52:27.900 --> 00:52:29.600]  窮蒼傳揚他的手段
[00:52:29.600 --> 00:52:32.000]  大家用那個出天
[00:52:32.000 --> 00:52:33.800]  但是還譯本呢
[00:52:33.800 --> 00:52:37.000]  就翻譯成為天空述說神的榮耀
[00:52:37.000 --> 00:52:40.600]  窮蒼傳揚他的作為
[00:52:40.600 --> 00:52:42.300]  這裡呢天空
[00:52:42.300 --> 00:52:43.500]  shamayim
[00:52:43.500 --> 00:52:45.700]  就是指人眼睛看到
[00:52:45.700 --> 00:52:49.400]  天空隔佈滿日月星辰的太空
[00:52:49.400 --> 00:52:53.100]  或者是神居住掌權之所
[00:52:53.100 --> 00:52:55.100]  原文是雙述的名詞
[00:52:55.100 --> 00:52:58.400]  但是他從來不以單述詞形出現
[00:52:58.400 --> 00:53:00.800]  通常都沒有雙天
[00:53:00.800 --> 00:53:02.800]  或是仲天的意思
[00:53:02.800 --> 00:53:03.900]  其實這一本呢
[00:53:03.900 --> 00:53:05.300]  在這一節翻譯成為
[00:53:05.300 --> 00:53:08.300]  述述的名詞就影響後來許多的譯本
[00:53:08.300 --> 00:53:10.300]  都翻譯成為諸天
[00:53:10.300 --> 00:53:11.900]  英文叫做heavens
[00:53:11.900 --> 00:53:13.100]  有s的
[00:53:13.100 --> 00:53:14.400]  但這個詞在
[00:53:14.400 --> 00:53:15.900]  創世紀一章一節的時候
[00:53:15.900 --> 00:53:18.300]  起初神創造天地
[00:53:18.300 --> 00:53:20.700]  希臘文七十四年就翻譯成為單述
[00:53:20.700 --> 00:53:22.700]  ton radon
[00:53:22.700 --> 00:53:24.200]  主導文的第一句呢
[00:53:24.200 --> 00:53:25.800]  我們在天上的述
[00:53:25.800 --> 00:53:27.900]  原文的天是用述述
[00:53:27.900 --> 00:53:29.900]  但是一般的中英文翻譯本
[00:53:29.900 --> 00:53:31.300]  都用單述的天
[00:53:31.300 --> 00:53:34.300]  而不是用述述的詞形
[00:53:34.300 --> 00:53:36.300]  所以這邊翻譯成為天公
[00:53:36.300 --> 00:53:38.300]  可能會更好一點
[00:53:38.300 --> 00:53:39.800]  那再有
[00:53:39.800 --> 00:53:42.800]  像那個神話中間的一些怪獸
[00:53:42.800 --> 00:53:44.300]  我們舉一些例子
[00:53:44.300 --> 00:53:47.300]  像約伯記第四十章第十五節
[00:53:47.300 --> 00:53:49.800]  傳統譯本講你觀看河馬
[00:53:49.800 --> 00:53:51.300]  我照你也照他
[00:53:51.300 --> 00:53:52.800]  他吃草跟牛一樣
[00:53:52.800 --> 00:53:54.300]  還譯本把翻譯做
[00:53:54.300 --> 00:53:56.800]  你看看怪獸比西貘
[00:53:56.800 --> 00:53:59.300]  我照他就像照你一樣
[00:53:59.300 --> 00:54:01.800]  這個怪獸比西貘的話呢
[00:54:01.800 --> 00:54:03.800]  是舊約裡面的孤字
[00:54:03.800 --> 00:54:05.800]  音譯做比西貘
[00:54:05.800 --> 00:54:08.800]  我們為了使中文意思更清晰
[00:54:08.800 --> 00:54:10.300]  而加上怪獸
[00:54:10.300 --> 00:54:12.300]  那傳統翻譯做河馬
[00:54:12.300 --> 00:54:14.300]  但是這個呢
[00:54:14.300 --> 00:54:16.800]  就跟海怪拉哈伯
[00:54:16.800 --> 00:54:18.300]  海怪利維坦
[00:54:18.300 --> 00:54:19.800]  屬於同一類
[00:54:19.800 --> 00:54:22.300]  都是古代近東神話裡的怪獸
[00:54:22.300 --> 00:54:23.800]  那我們在翻譯的時候
[00:54:23.800 --> 00:54:25.300]  前面加上海怪啊
[00:54:25.300 --> 00:54:26.800]  或者加上怪獸
[00:54:26.800 --> 00:54:28.300]  那你就可以注意一下
[00:54:28.300 --> 00:54:30.300]  在舊約五經裡面
[00:54:30.300 --> 00:54:33.300]  都避免用到古近東神話的字眼
[00:54:33.300 --> 00:54:35.300]  詩歌書跟仙之書
[00:54:35.300 --> 00:54:36.800]  雖然用到這些詞彙
[00:54:36.800 --> 00:54:39.300]  但是仍然採取批判的態度
[00:54:39.300 --> 00:54:41.800]  像說我們在中文的環境裡面長大
[00:54:41.800 --> 00:54:44.300]  大家當然都知道說西遊記啊
[00:54:44.300 --> 00:54:47.300]  當然都知道說那個民間信仰啊
[00:54:47.300 --> 00:54:49.300]  但是我們在講道啊等等的話
[00:54:49.300 --> 00:54:51.300]  幾乎都不會去提到他的
[00:54:51.300 --> 00:54:55.300]  再有
[00:54:55.300 --> 00:54:58.300]  掩面是什麼意思
[00:54:58.300 --> 00:54:59.300]  傳統譯本說
[00:54:59.300 --> 00:55:00.300]  你為什麼掩面
[00:55:00.300 --> 00:55:01.800]  拿我當仇敵呢
[00:55:01.800 --> 00:55:03.300]  傳統譯本把它意思翻譯出來
[00:55:03.300 --> 00:55:04.300]  你為什麼掩面
[00:55:04.300 --> 00:55:05.800]  不理我呢
[00:55:05.800 --> 00:55:07.800]  把我當作你的仇敵呢
[00:55:07.800 --> 00:55:10.800]  所以掩面不理我
[00:55:10.800 --> 00:55:13.800]  原本是你隱藏你的面
[00:55:13.800 --> 00:55:16.300]  常用來指燕王對於作惡之人
[00:55:16.300 --> 00:55:17.800]  收回恩寵
[00:55:17.800 --> 00:55:19.800]  而傾倒憤怒
[00:55:19.800 --> 00:55:21.300]  中譯掩面不理我
[00:55:21.300 --> 00:55:23.800]  把意思就翻譯出來了
[00:55:23.800 --> 00:55:26.300]  那逆立維城到底有多大
[00:55:26.300 --> 00:55:27.800]  這是地理啊
[00:55:27.800 --> 00:55:29.300]  考古的問題
[00:55:29.300 --> 00:55:30.300]  傳統譯本說
[00:55:30.300 --> 00:55:31.800]  這逆立維城是極大城
[00:55:31.800 --> 00:55:33.800]  有三日的路程
[00:55:33.800 --> 00:55:35.300]  傳統譯本說
[00:55:35.300 --> 00:55:38.300]  要三天才能走遍全城
[00:55:38.300 --> 00:55:40.300]  要三天才能走遍全城
[00:55:40.300 --> 00:55:42.300]  直譯是三天的路程
[00:55:42.300 --> 00:55:43.800]  如果你步行的話
[00:55:43.800 --> 00:55:45.300]  距離可能就是
[00:55:45.300 --> 00:55:49.300]  走到48到60公里左右
[00:55:49.300 --> 00:55:51.800]  但是考古的遺跡顯示了
[00:55:51.800 --> 00:55:53.800]  全盛時期的逆立維城
[00:55:53.800 --> 00:55:56.300]  直徑就是12.5公里
[00:55:56.300 --> 00:55:58.300]  因此三天的路程
[00:55:58.300 --> 00:56:00.800]  並非直行穿越全城
[00:56:00.800 --> 00:56:02.800]  而是指走遍城內
[00:56:02.800 --> 00:56:04.300]  大街小巷
[00:56:04.300 --> 00:56:07.300]  或者還包括城外的近郊
[00:56:07.300 --> 00:56:10.800]  這個逆立維是亞述帝國的首都
[00:56:10.800 --> 00:56:13.300]  坐落在底格里斯河東岸
[00:56:13.300 --> 00:56:14.800]  後來人口增多
[00:56:14.800 --> 00:56:16.800]  城區也延伸到
[00:56:16.800 --> 00:56:20.800]  約在底格里斯河的西邊
[00:56:20.800 --> 00:56:22.300]  合起來就是今天的
[00:56:22.300 --> 00:56:25.300]  伊拉克北部的大城市摩蘇爾
[00:56:25.300 --> 00:56:27.800]  那也是伊拉克的第二大城
[00:56:27.800 --> 00:56:31.800]  2014年伊斯蘭國佔領摩蘇爾之前
[00:56:31.800 --> 00:56:34.800]  這個城人口達到200萬
[00:56:34.800 --> 00:56:41.300]  還有一座專門紀念約拿的清真寺
[00:56:41.300 --> 00:56:44.800]  在希伯來書有一個詞
[00:56:44.800 --> 00:56:46.800]  翻譯作獵虎
[00:56:46.800 --> 00:56:49.800]  還是把它翻譯作吞噬的虎
[00:56:49.800 --> 00:56:50.800]  傳統譯本把它翻譯作
[00:56:50.800 --> 00:56:52.800]  因為我們的神就是獵虎
[00:56:52.800 --> 00:56:54.300]  那獵虎給人的感覺就是
[00:56:54.300 --> 00:56:55.800]  熊熊的大虎
[00:56:55.800 --> 00:56:57.800]  但是還譯本的話呢
[00:56:57.800 --> 00:56:59.800]  翻譯成我們的神是吞噬的虎
[00:56:59.800 --> 00:57:01.800]  它不只是熊熊的大虎
[00:57:01.800 --> 00:57:03.800]  更是把人給完全吞滅
[00:57:03.800 --> 00:57:05.800]  完全毀滅的意思
[00:57:05.800 --> 00:57:06.800]  這個聖經呢
[00:57:06.800 --> 00:57:08.800]  是引自生命紀的第四章
[00:57:08.800 --> 00:57:09.800]  還有第九章
[00:57:09.800 --> 00:57:12.800]  希伯來原文就是Eish Ogla
[00:57:12.800 --> 00:57:17.800]  因為耶和華人的神就是吞噬的虎
[00:57:17.800 --> 00:57:19.800]  散火還是違規的火
[00:57:19.800 --> 00:57:23.800]  這其實過去造成很多人讀聖經的困擾
[00:57:23.800 --> 00:57:25.800]  拿達雅比呼在希臘荒野
[00:57:25.800 --> 00:57:27.800]  向耶和華獻反火
[00:57:27.800 --> 00:57:29.800]  什麼是反火呢
[00:57:29.800 --> 00:57:31.800]  這個反火或者跟聖
[00:57:31.800 --> 00:57:33.800]  就是相對的嗎還是怎樣
[00:57:33.800 --> 00:57:35.800]  還譯本把它翻譯出來
[00:57:35.800 --> 00:57:38.800]  拿達雅比呼他們死在耶和華面前
[00:57:38.800 --> 00:57:40.800]  當時他們在希臘荒野
[00:57:40.800 --> 00:57:42.800]  在耶和華面前獻上違規的火
[00:57:42.800 --> 00:57:45.800]  這違規的火原文是
[00:57:45.800 --> 00:57:47.800]  那個基本的意思就是
[00:57:47.800 --> 00:57:49.800]  外來的陌生的另類的
[00:57:49.800 --> 00:57:51.800]  隱身之作不合常規的
[00:57:51.800 --> 00:57:55.800]  違例的未經批准被禁止住
[00:57:55.800 --> 00:57:58.800]  並沒有說反屬或者平反的意思
[00:57:58.800 --> 00:57:59.800]  所以這違規的火
[00:57:59.800 --> 00:58:04.800]  也許不是從祭壇上面取下來的火
[00:58:04.800 --> 00:58:05.800]  預見還是陷入
[00:58:05.800 --> 00:58:10.800]  比方說耶穌教了我們主禱文
[00:58:10.800 --> 00:58:12.800]  說不叫我們預見試探
[00:58:12.800 --> 00:58:13.800]  但是多少人講說
[00:58:13.800 --> 00:58:16.800]  我天天預見試探
[00:58:16.800 --> 00:58:17.800]  那還譯本就把他們說
[00:58:17.800 --> 00:58:21.800]  求你讓我們不要陷入試探
[00:58:21.800 --> 00:58:23.800]  這個陷入試探的話
[00:58:23.800 --> 00:58:25.800]  意思就是把我們帶進去
[00:58:25.800 --> 00:58:26.800]  引導我們進去
[00:58:26.800 --> 00:58:28.800]  而不是只遭遇了這樣
[00:58:28.800 --> 00:58:30.800]  所以在有些經文裡面
[00:58:30.800 --> 00:58:32.800]  那個試探的話
[00:58:32.800 --> 00:58:35.800]  它其實這個字對人有正面的意義
[00:58:35.800 --> 00:58:37.800]  我們把它翻譯做試煉
[00:58:37.800 --> 00:58:40.800]  但在這個地方是撒旦的誘惑
[00:58:40.800 --> 00:58:42.800]  要引誘人離棄真神
[00:58:42.800 --> 00:58:45.800]  因應把它翻譯做temptation
[00:58:45.800 --> 00:58:49.800]  誘惑也會更好一點
[00:58:49.800 --> 00:58:52.800]  撇在曠野還是留在牧場
[00:58:52.800 --> 00:58:53.800]  路加福音第十五章
[00:58:53.800 --> 00:58:55.800]  耶穌講到的事情
[00:58:55.800 --> 00:58:57.800]  你們中間誰有一百隻羊
[00:58:57.800 --> 00:58:58.800]  失去一隻
[00:58:58.800 --> 00:59:01.800]  不把這九十九隻撇在曠野
[00:59:01.800 --> 00:59:02.800]  去找那失去的羊
[00:59:02.800 --> 00:59:03.800]  直到找到呢
[00:59:03.800 --> 00:59:05.800]  那撇在曠野帶給人
[00:59:05.800 --> 00:59:06.800]  有一些負面的
[00:59:06.800 --> 00:59:08.800]  那我就為了那一隻
[00:59:08.800 --> 00:59:11.800]  把這九十九隻都不理了嗎
[00:59:11.800 --> 00:59:13.800]  放棄了嗎
[00:59:13.800 --> 00:59:14.800]  那還譯本把它翻譯做
[00:59:14.800 --> 00:59:17.800]  你們中間哪個人有一百隻羊
[00:59:17.800 --> 00:59:20.800]  會不會把那九十九隻留在牧場
[00:59:20.800 --> 00:59:22.800]  去尋找丟失的那一隻
[00:59:22.800 --> 00:59:23.800]  直到找到呢
[00:59:23.800 --> 00:59:25.800]  這個留在牧場
[00:59:25.800 --> 00:59:28.800]  原本的意思是荒涼的地方
[00:59:28.800 --> 00:59:30.800]  通常可以指作荒野
[00:59:30.800 --> 00:59:34.800]  但是也可以指隔離少人居住的地方
[00:59:34.800 --> 00:59:37.800]  例如牧放牲畜的草場
[00:59:37.800 --> 00:59:40.800]  那在那個希臘文的大詞典裡面列出
[00:59:40.800 --> 00:59:41.800]  都是可以把它翻譯做
[00:59:41.800 --> 00:59:45.800]  牧草地啊草原啊等等之類的
[00:59:45.800 --> 00:59:47.800]  這邊如果翻譯做牧場的話
[00:59:47.800 --> 00:59:52.800]  似乎更適合路加平十五章第四節的處境
[00:59:52.800 --> 00:59:55.800]  此外如果譯作荒野啊
[00:59:55.800 --> 00:59:56.800]  或者荒涼的地方
[00:59:56.800 --> 00:59:58.800]  也可能給讀者帶來
[00:59:58.800 --> 01:00:00.800]  不必要的負面的聯想
[01:00:00.800 --> 01:00:02.800]  傳統譯本的撇在曠野的話
[01:00:02.800 --> 01:00:07.800]  也讓人以為耶穌忽略那九十九隻羊
[01:00:07.800 --> 01:00:09.800]  最後一個我們講到
[01:00:09.800 --> 01:00:12.800]  雅歌第二章第四節
[01:00:12.800 --> 01:00:13.800]  傳統譯本講說
[01:00:13.800 --> 01:00:15.800]  他帶我入炎焰所
[01:00:15.800 --> 01:00:18.800]  以愛為棋在我以上
[01:00:18.800 --> 01:00:21.800]  我們唱的歌裡面也講
[01:00:21.800 --> 01:00:22.800]  但是還譯本呢
[01:00:22.800 --> 01:00:23.800]  把它翻譯做
[01:00:23.800 --> 01:00:26.800]  他帶我進入酒宴廳
[01:00:26.800 --> 01:00:29.800]  含情脈脈的望著我
[01:00:29.800 --> 01:00:30.800]  含情脈脈的望著我呢
[01:00:30.800 --> 01:00:32.800]  這個望著原文
[01:00:32.800 --> 01:00:34.800]  意思呢不是很確定
[01:00:34.800 --> 01:00:36.800]  這個詞在聖經別墅用法
[01:00:36.800 --> 01:00:38.800]  只有在明書記第一章五十二節
[01:00:38.800 --> 01:00:41.800]  那裡是指某種軍用的徽號
[01:00:41.800 --> 01:00:43.800]  也就是一個長的桿子
[01:00:43.800 --> 01:00:44.800]  豎起的棋子
[01:00:44.800 --> 01:00:46.800]  或是某種的雕刻
[01:00:46.800 --> 01:00:49.800]  如果在這裡解釋為棋子的話呢
[01:00:49.800 --> 01:00:50.800]  這意思可能指
[01:00:50.800 --> 01:00:52.800]  他立在我上方的棋
[01:00:52.800 --> 01:00:53.800]  就是一個愛
[01:00:53.800 --> 01:00:54.800]  不過這樣的翻譯法
[01:00:54.800 --> 01:00:56.800]  比較難以解釋
[01:00:56.800 --> 01:00:58.800]  難以理解了
[01:00:58.800 --> 01:00:59.800]  傳譯本就根據
[01:00:59.800 --> 01:01:02.800]  阿卡德文同源詞來理解為
[01:01:02.800 --> 01:01:05.800]  視線眼睛注視的地方
[01:01:05.800 --> 01:01:07.800]  也就是以愛來注視我
[01:01:07.800 --> 01:01:10.800]  或者看我的眼神都是愛
[01:01:10.800 --> 01:01:13.800]  所以最近一些英文翻譯的都說
[01:01:13.800 --> 01:01:17.800]  And his intention towards me was love
[01:01:17.800 --> 01:01:21.800]  或者是And he looked at me lovingly
[01:01:21.800 --> 01:01:22.800]  這樣子我們講說
[01:01:22.800 --> 01:01:23.800]  我們的主呢
[01:01:23.800 --> 01:01:28.800]  他就是含情脈脈的望著我
[01:01:28.800 --> 01:01:31.800]  好了我們就講到這個地方
[01:01:31.800 --> 01:01:33.800]  求上帝賜恩給大家
[01:01:33.800 --> 01:01:35.800]  在我們研讀聖經的時候
[01:01:35.800 --> 01:01:38.800]  找到一個好的聖經翻譯本
[01:01:38.800 --> 01:01:40.800]  就能夠如虎添翼
[01:01:40.800 --> 01:01:42.800]  而且能夠正確的解釋聖經
[01:01:42.800 --> 01:01:43.800]  講解聖經
[01:01:43.800 --> 01:01:45.800]  得到靈性的造就
[01:01:45.800 --> 01:01:46.800]  謝謝各位
[01:01:46.800 --> 01:02:03.800]  非常感謝賴建國博士
[01:02:03.800 --> 01:02:06.800]  剛才精彩的信息的分享
[01:02:06.800 --> 01:02:08.800]  賴老師有提到
[01:02:08.800 --> 01:02:13.800]  公欲善其事必先利其器
[01:02:13.800 --> 01:02:16.800]  一個準確清楚
[01:02:16.800 --> 01:02:19.800]  而且具備文采的譯本
[01:02:19.800 --> 01:02:21.800]  確實能夠讓我們
[01:02:21.800 --> 01:02:24.800]  在研讀和宣講的時候
[01:02:24.800 --> 01:02:27.800]  好似如虎添翼
[01:02:27.800 --> 01:02:29.800]  今天在這樣的一個
[01:02:29.800 --> 01:02:31.800]  精彩的分享信息當中
[01:02:31.800 --> 01:02:34.800]  也讓我們看到一個好的譯本
[01:02:34.800 --> 01:02:36.800]  可以如何更精準的
[01:02:36.800 --> 01:02:39.800]  傳遞上帝的話語
[01:02:39.800 --> 01:02:42.800]  那樣的深度和溫度
[01:02:42.800 --> 01:02:44.800]  那我們下面也邀請了
[01:02:44.800 --> 01:02:46.800]  兩位資深的牧者
[01:02:46.800 --> 01:02:49.800]  作為今日的回應講員
[01:02:49.800 --> 01:02:52.800]  第一位是我們馬來西亞
[01:02:52.800 --> 01:02:55.800]  環球聖經公會的幹事
[01:02:55.800 --> 01:02:57.800]  烏天輝牧師
[01:02:57.800 --> 01:02:59.800]  還有一位是我們的
[01:02:59.800 --> 01:03:02.800]  美國環球聖經公會總幹事
[01:03:02.800 --> 01:03:04.800]  陳兆兆牧師
[01:03:04.800 --> 01:03:07.800]  下面我們也請大家
[01:03:07.800 --> 01:03:09.800]  預備好你們的問題
[01:03:09.800 --> 01:03:12.800]  可以在問與答
[01:03:12.800 --> 01:03:15.800]  就是Q&A這個裏邊
[01:03:15.800 --> 01:03:18.800]  來提出你們的回應
[01:03:18.800 --> 01:03:19.800]  或者您在剛才
[01:03:19.800 --> 01:03:21.800]  聆聽信息的時候
[01:03:21.800 --> 01:03:23.800]  有想到什麼問題
[01:03:23.800 --> 01:03:26.800]  也歡迎你在這個Q&A的部分
[01:03:26.800 --> 01:03:31.800]  來與我們的講員有互動回應
[01:03:31.800 --> 01:03:35.800]  下面先請大家來聆聽
[01:03:35.800 --> 01:03:38.800]  我們兩位牧者的回應
[01:03:38.800 --> 01:03:46.800]  我所敬愛的教牧同工
[01:03:46.800 --> 01:03:48.800]  教會領袖以及弟兄姊妹
[01:03:48.800 --> 01:03:50.800]  大家平安
[01:03:50.800 --> 01:03:53.800]  我是馬來西亞的烏天輝牧師
[01:03:53.800 --> 01:03:55.800]  我負責東馬的兩個州
[01:03:55.800 --> 01:03:57.800]  沙巴和砂勞越
[01:03:57.800 --> 01:04:00.800]  來推廣環聖施工的同工
[01:04:00.800 --> 01:04:02.800]  首先要謝謝賴博士
[01:04:02.800 --> 01:04:04.800]  在剛才的分享當中
[01:04:04.800 --> 01:04:06.800]  為我們帶來非常精闢的
[01:04:06.800 --> 01:04:08.800]  講解和分享
[01:04:08.800 --> 01:04:10.800]  賴博士在分享
[01:04:10.800 --> 01:04:13.800]  解開宣講者的面紗
[01:04:13.800 --> 01:04:14.800]  聖經的翻譯
[01:04:14.800 --> 01:04:16.800]  詮釋與牧養
[01:04:16.800 --> 01:04:17.800]  給予我個人
[01:04:17.800 --> 01:04:19.800]  一個很大的幫助和提醒
[01:04:19.800 --> 01:04:21.800]  我想對於今天
[01:04:21.800 --> 01:04:23.800]  全球華人教會的牧者們
[01:04:23.800 --> 01:04:25.800]  和弟兄姊妹
[01:04:25.800 --> 01:04:27.800]  在牧養和講道的施工上
[01:04:27.800 --> 01:04:29.800]  也有十分重要的提醒
[01:04:29.800 --> 01:04:31.800]  賴博士透過
[01:04:31.800 --> 01:04:34.800]  環聖一本多個翻譯詩歷
[01:04:34.800 --> 01:04:37.800]  指出聖經原本要表達的意思
[01:04:37.800 --> 01:04:39.800]  講得非常的精彩
[01:04:39.800 --> 01:04:41.800]  因此身為牧者
[01:04:41.800 --> 01:04:44.800]  我願意做出以下幾方面的回應
[01:04:44.800 --> 01:04:45.800]  第一
[01:04:45.800 --> 01:04:48.800]  我們要重新回到聖經的原意
[01:04:48.800 --> 01:04:49.800]  讓神的話語
[01:04:49.800 --> 01:04:52.800]  成為我們今天講道的中心
[01:04:52.800 --> 01:04:53.800]  身為牧者
[01:04:53.800 --> 01:04:54.800]  我們首先
[01:04:54.800 --> 01:04:57.800]  我們必須要謙卑的承認
[01:04:57.800 --> 01:04:59.800]  沒有任何一種的一本
[01:04:59.800 --> 01:05:01.800]  是絕對完美的
[01:05:01.800 --> 01:05:02.800]  每一種的一本
[01:05:02.800 --> 01:05:06.800]  都帶有翻譯的趨向和限制
[01:05:06.800 --> 01:05:08.800]  因此我們不能只滿足於
[01:05:08.800 --> 01:05:12.800]  引用我們非常熟悉的一本的經文
[01:05:12.800 --> 01:05:13.800]  我們應該培養
[01:05:13.800 --> 01:05:16.800]  認真查考聖經的習慣
[01:05:16.800 --> 01:05:17.800]  正如保羅
[01:05:17.800 --> 01:05:20.800]  在提摩太后書第二章十五節
[01:05:20.800 --> 01:05:22.800]  勸勉提摩太后
[01:05:22.800 --> 01:05:23.800]  說
[01:05:23.800 --> 01:05:26.800]  你要竭力讓自己通過考驗
[01:05:26.800 --> 01:05:27.800]  呈現給神
[01:05:27.800 --> 01:05:29.800]  做個無愧的工人
[01:05:29.800 --> 01:05:33.800]  正確的講解聖經的道
[01:05:33.800 --> 01:05:34.800]  我想
[01:05:34.800 --> 01:05:37.800]  至少在這裡提醒我們身為牧者的
[01:05:37.800 --> 01:05:40.800]  我們不要憑著我們個人的經驗
[01:05:40.800 --> 01:05:42.800]  去解釋聖經
[01:05:42.800 --> 01:05:44.800]  我們不要憑著自己的情緒
[01:05:44.800 --> 01:05:45.800]  來去解釋聖經
[01:05:45.800 --> 01:05:48.800]  而是忠於聖經的作者
[01:05:48.800 --> 01:05:52.800]  本來的意識來去分享上帝的話語
[01:05:52.800 --> 01:05:53.800]  講到最重要的問題
[01:05:53.800 --> 01:05:55.800]  不是我要講什麼
[01:05:55.800 --> 01:05:59.800]  而是神今天要藉著這一段的經文
[01:05:59.800 --> 01:06:02.800]  要對我們說了什麼
[01:06:02.800 --> 01:06:03.800]  第二
[01:06:03.800 --> 01:06:05.800]  我們要不斷的裝備自己
[01:06:05.800 --> 01:06:07.800]  成為忠心的試經者
[01:06:07.800 --> 01:06:11.800]  賴博士引用了多處翻譯的例子
[01:06:11.800 --> 01:06:12.800]  讓人發現
[01:06:12.800 --> 01:06:15.800]  一個詞語不同的翻譯
[01:06:15.800 --> 01:06:19.800]  可能會影響整個神學的理解
[01:06:19.800 --> 01:06:22.800]  因此今天的牧者要不斷的學習
[01:06:22.800 --> 01:06:26.800]  我們要不斷的持續去裝備自己
[01:06:26.800 --> 01:06:29.800]  要看重學習聖經的原文
[01:06:29.800 --> 01:06:33.800]  就是希伯來文跟希臘文的基礎知識
[01:06:33.800 --> 01:06:37.800]  多參考不同的中文譯本和英文譯本
[01:06:37.800 --> 01:06:41.800]  特別是環聖譯本
[01:06:41.800 --> 01:06:45.800]  我們閱讀優秀的試經書
[01:06:45.800 --> 01:06:48.800]  留意近代聖經翻譯的發展的成果
[01:06:48.800 --> 01:06:53.800]  因此牧者應成為終身學習的人
[01:06:53.800 --> 01:06:54.800]  最後
[01:06:54.800 --> 01:06:57.800]  講到不只是解釋經文
[01:06:57.800 --> 01:07:01.800]  而是要為了弟兄姊妹屬靈的生命的需要
[01:07:01.800 --> 01:07:05.800]  用神的話語去牧養他們餵養他們
[01:07:05.800 --> 01:07:10.800]  特別是採用大家能夠容易明白正確的譯本
[01:07:10.800 --> 01:07:13.800]  賴博士剛才特別強調
[01:07:13.800 --> 01:07:16.800]  翻譯詮釋和牧養
[01:07:16.800 --> 01:07:18.800]  這是非常重要的一個次序
[01:07:18.800 --> 01:07:21.800]  如果只有翻譯沒有詮釋
[01:07:21.800 --> 01:07:23.800]  聖經很容易就變成知識
[01:07:23.800 --> 01:07:26.800]  如果只有詮釋沒有牧養
[01:07:26.800 --> 01:07:28.800]  聖經容易變成學術
[01:07:28.800 --> 01:07:31.800]  真正好的講道
[01:07:31.800 --> 01:07:35.800]  應當把神的話語帶進人的生命裡面
[01:07:35.800 --> 01:07:37.800]  真正好的講章內容
[01:07:37.800 --> 01:07:39.800]  是幫助人遇見神
[01:07:39.800 --> 01:07:42.800]  而不只是欣賞講元而已
[01:07:42.800 --> 01:07:46.800]  這就是能夠達成正確翻譯聖經
[01:07:46.800 --> 01:07:49.800]  正確詮釋聖經
[01:07:49.800 --> 01:07:53.800]  就能夠帶來有效的牧養信徒的目標了
[01:07:53.800 --> 01:07:56.800]  因此善用新的聖經的譯本
[01:07:56.800 --> 01:07:58.800]  能夠幫助我們進行牧養
[01:07:58.800 --> 01:08:01.800]  是非常重要的一件事情
[01:08:01.800 --> 01:08:05.800]  環球聖經譯本最大的貢獻之一
[01:08:05.800 --> 01:08:09.800]  就是盡可能把聖經的原意
[01:08:09.800 --> 01:08:14.800]  用現代華人容易理解的中文表達出來
[01:08:14.800 --> 01:08:16.800]  作為牧者
[01:08:16.800 --> 01:08:18.800]  當我們在查經的時候
[01:08:18.800 --> 01:08:20.800]  我們可以比較不同的譯本
[01:08:20.800 --> 01:08:23.800]  講道的時候適當的說明
[01:08:23.800 --> 01:08:25.800]  每一種譯本的差異
[01:08:25.800 --> 01:08:29.800]  幫助信徒理解為什麼會有不同的譯本
[01:08:29.800 --> 01:08:33.800]  鼓勵信徒不只閱讀一種的譯本
[01:08:33.800 --> 01:08:35.800]  這樣我們就能夠幫助信徒
[01:08:35.800 --> 01:08:38.800]  更全面的認識神的話語
[01:08:38.800 --> 01:08:43.800]  但願今天的牧者都能成為忠心的試經者
[01:08:43.800 --> 01:08:45.800]  謙卑的學習者
[01:08:45.800 --> 01:08:47.800]  真理的宣講者
[01:08:47.800 --> 01:08:49.800]  生命的牧養者
[01:08:49.800 --> 01:08:54.800]  使我們的講台成為神話語流通的管道
[01:08:54.800 --> 01:08:57.800]  讓教會因真理而得建立
[01:08:57.800 --> 01:09:01.800]  信徒因聖經得造就
[01:09:01.800 --> 01:09:06.800]  基督因教會生命的成長而得榮耀
[01:09:06.800 --> 01:09:08.800]  阿們
[01:09:08.800 --> 01:09:10.800]  謝謝
[01:09:31.800 --> 01:09:33.800]  聽中文翻譯把關
[01:09:33.800 --> 01:09:35.800]  培育下一代
[01:09:35.800 --> 01:09:37.800]  這個工作非常重要
[01:09:37.800 --> 01:09:40.800]  並且有很長遠的價值
[01:09:40.800 --> 01:09:42.800]  我們非常感謝他
[01:09:42.800 --> 01:09:45.800]  我是陳昭昭陳牧師
[01:09:45.800 --> 01:09:49.800]  我想從傳道人的身份
[01:09:49.800 --> 01:09:54.800]  還有信徒的身份來分享
[01:09:54.800 --> 01:10:03.800]  我的分享主題是為何要看高水平的聖經譯本
[01:10:03.800 --> 01:10:07.800]  為何要看高水平的聖經譯本
[01:10:07.800 --> 01:10:09.800]  我想從兩方面
[01:10:09.800 --> 01:10:13.800]  第一方面就是傳道人是神話語的管家
[01:10:13.800 --> 01:10:17.800]  神話語的管家是傳道人
[01:10:17.800 --> 01:10:19.800]  從這個方面來分享
[01:10:19.800 --> 01:10:21.800]  第二部分就是一般的信徒
[01:10:21.800 --> 01:10:23.800]  我也是一個信徒
[01:10:23.800 --> 01:10:25.800]  把真理靈修淨拜
[01:10:25.800 --> 01:10:27.800]  從這一塊來思想
[01:10:27.800 --> 01:10:31.800]  來回應賴老師的分享
[01:10:31.800 --> 01:10:34.800]  傳道人是神話語的管家
[01:10:34.800 --> 01:10:36.800]  保羅講得很清楚
[01:10:36.800 --> 01:10:38.800]  做一個無愧的工人
[01:10:38.800 --> 01:10:42.800]  精確的講解真理的道
[01:10:42.800 --> 01:10:44.800]  傳道人應當要選擇忠於原文
[01:10:44.800 --> 01:10:50.800]  當然就是希臘文、西班牙文、亞蘭文的翻譯本
[01:10:50.800 --> 01:10:57.800]  因為這些翻譯本才是更有效、更準確的解釋經文
[01:10:57.800 --> 01:11:02.800]  這樣我們才可以做一個無愧的工人
[01:11:02.800 --> 01:11:08.800]  另外耶穌也在教導我們禱告
[01:11:08.800 --> 01:11:11.800]  求你用真理使他們分別為聖
[01:11:11.800 --> 01:11:13.800]  你的道就是真理
[01:11:13.800 --> 01:11:18.800]  傳道人的責任不是全講自己的想法
[01:11:18.800 --> 01:11:24.800]  而是忠實全講神已經啟示的真理
[01:11:24.800 --> 01:11:29.800]  如果翻譯本偏離了原文、偏離了真理
[01:11:29.800 --> 01:11:33.800]  就可能影響信徒對真理的理解
[01:11:33.800 --> 01:11:36.800]  這不能容易的分別為聖
[01:11:36.800 --> 01:11:40.800]  所以傳道人是話語的管家
[01:11:40.800 --> 01:11:42.800]  神話語的管家
[01:11:42.800 --> 01:11:49.800]  另外你們要知道我們做教師的將會受更嚴厲的審判
[01:11:49.800 --> 01:11:52.800]  亞科書那邊講得很清楚
[01:11:52.800 --> 01:11:56.800]  聖經也提醒我們這些傳道人、這些做教師的人
[01:11:56.800 --> 01:12:00.800]  將來要受更嚴格的審判
[01:12:00.800 --> 01:12:03.800]  因此傳道人是有責任
[01:12:03.800 --> 01:12:05.800]  我們是有這個責任
[01:12:05.800 --> 01:12:09.800]  使用準確、可靠的翻譯本
[01:12:09.800 --> 01:12:12.800]  以忠心來全講神的心意
[01:12:12.800 --> 01:12:15.800]  所以傳道人是神的管家
[01:12:15.800 --> 01:12:19.800]  我們應該用最好的版本來分享
[01:12:19.800 --> 01:12:25.800]  來傳道一些實際的體驗來跟大家分享
[01:12:25.800 --> 01:12:27.800]  我很有恩典
[01:12:27.800 --> 01:12:32.800]  神帶領我在全球不同的地方有機會服事
[01:12:32.800 --> 01:12:36.800]  我發覺今天的講道時間越來越短
[01:12:36.800 --> 01:12:44.800]  用傳統的版本很多時候我是需要把文字要解釋
[01:12:44.800 --> 01:12:50.800]  需要在語言上面把原來的意思要再講
[01:12:50.800 --> 01:12:53.800]  但是如果用現代的版本
[01:12:53.800 --> 01:12:56.800]  好像我們出的《頑球聖經》一本的話
[01:12:56.800 --> 01:12:58.800]  雖然時間不夠
[01:12:58.800 --> 01:13:04.800]  但是因為這個版本裡面是用現代的漢語所寫成的
[01:13:04.800 --> 01:13:08.800]  所以容易讀也容易明
[01:13:08.800 --> 01:13:11.800]  很多時候就不需要逐個字來解釋
[01:13:11.800 --> 01:13:14.800]  這個對我來說是更有效的
[01:13:14.800 --> 01:13:18.800]  來用時間來分享神的話語
[01:13:18.800 --> 01:13:22.800]  另外一個很實際看到的就是
[01:13:22.800 --> 01:13:24.800]  當我們傳福音的時候
[01:13:24.800 --> 01:13:27.800]  跟朋友來分享的時候
[01:13:27.800 --> 01:13:30.800]  這個新的版本常常是更容易
[01:13:30.800 --> 01:13:34.800]  令到他們來了解聖經裡面的內容
[01:13:34.800 --> 01:13:37.800]  那就減少了很多的時間
[01:13:37.800 --> 01:13:42.800]  所以這個版本在這方面是對我非常有幫助的
[01:13:42.800 --> 01:13:44.800]  我從另外一個角度
[01:13:44.800 --> 01:13:45.800]  除了我是個傳道人
[01:13:45.800 --> 01:13:47.800]  我是個信徒
[01:13:47.800 --> 01:13:48.800]  我也會做靈修
[01:13:48.800 --> 01:13:52.800]  對我來說信徒都會讀聖經
[01:13:52.800 --> 01:13:54.800]  我相信你也同意
[01:13:54.800 --> 01:13:57.800]  這個過程無論長還是短
[01:13:57.800 --> 01:14:00.800]  我都是看作為靈修
[01:14:00.800 --> 01:14:03.800]  靈修就是透過神的話語讀聖經
[01:14:03.800 --> 01:14:06.800]  來真實地遇見神
[01:14:06.800 --> 01:14:08.800]  來認識神
[01:14:08.800 --> 01:14:10.800]  靈修對我來說
[01:14:10.800 --> 01:14:11.800]  我相信你也同意
[01:14:11.800 --> 01:14:13.800]  是一個非常重要的過程
[01:14:13.800 --> 01:14:18.800]  讓生命被神更新和改變
[01:14:18.800 --> 01:14:21.800]  靈修常常幫助我
[01:14:21.800 --> 01:14:24.800]  詩篇說你的話是我腳前的燈
[01:14:24.800 --> 01:14:26.800]  是我路上的光
[01:14:26.800 --> 01:14:32.800]  所以聖經是神啟示自己唯一的文字記錄
[01:14:32.800 --> 01:14:35.800]  翻譯如果偏離原文
[01:14:35.800 --> 01:14:39.800]  就像看一張模糊而且失禁的地圖
[01:14:39.800 --> 01:14:43.800]  我們如果看不是很準確的翻譯本
[01:14:43.800 --> 01:14:46.800]  我們可能會誤解神的聖經
[01:14:46.800 --> 01:14:49.800]  錯誤或者是祂的計劃
[01:14:49.800 --> 01:14:53.800]  所以神的話語很重要
[01:14:53.800 --> 01:14:54.800]  我們必須要了解
[01:14:54.800 --> 01:14:56.800]  因為祂是我們腳前的燈
[01:14:56.800 --> 01:14:57.800]  路上的光
[01:14:57.800 --> 01:14:58.800]  另外
[01:14:58.800 --> 01:14:59.800]  聖經要提醒我們
[01:14:59.800 --> 01:15:01.800]  你們要親近神
[01:15:01.800 --> 01:15:03.800]  神就會親近你們
[01:15:03.800 --> 01:15:04.800]  對我來說
[01:15:04.800 --> 01:15:09.800]  靈修是我與神建立親密的時間
[01:15:09.800 --> 01:15:13.800]  就像我會聆聽摯愛的人的信
[01:15:13.800 --> 01:15:17.800]  我不會滿足於錯誤的卷述
[01:15:17.800 --> 01:15:19.800]  使用嚴謹的版本
[01:15:19.800 --> 01:15:22.800]  對事我對神的話的尊重
[01:15:22.800 --> 01:15:26.800]  也是幫助我更敏銳的聽見聖靈
[01:15:26.800 --> 01:15:29.800]  透過經文對我們說話的一個方法
[01:15:29.800 --> 01:15:35.800]  所以我希望用最好的版本來服侍神
[01:15:35.800 --> 01:15:38.800]  這個也是非常重要
[01:15:38.800 --> 01:15:40.800]  大家也是很熟悉的
[01:15:40.800 --> 01:15:41.800]  神是靈
[01:15:41.800 --> 01:15:42.800]  敬拜祂的
[01:15:42.800 --> 01:15:45.800]  必須要靠聖靈按真理來敬拜祂
[01:15:45.800 --> 01:15:47.800]  我們必須要按聖靈
[01:15:47.800 --> 01:15:51.800]  必須靠聖靈按著真理來敬拜我們的神
[01:15:51.800 --> 01:15:56.800]  馬丁路德在宗教改革的時候提出了唯讀聖經
[01:15:56.800 --> 01:16:01.800]  和聖的理念就是說要強調聖經是神的話語
[01:16:01.800 --> 01:16:10.800]  具有最高權威與清潔性
[01:16:10.800 --> 01:16:15.800]  高水平的聖經在翻譯上面更為嚴謹
[01:16:15.800 --> 01:16:20.800]  帶領現代的信徒投入經文的情景
[01:16:20.800 --> 01:16:22.800]  領受當代人的感受
[01:16:22.800 --> 01:16:27.800]  是信徒實現高舉聖經的現實條件
[01:16:27.800 --> 01:16:30.800]  所以我常常聽到人說要高舉聖經
[01:16:30.800 --> 01:16:32.800]  但是就不願意讀一個比較好
[01:16:32.800 --> 01:16:34.800]  比較高水平的版本
[01:16:34.800 --> 01:16:36.800]  所以我們要高舉聖經
[01:16:36.800 --> 01:16:39.800]  其實我們必須要回到好的版本
[01:16:39.800 --> 01:16:40.800]  當然了
[01:16:40.800 --> 01:16:45.800]  任何聖經的譯本都是翻譯的工作
[01:16:45.800 --> 01:16:47.800]  都有它的優點
[01:16:47.800 --> 01:16:50.800]  還有它的先機
[01:16:50.800 --> 01:16:53.800]  當我們無論在預備獎章
[01:16:53.800 --> 01:16:54.800]  個人的靈修
[01:16:54.800 --> 01:16:57.800]  我們都是說最好是看原文
[01:16:57.800 --> 01:17:00.800]  但是不是每一個人都有機會學習原文
[01:17:00.800 --> 01:17:01.800]  所以我們的鼓勵
[01:17:01.800 --> 01:17:06.800]  應該就參考更多現代高水平的版本
[01:17:06.800 --> 01:17:08.800]  以更全面的理解經文
[01:17:08.800 --> 01:17:14.800]  我們的目標就是活出土陶神喜悅的侍奉與敬拜
[01:17:14.800 --> 01:17:18.800]  所以再次謝謝賴老師給我們的分享
[01:17:18.800 --> 01:17:21.800]  幫助我們更好地來讀聖經
[01:17:21.800 --> 01:17:23.800]  感謝神
[01:17:23.800 --> 01:17:36.800]  感謝兩位牧者給我們做簡單的回應
[01:17:36.800 --> 01:17:41.800]  也幫助我們可以更好地來思想和思考
[01:17:41.800 --> 01:17:44.800]  我們今天這個主題的信息
[01:17:44.800 --> 01:17:47.800]  那我們也看到有些弟兄姐妹
[01:17:47.800 --> 01:17:51.800]  在我們的Q&A部分已經開始提出問題
[01:17:51.800 --> 01:17:56.800]  那請大家在繼續的可以在填寫的同時
[01:17:56.800 --> 01:17:59.800]  下面我們也有小小的時間
[01:17:59.800 --> 01:18:03.800]  有請我們的廖金元牧師
[01:18:03.800 --> 01:18:08.800]  也是我們今天聖經中文翻譯中心的主任
[01:18:08.800 --> 01:18:12.800]  來跟大家來介紹一下環球聖經公會
[01:18:12.800 --> 01:18:16.800]  成立的聖經中文翻譯中心的信息
[01:18:16.800 --> 01:18:22.800]  首先我們會放一段介紹《環聖》環譯本的錄影
[01:18:22.800 --> 01:18:27.800]  之後就由廖金元牧師來分享
[01:18:27.800 --> 01:18:31.800]  我們目前的工作以及翻譯中心的任務
[01:18:31.800 --> 01:18:32.800]  謝謝
[01:18:36.800 --> 01:18:38.800]  繼上世紀七十年代
[01:18:38.800 --> 01:18:40.800]  中文聖經新譯會
[01:18:40.800 --> 01:18:44.800]  傳承西教士來華譯經的使命
[01:18:44.800 --> 01:18:48.800]  於一九九二年出版了《聖經新譯本》
[01:18:48.800 --> 01:18:49.800]  感謝神
[01:18:49.800 --> 01:18:53.800]  環球聖經公會繼續傳承譯經的使命
[01:18:53.800 --> 01:18:57.800]  於二零二三年又出版了《環球聖經》譯本
[01:18:57.800 --> 01:19:00.800]  暨此服侍二十一世紀的全球華人
[01:19:00.800 --> 01:19:02.800]  教會及信徒
[01:19:02.800 --> 01:19:04.800]  《環球聖經》譯本的出現
[01:19:04.800 --> 01:19:07.800]  有助全球牧者優化講壇的服侍
[01:19:07.800 --> 01:19:10.800]  帶動信徒在讀經、靈修方面
[01:19:10.800 --> 01:19:12.800]  領受新的亮光
[01:19:12.800 --> 01:19:15.800]  《環球聖經》譯本在翻譯的過程中
[01:19:15.800 --> 01:19:17.800]  由資深譯經學者
[01:19:17.800 --> 01:19:20.800]  帶領來自全球新一代的華人聖經學者
[01:19:20.800 --> 01:19:21.800]  一同參與
[01:19:21.800 --> 01:19:24.800]  共同作出貢獻
[01:19:24.800 --> 01:19:28.800]  另外又召開了首屆聖經中文翻譯大會
[01:19:28.800 --> 01:19:32.800]  深化培訓譯經人才的後續推進
[01:19:32.800 --> 01:19:34.800]  感謝神的帶領
[01:19:34.800 --> 01:19:36.800]  讓《環球聖經公會》
[01:19:36.800 --> 01:19:40.800]  一同參與多個國際宣教機構推動的
[01:19:40.800 --> 01:19:44.800]  少數民族的譯經及出版工作
[01:19:44.800 --> 01:19:47.800]  讓我們實踐以胸懷普世國度的事業
[01:19:47.800 --> 01:19:53.800]  將神的話語帶到世界每一個角落和族群
[01:19:53.800 --> 01:19:54.800]  感謝神
[01:19:54.800 --> 01:19:57.800]  《環球聖經公會》多年以來
[01:19:57.800 --> 01:19:59.800]  出版了各式各樣的聖經
[01:19:59.800 --> 01:20:02.800]  靈修及嚴經的材料
[01:20:02.800 --> 01:20:06.800]  滿足教會及信徒不同的需要
[01:20:06.800 --> 01:20:07.800]  聖經方面
[01:20:07.800 --> 01:20:09.800]  包括有不同語言文字
[01:20:09.800 --> 01:20:10.800]  不同主題
[01:20:10.800 --> 01:20:11.800]  不同大小
[01:20:11.800 --> 01:20:13.800]  不同款式的聖經
[01:20:13.800 --> 01:20:14.800]  另外
[01:20:14.800 --> 01:20:17.800]  亦出版多款不同的材料
[01:20:17.800 --> 01:20:20.800]  務求為信徒提供全方位的服飾
[01:20:20.800 --> 01:20:24.800]  培育弟兄姊妹整全的靈命
[01:20:24.800 --> 01:20:25.800]  感謝神引領
[01:20:25.800 --> 01:20:27.800]  《環球聖經公會》
[01:20:27.800 --> 01:20:31.800]  過去多年不斷廣邀全球聖經學者
[01:20:31.800 --> 01:20:35.800]  定期主領聖經專題講座及查經課程
[01:20:35.800 --> 01:20:37.800]  培育信徒
[01:20:37.800 --> 01:20:39.800]  另外又應叫會邀員
[01:20:39.800 --> 01:20:41.800]  主講崇拜信息
[01:20:41.800 --> 01:20:43.800]  主領讀經營會
[01:20:43.800 --> 01:20:47.800]  幫助信徒認識並踐行真理
[01:20:47.800 --> 01:20:48.800]  感謝神
[01:20:48.800 --> 01:20:51.800]  《環球聖經公會記》2000年
[01:20:51.800 --> 01:20:54.800]  分別在香港及美國註冊成立之後
[01:20:54.800 --> 01:20:58.800]  至今我們在全球有7個地區的辦事處
[01:20:58.800 --> 01:20:59.800]  將神話語的服飾
[01:20:59.800 --> 01:21:01.800]  推廣至全球各地
[01:21:01.800 --> 01:21:03.800]  華人教會及信徒
[01:21:03.800 --> 01:21:05.800]  幫助信徒明白神的話語
[01:21:05.800 --> 01:21:07.800]  將神的道發揚光大
[01:21:07.800 --> 01:21:09.800]  使信徒的信仰和生命
[01:21:09.800 --> 01:21:11.800]  都直跟神的聖言
[01:21:11.800 --> 01:21:14.800]  未來《環球聖經公會》將靠主恩典
[01:21:14.800 --> 01:21:16.800]  繼續擴闊
[01:21:16.800 --> 01:21:19.800]  以及深化易經弘道的侍奉
[01:21:19.800 --> 01:21:21.800]  包括將服飾拓展到
[01:21:21.800 --> 01:21:24.800]  全球更多國家和地區
[01:21:24.800 --> 01:21:26.800]  讓各地華人教會及信徒
[01:21:26.800 --> 01:21:29.800]  更直接獲取我們的出版
[01:21:29.800 --> 01:21:33.800]  以及聖經教導方面的服飾
[01:21:33.800 --> 01:21:35.800]  另外我們又計劃展開
[01:21:35.800 --> 01:21:37.800]  更多弘道配套服務
[01:21:37.800 --> 01:21:41.800]  包括以環譯本出版更多配套材料
[01:21:41.800 --> 01:21:44.800]  撰寫環譯本易經手冊
[01:21:44.800 --> 01:21:47.800]  協助少數民族翻譯聖經
[01:21:47.800 --> 01:21:49.800]  衛宣教服飾做出貢獻
[01:21:49.800 --> 01:21:51.800]  與此同時又會透過
[01:21:51.800 --> 01:21:53.800]  全球各地辦事處
[01:21:53.800 --> 01:21:55.800]  同心協力推動贈經侍宮
[01:21:55.800 --> 01:21:58.800]  廣傳福音領人歸主
[01:21:58.800 --> 01:21:59.800]  最後
[01:21:59.800 --> 01:22:01.800]  由2024年開始推動的
[01:22:01.800 --> 01:22:03.800]  環球讀經研經行動
[01:22:03.800 --> 01:22:05.800]  今年已經進入一個
[01:22:05.800 --> 01:22:07.800]  新的兩年讀經計劃
[01:22:07.800 --> 01:22:09.800]  內容包括
[01:22:09.800 --> 01:22:11.800]  速讀兩年讀畢
[01:22:11.800 --> 01:22:13.800]  全本聖經一次
[01:22:13.800 --> 01:22:15.800]  參加者每天可收到
[01:22:15.800 --> 01:22:17.800]  所讀經文的超連結
[01:22:17.800 --> 01:22:19.800]  觀看youtube影片
[01:22:19.800 --> 01:22:20.800]  同步送讀
[01:22:20.800 --> 01:22:23.800]  借環譯本領受神的話語
[01:22:23.800 --> 01:22:24.800]  卷讀
[01:22:24.800 --> 01:22:25.800]  按速讀
[01:22:25.800 --> 01:22:26.800]  進讀
[01:22:26.800 --> 01:22:27.800]  蓋喇叭聆聽
[01:22:27.800 --> 01:22:29.800]  每卷書的結構
[01:22:29.800 --> 01:22:30.800]  大綱
[01:22:30.800 --> 01:22:31.800]  靈讀
[01:22:31.800 --> 01:22:33.800]  配合速讀進讀
[01:22:33.800 --> 01:22:35.800]  參加者每天可收到
[01:22:35.800 --> 01:22:36.800]  孕育自經文
[01:22:36.800 --> 01:22:38.800]  脈絡的靈修信息
[01:22:38.800 --> 01:22:40.800]  有筆記可共享在
[01:22:40.800 --> 01:22:42.800]  圍讀
[01:22:42.800 --> 01:22:43.800]  以團體形式
[01:22:43.800 --> 01:22:45.800]  在行動群組之內
[01:22:45.800 --> 01:22:46.800]  設立小組
[01:22:46.800 --> 01:22:48.800]  全方位讀經
[01:22:48.800 --> 01:22:49.800]  每天同讀同想
[01:22:49.800 --> 01:22:51.800]  同行主的道
[01:22:51.800 --> 01:22:53.800]  誠意邀請各位
[01:22:53.800 --> 01:22:55.800]  弟兄姊妹
[01:22:55.800 --> 01:22:56.800]  以禱告和奉獻
[01:22:56.800 --> 01:22:58.800]  紀念我們的侍奉
[01:22:58.800 --> 01:22:59.800]  讓我們努力完成
[01:22:59.800 --> 01:23:01.800]  主所託的使命
[01:23:01.800 --> 01:23:03.800]  榮神益人
[01:23:03.800 --> 01:23:11.800]  下面我們就有請
[01:23:11.800 --> 01:23:15.800]  我們的聖經中文翻譯中心的主任
[01:23:16.800 --> 01:23:19.800]  廖金元牧師來做分享
[01:23:19.800 --> 01:23:39.800]  弟兄姊妹平安
[01:23:39.800 --> 01:23:42.800]  感謝天父
[01:23:42.800 --> 01:23:45.800]  給我機會跟大家來分享
[01:23:45.800 --> 01:23:48.800]  這個翻譯中心的成立
[01:23:48.800 --> 01:23:50.800]  剛剛聽到
[01:23:50.800 --> 01:23:52.800]  看到那個影片
[01:23:52.800 --> 01:23:54.800]  我相信大家都看到
[01:23:54.800 --> 01:23:56.800]  天父給我們的恩典
[01:23:56.800 --> 01:23:59.800]  過去五十四年
[01:23:59.800 --> 01:24:01.800]  先後我們把
[01:24:01.800 --> 01:24:04.800]  我們有兩期翻譯聖經的
[01:24:04.800 --> 01:24:07.800]  完成翻譯聖經的工作
[01:24:07.800 --> 01:24:10.800]  那個是聖經新一本
[01:24:10.800 --> 01:24:11.800]  第二個就是
[01:24:11.800 --> 01:24:13.800]  現在的環球聖經一本
[01:24:13.800 --> 01:24:16.800]  還有參與不同的
[01:24:16.800 --> 01:24:21.800]  易經單位的合作
[01:24:21.800 --> 01:24:25.800]  也有推動各種的聖經出版
[01:24:25.800 --> 01:24:28.800]  那麼時候到了
[01:24:28.800 --> 01:24:32.800]  我們也想把這個
[01:24:32.800 --> 01:24:35.800]  建立翻譯中心
[01:24:35.800 --> 01:24:38.800]  成為我們的一個目標
[01:24:38.800 --> 01:24:40.800]  聖經中心
[01:24:40.800 --> 01:24:45.800]  中文翻譯中心的目標是
[01:24:45.800 --> 01:24:47.800]  確保聖經翻譯的
[01:24:47.800 --> 01:24:50.800]  譯文的準確性和清晰度
[01:24:50.800 --> 01:24:53.800]  我們的核心事工兩方面
[01:24:53.800 --> 01:24:54.800]  易經
[01:24:54.800 --> 01:24:56.800]  紅道
[01:24:56.800 --> 01:24:59.800]  就是翻譯跟修訂
[01:24:59.800 --> 01:25:02.800]  還有培訓與教育
[01:25:02.800 --> 01:25:05.800]  那麼我們的起步
[01:25:05.800 --> 01:25:09.800]  就是先建立一個聖經中心
[01:25:09.800 --> 01:25:12.800]  中文翻譯中心的網站
[01:25:12.800 --> 01:25:15.800]  這個網站我們正在規劃籌建
[01:25:15.800 --> 01:25:18.800]  我們其實已經有許多的資料
[01:25:18.800 --> 01:25:21.800]  放在環球聖經公會網頁裡面
[01:25:21.800 --> 01:25:23.800]  我們要重新的整理
[01:25:23.800 --> 01:25:25.800]  把它放在
[01:25:25.800 --> 01:25:29.800]  易經中心的裡面
[01:25:29.800 --> 01:25:32.800]  所以我們會在
[01:25:32.800 --> 01:25:34.800]  環球聖經公會裡面
[01:25:34.800 --> 01:25:36.800]  設立一個易經
[01:25:36.800 --> 01:25:38.800]  翻譯中心的網頁
[01:25:38.800 --> 01:25:42.800]  然後時機成熟的時候
[01:25:42.800 --> 01:25:45.800]  我們把這個網頁獨立出來
[01:25:45.800 --> 01:25:47.800]  那麼第一個階段
[01:25:47.800 --> 01:25:51.800]  我們要處理的是資料方面的
[01:25:51.800 --> 01:25:53.800]  將環球聖經一本的歷史的
[01:25:53.800 --> 01:25:56.800]  原起翻譯的特色
[01:25:56.800 --> 01:25:58.800]  它有什麼不一樣的地方
[01:25:58.800 --> 01:26:00.800]  還有不同學籍的評價
[01:26:00.800 --> 01:26:03.800]  我們會放在上面
[01:26:03.800 --> 01:26:07.800]  然後我們把我們很多的
[01:26:07.800 --> 01:26:11.800]  這個豐富的內容會整理
[01:26:11.800 --> 01:26:14.800]  然後我們期待
[01:26:14.800 --> 01:26:17.800]  同工也可以在網上
[01:26:17.800 --> 01:26:20.800]  了解跟我們交流
[01:26:20.800 --> 01:26:22.800]  那麼我們的網頁上面
[01:26:22.800 --> 01:26:25.800]  有一個叫答問信箱
[01:26:25.800 --> 01:26:29.800]  所以歡迎同工同道
[01:26:29.800 --> 01:26:33.800]  有任何的意見或者是提問
[01:26:33.800 --> 01:26:36.800]  可以在當中提出交流
[01:26:36.800 --> 01:26:38.800]  我們的諸葛學者
[01:26:38.800 --> 01:26:42.800]  會就所提的內容來做出回應
[01:26:42.800 --> 01:26:44.800]  那麼第二階段就是
[01:26:44.800 --> 01:26:47.800]  持續的深化交流
[01:26:47.800 --> 01:26:50.800]  這裡面分成三個部分
[01:26:50.800 --> 01:26:55.800]  持續確保一文的準確性和清晰度
[01:26:55.800 --> 01:27:00.800]  持續深化易經紅道的兩大目標
[01:27:00.800 --> 01:27:04.800]  持續推動全球聖經
[01:27:04.800 --> 01:27:07.800]  中文翻譯大會
[01:27:07.800 --> 01:27:11.800]  那麼在這個深化交流裡面
[01:27:11.800 --> 01:27:14.800]  我們也是期待
[01:27:14.800 --> 01:27:18.800]  學姐透過答問信箱
[01:27:18.800 --> 01:27:21.800]  和我們持續的分享交流
[01:27:21.800 --> 01:27:25.800]  我們會將交流的文字
[01:27:25.800 --> 01:27:29.800]  把它變成文字
[01:27:29.800 --> 01:27:34.800]  來提供同道來參考
[01:27:34.800 --> 01:27:38.800]  但我們不會提名字
[01:27:38.800 --> 01:27:41.800]  免得引起這些問題
[01:27:41.800 --> 01:27:43.800]  我們把文字整理
[01:27:43.800 --> 01:27:46.800]  會供同道來參考
[01:27:46.800 --> 01:27:50.800]  我們同事也會把先前
[01:27:50.800 --> 01:27:53.800]  完成各種不同的中文聖經一本
[01:27:53.800 --> 01:27:56.800]  做一些的整理
[01:27:56.800 --> 01:28:00.800]  我們期待聖經中文的翻譯
[01:28:00.800 --> 01:28:02.800]  是既往開來的
[01:28:02.800 --> 01:28:06.800]  我們不是唯一的
[01:28:06.800 --> 01:28:09.800]  而是我們承繼的這個傳統
[01:28:09.800 --> 01:28:11.800]  我們把它整理出來
[01:28:11.800 --> 01:28:14.800]  讓更多的同工可以了解
[01:28:14.800 --> 01:28:18.800]  那麼接著我們才會
[01:28:18.800 --> 01:28:21.800]  到第三階段我們才會
[01:28:21.800 --> 01:28:26.800]  全面的發展兩個大的目標
[01:28:26.800 --> 01:28:28.800]  其實這裡面我們有些內容
[01:28:28.800 --> 01:28:30.800]  過去幾年我們已經有些計劃
[01:28:30.800 --> 01:28:34.800]  我們在翻譯跟經文的進一步的修訂
[01:28:34.800 --> 01:28:38.800]  還有培訓進一步的益者等等
[01:28:38.800 --> 01:28:40.800]  我們都有些初步的構想
[01:28:40.800 --> 01:28:42.800]  但是現在還沒有時機
[01:28:42.800 --> 01:28:45.800]  時機還沒有到我們晚一點
[01:28:45.800 --> 01:28:47.800]  再跟大家來分享
[01:28:47.800 --> 01:28:50.800]  所以這個是一個初步的計劃
[01:28:50.800 --> 01:28:53.800]  但是工程是相當大的
[01:28:53.800 --> 01:28:56.800]  我們需要按著主的公益
[01:28:56.800 --> 01:28:58.800]  還有弟兄姊妹的支持
[01:28:58.800 --> 01:29:00.800]  還有相關人力的安排
[01:29:00.800 --> 01:29:03.800]  按部就班來進行
[01:29:03.800 --> 01:29:06.800]  我們共同的以禱告跟奉獻
[01:29:06.800 --> 01:29:08.800]  來支持這個新工
[01:29:08.800 --> 01:29:09.800]  各位可以上到我們
[01:29:09.800 --> 01:29:11.800]  環球聖經公會的網站
[01:29:11.800 --> 01:29:13.800]  還有不同地區的網站
[01:29:13.800 --> 01:29:18.800]  來了解我們的奉獻的方式
[01:29:18.800 --> 01:29:23.800]  還有支持我們不同地區的施工的需要
[01:29:23.800 --> 01:29:26.800]  總之求主引領
[01:29:26.800 --> 01:29:28.800]  一步一步向前行
[01:29:28.800 --> 01:29:31.800]  去把聖經中文翻譯中心
[01:29:31.800 --> 01:29:34.800]  能夠完成呈現在主的面前
[01:29:34.800 --> 01:29:36.800]  還有同道的面前
[01:29:36.800 --> 01:29:37.800]  感謝主
[01:29:37.800 --> 01:29:39.800]  我的分享就到這了
[01:29:39.800 --> 01:29:45.800]  謝謝廖金元牧師的分享
[01:29:45.800 --> 01:29:48.800]  關於聖經中文翻譯中心
[01:29:48.800 --> 01:29:50.800]  我們也非常的期待
[01:29:50.800 --> 01:29:54.800]  看到在聖經中文翻譯的施工上面
[01:29:54.800 --> 01:29:56.800]  有更多的研究成果
[01:29:56.800 --> 01:29:57.800]  也可以幫助到
[01:29:57.800 --> 01:30:00.800]  更多不同的聖經譯本的翻譯
[01:30:00.800 --> 01:30:03.800]  那麼我們下面也有Q&A的時間
[01:30:03.800 --> 01:30:06.800]  有請我們的環球聖經公會
[01:30:06.800 --> 01:30:09.800]  國際副總幹事劉群英姊妹
[01:30:09.800 --> 01:30:13.800]  來主持我們今天的問與答環節
[01:30:13.800 --> 01:30:15.800]  那我們的兩位回應嘉賓
[01:30:15.800 --> 01:30:18.800]  就是我們今日的講員賴建國博士
[01:30:18.800 --> 01:30:22.800]  以及我們的環聖譯本總主編張達明博士
[01:30:22.800 --> 01:30:23.800]  有請
[01:30:23.800 --> 01:30:26.800]  大家好
[01:30:26.800 --> 01:30:30.800]  以下我們就是我們的答問時間
[01:30:30.800 --> 01:30:34.800]  這段時間我們大概有20分鐘
[01:30:34.800 --> 01:30:37.800]  就好像剛才廖牧師報告的時候說
[01:30:37.800 --> 01:30:39.800]  如果今天我們
[01:30:39.800 --> 01:30:42.800]  因為今天發問的很踴躍
[01:30:42.800 --> 01:30:44.800]  好多的問題
[01:30:44.800 --> 01:30:47.800]  如果我們這20分鐘答不完呢
[01:30:47.800 --> 01:30:50.800]  我們就會把這些問題留待
[01:30:50.800 --> 01:30:52.800]  留在大家往後
[01:30:52.800 --> 01:30:55.800]  在我們這個聖經中文翻譯中心
[01:30:55.800 --> 01:31:00.800]  裡面那個問答的版面裡面來發問
[01:31:00.800 --> 01:31:03.800]  那我們先來把握時間
[01:31:03.800 --> 01:31:05.800]  先來問第一條問題
[01:31:05.800 --> 01:31:07.800]  有參加者提出
[01:31:07.800 --> 01:31:14.800]  諸天的翻譯是不是跟保羅說過的三重天有關係呢
[01:31:14.800 --> 01:31:19.800]  因為上帝創造天應該是有幾重的
[01:31:19.800 --> 01:31:21.800]  所以是諸天
[01:31:21.800 --> 01:31:24.800]  請賴博士給我們回應一下
[01:31:24.800 --> 01:31:27.800]  謝謝大家
[01:31:27.800 --> 01:31:31.800]  你看哪一壺不開就先提那一壺
[01:31:31.800 --> 01:31:34.800]  先問我這個新約的問題
[01:31:34.800 --> 01:31:37.800]  我是主要是從舊約那邊講說
[01:31:37.800 --> 01:31:39.800]  大家很熟的十篇十九篇
[01:31:39.800 --> 01:31:40.800]  諸天書說
[01:31:40.800 --> 01:31:42.800]  這邊開始來講起
[01:31:42.800 --> 01:31:44.800]  那原來文字的話
[01:31:44.800 --> 01:31:46.800]  你就是只能用單數來翻譯
[01:31:46.800 --> 01:31:47.800]  這樣比較合適
[01:31:47.800 --> 01:31:49.800]  但是剛剛這個問題的話
[01:31:49.800 --> 01:31:50.800]  又問到說
[01:31:50.800 --> 01:31:53.800]  保羅的經驗提到三重天
[01:31:53.800 --> 01:31:55.800]  所以我要請那個張達明博士
[01:31:55.800 --> 01:31:57.800]  來給我這個幫助
[01:31:57.800 --> 01:32:00.800]  請張博士這個拔刀相助
[01:32:00.800 --> 01:32:01.800]  這樣講起
[01:32:01.800 --> 01:32:04.800]  什麼是最好一點
[01:32:04.800 --> 01:32:06.800]  賴博士很謙虛
[01:32:06.800 --> 01:32:10.800]  其實他的斯拉文也是很好
[01:32:10.800 --> 01:32:13.800]  不過我就又來講一講
[01:32:13.800 --> 01:32:18.800]  其實這個聖經裡面
[01:32:18.800 --> 01:32:22.800]  斯拔萊文的神脈
[01:32:22.800 --> 01:32:24.800]  是一個嚴格來說
[01:32:24.800 --> 01:32:26.800]  是一個上述的習性
[01:32:26.800 --> 01:32:28.800]  就是一個Dual
[01:32:28.800 --> 01:32:30.800]  就是如果按字面翻譯
[01:32:30.800 --> 01:32:32.800]  就是兩天
[01:32:32.800 --> 01:32:34.800]  或者是雙天
[01:32:34.800 --> 01:32:36.800]  但通常來說
[01:32:36.800 --> 01:32:40.800]  它其實不是指很多不同的天
[01:32:40.800 --> 01:32:42.800]  只是指一個比較籠統的天
[01:32:42.800 --> 01:32:44.800]  好像神也是一樣
[01:32:44.800 --> 01:32:46.800]  它是符數的習性
[01:32:46.800 --> 01:32:47.800]  Elohim
[01:32:47.800 --> 01:32:49.800]  但不是說很多神
[01:32:49.800 --> 01:32:51.800]  當然有些小數的情況
[01:32:51.800 --> 01:32:54.800]  的確是可以指不同的神明
[01:32:54.800 --> 01:32:57.800]  天大概也是有些情況
[01:32:57.800 --> 01:32:59.800]  是可以這樣翻譯的
[01:32:59.800 --> 01:33:01.800]  不是一定是錯的
[01:33:01.800 --> 01:33:03.800]  但是在普遍的情況
[01:33:03.800 --> 01:33:07.800]  應該是翻譯成一個籠統的天
[01:33:07.800 --> 01:33:09.800]  比較好一點
[01:33:09.800 --> 01:33:14.800]  關於保羅講到的三重天
[01:33:14.800 --> 01:33:19.800]  其實情況跟那個就業差不多
[01:33:19.800 --> 01:33:22.800]  一個斯拉文的烏文諾斯
[01:33:22.800 --> 01:33:24.800]  也是可以用單數
[01:33:24.800 --> 01:33:26.800]  也可以用上述
[01:33:26.800 --> 01:33:28.800]  單數可以用符數出現
[01:33:28.800 --> 01:33:30.800]  通常來說
[01:33:30.800 --> 01:33:32.800]  在斯拉文裡面
[01:33:32.800 --> 01:33:33.800]  信仰裡面
[01:33:33.800 --> 01:33:35.800]  一直沒有很明顯的分別
[01:33:35.800 --> 01:33:37.800]  所以有些學者嘗試
[01:33:37.800 --> 01:33:39.800]  弄一些分別出來
[01:33:39.800 --> 01:33:43.800]  但都沒有很大的公認的理解
[01:33:43.800 --> 01:33:49.800]  就當時保羅所講的三重天
[01:33:49.800 --> 01:33:53.800]  大概當時一個普遍的看法
[01:33:53.800 --> 01:34:01.800]  第一重天就是一個
[01:34:01.800 --> 01:34:09.800]  可以說是人家可以看到的
[01:34:09.800 --> 01:34:11.800]  一個像是車流
[01:34:11.800 --> 01:34:13.800]  一個雲彩
[01:34:13.800 --> 01:34:15.800]  這個大氣層
[01:34:15.800 --> 01:34:19.800]  第一重天是比較高一點的
[01:34:19.800 --> 01:34:23.800]  像是一些全星
[01:34:23.800 --> 01:34:25.800]  一些這樣的天空
[01:34:25.800 --> 01:34:28.800]  第三重天通常被稱為天堂
[01:34:28.800 --> 01:34:30.800]  就是神的居所
[01:34:30.800 --> 01:34:32.800]  其實在哥倫多後書裡面
[01:34:32.800 --> 01:34:36.800]  第十二節用了三重天
[01:34:36.800 --> 01:34:39.800]  第十四節用了樂園
[01:34:39.800 --> 01:34:41.800]  就是神的居所
[01:34:41.800 --> 01:34:43.800]  最終存在的地方
[01:34:43.800 --> 01:34:47.800]  所以如果你說天有幾個
[01:34:47.800 --> 01:34:50.800]  這個是講得通的
[01:34:50.800 --> 01:34:52.800]  不過我們關心的就是
[01:34:52.800 --> 01:34:56.800]  在一個普遍沒有特別特殊的情況下
[01:34:56.800 --> 01:34:58.800]  應該怎麼翻譯比較好
[01:34:58.800 --> 01:35:00.800]  所以在信仰裡面的數據
[01:35:00.800 --> 01:35:02.800]  通常都是很多時候
[01:35:02.800 --> 01:35:04.800]  用那個符數的時候
[01:35:04.800 --> 01:35:07.800]  不一定表明很多的天空
[01:35:07.800 --> 01:35:10.800]  好像天國用一個符數
[01:35:10.800 --> 01:35:13.800]  不是要翻譯成豬天的國
[01:35:13.800 --> 01:35:16.800]  或是耶穌受洗的時候
[01:35:16.800 --> 01:35:19.800]  從天開了
[01:35:19.800 --> 01:35:21.800]  祂從水裡上來
[01:35:21.800 --> 01:35:22.800]  就是用符數
[01:35:22.800 --> 01:35:24.800]  不是說豬天開了
[01:35:24.800 --> 01:35:28.800]  或者說聲音從天上傳來
[01:35:28.800 --> 01:35:30.800]  也是一個符數
[01:35:30.800 --> 01:35:32.800]  但神的聲音其實是從
[01:35:32.800 --> 01:35:34.800]  祂自己的寶座傳來的
[01:35:34.800 --> 01:35:35.800]  不是豬天
[01:35:35.800 --> 01:35:39.800]  所以我們這裡所注重的就是
[01:35:39.800 --> 01:35:44.800]  如果沒有特別明顯的提示
[01:35:44.800 --> 01:35:47.800]  就像裡面講的天上之天
[01:35:47.800 --> 01:35:50.800]  當然這個好像有一個分別
[01:35:50.800 --> 01:35:53.800]  或是說寶座講的三重天
[01:35:53.800 --> 01:35:55.800]  一般的情況
[01:35:55.800 --> 01:35:57.800]  如果沒有一個特殊的提示
[01:35:57.800 --> 01:35:58.800]  我們就翻譯成一個比較單純的
[01:35:58.800 --> 01:36:01.800]  籠統的天比較好
[01:36:01.800 --> 01:36:04.800]  好 謝謝兩位學者
[01:36:04.800 --> 01:36:09.800]  以下有一條問題是請教賴博士的
[01:36:09.800 --> 01:36:11.800]  剛才賴博士提到
[01:36:11.800 --> 01:36:14.800]  約瑟對哥哥們的試驗
[01:36:14.800 --> 01:36:19.800]  是為了帶出經過試驗的饒恕
[01:36:19.800 --> 01:36:21.800]  在教會牧養當中
[01:36:21.800 --> 01:36:28.800]  我們常常要求受害者饒恕
[01:36:28.800 --> 01:36:32.800]  這是否容易造成了第二次的傷害呢
[01:36:32.800 --> 01:36:37.800]  我們應該如何運用新的義本
[01:36:37.800 --> 01:36:47.800]  如何強調誠信與事業
[01:36:47.800 --> 01:36:50.800]  來幫助受傷的信徒
[01:36:50.800 --> 01:36:55.800]  走過真實的饒恕的過程
[01:36:55.800 --> 01:37:00.800]  OK 非常感謝
[01:37:00.800 --> 01:37:04.800]  我剛剛聽吳天輝牧師在回應裡面
[01:37:04.800 --> 01:37:07.800]  講到說我們翻譯 詮釋
[01:37:07.800 --> 01:37:10.800]  一定要跟牧養結合在一起
[01:37:10.800 --> 01:37:12.800]  所以這個問題就是
[01:37:12.800 --> 01:37:16.800]  我自己從牧養那邊來切入的
[01:37:16.800 --> 01:37:18.800]  因為我自己也碰到同樣的困難
[01:37:18.800 --> 01:37:22.800]  就是我自己或是我們很多的同工
[01:37:22.800 --> 01:37:24.800]  在這個試驗當中
[01:37:24.800 --> 01:37:28.800]  都曾經有過被傷害這樣的經驗
[01:37:28.800 --> 01:37:31.800]  心裡面帶著這樣子的隱隱的痛
[01:37:31.800 --> 01:37:34.800]  可是就在我們的環境裡面
[01:37:34.800 --> 01:37:36.800]  不只是說教會裡面
[01:37:36.800 --> 01:37:37.800]  連社會上面都有
[01:37:37.800 --> 01:37:40.800]  你只要是有哪一個傷害的案件
[01:37:40.800 --> 01:37:42.800]  包括說兇殺案等的話
[01:37:42.800 --> 01:37:46.800]  受害者旁邊馬上就會有人跟他講說
[01:37:46.800 --> 01:37:48.800]  你要原諒啊 約瑟也原諒啊
[01:37:48.800 --> 01:37:50.800]  還用約瑟的那個
[01:37:50.800 --> 01:37:53.800]  可是你看說這個人他已經受傷害了
[01:37:53.800 --> 01:37:56.800]  可是他現在被人家加上新的一個罪名
[01:37:56.800 --> 01:37:58.800]  就是你為什麼不原諒
[01:37:58.800 --> 01:38:00.800]  我覺得這樣子對受害者是不公平的
[01:38:00.800 --> 01:38:05.800]  尤其還有好多時候是這個加害者
[01:38:05.800 --> 01:38:07.800]  他沒有受到社會的制裁
[01:38:07.800 --> 01:38:10.800]  就是跟你講說你要原諒這些
[01:38:10.800 --> 01:38:12.800]  他沒有去跟那個人講說
[01:38:12.800 --> 01:38:15.800]  你要去道歉啊 你要去賠償啊
[01:38:15.800 --> 01:38:17.800]  那個都還沒有做到
[01:38:17.800 --> 01:38:19.800]  那就要這個受害者要來原諒
[01:38:19.800 --> 01:38:21.800]  那這個是對他不公平的
[01:38:21.800 --> 01:38:23.800]  所以那個是我的困難
[01:38:23.800 --> 01:38:25.800]  所以在差不多十年前
[01:38:25.800 --> 01:38:27.800]  我在台北銀營培訓院的時候
[01:38:27.800 --> 01:38:31.800]  那我就有機會 那我就在讀創世紀
[01:38:31.800 --> 01:38:33.800]  讀約瑟 因為大家都講約瑟嘛
[01:38:33.800 --> 01:38:35.800]  那講約瑟原諒他的哥哥們
[01:38:35.800 --> 01:38:37.800]  那是一個happy ending
[01:38:37.800 --> 01:38:39.800]  但是在我們現實上的話
[01:38:39.800 --> 01:38:41.800]  很多不是這樣子的happy ending
[01:38:41.800 --> 01:38:43.800]  你反而是說這個人呢
[01:38:43.800 --> 01:38:45.800]  就是說你原諒了
[01:38:45.800 --> 01:38:47.800]  特別是家暴的事情
[01:38:47.800 --> 01:38:49.800]  這是我的一些同工
[01:38:49.800 --> 01:38:51.800]  他們做輔導這些家暴的話
[01:38:51.800 --> 01:38:52.800]  最碰到的
[01:38:52.800 --> 01:38:54.800]  家暴裡面的話最常碰到就是
[01:38:54.800 --> 01:38:55.800]  我原諒了
[01:38:55.800 --> 01:38:58.800]  可是他就是再一次去受傷害
[01:38:58.800 --> 01:39:00.800]  一而再再而三的都受傷害
[01:39:00.800 --> 01:39:02.800]  那這個對受害者是
[01:39:02.800 --> 01:39:04.800]  非常非常不公平的事情
[01:39:04.800 --> 01:39:06.800]  那這是我們
[01:39:06.800 --> 01:39:08.800]  所以我就是
[01:39:08.800 --> 01:39:10.800]  從這樣一個切入
[01:39:10.800 --> 01:39:11.800]  因為我有好朋友呢
[01:39:11.800 --> 01:39:13.800]  他就是願意從事說
[01:39:13.800 --> 01:39:15.800]  reconciliation 和好
[01:39:15.800 --> 01:39:18.800]  但是我想說這個是有一個過程的
[01:39:18.800 --> 01:39:20.800]  所以第一個呢
[01:39:20.800 --> 01:39:22.800]  原諒是一個過程
[01:39:22.800 --> 01:39:24.800]  你不是說我決定了我就沒有
[01:39:24.800 --> 01:39:26.800]  那原諒也是一個決定
[01:39:26.800 --> 01:39:28.800]  你不是說我這樣想了我就可以原諒
[01:39:28.800 --> 01:39:30.800]  那在原諒的話呢
[01:39:30.800 --> 01:39:32.800]  不是說我再次去受第二次的傷害
[01:39:32.800 --> 01:39:34.800]  第三次的傷害
[01:39:34.800 --> 01:39:35.800]  我去做劣勢啊
[01:39:35.800 --> 01:39:37.800]  我再次被他給打死啊
[01:39:37.800 --> 01:39:39.800]  那這個是對這個人是不好的
[01:39:39.800 --> 01:39:41.800]  所以你像說
[01:39:41.800 --> 01:39:42.800]  今天世界上面的話
[01:39:42.800 --> 01:39:45.800]  國跟國之間也有那個仇恨
[01:39:45.800 --> 01:39:46.800]  那你說要原諒的話
[01:39:46.800 --> 01:39:49.800]  那不是說你講一句話就可以
[01:39:49.800 --> 01:39:50.800]  那我們就要看到說
[01:39:50.800 --> 01:39:53.800]  他需要經過雙方都要有誠意
[01:39:53.800 --> 01:39:54.800]  沒有誠意的話呢
[01:39:54.800 --> 01:39:57.800]  你只是被他繼續的傷害而已
[01:39:57.800 --> 01:39:58.800]  那雙方都要誠意
[01:39:58.800 --> 01:40:00.800]  而要有改變
[01:40:00.800 --> 01:40:01.800]  這樣才會比較好
[01:40:01.800 --> 01:40:02.800]  所以我覺得約瑟的話
[01:40:02.800 --> 01:40:04.800]  這是一個給我們一個例子
[01:40:04.800 --> 01:40:06.800]  因為我們常常用他的例子
[01:40:06.800 --> 01:40:08.800]  那連耶穌自己也是
[01:40:08.800 --> 01:40:11.800]  耶穌有沒有說原諒尤大呢
[01:40:11.800 --> 01:40:12.800]  耶穌沒有
[01:40:12.800 --> 01:40:13.800]  耶穌就講說
[01:40:13.800 --> 01:40:15.800]  這個人不生在這個世界上面比較好
[01:40:15.800 --> 01:40:18.800]  但耶穌可以立刻就原諒彼得
[01:40:18.800 --> 01:40:20.800]  因為彼得他有悔改
[01:40:20.800 --> 01:40:22.800]  你要說這兩個是不一樣
[01:40:22.800 --> 01:40:24.800]  那耶穌曾經講過說
[01:40:24.800 --> 01:40:26.800]  那個人打你的右臉
[01:40:26.800 --> 01:40:27.800]  左臉給他打
[01:40:27.800 --> 01:40:28.800]  還是說人打你的左臉
[01:40:28.800 --> 01:40:29.800]  你右臉給他打
[01:40:29.800 --> 01:40:30.800]  但是真正在那個
[01:40:30.800 --> 01:40:32.800]  耶穌受審判的時候
[01:40:32.800 --> 01:40:34.800]  那有人就打他的臉
[01:40:34.800 --> 01:40:35.800]  那耶穌就責備他
[01:40:35.800 --> 01:40:37.800]  耶穌沒有說你再打我另外一邊
[01:40:37.800 --> 01:40:39.800]  所以耶穌還是有一個分辨在這邊
[01:40:39.800 --> 01:40:40.800]  那今天我覺得我們
[01:40:40.800 --> 01:40:42.800]  在牧羊的角度上
[01:40:42.800 --> 01:40:44.800]  你要顧到這些弟兄姐妹
[01:40:44.800 --> 01:40:46.800]  那他要經過一個過程
[01:40:46.800 --> 01:40:49.800]  那才能夠恢復起來有這樣力量
[01:40:49.800 --> 01:40:51.800]  他才能夠說我不跟他計較
[01:40:51.800 --> 01:40:52.800]  我可以原諒
[01:40:52.800 --> 01:40:54.800]  那我知道說他已經改變
[01:40:54.800 --> 01:40:56.800]  這樣是一個比較合適的
[01:40:56.800 --> 01:40:57.800]  好 謝謝你
[01:40:57.800 --> 01:40:58.800]  對不起
[01:40:58.800 --> 01:40:59.800]  因為你說講到這個
[01:40:59.800 --> 01:41:01.800]  比較情緒化的一點
[01:41:01.800 --> 01:41:02.800]  那個在這裡面
[01:41:02.800 --> 01:41:04.800]  確實因為他就挑起我們
[01:41:04.800 --> 01:41:06.800]  內心裡面情緒的在裡面
[01:41:06.800 --> 01:41:07.800]  好 謝謝
[01:41:07.800 --> 01:41:11.800]  好 這裡有一個小小的回應
[01:41:11.800 --> 01:41:13.800]  有些問題
[01:41:13.800 --> 01:41:16.800]  荷爾蒙裡面提到的龐石
[01:41:16.800 --> 01:41:18.800]  《環球聖經》一本
[01:41:18.800 --> 01:41:21.800]  就把它翻譯成石山
[01:41:21.800 --> 01:41:23.800]  請問有什麼特別的意義
[01:41:23.800 --> 01:41:24.800]  有沒有呢?
[01:41:24.800 --> 01:41:28.800]  龐石好像更有文采
[01:41:28.800 --> 01:41:30.800]  是不是?
[01:41:30.800 --> 01:41:31.800]  你最後這一句話
[01:41:31.800 --> 01:41:33.800]  我完全同意
[01:41:33.800 --> 01:41:35.800]  因為我們從小
[01:41:35.800 --> 01:41:36.800]  信耶穌
[01:41:36.800 --> 01:41:37.800]  就是我們常常詩歌裡面
[01:41:37.800 --> 01:41:39.800]  萬古龐石
[01:41:39.800 --> 01:41:41.800]  容我長生在你懷
[01:41:41.800 --> 01:41:43.800]  唱這個歌的時候
[01:41:43.800 --> 01:41:45.800]  多少的情感都在裡面
[01:41:45.800 --> 01:41:47.800]  可是我必須講到
[01:41:47.800 --> 01:41:48.800]  就是我們在做
[01:41:48.800 --> 01:41:50.800]  《環球聖經》一本的時候
[01:41:50.800 --> 01:41:52.800]  大家就很認真地看說
[01:41:52.800 --> 01:41:54.800]  這個字到底是什麼意思
[01:41:54.800 --> 01:41:55.800]  你龐石的話
[01:41:55.800 --> 01:41:57.800]  可能給人家印象就是
[01:41:57.800 --> 01:41:58.800]  一大塊石頭
[01:41:58.800 --> 01:41:59.800]  但是原文的話
[01:41:59.800 --> 01:42:01.800]  它不是大塊石頭
[01:42:01.800 --> 01:42:02.800]  這個字的話
[01:42:02.800 --> 01:42:03.800]  在聖經裡面
[01:42:03.800 --> 01:42:05.800]  也用在一個地方
[01:42:05.800 --> 01:42:07.800]  就是推羅
[01:42:07.800 --> 01:42:09.800]  推羅就是跟這個同一個字
[01:42:09.800 --> 01:42:10.800]  但你說推羅的話
[01:42:10.800 --> 01:42:12.800]  它不是一塊石頭
[01:42:12.800 --> 01:42:13.800]  它是一個島
[01:42:13.800 --> 01:42:14.800]  但這個島的話
[01:42:14.800 --> 01:42:16.800]  像是一個石頭山
[01:42:16.800 --> 01:42:17.800]  這個石頭山裡面的話
[01:42:17.800 --> 01:42:19.800]  它有好多的凹凸
[01:42:19.800 --> 01:42:20.800]  不同的地方
[01:42:20.800 --> 01:42:24.800]  它可以做一個藏身之處
[01:42:24.800 --> 01:42:26.800]  讓敵人來追它的時候
[01:42:26.800 --> 01:42:27.800]  就可以躲起來
[01:42:27.800 --> 01:42:29.800]  它不是說一塊石頭
[01:42:29.800 --> 01:42:31.800]  或是一塊光禿禿的石頭
[01:42:31.800 --> 01:42:32.800]  在那個地方
[01:42:32.800 --> 01:42:33.800]  所以沒有錯
[01:42:33.800 --> 01:42:35.800]  那個龐石的話
[01:42:35.800 --> 01:42:36.800]  萬古龐石
[01:42:36.800 --> 01:42:38.800]  裡面的文采是比較好
[01:42:38.800 --> 01:42:39.800]  但是跟原來的
[01:42:39.800 --> 01:42:40.800]  實際的狀況
[01:42:40.800 --> 01:42:42.800]  是有一些不同的
[01:42:42.800 --> 01:42:43.800]  所以說實話
[01:42:43.800 --> 01:42:45.800]  我自己在做翻譯的時候
[01:42:45.800 --> 01:42:47.800]  我的瞳孔指出來說
[01:42:47.800 --> 01:42:48.800]  這個字應該翻譯做
[01:42:48.800 --> 01:42:49.800]  石山比較好
[01:42:49.800 --> 01:42:51.800]  我經過很多的掙扎
[01:42:51.800 --> 01:42:53.800]  後來終於就投降了
[01:42:53.800 --> 01:42:55.800]  然後就接著這樣講
[01:42:55.800 --> 01:42:59.800]  請大家可以了解
[01:42:59.800 --> 01:43:01.800]  謝謝 謝謝
[01:43:01.800 --> 01:43:03.800]  這裡另外有一個問題
[01:43:03.800 --> 01:43:05.800]  我可以補充一句
[01:43:05.800 --> 01:43:08.800]  就講到那個萬古龐石
[01:43:08.800 --> 01:43:10.800]  其實也是很著名的
[01:43:10.800 --> 01:43:11.800]  英文的聲詞
[01:43:11.800 --> 01:43:13.800]  Rock of Ages
[01:43:13.800 --> 01:43:15.800]  但大家可能沒有知道
[01:43:15.800 --> 01:43:16.800]  那個典故
[01:43:16.800 --> 01:43:18.800]  寫這個首詩的人
[01:43:18.800 --> 01:43:21.800]  他只是在一個石山裡面
[01:43:21.800 --> 01:43:23.800]  一個洞穴裡面寫的
[01:43:23.800 --> 01:43:24.800]  他就看到一個石山裡面
[01:43:24.800 --> 01:43:26.800]  有一個東西會創新
[01:43:26.800 --> 01:43:27.800]  他就這樣寫
[01:43:27.800 --> 01:43:29.800]  而不是一個龐石裂開了
[01:43:29.800 --> 01:43:33.800]  他進去寫的
[01:43:33.800 --> 01:43:36.800]  好 謝謝張博士的補充
[01:43:36.800 --> 01:43:37.800]  好 謝謝
[01:43:37.800 --> 01:43:38.800]  還有
[01:43:38.800 --> 01:43:40.800]  那三位那個問題
[01:43:40.800 --> 01:43:42.800]  可能張博士也可以
[01:43:42.800 --> 01:43:45.800]  一塊跟賴博士回應
[01:43:45.800 --> 01:43:47.800]  這裡提到
[01:43:47.800 --> 01:43:50.800]  面對目前市面上
[01:43:50.800 --> 01:43:53.800]  眾多的中文聖經一本
[01:43:53.800 --> 01:43:55.800]  一般的情況之下
[01:43:55.800 --> 01:43:57.800]  信徒或者牧者
[01:43:57.800 --> 01:43:58.800]  照牧同工
[01:43:58.800 --> 01:44:01.800]  應該如何建立一套
[01:44:01.800 --> 01:44:03.800]  有效的多一本
[01:44:03.800 --> 01:44:06.800]  並用的言經的習慣呢
[01:44:06.800 --> 01:44:10.800]  請問兩位有什麼推薦呢
[01:44:10.800 --> 01:44:12.800]  OK 那個我還是請
[01:44:12.800 --> 01:44:15.800]  我們總主編張大明博士
[01:44:15.800 --> 01:44:19.800]  他可以優先給我們解答一下
[01:44:19.800 --> 01:44:23.800]  謝謝了
[01:44:23.800 --> 01:44:27.800]  賴博士是很謙虛
[01:44:27.800 --> 01:44:30.800]  其實我想這個是一個的
[01:44:30.800 --> 01:44:33.800]  牧羊的智慧的問題
[01:44:33.800 --> 01:44:37.800]  我們絕對沒有
[01:44:37.800 --> 01:44:40.800]  不是我們的目的
[01:44:40.800 --> 01:44:42.800]  要好像推翻那個河本
[01:44:42.800 --> 01:44:45.800]  河本是一個很偉大的一本
[01:44:45.800 --> 01:44:49.800]  就是希望西教士來中國
[01:44:49.800 --> 01:44:51.800]  付了很多的艱辛
[01:44:51.800 --> 01:44:52.800]  完成這個一本
[01:44:52.800 --> 01:44:53.800]  其實對我來說
[01:44:53.800 --> 01:44:56.800]  就是好像我新竹的時候
[01:44:56.800 --> 01:44:57.800]  就讀了河本
[01:44:57.800 --> 01:45:00.800]  背很多心聲就是河本
[01:45:00.800 --> 01:45:03.800]  所以其實我自己來說
[01:45:03.800 --> 01:45:07.800]  這個對河本的情感是很深厚的
[01:45:07.800 --> 01:45:10.800]  我想很多的用了河本很久的
[01:45:10.800 --> 01:45:12.800]  這種姐妹也是一樣
[01:45:12.800 --> 01:45:16.800]  但我們其中要面對一個的事實
[01:45:16.800 --> 01:45:22.800]  就是河本是100年前的成本
[01:45:22.800 --> 01:45:25.800]  學術進步了很多
[01:45:25.800 --> 01:45:27.800]  語言也是很大的改變
[01:45:27.800 --> 01:45:29.800]  我們為了一個教會
[01:45:29.800 --> 01:45:33.800]  一致的更新為了扶持新一代的教會
[01:45:33.800 --> 01:45:36.800]  我們不能夠再停在這裡
[01:45:36.800 --> 01:45:42.800]  好像當我們要翻一個新的一本的時候
[01:45:42.800 --> 01:45:44.800]  當然有很不同的阻力
[01:45:44.800 --> 01:45:46.800]  不過我也很感謝
[01:45:46.800 --> 01:45:49.800]  因為現在大家都大概明白了
[01:45:49.800 --> 01:45:55.800]  河本他的局限的地方
[01:45:55.800 --> 01:45:58.800]  所以很多教會都很開放的
[01:45:58.800 --> 01:46:03.800]  去引用不同的一本
[01:46:03.800 --> 01:46:08.800]  也是引起了像在朝鮮的聖經一本
[01:46:08.800 --> 01:46:11.800]  百花齊放的一個現象
[01:46:11.800 --> 01:46:14.800]  我們很感恩的
[01:46:14.800 --> 01:46:15.800]  因為沒有這樣
[01:46:15.800 --> 01:46:18.800]  我們就不會繼續的進步
[01:46:18.800 --> 01:46:20.800]  但另一方面怎麼去協調
[01:46:20.800 --> 01:46:23.800]  的確是一個大的問題
[01:46:23.800 --> 01:46:25.800]  需要教會同工
[01:46:25.800 --> 01:46:28.800]  有一個系統的去處理
[01:46:28.800 --> 01:46:32.800]  因為如果我們有時候用一個一本
[01:46:32.800 --> 01:46:34.800]  有時候用另外一個
[01:46:34.800 --> 01:46:36.800]  不是不好 參考多的一本
[01:46:36.800 --> 01:46:40.800]  讓我們能夠可以更體會到
[01:46:40.800 --> 01:46:43.800]  原本其實有很多不同的可能性
[01:46:43.800 --> 01:46:45.800]  但不好的地方有時候
[01:46:45.800 --> 01:46:48.800]  尤其我在美國生活
[01:46:48.800 --> 01:46:49.800]  在教會裡面
[01:46:49.800 --> 01:46:52.800]  有時候教會可能誤解
[01:46:52.800 --> 01:46:54.800]  覺得我想講的東西
[01:46:54.800 --> 01:46:55.800]  某一個一本有了
[01:46:55.800 --> 01:46:56.800]  所以我就用這個一本
[01:46:56.800 --> 01:46:57.800]  我講的東西
[01:46:57.800 --> 01:46:59.800]  如果一個一本不同意
[01:46:59.800 --> 01:47:00.800]  我就不用了
[01:47:00.800 --> 01:47:02.800]  所以就很多的選擇
[01:47:02.800 --> 01:47:06.800]  變成了聖經只是一個工具
[01:47:06.800 --> 01:47:09.800]  所以這樣就是不好的
[01:47:09.800 --> 01:47:12.800]  我覺得教會應該很有智慧的
[01:47:12.800 --> 01:47:18.800]  如果真的要選用一個主要的一本
[01:47:18.800 --> 01:47:20.800]  因為很多的一本
[01:47:20.800 --> 01:47:23.800]  不是單一兩節的經文的問題
[01:47:23.800 --> 01:47:25.800]  要有一個系統
[01:47:25.800 --> 01:47:28.800]  就怎麼全面的處理聖經的經文
[01:47:28.800 --> 01:47:31.800]  所以有一個比較穩定的
[01:47:31.800 --> 01:47:32.800]  主要的一本
[01:47:32.800 --> 01:47:35.800]  無論是何本還是另外一個一本
[01:47:35.800 --> 01:47:40.800]  就讓信徒能夠比較有系統的去學習
[01:47:40.800 --> 01:47:43.800]  而且去背誦聖經之後
[01:47:43.800 --> 01:47:46.800]  就沒有那麼多的混亂
[01:47:46.800 --> 01:47:49.800]  但另一方面也是要提醒
[01:47:49.800 --> 01:47:52.800]  除了一個主要的一本以外
[01:47:52.800 --> 01:47:57.800]  也是需要有兩三個附著的一本
[01:47:57.800 --> 01:47:59.800]  讓他們參考去比較
[01:47:59.800 --> 01:48:02.800]  免得他們讀經的生活就很僵化
[01:48:02.800 --> 01:48:04.800]  因為你很熟悉一個一本的時候
[01:48:04.800 --> 01:48:06.800]  你一看一句就知道它講什麼
[01:48:06.800 --> 01:48:08.800]  你就很少停下來思想
[01:48:08.800 --> 01:48:10.800]  但如果你看不同的一本
[01:48:10.800 --> 01:48:12.800]  你會想為什麼會這樣
[01:48:12.800 --> 01:48:15.800]  就更容易去了解了聖經的畫面
[01:48:15.800 --> 01:48:18.800]  謝謝張博士很好的提醒
[01:48:18.800 --> 01:48:20.800]  這裡也有一個問題
[01:48:20.800 --> 01:48:23.800]  回應賴博士剛才講的
[01:48:23.800 --> 01:48:25.800]  謝謝賴博士的講解
[01:48:25.800 --> 01:48:27.800]  特別提到華裔本
[01:48:27.800 --> 01:48:29.800]  不是按照原文拼音
[01:48:29.800 --> 01:48:31.800]  將名字翻譯出來
[01:48:31.800 --> 01:48:36.800]  而是按照它名字的本意來翻譯
[01:48:36.800 --> 01:48:39.800]  好像以色列的大兒子
[01:48:39.800 --> 01:48:41.800]  傳統的一本是
[01:48:41.800 --> 01:48:47.800]  「馬黑爾沙拉拉哈斯巴斯」
[01:48:47.800 --> 01:48:53.800]  而華裔本就直接的用「快樂」「舒樂」
[01:48:53.800 --> 01:48:56.800]  使讀者更容易明白
[01:48:56.800 --> 01:48:58.800]  但我們是否所有的名字
[01:48:58.800 --> 01:49:00.800]  都是這樣來翻譯呢
[01:49:00.800 --> 01:49:03.800]  或者是那個名字有特別意思的時候
[01:49:03.800 --> 01:49:06.800]  我們才這樣翻譯呢
[01:49:06.800 --> 01:49:11.800]  OK 謝謝這位熱心的讀者的提問
[01:49:11.800 --> 01:49:14.800]  確實在我過去這幾年裡面
[01:49:14.800 --> 01:49:16.800]  包括我教會的弟兄姊妹
[01:49:16.800 --> 01:49:18.800]  他們給我的回應裡面
[01:49:18.800 --> 01:49:21.800]  關於人名、地名的翻譯
[01:49:21.800 --> 01:49:25.800]  可能華裔本是所有近代
[01:49:25.800 --> 01:49:27.800]  這些中文翻譯本裡面
[01:49:27.800 --> 01:49:29.800]  這方面改變是最大的
[01:49:29.800 --> 01:49:30.800]  我必須承認
[01:49:30.800 --> 01:49:33.800]  因為我們在這邊花了很多工夫
[01:49:33.800 --> 01:49:35.800]  所以不習慣
[01:49:35.800 --> 01:49:38.800]  我就找不到我以前的那個地方
[01:49:38.800 --> 01:49:40.800]  這個是這樣
[01:49:40.800 --> 01:49:42.800]  可是你總是要有一些的
[01:49:42.800 --> 01:49:44.800]  經過改變才可以
[01:49:44.800 --> 01:49:46.800]  所以第一個剛剛大家講到說
[01:49:46.800 --> 01:49:48.800]  這個人名、地名
[01:49:48.800 --> 01:49:50.800]  它原來都是有意思的
[01:49:50.800 --> 01:49:52.800]  那麼我們單單用音的話
[01:49:52.800 --> 01:49:55.800]  是有的時候就會錯過它的
[01:49:55.800 --> 01:49:59.800]  尤其是那些有特別的歷史典故的
[01:49:59.800 --> 01:50:00.800]  那這些地方的話
[01:50:00.800 --> 01:50:02.800]  我們就把它特別的意思就翻譯在
[01:50:02.800 --> 01:50:04.800]  像那個「米利巴水」
[01:50:04.800 --> 01:50:07.800]  那我們就把它翻譯成「控樹地」
[01:50:07.800 --> 01:50:09.800]  「基普羅哈塔瓦」的話
[01:50:09.800 --> 01:50:12.800]  那講說是那個貪欲的墳墓
[01:50:12.800 --> 01:50:13.800]  那這樣的話
[01:50:13.800 --> 01:50:14.800]  像「荷爾瑪」
[01:50:14.800 --> 01:50:16.800]  「荷爾瑪」的話沒有什麼意思
[01:50:16.800 --> 01:50:17.800]  但是在正義的角度
[01:50:17.800 --> 01:50:19.800]  它就是滅亡城
[01:50:19.800 --> 01:50:21.800]  而且好幾個地方都是滅亡城
[01:50:21.800 --> 01:50:23.800]  那你這樣子跟上下文在讀的時候
[01:50:23.800 --> 01:50:25.800]  你就比較不會有那種
[01:50:25.800 --> 01:50:27.800]  還要再轉移到
[01:50:27.800 --> 01:50:30.800]  但是我們在翻譯地名的時候
[01:50:30.800 --> 01:50:31.800]  也有講過
[01:50:31.800 --> 01:50:34.800]  原則上就是教會裡面
[01:50:34.800 --> 01:50:36.800]  大家都已經熟悉的
[01:50:36.800 --> 01:50:37.800]  習慣的地名
[01:50:37.800 --> 01:50:39.800]  我們就盡量不去改它
[01:50:39.800 --> 01:50:41.800]  比如說像「耶路撒冷」的話
[01:50:41.800 --> 01:50:42.800]  你要照自己意思的話
[01:50:42.800 --> 01:50:44.800]  你可以翻譯做「和平的城」
[01:50:44.800 --> 01:50:46.800]  但是太熟了嘛
[01:50:46.800 --> 01:50:48.800]  「伯利恆」就是糧倉
[01:50:48.800 --> 01:50:51.800]  或是有存放糧食的地方
[01:50:51.800 --> 01:50:54.800]  但是這個太熟悉了
[01:50:54.800 --> 01:50:56.800]  我們就不去動它
[01:50:56.800 --> 01:50:57.800]  但另外有些地方的話呢
[01:50:57.800 --> 01:51:00.800]  你能夠更加清楚明白它的意思
[01:51:00.800 --> 01:51:01.800]  我們就改
[01:51:01.800 --> 01:51:06.800]  比如說像那個
[01:51:06.800 --> 01:51:08.800]  剛剛提到的
[01:51:08.800 --> 01:51:12.800]  那個如果哪個地方它
[01:51:12.800 --> 01:51:13.800]  頂多爾啊
[01:51:13.800 --> 01:51:16.800]  它就是多爾這邊有泉水的
[01:51:16.800 --> 01:51:18.800]  那泉水這個對我們大家來講
[01:51:18.800 --> 01:51:20.800]  可能沒有什麼特別意思
[01:51:20.800 --> 01:51:23.800]  但是對當初讀聖經的那些人
[01:51:23.800 --> 01:51:27.800]  那個地方它沒有像我們這邊
[01:51:27.800 --> 01:51:28.800]  長江啊、黃河啊
[01:51:28.800 --> 01:51:30.800]  或是其他這些水流
[01:51:30.800 --> 01:51:31.800]  密西西比河
[01:51:31.800 --> 01:51:33.800]  但因為你只要有一股泉水
[01:51:33.800 --> 01:51:34.800]  或是一口井的話呢
[01:51:34.800 --> 01:51:35.800]  都是不得了的事情
[01:51:35.800 --> 01:51:37.800]  所以它是有它的意思在那邊
[01:51:37.800 --> 01:51:39.800]  那再有就是我們
[01:51:39.800 --> 01:51:42.800]  在那個人名的話呢
[01:51:42.800 --> 01:51:45.800]  它是跟那個船長的姓氏有關
[01:51:45.800 --> 01:51:47.800]  所以我剛剛跟大家提到說
[01:51:47.800 --> 01:51:48.800]  像以賽亞他
[01:51:48.800 --> 01:51:51.800]  跟他的兩個兒子的名字的意思
[01:51:51.800 --> 01:51:53.800]  那個馬黑爾薩拉勒哈斯巴斯
[01:51:53.800 --> 01:51:54.800]  你看這是生命裡面
[01:51:54.800 --> 01:51:56.800]  最長的一個人名
[01:51:56.800 --> 01:51:57.800]  有的人就開玩笑講說
[01:51:57.800 --> 01:51:59.800]  他的媽媽叫他回來吃飯
[01:51:59.800 --> 01:52:01.800]  馬黑爾薩拉勒哈斯巴斯
[01:52:01.800 --> 01:52:02.800]  回來吃飯啊
[01:52:02.800 --> 01:52:03.800]  你看這講完了之後
[01:52:03.800 --> 01:52:05.800]  他都已經跑掉了啊
[01:52:05.800 --> 01:52:06.800]  所以你把那個意思翻一轉
[01:52:06.800 --> 01:52:07.800]  原來是什麼
[01:52:07.800 --> 01:52:09.800]  他就好像站在上面
[01:52:09.800 --> 01:52:11.800]  趕快去搶、趕快去奪
[01:52:11.800 --> 01:52:13.800]  那你翻跟上下文的信息
[01:52:13.800 --> 01:52:14.800]  那就很清楚
[01:52:14.800 --> 01:52:17.800]  那這個西亞亞述
[01:52:17.800 --> 01:52:19.800]  把它翻譯成漁民匪
[01:52:19.800 --> 01:52:20.800]  這個意思把它清楚
[01:52:20.800 --> 01:52:21.800]  所以它是跟那個
[01:52:21.800 --> 01:52:23.800]  以賽亞整個姓氏有關
[01:52:23.800 --> 01:52:24.800]  那這樣子的話呢
[01:52:24.800 --> 01:52:25.800]  你就避免了
[01:52:25.800 --> 01:52:27.800]  那我們過去好多人
[01:52:27.800 --> 01:52:29.800]  也都是為那個和蝦書第一章
[01:52:29.800 --> 01:52:31.800]  那個和蝦的
[01:52:31.800 --> 01:52:33.800]  三個小孩子的名字
[01:52:33.800 --> 01:52:35.800]  那也會困擾
[01:52:35.800 --> 01:52:37.800]  那你把那個意思翻譯出來了
[01:52:37.800 --> 01:52:38.800]  那你就是在讀的時候
[01:52:38.800 --> 01:52:41.800]  你就是跟當初的讀者一樣
[01:52:41.800 --> 01:52:42.800]  你就是有這樣的感受
[01:52:42.800 --> 01:52:44.800]  我覺得這個是我們大家
[01:52:44.800 --> 01:52:46.800]  很認真考慮
[01:52:46.800 --> 01:52:47.800]  那還有呢
[01:52:47.800 --> 01:52:49.800]  就是我們在翻譯一些
[01:52:49.800 --> 01:52:50.800]  人民地名的時候
[01:52:50.800 --> 01:52:52.800]  沒有在這邊講了
[01:52:52.800 --> 01:52:54.800]  有一些人民地名
[01:52:54.800 --> 01:52:55.800]  第一個
[01:52:55.800 --> 01:52:57.800]  你分辨不出是男性還是女性
[01:52:57.800 --> 01:52:59.800]  所以我們在翻譯的時候呢
[01:52:59.800 --> 01:53:01.800]  好像加上一點的那個
[01:53:01.800 --> 01:53:02.800]  女性化的
[01:53:02.800 --> 01:53:03.800]  對不起啊
[01:53:03.800 --> 01:53:05.800]  也許會引發有些人
[01:53:05.800 --> 01:53:06.800]  說賴老師你是有這個
[01:53:06.800 --> 01:53:08.800]  種族性別歧視
[01:53:08.800 --> 01:53:09.800]  沒有的
[01:53:09.800 --> 01:53:10.800]  只是說我們一般
[01:53:10.800 --> 01:53:11.800]  像華人的話
[01:53:11.800 --> 01:53:13.800]  也能夠從那個名字裡面
[01:53:13.800 --> 01:53:14.800]  大概看出
[01:53:14.800 --> 01:53:15.800]  他現在是個女性這樣
[01:53:15.800 --> 01:53:16.800]  比較好一點
[01:53:16.800 --> 01:53:17.800]  那還有呢
[01:53:17.800 --> 01:53:19.800]  就是有一些中文翻譯的名字
[01:53:19.800 --> 01:53:20.800]  甚至人的名字
[01:53:20.800 --> 01:53:22.800]  裡面有一些不好的字眼
[01:53:22.800 --> 01:53:23.800]  困難的難啊
[01:53:23.800 --> 01:53:24.800]  黑暗的暗啊
[01:53:24.800 --> 01:53:25.800]  這些
[01:53:25.800 --> 01:53:26.800]  你在一般
[01:53:26.800 --> 01:53:27.800]  中文取名字的時候
[01:53:27.800 --> 01:53:28.800]  不會取的
[01:53:28.800 --> 01:53:29.800]  所以我們碰到這些的話
[01:53:29.800 --> 01:53:30.800]  我們就把它稍微改一下
[01:53:30.800 --> 01:53:32.800]  比較好聽一點
[01:53:32.800 --> 01:53:34.800]  希望大家讀聖經的經驗
[01:53:34.800 --> 01:53:35.800]  比較好一些
[01:53:35.800 --> 01:53:37.800]  大概是這樣吧
[01:53:37.800 --> 01:53:38.800]  先這樣講
[01:53:38.800 --> 01:53:39.800]  謝謝賴老師
[01:53:39.800 --> 01:53:43.800]  我們的問答時間也差不多了
[01:53:43.800 --> 01:53:45.800]  最後這個問題
[01:53:45.800 --> 01:53:48.800]  就結束剛才的課題
[01:53:48.800 --> 01:53:49.800]  進一步的來問
[01:53:49.800 --> 01:53:51.800]  既然我們那個地名
[01:53:51.800 --> 01:53:53.800]  人民地名
[01:53:53.800 --> 01:53:56.800]  是按照這個意思來翻譯出來
[01:53:56.800 --> 01:53:58.800]  希望能夠讓現代讀者
[01:53:58.800 --> 01:54:04.800]  獲得與當初讀者一致的震撼
[01:54:04.800 --> 01:54:07.800]  如果說在讀經的時候
[01:54:07.800 --> 01:54:10.800]  能夠像第一代的讀者那樣
[01:54:10.800 --> 01:54:12.800]  如臨其境
[01:54:12.800 --> 01:54:14.800]  黃帝本的翻譯的方法
[01:54:14.800 --> 01:54:16.800]  或者翻譯的方式
[01:54:16.800 --> 01:54:19.800]  能夠如何幫助我們
[01:54:19.800 --> 01:54:23.800]  重新的連結聖經的歷史
[01:54:23.800 --> 01:54:26.800]  與和情感呢
[01:54:26.800 --> 01:54:30.800]  我想我們是盡力這樣來做了
[01:54:30.800 --> 01:54:33.800]  所以說講到一個好的翻譯本的話
[01:54:33.800 --> 01:54:36.800]  張達明博士在我們團隊裡面
[01:54:36.800 --> 01:54:37.800]  也跟我們分享
[01:54:37.800 --> 01:54:39.800]  你希望能夠達成準確
[01:54:39.800 --> 01:54:40.800]  清楚
[01:54:40.800 --> 01:54:41.800]  通勝
[01:54:41.800 --> 01:54:42.800]  一致
[01:54:42.800 --> 01:54:43.800]  還有文采
[01:54:43.800 --> 01:54:44.800]  這幾個方面的
[01:54:44.800 --> 01:54:46.800]  那麼大家在讀的時候
[01:54:46.800 --> 01:54:48.800]  就可以給我們回應
[01:54:48.800 --> 01:54:50.800]  說到底這個黃帝本
[01:54:50.800 --> 01:54:51.800]  我們大家努力了
[01:54:51.800 --> 01:54:52.800]  十幾二十年了
[01:54:52.800 --> 01:54:53.800]  有沒有達到這樣
[01:54:53.800 --> 01:54:55.800]  有沒有還要再改進的地方
[01:54:55.800 --> 01:54:57.800]  那確實我們自己在讀的時候
[01:54:57.800 --> 01:54:58.800]  我們現在看到說
[01:54:58.800 --> 01:55:00.800]  我們還是有需要改進的地方
[01:55:00.800 --> 01:55:01.800]  希望說在以後呢
[01:55:01.800 --> 01:55:02.800]  是不是哪些地方
[01:55:02.800 --> 01:55:04.800]  我們稍微修正一點了
[01:55:04.800 --> 01:55:07.800]  能夠更加顯示出來這樣
[01:55:07.800 --> 01:55:11.800]  這些我們還在努力的當中
[01:55:11.800 --> 01:55:12.800]  看說以後
[01:55:12.800 --> 01:55:15.800]  上帝給我們帶領是怎麼樣再說
[01:55:15.800 --> 01:55:19.800]  非常感謝我們兩位智慧學者
[01:55:19.800 --> 01:55:21.800]  賴博士跟張博士
[01:55:21.800 --> 01:55:26.800]  時間關係我把時間交給我們大會的主持人
[01:55:26.800 --> 01:55:32.800]  好謝謝謝謝劉群姊妹
[01:55:32.800 --> 01:55:35.800]  還有我們的兩位回應的嘉賓
[01:55:35.800 --> 01:55:38.800]  很感恩讓我們今天可以在這裡
[01:55:38.800 --> 01:55:40.800]  有這麼豐盛的信息
[01:55:40.800 --> 01:55:46.800]  還有在剛才的回應互動的這個環節當中
[01:55:46.800 --> 01:55:49.800]  也讓我們學習到了更多的信息
[01:55:49.800 --> 01:55:53.800]  也看到弟兄姐妹真的是讀經
[01:55:53.800 --> 01:55:55.800]  也是非常的仔細
[01:55:55.800 --> 01:56:00.800]  也是在各個方面提出了自己的分享回應和想法
[01:56:00.800 --> 01:56:03.800]  那麼很感恩再一次的謝謝大家
[01:56:03.800 --> 01:56:07.800]  來參加我們今天在線上的這個聚會
[01:56:07.800 --> 01:56:10.800]  到這個時間我們也接近尾聲
[01:56:10.800 --> 01:56:12.800]  不過你也不要急著走
[01:56:12.800 --> 01:56:16.800]  還有好消息要跟大家來報告
[01:56:16.800 --> 01:56:20.800]  那我們剛才還有一些的Q&A的問題
[01:56:20.800 --> 01:56:21.800]  那就很抱歉
[01:56:21.800 --> 01:56:23.800]  弟兄姐妹因為我們時間的關係
[01:56:23.800 --> 01:56:25.800]  所以沒有辦法一一的回應
[01:56:25.800 --> 01:56:28.800]  但是我們也非常的歡迎大家
[01:56:28.800 --> 01:56:32.800]  可以來信來電郵
[01:56:32.800 --> 01:56:34.800]  還有其他的一些方式
[01:56:34.800 --> 01:56:37.800]  來與我們來繼續的提出一些問題
[01:56:37.800 --> 01:56:39.800]  進行一些交流
[01:56:39.800 --> 01:56:43.800]  我們非常的樂意聽到大家這個聲音
[01:56:43.800 --> 01:56:48.800]  那麼同時也看到剛才有很多的弟兄姐妹提出說
[01:56:48.800 --> 01:56:52.800]  可以在哪裡購買到環球聖經一本
[01:56:52.800 --> 01:56:56.800]  那我們環球聖經公會聯合天道書樓
[01:56:56.800 --> 01:56:57.800]  天道福音中心
[01:56:57.800 --> 01:57:01.800]  我們在全球各地都有辦事處
[01:57:01.800 --> 01:57:03.800]  我們環聖有辦事處
[01:57:03.800 --> 01:57:05.800]  天道書樓也有
[01:57:05.800 --> 01:57:08.800]  那麼在除了天道福音中心
[01:57:08.800 --> 01:57:11.800]  天道書樓有出售環球一本以外
[01:57:11.800 --> 01:57:16.800]  我們也是在各地全球各地的基督教書房
[01:57:16.800 --> 01:57:19.800]  也是有我們的環球聖經一本
[01:57:19.800 --> 01:57:22.800]  歡迎大家可以前往選購
[01:57:22.800 --> 01:57:24.800]  那如果是電子版的話
[01:57:24.800 --> 01:57:28.800]  也可以訪問環球聖經公會的網站
[01:57:28.800 --> 01:57:31.800]  以及我們目前在微讀聖經上面
[01:57:31.800 --> 01:57:33.800]  也有電子版本的聖經
[01:57:33.800 --> 01:57:38.800]  那我們在前幾年也有出版的四冊一套的
[01:57:38.800 --> 01:57:41.800]  環球聖經一本詳導本
[01:57:41.800 --> 01:57:43.800]  上面有很詳細的註解
[01:57:43.800 --> 01:57:48.800]  是非常實用的一個讀經的材料
[01:57:48.800 --> 01:57:52.800]  所以也請大家可以來關注來使用
[01:57:52.800 --> 01:57:55.800]  那我們今天的好消息就是
[01:57:55.800 --> 01:58:00.800]  我們所有的報名參加這個聚會的弟兄姐妹
[01:58:00.800 --> 01:58:04.800]  都有機會可以領取到一份我們的電子書
[01:58:04.800 --> 01:58:09.800]  也是我們賴建國博士經過很長時間的研究
[01:58:09.800 --> 01:58:12.800]  書寫著作的古語新譯
[01:58:12.800 --> 01:58:16.800]  環譯本解說365
[01:58:16.800 --> 01:58:21.800]  那麼這一本我們是免費發送給大家
[01:58:21.800 --> 01:58:26.800]  可以更在聖經翻譯還有各方面
[01:58:26.800 --> 01:58:30.800]  我們舉一些例子來使用
[01:58:30.800 --> 01:58:34.800]  那發放的方式我們將
[01:58:34.800 --> 01:58:39.800]  登記報名的電郵來發送
[01:58:39.800 --> 01:58:46.800]  務必的來留意有環球聖經的電郵信息
[01:58:46.800 --> 01:58:49.800]  那特別如果是
[01:58:49.800 --> 01:58:54.800]  可能會跑去垃圾箱和spam
[01:58:54.800 --> 01:58:59.800]  郵件歸類裡面就請大家要留意了
[01:58:59.800 --> 01:59:01.800]  那麼下面的話呢
[01:59:01.800 --> 01:59:04.800]  我們也請我們所有
[01:59:04.800 --> 01:59:09.800]  我們的同工我們的講員一起打開
[01:59:09.800 --> 01:59:17.800]  今天有這樣一個機會在線上
[01:59:17.800 --> 01:59:20.800]  可以跟大家有聚會
[01:59:20.800 --> 01:59:25.800]  那當然我們聖經翻譯的工作
[01:59:25.800 --> 01:59:30.800]  某一個譯本的完成就結束了還有繼續
[01:59:30.800 --> 01:59:35.800]  我們也非常期待大家繼續的
[01:59:35.800 --> 01:59:40.800]  研究翻譯的工作上面給我們帶導的
[01:59:40.800 --> 01:59:45.800]  大家參與義工還有
[01:59:45.800 --> 01:59:49.800]  支持我們在施工上各個方面的需要
[01:59:49.800 --> 01:59:56.800]  那麼大家也可以在我們的環球聖經公會網站
[01:59:56.800 --> 02:00:01.800]  也歡迎你們來到我們在全球
[02:00:01.800 --> 02:00:06.800]  與我們的同工可以面對面的有交流的
[02:00:06.800 --> 02:00:11.800]  現在線上的聚會就要到此結束
[02:00:11.800 --> 02:00:16.800]  一本總主編張達明博士
[02:00:16.800 --> 02:00:19.800]  的這個聚會的結束禱告
[02:00:47.800 --> 02:00:49.800]  最初的構思
[02:00:49.800 --> 02:00:51.800]  籌備
[02:00:51.800 --> 02:00:53.800]  盡力的完成
[02:00:53.800 --> 02:00:55.800]  我們感謝你
[02:00:55.800 --> 02:01:00.800]  果孝也是線上禱告
[02:01:00.800 --> 02:01:05.800]  都能夠更深的認識聖經
[02:01:05.800 --> 02:01:07.800]  更明白翻譯的重要
[02:01:07.800 --> 02:01:11.800]  也更渴望實踐你的真理
[02:01:11.800 --> 02:01:14.800]  讓我們的生命能夠得到更新
[02:01:14.800 --> 02:01:16.800]  也更有信心與把握
[02:01:16.800 --> 02:01:19.800]  在教會裡面在家庭裡面
[02:01:19.800 --> 02:01:23.800]  在社會中都能夠分享你的話語
[02:01:23.800 --> 02:01:26.800]  願你的名得到高舉
[02:01:26.800 --> 02:01:29.800]  願你的旨意成就在我們當中
[02:01:29.800 --> 02:01:31.800]  我們將禱告
[02:01:31.800 --> 02:01:33.800]  侍奉主耶穌寶貴的名球
[02:01:33.800 --> 02:01:35.800]  阿們
[02:01:35.800 --> 02:01:41.800]  好我們今天在線上的聚會就到此結束了
[02:01:41.800 --> 02:01:45.800]  也讓我們跟大家拜拜
[02:01:45.800 --> 02:01:48.800]  歡迎你們繼續的用其他的方式
[02:01:48.800 --> 02:01:50.800]  來跟我們聯繫 保持聯絡
[02:01:50.800 --> 02:01:52.800]  歡迎大家繼續的關注
[02:01:52.800 --> 02:01:55.800]  環球聖經公會的聖經翻譯工作
[02:01:55.800 --> 02:01:57.800]  以及聖經中文翻譯中心
[02:01:57.800 --> 02:01:58.800]  繼續的工作
[02:01:58.800 --> 02:02:00.800]  謝謝你們的支持
[02:02:00.800 --> 02:02:02.800]  拜拜
[02:02:02.800 --> 02:02:04.800]  拜拜 謝謝
[02:02:11.800 --> 02:02:15.340]  未经许可,不得翻唱或使用
