
[00:00:00.000 --> 00:00:16.000]  (內容簡介)
[00:00:16.000 --> 00:00:18.800]  林健牧師來到我們當中
[00:00:18.800 --> 00:00:23.000]  分享一個近年比較少人說的主題
[00:00:23.000 --> 00:00:25.000]  但其實是一個很重要的
[00:00:25.000 --> 00:00:27.000]  就是我們的教理
[00:00:27.000 --> 00:00:30.000]  我剛才和林健牧師閒談的時候
[00:00:30.000 --> 00:00:33.000]  我們所謂的後現代人
[00:00:33.000 --> 00:00:35.000]  很不喜歡有些規矩
[00:00:35.000 --> 00:00:37.000]  所以一聽到教理
[00:00:37.000 --> 00:00:39.000]  有部分的人
[00:00:39.000 --> 00:00:41.000]  包括弟兄姊妹或是教外的人
[00:00:41.000 --> 00:00:43.000]  就覺得只是規條而已
[00:00:43.000 --> 00:00:47.000]  但其實你們也可以說
[00:00:47.000 --> 00:00:48.000]  就算好像讀書一樣
[00:00:48.000 --> 00:00:49.000]  有一個雞精班
[00:00:49.000 --> 00:00:50.000]  那些雞精來的
[00:00:50.000 --> 00:00:52.000]  有些很重要的精華
[00:00:52.000 --> 00:00:54.000]  當然裡面有很多東西要討論
[00:00:54.000 --> 00:00:57.000]  但都是一些精華
[00:00:57.000 --> 00:01:00.000]  我們希望我們一個
[00:01:00.000 --> 00:01:02.000]  不論什麼世代的人
[00:01:02.000 --> 00:01:06.000]  其實都很需要去認識真理
[00:01:06.000 --> 00:01:08.000]  真理可以很長的去說
[00:01:08.000 --> 00:01:12.000]  亦都可以很精華的去總結出來
[00:01:12.000 --> 00:01:14.000]  我們希望我們今晚
[00:01:14.000 --> 00:01:16.000]  是一個開始
[00:01:16.000 --> 00:01:19.000]  去重新去檢視我們的信仰
[00:01:19.000 --> 00:01:22.000]  歷世歷代很多這些教理
[00:01:22.000 --> 00:01:28.000]  歷世歷代很多的先賢
[00:01:28.000 --> 00:01:32.000]  他們都花了很多時間去研究
[00:01:32.000 --> 00:01:34.000]  很仔細的去研究這些教理
[00:01:34.000 --> 00:01:38.000]  以至於可能有不同的派別
[00:01:38.000 --> 00:01:42.000]  但其實裡面都有很深層的一些想法
[00:01:42.000 --> 00:01:44.000]  和要求
[00:01:44.000 --> 00:01:45.000]  我們不要忽略
[00:01:45.000 --> 00:01:47.000]  他們只是麻煩而已
[00:01:47.000 --> 00:01:49.000]  其實一點都不麻煩
[00:01:49.000 --> 00:01:50.000]  我自己是教書的
[00:01:50.000 --> 00:01:53.000]  我知道教書我們經常都是教一些麻煩的東西
[00:01:53.000 --> 00:01:55.000]  但是你不去了解
[00:01:55.000 --> 00:01:59.000]  就好像AI一定會超越你
[00:01:59.000 --> 00:02:00.000]  你理解的話
[00:02:00.000 --> 00:02:01.000]  AI是超越不到你的
[00:02:01.000 --> 00:02:05.000]  我們將時間交給林健牧先
[00:02:05.000 --> 00:02:12.000]  大家好
[00:02:12.000 --> 00:02:14.000]  剛才Jonathan說什麼
[00:02:14.000 --> 00:02:16.000]  近年很少人說這個
[00:02:16.000 --> 00:02:19.000]  我想近幾十年都沒有人說這些
[00:02:19.000 --> 00:02:21.000]  但希望我們今天聊完之後
[00:02:21.000 --> 00:02:24.000]  你會明白為什麼我們需要去想
[00:02:24.000 --> 00:02:28.000]  這個信仰古白的東西
[00:02:28.000 --> 00:02:29.000]  無論如何
[00:02:29.000 --> 00:02:30.000]  今天技術上有些問題
[00:02:30.000 --> 00:02:33.000]  我又要控制住兩個電腦
[00:02:33.000 --> 00:02:36.000]  但希望是OK的
[00:02:36.000 --> 00:02:41.000]  首先歡迎大家來到我們今天的講座
[00:02:41.000 --> 00:02:43.000]  不知道大家喜不喜歡這個
[00:02:43.000 --> 00:02:44.000]  Human Torch
[00:02:44.000 --> 00:02:48.000]  霹靂火的傳言為你
[00:02:48.000 --> 00:02:51.000]  我想了很久
[00:02:51.000 --> 00:02:55.000]  這個題目本身可能是比較悶的題目
[00:02:55.000 --> 00:02:56.000]  於是我就說
[00:02:56.000 --> 00:02:59.000]  我不如有一個比較實在的東西
[00:02:59.000 --> 00:03:00.000]  我就想了很久
[00:03:00.000 --> 00:03:03.000]  我怎樣去形容改革中的信仰
[00:03:03.000 --> 00:03:06.000]  我就選擇用傳言為你
[00:03:06.000 --> 00:03:08.000]  待會你慢慢聽的時候
[00:03:08.000 --> 00:03:10.000]  你會比較知道
[00:03:10.000 --> 00:03:14.000]  為什麼我用傳言為你來形容改革中
[00:03:14.000 --> 00:03:16.000]  為什麼我們有這個討論
[00:03:16.000 --> 00:03:18.000]  其中一個原因是因為
[00:03:18.000 --> 00:03:22.000]  環球聖經公會正在做一個新的翻譯
[00:03:22.000 --> 00:03:25.000]  翻譯這些改革中的信仰古白
[00:03:25.000 --> 00:03:28.000]  我有一個朋友幫他們做翻譯
[00:03:28.000 --> 00:03:30.000]  遲些會出的
[00:03:30.000 --> 00:03:32.000]  他就有這個討論
[00:03:32.000 --> 00:03:36.000]  他說不如你來幫我講這個討論
[00:03:36.000 --> 00:03:41.000]  我來講的原因是因為我有
[00:03:41.000 --> 00:03:49.000]  因為我有雙重身份在香港
[00:03:49.000 --> 00:03:53.000]  第一就是我是一個植錦堂的牧師
[00:03:53.000 --> 00:03:57.000]  兩年多前我們開設了一個教會
[00:03:57.000 --> 00:03:59.000]  在銅鑼灣的叫Crossway
[00:03:59.000 --> 00:04:03.000]  中文叫做十教基督教會
[00:04:03.000 --> 00:04:08.000]  我回來香港大概11年左右
[00:04:08.000 --> 00:04:10.000]  之前在忠臣服侍過
[00:04:10.000 --> 00:04:14.000]  在另一個堂會服侍了7年
[00:04:14.000 --> 00:04:18.000]  Crossway對我來說是很特別的
[00:04:18.000 --> 00:04:22.000]  可以介紹是香港小有
[00:04:22.000 --> 00:04:25.000]  我們是全香港最小間
[00:04:25.000 --> 00:04:29.000]  但是有三個語言崇拜的教會
[00:04:29.000 --> 00:04:32.000]  每個星期我們都會有廣東話
[00:04:32.000 --> 00:04:36.000]  有普通話和英語崇拜
[00:04:36.000 --> 00:04:42.000]  我們總共崇拜人數可能120至150左右
[00:04:42.000 --> 00:04:45.000]  這個是我的一個身份
[00:04:45.000 --> 00:04:47.000]  另外一個身份就是
[00:04:47.000 --> 00:04:51.000]  我是美國長老會的一個牧師
[00:04:51.000 --> 00:04:57.000]  其實我自己被安納的是在美國的長老會
[00:04:57.000 --> 00:04:59.000]  所以為什麼我來講呢
[00:04:59.000 --> 00:05:01.000]  因為作為一個美國長老會的牧師
[00:05:01.000 --> 00:05:03.000]  我的信仰告白就是
[00:05:03.000 --> 00:05:06.000]  Westminster Confession of Faith
[00:05:06.000 --> 00:05:08.000]  就是西敏斯特的信仰告白
[00:05:08.000 --> 00:05:10.000]  一會兒會和大家解釋一下
[00:05:10.000 --> 00:05:12.000]  或者你對PCA
[00:05:12.000 --> 00:05:14.000]  就是Presbyterian Church of America
[00:05:14.000 --> 00:05:16.000]  是沒有什麼印象的
[00:05:16.000 --> 00:05:18.000]  不過照我所知
[00:05:18.000 --> 00:05:21.000]  我是香港唯一一個PCA的牧師
[00:05:21.000 --> 00:05:22.000]  在香港服侍
[00:05:22.000 --> 00:05:24.000]  但是三年前
[00:05:24.000 --> 00:05:29.000]  Brian Chappell有來過港九研經大會講道
[00:05:29.000 --> 00:05:33.000]  他就是我們一個資深的牧師
[00:05:33.000 --> 00:05:35.000]  我不知道你有沒有印象
[00:05:35.000 --> 00:05:37.000]  那一年他回來的時候
[00:05:37.000 --> 00:05:39.000]  我和他喝了一杯咖啡
[00:05:39.000 --> 00:05:40.000]  他也鼓勵我
[00:05:40.000 --> 00:05:42.000]  不如你出去植糖
[00:05:42.000 --> 00:05:45.000]  所以這個是有一點點的背景
[00:05:45.000 --> 00:05:47.000]  一會兒我會講多一點點
[00:05:47.000 --> 00:05:50.000]  今天我們講的題目是
[00:05:50.000 --> 00:05:52.000]  改革中的信仰
[00:05:52.000 --> 00:05:55.000]  要想改革中的信仰
[00:05:55.000 --> 00:06:00.000]  我們需要讀一點點改革中的歷史
[00:06:00.000 --> 00:06:02.000]  或者我們要回到我們
[00:06:02.000 --> 00:06:05.000]  作為一個基督徒
[00:06:05.000 --> 00:06:08.000]  我們不是天主教徒
[00:06:08.000 --> 00:06:12.000]  究竟我們的歷史是怎麼開始的
[00:06:12.000 --> 00:06:16.000]  我是一個Layman
[00:06:16.000 --> 00:06:18.000]  我不是一個神學家
[00:06:18.000 --> 00:06:19.000]  我沒有PhD
[00:06:19.000 --> 00:06:21.000]  在這個系列的講座裡
[00:06:21.000 --> 00:06:24.000]  我是唯一一個沒有博士學位的
[00:06:24.000 --> 00:06:28.000]  所以我現在用一個沒有博士學位的角度
[00:06:28.000 --> 00:06:30.000]  跟大家講教會歷史
[00:06:30.000 --> 00:06:33.000]  你又少學雞 我又少學雞
[00:06:33.000 --> 00:06:36.000]  我和你解釋的時候
[00:06:36.000 --> 00:06:39.000]  我想到的東西你都會明白
[00:06:39.000 --> 00:06:42.000]  我們要回到什麼時候呢
[00:06:42.000 --> 00:06:44.000]  就是1517年
[00:06:44.000 --> 00:06:46.000]  我想大家都有一點點記憶
[00:06:46.000 --> 00:06:48.000]  九年前左右
[00:06:48.000 --> 00:06:49.000]  2017年
[00:06:49.000 --> 00:06:51.000]  記不記得那一年
[00:06:51.000 --> 00:06:54.000]  改革中的500週年紀念
[00:06:54.000 --> 00:06:57.000]  究竟1517發生什麼事呢
[00:06:57.000 --> 00:07:00.000]  1517的萬聖節
[00:07:00.000 --> 00:07:02.000]  10月31號
[00:07:02.000 --> 00:07:05.000]  有一個人叫馬丁路德
[00:07:05.000 --> 00:07:06.000]  九年前
[00:07:06.000 --> 00:07:09.000]  我記得我們那時候教會做了很多事
[00:07:09.000 --> 00:07:10.000]  有什麼問答遊戲
[00:07:10.000 --> 00:07:11.000]  我還贏了
[00:07:11.000 --> 00:07:13.000]  這個馬丁路德的公仔
[00:07:13.000 --> 00:07:14.000]  厲害了
[00:07:14.000 --> 00:07:16.000]  在歐洲買回來的
[00:07:16.000 --> 00:07:18.000]  我們教會不知道有十個
[00:07:18.000 --> 00:07:19.000]  我贏了一個
[00:07:19.000 --> 00:07:25.000]  他在那年的10月31號
[00:07:25.000 --> 00:07:27.000]  他在Wittenberg
[00:07:27.000 --> 00:07:32.000]  就是德國的教堂門口
[00:07:32.000 --> 00:07:34.000]  那個教堂叫All Saints Church
[00:07:34.000 --> 00:07:35.000]  都是叫萬聖教會
[00:07:35.000 --> 00:07:36.000]  萬聖堂
[00:07:36.000 --> 00:07:38.000]  萬聖節萬聖堂
[00:07:38.000 --> 00:07:40.000]  釘了一個95 Thesis
[00:07:40.000 --> 00:07:43.000]  95條的論綱
[00:07:43.000 --> 00:07:45.000]  其實他的心願就是
[00:07:45.000 --> 00:07:48.000]  他出生都是一個羅馬天主教的人
[00:07:48.000 --> 00:07:50.000]  但他覺得教會出了問題
[00:07:50.000 --> 00:07:54.000]  於是他很想教會有改革
[00:07:54.000 --> 00:07:56.000]  寫了95條論綱
[00:07:56.000 --> 00:07:57.000]  其實是想討論
[00:07:57.000 --> 00:08:00.000]  希望幫助教會更生
[00:08:00.000 --> 00:08:02.000]  但結果就被人追殺
[00:08:02.000 --> 00:08:05.000]  當然我們跳了很多東西
[00:08:05.000 --> 00:08:06.000]  他想復興教會
[00:08:06.000 --> 00:08:07.000]  結果被人追殺
[00:08:07.000 --> 00:08:09.000]  當時整個歐洲其實
[00:08:09.000 --> 00:08:12.000]  改革的精神是蔓延整個歐洲
[00:08:12.000 --> 00:08:14.000]  結果就一呼百應
[00:08:14.000 --> 00:08:16.000]  就彈了出來
[00:08:16.000 --> 00:08:18.000]  我們現在有基督新教
[00:08:18.000 --> 00:08:20.000]  他那時想都沒想過
[00:08:20.000 --> 00:08:23.000]  自己想出來
[00:08:23.000 --> 00:08:25.000]  如果你記得當時
[00:08:25.000 --> 00:08:28.000]  基督新教有一些核心價值
[00:08:28.000 --> 00:08:29.000]  很重要的
[00:08:29.000 --> 00:08:31.000]  我想九年前
[00:08:31.000 --> 00:08:32.000]  慶祝五百週年的時候
[00:08:32.000 --> 00:08:34.000]  我們都會有說
[00:08:34.000 --> 00:08:36.000]  是五個Sola
[00:08:36.000 --> 00:08:37.000]  即是五個唯獨
[00:08:37.000 --> 00:08:40.000]  包括我們從第一開始
[00:08:40.000 --> 00:08:41.000]  唯獨聖經
[00:08:41.000 --> 00:08:42.000]  唯獨恩典
[00:08:42.000 --> 00:08:44.000]  唯獨信心
[00:08:44.000 --> 00:08:45.000]  唯獨基督
[00:08:45.000 --> 00:08:47.000]  唯獨上帝的榮耀
[00:08:47.000 --> 00:08:49.000]  Glory to God
[00:08:49.000 --> 00:08:50.000]  Alone
[00:08:50.000 --> 00:08:52.000]  我們沒時間說五個唯獨
[00:08:52.000 --> 00:08:55.000]  因為說了這個talk就不用說了
[00:08:55.000 --> 00:08:57.000]  但在眾多唯獨裏面
[00:08:57.000 --> 00:08:58.000]  所有大家都知道
[00:08:58.000 --> 00:09:03.000]  最重要的其實是第一個
[00:09:03.000 --> 00:09:05.000]  Sola Scriptura
[00:09:05.000 --> 00:09:06.000]  唯獨聖經
[00:09:06.000 --> 00:09:09.000]  因為當時其實你如果知道
[00:09:09.000 --> 00:09:11.000]  在歐洲的時候
[00:09:11.000 --> 00:09:13.000]  他們所讀的聖經
[00:09:13.000 --> 00:09:15.000]  或者羅馬天主教用的聖經
[00:09:15.000 --> 00:09:16.000]  可能是拉丁文
[00:09:16.000 --> 00:09:18.000]  他們去mass的時候
[00:09:18.000 --> 00:09:21.000]  可能他們都是聽人家說拉丁文
[00:09:21.000 --> 00:09:22.000]  根本他們聽不懂
[00:09:22.000 --> 00:09:23.000]  不知道
[00:09:23.000 --> 00:09:25.000]  沒有人有聖經
[00:09:25.000 --> 00:09:27.000]  而改革中的人
[00:09:27.000 --> 00:09:29.000]  或者當時中國改革的人
[00:09:29.000 --> 00:09:32.000]  我們說中都有幾個branches
[00:09:32.000 --> 00:09:35.000]  最想做的就是將聖經翻譯
[00:09:35.000 --> 00:09:37.000]  翻譯成當地人
[00:09:37.000 --> 00:09:39.000]  無論是法文
[00:09:39.000 --> 00:09:40.000]  又或者是德文
[00:09:40.000 --> 00:09:42.000]  或者荷蘭文
[00:09:42.000 --> 00:09:43.000]  或者中文
[00:09:43.000 --> 00:09:45.000]  現在我們理所當然
[00:09:45.000 --> 00:09:47.000]  每個人都拿著自己的語言
[00:09:47.000 --> 00:09:49.000]  但當時不是這樣的
[00:09:49.000 --> 00:09:51.000]  是沒有人有這東西的
[00:09:51.000 --> 00:09:53.000]  而這東西是創造了
[00:09:53.000 --> 00:09:58.000]  今天我們每個人手上拿著一本聖經
[00:09:58.000 --> 00:10:04.000]  如果你有機會
[00:10:04.000 --> 00:10:05.000]  看回歷史裏面
[00:10:05.000 --> 00:10:07.000]  你會發現
[00:10:07.000 --> 00:10:10.000]  歐洲的中亞改革開始之後
[00:10:10.000 --> 00:10:12.000]  有幾個主要的分支
[00:10:12.000 --> 00:10:14.000]  不知道大家有沒有聽過
[00:10:14.000 --> 00:10:16.000]  第一 因為馬丁路德丁
[00:10:16.000 --> 00:10:18.000]  戴亞哥當然是路德
[00:10:18.000 --> 00:10:20.000]  於是有一個叫路德宗
[00:10:20.000 --> 00:10:22.000]  我們叫他German Reformation
[00:10:22.000 --> 00:10:25.000]  尤其是Lutherans
[00:10:25.000 --> 00:10:27.000]  今天香港都有Lutheran Church
[00:10:27.000 --> 00:10:29.000]  第二個呢
[00:10:29.000 --> 00:10:32.000]  我們叫做二帝
[00:10:32.000 --> 00:10:35.000]  二帝就是Swiss Reformation
[00:10:35.000 --> 00:10:37.000]  我們叫他改革中
[00:10:37.000 --> 00:10:39.000]  其實背後的人物就是John Calvin
[00:10:39.000 --> 00:10:41.000]  就是約翰加爾文
[00:10:41.000 --> 00:10:43.000]  但他是沒有出名的
[00:10:43.000 --> 00:10:45.000]  但加爾文我可以這樣說
[00:10:45.000 --> 00:10:47.000]  二帝其實更勝大哥
[00:10:47.000 --> 00:10:51.000]  從他整個神學思想的影響力
[00:10:51.000 --> 00:10:54.000]  今天我們說的Reform Compassion
[00:10:54.000 --> 00:10:57.000]  就是加爾文影響出來的信仰告白
[00:10:57.000 --> 00:11:00.000]  所以我們今天不是說路德宗
[00:11:00.000 --> 00:11:02.000]  但整個故事開始
[00:11:02.000 --> 00:11:05.000]  是因為馬丁路德丁的95 Theses
[00:11:05.000 --> 00:11:07.000]  一會兒我給你看地圖
[00:11:07.000 --> 00:11:09.000]  你就會知道
[00:11:09.000 --> 00:11:11.000]  在Reformation裏面
[00:11:11.000 --> 00:11:13.000]  還有第三個Branch
[00:11:13.000 --> 00:11:15.000]  叫做Radical Reformation
[00:11:15.000 --> 00:11:17.000]  我們通常叫做Anabaptist
[00:11:17.000 --> 00:11:20.000]  Anabaptist的意思就是重新再洗
[00:11:20.000 --> 00:11:21.000]  很難想像
[00:11:21.000 --> 00:11:24.000]  今天我們很多人都是成人才洗禮
[00:11:24.000 --> 00:11:26.000]  包括我自己在內
[00:11:26.000 --> 00:11:29.000]  很多人我們都是去浸信會的教會
[00:11:29.000 --> 00:11:31.000]  但當時是沒有的
[00:11:31.000 --> 00:11:32.000]  因為羅馬天主教
[00:11:32.000 --> 00:11:34.000]  生出來的嬰兒就洗的
[00:11:34.000 --> 00:11:37.000]  後來於是路德也好
[00:11:37.000 --> 00:11:38.000]  馬丁路德也好
[00:11:38.000 --> 00:11:40.000]  或者John Calvin也好
[00:11:40.000 --> 00:11:42.000]  都是嬰兒就受洗了
[00:11:42.000 --> 00:11:45.000]  其中一個他們需要處理最大的問題就是
[00:11:45.000 --> 00:11:50.000]  現在我們脫離羅馬天主教
[00:11:50.000 --> 00:11:53.000]  我們還要不要重洗呢
[00:11:53.000 --> 00:11:55.000]  教會出了問題
[00:11:55.000 --> 00:11:57.000]  以前的洗禮算不算數呢
[00:11:57.000 --> 00:11:58.000]  還是要重洗
[00:11:58.000 --> 00:12:00.000]  有一班人叫做重洗派
[00:12:00.000 --> 00:12:01.000]  Anabaptist
[00:12:01.000 --> 00:12:04.000]  就是當中的Radical Reformation
[00:12:04.000 --> 00:12:06.000]  他們是激進派
[00:12:06.000 --> 00:12:09.000]  他們說一定要重洗
[00:12:09.000 --> 00:12:11.000]  甚至以後發展到
[00:12:11.000 --> 00:12:12.000]  嬰兒不洗
[00:12:12.000 --> 00:12:14.000]  要後來長大了
[00:12:14.000 --> 00:12:16.000]  有信心
[00:12:16.000 --> 00:12:17.000]  有應信
[00:12:17.000 --> 00:12:18.000]  才洗的
[00:12:18.000 --> 00:12:20.000]  我們今天不會說太多
[00:12:20.000 --> 00:12:21.000]  第三
[00:12:21.000 --> 00:12:22.000]  還有第四個
[00:12:22.000 --> 00:12:24.000]  第四個我想和大家說的Branch
[00:12:24.000 --> 00:12:27.000]  就是English Reformation
[00:12:27.000 --> 00:12:32.000]  大家知道歐洲大陸和英國隔了一條河
[00:12:32.000 --> 00:12:33.000]  隔了一條海
[00:12:33.000 --> 00:12:34.000]  因為這個緣故
[00:12:34.000 --> 00:12:36.000]  其實英國起初
[00:12:36.000 --> 00:12:39.000]  未必是這麼牽涉歐洲大陸的
[00:12:39.000 --> 00:12:41.000]  英國聖公會
[00:12:41.000 --> 00:12:43.000]  大家知道我們今天不知道有多少人
[00:12:43.000 --> 00:12:47.000]  千千萬萬人都是聖公會學校畢業的
[00:12:47.000 --> 00:12:49.000]  聖公會是怎麼來的呢
[00:12:49.000 --> 00:12:51.000]  為什麼會有English Reformation呢
[00:12:51.000 --> 00:12:53.000]  原來就是當時的皇帝
[00:12:53.000 --> 00:12:55.000]  Henry VIII
[00:12:55.000 --> 00:12:56.000]  亨利第八世
[00:12:56.000 --> 00:13:00.000]  其實他是為了一個很私人的原因脫離羅馬天主教
[00:13:00.000 --> 00:13:01.000]  他不是因為宗教
[00:13:01.000 --> 00:13:03.000]  不是因為他看了聖經覺得有沒有搞錯
[00:13:03.000 --> 00:13:05.000]  我現在真的要去明白聖經
[00:13:05.000 --> 00:13:08.000]  於是我們要脫離羅馬天主教
[00:13:08.000 --> 00:13:09.000]  不是
[00:13:09.000 --> 00:13:11.000]  他要脫離的原因是因為他要離婚
[00:13:11.000 --> 00:13:14.000]  而那個教皇不讓他離婚
[00:13:14.000 --> 00:13:16.000]  於是說我就pep up and load up
[00:13:16.000 --> 00:13:18.000]  我現在獨立了
[00:13:18.000 --> 00:13:19.000]  獨立我自己做教皇
[00:13:19.000 --> 00:13:21.000]  我就可以離婚了
[00:13:21.000 --> 00:13:22.000]  可以再娶
[00:13:22.000 --> 00:13:24.000]  總之他不知道要生一個兒子等等
[00:13:24.000 --> 00:13:26.000]  因為這樣的情況
[00:13:26.000 --> 00:13:29.000]  完全跟宗教沒有關係的情況
[00:13:29.000 --> 00:13:33.000]  英國在當時的教會就獨立了
[00:13:33.000 --> 00:13:35.000]  教會一獨立的時候
[00:13:35.000 --> 00:13:37.000]  裡面有一些牧師
[00:13:37.000 --> 00:13:40.000]  就是很想借這個機會
[00:13:40.000 --> 00:13:43.000]  去將教會聖經化
[00:13:43.000 --> 00:13:45.000]  跟回聖經的原因
[00:13:45.000 --> 00:13:46.000]  English Reformation
[00:13:46.000 --> 00:13:47.000]  當然了
[00:13:47.000 --> 00:13:49.000]  English Reformation
[00:13:49.000 --> 00:13:53.000]  他們跟德國和後來加爾文都有聯絡
[00:13:53.000 --> 00:13:57.000]  所以他們受了加爾文和路德很大的影響
[00:13:57.000 --> 00:13:58.000]  好
[00:13:58.000 --> 00:14:00.000]  有片看
[00:14:00.000 --> 00:14:03.000]  我想和你去看一下
[00:14:03.000 --> 00:14:08.000]  當時宗教改革時候的一些很重要的特質
[00:14:08.000 --> 00:14:11.000]  第一我想你看一下路德宗
[00:14:11.000 --> 00:14:15.000]  大家不知道那時候有沒有看過那套電影
[00:14:15.000 --> 00:14:17.000]  2003年有一套電影叫Luther
[00:14:17.000 --> 00:14:19.000]  是講馬丁路德的
[00:14:19.000 --> 00:14:22.000]  我記得當年2017年我們教會都播的
[00:14:22.000 --> 00:14:25.000]  我以前有個老師說覺得他拍得不錯
[00:14:25.000 --> 00:14:26.000]  整套電影裡面
[00:14:26.000 --> 00:14:28.000]  講路德的宗教改革裡面
[00:14:28.000 --> 00:14:30.000]  有兩幕
[00:14:30.000 --> 00:14:31.000]  兩分鐘
[00:14:31.000 --> 00:14:32.000]  是我特別
[00:14:32.000 --> 00:14:35.000]  我自己私人特別感動的
[00:14:35.000 --> 00:14:40.000]  也都我覺得是代表了宗教改革的情懷
[00:14:40.000 --> 00:14:44.000]  所以我先播第一個給大家看
[00:14:44.000 --> 00:14:47.000]  你看到這個一分鐘
[00:14:47.000 --> 00:14:50.000]  就是講路德被人追殺
[00:14:50.000 --> 00:14:52.000]  然後被人救了
[00:14:52.000 --> 00:14:58.000]  然後他自己開始要翻譯新約聖經去德文
[00:14:58.000 --> 00:15:00.000]  一分鐘
[00:15:20.000 --> 00:15:25.000]  一分鐘
[00:15:25.000 --> 00:15:30.000]  一分鐘
[00:15:30.000 --> 00:15:35.000]  一分鐘
[00:15:35.000 --> 00:15:40.000]  一分鐘
[00:15:40.000 --> 00:15:45.000]  一分鐘
[00:15:45.000 --> 00:15:49.000]  一分鐘
[00:15:49.000 --> 00:15:54.000]  一分鐘
[00:15:54.000 --> 00:15:59.000]  一分鐘
[00:15:59.000 --> 00:16:04.000]  一分鐘
[00:16:04.000 --> 00:16:09.000]  一分鐘
[00:16:09.000 --> 00:16:13.000]  我現在回看我都覺得是非常之感動的
[00:16:13.000 --> 00:16:16.000]  我不知道你們聽不聽到他的對話
[00:16:16.000 --> 00:16:19.000]  他的同事跟他說
[00:16:19.000 --> 00:16:22.000]  我們都要被皇帝燒死
[00:16:22.000 --> 00:16:23.000]  為什麼呢
[00:16:23.000 --> 00:16:27.000]  因為馬丁路德決定要將聖經
[00:16:27.000 --> 00:16:32.000]  由原文翻譯去德文
[00:16:32.000 --> 00:16:36.000]  讓普通每一個人都可以讀到這本聖經
[00:16:36.000 --> 00:16:38.000]  他的同事就跟他說
[00:16:38.000 --> 00:16:41.000]  你這樣做是叛國罪
[00:16:41.000 --> 00:16:45.000]  我們全部都會被燒死
[00:16:45.000 --> 00:16:48.000]  然後他同事說了一句話
[00:16:48.000 --> 00:16:53.000]  It's the thing Rome fears most
[00:16:53.000 --> 00:16:56.000]  羅馬教皇最害怕的
[00:16:56.000 --> 00:17:00.000]  就是你將本聖經變成普通人的語言
[00:17:00.000 --> 00:17:03.000]  結果每個人都可以看到
[00:17:03.000 --> 00:17:08.000]  他們的謬誤就會完全暴露出來
[00:17:08.000 --> 00:17:10.000]  而馬丁路德為什麼要做這件事
[00:17:10.000 --> 00:17:13.000]  就是因為他作為一個神學教授
[00:17:13.000 --> 00:17:17.000]  有機會去讀到聖經的原文
[00:17:17.000 --> 00:17:20.000]  然後他發現聖經裡面所教導的福音
[00:17:20.000 --> 00:17:25.000]  是遠遠跟當時教會所教導的不一樣
[00:17:25.000 --> 00:17:31.000]  而他找到的福音是一個這麼巨大的好消息
[00:17:31.000 --> 00:17:35.000]  他願意為了這個好消息的緣故
[00:17:35.000 --> 00:17:38.000]  是被皇帝燒死的
[00:17:38.000 --> 00:17:42.000]  全然為利
[00:17:42.000 --> 00:17:45.000]  第二個片段
[00:17:45.000 --> 00:17:47.000]  也是30秒左右
[00:17:47.000 --> 00:17:53.000]  這個講到他當時已經穩定了
[00:17:53.000 --> 00:17:56.000]  你知道他以前是不娶不嫁的
[00:17:56.000 --> 00:17:59.000]  然後救了一班修女
[00:17:59.000 --> 00:18:01.000]  修女們開始嫁人了
[00:18:01.000 --> 00:18:02.000]  他開始娶人了
[00:18:02.000 --> 00:18:04.000]  這是派對
[00:18:04.000 --> 00:18:08.000]  然後他有一個很年輕的書僮
[00:18:08.000 --> 00:18:13.000]  突然間就說要走了
[00:18:13.000 --> 00:18:15.000]  這段只有三四十秒
[00:18:38.000 --> 00:18:59.000]  我剛才說過
[00:18:59.000 --> 00:19:01.000]  對於宗教改革
[00:19:01.000 --> 00:19:02.000]  其中一個很重要的東西
[00:19:02.000 --> 00:19:04.000]  就是聖經的寶貴
[00:19:04.000 --> 00:19:06.000]  上帝的話語是至寶貴
[00:19:06.000 --> 00:19:07.000]  你可以放棄生命
[00:19:07.000 --> 00:19:11.000]  但上帝的話語一定要變成我們的語言
[00:19:11.000 --> 00:19:13.000]  然後傳到每個人的手中
[00:19:13.000 --> 00:19:14.000]  這是第一
[00:19:14.000 --> 00:19:15.000]  第二
[00:19:15.000 --> 00:19:17.000]  你看到這個Rurik
[00:19:17.000 --> 00:19:20.000]  他的書僮
[00:19:20.000 --> 00:19:22.000]  現在安定了
[00:19:22.000 --> 00:19:23.000]  他就跟他說
[00:19:23.000 --> 00:19:25.000]  現在很多人都結婚了
[00:19:25.000 --> 00:19:28.000]  你不如選一個修女都結婚了
[00:19:28.000 --> 00:19:30.000]  安定在這裡生活
[00:19:30.000 --> 00:19:33.000]  他說我要回家
[00:19:33.000 --> 00:19:35.000]  他是荷蘭人
[00:19:35.000 --> 00:19:38.000]  接著Luther說了一句話
[00:19:38.000 --> 00:19:40.000]  你現在回去荷蘭是不安全的
[00:19:40.000 --> 00:19:43.000]  因為你現在那裡的皇子也好
[00:19:43.000 --> 00:19:44.000]  地方官也好
[00:19:44.000 --> 00:19:47.000]  是屬於天主教的
[00:19:47.000 --> 00:19:49.000]  如果你現在回去很危險
[00:19:49.000 --> 00:19:52.000]  Rurik的回答就是
[00:19:52.000 --> 00:19:57.000]  他說我想荷蘭人經歷我所經歷的
[00:19:57.000 --> 00:19:58.000]  經歷的是什麼
[00:19:58.000 --> 00:20:03.000]  我第一次自己讀到聖經的經歷
[00:20:03.000 --> 00:20:06.000]  於是馬丁路德明白了
[00:20:06.000 --> 00:20:08.000]  May God be with you
[00:20:08.000 --> 00:20:10.000]  願上帝與你同在
[00:20:10.000 --> 00:20:12.000]  如果你繼續看下去
[00:20:12.000 --> 00:20:15.000]  幾天之後Rurik就被燒死了
[00:20:15.000 --> 00:20:17.000]  馬丁路德收到的消息
[00:20:17.000 --> 00:20:20.000]  他說他還沒進到荷蘭
[00:20:20.000 --> 00:20:25.000]  在要過境的時候被人抓了
[00:20:25.000 --> 00:20:28.000]  當然知道他回去荷蘭的原因
[00:20:28.000 --> 00:20:30.000]  於是他被綁在柱上
[00:20:30.000 --> 00:20:33.000]  被人燒死
[00:20:33.000 --> 00:20:35.000]  傳言為理
[00:20:35.000 --> 00:20:38.000]  一個是發現福音有多寶貴
[00:20:38.000 --> 00:20:44.000]  另一個是福音太寶貴一定要被傳揚
[00:20:44.000 --> 00:20:47.000]  其實兩個都是福音太寶貴要被傳揚
[00:20:47.000 --> 00:20:54.000]  一個要將它翻譯成為德文
[00:20:54.000 --> 00:20:58.000]  你會發現這是整個宗教改革
[00:20:58.000 --> 00:20:59.000]  一個很共同的東西
[00:20:59.000 --> 00:21:01.000]  聖經很寶貴
[00:21:01.000 --> 00:21:03.000]  我不知道你覺不覺得聖經很寶貴
[00:21:03.000 --> 00:21:07.000]  因為我們今天手機裡有很多本聖經
[00:21:07.000 --> 00:21:09.000]  你有沒有讀呢
[00:21:09.000 --> 00:21:13.000]  你讀的時候你覺不覺得它很寶貴
[00:21:13.000 --> 00:21:17.000]  你願不願意獻上你的餘生
[00:21:17.000 --> 00:21:21.000]  為這本聖經裡面的福音而活
[00:21:21.000 --> 00:21:22.000]  這些很值得我們去想
[00:21:22.000 --> 00:21:24.000]  你大概是死不去的
[00:21:24.000 --> 00:21:28.000]  但是你會不會為著聖經而活呢
[00:21:28.000 --> 00:21:31.000]  我們回到這個大圖畫
[00:21:31.000 --> 00:21:34.000]  我想介紹另外一個故事給你聽
[00:21:34.000 --> 00:21:36.000]  就是聖公會
[00:21:36.000 --> 00:21:38.000]  English Reformation
[00:21:38.000 --> 00:21:40.000]  我剛才說亨利八世
[00:21:40.000 --> 00:21:45.000]  因為要離婚的緣故脫離了羅馬天主教
[00:21:45.000 --> 00:21:47.000]  他死了之後
[00:21:47.000 --> 00:21:49.000]  他有個兒子叫Edward
[00:21:49.000 --> 00:21:51.000]  十歲就做了皇帝
[00:21:51.000 --> 00:21:54.000]  不過很可惜十六歲就死了
[00:21:54.000 --> 00:21:59.000]  Edward是一個新教的基督徒
[00:21:59.000 --> 00:22:04.000]  於是他就容許聖公會的牧師
[00:22:04.000 --> 00:22:09.000]  按照聖經去更新教會
[00:22:09.000 --> 00:22:11.000]  我想展示給你聽
[00:22:11.000 --> 00:22:13.000]  我不知道你有沒有機會
[00:22:13.000 --> 00:22:16.000]  如果你有機會去牛津大學的時候
[00:22:16.000 --> 00:22:18.000]  你會發現在牛津大學裡面
[00:22:18.000 --> 00:22:23.000]  有個地方是牛津宣導者的紀念碑
[00:22:23.000 --> 00:22:25.000]  很出名的,每個人都去
[00:22:25.000 --> 00:22:26.000]  有個標誌在那裡
[00:22:26.000 --> 00:22:28.000]  然後有個紀念碑
[00:22:28.000 --> 00:22:32.000]  這個紀念碑是紀念在1555年至1556年
[00:22:32.000 --> 00:22:38.000]  有三個很重要的當時聖公會的高官
[00:22:38.000 --> 00:22:40.000]  是給Edward
[00:22:40.000 --> 00:22:42.000]  Edward是很短命的
[00:22:42.000 --> 00:22:45.000]  Edward是讓他們按照聖經去改革教會
[00:22:45.000 --> 00:22:47.000]  但是他很短命
[00:22:47.000 --> 00:22:48.000]  十六歲就死了
[00:22:48.000 --> 00:22:49.000]  死了之後
[00:22:49.000 --> 00:22:52.000]  他同父異母的姐姐就做了女王
[00:22:52.000 --> 00:22:54.000]  她的姐姐叫Bloody Mary
[00:22:54.000 --> 00:22:55.000]  她叫Mary
[00:22:55.000 --> 00:22:57.000]  後來人們叫她Bloody Mary
[00:22:57.000 --> 00:23:01.000]  因為她將所有不願意回到羅馬天主教的人殺死
[00:23:01.000 --> 00:23:04.000]  當然很多時候是殺一儆百
[00:23:04.000 --> 00:23:06.000]  不是殺得那麼多
[00:23:06.000 --> 00:23:08.000]  他就找了這三個
[00:23:08.000 --> 00:23:12.000]  有三個當時聖公會的高官
[00:23:12.000 --> 00:23:16.000]  在Oxford那裡燒死了他們
[00:23:16.000 --> 00:23:21.000]  這三個人其實是Cambridge men
[00:23:21.000 --> 00:23:23.000]  他們不是Oxford的
[00:23:23.000 --> 00:23:25.000]  他們是Cambridge的
[00:23:25.000 --> 00:23:26.000]  他們在劍橋那裡
[00:23:26.000 --> 00:23:28.000]  三個都是在劍橋讀書的
[00:23:28.000 --> 00:23:32.000]  劍橋相傳有個地方叫White Horse Inn
[00:23:32.000 --> 00:23:33.000]  白馬居
[00:23:33.000 --> 00:23:36.000]  在那裡大家喝酒
[00:23:36.000 --> 00:23:38.000]  去卡拉OK
[00:23:38.000 --> 00:23:41.000]  他們學生聚的地方
[00:23:41.000 --> 00:23:44.000]  相傳就在這個地方
[00:23:44.000 --> 00:23:48.000]  馬丁路德的宗教改革思想進入了英國
[00:23:48.000 --> 00:23:52.000]  於是他們徹夜在那裡查經
[00:23:52.000 --> 00:23:55.000]  這些人因為在大學裡面
[00:23:55.000 --> 00:23:57.000]  有機會讀到原文
[00:23:57.000 --> 00:23:59.000]  有機會讀到聖經
[00:23:59.000 --> 00:24:02.000]  他們徹夜都很害怕
[00:24:02.000 --> 00:24:04.000]  因為不知道外面的風聲如何
[00:24:04.000 --> 00:24:07.000]  但他們在那裡共同查經
[00:24:07.000 --> 00:24:09.000]  心裡火熱
[00:24:09.000 --> 00:24:10.000]  覺得有機會的
[00:24:10.000 --> 00:24:14.000]  我們一定要將宗教改革推展到整個英國
[00:24:14.000 --> 00:24:19.000]  以至整個英國都可以回到符合聖經的教會
[00:24:19.000 --> 00:24:24.000]  但是因為Bloody Mary
[00:24:24.000 --> 00:24:31.000]  因為Bloody Mary的弟弟早死
[00:24:31.000 --> 00:24:35.000]  這三位高官
[00:24:35.000 --> 00:24:38.000]  Cramer, Wrigley, Latimer
[00:24:38.000 --> 00:24:42.000]  就在Oxford喪命
[00:24:45.000 --> 00:24:47.000]  Latimer死的時候
[00:24:47.000 --> 00:24:49.000]  有句名言
[00:24:49.000 --> 00:24:53.000]  他和他旁邊的兄弟Wrigley一起燒
[00:24:53.000 --> 00:24:56.000]  Cramer就遲一點被人燒
[00:24:56.000 --> 00:24:58.000]  他說了一句名言
[00:24:58.000 --> 00:25:00.000]  我先讀英文再翻譯
[00:25:00.000 --> 00:25:05.000]  "Be of good cheer, Master Wrigley, and play the man."
[00:25:05.000 --> 00:25:10.000]  "We shall this day light such a candle by God's grace in England"
[00:25:10.000 --> 00:25:13.000]  "as I trust shall never be put out."
[00:25:13.000 --> 00:25:15.000]  他說振作起來
[00:25:15.000 --> 00:25:17.000]  像一個男子漢一樣
[00:25:17.000 --> 00:25:19.000]  今天在上帝的恩典下
[00:25:19.000 --> 00:25:23.000]  我們將在英格蘭點燃一盞明燈
[00:25:23.000 --> 00:25:27.000]  我相信永遠不會熄滅
[00:25:27.000 --> 00:25:29.000]  用自己的生命
[00:25:29.000 --> 00:25:31.000]  因為福音的緣故
[00:25:31.000 --> 00:25:35.000]  因為聖經一定要來到英國的教會
[00:25:35.000 --> 00:25:43.000]  於是他們又是傳言慰禮
[00:25:43.000 --> 00:25:46.000]  你看到這個主題
[00:25:46.000 --> 00:25:49.000]  因為當時真的是流行燒
[00:25:49.000 --> 00:25:52.000]  傳言慰禮
[00:25:52.000 --> 00:25:54.000]  好,我們再繼續
[00:25:54.000 --> 00:25:58.000]  我們現在終於回到改革中
[00:25:58.000 --> 00:26:00.000]  剛才我們開始說路德忠
[00:26:00.000 --> 00:26:02.000]  路德忠是馬丁路德
[00:26:02.000 --> 00:26:05.000]  講那套戲,他的小孩傳言慰禮
[00:26:05.000 --> 00:26:08.000]  接著我們說了英國教會
[00:26:08.000 --> 00:26:11.000]  聖公會的三個燈
[00:26:11.000 --> 00:26:13.000]  被人燒死了
[00:26:13.000 --> 00:26:16.000]  現在我們說改革中
[00:26:16.000 --> 00:26:18.000]  背後的人就是
[00:26:18.000 --> 00:26:20.000]  約翰加爾文John Calvin
[00:26:20.000 --> 00:26:23.000]  John Calvin其實是一個法國人
[00:26:23.000 --> 00:26:27.000]  但是因為宗教
[00:26:27.000 --> 00:26:31.000]  因為宗教的逼迫的緣故
[00:26:31.000 --> 00:26:34.000]  他就逃亡去了瑞士
[00:26:34.000 --> 00:26:37.000]  瑞士當時有一種宗教自由
[00:26:37.000 --> 00:26:39.000]  如果你有機會去瑞士
[00:26:39.000 --> 00:26:41.000]  他有一個叫Reformation Wall
[00:26:41.000 --> 00:26:43.000]  聽說是100米長
[00:26:43.000 --> 00:26:46.000]  很大,有這四個巨人
[00:26:46.000 --> 00:26:48.000]  這四個巨人是誰呢
[00:26:48.000 --> 00:26:50.000]  第一個叫William Farrell
[00:26:50.000 --> 00:26:55.000]  因為沒有人知道他什麼時候信的
[00:26:55.000 --> 00:26:57.000]  大概是二十多歲的時候信了
[00:26:57.000 --> 00:26:59.000]  他也是一個律師
[00:26:59.000 --> 00:27:01.000]  一個academic
[00:27:01.000 --> 00:27:04.000]  但是他信了主,他的人生開始改變
[00:27:04.000 --> 00:27:05.000]  然後他開始寫東西
[00:27:05.000 --> 00:27:08.000]  很多人當時讀了Calvin的書
[00:27:08.000 --> 00:27:10.000]  知道這是明日之星
[00:27:10.000 --> 00:27:13.000]  Calvin沒有什麼個人的野心
[00:27:13.000 --> 00:27:16.000]  他只是想找個地方靜靜地去
[00:27:16.000 --> 00:27:19.000]  讀經、查經、寫東西
[00:27:19.000 --> 00:27:20.000]  他去到Farrell
[00:27:20.000 --> 00:27:21.000]  Farrell就跟他說
[00:27:21.000 --> 00:27:23.000]  上帝揀選了你
[00:27:23.000 --> 00:27:25.000]  你現在走,上帝一定整死你
[00:27:25.000 --> 00:27:27.000]  你一定要和我留在這裡
[00:27:27.000 --> 00:27:29.000]  建立教會
[00:27:29.000 --> 00:27:31.000]  因為Calvin被他嚇死
[00:27:31.000 --> 00:27:33.000]  於是Calvin就留在那裡
[00:27:33.000 --> 00:27:35.000]  William Farrell在最左邊
[00:27:35.000 --> 00:27:37.000]  中間的第二個是John Calvin
[00:27:37.000 --> 00:27:39.000]  第三個是Theodore Besser
[00:27:39.000 --> 00:27:44.000]  Theodore Besser就是繼承John Calvin的後者
[00:27:44.000 --> 00:27:47.000]  再右邊那個是John Knox
[00:27:47.000 --> 00:27:53.000]  John Knox就是蘇格蘭的長老會的創始人
[00:27:53.000 --> 00:27:54.000]  很重要
[00:27:54.000 --> 00:27:57.000]  因為後來蘇格蘭的長老會去了美國的長老會
[00:27:57.000 --> 00:28:00.000]  今天我也是美國長老會的牧師
[00:28:00.000 --> 00:28:03.000]  跟John Knox是很有淵源的
[00:28:03.000 --> 00:28:08.000]  因為John Knox就是去跟John Calvin學他的神學
[00:28:08.000 --> 00:28:11.000]  所以Calvin的名字是不出的
[00:28:11.000 --> 00:28:13.000]  但是你一看到那些改革中信仰
[00:28:13.000 --> 00:28:16.000]  其實背後就是約翰·加爾文
[00:28:16.000 --> 00:28:18.000]  我想給你看這個
[00:28:18.000 --> 00:28:20.000]  這個很Fascinating的Map
[00:28:20.000 --> 00:28:23.000]  這個Map是說加爾文死的時候
[00:28:23.000 --> 00:28:29.000]  整個歐洲的信仰的狀態
[00:28:29.000 --> 00:28:31.000]  如果我放大來看
[00:28:31.000 --> 00:28:33.000]  我想你知道
[00:28:33.000 --> 00:28:36.000]  深綠色那個就是Reform
[00:28:36.000 --> 00:28:38.000]  Reform就是改革中
[00:28:38.000 --> 00:28:41.000]  因為我們稍後說的那些信仰告白
[00:28:41.000 --> 00:28:42.000]  全部都是Reform
[00:28:42.000 --> 00:28:44.000]  所以你要找深綠色
[00:28:44.000 --> 00:28:46.000]  譬如我們現在在英國
[00:28:46.000 --> 00:28:48.000]  你看到深綠色在哪裡呢?蘇格蘭
[00:28:48.000 --> 00:28:53.000]  蘇格蘭就是受約翰·加爾文思想的影響
[00:28:53.000 --> 00:28:55.000]  如果我們在英國放大一點
[00:28:55.000 --> 00:28:57.000]  放到最大
[00:28:57.000 --> 00:29:01.000]  你會看到Oxford是深綠色的
[00:29:01.000 --> 00:29:03.000]  Cambridge是淺綠色的
[00:29:03.000 --> 00:29:07.000]  淺綠色就是有加爾文的影響
[00:29:07.000 --> 00:29:10.000]  但是又沒有深到好像另外那邊
[00:29:10.000 --> 00:29:12.000]  Oxford Cambridge
[00:29:12.000 --> 00:29:15.000]  但是你去到歐洲大陸的時候
[00:29:15.000 --> 00:29:18.000]  就看不同的地方
[00:29:18.000 --> 00:29:20.000]  有些綠色的地方
[00:29:20.000 --> 00:29:21.000]  所以稍後你會發現
[00:29:21.000 --> 00:29:23.000]  我們會讀幾個不同的信仰告白
[00:29:23.000 --> 00:29:26.000]  是分散在歐洲大陸幾個地方
[00:29:26.000 --> 00:29:28.000]  有一個是英國的
[00:29:28.000 --> 00:29:33.000]  因為每個地方是有不同的影響
[00:29:33.000 --> 00:29:35.000]  如果你有機會去Google一下
[00:29:35.000 --> 00:29:38.000]  你會發現這個地圖真的很有趣
[00:29:38.000 --> 00:29:40.000]  那些紫色的就是路德宗
[00:29:40.000 --> 00:29:43.000]  路德宗其實都是佔大部分的
[00:29:43.000 --> 00:29:48.000]  但加爾文的影響是挺國際化的
[00:29:48.000 --> 00:29:50.000]  他有很多不同的地方
[00:29:50.000 --> 00:29:52.000]  那加爾文怎樣呢
[00:29:52.000 --> 00:29:55.000]  有人說加爾文是逃跑
[00:29:55.000 --> 00:29:59.000]  因為宗教逼迫去了日內瓦
[00:29:59.000 --> 00:30:03.000]  其實很多的宗教改革者
[00:30:03.000 --> 00:30:06.000]  都喜歡去日內瓦找加爾文跟他學東西
[00:30:06.000 --> 00:30:09.000]  因為很明顯他就是最堅那個
[00:30:09.000 --> 00:30:12.000]  大家都要找他去做神學生
[00:30:12.000 --> 00:30:14.000]  拜他為師
[00:30:14.000 --> 00:30:18.000]  聽說那時候的法國很多年輕人
[00:30:18.000 --> 00:30:24.000]  都會去逃跑去瑞士去求教
[00:30:24.000 --> 00:30:26.000]  接著去到某個位置
[00:30:26.000 --> 00:30:27.000]  就好像那個烏里克
[00:30:27.000 --> 00:30:29.000]  就好像路德的小孩
[00:30:29.000 --> 00:30:31.000]  就說要回去傳福音
[00:30:31.000 --> 00:30:40.000]  那班回去法國傳福音的小孩
[00:30:40.000 --> 00:30:44.000]  平均在法國的壽命是18個月
[00:30:44.000 --> 00:30:47.000]  他預了你回去法國
[00:30:47.000 --> 00:30:49.000]  看看可以做多久
[00:30:49.000 --> 00:30:51.000]  平均有人說
[00:30:51.000 --> 00:30:55.000]  就是10個月就被人弄死了
[00:30:55.000 --> 00:30:59.000]  這個又是另外一個傳言為理
[00:30:59.000 --> 00:31:00.000]  我想你開始明白
[00:31:00.000 --> 00:31:01.000]  你看不看到
[00:31:01.000 --> 00:31:02.000]  無論你路德宗也好
[00:31:02.000 --> 00:31:04.000]  你英國的聖公會也好
[00:31:04.000 --> 00:31:10.000]  或者你是去到加爾文的後代的時候
[00:31:10.000 --> 00:31:12.000]  都是這樣
[00:31:12.000 --> 00:31:14.000]  在我還沒有
[00:31:14.000 --> 00:31:16.000]  等一下
[00:31:16.000 --> 00:31:20.000]  我現在想介紹一下
[00:31:20.000 --> 00:31:22.000]  所謂改革中
[00:31:22.000 --> 00:31:27.000]  就是加爾文流傳給我們的影響力的屬靈遺產
[00:31:27.000 --> 00:31:28.000]  我們說過信仰告白
[00:31:28.000 --> 00:31:30.000]  有四大信仰告白
[00:31:30.000 --> 00:31:33.000]  全世界公認就是這四大
[00:31:33.000 --> 00:31:35.000]  第一個是比利時信條
[00:31:35.000 --> 00:31:38.000]  第二個叫多德信經
[00:31:38.000 --> 00:31:41.000]  第三個叫凱登堡問你要答要理
[00:31:41.000 --> 00:31:43.000]  接著就是威斯敏德
[00:31:43.000 --> 00:31:44.000]  Westminster的Standard
[00:31:44.000 --> 00:31:46.000]  它叫準則的原因
[00:31:46.000 --> 00:31:49.000]  因為它有一個信仰告白
[00:31:49.000 --> 00:31:53.000]  再加兩個要理問答
[00:31:53.000 --> 00:31:54.000]  等一下再介紹
[00:31:54.000 --> 00:31:55.000]  不要緊
[00:31:55.000 --> 00:31:57.000]  英文呢
[00:31:57.000 --> 00:32:00.000]  英文就是Belgic Confession
[00:32:00.000 --> 00:32:03.000]  Canon of Dort
[00:32:03.000 --> 00:32:04.000]  Heidelberg Catechism
[00:32:04.000 --> 00:32:05.000]  和Westminster Standard
[00:32:05.000 --> 00:32:06.000]  你有沒有留意到一件事
[00:32:06.000 --> 00:32:10.000]  四個語言是不一樣的
[00:32:10.000 --> 00:32:13.000]  第一個是法文的
[00:32:13.000 --> 00:32:14.000]  第二個是荷蘭文的
[00:32:14.000 --> 00:32:16.000]  第三個是德文的
[00:32:16.000 --> 00:32:18.000]  第四個是英文的
[00:32:18.000 --> 00:32:19.000]  很International
[00:32:19.000 --> 00:32:24.000]  完全是因為加爾文的著作
[00:32:24.000 --> 00:32:27.000]  於是很多人在追他的著作
[00:32:27.000 --> 00:32:30.000]  他們在自己的地方
[00:32:30.000 --> 00:32:34.000]  就開始更新他們的信仰
[00:32:34.000 --> 00:32:36.000]  就寫了這些信仰告白
[00:32:36.000 --> 00:32:37.000]  等一下再跟你說
[00:32:37.000 --> 00:32:40.000]  為什麼要寫信仰告白
[00:32:40.000 --> 00:32:43.000]  頭三個都是歐洲大陸的
[00:32:43.000 --> 00:32:46.000]  我們在神學上或者教育歷史裡面
[00:32:46.000 --> 00:32:48.000]  叫做Three Forms of Unity
[00:32:48.000 --> 00:32:50.000]  就是三項聯合的信條
[00:32:50.000 --> 00:32:52.000]  他們在三個不同的地方
[00:32:52.000 --> 00:32:53.000]  一個澳門
[00:32:53.000 --> 00:32:54.000]  一個香港
[00:32:54.000 --> 00:32:56.000]  一個廣州
[00:32:56.000 --> 00:32:58.000]  那時候交通沒有那麼方便
[00:32:58.000 --> 00:33:00.000]  但是他們惺惺相惜
[00:33:00.000 --> 00:33:01.000]  最後坐在一起
[00:33:01.000 --> 00:33:03.000]  其實三樣東西是完全沒有衝突的
[00:33:03.000 --> 00:33:05.000]  甚至三樣東西的信仰見證
[00:33:05.000 --> 00:33:07.000]  是完全一個方向的
[00:33:07.000 --> 00:33:08.000]  第四個有一點不同
[00:33:08.000 --> 00:33:10.000]  因為隔了一條海
[00:33:10.000 --> 00:33:12.000]  英國最後比較遲一點
[00:33:12.000 --> 00:33:15.000]  有Westminster Standard跟你說
[00:33:15.000 --> 00:33:16.000]  但也有人說
[00:33:16.000 --> 00:33:18.000]  Four Forms of Unity
[00:33:18.000 --> 00:33:21.000]  其實四樣東西說的神學
[00:33:21.000 --> 00:33:22.000]  背後的神學
[00:33:22.000 --> 00:33:24.000]  全部都是加爾文的神學
[00:33:24.000 --> 00:33:26.000]  都是同一個神學
[00:33:26.000 --> 00:33:28.000]  很厲害的東西
[00:33:28.000 --> 00:33:32.000]  我們還沒去說
[00:33:32.000 --> 00:33:34.000]  帶你去看信仰告白的時候
[00:33:34.000 --> 00:33:35.000]  我想跟你說一下
[00:33:35.000 --> 00:33:38.000]  為什麼我們在教會歷史上
[00:33:38.000 --> 00:33:41.000]  會有信仰告白這件事
[00:33:41.000 --> 00:33:43.000]  其實有信仰告白的東西
[00:33:43.000 --> 00:33:47.000]  就算你不是一個改革中的基督徒
[00:33:47.000 --> 00:33:51.000]  其實你都知道我們是有信仰告白的
[00:33:51.000 --> 00:33:55.000]  譬如說紹興信經、尼西亞信經
[00:33:55.000 --> 00:34:01.000]  加克頓信經、阿他那納修信經
[00:34:01.000 --> 00:34:03.000]  我不知道你知多少
[00:34:03.000 --> 00:34:06.000]  起碼頭兩個都應該有些概念
[00:34:06.000 --> 00:34:08.000]  紹興信經沒有人不認識
[00:34:08.000 --> 00:34:13.000]  尼西亞信經大概很多教會都會讀
[00:34:13.000 --> 00:34:16.000]  其實這些信經為什麼會來呢
[00:34:16.000 --> 00:34:18.000]  我前面再說
[00:34:18.000 --> 00:34:21.000]  原因就是很多時候
[00:34:21.000 --> 00:34:22.000]  為什麼會有信經呢
[00:34:22.000 --> 00:34:24.000]  不是無緣無故有人起來
[00:34:24.000 --> 00:34:27.000]  說今天有空不如寫個信經
[00:34:27.000 --> 00:34:30.000]  通常教會出現了一些真道的危機
[00:34:30.000 --> 00:34:31.000]  譬如說異端
[00:34:31.000 --> 00:34:33.000]  有人開始教東西
[00:34:33.000 --> 00:34:35.000]  因為你沒有信經
[00:34:35.000 --> 00:34:36.000]  你沒有信經我拿著本聖經
[00:34:36.000 --> 00:34:38.000]  我是不是喜歡說什麼都可以
[00:34:38.000 --> 00:34:40.000]  我引用一句話
[00:34:40.000 --> 00:34:41.000]  但我曲解聖經
[00:34:41.000 --> 00:34:44.000]  你有什麼辦法
[00:34:44.000 --> 00:34:45.000]  你沒有辦法
[00:34:45.000 --> 00:34:47.000]  因為你沒有信經頂我
[00:34:47.000 --> 00:34:52.000]  於是有個人經常說那些
[00:34:52.000 --> 00:34:54.000]  全部都是異端邪說
[00:34:54.000 --> 00:34:55.000]  那怎麼辦呢
[00:34:55.000 --> 00:34:58.000]  於是不如我們開個大會
[00:34:58.000 --> 00:35:00.000]  公開一起研究聖經
[00:35:00.000 --> 00:35:02.000]  然後告訴你這個人這樣說下去
[00:35:02.000 --> 00:35:03.000]  他就是異端了
[00:35:03.000 --> 00:35:06.000]  所以為什麼會有這些信仰告白
[00:35:06.000 --> 00:35:07.000]  是很重要的
[00:35:07.000 --> 00:35:08.000]  很實際的
[00:35:08.000 --> 00:35:10.000]  於是
[00:35:10.000 --> 00:35:11.000]  Crisis
[00:35:11.000 --> 00:35:13.000]  你有沒有看到四個C
[00:35:13.000 --> 00:35:14.000]  Crisis
[00:35:14.000 --> 00:35:15.000]  Controversy
[00:35:15.000 --> 00:35:18.000]  有些還沒去到這麼嚴重的異端
[00:35:18.000 --> 00:35:20.000]  不過都已經信仰爭議
[00:35:20.000 --> 00:35:21.000]  第三
[00:35:21.000 --> 00:35:22.000]  要澄清一些東西
[00:35:22.000 --> 00:35:23.000]  譬如說
[00:35:23.000 --> 00:35:26.000]  耶穌基督的神聖
[00:35:26.000 --> 00:35:27.000]  耶穌基督的人性
[00:35:27.000 --> 00:35:29.000]  他有幾人
[00:35:29.000 --> 00:35:30.000]  99%
[00:35:30.000 --> 00:35:31.000]  50%
[00:35:31.000 --> 00:35:32.000]  60%
[00:35:32.000 --> 00:35:33.000]  100%
[00:35:33.000 --> 00:35:34.000]  他有幾神
[00:35:34.000 --> 00:35:36.000]  都是100%
[00:35:36.000 --> 00:35:37.000]  又是100%
[00:35:37.000 --> 00:35:38.000]  又是100%
[00:35:38.000 --> 00:35:39.000]  沒錯了
[00:35:39.000 --> 00:35:40.000]  就是了
[00:35:40.000 --> 00:35:41.000]  於是你要有一個信經去解釋
[00:35:41.000 --> 00:35:42.000]  要有人去formulate
[00:35:42.000 --> 00:35:43.000]  很清晰
[00:35:43.000 --> 00:35:45.000]  究竟我們相信的耶穌是怎樣的
[00:35:45.000 --> 00:35:47.000]  又或者三一神學
[00:35:47.000 --> 00:35:51.000]  我想大家都知道有三位一體
[00:35:51.000 --> 00:35:53.000]  三位一體怎麼說才是正確
[00:35:53.000 --> 00:35:55.000]  怎麼說不是正確
[00:35:55.000 --> 00:35:56.000]  什麼叫三位一體
[00:35:56.000 --> 00:35:58.000]  為什麼是
[00:35:58.000 --> 00:35:59.000]  聖經根據在哪裡
[00:35:59.000 --> 00:36:02.000]  為什麼有些人說的三位一體
[00:36:02.000 --> 00:36:03.000]  其實是異端邪說
[00:36:03.000 --> 00:36:05.000]  你一定需要清清楚楚
[00:36:05.000 --> 00:36:06.000]  是不是
[00:36:06.000 --> 00:36:08.000]  如果不是你教會就完蛋了
[00:36:08.000 --> 00:36:09.000]  第四
[00:36:09.000 --> 00:36:10.000]  有時候就是說
[00:36:10.000 --> 00:36:11.000]  你有你的想法
[00:36:11.000 --> 00:36:12.000]  我有我的想法
[00:36:12.000 --> 00:36:14.000]  其實我們兩個都沒有錯的
[00:36:14.000 --> 00:36:17.000]  但是我們想有一個信仰告白
[00:36:17.000 --> 00:36:19.000]  將我們全部合一
[00:36:19.000 --> 00:36:20.000]  大家一起開會
[00:36:20.000 --> 00:36:22.000]  大家一起拿出信仰告白
[00:36:22.000 --> 00:36:23.000]  然後你同意
[00:36:23.000 --> 00:36:24.000]  我同意
[00:36:24.000 --> 00:36:25.000]  正
[00:36:25.000 --> 00:36:26.000]  是不是
[00:36:26.000 --> 00:36:30.000]  這個就是我們合一的理由
[00:36:30.000 --> 00:36:34.000]  如果你去想
[00:36:34.000 --> 00:36:35.000]  那些信仰告白
[00:36:35.000 --> 00:36:39.000]  其實是給了我們所謂的
[00:36:39.000 --> 00:36:41.000]  信仰的boundaries
[00:36:41.000 --> 00:36:44.000]  設立了一些界限
[00:36:44.000 --> 00:36:48.000]  如果我們沒有這些信仰的boundaries的話
[00:36:48.000 --> 00:36:49.000]  有個人出來說
[00:36:49.000 --> 00:36:51.000]  我請了某人來說
[00:36:51.000 --> 00:36:53.000]  他說不正確
[00:36:53.000 --> 00:36:55.000]  你怎麼可以這樣說
[00:36:55.000 --> 00:36:56.000]  聖經不是這樣教的
[00:36:56.000 --> 00:36:58.000]  你憑什麼指責我
[00:36:58.000 --> 00:37:00.000]  你沒有法律
[00:37:00.000 --> 00:37:02.000]  你怎麼可以告訴我我錯呢
[00:37:02.000 --> 00:37:03.000]  但是如果你有信經的話
[00:37:03.000 --> 00:37:04.000]  你拿信經出來
[00:37:04.000 --> 00:37:05.000]  信經
[00:37:05.000 --> 00:37:07.000]  我們公認的信經
[00:37:07.000 --> 00:37:10.000]  你已經超越了信經的boundary
[00:37:10.000 --> 00:37:12.000]  大家明白嗎
[00:37:12.000 --> 00:37:14.000]  所以這個信經其實是很重要的
[00:37:14.000 --> 00:37:15.000]  你沒有standard的話
[00:37:15.000 --> 00:37:16.000]  阿豬阿狗出來
[00:37:16.000 --> 00:37:18.000]  喜歡說什麼都可以
[00:37:18.000 --> 00:37:19.000]  說到天花亂墜
[00:37:19.000 --> 00:37:21.000]  反正他引用了聖經
[00:37:21.000 --> 00:37:23.000]  你怎麼死呢
[00:37:23.000 --> 00:37:24.000]  但是
[00:37:24.000 --> 00:37:26.000]  就是因為有些人是這樣
[00:37:26.000 --> 00:37:27.000]  於是我們結果有信經
[00:37:27.000 --> 00:37:29.000]  信經是很重要的
[00:37:29.000 --> 00:37:34.000]  於是我們可以在限制裡面去繼續說
[00:37:34.000 --> 00:37:37.000]  我想說一點正面的
[00:37:37.000 --> 00:37:38.000]  信仰告白
[00:37:38.000 --> 00:37:42.000]  還有什麼重要呢
[00:37:42.000 --> 00:37:44.000]  信仰告白其實是可以在
[00:37:44.000 --> 00:37:47.000]  一個很精簡的
[00:37:47.000 --> 00:37:49.000]  Westminster Confession
[00:37:49.000 --> 00:37:50.000]  30章
[00:37:50.000 --> 00:37:52.000]  30章其實不是很長
[00:37:52.000 --> 00:37:54.000]  裡面告訴你
[00:37:54.000 --> 00:37:57.000]  你的信仰的總結是什麼
[00:37:57.000 --> 00:37:58.000]  人家問你
[00:37:58.000 --> 00:38:00.000]  聽說你回教會
[00:38:00.000 --> 00:38:02.000]  想問你教會信什麼的
[00:38:02.000 --> 00:38:03.000]  你怎樣
[00:38:03.000 --> 00:38:04.000]  給他一本聖經
[00:38:04.000 --> 00:38:05.000]  1189章
[00:38:05.000 --> 00:38:07.000]  你自己看吧
[00:38:07.000 --> 00:38:08.000]  行啊
[00:38:08.000 --> 00:38:10.000]  我哪有時間看啊
[00:38:10.000 --> 00:38:12.000]  那怎麼辦呢
[00:38:12.000 --> 00:38:13.000]  你看我教會網頁
[00:38:13.000 --> 00:38:15.000]  有七點
[00:38:15.000 --> 00:38:17.000]  看完那七點之後
[00:38:17.000 --> 00:38:19.000]  說了也沒說
[00:38:19.000 --> 00:38:21.000]  有沒有可以多說一點呢
[00:38:21.000 --> 00:38:22.000]  所以
[00:38:22.000 --> 00:38:24.000]  我知道在我們現在這個時代
[00:38:24.000 --> 00:38:26.000]  人們不是這樣想的
[00:38:26.000 --> 00:38:27.000]  那七點都嫌多
[00:38:27.000 --> 00:38:29.000]  我看到第五點都睡著了
[00:38:29.000 --> 00:38:30.000]  OK
[00:38:30.000 --> 00:38:31.000]  大家問你
[00:38:31.000 --> 00:38:32.000]  我有興趣去你的教會
[00:38:32.000 --> 00:38:34.000]  你的教會音樂怎樣的
[00:38:34.000 --> 00:38:37.000]  要穿什麼衣服
[00:38:37.000 --> 00:38:39.000]  完了是不是有飯吃
[00:38:39.000 --> 00:38:41.000]  去哪裡吃飯
[00:38:41.000 --> 00:38:42.000]  你會想
[00:38:42.000 --> 00:38:43.000]  有什麼活動
[00:38:43.000 --> 00:38:45.000]  你不是問一些信仰的問題
[00:38:45.000 --> 00:38:46.000]  但曾幾何時
[00:38:46.000 --> 00:38:48.000]  你想想Reformation的時候
[00:38:48.000 --> 00:38:50.000]  人家是為信仰而死的人
[00:38:50.000 --> 00:38:52.000]  他們很在意
[00:38:52.000 --> 00:38:54.000]  究竟你的教會信什麼
[00:38:54.000 --> 00:38:56.000]  所以信仰告白就可以說
[00:38:56.000 --> 00:38:58.000]  這個就是我們的信仰告白
[00:38:58.000 --> 00:38:59.000]  你去看的時候
[00:38:59.000 --> 00:39:00.000]  你知道
[00:39:00.000 --> 00:39:03.000]  這間教會去得到
[00:39:03.000 --> 00:39:05.000]  第二個是Clarity
[00:39:05.000 --> 00:39:07.000]  你將你的信仰很清晰的告訴別人
[00:39:07.000 --> 00:39:09.000]  不是用整本聖經扔給你
[00:39:09.000 --> 00:39:11.000]  因為太長了
[00:39:11.000 --> 00:39:14.000]  我想你明白
[00:39:14.000 --> 00:39:17.000]  當時他們是由羅馬天主教走出來的
[00:39:17.000 --> 00:39:19.000]  如果你有羅馬天主教走出來
[00:39:19.000 --> 00:39:20.000]  人家一定會問你
[00:39:20.000 --> 00:39:22.000]  你的信仰是什麼
[00:39:22.000 --> 00:39:25.000]  你一定要很清晰可以解說到
[00:39:25.000 --> 00:39:28.000]  我們和羅馬天主教有什麼分別
[00:39:28.000 --> 00:39:31.000]  為什麼我要有這樣的分別
[00:39:31.000 --> 00:39:33.000]  怎樣合乎聖經怎樣不合乎聖經
[00:39:33.000 --> 00:39:35.000]  我知道我們
[00:39:35.000 --> 00:39:37.000]  剛才Jonathan說得對
[00:39:37.000 --> 00:39:39.000]  已經沒有人想這件事
[00:39:39.000 --> 00:39:41.000]  沒有人想這件事其實反映了
[00:39:41.000 --> 00:39:43.000]  我們現在的屬靈狀態超級差
[00:39:43.000 --> 00:39:46.000]  因為沒有人care about the truth
[00:39:46.000 --> 00:39:48.000]  We all care about our feelings
[00:39:48.000 --> 00:39:50.000]  We don't care about the truth
[00:39:50.000 --> 00:39:53.000]  And I tell you we are going to die without feelings
[00:39:53.000 --> 00:39:55.000]  The Bible
[00:39:55.000 --> 00:39:57.000]  The Christianity is about the truth
[00:39:57.000 --> 00:39:58.000]  It's not about feeling
[00:39:58.000 --> 00:39:59.000]  It's about the truth
[00:39:59.000 --> 00:40:00.000]  It's about God's truth
[00:40:00.000 --> 00:40:03.000]  It's about the Bible
[00:40:03.000 --> 00:40:05.000]  如果我們一離開了聖經
[00:40:05.000 --> 00:40:09.000]  我們一定不覺得聖經是這麼寶貴的時候
[00:40:09.000 --> 00:40:12.000]  我們的教會其實處於一個很危險的狀態
[00:40:12.000 --> 00:40:14.000]  所以我們其實從某個角度來說
[00:40:14.000 --> 00:40:15.000]  真是需要的
[00:40:15.000 --> 00:40:17.000]  Anyway
[00:40:17.000 --> 00:40:18.000]  時間有限
[00:40:18.000 --> 00:40:21.000]  我就想帶你去快快脆脆
[00:40:21.000 --> 00:40:24.000]  看一點點
[00:40:24.000 --> 00:40:27.000]  我們先看Belgic Confession
[00:40:27.000 --> 00:40:30.000]  我們沒有機會看裡面
[00:40:30.000 --> 00:40:32.000]  但是我想給你一些背景
[00:40:32.000 --> 00:40:34.000]  你看到多少就看多少
[00:40:34.000 --> 00:40:35.000]  看不明白就算了
[00:40:35.000 --> 00:40:36.000]  沒什麼所謂的
[00:40:36.000 --> 00:40:39.000]  我們都是小學生
[00:40:39.000 --> 00:40:43.000]  比利時信條是荷蘭改革中
[00:40:43.000 --> 00:40:47.000]  傳統中最古老的教義準則之一
[00:40:47.000 --> 00:40:52.000]  此名稱源於17世紀拉丁文的命名
[00:40:52.000 --> 00:40:53.000]  Belgica
[00:40:53.000 --> 00:40:58.000]  在當時乃泛指囊括南部與北部整個荷蘭地區
[00:40:58.000 --> 00:41:02.000]  即今天的荷蘭和比利時的兩個國家
[00:41:02.000 --> 00:41:05.000]  Belgic Confession其實是在說地理的問題
[00:41:05.000 --> 00:41:07.000]  接著你看
[00:41:07.000 --> 00:41:11.000]  這一信條的主要撮寫人叫做北部利
[00:41:11.000 --> 00:41:13.000]  是一個法國人
[00:41:13.000 --> 00:41:16.000]  他是荷蘭改革宗教會的目的
[00:41:16.000 --> 00:41:18.000]  他用法文寫的
[00:41:18.000 --> 00:41:21.000]  他結果寫完之後沒幾年
[00:41:21.000 --> 00:41:26.000]  在1567年為其改革中的信仰
[00:41:26.000 --> 00:41:28.000]  是殉道
[00:41:28.000 --> 00:41:31.000]  傳言為利
[00:41:31.000 --> 00:41:33.000]  寫了信仰告白
[00:41:33.000 --> 00:41:36.000]  寫完之後被人割了
[00:41:36.000 --> 00:41:37.000]  為什麼?
[00:41:37.000 --> 00:41:40.000]  因為你表態了你的信仰
[00:41:40.000 --> 00:41:43.000]  你的信仰與羅馬天主教不一樣
[00:41:43.000 --> 00:41:46.000]  那你就可以抓你
[00:41:46.000 --> 00:41:52.000]  我想你讀多一點,這個頗有趣的
[00:41:52.000 --> 00:41:54.000]  在16世紀
[00:41:54.000 --> 00:42:02.000]  荷蘭這個國家的教會遭受到羅馬天主教政府最為兇猛的迫害
[00:42:02.000 --> 00:42:05.000]  為了抗議這個殘酷的逼迫
[00:42:05.000 --> 00:42:08.000]  當時他是被罪名
[00:42:08.000 --> 00:42:12.000]  這些轉了不再做羅馬天主教的信徒
[00:42:12.000 --> 00:42:14.000]  是很差勁的人
[00:42:14.000 --> 00:42:16.000]  叛教、叛國等等
[00:42:16.000 --> 00:42:19.000]  以及要為那些逼迫者證明
[00:42:19.000 --> 00:42:24.000]  持改革中信仰的人並非如人指控那樣
[00:42:24.000 --> 00:42:25.000]  是叛亂分子
[00:42:25.000 --> 00:42:26.000]  不是叛亂分子
[00:42:26.000 --> 00:42:27.000]  有人說他是叛亂分子
[00:42:27.000 --> 00:42:28.000]  所以要逼迫他們
[00:42:28.000 --> 00:42:31.000]  而是一群奉公守法的公民
[00:42:31.000 --> 00:42:35.000]  像初期教會被羅馬人冤枉的時候
[00:42:35.000 --> 00:42:38.000]  於是他們就說我們不是那些叛亂分子
[00:42:38.000 --> 00:42:43.000]  是按照聖經來認信真基督教教義的人
[00:42:43.000 --> 00:42:46.000]  於是德布利就是那個牧師
[00:42:46.000 --> 00:42:51.000]  就於1561年撮寫了這份信條
[00:42:51.000 --> 00:42:53.000]  隔年
[00:42:53.000 --> 00:42:57.000]  這個信條的副本被晴級國王菲利
[00:42:57.000 --> 00:42:59.000]  Philip II二世
[00:42:59.000 --> 00:43:02.000]  並附上了一份請願書
[00:43:02.000 --> 00:43:03.000]  請願什麼呢
[00:43:03.000 --> 00:43:04.000]  不要再逼迫我們了
[00:43:04.000 --> 00:43:06.000]  請願者在書中聲明
[00:43:06.000 --> 00:43:10.000]  他們願意在一切合法的事情上
[00:43:10.000 --> 00:43:13.000]  馴服政府
[00:43:13.000 --> 00:43:15.000]  然而倘若政府要他們背棄
[00:43:15.000 --> 00:43:17.000]  這信條上所呈明的真理
[00:43:17.000 --> 00:43:18.000]  聖經的真理
[00:43:18.000 --> 00:43:24.000]  他們寧可露出他們的背來領受鞭打
[00:43:24.000 --> 00:43:28.000]  伸出他們的舌頭來領受割刑
[00:43:28.000 --> 00:43:31.000]  張開他們的口來領受窒息
[00:43:31.000 --> 00:43:38.000]  甚至以及獻上他們整個身體來領受火刑
[00:43:38.000 --> 00:43:40.000]  神經病
[00:43:40.000 --> 00:43:42.000]  你寫一個信仰告白就寫吧
[00:43:42.000 --> 00:43:44.000]  為什麼要寫得這麼絕
[00:43:44.000 --> 00:43:46.000]  你請願你叫人不要逼迫你
[00:43:46.000 --> 00:43:47.000]  最後說一句
[00:43:47.000 --> 00:43:51.000]  不過如果你要我們改變我們的信仰呢
[00:43:51.000 --> 00:43:53.000]  那你來吧
[00:43:53.000 --> 00:43:57.000]  傳言為利
[00:43:57.000 --> 00:44:02.000]  你今天想起我們祖宗
[00:44:02.000 --> 00:44:04.000]  我們屬靈的祖宗
[00:44:04.000 --> 00:44:07.000]  你是不是覺得我們現在很變質
[00:44:07.000 --> 00:44:09.000]  廉價恩典
[00:44:09.000 --> 00:44:11.000]  到處都是
[00:44:11.000 --> 00:44:13.000]  上帝為我做什麼
[00:44:13.000 --> 00:44:14.000]  上帝可以為我做什麼
[00:44:14.000 --> 00:44:15.000]  你叫我信耶穌
[00:44:15.000 --> 00:44:17.000]  你告訴我耶穌為我做什麼
[00:44:17.000 --> 00:44:19.000]  上個星期為我做了什麼
[00:44:19.000 --> 00:44:21.000]  見證
[00:44:21.000 --> 00:44:23.000]  找個人出來見證
[00:44:23.000 --> 00:44:26.000]  拿命來賭
[00:44:26.000 --> 00:44:32.000]  是不是完全不一樣的東西
[00:44:32.000 --> 00:44:37.000]  Belgian Confession的大哥
[00:44:37.000 --> 00:44:41.000]  你沒讀過神學就這樣看吧
[00:44:41.000 --> 00:44:44.000]  又悶悶的一家人
[00:44:44.000 --> 00:44:46.000]  但如果你讀過系統神學
[00:44:46.000 --> 00:44:52.000]  你一看那組織已經很精密
[00:44:52.000 --> 00:44:54.000]  已經很成熟
[00:44:54.000 --> 00:44:56.000]  你會發現後來
[00:44:56.000 --> 00:45:01.000]  Wesminster Confession的組織和這個很相似
[00:45:01.000 --> 00:45:03.000]  次序一開始
[00:45:03.000 --> 00:45:06.000]  雖然第一章是講神論
[00:45:06.000 --> 00:45:08.000]  其實很重要的是聖經論
[00:45:08.000 --> 00:45:10.000]  聖經論是很重要的東西
[00:45:10.000 --> 00:45:12.000]  你開始學神學
[00:45:12.000 --> 00:45:15.000]  你怎樣看本聖經會影響你整個信仰
[00:45:15.000 --> 00:45:20.000]  聖經論、神論、人論、基督論、救恩論、教會論、末世論
[00:45:20.000 --> 00:45:22.000]  這些就是我們信仰的基礎
[00:45:22.000 --> 00:45:25.000]  今天有多少人真的會問這些問題
[00:45:25.000 --> 00:45:27.000]  還是信耶穌有什麼好處
[00:45:27.000 --> 00:45:29.000]  不要跟我說聖經
[00:45:29.000 --> 00:45:30.000]  我又不是神學家
[00:45:30.000 --> 00:45:32.000]  為什麼跟我說神學家
[00:45:32.000 --> 00:45:36.000]  跟我說耶穌可以為你做什麼
[00:45:36.000 --> 00:45:37.000]  怎樣祈禱
[00:45:37.000 --> 00:45:38.000]  怎樣祈禱
[00:45:38.000 --> 00:45:39.000]  有得靈
[00:45:39.000 --> 00:45:41.000]  你是不是去錯了地方
[00:45:41.000 --> 00:45:43.000]  是不是應該去黃大仙
[00:45:43.000 --> 00:45:45.000]  黃大仙都可以問一下
[00:45:45.000 --> 00:45:47.000]  怎樣可以祈禱黃大仙靈一點
[00:45:47.000 --> 00:45:48.000]  不用來教會
[00:45:48.000 --> 00:45:50.000]  教會跟你說這些
[00:45:50.000 --> 00:45:52.000]  完全是兩個世界
[00:45:52.000 --> 00:45:54.000]  時間的關係
[00:45:54.000 --> 00:45:56.000]  我們去Canon of Thought
[00:45:56.000 --> 00:45:58.000]  我剛剛skip了Canon of Thought
[00:45:58.000 --> 00:46:00.000]  都不好讀
[00:46:00.000 --> 00:46:02.000]  Canon of Thought
[00:46:02.000 --> 00:46:07.000]  很多人覺得是一個神學巨著
[00:46:07.000 --> 00:46:11.000]  很多人一開始接觸改革中
[00:46:11.000 --> 00:46:14.000]  都是拿Canon of Thought來讀
[00:46:14.000 --> 00:46:19.000]  多德議會針對荷蘭教會
[00:46:19.000 --> 00:46:20.000]  這個是荷蘭文寫的
[00:46:20.000 --> 00:46:24.000]  剛才那個是法文
[00:46:24.000 --> 00:46:28.000]  所爭議的五大教義要點決議案
[00:46:28.000 --> 00:46:30.000]  這個是神學的爭議
[00:46:30.000 --> 00:46:31.000]  不是異端
[00:46:31.000 --> 00:46:33.000]  這個是神學爭議
[00:46:33.000 --> 00:46:36.000]  人通常稱之為多德信經
[00:46:36.000 --> 00:46:38.000]  其包含的內容乃是
[00:46:38.000 --> 00:46:41.000]  在1618年至1619年
[00:46:41.000 --> 00:46:46.000]  在荷蘭多德城所舉辦的
[00:46:46.000 --> 00:46:50.000]  那個多德會議所通過的教義陳述
[00:46:50.000 --> 00:47:00.000]  多德教會雖說只是荷蘭改革中教會的區域性的議會
[00:47:00.000 --> 00:47:02.000]  卻具有一種國際性的特質
[00:47:02.000 --> 00:47:07.000]  因為出席該會的成員不僅是荷蘭的代表
[00:47:07.000 --> 00:47:14.000]  還有26名從8個國外的地區來參與這個會議的
[00:47:14.000 --> 00:47:18.000]  乃是為了裁決一個由阿米念主義
[00:47:18.000 --> 00:47:22.000]  不知道大家有沒有人知道阿米念主義
[00:47:22.000 --> 00:47:24.000]  所引發嚴重的爭議
[00:47:24.000 --> 00:47:27.000]  當時有一個人叫做Jacob Aminus
[00:47:27.000 --> 00:47:30.000]  他是拉登大學裏面的神學教授
[00:47:30.000 --> 00:47:32.000]  不過後來死了
[00:47:32.000 --> 00:47:37.000]  跟隨他的門徒提出他的神學觀點
[00:47:37.000 --> 00:47:41.000]  抗衡加以文的神學觀點
[00:47:41.000 --> 00:47:43.000]  跳一跳
[00:47:43.000 --> 00:47:46.000]  於是他們寫了一個抗議的信條
[00:47:46.000 --> 00:47:48.000]  一文中提出來
[00:47:48.000 --> 00:47:56.000]  阿米念主義在這份文獻以及後來發表的一些較直接的著作中
[00:47:56.000 --> 00:48:02.000]  教導說上帝揀選人乃是基於他預先看見人信心
[00:48:02.000 --> 00:48:05.000]  救恩是給全世界的人
[00:48:05.000 --> 00:48:08.000]  人只是局部地墮落
[00:48:08.000 --> 00:48:11.000]  上帝的恩典是人可以抗拒的
[00:48:11.000 --> 00:48:15.000]  以及人是有可能從恩典狀態中失能力
[00:48:15.000 --> 00:48:17.000]  如果你知道發生了什麼事
[00:48:17.000 --> 00:48:18.000]  你就知道了
[00:48:18.000 --> 00:48:19.000]  你不知道就算了
[00:48:19.000 --> 00:48:20.000]  無所謂的
[00:48:20.000 --> 00:48:26.000]  總之Canon of thought就是回應五項東西
[00:48:26.000 --> 00:48:31.000]  五項神學上的一些爭議
[00:48:31.000 --> 00:48:33.000]  於是他只有五點
[00:48:33.000 --> 00:48:35.000]  如果你看Canon of thought
[00:48:35.000 --> 00:48:39.000]  在多德議會在此信途中
[00:48:39.000 --> 00:48:41.000]  斥責了上述的觀點
[00:48:41.000 --> 00:48:43.000]  即是之前的觀點
[00:48:43.000 --> 00:48:44.000]  並列出改革中
[00:48:44.000 --> 00:48:47.000]  改革中就是加以文思想影響底下
[00:48:47.000 --> 00:48:52.000]  發展出來的教義
[00:48:52.000 --> 00:48:54.000]  他們有五個章節
[00:48:54.000 --> 00:48:55.000]  五章
[00:48:55.000 --> 00:48:58.000]  通常有些人將它總結的時候
[00:48:58.000 --> 00:48:59.000]  就會說
[00:48:59.000 --> 00:49:01.000]  這個是一二三四五
[00:49:01.000 --> 00:49:02.000]  五章
[00:49:02.000 --> 00:49:05.000]  第一章說的是unconditional election
[00:49:05.000 --> 00:49:07.000]  我用英文讀
[00:49:07.000 --> 00:49:08.000]  第二個是limited atonement
[00:49:08.000 --> 00:49:10.000]  第三個叫total depravity
[00:49:10.000 --> 00:49:12.000]  第四個irresistible grace
[00:49:12.000 --> 00:49:14.000]  就是perseverance of the saints
[00:49:14.000 --> 00:49:16.000]  於是有人在此看
[00:49:16.000 --> 00:49:17.000]  這是美國人
[00:49:17.000 --> 00:49:19.000]  看著英文字
[00:49:19.000 --> 00:49:21.000]  ULTIP
[00:49:21.000 --> 00:49:22.000]  然後他說
[00:49:22.000 --> 00:49:25.000]  如果你將T放在上面
[00:49:25.000 --> 00:49:27.000]  就變了TULIP
[00:49:27.000 --> 00:49:29.000]  就變了TULIP
[00:49:29.000 --> 00:49:31.000]  TULIP就是荷蘭的國花
[00:49:31.000 --> 00:49:32.000]  這麼香
[00:49:32.000 --> 00:49:33.000]  很靚
[00:49:33.000 --> 00:49:34.000]  於是有人說
[00:49:34.000 --> 00:49:36.000]  我們將Canon of thought
[00:49:36.000 --> 00:49:39.000]  可以總結為TULIP
[00:49:39.000 --> 00:49:40.000]  有沒有聽過
[00:49:40.000 --> 00:49:42.000]  沒聽過算了
[00:49:42.000 --> 00:49:43.000]  不要緊
[00:49:43.000 --> 00:49:46.000]  我最近聽了一個
[00:49:46.000 --> 00:49:49.000]  荷蘭的牧師說TULIP
[00:49:49.000 --> 00:49:51.000]  他心裏很不服氣
[00:49:51.000 --> 00:49:52.000]  他說這是美國人做出來的
[00:49:52.000 --> 00:49:54.000]  你怎麼可以將第三章
[00:49:54.000 --> 00:49:55.000]  變成第一章
[00:49:55.000 --> 00:49:56.000]  將第一章變成第二章
[00:49:56.000 --> 00:49:57.000]  第二章變成第三章
[00:49:57.000 --> 00:50:00.000]  那個次序完全不是錯的
[00:50:00.000 --> 00:50:01.000]  他就提議
[00:50:01.000 --> 00:50:05.000]  應該用另外一個acronym去總結
[00:50:05.000 --> 00:50:06.000]  Faith
[00:50:06.000 --> 00:50:07.000]  Fallen humanity
[00:50:07.000 --> 00:50:10.000]  Adopted by God in Christ
[00:50:10.000 --> 00:50:12.000]  Intentional Atonement
[00:50:12.000 --> 00:50:14.000]  Transformed by the Spirit
[00:50:14.000 --> 00:50:17.000]  Held by the Triune God
[00:50:17.000 --> 00:50:20.000]  我想這個是難度高的
[00:50:20.000 --> 00:50:21.000]  大家不明白
[00:50:21.000 --> 00:50:22.000]  有人懂就懂
[00:50:22.000 --> 00:50:23.000]  不懂就不懂
[00:50:23.000 --> 00:50:24.000]  不要緊
[00:50:24.000 --> 00:50:26.000]  不懂不需要特意去讀
[00:50:26.000 --> 00:50:27.000]  你明白嗎
[00:50:27.000 --> 00:50:28.000]  但是我自己
[00:50:28.000 --> 00:50:30.000]  這次有機會讀的時候
[00:50:30.000 --> 00:50:31.000]  讀一點Canon of thought
[00:50:31.000 --> 00:50:34.000]  覺得背後他們的心態
[00:50:34.000 --> 00:50:38.000]  是很在乎教會有純正的教導
[00:50:38.000 --> 00:50:40.000]  還有教會的牧羊
[00:50:40.000 --> 00:50:43.000]  他們是用聖經的真道去牧羊教會
[00:50:43.000 --> 00:50:45.000]  就不是說我們的敬拜
[00:50:45.000 --> 00:50:49.000]  可以搞得怎樣興奮一點
[00:50:49.000 --> 00:50:52.000]  讓大家多些人弟兄姊妹進來
[00:50:52.000 --> 00:50:53.000]  叫那些外面的人
[00:50:53.000 --> 00:50:56.000]  他們是很在乎聖經真道的
[00:50:56.000 --> 00:50:58.000]  如果大家有興趣
[00:50:58.000 --> 00:50:59.000]  我介紹你
[00:50:59.000 --> 00:51:01.000]  你可以在YouTube裏面
[00:51:01.000 --> 00:51:06.000]  去找一個叫做魏安德博士
[00:51:06.000 --> 00:51:09.000]  他是一個荷蘭的神學家牧師
[00:51:09.000 --> 00:51:11.000]  他講了一個講座
[00:51:11.000 --> 00:51:12.000]  關於Canon of thought
[00:51:12.000 --> 00:51:13.000]  講得很好
[00:51:13.000 --> 00:51:15.000]  還有中文的翻譯
[00:51:15.000 --> 00:51:16.000]  是普通話的翻譯
[00:51:16.000 --> 00:51:17.000]  翻譯得很好
[00:51:17.000 --> 00:51:19.000]  你可以聽聽
[00:51:19.000 --> 00:51:20.000]  時間關係
[00:51:20.000 --> 00:51:25.000]  我想講完海登堡要你問答
[00:51:25.000 --> 00:51:27.000]  接著我們就close out first half
[00:51:27.000 --> 00:51:29.000]  海登堡要你問答
[00:51:29.000 --> 00:51:31.000]  這個要你問答和前面不一樣
[00:51:31.000 --> 00:51:34.000]  前面就講了一堆我們信什麼
[00:51:34.000 --> 00:51:35.000]  海登堡要你問答
[00:51:35.000 --> 00:51:36.000]  就將所有的信仰
[00:51:36.000 --> 00:51:37.000]  用一問一答
[00:51:37.000 --> 00:51:38.000]  一問一答
[00:51:38.000 --> 00:51:39.000]  一問一答
[00:51:39.000 --> 00:51:42.000]  總共有129個一問一答
[00:51:42.000 --> 00:51:46.000]  接著129個分為了52個section
[00:51:46.000 --> 00:51:47.000]  為什麼52呢
[00:51:47.000 --> 00:51:51.000]  因為一年裏面有52個州
[00:51:51.000 --> 00:51:52.000]  52個主日
[00:51:52.000 --> 00:51:55.000]  他們想教會在52州裏面
[00:51:55.000 --> 00:51:59.000]  用海登堡要你問答
[00:51:59.000 --> 00:52:01.000]  去教導當時的教會
[00:52:01.000 --> 00:52:03.000]  接著跟你講多一點
[00:52:03.000 --> 00:52:06.000]  海登堡要你問答的成形是
[00:52:06.000 --> 00:52:12.000]  選後菲律賓得力三世的要求
[00:52:12.000 --> 00:52:14.000]  在海登堡寫成
[00:52:14.000 --> 00:52:17.000]  這個人就是地方官
[00:52:17.000 --> 00:52:18.000]  你當他
[00:52:18.000 --> 00:52:20.000]  但是他很care當時那些人
[00:52:20.000 --> 00:52:21.000]  那些教會的教導好不好
[00:52:21.000 --> 00:52:23.000]  他派他的小朋友出去
[00:52:23.000 --> 00:52:26.000]  他們幫他去看我們城裏面的教會
[00:52:26.000 --> 00:52:28.000]  你看那些教會現在教到怎樣
[00:52:28.000 --> 00:52:31.000]  接著他們回來就一塌糊塗
[00:52:31.000 --> 00:52:33.000]  一塌糊塗
[00:52:33.000 --> 00:52:35.000]  於是他們就想辦法
[00:52:35.000 --> 00:52:37.000]  我怎樣可以幫到我們教會
[00:52:37.000 --> 00:52:39.000]  真是去回歸聖經
[00:52:39.000 --> 00:52:44.000]  你當他是政府官員
[00:52:44.000 --> 00:52:50.000]  他就於1559年至1576年
[00:52:50.000 --> 00:52:54.000]  他就治理那裏的一個州
[00:52:54.000 --> 00:52:56.000]  他是在做領導人
[00:52:56.000 --> 00:52:58.000]  根據傳統
[00:52:58.000 --> 00:53:00.000]  這份新的教歷
[00:53:00.000 --> 00:53:02.000]  他就去找兩個神學教授
[00:53:02.000 --> 00:53:05.000]  一個叫Zacharias Houssainis
[00:53:05.000 --> 00:53:09.000]  另外一個叫Caspar Olivianus
[00:53:09.000 --> 00:53:11.000]  兩個人一起去
[00:53:11.000 --> 00:53:16.000]  撮寫一個新的要你問答
[00:53:16.000 --> 00:53:19.000]  接著讓所有他當地的教會
[00:53:19.000 --> 00:53:23.000]  都可以按照那個要你問答
[00:53:23.000 --> 00:53:26.000]  去解釋福音給他們的群眾
[00:53:26.000 --> 00:53:29.000]  這兩個人Zacharias和Caspar
[00:53:29.000 --> 00:53:32.000]  當時一個是28歲
[00:53:32.000 --> 00:53:34.000]  一個是26歲
[00:53:34.000 --> 00:53:36.000]  或者你說英雄出少年
[00:53:36.000 --> 00:53:38.000]  還是我們這代廢
[00:53:38.000 --> 00:53:41.000]  我們28歲26歲的人在做什麼
[00:53:41.000 --> 00:53:42.000]  都不知道
[00:53:42.000 --> 00:53:44.000]  在打遊戲機
[00:53:44.000 --> 00:53:46.000]  都不知道在做什麼
[00:53:46.000 --> 00:53:48.000]  而且聽說那時候Zacharias
[00:53:48.000 --> 00:53:50.000]  已經在神學院裏面教了三年
[00:53:50.000 --> 00:53:51.000]  這個信仰
[00:53:51.000 --> 00:53:52.000]  要你問答
[00:53:52.000 --> 00:53:54.000]  是他自己發明出來的
[00:53:54.000 --> 00:53:56.000]  他已經知道教會不行
[00:53:56.000 --> 00:53:58.000]  所以他自己發明了這個問你要答
[00:53:58.000 --> 00:54:00.000]  接著在教他們的神學生
[00:54:00.000 --> 00:54:02.000]  現在政府說
[00:54:02.000 --> 00:54:03.000]  來吧來吧
[00:54:03.000 --> 00:54:05.000]  我們現在很需要你的幫忙
[00:54:05.000 --> 00:54:07.000]  於是就開始去
[00:54:07.000 --> 00:54:08.000]  對不起
[00:54:08.000 --> 00:54:10.000]  我原來沒有按到
[00:54:10.000 --> 00:54:13.000]  真是不好意思
[00:54:13.000 --> 00:54:15.000]  大家聽我說
[00:54:15.000 --> 00:54:18.000]  不緊要一會你可以問我
[00:54:18.000 --> 00:54:19.000]  拿個powerpoint都可以
[00:54:19.000 --> 00:54:21.000]  沒所謂
[00:54:21.000 --> 00:54:28.000]  一樣是有這個
[00:54:28.000 --> 00:54:31.000]  這個艾安德博士
[00:54:31.000 --> 00:54:33.000]  講了一個很好的talk
[00:54:33.000 --> 00:54:35.000]  on Heidelberg Catechism
[00:54:35.000 --> 00:54:37.000]  你可以去google那裏
[00:54:37.000 --> 00:54:39.000]  去youtube那裏找一找
[00:54:39.000 --> 00:54:42.000]  Heidelberg Catechism真的寫得很好
[00:54:42.000 --> 00:54:46.000]  他將他120個問答
[00:54:46.000 --> 00:54:47.000]  分為三大段
[00:54:47.000 --> 00:54:49.000]  那三大段是甚麼呢
[00:54:49.000 --> 00:54:51.000]  如果你看英文這裏
[00:54:51.000 --> 00:54:53.000]  開始是mystery
[00:54:53.000 --> 00:54:55.000]  我們在最終裏面那種悲慘
[00:54:55.000 --> 00:54:57.000]  第二是deliverance
[00:54:57.000 --> 00:55:00.000]  上帝怎樣將我們從最終裏面拯救出來
[00:55:00.000 --> 00:55:02.000]  接著part 3是gratitude
[00:55:02.000 --> 00:55:05.000]  我們現在應該怎樣去回報上帝
[00:55:05.000 --> 00:55:12.000]  現在很多海登堡要你的教會都說
[00:55:12.000 --> 00:55:14.000]  三個G
[00:55:14.000 --> 00:55:16.000]  guilt 罪孽
[00:55:16.000 --> 00:55:18.000]  grace 恩典
[00:55:18.000 --> 00:55:21.000]  gratitude 感激
[00:55:21.000 --> 00:55:23.000]  而這三樣東西
[00:55:23.000 --> 00:55:26.000]  guilt grace gratitude
[00:55:26.000 --> 00:55:29.000]  剛剛好也是羅馬書的分段
[00:55:29.000 --> 00:55:32.000]  羅馬書一至三章講人的罪
[00:55:32.000 --> 00:55:36.000]  由第三章最後去到第十一章尾
[00:55:36.000 --> 00:55:38.000]  是講上帝對我們的拯救
[00:55:38.000 --> 00:55:41.000]  接著第十二章將身體現象當作活祭
[00:55:41.000 --> 00:55:43.000]  是我們對上帝的回應
[00:55:43.000 --> 00:55:48.000]  於是guilt grace gratitude
[00:55:48.000 --> 00:55:51.000]  這個人真是英雄出少年
[00:55:51.000 --> 00:55:54.000]  他真的想得很正
[00:55:54.000 --> 00:56:01.000]  他在129個Q&A裏面
[00:56:01.000 --> 00:56:06.000]  cover了五個很重要的環節
[00:56:06.000 --> 00:56:09.000]  他覺得使徒信經要解釋得清楚
[00:56:09.000 --> 00:56:11.000]  於是用很多問答去解釋
[00:56:11.000 --> 00:56:13.000]  使徒信經裏面的東西
[00:56:13.000 --> 00:56:15.000]  接著他覺得既然我們是基督徒
[00:56:15.000 --> 00:56:18.000]  我們一定要解釋洗禮是甚麼
[00:56:18.000 --> 00:56:19.000]  聖餐是甚麼
[00:56:19.000 --> 00:56:22.000]  尤其是你由羅馬天主教那裏出來
[00:56:22.000 --> 00:56:24.000]  你只有兩個聖禮
[00:56:24.000 --> 00:56:26.000]  因為羅馬天主教有很多其他那些
[00:56:26.000 --> 00:56:27.000]  有七個
[00:56:27.000 --> 00:56:28.000]  他出來的時候
[00:56:28.000 --> 00:56:30.000]  他說不只是這兩個才是真正的聖禮
[00:56:30.000 --> 00:56:32.000]  於是要好好解釋甚麼是洗禮
[00:56:32.000 --> 00:56:33.000]  甚麼是聖餐
[00:56:33.000 --> 00:56:36.000]  接著他說十誡和主禱文
[00:56:36.000 --> 00:56:38.000]  很重要
[00:56:38.000 --> 00:56:43.000]  我想讀兩個Q&A給你
[00:56:43.000 --> 00:56:47.000]  一和二是最出名的
[00:56:47.000 --> 00:56:50.000]  二十多歲的年輕牧師
[00:56:50.000 --> 00:56:53.000]  可以寫到甚麼出來
[00:56:53.000 --> 00:56:54.000]  但當時的世界
[00:56:54.000 --> 00:56:57.000]  其實他們真的不知道明天吹甚麼風
[00:56:57.000 --> 00:56:58.000]  有可能又被人逼白
[00:56:58.000 --> 00:57:01.000]  又被人剁死
[00:57:01.000 --> 00:57:03.000]  第一問是
[00:57:03.000 --> 00:57:07.000]  你在今生和死後唯一的慰藉是甚麼
[00:57:07.000 --> 00:57:12.000]  What is your only comfort in life and in death
[00:57:12.000 --> 00:57:14.000]  一個年輕的牧師回答是
[00:57:14.000 --> 00:57:17.000]  我在今生和死後唯一的慰藉就是
[00:57:17.000 --> 00:57:19.000]  我無論是生是死
[00:57:19.000 --> 00:57:23.000]  無論在身體上還是在靈魂上
[00:57:23.000 --> 00:57:27.000]  都已不再屬於我自己
[00:57:27.000 --> 00:57:33.000]  而屬於那位信實的救主耶穌基督
[00:57:33.000 --> 00:57:43.000]  祂已經用祂的補血徹底付清了我一切的罪債
[00:57:43.000 --> 00:57:48.000]  並且把我從魔鬼的暴虐權勢中拯救了出來
[00:57:48.000 --> 00:57:50.000]  使我得著自由
[00:57:50.000 --> 00:57:53.000]  祂還要看顧我到一個地步
[00:57:53.000 --> 00:57:56.000]  以至若沒有天父的旨意
[00:57:56.000 --> 00:58:01.000]  我連一根頭髮都不會掉在地上
[00:58:01.000 --> 00:58:03.000]  看完最後
[00:58:03.000 --> 00:58:06.000]  而事實上萬事都必定互相效力
[00:58:06.000 --> 00:58:10.000]  我沒有天父的旨意而互相效力的救恩
[00:58:10.000 --> 00:58:13.000]  而正因為我屬於基督
[00:58:13.000 --> 00:58:18.000]  基督就藉著祂的靈給我永生的確居
[00:58:18.000 --> 00:58:21.000]  並催促使我從今以後
[00:58:21.000 --> 00:58:28.000]  能夠甘心樂意毫無保留地為祂而活
[00:58:28.000 --> 00:58:30.000]  祂不是萬事互相效力
[00:58:30.000 --> 00:58:31.000]  叫我愛臣的人的一處
[00:58:31.000 --> 00:58:33.000]  所以無論我有什麼困難
[00:58:33.000 --> 00:58:34.000]  上帝一定會保守我
[00:58:34.000 --> 00:58:35.000]  只要我求天父
[00:58:35.000 --> 00:58:36.000]  天父爸爸一定會
[00:58:36.000 --> 00:58:38.000]  我要什麼就有什麼
[00:58:38.000 --> 00:58:40.000]  因為天父是君王什麼什麼
[00:58:40.000 --> 00:58:42.000]  神經病
[00:58:42.000 --> 00:58:43.000]  你看祂最後
[00:58:43.000 --> 00:58:44.000]  祂知道在祂的世界裡
[00:58:44.000 --> 00:58:47.000]  祂隨時被人屈死都可以
[00:58:47.000 --> 00:58:49.000]  祂最後
[00:58:49.000 --> 00:58:51.000]  我知道這一切
[00:58:51.000 --> 00:58:52.000]  我知道我屬於我的主
[00:58:52.000 --> 00:58:54.000]  我知道我在永恆裡面有份
[00:58:54.000 --> 00:58:57.000]  於是我今天的應用就是
[00:58:57.000 --> 00:58:59.000]  催促我從今以後
[00:58:59.000 --> 00:59:01.000]  能夠甘心樂意
[00:59:01.000 --> 00:59:02.000]  毫無保留
[00:59:02.000 --> 00:59:03.000]  沒有上限
[00:59:03.000 --> 00:59:07.000]  沒有底線地為祂而活
[00:59:07.000 --> 00:59:09.000]  如果你有看過我寫
[00:59:09.000 --> 00:59:12.000]  這個講座裡面的一百字
[00:59:12.000 --> 00:59:14.000]  叫我用一百字講一下
[00:59:14.000 --> 00:59:16.000]  我就引用J.I.Packer
[00:59:16.000 --> 00:59:19.000]  說我們是屬靈諸如
[00:59:19.000 --> 00:59:22.000]  清教徒就是屬靈巨人
[00:59:22.000 --> 00:59:23.000]  就是這樣的問題
[00:59:23.000 --> 00:59:25.000]  完全是兩回事
[00:59:25.000 --> 00:59:26.000]  人家那個是什麼世界
[00:59:26.000 --> 00:59:28.000]  隨時沒命的
[00:59:28.000 --> 00:59:30.000]  最後
[00:59:30.000 --> 00:59:37.000]  若想在這個讓你安然面對生死的慰藉中喜樂度日
[00:59:37.000 --> 00:59:39.000]  喜樂度日
[00:59:39.000 --> 00:59:40.000]  我們每個人都要喜樂度日
[00:59:40.000 --> 00:59:43.000]  那你就必須認清那些事
[00:59:43.000 --> 00:59:45.000]  有三件事大家要記住
[00:59:45.000 --> 00:59:49.000]  有三件事是必須認清的
[00:59:49.000 --> 00:59:54.000]  第一,我的罪並罪所帶來的仇苦
[00:59:54.000 --> 01:00:02.000]  第二,我是怎樣從一切的罪和仇苦慘狀中得釋放出來
[01:00:02.000 --> 01:00:09.000]  第三,我如今該如何為我所得著的救恩感謝上帝
[01:00:09.000 --> 01:00:13.000]  Grace, Guilt, Grace, Gratitude
[01:00:13.000 --> 01:00:16.000]  我要記住罪的仇苦
[01:00:16.000 --> 01:00:18.000]  我要記住救恩的偉大
[01:00:18.000 --> 01:00:23.000]  我要記住我今天要如何為上帝而活
[01:00:23.000 --> 01:00:25.000]  這個是改革中的精神
[01:00:25.000 --> 01:00:27.000]  好,我們已經過了時間
[01:00:27.000 --> 01:00:29.000]  我們應該休息一會
[01:00:29.000 --> 01:00:36.000]  讓Jonathan說兩句
[01:00:36.000 --> 01:00:39.000]  麻煩林牧師
[01:00:39.000 --> 01:00:52.000]  接下來我們請恩傳堂的堂主任陳啟興牧師為我們為今天的奉獻禱告
[01:00:52.000 --> 01:00:58.000]  我們機構是環球天道機構
[01:00:58.000 --> 01:01:00.000]  屬下有三個機構
[01:01:00.000 --> 01:01:02.000]  第一個是天道書樓
[01:01:02.000 --> 01:01:05.000]  今天是環球聖經公會
[01:01:05.000 --> 01:01:08.000]  另外一個是天道傳基協會
[01:01:08.000 --> 01:01:12.000]  大家如果有看明報就有談天說道
[01:01:12.000 --> 01:01:15.000]  三個有不同的崗位
[01:01:15.000 --> 01:01:20.000]  三個機構都需要信心的奉獻
[01:01:20.000 --> 01:01:27.000]  現在大家知道出書,翻譯聖經其實全部都是蝕本生意
[01:01:27.000 --> 01:01:31.000]  所以是需要大家去支持
[01:01:31.000 --> 01:01:35.000]  按著你的信心去支持
[01:01:35.000 --> 01:01:39.000]  我們請陳牧師
[01:01:39.000 --> 01:01:44.000]  讓我們同心禱告
[01:01:44.000 --> 01:01:46.000]  請主我們謝謝你
[01:01:46.000 --> 01:01:51.000]  謝謝你讓我們進入你的救恩裡面
[01:01:51.000 --> 01:01:56.000]  主求你藉著今天林牧師對我們的激勵
[01:01:56.000 --> 01:01:59.000]  讓我們看重你的心意
[01:01:59.000 --> 01:02:02.000]  看重你的話語
[01:02:02.000 --> 01:02:05.000]  看重你託付給我們的照明
[01:02:05.000 --> 01:02:07.000]  讓我們為你而活
[01:02:07.000 --> 01:02:11.000]  特別接下來在復活節
[01:02:11.000 --> 01:02:15.000]  壽難節我們紀念你的救恩的時候
[01:02:15.000 --> 01:02:19.000]  也讓我們能夠一生為你而活
[01:02:19.000 --> 01:02:25.000]  主我們知道環球天道這個機構
[01:02:25.000 --> 01:02:27.000]  也有很多的侍工
[01:02:27.000 --> 01:02:28.000]  很多福音侍工
[01:02:28.000 --> 01:02:30.000]  很多文字的侍工
[01:02:30.000 --> 01:02:33.000]  求主你親自去支援他們
[01:02:33.000 --> 01:02:40.000]  讓他們有充足的經費去將你的福音傳開
[01:02:40.000 --> 01:02:41.000]  求你感動我們
[01:02:41.000 --> 01:02:44.000]  我們將我們微小的獻上
[01:02:44.000 --> 01:02:46.000]  求你去使用
[01:02:46.000 --> 01:02:50.000]  去讓你自己的救恩能夠傳遍萬邦
[01:02:50.000 --> 01:02:55.000]  讓整個世界能夠歸榮耀給你
[01:02:55.000 --> 01:02:57.000]  我們同心禱告仰望
[01:02:57.000 --> 01:03:00.000]  耶穌基督的聖名,阿門
[01:03:00.000 --> 01:03:02.000]  謝謝陳牧師
[01:03:02.000 --> 01:03:04.000]  做一點報告
[01:03:04.000 --> 01:03:13.000]  以往環球天道是中文的一個機構
[01:03:13.000 --> 01:03:16.000]  但是中文的機構如何環球呢
[01:03:16.000 --> 01:03:19.000]  當然我們華人在全球也很多
[01:03:19.000 --> 01:03:24.000]  但是好像對其他的民族沒有什麼貢獻
[01:03:24.000 --> 01:03:26.000]  因為我們做的工作全部都是中文
[01:03:26.000 --> 01:03:30.000]  但是近幾年有了AI
[01:03:30.000 --> 01:03:35.000]  AI可以將我們中文的資料
[01:03:35.000 --> 01:03:38.000]  可以貢獻給其他語言
[01:03:38.000 --> 01:03:40.000]  我們也在探討
[01:03:40.000 --> 01:03:45.000]  如何將我們88本注釋的書
[01:03:45.000 --> 01:03:47.000]  用AI的方式
[01:03:47.000 --> 01:03:53.000]  讓其他不同語言的弟兄姊妹都可以用得到
[01:03:53.000 --> 01:03:56.000]  這是一個探討
[01:03:56.000 --> 01:03:58.000]  因為大家都在學如何用AI
[01:03:58.000 --> 01:04:00.000]  好好地去學
[01:04:00.000 --> 01:04:06.000]  而且我們的內容是很純正的福音派
[01:04:06.000 --> 01:04:08.000]  另外就是
[01:04:08.000 --> 01:04:13.000]  環球聖經公會有了新的譯本
[01:04:13.000 --> 01:04:14.000]  這幾年
[01:04:14.000 --> 01:04:16.000]  名字很容易記
[01:04:16.000 --> 01:04:18.000]  我們是環球聖經公會
[01:04:18.000 --> 01:04:20.000]  所以叫環球聖經譯本
[01:04:20.000 --> 01:04:24.000]  而且幾百年前
[01:04:24.000 --> 01:04:29.000]  家裡沒有一本聖經可以讀
[01:04:29.000 --> 01:04:31.000]  現在人人都有幾本聖經
[01:04:31.000 --> 01:04:34.000]  甚至手機裡有很多本聖經
[01:04:34.000 --> 01:04:36.000]  但是我們就不讀了
[01:04:36.000 --> 01:04:38.000]  但是我讀的書少
[01:04:38.000 --> 01:04:40.000]  所以我不喜歡看聖經
[01:04:40.000 --> 01:04:42.000]  現在沒有藉口了
[01:04:42.000 --> 01:04:46.000]  因為環球聖經公會做了兩年讀經計劃
[01:04:46.000 --> 01:04:51.000]  錄了一整本聖經
[01:04:51.000 --> 01:04:54.000]  每天聽八至十分鐘的聖經
[01:04:54.000 --> 01:04:56.000]  看YouTube 看文字
[01:04:56.000 --> 01:04:59.000]  兩年不單止可以出埃及
[01:04:59.000 --> 01:05:03.000]  而且一整本聖經都可以讀
[01:05:03.000 --> 01:05:04.000]  聽完
[01:05:04.000 --> 01:05:05.000]  不讀出聲
[01:05:05.000 --> 01:05:07.000]  聽都聽得完
[01:05:07.000 --> 01:05:09.000]  現在沒有藉口了
[01:05:09.000 --> 01:05:13.000]  另外我們有四項推動
[01:05:13.000 --> 01:05:15.000]  因為速讀不夠
[01:05:15.000 --> 01:05:16.000]  第一是卷讀
[01:05:16.000 --> 01:05:18.000]  就是介紹那本書想說什麼
[01:05:18.000 --> 01:05:20.000]  也每一天有個靈讀
[01:05:20.000 --> 01:05:22.000]  就是有個簡單的介紹
[01:05:22.000 --> 01:05:28.000]  那個內容其實有什麼心的內涵在裡面
[01:05:28.000 --> 01:05:30.000]  第四就是圍讀
[01:05:30.000 --> 01:05:35.000]  我們鼓勵大家五個人組成一個小組
[01:05:35.000 --> 01:05:37.000]  一起同行
[01:05:37.000 --> 01:05:39.000]  不是每天都圍著讀
[01:05:39.000 --> 01:05:41.000]  但是可能是一個星期
[01:05:41.000 --> 01:05:43.000]  無論在網上
[01:05:43.000 --> 01:05:46.000]  或者見面的時候
[01:05:46.000 --> 01:05:55.000]  可以一起分享那星期讀經靈修的感動
[01:05:55.000 --> 01:05:58.000]  希望有一個五人的同行小組
[01:05:58.000 --> 01:06:01.000]  那個聯絡人我自己稱他為
[01:06:01.000 --> 01:06:06.000]  一個屬靈的五夫長
[01:06:06.000 --> 01:06:10.000]  其實聖經很重要
[01:06:10.000 --> 01:06:12.000]  林牧師有一本書
[01:06:12.000 --> 01:06:14.000]  大家認住這本綠色的書
[01:06:14.000 --> 01:06:16.000]  後面有介紹
[01:06:16.000 --> 01:06:18.000]  他有十課
[01:06:18.000 --> 01:06:19.000]  我覺得很精彩
[01:06:19.000 --> 01:06:21.000]  因為他用路加的福音
[01:06:21.000 --> 01:06:24.000]  對十個很重要的問題
[01:06:24.000 --> 01:06:27.000]  那本書叫《終極問答》
[01:06:27.000 --> 01:06:34.000]  可以說是概括了一些很重要的信仰話題
[01:06:34.000 --> 01:06:40.000]  未來幾個月我們都有不同的講座
[01:06:40.000 --> 01:06:42.000]  其中也包括翻譯聖經
[01:06:42.000 --> 01:06:45.000]  我們機構其中有天道書樓
[01:06:45.000 --> 01:06:49.000]  有人問我天道書樓和Tindale有沒有關係
[01:06:49.000 --> 01:06:51.000]  我們說沒有關係
[01:06:51.000 --> 01:06:56.000]  但那個William Tindale就是一個很重要的人
[01:06:56.000 --> 01:06:59.000]  因為他在英國翻譯聖經
[01:06:59.000 --> 01:07:04.000]  他把King James Version翻譯了七八成
[01:07:04.000 --> 01:07:12.000]  但他的結局是被政治迫害殺了
[01:07:12.000 --> 01:07:17.000]  以往翻譯這些工作的人
[01:07:17.000 --> 01:07:20.000]  其實按人來看不得好死
[01:07:20.000 --> 01:07:28.000]  但其實有很好的觀念給過他
[01:07:28.000 --> 01:07:31.000]  我們還有兩本
[01:07:31.000 --> 01:07:38.000]  《威斯敏斯特信仰宣言》
[01:07:38.000 --> 01:07:42.000]  和《小要理問答》
[01:07:42.000 --> 01:07:44.000]  大家一會兒可以在後面看一看
[01:07:44.000 --> 01:07:46.000]  因為只剩下兩本
[01:07:46.000 --> 01:07:48.000]  如果需要的時候大家可以訂
[01:07:48.000 --> 01:07:52.000]  其實很鼓勵大家多看書
[01:07:52.000 --> 01:07:54.000]  因為現在AI的年代
[01:07:54.000 --> 01:07:59.000]  什麼問題都可以問AI
[01:07:59.000 --> 01:08:02.000]  但剛才林牧師所說的話
[01:08:02.000 --> 01:08:05.000]  我相信你問AI沒那麼快回答
[01:08:05.000 --> 01:08:08.000]  在平衡的學習裡
[01:08:08.000 --> 01:08:12.000]  你一定要有廣泛的學識
[01:08:12.000 --> 01:08:16.000]  然後才懂得用AI的回覆
[01:08:16.000 --> 01:08:18.000]  有人介紹過
[01:08:18.000 --> 01:08:20.000]  你什麼時候要用AI
[01:08:20.000 --> 01:08:22.000]  記住你不懂的東西
[01:08:22.000 --> 01:08:24.000]  就不要問AI
[01:08:24.000 --> 01:08:26.000]  你懂才好問
[01:08:26.000 --> 01:08:29.000]  它可以幫你整理
[01:08:29.000 --> 01:08:31.000]  整理得快一點
[01:08:31.000 --> 01:08:32.000]  它是你的助手
[01:08:32.000 --> 01:08:34.000]  但它不是你的老師
[01:08:34.000 --> 01:08:37.000]  我很希望大家
[01:08:37.000 --> 01:08:39.000]  無論在學習上
[01:08:39.000 --> 01:08:41.000]  我用很多AI
[01:08:41.000 --> 01:08:44.000]  但要知道你用AI越多
[01:08:44.000 --> 01:08:47.000]  你就越要在真理上紮根
[01:08:47.000 --> 01:08:49.000]  否則就避誤
[01:08:49.000 --> 01:08:51.000]  所以包括聽講座
[01:08:51.000 --> 01:08:53.000]  包括讀書
[01:08:53.000 --> 01:08:55.000]  包括在教會裡學習
[01:08:55.000 --> 01:08:57.000]  都是很重要
[01:08:57.000 --> 01:09:01.000]  希望大家繼續努力
[01:09:01.000 --> 01:09:06.000]  現在我們有休息的時間
[01:09:06.000 --> 01:09:11.000]  我們回答10分鐘後就開始
[01:09:11.000 --> 01:09:19.000]  我想我們都要開始
[01:09:19.000 --> 01:09:21.000]  否則大家回不了家
[01:09:21.000 --> 01:09:23.000]  不好意思
[01:09:26.000 --> 01:09:29.000]  我做個簡單的祈禱
[01:09:29.000 --> 01:09:31.000]  天父我們很感謝你
[01:09:31.000 --> 01:09:33.000]  讓我們一起思想信仰告白
[01:09:33.000 --> 01:09:36.000]  但我們真正思想的是聖經
[01:09:36.000 --> 01:09:38.000]  因為一個好的信仰告白
[01:09:38.000 --> 01:09:40.000]  是將聖經裡的真理
[01:09:40.000 --> 01:09:45.000]  更加3D呈現在我們面前
[01:09:45.000 --> 01:09:46.000]  雖然這些信仰告白
[01:09:46.000 --> 01:09:48.000]  已經是幾百年前的東西
[01:09:48.000 --> 01:09:51.000]  但在我們讀得明白的時候
[01:09:51.000 --> 01:09:53.000]  當我們看得清楚的時候
[01:09:53.000 --> 01:09:56.000]  感覺到我們跟前人的聯繫
[01:09:56.000 --> 01:10:00.000]  願他們那種傳言為理的心智
[01:10:00.000 --> 01:10:02.000]  去激動我們
[01:10:02.000 --> 01:10:05.000]  也讓我們在我們自己的時代裡
[01:10:05.000 --> 01:10:08.000]  一樣為著同一樣的福音
[01:10:08.000 --> 01:10:09.000]  耶穌基督
[01:10:09.000 --> 01:10:11.000]  奉上我們的人生
[01:10:11.000 --> 01:10:14.000]  去活出一個傳言為理的信仰
[01:10:14.000 --> 01:10:17.000]  繼續祝福我們以下去思想
[01:10:17.000 --> 01:10:19.000]  whisper the confession的這段時間
[01:10:19.000 --> 01:10:21.000]  當然時間是很不足夠的
[01:10:21.000 --> 01:10:23.000]  但我們也很希望你
[01:10:23.000 --> 01:10:25.000]  祝福我們一起的時候
[01:10:25.000 --> 01:10:26.000]  祈禱奉祖耶穌基督
[01:10:26.000 --> 01:10:28.000]  明求阿門
[01:10:28.000 --> 01:10:30.000]  好,我們要去
[01:10:30.000 --> 01:10:32.000]  這個session
[01:10:32.000 --> 01:10:34.000]  只是看whisper the confession
[01:10:34.000 --> 01:10:36.000]  我到這裡
[01:10:36.000 --> 01:10:37.000]  這些是背景
[01:10:37.000 --> 01:10:38.000]  接著我才解釋
[01:10:38.000 --> 01:10:40.000]  怎樣去明白
[01:10:40.000 --> 01:10:45.000]  威斯敏斯特準則
[01:10:45.000 --> 01:10:47.000]  共包含三篇文獻
[01:10:47.000 --> 01:10:48.000]  所謂準則
[01:10:48.000 --> 01:10:53.000]  即是一個他們想大家共同相信的信仰
[01:10:53.000 --> 01:10:55.000]  很重要的一件事
[01:10:55.000 --> 01:10:57.000]  雖然說到準則
[01:10:57.000 --> 01:10:59.000]  好像大家要達標的時候
[01:10:59.000 --> 01:11:01.000]  其實你看看我右邊那幅圖畫
[01:11:01.000 --> 01:11:05.000]  我特意將準則放在聖經底下
[01:11:05.000 --> 01:11:08.000]  準則永遠不可以超越聖經
[01:11:08.000 --> 01:11:10.000]  為什麼有信仰告白
[01:11:10.000 --> 01:11:12.000]  信仰告白其實是想將聖經裡面
[01:11:12.000 --> 01:11:17.000]  一個1189章這麼複雜的神學思想
[01:11:17.000 --> 01:11:18.000]  眾多人
[01:11:18.000 --> 01:11:20.000]  人魂亦魂底下
[01:11:20.000 --> 01:11:21.000]  整理
[01:11:21.000 --> 01:11:23.000]  然後有個系統地
[01:11:23.000 --> 01:11:24.000]  讓我們明白
[01:11:24.000 --> 01:11:27.000]  以至幫助我們消化上帝的真理
[01:11:27.000 --> 01:11:29.000]  以及比較容易辨別
[01:11:29.000 --> 01:11:31.000]  什麼是異端什麼是邪說
[01:11:31.000 --> 01:11:32.000]  這是主要的原因
[01:11:32.000 --> 01:11:35.000]  但是最後的準則是在聖經底下
[01:11:35.000 --> 01:11:38.000]  我作為一個美國掌權會牧師
[01:11:38.000 --> 01:11:40.000]  我是需要
[01:11:40.000 --> 01:11:41.000]  到我按立的時候
[01:11:41.000 --> 01:11:43.000]  我是要宣誓
[01:11:43.000 --> 01:11:45.000]  這個是我的信仰告白
[01:11:45.000 --> 01:11:47.000]  但是不代表我全部同意
[01:11:47.000 --> 01:11:51.000]  這個信仰告白裡面是完全沒有漏洞
[01:11:51.000 --> 01:11:53.000]  甚至我可以在我按立的時候
[01:11:53.000 --> 01:11:55.000]  告訴你某一段
[01:11:55.000 --> 01:11:57.000]  我是有疑問的
[01:11:57.000 --> 01:11:58.000]  這樣也可以
[01:11:58.000 --> 01:12:01.000]  因為準則是低於聖經
[01:12:01.000 --> 01:12:05.000]  接著準則的原因是要服侍教會
[01:12:05.000 --> 01:12:06.000]  這個很重要
[01:12:06.000 --> 01:12:07.000]  不是要控制教會
[01:12:07.000 --> 01:12:10.000]  不是要看教會是否達標的問題
[01:12:10.000 --> 01:12:13.000]  是要服侍我們
[01:12:13.000 --> 01:12:14.000]  這個很重要
[01:12:14.000 --> 01:12:17.000]  於是在信仰的準則裡面
[01:12:17.000 --> 01:12:19.000]  就有三個文獻
[01:12:19.000 --> 01:12:20.000]  一個是主要的
[01:12:20.000 --> 01:12:22.000]  後面那兩個比較小一點的
[01:12:22.000 --> 01:12:24.000]  就是信仰告白
[01:12:24.000 --> 01:12:27.000]  接著有一個大要理問答
[01:12:27.000 --> 01:12:29.000]  接著有一個小要理問答
[01:12:29.000 --> 01:12:30.000]  簡單來說小要理問答
[01:12:30.000 --> 01:12:32.000]  Shortly Catechism是給小朋友的
[01:12:32.000 --> 01:12:34.000]  大要理問答是給大人的
[01:12:34.000 --> 01:12:37.000]  但是現在我們的大人比較小朋友一點
[01:12:37.000 --> 01:12:41.000]  所以我們大人都是比較喜歡小要理
[01:12:41.000 --> 01:12:43.000]  小要理已經覺得很難了
[01:12:43.000 --> 01:12:46.000]  大要理根本是沒有辦法消化的
[01:12:46.000 --> 01:12:47.000]  所以你會發覺
[01:12:47.000 --> 01:12:49.000]  就算在我們現在的改革宗教裡面
[01:12:49.000 --> 01:12:51.000]  大家都喜歡小要理問答
[01:12:51.000 --> 01:12:53.000]  已經覺得都很吃力了
[01:12:53.000 --> 01:12:55.000]  Anyway我們今天主要會說
[01:12:55.000 --> 01:12:57.000]  信仰告白的部分
[01:12:57.000 --> 01:12:58.000]  這三文獻
[01:12:58.000 --> 01:13:01.000]  由英國國會所委派的
[01:13:01.000 --> 01:13:05.000]  威斯敏德神學會議
[01:13:05.000 --> 01:13:06.000]  Westminster Assembly
[01:13:06.000 --> 01:13:08.000]  在英國國教Church of England
[01:13:08.000 --> 01:13:09.000]  就是聖公會
[01:13:09.000 --> 01:13:14.000]  所遵奉的信仰則39條信條
[01:13:14.000 --> 01:13:16.000]  這些全部都是歷史裡面的東西
[01:13:16.000 --> 01:13:18.000]  就沒有辦法解釋了
[01:13:18.000 --> 01:13:21.000]  就是說當英國開始改革的時候
[01:13:21.000 --> 01:13:23.000]  就有一個39 articles
[01:13:23.000 --> 01:13:26.000]  已經是朝向改革中的思想
[01:13:26.000 --> 01:13:28.000]  不過沒有那麼全面
[01:13:28.000 --> 01:13:31.000]  於是後來有機會開大會
[01:13:31.000 --> 01:13:32.000]  政府出錢
[01:13:32.000 --> 01:13:34.000]  去Wesminster Assembly
[01:13:34.000 --> 01:13:35.000]  看看哪些人參與
[01:13:35.000 --> 01:13:37.000]  就會有一個新的
[01:13:37.000 --> 01:13:40.000]  更加廣泛更加精妙的信仰告白
[01:13:40.000 --> 01:13:42.000]  那個信仰告白就是
[01:13:42.000 --> 01:13:44.000]  Wesminster Convention of Faith
[01:13:44.000 --> 01:13:46.000]  威斯敏德的信仰告白
[01:13:46.000 --> 01:13:50.000]  在它39條信條的基礎上
[01:13:50.000 --> 01:13:53.000]  修訂再而成
[01:13:53.000 --> 01:13:57.000]  威斯敏斯特神學會議
[01:13:57.000 --> 01:14:00.000]  於1643年7月1日召開第一次會議
[01:14:00.000 --> 01:14:04.000]  當時出席的成員共有151位
[01:14:04.000 --> 01:14:08.000]  全部是國會委任的
[01:14:08.000 --> 01:14:09.000]  就是政府出錢
[01:14:09.000 --> 01:14:10.000]  政府委任的
[01:14:10.000 --> 01:14:13.000]  但都是好人來的
[01:14:13.000 --> 01:14:15.000]  通常有些政府委任未必是好的
[01:14:15.000 --> 01:14:16.000]  大家明白我的意思
[01:14:16.000 --> 01:14:18.000]  但這裡是好人來的
[01:14:18.000 --> 01:14:22.000]  其中包括10位擁有土地的貴族
[01:14:22.000 --> 01:14:24.000]  都要給他一點面子
[01:14:24.000 --> 01:14:26.000]  20位平民商人
[01:14:26.000 --> 01:14:30.000]  但最主要的是121位教睦人員
[01:14:30.000 --> 01:14:31.000]  就是英國最頂尖
[01:14:31.000 --> 01:14:34.000]  或者是好的牧師神學家
[01:14:34.000 --> 01:14:37.000]  這些教睦人員分別來自
[01:14:37.000 --> 01:14:41.000]  聖公會 長老會 公理會
[01:14:41.000 --> 01:14:43.000]  伊拉斯道派
[01:14:43.000 --> 01:14:44.000]  我也不知道是誰
[01:14:44.000 --> 01:14:48.000]  會議一直開到1649年2月20日
[01:14:48.000 --> 01:14:50.000]  所以經過很多次
[01:14:50.000 --> 01:14:54.000]  總共開會次數是1163次
[01:14:54.000 --> 01:14:55.000]  你很難想像
[01:14:55.000 --> 01:14:58.000]  現在重複還有這樣的可能性
[01:14:58.000 --> 01:15:02.000]  Anyway 自伊麗莎白女王一世以來
[01:15:02.000 --> 01:15:05.000]  英國聖公會成為主教制
[01:15:05.000 --> 01:15:10.000]  就由女王直接委任主教治理地方教會
[01:15:10.000 --> 01:15:12.000]  並在公共敬拜中
[01:15:12.000 --> 01:15:16.000]  遺傳許多天主教的禮儀
[01:15:16.000 --> 01:15:17.000]  所以現在是一個機會
[01:15:17.000 --> 01:15:19.000]  將教會更加更新
[01:15:19.000 --> 01:15:21.000]  離開天主教的禮儀
[01:15:21.000 --> 01:15:23.000]  進入更加聖經的層面
[01:15:23.000 --> 01:15:28.000]  此舉引起許多改革新教徒的不滿
[01:15:28.000 --> 01:15:30.000]  這是歷史背景
[01:15:30.000 --> 01:15:34.000]  這群忠於改革的人
[01:15:34.000 --> 01:15:36.000]  就是當時的清教徒Puritan
[01:15:36.000 --> 01:15:37.000]  大家可能聽過
[01:15:37.000 --> 01:15:40.000]  當時清教徒這個名字不是一個好東西
[01:15:40.000 --> 01:15:42.000]  為什麼你這麼清教徒 這麼清高
[01:15:42.000 --> 01:15:44.000]  其實是在取笑你
[01:15:44.000 --> 01:15:46.000]  但是清教徒是厲害的
[01:15:46.000 --> 01:15:50.000]  在1643年查理斯當政之時
[01:15:50.000 --> 01:15:57.000]  當時議員的議員
[01:15:57.000 --> 01:15:59.000]  以清教徒居多
[01:15:59.000 --> 01:16:04.000]  有時看政治環境 宗教環境
[01:16:04.000 --> 01:16:08.000]  他們盼望以清教徒改革原則
[01:16:08.000 --> 01:16:10.000]  重整英國的教會
[01:16:10.000 --> 01:16:13.000]  於是在威斯敏斯特大教堂
[01:16:13.000 --> 01:16:15.000]  召開了一個大型的會議
[01:16:15.000 --> 01:16:21.000]  與會議人士有121個牧師
[01:16:21.000 --> 01:16:23.000]  30個議員
[01:16:23.000 --> 01:16:25.000]  議員的議員
[01:16:25.000 --> 01:16:27.000]  8位列席的蘇格蘭代表
[01:16:27.000 --> 01:16:29.000]  因為他們都想將這個文獻
[01:16:29.000 --> 01:16:31.000]  將蘇格蘭和英國的教會合一
[01:16:31.000 --> 01:16:33.000]  有一點這樣的想法
[01:16:33.000 --> 01:16:37.000]  對於教會應採取的體制
[01:16:37.000 --> 01:16:39.000]  這個叫Church Government的問題
[01:16:39.000 --> 01:16:41.000]  人人看法不一樣
[01:16:41.000 --> 01:16:44.000]  而以贊成長老制的居多
[01:16:44.000 --> 01:16:46.000]  我是長老會的牧師
[01:16:46.000 --> 01:16:49.000]  長老會每個堂會都有獨立的地方
[01:16:49.000 --> 01:16:51.000]  但我們都屬於一個區會
[01:16:51.000 --> 01:16:53.000]  然後有一個全國的大會
[01:16:53.000 --> 01:16:55.000]  當然香港只有我一間有甚麼所謂
[01:16:55.000 --> 01:16:58.000]  變了好像公理中
[01:16:58.000 --> 01:16:59.000]  不要理了
[01:16:59.000 --> 01:17:00.000]  因為我告訴你這是重要的
[01:17:00.000 --> 01:17:04.000]  他們有很多人對於教會的體制是不一樣
[01:17:04.000 --> 01:17:06.000]  但神學是很相似
[01:17:06.000 --> 01:17:08.000]  但在神學的立場上
[01:17:08.000 --> 01:17:11.000]  大家一致認同嘉爾文的觀點
[01:17:11.000 --> 01:17:13.000]  當然嘉爾文已經死了很久
[01:17:13.000 --> 01:17:15.000]  現在純粹是
[01:17:15.000 --> 01:17:17.000]  他的思想繼續影響
[01:17:17.000 --> 01:17:19.000]  正如我說的宗教改革
[01:17:19.000 --> 01:17:21.000]  大哥馬丁路德
[01:17:21.000 --> 01:17:23.000]  但是異帝更厲害
[01:17:23.000 --> 01:17:26.000]  異帝的思想繼續影響後代
[01:17:26.000 --> 01:17:31.000]  否定亞文念派和羅馬天主教
[01:17:31.000 --> 01:17:34.000]  主要要抵擋的就是羅馬天主教
[01:17:34.000 --> 01:17:37.000]  因為所有信仰告白是要劃清界線
[01:17:37.000 --> 01:17:39.000]  告訴你我們不是羅馬天主教
[01:17:39.000 --> 01:17:41.000]  但同時他們已經有另一個背景
[01:17:41.000 --> 01:17:42.000]  就是Arminianism
[01:17:42.000 --> 01:17:45.000]  無論你明白不明白背後的意思
[01:17:45.000 --> 01:17:46.000]  不要緊
[01:17:46.000 --> 01:17:50.000]  總之就是和一些他們不認同的神學觀點劃清界線
[01:17:50.000 --> 01:17:52.000]  經過了三年的討論
[01:17:52.000 --> 01:17:55.000]  會議於1646年12月完成了
[01:17:55.000 --> 01:17:56.000]  信仰告白
[01:17:56.000 --> 01:17:57.000]  先信仰告白
[01:17:57.000 --> 01:17:59.000]  然後再過一陣子
[01:17:59.000 --> 01:18:02.000]  才出一個小要理大要理
[01:18:02.000 --> 01:18:04.000]  信仰告白是最重要的
[01:18:04.000 --> 01:18:08.000]  公日後議院和議會之用
[01:18:08.000 --> 01:18:11.000]  因為英國仍然覺得他們是一個基督教國家
[01:18:11.000 --> 01:18:15.000]  這個信仰告白其實不單是平民百姓教會用
[01:18:15.000 --> 01:18:17.000]  其實是國家用的
[01:18:17.000 --> 01:18:19.000]  當然現在就算了
[01:18:19.000 --> 01:18:23.000]  信條的內容完整、正確、簡潔、平衡
[01:18:23.000 --> 01:18:27.000]  每一個句子都經過小組的討論和公開的辯論
[01:18:27.000 --> 01:18:33.000]  參與的陣容之堅強也屬罕見
[01:18:33.000 --> 01:18:39.000]  信條於數個月後加入了聖經章節的引證
[01:18:39.000 --> 01:18:43.000]  不代表他們討論的時候是不思考聖經
[01:18:43.000 --> 01:18:48.000]  其實我不知道大家有沒有看過天路歷程
[01:18:48.000 --> 01:18:50.000]  天路歷程約翰本人
[01:18:50.000 --> 01:18:53.000]  約翰本人基本上是一個沒有什麼教育的人
[01:18:53.000 --> 01:18:54.000]  但他只看聖經
[01:18:54.000 --> 01:18:58.000]  有些人說你解開他的手流出來就是聖經
[01:18:58.000 --> 01:19:00.000]  所以他寫書
[01:19:00.000 --> 01:19:03.000]  他不用在這裡引用這件事
[01:19:03.000 --> 01:19:05.000]  是先寫了故事然後再引用
[01:19:05.000 --> 01:19:06.000]  原因是什麼
[01:19:06.000 --> 01:19:08.000]  因為他整個腦袋充滿聖經
[01:19:08.000 --> 01:19:10.000]  所以這些人也是
[01:19:10.000 --> 01:19:13.000]  他已經是在思考聖經的東西
[01:19:13.000 --> 01:19:15.000]  寫了出來後來
[01:19:15.000 --> 01:19:18.000]  後人未必他們那麼堅
[01:19:18.000 --> 01:19:21.000]  於是後人就要放一些聖經的註腳
[01:19:21.000 --> 01:19:26.000]  告訴你我寫這句話背後其實有什麼經文之詞等等
[01:19:26.000 --> 01:19:30.000]  四年六月得到議員的批准
[01:19:30.000 --> 01:19:33.000]  雖然在英國此信條所獲得公認
[01:19:33.000 --> 01:19:34.000]  只到166年
[01:19:34.000 --> 01:19:36.000]  政治改變什麼鬼
[01:19:36.000 --> 01:19:38.000]  結果弄了那麼多東西
[01:19:38.000 --> 01:19:39.000]  結果沒有用
[01:19:39.000 --> 01:19:41.000]  但是沒有用就蘇格蘭用
[01:19:41.000 --> 01:19:43.000]  也有很多地方繼續看
[01:19:43.000 --> 01:19:47.000]  但他深受清教徒的愛戴
[01:19:47.000 --> 01:19:51.000]  在蘇格蘭有一位議會和議員所接納
[01:19:51.000 --> 01:19:53.000]  蘇格蘭是長老會的地方
[01:19:53.000 --> 01:19:56.000]  後來隨著新大陸的移民
[01:19:56.000 --> 01:20:00.000]  而流入美國北美的北美洲
[01:20:00.000 --> 01:20:05.000]  是在英國美國長老會北美的公理會
[01:20:05.000 --> 01:20:07.000]  還有浸信會
[01:20:07.000 --> 01:20:08.000]  連浸信會都是
[01:20:08.000 --> 01:20:11.000]  都具有影響力的信條
[01:20:11.000 --> 01:20:12.000]  大家知道
[01:20:12.000 --> 01:20:16.000]  英國有些人就走了去美國
[01:20:16.000 --> 01:20:17.000]  美國一去到美國
[01:20:17.000 --> 01:20:18.000]  大家都知道
[01:20:18.000 --> 01:20:21.000]  他們第一樣想的就是我們一定要有陳學院
[01:20:21.000 --> 01:20:23.000]  第一間陳學院當然是哈佛
[01:20:23.000 --> 01:20:25.000]  接著就是耶魯
[01:20:25.000 --> 01:20:26.000]  接著是普林斯頓
[01:20:26.000 --> 01:20:29.000]  這些全部都是清教徒
[01:20:29.000 --> 01:20:31.000]  全部都是改革中遺留的東西
[01:20:31.000 --> 01:20:35.000]  哈佛突然間就再不信聖經
[01:20:35.000 --> 01:20:36.000]  於是開始耶魯
[01:20:36.000 --> 01:20:37.000]  耶魯不信聖經
[01:20:37.000 --> 01:20:38.000]  就普林斯頓
[01:20:38.000 --> 01:20:42.000]  全部其實都是改革中的思想
[01:20:42.000 --> 01:20:44.000]  當然都變了
[01:20:44.000 --> 01:20:45.000]  現在全部都變了
[01:20:45.000 --> 01:20:49.000]  但當時所有影響他們的思想背後
[01:20:49.000 --> 01:20:52.000]  就是這些改革中的思想
[01:20:52.000 --> 01:20:55.000]  是加爾文神學
[01:20:55.000 --> 01:20:58.000]  清教徒和聖經融合的結晶
[01:20:58.000 --> 01:21:01.000]  共有33張
[01:21:01.000 --> 01:21:03.000]  我會列出來給大家看看
[01:21:03.000 --> 01:21:06.000]  文中論述的次序為
[01:21:06.000 --> 01:21:11.000]  聖經、上帝、世人、基督、拯救、教會、末世
[01:21:11.000 --> 01:21:12.000]  像什麼呢
[01:21:12.000 --> 01:21:14.000]  Belgic Confession
[01:21:14.000 --> 01:21:16.000]  比利時信經
[01:21:16.000 --> 01:21:18.000]  比利時信經很厲害
[01:21:18.000 --> 01:21:19.000]  他最早那個
[01:21:19.000 --> 01:21:20.000]  出了
[01:21:20.000 --> 01:21:21.000]  Outline
[01:21:21.000 --> 01:21:22.000]  你沒想到
[01:21:22.000 --> 01:21:24.000]  威斯敏斯特之後
[01:21:24.000 --> 01:21:26.000]  已經很成熟的時候
[01:21:26.000 --> 01:21:28.000]  翻了他的大綱
[01:21:28.000 --> 01:21:30.000]  當然深化了很多東西
[01:21:30.000 --> 01:21:32.000]  但是你看那個大綱寫得很好
[01:21:32.000 --> 01:21:35.000]  成為現代教醫神學分段的先驅
[01:21:35.000 --> 01:21:37.000]  系統神學
[01:21:37.000 --> 01:21:39.000]  開宗第一章的聖經論
[01:21:39.000 --> 01:21:40.000]  B.B. Warfield
[01:21:40.000 --> 01:21:43.000]  B.B. Warfield是普林斯頓的教授
[01:21:43.000 --> 01:21:45.000]  死了100年前
[01:21:45.000 --> 01:21:52.000]  稱之為教會基督教中最完美的聖經論告白
[01:21:52.000 --> 01:21:54.000]  見仁見智
[01:21:54.000 --> 01:21:57.000]  當然B.B. Warfield是很重量級的神學家
[01:21:57.000 --> 01:21:59.000]  他著重聖約神學
[01:21:59.000 --> 01:22:01.000]  稍後也有機會和大家讀一下
[01:22:01.000 --> 01:22:05.000]  以此解釋在歷史中神與人的關係
[01:22:05.000 --> 01:22:07.000]  其實很重要
[01:22:07.000 --> 01:22:09.000]  我想你知道一件事
[01:22:09.000 --> 01:22:14.000]  威斯敏斯特的信仰告白是1646年寫成的
[01:22:14.000 --> 01:22:19.000]  接著1658年就有另外一個叫Savoy Declaration of Faith
[01:22:19.000 --> 01:22:21.000]  就是公理中用的
[01:22:21.000 --> 01:22:22.000]  英國公理中開始用
[01:22:22.000 --> 01:22:24.000]  後來美國公理中也是
[01:22:24.000 --> 01:22:26.000]  基本上是照抄
[01:22:26.000 --> 01:22:28.000]  抄襲威斯敏斯特的信仰
[01:22:28.000 --> 01:22:31.000]  就是將教會政府那部分改了
[01:22:31.000 --> 01:22:32.000]  因為他們是公理中
[01:22:32.000 --> 01:22:34.000]  他們不相信長老制
[01:22:34.000 --> 01:22:36.000]  他們相信獨立堂會
[01:22:36.000 --> 01:22:42.000]  有一個章節就是講教會的組織
[01:22:42.000 --> 01:22:46.000]  其他神學直接照抄
[01:22:46.000 --> 01:22:47.000]  厲害吧
[01:22:47.000 --> 01:22:49.000]  不告他們
[01:22:49.000 --> 01:22:53.000]  因為當時人的神學框架很相似
[01:22:53.000 --> 01:22:55.000]  和威斯敏斯特寫得很好
[01:22:55.000 --> 01:22:56.000]  所以不能改
[01:22:56.000 --> 01:22:57.000]  不需要修改
[01:22:57.000 --> 01:22:59.000]  很少修改
[01:22:59.000 --> 01:23:01.000]  接著1689年
[01:23:01.000 --> 01:23:03.000]  London Baptist Confessional Faith
[01:23:03.000 --> 01:23:05.000]  這個英國的浸信會
[01:23:05.000 --> 01:23:07.000]  一樣調查
[01:23:07.000 --> 01:23:10.000]  不過還要改了洗禮的部分
[01:23:10.000 --> 01:23:14.000]  因為改革中英鞋受洗
[01:23:14.000 --> 01:23:16.000]  然後再堅信禮
[01:23:16.000 --> 01:23:19.000]  如果你是浸信會當然要改洗禮的部分
[01:23:19.000 --> 01:23:22.000]  但其他東西全部照抄
[01:23:22.000 --> 01:23:23.000]  厲害吧
[01:23:23.000 --> 01:23:24.000]  我今天寫過
[01:23:24.000 --> 01:23:26.000]  你不會抄襲我的教會
[01:23:26.000 --> 01:23:27.000]  沒那麼厲害
[01:23:27.000 --> 01:23:30.000]  但這個就是經典的地方
[01:23:30.000 --> 01:23:32.000]  我想和大家看看
[01:23:32.000 --> 01:23:35.000]  三十三章究竟寫什麼呢
[01:23:35.000 --> 01:23:38.000]  我發現有些藍色和紅色
[01:23:38.000 --> 01:23:40.000]  藍色和紅色是因為
[01:23:40.000 --> 01:23:42.000]  我想和你讀少少
[01:23:42.000 --> 01:23:44.000]  那個章節裡面的東西
[01:23:44.000 --> 01:23:46.000]  黑色就沒時間讀了
[01:23:46.000 --> 01:23:48.000]  但我想你感受一下
[01:23:48.000 --> 01:23:50.000]  究竟他做了什麼
[01:23:50.000 --> 01:23:51.000]  論聖經
[01:23:51.000 --> 01:23:53.000]  論上帝與三位一體
[01:23:53.000 --> 01:23:56.000]  論上帝與永恆定子
[01:23:56.000 --> 01:23:59.000]  你可能不知道什麼是永恆定子
[01:23:59.000 --> 01:24:00.000]  不要理了
[01:24:00.000 --> 01:24:01.000]  不要緊的
[01:24:01.000 --> 01:24:03.000]  論上帝與創造之公
[01:24:03.000 --> 01:24:04.000]  創造
[01:24:04.000 --> 01:24:06.000]  論上帝與護理之公
[01:24:06.000 --> 01:24:07.000]  護理之公
[01:24:07.000 --> 01:24:09.000]  你可能不知道什麼
[01:24:09.000 --> 01:24:10.000]  Providence
[01:24:10.000 --> 01:24:11.000]  不要理
[01:24:11.000 --> 01:24:15.000]  論人與墮落罪與一切所帶來的刑罰
[01:24:15.000 --> 01:24:17.000]  這些很重要的東西
[01:24:17.000 --> 01:24:18.000]  福音就是說罪
[01:24:18.000 --> 01:24:19.000]  福音帶來
[01:24:19.000 --> 01:24:21.000]  罪所帶來的後果
[01:24:21.000 --> 01:24:22.000]  刑罰等等
[01:24:22.000 --> 01:24:24.000]  論上帝與人所納的聖藥
[01:24:24.000 --> 01:24:26.000]  要救你
[01:24:26.000 --> 01:24:28.000]  就要和聖藥神開始
[01:24:28.000 --> 01:24:30.000]  所以這些從舊藥一直到新藥
[01:24:30.000 --> 01:24:31.000]  上帝與人納藥
[01:24:31.000 --> 01:24:32.000]  他做什麼
[01:24:32.000 --> 01:24:33.000]  他救你
[01:24:33.000 --> 01:24:34.000]  救你出什麼
[01:24:34.000 --> 01:24:35.000]  不是你的經濟狀況
[01:24:35.000 --> 01:24:37.000]  不是你身體的問題
[01:24:37.000 --> 01:24:41.000]  是你永恆在最終審判的問題
[01:24:41.000 --> 01:24:43.000]  論中保耶穌
[01:24:43.000 --> 01:24:45.000]  需要耶穌的中保
[01:24:45.000 --> 01:24:46.000]  論自由意志
[01:24:46.000 --> 01:24:48.000]  Against Dominionism
[01:24:48.000 --> 01:24:49.000]  不要緊
[01:24:49.000 --> 01:24:50.000]  你不知道不要緊
[01:24:50.000 --> 01:24:52.000]  論有效的恩兆
[01:24:52.000 --> 01:24:53.000]  論清儀
[01:24:53.000 --> 01:24:56.000]  論被上帝收納為兒女
[01:24:56.000 --> 01:24:57.000]  論誠信
[01:24:57.000 --> 01:24:59.000]  很多東西很平衡
[01:24:59.000 --> 01:25:01.000]  論使人得救的信心
[01:25:01.000 --> 01:25:02.000]  稍後我會和你看一點
[01:25:02.000 --> 01:25:05.000]  論悔改得新生
[01:25:05.000 --> 01:25:07.000]  論善公
[01:25:07.000 --> 01:25:09.000]  論基督徒
[01:25:09.000 --> 01:25:11.000]  行守堅忍
[01:25:11.000 --> 01:25:13.000]  就是一次得救永遠得救
[01:25:13.000 --> 01:25:14.000]  有沒有聽過
[01:25:14.000 --> 01:25:16.000]  但他不是你想的那種
[01:25:16.000 --> 01:25:19.000]  我們現在是很廉價恩典地一次得救永遠得救
[01:25:19.000 --> 01:25:21.000]  他缺個字的了
[01:25:21.000 --> 01:25:23.000]  牧師不用理他
[01:25:23.000 --> 01:25:26.000]  就算他死了也是上天堂的
[01:25:26.000 --> 01:25:28.000]  這個我們的概念就是一次得救永遠得救
[01:25:28.000 --> 01:25:29.000]  不是的
[01:25:29.000 --> 01:25:30.000]  他說一次得救
[01:25:30.000 --> 01:25:34.000]  真正得救的人是不會離棄上帝的
[01:25:34.000 --> 01:25:35.000]  他會忠心至死的
[01:25:35.000 --> 01:25:36.000]  不用怕
[01:25:36.000 --> 01:25:38.000]  沒有忠心至死
[01:25:38.000 --> 01:25:39.000]  那不是一次得救
[01:25:39.000 --> 01:25:41.000]  根本沒有得救過
[01:25:41.000 --> 01:25:42.000]  所以很多東西
[01:25:42.000 --> 01:25:43.000]  我們的思想
[01:25:43.000 --> 01:25:45.000]  我們好像
[01:25:45.000 --> 01:25:46.000]  這件事可怕的地方就是
[01:25:46.000 --> 01:25:47.000]  好像
[01:25:47.000 --> 01:25:48.000]  但其實不是
[01:25:48.000 --> 01:25:49.000]  你明白嗎
[01:25:49.000 --> 01:25:51.000]  好像A4
[01:25:51.000 --> 01:25:53.000]  問題就在這裡
[01:25:53.000 --> 01:25:54.000]  這些是真的
[01:25:54.000 --> 01:25:56.000]  我們用A4代替
[01:25:56.000 --> 01:25:58.000]  沒時間看了
[01:25:58.000 --> 01:26:01.000]  論蒙恩與得救的確據
[01:26:01.000 --> 01:26:02.000]  論上帝的律法
[01:26:02.000 --> 01:26:05.000]  論基督徒的自由和良心的自由
[01:26:05.000 --> 01:26:07.000]  論崇拜和安息
[01:26:07.000 --> 01:26:11.000]  已經牽涉到基督徒怎樣活出來的人生
[01:26:11.000 --> 01:26:13.000]  論合法的立誓和許願
[01:26:13.000 --> 01:26:14.000]  這些很歷史的
[01:26:14.000 --> 01:26:17.000]  因為他們當時仍然在一個基督教的國家裡面
[01:26:17.000 --> 01:26:21.000]  於是就想這些合法的立誓與許願
[01:26:21.000 --> 01:26:22.000]  論政府官員
[01:26:22.000 --> 01:26:24.000]  這個跟我們今天已經有點
[01:26:24.000 --> 01:26:26.000]  開始遙遠一點
[01:26:26.000 --> 01:26:27.000]  論婚姻與離婚
[01:26:27.000 --> 01:26:29.000]  論教會
[01:26:29.000 --> 01:26:31.000]  論聖徒契合
[01:26:31.000 --> 01:26:33.000]  相通
[01:26:33.000 --> 01:26:34.000]  Communion
[01:26:34.000 --> 01:26:36.000]  譬如我們跟其他基督徒的關係
[01:26:36.000 --> 01:26:37.000]  論聖禮
[01:26:37.000 --> 01:26:38.000]  論洗禮
[01:26:38.000 --> 01:26:40.000]  論聖餐
[01:26:40.000 --> 01:26:41.000]  主餐
[01:26:41.000 --> 01:26:44.000]  論教會的勸程
[01:26:44.000 --> 01:26:45.000]  這個很重要
[01:26:45.000 --> 01:26:47.000]  有些弟兄姊妹犯了罪
[01:26:47.000 --> 01:26:48.000]  你怎樣去懲罰
[01:26:48.000 --> 01:26:50.000]  不是怎樣去懲罰他
[01:26:50.000 --> 01:26:52.000]  怎樣去挽回他
[01:26:52.000 --> 01:26:54.000]  論教會
[01:26:54.000 --> 01:26:57.000]  總會和教會議會
[01:26:57.000 --> 01:27:02.000]  有些長老會的影子
[01:27:02.000 --> 01:27:05.000]  所以才有總會議會
[01:27:05.000 --> 01:27:09.000]  論人死後之狀態和死人復活
[01:27:09.000 --> 01:27:11.000]  論最後的大審判
[01:27:11.000 --> 01:27:14.000]  33章
[01:27:14.000 --> 01:27:17.000]  我們怎樣用這個信仰告白
[01:27:17.000 --> 01:27:19.000]  我給你一個例子
[01:27:19.000 --> 01:27:20.000]  幾個禮拜之前
[01:27:20.000 --> 01:27:21.000]  有一次我睡醒
[01:27:21.000 --> 01:27:24.000]  我有一個美國的朋友WhatsApp我
[01:27:24.000 --> 01:27:28.000]  他說昨晚我們查經查到最後
[01:27:28.000 --> 01:27:29.000]  大家在說
[01:27:29.000 --> 01:27:31.000]  人死了究竟去了哪裡
[01:27:31.000 --> 01:27:33.000]  信主的人死了去了哪裡
[01:27:33.000 --> 01:27:34.000]  沒有信主的人死了去了哪裡
[01:27:34.000 --> 01:27:36.000]  最後又怎樣
[01:27:36.000 --> 01:27:38.000]  他說結果很混亂
[01:27:38.000 --> 01:27:40.000]  Kina你可不可以告訴我
[01:27:40.000 --> 01:27:43.000]  究竟我應該怎樣去明白
[01:27:43.000 --> 01:27:44.000]  人死了去了哪裡
[01:27:44.000 --> 01:27:46.000]  信主去了哪裡
[01:27:46.000 --> 01:27:50.000]  可能他腦袋裡有一兩張聖經
[01:27:50.000 --> 01:27:52.000]  但他想不完
[01:27:52.000 --> 01:27:54.000]  怎麼死都丟球給我
[01:27:54.000 --> 01:27:55.000]  我有兩個做法
[01:27:55.000 --> 01:27:56.000]  一個做法就是
[01:27:56.000 --> 01:27:58.000]  我自己去查經
[01:27:58.000 --> 01:27:59.000]  花一天的時間
[01:27:59.000 --> 01:28:03.000]  將聖經裡面所有人死了去了哪裡的東西
[01:28:03.000 --> 01:28:04.000]  總結
[01:28:04.000 --> 01:28:06.000]  你真的浪費了我一天的時間
[01:28:06.000 --> 01:28:08.000]  另外一個
[01:28:08.000 --> 01:28:11.000]  我可以去Wesminster Confession of Faith
[01:28:11.000 --> 01:28:14.000]  嘩真是
[01:28:14.000 --> 01:28:17.000]  正到我剛剛好手機一個screen
[01:28:17.000 --> 01:28:18.000]  截了他
[01:28:18.000 --> 01:28:19.000]  就是了
[01:28:19.000 --> 01:28:20.000]  厲不厲害
[01:28:20.000 --> 01:28:22.000]  其實珍珠沒這麼真
[01:28:22.000 --> 01:28:24.000]  一個是第32章
[01:28:24.000 --> 01:28:26.000]  一個是第33章
[01:28:26.000 --> 01:28:28.000]  兩個都剛剛好
[01:28:28.000 --> 01:28:29.000]  這麼準
[01:28:29.000 --> 01:28:30.000]  就一個screen
[01:28:30.000 --> 01:28:32.000]  都不用兩個screen
[01:28:32.000 --> 01:28:33.000]  那我又不會
[01:28:33.000 --> 01:28:34.000]  我又沒時間
[01:28:34.000 --> 01:28:36.000]  或者我錯了
[01:28:36.000 --> 01:28:37.000]  我沒有去讀過去
[01:28:37.000 --> 01:28:38.000]  我寄給他
[01:28:38.000 --> 01:28:39.000]  為什麼
[01:28:39.000 --> 01:28:41.000]  大哥這個證明的東西
[01:28:41.000 --> 01:28:43.000]  我自己有疑問的時候
[01:28:43.000 --> 01:28:45.000]  我都去這裡找找
[01:28:45.000 --> 01:28:46.000]  你明白嗎
[01:28:46.000 --> 01:28:48.000]  你十個point你怎麼寄得完
[01:28:48.000 --> 01:28:49.000]  你寄不完
[01:28:49.000 --> 01:28:50.000]  我一想有人問起我
[01:28:50.000 --> 01:28:52.000]  我通常就是去這裡
[01:28:52.000 --> 01:28:54.000]  我截了兩個screen給他
[01:28:54.000 --> 01:28:56.000]  他就清楚了
[01:28:56.000 --> 01:28:59.000]  有些東西不用重複又重複
[01:28:59.000 --> 01:29:01.000]  人家問你一次又去查經一次
[01:29:01.000 --> 01:29:02.000]  那你怎麼死
[01:29:02.000 --> 01:29:04.000]  有些東西你已經知道答案在哪裡
[01:29:04.000 --> 01:29:05.000]  所以我說
[01:29:05.000 --> 01:29:07.000]  Wesminster Confession很好用的
[01:29:07.000 --> 01:29:08.000]  你都會用的
[01:29:08.000 --> 01:29:10.000]  如果你沒有Wesminster Confession
[01:29:10.000 --> 01:29:12.000]  當然你可以去系統神學
[01:29:12.000 --> 01:29:13.000]  系統神學書
[01:29:13.000 --> 01:29:15.000]  系統神學有趣的地方就是跟你說
[01:29:15.000 --> 01:29:16.000]  十個不同的標
[01:29:16.000 --> 01:29:17.000]  你自己選
[01:29:17.000 --> 01:29:19.000]  不然就死了
[01:29:19.000 --> 01:29:21.000]  看完都不知道怎麼辦
[01:29:21.000 --> 01:29:22.000]  不要管了
[01:29:22.000 --> 01:29:23.000]  好
[01:29:23.000 --> 01:29:24.000]  剩下一點點時間
[01:29:24.000 --> 01:29:26.000]  我想和大家讀一讀
[01:29:26.000 --> 01:29:29.000]  我剛才選了幾個chapter
[01:29:29.000 --> 01:29:31.000]  真是最正的B.B. Warfield
[01:29:31.000 --> 01:29:33.000]  就是聖經論
[01:29:33.000 --> 01:29:35.000]  聖經論也有很多
[01:29:35.000 --> 01:29:38.000]  我選了這一段是關於聖經的權威
[01:29:38.000 --> 01:29:40.000]  我選的原因是因為
[01:29:40.000 --> 01:29:43.000]  除了我覺得他寫得很感動我之外
[01:29:43.000 --> 01:29:46.000]  我也覺得是我們需要的
[01:29:46.000 --> 01:29:48.000]  聖經的權威
[01:29:48.000 --> 01:29:50.000]  也就是這個人
[01:29:50.000 --> 01:29:52.000]  人人都當相信
[01:29:52.000 --> 01:29:55.000]  人人都當服從的權威
[01:29:55.000 --> 01:29:57.000]  聖經的權威
[01:29:57.000 --> 01:30:02.000]  並非建立在任何人或教會的見證之上
[01:30:02.000 --> 01:30:05.000]  而是完全建立在聖經的作者
[01:30:05.000 --> 01:30:08.000]  也就是上帝自己身上
[01:30:08.000 --> 01:30:10.000]  這個很profound
[01:30:10.000 --> 01:30:11.000]  你要去想一想
[01:30:11.000 --> 01:30:14.000]  因為這個世界可以拿著聖經
[01:30:14.000 --> 01:30:16.000]  拆又拆拆又拆拆
[01:30:16.000 --> 01:30:18.000]  拆完之後
[01:30:18.000 --> 01:30:20.000]  好多骯髒的東西
[01:30:20.000 --> 01:30:23.000]  好多漏洞
[01:30:23.000 --> 01:30:25.000]  但最重要的不是你怎麼看
[01:30:25.000 --> 01:30:28.000]  最重要不是學者怎麼看
[01:30:28.000 --> 01:30:29.000]  最重要的是上帝怎麼看
[01:30:29.000 --> 01:30:32.000]  上帝說這個是我的權威
[01:30:32.000 --> 01:30:33.000]  就是權威
[01:30:33.000 --> 01:30:36.000]  這件事不是學者可以決定的
[01:30:36.000 --> 01:30:37.000]  最後是聖靈的工作
[01:30:37.000 --> 01:30:39.000]  然而
[01:30:39.000 --> 01:30:45.000]  動言如此,叫我們認出聖經那無謬誤的真理性
[01:30:45.000 --> 01:30:50.000]  聖經乃出自上帝權威的只有是聖靈
[01:30:50.000 --> 01:30:53.000]  這個是聖經自己給自己的見證
[01:30:53.000 --> 01:30:55.000]  是聖靈透過聖經
[01:30:55.000 --> 01:30:59.000]  且與聖經一道在人心中作見證
[01:30:59.000 --> 01:31:02.000]  叫人完全被接服
[01:31:02.000 --> 01:31:08.000]  並確信聖經真的就是上帝的聖言
[01:31:08.000 --> 01:31:09.000]  我是一個牧師
[01:31:09.000 --> 01:31:10.000]  你真是好
[01:31:10.000 --> 01:31:13.000]  你這麼多系列中只有一個沒有PhD的
[01:31:13.000 --> 01:31:14.000]  就是了
[01:31:14.000 --> 01:31:15.000]  我就是特別
[01:31:15.000 --> 01:31:17.000]  我就是一個普通人
[01:31:17.000 --> 01:31:22.000]  PhD的人就和你分析很多這些古靈精怪的東西
[01:31:22.000 --> 01:31:24.000]  我作為一個牧師很簡單
[01:31:24.000 --> 01:31:25.000]  我很實際
[01:31:25.000 --> 01:31:27.000]  我看完之後我問
[01:31:27.000 --> 01:31:29.000]  這個和我有什麼關係
[01:31:29.000 --> 01:31:31.000]  和我的關係就是
[01:31:31.000 --> 01:31:33.000]  我可以放膽去傳
[01:31:33.000 --> 01:31:36.000]  這個本聖經裏面的東西
[01:31:36.000 --> 01:31:42.000]  這個是一個很重要很重要的原則
[01:31:42.000 --> 01:31:45.000]  就是因為我知道聖經是上帝有權威
[01:31:45.000 --> 01:31:47.000]  所以我今天站上台
[01:31:47.000 --> 01:31:49.000]  我不用和你動督笑
[01:31:49.000 --> 01:31:51.000]  我不用和你
[01:31:51.000 --> 01:31:55.000]  其實這段聖經真是很多錯漏百出
[01:31:55.000 --> 01:31:57.000]  這段聖經說真的有多悶
[01:31:57.000 --> 01:31:59.000]  耶穌講這篇道我也不知道為什麼
[01:31:59.000 --> 01:32:02.000]  我的工作就是要去找這本聖經
[01:32:02.000 --> 01:32:05.000]  究竟上帝要和我們說什麼
[01:32:05.000 --> 01:32:07.000]  當我做好我的功課
[01:32:07.000 --> 01:32:09.000]  我就可以帶著聖經給我的權威
[01:32:09.000 --> 01:32:13.000]  很放膽的去呼召罪人配改
[01:32:13.000 --> 01:32:17.000]  將聖經的福音傳遞給你
[01:32:17.000 --> 01:32:22.000]  我想和你看一兩分鐘的片
[01:32:22.000 --> 01:32:26.000]  這位是我神學院的同學
[01:32:26.000 --> 01:32:27.000]  叫Richard Phillips
[01:32:27.000 --> 01:32:29.000]  現在是牧師
[01:32:29.000 --> 01:32:32.000]  當年我們很多同學
[01:32:32.000 --> 01:32:34.000]  就是同班同學
[01:32:34.000 --> 01:32:36.000]  就在那邊說
[01:32:36.000 --> 01:32:37.000]  你們有什麼問題
[01:32:37.000 --> 01:32:39.000]  找Richard Phillips 搞定他
[01:32:39.000 --> 01:32:40.000]  我說什麼意思
[01:32:40.000 --> 01:32:43.000]  你知道我們常常在那邊抄筆記
[01:32:43.000 --> 01:32:45.000]  抄得很慢又沒有AI
[01:32:45.000 --> 01:32:48.000]  Richard Phillips 隻字不漏
[01:32:48.000 --> 01:32:50.000]  全部都打進電腦
[01:32:50.000 --> 01:32:53.000]  不知道說他是classical pianist
[01:32:53.000 --> 01:32:55.000]  他的手指很靈
[01:32:55.000 --> 01:32:56.000]  所以他一邊聽
[01:32:56.000 --> 01:32:57.000]  砰砰砰砰
[01:32:57.000 --> 01:32:59.000]  去到差不多大家就放棄了
[01:32:59.000 --> 01:33:00.000]  我們不抄了
[01:33:00.000 --> 01:33:05.000]  一落堂大家就給他一隻手指
[01:33:05.000 --> 01:33:08.000]  這一段就是告訴你
[01:33:08.000 --> 01:33:11.000]  Richard Phillips 是怎樣信主的
[01:33:11.000 --> 01:33:17.000]  他30歲來到費城去讀MBA
[01:33:17.000 --> 01:33:22.000]  在UK那邊讀他們的商學院
[01:33:22.000 --> 01:33:23.000]  讀MBA
[01:33:23.000 --> 01:33:24.000]  他以前做什麼的呢
[01:33:24.000 --> 01:33:28.000]  他是美國軍校的一個坦克部隊的隊長
[01:33:28.000 --> 01:33:31.000]  讀完MBA就回去做教授
[01:33:31.000 --> 01:33:33.000]  他在菲律賓信主
[01:33:33.000 --> 01:33:35.000]  播一播
[01:33:35.000 --> 01:33:37.000]  看看他怎麼說
[01:33:59.000 --> 01:34:01.000]  James Montgomery Voice
[01:34:01.000 --> 01:34:02.000]  Preaching the word of God
[01:34:02.000 --> 01:34:04.000]  with integrity and power
[01:34:04.000 --> 01:34:05.000]  I've actually been raised
[01:34:05.000 --> 01:34:07.000]  in liberal Presbyterian churches
[01:34:07.000 --> 01:34:08.000]  So I knew the rhythm
[01:34:08.000 --> 01:34:09.000]  I knew the hymns
[01:34:09.000 --> 01:34:10.000]  I knew the Gloria Potri
[01:34:10.000 --> 01:34:13.000]  I felt ecclesiastically comfortable
[01:34:13.000 --> 01:34:15.000]  What I've never experienced before
[01:34:15.000 --> 01:34:17.000]  was the preaching of the word of God
[01:34:17.000 --> 01:34:20.000]  with integrity and directness and power
[01:34:20.000 --> 01:34:22.000]  As he, on the one hand
[01:34:22.000 --> 01:34:24.000]  he exposed my captivity to sin
[01:34:24.000 --> 01:34:25.000]  and on the other hand
[01:34:25.000 --> 01:34:27.000]  he revealed to me Jesus Christ
[01:34:27.000 --> 01:34:29.000]  and his atoning blood
[01:34:29.000 --> 01:34:30.000]  That night I went home
[01:34:30.000 --> 01:34:31.000]  got on my knees
[01:34:31.000 --> 01:34:34.000]  on my hardwood floors in my apartment
[01:34:34.000 --> 01:34:35.000]  and surrendered my life
[01:34:35.000 --> 01:34:36.000]  to the Lord Jesus Christ
[01:34:36.000 --> 01:34:41.000]  我不知道怎麼跟大家說
[01:34:41.000 --> 01:34:45.000]  其實現在這個改革中的信仰
[01:34:45.000 --> 01:34:47.000]  在國內都很流行
[01:34:47.000 --> 01:34:49.000]  雖然我們有普通話崇拜
[01:34:49.000 --> 01:34:50.000]  也有一些國內人
[01:34:50.000 --> 01:34:53.000]  是專門Google到你改革中
[01:34:53.000 --> 01:34:56.000]  就會來我們教會
[01:34:56.000 --> 01:34:57.000]  但我想說
[01:34:57.000 --> 01:34:59.000]  很多人會將這些東西
[01:34:59.000 --> 01:35:01.000]  當書來背
[01:35:01.000 --> 01:35:04.000]  但我不知道你們有沒有想過
[01:35:04.000 --> 01:35:06.000]  現在你看到的這些字
[01:35:06.000 --> 01:35:08.000]  其實是內功心法
[01:35:08.000 --> 01:35:10.000]  內功心法懂不懂
[01:35:10.000 --> 01:35:13.000]  內功心法不是背了就練出來
[01:35:13.000 --> 01:35:15.000]  你要拿捏到
[01:35:15.000 --> 01:35:17.000]  你拿捏到聖經的權威
[01:35:17.000 --> 01:35:19.000]  什麼叫聖經的權威
[01:35:19.000 --> 01:35:21.000]  這不是神學考試
[01:35:21.000 --> 01:35:22.000]  聖經的權威
[01:35:22.000 --> 01:35:23.000]  寫十點
[01:35:23.000 --> 01:35:25.000]  然後我拿一百分
[01:35:25.000 --> 01:35:27.000]  就是你出去講道的時候
[01:35:27.000 --> 01:35:29.000]  你明不明白聖經的權威
[01:35:29.000 --> 01:35:31.000]  你有沒有辦法將聖經的權威
[01:35:31.000 --> 01:35:33.000]  講出來的問題
[01:35:33.000 --> 01:35:36.000]  信仰告白不是外功是內功
[01:35:36.000 --> 01:35:38.000]  我現在很害怕那些小朋友
[01:35:38.000 --> 01:35:42.000]  已經背了那些小妖靈問答
[01:35:42.000 --> 01:35:44.000]  譬如考牧師
[01:35:44.000 --> 01:35:46.000]  牧師你第幾個七十九條
[01:35:46.000 --> 01:35:47.000]  你懂不懂
[01:35:47.000 --> 01:35:49.000]  當然不懂
[01:35:49.000 --> 01:35:52.000]  但他以為他背了
[01:35:52.000 --> 01:35:56.000]  他就是成為了改革中的小朋友
[01:35:56.000 --> 01:35:58.000]  很可怕
[01:35:58.000 --> 01:36:00.000]  不是是內功
[01:36:00.000 --> 01:36:02.000]  所以我很喜歡這段
[01:36:02.000 --> 01:36:03.000]  因為他講到聖經的權威
[01:36:03.000 --> 01:36:05.000]  我們都聽到Rick Phillips的見證
[01:36:05.000 --> 01:36:07.000]  很感覺到這是我們需要的
[01:36:07.000 --> 01:36:10.000]  所以今天如果你看到那些人動嘟笑
[01:36:10.000 --> 01:36:12.000]  另外一種很可怕
[01:36:12.000 --> 01:36:14.000]  我都做過神學院
[01:36:14.000 --> 01:36:17.000]  學術研究和你玩
[01:36:17.000 --> 01:36:19.000]  很多東西可以玩
[01:36:19.000 --> 01:36:22.000]  很多東西老師肯定知道的東西學生不懂
[01:36:22.000 --> 01:36:24.000]  你想去講哪一套
[01:36:24.000 --> 01:36:26.000]  老師講東講西講前講後
[01:36:26.000 --> 01:36:27.000]  講猶太拉比
[01:36:27.000 --> 01:36:29.000]  講什麼什麼學者
[01:36:29.000 --> 01:36:31.000]  這樣就講完一套
[01:36:31.000 --> 01:36:33.000]  完全沒有實力
[01:36:33.000 --> 01:36:34.000]  你明白嗎
[01:36:34.000 --> 01:36:35.000]  但就是這樣
[01:36:35.000 --> 01:36:36.000]  我經歷過很多這樣的事情
[01:36:36.000 --> 01:36:38.000]  然後又講一些質疑那本聖經
[01:36:38.000 --> 01:36:40.000]  好像很聰明
[01:36:40.000 --> 01:36:42.000]  另外一種是蜻蜓點水
[01:36:42.000 --> 01:36:45.000]  其實就是要講一個以人為中心的信息
[01:36:45.000 --> 01:36:46.000]  你明白嗎
[01:36:46.000 --> 01:36:50.000]  我們今天很需要聖經的權威
[01:36:50.000 --> 01:36:51.000]  已經十年前了
[01:36:51.000 --> 01:36:53.000]  十年前我還在神學院做了一陣子
[01:36:53.000 --> 01:36:55.000]  後來覺得沒什麼人
[01:36:55.000 --> 01:36:58.000]  但我記得有一次我去Chapel講道
[01:36:58.000 --> 01:37:01.000]  講完之後有一個學生很可愛
[01:37:01.000 --> 01:37:03.000]  他跟我說林牧師
[01:37:03.000 --> 01:37:06.000]  剛才你講道的時候好像很信
[01:37:06.000 --> 01:37:08.000]  我說你不信嗎
[01:37:08.000 --> 01:37:10.000]  那為什麼你是神學生
[01:37:10.000 --> 01:37:12.000]  如果你不信你為什麼在這裡
[01:37:12.000 --> 01:37:14.000]  他就是不信
[01:37:14.000 --> 01:37:16.000]  你明白嗎
[01:37:16.000 --> 01:37:21.000]  其實我們這些學生上去講道是很害怕的
[01:37:21.000 --> 01:37:23.000]  然後經常在思考
[01:37:23.000 --> 01:37:25.000]  要講什麼爛笑話
[01:37:25.000 --> 01:37:27.000]  要講什麼笑話
[01:37:27.000 --> 01:37:29.000]  要有什麼動人故事
[01:37:29.000 --> 01:37:31.000]  要貼近
[01:37:31.000 --> 01:37:33.000]  解經解得差
[01:37:33.000 --> 01:37:35.000]  講話沒有信心
[01:37:35.000 --> 01:37:37.000]  又不呼之欲人悔改
[01:37:37.000 --> 01:37:39.000]  就這樣完結了
[01:37:39.000 --> 01:37:41.000]  所以這件事你看到
[01:37:41.000 --> 01:37:43.000]  這是前人的東西
[01:37:43.000 --> 01:37:45.000]  可能前人的東西就是
[01:37:45.000 --> 01:37:49.000]  前人第一代寫的時候真的有聖經權威
[01:37:49.000 --> 01:37:52.000]  第二代開始已經走下坡了
[01:37:52.000 --> 01:37:53.000]  到我們現在這裡
[01:37:53.000 --> 01:37:55.000]  我都不知道大家
[01:37:55.000 --> 01:37:58.000]  我們當中你覺得是改革中的時候
[01:37:58.000 --> 01:37:59.000]  你會是怎樣
[01:37:59.000 --> 01:38:01.000]  無論如何時間關係
[01:38:01.000 --> 01:38:03.000]  拜拜
[01:38:03.000 --> 01:38:05.000]  我想讀一下這裡
[01:38:05.000 --> 01:38:08.000]  聖經除了講權威之外
[01:38:08.000 --> 01:38:11.000]  你真的要對聖經有認識
[01:38:11.000 --> 01:38:14.000]  至於解讀聖經
[01:38:14.000 --> 01:38:17.000]  一條絕對不會出錯的法則
[01:38:17.000 --> 01:38:20.000]  就是讓聖經自己解釋聖經
[01:38:20.000 --> 01:38:24.000]  所以每當我們對某段聖經
[01:38:24.000 --> 01:38:30.000]  真實的準確或者全面完整的意思有疑問的時候
[01:38:30.000 --> 01:38:33.000]  就要查考其他更清楚的聖經
[01:38:33.000 --> 01:38:39.000]  來確定如何正式理解當下這段經文
[01:38:39.000 --> 01:38:42.000]  裁脫所有信仰上的爭議
[01:38:42.000 --> 01:38:47.000]  查驗所有大公會議的決議
[01:38:47.000 --> 01:38:50.000]  批評古時作者的見解
[01:38:50.000 --> 01:38:53.000]  其至高的裁判者
[01:38:53.000 --> 01:38:57.000]  除了在聖經中說話的聖名以外
[01:38:57.000 --> 01:38:58.000]  別無他打
[01:38:58.000 --> 01:38:59.000]  寫了很多東西
[01:38:59.000 --> 01:39:01.000]  為什麼我決定保留這一段
[01:39:01.000 --> 01:39:02.000]  就是因為
[01:39:02.000 --> 01:39:04.000]  我想告訴你
[01:39:04.000 --> 01:39:07.000]  解經是很重要的
[01:39:07.000 --> 01:39:08.000]  如果你要解經
[01:39:08.000 --> 01:39:09.000]  你要整本聖經
[01:39:09.000 --> 01:39:10.000]  1189章
[01:39:10.000 --> 01:39:13.000]  都要有一個好的掌握
[01:39:13.000 --> 01:39:15.000]  不是舊約就講舊約
[01:39:15.000 --> 01:39:16.000]  新約就講新約
[01:39:16.000 --> 01:39:17.000]  對不起
[01:39:17.000 --> 01:39:19.000]  新舊約都是聖經的一部份
[01:39:19.000 --> 01:39:21.000]  於是你隨便拿一段聖經
[01:39:21.000 --> 01:39:23.000]  結果都是舊約查到新約
[01:39:23.000 --> 01:39:24.000]  新約查到舊約
[01:39:24.000 --> 01:39:25.000]  一樣的
[01:39:25.000 --> 01:39:27.000]  在常學院很多時候不是這樣的
[01:39:27.000 --> 01:39:28.000]  舊約歸舊約
[01:39:28.000 --> 01:39:29.000]  新約歸新約
[01:39:29.000 --> 01:39:32.000]  但是整本聖經是一致的
[01:39:32.000 --> 01:39:34.000]  我們都是很反對的人
[01:39:34.000 --> 01:39:36.000]  我記得以前有人跟我說
[01:39:36.000 --> 01:39:39.000]  你講到十分鐘解經
[01:39:39.000 --> 01:39:42.000]  其他二十分鐘就形容
[01:39:42.000 --> 01:39:45.000]  十分鐘你怎麼解經
[01:39:45.000 --> 01:39:47.000]  但是人們的意思就是說
[01:39:47.000 --> 01:39:51.000]  現在人們的注意力很低
[01:39:51.000 --> 01:39:53.000]  你給他十分鐘
[01:39:53.000 --> 01:39:55.000]  接著後面二十分鐘
[01:39:55.000 --> 01:39:56.000]  你想想有什麼爛笑話
[01:39:56.000 --> 01:39:58.000]  有什麼故事
[01:39:58.000 --> 01:39:59.000]  砌出來就行了
[01:39:59.000 --> 01:40:01.000]  這樣你死定了
[01:40:01.000 --> 01:40:02.000]  你的教會死定了
[01:40:02.000 --> 01:40:04.000]  你又死定了
[01:40:04.000 --> 01:40:07.000]  我很記得我常學院第一年
[01:40:07.000 --> 01:40:09.000]  有個神學講座
[01:40:09.000 --> 01:40:10.000]  Preaching Conference
[01:40:10.000 --> 01:40:11.000]  講講道
[01:40:11.000 --> 01:40:13.000]  有個牧師來跟我們分享他的經驗
[01:40:13.000 --> 01:40:16.000]  他說他有一次去一個
[01:40:16.000 --> 01:40:18.000]  一個Conference去講道
[01:40:18.000 --> 01:40:19.000]  教講道
[01:40:19.000 --> 01:40:20.000]  他說同期
[01:40:20.000 --> 01:40:22.000]  同一個Conference裏面有兩個講員
[01:40:22.000 --> 01:40:23.000]  一個是他
[01:40:23.000 --> 01:40:25.000]  另一個是另外一個
[01:40:25.000 --> 01:40:26.000]  另外一個很有趣
[01:40:26.000 --> 01:40:27.000]  他說他每次
[01:40:27.000 --> 01:40:30.000]  他就拿一本聖經放在這裏
[01:40:30.000 --> 01:40:31.000]  講台
[01:40:31.000 --> 01:40:33.000]  打開一本聖經開始講
[01:40:33.000 --> 01:40:34.000]  每次他講完之後
[01:40:34.000 --> 01:40:35.000]  到下一個來講
[01:40:35.000 --> 01:40:38.000]  就將講台搬去台旁邊
[01:40:38.000 --> 01:40:41.000]  接著在那裏走走走走走走走
[01:40:41.000 --> 01:40:43.000]  拿著咪高峰這樣講
[01:40:43.000 --> 01:40:44.000]  就沒有了講台
[01:40:44.000 --> 01:40:46.000]  沒有了聖經
[01:40:46.000 --> 01:40:47.000]  接著又輪到他
[01:40:47.000 --> 01:40:50.000]  他又要將講台搬回來中間
[01:40:50.000 --> 01:40:51.000]  又拿著一本聖經
[01:40:51.000 --> 01:40:52.000]  打開一本聖經開始講
[01:40:52.000 --> 01:40:55.000]  接著如此類推幾天
[01:40:55.000 --> 01:40:56.000]  他說最後一天
[01:40:56.000 --> 01:40:57.000]  他和他聊天
[01:40:57.000 --> 01:40:59.000]  他說發生什麼事
[01:40:59.000 --> 01:41:01.000]  那個人竟然和他坦白
[01:41:01.000 --> 01:41:02.000]  他說我不知道為什麼
[01:41:02.000 --> 01:41:07.000]  就是何時開始對聖經失去信心
[01:41:07.000 --> 01:41:09.000]  很可怕的一件事
[01:41:09.000 --> 01:41:11.000]  你對聖經失去信心
[01:41:11.000 --> 01:41:13.000]  有很多的副作用
[01:41:13.000 --> 01:41:16.000]  第一你解經越來越弱
[01:41:16.000 --> 01:41:17.000]  你隨便
[01:41:17.000 --> 01:41:21.000]  接著你很在意人們對你的反應等等
[01:41:21.000 --> 01:41:23.000]  很可怕的一件事
[01:41:23.000 --> 01:41:25.000]  不可以
[01:41:25.000 --> 01:41:27.000]  聖經論最重要的應用就是
[01:41:27.000 --> 01:41:29.000]  我們每個人都要看聖經
[01:41:29.000 --> 01:41:30.000]  聖經論最重要
[01:41:30.000 --> 01:41:32.000]  如果你真的相信聖經是上帝的話語
[01:41:32.000 --> 01:41:33.000]  拜託
[01:41:33.000 --> 01:41:36.000]  你問問自己有沒有讀完1189章聖經
[01:41:36.000 --> 01:41:39.000]  重複又重複讀1189章聖經
[01:41:39.000 --> 01:41:40.000]  如果你不讀聖經
[01:41:40.000 --> 01:41:44.000]  就不要跟我說你相信聖經是上帝的話語
[01:41:44.000 --> 01:41:47.000]  這是Reformation的精神
[01:41:47.000 --> 01:41:53.000]  為什麼路德要冒生命危險去翻譯聖經
[01:41:53.000 --> 01:41:57.000]  為什麼加爾文要做同一樣的東西
[01:41:57.000 --> 01:41:58.000]  加爾文有個表哥
[01:41:58.000 --> 01:42:01.000]  帶他幾年
[01:42:01.000 --> 01:42:06.000]  奮身將聖經翻譯做法文
[01:42:06.000 --> 01:42:09.000]  然後不知道隔了幾年就死了
[01:42:09.000 --> 01:42:11.000]  有人說他疲勞過度
[01:42:11.000 --> 01:42:13.000]  他留了給我們
[01:42:13.000 --> 01:42:16.000]  法文的新約聖經
[01:42:16.000 --> 01:42:20.000]  是由原文希臘文翻譯去法文的聖經
[01:42:20.000 --> 01:42:21.000]  神經病
[01:42:21.000 --> 01:42:23.000]  二十多歲
[01:42:23.000 --> 01:42:25.000]  為什麼人們會這樣做
[01:42:25.000 --> 01:42:27.000]  因為聖經是真的寶貴
[01:42:27.000 --> 01:42:30.000]  我需要有人講一點
[01:42:30.000 --> 01:42:31.000]  我喜歡講這個
[01:42:31.000 --> 01:42:33.000]  我需要讀一讀
[01:42:33.000 --> 01:42:35.000]  因為講了舊約和新約的關係
[01:42:35.000 --> 01:42:36.000]  這個又是很重要的
[01:42:36.000 --> 01:42:39.000]  這恩典之約的施行方式
[01:42:39.000 --> 01:42:42.000]  在舊約時期和新約時期是各有不同
[01:42:42.000 --> 01:42:43.000]  你聽不明白不要緊
[01:42:43.000 --> 01:42:44.000]  大概
[01:42:44.000 --> 01:42:45.000]  在律法時期
[01:42:45.000 --> 01:42:46.000]  舊約
[01:42:46.000 --> 01:42:50.000]  此約乃是直著應許預言
[01:42:50.000 --> 01:42:53.000]  舊約是向前望等待耶穌基督來的
[01:42:53.000 --> 01:42:55.000]  獻祭割禮如月節的羔羊
[01:42:55.000 --> 01:42:57.000]  耶穌來了一次
[01:42:57.000 --> 01:42:58.000]  我是上帝的羔羊
[01:42:58.000 --> 01:43:07.000]  以及其他交付給猶太人的各種儒表和禮儀的規條等方式來執行
[01:43:07.000 --> 01:43:08.000]  指向耶穌
[01:43:08.000 --> 01:43:11.000]  舊約只是一個影子指向耶穌
[01:43:11.000 --> 01:43:19.000]  這一切表徵記號都在預先指向那將要來的基督
[01:43:19.000 --> 01:43:26.000]  直著這位所應許的彌賽亞追究是得以完全赦免得著永恆的救恩
[01:43:26.000 --> 01:43:27.000]  舊約是指向新約
[01:43:27.000 --> 01:43:29.000]  舊約是關於耶穌
[01:43:29.000 --> 01:43:31.000]  所有事情都關於耶穌
[01:43:31.000 --> 01:43:33.000]  舊約是用信用卡付款的
[01:43:33.000 --> 01:43:35.000]  因為耶穌還沒有來
[01:43:35.000 --> 01:43:36.000]  耶穌來了
[01:43:36.000 --> 01:43:39.000]  所有信用卡債都要付
[01:43:39.000 --> 01:43:42.000]  舊約摩西大衛這些人靠什麼得救
[01:43:42.000 --> 01:43:45.000]  靠羔羊的血
[01:43:45.000 --> 01:43:46.000]  耶穌來了
[01:43:46.000 --> 01:43:48.000]  耶穌就是終極的羔羊
[01:43:48.000 --> 01:43:49.000]  福音的時期
[01:43:49.000 --> 01:43:57.000]  由於基督這個舊約所預表的實質已經展示在人前
[01:43:57.000 --> 01:44:03.000]  因此我們去傳講聖道和施行洗禮和聖餐
[01:44:03.000 --> 01:44:10.000]  這些禮儀規條雖然在數目上比舊約時期的還要少很多
[01:44:10.000 --> 01:44:26.000]  在外觀上也沒有那麼圓麗華美然而這恩典之約內容更加充分更加明確更加有效地向人鮮明
[01:44:26.000 --> 01:44:32.000]  且能讓萬國萬族的人無論是猶太人還是愛邦人都能明確接受
[01:44:32.000 --> 01:44:34.000]  其實他在講什麼呢
[01:44:34.000 --> 01:44:36.000]  因為他的背景是羅馬天主教
[01:44:36.000 --> 01:44:38.000]  羅馬天主教其實多很多聖禮
[01:44:38.000 --> 01:44:41.000]  所以他有一點點自卑
[01:44:41.000 --> 01:44:42.000]  不是自卑
[01:44:42.000 --> 01:44:47.000]  我們從一個很宏偉壯觀的地方走出來
[01:44:47.000 --> 01:44:50.000]  我們隨便找個地方聚會
[01:44:50.000 --> 01:44:53.000]  你感覺到我們失去了很多的聖禮
[01:44:53.000 --> 01:44:57.000]  但是他想告訴你這些全部都是真實的東西
[01:44:57.000 --> 01:45:01.000]  無論如何,時間的關係,我先跳一跳
[01:45:01.000 --> 01:45:02.000]  讀完這個
[01:45:02.000 --> 01:45:06.000]  因此世上沒有兩個實質不同的恩典之約
[01:45:06.000 --> 01:45:08.000]  舊約和新約其實是同一個約
[01:45:08.000 --> 01:45:14.000]  在舊約的和在新約裡的恩典之約都是同一個聖約
[01:45:14.000 --> 01:45:22.000]  只是這同一個聖約的不同的時間不同的形式被實施出來而已
[01:45:22.000 --> 01:45:25.000]  你不知道他在做什麼
[01:45:25.000 --> 01:45:27.000]  讀我的書
[01:45:27.000 --> 01:45:29.000]  聽我的講道你會明白
[01:45:29.000 --> 01:45:37.000]  原來舊約新約是一定亂貫的
[01:45:37.000 --> 01:45:39.000]  我以前在神學院
[01:45:39.000 --> 01:45:43.000]  學校叫我講新約不要講舊約
[01:45:43.000 --> 01:45:45.000]  講舊約不要講新約
[01:45:45.000 --> 01:45:46.000]  我說怎麼可能
[01:45:46.000 --> 01:45:49.000]  保羅都是講新約講舊約講舊約講新約的
[01:45:49.000 --> 01:45:52.000]  為什麼你不可以讓我這樣做呢
[01:45:52.000 --> 01:45:54.000]  我真是真人真事
[01:45:54.000 --> 01:45:56.000]  那時候我的老闆跟我說
[01:45:56.000 --> 01:46:00.000]  他和我坐了很久他不喜歡我這樣解經
[01:46:00.000 --> 01:46:01.000]  他跟我說
[01:46:01.000 --> 01:46:04.000]  你聰明,我們的學生沒有你這麼聰明
[01:46:04.000 --> 01:46:06.000]  你叫他講新約又要講舊約
[01:46:06.000 --> 01:46:07.000]  舊約又要講新約
[01:46:07.000 --> 01:46:09.000]  整本聖經講他們做不到
[01:46:09.000 --> 01:46:10.000]  你不如就這樣叫他們
[01:46:10.000 --> 01:46:11.000]  傻的
[01:46:11.000 --> 01:46:13.000]  你怎麼可以這樣呢
[01:46:13.000 --> 01:46:15.000]  這本是聖經
[01:46:15.000 --> 01:46:17.000]  上帝說怎麼教就怎麼教
[01:46:17.000 --> 01:46:18.000]  上帝說怎麼做就怎麼做
[01:46:18.000 --> 01:46:20.000]  將勤補拙
[01:46:20.000 --> 01:46:23.000]  為什麼我們說你行我就不行
[01:46:23.000 --> 01:46:26.000]  但我想你如果有機會
[01:46:26.000 --> 01:46:28.000]  真的這樣去講道的時候
[01:46:28.000 --> 01:46:29.000]  你會明白
[01:46:29.000 --> 01:46:31.000]  為什麼這樣的道
[01:46:31.000 --> 01:46:34.000]  新舊約聯繫一起的時候
[01:46:34.000 --> 01:46:36.000]  才是上帝得到最終的榮耀
[01:46:36.000 --> 01:46:38.000]  最後有兩段我想和你講
[01:46:38.000 --> 01:46:42.000]  一個講信心一個講悔改
[01:46:42.000 --> 01:46:44.000]  你會發現他們所講的信心
[01:46:44.000 --> 01:46:48.000]  和我們這個時代所想的信心很不一樣
[01:46:48.000 --> 01:46:50.000]  有些籠統的句子
[01:46:50.000 --> 01:46:51.000]  原諒他
[01:46:51.000 --> 01:46:57.000]  信心這項恩典乃是基督的靈在選民心中所作的功
[01:46:57.000 --> 01:47:00.000]  選民乃是藉著這項恩典而相信
[01:47:00.000 --> 01:47:03.000]  藉以使他們的靈魂得救
[01:47:03.000 --> 01:47:04.000]  信心使人得救
[01:47:04.000 --> 01:47:06.000]  信耶穌使人得救
[01:47:06.000 --> 01:47:10.000]  而這信心通常是藉著聽道而產生的
[01:47:10.000 --> 01:47:12.000]  有沒有覺得有點奇怪
[01:47:12.000 --> 01:47:13.000]  通常
[01:47:13.000 --> 01:47:15.000]  什麼通常
[01:47:15.000 --> 01:47:17.000]  即是有exception
[01:47:17.000 --> 01:47:20.000]  通常是藉著聽道而產生的
[01:47:20.000 --> 01:47:23.000]  有信心不是聽道而產生的
[01:47:23.000 --> 01:47:25.000]  因為有司祭約翰
[01:47:25.000 --> 01:47:29.000]  土祭裏面已經跳躍
[01:47:29.000 --> 01:47:33.000]  傳統來說司祭約翰在土裏面已經重生了
[01:47:33.000 --> 01:47:37.000]  所以通常是藉著聽道的
[01:47:37.000 --> 01:47:38.000]  不過有一個exception
[01:47:38.000 --> 01:47:39.000]  司祭約翰
[01:47:39.000 --> 01:47:43.000]  此外聽道再加上聖禮的參與
[01:47:43.000 --> 01:47:44.000]  以及禱告
[01:47:44.000 --> 01:47:45.000]  我們叫means of grace
[01:47:45.000 --> 01:47:46.000]  恩典的渠道
[01:47:46.000 --> 01:47:50.000]  也會使信心不斷增長和加增
[01:47:50.000 --> 01:47:54.000]  我想你留意一個人的信心怎麼可以加增
[01:47:54.000 --> 01:47:55.000]  是通過聖道
[01:47:55.000 --> 01:47:56.000]  通過聖禮
[01:47:56.000 --> 01:47:58.000]  聖禮說什麼都是說耶穌
[01:47:58.000 --> 01:47:59.000]  通過祈禱
[01:47:59.000 --> 01:48:00.000]  祈禱要祈什麼
[01:48:00.000 --> 01:48:02.000]  主禱文都是說耶穌
[01:48:02.000 --> 01:48:06.000]  不是經過見證
[01:48:06.000 --> 01:48:08.000]  我上星期祈禱什麼
[01:48:08.000 --> 01:48:09.000]  耶穌給了我什麼
[01:48:09.000 --> 01:48:10.000]  不是通過見證
[01:48:10.000 --> 01:48:11.000]  當然你一說禱告
[01:48:11.000 --> 01:48:13.000]  很多人說有禱告
[01:48:13.000 --> 01:48:16.000]  拜託不是
[01:48:16.000 --> 01:48:19.000]  有一天我會出我那本主禱文
[01:48:19.000 --> 01:48:20.000]  你看看你就知道
[01:48:20.000 --> 01:48:23.000]  根本不是跟你說祈禱地上的東西
[01:48:23.000 --> 01:48:26.000]  一定是說求他的國家的意義
[01:48:26.000 --> 01:48:29.000]  這會使這人的信心不斷增長
[01:48:29.000 --> 01:48:32.000]  聖經去思想耶穌增加加強
[01:48:32.000 --> 01:48:34.000]  信徒因著信心就會相信
[01:48:34.000 --> 01:48:36.000]  凡聖經所啟示的
[01:48:36.000 --> 01:48:38.000]  後面那些是我加的
[01:48:38.000 --> 01:48:41.000]  最近我和大英姐妹討論什麼叫信心
[01:48:41.000 --> 01:48:44.000]  在改革中的形式裏面
[01:48:44.000 --> 01:48:47.000]  是說信心有三樣東西
[01:48:47.000 --> 01:48:49.000]  一個是Notitia
[01:48:49.000 --> 01:48:50.000]  拉丁文來的
[01:48:50.000 --> 01:48:51.000]  是知識
[01:48:51.000 --> 01:48:53.000]  聖經所啟示的
[01:48:53.000 --> 01:48:54.000]  首先我們有知識
[01:48:54.000 --> 01:48:56.000]  接著我們相信聖經所啟示的
[01:48:56.000 --> 01:48:58.000]  我們都是真確的
[01:48:58.000 --> 01:49:01.000]  代表你們心裏面同意認同
[01:49:01.000 --> 01:49:02.000]  洗人都犯了
[01:49:02.000 --> 01:49:03.000]  再規決了
[01:49:03.000 --> 01:49:04.000]  神的榮耀
[01:49:04.000 --> 01:49:06.000]  這是聖經裏面給你的知識
[01:49:06.000 --> 01:49:07.000]  同不同意
[01:49:07.000 --> 01:49:09.000]  剛剛來教會的未必同意
[01:49:09.000 --> 01:49:11.000]  慢慢開始同意了
[01:49:11.000 --> 01:49:13.000]  同意是不是相信了
[01:49:13.000 --> 01:49:14.000]  可以做祈禱了
[01:49:14.000 --> 01:49:15.000]  認罪了
[01:49:15.000 --> 01:49:16.000]  搞定了
[01:49:16.000 --> 01:49:17.000]  不是的
[01:49:17.000 --> 01:49:18.000]  還有
[01:49:18.000 --> 01:49:20.000]  因為聖經乃是上帝自己的權威
[01:49:20.000 --> 01:49:23.000]  再其中說出的話語
[01:49:23.000 --> 01:49:25.000]  並且他們還會
[01:49:25.000 --> 01:49:27.000]  就不同的經文中所發出
[01:49:27.000 --> 01:49:29.000]  不同的信息內容
[01:49:29.000 --> 01:49:32.000]  而作出適切的回應
[01:49:32.000 --> 01:49:34.000]  什麼叫信心
[01:49:34.000 --> 01:49:35.000]  信心第一
[01:49:35.000 --> 01:49:36.000]  我知道知識
[01:49:36.000 --> 01:49:37.000]  洗人都犯了
[01:49:37.000 --> 01:49:38.000]  再規決上帝的榮耀
[01:49:38.000 --> 01:49:39.000]  接著我認同
[01:49:39.000 --> 01:49:40.000]  我犯了罪
[01:49:40.000 --> 01:49:41.000]  規決了上帝的榮耀
[01:49:41.000 --> 01:49:42.000]  你看到分別嗎
[01:49:42.000 --> 01:49:44.000]  一個是一個general statement
[01:49:44.000 --> 01:49:45.000]  另一個是我自己的statement
[01:49:45.000 --> 01:49:46.000]  我犯了罪
[01:49:46.000 --> 01:49:47.000]  規決了上帝的榮耀
[01:49:47.000 --> 01:49:48.000]  罪的公格乃是死
[01:49:48.000 --> 01:49:50.000]  死後且有審判
[01:49:50.000 --> 01:49:52.000]  是我的未來
[01:49:52.000 --> 01:49:54.000]  是必定會發生的
[01:49:54.000 --> 01:49:55.000]  但什麼叫真正的信心
[01:49:55.000 --> 01:49:57.000]  就是我要迴轉
[01:49:57.000 --> 01:49:58.000]  信耶穌
[01:49:58.000 --> 01:49:59.000]  什麼叫信耶穌
[01:49:59.000 --> 01:50:00.000]  如果有人問你
[01:50:00.000 --> 01:50:02.000]  可不可以解釋一下什麼叫信耶穌
[01:50:02.000 --> 01:50:05.000]  你記得我自己最喜歡的故事
[01:50:05.000 --> 01:50:07.000]  就是年輕的財主的故事
[01:50:07.000 --> 01:50:10.000]  有個人來找耶穌
[01:50:10.000 --> 01:50:11.000]  我再做什麼
[01:50:11.000 --> 01:50:13.000]  才可以得著永生
[01:50:13.000 --> 01:50:14.000]  耶穌望著他
[01:50:14.000 --> 01:50:15.000]  就愛他
[01:50:15.000 --> 01:50:17.000]  所以你還欠一件事
[01:50:17.000 --> 01:50:19.000]  sell all you have
[01:50:19.000 --> 01:50:20.000]  賣罪的所有
[01:50:20.000 --> 01:50:21.000]  來跟從我
[01:50:21.000 --> 01:50:23.000]  來跟從我
[01:50:23.000 --> 01:50:24.000]  故事裡面
[01:50:24.000 --> 01:50:26.000]  由頭到尾沒有出現過信心這個字
[01:50:26.000 --> 01:50:28.000]  但是整個故事的關於信心
[01:50:28.000 --> 01:50:29.000]  什麼叫信心
[01:50:29.000 --> 01:50:30.000]  信心是對耶穌的偽身
[01:50:30.000 --> 01:50:31.000]  跟從他
[01:50:31.000 --> 01:50:33.000]  所以我們除了說
[01:50:33.000 --> 01:50:34.000]  我認罪
[01:50:34.000 --> 01:50:37.000]  但是你願不願意跟從耶穌
[01:50:37.000 --> 01:50:38.000]  你不願意跟從耶穌
[01:50:38.000 --> 01:50:39.000]  你認了罪
[01:50:39.000 --> 01:50:42.000]  是沒有辦法帶你進入天國的
[01:50:42.000 --> 01:50:44.000]  因為信心是notitia
[01:50:44.000 --> 01:50:45.000]  知識
[01:50:45.000 --> 01:50:46.000]  assensus
[01:50:46.000 --> 01:50:47.000]  認同
[01:50:47.000 --> 01:50:48.000]  還有fiducia
[01:50:48.000 --> 01:50:49.000]  偽身
[01:50:49.000 --> 01:50:50.000]  完全的信靠
[01:50:50.000 --> 01:50:54.000]  沒有一個人可以靠認罪悔改的祈禱
[01:50:54.000 --> 01:50:56.000]  來進入天堂的
[01:50:56.000 --> 01:50:57.000]  如果我們進入天堂
[01:50:57.000 --> 01:50:58.000]  是因為我們跟從耶穌
[01:50:58.000 --> 01:51:00.000]  因為我們信靠耶穌
[01:51:00.000 --> 01:51:01.000]  完全的信靠
[01:51:01.000 --> 01:51:04.000]  或是聽命
[01:51:04.000 --> 01:51:06.000]  或因受命的經文和增薦
[01:51:06.000 --> 01:51:08.000]  而被賜給者
[01:51:08.000 --> 01:51:10.000]  今世和當世的一切境界
[01:51:10.000 --> 01:51:12.000]  對於聖經裡面的境界
[01:51:12.000 --> 01:51:13.000]  呼召
[01:51:13.000 --> 01:51:14.000]  是有回應的
[01:51:14.000 --> 01:51:15.000]  有些人說不行
[01:51:15.000 --> 01:51:17.000]  有些人說不行
[01:51:17.000 --> 01:51:18.000]  我有上下
[01:51:18.000 --> 01:51:19.000]  我有底線
[01:51:19.000 --> 01:51:20.000]  我去不了
[01:51:20.000 --> 01:51:22.000]  你的信心就斷了
[01:51:22.000 --> 01:51:23.000]  是不是
[01:51:23.000 --> 01:51:24.000]  就有些問題
[01:51:24.000 --> 01:51:25.000]  所以我們要怎樣去明白
[01:51:25.000 --> 01:51:27.000]  究竟信心是什麼回事
[01:51:27.000 --> 01:51:28.000]  我讀完
[01:51:28.000 --> 01:51:29.000]  然後我們最後
[01:51:29.000 --> 01:51:32.000]  不過這個使人得救的信心
[01:51:32.000 --> 01:51:34.000]  因著恩典之約的緣故
[01:51:34.000 --> 01:51:37.000]  主要表現還是單單對準基督
[01:51:37.000 --> 01:51:41.000]  唯獨相信接受依靠基督
[01:51:41.000 --> 01:51:45.000]  來讓自己清二成性得永生
[01:51:45.000 --> 01:51:48.000]  最後我想和你讀一讀
[01:51:48.000 --> 01:51:51.000]  關於悔改
[01:51:51.000 --> 01:51:54.000]  悔改是一個很重要很重要的信息
[01:51:54.000 --> 01:51:58.000]  悔改是新生乃是一個福音成的恩典
[01:51:58.000 --> 01:52:01.000]  悔改得新生這個教義
[01:52:01.000 --> 01:52:05.000]  與信靠基督那項教義一樣
[01:52:05.000 --> 01:52:11.000]  都是每一個傳道目者必須宣講的
[01:52:11.000 --> 01:52:12.000]  我們作為一個牧師
[01:52:12.000 --> 01:52:13.000]  我們作為一個傳道人
[01:52:13.000 --> 01:52:15.000]  我們要講的是悔改的信息
[01:52:15.000 --> 01:52:16.000]  罪人恩著悔改
[01:52:16.000 --> 01:52:18.000]  因為耶穌講悔改
[01:52:18.000 --> 01:52:19.000]  天國近了
[01:52:19.000 --> 01:52:20.000]  你們應當悔改
[01:52:20.000 --> 01:52:21.000]  誰講不是我
[01:52:21.000 --> 01:52:23.000]  是耶穌講的
[01:52:23.000 --> 01:52:24.000]  不單止是施洗日行
[01:52:24.000 --> 01:52:25.000]  耶穌出來的時候
[01:52:25.000 --> 01:52:26.000]  一樣繼續講同一樣的東西
[01:52:26.000 --> 01:52:27.000]  你們應當悔改
[01:52:27.000 --> 01:52:28.000]  因為天國近了
[01:52:28.000 --> 01:52:30.000]  罪人恩著悔改
[01:52:30.000 --> 01:52:31.000]  什麼悔改
[01:52:31.000 --> 01:52:33.000]  就會看到
[01:52:33.000 --> 01:52:36.000]  覺悟到自己的罪不僅有多危險
[01:52:36.000 --> 01:52:39.000]  更是有多污穢可憎
[01:52:39.000 --> 01:52:44.000]  與上帝聖潔的本性和公義的律法有多相配
[01:52:44.000 --> 01:52:48.000]  而一旦他們領悟到上帝在基督裡
[01:52:48.000 --> 01:52:51.000]  對悔改之人的憐憫有多大的時候
[01:52:51.000 --> 01:52:55.000]  他們就會為自己的罪憂傷難過
[01:52:55.000 --> 01:52:58.000]  原來悔改是這麼複雜的
[01:52:58.000 --> 01:53:00.000]  有這麼多層次的
[01:53:00.000 --> 01:53:04.000]  我以為他願意跟我祈禱就是悔改
[01:53:04.000 --> 01:53:05.000]  你以為
[01:53:05.000 --> 01:53:07.000]  你打開聖經1189章
[01:53:07.000 --> 01:53:09.000]  有個理由的
[01:53:09.000 --> 01:53:14.000]  因為裡面滿載於對於悔改的認知
[01:53:14.000 --> 01:53:16.000]  我們不知道的時候
[01:53:16.000 --> 01:53:18.000]  診錯症
[01:53:18.000 --> 01:53:20.000]  有沒有試過你去讀醫學院
[01:53:20.000 --> 01:53:21.000]  只給一本爛書
[01:53:21.000 --> 01:53:23.000]  然後說這本書太厚
[01:53:23.000 --> 01:53:25.000]  不如將它減半
[01:53:25.000 --> 01:53:27.000]  不如再偷幾章出來
[01:53:27.000 --> 01:53:30.000]  你讀了這十頁就可以做醫生
[01:53:30.000 --> 01:53:31.000]  黃綠醫生
[01:53:31.000 --> 01:53:33.000]  抵死
[01:53:33.000 --> 01:53:36.000]  1189章的醫學書
[01:53:36.000 --> 01:53:38.000]  你看了89章
[01:53:38.000 --> 01:53:41.000]  好聽一點就是走火入魔
[01:53:41.000 --> 01:53:43.000]  我給你九陰真經
[01:53:43.000 --> 01:53:45.000]  你亂來
[01:53:45.000 --> 01:53:47.000]  你抵死
[01:53:47.000 --> 01:53:49.000]  我其實很害怕
[01:53:49.000 --> 01:53:53.000]  Johnathan說得對已經很多年沒有人會問這些問題
[01:53:53.000 --> 01:53:56.000]  我又不是覺得信仰告白完美
[01:53:56.000 --> 01:53:58.000]  這樣才可怕
[01:53:58.000 --> 01:53:59.000]  信仰告白都未完美
[01:53:59.000 --> 01:54:02.000]  但它已經超越我們不知道多少
[01:54:02.000 --> 01:54:04.000]  我這些層次是很重要
[01:54:04.000 --> 01:54:06.000]  因為這些層次都是聖經抽出來的
[01:54:06.000 --> 01:54:09.000]  不是你隨便幻想出來的
[01:54:09.000 --> 01:54:12.000]  你幻想裡面的九陰真經只有89章
[01:54:12.000 --> 01:54:14.000]  這本聖經有1189章
[01:54:14.000 --> 01:54:16.000]  你這本醫學書好有問題
[01:54:16.000 --> 01:54:18.000]  你一定做緊黃綠醫生
[01:54:18.000 --> 01:54:20.000]  除非你悔改回轉
[01:54:20.000 --> 01:54:22.000]  好好地讀這本書
[01:54:22.000 --> 01:54:24.000]  並會恨惡自己的罪
[01:54:24.000 --> 01:54:28.000]  以至想要立即轉離一切罪惡
[01:54:28.000 --> 01:54:29.000]  歸向上帝
[01:54:29.000 --> 01:54:30.000]  並且會立志
[01:54:30.000 --> 01:54:33.000]  令後要竭盡所能
[01:54:33.000 --> 01:54:36.000]  在上帝誡命所指示
[01:54:36.000 --> 01:54:38.000]  一切道路上與上帝同行
[01:54:38.000 --> 01:54:43.000]  雖然一個罪人不能用他的悔改來贖他的罪
[01:54:43.000 --> 01:54:45.000]  沒有耶穌你悔改有什麼用
[01:54:45.000 --> 01:54:47.000]  當然是通過耶穌
[01:54:47.000 --> 01:54:49.000]  但悔改對每個罪人來說
[01:54:49.000 --> 01:54:50.000]  真正的悔改
[01:54:50.000 --> 01:54:51.000]  這麼多層次的悔改
[01:54:51.000 --> 01:54:52.000]  乃是必要的
[01:54:52.000 --> 01:54:58.000]  沒有人可以在不真正悔改的情況下
[01:54:58.000 --> 01:55:01.000]  期望聚得聖
[01:55:01.000 --> 01:55:04.000]  其實我有一段片段是J.I.Packard說
[01:55:04.000 --> 01:55:07.000]  不用了老人家都過身了
[01:55:07.000 --> 01:55:10.000]  但我有一次聽他上學講座
[01:55:10.000 --> 01:55:13.000]  那段片段可能20秒
[01:55:13.000 --> 01:55:16.000]  他說其實我們信了主這麼久
[01:55:16.000 --> 01:55:17.000]  在教會這麼多年
[01:55:17.000 --> 01:55:22.000]  很少聽到迴轉悔改的訊息
[01:55:22.000 --> 01:55:23.000]  你有沒有想過
[01:55:23.000 --> 01:55:27.000]  他跟那班神學院裡面的人說
[01:55:27.000 --> 01:55:28.000]  我心裡面說
[01:55:28.000 --> 01:55:31.000]  我們每個禮拜在教會裡面都講悔改
[01:55:31.000 --> 01:55:33.000]  你必須要悔改
[01:55:33.000 --> 01:55:36.000]  但我不知道其他教會講多少悔改
[01:55:36.000 --> 01:55:37.000]  你一定要悔改
[01:55:37.000 --> 01:55:39.000]  而且是有層次的悔改
[01:55:39.000 --> 01:55:40.000]  真正的悔改
[01:55:40.000 --> 01:55:42.000]  不斷的悔改
[01:55:42.000 --> 01:55:44.000]  好我們最後了
[01:55:44.000 --> 01:55:46.000]  悔改之後做什麼
[01:55:46.000 --> 01:55:48.000]  還有一張slide不用怕
[01:55:48.000 --> 01:55:51.000]  To glorify God and enjoy Him forever
[01:55:51.000 --> 01:55:54.000]  這個是小耀理問答的第一條
[01:55:54.000 --> 01:55:55.000]  大家最熟悉的
[01:55:55.000 --> 01:55:56.000]  人的
[01:55:56.000 --> 01:55:59.000]  What is the chief end of man
[01:55:59.000 --> 01:56:01.000]  一個人首要的目的是什麼
[01:56:01.000 --> 01:56:04.000]  首要的目的是榮耀
[01:56:04.000 --> 01:56:05.000]  你做不到
[01:56:05.000 --> 01:56:07.000]  你不可以放大到那個東西
[01:56:07.000 --> 01:56:09.000]  首要的目的是榮耀上帝
[01:56:09.000 --> 01:56:11.000]  以上帝為榮
[01:56:11.000 --> 01:56:12.000]  我們悔改之後要做什麼
[01:56:12.000 --> 01:56:16.000]  我們的餘生毫無保留
[01:56:16.000 --> 01:56:19.000]  為上帝
[01:56:19.000 --> 01:56:20.000]  傳言
[01:56:20.000 --> 01:56:21.000]  為他
[01:56:21.000 --> 01:56:22.000]  好嗎
[01:56:22.000 --> 01:56:23.000]  我做了祈禱
[01:56:23.000 --> 01:56:24.000]  過了鐘了
[01:56:24.000 --> 01:56:26.000]  天父我們多謝你
[01:56:26.000 --> 01:56:29.000]  讓我們有一起思想信仰的時候
[01:56:29.000 --> 01:56:37.000]  雖然表面上我們的talk是講一些改革中的信仰
[01:56:37.000 --> 01:56:38.000]  宣言
[01:56:38.000 --> 01:56:39.000]  教理問答
[01:56:39.000 --> 01:56:41.000]  但其實我們真正要反思的
[01:56:41.000 --> 01:56:44.000]  是聖經對我們的信息
[01:56:44.000 --> 01:56:45.000]  我們的信仰
[01:56:45.000 --> 01:56:46.000]  告白
[01:56:46.000 --> 01:56:48.000]  只是一個工具
[01:56:48.000 --> 01:56:50.000]  引導我們去反思
[01:56:50.000 --> 01:56:52.000]  聖經裡面對我們那種
[01:56:52.000 --> 01:56:56.000]  很多層次的警告和勸勉
[01:56:56.000 --> 01:57:00.000]  我們特別想到在此時此刻的世界
[01:57:00.000 --> 01:57:01.000]  其實不單是香港
[01:57:01.000 --> 01:57:03.000]  其實我想世界各地都是一樣的
[01:57:03.000 --> 01:57:05.000]  我們對聖經的真實
[01:57:05.000 --> 01:57:08.000]  聖經的權威是打了折扣
[01:57:08.000 --> 01:57:10.000]  在這個情況之下
[01:57:10.000 --> 01:57:11.000]  我們第一
[01:57:11.000 --> 01:57:13.000]  對聖經的evaluation低了很多
[01:57:13.000 --> 01:57:14.000]  第二
[01:57:14.000 --> 01:57:16.000]  我們開始亂咁曲解聖經
[01:57:16.000 --> 01:57:19.000]  我們隨著自己喜歡的心意去想
[01:57:19.000 --> 01:57:21.000]  我們斷章取義
[01:57:21.000 --> 01:57:24.000]  我們不考慮不同的聖經給我們的勸勉
[01:57:24.000 --> 01:57:27.000]  我們更加沒有一個系統式的框架
[01:57:27.000 --> 01:57:30.000]  去引導我們思索
[01:57:30.000 --> 01:57:34.000]  其實你給我們高深莫測的一本
[01:57:34.000 --> 01:57:38.000]  1189章的聖經
[01:57:38.000 --> 01:57:44.000]  為什麼馬丁路德要從原文去翻譯這本聖經
[01:57:44.000 --> 01:57:46.000]  為什麼加爾文要做同一件事
[01:57:46.000 --> 01:57:49.000]  為什麼Tinder要做這件事
[01:57:49.000 --> 01:57:53.000]  為什麼世世代代不同的基督徒
[01:57:53.000 --> 01:57:55.000]  奉上他們自己的生命
[01:57:55.000 --> 01:57:58.000]  全然為你要翻這本聖經
[01:57:58.000 --> 01:58:00.000]  而翻了最後目的是
[01:58:00.000 --> 01:58:02.000]  大家要讀
[01:58:02.000 --> 01:58:06.000]  大家要深思細讀
[01:58:08.000 --> 01:58:11.000]  今日環球聖經公會都在努力翻譯聖經
[01:58:11.000 --> 01:58:12.000]  但我都在想
[01:58:12.000 --> 01:58:14.000]  它翻譯了之後有沒有人看呢
[01:58:14.000 --> 01:58:15.000]  有人買的
[01:58:15.000 --> 01:58:17.000]  買了不用看的
[01:58:17.000 --> 01:58:19.000]  這就是可怕的地方
[01:58:19.000 --> 01:58:21.000]  我們今天有聖經在手
[01:58:21.000 --> 01:58:23.000]  但不代表我們會渴慕去看
[01:58:23.000 --> 01:58:26.000]  要看都是看金句
[01:58:26.000 --> 01:58:27.000]  左一句右一句
[01:58:27.000 --> 01:58:29.000]  合心意就放大它
[01:58:29.000 --> 01:58:32.000]  可以在書局裏面買
[01:58:32.000 --> 01:58:33.000]  那些不合心意的
[01:58:33.000 --> 01:58:35.000]  全部可以丟掉
[01:58:35.000 --> 01:58:36.000]  當沒有存在
[01:58:36.000 --> 01:58:39.000]  這個叫做
[01:58:39.000 --> 01:58:43.000]  這些全部都是異端邪說的做法
[01:58:43.000 --> 01:58:45.000]  由初期教會到現在
[01:58:45.000 --> 01:58:47.000]  又不斷很多人都是
[01:58:47.000 --> 01:58:48.000]  但這段不對的
[01:58:48.000 --> 01:58:50.000]  這個神蹟不是很妥
[01:58:50.000 --> 01:58:51.000]  這個不是耶穌說的
[01:58:51.000 --> 01:58:53.000]  那個不是保羅寫的
[01:58:53.000 --> 01:58:55.000]  於是減減減減
[01:58:55.000 --> 01:58:58.000]  這本書越來越小
[01:58:58.000 --> 01:59:00.000]  其實最終的問題是
[01:59:00.000 --> 01:59:03.000]  我們想這本書適合我們用
[01:59:03.000 --> 01:59:08.000]  今天有AI成為我們的幫手
[01:59:08.000 --> 01:59:10.000]  我們可以有AI戀人
[01:59:10.000 --> 01:59:12.000]  我們可以AI重新幫我們
[01:59:12.000 --> 01:59:14.000]  設計一個適合我們的聖經
[01:59:14.000 --> 01:59:16.000]  我們想要一個topic
[01:59:16.000 --> 01:59:18.000]  AI將本聖經裏面
[01:59:18.000 --> 01:59:20.000]  所有合心意的東西說出來
[01:59:20.000 --> 01:59:23.000]  不合心意的東西暫時收起來
[01:59:23.000 --> 01:59:25.000]  以後有機會再去看
[01:59:25.000 --> 01:59:27.000]  完全
[01:59:27.000 --> 01:59:29.000]  我們活在一個非常危險
[01:59:29.000 --> 01:59:31.000]  高度危險的世界裏面
[01:59:31.000 --> 01:59:32.000]  求主你幫助我們念文
[01:59:32.000 --> 01:59:34.000]  讓我們回歸聖經
[01:59:34.000 --> 01:59:36.000]  這個是Reformation最大的精神
[01:59:36.000 --> 01:59:37.000]  回歸聖經
[01:59:37.000 --> 01:59:38.000]  Sola Scriptura
[01:59:38.000 --> 01:59:39.000]  唯獨聖經
[01:59:39.000 --> 01:59:43.000]  而且那個唯獨不是口頭上的唯獨
[01:59:43.000 --> 01:59:46.000]  而是整個生命的回應
[01:59:46.000 --> 01:59:49.000]  因為聖經確是真實的
[01:59:49.000 --> 01:59:55.000]  幫助我們去思想
[01:59:55.000 --> 01:59:57.000]  明天後日我們又回到教會裏
[01:59:57.000 --> 02:00:00.000]  繼續努力宣講你的話語
[02:00:00.000 --> 02:00:04.000]  求主你讓我作為一個牧師
[02:00:04.000 --> 02:00:08.000]  回去深思細想
[02:00:08.000 --> 02:00:10.000]  通過信仰告白
[02:00:10.000 --> 02:00:12.000]  你給我的鼓勵
[02:00:12.000 --> 02:00:14.000]  甚至是警告
[02:00:14.000 --> 02:00:16.000]  讓我相信
[02:00:16.000 --> 02:00:18.000]  我的工作
[02:00:18.000 --> 02:00:22.000]  是做天國君王的勇士
[02:00:22.000 --> 02:00:25.000]  去宣告天國的福音
[02:00:25.000 --> 02:00:30.000]  純粹是慰養人群
[02:00:30.000 --> 02:00:34.000]  希望他們可以在教會裏開開心心
[02:00:34.000 --> 02:00:36.000]  幫助我們去思想這一切
[02:00:36.000 --> 02:00:45.000]  祝福我們這個週末的工作
[02:00:45.000 --> 02:00:47.000]  甚至是征戰
[02:00:47.000 --> 02:00:49.000]  求主你憐憫你的教會
[02:00:49.000 --> 02:00:51.000]  祈禱逢主耶穌基督明求
[02:00:51.000 --> 02:00:52.000]  阿門
[02:00:52.000 --> 02:00:53.000]  多謝大家
[02:00:56.000 --> 02:00:58.000]  多謝林牧師的教導
[02:00:58.000 --> 02:01:02.000]  提醒我們要回到聖經
[02:01:02.000 --> 02:01:07.000]  我再問一次
[02:01:07.000 --> 02:01:10.000]  大家知不知道聽一次聖經要多久
[02:01:10.000 --> 02:01:16.000]  正常的速度
[02:01:16.000 --> 02:01:19.000]  如果你用和學本修訂本
[02:01:19.000 --> 02:01:21.000]  就用YouVersion來聽一次
[02:01:21.000 --> 02:01:25.000]  96個小時
[02:01:25.000 --> 02:01:27.000]  96個小時就可以聽一次
[02:01:27.000 --> 02:01:29.000]  96個小時
[02:01:29.000 --> 02:01:31.000]  如果你每天上班時聽半小時
[02:01:31.000 --> 02:01:33.000]  下班時聽半小時
[02:01:33.000 --> 02:01:35.000]  其實你已經可以聽一次
[02:01:35.000 --> 02:01:37.000]  三個月左右
[02:01:37.000 --> 02:01:39.000]  96天
[02:01:39.000 --> 02:01:41.000]  一年可以聽三次
[02:01:41.000 --> 02:01:43.000]  有什麼好處呢
[02:01:43.000 --> 02:01:45.000]  聽得這麼快什麼人都不知道
[02:01:45.000 --> 02:01:47.000]  你可以知道原來聖經是這樣說的
[02:01:47.000 --> 02:01:51.000]  不是別人隨便斷章取義可以說的
[02:01:51.000 --> 02:01:54.000]  當然要更加深入的時候
[02:01:54.000 --> 02:01:55.000]  你要查經
[02:01:55.000 --> 02:01:57.000]  做一點Hardsell
[02:01:57.000 --> 02:02:01.000]  四月份我小弟就會教一個課程
[02:02:01.000 --> 02:02:03.000]  就是怎樣做十夫長
[02:02:03.000 --> 02:02:07.000]  就是做一個查經組的組長
[02:02:07.000 --> 02:02:09.000]  怎樣回到聖經裏面
[02:02:09.000 --> 02:02:11.000]  看聖經
[02:02:11.000 --> 02:02:13.000]  神藉著聖經說給我們聽
[02:02:13.000 --> 02:02:15.000]  這才是重要
[02:02:15.000 --> 02:02:17.000]  不是我們說
[02:02:17.000 --> 02:02:19.000]  你看完聖經有什麼感覺
[02:02:19.000 --> 02:02:21.000]  那個感覺
[02:02:21.000 --> 02:02:23.000]  可能好
[02:02:23.000 --> 02:02:25.000]  但不是最重要
[02:02:25.000 --> 02:02:27.000]  其實不是很重要
[02:02:27.000 --> 02:02:29.000]  應該是神
[02:02:29.000 --> 02:02:31.000]  對你說什麼話
[02:02:31.000 --> 02:02:33.000]  神在聖經裏面怎樣說
[02:02:33.000 --> 02:02:35.000]  如果大家有時間
[02:02:35.000 --> 02:02:37.000]  可以考慮一下
[02:02:37.000 --> 02:02:39.000]  環球聖經工會
[02:02:39.000 --> 02:02:41.000]  其實很重視的就是
[02:02:41.000 --> 02:02:43.000]  Back to the basics 回到聖經裏面
[02:02:43.000 --> 02:02:45.000]  希望大家
[02:02:45.000 --> 02:02:49.000]  我們的環球聖經頁本已經在
[02:02:49.000 --> 02:02:53.000]  當然我們自己的網頁裏面有
[02:02:53.000 --> 02:02:55.000]  在微讀聖經裏面也有
[02:02:55.000 --> 02:02:57.000]  還有
[02:02:57.000 --> 02:02:59.000]  我忘記了
[02:02:59.000 --> 02:03:01.000]  還有另外一個平台有的
[02:03:01.000 --> 02:03:03.000]  我暫時忘記了
[02:03:03.000 --> 02:03:05.000]  大家如果有用微讀聖經就可以看
[02:03:05.000 --> 02:03:07.000]  如果你想抄出來
[02:03:07.000 --> 02:03:09.000]  就可能要用我們自己網站那個
[02:03:09.000 --> 02:03:11.000]  因為微讀聖經那個
[02:03:11.000 --> 02:03:13.000]  因為版權的問題
[02:03:13.000 --> 02:03:15.000]  不可以抄出來
[02:03:15.000 --> 02:03:19.000]  但是大家可以去使用
[02:03:19.000 --> 02:03:23.000]  當然我們很希望大家可以
[02:03:23.000 --> 02:03:25.000]  真的人手一本聖經
[02:03:25.000 --> 02:03:27.000]  在那裏讀
[02:03:27.000 --> 02:03:31.000]  鼓勵大家多點去查經
[02:03:31.000 --> 02:03:33.000]  多點去認真去認識
[02:03:33.000 --> 02:03:35.000]  就不是
[02:03:35.000 --> 02:03:37.000]  只是一個星期聽完
[02:03:37.000 --> 02:03:39.000]  左耳又入耳出
[02:03:39.000 --> 02:03:43.000]  就完了一個星期的聽到
[02:03:43.000 --> 02:03:45.000]  多謝大家
[02:03:45.000 --> 02:03:49.000]  下一次是4月10號
[02:03:49.000 --> 02:03:51.000]  下一次的講座是4月10號
[02:03:51.000 --> 02:03:55.000]  大家可以留意我們的海報
[02:03:55.000 --> 02:03:57.000]  已經晚了
[02:03:57.000 --> 02:03:59.000]  大家晚安
[02:03:59.000 --> 02:04:01.000]  路上平安
[02:04:09.000 --> 02:04:11.000]  MING PAO CANADA | MING PAO TORONTO
