
[00:00:00.000 --> 00:00:27.940]  在這裡代表環球電影工會歡迎大家出席我們今天晚上的專題講座
[00:00:27.940 --> 00:00:32.480]  我們今晚的題目是「對應存在疑問的信仰」
[00:00:32.480 --> 00:00:35.880]  我們的講員是郭鴻彪博士
[00:00:35.880 --> 00:00:42.700]  今次講座的內容主要是探討人活在這個大時代
[00:00:42.700 --> 00:00:47.020]  面對人沒有能力來改變現實的時候
[00:00:47.020 --> 00:00:50.820]  產生對未來的一些疑惑
[00:00:50.820 --> 00:00:53.060]  之後我們可以怎樣呢
[00:00:53.060 --> 00:00:55.900]  稍後的講員會以三個問題
[00:00:55.900 --> 00:00:58.700]  來帶領大家回應這個課題
[00:00:58.700 --> 00:01:03.300]  包括求知是否可以知道歷史的發展
[00:01:03.300 --> 00:01:09.300]  怎樣可以分辨專家對世界趨勢的分析
[00:01:09.300 --> 00:01:13.340]  上帝是否掌管人類的歷史
[00:01:13.340 --> 00:01:16.180]  以下先為大家介紹一本書
[00:01:16.180 --> 00:01:22.380]  正正是要回應上帝是否掌管人類歷史這個這麼重要的課題
[00:01:22.380 --> 00:01:30.140]  就是包威爾君牧師所寫的《從啟示錄看顛覆現實的基督信仰》
[00:01:30.140 --> 00:01:34.860]  作者在書裏面提到啟示錄的終身訊息
[00:01:34.860 --> 00:01:37.300]  不是七印七號冊本
[00:01:37.300 --> 00:01:42.700]  反而是穿插在七印七號冊本中間的五段
[00:01:42.700 --> 00:01:45.140]  被視為是插曲的經文
[00:01:45.140 --> 00:01:48.420]  當我們見到世界局勢失控
[00:01:48.420 --> 00:01:52.580]  又或者落在極度的苦難和困難的時候
[00:01:52.580 --> 00:01:58.020]  第一個插曲在第四領章將我們的目光轉到天上面
[00:01:58.020 --> 00:02:00.420]  見到我們真正的現實
[00:02:00.420 --> 00:02:05.420]  就是神仍然坐在寶座上面掌管一切
[00:02:05.420 --> 00:02:09.900]  而第五個插曲十七到十九章《巴比雷的驚呼》
[00:02:09.900 --> 00:02:14.180]  和二十一到二十一章《新天新地的降臨》
[00:02:14.180 --> 00:02:23.820]  再一次的告訴我們歷史將會按照神預先所定的計劃和旨意來終結
[00:02:23.820 --> 00:02:27.420]  另外書裏面又提到聖戰的課題
[00:02:27.420 --> 00:02:29.780]  當我們身處這個世界
[00:02:29.780 --> 00:02:32.780]  到處都在發生戰亂的時候
[00:02:32.780 --> 00:02:37.740]  讓我們再次來思想何謂聖戰
[00:02:37.740 --> 00:02:43.380]  當我們今天應該怎樣生活來回應神
[00:02:43.380 --> 00:02:47.700]  站在神得勝的那一邊至死忠心
[00:02:47.700 --> 00:02:51.900]  所以我極力推薦大家來去閱讀這本書
[00:02:51.900 --> 00:02:58.180]  並且歡迎大家甚至乎各位參加我們現在正在進行的
[00:02:58.180 --> 00:02:59.660]  香港天道讀書會
[00:02:59.660 --> 00:03:02.020]  我們就是剛剛開始讀這本書
[00:03:02.020 --> 00:03:03.980]  歡迎你參加
[00:03:03.980 --> 00:03:08.740]  一同跟大家來去分享書裏面這麼寶貴的訊息
[00:03:08.740 --> 00:03:12.900]  簡單講兩句關於我們今天講座的程序
[00:03:12.900 --> 00:03:16.940]  如果你習慣參加環節的講座都會知道
[00:03:16.940 --> 00:03:18.740]  我們會分成兩個環節
[00:03:18.740 --> 00:03:22.380]  第一個環節我們會大概到八點二十五分
[00:03:22.380 --> 00:03:26.620]  或者八點二十到三十分之間這段時間會結束
[00:03:26.620 --> 00:03:29.660]  就著講完所完成的一個大段落
[00:03:29.660 --> 00:03:32.100]  會有一個小休的時間
[00:03:32.100 --> 00:03:35.740]  但小休之前我們會收一次自由奉獻
[00:03:35.740 --> 00:03:42.900]  就著我們這個講座的事工的需要和其他方面事工的需要收一次自由奉獻
[00:03:42.900 --> 00:03:49.020]  或者稍後收奉獻的時候會和大家介紹一兩本聖經
[00:03:49.020 --> 00:03:53.380]  小休回來我們就會開始第二節
[00:03:53.380 --> 00:03:59.220]  第二節大概到九點半鐘我們就會完結今天的講座
[00:03:59.220 --> 00:04:05.060]  我們開始一起學習之前我們一起低頭祈禱
[00:04:05.060 --> 00:04:07.500]  親愛的天主我們本心感謝祢
[00:04:07.500 --> 00:04:12.660]  感謝祢今天晚上祢帶領弟兄姊妹
[00:04:12.660 --> 00:04:17.860]  帶著一個學會祢自己認識祢更深的熱心
[00:04:17.860 --> 00:04:20.420]  來到祢面前來一同學習
[00:04:20.420 --> 00:04:24.340]  雖然外面天氣有很大的轉變
[00:04:24.340 --> 00:04:26.340]  都會給我們一些的添展
[00:04:26.340 --> 00:04:30.620]  或者弟兄姊妹高作一天的圓筆
[00:04:30.620 --> 00:04:32.620]  可能有疲累的時間
[00:04:32.620 --> 00:04:38.380]  求祢自己親自來加添我們的力量
[00:04:38.380 --> 00:04:44.060]  讓我們待會在學習的時間都靠著主的恩典
[00:04:44.060 --> 00:04:48.300]  我們來聽得明白
[00:04:48.300 --> 00:04:53.740]  也都是反思今天講完要和我們分享的訊息
[00:04:53.740 --> 00:04:59.100]  願祢自己親自將祢的聖靈親自來引領我們
[00:04:59.100 --> 00:05:02.820]  讓我們明白祢的心意更多
[00:05:02.820 --> 00:05:06.940]  也都是更加的能夠與祢建立更親密的關係
[00:05:06.940 --> 00:05:11.580]  以致我們心靈的伺服都能夠更加去圍繞祢的聖靈
[00:05:11.580 --> 00:05:16.140]  我們恭請祢將今天晚上的時間完全仰望在父母的手裏
[00:05:16.140 --> 00:05:19.900]  也都將我們的講完過目標博士交在祢的手中
[00:05:19.900 --> 00:05:22.140]  求祢親自伺服祢自己的徒人
[00:05:22.140 --> 00:05:26.380]  讓祢在待會講解的時候講解得明白
[00:05:26.380 --> 00:05:30.180]  也都帶著屬靈的能力讓弟兄姊妹
[00:05:30.180 --> 00:05:33.300]  能夠將這條訊息傳在心裏面
[00:05:33.300 --> 00:05:36.060]  來到付出合祢心意的生活
[00:05:36.060 --> 00:05:37.300]  明白祢的聖命
[00:05:37.300 --> 00:05:42.340]  我們同心抱道仰望奉靠耶穌基督的聖命
[00:05:42.340 --> 00:05:45.820]  好 以下簡單介紹一下我們今天晚上的講員
[00:05:45.820 --> 00:05:47.540]  是郭鴻彪博士
[00:05:47.540 --> 00:05:51.180]  郭博士是德國漢堡大學的神學博士
[00:05:51.180 --> 00:05:54.700]  也是現任的建道神學院的副院長
[00:05:54.700 --> 00:05:57.420]  我們有請郭博士跟我們分享
[00:05:57.420 --> 00:06:15.140]  各位弟兄姊妹晚安
[00:06:15.140 --> 00:06:22.900]  很感恩環球天道這裏邀請我跟大家分享一個題目
[00:06:22.900 --> 00:06:25.420]  就是「對應存在疑問的信仰」
[00:06:25.420 --> 00:06:29.220]  聽名字其實都幾特別
[00:06:29.220 --> 00:06:32.140]  都不像一般講聖經的題目
[00:06:32.140 --> 00:06:37.580]  其實我們很多基督徒都有一個這樣的感受
[00:06:37.580 --> 00:06:39.260]  信了上帝之後
[00:06:39.260 --> 00:06:41.140]  有什麼疑問都解決的
[00:06:41.140 --> 00:06:43.700]  有時我們都會這樣想
[00:06:43.700 --> 00:06:47.620]  但是人生的很多的問題
[00:06:47.620 --> 00:06:49.980]  其實我們不是有所有答案的
[00:06:49.980 --> 00:06:52.180]  你一路走下去你會發覺
[00:06:52.180 --> 00:06:56.580]  問題是比我們想像的更加多
[00:06:56.580 --> 00:07:00.540]  一般基督徒我們不會主動去找一些問題
[00:07:00.540 --> 00:07:02.940]  即是我們搬屋都很累
[00:07:02.940 --> 00:07:05.940]  還要找這麼多問題出來做什麼呢
[00:07:05.940 --> 00:07:10.340]  而是我們在生活不同的時候
[00:07:10.340 --> 00:07:15.180]  我們會引發我們很多的疑問
[00:07:15.180 --> 00:07:16.660]  我未講下去之前
[00:07:16.660 --> 00:07:19.820]  我都要多謝我們環球天道的鴻峰
[00:07:19.820 --> 00:07:22.540]  將我的筆記給了大家
[00:07:22.540 --> 00:07:24.540]  但是我發現原來我那些錯字
[00:07:24.540 --> 00:07:28.380]  我一會兒告訴你在哪裡錯了你改回去
[00:07:28.380 --> 00:07:33.580]  其實我們去深化我們對上帝的認識
[00:07:33.580 --> 00:07:37.820]  始終都是要跟我們日常生活的經驗有關係
[00:07:37.820 --> 00:07:39.340]  講起日常生活經驗
[00:07:39.340 --> 00:07:40.820]  我們有很多個範圍的
[00:07:40.820 --> 00:07:43.540]  由香港去到世界都有的
[00:07:43.540 --> 00:07:47.580]  其實很多的課題都引發我們的信仰思考
[00:07:47.580 --> 00:07:50.020]  如果我們是善情少少
[00:07:50.020 --> 00:07:54.260]  大陸找福縣的事都會令到我們很多的思考
[00:07:54.260 --> 00:07:56.620]  即是這些很激情的
[00:07:56.620 --> 00:07:58.780]  令到我們的情緒起波動的
[00:07:58.780 --> 00:08:01.820]  又或者是遠少少
[00:08:01.820 --> 00:08:06.460]  即是以色列和美國攻打伊朗
[00:08:06.460 --> 00:08:08.220]  可能你說我們不關好事
[00:08:08.220 --> 00:08:11.420]  不過有可能你的親戚朋友
[00:08:11.420 --> 00:08:14.900]  他訂了機票在杜拜轉機
[00:08:14.900 --> 00:08:18.180]  突然間他要改不在杜拜轉
[00:08:18.180 --> 00:08:20.660]  或者你有沒有聽過有些人
[00:08:20.660 --> 00:08:24.900]  在杜拜另外去買機票
[00:08:24.900 --> 00:08:29.660]  買幾萬元的機票離開都出現
[00:08:29.660 --> 00:08:32.300]  所以遠的地方發生事
[00:08:32.300 --> 00:08:35.340]  都影響我們生活受影響
[00:08:35.340 --> 00:08:38.540]  開始會問究竟為什麼會這樣
[00:08:38.540 --> 00:08:41.020]  這個世界是什麼世界
[00:08:41.020 --> 00:08:45.180]  講遠少少美國和以色列攻打伊朗
[00:08:45.180 --> 00:08:47.780]  以色列又打黎巴嫩
[00:08:47.780 --> 00:08:52.660]  俄烏戰爭這些幾乎天天在電視都會見到的
[00:08:52.660 --> 00:08:57.020]  還有其他地區的緊張關係
[00:08:57.020 --> 00:08:58.820]  我們都會想很多問題
[00:08:58.820 --> 00:09:01.020]  會不會再打仗
[00:09:01.020 --> 00:09:02.700]  會不會有第三次世界大戰
[00:09:02.700 --> 00:09:05.100]  這些問題會出來的
[00:09:05.100 --> 00:09:08.220]  大家留心一下特朗普
[00:09:08.220 --> 00:09:10.340]  有些人批評他
[00:09:10.340 --> 00:09:14.340]  大家不知有沒有注意到其實在美國
[00:09:14.340 --> 00:09:17.900]  有些牧師和基督徒是很支持他的
[00:09:17.900 --> 00:09:19.620]  所以我們港獨都很小心
[00:09:19.620 --> 00:09:21.300]  因為你批評他的時候
[00:09:21.300 --> 00:09:25.020]  可能台大那些人是他的粉絲
[00:09:25.020 --> 00:09:26.940]  在美國有
[00:09:26.940 --> 00:09:30.340]  你去Google一下
[00:09:30.340 --> 00:09:32.700]  你就知道美國南部
[00:09:32.700 --> 00:09:36.660]  起碼有特朗普的支持者
[00:09:36.660 --> 00:09:41.260]  Robert Jeffress一個Franklin Graham
[00:09:41.260 --> 00:09:44.260]  他們都是鐵粉
[00:09:44.260 --> 00:09:46.940]  你看到他
[00:09:46.940 --> 00:09:49.340]  不是今天才可以撐特朗普
[00:09:49.340 --> 00:09:52.220]  今晚我不會準備講這些問題
[00:09:52.220 --> 00:09:56.260]  但我會引發大家去想一系列事情
[00:09:56.260 --> 00:09:58.660]  美國有南北戰爭
[00:09:58.660 --> 00:10:01.060]  大家記不記得歷史上
[00:10:01.060 --> 00:10:04.820]  南北戰爭其中一個關鍵就是
[00:10:04.820 --> 00:10:09.620]  釋放黑人的奴隸
[00:10:09.620 --> 00:10:13.340]  黑人的奴隸對南方的人來說
[00:10:13.340 --> 00:10:18.860]  他們覺得合理是他們財產的一部份
[00:10:18.860 --> 00:10:21.100]  雖然打贏南北戰爭
[00:10:21.100 --> 00:10:24.740]  那個元光法案就說大家要平等
[00:10:24.740 --> 00:10:29.260]  但南部卻是有一種叫做分辨卻平等
[00:10:29.260 --> 00:10:32.820]  你聽到分辨大敵都算平等
[00:10:32.820 --> 00:10:34.940]  Separate but equal
[00:10:34.940 --> 00:10:36.500]  即是甚麼意思
[00:10:36.500 --> 00:10:40.300]  黑人和白人是分開學校讀書的
[00:10:40.300 --> 00:10:43.220]  但這樣是沒有種族歧視的
[00:10:43.220 --> 00:10:44.220]  你明白嗎
[00:10:44.220 --> 00:10:47.300]  你聽過以前我們
[00:10:47.300 --> 00:10:50.420]  華人與狗不得內進那些牌
[00:10:50.420 --> 00:10:51.620]  你就明白了
[00:10:51.620 --> 00:10:54.020]  即是有些人是
[00:10:54.020 --> 00:10:56.300]  不可以享有同樣權利
[00:10:56.300 --> 00:10:58.380]  在美國南部就有這樣的事情
[00:10:58.380 --> 00:11:00.340]  即是黑人和白人是
[00:11:00.340 --> 00:11:02.340]  Separate but equal
[00:11:02.340 --> 00:11:04.420]  他們都是覺得沒有問題的
[00:11:04.420 --> 00:11:09.660]  基督徒都覺得有奴隸是沒有問題的
[00:11:09.660 --> 00:11:16.940]  我其實最近有機會去英國的布里斯托
[00:11:16.940 --> 00:11:20.420]  布里斯托裏面有一間衛斯理博物館
[00:11:20.420 --> 00:11:22.500]  如果你們有機會去英國旅行
[00:11:22.500 --> 00:11:24.380]  你試一下去看看
[00:11:24.380 --> 00:11:26.980]  裏面有甚麼特別的東西吸引我呢
[00:11:26.980 --> 00:11:30.380]  裏面其實有很多的資料講到
[00:11:30.380 --> 00:11:37.820]  衛斯理和推翻英國的奴隸制度是有關係的
[00:11:37.820 --> 00:11:41.220]  亦都有些人是讓我明白到
[00:11:41.220 --> 00:11:44.020]  其實英國人都有奴隸的
[00:11:44.020 --> 00:11:46.780]  不過他們的奴隸就不是在英國的
[00:11:46.780 --> 00:11:48.380]  即是那些黑人奴隸在哪裏呢
[00:11:48.380 --> 00:11:49.500]  在中美周圍
[00:11:49.500 --> 00:11:51.060]  Jamaica那裏
[00:11:51.060 --> 00:11:52.580]  在那裏種甚麼呢
[00:11:52.580 --> 00:12:02.940]  是種些蔗或者種些其他的植物來幫他們賺錢的
[00:12:02.940 --> 00:12:07.020]  所以布里斯托那裏是有很多很有錢的原因
[00:12:07.020 --> 00:12:12.580]  因為它有很多奴隸在中美周圍幫他們賺錢
[00:12:12.580 --> 00:12:14.140]  但是呢
[00:12:14.140 --> 00:12:19.100]  大家要知道衛斯理和推翻英國的那些人
[00:12:19.100 --> 00:12:27.220]  去要求國會去禁止那個奴隸的買賣
[00:12:27.220 --> 00:12:30.060]  你會發覺如果有這些事情
[00:12:30.060 --> 00:12:33.020]  基督徒是參與的很重要的
[00:12:33.020 --> 00:12:35.740]  而英國禁止了奴隸買賣
[00:12:35.740 --> 00:12:41.020]  還要出一筆錢報償給那些奴隸主的損失
[00:12:41.020 --> 00:12:43.020]  所以其實絕不簡單的
[00:12:43.020 --> 00:12:47.460]  在這裏大家要知道英國和美國是有少許不同的
[00:12:47.460 --> 00:12:50.380]  美國的南部的白人
[00:12:50.380 --> 00:12:57.100]  他是有很多黑人奴隸幫他們去做苦工
[00:12:57.100 --> 00:12:58.380]  即是賺錢
[00:12:58.380 --> 00:13:03.140]  英國人的奴隸是在中美周圍幫他們賺錢
[00:13:03.140 --> 00:13:05.420]  你明白差異是甚麼嗎
[00:13:05.420 --> 00:13:09.900]  我一會兒會講到後面有本書介紹給你聽
[00:13:09.900 --> 00:13:13.340]  就是我看那本書的作者是一個猶太女士
[00:13:13.340 --> 00:13:18.060]  她寫了一本叫《父輩的罪案》一會兒會有書名
[00:13:18.060 --> 00:13:20.700]  她比較在希特拉的時候
[00:13:20.700 --> 00:13:24.500]  那些猶太人和南北戰爭的時候
[00:13:24.500 --> 00:13:27.140]  那些黑人奴隸的情況
[00:13:27.140 --> 00:13:29.140]  其實兩件事是很難比較的
[00:13:29.140 --> 00:13:31.780]  但她就做了這樣的比較
[00:13:31.780 --> 00:13:35.140]  而我只是特別用一個例子講
[00:13:35.140 --> 00:13:38.420]  她說其實在美國有很多的混血兒
[00:13:38.420 --> 00:13:40.060]  即是很多混血兒
[00:13:40.060 --> 00:13:42.460]  黑人和白人的混血兒
[00:13:42.460 --> 00:13:45.620]  但你想想第一代的這些人
[00:13:45.620 --> 00:13:47.900]  不是很多黑人和白人結婚的
[00:13:47.900 --> 00:13:50.660]  但這些混血兒是怎樣來的呢
[00:13:50.660 --> 00:13:53.980]  大家可以推想一下或者估計一下
[00:13:53.980 --> 00:13:55.740]  這位作者就說
[00:13:55.740 --> 00:14:00.020]  這一批的混血兒其實就是那些奴隸主
[00:14:00.020 --> 00:14:06.460]  在家裏強暴了那些女性的黑人的奴隸
[00:14:06.460 --> 00:14:10.500]  所以就有第一批的這些混血兒出來
[00:14:10.500 --> 00:14:13.980]  這批混血兒其實是沒有爸爸的
[00:14:13.980 --> 00:14:17.740]  即是白人的爸爸不會當他們是兒子
[00:14:17.740 --> 00:14:21.700]  所以這些歷史都讓我們想到很多事情
[00:14:21.700 --> 00:14:25.620]  這些問題究竟我怎樣看這個信仰呢
[00:14:25.620 --> 00:14:28.700]  今次晚上我不是進入這個部份講這些事
[00:14:28.700 --> 00:14:32.660]  但由這些例子引發我們去想想
[00:14:32.660 --> 00:14:37.500]  種族主義或者是階級主義
[00:14:37.500 --> 00:14:40.300]  或者是今時今日的民族主義
[00:14:40.300 --> 00:14:41.980]  究竟是一回甚麼事
[00:14:41.980 --> 00:14:45.420]  為甚麼有些徒兒會覺得是沒有問題的呢
[00:14:45.420 --> 00:14:47.700]  我就不講這些那麼遠了
[00:14:47.700 --> 00:14:50.820]  但這些都是值得我們去引發我們去問
[00:14:50.820 --> 00:14:52.780]  我究竟信些甚麼
[00:14:52.780 --> 00:14:54.420]  我怎樣看上帝
[00:14:54.420 --> 00:14:56.940]  我怎樣看我的習人
[00:14:56.940 --> 00:14:59.180]  我先講一下香港的情況開始
[00:14:59.180 --> 00:15:00.900]  然後再講一下世界
[00:15:00.900 --> 00:15:03.260]  先去想到大家一起想
[00:15:03.260 --> 00:15:06.060]  我和你信的上帝
[00:15:06.060 --> 00:15:08.900]  他管的範圍有多大
[00:15:08.900 --> 00:15:13.500]  我們的上帝是否只管自己個人的事
[00:15:13.500 --> 00:15:16.300]  還是他管著全世界的事
[00:15:16.300 --> 00:15:19.740]  我先講一個例子
[00:15:19.740 --> 00:15:23.340]  這是我自己想出來的笑話
[00:15:23.340 --> 00:15:28.660]  你知道香港的人對拜偶像是很有講究的
[00:15:28.660 --> 00:15:30.260]  為甚麼講究呢
[00:15:30.260 --> 00:15:36.300]  廚房又有一個總君
[00:15:36.300 --> 00:15:38.060]  我不講太多名字
[00:15:38.060 --> 00:15:42.820]  總之有個偶像的職責範圍就是廚房
[00:15:42.820 --> 00:15:45.780]  有些偶像的職責範圍就是考試
[00:15:45.780 --> 00:15:48.060]  你看到有些人的子女讀書
[00:15:48.060 --> 00:15:49.900]  人家去那裏拜拜
[00:15:49.900 --> 00:15:54.220]  有些偶像的任務就是負責姻緣的
[00:15:54.220 --> 00:15:59.100]  有些偶像的任務就是負責財伯的
[00:15:59.100 --> 00:16:02.860]  你會發覺原來我們華人想得很仔細
[00:16:02.860 --> 00:16:05.660]  每個偶像負責一件事
[00:16:05.660 --> 00:16:08.460]  我們就當作橫期篇去想一下
[00:16:08.460 --> 00:16:13.540]  譬如你想一下排隊的情況
[00:16:13.540 --> 00:16:14.780]  排隊很厲害的
[00:16:14.780 --> 00:16:18.460]  有時去拿一些東西
[00:16:18.460 --> 00:16:19.780]  會不會有一個情況
[00:16:19.780 --> 00:16:25.220]  你去某個偶像的部門排隊的時間
[00:16:25.220 --> 00:16:31.020]  你走過去其實你是想去為你的兒子求考試的
[00:16:31.020 --> 00:16:32.140]  不過你排錯隊
[00:16:32.140 --> 00:16:34.980]  你一時不覺眼見到一大堆人
[00:16:34.980 --> 00:16:37.700]  你又不看隊頭是甚麼
[00:16:37.700 --> 00:16:39.700]  你去了求姻緣那裏
[00:16:39.700 --> 00:16:42.140]  但你排了一個小時
[00:16:42.140 --> 00:16:46.380]  你會怎樣呢
[00:16:46.380 --> 00:16:49.540]  如果櫃檯偶像的職工說
[00:16:49.540 --> 00:16:52.740]  我們這裏是搞婚姻的
[00:16:52.740 --> 00:16:54.300]  你搞考試
[00:16:54.300 --> 00:16:56.980]  麻煩你再排我旁邊的隊
[00:16:56.980 --> 00:16:58.180]  你會怎樣呢
[00:16:58.180 --> 00:16:59.780]  我就想像
[00:16:59.780 --> 00:17:03.620]  你知道我們這些人很會說話
[00:17:03.620 --> 00:17:05.620]  我排了一個小時
[00:17:05.620 --> 00:17:07.060]  我很早就下來了
[00:17:07.060 --> 00:17:08.060]  或者說得嚴重一點
[00:17:08.060 --> 00:17:11.900]  我昨晚在這裏已經在椅子上等了
[00:17:11.900 --> 00:17:13.900]  其實你可不可以將我的訴求
[00:17:13.900 --> 00:17:18.020]  傳給你旁邊的部門的同事
[00:17:18.020 --> 00:17:23.580]  我就想那個偶像櫃檯的那個人就會說
[00:17:23.580 --> 00:17:28.740]  其實我們是不會幫旁邊的部門傳遞訊息的
[00:17:28.740 --> 00:17:31.020]  可能你就會再逼一逼他
[00:17:31.020 --> 00:17:34.540]  喂 其實你沒有跨部門的溝通的嗎
[00:17:34.540 --> 00:17:38.060]  你可不可以兼顧我的訴求
[00:17:38.060 --> 00:17:40.580]  可能他會說我們暫時都沒有
[00:17:40.580 --> 00:17:42.940]  但這個例子又可以說甚麼呢
[00:17:42.940 --> 00:17:47.540]  其實偶像之中有個最頂頭的大偶像
[00:17:47.540 --> 00:17:48.580]  你明不明白
[00:17:48.580 --> 00:17:53.740]  你那些偶像有誰來主持跨部門的會議
[00:17:53.740 --> 00:17:56.100]  那你想一想的時候
[00:17:56.100 --> 00:17:59.340]  原來我們人間見到很多人
[00:17:59.340 --> 00:18:01.500]  他去拜這個 去拜那個
[00:18:01.500 --> 00:18:04.100]  其實他沒有想過背後
[00:18:04.100 --> 00:18:10.300]  他自己怎樣看後面那種人的靈界
[00:18:10.300 --> 00:18:12.700]  他只是想著心安
[00:18:12.700 --> 00:18:17.180]  他沒有想過有沒有一個更大的主宰
[00:18:17.180 --> 00:18:20.420]  我舉這個例子的原因想給我們看
[00:18:20.420 --> 00:18:22.620]  第一樣我想和大家講的就是
[00:18:22.620 --> 00:18:24.100]  求籤
[00:18:24.100 --> 00:18:26.660]  是否可以知道歷史的發展
[00:18:26.660 --> 00:18:30.620]  或者是否可以知道我人生故事的事
[00:18:30.620 --> 00:18:32.660]  這件事很陌生
[00:18:32.660 --> 00:18:34.780]  但這件事和我們信仰很有關係
[00:18:34.780 --> 00:18:39.340]  我們在上帝知不知道我未來的事
[00:18:39.340 --> 00:18:40.340]  你想一想
[00:18:40.340 --> 00:18:42.780]  上帝知不知道我未來的事
[00:18:42.780 --> 00:18:44.580]  或者我要知道我未來的事的時候
[00:18:44.580 --> 00:18:45.620]  我去問上帝
[00:18:45.620 --> 00:18:47.460]  上帝能不能告訴我
[00:18:47.460 --> 00:18:49.140]  第二個問題其實闊一點
[00:18:49.140 --> 00:18:51.620]  不只是講求籤
[00:18:51.620 --> 00:18:55.540]  其實你看看現在很多KOL
[00:18:55.540 --> 00:18:57.740]  你是很大的客觀操控
[00:18:57.740 --> 00:18:59.460]  就好像很專家
[00:18:59.460 --> 00:19:00.660]  他們分辨
[00:19:00.660 --> 00:19:04.140]  即是他講一下世界各種的趨勢那些東西
[00:19:04.140 --> 00:19:07.140]  個個都似模似樣的 是不是
[00:19:07.140 --> 00:19:11.180]  但是你和我怎樣去分辨這些訊息
[00:19:11.180 --> 00:19:13.500]  你怎樣去分辨這些訊息
[00:19:13.500 --> 00:19:15.780]  即是我怎樣去給這些
[00:19:15.780 --> 00:19:18.260]  是在周邊來的訊息
[00:19:18.260 --> 00:19:21.780]  給我一個比較合理的看法
[00:19:21.780 --> 00:19:25.100]  讓我去更加看清楚就是說
[00:19:25.100 --> 00:19:27.700]  上帝是真實的上帝
[00:19:27.700 --> 00:19:31.700]  或者剛才講到的啟示農坊的末世
[00:19:31.700 --> 00:19:33.580]  其實是真實的
[00:19:33.580 --> 00:19:35.820]  是我們現在經歷著的
[00:19:35.820 --> 00:19:39.380]  是民要攻打民 國要攻打國
[00:19:39.380 --> 00:19:41.180]  當然我也都非常非常懷疑
[00:19:41.180 --> 00:19:43.140]  因為我自己講啟示農的時候
[00:19:43.140 --> 00:19:46.100]  我都是講天上的敬拜是很特別的
[00:19:46.100 --> 00:19:50.500]  即是在講不同的問題的中間的時候
[00:19:50.500 --> 00:19:53.060]  為甚麼有一段是講得這麼特別的呢
[00:19:53.060 --> 00:19:54.780]  是很值得我們去想的
[00:19:54.780 --> 00:19:56.540]  譬如說「新天新地」亦都是
[00:19:56.540 --> 00:19:58.100]  講了世界末日突然間
[00:19:58.100 --> 00:20:00.020]  去避開「新天新地」的來頭
[00:20:00.020 --> 00:20:01.900]  究竟重點在哪裏呢
[00:20:01.900 --> 00:20:04.100]  啟示農其實不是只是講他
[00:20:04.100 --> 00:20:05.780]  即是末世的景象
[00:20:05.780 --> 00:20:07.780]  或者令我們有一種恐懼
[00:20:07.780 --> 00:20:10.020]  而是給我們看見
[00:20:10.020 --> 00:20:12.340]  在這個末世的現實裏面
[00:20:12.340 --> 00:20:14.460]  我們應該有天上的敬拜
[00:20:14.460 --> 00:20:18.620]  和等待這個「新天新地」的來頭
[00:20:18.620 --> 00:20:20.620]  所以當我們去想這些問題的時候
[00:20:20.620 --> 00:20:22.340]  並不是無聊的
[00:20:22.340 --> 00:20:25.260]  而是說世人在講這些東西
[00:20:25.260 --> 00:20:26.660]  我們是相信甚麼
[00:20:26.660 --> 00:20:28.780]  那我怎樣幫到我
[00:20:28.780 --> 00:20:31.300]  來去看到這個世界
[00:20:31.300 --> 00:20:33.180]  亦都讓我們更加知道
[00:20:33.180 --> 00:20:37.020]  甚麼叫做我們在世而不屬世
[00:20:37.020 --> 00:20:38.260]  即是我們在世界生活
[00:20:38.260 --> 00:20:40.260]  但我又不屬於這個世界
[00:20:40.260 --> 00:20:43.140]  我怎樣可以有這種情懷呢
[00:20:43.140 --> 00:20:45.060]  即是大家想想
[00:20:45.060 --> 00:20:48.260]  你看到這麼多的世界的混亂的時候
[00:20:48.260 --> 00:20:50.900]  我就是因為沒甚麼錢
[00:20:50.900 --> 00:20:52.700]  我就不會想我的資金
[00:20:52.700 --> 00:20:54.700]  需要放在哪裏
[00:20:54.700 --> 00:20:56.300]  那些很有錢的人
[00:20:56.300 --> 00:20:59.540]  就會問我的資金應該放在哪裏最穩妥
[00:20:59.540 --> 00:21:02.380]  美國打仗的時候美金會不會跌
[00:21:02.380 --> 00:21:07.180]  這些問題那些很有經濟智慧的人才會處理
[00:21:07.180 --> 00:21:08.940]  我們又沒有這個想法
[00:21:08.940 --> 00:21:11.780]  究竟我去哪裏住
[00:21:11.780 --> 00:21:14.900]  才可以不會被飛彈打到下來呢
[00:21:14.900 --> 00:21:19.340]  現在無人機那些飛彈是不會飛的
[00:21:19.340 --> 00:21:21.940]  哪裏才不會那麼容易被打中呢
[00:21:21.940 --> 00:21:28.500]  哪個地方才沒有那麼大的政治的價值
[00:21:28.500 --> 00:21:30.820]  人家打都不會打那裏的
[00:21:30.820 --> 00:21:32.620]  那我就要去那裏住
[00:21:32.620 --> 00:21:34.420]  即是你們現在的人就是這樣
[00:21:34.420 --> 00:21:37.100]  第三個問題我都會問
[00:21:37.100 --> 00:21:40.740]  是不是我們的上帝在掌管人類的歷史呢
[00:21:40.740 --> 00:21:45.060]  還是我們真的想著我們個人的內心平安
[00:21:45.060 --> 00:21:46.300]  或者家庭的幸福
[00:21:46.300 --> 00:21:47.780]  我們就相信上帝
[00:21:47.780 --> 00:21:49.620]  我的上帝只是做這些而已
[00:21:49.620 --> 00:21:55.100]  還是祂是管著我們全人類的歷史呢
[00:21:55.100 --> 00:21:57.460]  這個很嚴肅的問題
[00:21:57.460 --> 00:22:01.420]  如果我的上帝是我將祂縮減了的時候
[00:22:01.420 --> 00:22:03.940]  是我將祂變成偶像
[00:22:03.940 --> 00:22:06.140]  Pepe跟這一句說話
[00:22:06.140 --> 00:22:08.940]  我的上帝本來是管著全世界的上帝
[00:22:08.940 --> 00:22:12.620]  但是如果我將祂變成祂只管我自己的
[00:22:12.620 --> 00:22:14.260]  管我家裏的時候
[00:22:14.260 --> 00:22:15.980]  這是縮減的問題
[00:22:15.980 --> 00:22:17.900]  上帝對世界有旨意
[00:22:17.900 --> 00:22:19.340]  但是我就不管那些東西
[00:22:19.340 --> 00:22:21.740]  我就管我自己私人的東西
[00:22:21.740 --> 00:22:23.460]  這些這麼嚴肅的問題
[00:22:23.460 --> 00:22:25.100]  我知道是不容易的
[00:22:25.100 --> 00:22:28.100]  因為要大家動腦筋去想
[00:22:28.100 --> 00:22:29.940]  是有難度的
[00:22:29.940 --> 00:22:33.140]  我就嘗試講得不要這麼複雜
[00:22:33.140 --> 00:22:37.260]  第一就講一下投籤可不可以知道歷史的發展
[00:22:37.260 --> 00:22:40.020]  講一下新聞
[00:22:40.020 --> 00:22:45.140]  馬年車公廟求籤就是22籤
[00:22:45.140 --> 00:22:49.100]  籤文叫做黑木之夫不可親
[00:22:49.100 --> 00:22:51.820]  當於善惡上官人
[00:22:51.820 --> 00:22:54.260]  但凡見利忘義
[00:22:54.260 --> 00:22:57.460]  須向人中慮不仁
[00:22:57.460 --> 00:22:59.620]  車公廟有解籤詩的
[00:22:59.620 --> 00:23:02.340]  這位陳天恩居士就說
[00:23:02.340 --> 00:23:06.340]  籤文上官就是講黑木之夫不可親
[00:23:06.340 --> 00:23:07.980]  當於善惡上官人
[00:23:07.980 --> 00:23:12.740]  是出現在24孝宗的第22孝丁欄那裏的
[00:23:12.740 --> 00:23:14.940]  黑木是親的故事
[00:23:14.940 --> 00:23:22.060]  就講古人這個丁欄黑木供他的已故的相親
[00:23:22.060 --> 00:23:26.180]  即是他要整個偶像出來
[00:23:26.180 --> 00:23:27.780]  來供奉他的相親
[00:23:27.780 --> 00:23:33.100]  他的太太不知道原因就將那些偶像燒了
[00:23:33.100 --> 00:23:34.300]  就是這樣
[00:23:34.300 --> 00:23:36.220]  丁欄就很憤怒
[00:23:36.220 --> 00:23:39.660]  憤怒到把他太太休了
[00:23:39.660 --> 00:23:42.780]  就導致他太太自殺
[00:23:42.780 --> 00:23:44.380]  故事就是這樣
[00:23:44.380 --> 00:23:48.420]  解籤詩認為盡孝的原意是好的
[00:23:48.420 --> 00:23:50.060]  但他沒有評論
[00:23:50.060 --> 00:23:54.140]  你整個木像來代表你父母來供奉是否需要
[00:23:54.140 --> 00:23:55.780]  他又不評論這件事
[00:23:55.780 --> 00:23:59.220]  而是丁欄他沒有跟太太溝通清楚
[00:23:59.220 --> 00:24:01.780]  太太不知情將那個木像燒了
[00:24:01.780 --> 00:24:05.180]  就被休導致自殺而死
[00:24:05.180 --> 00:24:09.700]  丁欄的處理手法對太太又不公平
[00:24:09.700 --> 00:24:14.420]  一定有point是我們要這樣講是一定有的講法
[00:24:14.420 --> 00:24:17.180]  解籤詩就用這個故事來講
[00:24:17.180 --> 00:24:22.500]  解籤就一定要有些對香港的情況
[00:24:22.500 --> 00:24:24.140]  他說「放磚金人香港」
[00:24:24.140 --> 00:24:29.660]  這些我在網上照樣他講的我寫在這裏
[00:24:29.660 --> 00:24:36.220]  有個括號那些就是我引述他講甚麼
[00:24:36.220 --> 00:24:37.540]  他說「放磚金人香港」
[00:24:37.540 --> 00:24:40.500]  「我認為政府近期推行的部分政策」
[00:24:40.500 --> 00:24:42.300]  「出發點雖然正確」
[00:24:42.300 --> 00:24:45.700]  「但事前或者考慮得不夠周到」
[00:24:45.700 --> 00:24:47.500]  「和未解說清楚」
[00:24:47.500 --> 00:24:51.860]  「使市民有很大意見」
[00:24:51.860 --> 00:24:53.660]  問到是否你是在講
[00:24:53.660 --> 00:24:56.580]  因為當時的技術原因
[00:24:56.580 --> 00:24:59.860]  修補的安全帶條例
[00:24:59.860 --> 00:25:03.820]  搭公共巴士有安全帶那些
[00:25:03.820 --> 00:25:05.900]  記不記得那個日子
[00:25:05.900 --> 00:25:09.300]  他說「安全帶一定是對的」
[00:25:09.300 --> 00:25:10.660]  「為市民性命著想」
[00:25:10.660 --> 00:25:13.940]  但是有些事他是未考慮
[00:25:13.940 --> 00:25:17.140]  變了大家在座位有
[00:25:17.140 --> 00:25:19.220]  即是坐得我們痛
[00:25:19.220 --> 00:25:21.180]  我聽說有些事很誇張
[00:25:21.180 --> 00:25:22.500]  扯到安全帶裏面
[00:25:22.500 --> 00:25:25.180]  曱甴都扯出來了
[00:25:25.180 --> 00:25:26.900]  至於「剋後玩具」
[00:25:26.900 --> 00:25:28.900]  「當於善惡嘗官人」
[00:25:28.900 --> 00:25:30.540]  這位陳慶恩解讀
[00:25:30.540 --> 00:25:33.980]  就是「看事情不要只看單面」
[00:25:33.980 --> 00:25:36.780]  「看就要拿個大銀出來」
[00:25:36.780 --> 00:25:38.140]  「兩面看一看」
[00:25:38.140 --> 00:25:41.340]  這些文革中的順序是很有智慧的
[00:25:41.340 --> 00:25:46.140]  下半段就說「凡見你們妄議」
[00:25:46.140 --> 00:25:49.540]  「須向人中論不仁」
[00:25:49.540 --> 00:25:52.060]  這位陳慶恩居然就說
[00:25:52.060 --> 00:25:56.620]  大家不要想太多利益或者意見
[00:25:56.620 --> 00:25:59.820]  即是你不要隨意遷怒別人
[00:25:59.820 --> 00:26:03.220]  做每件事之前都要想清楚
[00:26:03.220 --> 00:26:05.340]  又要為車公指點
[00:26:05.340 --> 00:26:08.140]  除了給政府也給香港人
[00:26:08.140 --> 00:26:13.100]  你會想一下這樣說是甚麼呢
[00:26:13.100 --> 00:26:17.020]  解清詩就認為車公要所有人
[00:26:17.020 --> 00:26:18.620]  看事情不要只看單面
[00:26:18.620 --> 00:26:20.300]  要多聽聽意見
[00:26:20.300 --> 00:26:23.180]  其實這些東西誰說得對呢
[00:26:23.180 --> 00:26:27.020]  他連車公要求村是24天不是22天
[00:26:27.020 --> 00:26:28.780]  有一個人說
[00:26:28.780 --> 00:26:30.860]  「生前不作虧心事」
[00:26:30.860 --> 00:26:32.780]  「只為貪心惹是非」
[00:26:32.780 --> 00:26:35.060]  「若得貴人傷免利」
[00:26:35.060 --> 00:26:37.380]  「莫教枉貴用心機」
[00:26:37.380 --> 00:26:40.940]  但車公表的解清詩陳慶恩居然就說
[00:26:40.940 --> 00:26:42.780]  「24號雖然是中籤」
[00:26:42.780 --> 00:26:44.620]  「但其實是下籤」
[00:26:44.620 --> 00:26:48.460]  就預示香港經濟相對樓市持續下跌
[00:26:48.460 --> 00:26:50.860]  建議市民自求多福
[00:26:50.860 --> 00:26:53.060]  他說「去年來講」
[00:26:53.060 --> 00:26:54.980]  「消費前三思」
[00:26:54.980 --> 00:26:57.020]  「港股要面對財赤」
[00:26:57.020 --> 00:26:58.900]  「不要扮爛理成事」
[00:26:58.900 --> 00:27:02.780]  「或者做於民無益的事」
[00:27:02.780 --> 00:27:05.660]  「如節流不應該從市民著手」
[00:27:05.660 --> 00:27:08.420]  「兩蚊乘車優惠不應該減少」
[00:27:08.420 --> 00:27:11.100]  「希望官員自動自覺減一半人工」
[00:27:11.100 --> 00:27:13.420]  這個解清詩都幾厲害
[00:27:13.420 --> 00:27:15.980]  我用這兩個例子
[00:27:15.980 --> 00:27:18.780]  其實是引發大家去想
[00:27:18.780 --> 00:27:21.820]  解籤和解聖經的關係
[00:27:21.820 --> 00:27:22.860]  行不行
[00:27:22.860 --> 00:27:26.220]  有一篇文章
[00:27:26.220 --> 00:27:30.740]  「王大仙行者解籤最緊要講由心」
[00:27:30.740 --> 00:27:33.660]  「提出解籤絕不是憑字面解讀」
[00:27:33.660 --> 00:27:35.860]  「而是以一個深奧學問」
[00:27:35.860 --> 00:27:37.460]  大家有沒有掘過
[00:27:37.460 --> 00:27:39.860]  裏面有些經文都可以相關的
[00:27:39.860 --> 00:27:41.140]  古老都叫我們
[00:27:41.140 --> 00:27:43.340]  字句叫人死 正義叫人活
[00:27:43.340 --> 00:27:45.620]  即是解經不要只是字面解讀
[00:27:45.620 --> 00:27:46.860]  是一門很深奧的學問
[00:27:46.860 --> 00:27:49.460]  其實都有些相近
[00:27:49.460 --> 00:27:51.940]  文章提到解籤
[00:27:51.940 --> 00:27:54.100]  不健康解籤四個原則
[00:27:54.100 --> 00:27:56.340]  第一求籤者的態度
[00:27:56.340 --> 00:27:59.340]  是要誠心親臨上香
[00:27:59.340 --> 00:28:04.820]  第二解籤的人態度要有良心
[00:28:04.820 --> 00:28:07.860]  求籤要誠懇解籤要有良心
[00:28:07.860 --> 00:28:09.820]  要幫助人面對困惑
[00:28:09.820 --> 00:28:11.580]  報喜都報憂
[00:28:11.580 --> 00:28:14.220]  第三要了解籤文背景
[00:28:14.220 --> 00:28:18.020]  後面的歷史典故會不會滾花爛熟
[00:28:18.020 --> 00:28:21.740]  第四籤文的握要要根據當事人的情況
[00:28:21.740 --> 00:28:23.340]  生肖地去應用
[00:28:23.340 --> 00:28:26.820]  抽著好籤都未必一定解作有好事發生
[00:28:26.820 --> 00:28:30.260]  你有沒有想過那些教會牧師傳群
[00:28:30.260 --> 00:28:31.420]  港獨的時候
[00:28:31.420 --> 00:28:34.660]  他們的港獨方法
[00:28:34.660 --> 00:28:38.460]  和剛才這個王大仙的閒者的解籤
[00:28:38.460 --> 00:28:40.540]  又是不一樣的
[00:28:40.540 --> 00:28:45.220]  接著我要講解釋聖經是一門學問
[00:28:45.220 --> 00:28:48.260]  真是有一門學問叫聖經全息學
[00:28:48.260 --> 00:28:49.940]  很專門的
[00:28:49.940 --> 00:28:52.100]  而解釋聖經的人
[00:28:52.100 --> 00:28:53.460]  或者港獨的人
[00:28:53.460 --> 00:28:55.580]  就不能夠隨意去解釋
[00:28:55.580 --> 00:28:56.740]  你明不明白
[00:28:56.740 --> 00:28:59.580]  必須要按照經文的歷史背景
[00:28:59.580 --> 00:29:01.660]  經文的上物下理
[00:29:01.660 --> 00:29:04.260]  經文的主題分題來找出重點
[00:29:04.260 --> 00:29:07.660]  好像環球聖經公會教我們讀經
[00:29:07.660 --> 00:29:11.700]  我們甚至要比較不同聖經的譯本
[00:29:11.700 --> 00:29:13.860]  不同中文英文其他文
[00:29:13.860 --> 00:29:14.740]  做到參考
[00:29:14.740 --> 00:29:16.260]  希伯來文希列文
[00:29:16.260 --> 00:29:18.020]  避免翻譯上的失真
[00:29:18.020 --> 00:29:23.300]  剛才我見到一個翻譯和論理的問題的講座
[00:29:23.300 --> 00:29:25.140]  為了不要以偏概全
[00:29:25.140 --> 00:29:28.780]  我們亦都從舊約聖經作為一個大單元
[00:29:28.780 --> 00:29:31.020]  新約聖經作為一個大單元
[00:29:31.020 --> 00:29:34.100]  整本新舊約聖經作為一本聖經證典
[00:29:34.100 --> 00:29:37.540]  來去檢視我們所理解的是有沒有變散
[00:29:37.540 --> 00:29:38.820]  另外一個原來
[00:29:38.820 --> 00:29:41.500]  我們做基督徒去明白這個信仰
[00:29:41.500 --> 00:29:44.220]  是要下很多功夫去讀經的
[00:29:44.220 --> 00:29:46.220]  當你對經文的內容
[00:29:46.220 --> 00:29:48.940]  有思考和處理的成果
[00:29:48.940 --> 00:29:51.100]  我們就在這裏叫做注釋
[00:29:51.100 --> 00:29:55.980]  Exegesis就是你看看聖經經文的歷史背景
[00:29:55.980 --> 00:29:57.260]  經文上下文
[00:29:57.260 --> 00:29:58.580]  那些原文的字
[00:29:58.580 --> 00:29:59.940]  那些主角、背景
[00:29:59.940 --> 00:30:01.620]  或者文化上的東西
[00:30:01.620 --> 00:30:03.420]  這些我們叫做Exegesis
[00:30:03.420 --> 00:30:05.540]  即是你做足了這些注釋
[00:30:05.540 --> 00:30:07.660]  還要做下一個
[00:30:07.660 --> 00:30:09.460]  你要做的就是詮釋
[00:30:09.460 --> 00:30:10.580]  Terminus
[00:30:10.580 --> 00:30:15.700]  即是說這段經文對今日我們有甚麼提示的作用呢
[00:30:15.700 --> 00:30:18.940]  那你會發覺這門學問是很深的
[00:30:18.940 --> 00:30:20.620]  所以理論上
[00:30:20.620 --> 00:30:22.380]  我們學過廣道學
[00:30:22.380 --> 00:30:24.980]  學過聖經全息學的人
[00:30:24.980 --> 00:30:26.220]  我們去解釋
[00:30:26.220 --> 00:30:29.220]  基本上是我們應該解釋得挺好的
[00:30:29.220 --> 00:30:32.220]  因為他還有剛才那班學藝學者
[00:30:32.220 --> 00:30:34.180]  他還要加碼去辨識
[00:30:34.180 --> 00:30:34.980]  即是你這個人
[00:30:34.980 --> 00:30:36.300]  剛才我就看一看你
[00:30:36.300 --> 00:30:36.900]  看看你怎樣
[00:30:36.900 --> 00:30:38.540]  然後又抽了之後
[00:30:38.540 --> 00:30:41.100]  我就聽一下從見你的樣子
[00:30:41.100 --> 00:30:42.060]  你的表情
[00:30:42.060 --> 00:30:43.060]  你的動作
[00:30:43.060 --> 00:30:44.700]  因應你的處境
[00:30:44.700 --> 00:30:48.660]  我要給你一些對你個人適合的詮釋
[00:30:48.660 --> 00:30:49.580]  你明不明
[00:30:49.580 --> 00:30:51.460]  但我們講道又不是
[00:30:51.460 --> 00:30:52.780]  傳會中
[00:30:52.780 --> 00:30:55.260]  我們不能夠對著大別頂
[00:30:55.260 --> 00:30:58.740]  但我們會明白那個教育也屬於那個需要
[00:30:58.740 --> 00:31:01.140]  所以某個角度來說
[00:31:01.140 --> 00:31:02.820]  我們學的原則
[00:31:02.820 --> 00:31:07.380]  是都有具應那個群眾的
[00:31:07.380 --> 00:31:08.740]  但當然了
[00:31:08.740 --> 00:31:10.820]  如果我背後這樣講的時候
[00:31:10.820 --> 00:31:12.220]  即是想講一樣東西
[00:31:12.220 --> 00:31:13.580]  我們都是解
[00:31:13.580 --> 00:31:14.500]  我們都是解
[00:31:14.500 --> 00:31:16.180]  不過我們是解聖經
[00:31:16.180 --> 00:31:17.300]  解聖經
[00:31:17.300 --> 00:31:20.620]  因為我們這個聖經是上帝的話語
[00:31:20.620 --> 00:31:22.180]  但我們這樣講
[00:31:22.180 --> 00:31:23.340]  即是
[00:31:23.340 --> 00:31:25.380]  即是這樣講
[00:31:25.380 --> 00:31:28.500]  解籤其實是很有彈性的
[00:31:28.500 --> 00:31:29.100]  好了
[00:31:29.100 --> 00:31:30.380]  解聖經的人
[00:31:30.380 --> 00:31:32.780]  講道的人不是講個人意見的
[00:31:32.780 --> 00:31:33.500]  你要記住
[00:31:33.500 --> 00:31:35.180]  不是講個人意見
[00:31:35.180 --> 00:31:36.740]  我們可以有個人意見
[00:31:36.740 --> 00:31:39.540]  但你講道你奉上帝的名的時候
[00:31:39.540 --> 00:31:41.380]  你就講上帝的話
[00:31:41.380 --> 00:31:42.700]  究竟解聖經的人
[00:31:42.700 --> 00:31:46.380]  講道的人是怎樣知道自己不是講自己的意見呢
[00:31:46.380 --> 00:31:47.620]  你看我不會這樣問的
[00:31:47.620 --> 00:31:49.780]  我經常聽人講道都好似不是的
[00:31:49.780 --> 00:31:52.660]  他自己知不知道講的是甚麼
[00:31:52.660 --> 00:31:54.900]  首先解聖經的人
[00:31:54.900 --> 00:31:57.780]  講道的人是要謙卑向上帝祈求
[00:31:57.780 --> 00:31:59.820]  從上帝而來的訊息
[00:31:59.820 --> 00:32:01.580]  這個很重要的
[00:32:01.580 --> 00:32:03.740]  第二就是解聖經和講道的人
[00:32:03.740 --> 00:32:05.420]  是要有神學訓練
[00:32:05.420 --> 00:32:07.580]  他要讀整本聖經
[00:32:07.580 --> 00:32:09.180]  來去檢查自己的口吻
[00:32:09.180 --> 00:32:10.100]  所以你看到
[00:32:10.100 --> 00:32:14.220]  剛才都說楊世英會有很多讀經的計劃
[00:32:14.220 --> 00:32:16.060]  讓我們熟悉聖經
[00:32:16.060 --> 00:32:19.700]  在神學訓練裏面有一個叫聖經傳承學
[00:32:19.700 --> 00:32:20.420]  就是說
[00:32:20.420 --> 00:32:23.740]  我就不懂得解籤論的玄機
[00:32:23.740 --> 00:32:25.820]  和背後的玄學
[00:32:25.820 --> 00:32:28.380]  我一定要講一些我不懂的東西
[00:32:28.380 --> 00:32:32.740]  不過我很願意提一些問題給大家去想想
[00:32:32.740 --> 00:32:33.780]  就是
[00:32:33.780 --> 00:32:35.460]  聖經有六六卷
[00:32:35.460 --> 00:32:37.460]  超過一百多形
[00:32:37.460 --> 00:32:40.260]  黃大仙廟有一百支籤
[00:32:40.260 --> 00:32:43.780]  車公廟有九十六支籤
[00:32:43.780 --> 00:32:45.700]  那你想想
[00:32:45.700 --> 00:32:47.420]  如果你在教會講道
[00:32:47.420 --> 00:32:52.220]  你要六十六本書你都會懂得講
[00:32:52.220 --> 00:32:54.900]  最低限度你要看成千年紙
[00:32:54.900 --> 00:32:56.980]  但是如果我是解籤的時候
[00:32:56.980 --> 00:32:59.140]  我回溯一百支籤的故事
[00:32:59.140 --> 00:33:01.260]  或者我在車公廟裏做
[00:33:01.260 --> 00:33:02.860]  回溯九十六支籤
[00:33:02.860 --> 00:33:06.300]  其實那個難度是有少許不同的
[00:33:06.300 --> 00:33:07.820]  是不是這樣講
[00:33:07.820 --> 00:33:10.220]  我想大家可以明白
[00:33:10.220 --> 00:33:12.420]  基督徒相信我們的上帝
[00:33:12.420 --> 00:33:14.620]  仍然是透過聖經講說話的
[00:33:14.620 --> 00:33:15.500]  是不是
[00:33:15.500 --> 00:33:17.300]  這個是我們的信仰來的
[00:33:17.300 --> 00:33:21.980]  求籤的人都相信神明透過籤文來講說話的
[00:33:21.980 --> 00:33:24.700]  有非基督徒形容解聖經的人
[00:33:24.700 --> 00:33:27.980]  講到你這班人都是講耶穌的
[00:33:27.980 --> 00:33:29.820]  都是令人很煩的
[00:33:29.820 --> 00:33:31.700]  有非基督徒是這樣的
[00:33:31.700 --> 00:33:33.500]  遇到困難的時候
[00:33:33.500 --> 00:33:36.340]  他不會或者不懂得向神祈禱
[00:33:36.340 --> 00:33:38.340]  或者不懂得向真神祈禱
[00:33:38.340 --> 00:33:40.900]  他就去廟裏求籤
[00:33:40.900 --> 00:33:43.900]  就請高人指點
[00:33:43.900 --> 00:33:47.780]  他們那時就覺得他們是高人指點為進行
[00:33:47.780 --> 00:33:50.620]  我們要進入一個更加深層的問題
[00:33:50.620 --> 00:33:54.340]  究竟神明是不是掌握歷史
[00:33:54.340 --> 00:33:55.940]  還是上帝掌握歷史呢
[00:33:55.940 --> 00:33:58.460]  我就講一段經文
[00:33:58.460 --> 00:34:00.580]  約伯利第一章第一到第六節
[00:34:00.580 --> 00:34:03.660]  有一天上帝的重視者來到士臘
[00:34:03.660 --> 00:34:05.340]  在耶和華面前
[00:34:05.340 --> 00:34:07.060]  撒旦人來到其中
[00:34:07.060 --> 00:34:08.740]  耶和華問撒旦人
[00:34:08.740 --> 00:34:10.420]  喂你從哪裏來的
[00:34:10.420 --> 00:34:11.700]  撒旦人回答
[00:34:11.700 --> 00:34:13.700]  我從地上走來走去
[00:34:13.700 --> 00:34:15.500]  在那裏往返
[00:34:15.500 --> 00:34:17.420]  耶和華就對撒旦人說
[00:34:17.420 --> 00:34:20.940]  你曾用心察案我的僕人約伯沒有
[00:34:20.940 --> 00:34:23.340]  地上再沒有人好像他那樣
[00:34:23.340 --> 00:34:26.740]  完全正直敬畏上帝遠離惡事
[00:34:26.740 --> 00:34:30.700]  你雖激起我攻擊他無故吞滅他
[00:34:30.700 --> 00:34:33.460]  他仍然持守他的純正
[00:34:33.460 --> 00:34:36.500]  撒旦人就回答耶和華
[00:34:36.500 --> 00:34:41.140]  你以皮代皮情願死去一切所有的為保存性命
[00:34:41.140 --> 00:34:44.780]  但你若伸手傷他的骨頭和腳踝
[00:34:44.780 --> 00:34:47.300]  他必當面背棄你
[00:34:47.300 --> 00:34:48.820]  耶和華對撒旦人說
[00:34:48.820 --> 00:34:51.660]  看看他在你手中
[00:34:51.660 --> 00:34:53.580]  只要你留下他的性命
[00:34:53.580 --> 00:34:57.020]  這段經文是在說甚麼
[00:34:57.020 --> 00:34:58.820]  有很多人會說
[00:34:58.820 --> 00:35:01.260]  《約伯記》是在說苦難
[00:35:01.260 --> 00:35:02.980]  很多人都是這樣說
[00:35:02.980 --> 00:35:03.980]  很多人都是這樣說
[00:35:03.980 --> 00:35:06.020]  其實你再看清楚一點
[00:35:06.020 --> 00:35:08.060]  就不一定是這樣
[00:35:08.060 --> 00:35:11.140]  其實有些弟兄姐妹亦都在說另一件事
[00:35:11.140 --> 00:35:16.700]  就是當我們遇到甚麼苦難的時候
[00:35:16.700 --> 00:35:19.660]  就是天上有屬靈的攻擊
[00:35:19.660 --> 00:35:21.700]  有些人是這樣說的
[00:35:21.700 --> 00:35:25.700]  但有些人的說法是不合聖經的
[00:35:25.700 --> 00:35:26.580]  第一
[00:35:26.580 --> 00:35:27.860]  我今天沒有跟你說
[00:35:27.860 --> 00:35:29.940]  《啟示錄》裏面說到
[00:35:29.940 --> 00:35:32.020]  撒旦在天上已經沒有位置
[00:35:32.020 --> 00:35:33.380]  已經打到地上了
[00:35:33.380 --> 00:35:37.380]  所以我們很多時候人生亦遇到很多問題
[00:35:37.380 --> 00:35:40.900]  你就不要說天上有屬靈的爭戰
[00:35:40.900 --> 00:35:43.260]  其實屬靈的爭戰不是在天上
[00:35:43.260 --> 00:35:44.700]  其實是在地上
[00:35:44.700 --> 00:35:46.500]  在海裏發生的
[00:35:46.500 --> 00:35:48.180]  我們是經歷過這些事
[00:35:48.180 --> 00:35:49.700]  但天上是沒有打的
[00:35:49.700 --> 00:35:53.900]  你如果看《約伯記》這裏撒旦沒有跟耶和華打的
[00:35:53.900 --> 00:35:54.980]  沒有打的
[00:35:54.980 --> 00:35:56.020]  是不是
[00:35:56.020 --> 00:35:58.580]  是上帝批准撒旦立禮
[00:35:58.580 --> 00:35:59.780]  你可以讓他做
[00:35:59.780 --> 00:36:01.700]  不過有些事你不可以做
[00:36:01.700 --> 00:36:03.380]  即是說
[00:36:03.380 --> 00:36:06.660]  如果發生在我們人生裏面的事
[00:36:06.660 --> 00:36:09.500]  都有上帝的容許
[00:36:09.500 --> 00:36:11.020]  對我們來說是很難受的
[00:36:11.020 --> 00:36:12.500]  但是你可以說
[00:36:12.500 --> 00:36:16.180]  這些都是上帝對他的容許
[00:36:16.180 --> 00:36:18.700]  原因是上帝是全能的上帝
[00:36:18.700 --> 00:36:20.500]  有些人覺得很不明白
[00:36:20.500 --> 00:36:21.620]  那你想想
[00:36:21.620 --> 00:36:24.020]  你有沒有人去過以色列、斯里蘭卡
[00:36:24.020 --> 00:36:25.060]  我沒有去過
[00:36:25.060 --> 00:36:27.220]  那裏有一個地方叫哭牆
[00:36:27.220 --> 00:36:28.380]  有沒有人聽過哭牆
[00:36:28.380 --> 00:36:29.860]  甚麼叫哭牆
[00:36:29.860 --> 00:36:32.260]  那些人哭到哭牆裏哭
[00:36:32.260 --> 00:36:35.140]  你是攝紙仔在那裏祈禱的
[00:36:35.140 --> 00:36:36.100]  你想想
[00:36:36.100 --> 00:36:38.300]  猶太人受苦的時候
[00:36:38.300 --> 00:36:41.140]  他要向上帝哀求
[00:36:41.140 --> 00:36:44.220]  上帝你可憐我
[00:36:44.220 --> 00:36:46.700]  即是你何時才收回你的手
[00:36:46.700 --> 00:36:49.180]  即是說
[00:36:49.180 --> 00:36:52.180]  上帝是似福和似禍的上帝
[00:36:52.180 --> 00:36:54.660]  這個信念是很不容易的
[00:36:54.660 --> 00:36:55.700]  但是對我們來說
[00:36:55.700 --> 00:36:58.540]  我們怎樣去看待我們的上帝呢
[00:36:58.540 --> 00:37:02.420]  有時我們都不是那麼能夠完全明白這一點
[00:37:02.420 --> 00:37:05.220]  如果我們看到《約翰記》這裏的時候
[00:37:05.220 --> 00:37:08.980]  天上的神明是有些知道上帝的旨意的
[00:37:08.980 --> 00:37:10.180]  或者是有些東西
[00:37:10.180 --> 00:37:11.860]  祂是比我們更厲害
[00:37:11.860 --> 00:37:13.180]  或者祂掌握到一些東西
[00:37:13.180 --> 00:37:14.700]  或者有影響力
[00:37:14.700 --> 00:37:17.180]  但是祂不是最終決定
[00:37:17.180 --> 00:37:19.620]  是上帝才是最終決定
[00:37:19.620 --> 00:37:23.300]  所以為何我那麼有膽量說這番話呢
[00:37:23.300 --> 00:37:25.940]  其實我沒有改鬼的恩賜
[00:37:25.940 --> 00:37:26.900]  你有沒有聽過
[00:37:26.900 --> 00:37:28.700]  有些人很有這個恩賜
[00:37:28.700 --> 00:37:30.220]  我就沒有的
[00:37:30.220 --> 00:37:33.260]  但是從理論上來說
[00:37:33.260 --> 00:37:35.980]  你覺得誰最大呢
[00:37:35.980 --> 00:37:38.300]  上帝最大
[00:37:38.300 --> 00:37:40.500]  既然是上帝最大的時候
[00:37:40.500 --> 00:37:45.660]  不知各位有些姐妹你會不會怕鬼呢
[00:37:45.660 --> 00:37:47.220]  會不會有這個感覺
[00:37:47.220 --> 00:37:48.900]  或者先不要說怕鬼
[00:37:48.900 --> 00:37:51.300]  你會不會怕黑的時候
[00:37:51.300 --> 00:37:53.380]  或者是另外一個問題
[00:37:53.380 --> 00:37:56.740]  有些姐妹你會不會怕蟑螂呢
[00:37:56.740 --> 00:37:59.500]  我在長洲住會怕蟑螂
[00:37:59.500 --> 00:38:01.540]  你再想一想的時候
[00:38:01.540 --> 00:38:04.780]  我的恐懼
[00:38:04.780 --> 00:38:06.660]  即是你怕蟑螂
[00:38:06.660 --> 00:38:09.020]  怕蟑螂這些都沒有所謂
[00:38:09.020 --> 00:38:11.020]  怕黑都可以
[00:38:11.020 --> 00:38:14.780]  但是如果我怕邪惡的勢力的時候
[00:38:14.780 --> 00:38:17.380]  這個就似乎不是我們基督徒害怕的
[00:38:17.380 --> 00:38:18.820]  因為聖經告訴我們
[00:38:18.820 --> 00:38:21.380]  你不需要害怕這些
[00:38:21.380 --> 00:38:22.940]  我們為何不害怕呢
[00:38:22.940 --> 00:38:24.100]  不是我們自己的牙齒
[00:38:24.100 --> 00:38:26.300]  而是因為我們所信的上帝
[00:38:26.300 --> 00:38:29.420]  祂是創天造地的上帝
[00:38:29.420 --> 00:38:31.300]  而且耶穌基督的特性
[00:38:31.300 --> 00:38:34.460]  是將撒旦的權勢粉碎
[00:38:34.460 --> 00:38:36.220]  所以現在這樣猜
[00:38:36.220 --> 00:38:39.980]  我們是有權力去驅趕魔鬼
[00:38:39.980 --> 00:38:41.580]  我不是趕鬼不施壓你
[00:38:41.580 --> 00:38:43.820]  但是按照你的信念來說
[00:38:43.820 --> 00:38:45.580]  我們奉上帝的名字
[00:38:45.580 --> 00:38:47.940]  是可以譴責魔鬼的
[00:38:47.940 --> 00:38:49.740]  這是我們的信念
[00:38:49.740 --> 00:38:51.780]  如果你連這個信念都沒有
[00:38:51.780 --> 00:38:53.140]  那就很可怕
[00:38:53.140 --> 00:38:55.180]  你不是專做這件事不要緊
[00:38:55.180 --> 00:38:56.260]  我都不是專做這件事
[00:38:56.260 --> 00:38:57.980]  不過對我來說
[00:38:57.980 --> 00:39:00.300]  如果真的突然間有需要的時候
[00:39:00.300 --> 00:39:01.260]  我要去做
[00:39:01.260 --> 00:39:03.180]  我都會照做的
[00:39:03.180 --> 00:39:06.340]  好了 在上帝周圍有眾使者
[00:39:06.340 --> 00:39:08.020]  這些是靈界
[00:39:08.020 --> 00:39:09.660]  亦都可以叫神明
[00:39:09.660 --> 00:39:11.460]  他們可以知道上帝的想法
[00:39:11.460 --> 00:39:14.540]  但是他們不可以代替上帝去做決定
[00:39:14.540 --> 00:39:15.700]  一定要記住
[00:39:15.700 --> 00:39:17.260]  上帝才是最大
[00:39:17.260 --> 00:39:19.540]  上帝這個詞是中文翻譯
[00:39:19.540 --> 00:39:21.140]  你要搞清楚
[00:39:21.140 --> 00:39:24.140]  在中華文明裏面是有的
[00:39:24.140 --> 00:39:26.500]  雙湯力的書經是也有的
[00:39:26.500 --> 00:39:27.860]  我不讀下去了
[00:39:27.860 --> 00:39:30.420]  殷商時候的上帝
[00:39:30.420 --> 00:39:33.220]  去到周朝就變成皇天上帝
[00:39:33.220 --> 00:39:34.460]  永天上帝
[00:39:34.460 --> 00:39:38.060]  即是很黃的拉長關係
[00:39:38.060 --> 00:39:41.180]  四書的中庸記載孔子敬畏上帝
[00:39:41.180 --> 00:39:41.940]  敬畏天
[00:39:41.940 --> 00:39:44.220]  獲罪於天無所圖有
[00:39:44.220 --> 00:39:46.340]  即是講天亦都講上帝
[00:39:46.340 --> 00:39:47.500]  講天命
[00:39:47.500 --> 00:39:50.900]  商代晚期甲骨文的帝字
[00:39:50.900 --> 00:39:52.620]  就和那些卜詞有關係
[00:39:52.620 --> 00:39:53.620]  和智賢神
[00:39:53.620 --> 00:39:57.140]  好像風雨和鶴有不同
[00:39:57.140 --> 00:39:58.820]  和祖先神有不同
[00:39:58.820 --> 00:40:02.140]  帝和上帝是居於天上
[00:40:02.140 --> 00:40:05.540]  你要知道皇帝才可以祭天
[00:40:05.540 --> 00:40:07.060]  平民是祭祖
[00:40:07.060 --> 00:40:09.100]  中國的文化裏面
[00:40:09.100 --> 00:40:11.060]  我們只可以祭祖
[00:40:11.060 --> 00:40:12.780]  皇帝就祭天
[00:40:12.780 --> 00:40:15.540]  即是他們是相信天上
[00:40:15.540 --> 00:40:18.700]  是有一個最高的能力
[00:40:18.700 --> 00:40:22.020]  帝和上帝就決定範圍
[00:40:22.020 --> 00:40:23.980]  管天氣
[00:40:23.980 --> 00:40:27.740]  支配我們每一年的事情
[00:40:27.740 --> 00:40:30.780]  或者是城邑的安全
[00:40:30.780 --> 00:40:33.020]  戰打仗贏不贏
[00:40:33.020 --> 00:40:34.860]  光復江湖
[00:40:34.860 --> 00:40:37.220]  和對皇帝的安危等
[00:40:37.220 --> 00:40:39.820]  這是我們中國的歷史裏面有的
[00:40:39.820 --> 00:40:44.420]  中國的文明有很豐富的宗教資源
[00:40:44.420 --> 00:40:47.580]  求籤是屬於民間宗教
[00:40:47.580 --> 00:40:48.740]  拜車公
[00:40:48.740 --> 00:40:49.860]  拜王大仙
[00:40:49.860 --> 00:40:51.380]  或者拜其他文明
[00:40:51.380 --> 00:40:53.580]  都屬於民間宗教
[00:40:53.580 --> 00:40:55.780]  台灣有很多人拜媽祖
[00:40:55.780 --> 00:41:02.220]  做漁民的就會拜其他東西
[00:41:02.220 --> 00:41:04.860]  儒家可以說是倫理的教法
[00:41:04.860 --> 00:41:06.300]  也可以說是宗教
[00:41:06.300 --> 00:41:08.860]  萬子的四端人
[00:41:08.860 --> 00:41:10.980]  說人有仁義禮智
[00:41:10.980 --> 00:41:13.500]  四種良善的開端
[00:41:13.500 --> 00:41:15.420]  或者找一找這些東西
[00:41:15.420 --> 00:41:16.500]  惻隱之心
[00:41:16.500 --> 00:41:17.900]  仁之端人
[00:41:17.900 --> 00:41:19.260]  修好之心
[00:41:19.260 --> 00:41:20.300]  義之端人
[00:41:20.300 --> 00:41:21.860]  慈讓之心
[00:41:21.860 --> 00:41:23.500]  禮之端人
[00:41:23.500 --> 00:41:24.620]  是非之心
[00:41:24.620 --> 00:41:26.100]  智之端人
[00:41:26.100 --> 00:41:29.220]  其實這個教導是很好的
[00:41:29.220 --> 00:41:30.460]  道家的智慧就是
[00:41:30.460 --> 00:41:31.860]  翻溫萬物的本源
[00:41:31.860 --> 00:41:33.860]  和運行的法則的道
[00:41:33.860 --> 00:41:35.700]  一送上智無畏
[00:41:35.700 --> 00:41:36.740]  逍遙自在
[00:41:36.740 --> 00:41:38.700]  其實是很精彩的
[00:41:38.700 --> 00:41:40.340]  佛家的禪宗的智慧就是
[00:41:40.340 --> 00:41:41.620]  不執著文字
[00:41:41.620 --> 00:41:42.740]  明心見性
[00:41:42.740 --> 00:41:44.180]  直指本心
[00:41:44.180 --> 00:41:45.420]  洗人開明
[00:41:45.420 --> 00:41:48.220]  你發覺如果我們跟中國文化人
[00:41:48.220 --> 00:41:49.940]  討論信仰
[00:41:49.940 --> 00:41:52.580]  他們都很大方的道理
[00:41:52.580 --> 00:41:55.020]  如果我們要鑽研儒釋道的哲學
[00:41:55.020 --> 00:41:56.180]  修心養性
[00:41:56.180 --> 00:41:57.380]  是窮一生的力
[00:41:57.380 --> 00:41:59.460]  都是尋道的
[00:41:59.460 --> 00:42:00.540]  有些人他說
[00:42:00.540 --> 00:42:02.780]  一切都是一切隨緣
[00:42:02.780 --> 00:42:04.980]  或者一切隨風
[00:42:04.980 --> 00:42:06.700]  道理就是聽
[00:42:06.700 --> 00:42:09.140]  盡點心盡點力就可以了
[00:42:09.140 --> 00:42:11.860]  今天我們不是講基督教和儒釋道
[00:42:11.860 --> 00:42:12.860]  哲學的異同
[00:42:12.860 --> 00:42:13.740]  而是講
[00:42:13.740 --> 00:42:15.540]  如果求籤的籤文
[00:42:15.540 --> 00:42:17.580]  不能對應現實的處境
[00:42:17.580 --> 00:42:19.300]  自顯為真
[00:42:19.300 --> 00:42:21.820]  究竟人世間的事
[00:42:21.820 --> 00:42:25.340]  是不是有另一種力量來安排的呢
[00:42:25.340 --> 00:42:27.540]  好像每樣東西都要整定一樣
[00:42:27.540 --> 00:42:29.860]  是不是真的可以整定呢
[00:42:29.860 --> 00:42:33.020]  整定那種力量是甚麼東西來的
[00:42:33.020 --> 00:42:35.220]  當然每件事都有因果關係
[00:42:35.220 --> 00:42:36.420]  有因是哪有果
[00:42:36.420 --> 00:42:37.660]  有果哪有因
[00:42:37.660 --> 00:42:39.820]  即是佛教他們都是這樣講
[00:42:39.820 --> 00:42:41.820]  我們做每一個決定
[00:42:41.820 --> 00:42:43.820]  我們都要承擔它的後果
[00:42:43.820 --> 00:42:44.380]  是不是
[00:42:44.380 --> 00:42:45.660]  一定是這樣
[00:42:45.660 --> 00:42:48.180]  你求籤解籤可以講
[00:42:48.180 --> 00:42:51.820]  即是將人的過去所做的
[00:42:51.820 --> 00:42:54.340]  導致今日的和將來的事
[00:42:54.340 --> 00:42:55.980]  那個影響講出來
[00:42:55.980 --> 00:42:57.460]  是講到的
[00:42:57.460 --> 00:42:59.580]  隨之而來的問題就是說
[00:42:59.580 --> 00:43:01.500]  你知道了又怎樣
[00:43:01.500 --> 00:43:03.980]  你可不可以改變未來
[00:43:03.980 --> 00:43:06.900]  不知道大家有沒有做過甚麼九年人格
[00:43:06.900 --> 00:43:08.660]  甚麼60PF
[00:43:08.660 --> 00:43:10.460]  MPTI那些甚麼
[00:43:10.460 --> 00:43:11.820]  我都做過
[00:43:11.820 --> 00:43:14.460]  但我做過之後我就問我一個問題
[00:43:14.460 --> 00:43:17.580]  我知道自己的性格是怎樣的
[00:43:17.580 --> 00:43:20.580]  我改不改得到
[00:43:20.580 --> 00:43:21.740]  其實如果我告訴你
[00:43:21.740 --> 00:43:23.580]  我知道了我改不了
[00:43:23.580 --> 00:43:25.460]  你會不會覺得還無奈呢
[00:43:25.460 --> 00:43:27.380]  那你不要讓我知道
[00:43:27.380 --> 00:43:28.980]  我知道都改不了
[00:43:28.980 --> 00:43:31.580]  但如果我知道可以改才有意義的
[00:43:31.580 --> 00:43:32.500]  是不是這樣講
[00:43:32.500 --> 00:43:33.660]  但問題是
[00:43:33.660 --> 00:43:35.900]  你說究竟我知道是哪一類型
[00:43:35.900 --> 00:43:39.140]  但我可以怎樣改變我自己
[00:43:39.140 --> 00:43:40.660]  我怎樣可以改變自己
[00:43:40.660 --> 00:43:42.860]  當然我不是心理學專家
[00:43:42.860 --> 00:43:44.300]  即是你會問一個問題
[00:43:44.300 --> 00:43:45.860]  我知道又如何
[00:43:45.860 --> 00:43:49.740]  譬如兩夫婦大家發覺你是一個和平型
[00:43:49.740 --> 00:43:51.500]  一個是領導型
[00:43:51.500 --> 00:43:54.460]  即是你發覺原來大家是火星狀地球
[00:43:54.460 --> 00:43:55.620]  那又怎樣
[00:43:55.620 --> 00:43:57.540]  改變到呢
[00:43:57.540 --> 00:43:59.940]  即是你們的意思是可以怎樣做
[00:43:59.940 --> 00:44:03.420]  當然如果你從信仰的角度去看
[00:44:03.420 --> 00:44:07.580]  所謂的這些測驗都沒有存在
[00:44:07.580 --> 00:44:10.420]  因為上帝可以改變你和我
[00:44:10.420 --> 00:44:11.820]  你和我
[00:44:11.820 --> 00:44:18.100]  即是你要問是甚麼可以改變到你認為改變不到的東西
[00:44:18.100 --> 00:44:20.460]  只有上帝的力量
[00:44:20.460 --> 00:44:24.100]  有些人在可不可以改變的時候
[00:44:24.100 --> 00:44:27.340]  就會在兩者之間做選擇
[00:44:27.340 --> 00:44:29.660]  他說可以的時候就因為人定勝天
[00:44:29.660 --> 00:44:32.740]  甚至不信的人就會這樣說
[00:44:32.740 --> 00:44:34.020]  不可以是甚麼
[00:44:34.020 --> 00:44:35.620]  因為天意立位
[00:44:35.620 --> 00:44:40.420]  我覺得人可以改變未來
[00:44:40.420 --> 00:44:43.700]  人可不可以改變未來這個問題呢
[00:44:43.700 --> 00:44:46.700]  答案其實又是可以又是不可以
[00:44:46.700 --> 00:44:49.820]  可以的原因不是人定勝天
[00:44:49.820 --> 00:44:52.260]  而是天意是已經定了
[00:44:52.260 --> 00:44:54.060]  如果上帝要你站出來
[00:44:54.060 --> 00:44:58.100]  要你做超過你能力的事情
[00:44:58.100 --> 00:45:00.100]  其實你都要做的
[00:45:00.100 --> 00:45:02.620]  即是上帝要你做的你一定要做
[00:45:02.620 --> 00:45:05.620]  人不可以改變未來原因都是天意
[00:45:05.620 --> 00:45:08.220]  因為如果我們明白上帝的心意
[00:45:08.220 --> 00:45:11.220]  你欣然接受你信念上的人帶領你
[00:45:11.220 --> 00:45:14.460]  你可以心靈很適應很自在
[00:45:14.460 --> 00:45:16.540]  所以講到尾的地方就是說
[00:45:16.540 --> 00:45:18.980]  不是人有幾百倍
[00:45:18.980 --> 00:45:23.540]  而是說我們明不明白人的限制去到哪裏
[00:45:23.540 --> 00:45:27.700]  和我所認識的這個世界
[00:45:27.700 --> 00:45:30.580]  是有沒有一股力量來去掌握
[00:45:30.580 --> 00:45:33.380]  我的人生是不是有一股力量去掌握
[00:45:33.380 --> 00:45:37.060]  這股力量究竟是隨意的
[00:45:37.060 --> 00:45:38.300]  盲目的
[00:45:38.300 --> 00:45:40.580]  還是說一個有慧格的上帝
[00:45:40.580 --> 00:45:42.180]  一個愛我的上帝
[00:45:42.180 --> 00:45:43.620]  大家明不明白我這個意思
[00:45:43.620 --> 00:45:47.340]  即是究竟我信的是甚麼
[00:45:47.340 --> 00:45:50.740]  即是很多人求籤解籤就是要知道天意
[00:45:50.740 --> 00:45:53.860]  但是沒甚麼興趣知道這個天是一個甚麼天
[00:45:53.860 --> 00:45:54.820]  你明不明白我這個意思
[00:45:54.820 --> 00:45:56.860]  很功能化的
[00:45:56.860 --> 00:45:59.660]  究竟這個天是亞信的故事的主題曲
[00:45:59.660 --> 00:46:02.660]  第一句的命運是對手嗎
[00:46:02.660 --> 00:46:05.740]  大家是不是和我這個年紀差不多
[00:46:05.740 --> 00:46:08.660]  看過亞信的故事呢
[00:46:08.660 --> 00:46:11.300]  命運是對手的意思就是這個天
[00:46:11.300 --> 00:46:13.340]  專門是作弄我的
[00:46:13.340 --> 00:46:15.300]  所以亞信的故事的主題曲
[00:46:15.300 --> 00:46:17.660]  第一句的下半句就是說
[00:46:17.660 --> 00:46:20.460]  命運是對手並不低頭
[00:46:20.460 --> 00:46:22.580]  還記不記得
[00:46:22.580 --> 00:46:25.980]  然後就說雖然命運和我對著幹
[00:46:25.980 --> 00:46:27.940]  我誓不低頭
[00:46:27.940 --> 00:46:31.980]  然後就說從沒抱怨半句不去問理由
[00:46:31.980 --> 00:46:35.420]  意思就是說我怨自己命苦都無用
[00:46:35.420 --> 00:46:36.820]  理由我都找不到答案
[00:46:36.820 --> 00:46:38.620]  是不是很豪氣
[00:46:38.620 --> 00:46:41.700]  古今中外都有看本人生苦難
[00:46:41.700 --> 00:46:45.020]  人生意義的哲學的人
[00:46:45.020 --> 00:46:46.780]  大家有沒有聽過彌彩
[00:46:46.780 --> 00:46:50.060]  彌彩認為人生和世界都無意義
[00:46:50.060 --> 00:46:51.540]  其實可以很小心講
[00:46:51.540 --> 00:46:57.060]  因為最近好像香港心理學會和中大
[00:46:57.060 --> 00:46:58.620]  社工系出了一份報告
[00:46:58.620 --> 00:47:01.500]  說香港人的抑鬱指數又提高了
[00:47:01.500 --> 00:47:02.740]  焦慮指數又提高
[00:47:02.740 --> 00:47:04.460]  如果我再這樣講的時候
[00:47:04.460 --> 00:47:05.460]  就不是很理想
[00:47:05.460 --> 00:47:08.100]  不過我很想講就是說
[00:47:08.100 --> 00:47:10.900]  彌彩這樣講就是人生無意義
[00:47:10.900 --> 00:47:12.340]  但是她想講什麼
[00:47:12.340 --> 00:47:14.500]  人必須要成為自己的主宰
[00:47:14.500 --> 00:47:16.740]  其實她不灰心 不灰暗
[00:47:16.740 --> 00:47:21.260]  她是透過權力意志去創造屬於自己的價值
[00:47:21.260 --> 00:47:23.980]  那些覺得這個世界人生無意義的人
[00:47:23.980 --> 00:47:27.180]  就逼自己去找意義出來
[00:47:27.180 --> 00:47:30.380]  貪了就認為人生很荒謬
[00:47:30.380 --> 00:47:31.340]  這是什麼意思
[00:47:31.340 --> 00:47:37.020]  你記不記得西斯伯斯在斜坡上推了石頭上山
[00:47:37.020 --> 00:47:38.380]  然後又回到原來的位置
[00:47:38.380 --> 00:47:39.980]  推又推又推
[00:47:39.980 --> 00:47:42.380]  荒謬的意思就是你得到做的
[00:47:42.380 --> 00:47:46.060]  你在這裏是沒用的
[00:47:46.060 --> 00:47:47.580]  你說世界是沉默的
[00:47:47.580 --> 00:47:49.220]  他不會說這些白話
[00:47:49.220 --> 00:47:52.260]  你在這裏做過荒謬的生活
[00:47:52.260 --> 00:47:54.100]  是很悲涼的
[00:47:54.100 --> 00:47:58.020]  法國哲學家沙特就說人生是荒謬無意義的
[00:47:58.020 --> 00:48:00.980]  直到你決定做你自己的時候
[00:48:00.980 --> 00:48:02.220]  你才開始懷疑
[00:48:02.220 --> 00:48:04.260]  是不是每個人都要做回自己
[00:48:04.260 --> 00:48:07.900]  每個人都要做回自己的決定呢
[00:48:07.900 --> 00:48:09.940]  在歐洲哲學的第一
[00:48:09.940 --> 00:48:13.300]  即是在它第一第二次世界大戰的時候
[00:48:13.300 --> 00:48:16.220]  他們發展到甚至懷疑上帝的存在
[00:48:16.220 --> 00:48:17.140]  所以有《皇神論》
[00:48:17.140 --> 00:48:18.180]  不要懷疑這些
[00:48:18.180 --> 00:48:20.420]  基督徒很少讀《皇神論》的
[00:48:20.420 --> 00:48:24.460]  即是每個人都應該乖乖去看《聖經》
[00:48:24.460 --> 00:48:26.660]  不會想《皇神論》的東西
[00:48:26.660 --> 00:48:29.860]  但是我以前都會看後這些東西
[00:48:29.860 --> 00:48:34.740]  當時歐洲的哲學家就強調
[00:48:34.740 --> 00:48:37.780]  人是要創造屬於自己的意義
[00:48:37.780 --> 00:48:39.620]  其實今日的人都是這樣
[00:48:39.620 --> 00:48:42.060]  我們都要找一下我自己是誰
[00:48:42.060 --> 00:48:42.980]  雖然是這樣
[00:48:42.980 --> 00:48:46.020]  歐美就很
[00:48:46.020 --> 00:48:50.100]  即是不像我們中國那樣
[00:48:50.100 --> 00:48:53.060]  不過它是流行了風水命理的聯合
[00:48:53.060 --> 00:48:53.820]  香港一樣
[00:48:53.820 --> 00:48:57.260]  其實你不要以為美國人真是很理性
[00:48:57.260 --> 00:49:00.980]  原來文宣是某些大人物很龜米俊的
[00:49:00.980 --> 00:49:01.420]  是呀
[00:49:01.420 --> 00:49:03.500]  即是有這些東西的
[00:49:03.500 --> 00:49:06.340]  當我們講人在做天在看的時候
[00:49:06.340 --> 00:49:07.700]  你有沒有想過
[00:49:07.700 --> 00:49:09.860]  究竟這句話是甚麼意思
[00:49:09.860 --> 00:49:11.820]  這個天是否
[00:49:11.820 --> 00:49:13.900]  之前已經講了它會賞善罰惡
[00:49:13.900 --> 00:49:14.740]  是不是這樣講
[00:49:14.740 --> 00:49:15.820]  人在做天在看
[00:49:15.820 --> 00:49:18.060]  這個天會賞善罰惡
[00:49:18.060 --> 00:49:20.060]  還有是會報應會審判
[00:49:20.060 --> 00:49:21.860]  即是我們自己已經賦予了
[00:49:21.860 --> 00:49:23.940]  這個天應該做這些事
[00:49:23.940 --> 00:49:28.100]  究竟這個天和我有甚麼關係
[00:49:28.100 --> 00:49:30.100]  是否平日你不要打擾我
[00:49:30.100 --> 00:49:31.260]  我又不要打擾你
[00:49:31.260 --> 00:49:33.260]  即是「河水不犯井水」
[00:49:33.260 --> 00:49:35.220]  不過當我求籤的時候
[00:49:35.220 --> 00:49:35.780]  即是怎樣
[00:49:35.780 --> 00:49:37.580]  我要打擾這個天
[00:49:37.580 --> 00:49:39.940]  我有事找你拍門
[00:49:39.940 --> 00:49:40.660]  即是怎樣
[00:49:40.660 --> 00:49:42.140]  很功能化
[00:49:42.140 --> 00:49:43.300]  求籤的時候
[00:49:43.300 --> 00:49:45.540]  賞香都是形式的行為
[00:49:45.540 --> 00:49:47.500]  你想一下這些宗教行為
[00:49:47.500 --> 00:49:49.020]  你就知道了
[00:49:49.020 --> 00:49:52.060]  如果你每時每刻都對天是尊敬的時候
[00:49:52.060 --> 00:49:53.540]  就像孔子所講的
[00:49:53.540 --> 00:49:55.340]  你根本不需要去求籤
[00:49:55.340 --> 00:49:55.940]  對不對
[00:49:55.940 --> 00:49:57.940]  你用這個想法
[00:49:57.940 --> 00:50:00.620]  因為你心裏面知道天意
[00:50:00.620 --> 00:50:02.340]  對大部份人來說
[00:50:02.340 --> 00:50:05.180]  他要靠求籤才知道天意
[00:50:05.180 --> 00:50:06.340]  但我停在這個位置
[00:50:06.340 --> 00:50:08.580]  你想一下基督徒都是一樣的
[00:50:08.580 --> 00:50:10.660]  你怎樣對上帝
[00:50:10.660 --> 00:50:14.300]  上帝是否好像跟你很遙遠
[00:50:14.300 --> 00:50:16.660]  你有事才去找一找祂
[00:50:16.660 --> 00:50:20.020]  還是你是每天都很尊敬祂
[00:50:20.020 --> 00:50:22.460]  你去明白祂的心意
[00:50:22.460 --> 00:50:24.460]  其中就是說讀經
[00:50:24.460 --> 00:50:25.820]  至於求籤
[00:50:25.820 --> 00:50:29.020]  是否可以知道世界的歷史發展
[00:50:29.020 --> 00:50:31.420]  你知不知道哪隻鼓會熄
[00:50:31.420 --> 00:50:32.460]  行不行
[00:50:32.460 --> 00:50:34.660]  求籤行不行
[00:50:34.660 --> 00:50:38.860]  我估求籤你大概可以知道歷史的發展
[00:50:38.860 --> 00:50:42.580]  解籤師都可以提一些適切的提醒
[00:50:42.580 --> 00:50:44.260]  不可以說沒有
[00:50:44.260 --> 00:50:46.340]  但作為基督徒
[00:50:46.340 --> 00:50:48.220]  我就覺得我不需要去求籤
[00:50:48.220 --> 00:50:50.940]  我住在黃大仙廟前面
[00:50:50.940 --> 00:50:55.620]  所以我經常過年看到很多人去上香
[00:50:55.620 --> 00:50:59.820]  因為我洗過我的手
[00:50:59.820 --> 00:51:02.860]  因為為甚麼我們不需要這樣做呢
[00:51:02.860 --> 00:51:05.460]  因為我們可以看很多方面的資訊
[00:51:05.460 --> 00:51:08.740]  都知道世界各地的情況和問題
[00:51:08.740 --> 00:51:11.860]  更加重要的是我們是讀聖經
[00:51:11.860 --> 00:51:13.260]  為甚麼讀聖經重要呢
[00:51:13.260 --> 00:51:16.580]  因為它是將以色列人的
[00:51:16.580 --> 00:51:20.180]  興衰的歷史展示出來
[00:51:20.180 --> 00:51:24.900]  而這個民族是有上帝介入在他們的生命裏面
[00:51:24.900 --> 00:51:28.260]  那些歷史事件是有啟示的成份
[00:51:28.260 --> 00:51:30.700]  是告訴我們上帝的心意
[00:51:30.700 --> 00:51:34.900]  以及這個民族的興衰是在示範他們
[00:51:34.900 --> 00:51:39.540]  是否走在耶和華眼中看為正的路上
[00:51:39.540 --> 00:51:42.540]  所以那些皇帝上下經常都是這樣
[00:51:42.540 --> 00:51:45.300]  這個王行耶和華眼中看為正的事
[00:51:45.300 --> 00:51:49.060]  柯王行耶和華眼中看為惡的事等等
[00:51:49.060 --> 00:51:53.700]  所以我們看這些歷史就可以學到很多東西
[00:51:53.700 --> 00:52:06.300]  我自己學習要知道我自己的人生是怎樣
[00:52:06.300 --> 00:52:09.020]  我相信我講這件事
[00:52:09.020 --> 00:52:13.820]  近年很多講座都是在講創傷治
[00:52:13.820 --> 00:52:19.860]  我想我們是喜歡講故事的
[00:52:19.860 --> 00:52:21.860]  這段時間經常講故事
[00:52:21.860 --> 00:52:25.980]  你的故事、我的故事、童年的故事
[00:52:25.980 --> 00:52:29.220]  原生家庭的故事、成長的故事
[00:52:29.220 --> 00:52:31.380]  通常都是有創傷的
[00:52:31.380 --> 00:52:34.660]  創傷的記憶是不知為甚麼的
[00:52:34.660 --> 00:52:37.020]  我講一個這樣的例子
[00:52:37.020 --> 00:52:41.300]  其實在那個年代我們多數是被父母打的
[00:52:41.300 --> 00:52:47.380]  不是朋友就是不知道大家有沒有共同的經驗
[00:52:47.380 --> 00:52:49.620]  到我做父母的時候
[00:52:49.620 --> 00:52:52.260]  我都已經立志不要打了
[00:52:52.260 --> 00:52:54.300]  如果講打小孩的經驗
[00:52:54.300 --> 00:52:56.700]  可能是一次、兩次
[00:52:56.700 --> 00:52:59.020]  很生氣的時候才會
[00:52:59.020 --> 00:53:00.100]  但以前我們不是
[00:53:00.100 --> 00:53:03.500]  即是每個星期都有被打的
[00:53:03.500 --> 00:53:08.500]  即是我懷疑可能兩日一次都不來
[00:53:08.500 --> 00:53:12.380]  我們已經覺得我已經提升了很多
[00:53:12.380 --> 00:53:15.580]  但我見到一些弟兄
[00:53:15.580 --> 00:53:18.660]  不知你是否有讀數學或者怎樣
[00:53:18.660 --> 00:53:20.660]  這些小朋友
[00:53:20.660 --> 00:53:24.020]  其實我看了三年級可以不看功課的
[00:53:24.020 --> 00:53:25.300]  但在三年級以前
[00:53:25.300 --> 00:53:28.900]  我都會跟他說他去學校學算術
[00:53:28.900 --> 00:53:30.860]  我們就懶醒了
[00:53:30.860 --> 00:53:34.140]  老師教你這個方法其實都是對的
[00:53:34.140 --> 00:53:36.260]  不過我們有時會覺得
[00:53:36.260 --> 00:53:38.580]  那個步驟不用這麼繁複
[00:53:38.580 --> 00:53:40.900]  數學的東西是要越少步驟
[00:53:40.900 --> 00:53:42.620]  得到答案是最好的
[00:53:42.620 --> 00:53:44.580]  但可能我們的子女就會說
[00:53:44.580 --> 00:53:46.620]  不行的 老師是這樣講的
[00:53:46.620 --> 00:53:47.900]  那我又不怪你
[00:53:47.900 --> 00:53:49.540]  其實你老師講得很對
[00:53:49.540 --> 00:53:52.100]  不過我想教你一個更加簡單的方法
[00:53:52.100 --> 00:53:55.020]  他就會覺得是你浪費了時間
[00:53:55.020 --> 00:53:56.540]  這個都是小事
[00:53:56.540 --> 00:53:59.780]  但到了有些東西他學來學去都不明白
[00:53:59.780 --> 00:54:02.220]  你解來解去解不明白的時候
[00:54:02.220 --> 00:54:04.580]  你會有甚麼感受呢
[00:54:04.580 --> 00:54:09.420]  你會否覺得這樣都不明白
[00:54:09.420 --> 00:54:13.500]  偶然間會有句「這樣都不明白」
[00:54:13.500 --> 00:54:16.580]  或者說「這麼蠢」
[00:54:16.580 --> 00:54:21.380]  這些說話其實是無意或不是刻意的
[00:54:21.380 --> 00:54:23.940]  但你有沒有想過這些小朋友
[00:54:23.940 --> 00:54:26.300]  十多年後他都記得這件事
[00:54:26.300 --> 00:54:28.420]  我都沒有記得有件這樣的事
[00:54:28.420 --> 00:54:29.420]  他都記得的
[00:54:29.420 --> 00:54:30.580]  然後就會說
[00:54:30.580 --> 00:54:34.300]  你知不知道你這樣講是傷害了我
[00:54:34.300 --> 00:54:35.700]  那我就拗頭
[00:54:35.700 --> 00:54:36.660]  是嗎
[00:54:36.660 --> 00:54:41.020]  那我唯有為我十多年前不小心做的事道歉
[00:54:41.020 --> 00:54:42.460]  其實都不是這麼簡單
[00:54:42.460 --> 00:54:44.300]  現在都是青少年
[00:54:44.300 --> 00:54:47.540]  他說你知不知道你這樣
[00:54:47.540 --> 00:54:50.700]  是對我很大創傷
[00:54:50.700 --> 00:54:53.300]  我更加不懂得回答這個問題
[00:54:53.300 --> 00:54:55.300]  我們就會想我們做父母
[00:54:55.300 --> 00:54:57.620]  我們對你的愛
[00:54:57.620 --> 00:55:00.300]  即是那種風厚你都不記得
[00:55:00.300 --> 00:55:01.780]  你是記住那件事
[00:55:01.780 --> 00:55:04.900]  你明不明這是我們現在這個時代的文化
[00:55:04.900 --> 00:55:06.420]  我們講到創傷的記憶
[00:55:06.420 --> 00:55:08.420]  我們怎樣去處理呢
[00:55:08.420 --> 00:55:10.860]  我怎樣不能活在過去呢
[00:55:10.860 --> 00:55:12.300]  我怎樣可以活在當下
[00:55:12.300 --> 00:55:14.420]  現在是這段時間經常講這些
[00:55:14.420 --> 00:55:17.060]  但更加緊要我還有甚麼希望
[00:55:17.060 --> 00:55:18.660]  作為基督徒
[00:55:18.660 --> 00:55:22.900]  我們是否信我以外的有一位上帝
[00:55:22.900 --> 00:55:26.300]  這位上帝是會跟我
[00:55:26.300 --> 00:55:28.460]  他是介入我的生命
[00:55:28.460 --> 00:55:29.780]  介入我的生命
[00:55:29.780 --> 00:55:33.780]  以及他是會跟我同行
[00:55:33.780 --> 00:55:37.020]  他是會改寫我的人生故事
[00:55:37.020 --> 00:55:40.900]  甚至是讓我活得更加像一個人
[00:55:40.900 --> 00:55:41.980]  這個是很緊要的
[00:55:41.980 --> 00:55:45.220]  即是說由求籤這件事開始
[00:55:45.220 --> 00:55:46.940]  講到這個位
[00:55:46.940 --> 00:55:48.940]  你信不信這個上帝
[00:55:48.940 --> 00:55:51.300]  不是只是在高天
[00:55:51.300 --> 00:55:55.940]  而是祂是一路關心著我們的生活
[00:55:55.940 --> 00:55:58.620]  我在這幾十年的信仰禮福裏面
[00:55:58.620 --> 00:56:02.140]  我是找到這位跟我同行的上帝
[00:56:02.140 --> 00:56:04.900]  以及他是解答了我心中很多疑問的
[00:56:04.900 --> 00:56:07.220]  我不知道你們有沒有心中的疑問
[00:56:07.220 --> 00:56:13.940]  我不是很容易接受一些
[00:56:13.940 --> 00:56:18.620]  很簡單的解釋那種的基督徒
[00:56:18.620 --> 00:56:23.220]  我自己會覺得我要去追尋祂
[00:56:23.220 --> 00:56:25.020]  所以我問很多問題
[00:56:25.020 --> 00:56:31.100]  所以我覺得如果你們都是一個想認識上帝更加深的人
[00:56:31.100 --> 00:56:35.380]  我鼓勵你們都嘗試走近上帝
[00:56:35.380 --> 00:56:40.300]  現在都應該到了一個小休的時間
[00:56:40.300 --> 00:56:43.180]  我把時間交給顧問
[00:56:51.180 --> 00:56:58.620]  我們很感謝郭博士給我們這麼好的分享
[00:56:58.620 --> 00:57:08.660]  接下來我們會和大家全奉獻袋收自由奉獻
[00:57:08.660 --> 00:57:11.460]  我們一起拳頭先有個動作
[00:57:11.460 --> 00:57:14.940]  親愛的天父我們感謝你給我們剛才的學習
[00:57:14.940 --> 00:57:20.740]  我們感謝你讓弟兄姊妹他們開心的奉獻
[00:57:20.740 --> 00:57:23.020]  主祢親自來到我們面前
[00:57:23.020 --> 00:57:27.620]  並且使用公認我們各方面所需要的義主德名言
[00:57:27.620 --> 00:57:32.340]  我們現在祈禱感謝和靠耶穌基督的聖名
[00:57:32.340 --> 00:57:34.660]  我們全奉獻袋的同時
[00:57:34.660 --> 00:57:37.580]  就和大家介紹兩本聖經
[00:57:37.580 --> 00:57:41.460]  應該大家聽過《環球聖經》的曰本吧
[00:57:41.460 --> 00:57:47.980]  這個是我們華人教會最新發明的一本中文曰本的聖經
[00:57:47.980 --> 00:57:50.180]  這本聖經有什麼特別的地方
[00:57:50.180 --> 00:57:52.420]  這本聖經最新的東西都是最新的
[00:57:52.420 --> 00:57:57.660]  根據原文的操盤版本所有考古的資料
[00:57:57.660 --> 00:57:59.820]  玄經學術全部都是最新的
[00:57:59.820 --> 00:58:03.500]  不過它做了一樣破天荒沒人做過的事
[00:58:03.500 --> 00:58:07.180]  從來沒人做過的事是什麼呢
[00:58:07.180 --> 00:58:10.060]  大家買手機用十六號服務
[00:58:10.060 --> 00:58:13.220]  十六號服務不用交錢的
[00:58:13.220 --> 00:58:17.260]  買這本聖經有免費的十六號服務
[00:58:17.260 --> 00:58:21.380]  還有三重奏、四重奏、五重奏
[00:58:21.380 --> 00:58:22.820]  很多方面的
[00:58:22.820 --> 00:58:24.820]  我今天沒時間說這麼多
[00:58:24.820 --> 00:58:27.380]  因為大家一會兒要去小邱
[00:58:27.380 --> 00:58:29.100]  其中一個就是
[00:58:29.100 --> 00:58:30.660]  剛才如果你們早來的時候
[00:58:30.660 --> 00:58:33.820]  看到我們那些powerpoint的時候
[00:58:33.820 --> 00:58:36.540]  就知道我們有個《環球獨經演擊行動》
[00:58:36.540 --> 00:58:41.620]  幫助弟兄姊妹有計劃地讀完整本聖經
[00:58:41.620 --> 00:58:43.940]  有速度、有遠度、有精度
[00:58:43.940 --> 00:58:44.780]  過了兩年
[00:58:44.780 --> 00:58:49.780]  還有今年新的我們轉了一個小小的方向
[00:58:49.780 --> 00:58:53.100]  加上腳步就兩年讀完整本聖經
[00:58:53.100 --> 00:58:57.380]  還加上一個叫做靈動
[00:58:57.380 --> 00:59:03.980]  每一天除了經文和朗讀經文的聲音
[00:59:03.980 --> 00:59:07.140]  朗讀文字和聲音是同步的
[00:59:07.140 --> 00:59:08.820]  有繁體字、有簡體字
[00:59:08.820 --> 00:59:14.180]  有國語、有普通話、有廣東話
[00:59:14.180 --> 00:59:15.740]  傳到你們手機那裏
[00:59:15.740 --> 00:59:21.940]  並且有孕育前那一天經文的默樂
[00:59:21.940 --> 00:59:25.100]  一個默樂靈修的材料
[00:59:25.100 --> 00:59:27.100]  給大家一同去學習
[00:59:27.100 --> 00:59:29.780]  更深入的去明白神話語
[00:59:29.780 --> 00:59:33.020]  還有唯獨大家可以成立小組
[00:59:33.020 --> 00:59:34.580]  五個人就可以成組了
[00:59:34.580 --> 00:59:39.940]  教會也可以教會名義一起去參加
[00:59:39.940 --> 00:59:41.860]  歡迎大家報名
[00:59:41.860 --> 00:59:44.820]  這裏有個QR Code
[00:59:44.820 --> 00:59:46.700]  如果你們想過來報名
[00:59:46.700 --> 00:59:49.380]  掃描WhatsApp的QR Code就可以了
[00:59:49.380 --> 00:59:51.580]  你可以用E-mail報名也可以
[00:59:51.580 --> 00:59:55.140]  這本《環球聖經》
[00:59:55.140 --> 00:59:59.100]  我們又出了一本主題的聖經
[00:59:59.100 --> 01:00:00.580]  即是裡面的經文
[01:00:00.580 --> 01:00:03.340]  就是《環球聖經》本的經文
[01:00:03.340 --> 01:00:07.540]  我們加插了116個心靈議題在裏面
[01:00:07.540 --> 01:00:09.340]  涵蓋了我們同神的關係
[01:00:09.340 --> 01:00:10.580]  我們同人的關係
[01:00:10.580 --> 01:00:12.420]  我們同自己的關係
[01:00:12.420 --> 01:00:14.980]  另一本結合了聖經、神學
[01:00:14.980 --> 01:00:18.860]  和心理輔導於一生的一本很實用的奏章
[01:00:18.860 --> 01:00:21.300]  幫助我們去做探訪
[01:00:21.300 --> 01:00:23.460]  自己心靈方面有什麼需要呢
[01:00:23.460 --> 01:00:24.900]  或者我們身邊的人
[01:00:24.900 --> 01:00:28.460]  有遇到什麼心靈需要、情緒
[01:00:28.460 --> 01:00:30.700]  所以剛才所講的
[01:00:30.700 --> 01:00:38.020]  包括婚姻、家庭、親子、戀愛、職場、情緒
[01:00:38.020 --> 01:00:43.700]  長期病患、負期癌症、隱蔽青年、隱蔽老年
[01:00:43.700 --> 01:00:46.180]  相關性的你講得出的課題
[01:00:46.180 --> 01:00:48.700]  總之生活裏面所環繞我們的所有課題
[01:00:48.700 --> 01:00:50.220]  裏面都有提及到
[01:00:50.220 --> 01:00:52.340]  而且是從五個不同的角度
[01:00:52.340 --> 01:00:53.820]  去探討每一個課題
[01:00:53.820 --> 01:00:57.300]  很完整的幫助你可以面對到
[01:00:57.300 --> 01:01:02.020]  我們信仰生活每一天所面對的挑戰和困難
[01:01:02.020 --> 01:01:08.340]  鼓勵大家在監誓行裏面去選擇一下
[01:01:08.340 --> 01:01:10.820]  去看一看兩節課的優惠
[01:01:10.820 --> 01:01:13.020]  我們現在有小優
[01:01:13.020 --> 01:01:16.540]  小優十分鐘之後回來
[01:01:16.540 --> 01:01:18.420]  十分鐘之後回來
[01:01:18.420 --> 01:01:22.340]  好,我們又繼續了
[01:01:22.340 --> 01:01:25.980]  不過我想跳到第二部份
[01:01:25.980 --> 01:01:27.540]  去到第三個部份
[01:01:27.540 --> 01:01:30.820]  第二部份我可能有點長時間不講了
[01:01:30.820 --> 01:01:34.820]  第三部份就講到上帝掌管人類的事
[01:01:34.820 --> 01:01:37.900]  我就講回
[01:01:37.900 --> 01:01:42.900]  我自己就有機會在德國進修實學
[01:01:42.900 --> 01:01:45.540]  我青年的時候
[01:01:45.540 --> 01:01:50.260]  2007年有一間去德國再做研究
[01:01:50.260 --> 01:01:52.620]  當時我有很大的收穫
[01:01:52.620 --> 01:01:57.580]  就是因為除了去學習之外
[01:01:57.580 --> 01:02:00.260]  我晚上看電視
[01:02:00.260 --> 01:02:04.620]  就是那個宿舍有個電視機
[01:02:04.620 --> 01:02:06.740]  我們要交電視費
[01:02:06.740 --> 01:02:09.660]  那個電視節目是很吸引我
[01:02:09.660 --> 01:02:12.020]  晚上有很多特別節目
[01:02:12.020 --> 01:02:13.540]  特別是講戰爭
[01:02:13.540 --> 01:02:17.420]  第二次世界大戰的歷史
[01:02:17.420 --> 01:02:20.980]  由於我看到12點多1點
[01:02:20.980 --> 01:02:26.460]  我的家人就去電器舖買了一個電筒給我
[01:02:26.460 --> 01:02:27.300]  送給我
[01:02:27.300 --> 01:02:31.540]  當時我們宿舍只有一個客廳和一個房間
[01:02:31.540 --> 01:02:33.260]  客廳有個電視機
[01:02:33.260 --> 01:02:34.980]  宿舍也有一個房間
[01:02:34.980 --> 01:02:36.220]  所以就是這樣
[01:02:36.220 --> 01:02:37.860]  為甚麼我會那麼喜歡看呢
[01:02:37.860 --> 01:02:39.820]  因為很多紀錄片
[01:02:39.820 --> 01:02:42.900]  這些紀錄片是很有價值的
[01:02:42.900 --> 01:02:46.780]  我只是舉一個例子
[01:02:46.780 --> 01:02:49.580]  原來在第二次世界大戰的時候
[01:02:49.580 --> 01:02:54.180]  盟軍和德軍都有採軍事領事館
[01:02:54.180 --> 01:02:59.300]  原來德國的電視台就將兩套紀錄片
[01:02:59.300 --> 01:03:03.780]  都拿來整理一個特輯
[01:03:03.780 --> 01:03:05.860]  你說是不是很好看呢
[01:03:05.860 --> 01:03:08.940]  我最記得的那一幕就是這樣
[01:03:08.940 --> 01:03:11.340]  就是盟軍過了內陰王
[01:03:11.340 --> 01:03:12.900]  就是他在科隆
[01:03:12.900 --> 01:03:14.300]  因為那裏叫科隆
[01:03:14.300 --> 01:03:15.220]  科隆大教堂
[01:03:15.220 --> 01:03:16.620]  那裏科隆的火車站
[01:03:16.620 --> 01:03:19.900]  大概有12條火車軌
[01:03:19.900 --> 01:03:25.660]  當時德軍的紀錄片裏面說
[01:03:25.660 --> 01:03:27.460]  如果盟軍要過
[01:03:27.460 --> 01:03:29.780]  就要炸掉所有的路軌
[01:03:29.780 --> 01:03:34.140]  其實就不想他們的軍隊
[01:03:34.140 --> 01:03:37.620]  用火車由西行到
[01:03:37.620 --> 01:03:40.420]  但誰知盟軍到的時候
[01:03:40.420 --> 01:03:43.420]  德軍只是炸掉一條路軌
[01:03:43.420 --> 01:03:44.420]  炸掉一條路軌
[01:03:44.420 --> 01:03:46.540]  很快就收得回來
[01:03:46.540 --> 01:03:49.380]  然後盟軍的兵從西面打到
[01:03:49.380 --> 01:03:50.980]  我看到很好看
[01:03:50.980 --> 01:03:53.780]  這段時間就是講盟軍的紀錄片
[01:03:53.780 --> 01:03:55.420]  這段是德軍的紀錄片
[01:03:55.420 --> 01:03:56.380]  是很吸引的
[01:03:56.380 --> 01:03:59.340]  很少的紀錄片是這樣的
[01:03:59.340 --> 01:04:02.460]  而且有時候是集中營的紀錄片
[01:04:02.460 --> 01:04:03.980]  譬如波蘭那些
[01:04:03.980 --> 01:04:06.180]  或者其他地方就吸引到我
[01:04:06.180 --> 01:04:08.260]  我覺得很好
[01:04:08.260 --> 01:04:12.220]  就是每晚都看
[01:04:12.220 --> 01:04:17.180]  除了日間他們在辦公室工作
[01:04:17.180 --> 01:04:19.140]  第二晚就看紀錄片
[01:04:19.140 --> 01:04:21.500]  好了 講到這裏
[01:04:21.500 --> 01:04:24.340]  我想和大家講一下
[01:04:24.340 --> 01:04:26.220]  我看到一些資料回來
[01:04:26.220 --> 01:04:29.940]  關於盟軍登陸諾曼帝的事件
[01:04:29.940 --> 01:04:31.900]  大家可能在電影看過一樣東西
[01:04:31.900 --> 01:04:33.020]  你都會知道
[01:04:33.020 --> 01:04:34.540]  但當我看完這些資料的時候
[01:04:34.540 --> 01:04:36.260]  我更加確定
[01:04:36.260 --> 01:04:39.180]  上帝的工作是很奇妙的
[01:04:39.180 --> 01:04:40.380]  你看回這些筆記
[01:04:40.380 --> 01:04:46.820]  你就知道不是我自己工作出來的
[01:04:46.820 --> 01:04:51.540]  大家要注意一件事
[01:04:51.540 --> 01:04:53.900]  其實德國第一次世界大戰
[01:04:53.900 --> 01:04:58.980]  東西兩邊是左右開弓
[01:04:58.980 --> 01:05:01.660]  因為西邊有個強國叫法國
[01:05:01.660 --> 01:05:05.500]  東邊有個強國叫俄國
[01:05:05.500 --> 01:05:06.500]  但它打不成
[01:05:06.500 --> 01:05:08.500]  第一次世界大戰打輸了
[01:05:08.500 --> 01:05:12.980]  第二次世界大戰都同樣的戰術
[01:05:12.980 --> 01:05:16.980]  廣西打佔領了比利時
[01:05:16.980 --> 01:05:20.620]  非軍事區打法國
[01:05:20.620 --> 01:05:21.740]  是這樣打的
[01:05:21.740 --> 01:05:22.820]  向西打法國
[01:05:22.820 --> 01:05:23.620]  接著是英國
[01:05:23.620 --> 01:05:25.100]  這些是越強的
[01:05:25.100 --> 01:05:26.260]  東邊就是俄國
[01:05:26.260 --> 01:05:26.740]  為甚麼呢
[01:05:26.740 --> 01:05:30.820]  因為他們要爭取一個生存空間
[01:05:30.820 --> 01:05:34.940]  德國想爭取生存空間才左右兩邊打
[01:05:34.940 --> 01:05:39.740]  但輸都是因為左右兩邊打的時候輸了
[01:05:39.740 --> 01:05:41.380]  在1944年6月6日
[01:05:41.380 --> 01:05:43.740]  盟軍登陸諾曼底
[01:05:43.740 --> 01:05:46.980]  接著蘇聯從東邊反攻
[01:05:46.980 --> 01:05:50.180]  你可以說盟軍在西邊打它
[01:05:50.180 --> 01:05:54.300]  然後蘇聯的紅軍從東邊打到德國
[01:05:54.300 --> 01:05:59.260]  結果這件事搞到希特勒最後自殺
[01:05:59.260 --> 01:06:02.500]  如果不是上帝工作
[01:06:02.500 --> 01:06:03.580]  根本不可能
[01:06:03.580 --> 01:06:05.220]  為甚麼這樣說呢
[01:06:05.220 --> 01:06:14.220]  其實德國將領估計到盟軍在1944年會登陸法國
[01:06:14.220 --> 01:06:17.620]  很多證據、情報是
[01:06:17.620 --> 01:06:20.900]  不過他們估計登陸的地點
[01:06:20.900 --> 01:06:25.180]  不是諾曼底
[01:06:25.180 --> 01:06:26.420]  是另一個地區
[01:06:26.420 --> 01:06:28.340]  即是登陸諾曼底對他們來說
[01:06:28.340 --> 01:06:32.580]  下一個目標就是德國的西邊老二區這個工業區
[01:06:32.580 --> 01:06:34.860]  即是那裏是做坦克的地區
[01:06:34.860 --> 01:06:35.900]  是做兵工廠的
[01:06:35.900 --> 01:06:38.900]  所以這個是計算得到的
[01:06:38.900 --> 01:06:42.700]  他們想過諾曼底可能是一個地方
[01:06:42.700 --> 01:06:45.460]  但德國西線的指揮官
[01:06:45.460 --> 01:06:48.060]  當時有兩個很出名的
[01:06:48.060 --> 01:06:50.540]  一個叫做Ruset
[01:06:50.540 --> 01:06:53.420]  即是倫德斯特和盧美爾
[01:06:53.420 --> 01:06:56.140]  英國的盧美爾
[01:06:56.140 --> 01:07:02.260]  他們認為很可能在西北岸的加萊
[01:07:02.260 --> 01:07:03.300]  Galas
[01:07:03.300 --> 01:07:06.660]  因為那個加萊近老二區
[01:07:06.660 --> 01:07:10.780]  和他們的秘密武器V1的火箭發射機器
[01:07:10.780 --> 01:07:15.140]  所以希特勒和那些將領認為
[01:07:15.140 --> 01:07:18.620]  盟軍德陸是在那裏打那個位
[01:07:18.620 --> 01:07:20.860]  而海軍方面都認為
[01:07:20.860 --> 01:07:24.460]  諾曼底的河流和岩石是不思而登的
[01:07:24.460 --> 01:07:26.500]  所以他們一評估錯了
[01:07:26.500 --> 01:07:27.980]  然後就部署錯了
[01:07:27.980 --> 01:07:31.180]  而德軍就部署了116的裝甲師
[01:07:31.180 --> 01:07:34.860]  和7個武警師駐守在塞納河的佛堅
[01:07:34.860 --> 01:07:36.260]  是守衛教
[01:07:36.260 --> 01:07:37.260]  它不是沒有兵
[01:07:37.260 --> 01:07:38.860]  你要知道它是有兵的
[01:07:38.860 --> 01:07:41.660]  那些兵擺在那裏是動不動的
[01:07:41.660 --> 01:07:43.300]  然後1944年4月
[01:07:43.300 --> 01:07:47.580]  德軍估計盟軍在英國大概有65個師
[01:07:47.580 --> 01:07:51.340]  然後5月就增加到70到80個師
[01:07:51.340 --> 01:07:55.260]  甚至有90個師就是預了他們登陸的
[01:07:55.260 --> 01:07:57.900]  而在1944年6月6日
[01:07:57.900 --> 01:08:01.020]  盟軍在法國諾曼底登陸之後
[01:08:01.020 --> 01:08:05.020]  為甚麼德國還不是立即大力去反抗呢
[01:08:05.020 --> 01:08:09.060]  因為它估計它還有第二次更大規模的登陸
[01:08:09.060 --> 01:08:11.060]  所以完全錯判了它
[01:08:11.060 --> 01:08:13.500]  所以希特勒就沒有動用在
[01:08:13.500 --> 01:08:16.260]  駐守塞納河北邊的兵力
[01:08:16.260 --> 01:08:17.900]  來增援諾曼底
[01:08:17.900 --> 01:08:20.780]  你一聽就知道這一次死定了
[01:08:20.780 --> 01:08:24.820]  隆美爾曾經向希特勒建議一些整體部防的方法
[01:08:24.820 --> 01:08:26.660]  但希特勒都反對
[01:08:26.660 --> 01:08:32.460]  譬如說隆美爾提出向海軍要求在塞納河湖那裏佈水雷
[01:08:32.460 --> 01:08:35.820]  好像伊朗擺水雷一樣
[01:08:35.820 --> 01:08:40.260]  但是由於時間不足夠就沒有辦法佈防
[01:08:40.260 --> 01:08:42.620]  同時即是說
[01:08:42.620 --> 01:08:49.180]  德國海軍其實沒有甚麼戰艦
[01:08:49.180 --> 01:08:50.420]  第二次世界大戰的時候
[01:08:50.420 --> 01:08:51.900]  是做潛艇為主的
[01:08:51.900 --> 01:08:53.660]  大家要看一些戰爭片
[01:08:53.660 --> 01:09:00.460]  德國的海軍是專用潛艇對付英國的艦隊
[01:09:00.460 --> 01:09:04.900]  更加重要的就是法國的海軍是有自己的指揮系統
[01:09:04.900 --> 01:09:07.020]  它不聽從隆美爾的指揮
[01:09:07.020 --> 01:09:11.300]  因為西線前線指揮官要奠育那些海軍
[01:09:11.300 --> 01:09:12.860]  你會覺得很奇怪
[01:09:12.860 --> 01:09:13.940]  為甚麼呢
[01:09:13.940 --> 01:09:19.300]  就因為希特勒是刻意獨限前線指揮官的權限
[01:09:19.300 --> 01:09:23.460]  例如希特勒才可以動用裝甲部隊和戰艦預備部隊
[01:09:23.460 --> 01:09:27.500]  即是前線的指揮官你只可以調動步兵
[01:09:27.500 --> 01:09:32.140]  你想想這樣打法就是讓希特勒不信軍官
[01:09:32.140 --> 01:09:37.180]  所以這樣很明顯就算打得很厲害都是輸的
[01:09:37.180 --> 01:09:40.140]  在94年清晨5月5時
[01:09:40.140 --> 01:09:44.540]  西線總部就發現空中的轟炸很嚴重
[01:09:44.540 --> 01:09:47.300]  轟炸來的時候即是那個是在打風
[01:09:47.300 --> 01:09:51.300]  即是在風暴之中盟軍的船出來
[01:09:51.300 --> 01:09:53.820]  就得出大規模登陸攻擊的機會
[01:09:53.820 --> 01:09:55.660]  即是說5時已經知道
[01:09:55.660 --> 01:09:59.660]  就要求海軍即是德國的總部批准
[01:09:59.660 --> 01:10:05.660]  即是希特勒要批准前線動用裝甲預備部隊
[01:10:05.660 --> 01:10:08.860]  但是希特勒他說如果有登陸行動
[01:10:08.860 --> 01:10:11.020]  都是牽制你牽住就可以了
[01:10:11.020 --> 01:10:13.940]  不用動我們的後面的重兵
[01:10:13.940 --> 01:10:16.780]  好了等到下午2時半發覺不行
[01:10:16.780 --> 01:10:18.540]  即是真的登陸鬥勁
[01:10:18.540 --> 01:10:23.540]  守得很冷就終於說去調動裝甲的部隊過來
[01:10:23.540 --> 01:10:26.740]  但是這個部隊是在塞拉伯北面
[01:10:26.740 --> 01:10:31.860]  離開諾曼第150公里那麼遠
[01:10:31.860 --> 01:10:33.180]  那你想一下怎麼搞呢
[01:10:33.180 --> 01:10:37.340]  接著盟軍的空軍就已經拿了制空權了
[01:10:37.340 --> 01:10:40.020]  就好像美國攻伊朗那樣
[01:10:40.020 --> 01:10:42.300]  就炸一個裝甲預備部隊
[01:10:42.300 --> 01:10:43.740]  一出就炸了
[01:10:43.740 --> 01:10:47.260]  所以延遲了他們到達的時間
[01:10:47.260 --> 01:10:52.220]  到6月17日希特勒就召見前線西線的兩個指揮官
[01:10:52.220 --> 01:10:54.860]  就這兩個人一致要求
[01:10:54.860 --> 01:11:00.460]  希特勒麻煩你給多一些我們的戰艦場的指揮權
[01:11:00.460 --> 01:11:04.020]  即是我們前線動不了動員不了兵
[01:11:04.020 --> 01:11:10.740]  甚至他們說我們將防線要移到盟軍的戰艦
[01:11:10.740 --> 01:11:14.420]  那些炮彈發射的範圍以外
[01:11:14.420 --> 01:11:16.740]  兩件事希特勒都say no
[01:11:16.740 --> 01:11:17.940]  希特勒說不行
[01:11:17.940 --> 01:11:21.100]  即是希特勒保住自己的權不讓動
[01:11:21.100 --> 01:11:27.020]  在1944年6月6日開始盟軍有60萬的人登陸了
[01:11:27.020 --> 01:11:30.020]  到7月第一個星期成員100萬人登陸
[01:11:30.020 --> 01:11:34.340]  其中有13個裝甲師和30個機械化部兵師
[01:11:34.340 --> 01:11:37.860]  盟軍已經完全控制了制空權
[01:11:37.860 --> 01:11:42.620]  你想一下這件事是不是很奇怪
[01:11:42.620 --> 01:11:47.580]  堂堂一個德國可以給盟軍這樣一套法國諾曼底
[01:11:47.580 --> 01:11:50.300]  上了1100萬的兵
[01:11:50.300 --> 01:11:52.460]  和制空權失了
[01:11:52.460 --> 01:11:54.580]  完全沒有反抗能力
[01:11:54.580 --> 01:12:01.740]  1944年6月29日希特勒又召見倫敦斯特和奧尼爾
[01:12:01.740 --> 01:12:04.220]  告訴他們一定要死守
[01:12:04.220 --> 01:12:06.780]  即是你送些兵去死
[01:12:06.780 --> 01:12:08.540]  和你覺得要反擊
[01:12:08.540 --> 01:12:10.620]  當時情勢很惡劣
[01:12:10.620 --> 01:12:13.740]  他們兩位說不如我們退後撤退
[01:12:13.740 --> 01:12:18.740]  退後一點來保護自己還有的兵力
[01:12:18.740 --> 01:12:20.140]  希特勒說不行
[01:12:20.140 --> 01:12:22.460]  他說7月1日回覆
[01:12:22.460 --> 01:12:25.780]  所有的單位一定要堅守陣地
[01:12:25.780 --> 01:12:32.180]  到盡將倫敦斯特和史維本堡
[01:12:32.180 --> 01:12:35.700]  Klaus von Stauffenberg就是面積
[01:12:35.700 --> 01:12:40.380]  其實這個Klaus von Stauffenberg是獨眼龍
[01:12:40.380 --> 01:12:42.620]  如果你看德國的紀錄片
[01:12:42.620 --> 01:12:47.820]  其實他是去刺殺希特勒的
[01:12:47.820 --> 01:12:50.940]  他太太也是軍官
[01:12:50.940 --> 01:12:54.540]  這個Klaus von Stauffenberg是個貴族的明星
[01:12:54.540 --> 01:12:58.540]  由於有官位
[01:12:58.540 --> 01:13:04.220]  他可以調配回塔羅來參與高層軍事會議
[01:13:04.220 --> 01:13:09.980]  大家可能不知道希特勒其實有他的火車專業
[01:13:09.980 --> 01:13:13.820]  那個火車專業是不會讓你知道客人在哪裏
[01:13:13.820 --> 01:13:16.540]  那個火車專業是有防彈玻璃
[01:13:16.540 --> 01:13:18.020]  有高射炮
[01:13:18.020 --> 01:13:20.060]  曾經盟軍嘗試用
[01:13:20.060 --> 01:13:23.180]  即是你的火車有些瓶裝水
[01:13:23.180 --> 01:13:24.980]  在那裏下毒
[01:13:24.980 --> 01:13:26.100]  但毒不死人
[01:13:26.100 --> 01:13:29.100]  因為希特勒好像那些中國皇帝一樣
[01:13:29.100 --> 01:13:31.500]  他有人幫他試飲試食
[01:13:31.500 --> 01:13:34.540]  所以死了的是試飲試食的那個
[01:13:34.540 --> 01:13:35.820]  對希特勒是無視的
[01:13:35.820 --> 01:13:37.580]  而且希特勒是很喜歡
[01:13:37.580 --> 01:13:39.300]  不是總部開會的
[01:13:39.300 --> 01:13:44.060]  他可以說下午兩點鐘
[01:13:44.060 --> 01:13:46.180]  現在上午九點
[01:13:46.180 --> 01:13:50.060]  我們下午兩點鐘在法蘭克福開會
[01:13:50.060 --> 01:13:52.140]  那他的火車就開到那裏
[01:13:52.140 --> 01:13:53.500]  即是你捉不到他
[01:13:53.500 --> 01:13:56.980]  你不可能預先在那裏放炸彈的
[01:13:56.980 --> 01:13:58.300]  你明不明白我的意思
[01:13:58.300 --> 01:14:03.740]  其實不可能可以去控制希特勒
[01:14:03.740 --> 01:14:07.100]  除非是高級軍官才可以
[01:14:07.100 --> 01:14:09.820]  即是很多人讀潘科華
[01:14:09.820 --> 01:14:12.300]  就說潘科華有些刺激希特勒
[01:14:12.300 --> 01:14:14.700]  這個完全是
[01:14:14.700 --> 01:14:17.140]  他用常識是完全不合的
[01:14:17.140 --> 01:14:18.180]  即是我剛才講給你聽
[01:14:18.180 --> 01:14:19.540]  希特勒開會
[01:14:19.540 --> 01:14:20.980]  普通軍官都不知道
[01:14:20.980 --> 01:14:22.260]  他喜歡改地方
[01:14:22.260 --> 01:14:23.260]  喜歡改時間
[01:14:23.260 --> 01:14:25.900]  你怎麼可以預先放炸彈呢
[01:14:25.900 --> 01:14:28.420]  其實共產黨他們有一班人
[01:14:28.420 --> 01:14:30.060]  有一班軍官
[01:14:30.060 --> 01:14:34.140]  他們不是不熱愛他們的德國
[01:14:34.140 --> 01:14:38.100]  他們是明知道他盟軍這樣登陸了洛杉磯
[01:14:38.100 --> 01:14:41.140]  再加上蘇聯的兵向東打
[01:14:41.140 --> 01:14:42.740]  德國是完蛋的
[01:14:42.740 --> 01:14:45.980]  在當時1944年7月他們已經知道
[01:14:45.980 --> 01:14:47.900]  德國會亡的
[01:14:47.900 --> 01:14:51.380]  所以他們才進行刺殺希特勒
[01:14:51.380 --> 01:14:53.500]  而且他們想驅逐希特勒
[01:14:53.500 --> 01:14:59.580]  而當時英國有人將這些炸彈墨水筆
[01:14:59.580 --> 01:15:01.260]  給了安斯塔夫人
[01:15:01.260 --> 01:15:03.580]  即是他們有一班人去做這件事
[01:15:03.580 --> 01:15:06.740]  誰知道希特勒又是改地方
[01:15:06.740 --> 01:15:12.340]  安斯塔夫人要弄穿某些位置
[01:15:12.340 --> 01:15:14.060]  讓液體進入去
[01:15:14.060 --> 01:15:21.660]  可以跟那些爆炸粉狀有混合才可以爆
[01:15:21.660 --> 01:15:23.420]  他就放在公事包裏面
[01:15:23.420 --> 01:15:26.340]  公事包裏面是有兩枝墨水筆
[01:15:26.340 --> 01:15:29.620]  有一枝是可以爆炸彈的
[01:15:29.620 --> 01:15:33.580]  但安斯塔夫人說我都預了死
[01:15:33.580 --> 01:15:34.660]  我要在那裏
[01:15:34.660 --> 01:15:37.740]  但那班高級將領就說你不行
[01:15:37.740 --> 01:15:39.180]  你要走出來
[01:15:39.180 --> 01:15:41.940]  你要告訴我們你辦事成功
[01:15:41.940 --> 01:15:43.180]  他們做事
[01:15:43.180 --> 01:15:44.020]  怎樣做事呢
[01:15:44.020 --> 01:15:48.940]  其實東邊有將領帶著士兵入去拍打
[01:15:48.940 --> 01:15:53.820]  佔領了他們的電視台
[01:15:53.820 --> 01:15:55.980]  佔領了他們的警察總部
[01:15:55.980 --> 01:16:00.140]  所以其實有批叫做革命部隊在裏面
[01:16:00.140 --> 01:16:04.220]  不是所有的駐柏林的兵都是不支持的
[01:16:04.220 --> 01:16:08.300]  但他們要等安斯塔夫人做了事之後
[01:16:08.300 --> 01:16:11.540]  他們就行動
[01:16:11.540 --> 01:16:12.940]  無錯放了東西之後
[01:16:12.940 --> 01:16:17.060]  安斯塔夫人就出去打電話告訴他們做了
[01:16:17.060 --> 01:16:19.300]  誰知道那個時候
[01:16:19.300 --> 01:16:23.140]  在地下的公事包本來放在中間
[01:16:23.140 --> 01:16:26.220]  有人覺得一踢就踢到他們那裏
[01:16:26.220 --> 01:16:28.980]  希特勒就站在那裏
[01:16:28.980 --> 01:16:31.180]  最後炸死的人不是希特勒
[01:16:31.180 --> 01:16:33.300]  炸死的人是另外兩個將領
[01:16:33.300 --> 01:16:38.780]  然後因為他們是沒有破壞開會地方的通訊系統
[01:16:38.780 --> 01:16:42.460]  希特勒就拉開通訊講我還未死
[01:16:42.460 --> 01:16:43.860]  所以在拍攝部裏面
[01:16:43.860 --> 01:16:46.140]  全部其他人都不敢動
[01:16:46.140 --> 01:16:50.740]  當晚就捉了所有所謂刺殺希特勒的將領
[01:16:50.740 --> 01:16:52.340]  全部槍毀
[01:16:52.340 --> 01:16:54.340]  所以安斯塔夫人就站在那裏
[01:16:54.340 --> 01:16:55.620]  為甚麼他會這樣做呢
[01:16:55.620 --> 01:16:59.500]  因為他很清楚在西線那裏死人
[01:16:59.500 --> 01:17:00.420]  好了
[01:17:00.420 --> 01:17:02.660]  而在1944年6月22日
[01:17:02.660 --> 01:17:07.140]  即是德軍攻擊俄國三週年紀念日
[01:17:07.140 --> 01:17:10.460]  蘇聯盟軍在德國東面反攻
[01:17:10.460 --> 01:17:13.460]  德國有一半的兵力在東面那裏
[01:17:13.460 --> 01:17:15.620]  西線只有58個C的兵力
[01:17:15.620 --> 01:17:18.100]  大部份的兵是沒有作戰經驗的
[01:17:18.100 --> 01:17:22.420]  所以東面是主力兵給俄羅斯的堅制住
[01:17:22.420 --> 01:17:25.500]  由於希特勒說堅守陣地
[01:17:25.500 --> 01:17:26.940]  不准撤退
[01:17:26.940 --> 01:17:30.540]  半個月德軍在東面損失28個C
[01:17:30.540 --> 01:17:32.540]  超過30萬人死亡
[01:17:32.540 --> 01:17:36.060]  你說那些軍事將領為甚麼會服他
[01:17:36.060 --> 01:17:37.940]  希特勒當然不服
[01:17:37.940 --> 01:17:38.580]  你明白我意思嗎
[01:17:38.580 --> 01:17:41.860]  因為安斯塔夫人他會參與這些行動
[01:17:41.860 --> 01:17:42.660]  他覺得是
[01:17:42.660 --> 01:17:43.940]  如果你再這樣下去
[01:17:43.940 --> 01:17:46.300]  所有德國軍人都死
[01:17:46.300 --> 01:17:49.660]  在1944年7月德軍的將領評估形勢
[01:17:49.660 --> 01:17:52.820]  覺得東西兩條戰線根本沒得打
[01:17:52.820 --> 01:17:54.940]  繼續下去就會摧毀德國
[01:17:54.940 --> 01:17:56.220]  所以7月20日
[01:17:56.220 --> 01:18:00.420]  7月20日軍方刺殺希特勒18個
[01:18:00.420 --> 01:18:03.420]  隨此而來鎮壓和整肅
[01:18:03.420 --> 01:18:05.860]  軍隊的士氣很受影響
[01:18:05.860 --> 01:18:09.860]  史維本堡放炸彈那個人
[01:18:09.860 --> 01:18:11.620]  就是其中一個刺殺者
[01:18:11.620 --> 01:18:15.140]  希特勒認為軍隊不忠於他
[01:18:15.140 --> 01:18:19.900]  所以他就處處干擾軍方的指揮工作
[01:18:19.900 --> 01:18:22.620]  他在正規軍之外設立黨衛隊
[01:18:22.620 --> 01:18:23.940]  講這件事給你聽
[01:18:23.940 --> 01:18:28.860]  黨衛隊是有一個灰色衫的SS
[01:18:28.860 --> 01:18:32.500]  灰色衫的S是一個衝鋒隊
[01:18:32.500 --> 01:18:35.300]  大家知不知道在波蘭的
[01:18:35.300 --> 01:18:39.540]  殺猶太人的集中營不是軍隊去管的
[01:18:39.540 --> 01:18:41.860]  是黨衛隊去管的
[01:18:41.860 --> 01:18:45.420]  到底這些我們不知道 我看這幾個片才知道
[01:18:45.420 --> 01:18:47.940]  原來希特勒派了嫡系部隊去管
[01:18:47.940 --> 01:18:50.220]  所以為甚麼現在審那些守衛
[01:18:50.220 --> 01:18:53.220]  SS叫做黨衛隊的人的守衛
[01:18:53.220 --> 01:18:54.900]  九十多歲都被人審
[01:18:54.900 --> 01:18:59.060]  就是因為德國的政府現在想
[01:18:59.060 --> 01:19:01.140]  就是希望討回公道
[01:19:01.140 --> 01:19:04.140]  好了 在這裏要講多一點
[01:19:04.140 --> 01:19:09.260]  就是希特勒趁著正規軍和黨衛隊有矛盾的時候
[01:19:09.260 --> 01:19:11.940]  他就是最後自己處理掛線部隊
[01:19:11.940 --> 01:19:15.020]  希特勒就是這麼小心眼的
[01:19:15.020 --> 01:19:18.420]  希特勒他負責不惜任何代價堅守陣地
[01:19:18.420 --> 01:19:21.260]  不准放棄一寸的土地
[01:19:21.260 --> 01:19:24.220]  就算客觀上是無法打放他
[01:19:24.220 --> 01:19:27.300]  他都要死了 不容許任何撤退
[01:19:27.300 --> 01:19:31.420]  希特勒在一戰的時候是一個普通兵員
[01:19:31.420 --> 01:19:35.660]  他不是將領來的
[01:19:35.660 --> 01:19:40.860]  但他卻是做了德國的最高元帥之下
[01:19:40.860 --> 01:19:43.340]  他就用他的方法來帶兵
[01:19:43.340 --> 01:19:47.020]  結果就搞到我們叫做「一獲無」
[01:19:47.020 --> 01:19:51.660]  在1945年3月盟軍越過了萊茵河
[01:19:51.660 --> 01:19:55.100]  去到過了萊茵河就直撐到柏林
[01:19:55.100 --> 01:19:58.220]  剛才跟進的我都不講了
[01:19:58.220 --> 01:20:00.820]  1945年4月25日
[01:20:00.820 --> 01:20:03.420]  美軍和蘇聯軍在易北河
[01:20:03.420 --> 01:20:06.620]  就是易北河的拓而高的拓後
[01:20:06.620 --> 01:20:08.900]  回撕了易北河回撕
[01:20:08.900 --> 01:20:11.460]  就成功將德軍南北撤退
[01:20:11.460 --> 01:20:12.780]  玩爛了
[01:20:12.780 --> 01:20:17.620]  同時東西兩邊夾擊派
[01:20:17.620 --> 01:20:20.420]  你可以看到這個情況
[01:20:20.420 --> 01:20:22.900]  回撕了以後
[01:20:22.900 --> 01:20:27.540]  德國戰敗是遲早的事
[01:20:27.540 --> 01:20:31.020]  但面對這個失敗的時候
[01:20:31.020 --> 01:20:34.100]  可以說因為希特勒完全錯判形勢
[01:20:34.100 --> 01:20:38.140]  前線的指揮官其實沒有辦法做到甚麼
[01:20:38.140 --> 01:20:39.820]  4、5、6、7、10月
[01:20:39.820 --> 01:20:43.500]  希特勒拒絕將在蘇聯軍孤立在拉天維亞
[01:20:43.500 --> 01:20:46.020]  即是近於蘇聯那邊的地方
[01:20:46.020 --> 01:20:52.140]  一個庫爾蘭的20萬部隊調回來
[01:20:52.140 --> 01:20:53.860]  他這些是精英來的
[01:20:53.860 --> 01:20:56.260]  20萬部隊調回來柏林還有一班
[01:20:56.260 --> 01:20:57.660]  但他不行
[01:20:57.660 --> 01:21:02.220]  理由就是他用來反攻蘇聯做儲備
[01:21:02.220 --> 01:21:06.100]  但東邊已經失了28個師承
[01:21:06.100 --> 01:21:09.940]  38人死了他都不收兵
[01:21:09.940 --> 01:21:15.980]  希特勒拒絕將駐守在挪威的35萬德國精英部隊調回柏林
[01:21:15.980 --> 01:21:18.460]  原因是防止盟軍登陸挪威
[01:21:18.460 --> 01:21:22.140]  切斷德國和蘇聯的鐵礦貿易
[01:21:22.140 --> 01:21:26.220]  你想想希特勒是沒有一個軍事頭號
[01:21:26.220 --> 01:21:31.540]  在這樣的情況下東西兩邊被盟軍和蘇軍夾擊的時候
[01:21:31.540 --> 01:21:33.260]  有兵不抽班
[01:21:33.260 --> 01:21:37.940]  還有1945年4月希特勒認為蘇聯軍的目標不是打柏林
[01:21:37.940 --> 01:21:40.700]  而是打捷克的布拉格
[01:21:40.700 --> 01:21:47.180]  所以就從柏林守軍調走了黨衛第六集團軍的精銳裝甲師去布拉格
[01:21:47.180 --> 01:21:50.940]  你聽完之後你覺得他是不是瘋瘋癲癲的
[01:21:50.940 --> 01:21:52.460]  真是瘋瘋癲癲
[01:21:52.460 --> 01:21:56.980]  柏林戰役是在4月16日打下去到5月2日就爆炸了
[01:21:56.980 --> 01:21:59.340]  就是德軍根本沒得打
[01:21:59.340 --> 01:22:02.220]  希特勒4月30日被捕自殺
[01:22:02.220 --> 01:22:06.220]  而在奧爾蘭的部隊根本收不到投降消息
[01:22:06.220 --> 01:22:08.420]  到5月10日才放下武器
[01:22:08.420 --> 01:22:11.340]  挪威的那個德軍5月初就陸續投降
[01:22:11.340 --> 01:22:16.220]  布拉格的德軍是在5月到6月11日被打敗
[01:22:16.220 --> 01:22:19.300]  5月6到11日被打敗
[01:22:19.300 --> 01:22:23.700]  而希特勒下令屠殺600萬猶太人
[01:22:23.700 --> 01:22:30.660]  但是他同時將很多德國人送上戰場犧牲
[01:22:30.660 --> 01:22:34.980]  自從希特勒在1933年1月30日上台
[01:22:34.980 --> 01:22:38.740]  到1945年4月20日這12年
[01:22:38.740 --> 01:22:40.300]  上帝好像不在了
[01:22:40.300 --> 01:22:44.500]  如果你有猶太人的時候你會發覺是很悲哀的
[01:22:44.500 --> 01:22:49.340]  我從納粹集中營那些生還者的作品裏面
[01:22:49.340 --> 01:22:52.340]  我就了解他們怎樣看上帝 怎樣看信仰
[01:22:52.340 --> 01:22:54.580]  其實我很有興趣看這些東西
[01:22:54.580 --> 01:23:01.820]  我們都聽過我今晚講受苦的上帝
[01:23:01.820 --> 01:23:05.900]  在打仗到8萬猶太人被屠殺的時候
[01:23:05.900 --> 01:23:07.700]  我怎樣講上帝
[01:23:07.700 --> 01:23:10.300]  這個是從基督教神學的角度
[01:23:10.300 --> 01:23:12.180]  但是你有沒有想過
[01:23:12.180 --> 01:23:15.100]  一批去問上帝是否存在的人
[01:23:15.100 --> 01:23:17.820]  不一定是德國的神學家
[01:23:17.820 --> 01:23:21.620]  應該是在集中營的猶太人
[01:23:21.620 --> 01:23:25.420]  他們是最痛苦的
[01:23:25.420 --> 01:23:33.700]  有一位猶太學者叫做維克多法蘭克
[01:23:33.700 --> 01:23:39.460]  他在集中營每一天都看到他的營友一去不返
[01:23:39.460 --> 01:23:44.100]  自己都已經有心理準備就是何時到他們處死呢
[01:23:44.100 --> 01:23:46.980]  到今天我們看到那些集中營的片段
[01:23:46.980 --> 01:23:49.900]  很多雙鞋在那裏 頭髮一堆堆
[01:23:49.900 --> 01:23:53.340]  我試試先程一點講
[01:23:53.340 --> 01:23:57.300]  本來他們是要逐個來槍殺的
[01:23:57.300 --> 01:24:02.580]  但是逐個來排隊槍殺的效率不高
[01:24:02.580 --> 01:24:09.020]  所以希特勒的黨衛隊就起伏棄身
[01:24:09.020 --> 01:24:11.100]  用毒棄身去殺人
[01:24:11.100 --> 01:24:12.980]  是要考慮的
[01:24:12.980 --> 01:24:17.420]  不過我要講的就是軍隊不一定知道
[01:24:17.420 --> 01:24:19.540]  德軍的高層可能知道
[01:24:19.540 --> 01:24:21.340]  但是很多兵是不知道的
[01:24:21.340 --> 01:24:22.940]  我看紀錄片裏面
[01:24:22.940 --> 01:24:26.820]  當盟軍那邊解放集中營的時候
[01:24:26.820 --> 01:24:30.660]  就帶那些德軍的戰俘去看集中營
[01:24:30.660 --> 01:24:32.580]  有紀錄片是這樣的
[01:24:32.580 --> 01:24:35.460]  他們先圓夢初醒 有這樣的事
[01:24:35.460 --> 01:24:39.500]  他們就為德國打仗 但原來他們不知道
[01:24:39.500 --> 01:24:41.660]  希特勒是這樣的
[01:24:41.660 --> 01:24:44.500]  好了 講一下這個集中營的猶太人
[01:24:44.500 --> 01:24:47.660]  這個維克多法梅克拉
[01:24:47.660 --> 01:24:53.140]  他就是要忍受集中營那些很惡劣的環境
[01:24:53.140 --> 01:24:55.060]  那裏是很消磨人的意志
[01:24:55.060 --> 01:25:00.060]  就是明知快要死 為甚麼不早點死
[01:25:00.060 --> 01:25:02.620]  在無法逃避死亡的前面
[01:25:02.620 --> 01:25:06.500]  你堅持活下去是非常非常困難的
[01:25:06.500 --> 01:25:10.260]  接著問題就來了 為甚麼還要活著
[01:25:10.260 --> 01:25:12.140]  活著為甚麼
[01:25:12.140 --> 01:25:15.260]  在1942年法蘭克和他太太
[01:25:15.260 --> 01:25:18.740]  和法蘭克的父母都被送去集中營
[01:25:18.740 --> 01:25:22.420]  他的父母和兄弟都死在集中營
[01:25:22.420 --> 01:25:24.420]  其實是很慘的
[01:25:24.420 --> 01:25:27.780]  那麼這個法梅克拉怎樣從集中營活過來呢
[01:25:27.780 --> 01:25:31.140]  他後來出版了他《觸動人心》的書
[01:25:31.140 --> 01:25:33.220]  其中一個本是1946年出版的
[01:25:33.220 --> 01:25:34.620]  《活出意義論》
[01:25:34.620 --> 01:25:35.900]  Man's search for meaning
[01:25:35.900 --> 01:25:37.540]  可能你們都聽過這些
[01:25:37.540 --> 01:25:40.300]  即是意義治療法這些東西
[01:25:40.300 --> 01:25:42.340]  他去輔導那些人為甚麼要自殺
[01:25:42.340 --> 01:25:44.540]  他自己最明白
[01:25:44.540 --> 01:25:46.980]  法蘭克集中營每個人都想死的
[01:25:46.980 --> 01:25:51.100]  書裏面就講到法蘭克和他的囚友叫做「鄂圖」
[01:25:51.100 --> 01:25:52.620]  鄂圖對話
[01:25:52.620 --> 01:25:54.540]  鄂圖是聽著的
[01:25:54.540 --> 01:25:57.740]  如果我不能夠再回到家裏和妻子相見
[01:25:57.740 --> 01:25:59.660]  而你又可以見到她的話
[01:25:59.660 --> 01:26:03.260]  請你告訴她我每天、每個禮拜、每個時間
[01:26:03.260 --> 01:26:05.660]  每一個小時都講給她
[01:26:05.660 --> 01:26:07.140]  你要記住
[01:26:07.140 --> 01:26:09.980]  第二件事我愛她會過於其他人
[01:26:09.980 --> 01:26:11.220]  第三件事
[01:26:11.220 --> 01:26:14.260]  我和她結婚短短的時間就超過一切了
[01:26:14.260 --> 01:26:17.220]  包括我們在集中營所經歷的
[01:26:17.220 --> 01:26:19.300]  接著下面一句才《觸動人心》
[01:26:19.300 --> 01:26:22.380]  鄂圖你現在在哪裏
[01:26:22.380 --> 01:26:24.300]  你是不是還生存
[01:26:24.300 --> 01:26:26.780]  我們上次一起的時候
[01:26:26.780 --> 01:26:28.540]  之後你發生了甚麼事
[01:26:28.540 --> 01:26:32.620]  其實他是靠講話去支持她
[01:26:32.620 --> 01:26:36.220]  講話的對象可能已經不在他身邊
[01:26:36.220 --> 01:26:38.540]  他靠這樣講話
[01:26:38.540 --> 01:26:40.300]  他就是不斷講話
[01:26:40.300 --> 01:26:46.100]  有些書就講他去想像他和太太聊天
[01:26:46.100 --> 01:26:50.820]  他靠這個動作來維持他求生的意志
[01:26:50.820 --> 01:26:55.220]  鄂圖在戰爭前本來得到美國的簽證
[01:26:55.220 --> 01:26:56.700]  但他選擇留下
[01:26:56.700 --> 01:26:58.340]  他反問自己
[01:26:58.340 --> 01:27:01.060]  我是應該去引用思想上的儀子
[01:27:01.060 --> 01:27:04.340]  即是他的諾貝爾治療法
[01:27:04.340 --> 01:27:08.900]  我是應該專注在父母的實在的儀子的責任
[01:27:08.900 --> 01:27:13.100]  即是他父母還在當時的歐洲
[01:27:13.100 --> 01:27:16.180]  那他是不是要盡責任呢
[01:27:16.180 --> 01:27:18.100]  他就想起十屆的第五屆
[01:27:18.100 --> 01:27:19.300]  當校見父母
[01:27:19.300 --> 01:27:22.900]  洗禮的日子在以和華利臣所賜予的地上
[01:27:22.900 --> 01:27:24.780]  得以長久
[01:27:24.780 --> 01:27:27.740]  鄂圖在集中營見到很極端的惡
[01:27:27.740 --> 01:27:30.100]  這個康德訪是極端的惡
[01:27:30.100 --> 01:27:32.540]  亦都看到極端的無意義
[01:27:32.540 --> 01:27:33.660]  即是你想想
[01:27:33.660 --> 01:27:36.140]  在營裏面又沒有東西好吃
[01:27:36.140 --> 01:27:38.460]  但又要幫人做勞工
[01:27:38.460 --> 01:27:40.300]  又不知道何時會死
[01:27:40.300 --> 01:27:41.900]  他要生存下去
[01:27:41.900 --> 01:27:44.500]  就不去對生命作出疑問
[01:27:44.500 --> 01:27:46.940]  他不問那麼多問題
[01:27:46.940 --> 01:27:47.940]  繼續捱下去
[01:27:47.940 --> 01:27:49.420]  過了一天就得一天
[01:27:49.420 --> 01:27:52.220]  所以他不再想生命無意義的選項
[01:27:52.220 --> 01:27:53.620]  即是不需要想
[01:27:53.620 --> 01:27:56.860]  他將生命放在應付苦難上面
[01:27:56.860 --> 01:27:59.220]  拿出最大的勇氣去受苦
[01:27:59.220 --> 01:28:01.820]  你想想他經歷過這件事的時候
[01:28:01.820 --> 01:28:05.540]  他就可以幫那些想自殺的人
[01:28:05.540 --> 01:28:09.660]  在集中營裏面有些囚犯放棄生存的意志
[01:28:09.660 --> 01:28:12.380]  他寧願衝向那些電網
[01:28:12.380 --> 01:28:14.540]  鐵絲網放了電
[01:28:14.540 --> 01:28:17.020]  他寧願在那裏被電死
[01:28:17.020 --> 01:28:20.860]  鄂圖選擇接受痛苦是人生的一部分
[01:28:20.860 --> 01:28:23.380]  他不單是為自己去生存
[01:28:23.380 --> 01:28:26.380]  同時為他所愛的太太生存
[01:28:26.380 --> 01:28:28.500]  經歷了大屠殺之後
[01:28:28.500 --> 01:28:30.380]  鄂圖更加虔誠
[01:28:30.380 --> 01:28:33.180]  他每天在書房祈禱讀經
[01:28:33.180 --> 01:28:36.620]  鄂圖他認為如果人生是有意義的話
[01:28:36.620 --> 01:28:38.620]  受苦應該都有意義
[01:28:38.620 --> 01:28:40.460]  他是一個猶太人
[01:28:40.460 --> 01:28:42.540]  即是猶太教人
[01:28:42.540 --> 01:28:47.660]  他這樣的思想是影響著那些德國的基督徒
[01:28:47.660 --> 01:28:50.620]  即是第二次世界大戰後的德國基督徒
[01:28:50.620 --> 01:28:53.340]  他會問受苦有甚麼意義
[01:28:53.340 --> 01:28:57.740]  其實這個問題是戰爭後的人很深刻
[01:28:57.740 --> 01:29:00.060]  鄂圖的《意義治療法》有一種
[01:29:00.060 --> 01:29:02.660]  「意義學理對抗無意義」
[01:29:02.660 --> 01:29:05.420]  這裏要和大家讀一下筆文
[01:29:05.420 --> 01:29:08.420]  Sin Lery 基金別Sin Lery
[01:29:08.420 --> 01:29:14.540]  因Sin Lery 和 Sin Lery 可以說是一樣的
[01:29:14.540 --> 01:29:17.700]  前面那個就是「意義的道理」
[01:29:17.700 --> 01:29:20.460]  「意義的空白」後面那個就是「意義的空白」
[01:29:20.460 --> 01:29:24.420]  「意義的道理」是對抗意義的空白
[01:29:24.420 --> 01:29:26.060]  所以其實很有意思的
[01:29:26.060 --> 01:29:28.620]  即是這個《意義治療法》就是說
[01:29:28.620 --> 01:29:31.660]  你用甚麼來對抗空白的意義
[01:29:31.660 --> 01:29:34.060]  和無意義的人生呢
[01:29:34.060 --> 01:29:36.980]  他就很注重靈性和自我超越
[01:29:36.980 --> 01:29:39.500]  即是他不像我們基督徒
[01:29:39.500 --> 01:29:42.740]  但他是在說我們靈性上的力量
[01:29:42.740 --> 01:29:45.540]  幫我們去面對那個人生
[01:29:45.540 --> 01:29:48.220]  所以如果我不是讀輔導的
[01:29:48.220 --> 01:29:51.020]  但是當我去看第二次世界大戰後
[01:29:51.020 --> 01:29:54.060]  猶太人的那些作品的時候
[01:29:54.060 --> 01:29:57.580]  我感覺到其實他是很有治療的作品
[01:29:57.580 --> 01:30:00.060]  即是對我很有鼓勵
[01:30:00.060 --> 01:30:02.940]  弗洛伊德他都有一個慾望的意志
[01:30:02.940 --> 01:30:04.740]  「Villain to a Loose」
[01:30:04.740 --> 01:30:09.980]  和這個Rudolf Adler
[01:30:09.980 --> 01:30:11.900]  有一個權力的意志
[01:30:11.900 --> 01:30:14.220]  即是「Villain to a Mask」
[01:30:14.220 --> 01:30:17.180]  即是說都是要有意志
[01:30:17.180 --> 01:30:18.500]  那個意志是甚麼
[01:30:18.500 --> 01:30:22.100]  是得到慾望或者得到權力
[01:30:22.100 --> 01:30:25.940]  弗蘭克他講的意志是甚麼
[01:30:25.940 --> 01:30:28.940]  是要有得到意義的意志
[01:30:28.940 --> 01:30:30.260]  「Villain to a Sin」
[01:30:30.260 --> 01:30:32.020]  即是說他很正面
[01:30:32.020 --> 01:30:33.380]  即是我們要有意志
[01:30:33.380 --> 01:30:34.980]  不是要成為一個超人
[01:30:34.980 --> 01:30:37.820]  我們要成為一個有意義的人
[01:30:37.820 --> 01:30:39.820]  當人有意義的意志
[01:30:39.820 --> 01:30:41.620]  就有自我超越的訴求
[01:30:41.620 --> 01:30:44.300]  你就會不只是平面人
[01:30:44.300 --> 01:30:46.260]  在尋找意義的過程裏面
[01:30:46.260 --> 01:30:48.980]  我們會遇到存在的真空
[01:30:48.980 --> 01:30:51.460]  我們感覺人生就空洞
[01:30:51.460 --> 01:30:54.620]  我不知道那些考DSE的年青人是怎樣
[01:30:54.620 --> 01:30:58.380]  有些教育經常都為DSE的同學祈禱
[01:30:58.380 --> 01:31:00.260]  他們會考完之後很空洞嗎
[01:31:00.260 --> 01:31:01.260]  聽說不是
[01:31:01.260 --> 01:31:04.060]  考完試後他們已經計劃好去旅行
[01:31:04.060 --> 01:31:06.820]  我們聽說有些大學生畢業之後
[01:31:06.820 --> 01:31:10.540]  他已經未畢業已經計劃了一班人去旅行
[01:31:10.540 --> 01:31:13.020]  我有些同事都是這樣講給我們聽的
[01:31:13.020 --> 01:31:17.700]  亦都有些人他已經計劃好去日本旅行
[01:31:17.700 --> 01:31:19.820]  我有認識一些人去返鄉那
[01:31:19.820 --> 01:31:21.100]  去日本要返鄉那
[01:31:21.100 --> 01:31:22.100]  這麼有趣的
[01:31:22.100 --> 01:31:24.420]  不知道你們有沒有這樣的情況
[01:31:24.420 --> 01:31:27.180]  人生有沒有目標沒有趣味
[01:31:27.180 --> 01:31:28.620]  甚麼都是一樣
[01:31:28.620 --> 01:31:31.100]  很沉悶很討厭很容易
[01:31:31.100 --> 01:31:34.300]  其實現代很多人都有這個感受
[01:31:34.300 --> 01:31:38.580]  當然很多人的故事是不同的
[01:31:38.580 --> 01:31:40.740]  不過我不是做輔導的
[01:31:40.740 --> 01:31:46.100]  不過我鼓勵大家都可以看第二次世界大戰的時候
[01:31:46.100 --> 01:31:49.060]  那些人的心路歷程
[01:31:49.060 --> 01:31:51.020]  你可以看到很多東西
[01:31:51.020 --> 01:31:54.340]  不知道大家有沒有想過甚麼叫無父一代
[01:31:54.340 --> 01:31:55.740]  這個字眼
[01:31:55.740 --> 01:31:59.100]  這個無父一代其實是第二次世界大戰出來的
[01:31:59.100 --> 01:32:01.420]  德國死了很多男人
[01:32:01.420 --> 01:32:03.220]  你知不知道德國重建的時候
[01:32:03.220 --> 01:32:07.140]  那些婦女出來一個磚一塊磚砌一間屋
[01:32:07.140 --> 01:32:08.420]  很厲害
[01:32:08.420 --> 01:32:14.060]  即是那班青年成長在那無父一代
[01:32:14.060 --> 01:32:16.580]  即是沒有權威沒有安全感
[01:32:16.580 --> 01:32:20.580]  所以社會學講這些其實是戰爭後出現的東西
[01:32:20.580 --> 01:32:24.580]  究竟人怎樣知道價值和意義呢
[01:32:24.580 --> 01:32:28.420]  法蘭克他認為人對靈性的意識是很重要
[01:32:28.420 --> 01:32:31.900]  即是我們有意識到屬靈生命是很重要的
[01:32:31.900 --> 01:32:34.260]  是從對靈性的無意義那裏來
[01:32:34.260 --> 01:32:36.260]  即是你靈性上空白
[01:32:36.260 --> 01:32:40.340]  你就更加要去找一個靈性上的意義
[01:32:40.340 --> 01:32:43.820]  今日的人很多時候覺得人生無明無意義
[01:32:43.820 --> 01:32:45.420]  其實他們真是要
[01:32:45.420 --> 01:32:47.420]  即是他們裏面有訴求
[01:32:47.420 --> 01:32:51.540]  最近講的那個香港心理學會的調查就說
[01:32:51.540 --> 01:32:56.460]  Z世代的人因為太多時候用手機
[01:32:56.460 --> 01:33:00.220]  他們的情緒是比較難去處理
[01:33:00.220 --> 01:33:06.660]  即是那個憂慮和抑鬱的數字是增加的
[01:33:06.660 --> 01:33:08.300]  其實我們真是要很注意
[01:33:08.300 --> 01:33:11.020]  這一代人是比較脆弱的
[01:33:11.020 --> 01:33:11.780]  是很脆弱
[01:33:11.780 --> 01:33:13.620]  我們自己都很脆弱
[01:33:13.620 --> 01:33:16.460]  在每個處境
[01:33:16.460 --> 01:33:19.020]  或者我單單講一個別的意義
[01:33:19.020 --> 01:33:20.940]  都會認錯
[01:33:20.940 --> 01:33:23.580]  尋找的方法是直覺不是理性
[01:33:23.580 --> 01:33:25.500]  這個就是法蘭克他提到的
[01:33:25.500 --> 01:33:27.780]  我們就要自己去找
[01:33:27.780 --> 01:33:29.860]  接著我們就攤開去找
[01:33:29.860 --> 01:33:32.740]  究竟人生整體有沒有意義
[01:33:32.740 --> 01:33:34.700]  你要回答這個問題
[01:33:34.700 --> 01:33:37.580]  法蘭克他回答這個問題
[01:33:37.580 --> 01:33:40.380]  就進入一個無意識的宗教性
[01:33:40.380 --> 01:33:42.180]  和無意識的上帝的範圍
[01:33:42.180 --> 01:33:44.700]  即是他都要碰到上帝這個東西
[01:33:44.700 --> 01:33:46.900]  當老百萬猶太人被屠殺的時候
[01:33:46.900 --> 01:33:49.620]  第一批提出上帝在哪裏的人
[01:33:49.620 --> 01:33:51.220]  應該是猶太人
[01:33:51.220 --> 01:33:54.580]  猶太人首先面對信仰的衝擊
[01:33:54.580 --> 01:34:01.140]  其實我就很喜歡從這些猶太人的作品裏面看一下
[01:34:01.140 --> 01:34:03.220]  究竟他們是在想什麼
[01:34:03.220 --> 01:34:05.620]  我怎樣去看待這個上帝
[01:34:05.620 --> 01:34:07.660]  究竟上帝是不是慈愛的呢
[01:34:07.660 --> 01:34:09.100]  是不是公義的呢
[01:34:09.100 --> 01:34:12.340]  上帝是全能還是無能的呢
[01:34:12.340 --> 01:34:13.740]  在大屠殺之後
[01:34:13.740 --> 01:34:15.780]  有猶太人放棄信仰
[01:34:15.780 --> 01:34:17.860]  有猶太人保持信仰
[01:34:17.860 --> 01:34:20.140]  有猶太人深化信仰
[01:34:20.140 --> 01:34:22.220]  第二批提出上帝在哪裏的人
[01:34:22.220 --> 01:34:25.140]  就是德國的神王加菲爾博特曼
[01:34:25.140 --> 01:34:26.580]  在第二次世界大戰內
[01:34:26.580 --> 01:34:29.980]  有猶太人被屠殺的時候
[01:34:29.980 --> 01:34:34.420]  我們是否仍然相信上帝掌管人類的歷史呢
[01:34:34.420 --> 01:34:36.940]  不過我們對人性的黑暗
[01:34:36.940 --> 01:34:39.140]  是否會看得更加深入呢
[01:34:39.140 --> 01:34:45.180]  剛才我講問題登陸到希特拉敗亡的過程
[01:34:45.180 --> 01:34:48.700]  我就想分享在我自己的探討之中
[01:34:48.700 --> 01:34:51.140]  其實上帝默默地帶領
[01:34:51.140 --> 01:34:54.060]  這場戰事是結束的
[01:34:54.060 --> 01:34:55.500]  嚴格來講
[01:34:55.500 --> 01:34:58.620]  德軍是可以不用這樣輸的
[01:34:58.620 --> 01:35:01.060]  是他調兵的時候
[01:35:01.060 --> 01:35:03.660]  早去阻民軍去登陸
[01:35:03.660 --> 01:35:06.580]  已經是兩個世界了
[01:35:06.580 --> 01:35:08.620]  你想一下
[01:35:08.620 --> 01:35:11.460]  根本他不是不知道民軍會登陸
[01:35:11.460 --> 01:35:13.900]  是他佈防做得不好
[01:35:13.900 --> 01:35:15.900]  戰術做得不好
[01:35:15.900 --> 01:35:17.740]  到別人登岸的時候
[01:35:17.740 --> 01:35:19.100]  你都不出兵打
[01:35:19.100 --> 01:35:23.980]  你不是用裝甲車
[01:35:23.980 --> 01:35:25.180]  裝甲兵去打
[01:35:25.180 --> 01:35:26.500]  你沒有裝甲
[01:35:26.500 --> 01:35:27.460]  沒有坦克
[01:35:27.460 --> 01:35:29.220]  你就是用步兵去打
[01:35:29.220 --> 01:35:30.620]  那你怎樣打呢
[01:35:30.620 --> 01:35:31.900]  沒得打
[01:35:31.900 --> 01:35:32.660]  你想一下民事
[01:35:32.660 --> 01:35:34.900]  這個是不合理的
[01:35:34.900 --> 01:35:37.860]  所以已經輸了個頭
[01:35:37.860 --> 01:35:39.860]  你有成百萬兵上了海
[01:35:39.860 --> 01:35:42.620]  你還有甚麼可以
[01:35:42.620 --> 01:35:44.740]  你怎樣去扭轉局勢
[01:35:44.740 --> 01:35:47.860]  他不單是海那邊的砲艦
[01:35:47.860 --> 01:35:50.060]  那些艦可以發砲上來
[01:35:50.060 --> 01:35:52.340]  他那些重武器都上了海的時候
[01:35:52.340 --> 01:35:53.820]  你怎樣打呢
[01:35:53.820 --> 01:35:56.220]  你明明是阻不了的
[01:35:56.220 --> 01:35:59.700]  所以這件事就反映了一件事
[01:35:59.700 --> 01:36:01.660]  我們說洛曼底登陸
[01:36:01.660 --> 01:36:03.780]  那天叫Decision Day
[01:36:03.780 --> 01:36:04.900]  D-Day
[01:36:04.900 --> 01:36:08.020]  因此很多我們的讀者就說
[01:36:08.020 --> 01:36:10.420]  耶穌基督被釘十字架那天
[01:36:10.420 --> 01:36:12.180]  就是D-Day
[01:36:12.180 --> 01:36:14.340]  是決定性的
[01:36:14.340 --> 01:36:15.660]  但希特勒還沒輸
[01:36:15.660 --> 01:36:18.260]  因為耶穌被釘十字架復活
[01:36:18.260 --> 01:36:20.860]  就不等於耶穌得勝再贏
[01:36:20.860 --> 01:36:23.460]  所以如果我們這樣看的時候
[01:36:23.460 --> 01:36:26.140]  那我們怎樣看人類的歷史呢
[01:36:26.140 --> 01:36:28.820]  我們見到科學進步
[01:36:28.820 --> 01:36:29.820]  經濟發明
[01:36:29.820 --> 01:36:31.420]  政治穩定
[01:36:31.420 --> 01:36:33.460]  但人性不是變得好做的
[01:36:33.460 --> 01:36:34.500]  你見不見到
[01:36:34.500 --> 01:36:36.300]  人性不是見不見得好做的
[01:36:36.300 --> 01:36:38.540]  我舉一個例子
[01:36:38.540 --> 01:36:40.580]  在1939年9月1日
[01:36:40.580 --> 01:36:42.260]  德國打波蘭
[01:36:42.260 --> 01:36:44.900]  但德國在打波蘭之前
[01:36:44.900 --> 01:36:49.540]  它已經動兵去了捷克蘇台區
[01:36:49.540 --> 01:36:52.060]  在1938年的時候
[01:36:52.060 --> 01:36:54.380]  希特勒就認為
[01:36:54.380 --> 01:36:57.220]  就已經在國際互聯網那裏說
[01:36:57.220 --> 01:36:59.900]  我們在捷克那裏的德國裏的人
[01:36:59.900 --> 01:37:02.740]  是被蘇台區那些人欺負
[01:37:02.740 --> 01:37:05.980]  我要保護在蘇台區德國人的利益
[01:37:05.980 --> 01:37:08.020]  我要出兵打他們
[01:37:08.020 --> 01:37:10.060]  那你聽到即是怎樣
[01:37:10.060 --> 01:37:11.580]  他怎樣被欺負
[01:37:11.580 --> 01:37:13.780]  那你自己揣摩吧
[01:37:13.780 --> 01:37:15.380]  總之他想出兵
[01:37:15.380 --> 01:37:21.540]  而當時法國和英國就做了一個決定
[01:37:21.540 --> 01:37:23.540]  他說希特勒
[01:37:23.540 --> 01:37:26.020]  你都是要拿你的利益的
[01:37:26.020 --> 01:37:28.620]  你拿了這東西算數
[01:37:28.620 --> 01:37:29.820]  搞到明年
[01:37:29.820 --> 01:37:32.220]  是法國和英國
[01:37:32.220 --> 01:37:35.540]  默許希特勒去和我們
[01:37:35.540 --> 01:37:40.500]  在一次的政體會議上
[01:37:40.500 --> 01:37:44.940]  俄羅斯和捷克的領袖就要出席
[01:37:44.940 --> 01:37:52.460]  就是德國、法國、英國和意大利的領導層
[01:37:52.460 --> 01:37:54.700]  就決定了說甚麼呢
[01:37:54.700 --> 01:37:56.980]  在捷克蘇台區裏面
[01:37:56.980 --> 01:38:03.460]  哪一個城市有超過50%的德國裔的人在那裏
[01:38:03.460 --> 01:38:05.540]  那個城市就歸德國
[01:38:05.540 --> 01:38:10.220]  你想想這件事是否很瘋狂、很荒謬
[01:38:10.220 --> 01:38:14.860]  其實他們這些盟國做了這件事
[01:38:14.860 --> 01:38:17.300]  亦都做錯誤的
[01:38:17.300 --> 01:38:18.980]  你不停止希特勒
[01:38:18.980 --> 01:38:20.500]  那你就中計了
[01:38:20.500 --> 01:38:22.660]  結果希特勒就說
[01:38:22.660 --> 01:38:26.620]  你說是50%以上才是我
[01:38:26.620 --> 01:38:27.300]  不是啊
[01:38:27.300 --> 01:38:30.700]  不是50%那些都是我的
[01:38:30.700 --> 01:38:37.300]  所以1938年德軍就速兵去了捷克
[01:38:37.300 --> 01:38:43.660]  這個理由和俄羅斯去打烏克蘭是否有些相近呢
[01:38:43.660 --> 01:38:44.340]  你想想
[01:38:44.340 --> 01:38:49.180]  我要保護在烏克蘭東面的俄羅斯人的利益
[01:38:49.180 --> 01:38:50.740]  其實是一樣的
[01:38:50.740 --> 01:38:52.500]  我不講那麼多政治的東西
[01:38:52.500 --> 01:38:56.940]  但是你會看見希特勒這種情況
[01:38:56.940 --> 01:39:00.300]  其實在世界不斷會重現的
[01:39:00.300 --> 01:39:05.900]  只不過歷史有時我們未必學到
[01:39:05.900 --> 01:39:07.900]  人是見得完美的
[01:39:07.900 --> 01:39:10.700]  我們要承認人就是罪人
[01:39:10.700 --> 01:39:13.380]  有人性是虛偽、嫉妒、奸詐
[01:39:13.380 --> 01:39:15.580]  個人的罪、社群的罪
[01:39:15.580 --> 01:39:17.940]  累積就成為集體的罪
[01:39:17.940 --> 01:39:20.620]  集體的罪就好像罪的網絡一樣
[01:39:20.620 --> 01:39:22.900]  將所有人都困住
[01:39:22.900 --> 01:39:24.460]  在政治層面裏面
[01:39:24.460 --> 01:39:27.820]  主導的是要繼續保持主導的地位
[01:39:27.820 --> 01:39:30.380]  冒起的是要挑戰一哥的地位
[01:39:30.380 --> 01:39:33.180]  將來對抗矛盾是無法避免的
[01:39:33.180 --> 01:39:35.340]  這個世界從來都是這樣的
[01:39:35.340 --> 01:39:36.940]  國際政治不斷在變
[01:39:36.940 --> 01:39:39.740]  大家都是爭取自己最大的利益
[01:39:39.740 --> 01:39:43.380]  問題就是由利用文明的道德規律
[01:39:43.380 --> 01:39:45.500]  還是動物的心能規律
[01:39:45.500 --> 01:39:46.420]  大家明不明白
[01:39:46.420 --> 01:39:48.260]  你是用文明規律去處理
[01:39:48.260 --> 01:39:50.540]  還是心能規律
[01:39:50.540 --> 01:39:53.020]  誰大誰惡誰正確呢
[01:39:53.020 --> 01:39:56.340]  所以文明道德的規律就是理性的盲觀
[01:39:56.340 --> 01:40:00.540]  所以動物心能規律就是訴諸戰爭
[01:40:00.540 --> 01:40:03.460]  訴諸戰爭一定要出師有型
[01:40:03.460 --> 01:40:07.540]  不過第二年有些戰爭是找藉口去打的
[01:40:07.540 --> 01:40:10.820]  你看到很多戰爭都是找藉口去打的
[01:40:10.820 --> 01:40:12.580]  很多恐怖襲擊你打我
[01:40:12.580 --> 01:40:14.060]  我便恐怖襲擊你
[01:40:14.060 --> 01:40:16.060]  最後甚麼 傷亡無辜
[01:40:16.060 --> 01:40:17.460]  很簡單的道理
[01:40:17.460 --> 01:40:20.100]  我們要看一個戰亂民和的世界
[01:40:20.100 --> 01:40:22.980]  第三次世界大戰是一觸即發的
[01:40:22.980 --> 01:40:26.940]  AI戰 生物化 武器戰 核戰
[01:40:26.940 --> 01:40:29.820]  將會帶來毀滅性的破壞
[01:40:29.820 --> 01:40:33.220]  究竟上帝是否掌管人類歷史
[01:40:33.220 --> 01:40:35.420]  到這裏聖經有歷史
[01:40:35.420 --> 01:40:37.180]  History和綜活
[01:40:37.180 --> 01:40:40.700]  Eschaton 啟示錄裏面的觀念
[01:40:40.700 --> 01:40:43.180]  人類歷史的終點是甚麼
[01:40:43.180 --> 01:40:45.540]  是宇宙的綜活
[01:40:45.540 --> 01:40:48.340]  人類歷史的終點是世界末日
[01:40:48.340 --> 01:40:51.740]  宇宙的綜活就是新天新地的開始
[01:40:51.740 --> 01:40:55.620]  所以大家閱讀啟示錄是很正確的
[01:40:55.620 --> 01:40:57.380]  世界末日 耶穌再落
[01:40:57.380 --> 01:41:00.780]  都是我們基督徒信仰的重要內容
[01:41:00.780 --> 01:41:03.180]  世界危機提醒我們不要以為
[01:41:03.180 --> 01:41:05.340]  世界上可以建立一些東西
[01:41:05.340 --> 01:41:07.140]  你可以傳到永遠
[01:41:07.140 --> 01:41:11.740]  世界上的一切都是不斷改變
[01:41:11.740 --> 01:41:14.340]  沒有人可以操控這個世界
[01:41:14.340 --> 01:41:16.660]  第二次世界大戰之後
[01:41:16.660 --> 01:41:19.060]  人類的社會被重建
[01:41:19.060 --> 01:41:22.540]  因為上帝掌管人類的歷史
[01:41:22.540 --> 01:41:25.940]  現在我們又面對著歷史的十字路口
[01:41:25.940 --> 01:41:27.580]  我們是怎樣呢
[01:41:27.580 --> 01:41:30.580]  是應該回歸人類歷史的主
[01:41:30.580 --> 01:41:32.460]  去明白上帝的心意
[01:41:32.460 --> 01:41:34.220]  盡上自己的責任
[01:41:34.220 --> 01:41:36.900]  減慢人類走向滅亡的速度
[01:41:36.900 --> 01:41:39.140]  所以其實我們
[01:41:39.140 --> 01:41:41.100]  你可以說是
[01:41:41.100 --> 01:41:44.260]  我們活在這個時代不是我們選擇的
[01:41:44.260 --> 01:41:45.780]  但是某個角度來講
[01:41:45.780 --> 01:41:48.820]  我這些是叫Baby boomer的時代
[01:41:48.820 --> 01:41:51.500]  即是60年代那些人
[01:41:51.500 --> 01:41:54.140]  我們其實是在一個
[01:41:54.140 --> 01:41:56.860]  相當不錯的時代成長的
[01:41:56.860 --> 01:41:58.580]  即是我們這一代
[01:41:58.580 --> 01:42:01.180]  但這一代的青年人就艱難得多了
[01:42:01.180 --> 01:42:03.740]  即是他們出來的時候就面對著
[01:42:03.740 --> 01:42:06.460]  很多很多的艱難
[01:42:06.460 --> 01:42:10.020]  所以我們都有一個時代的責任
[01:42:10.020 --> 01:42:11.580]  歷史的責任
[01:42:11.580 --> 01:42:13.500]  特別就是說
[01:42:13.500 --> 01:42:16.740]  我們自己是基督徒的
[01:42:16.740 --> 01:42:18.100]  我們認識上帝
[01:42:18.100 --> 01:42:22.060]  我們都要想我們有些甚麼就行
[01:42:22.060 --> 01:42:25.340]  這裡講一點我自己的感受
[01:42:25.340 --> 01:42:27.180]  因為我退休了
[01:42:27.180 --> 01:42:30.780]  去年就退休了,不過延期一年而已
[01:42:30.780 --> 01:42:32.020]  你知道退休的時候
[01:42:32.020 --> 01:42:35.540]  我見過教了很多弟兄姊妹不同的心態的
[01:42:35.540 --> 01:42:39.020]  有些人退休好像病了
[01:42:39.020 --> 01:42:41.500]  有沒有認識一些朋友退了休就病了呢?
[01:42:41.500 --> 01:42:43.860]  是,真的,怎麼辦?
[01:42:43.860 --> 01:42:46.740]  因為他找不到自己
[01:42:46.740 --> 01:42:49.820]  就是奮鬥的目標
[01:42:49.820 --> 01:42:51.620]  有些人退了休之後
[01:42:51.620 --> 01:42:53.620]  家庭關係是惡化的
[01:42:53.620 --> 01:42:54.820]  因為為甚麼呢?
[01:42:54.820 --> 01:42:57.220]  譬如兩夫婦平日都上班
[01:42:57.220 --> 01:42:59.020]  回來都沒甚麼時間吵架
[01:42:59.020 --> 01:43:00.580]  大家都在家裏睡
[01:43:00.580 --> 01:43:03.060]  但不是的,退休之後你日日對我
[01:43:03.060 --> 01:43:04.220]  我日日對你
[01:43:04.220 --> 01:43:06.780]  為甚麼你們有這麼多動作
[01:43:06.780 --> 01:43:09.340]  結果大家的衝突是增加了
[01:43:09.340 --> 01:43:12.260]  我聽完這些都覺得要小心一點
[01:43:12.260 --> 01:43:14.540]  有些弟兄姊妹
[01:43:14.540 --> 01:43:17.020]  他們的生活條件比較好
[01:43:17.020 --> 01:43:18.580]  經常都去旅遊的
[01:43:18.580 --> 01:43:22.020]  早前COVID就不能去
[01:43:22.020 --> 01:43:25.580]  現在中租區居民又不可以坐郵輪
[01:43:25.580 --> 01:43:29.340]  其實這些東西打亂了他們的生活
[01:43:29.340 --> 01:43:30.580]  我就問
[01:43:30.580 --> 01:43:32.380]  我們沒有這樣的本事
[01:43:32.380 --> 01:43:34.740]  我們的人生又為了甚麼呢?
[01:43:34.740 --> 01:43:36.300]  有些人他們喜歡
[01:43:36.300 --> 01:43:37.660]  說一些笑話
[01:43:37.660 --> 01:43:39.100]  他們喜歡種花
[01:43:39.100 --> 01:43:40.380]  但我又有花粉症
[01:43:40.380 --> 01:43:41.780]  我又不可以種花
[01:43:41.780 --> 01:43:43.780]  那我可以做些甚麼呢?
[01:43:43.780 --> 01:43:47.420]  我們都會為我們退休之後去想做些甚麼
[01:43:47.420 --> 01:43:49.860]  我發覺我退休之後
[01:43:49.860 --> 01:43:55.380]  自從由2元雞變成不是2元雞的時候
[01:43:55.380 --> 01:44:00.980]  我就開始數算我每次坐船、坐車的費用是多少
[01:44:00.980 --> 01:44:02.500]  這個都是小事
[01:44:02.500 --> 01:44:04.060]  但問題是
[01:44:04.060 --> 01:44:07.020]  我開始的思維是倒數式思維
[01:44:07.020 --> 01:44:10.540]  不知道你們接近退休的人是否這樣想
[01:44:10.540 --> 01:44:14.420]  我已經不是往向前想我有多少
[01:44:14.420 --> 01:44:17.100]  而是我說如果我80歲死
[01:44:17.100 --> 01:44:18.700]  我85歲死
[01:44:18.700 --> 01:44:21.020]  我回頭到今天我還有多少年
[01:44:21.020 --> 01:44:23.300]  不知道你們有沒有這樣的思維
[01:44:23.300 --> 01:44:25.020]  我是正面的
[01:44:25.020 --> 01:44:26.420]  如果我80歲死
[01:44:26.420 --> 01:44:27.420]  我有十多年
[01:44:27.420 --> 01:44:29.780]  我應該好好用這十多年時間
[01:44:29.780 --> 01:44:31.980]  不只是財務管理的問題
[01:44:31.980 --> 01:44:34.540]  而是說我時間的問題
[01:44:34.540 --> 01:44:37.940]  開始會想其實死是很正面的事
[01:44:37.940 --> 01:44:39.980]  我不是在說甚麼
[01:44:39.980 --> 01:44:43.300]  你想深一層生活的時候是上帝規定的
[01:44:43.300 --> 01:44:48.940]  問題是我現在有很好的活在我上帝給我的時間
[01:44:48.940 --> 01:44:50.860]  如果我已經是退休
[01:44:50.860 --> 01:44:52.460]  以前沒那麼多時間活
[01:44:52.460 --> 01:44:54.420]  我就覺得很好
[01:44:54.420 --> 01:44:56.500]  好好活我這十多年
[01:44:56.500 --> 01:44:58.620]  就有不同的想法
[01:44:58.620 --> 01:45:02.220]  我就會想我以前有甚麼不想做或沒做的
[01:45:02.220 --> 01:45:04.780]  原本做事就是這樣想
[01:45:04.780 --> 01:45:06.580]  很想做那件事就沒時間做
[01:45:06.580 --> 01:45:07.820]  因為要學
[01:45:07.820 --> 01:45:10.020]  有些人學做餅做這件事
[01:45:10.020 --> 01:45:12.060]  很多有趣的事
[01:45:12.060 --> 01:45:14.940]  究竟我的使命、我的責任是甚麼
[01:45:14.940 --> 01:45:17.540]  所以我想我們大家都可以想想
[01:45:17.540 --> 01:45:19.580]  面對這個歷史十字路口
[01:45:19.580 --> 01:45:22.260]  我有些甚麼責任
[01:45:22.260 --> 01:45:27.540]  我們應該吸取第一第二次世界大戰的經驗
[01:45:27.540 --> 01:45:30.900]  來阻止人類去發動第三次世界大戰
[01:45:30.900 --> 01:45:31.860]  你明不明白
[01:45:31.860 --> 01:45:33.980]  我們都有個小小的責任
[01:45:33.980 --> 01:45:36.140]  我們要醒覺
[01:45:36.140 --> 01:45:41.300]  真實的戰爭和遊戲機裏面的戰爭是不同的
[01:45:41.300 --> 01:45:43.980]  在遊戲機裏面我裂了一個
[01:45:43.980 --> 01:45:46.420]  那些不是活生生的生命
[01:45:46.420 --> 01:45:48.980]  但在戰爭裏面那些是生命
[01:45:48.980 --> 01:45:52.340]  真實的戰爭是會有活生生的死亡
[01:45:52.340 --> 01:45:54.860]  受傷和成為難民
[01:45:54.860 --> 01:45:57.100]  你明不明白這件事
[01:45:57.100 --> 01:46:00.140]  上帝是掌管人類歷史的主
[01:46:00.140 --> 01:46:03.100]  聖經是教我們要有一個神聖的使命
[01:46:03.100 --> 01:46:05.780]  使命是要做和平之子
[01:46:05.780 --> 01:46:08.340]  我們傳播洗人和平的福音
[01:46:08.340 --> 01:46:15.420]  這就是我很希望對於這個存在移民的信仰
[01:46:15.420 --> 01:46:18.780]  最後我們不是帶著移民去離開
[01:46:18.780 --> 01:46:24.540]  我們只不過是透過這些問題去激發我們走近上帝
[01:46:24.540 --> 01:46:27.460]  最重要的就是我們可以回去再想一下
[01:46:27.460 --> 01:46:31.180]  其實我們看看身邊的事情
[01:46:31.180 --> 01:46:33.180]  很多事情是不可以做的
[01:46:33.180 --> 01:46:36.540]  因為很多人都跟我們講要快點整個萎縮
[01:46:36.540 --> 01:46:39.460]  怎樣去保養自己
[01:46:39.460 --> 01:46:41.580]  我們要注重這些
[01:46:41.580 --> 01:46:45.700]  我們會不會想一下其實我們餘下的生命
[01:46:45.700 --> 01:46:52.060]  我可以怎樣去對應我們所信的上帝對我們的要求
[01:46:52.060 --> 01:46:54.500]  我的移民有沒有得到解決
[01:46:54.500 --> 01:46:57.220]  我會越來越清楚我信的東西
[01:46:57.220 --> 01:46:58.860]  不是我一時衝動
[01:46:58.860 --> 01:47:00.980]  或者我心理需要的
[01:47:00.980 --> 01:47:03.780]  或者我們更加知道
[01:47:03.780 --> 01:47:07.500]  這是上帝在我們一生裏面引領著的
[01:47:07.500 --> 01:47:15.860]  我希望我們不只是一個在善情的環境底下去賠償
[01:47:15.860 --> 01:47:20.020]  而是我們可以這樣去思想人生的課題
[01:47:20.020 --> 01:47:24.340]  看看很多好像不是很理想的東西
[01:47:24.340 --> 01:47:26.060]  不是很公義的東西
[01:47:26.060 --> 01:47:29.220]  或者充滿血淚的世界裏面
[01:47:29.220 --> 01:47:33.420]  我怎樣去講這個上帝是在這裏的
[01:47:33.420 --> 01:47:36.260]  我希望大家透過今天
[01:47:36.260 --> 01:47:38.780]  你是走近了上帝
[01:47:38.780 --> 01:47:44.580]  還有最後我很希望大家真的走近上帝
[01:47:44.580 --> 01:47:47.500]  我今天講的聖經只是單一段
[01:47:47.500 --> 01:47:51.260]  理論上不是很理想
[01:47:51.260 --> 01:47:54.420]  因為環球聖經公會應該講多一點聖經
[01:47:54.420 --> 01:47:56.700]  不過我的目的都是想大家
[01:47:56.700 --> 01:48:01.420]  你透過這些人類歷史的一些事情
[01:48:01.420 --> 01:48:03.060]  你更加知道
[01:48:03.060 --> 01:48:04.820]  我不去看聖經
[01:48:04.820 --> 01:48:07.060]  我是不明白到上帝的心意
[01:48:07.060 --> 01:48:08.180]  我不看聖經
[01:48:08.180 --> 01:48:10.940]  我不明白到上帝掌管宇宙的信仰
[01:48:10.940 --> 01:48:15.860]  我希望大家今晚不會覺得是花你
[01:48:15.860 --> 01:48:17.220]  浪費了你的時間
[01:48:17.220 --> 01:48:23.940]  而是讓你可以再一次的去思想
[01:48:23.940 --> 01:48:25.740]  這個信仰是真實的
[01:48:25.740 --> 01:48:27.620]  在最後我們有一個簡單的祈禱
[01:48:27.620 --> 01:48:30.580]  聯絡加俾阿彌陀佛
[01:48:30.580 --> 01:48:33.700]  慈悲人愛天父我們向你感恩
[01:48:33.700 --> 01:48:37.500]  因為我們有問題是很正常的
[01:48:37.500 --> 01:48:40.140]  我們有疑問也是很正常的
[01:48:40.140 --> 01:48:41.900]  我們去尋找你
[01:48:41.900 --> 01:48:42.700]  你答我
[01:48:42.700 --> 01:48:44.140]  我回答你
[01:48:44.140 --> 01:48:46.340]  尋找的是必不得尋見
[01:48:46.340 --> 01:48:48.740]  求回的你必定為他開門
[01:48:48.740 --> 01:48:51.940]  我們願意我們做弟兄姊妹
[01:48:51.940 --> 01:48:54.740]  去信仰是認真、真誠
[01:48:54.740 --> 01:48:56.780]  是一個尋道者
[01:48:56.780 --> 01:48:59.460]  尋找到真理的時候
[01:48:59.460 --> 01:49:01.180]  他一生的服膺
[01:49:01.180 --> 01:49:02.860]  一生的跟隨
[01:49:02.860 --> 01:49:06.580]  我們都很希望更多的年青一代
[01:49:06.580 --> 01:49:09.540]  他們都是認真的去追尋
[01:49:09.540 --> 01:49:12.500]  究竟這個世界有沒有上帝
[01:49:12.500 --> 01:49:16.340]  究竟基督教所講的上帝是否真實
[01:49:16.340 --> 01:49:18.980]  還是我們在宣傳
[01:49:18.980 --> 01:49:20.900]  或者是在推銷
[01:49:20.900 --> 01:49:23.340]  還是真是神呼喚我們
[01:49:23.340 --> 01:49:26.420]  叫我們去傳揚你自己的上帝
[01:49:26.420 --> 01:49:29.780]  就求你今天晚上與我們每一位同在
[01:49:29.780 --> 01:49:32.220]  帶領我們平安地回家
[01:49:32.220 --> 01:49:35.980]  可以將今晚聽到的從你而來的訊息
[01:49:35.980 --> 01:49:39.740]  可以帶來留在心裏面反覆思量
[01:49:39.740 --> 01:49:41.860]  更加謙卑地祈禱
[01:49:41.860 --> 01:49:44.140]  這樣便祈禱耶穌基督的名
[01:49:44.140 --> 01:49:45.140]  感恩
[01:49:45.140 --> 01:49:46.140]  多謝大家
[01:49:46.140 --> 01:49:56.020]  我們再次多謝郭教士
[01:49:56.020 --> 01:49:58.500]  給我們帶開眼界
[01:49:58.500 --> 01:50:02.100]  因為過去我們都是主要集中在聖經裏面
[01:50:02.100 --> 01:50:04.860]  今天帶我們離開聖經的廣告法實
[01:50:04.860 --> 01:50:05.940]  看看這個世界
[01:50:05.940 --> 01:50:08.060]  看完人類的歷史
[01:50:08.060 --> 01:50:09.460]  離開聖經的廣告
[01:50:09.460 --> 01:50:13.580]  再看到原來還是要回到聖經
[01:50:13.580 --> 01:50:15.860]  還是要回到聖經
[01:50:15.860 --> 01:50:17.060]  回到神那裏
[01:50:17.060 --> 01:50:21.220]  才看得明白這個世界
[01:50:21.220 --> 01:50:24.180]  和基督教是如何來回應
[01:50:24.180 --> 01:50:27.460]  其實郭教士有一樣東西沒有提及
[01:50:27.460 --> 01:50:30.540]  因為他第二部分跳過了
[01:50:30.540 --> 01:50:33.340]  我看到有一樣很寶貴的
[01:50:33.340 --> 01:50:43.420]  就是郭教士很想用他這一段人生的下半場的時間
[01:50:43.420 --> 01:50:46.140]  來開一個課程
[01:50:46.140 --> 01:50:55.420]  對應書手的和平神話
[01:50:55.420 --> 01:50:56.740]  開一個課程
[01:50:56.740 --> 01:50:57.980]  有了課程的大綱
[01:50:57.980 --> 01:50:59.060]  大家回去看看
[01:50:59.060 --> 01:51:01.260]  有了整個很完整的課程的大綱
[01:51:01.260 --> 01:51:03.420]  你將會學到甚麼
[01:51:03.420 --> 01:51:06.140]  以及如何考試
[01:51:06.140 --> 01:51:07.860]  全部都記下來了
[01:51:07.860 --> 01:51:08.900]  很詳細的
[01:51:08.900 --> 01:51:12.860]  大家有興趣可以趕過去
[01:51:12.860 --> 01:51:13.460]  多謝
[01:51:13.460 --> 01:51:14.580]  再次多謝郭教士
[01:51:14.580 --> 01:51:17.620]  祝大家每一個路上平安
[01:51:17.620 --> 01:51:19.620]  下一次再見
