
[00:00:00.000 --> 00:00:02.000]  頂姐妹各位朋友平安
[00:00:02.000 --> 00:00:07.600]  這個講座的講題其實去年已經定了
[00:00:07.600 --> 00:00:13.400]  所以很感恩在這個大家要戴著口罩的日子裏面
[00:00:13.400 --> 00:00:15.400]  可以跟大家一同分享
[00:00:15.400 --> 00:00:17.400]  你們很厲害的
[00:00:17.400 --> 00:00:19.800]  為什麼呢?因為我一路走過來的時候
[00:00:19.800 --> 00:00:21.200]  有些人可以叫我的
[00:00:21.200 --> 00:00:22.400]  我就不認得他
[00:00:22.400 --> 00:00:23.400]  香港人真的很厲害的
[00:00:23.400 --> 00:00:26.200]  你戴著口罩眼睛都可以認到人的
[00:00:26.200 --> 00:00:28.200]  我就認不到他們
[00:00:28.200 --> 00:00:30.200]  所以在這裏先道歉
[00:00:30.200 --> 00:00:31.200]  如果看到你
[00:00:31.200 --> 00:00:33.200]  你都好像不太認識你
[00:00:33.200 --> 00:00:35.200]  就先對不起
[00:00:35.200 --> 00:00:38.200]  今天的講題就是與逆境共舞
[00:00:38.200 --> 00:00:40.200]  我相信大家都聽過了
[00:00:40.200 --> 00:00:42.200]  危機就是
[00:00:42.200 --> 00:00:46.200]  為什麼沒有聲音的?這麼快就睡了?
[00:00:46.200 --> 00:00:48.200]  危機就是轉機
[00:00:48.200 --> 00:00:50.200]  但是我們經常坐飛機的
[00:00:50.200 --> 00:00:53.200]  大家要知道坐飛機的人
[00:00:53.200 --> 00:00:54.200]  有一件事就是
[00:00:54.200 --> 00:00:56.200]  飛機其實是逆風而飛的
[00:00:56.200 --> 00:00:58.200]  如果你想它飛得穩陣
[00:00:58.200 --> 00:00:59.200]  就應該是逆風的
[00:00:59.200 --> 00:01:02.200]  所以我經常都是逆風
[00:01:02.200 --> 00:01:06.200]  在不同的地方走來走去
[00:01:06.200 --> 00:01:08.200]  很感恩
[00:01:08.200 --> 00:01:11.200]  我今天用這個主題想跟大家分享
[00:01:11.200 --> 00:01:13.200]  先點一下題
[00:01:13.200 --> 00:01:15.200]  因為這個主題其實是黎博士
[00:01:15.200 --> 00:01:17.200]  我們的培訓中心定的
[00:01:17.200 --> 00:01:22.200]  我想逆境就是一些不順利的環境
[00:01:22.200 --> 00:01:24.200]  生活裏面有些困難
[00:01:24.200 --> 00:01:25.200]  有些挫折
[00:01:25.200 --> 00:01:29.200]  或者付出的比我們原定的更要大
[00:01:29.200 --> 00:01:31.200]  好像我等一下會做分享
[00:01:31.200 --> 00:01:32.200]  我這次來這裏都不簡單的
[00:01:32.200 --> 00:01:35.200]  其實付出比我們原定的要大
[00:01:35.200 --> 00:01:39.200]  共舞就是在有節拍的裏面
[00:01:39.200 --> 00:01:41.200]  然後彼此有移動
[00:01:41.200 --> 00:01:43.200]  有時是單人的
[00:01:43.200 --> 00:01:45.200]  有時是集體的
[00:01:45.200 --> 00:01:47.200]  既然我們說心靈驛站
[00:01:47.200 --> 00:01:51.200]  我希望今晚能夠和大家一同思想
[00:01:51.200 --> 00:01:53.200]  我有很多個人的分享
[00:01:53.200 --> 00:01:55.200]  在新心靈裏面
[00:01:55.200 --> 00:01:56.200]  裏面要平安
[00:01:56.200 --> 00:01:59.200]  外面也要讓你看到平安
[00:01:59.200 --> 00:02:01.200]  希望彼此來鼓勵
[00:02:01.200 --> 00:02:04.200]  所以我們按著這個來思想
[00:02:04.200 --> 00:02:08.200]  主要我會和大家分享一封家書
[00:02:08.200 --> 00:02:10.200]  就是彼得前書
[00:02:10.200 --> 00:02:12.200]  如果大家是基督徒
[00:02:12.200 --> 00:02:15.200]  我相信你都會看過這封書信
[00:02:15.200 --> 00:02:20.200]  仕途彼得寫了這封信給當時的人
[00:02:20.200 --> 00:02:23.200]  叫他們要與逆境共舞
[00:02:23.200 --> 00:02:27.200]  在五章書信105節裏面
[00:02:27.200 --> 00:02:30.200]  我們會抽出一些經文
[00:02:30.200 --> 00:02:34.200]  用短短兩個小時的時間
[00:02:34.200 --> 00:02:36.200]  和大家一同分享
[00:02:36.200 --> 00:02:38.200]  先看看這封書信的背景
[00:02:38.200 --> 00:02:40.200]  有背景大家就比較明白
[00:02:40.200 --> 00:02:41.200]  如何看這封書信
[00:02:41.200 --> 00:02:43.200]  這封書信就是彼得寫的
[00:02:43.200 --> 00:02:53.200]  寫給當時在本都,加拉泰,加伯多加,亞細亞,比推亞寄居的人
[00:02:53.200 --> 00:02:57.200]  當時亞細亞的一些教會,一些地區的人
[00:02:57.200 --> 00:02:59.200]  彼得就寫了這封信給他們
[00:02:59.200 --> 00:03:01.200]  為何要寫這封信給他們呢?
[00:03:01.200 --> 00:03:03.200]  為何不打電話呢?
[00:03:03.200 --> 00:03:05.200]  答案很簡單,當時沒有電話
[00:03:05.200 --> 00:03:06.200]  是靠信的
[00:03:06.200 --> 00:03:08.200]  他就寫了這封信
[00:03:08.200 --> 00:03:11.200]  這封信的背景是甚麼呢?
[00:03:11.200 --> 00:03:14.200]  當時羅馬王,這個皇帝叫尼祿
[00:03:14.200 --> 00:03:16.200]  大家可能聽過他的名字
[00:03:16.200 --> 00:03:18.200]  這個人沒有甚麼特別
[00:03:18.200 --> 00:03:20.200]  只是有點神經病
[00:03:20.200 --> 00:03:24.200]  他要把羅馬的城鎮弄得很漂亮
[00:03:24.200 --> 00:03:27.200]  但當時很多人阻止他重建
[00:03:27.200 --> 00:03:30.200]  大家明白了,困難
[00:03:30.200 --> 00:03:33.200]  於是他在歷史裏面說
[00:03:33.200 --> 00:03:35.200]  一把火燒了羅馬城
[00:03:35.200 --> 00:03:37.200]  燒了羅馬城也要找人負責
[00:03:37.200 --> 00:03:40.200]  問責制的情況下就要找人去處理
[00:03:40.200 --> 00:03:43.200]  於是他就說是基督徒做的
[00:03:43.200 --> 00:03:47.200]  當時的基督徒就被逼迫
[00:03:47.200 --> 00:03:49.200]  社會不安,到處有民憤
[00:03:49.200 --> 00:03:51.200]  逼迫基督徒
[00:03:51.200 --> 00:03:53.200]  在這個情況下
[00:03:53.200 --> 00:03:55.200]  彼得就寫了這封信
[00:03:55.200 --> 00:03:57.200]  給當時住在不同地方
[00:03:57.200 --> 00:03:59.200]  剛才大家看到地圖
[00:03:59.200 --> 00:04:01.200]  在亞細亞這個地方
[00:04:01.200 --> 00:04:07.200]  以及住在不同信仰的人群裏面的基督徒
[00:04:07.200 --> 00:04:08.200]  告訴他們
[00:04:08.200 --> 00:04:11.200]  幫助他們,教導他們
[00:04:11.200 --> 00:04:13.200]  我叫他們教導他們
[00:04:13.200 --> 00:04:16.200]  就是逆境一同來跳舞
[00:04:16.200 --> 00:04:18.200]  當時他們面對的是困局
[00:04:18.200 --> 00:04:20.200]  面對的是壓力
[00:04:20.200 --> 00:04:21.200]  面對的是挫折
[00:04:21.200 --> 00:04:22.200]  面對的是挑戰
[00:04:22.200 --> 00:04:23.200]  面對的是苦難
[00:04:23.200 --> 00:04:25.200]  在這封信裏面
[00:04:25.200 --> 00:04:27.200]  彼得就告訴他們
[00:04:27.200 --> 00:04:29.200]  我勸勉你們
[00:04:29.200 --> 00:04:30.200]  向你們證實
[00:04:30.200 --> 00:04:33.200]  神的恩典確實是真實的
[00:04:33.200 --> 00:04:34.200]  是很大的
[00:04:34.200 --> 00:04:36.200]  並且在這個恩典上
[00:04:36.200 --> 00:04:39.200]  你們靠著這封信所寫的
[00:04:39.200 --> 00:04:41.200]  我們稍後一同分享的
[00:04:41.200 --> 00:04:43.200]  你們可以站立得穩固
[00:04:43.200 --> 00:04:45.200]  這個就是背景
[00:04:45.200 --> 00:04:47.200]  行不行?
[00:04:47.200 --> 00:04:49.200]  不行的話可以離開
[00:04:49.200 --> 00:04:55.200]  我會把它分成四部分
[00:04:55.200 --> 00:04:57.200]  大家剛才都收到講義
[00:04:57.200 --> 00:04:59.200]  我很簡單的講義
[00:04:59.200 --> 00:05:01.200]  其實裏面有很多經文
[00:05:01.200 --> 00:05:06.200]  大部分的經文都在彼得的前書裏
[00:05:06.200 --> 00:05:09.200]  四件事我會在上半場講兩部分
[00:05:09.200 --> 00:05:11.200]  下半場如果你還沒有離開
[00:05:11.200 --> 00:05:13.200]  我會講後面的兩部分
[00:05:13.200 --> 00:05:15.200]  第一就是面對逆境
[00:05:15.200 --> 00:05:17.200]  你要找些什麼呢?
[00:05:17.200 --> 00:05:20.200]  第二就是經歷逆境的時候
[00:05:20.200 --> 00:05:23.200]  你要捉住些什麼呢?
[00:05:23.200 --> 00:05:26.200]  我們不可以停留在逆境裏面
[00:05:26.200 --> 00:05:28.200]  我們一定要跨越這個逆境
[00:05:28.200 --> 00:05:29.200]  戰勝這個逆境
[00:05:29.200 --> 00:05:30.200]  戰勝這個逆境的時候
[00:05:30.200 --> 00:05:32.200]  你有些什麼方法呢?
[00:05:32.200 --> 00:05:33.200]  你要做些什麼呢?
[00:05:33.200 --> 00:05:35.200]  到最後我們過了這個逆境
[00:05:35.200 --> 00:05:37.200]  我們回頭看的時候
[00:05:37.200 --> 00:05:39.200]  我們有些什麼可以學習呢?
[00:05:39.200 --> 00:05:41.200]  彼得的身上有些什麼
[00:05:41.200 --> 00:05:44.200]  可以幫助我們學習這件事呢?
[00:05:44.200 --> 00:05:46.200]  所以我們分成四部分
[00:05:46.200 --> 00:05:47.200]  第一部分先講態度
[00:05:47.200 --> 00:05:49.200]  第二部分我們講技巧
[00:05:49.200 --> 00:05:51.200]  有聖經的真理
[00:05:51.200 --> 00:05:53.200]  然後我們講一下實際怎樣去應用
[00:05:53.200 --> 00:05:54.200]  再下去的時候
[00:05:54.200 --> 00:05:57.200]  在應用裏面我們會遇到什麼
[00:05:57.200 --> 00:05:58.200]  有什麼方法可以跳過
[00:05:58.200 --> 00:06:00.200]  最後我們回頭看
[00:06:00.200 --> 00:06:02.200]  神的恩典是如何
[00:06:02.200 --> 00:06:03.200]  可以嗎?
[00:06:03.200 --> 00:06:04.200]  如果可以的話
[00:06:04.200 --> 00:06:05.200]  大家可以點頭
[00:06:05.200 --> 00:06:07.200]  我們一起來讀一個禱告
[00:06:07.200 --> 00:06:09.200]  慈悲的父將下面的時間
[00:06:09.200 --> 00:06:11.200]  恭敬仰望交在你的手中
[00:06:11.200 --> 00:06:12.200]  幫助孩子
[00:06:12.200 --> 00:06:13.200]  讓孩子裏面所想的
[00:06:13.200 --> 00:06:14.200]  外面所講的
[00:06:14.200 --> 00:06:16.200]  都是從你而來
[00:06:16.200 --> 00:06:18.200]  讓我們聖靈在會場裏面
[00:06:18.200 --> 00:06:19.200]  自由運行
[00:06:19.200 --> 00:06:21.200]  幫助我們所有弟兄姊妹
[00:06:21.200 --> 00:06:22.200]  我們的嘉賓
[00:06:22.200 --> 00:06:23.200]  我們一同的
[00:06:23.200 --> 00:06:24.200]  在這個話語裏面
[00:06:24.200 --> 00:06:25.200]  同德做就
[00:06:25.200 --> 00:06:26.200]  感謝主
[00:06:26.200 --> 00:06:27.200]  聽我們的禱告
[00:06:27.200 --> 00:06:28.200]  祈禱基督的名
[00:06:28.200 --> 00:06:29.200]  阿門
[00:06:29.200 --> 00:06:31.200]  我們開始了
[00:06:31.200 --> 00:06:33.200]  一開始的第一件事
[00:06:33.200 --> 00:06:35.200]  就是面對逆境
[00:06:35.200 --> 00:06:36.200]  你要找到什麼
[00:06:36.200 --> 00:06:38.200]  裏面我有三部分
[00:06:38.200 --> 00:06:39.200]  想和大家分享
[00:06:39.200 --> 00:06:40.200]  第一個就是
[00:06:40.200 --> 00:06:42.200]  逆境無可避免
[00:06:42.200 --> 00:06:43.200]  第二個就是
[00:06:43.200 --> 00:06:45.200]  認定你的身份
[00:06:45.200 --> 00:06:46.200]  第三個就是
[00:06:46.200 --> 00:06:48.200]  站身的眼光前進
[00:06:48.200 --> 00:06:50.200]  在彼得前書
[00:06:50.200 --> 00:06:52.200]  四章十二節裏
[00:06:52.200 --> 00:06:54.200]  彼得很大膽
[00:06:54.200 --> 00:06:55.200]  很多人不敢說
[00:06:55.200 --> 00:06:57.200]  不過他一句就說
[00:06:57.200 --> 00:06:58.200]  他就說什麼呢
[00:06:58.200 --> 00:07:00.200]  有火般的試煉臨到你們
[00:07:00.200 --> 00:07:01.200]  不要覺得奇怪
[00:07:01.200 --> 00:07:03.200]  原來逆境
[00:07:03.200 --> 00:07:04.200]  臨到的時候
[00:07:04.200 --> 00:07:06.200]  不要覺得奇怪
[00:07:06.200 --> 00:07:08.200]  我就想在這裏做個調查
[00:07:08.200 --> 00:07:10.200]  大家都有手的
[00:07:10.200 --> 00:07:11.200]  請問
[00:07:11.200 --> 00:07:13.200]  有沒有人未試過
[00:07:13.200 --> 00:07:14.200]  未試過
[00:07:14.200 --> 00:07:16.200]  遇見逆境的
[00:07:16.200 --> 00:07:19.200]  一定沒有的了
[00:07:19.200 --> 00:07:20.200]  因為你一出生
[00:07:20.200 --> 00:07:22.200]  就被醫生打你
[00:07:22.200 --> 00:07:23.200]  要你什麼
[00:07:23.200 --> 00:07:24.200]  要你哭
[00:07:24.200 --> 00:07:26.200]  你一出生就已經遇見
[00:07:26.200 --> 00:07:28.200]  需要有些逆境來幫助你
[00:07:28.200 --> 00:07:30.200]  其實幫助你呼吸
[00:07:30.200 --> 00:07:31.200]  大家都知道
[00:07:31.200 --> 00:07:33.200]  彼得一開始的時候
[00:07:33.200 --> 00:07:35.200]  他就說你不要覺得奇怪
[00:07:35.200 --> 00:07:38.200]  逆境是無可避免的
[00:07:38.200 --> 00:07:41.200]  所以請你和旁邊的人說
[00:07:41.200 --> 00:07:43.200]  逆境是無可避免的
[00:07:43.200 --> 00:07:47.200]  既然是逆境無可避免
[00:07:47.200 --> 00:07:50.200]  接著彼得繼續在二章裏
[00:07:50.200 --> 00:07:51.200]  就會說
[00:07:51.200 --> 00:07:53.200]  犯罪受責打而堅忍
[00:07:53.200 --> 00:07:55.200]  有什麼光榮呢
[00:07:55.200 --> 00:07:57.200]  即是你做壞人
[00:07:57.200 --> 00:07:58.200]  遇到逆境
[00:07:58.200 --> 00:07:59.200]  被人抓了
[00:07:59.200 --> 00:08:00.200]  要去坐牢
[00:08:00.200 --> 00:08:02.200]  沒正常的
[00:08:02.200 --> 00:08:03.200]  後面就說
[00:08:03.200 --> 00:08:05.200]  好行為受苦而堅忍
[00:08:05.200 --> 00:08:07.200]  在神看來是蒙福的
[00:08:07.200 --> 00:08:11.200]  即是好人和壞人
[00:08:11.200 --> 00:08:14.200]  都同樣要面對逆境
[00:08:14.200 --> 00:08:16.200]  同意嗎
[00:08:16.200 --> 00:08:18.200]  我們坐在這裏都是好人
[00:08:18.200 --> 00:08:20.200]  為什麼還要戴著口罩
[00:08:20.200 --> 00:08:22.200]  面對這些疫情呢
[00:08:22.200 --> 00:08:25.200]  再看下去的時候
[00:08:25.200 --> 00:08:26.200]  他就說
[00:08:26.200 --> 00:08:28.200]  你們就是為此蒙照
[00:08:28.200 --> 00:08:31.200]  好讓你們跟隨他的腳蹤
[00:08:31.200 --> 00:08:33.200]  這個說話會經常出現
[00:08:33.200 --> 00:08:35.200]  在我們稍後說的裏面
[00:08:35.200 --> 00:08:38.200]  你們基督徒不要以為
[00:08:38.200 --> 00:08:40.200]  你們不會有逆境
[00:08:40.200 --> 00:08:41.200]  一樣會有
[00:08:41.200 --> 00:08:42.200]  一樣會有困難
[00:08:42.200 --> 00:08:44.200]  一樣會有苦難
[00:08:44.200 --> 00:08:46.200]  我剛才所說的
[00:08:46.200 --> 00:08:48.200]  這封信就告訴你
[00:08:48.200 --> 00:08:50.200]  好人壞人都要面對逆境
[00:08:50.200 --> 00:08:53.200]  但是我們後面就看到
[00:08:53.200 --> 00:08:55.200]  他說你們與基督徒
[00:08:55.200 --> 00:08:56.200]  受多少的苦難
[00:08:56.200 --> 00:08:58.200]  就應該有多少的喜樂
[00:08:58.200 --> 00:09:00.200]  原來基督徒有些不同
[00:09:00.200 --> 00:09:02.200]  其他人的苦難
[00:09:02.200 --> 00:09:03.200]  其他人的逆境
[00:09:03.200 --> 00:09:06.200]  和我們基督徒原來有些不一樣
[00:09:06.200 --> 00:09:07.200]  有些什麼不一樣呢
[00:09:07.200 --> 00:09:10.200]  後面我們一路繼續看下去
[00:09:10.200 --> 00:09:12.200]  受苦為主受苦
[00:09:12.200 --> 00:09:15.200]  原來是有時有福份的
[00:09:15.200 --> 00:09:17.200]  就想一下
[00:09:17.200 --> 00:09:19.200]  原來你為了一些目標
[00:09:19.200 --> 00:09:21.200]  受一些逆境
[00:09:21.200 --> 00:09:23.200]  原來是可能有幫助的
[00:09:23.200 --> 00:09:24.200]  舉個實際例子
[00:09:24.200 --> 00:09:26.200]  你就明白了
[00:09:26.200 --> 00:09:28.200]  如果你想減肥
[00:09:28.200 --> 00:09:31.200]  你就見到很好的梅菜扣肉
[00:09:31.200 --> 00:09:34.200]  還可以吃嗎
[00:09:34.200 --> 00:09:35.200]  是的
[00:09:35.200 --> 00:09:36.200]  就明顯了
[00:09:36.200 --> 00:09:37.200]  你知道我的心境
[00:09:37.200 --> 00:09:39.200]  我最喜歡吃梅菜扣肉
[00:09:39.200 --> 00:09:40.200]  為了減肥
[00:09:40.200 --> 00:09:41.200]  所以就沒得吃了
[00:09:41.200 --> 00:09:44.200]  如果有目的的受苦
[00:09:44.200 --> 00:09:45.200]  有些時候
[00:09:45.200 --> 00:09:47.200]  如果這樣的情況下
[00:09:47.200 --> 00:09:52.200]  你可能是會有喜樂的
[00:09:52.200 --> 00:09:56.200]  彼得就是按著這個來思想
[00:09:56.200 --> 00:09:58.200]  我覺得彼得來到這裡的時候
[00:09:58.200 --> 00:10:00.200]  其實他就做了一個叫做「細拉」
[00:10:00.200 --> 00:10:01.200]  大家知道什麼叫做「細拉」嗎
[00:10:01.200 --> 00:10:03.200]  讀聖經的就知道了
[00:10:03.200 --> 00:10:05.200]  在詩篇裏面有很多「細拉」
[00:10:05.200 --> 00:10:06.200]  「細拉」是什麼呢
[00:10:06.200 --> 00:10:08.200]  舉個這樣的例子
[00:10:08.200 --> 00:10:10.200]  在音樂裏面停頓
[00:10:10.200 --> 00:10:12.200]  在音樂裏面突然停頓
[00:10:12.200 --> 00:10:14.200]  停頓了之後再來
[00:10:14.200 --> 00:10:17.200]  那個符號就叫做「細拉」
[00:10:17.200 --> 00:10:19.200]  我覺得彼得在這裏提醒我們
[00:10:19.200 --> 00:10:22.200]  我們經常都要有這些逆境
[00:10:22.200 --> 00:10:23.200]  好像一個「細拉」
[00:10:23.200 --> 00:10:24.200]  在我們的生命裏面
[00:10:24.200 --> 00:10:27.200]  我又舉一個這樣的例子
[00:10:27.200 --> 00:10:28.200]  如果音樂一直這樣彈
[00:10:28.200 --> 00:10:29.200]  從來都不停的
[00:10:29.200 --> 00:10:31.200]  會不會好聽呢
[00:10:31.200 --> 00:10:32.200]  有困難了
[00:10:32.200 --> 00:10:33.200]  沒那麼好聽了
[00:10:33.200 --> 00:10:36.200]  所以音樂一定有一些時間會有停頓
[00:10:36.200 --> 00:10:37.200]  這些停頓很可能
[00:10:37.200 --> 00:10:39.200]  就是我們今天的逆境
[00:10:39.200 --> 00:10:41.200]  對我個人來說
[00:10:41.200 --> 00:10:45.200]  逆境幫助我停一停
[00:10:45.200 --> 00:10:46.200]  看一看
[00:10:46.200 --> 00:10:48.200]  想一想
[00:10:48.200 --> 00:10:49.200]  靜一靜
[00:10:49.200 --> 00:10:51.200]  我不知道你的性格
[00:10:51.200 --> 00:10:53.200]  我的性格是很好動的
[00:10:53.200 --> 00:10:55.200]  坐在這裏不動的
[00:10:55.200 --> 00:10:56.200]  除了睡覺
[00:10:56.200 --> 00:10:58.200]  其實睡覺都會動來動去
[00:10:58.200 --> 00:11:01.200]  不知道是不是坐在四方箱裏面
[00:11:01.200 --> 00:11:03.200]  不動的那一刻才會不動
[00:11:03.200 --> 00:11:05.200]  經常我是很好動的人
[00:11:05.200 --> 00:11:07.200]  我經常是像火車頭
[00:11:07.200 --> 00:11:08.200]  有人形容我
[00:11:08.200 --> 00:11:10.200]  不停地衝
[00:11:10.200 --> 00:11:11.200]  結果
[00:11:11.200 --> 00:11:13.200]  一點逆境都沒有
[00:11:13.200 --> 00:11:15.200]  完全是風調雨順
[00:11:15.200 --> 00:11:18.200]  完全是很自由地奔跑
[00:11:18.200 --> 00:11:19.200]  很可能
[00:11:19.200 --> 00:11:22.200]  很容易就忘記了我們的神
[00:11:22.200 --> 00:11:24.200]  以為自己很行
[00:11:24.200 --> 00:11:26.200]  忘記了原來後面有一個更厲害的
[00:11:26.200 --> 00:11:28.200]  來幫助你
[00:11:28.200 --> 00:11:29.200]  Amen
[00:11:29.200 --> 00:11:30.200]  所以很多時候
[00:11:30.200 --> 00:11:31.200]  我們必須有這些西拉
[00:11:31.200 --> 00:11:33.200]  就是這些逆境
[00:11:33.200 --> 00:11:34.200]  來幫助我們
[00:11:34.200 --> 00:11:37.200]  向前奔跑
[00:11:37.200 --> 00:11:39.200]  來幫助我們停一停
[00:11:39.200 --> 00:11:40.200]  看我們自己
[00:11:40.200 --> 00:11:42.200]  如果我們跑馬拉松
[00:11:42.200 --> 00:11:44.200]  有多少人在這裏跑過馬拉松
[00:11:44.200 --> 00:11:45.200]  你們都知道吧
[00:11:45.200 --> 00:11:46.200]  沒有嗎
[00:11:46.200 --> 00:11:47.200]  只有我舉手
[00:11:47.200 --> 00:11:48.200]  我先放下手
[00:11:48.200 --> 00:11:49.200]  我都沒有跑過
[00:11:49.200 --> 00:11:52.200]  我跑過一次
[00:11:52.200 --> 00:11:53.200]  跑馬拉松
[00:11:53.200 --> 00:11:55.200]  如果不停地跑下去
[00:11:55.200 --> 00:11:56.200]  一定會死的
[00:11:56.200 --> 00:11:58.200]  所以逆境有時候
[00:11:58.200 --> 00:12:00.200]  其實是幫助我們停一停
[00:12:00.200 --> 00:12:01.200]  上一上
[00:12:01.200 --> 00:12:03.200]  看一看
[00:12:03.200 --> 00:12:04.200]  靜一靜
[00:12:04.200 --> 00:12:05.200]  今天的逆境
[00:12:05.200 --> 00:12:07.200]  我們這個疫情
[00:12:07.200 --> 00:12:09.200]  其實是幫助我們很多
[00:12:09.200 --> 00:12:11.200]  給我們看到什麼
[00:12:11.200 --> 00:12:14.200]  以前我們不是很相信科學嗎
[00:12:14.200 --> 00:12:16.200]  現在你還信不信得這麼多
[00:12:16.200 --> 00:12:17.200]  信一點吧
[00:12:17.200 --> 00:12:18.200]  又不敢全信它
[00:12:18.200 --> 00:12:20.200]  以前我們說人
[00:12:20.200 --> 00:12:21.200]  定性天
[00:12:21.200 --> 00:12:24.200]  現在一粒細菌
[00:12:24.200 --> 00:12:26.200]  都弄得我們頭都痛了
[00:12:26.200 --> 00:12:28.200]  全球都亂了
[00:12:28.200 --> 00:12:31.200]  你又不信美國的疫苗
[00:12:31.200 --> 00:12:32.200]  我們又不信
[00:12:32.200 --> 00:12:34.200]  美國人又不信
[00:12:34.200 --> 00:12:36.200]  香港中國的疫苗
[00:12:36.200 --> 00:12:39.200]  這麼多問題都不在這裡
[00:12:39.200 --> 00:12:41.200]  親愛的兄弟姐妹
[00:12:41.200 --> 00:12:43.200]  當我們面對疫情的時候
[00:12:43.200 --> 00:12:45.200]  第一件事我們要做的
[00:12:45.200 --> 00:12:47.200]  就是改變你的心態
[00:12:47.200 --> 00:12:49.200]  改變你的心態
[00:12:49.200 --> 00:12:51.200]  你不改變你的心態的話
[00:12:51.200 --> 00:12:52.200]  很多事情
[00:12:52.200 --> 00:12:54.200]  你後面是做不到的
[00:12:54.200 --> 00:12:56.200]  我們再看下去
[00:12:56.200 --> 00:13:00.200]  不但在任何逆境裡面
[00:13:00.200 --> 00:13:03.200]  你必須有第二件事要做
[00:13:03.200 --> 00:13:06.200]  彼得奧提醒我們一開始就寫
[00:13:06.200 --> 00:13:07.200]  他就說
[00:13:07.200 --> 00:13:08.200]  你是照著父神
[00:13:08.200 --> 00:13:10.200]  照著聖靈
[00:13:10.200 --> 00:13:12.200]  照著耶穌基督
[00:13:12.200 --> 00:13:13.200]  被揀選的
[00:13:13.200 --> 00:13:15.200]  其實這一節的經文
[00:13:15.200 --> 00:13:17.200]  我不知道你們怎麼看
[00:13:17.200 --> 00:13:18.200]  很重要的經文
[00:13:18.200 --> 00:13:19.200]  我再讀一下
[00:13:19.200 --> 00:13:21.200]  你就是照著父神的預知
[00:13:21.200 --> 00:13:22.200]  蒙揀選
[00:13:22.200 --> 00:13:24.200]  藉著聖靈成為聖結
[00:13:24.200 --> 00:13:26.200]  因而馴服耶穌基督
[00:13:26.200 --> 00:13:28.200]  三位一體的神
[00:13:28.200 --> 00:13:30.200]  很少在聖經裡面同時出現
[00:13:30.200 --> 00:13:33.200]  還告訴你
[00:13:33.200 --> 00:13:36.200]  我們原來是蒙揀選的
[00:13:36.200 --> 00:13:38.200]  還有三位一體的神
[00:13:38.200 --> 00:13:42.200]  在靈裡面揀選我們
[00:13:42.200 --> 00:13:44.200]  不簡單的
[00:13:44.200 --> 00:13:45.200]  你看看你旁邊那個
[00:13:45.200 --> 00:13:46.200]  不是普通人
[00:13:46.200 --> 00:13:49.200]  他是三位一體的神揀選了他們
[00:13:49.200 --> 00:13:50.200]  是蒙召的
[00:13:50.200 --> 00:13:52.200]  這個蒙召還有一件事
[00:13:52.200 --> 00:13:53.200]  到第二章第九節
[00:13:53.200 --> 00:13:55.200]  大家很熟悉的一段經文
[00:13:55.200 --> 00:13:57.200]  他說這個蒙召有四個特色
[00:13:57.200 --> 00:13:58.200]  第一個你們是成為族類
[00:13:58.200 --> 00:14:01.200]  所以我們在教會裡面
[00:14:01.200 --> 00:14:03.200]  我們是教會的一份子
[00:14:03.200 --> 00:14:04.200]  一族
[00:14:04.200 --> 00:14:05.200]  君尊的祭司
[00:14:05.200 --> 00:14:06.200]  我們有奉獻
[00:14:06.200 --> 00:14:09.200]  我們有侍奉的權兵
[00:14:09.200 --> 00:14:10.200]  聖結的王國
[00:14:10.200 --> 00:14:11.200]  我們在神的裡面
[00:14:11.200 --> 00:14:14.200]  我們聚得赦免
[00:14:14.200 --> 00:14:16.200]  最後我們是屬神的子民
[00:14:16.200 --> 00:14:17.200]  所以我們有天國的護照
[00:14:17.200 --> 00:14:19.200]  有四個很特別的身份
[00:14:19.200 --> 00:14:21.200]  所以在逆境裡面的時候
[00:14:21.200 --> 00:14:22.200]  我們停一停
[00:14:22.200 --> 00:14:23.200]  靜一靜
[00:14:23.200 --> 00:14:24.200]  看一看的時候
[00:14:24.200 --> 00:14:25.200]  你應該看什麼
[00:14:25.200 --> 00:14:26.200]  看你自己的身份
[00:14:26.200 --> 00:14:28.200]  何等的寶貴
[00:14:28.200 --> 00:14:29.200]  Amen
[00:14:29.200 --> 00:14:31.200]  再看下去的時候
[00:14:31.200 --> 00:14:32.200]  你會看到
[00:14:32.200 --> 00:14:34.200]  另一件事
[00:14:34.200 --> 00:14:36.200]  彼得在這裡說
[00:14:36.200 --> 00:14:37.200]  你記住
[00:14:37.200 --> 00:14:39.200]  你的身份不單止這樣
[00:14:39.200 --> 00:14:41.200]  你還在地上寄居
[00:14:41.200 --> 00:14:42.200]  寄居的
[00:14:42.200 --> 00:14:43.200]  客女來的
[00:14:43.200 --> 00:14:46.200]  彼得在這裡玩一個叫什麼
[00:14:46.200 --> 00:14:48.200]  一個叫語帶相關
[00:14:48.200 --> 00:14:49.200]  第一件事
[00:14:49.200 --> 00:14:50.200]  他寫這封信
[00:14:50.200 --> 00:14:52.200]  是給一些真的移民了
[00:14:52.200 --> 00:14:53.200]  在外面的人
[00:14:53.200 --> 00:14:54.200]  另一件事
[00:14:54.200 --> 00:14:55.200]  他也在這裡說
[00:14:55.200 --> 00:14:57.200]  你們在地上的生活
[00:14:57.200 --> 00:14:59.200]  其實是暫時性的
[00:14:59.200 --> 00:15:01.200]  是寄居的
[00:15:01.200 --> 00:15:04.200]  這樣
[00:15:04.200 --> 00:15:05.200]  當你看的時候
[00:15:05.200 --> 00:15:07.200]  你的心態就不一樣
[00:15:07.200 --> 00:15:08.200]  這樣的時候
[00:15:08.200 --> 00:15:10.200]  你可能就會感受到
[00:15:10.200 --> 00:15:13.200]  入世而不世俗
[00:15:13.200 --> 00:15:15.200]  在世而不屬世
[00:15:15.200 --> 00:15:17.200]  的這個思想
[00:15:17.200 --> 00:15:19.200]  我們被分別了出來
[00:15:19.200 --> 00:15:21.200]  我們被蒙揀選了
[00:15:21.200 --> 00:15:23.200]  我們在這裡是寄居的
[00:15:23.200 --> 00:15:25.200]  說回這次
[00:15:25.200 --> 00:15:26.200]  剛才我說
[00:15:26.200 --> 00:15:28.200]  你很辛苦
[00:15:28.200 --> 00:15:30.200]  來得很淒涼
[00:15:30.200 --> 00:15:34.200]  其實我是很久沒回香港
[00:15:34.200 --> 00:15:36.200]  暑假的時候就回來了
[00:15:36.200 --> 00:15:38.200]  回來之後
[00:15:38.200 --> 00:15:40.200]  短時間又要趕回美國
[00:15:40.200 --> 00:15:42.200]  因為有些事
[00:15:42.200 --> 00:15:44.200]  於是我就定了
[00:15:44.200 --> 00:15:46.200]  10月再回來香港
[00:15:46.200 --> 00:15:48.200]  再回來之前
[00:15:48.200 --> 00:15:50.200]  香港政府剛剛說
[00:15:50.200 --> 00:15:51.200]  如果你驗了
[00:15:51.200 --> 00:15:53.200]  大家放心,我已經打了針
[00:15:53.200 --> 00:15:55.200]  我是你們裡面最清潔的人
[00:15:55.200 --> 00:15:58.200]  你們驗了多少次?
[00:15:58.200 --> 00:16:01.200]  你知不知道我驗了多少次?
[00:16:01.200 --> 00:16:03.200]  我從回來到現在
[00:16:03.200 --> 00:16:04.200]  即是由今天
[00:16:04.200 --> 00:16:06.200]  我驗了8次
[00:16:06.200 --> 00:16:09.200]  我星期日
[00:16:09.200 --> 00:16:11.200]  還要去驗第9次
[00:16:11.200 --> 00:16:13.200]  我不是最乾淨的人嗎?
[00:16:13.200 --> 00:16:15.200]  所以你們可以放心
[00:16:15.200 --> 00:16:17.200]  我肯定是最乾淨的
[00:16:17.200 --> 00:16:19.200]  我8月回來的時候
[00:16:19.200 --> 00:16:21.200]  政府說
[00:16:21.200 --> 00:16:23.200]  如果你去驗抗體
[00:16:23.200 --> 00:16:24.200]  即是打了針又有抗體
[00:16:24.200 --> 00:16:26.200]  就減7天
[00:16:26.200 --> 00:16:27.200]  我就很開心
[00:16:27.200 --> 00:16:28.200]  因為大家知道
[00:16:28.200 --> 00:16:30.200]  我在美國已經住了30年
[00:16:30.200 --> 00:16:32.200]  我經常回來香港
[00:16:32.200 --> 00:16:34.200]  上一次回來是14天
[00:16:34.200 --> 00:16:36.200]  14天,撐得住嗎?
[00:16:36.200 --> 00:16:39.200]  都可以,先撐一會吧
[00:16:39.200 --> 00:16:42.200]  減7天就很開心
[00:16:42.200 --> 00:16:44.200]  買好機票
[00:16:44.200 --> 00:16:46.200]  訂好最好的酒店
[00:16:46.200 --> 00:16:48.200]  這次我聰明,訂了好酒店
[00:16:48.200 --> 00:16:50.200]  第一次那間不太行
[00:16:50.200 --> 00:16:52.200]  於是準備就回來了
[00:16:52.200 --> 00:16:54.200]  誰知道香港政府
[00:16:54.200 --> 00:16:56.200]  由14天變成多少天
[00:16:56.200 --> 00:16:57.200]  大家知不知道?
[00:16:57.200 --> 00:16:58.200]  美國回來
[00:16:58.200 --> 00:16:59.200]  21天
[00:16:59.200 --> 00:17:01.200]  都不要說了
[00:17:01.200 --> 00:17:05.200]  心裡已經是逆境裡的逆境
[00:17:05.200 --> 00:17:07.200]  我就跟黎博士說
[00:17:07.200 --> 00:17:08.200]  我回不來了
[00:17:08.200 --> 00:17:10.200]  因為改機票也改不了
[00:17:10.200 --> 00:17:12.200]  沒有飛機,改機票也改不了
[00:17:12.200 --> 00:17:14.200]  酒店也改不了
[00:17:14.200 --> 00:17:15.200]  於是我就說
[00:17:15.200 --> 00:17:18.200]  要不就取消,要不就改期吧
[00:17:18.200 --> 00:17:21.200]  在這裡多謝教會
[00:17:21.200 --> 00:17:23.200]  多謝頂姐妹你們的包容
[00:17:23.200 --> 00:17:25.200]  今天還仍然出席
[00:17:25.200 --> 00:17:29.200]  我就安排好了
[00:17:29.200 --> 00:17:31.200]  誰知道在臨飛前的三天
[00:17:31.200 --> 00:17:32.200]  剩下四天
[00:17:32.200 --> 00:17:33.200]  大家知不知道
[00:17:33.200 --> 00:17:35.200]  Air Canada
[00:17:35.200 --> 00:17:37.200]  禁止了不讓他回來兩個星期
[00:17:37.200 --> 00:17:39.200]  知不知道?
[00:17:39.200 --> 00:17:41.200]  沒有聽過
[00:17:41.200 --> 00:17:42.200]  加拿大航空公司
[00:17:42.200 --> 00:17:45.200]  因為他帶了些人,不合乎規矩
[00:17:45.200 --> 00:17:46.200]  所以香港政府
[00:17:46.200 --> 00:17:48.200]  就給他兩個星期
[00:17:48.200 --> 00:17:51.200]  禁止他從溫哥華飛回來
[00:17:51.200 --> 00:17:54.200]  我就買了那班飛機
[00:17:54.200 --> 00:17:56.200]  你說多淒涼
[00:17:56.200 --> 00:17:57.200]  預備好東西了
[00:17:57.200 --> 00:17:58.200]  又回不來了
[00:17:58.200 --> 00:18:00.200]  因為我已經很辛苦
[00:18:00.200 --> 00:18:01.200]  找到兩個星期
[00:18:01.200 --> 00:18:02.200]  一個星期的酒店
[00:18:02.200 --> 00:18:04.200]  變成三個星期的酒店
[00:18:04.200 --> 00:18:07.200]  他不飛怎麼辦呢?
[00:18:07.200 --> 00:18:09.200]  你們沒有這個感受
[00:18:09.200 --> 00:18:10.200]  逆境裡的逆境
[00:18:10.200 --> 00:18:12.200]  再逆境裡的逆境
[00:18:12.200 --> 00:18:13.200]  你說多可憐
[00:18:13.200 --> 00:18:15.200]  不回來是不行的
[00:18:15.200 --> 00:18:17.200]  因為我已經排好了
[00:18:17.200 --> 00:18:18.200]  在座的有些目者
[00:18:18.200 --> 00:18:19.200]  我不說名字了
[00:18:19.200 --> 00:18:20.200]  不好意思
[00:18:20.200 --> 00:18:22.200]  因為又排好了港島
[00:18:22.200 --> 00:18:23.200]  排好了服侍
[00:18:23.200 --> 00:18:24.200]  不回來是不行的
[00:18:24.200 --> 00:18:25.200]  那怎麼辦呢?
[00:18:25.200 --> 00:18:27.200]  真是唯一的就是
[00:18:27.200 --> 00:18:28.200]  哭了
[00:18:28.200 --> 00:18:29.200]  然後怎麼樣呢?
[00:18:29.200 --> 00:18:31.200]  Cry out to the law
[00:18:31.200 --> 00:18:33.200]  向上面求救
[00:18:33.200 --> 00:18:35.200]  幫忙救命
[00:18:35.200 --> 00:18:40.200]  讓我找到一張改期的國泰航空公司
[00:18:40.200 --> 00:18:42.200]  重新買那張機票
[00:18:42.200 --> 00:18:44.200]  不要說那個加拿大航空公司
[00:18:44.200 --> 00:18:45.200]  他說不是我們不飛
[00:18:45.200 --> 00:18:47.200]  香港不讓我飛
[00:18:47.200 --> 00:18:49.200]  還這麼風流地跟我說話
[00:18:49.200 --> 00:18:51.200]  真是很可憐
[00:18:51.200 --> 00:18:52.200]  買了國泰
[00:18:52.200 --> 00:18:53.200]  買了國泰再回來
[00:18:53.200 --> 00:18:54.200]  要找酒店
[00:18:54.200 --> 00:18:55.200]  然後打電話
[00:18:55.200 --> 00:18:57.200]  那間酒店
[00:18:57.200 --> 00:18:59.200]  就回來了
[00:18:59.200 --> 00:19:00.200]  等於在那間酒店裡
[00:19:00.200 --> 00:19:01.200]  這兩張照片給你看
[00:19:01.200 --> 00:19:03.200]  那間酒店120呎
[00:19:03.200 --> 00:19:05.200]  不要說在哪裡
[00:19:05.200 --> 00:19:06.200]  除了那張床之外
[00:19:06.200 --> 00:19:09.200]  就是那張床
[00:19:09.200 --> 00:19:10.200]  我告訴你
[00:19:10.200 --> 00:19:11.200]  不要問我好不好吃
[00:19:11.200 --> 00:19:13.200]  他收我480港幣
[00:19:13.200 --> 00:19:14.200]  包我三餐
[00:19:14.200 --> 00:19:16.200]  你說有什麼吃
[00:19:16.200 --> 00:19:18.200]  那你也猜到了
[00:19:18.200 --> 00:19:19.200]  心裡面回來了
[00:19:19.200 --> 00:19:20.200]  拿著
[00:19:20.200 --> 00:19:22.200]  大家明白我的意思嗎?
[00:19:22.200 --> 00:19:24.200]  給你你也可能會像我這樣
[00:19:24.200 --> 00:19:25.200]  拿著
[00:19:25.200 --> 00:19:26.200]  感恩
[00:19:26.200 --> 00:19:28.200]  當我預備這篇講章的時候
[00:19:28.200 --> 00:19:29.200]  當要跟大家分享的時候
[00:19:29.200 --> 00:19:30.200]  弟兄姊妹
[00:19:30.200 --> 00:19:31.200]  當在逆境裡面
[00:19:31.200 --> 00:19:33.200]  第一件事要改變你的心態
[00:19:33.200 --> 00:19:34.200]  Amen
[00:19:34.200 --> 00:19:36.200]  如果你不能改變你的心態
[00:19:36.200 --> 00:19:37.200]  你面對這些逆境
[00:19:37.200 --> 00:19:39.200]  你沒有辦法戰勝它
[00:19:39.200 --> 00:19:41.200]  你不是天天都激起嗎?
[00:19:41.200 --> 00:19:43.200]  我在中間還捉了四顆蝨
[00:19:43.200 --> 00:19:47.200]  你越來越激起
[00:19:47.200 --> 00:19:49.200]  明白我的意思嗎?
[00:19:49.200 --> 00:19:52.200]  原來
[00:19:52.200 --> 00:19:54.200]  在我自己的領袖裡
[00:19:54.200 --> 00:19:55.200]  就是說
[00:19:55.200 --> 00:19:56.200]  即使我是一個小人物
[00:19:56.200 --> 00:19:58.200]  但是在整個圖畫裡
[00:19:58.200 --> 00:20:00.200]  在我要服侍的裡面
[00:20:00.200 --> 00:20:03.200]  我仍然有一塊可以放下來
[00:20:03.200 --> 00:20:04.200]  我仍然可以在這裡
[00:20:04.200 --> 00:20:07.200]  跟弟兄姊妹分享我的一些感受
[00:20:07.200 --> 00:20:08.200]  我的一些領袖
[00:20:08.200 --> 00:20:10.200]  希望能夠幫助弟兄姊妹
[00:20:10.200 --> 00:20:12.200]  當在逆境裡面
[00:20:12.200 --> 00:20:13.200]  第一件事
[00:20:13.200 --> 00:20:15.200]  改變你的心態
[00:20:15.200 --> 00:20:17.200]  你不改變也是這樣
[00:20:17.200 --> 00:20:18.200]  你知不知道很淒涼的
[00:20:18.200 --> 00:20:19.200]  進了房間之後
[00:20:19.200 --> 00:20:21.200]  是不能出去的
[00:20:21.200 --> 00:20:23.200]  有人說你很像坐牢
[00:20:23.200 --> 00:20:24.200]  我說不是,不好意思
[00:20:24.200 --> 00:20:25.200]  比坐牢更差
[00:20:25.200 --> 00:20:27.200]  坐牢是可以放風的
[00:20:27.200 --> 00:20:28.200]  出去曬太陽
[00:20:28.200 --> 00:20:30.200]  太陽都不能曬
[00:20:30.200 --> 00:20:32.200]  我還要打電話去求姐姐
[00:20:32.200 --> 00:20:33.200]  我說姐姐
[00:20:33.200 --> 00:20:35.200]  我二十多天之後就會死了
[00:20:35.200 --> 00:20:37.200]  你讓我開窗吧
[00:20:37.200 --> 00:20:38.200]  窗都不讓我開
[00:20:38.200 --> 00:20:40.200]  封了窗
[00:20:40.200 --> 00:20:43.200]  後來我的態度都很誠懇
[00:20:43.200 --> 00:20:44.200]  大家明白吧
[00:20:44.200 --> 00:20:45.200]  我打給她之前
[00:20:45.200 --> 00:20:47.200]  又是乖乖的
[00:20:47.200 --> 00:20:49.200]  她就說好吧
[00:20:49.200 --> 00:20:50.200]  我讓你開吧
[00:20:50.200 --> 00:20:52.200]  我終於可以聞一下新鮮的空氣
[00:20:52.200 --> 00:20:54.200]  不然二十多天在裡面
[00:20:54.200 --> 00:20:55.200]  陪著那四隻蝨
[00:20:55.200 --> 00:20:57.200]  又捉不到她的話
[00:20:57.200 --> 00:20:58.200]  不知道怎麼辦
[00:20:58.200 --> 00:20:59.200]  親愛的弟兄姊妹
[00:20:59.200 --> 00:21:01.200]  當我們在逆境的裡面
[00:21:01.200 --> 00:21:02.200]  第一件事
[00:21:02.200 --> 00:21:05.200]  你要改變你的心態
[00:21:05.200 --> 00:21:08.200]  你在逆境的裡面
[00:21:08.200 --> 00:21:10.200]  逆境是外面的
[00:21:10.200 --> 00:21:12.200]  你裡面不去修改的時候
[00:21:12.200 --> 00:21:13.200]  你沒辦法可以戰勝它
[00:21:13.200 --> 00:21:14.200]  再下去
[00:21:14.200 --> 00:21:19.200]  我就不讀那麼多經文了
[00:21:19.200 --> 00:21:21.200]  大家看我的紅色字就行了
[00:21:21.200 --> 00:21:22.200]  紅色字就行了
[00:21:22.200 --> 00:21:23.200]  你站在這裡
[00:21:23.200 --> 00:21:25.200]  繼續去鼓勵弟兄姊妹
[00:21:25.200 --> 00:21:26.200]  她說什麼呢
[00:21:26.200 --> 00:21:28.200]  在一章的三到八節
[00:21:28.200 --> 00:21:30.200]  她用了很多個字
[00:21:30.200 --> 00:21:31.200]  有盼望
[00:21:31.200 --> 00:21:32.200]  有信心
[00:21:32.200 --> 00:21:33.200]  然後她繼續說
[00:21:33.200 --> 00:21:34.200]  有信心
[00:21:34.200 --> 00:21:35.200]  有信心
[00:21:35.200 --> 00:21:36.200]  你要有信心
[00:21:36.200 --> 00:21:37.200]  你要有信心
[00:21:37.200 --> 00:21:39.200]  你要有愛心
[00:21:39.200 --> 00:21:40.200]  在這裡裡
[00:21:40.200 --> 00:21:42.200]  彼得說了三樣東西
[00:21:42.200 --> 00:21:44.200]  我們大家都很熟悉的
[00:21:44.200 --> 00:21:47.200]  現今常傳的榮言有什麼呢
[00:21:47.200 --> 00:21:49.200]  信 忘 愛
[00:21:49.200 --> 00:21:50.200]  什麼是信呢
[00:21:50.200 --> 00:21:51.200]  彼得說
[00:21:51.200 --> 00:21:52.200]  在救恩的裡面
[00:21:52.200 --> 00:21:53.200]  大家記住
[00:21:53.200 --> 00:21:54.200]  神會保守我們
[00:21:54.200 --> 00:21:55.200]  無論什麼環境的裡面
[00:21:55.200 --> 00:21:56.200]  神都會保守
[00:21:56.200 --> 00:21:59.200]  你會得著這個救恩
[00:21:59.200 --> 00:22:00.200]  神有能力保守
[00:22:00.200 --> 00:22:01.200]  神是昨夜的神
[00:22:01.200 --> 00:22:02.200]  今日的神
[00:22:02.200 --> 00:22:03.200]  明夜的神
[00:22:03.200 --> 00:22:04.200]  你和普通人
[00:22:04.200 --> 00:22:05.200]  雖然他一開始就說
[00:22:05.200 --> 00:22:07.200]  是人都會有什麼
[00:22:07.200 --> 00:22:08.200]  有逆境
[00:22:08.200 --> 00:22:09.200]  好人壞人都會有逆境
[00:22:09.200 --> 00:22:12.200]  但是我們既然是基督徒
[00:22:12.200 --> 00:22:13.200]  基督徒的特色就是
[00:22:13.200 --> 00:22:14.200]  我們有神
[00:22:14.200 --> 00:22:15.200]  繼續保守我們
[00:22:15.200 --> 00:22:16.200]  說到感恩
[00:22:16.200 --> 00:22:17.200]  說回剛才
[00:22:17.200 --> 00:22:18.200]  我第一件事
[00:22:18.200 --> 00:22:20.200]  你可以問黎博士
[00:22:20.200 --> 00:22:21.200]  我就跟同工說
[00:22:21.200 --> 00:22:22.200]  你一定要為我禱告
[00:22:22.200 --> 00:22:24.200]  二十一日千萬不要生病
[00:22:24.200 --> 00:22:26.200]  知不知道為什麼不可以生病
[00:22:26.200 --> 00:22:28.200]  生病了就來不了
[00:22:28.200 --> 00:22:30.200]  所以不能生病
[00:22:30.200 --> 00:22:31.200]  為什麼神要保守我
[00:22:31.200 --> 00:22:32.200]  二十一日
[00:22:32.200 --> 00:22:33.200]  被他咬到我全身都是
[00:22:33.200 --> 00:22:35.200]  都沒有生病
[00:22:35.200 --> 00:22:37.200]  都是恩典
[00:22:37.200 --> 00:22:38.200]  然後第二件事
[00:22:38.200 --> 00:22:39.200]  有盼望
[00:22:39.200 --> 00:22:41.200]  這個盼望是我們
[00:22:41.200 --> 00:22:43.200]  即使是什麼環境的裡面
[00:22:43.200 --> 00:22:46.200]  你都是有永生的盼望
[00:22:46.200 --> 00:22:47.200]  然後這個基業
[00:22:47.200 --> 00:22:49.200]  是不會腐壞的
[00:22:49.200 --> 00:22:50.200]  是不會玷污的
[00:22:50.200 --> 00:22:51.200]  是不會衰殘的
[00:22:51.200 --> 00:22:53.200]  並且神已經幫你保留在上面
[00:22:53.200 --> 00:22:55.200]  所以即使你在逆境裡面
[00:22:55.200 --> 00:22:56.200]  多麼困難的時候
[00:22:56.200 --> 00:22:57.200]  你都不用擔心
[00:22:57.200 --> 00:22:58.200]  你仍然有盼望
[00:22:58.200 --> 00:23:00.200]  最後當然你有愛
[00:23:00.200 --> 00:23:01.200]  我們沒有的
[00:23:01.200 --> 00:23:02.200]  但是神會
[00:23:02.200 --> 00:23:03.200]  可以跟神那裡
[00:23:03.200 --> 00:23:04.200]  支取過來
[00:23:04.200 --> 00:23:05.200]  跟他拿
[00:23:05.200 --> 00:23:06.200]  拿完之後
[00:23:06.200 --> 00:23:07.200]  你可以將這些愛
[00:23:07.200 --> 00:23:09.200]  繼續的囂冠在我身邊
[00:23:09.200 --> 00:23:11.200]  所以我對面那個人
[00:23:11.200 --> 00:23:13.200]  酒店對面那個人
[00:23:13.200 --> 00:23:14.200]  我就打開門
[00:23:14.200 --> 00:23:16.200]  跟他一人拿飯的時候
[00:23:16.200 --> 00:23:17.200]  我就很禮貌的跟他說
[00:23:17.200 --> 00:23:18.200]  你好嗎
[00:23:18.200 --> 00:23:19.200]  辛苦嗎
[00:23:19.200 --> 00:23:20.200]  辛苦的話
[00:23:20.200 --> 00:23:22.200]  你是不是基督徒
[00:23:22.200 --> 00:23:24.200]  他就把門關上
[00:23:24.200 --> 00:23:28.200]  但是我都起碼跟他
[00:23:28.200 --> 00:23:29.200]  告訴他
[00:23:29.200 --> 00:23:30.200]  我們有信仰的人
[00:23:30.200 --> 00:23:31.200]  仍然是這麼開心的
[00:23:31.200 --> 00:23:33.200]  仍然是這麼喜樂的
[00:23:33.200 --> 00:23:34.200]  只要我們的心態
[00:23:34.200 --> 00:23:35.200]  得著改變
[00:23:35.200 --> 00:23:37.200]  親愛的弟兄姊妹
[00:23:37.200 --> 00:23:38.200]  當我們面對困境的時候
[00:23:38.200 --> 00:23:40.200]  有一個很重要的東西
[00:23:40.200 --> 00:23:42.200]  這個困境是暫時的
[00:23:42.200 --> 00:23:44.200]  明白嗎
[00:23:44.200 --> 00:23:46.200]  不是一生之久的
[00:23:46.200 --> 00:23:48.200]  一天
[00:23:48.200 --> 00:23:49.200]  有一天
[00:23:49.200 --> 00:23:51.200]  即使困境落到最後
[00:23:51.200 --> 00:23:52.200]  我們到天家的時候
[00:23:52.200 --> 00:23:54.200]  這個困境都會完結
[00:23:54.200 --> 00:23:55.200]  是暫時的
[00:23:55.200 --> 00:23:57.200]  並且大家要留意一件事
[00:23:57.200 --> 00:23:59.200]  彼得在這裡說了給我們知道
[00:23:59.200 --> 00:24:00.200]  他說在一章十二節
[00:24:00.200 --> 00:24:01.200]  他說什麼呢
[00:24:01.200 --> 00:24:02.200]  他說聖靈呢
[00:24:02.200 --> 00:24:05.200]  藉著傳福音給了我們之後
[00:24:05.200 --> 00:24:07.200]  這些事情
[00:24:07.200 --> 00:24:09.200]  都已經跟我們說清楚了
[00:24:09.200 --> 00:24:10.200]  就算連天使
[00:24:10.200 --> 00:24:12.200]  都在看我們在做什麼
[00:24:12.200 --> 00:24:13.200]  哇
[00:24:13.200 --> 00:24:14.200]  這句話很幫助我的
[00:24:14.200 --> 00:24:15.200]  當我一個人的時候
[00:24:15.200 --> 00:24:17.200]  原來我不孤單的
[00:24:17.200 --> 00:24:19.200]  我完全不孤單的
[00:24:19.200 --> 00:24:21.200]  天使原來陪著我一起的
[00:24:21.200 --> 00:24:22.200]  你不孤單的時候
[00:24:22.200 --> 00:24:23.200]  心態改變的時候
[00:24:23.200 --> 00:24:25.200]  很多事情就完全不一樣
[00:24:25.200 --> 00:24:27.200]  我講一個故事給大家聽
[00:24:27.200 --> 00:24:28.200]  一個真實的故事
[00:24:28.200 --> 00:24:29.200]  有一個姐妹
[00:24:29.200 --> 00:24:31.200]  她沒有辦法生孩子
[00:24:31.200 --> 00:24:34.200]  醫生說了她沒有辦法生孩子
[00:24:34.200 --> 00:24:37.200]  真的很感恩
[00:24:37.200 --> 00:24:39.200]  他們兩夫妻都很想
[00:24:39.200 --> 00:24:41.200]  她終於真的有了
[00:24:41.200 --> 00:24:42.200]  有了之後還很健康地
[00:24:42.200 --> 00:24:43.200]  生了一個孩子出來
[00:24:43.200 --> 00:24:44.200]  很感恩
[00:24:44.200 --> 00:24:46.200]  有一次我就去探望她
[00:24:46.200 --> 00:24:47.200]  她是牧師
[00:24:47.200 --> 00:24:48.200]  大家知道的
[00:24:48.200 --> 00:24:49.200]  當然要去探望她
[00:24:49.200 --> 00:24:50.200]  為她禱告
[00:24:50.200 --> 00:24:51.200]  通常都會問
[00:24:51.200 --> 00:24:53.200]  有什麼要為你禱告
[00:24:53.200 --> 00:24:54.200]  她很不好意思
[00:24:54.200 --> 00:24:57.200]  但是我和師母一起去探望她
[00:24:57.200 --> 00:24:58.200]  她就說
[00:24:58.200 --> 00:24:59.200]  孩子咬她的乳頭的時候
[00:24:59.200 --> 00:25:01.200]  咬得很痛
[00:25:01.200 --> 00:25:04.200]  你知道我們這麼邏輯的人
[00:25:04.200 --> 00:25:05.200]  就馬上跟她說
[00:25:05.200 --> 00:25:06.200]  哎呀
[00:25:06.200 --> 00:25:08.200]  姐妹你不用這麼辛苦
[00:25:08.200 --> 00:25:10.200]  你可以去買那些
[00:25:10.200 --> 00:25:12.200]  泵泵泵那些
[00:25:12.200 --> 00:25:14.200]  或者是買
[00:25:14.200 --> 00:25:16.200]  餵其他奶
[00:25:16.200 --> 00:25:19.200]  她面有難色
[00:25:19.200 --> 00:25:21.200]  我講了大概兩三分鐘之後
[00:25:21.200 --> 00:25:22.200]  看到她
[00:25:22.200 --> 00:25:23.200]  我有什麼問題
[00:25:23.200 --> 00:25:25.200]  她說牧師你不明白
[00:25:25.200 --> 00:25:26.200]  她說
[00:25:26.200 --> 00:25:29.200]  即使多痛苦
[00:25:29.200 --> 00:25:30.200]  我都會仍然餵人奶
[00:25:30.200 --> 00:25:33.200]  因為我要將最好的給我的孩子
[00:25:33.200 --> 00:25:34.200]  哇
[00:25:34.200 --> 00:25:36.200]  我就明白
[00:25:36.200 --> 00:25:38.200]  現今常傳的宗賢是什麼
[00:25:38.200 --> 00:25:42.200]  就是忘愛
[00:25:42.200 --> 00:25:44.200]  我們是神的兒女
[00:25:44.200 --> 00:25:45.200]  在逆境裡
[00:25:45.200 --> 00:25:47.200]  神怎會不給我們最好的
[00:25:47.200 --> 00:25:48.200]  無論在什麼光景
[00:25:48.200 --> 00:25:50.200]  只要我們祈求的時候
[00:25:50.200 --> 00:25:51.200]  即使我們不求
[00:25:51.200 --> 00:25:53.200]  神仍然給我們最合適的
[00:25:53.200 --> 00:25:54.200]  明白嗎
[00:25:54.200 --> 00:25:57.200]  所以在逆境裡改變你的心態
[00:25:57.200 --> 00:26:00.200]  你知道神仍然這麼愛你
[00:26:00.200 --> 00:26:03.200]  很多弟兄姐妹在逆境裡
[00:26:03.200 --> 00:26:06.200]  神到了那裡
[00:26:06.200 --> 00:26:09.200]  當我們反過來想的時候
[00:26:09.200 --> 00:26:10.200]  你就會知道
[00:26:10.200 --> 00:26:11.200]  神從來沒有離開過我們
[00:26:11.200 --> 00:26:13.200]  只有我們離開神
[00:26:13.200 --> 00:26:14.200]  明白嗎
[00:26:14.200 --> 00:26:16.200]  同意嗎
[00:26:16.200 --> 00:26:19.200]  來做一點在這部分的總結
[00:26:19.200 --> 00:26:20.200]  面對逆境
[00:26:20.200 --> 00:26:22.200]  你要找回什麼呢
[00:26:22.200 --> 00:26:23.200]  第一
[00:26:23.200 --> 00:26:25.200]  你必須要明白
[00:26:25.200 --> 00:26:26.200]  彼得跟我們說的
[00:26:26.200 --> 00:26:27.200]  很老實
[00:26:27.200 --> 00:26:28.200]  就跟我們說
[00:26:28.200 --> 00:26:29.200]  他說什麼
[00:26:29.200 --> 00:26:31.200]  逆境是無可避免的
[00:26:31.200 --> 00:26:33.200]  既然是無可避免的時候
[00:26:33.200 --> 00:26:34.200]  心態
[00:26:34.200 --> 00:26:36.200]  你必須要改變
[00:26:36.200 --> 00:26:38.200]  因為心態改變你的思想
[00:26:38.200 --> 00:26:40.200]  思想會帶出你的行為
[00:26:40.200 --> 00:26:43.200]  而行為就變成你的結果
[00:26:43.200 --> 00:26:45.200]  改變你的心態
[00:26:45.200 --> 00:26:48.200]  然後認定你的身份
[00:26:48.200 --> 00:26:50.200]  世界不斷在改變
[00:26:50.200 --> 00:26:52.200]  但是神的真理
[00:26:52.200 --> 00:26:53.200]  剛才我們看的聖經
[00:26:53.200 --> 00:26:55.200]  從來都沒有變過
[00:26:55.200 --> 00:26:57.200]  認定大家被呼召
[00:26:57.200 --> 00:26:59.200]  大家被揀選
[00:26:59.200 --> 00:27:00.200]  是神的兒女
[00:27:00.200 --> 00:27:01.200]  正如我剛才所說的
[00:27:01.200 --> 00:27:04.200]  神一定會供應最好的給我們
[00:27:04.200 --> 00:27:05.200]  第三
[00:27:05.200 --> 00:27:07.200]  要用不同的眼光向前走
[00:27:07.200 --> 00:27:09.200]  現今常傳的聖經說是
[00:27:09.200 --> 00:27:11.200]  信忘愛
[00:27:11.200 --> 00:27:12.200]  我常常都說
[00:27:12.200 --> 00:27:14.200]  如果我每一次在講道德裏面
[00:27:14.200 --> 00:27:16.200]  或者是在輔導裏面
[00:27:16.200 --> 00:27:18.200]  跟弟兄姊妹交通裏面
[00:27:18.200 --> 00:27:21.200]  如果沒有留信忘愛給弟兄姊妹
[00:27:21.200 --> 00:27:23.200]  這是我的錯
[00:27:23.200 --> 00:27:24.200]  因為聖經是這樣教導的
[00:27:24.200 --> 00:27:27.200]  因為信仰是可以超越一些現實
[00:27:27.200 --> 00:27:30.200]  盼望可以對付這些逆境
[00:27:30.200 --> 00:27:31.200]  或者是苦難
[00:27:31.200 --> 00:27:35.200]  而愛心是可以幫助我們向前奔跑
[00:27:35.200 --> 00:27:37.200]  明白嗎
[00:27:37.200 --> 00:27:40.200]  面對逆境
[00:27:40.200 --> 00:27:43.200]  你必須要有一個正向的心態
[00:27:43.200 --> 00:27:45.200]  正確的心態
[00:27:45.200 --> 00:27:49.200]  然後你才可以在這個逆境裏面
[00:27:49.200 --> 00:27:52.200]  跳出優美的舞步
[00:27:52.200 --> 00:27:53.200]  親愛的弟兄姊妹
[00:27:53.200 --> 00:27:55.200]  你現在可不可以跟隔壁人拿著鑰匙
[00:27:55.200 --> 00:27:58.200]  然後回家開門鎖
[00:27:58.200 --> 00:28:00.200]  一定不行
[00:28:00.200 --> 00:28:03.200]  The right key opens the right door
[00:28:03.200 --> 00:28:06.200]  當我們面對逆境的時候
[00:28:06.200 --> 00:28:07.200]  如果你沒有一個正確的心態
[00:28:07.200 --> 00:28:09.200]  拿著錯誤的鑰匙
[00:28:09.200 --> 00:28:11.200]  你要去開一個因典的門
[00:28:11.200 --> 00:28:13.200]  你是開不到的
[00:28:13.200 --> 00:28:15.200]  你必須要拿回正確的鑰匙
[00:28:15.200 --> 00:28:17.200]  那條鑰匙是神給你的
[00:28:17.200 --> 00:28:19.200]  正確的鑰匙
[00:28:19.200 --> 00:28:22.200]  然後去開那個正確的因典之門
[00:28:22.200 --> 00:28:24.200]  你就得著神給你的因典
[00:28:24.200 --> 00:28:26.200]  先改變你的心態
[00:28:26.200 --> 00:28:28.200]  面對逆境不用太擔心
[00:28:28.200 --> 00:28:29.200]  先改變你的心態
[00:28:29.200 --> 00:28:31.200]  既來之則
[00:28:31.200 --> 00:28:33.200]  則按之
[00:28:33.200 --> 00:28:34.200]  明白嗎
[00:28:34.200 --> 00:28:36.200]  可以嗎
[00:28:36.200 --> 00:28:38.200]  如果大家都認為可以不走的話
[00:28:38.200 --> 00:28:40.200]  我們就繼續第二點
[00:28:40.200 --> 00:28:42.200]  第二點就是經歷逆境
[00:28:42.200 --> 00:28:47.200]  剛才說的都是神學背景
[00:28:47.200 --> 00:28:48.200]  然後下來的時候
[00:28:48.200 --> 00:28:50.200]  我們實際怎麼做
[00:28:50.200 --> 00:28:52.200]  牧師你會怎麼做
[00:28:52.200 --> 00:28:53.200]  我們來看看
[00:28:53.200 --> 00:28:55.200]  經歷逆境的時候
[00:28:55.200 --> 00:28:56.200]  我們有什麼技巧
[00:28:56.200 --> 00:28:58.200]  有什麼要抓住
[00:28:58.200 --> 00:29:01.200]  可以帶領我們經歷這些逆境
[00:29:01.200 --> 00:29:03.200]  有三部分
[00:29:03.200 --> 00:29:04.200]  在苦難的裏面
[00:29:04.200 --> 00:29:06.200]  通常我們在逆境或者苦難的裏面
[00:29:06.200 --> 00:29:08.200]  我們有三個原因
[00:29:08.200 --> 00:29:09.200]  不同的原因
[00:29:09.200 --> 00:29:11.200]  好像我剛才所說的
[00:29:11.200 --> 00:29:14.200]  你用不同的鑰匙去打開因典之門
[00:29:14.200 --> 00:29:16.200]  第一個通常是什麼呢
[00:29:16.200 --> 00:29:20.200]  很多時候就是惡罪的結果
[00:29:20.200 --> 00:29:21.200]  因為有罪
[00:29:21.200 --> 00:29:26.200]  所以導致我們有這些困難
[00:29:26.200 --> 00:29:28.200]  聖經在這個
[00:29:28.200 --> 00:29:29.200]  葛書文這樣說的
[00:29:29.200 --> 00:29:31.200]  施育懷了胎
[00:29:31.200 --> 00:29:33.200]  就生下罪來
[00:29:33.200 --> 00:29:34.200]  罪長成了
[00:29:34.200 --> 00:29:36.200]  就生出死亡
[00:29:36.200 --> 00:29:38.200]  所以罪是第一個
[00:29:38.200 --> 00:29:39.200]  令我們有逆境
[00:29:39.200 --> 00:29:41.200]  或者有苦難的問題
[00:29:41.200 --> 00:29:42.200]  第二個
[00:29:42.200 --> 00:29:43.200]  撒旦的攻擊
[00:29:43.200 --> 00:29:44.200]  有一本書
[00:29:44.200 --> 00:29:45.200]  大家很熟悉的
[00:29:45.200 --> 00:29:48.200]  撒旦的攻擊是哪一本
[00:29:48.200 --> 00:29:49.200]  怎麼都睡著了
[00:29:49.200 --> 00:29:51.200]  只有兩三個人說話
[00:29:51.200 --> 00:29:53.200]  後面的嗨
[00:29:53.200 --> 00:29:54.200]  嗨
[00:29:54.200 --> 00:29:56.200]  為什麼你們沒有了
[00:29:56.200 --> 00:29:57.200]  嗨
[00:29:57.200 --> 00:29:58.200]  行了醒了
[00:29:58.200 --> 00:30:00.200]  真好
[00:30:00.200 --> 00:30:02.200]  處後面的不用理他們
[00:30:02.200 --> 00:30:05.200]  處前面的我們來處理
[00:30:05.200 --> 00:30:06.200]  約伯基
[00:30:06.200 --> 00:30:08.200]  撒旦的攻擊
[00:30:08.200 --> 00:30:09.200]  第三件事
[00:30:09.200 --> 00:30:10.200]  老實說
[00:30:10.200 --> 00:30:11.200]  很多人經常問牧師
[00:30:11.200 --> 00:30:13.200]  為什麼會這樣
[00:30:13.200 --> 00:30:15.200]  不是罪又不是撒旦的攻擊
[00:30:15.200 --> 00:30:16.200]  是什麼呢
[00:30:16.200 --> 00:30:17.200]  我不知道
[00:30:17.200 --> 00:30:19.200]  我沒有答案
[00:30:19.200 --> 00:30:20.200]  舉個例子
[00:30:20.200 --> 00:30:22.200]  好像在約翰福音第九章的時候
[00:30:22.200 --> 00:30:23.200]  有人問
[00:30:23.200 --> 00:30:24.200]  為什麼生下來是黑眼的
[00:30:24.200 --> 00:30:25.200]  為什麼
[00:30:25.200 --> 00:30:26.200]  耶穌說什麼
[00:30:26.200 --> 00:30:27.200]  神的榮耀
[00:30:27.200 --> 00:30:28.200]  為什麼會這樣
[00:30:28.200 --> 00:30:29.200]  上帝的旨意
[00:30:29.200 --> 00:30:32.200]  只可以這樣來回應
[00:30:32.200 --> 00:30:34.200]  是這三件事
[00:30:34.200 --> 00:30:36.200]  我們逐件事來思想
[00:30:36.200 --> 00:30:40.200]  第一件事
[00:30:40.200 --> 00:30:41.200]  彼得在這裡說
[00:30:41.200 --> 00:30:42.200]  你們要預備好
[00:30:42.200 --> 00:30:43.200]  你們的心要謹慎
[00:30:43.200 --> 00:30:44.200]  不要隨從以前
[00:30:44.200 --> 00:30:46.200]  無知事後的那種私慾
[00:30:46.200 --> 00:30:47.200]  剛才不是說
[00:30:47.200 --> 00:30:48.200]  私慾生出最久
[00:30:48.200 --> 00:30:49.200]  在一切的行為上
[00:30:49.200 --> 00:30:50.200]  要聖潔
[00:30:50.200 --> 00:30:51.200]  聖潔
[00:30:51.200 --> 00:30:52.200]  聖潔
[00:30:52.200 --> 00:30:53.200]  聖潔
[00:30:53.200 --> 00:30:54.200]  第一件事
[00:30:54.200 --> 00:30:56.200]  當我們在罪裡面的時候
[00:30:56.200 --> 00:30:58.200]  我們必須要學習聖潔
[00:30:58.200 --> 00:31:00.200]  我們來想想這個人
[00:31:00.200 --> 00:31:02.200]  仕途保羅
[00:31:02.200 --> 00:31:06.200]  當仕途保羅在大馬色路上
[00:31:06.200 --> 00:31:08.200]  被耶穌光照之前
[00:31:08.200 --> 00:31:09.200]  他很順境的
[00:31:09.200 --> 00:31:10.200]  大家知不知道
[00:31:10.200 --> 00:31:12.200]  他還在大祭司那裡拿了什麼
[00:31:12.200 --> 00:31:13.200]  拿了手令
[00:31:13.200 --> 00:31:15.200]  然後去逼迫基督徒
[00:31:15.200 --> 00:31:17.200]  一帆風順
[00:31:17.200 --> 00:31:18.200]  這條路
[00:31:18.200 --> 00:31:20.200]  但是當他遇見逆境
[00:31:20.200 --> 00:31:21.200]  耶穌基督光照他
[00:31:21.200 --> 00:31:23.200]  其實對他們是逆境
[00:31:23.200 --> 00:31:25.200]  他有很多種方法的回應
[00:31:25.200 --> 00:31:26.200]  但是他的回應
[00:31:26.200 --> 00:31:27.200]  大家很熟悉
[00:31:27.200 --> 00:31:28.200]  你會知道是什麼
[00:31:28.200 --> 00:31:29.200]  第一
[00:31:29.200 --> 00:31:30.200]  他反省
[00:31:30.200 --> 00:31:31.200]  耶穌說
[00:31:31.200 --> 00:31:32.200]  你逼迫我
[00:31:32.200 --> 00:31:34.200]  你知不知道我是耶穌
[00:31:34.200 --> 00:31:35.200]  他在反省
[00:31:35.200 --> 00:31:36.200]  我的信仰
[00:31:36.200 --> 00:31:38.200]  我所做的原來是什麼
[00:31:38.200 --> 00:31:39.200]  原來是有問題的
[00:31:39.200 --> 00:31:40.200]  然後他仰望
[00:31:40.200 --> 00:31:41.200]  重新去看
[00:31:41.200 --> 00:31:42.200]  哪位是神
[00:31:42.200 --> 00:31:43.200]  哦
[00:31:43.200 --> 00:31:44.200]  原來他找到
[00:31:44.200 --> 00:31:46.200]  真神在哪裡
[00:31:46.200 --> 00:31:47.200]  順服
[00:31:47.200 --> 00:31:48.200]  他瞎了
[00:31:48.200 --> 00:31:49.200]  是不是
[00:31:49.200 --> 00:31:50.200]  但是耶穌說什麼
[00:31:50.200 --> 00:31:51.200]  你去哪裡
[00:31:51.200 --> 00:31:52.200]  找誰
[00:31:52.200 --> 00:31:53.200]  他順服
[00:31:53.200 --> 00:31:54.200]  他跟著這個方法去做
[00:31:54.200 --> 00:31:56.200]  跟著他的生命得著改變
[00:31:56.200 --> 00:31:58.200]  他整個人就被改變
[00:31:58.200 --> 00:31:59.200]  如果你知道的話
[00:31:59.200 --> 00:32:00.200]  其實他就
[00:32:00.200 --> 00:32:01.200]  跟著去了
[00:32:01.200 --> 00:32:02.200]  沙漠那裡
[00:32:02.200 --> 00:32:03.200]  幾年了
[00:32:03.200 --> 00:32:04.200]  在這裡重新來
[00:32:04.200 --> 00:32:06.200]  駐備自己
[00:32:06.200 --> 00:32:07.200]  到最後他要面對
[00:32:07.200 --> 00:32:09.200]  因為神要呼召他
[00:32:09.200 --> 00:32:10.200]  去傳福音
[00:32:10.200 --> 00:32:11.200]  其實難不難
[00:32:11.200 --> 00:32:12.200]  其實很難的
[00:32:12.200 --> 00:32:13.200]  一點都不容易
[00:32:13.200 --> 00:32:14.200]  因為他以前
[00:32:14.200 --> 00:32:15.200]  是什麼
[00:32:15.200 --> 00:32:16.200]  是逼迫基督徒的
[00:32:16.200 --> 00:32:17.200]  今天是什麼
[00:32:17.200 --> 00:32:18.200]  今天要去服侍基督徒
[00:32:18.200 --> 00:32:19.200]  而且
[00:32:19.200 --> 00:32:21.200]  以前他的老闆變成了什麼
[00:32:21.200 --> 00:32:23.200]  變成了他要逼迫的人
[00:32:23.200 --> 00:32:24.200]  反過來
[00:32:24.200 --> 00:32:25.200]  不容易
[00:32:25.200 --> 00:32:27.200]  當我們在罪裡面的時候
[00:32:27.200 --> 00:32:28.200]  親愛的弟兄姊妹
[00:32:28.200 --> 00:32:29.200]  我們可以
[00:32:29.200 --> 00:32:30.200]  思考
[00:32:30.200 --> 00:32:32.200]  我們怎樣去面對
[00:32:32.200 --> 00:32:34.200]  來勝過這些逆境
[00:32:34.200 --> 00:32:35.200]  五個方法
[00:32:35.200 --> 00:32:36.200]  五件事
[00:32:36.200 --> 00:32:39.200]  反省自己
[00:32:39.200 --> 00:32:40.200]  仰望我們的神
[00:32:40.200 --> 00:32:42.200]  順服在神的旨意裡面
[00:32:42.200 --> 00:32:43.200]  然後
[00:32:43.200 --> 00:32:45.200]  願意去認錯
[00:32:45.200 --> 00:32:47.200]  願意去改變
[00:32:47.200 --> 00:32:50.200]  然後願意去重新面對
[00:32:50.200 --> 00:32:51.200]  很多人在逆境裡面
[00:32:51.200 --> 00:32:52.200]  就是不願意
[00:32:52.200 --> 00:32:54.200]  我講一個故事
[00:32:54.200 --> 00:32:58.200]  我在中國大陸服侍的時候
[00:32:58.200 --> 00:33:00.200]  有一個人跟我說
[00:33:00.200 --> 00:33:02.200]  他說
[00:33:02.200 --> 00:33:04.200]  我做兩盤賬
[00:33:04.200 --> 00:33:06.200]  大家知道做生意
[00:33:06.200 --> 00:33:07.200]  做兩盤賬
[00:33:07.200 --> 00:33:08.200]  很難
[00:33:08.200 --> 00:33:09.200]  真的沒辦法
[00:33:09.200 --> 00:33:11.200]  在公國
[00:33:11.200 --> 00:33:12.200]  生存不了
[00:33:12.200 --> 00:33:13.200]  如果不是的話
[00:33:13.200 --> 00:33:14.200]  跟我說一下
[00:33:14.200 --> 00:33:15.200]  作為牧師
[00:33:15.200 --> 00:33:16.200]  作為我們
[00:33:16.200 --> 00:33:17.200]  有聖經真理的人
[00:33:17.200 --> 00:33:19.200]  會怎樣跟他說
[00:33:19.200 --> 00:33:21.200]  你們會怎樣跟他說
[00:33:21.200 --> 00:33:22.200]  舉手吧
[00:33:22.200 --> 00:33:24.200]  繼續做兩盤賬
[00:33:24.200 --> 00:33:25.200]  請舉手
[00:33:25.200 --> 00:33:26.200]  都沒有了
[00:33:26.200 --> 00:33:28.200]  你們的手不敢舉
[00:33:28.200 --> 00:33:31.200]  我們都很老實地跟他說
[00:33:31.200 --> 00:33:32.200]  這個不合乎神的心意
[00:33:32.200 --> 00:33:33.200]  這個不對
[00:33:33.200 --> 00:33:34.200]  不要繼續做
[00:33:34.200 --> 00:33:35.200]  沒辦法
[00:33:35.200 --> 00:33:38.200]  沒有力量去幫助他改變
[00:33:38.200 --> 00:33:39.200]  親愛的
[00:33:39.200 --> 00:33:40.200]  我們很感恩
[00:33:40.200 --> 00:33:42.200]  我們有神在我們裡面
[00:33:42.200 --> 00:33:43.200]  剛才我們說
[00:33:43.200 --> 00:33:44.200]  我們現今常存
[00:33:44.200 --> 00:33:45.200]  還有什麼
[00:33:45.200 --> 00:33:46.200]  信望愛
[00:33:46.200 --> 00:33:47.200]  我們在裡面
[00:33:47.200 --> 00:33:48.200]  神會賜力量給我們
[00:33:48.200 --> 00:33:49.200]  我們沒有
[00:33:49.200 --> 00:33:51.200]  但是神會賜力量給我們
[00:33:51.200 --> 00:33:52.200]  他後來
[00:33:52.200 --> 00:33:53.200]  真的不好意思
[00:33:53.200 --> 00:33:55.200]  被人抓了
[00:33:55.200 --> 00:33:58.200]  這些案件不是一次的
[00:33:58.200 --> 00:33:59.200]  我經常遇到
[00:33:59.200 --> 00:34:00.200]  我也會遇到
[00:34:00.200 --> 00:34:02.200]  另一個會計師
[00:34:02.200 --> 00:34:04.200]  他是會計師
[00:34:04.200 --> 00:34:06.200]  公司要他做
[00:34:06.200 --> 00:34:08.200]  他一直做到之後
[00:34:08.200 --> 00:34:09.200]  不平安
[00:34:09.200 --> 00:34:10.200]  他問我
[00:34:10.200 --> 00:34:12.200]  我說你不如換工吧
[00:34:12.200 --> 00:34:13.200]  轉吧
[00:34:13.200 --> 00:34:14.200]  轉工吧
[00:34:14.200 --> 00:34:15.200]  他就走了
[00:34:15.200 --> 00:34:16.200]  他走了之後一個月
[00:34:16.200 --> 00:34:19.200]  整間公司被人抓了
[00:34:19.200 --> 00:34:20.200]  親愛的
[00:34:20.200 --> 00:34:21.200]  親愛的兄弟姐妹
[00:34:21.200 --> 00:34:23.200]  當我們在罪裡面的時候
[00:34:23.200 --> 00:34:25.200]  必須要離開
[00:34:25.200 --> 00:34:27.200]  這個是唯一的方法
[00:34:27.200 --> 00:34:28.200]  如果你不做的話
[00:34:28.200 --> 00:34:29.200]  沒辦法
[00:34:29.200 --> 00:34:30.200]  那你很可能說
[00:34:30.200 --> 00:34:31.200]  牧師很辛苦
[00:34:31.200 --> 00:34:32.200]  真的
[00:34:32.200 --> 00:34:33.200]  我現在在裡面
[00:34:33.200 --> 00:34:34.200]  我沒辦法做到
[00:34:34.200 --> 00:34:35.200]  給我自己的經歷
[00:34:35.200 --> 00:34:36.200]  給大家
[00:34:36.200 --> 00:34:37.200]  我自己的方法
[00:34:37.200 --> 00:34:38.200]  給大家想一想
[00:34:38.200 --> 00:34:39.200]  在圖書
[00:34:39.200 --> 00:34:40.200]  他曾經說過
[00:34:40.200 --> 00:34:41.200]  什麼叫聖潔呢
[00:34:41.200 --> 00:34:42.200]  當我們說
[00:34:42.200 --> 00:34:43.200]  我們要追求聖潔
[00:34:43.200 --> 00:34:45.200]  我們必須要聖潔的時候
[00:34:45.200 --> 00:34:46.200]  我們是不是好像
[00:34:46.200 --> 00:34:48.200]  圖書那裡說
[00:34:48.200 --> 00:34:49.200]  聖經裡面所知的聖潔
[00:34:49.200 --> 00:34:51.200]  是道德上的一種完美
[00:34:51.200 --> 00:34:53.200]  是一種積極的氣質
[00:34:53.200 --> 00:34:54.200]  是良善
[00:34:54.200 --> 00:34:55.200]  憐恤
[00:34:55.200 --> 00:34:56.200]  清心
[00:34:56.200 --> 00:34:57.200]  毫無瑕疵和敬虔
[00:34:57.200 --> 00:34:58.200]  聖經每次提到
[00:34:58.200 --> 00:34:59.200]  神的聖潔的時候
[00:34:59.200 --> 00:35:00.200]  都是指祂的慈悲
[00:35:00.200 --> 00:35:01.200]  憐憫
[00:35:01.200 --> 00:35:02.200]  潔淨無瑕
[00:35:02.200 --> 00:35:03.200]  又是神聖
[00:35:03.200 --> 00:35:04.200]  我想我們真的做不到
[00:35:04.200 --> 00:35:05.200]  但是圖書很好
[00:35:05.200 --> 00:35:06.200]  他在下面
[00:35:06.200 --> 00:35:08.200]  用紅字幫助我
[00:35:08.200 --> 00:35:09.200]  他說什麼呢
[00:35:09.200 --> 00:35:10.200]  用來形容人的時候
[00:35:10.200 --> 00:35:11.200]  當然不是指神
[00:35:11.200 --> 00:35:13.200]  那種完美無瑕的聖潔
[00:35:13.200 --> 00:35:15.200]  但卻是那種積極的
[00:35:15.200 --> 00:35:16.200]  正面的聖潔
[00:35:16.200 --> 00:35:17.200]  是神聖的氣質
[00:35:17.200 --> 00:35:19.200]  而不是一種消極的
[00:35:19.200 --> 00:35:22.200]  表面的宗教的那種見解
[00:35:22.200 --> 00:35:23.200]  所以親愛的弟兄姊妹
[00:35:23.200 --> 00:35:24.200]  當我們要追求聖潔的時候
[00:35:24.200 --> 00:35:26.200]  我給一個量度尺給大家
[00:35:26.200 --> 00:35:28.200]  我經常都是這樣
[00:35:28.200 --> 00:35:30.200]  給一個量度尺給我自己
[00:35:30.200 --> 00:35:31.200]  幫助我自己
[00:35:31.200 --> 00:35:33.200]  我看到每一晚
[00:35:33.200 --> 00:35:34.200]  當我睡覺的時候
[00:35:34.200 --> 00:35:35.200]  我都會想
[00:35:35.200 --> 00:35:36.200]  我追求聖潔
[00:35:36.200 --> 00:35:38.200]  我好像更像耶穌的時候
[00:35:38.200 --> 00:35:40.200]  我是今天和昨天的比較
[00:35:40.200 --> 00:35:42.200]  我是更加聖潔呢
[00:35:42.200 --> 00:35:45.200]  還是說我是更加差呢
[00:35:45.200 --> 00:35:47.200]  我們回來再想
[00:35:47.200 --> 00:35:49.200]  我們在逆境裡
[00:35:49.200 --> 00:35:51.200]  你是逆境裡越來越差
[00:35:51.200 --> 00:35:54.200]  還是說你是越來越好呢
[00:35:54.200 --> 00:35:56.200]  如果你越來越好的時候
[00:35:56.200 --> 00:35:57.200]  就沒有問題了
[00:35:57.200 --> 00:35:59.200]  但如果越來越差的時候
[00:35:59.200 --> 00:36:01.200]  你就要好好檢討了
[00:36:01.200 --> 00:36:02.200]  明白嗎
[00:36:02.200 --> 00:36:04.200]  這是我的量度尺
[00:36:04.200 --> 00:36:05.200]  我經常在逆境裡
[00:36:05.200 --> 00:36:07.200]  越來越好呢
[00:36:07.200 --> 00:36:08.200]  所以在第一天
[00:36:08.200 --> 00:36:09.200]  我在賓館裡的時候
[00:36:09.200 --> 00:36:11.200]  我心裡是很不平安的
[00:36:11.200 --> 00:36:14.200]  但我慢慢改變心態的時候
[00:36:14.200 --> 00:36:16.200]  我就越來越開心
[00:36:16.200 --> 00:36:17.200]  越來越覺得
[00:36:17.200 --> 00:36:18.200]  原來都挺好的
[00:36:18.200 --> 00:36:21.200]  21天不用煮飯
[00:36:21.200 --> 00:36:23.200]  不錯的
[00:36:23.200 --> 00:36:24.200]  逼你吃
[00:36:24.200 --> 00:36:27.200]  然後在21天裡面
[00:36:27.200 --> 00:36:30.200]  480元可以住
[00:36:30.200 --> 00:36:32.200]  又可以吃
[00:36:32.200 --> 00:36:34.200]  最後我想到什麼呢
[00:36:34.200 --> 00:36:35.200]  你們不要介意
[00:36:35.200 --> 00:36:36.200]  最後我想到
[00:36:36.200 --> 00:36:39.200]  劏房都沒那麼便宜
[00:36:39.200 --> 00:36:42.200]  明白我的意思嗎
[00:36:42.200 --> 00:36:44.200]  所以一天
[00:36:44.200 --> 00:36:46.200]  當我在逆境裡的時候
[00:36:46.200 --> 00:36:49.200]  追求神給我的話語的時候
[00:36:49.200 --> 00:36:50.200]  我越看
[00:36:50.200 --> 00:36:52.200]  我自己越在恩典裡
[00:36:52.200 --> 00:36:54.200]  明白嗎
[00:36:54.200 --> 00:36:55.200]  感恩
[00:36:55.200 --> 00:36:56.200]  今天比昨天好
[00:36:56.200 --> 00:36:58.200]  明天比今天好
[00:36:58.200 --> 00:37:00.200]  這是我追求聖義的一個量度尺
[00:37:00.200 --> 00:37:01.200]  希望可以幫到你
[00:37:01.200 --> 00:37:03.200]  請你跟旁邊的人說
[00:37:03.200 --> 00:37:06.200]  希望你今天比昨天好
[00:37:06.200 --> 00:37:09.200]  希望你明天比今天好
[00:37:09.200 --> 00:37:12.200]  親愛的兄弟姐妹有沒有夫妻坐在旁邊
[00:37:12.200 --> 00:37:14.200]  有沒有夫妻坐在旁邊
[00:37:14.200 --> 00:37:15.200]  有
[00:37:15.200 --> 00:37:17.200]  有沒有情侶坐在旁邊
[00:37:17.200 --> 00:37:20.200]  父子那些
[00:37:20.200 --> 00:37:21.200]  如果你跟他的關係
[00:37:21.200 --> 00:37:24.200]  今天比昨天好
[00:37:24.200 --> 00:37:25.200]  明天比今天好
[00:37:25.200 --> 00:37:26.200]  我恭喜你
[00:37:26.200 --> 00:37:27.200]  Amen
[00:37:27.200 --> 00:37:28.200]  如果反過來
[00:37:28.200 --> 00:37:30.200]  就快點找林牧師
[00:37:30.200 --> 00:37:32.200]  現在是不是林牧師還在
[00:37:32.200 --> 00:37:35.200]  找你們的傳道人
[00:37:35.200 --> 00:37:36.200]  明白我的意思嗎
[00:37:36.200 --> 00:37:38.200]  每天都要比昨天好
[00:37:38.200 --> 00:37:39.200]  這是我們的量度尺
[00:37:39.200 --> 00:37:40.200]  再看下去
[00:37:40.200 --> 00:37:41.200]  第二件事
[00:37:41.200 --> 00:37:44.200]  我們說魔鬼撒旦會來攻擊我們
[00:37:44.200 --> 00:37:45.200]  彼得也是這樣說
[00:37:45.200 --> 00:37:46.200]  你們要謹慎
[00:37:46.200 --> 00:37:47.200]  要驚醒
[00:37:47.200 --> 00:37:50.200]  因為仇敵魔鬼好像咆哮的獅子
[00:37:50.200 --> 00:37:53.200]  到處去找那些可以吞噬的人
[00:37:53.200 --> 00:37:55.200]  那怎麼辦呢
[00:37:55.200 --> 00:37:58.200]  對付他的方法很簡單
[00:37:58.200 --> 00:37:59.200]  我們必須要明白
[00:37:59.200 --> 00:38:01.200]  有一些東西是長存的
[00:38:01.200 --> 00:38:04.200]  有一些東西是短暫的
[00:38:04.200 --> 00:38:05.200]  什麼是長存
[00:38:05.200 --> 00:38:07.200]  彼得在這裡告訴我們
[00:38:07.200 --> 00:38:09.200]  有些是毀壞的種子
[00:38:09.200 --> 00:38:11.200]  有些是不能毀壞的種子
[00:38:11.200 --> 00:38:13.200]  只有一樣東西是永遠長存的
[00:38:13.200 --> 00:38:14.200]  是不能毀壞的種子
[00:38:14.200 --> 00:38:16.200]  就是神的道
[00:38:16.200 --> 00:38:18.200]  就是聖經裏面的話語
[00:38:18.200 --> 00:38:20.200]  所以對付撒旦的控訴
[00:38:20.200 --> 00:38:22.200]  對付撒旦來搞擾我們
[00:38:22.200 --> 00:38:26.200]  重點就在聖經裏面
[00:38:26.200 --> 00:38:28.200]  看回這個例子
[00:38:28.200 --> 00:38:31.200]  耶穌基督四十天
[00:38:31.200 --> 00:38:33.200]  在荒野裏面
[00:38:33.200 --> 00:38:35.200]  聖靈帶領他去那裏
[00:38:35.200 --> 00:38:37.200]  實際上真的有需要
[00:38:37.200 --> 00:38:39.200]  肚餓嗎
[00:38:39.200 --> 00:38:40.200]  餓是實際的需要
[00:38:40.200 --> 00:38:41.200]  四十天不吃東西
[00:38:41.200 --> 00:38:43.200]  真的會肚餓
[00:38:43.200 --> 00:38:44.200]  但肚餓的時候
[00:38:44.200 --> 00:38:45.200]  真的有需要的時候
[00:38:45.200 --> 00:38:47.200]  魔鬼就來搞擾他
[00:38:47.200 --> 00:38:48.200]  但耶穌用什麼呢
[00:38:48.200 --> 00:38:50.200]  大家看第四節
[00:38:50.200 --> 00:38:52.200]  馬太福音四章第四節
[00:38:52.200 --> 00:38:54.200]  人沒著不可以攤靠聖物
[00:38:54.200 --> 00:38:55.200]  而是靠神裏面
[00:38:55.200 --> 00:38:57.200]  神口裏面所講的每一句話
[00:38:57.200 --> 00:39:00.200]  大家知道這是生命記
[00:39:00.200 --> 00:39:02.200]  聖經裏面的五經裏面的一句
[00:39:02.200 --> 00:39:04.200]  所以當撒旦來搞擾我們的時候
[00:39:04.200 --> 00:39:06.200]  我們必須要回到聖經裏面
[00:39:06.200 --> 00:39:09.200]  用神的話語來抵擋
[00:39:09.200 --> 00:39:10.200]  這是一個方法
[00:39:10.200 --> 00:39:11.200]  親愛的弟姐妹
[00:39:11.200 --> 00:39:13.200]  遲守聖經的真理
[00:39:13.200 --> 00:39:14.200]  怎樣遲守
[00:39:14.200 --> 00:39:16.200]  不是拿著聖經到處走
[00:39:16.200 --> 00:39:17.200]  遲守
[00:39:17.200 --> 00:39:19.200]  我們真的要去讀
[00:39:19.200 --> 00:39:20.200]  在我自己的機構裏面
[00:39:20.200 --> 00:39:22.200]  我有一件事要求
[00:39:22.200 --> 00:39:23.200]  不好意思
[00:39:23.200 --> 00:39:25.200]  你來我機構工作就不好意思
[00:39:25.200 --> 00:39:26.200]  我一定有這個要求
[00:39:26.200 --> 00:39:28.200]  就是你沒摸過聖經那天
[00:39:28.200 --> 00:39:30.200]  不要摸聖經
[00:39:30.200 --> 00:39:31.200]  我們有人靠車
[00:39:31.200 --> 00:39:32.200]  有人靠馬
[00:39:32.200 --> 00:39:33.200]  我們要靠什麼
[00:39:33.200 --> 00:39:36.200]  耶和華的靈方能成事
[00:39:36.200 --> 00:39:39.200]  做聖公就要用聖經的真理
[00:39:39.200 --> 00:39:41.200]  用聖經的方式來做
[00:39:41.200 --> 00:39:42.200]  所以我要求同工
[00:39:42.200 --> 00:39:44.200]  如果那天早上回來沒有靈修
[00:39:44.200 --> 00:39:46.200]  坐在這裏打開聖經讀兩句
[00:39:46.200 --> 00:39:48.200]  五分鐘沒問題的
[00:39:48.200 --> 00:39:49.200]  公司給錢
[00:39:49.200 --> 00:39:52.200]  必須要靠著神給我們的恩典
[00:39:52.200 --> 00:39:55.200]  去完成恩典的工作
[00:39:55.200 --> 00:40:00.200]  所以在這裏也鼓勵大家
[00:40:00.200 --> 00:40:01.200]  有些弟姐妹跟我說
[00:40:01.200 --> 00:40:03.200]  牧師,我讀了四十次了
[00:40:03.200 --> 00:40:05.200]  聖經從頭讀到尾讀了很多次
[00:40:05.200 --> 00:40:07.200]  是的,我知道,我也明白
[00:40:07.200 --> 00:40:08.200]  你這樣讀的時候
[00:40:08.200 --> 00:40:10.200]  很多時候就沒有新的亮光
[00:40:10.200 --> 00:40:13.200]  所以我很喜歡用不同的聖經來讀
[00:40:13.200 --> 00:40:15.200]  當然環球星星公會
[00:40:15.200 --> 00:40:17.200]  最近我們出了舊約卷一
[00:40:17.200 --> 00:40:19.200]  大家不知道知不知道
[00:40:19.200 --> 00:40:20.200]  趕快去買
[00:40:20.200 --> 00:40:22.200]  非常好的一本聖經
[00:40:22.200 --> 00:40:24.200]  用新的聖經來讀的時候
[00:40:24.200 --> 00:40:26.200]  有新的亮光
[00:40:26.200 --> 00:40:27.200]  幫助你自己
[00:40:27.200 --> 00:40:29.200]  不會讀來讀去都是那些
[00:40:29.200 --> 00:40:32.200]  新的聖經,有新的體驗
[00:40:32.200 --> 00:40:34.200]  有新的方法去寫的時候
[00:40:34.200 --> 00:40:36.200]  幫助你更明白神的真理
[00:40:36.200 --> 00:40:39.200]  幫助你遠離撒旦的攻擊
[00:40:39.200 --> 00:40:42.200]  第三,預備受教的心智
[00:40:42.200 --> 00:40:43.200]  要不就有罪
[00:40:43.200 --> 00:40:45.200]  所以你有困難,遇到逆境
[00:40:45.200 --> 00:40:47.200]  要不就撒旦來攻擊你
[00:40:47.200 --> 00:40:48.200]  你又越來越遇到逆境
[00:40:48.200 --> 00:40:49.200]  但有些真的沒有辦法
[00:40:49.200 --> 00:40:51.200]  你都不知道什麼原因
[00:40:51.200 --> 00:40:53.200]  我想我們大部分今天坐在這裏的人
[00:40:53.200 --> 00:40:54.200]  都不知道什麼原因
[00:40:54.200 --> 00:40:58.200]  我們會戴著口罩這樣坐在這裏
[00:40:58.200 --> 00:41:04.200]  其實在我的角度來說是很無辜的
[00:41:04.200 --> 00:41:06.200]  但在這樣的情況下
[00:41:06.200 --> 00:41:08.200]  彼得仍然鼓勵我們
[00:41:08.200 --> 00:41:10.200]  所以既然基督在肉身裏面受苦
[00:41:10.200 --> 00:41:13.200]  你們也要用同樣的心智
[00:41:13.200 --> 00:41:15.200]  裝備自己
[00:41:15.200 --> 00:41:16.200]  預備好了
[00:41:16.200 --> 00:41:18.200]  有時候不是理想
[00:41:18.200 --> 00:41:20.200]  不是我們人有什麼問題
[00:41:20.200 --> 00:41:21.200]  就是旁邊的人有問題
[00:41:21.200 --> 00:41:23.200]  導致我們這樣
[00:41:23.200 --> 00:41:25.200]  不要再隨從自己的私慾
[00:41:25.200 --> 00:41:27.200]  要順從神的旨意
[00:41:27.200 --> 00:41:29.200]  然後他繼續說
[00:41:29.200 --> 00:41:32.200]  對不公道的都要來好馴服
[00:41:32.200 --> 00:41:33.200]  人如果在神的面前
[00:41:33.200 --> 00:41:34.200]  由良心的緣故
[00:41:34.200 --> 00:41:36.200]  受到冤屈、苦楚
[00:41:36.200 --> 00:41:39.200]  這樣的情況下你是蒙福的
[00:41:39.200 --> 00:41:42.200]  如果因為好行為而受苦堅忍
[00:41:42.200 --> 00:41:44.200]  在神看來也是蒙福的
[00:41:44.200 --> 00:41:46.200]  基督也為你受過這些苦
[00:41:46.200 --> 00:41:47.200]  留下了榜樣
[00:41:47.200 --> 00:41:51.200]  好讓你們可以跟從祂的腳踪
[00:41:51.200 --> 00:41:52.200]  所以有些情況下
[00:41:52.200 --> 00:41:53.200]  不明白、不知道
[00:41:53.200 --> 00:41:56.200]  我們只可以交回給神
[00:41:56.200 --> 00:41:57.200]  我經常都是那句
[00:41:57.200 --> 00:42:01.200]  Quiet out to the law
[00:42:01.200 --> 00:42:02.200]  我經常都是那句
[00:42:02.200 --> 00:42:03.200]  真的不行了
[00:42:03.200 --> 00:42:04.200]  交回給神
[00:42:04.200 --> 00:42:05.200]  你要救我、要幫我
[00:42:05.200 --> 00:42:07.200]  要處理這些問題
[00:42:07.200 --> 00:42:09.200]  當我們在一些
[00:42:09.200 --> 00:42:12.200]  真的完全不知道怎麼做的時候
[00:42:12.200 --> 00:42:13.200]  沒有辦法的時候
[00:42:13.200 --> 00:42:17.200]  你只有專一的注視我們的神
[00:42:17.200 --> 00:42:20.200]  這就是基督徒和非基督徒的分別
[00:42:20.200 --> 00:42:22.200]  這就是當逆境來到的時候
[00:42:22.200 --> 00:42:24.200]  為什麼基督徒很多時候
[00:42:24.200 --> 00:42:27.200]  會有這麼硬朗的分別
[00:42:27.200 --> 00:42:29.200]  是不同的
[00:42:29.200 --> 00:42:31.200]  大家都很熟悉Rick
[00:42:31.200 --> 00:42:32.200]  沒有手沒有腳
[00:42:32.200 --> 00:42:35.200]  有一次我跟他聊天
[00:42:35.200 --> 00:42:37.200]  聽他分享
[00:42:37.200 --> 00:42:38.200]  聽完之後
[00:42:38.200 --> 00:42:41.200]  我就發覺
[00:42:41.200 --> 00:42:43.200]  這個弟兄真是神好用他
[00:42:43.200 --> 00:42:44.200]  大家知不知道
[00:42:44.200 --> 00:42:46.200]  他原來自殺過好幾次
[00:42:46.200 --> 00:42:48.200]  他很慘的
[00:42:48.200 --> 00:42:49.200]  自殺的
[00:42:49.200 --> 00:42:51.200]  自己浸水也浸不死
[00:42:51.200 --> 00:42:52.200]  跳也跳不死
[00:42:52.200 --> 00:42:54.200]  但後來神幫助他
[00:42:54.200 --> 00:42:55.200]  他就在很多地方
[00:42:55.200 --> 00:42:57.200]  可以為神做見證
[00:42:57.200 --> 00:43:00.200]  大家知不知道他還結了婚
[00:43:00.200 --> 00:43:03.200]  有嬰兒多好
[00:43:03.200 --> 00:43:06.200]  在他的分享裡面
[00:43:06.200 --> 00:43:07.200]  我寫了一些
[00:43:07.200 --> 00:43:08.200]  我自己的心得
[00:43:08.200 --> 00:43:10.200]  跟大家分享
[00:43:10.200 --> 00:43:11.200]  當一些
[00:43:11.200 --> 00:43:13.200]  我們都不知道為什麼會這樣的時候
[00:43:13.200 --> 00:43:14.200]  就像聖經裡說的
[00:43:14.200 --> 00:43:16.200]  無端端為什麼他會盲
[00:43:16.200 --> 00:43:17.200]  耶穌說這是神的旨意
[00:43:17.200 --> 00:43:18.200]  這是神的榮耀
[00:43:18.200 --> 00:43:20.200]  我們都不能夠明白的時候
[00:43:20.200 --> 00:43:22.200]  我只有這幾樣東西
[00:43:22.200 --> 00:43:23.200]  來安慰我自己
[00:43:23.200 --> 00:43:24.200]  或者安慰別人
[00:43:24.200 --> 00:43:25.200]  第一是什麼呢
[00:43:25.200 --> 00:43:27.200]  承認人是有限的
[00:43:27.200 --> 00:43:29.200]  我覺得今天不需要解釋了
[00:43:29.200 --> 00:43:31.200]  承認人真是有限的
[00:43:31.200 --> 00:43:32.200]  相信所有的逆境
[00:43:32.200 --> 00:43:35.200]  是有它的原因
[00:43:35.200 --> 00:43:36.200]  什麼原因未必知道
[00:43:36.200 --> 00:43:38.200]  但是一定有它的原因
[00:43:38.200 --> 00:43:40.200]  然後我們起用正向的
[00:43:40.200 --> 00:43:41.200]  來面對這些逆境
[00:43:41.200 --> 00:43:43.200]  即是改變你的心態
[00:43:43.200 --> 00:43:45.200]  來面對
[00:43:45.200 --> 00:43:47.200]  再接著
[00:43:47.200 --> 00:43:49.200]  我們必須找外面的人來幫忙
[00:43:49.200 --> 00:43:51.200]  只是自己在裡面很苦楚的話
[00:43:51.200 --> 00:43:53.200]  越來越苦
[00:43:53.200 --> 00:43:55.200]  找些人將苦分緊一點
[00:43:55.200 --> 00:43:57.200]  你就沒有那麼苦了
[00:43:57.200 --> 00:43:58.200]  是不是
[00:43:58.200 --> 00:44:00.200]  那就甜了一樣
[00:44:00.200 --> 00:44:02.200]  所以要跟別人分享
[00:44:02.200 --> 00:44:03.200]  將得失一同來分享
[00:44:03.200 --> 00:44:04.200]  找人幫忙
[00:44:04.200 --> 00:44:06.200]  最後是什麼呢
[00:44:06.200 --> 00:44:07.200]  不要擔心
[00:44:07.200 --> 00:44:09.200]  我們信神的人知道
[00:44:09.200 --> 00:44:11.200]  天色不會常藍
[00:44:11.200 --> 00:44:12.200]  但是一定
[00:44:12.200 --> 00:44:14.200]  雲外有太陽
[00:44:14.200 --> 00:44:15.200]  Amen
[00:44:15.200 --> 00:44:16.200]  所以這五樣東西
[00:44:16.200 --> 00:44:17.200]  承認自己有限
[00:44:17.200 --> 00:44:20.200]  相信逆境是有原因的
[00:44:20.200 --> 00:44:23.200]  正向來面對這些逆境
[00:44:23.200 --> 00:44:24.200]  跟別人分享
[00:44:24.200 --> 00:44:25.200]  不要只是自己
[00:44:25.200 --> 00:44:28.200]  到最後你總是有出路的
[00:44:28.200 --> 00:44:29.200]  我們香港不是有
[00:44:29.200 --> 00:44:30.200]  我現在不知道
[00:44:30.200 --> 00:44:31.200]  我很久沒有看電視
[00:44:31.200 --> 00:44:32.200]  香港
[00:44:32.200 --> 00:44:33.200]  是不是有個什麼
[00:44:33.200 --> 00:44:35.200]  今天下雨沒有球踢
[00:44:35.200 --> 00:44:37.200]  明天會有太陽的
[00:44:37.200 --> 00:44:38.200]  是不是
[00:44:38.200 --> 00:44:40.200]  那個廣告還有沒有賣
[00:44:40.200 --> 00:44:43.200]  哦你們原來看電視的
[00:44:43.200 --> 00:44:44.200]  我很少看電視的
[00:44:44.200 --> 00:44:45.200]  不好意思
[00:44:45.200 --> 00:44:47.200]  我們在這裡做個總結
[00:44:47.200 --> 00:44:49.200]  交回給主席
[00:44:49.200 --> 00:44:51.200]  我們經歷逆境
[00:44:51.200 --> 00:44:52.200]  我們開頭就說
[00:44:52.200 --> 00:44:53.200]  我們面對逆境的時候
[00:44:53.200 --> 00:44:55.200]  我們必須改變心態
[00:44:55.200 --> 00:44:56.200]  我們經歷的時候
[00:44:56.200 --> 00:44:58.200]  剛才我給大家一些方法
[00:44:58.200 --> 00:44:59.200]  經歷的時候
[00:44:59.200 --> 00:45:00.200]  你要抓什麼呢
[00:45:00.200 --> 00:45:02.200]  當有罪來引誘你的時候
[00:45:02.200 --> 00:45:03.200]  親愛的姐妹
[00:45:03.200 --> 00:45:05.200]  我們必須追求聖潔
[00:45:05.200 --> 00:45:07.200]  聖經教導我們
[00:45:07.200 --> 00:45:09.200]  給我們一把鐸尺
[00:45:09.200 --> 00:45:10.200]  我們要追求聖潔
[00:45:10.200 --> 00:45:12.200]  撒旦控告我們的時候
[00:45:12.200 --> 00:45:15.200]  我們要持守一些真理
[00:45:15.200 --> 00:45:16.200]  聖經這樣教
[00:45:16.200 --> 00:45:17.200]  我就這樣做
[00:45:17.200 --> 00:45:18.200]  聖經這樣講
[00:45:18.200 --> 00:45:19.200]  我就這樣信
[00:45:19.200 --> 00:45:22.200]  聖經這樣來吩咐我
[00:45:22.200 --> 00:45:24.200]  我就按著祂的吩咐
[00:45:24.200 --> 00:45:26.200]  向前繼續奔跑
[00:45:26.200 --> 00:45:28.200]  最後我們當有些情況下
[00:45:28.200 --> 00:45:29.200]  真的什麼都不知道
[00:45:29.200 --> 00:45:30.200]  為什麼會這樣
[00:45:30.200 --> 00:45:31.200]  沒辦法解釋的時候
[00:45:31.200 --> 00:45:34.200]  我們只可以信靠我們的神
[00:45:34.200 --> 00:45:36.200]  我們很相信祂
[00:45:36.200 --> 00:45:38.200]  不會撇下我們為孤兒
[00:45:38.200 --> 00:45:40.200]  一定有祂的目標
[00:45:40.200 --> 00:45:43.200]  所以在逆境裡我們不擔心
[00:45:43.200 --> 00:45:45.200]  講個故事就結束
[00:45:45.200 --> 00:45:46.200]  真實的故事
[00:45:46.200 --> 00:45:47.200]  有個宣教士
[00:45:47.200 --> 00:45:50.200]  他兩夫妻去一個地方
[00:45:50.200 --> 00:45:52.200]  非洲的地方宣教
[00:45:52.200 --> 00:45:54.200]  宣教幾十年之後
[00:45:54.200 --> 00:45:57.200]  終於他回到自己的國家
[00:45:57.200 --> 00:45:59.200]  他回到自己的國家的時候
[00:45:59.200 --> 00:46:00.200]  他們就在想
[00:46:00.200 --> 00:46:03.200]  我的差會都找人來接我
[00:46:03.200 --> 00:46:05.200]  然後我做了這麼久的工作
[00:46:05.200 --> 00:46:07.200]  應該都OK
[00:46:07.200 --> 00:46:10.200]  很開心的回去
[00:46:10.200 --> 00:46:13.200]  船上剛好有些國王
[00:46:13.200 --> 00:46:15.200]  和他一隻船回到家裡
[00:46:15.200 --> 00:46:18.200]  因為那些國王打完獵
[00:46:18.200 --> 00:46:20.200]  回到自己的國家
[00:46:20.200 --> 00:46:21.200]  下船的時候
[00:46:21.200 --> 00:46:24.200]  他看到很多人在迎接
[00:46:24.200 --> 00:46:26.200]  一大堆人在迎接
[00:46:26.200 --> 00:46:28.200]  起碼都有人來接我
[00:46:28.200 --> 00:46:30.200]  下船了
[00:46:30.200 --> 00:46:34.200]  原來接的人全部都是接國王的
[00:46:34.200 --> 00:46:37.200]  他和他老婆兩個
[00:46:37.200 --> 00:46:39.200]  看左看右
[00:46:39.200 --> 00:46:41.200]  看前看後沒有人
[00:46:41.200 --> 00:46:44.200]  心裡就很傷
[00:46:44.200 --> 00:46:46.200]  為什麼這樣的情況都會發生
[00:46:46.200 --> 00:46:49.200]  差會起碼都派人來接我
[00:46:49.200 --> 00:46:50.200]  他們一路走一路走
[00:46:50.200 --> 00:46:51.200]  回到家裡
[00:46:51.200 --> 00:46:55.200]  回到家裡他太太就有一點怨氣
[00:46:55.200 --> 00:46:57.200]  當然有
[00:46:57.200 --> 00:46:58.200]  有沒有搞錯
[00:46:58.200 --> 00:47:00.200]  這樣都發生
[00:47:00.200 --> 00:47:04.200]  先生宣教士不出聲
[00:47:04.200 --> 00:47:05.200]  神跟他說了一句話
[00:47:05.200 --> 00:47:08.200]  You are not home yet
[00:47:08.200 --> 00:47:10.200]  你還沒有回到家裡
[00:47:10.200 --> 00:47:11.200]  親愛的姐妹
[00:47:11.200 --> 00:47:13.200]  當我們在逆境裡的時候
[00:47:13.200 --> 00:47:14.200]  記住
[00:47:14.200 --> 00:47:17.200]  你還沒有回到家裡
[00:47:17.200 --> 00:47:18.200]  我們有一天
[00:47:18.200 --> 00:47:20.200]  回到家裡的時候
[00:47:20.200 --> 00:47:24.200]  聖經教導我們可以面對面問神為什麼
[00:47:24.200 --> 00:47:26.200]  是不是
[00:47:26.200 --> 00:47:28.200]  我們還沒有完結
[00:47:28.200 --> 00:47:30.200]  所以仍然有盼望
[00:47:30.200 --> 00:47:32.200]  Amen
[00:47:32.200 --> 00:47:34.200]  我就把時間交給主席
[00:47:34.200 --> 00:47:37.200]  然後我們下面再回來的時候
[00:47:37.200 --> 00:47:42.200]  我們再分享後面那兩部分
[00:47:42.200 --> 00:47:44.200]  遇見逆境
[00:47:44.200 --> 00:47:46.200]  經歷逆境的時候
[00:47:46.200 --> 00:47:49.200]  必須要有正確的技巧
[00:47:49.200 --> 00:47:50.200]  如果你沒有這些正確的技巧
[00:47:50.200 --> 00:47:53.200]  你是跳不出優美的舞步
[00:47:53.200 --> 00:47:54.200]  我經常說
[00:47:54.200 --> 00:47:56.200]  如果要你跳四步
[00:47:56.200 --> 00:47:58.200]  你就跳恰恰
[00:47:58.200 --> 00:47:59.200]  結果呢
[00:47:59.200 --> 00:48:02.200]  結果踩到不清楚
[00:48:02.200 --> 00:48:06.200]  我們在這裡說與逆境共舞
[00:48:06.200 --> 00:48:07.200]  突然間姐妹問
[00:48:07.200 --> 00:48:09.200]  你行不行啊牧師
[00:48:09.200 --> 00:48:10.200]  他說行的
[00:48:10.200 --> 00:48:12.200]  我等一下再做一些小分享
[00:48:12.200 --> 00:48:14.200]  如果你們喜歡聽
[00:48:14.200 --> 00:48:16.200]  但是下面說的那些
[00:48:16.200 --> 00:48:18.200]  是很困難的
[00:48:18.200 --> 00:48:20.200]  不容易說的
[00:48:20.200 --> 00:48:21.200]  得罪你的話
[00:48:21.200 --> 00:48:23.200]  先在這裡道歉
[00:48:23.200 --> 00:48:24.200]  聖經這樣說
[00:48:24.200 --> 00:48:26.200]  聖經這樣教導我
[00:48:26.200 --> 00:48:27.200]  我這樣領受
[00:48:27.200 --> 00:48:28.200]  我就這樣說
[00:48:28.200 --> 00:48:29.200]  行不行啊
[00:48:29.200 --> 00:48:31.200]  所以如果得罪你的話
[00:48:31.200 --> 00:48:33.200]  跟你的想法不一樣
[00:48:33.200 --> 00:48:34.200]  不好意思
[00:48:34.200 --> 00:48:35.200]  先說好了
[00:48:35.200 --> 00:48:36.200]  聖經是這樣說的
[00:48:36.200 --> 00:48:37.200]  我照聖經這樣說
[00:48:37.200 --> 00:48:38.200]  不過我也是這樣去做
[00:48:38.200 --> 00:48:39.200]  當我這樣做的時候
[00:48:39.200 --> 00:48:41.200]  我看到原來呢
[00:48:41.200 --> 00:48:43.200]  逆境或者危機
[00:48:43.200 --> 00:48:45.200]  確實是轉機來的
[00:48:45.200 --> 00:48:50.200]  逆境還幫助了我在裡面成長
[00:48:50.200 --> 00:48:52.200]  逆境只是一個過程
[00:48:52.200 --> 00:48:55.200]  重點不是逆境
[00:48:55.200 --> 00:48:59.200]  重點是起步和結果
[00:48:59.200 --> 00:49:01.200]  結果是怎麼樣
[00:49:01.200 --> 00:49:04.200]  逆境如果能夠幫助你成長的時候
[00:49:04.200 --> 00:49:08.200]  逆境對你來說是好事
[00:49:08.200 --> 00:49:10.200]  變成反而不是逆境
[00:49:10.200 --> 00:49:11.200]  反而是什麼呢
[00:49:11.200 --> 00:49:14.200]  反而就是逆風你可以飛得更高
[00:49:14.200 --> 00:49:16.200]  剛才突然間姐妹問我
[00:49:16.200 --> 00:49:18.200]  牧師你好嗎
[00:49:18.200 --> 00:49:19.200]  有一段時間沒見
[00:49:19.200 --> 00:49:21.200]  是啊很久都沒見
[00:49:21.200 --> 00:49:24.200]  確實在美國我很困難
[00:49:24.200 --> 00:49:25.200]  我們有兩個書店
[00:49:25.200 --> 00:49:28.200]  大家知道我們賣書的
[00:49:28.200 --> 00:49:29.200]  兩個書店
[00:49:29.200 --> 00:49:30.200]  一個在三藩市
[00:49:30.200 --> 00:49:33.200]  一個在洛杉磯
[00:49:33.200 --> 00:49:35.200]  去年三月的時候
[00:49:35.200 --> 00:49:37.200]  美國疫情很厲害
[00:49:37.200 --> 00:49:38.200]  大家都知道
[00:49:38.200 --> 00:49:42.200]  你們現在一萬多人來香港
[00:49:42.200 --> 00:49:45.200]  這麼久才一萬多
[00:49:45.200 --> 00:49:48.200]  我們一天也有十萬
[00:49:48.200 --> 00:49:50.200]  大你啊真是
[00:49:50.200 --> 00:49:51.200]  不好意思嚇到我
[00:49:51.200 --> 00:49:52.200]  我也是很害怕
[00:49:52.200 --> 00:49:54.200]  我太太說你怕死
[00:49:54.200 --> 00:49:55.200]  我那時候不出門
[00:49:55.200 --> 00:49:57.200]  因為我有心臟病
[00:49:57.200 --> 00:49:59.200]  糖尿病 血壓高
[00:49:59.200 --> 00:50:01.200]  說我也有
[00:50:01.200 --> 00:50:02.200]  是真的
[00:50:02.200 --> 00:50:04.200]  所以我那時候很害怕
[00:50:04.200 --> 00:50:06.200]  不過現在打了針就沒事了
[00:50:06.200 --> 00:50:08.200]  心態改變
[00:50:08.200 --> 00:50:10.200]  兩間店都開不了門
[00:50:10.200 --> 00:50:12.200]  三個月開不了門
[00:50:12.200 --> 00:50:14.200]  也要有現金頂
[00:50:14.200 --> 00:50:15.200]  六個月都開不了門
[00:50:15.200 --> 00:50:17.200]  那怎麼辦呢
[00:50:17.200 --> 00:50:18.200]  真是逆境
[00:50:18.200 --> 00:50:21.200]  總幹事每天都要幹一點事
[00:50:21.200 --> 00:50:25.200]  那時候每天都要想辦法去賺錢
[00:50:25.200 --> 00:50:27.200]  很困難的
[00:50:27.200 --> 00:50:29.200]  很現實的
[00:50:29.200 --> 00:50:31.200]  很感恩
[00:50:31.200 --> 00:50:33.200]  逆境幫助我們成長
[00:50:33.200 --> 00:50:35.200]  去年很感恩地
[00:50:35.200 --> 00:50:37.200]  我們辦事處
[00:50:37.200 --> 00:50:39.200]  去年美國的辦事處
[00:50:39.200 --> 00:50:41.200]  我們公斷了
[00:50:41.200 --> 00:50:44.200]  我們從來沒有這麼多收入過
[00:50:44.200 --> 00:50:45.200]  很感恩
[00:50:45.200 --> 00:50:47.200]  剛才有些頂尖媒體都說
[00:50:47.200 --> 00:50:49.200]  我在網上見到你很多
[00:50:49.200 --> 00:50:50.200]  是呀 是呀 是呀
[00:50:50.200 --> 00:50:52.200]  我見不到你們
[00:50:52.200 --> 00:50:54.200]  有一次有個姐妹
[00:50:54.200 --> 00:50:57.200]  我在明尼蘇達
[00:50:57.200 --> 00:50:59.200]  在另一個地區
[00:50:59.200 --> 00:51:01.200]  她說牧師
[00:51:01.200 --> 00:51:02.200]  我見到你了
[00:51:02.200 --> 00:51:04.200]  你的眼肚沒有電視那裡那麼大
[00:51:04.200 --> 00:51:06.200]  原來
[00:51:06.200 --> 00:51:08.200]  因為做得辛苦
[00:51:08.200 --> 00:51:10.200]  所以樣子不好看
[00:51:10.200 --> 00:51:12.200]  感恩
[00:51:12.200 --> 00:51:14.200]  我們去年因為疫情的關係
[00:51:14.200 --> 00:51:16.200]  講座不可以面對面
[00:51:16.200 --> 00:51:19.200]  我們就做網上的講座
[00:51:19.200 --> 00:51:20.200]  我們做了五個系列
[00:51:20.200 --> 00:51:22.200]  每一次有四堂
[00:51:22.200 --> 00:51:24.200]  有時候有六堂
[00:51:24.200 --> 00:51:26.200]  反而服務的人次多
[00:51:26.200 --> 00:51:30.200]  我們總共差不多服務了三十多萬人次
[00:51:30.200 --> 00:51:33.200]  全球支持我們
[00:51:33.200 --> 00:51:35.200]  非常感恩
[00:51:35.200 --> 00:51:36.200]  行不行呢
[00:51:36.200 --> 00:51:37.200]  真的
[00:51:37.200 --> 00:51:40.200]  逆境不可以停留在那裡
[00:51:40.200 --> 00:51:42.200]  你如果面對逆境
[00:51:42.200 --> 00:51:44.200]  你只是繼續停留在那裡的時候
[00:51:44.200 --> 00:51:47.200]  很多事情就會發生
[00:51:47.200 --> 00:51:49.200]  如果大家去買一般的書
[00:51:49.200 --> 00:51:51.200]  或者心理學家會跟你說
[00:51:51.200 --> 00:51:53.200]  逆境你可能要逃避它
[00:51:53.200 --> 00:51:56.200]  有時候是安靜的
[00:51:56.200 --> 00:51:57.200]  你安靜一會
[00:51:57.200 --> 00:51:58.200]  等一等
[00:51:58.200 --> 00:51:59.200]  或者是等候一下
[00:51:59.200 --> 00:52:01.200]  短期是可以的
[00:52:01.200 --> 00:52:03.200]  但長期你面對逆境
[00:52:03.200 --> 00:52:04.200]  你不去處理它
[00:52:04.200 --> 00:52:07.200]  你不去跨越它
[00:52:07.200 --> 00:52:10.200]  你不去勝過它
[00:52:10.200 --> 00:52:12.200]  有事情會發生
[00:52:12.200 --> 00:52:15.200]  所以我說
[00:52:15.200 --> 00:52:17.200]  當你面對的時候
[00:52:17.200 --> 00:52:19.200]  你要改變心態
[00:52:19.200 --> 00:52:20.200]  當你經歷的時候
[00:52:20.200 --> 00:52:21.200]  剛才我們說
[00:52:21.200 --> 00:52:24.200]  你必須追求聖潔
[00:52:24.200 --> 00:52:25.200]  然後
[00:52:25.200 --> 00:52:27.200]  持守你的真理
[00:52:27.200 --> 00:52:29.200]  接著我什麼都不碰的時候
[00:52:29.200 --> 00:52:30.200]  我就是全現
[00:52:30.200 --> 00:52:32.200]  相信在我們的神裡面
[00:52:32.200 --> 00:52:33.200]  所以很感恩
[00:52:33.200 --> 00:52:35.200]  我剛才發言太多
[00:52:35.200 --> 00:52:36.200]  全現
[00:52:36.200 --> 00:52:38.200]  都是為主而活
[00:52:38.200 --> 00:52:40.200]  你用這樣的情況去做的時候
[00:52:40.200 --> 00:52:42.200]  你就有機會
[00:52:42.200 --> 00:52:43.200]  繼續說下去
[00:52:43.200 --> 00:52:45.200]  你怎樣去跨性
[00:52:45.200 --> 00:52:46.200]  你怎樣去做一些事
[00:52:46.200 --> 00:52:48.200]  有什麼方法去幫助你
[00:52:48.200 --> 00:52:51.200]  去贏過這場戰爭
[00:52:51.200 --> 00:52:52.200]  幫助你
[00:52:52.200 --> 00:52:54.200]  可以在這麼困難的情況下
[00:52:54.200 --> 00:52:55.200]  你反而
[00:52:55.200 --> 00:52:56.200]  嘩
[00:52:56.200 --> 00:52:57.200]  原來整個恩典
[00:52:57.200 --> 00:52:59.200]  是這麼大的
[00:52:59.200 --> 00:53:00.200]  但是後面有一樣東西
[00:53:00.200 --> 00:53:02.200]  大家必須要留意的是什麼呢
[00:53:02.200 --> 00:53:03.200]  我們美國人
[00:53:03.200 --> 00:53:05.200]  經常都很流行說
[00:53:05.200 --> 00:53:06.200]  就是什麼呢
[00:53:06.200 --> 00:53:07.200]  很多事情
[00:53:07.200 --> 00:53:08.200]  你不可以預料到
[00:53:08.200 --> 00:53:09.200]  你不可以看到
[00:53:09.200 --> 00:53:11.200]  但是你摸著石頭過河
[00:53:11.200 --> 00:53:14.200]  以色列人
[00:53:14.200 --> 00:53:15.200]  當他要過河的時候
[00:53:15.200 --> 00:53:17.200]  神有沒有告訴他怎樣過
[00:53:17.200 --> 00:53:19.200]  走到的時候
[00:53:19.200 --> 00:53:21.200]  你就知道那條河怎樣開
[00:53:21.200 --> 00:53:22.200]  去到中間
[00:53:22.200 --> 00:53:23.200]  他們拿回幾塊石頭
[00:53:23.200 --> 00:53:25.200]  去到那邊再建制
[00:53:25.200 --> 00:53:27.200]  不會跟你先說定的
[00:53:27.200 --> 00:53:28.200]  但是有個目標
[00:53:28.200 --> 00:53:30.200]  就是我剛才所說的
[00:53:30.200 --> 00:53:32.200]  追求聖潔
[00:53:32.200 --> 00:53:33.200]  然後
[00:53:33.200 --> 00:53:35.200]  持守真理
[00:53:35.200 --> 00:53:36.200]  什麼都不碰的時候
[00:53:36.200 --> 00:53:37.200]  我們全現
[00:53:37.200 --> 00:53:39.200]  我們全然相信我們的神
[00:53:39.200 --> 00:53:40.200]  在這樣的情況下
[00:53:40.200 --> 00:53:42.200]  我們繼續向前走的時候
[00:53:42.200 --> 00:53:43.200]  我們就要在想
[00:53:43.200 --> 00:53:45.200]  什麼是跨越
[00:53:45.200 --> 00:53:46.200]  又提一下
[00:53:46.200 --> 00:53:47.200]  跨越的意思是什麼呢
[00:53:47.200 --> 00:53:49.200]  跨越這個字是一個動詞
[00:53:49.200 --> 00:53:50.200]  就是說
[00:53:50.200 --> 00:53:52.200]  是超越某一個地區
[00:53:52.200 --> 00:53:53.200]  超越一些難阻
[00:53:53.200 --> 00:53:55.200]  超越一些時間的界限
[00:53:55.200 --> 00:53:56.200]  然後
[00:53:56.200 --> 00:53:57.200]  跨越這個字
[00:53:57.200 --> 00:53:58.200]  是有得勝的意思
[00:53:58.200 --> 00:53:59.200]  勝過的
[00:53:59.200 --> 00:54:00.200]  勝過什麼呢
[00:54:00.200 --> 00:54:01.200]  勝過自己
[00:54:01.200 --> 00:54:02.200]  自己沒有能力
[00:54:02.200 --> 00:54:04.200]  但是靠著神的恩典
[00:54:04.200 --> 00:54:06.200]  我們可以跨越
[00:54:06.200 --> 00:54:08.200]  如果自己有能力
[00:54:08.200 --> 00:54:10.200]  就不是逆境
[00:54:10.200 --> 00:54:12.200]  你混仇在握
[00:54:12.200 --> 00:54:14.200]  那還什麼逆境呢
[00:54:14.200 --> 00:54:16.200]  順風順水
[00:54:16.200 --> 00:54:17.200]  明白我的意思嗎
[00:54:17.200 --> 00:54:18.200]  逆境的意思
[00:54:18.200 --> 00:54:19.200]  剛才我們一開始有個定義
[00:54:19.200 --> 00:54:20.200]  就是說
[00:54:20.200 --> 00:54:22.200]  根本你已經預料不到
[00:54:22.200 --> 00:54:24.200]  超過你所想的
[00:54:24.200 --> 00:54:25.200]  在這個環境裡面
[00:54:25.200 --> 00:54:28.200]  根本就不適合你
[00:54:28.200 --> 00:54:29.200]  這樣就是逆境
[00:54:29.200 --> 00:54:30.200]  所以你必須勝過你自己
[00:54:30.200 --> 00:54:31.200]  然後
[00:54:31.200 --> 00:54:32.200]  不只是自己知道
[00:54:32.200 --> 00:54:33.200]  不要自己騙自己
[00:54:33.200 --> 00:54:34.200]  別人都看到
[00:54:34.200 --> 00:54:36.200]  你真的勝過
[00:54:36.200 --> 00:54:38.200]  你感恩
[00:54:38.200 --> 00:54:39.200]  這樣
[00:54:39.200 --> 00:54:40.200]  就是跨越
[00:54:40.200 --> 00:54:42.200]  那怎樣跨越呢
[00:54:42.200 --> 00:54:44.200]  有三件事
[00:54:44.200 --> 00:54:45.200]  要幫助你的
[00:54:45.200 --> 00:54:46.200]  第一
[00:54:46.200 --> 00:54:47.200]  有什麼方法呢
[00:54:47.200 --> 00:54:49.200]  你必須成為一個鏡子
[00:54:49.200 --> 00:54:51.200]  你自己反映耶穌基督
[00:54:51.200 --> 00:54:52.200]  那個樣式
[00:54:52.200 --> 00:54:53.200]  成為一個鏡子
[00:54:53.200 --> 00:54:54.200]  所以我就說
[00:54:54.200 --> 00:54:55.200]  你要第一件事
[00:54:55.200 --> 00:54:57.200]  向上看
[00:54:57.200 --> 00:54:59.200]  神給你什麼恩典
[00:54:59.200 --> 00:55:00.200]  第二件事
[00:55:00.200 --> 00:55:02.200]  遵守家的規則
[00:55:02.200 --> 00:55:04.200]  要有動力幫助你
[00:55:04.200 --> 00:55:05.200]  你看看自己裡面
[00:55:05.200 --> 00:55:07.200]  究竟你的動機是如何
[00:55:07.200 --> 00:55:09.200]  你是否按著聖經的真理來做
[00:55:09.200 --> 00:55:10.200]  第三
[00:55:10.200 --> 00:55:13.200]  然後你要建立活石
[00:55:13.200 --> 00:55:15.200]  電雨
[00:55:15.200 --> 00:55:16.200]  在外面
[00:55:16.200 --> 00:55:18.200]  你怎樣去服事
[00:55:18.200 --> 00:55:21.200]  你怎樣去見證你的主
[00:55:21.200 --> 00:55:22.200]  這三件事
[00:55:22.200 --> 00:55:23.200]  不容易的
[00:55:23.200 --> 00:55:25.200]  我們來看彼得前書
[00:55:25.200 --> 00:55:27.200]  成為一面鏡子
[00:55:27.200 --> 00:55:29.200]  在彼得前書第二章
[00:55:29.200 --> 00:55:30.200]  他們是這樣說的
[00:55:30.200 --> 00:55:32.200]  事實上你們是為子而蒙召
[00:55:32.200 --> 00:55:34.200]  因為基督也為你們受過苦
[00:55:34.200 --> 00:55:36.200]  給你們留下榜樣
[00:55:36.200 --> 00:55:38.200]  好讓你們跟隨祂的腳蹤
[00:55:38.200 --> 00:55:42.200]  基督沒有犯罪
[00:55:42.200 --> 00:55:45.200]  域口裡也找不到祂的詭詐
[00:55:45.200 --> 00:55:46.200]  所以我們要學習祂
[00:55:46.200 --> 00:55:47.200]  剛才不是說了嗎
[00:55:47.200 --> 00:55:49.200]  所以你在逆境裡
[00:55:49.200 --> 00:55:51.200]  你是否在反映耶穌基督
[00:55:51.200 --> 00:55:57.200]  祂那種聖潔
[00:55:57.200 --> 00:56:01.200]  你有沒有反映出來
[00:56:01.200 --> 00:56:03.200]  我很記得我小時候
[00:56:03.200 --> 00:56:04.200]  信主的時候
[00:56:04.200 --> 00:56:06.200]  有手帶
[00:56:06.200 --> 00:56:07.200]  有嗎
[00:56:07.200 --> 00:56:08.200]  我那個年齡
[00:56:08.200 --> 00:56:09.200]  戴過那些手帶
[00:56:09.200 --> 00:56:11.200]  WWJD
[00:56:11.200 --> 00:56:13.200]  每一次當我遇到逆境的時候
[00:56:13.200 --> 00:56:15.200]  我第一樣自己的想法
[00:56:15.200 --> 00:56:17.200]  就是耶穌在這個環境下
[00:56:17.200 --> 00:56:18.200]  會怎樣去做呢
[00:56:18.200 --> 00:56:21.200]  祂會怎樣去做呢
[00:56:21.200 --> 00:56:22.200]  三件事
[00:56:22.200 --> 00:56:24.200]  我覺得我經常都會做
[00:56:24.200 --> 00:56:25.200]  跟大家分享
[00:56:25.200 --> 00:56:26.200]  第一樣是什麼呢
[00:56:26.200 --> 00:56:27.200]  我剛才說了
[00:56:27.200 --> 00:56:28.200]  遇到逆境的時候
[00:56:28.200 --> 00:56:30.200]  我就要去神那裡
[00:56:30.200 --> 00:56:31.200]  去支取祂的能力
[00:56:31.200 --> 00:56:32.200]  第一樣呢
[00:56:32.200 --> 00:56:33.200]  你有沒有發覺
[00:56:33.200 --> 00:56:34.200]  耶穌在做很多事的時候
[00:56:34.200 --> 00:56:35.200]  第一樣是什麼呢
[00:56:35.200 --> 00:56:36.200]  舉目向天
[00:56:36.200 --> 00:56:38.200]  就說那個釘十字架
[00:56:38.200 --> 00:56:39.200]  第一樣是什麼呢
[00:56:39.200 --> 00:56:41.200]  舉目向天
[00:56:41.200 --> 00:56:42.200]  是吧
[00:56:42.200 --> 00:56:45.200]  而神的兒子
[00:56:45.200 --> 00:56:47.200]  剛才黎博士說
[00:56:47.200 --> 00:56:48.200]  獨一的兒子
[00:56:48.200 --> 00:56:50.200]  獨一的愛子
[00:56:50.200 --> 00:56:52.200]  當祂要去面對逆境的時候
[00:56:52.200 --> 00:56:53.200]  第一樣是什麼呢
[00:56:53.200 --> 00:56:55.200]  舉目向天
[00:56:55.200 --> 00:56:56.200]  當祂抹餅
[00:56:56.200 --> 00:56:57.200]  五千人吃的時候
[00:56:57.200 --> 00:56:59.200]  舉目向天
[00:56:59.200 --> 00:57:00.200]  當我們的神
[00:57:00.200 --> 00:57:02.200]  都要舉目向天的時候
[00:57:02.200 --> 00:57:03.200]  我們作為祂的子民
[00:57:03.200 --> 00:57:04.200]  我們要不要舉目向天呢
[00:57:04.200 --> 00:57:05.200]  第一樣
[00:57:05.200 --> 00:57:06.200]  真的
[00:57:06.200 --> 00:57:07.200]  在困難的時候
[00:57:07.200 --> 00:57:08.200]  第一樣
[00:57:08.200 --> 00:57:09.200]  不是靠自己
[00:57:09.200 --> 00:57:11.200]  知道自己的軟弱的時候
[00:57:11.200 --> 00:57:12.200]  我們就第一件事
[00:57:12.200 --> 00:57:13.200]  舉目向天
[00:57:13.200 --> 00:57:14.200]  接著呢
[00:57:14.200 --> 00:57:15.200]  禱告
[00:57:15.200 --> 00:57:18.200]  你不但要有堅定不移的依靠
[00:57:18.200 --> 00:57:22.200]  還要有堅定不移的禱告
[00:57:22.200 --> 00:57:24.200]  相信你的禱告
[00:57:24.200 --> 00:57:25.200]  明白你的禱告
[00:57:25.200 --> 00:57:26.200]  神會聽的
[00:57:26.200 --> 00:57:28.200]  祂一定聽的
[00:57:28.200 --> 00:57:30.200]  最後呢
[00:57:30.200 --> 00:57:31.200]  怎樣也不放棄
[00:57:31.200 --> 00:57:32.200]  你看看耶穌
[00:57:32.200 --> 00:57:33.200]  在釘十字架的時候
[00:57:33.200 --> 00:57:34.200]  說父啊
[00:57:34.200 --> 00:57:35.200]  你去了哪裡
[00:57:35.200 --> 00:57:37.200]  為什麼你來棄我
[00:57:37.200 --> 00:57:38.200]  但到最後仍然是什麼
[00:57:38.200 --> 00:57:41.200]  我將我的靈魂交給你
[00:57:41.200 --> 00:57:44.200]  永遠都沒有放棄過耶穌
[00:57:44.200 --> 00:57:46.200]  要有堅定不移的毅力
[00:57:46.200 --> 00:57:47.200]  不放棄
[00:57:47.200 --> 00:57:48.200]  知道我們的神
[00:57:48.200 --> 00:57:49.200]  永遠都在我們身邊的時候
[00:57:49.200 --> 00:57:50.200]  這樣呢
[00:57:50.200 --> 00:57:51.200]  你就有辦法
[00:57:51.200 --> 00:57:54.200]  能夠知取到神的能力
[00:57:54.200 --> 00:57:56.200]  不容易的
[00:57:56.200 --> 00:57:59.200]  當你三個月沒工資的時候
[00:57:59.200 --> 00:58:01.200]  我是義工來的
[00:58:01.200 --> 00:58:02.200]  我沒工資的
[00:58:02.200 --> 00:58:04.200]  當你三個月的時候
[00:58:04.200 --> 00:58:06.200]  都要交租
[00:58:06.200 --> 00:58:07.200]  到第四個月
[00:58:07.200 --> 00:58:08.200]  你的現金流
[00:58:08.200 --> 00:58:11.200]  兩個店都沒辦法經營的時候
[00:58:11.200 --> 00:58:12.200]  你有很多困難的
[00:58:12.200 --> 00:58:16.200]  當你仍然需要有這個信心
[00:58:16.200 --> 00:58:18.200]  堅定不移的信心
[00:58:18.200 --> 00:58:20.200]  依靠你的神
[00:58:20.200 --> 00:58:22.200]  仰望祂
[00:58:22.200 --> 00:58:23.200]  祈求
[00:58:23.200 --> 00:58:25.200]  然後不要放棄
[00:58:25.200 --> 00:58:26.200]  繼續向前
[00:58:26.200 --> 00:58:28.200]  因為神一定有他的方法
[00:58:28.200 --> 00:58:31.200]  帶你去不同的地方
[00:58:31.200 --> 00:58:35.200]  當彼得下水的時候
[00:58:35.200 --> 00:58:36.200]  要走去耶穌
[00:58:36.200 --> 00:58:37.200]  耶穌在海上
[00:58:37.200 --> 00:58:39.200]  就說你來吧
[00:58:39.200 --> 00:58:41.200]  他很有信心下去的時候
[00:58:41.200 --> 00:58:43.200]  但當他忘記了一件事
[00:58:43.200 --> 00:58:44.200]  當他忘記
[00:58:44.200 --> 00:58:45.200]  不要放棄的時候
[00:58:45.200 --> 00:58:49.200]  他就沉默了
[00:58:49.200 --> 00:58:52.200]  知取從神而來的能力
[00:58:52.200 --> 00:58:53.200]  停在這裡
[00:58:53.200 --> 00:58:55.200]  你仍然還沒跨性
[00:58:55.200 --> 00:58:57.200]  因為我要說的是跨性
[00:58:57.200 --> 00:59:00.200]  要勝過這個逆境
[00:59:00.200 --> 00:59:02.200]  他說在教外人當中
[00:59:02.200 --> 00:59:05.200]  彼得在2章12節
[00:59:05.200 --> 00:59:06.200]  應當品行端正
[00:59:06.200 --> 00:59:08.200]  看見你的好行為
[00:59:08.200 --> 00:59:10.200]  就在神參看
[00:59:10.200 --> 00:59:11.200]  審判的日子的時候
[00:59:11.200 --> 00:59:13.200]  把榮耀歸給他
[00:59:13.200 --> 00:59:15.200]  不單止你自己搞定
[00:59:15.200 --> 00:59:16.200]  你還要什麼呢
[00:59:16.200 --> 00:59:18.200]  還要幫到別人
[00:59:18.200 --> 00:59:21.200]  他在整個環境裡面
[00:59:21.200 --> 00:59:22.200]  被人看到
[00:59:22.200 --> 00:59:23.200]  神幫了你
[00:59:23.200 --> 00:59:26.200]  神帶領你跨越了這些逆境
[00:59:26.200 --> 00:59:28.200]  然後你可以在眾人面前
[00:59:28.200 --> 00:59:31.200]  承認他的偉大
[00:59:31.200 --> 00:59:33.200]  在眾人面前為他做見證
[00:59:33.200 --> 00:59:35.200]  在眾人面前被人看到
[00:59:35.200 --> 00:59:40.200]  你就是基督的樣式
[00:59:40.200 --> 00:59:43.200]  反映出來
[00:59:43.200 --> 00:59:45.200]  成為他的一個鏡子
[00:59:45.200 --> 00:59:47.200]  大家不知道8月的時候
[00:59:47.200 --> 00:59:48.200]  我很感恩
[00:59:48.200 --> 00:59:49.200]  8月我剛才和大家說
[00:59:49.200 --> 00:59:51.200]  7月的時候
[00:59:51.200 --> 00:59:53.200]  我回來香港兩個星期
[00:59:53.200 --> 00:59:55.200]  我很少看電視
[00:59:55.200 --> 00:59:57.200]  我不太喜歡看電視
[00:59:57.200 --> 01:00:02.200]  剛好是奧運
[01:00:02.200 --> 01:00:04.200]  我的同工很好
[01:00:04.200 --> 01:00:06.200]  他們說牧師快來看
[01:00:06.200 --> 01:00:09.200]  打劍
[01:00:09.200 --> 01:00:12.200]  游泳
[01:00:12.200 --> 01:00:14.200]  我不太懂這些
[01:00:14.200 --> 01:00:16.200]  他叫我看我就去看
[01:00:16.200 --> 01:00:19.200]  很感恩
[01:00:19.200 --> 01:00:20.200]  看完之後
[01:00:20.200 --> 01:00:22.200]  我們有兩位運動員
[01:00:22.200 --> 01:00:24.200]  一個是何詩蓓
[01:00:24.200 --> 01:00:25.200]  一個是李慧詩
[01:00:25.200 --> 01:00:26.200]  他們比賽結束
[01:00:26.200 --> 01:00:27.200]  第一件事
[01:00:27.200 --> 01:00:29.200]  你知不知道他們做什麼
[01:00:29.200 --> 01:00:31.200]  他們為主做見證
[01:00:31.200 --> 01:00:34.200]  這個就是跨越
[01:00:34.200 --> 01:00:36.200]  他們贏了為主做什麼見證
[01:00:36.200 --> 01:00:38.200]  你知不知道他們兩個做什麼
[01:00:38.200 --> 01:00:40.200]  他們兩個傷到不清楚
[01:00:40.200 --> 01:00:43.200]  在運動裡面受了很多傷
[01:00:43.200 --> 01:00:45.200]  好像何詩蓓她說
[01:00:45.200 --> 01:00:49.200]  她曾經十次去看醫生
[01:00:49.200 --> 01:00:51.200]  不能再去游泳
[01:00:51.200 --> 01:00:53.200]  她仍然堅持
[01:00:53.200 --> 01:00:55.200]  依靠神堅持去游泳
[01:00:55.200 --> 01:00:56.200]  李慧詩不用說了
[01:00:56.200 --> 01:00:58.200]  大家知道她的手受傷了
[01:00:58.200 --> 01:01:00.200]  仍然堅持
[01:01:00.200 --> 01:01:02.200]  最近她還出了一本書
[01:01:02.200 --> 01:01:03.200]  我不知道
[01:01:03.200 --> 01:01:04.200]  我還沒看
[01:01:04.200 --> 01:01:05.200]  她好像說出了一本書
[01:01:05.200 --> 01:01:06.200]  聽她頂尖說
[01:01:06.200 --> 01:01:08.200]  你要跨越
[01:01:08.200 --> 01:01:11.200]  跨越這些逆境的時候
[01:01:11.200 --> 01:01:14.200]  你要勝過它
[01:01:14.200 --> 01:01:18.200]  不單止在那個環境裡面
[01:01:18.200 --> 01:01:20.200]  你還要跳出這個環境
[01:01:20.200 --> 01:01:22.200]  然後反映你
[01:01:22.200 --> 01:01:24.200]  有基督的樣式
[01:01:24.200 --> 01:01:27.200]  這樣你才叫真正的跨越
[01:01:27.200 --> 01:01:28.200]  真正的勝過
[01:01:28.200 --> 01:01:30.200]  剛才有弟兄姊妹來問我
[01:01:30.200 --> 01:01:35.200]  他說有情緒病
[01:01:35.200 --> 01:01:38.200]  怎樣去勝過
[01:01:38.200 --> 01:01:40.200]  我幫很多有情緒病的人
[01:01:40.200 --> 01:01:43.200]  我的機構有醫生
[01:01:43.200 --> 01:01:45.200]  精神科醫生
[01:01:45.200 --> 01:01:46.200]  我經常說
[01:01:46.200 --> 01:01:48.200]  很多時候問題在哪裡
[01:01:48.200 --> 01:01:50.200]  你是知道
[01:01:50.200 --> 01:01:52.200]  然後你沒有去跨越它
[01:01:52.200 --> 01:01:53.200]  你沒有去勝過它
[01:01:53.200 --> 01:01:56.200]  你仍然認為自己有
[01:01:56.200 --> 01:01:58.200]  如果我剛才說的
[01:01:58.200 --> 01:01:59.200]  你是接受的話
[01:01:59.200 --> 01:02:00.200]  有三樣東西你可以去做
[01:02:00.200 --> 01:02:01.200]  第一樣東西
[01:02:01.200 --> 01:02:02.200]  你追求聖潔
[01:02:02.200 --> 01:02:03.200]  第二樣東西
[01:02:03.200 --> 01:02:05.200]  你持守真理
[01:02:05.200 --> 01:02:07.200]  第三樣東西
[01:02:07.200 --> 01:02:09.200]  你依靠我們的神
[01:02:09.200 --> 01:02:11.200]  我曾經幫過一個姐妹
[01:02:11.200 --> 01:02:12.200]  她覺得自己有精神病
[01:02:12.200 --> 01:02:14.200]  我跟她說不如這樣
[01:02:14.200 --> 01:02:17.200]  幫你抄聖經
[01:02:17.200 --> 01:02:19.200]  給她一本聖經去抄
[01:02:19.200 --> 01:02:20.200]  她真的很聽話
[01:02:20.200 --> 01:02:22.200]  就一直抄
[01:02:22.200 --> 01:02:23.200]  抄完一遍又抄一遍
[01:02:23.200 --> 01:02:24.200]  現在沒事了
[01:02:24.200 --> 01:02:28.200]  完全回來了
[01:02:28.200 --> 01:02:30.200]  不要覺得自己有
[01:02:30.200 --> 01:02:32.200]  仍然覺得自己有這個問題
[01:02:32.200 --> 01:02:35.200]  很多時候有情緒病的頂姐妹
[01:02:35.200 --> 01:02:37.200]  就是覺得自己仍然有
[01:02:37.200 --> 01:02:39.200]  為什麼覺得自己仍然有呢
[01:02:39.200 --> 01:02:40.200]  因為你沒有交給神
[01:02:40.200 --> 01:02:42.200]  神如果治好你的時候
[01:02:42.200 --> 01:02:43.200]  你就會沒有
[01:02:43.200 --> 01:02:44.200]  你仍然覺得有
[01:02:44.200 --> 01:02:46.200]  那就很困難
[01:02:46.200 --> 01:02:47.200]  我有一個姐妹
[01:02:47.200 --> 01:02:48.200]  也是有同樣的問題
[01:02:48.200 --> 01:02:50.200]  她覺得這個不行
[01:02:50.200 --> 01:02:51.200]  這個又不行
[01:02:51.200 --> 01:02:52.200]  那個又不行
[01:02:52.200 --> 01:02:53.200]  這個又不行
[01:02:53.200 --> 01:02:54.200]  那你只好交給神
[01:02:54.200 --> 01:02:56.200]  如果你願意將這些交給神的時候
[01:02:56.200 --> 01:02:57.200]  神是會幫你的
[01:02:57.200 --> 01:02:59.200]  神是會幫你拿走
[01:02:59.200 --> 01:03:00.200]  試一下
[01:03:00.200 --> 01:03:01.200]  看看可不可以
[01:03:01.200 --> 01:03:02.200]  當你這樣的時候
[01:03:02.200 --> 01:03:06.200]  當你願意去為神做見證的時候
[01:03:06.200 --> 01:03:08.200]  你什麼病都沒有
[01:03:08.200 --> 01:03:10.200]  我講情緒病
[01:03:10.200 --> 01:03:11.200]  會沒有的
[01:03:11.200 --> 01:03:13.200]  你就會拿走了
[01:03:13.200 --> 01:03:14.200]  這個是心態的問題
[01:03:14.200 --> 01:03:15.200]  很多時候
[01:03:15.200 --> 01:03:16.200]  我再講下去
[01:03:16.200 --> 01:03:19.200]  時間關係
[01:03:19.200 --> 01:03:20.200]  想問你
[01:03:20.200 --> 01:03:23.200]  你認為你有多少個家呢
[01:03:23.200 --> 01:03:25.200]  大家認為你有多少個家
[01:03:25.200 --> 01:03:26.200]  一個
[01:03:26.200 --> 01:03:28.200]  兩個
[01:03:28.200 --> 01:03:30.200]  三個
[01:03:30.200 --> 01:03:31.200]  舉起手看看
[01:03:31.200 --> 01:03:34.200]  四個
[01:03:34.200 --> 01:03:36.200]  五個
[01:03:36.200 --> 01:03:38.200]  沒有了嗎
[01:03:38.200 --> 01:03:40.200]  有沒有人認為五個
[01:03:40.200 --> 01:03:42.200]  其實你真的有很多家
[01:03:42.200 --> 01:03:43.200]  你們不知道嗎
[01:03:43.200 --> 01:03:45.200]  你有一個原生家庭
[01:03:45.200 --> 01:03:46.200]  是不是
[01:03:46.200 --> 01:03:47.200]  然後如果你結了婚
[01:03:47.200 --> 01:03:48.200]  你今天有一個
[01:03:48.200 --> 01:03:50.200]  你自己的家庭
[01:03:50.200 --> 01:03:52.200]  然後呢
[01:03:52.200 --> 01:03:54.200]  教會是神的家
[01:03:54.200 --> 01:03:55.200]  是不是
[01:03:55.200 --> 01:03:56.200]  還有呢
[01:03:56.200 --> 01:03:59.200]  你有一本護照
[01:03:59.200 --> 01:04:01.200]  香港人最喜歡去旅行
[01:04:01.200 --> 01:04:02.200]  你有國家
[01:04:02.200 --> 01:04:03.200]  還有的
[01:04:03.200 --> 01:04:04.200]  還有一個什麼家
[01:04:04.200 --> 01:04:06.200]  天家
[01:04:06.200 --> 01:04:09.200]  你隨時有五個家
[01:04:09.200 --> 01:04:12.200]  在這些家裡面
[01:04:12.200 --> 01:04:13.200]  我們要遵守家的規則
[01:04:13.200 --> 01:04:14.200]  這個很難講的
[01:04:14.200 --> 01:04:16.200]  不過聖經是這樣說的
[01:04:16.200 --> 01:04:17.200]  為主的緣故
[01:04:17.200 --> 01:04:18.200]  要馴服一切的制度
[01:04:18.200 --> 01:04:20.200]  無論是當權還是君王
[01:04:20.200 --> 01:04:21.200]  因為神的旨意
[01:04:21.200 --> 01:04:23.200]  是要你藉著好行為
[01:04:23.200 --> 01:04:25.200]  堵住愚昧人的口
[01:04:25.200 --> 01:04:26.200]  要馴服君王
[01:04:26.200 --> 01:04:28.200]  要馴服官員
[01:04:28.200 --> 01:04:29.200]  然後呢
[01:04:29.200 --> 01:04:30.200]  他說尊重所有的人
[01:04:30.200 --> 01:04:31.200]  愛弟兄姊妹
[01:04:31.200 --> 01:04:32.200]  敬畏神
[01:04:32.200 --> 01:04:33.200]  尊敬君王
[01:04:33.200 --> 01:04:36.200]  這個是和政府的舞步
[01:04:36.200 --> 01:04:38.200]  當時彼得寫信給
[01:04:38.200 --> 01:04:40.200]  剛才我說的亞細亞
[01:04:40.200 --> 01:04:42.200]  那幫弟兄姊妹
[01:04:42.200 --> 01:04:45.200]  那時候他們是受逼迫的
[01:04:45.200 --> 01:04:46.200]  但是彼得說
[01:04:46.200 --> 01:04:48.200]  你們要馴服
[01:04:48.200 --> 01:04:49.200]  這個是家的規則
[01:04:49.200 --> 01:04:51.200]  繼續
[01:04:51.200 --> 01:04:52.200]  你們作勞瀑的
[01:04:52.200 --> 01:04:54.200]  要傳言的
[01:04:54.200 --> 01:04:56.200]  敬畏
[01:04:56.200 --> 01:04:58.200]  你馴服你的主人
[01:04:58.200 --> 01:04:59.200]  對於不公道的
[01:04:59.200 --> 01:05:00.200]  你也要馴服
[01:05:00.200 --> 01:05:05.200]  這個很難中的
[01:05:05.200 --> 01:05:06.200]  再看下去
[01:05:06.200 --> 01:05:07.200]  作為妻子的
[01:05:07.200 --> 01:05:09.200]  要馴服自己的丈夫
[01:05:09.200 --> 01:05:11.200]  然後要裝飾好自己
[01:05:11.200 --> 01:05:12.200]  馴服自己的丈夫
[01:05:12.200 --> 01:05:14.200]  當然他也會繼續說
[01:05:14.200 --> 01:05:15.200]  你作為丈夫的
[01:05:15.200 --> 01:05:16.200]  要按情理
[01:05:16.200 --> 01:05:18.200]  和妻子同住
[01:05:18.200 --> 01:05:21.200]  因為這個是神的意思
[01:05:21.200 --> 01:05:23.200]  所以在舞步裏
[01:05:23.200 --> 01:05:25.200]  很難說
[01:05:25.200 --> 01:05:27.200]  我和太太有時也說
[01:05:27.200 --> 01:05:29.200]  知不知道你要馴服我
[01:05:29.200 --> 01:05:31.200]  知不知道我要為教會
[01:05:31.200 --> 01:05:32.200]  好像愛你愛到
[01:05:32.200 --> 01:05:33.200]  好像教會那樣
[01:05:33.200 --> 01:05:34.200]  一時也很難說
[01:05:34.200 --> 01:05:35.200]  但是這個確實
[01:05:35.200 --> 01:05:37.200]  是聖經裏面所說的真理
[01:05:37.200 --> 01:05:38.200]  我們今天很多時
[01:05:38.200 --> 01:05:39.200]  是否因為這個真
[01:05:39.200 --> 01:05:41.200]  這件事搞不定
[01:05:41.200 --> 01:05:47.200]  而導致我們不能夠跨性
[01:05:47.200 --> 01:05:48.200]  有一本書
[01:05:48.200 --> 01:05:51.200]  是楊牧師我看的時候
[01:05:51.200 --> 01:05:53.200]  我覺得相當好的
[01:05:53.200 --> 01:05:56.200]  他說到神的創造的時候
[01:05:56.200 --> 01:05:57.200]  創造神學
[01:05:57.200 --> 01:05:58.200]  有一個秩序
[01:05:58.200 --> 01:06:00.200]  這個秩序包括功能的秩序
[01:06:00.200 --> 01:06:01.200]  道德的秩序
[01:06:01.200 --> 01:06:02.200]  物質的秩序
[01:06:02.200 --> 01:06:04.200]  這是神給我們的禮物
[01:06:04.200 --> 01:06:05.200]  這些秩序是禮物
[01:06:05.200 --> 01:06:07.200]  但是人很多時
[01:06:07.200 --> 01:06:09.200]  不按這些秩序來生活
[01:06:09.200 --> 01:06:14.200]  因此反而招到禍患
[01:06:14.200 --> 01:06:16.200]  如果你按這些來生活
[01:06:16.200 --> 01:06:17.200]  就會蒙福
[01:06:17.200 --> 01:06:19.200]  我們天道也出了兩本書
[01:06:19.200 --> 01:06:21.200]  一個叫創造神學
[01:06:21.200 --> 01:06:24.200]  黎博士其中一個作者
[01:06:24.200 --> 01:06:26.200]  另外一個叫神學的職場
[01:06:26.200 --> 01:06:28.200]  這些書不錯,大家可以思考一下
[01:06:28.200 --> 01:06:29.200]  青礦艇姐妹
[01:06:29.200 --> 01:06:32.200]  我們有時會否就是因為
[01:06:32.200 --> 01:06:34.200]  我們沒有跟到這些
[01:06:34.200 --> 01:06:35.200]  所謂的秩序
[01:06:35.200 --> 01:06:37.200]  所謂的秩序
[01:06:37.200 --> 01:06:39.200]  導致我們很多的困難
[01:06:39.200 --> 01:06:43.200]  很多的問題會出現
[01:06:43.200 --> 01:06:45.200]  做一個見證
[01:06:45.200 --> 01:06:46.200]  我經常都說
[01:06:46.200 --> 01:06:49.200]  這是我其中一個
[01:06:49.200 --> 01:06:51.200]  我很喜歡的金句
[01:06:51.200 --> 01:06:52.200]  目標擺對了
[01:06:52.200 --> 01:06:54.200]  恩典就會滾來滾去
[01:06:54.200 --> 01:06:56.200]  在疫情之前
[01:06:56.200 --> 01:06:57.200]  我太太經常跟我說
[01:06:57.200 --> 01:06:59.200]  她說你應該減肥
[01:06:59.200 --> 01:07:00.200]  說了很久了
[01:07:00.200 --> 01:07:01.200]  但如果你認識我的話
[01:07:01.200 --> 01:07:06.200]  我最重的時候是168磅
[01:07:06.200 --> 01:07:07.200]  她經常都說
[01:07:07.200 --> 01:07:08.200]  你身體不好
[01:07:08.200 --> 01:07:10.200]  你應該瘦一點
[01:07:10.200 --> 01:07:11.200]  但很老實說
[01:07:11.200 --> 01:07:12.200]  雖然是牧師
[01:07:12.200 --> 01:07:13.200]  但都要confess
[01:07:13.200 --> 01:07:14.200]  認罪悔改
[01:07:14.200 --> 01:07:17.200]  她說就她說
[01:07:17.200 --> 01:07:19.200]  梅菜夠肉就繼續吃
[01:07:19.200 --> 01:07:21.200]  我很喜歡吃梅菜夠肉
[01:07:21.200 --> 01:07:23.200]  不吃就見到
[01:07:23.200 --> 01:07:25.200]  你知不知道我有敏感
[01:07:25.200 --> 01:07:27.200]  我見到東西很喜歡吃
[01:07:27.200 --> 01:07:29.200]  不吃就渾身癢
[01:07:29.200 --> 01:07:31.200]  吃了就不癢
[01:07:31.200 --> 01:07:33.200]  這些敏感很難醫
[01:07:33.200 --> 01:07:35.200]  不要罵她
[01:07:35.200 --> 01:07:37.200]  不要說她
[01:07:37.200 --> 01:07:39.200]  男人就是這樣
[01:07:39.200 --> 01:07:41.200]  所以不是好聽
[01:07:41.200 --> 01:07:45.200]  但這次因為疫情
[01:07:45.200 --> 01:07:46.200]  剛才我說的
[01:07:46.200 --> 01:07:48.200]  我都是自己在做
[01:07:48.200 --> 01:07:50.200]  不然就失見證
[01:07:50.200 --> 01:07:51.200]  於是我就想
[01:07:51.200 --> 01:07:55.200]  真是疫情都沒有藉口
[01:07:55.200 --> 01:07:57.200]  於是我就聽我太太說
[01:07:57.200 --> 01:07:59.200]  吃些很健康的東西
[01:07:59.200 --> 01:08:01.200]  還有去運動
[01:08:01.200 --> 01:08:02.200]  以前我經常出差
[01:08:02.200 --> 01:08:04.200]  我家不會多過半年的時間
[01:08:04.200 --> 01:08:05.200]  我經常在外面工作
[01:08:05.200 --> 01:08:07.200]  侍奉
[01:08:07.200 --> 01:08:09.200]  缺乏運動
[01:08:09.200 --> 01:08:10.200]  因為疫情
[01:08:10.200 --> 01:08:11.200]  在家我剛才跟大家說
[01:08:11.200 --> 01:08:13.200]  我不出街
[01:08:13.200 --> 01:08:17.200]  我只是在我家後面的trail走
[01:08:17.200 --> 01:08:19.200]  每天走一萬五千步
[01:08:19.200 --> 01:08:21.200]  一個多小時走兩次
[01:08:21.200 --> 01:08:23.200]  吃完東西就走
[01:08:23.200 --> 01:08:25.200]  還有吃我太太煮的東西
[01:08:25.200 --> 01:08:27.200]  即是健康
[01:08:27.200 --> 01:08:29.200]  然後我也會煮一些
[01:08:29.200 --> 01:08:30.200]  我很喜歡吃的東西
[01:08:30.200 --> 01:08:31.200]  但都健康
[01:08:31.200 --> 01:08:33.200]  不在街吃就健康
[01:08:33.200 --> 01:08:35.200]  很感恩
[01:08:35.200 --> 01:08:37.200]  168磅我瘦了30磅
[01:08:37.200 --> 01:08:40.200]  我現在胖了一點點
[01:08:40.200 --> 01:08:41.200]  很感恩
[01:08:41.200 --> 01:08:43.200]  因為又出來吃
[01:08:43.200 --> 01:08:44.200]  我沒有吃肥菜扣肉
[01:08:44.200 --> 01:08:45.200]  不用擔心
[01:08:45.200 --> 01:08:47.200]  我自製的
[01:08:47.200 --> 01:08:49.200]  頂尖我想說的是
[01:08:49.200 --> 01:08:51.200]  當我們有些規則
[01:08:51.200 --> 01:08:53.200]  我們真的願意遵守的時候
[01:08:53.200 --> 01:08:55.200]  剛才說愛我的妻子
[01:08:55.200 --> 01:08:56.200]  為了愛我的妻子
[01:08:56.200 --> 01:08:59.200]  我願意聽她說
[01:08:59.200 --> 01:09:00.200]  就是這樣
[01:09:00.200 --> 01:09:03.200]  我們其實在逆境裡
[01:09:03.200 --> 01:09:04.200]  就變成順境
[01:09:04.200 --> 01:09:05.200]  為什麼這樣說呢
[01:09:05.200 --> 01:09:06.200]  大家知不知道
[01:09:06.200 --> 01:09:09.200]  我去年三月的時候
[01:09:09.200 --> 01:09:12.200]  醫生說我糖尿病已經超標
[01:09:12.200 --> 01:09:13.200]  要我吃藥
[01:09:13.200 --> 01:09:14.200]  我就很生氣
[01:09:14.200 --> 01:09:16.200]  因為我已經吃了心臟病藥
[01:09:16.200 --> 01:09:18.200]  吃了血壓高藥
[01:09:18.200 --> 01:09:20.200]  吃了膽固醇藥
[01:09:20.200 --> 01:09:21.200]  還吃
[01:09:21.200 --> 01:09:23.200]  這樣吃下去
[01:09:23.200 --> 01:09:25.200]  你明白我的意思嗎
[01:09:25.200 --> 01:09:26.200]  我還有青光眼
[01:09:26.200 --> 01:09:27.200]  醫生說
[01:09:27.200 --> 01:09:28.200]  在這樣的情況下
[01:09:28.200 --> 01:09:29.200]  一定會瞎了
[01:09:29.200 --> 01:09:31.200]  看什麼時候會瞎
[01:09:31.200 --> 01:09:32.200]  所以有一天你們見到我
[01:09:32.200 --> 01:09:33.200]  不認得你們
[01:09:33.200 --> 01:09:34.200]  完全看不到你們
[01:09:34.200 --> 01:09:35.200]  不要覺得奇怪
[01:09:35.200 --> 01:09:37.200]  我就是這麼多病的人
[01:09:37.200 --> 01:09:40.200]  在這樣的情況下
[01:09:40.200 --> 01:09:44.200]  我仍然是不聽的
[01:09:44.200 --> 01:09:47.200]  但是在疫情裡
[01:09:47.200 --> 01:09:48.200]  神就感動我
[01:09:48.200 --> 01:09:50.200]  他說聖經是這麼教導的
[01:09:50.200 --> 01:09:51.200]  是這麼說的
[01:09:51.200 --> 01:09:52.200]  為什麼你不聽
[01:09:52.200 --> 01:09:53.200]  你太太要跟你說
[01:09:53.200 --> 01:09:54.200]  你就要聽
[01:09:54.200 --> 01:09:55.200]  我就慢慢減
[01:09:55.200 --> 01:09:56.200]  減到在三月
[01:09:56.200 --> 01:09:58.200]  醫生說我超標
[01:09:58.200 --> 01:09:59.200]  一直減
[01:09:59.200 --> 01:10:00.200]  我跟醫生說
[01:10:00.200 --> 01:10:02.200]  你給我三個月時間減
[01:10:02.200 --> 01:10:03.200]  醫生說
[01:10:03.200 --> 01:10:06.200]  我三個月前已經跟你說了
[01:10:06.200 --> 01:10:07.200]  我又不吃
[01:10:07.200 --> 01:10:08.200]  他說你不行的
[01:10:08.200 --> 01:10:11.200]  這樣你就有很多問題
[01:10:11.200 --> 01:10:12.200]  我給他三個月時間
[01:10:12.200 --> 01:10:14.200]  真的在三月減了十磅
[01:10:14.200 --> 01:10:16.200]  就是那三月
[01:10:16.200 --> 01:10:17.200]  他看的時候
[01:10:17.200 --> 01:10:18.200]  我的標就下降了
[01:10:18.200 --> 01:10:20.200]  我現在正常了
[01:10:20.200 --> 01:10:21.200]  你說什麼
[01:10:21.200 --> 01:10:22.200]  感謝主
[01:10:22.200 --> 01:10:23.200]  請我聽節目
[01:10:23.200 --> 01:10:25.200]  這叫秩序
[01:10:25.200 --> 01:10:26.200]  你不按秩序做事
[01:10:26.200 --> 01:10:28.200]  你沒有辦法
[01:10:28.200 --> 01:10:30.200]  你說我一定要這樣
[01:10:30.200 --> 01:10:32.200]  那你就繼續在疫情裡
[01:10:32.200 --> 01:10:33.200]  不能夠跨性
[01:10:33.200 --> 01:10:35.200]  我們再來看
[01:10:35.200 --> 01:10:38.200]  我經常很想說
[01:10:38.200 --> 01:10:40.200]  你在疫情裡
[01:10:40.200 --> 01:10:41.200]  你覺得教會能不能夠幫到你
[01:10:41.200 --> 01:10:43.200]  幫不幫到
[01:10:43.200 --> 01:10:45.200]  幫到
[01:10:45.200 --> 01:10:47.200]  感謝主
[01:10:47.200 --> 01:10:48.200]  這麼大聲
[01:10:48.200 --> 01:10:49.200]  我上次說的時候
[01:10:49.200 --> 01:10:51.200]  在澳洲說
[01:10:51.200 --> 01:10:53.200]  每個人都
[01:10:53.200 --> 01:10:55.200]  這樣
[01:10:55.200 --> 01:10:58.200]  彼得在說什麼
[01:10:58.200 --> 01:11:00.200]  他說你們來到主的面前是活石
[01:11:00.200 --> 01:11:02.200]  主是活石
[01:11:02.200 --> 01:11:04.200]  你們自己都要作活石
[01:11:04.200 --> 01:11:06.200]  被建造在靈宮裡
[01:11:06.200 --> 01:11:08.200]  然後信靠他的人
[01:11:08.200 --> 01:11:09.200]  不會羞愧
[01:11:09.200 --> 01:11:10.200]  然後彼得很清楚
[01:11:10.200 --> 01:11:12.200]  萬物已經結束了
[01:11:12.200 --> 01:11:13.200]  萬物的結局近了
[01:11:13.200 --> 01:11:15.200]  你們要彼此相愛
[01:11:15.200 --> 01:11:16.200]  要互相的款待
[01:11:16.200 --> 01:11:18.200]  照著所領受的恩賜
[01:11:18.200 --> 01:11:19.200]  彼此來服侍
[01:11:19.200 --> 01:11:21.200]  在一切的事上
[01:11:21.200 --> 01:11:23.200]  藉著我們的神
[01:11:23.200 --> 01:11:24.200]  讓他得著榮耀
[01:11:24.200 --> 01:11:25.200]  也藉著耶穌基督
[01:11:25.200 --> 01:11:27.200]  讓神得著一切的榮耀
[01:11:27.200 --> 01:11:29.200]  一直都是這樣說的
[01:11:29.200 --> 01:11:30.200]  但是我告訴你
[01:11:30.200 --> 01:11:31.200]  在疫情裡
[01:11:31.200 --> 01:11:32.200]  最多問題是什麼
[01:11:32.200 --> 01:11:34.200]  教會
[01:11:34.200 --> 01:11:37.200]  這麼大聲
[01:11:37.200 --> 01:11:39.200]  很多教會跟我說
[01:11:39.200 --> 01:11:41.200]  很多困難
[01:11:41.200 --> 01:11:42.200]  親愛的姐妹
[01:11:42.200 --> 01:11:43.200]  越大困難的時候
[01:11:43.200 --> 01:11:45.200]  你越要有信心在神裡面
[01:11:45.200 --> 01:11:46.200]  神不會丟棄你的
[01:11:46.200 --> 01:11:48.200]  只要你走在祂的裡面
[01:11:48.200 --> 01:11:50.200]  目標擺對了
[01:11:50.200 --> 01:11:52.200]  後面那句記不記得
[01:11:52.200 --> 01:11:54.200]  恩典滾滾來
[01:11:54.200 --> 01:11:56.200]  可能你就是藉著這個機會
[01:11:56.200 --> 01:11:57.200]  藉著這個
[01:11:57.200 --> 01:11:59.200]  你要跨越
[01:11:59.200 --> 01:12:00.200]  你要跨性
[01:12:00.200 --> 01:12:01.200]  這樣的情況下
[01:12:01.200 --> 01:12:05.200]  你就可以幫助到教會
[01:12:05.200 --> 01:12:06.200]  親愛的姐妹
[01:12:06.200 --> 01:12:07.200]  我經常說
[01:12:07.200 --> 01:12:08.200]  神的心意在教會
[01:12:08.200 --> 01:12:10.200]  千萬不要對付教會
[01:12:10.200 --> 01:12:12.200]  教會是基督的身體
[01:12:12.200 --> 01:12:14.200]  有虧損寧願自己虧損
[01:12:14.200 --> 01:12:17.200]  教會是神的身體
[01:12:17.200 --> 01:12:19.200]  絕對不能讓教會虧損
[01:12:19.200 --> 01:12:21.200]  所以有什麼虧損寧願自己
[01:12:21.200 --> 01:12:24.200]  神的心意在教會裡面
[01:12:24.200 --> 01:12:26.200]  心理學教會這樣跟你說
[01:12:26.200 --> 01:12:27.200]  面對壓力的時候
[01:12:27.200 --> 01:12:29.200]  面對疫情的時候
[01:12:29.200 --> 01:12:30.200]  通常有三個方法
[01:12:30.200 --> 01:12:31.200]  第一個是對抗
[01:12:31.200 --> 01:12:32.200]  一個是逃避
[01:12:32.200 --> 01:12:33.200]  一個是凍結
[01:12:33.200 --> 01:12:34.200]  剛才我說
[01:12:34.200 --> 01:12:35.200]  這三個方法你去做
[01:12:35.200 --> 01:12:37.200]  你如果不能夠跨性的話
[01:12:37.200 --> 01:12:39.200]  長遠來說
[01:12:39.200 --> 01:12:41.200]  你的逆境仍然在你身上
[01:12:41.200 --> 01:12:44.200]  你會有很多問題出現
[01:12:44.200 --> 01:12:46.200]  但是同樣你要知道
[01:12:46.200 --> 01:12:47.200]  有一件事
[01:12:47.200 --> 01:12:49.200]  有些心理學家告訴你
[01:12:49.200 --> 01:12:51.200]  這三件事的中間點
[01:12:51.200 --> 01:12:52.200]  有一樣東西我們可以用
[01:12:52.200 --> 01:12:53.200]  是什麼呢
[01:12:53.200 --> 01:12:56.200]  就是跳出這個逆境
[01:12:56.200 --> 01:12:58.200]  或者在這個逆境裡面
[01:12:58.200 --> 01:13:00.200]  來做一些轉向的工作
[01:13:00.200 --> 01:13:03.200]  說得這麼虛
[01:13:03.200 --> 01:13:05.200]  我也不知道你想說什麼
[01:13:05.200 --> 01:13:08.200]  你看看在逆境裡面的時候
[01:13:08.200 --> 01:13:11.200]  這個是我的學習
[01:13:11.200 --> 01:13:13.200]  在武漢我有一個教會
[01:13:13.200 --> 01:13:14.200]  我有去幫他們
[01:13:14.200 --> 01:13:16.200]  也認識他們的目者
[01:13:16.200 --> 01:13:18.200]  他們在逆境裡面
[01:13:18.200 --> 01:13:19.200]  有很多問題
[01:13:19.200 --> 01:13:20.200]  武漢的教會
[01:13:20.200 --> 01:13:21.200]  在武漢
[01:13:21.200 --> 01:13:25.200]  還在研究所附近
[01:13:25.200 --> 01:13:27.200]  有多少問題
[01:13:27.200 --> 01:13:28.200]  他們就想
[01:13:28.200 --> 01:13:30.200]  我們在逆境裡面要做
[01:13:30.200 --> 01:13:31.200]  他們要做什麼呢
[01:13:31.200 --> 01:13:33.200]  他們發了很多電郵出來
[01:13:33.200 --> 01:13:34.200]  他們需要口罩
[01:13:34.200 --> 01:13:37.200]  外面的人就拼命運進去給他們
[01:13:37.200 --> 01:13:39.200]  他們拿了口罩之後
[01:13:39.200 --> 01:13:40.200]  他們用了一句話
[01:13:40.200 --> 01:13:42.200]  他們用基督的愛去戰勝
[01:13:42.200 --> 01:13:44.200]  這些疫情
[01:13:44.200 --> 01:13:46.200]  於是他們在街上
[01:13:46.200 --> 01:13:47.200]  沒有人敢出街的時候
[01:13:47.200 --> 01:13:50.200]  他們在街上派口罩
[01:13:50.200 --> 01:13:53.200]  哇
[01:13:53.200 --> 01:13:57.200]  跨越他的困難
[01:13:57.200 --> 01:13:58.200]  電視台報道
[01:13:58.200 --> 01:14:02.200]  說這些這麼有愛心的基督徒
[01:14:02.200 --> 01:14:04.200]  我想告訴大家
[01:14:04.200 --> 01:14:06.200]  當你要跨越
[01:14:06.200 --> 01:14:07.200]  你要跨勝的時候
[01:14:07.200 --> 01:14:10.200]  你就是要去做這些工作
[01:14:10.200 --> 01:14:13.200]  反映耶穌基督的愛
[01:14:13.200 --> 01:14:15.200]  然後按照他的規則
[01:14:15.200 --> 01:14:18.200]  不要跟政府打對台
[01:14:18.200 --> 01:14:20.200]  按照政府批給他們的
[01:14:20.200 --> 01:14:21.200]  他們就出去
[01:14:21.200 --> 01:14:24.200]  然後繼續去服侍
[01:14:24.200 --> 01:14:26.200]  教會在逆境裡面
[01:14:26.200 --> 01:14:29.200]  必須要做到明燈
[01:14:29.200 --> 01:14:31.200]  必須要做到見證
[01:14:31.200 --> 01:14:32.200]  我們基督徒是不一樣的
[01:14:32.200 --> 01:14:35.200]  Amen
[01:14:35.200 --> 01:14:36.200]  難的
[01:14:36.200 --> 01:14:37.200]  不容易的
[01:14:37.200 --> 01:14:39.200]  跨越逆境你要做些什麼呢
[01:14:39.200 --> 01:14:41.200]  你要反映基督的榮美
[01:14:41.200 --> 01:14:43.200]  向上看
[01:14:43.200 --> 01:14:45.200]  看看神有什麼恩典
[01:14:45.200 --> 01:14:47.200]  然後按照秩序
[01:14:47.200 --> 01:14:49.200]  盡自己的責任
[01:14:49.200 --> 01:14:51.200]  你的動機是什麼
[01:14:51.200 --> 01:14:52.200]  然後
[01:14:52.200 --> 01:14:54.200]  因此的服侍
[01:14:54.200 --> 01:14:56.200]  將神給你的恩典
[01:14:56.200 --> 01:14:58.200]  向外挑冠
[01:14:58.200 --> 01:15:00.200]  幫助別人
[01:15:00.200 --> 01:15:02.200]  在這樣的情況下
[01:15:02.200 --> 01:15:04.200]  在逆境裡面
[01:15:04.200 --> 01:15:06.200]  當你有正確的方向
[01:15:06.200 --> 01:15:09.200]  目標擺對了
[01:15:09.200 --> 01:15:10.200]  恩典
[01:15:10.200 --> 01:15:11.200]  滾滾來
[01:15:11.200 --> 01:15:12.200]  真的
[01:15:12.200 --> 01:15:14.200]  當你剛剛明白的時候
[01:15:14.200 --> 01:15:16.200]  當你的方法正確的時候
[01:15:16.200 --> 01:15:17.200]  當你走在神的路上的時候
[01:15:17.200 --> 01:15:19.200]  神怎麼會不支持你呢
[01:15:19.200 --> 01:15:20.200]  神怎麼會不祝福你呢
[01:15:20.200 --> 01:15:23.200]  神怎麼會不幫你跨越逆境呢
[01:15:23.200 --> 01:15:24.200]  這是我的經歷
[01:15:24.200 --> 01:15:26.200]  這是我的經驗
[01:15:26.200 --> 01:15:27.200]  我非常感恩
[01:15:27.200 --> 01:15:28.200]  在逆境裡面
[01:15:28.200 --> 01:15:30.200]  我自己個人
[01:15:30.200 --> 01:15:31.200]  有很多的更新
[01:15:31.200 --> 01:15:33.200]  看到自己有很多的驕傲
[01:15:33.200 --> 01:15:35.200]  看到自己對家庭有很多的不配
[01:15:35.200 --> 01:15:37.200]  很多的虧欠
[01:15:37.200 --> 01:15:39.200]  平時外出鬼知道嗎
[01:15:39.200 --> 01:15:40.200]  回到家裡
[01:15:40.200 --> 01:15:41.200]  看著太太的時候
[01:15:41.200 --> 01:15:42.200]  看著師母
[01:15:42.200 --> 01:15:43.200]  看著女兒的時候
[01:15:43.200 --> 01:15:47.200]  就知道原來自己有很多的虧欠
[01:15:47.200 --> 01:15:50.200]  這樣我就可以跨越
[01:15:50.200 --> 01:15:52.200]  神要我
[01:15:52.200 --> 01:15:54.200]  裡面那種驕傲
[01:15:54.200 --> 01:15:56.200]  那種的不配
[01:15:56.200 --> 01:15:57.200]  然後走在神的路上
[01:15:57.200 --> 01:15:59.200]  神真的有很多的祝福
[01:15:59.200 --> 01:16:01.200]  外面我們機構的服務
[01:16:01.200 --> 01:16:04.200]  我自己美國的機構
[01:16:04.200 --> 01:16:05.200]  非常感恩
[01:16:05.200 --> 01:16:09.200]  我們可以服務很多弟兄姊妹
[01:16:09.200 --> 01:16:11.200]  再下來最後一樣
[01:16:11.200 --> 01:16:12.200]  當我們跨越了
[01:16:12.200 --> 01:16:14.200]  當我們看的時候
[01:16:14.200 --> 01:16:16.200]  我們回頭看的時候
[01:16:16.200 --> 01:16:18.200]  我們看到彼得寫了這麼多東西
[01:16:18.200 --> 01:16:21.200]  究竟我們有什麼可以學習呢
[01:16:21.200 --> 01:16:24.200]  這個可以說是我們今天最後的總結
[01:16:24.200 --> 01:16:26.200]  不單只要面對
[01:16:26.200 --> 01:16:27.200]  不單只要經歷
[01:16:27.200 --> 01:16:28.200]  不單只要跨越
[01:16:28.200 --> 01:16:30.200]  跨越了之後我們還要學習
[01:16:30.200 --> 01:16:32.200]  當我們學了這些之後
[01:16:32.200 --> 01:16:35.200]  我們可以幫助別人
[01:16:35.200 --> 01:16:37.200]  可以鼓勵別人
[01:16:37.200 --> 01:16:38.200]  不單止幫助自己
[01:16:38.200 --> 01:16:40.200]  還可以鼓勵別人
[01:16:40.200 --> 01:16:43.200]  先來看看彼得是誰
[01:16:43.200 --> 01:16:45.200]  如果大家很熟悉的話
[01:16:45.200 --> 01:16:47.200]  你會知道彼得是一個蒙召的漁夫
[01:16:47.200 --> 01:16:49.200]  他是被神親自跟他說
[01:16:49.200 --> 01:16:51.200]  你來跟從我
[01:16:51.200 --> 01:16:53.200]  我要讓你得人
[01:16:53.200 --> 01:16:56.200]  好像是一個得人的漁夫
[01:16:56.200 --> 01:16:58.200]  我們說得人如得魚
[01:16:58.200 --> 01:17:00.200]  真正的易法應該就是
[01:17:00.200 --> 01:17:02.200]  讓你成為得人的漁夫
[01:17:02.200 --> 01:17:04.200]  是神親自呼召他的
[01:17:04.200 --> 01:17:07.200]  再看他是蒙恩典的漁夫
[01:17:07.200 --> 01:17:08.200]  他媽媽
[01:17:08.200 --> 01:17:10.200]  他岳母病倒了
[01:17:10.200 --> 01:17:12.200]  但耶穌親自去他家
[01:17:12.200 --> 01:17:13.200]  為他醫治
[01:17:13.200 --> 01:17:15.200]  所以他是恩典的見證人
[01:17:15.200 --> 01:17:16.200]  他是神職的見證人
[01:17:16.200 --> 01:17:19.200]  然後他有權柄的漁夫
[01:17:19.200 --> 01:17:22.200]  當時耶穌差派了這些門徒出去
[01:17:22.200 --> 01:17:24.200]  給了他們趕鬼的權柄
[01:17:24.200 --> 01:17:28.200]  然後讓他們去醫治權柄
[01:17:28.200 --> 01:17:29.200]  彼得是什麼呢?
[01:17:29.200 --> 01:17:32.200]  也是得啟示的漁夫
[01:17:32.200 --> 01:17:33.200]  當耶穌問他們
[01:17:33.200 --> 01:17:34.200]  知道我是誰的時候
[01:17:34.200 --> 01:17:37.200]  只有他可以說
[01:17:37.200 --> 01:17:38.200]  耶穌是哪一位
[01:17:38.200 --> 01:17:40.200]  所以他知道耶穌是基督
[01:17:40.200 --> 01:17:42.200]  是永活的神
[01:17:42.200 --> 01:17:43.200]  所以耶穌說你有福了
[01:17:43.200 --> 01:17:46.200]  因為啟示不是由血氣凡人來的
[01:17:46.200 --> 01:17:47.200]  而是從天上而來的
[01:17:47.200 --> 01:17:49.200]  所以他是一個得到啟示
[01:17:49.200 --> 01:17:52.200]  很有福氣的一個人
[01:17:52.200 --> 01:17:53.200]  甚至耶穌說
[01:17:53.200 --> 01:17:56.200]  我給你天國的鑰匙
[01:17:56.200 --> 01:18:00.200]  要在這盆石上建立教會
[01:18:00.200 --> 01:18:02.200]  所以彼得是大弟子
[01:18:02.200 --> 01:18:05.200]  十二門徒裏面的大弟子
[01:18:05.200 --> 01:18:06.200]  但我想問大家
[01:18:06.200 --> 01:18:09.200]  他是否一帆風順呢?
[01:18:09.200 --> 01:18:10.200]  大家都轉過頭來
[01:18:10.200 --> 01:18:12.200]  知道他不是一帆風順
[01:18:12.200 --> 01:18:13.200]  所以我們一開始的時候
[01:18:13.200 --> 01:18:14.200]  第一句就是
[01:18:14.200 --> 01:18:16.200]  他經歷了這些之後
[01:18:16.200 --> 01:18:17.200]  在第一章第二節
[01:18:17.200 --> 01:18:18.200]  彼得前書就說
[01:18:18.200 --> 01:18:21.200]  你們遇到困難不要驚奇
[01:18:21.200 --> 01:18:23.200]  不要覺得奇怪
[01:18:23.200 --> 01:18:26.200]  人人都會遇到這些逆境
[01:18:26.200 --> 01:18:27.200]  遇到這些困難
[01:18:27.200 --> 01:18:30.200]  彼得並不是一帆風順
[01:18:30.200 --> 01:18:31.200]  你看他在五章一節
[01:18:31.200 --> 01:18:33.200]  他寫這封書信就知道
[01:18:33.200 --> 01:18:35.200]  我是做長老的
[01:18:35.200 --> 01:18:37.200]  也是基督受苦的見證人
[01:18:37.200 --> 01:18:41.200]  即是他常常在逆境裏面
[01:18:41.200 --> 01:18:45.200]  但他就在逆境裏面
[01:18:45.200 --> 01:18:49.200]  你剛才看到我們看了那麼多經文裏面
[01:18:49.200 --> 01:18:50.200]  他幫弟兄姊妹
[01:18:50.200 --> 01:18:53.200]  他主要是做見證
[01:18:53.200 --> 01:18:55.200]  原來經歷這些逆境的時候
[01:18:55.200 --> 01:18:56.200]  會變成了恩典
[01:18:56.200 --> 01:18:59.200]  會變成了他今天可以成為
[01:18:59.200 --> 01:19:01.200]  長老眾人裏面
[01:19:01.200 --> 01:19:05.200]  要顯現這些榮耀的時刻
[01:19:05.200 --> 01:19:06.200]  回看逆境
[01:19:06.200 --> 01:19:08.200]  我們有什麼可以看到呢?
[01:19:08.200 --> 01:19:09.200]  在彼得的身上
[01:19:09.200 --> 01:19:11.200]  我們可以看到三樣東西
[01:19:11.200 --> 01:19:13.200]  從下網變成臂網
[01:19:13.200 --> 01:19:14.200]  從腦網變成屬靈
[01:19:14.200 --> 01:19:17.200]  從石頭變成了寶石
[01:19:17.200 --> 01:19:19.200]  從下網變成臂網
[01:19:19.200 --> 01:19:21.200]  彼得是面對逆境的
[01:19:21.200 --> 01:19:22.200]  第一樣東西
[01:19:22.200 --> 01:19:24.200]  他面對的是馴服的逆境
[01:19:24.200 --> 01:19:27.200]  因為在約翰福音裏面
[01:19:27.200 --> 01:19:29.200]  講得很清楚
[01:19:29.200 --> 01:19:30.200]  他將會被捆綁
[01:19:30.200 --> 01:19:32.200]  這個漁夫是會被捆綁的
[01:19:32.200 --> 01:19:34.200]  耶穌跟他說
[01:19:34.200 --> 01:19:35.200]  你年老的時候
[01:19:35.200 --> 01:19:36.200]  伸出雙手
[01:19:36.200 --> 01:19:37.200]  別人把你捆綁
[01:19:37.200 --> 01:19:39.200]  帶你去不願意去的地方
[01:19:39.200 --> 01:19:40.200]  講明了
[01:19:40.200 --> 01:19:41.200]  你服侍就是這樣
[01:19:41.200 --> 01:19:43.200]  你服侍會面對這些
[01:19:43.200 --> 01:19:45.200]  是不是這樣呢?
[01:19:45.200 --> 01:19:47.200]  確實在司徒恆轉的時候
[01:19:47.200 --> 01:19:49.200]  他被關進監獄裏面
[01:19:49.200 --> 01:19:50.200]  彼得在監獄裏面的時候
[01:19:50.200 --> 01:19:52.200]  當然我們看到他的神跡
[01:19:52.200 --> 01:19:53.200]  隨著他
[01:19:53.200 --> 01:19:55.200]  有一個天使出現
[01:19:55.200 --> 01:19:56.200]  並且他會見到
[01:19:56.200 --> 01:19:57.200]  他以為是異象
[01:19:57.200 --> 01:19:58.200]  他都不敢
[01:19:58.200 --> 01:20:00.200]  他都不相信自己會被人救到
[01:20:00.200 --> 01:20:04.200]  在歷史學家裏面
[01:20:04.200 --> 01:20:05.200]  有人是這樣說的
[01:20:05.200 --> 01:20:07.200]  他說彼得經歷了這些之後
[01:20:07.200 --> 01:20:09.200]  他就很害怕
[01:20:09.200 --> 01:20:10.200]  人是正常的
[01:20:10.200 --> 01:20:11.200]  很害怕
[01:20:11.200 --> 01:20:14.200]  於是他就想離開耶路撒冷
[01:20:14.200 --> 01:20:15.200]  在耶路撒冷的時候
[01:20:15.200 --> 01:20:16.200]  他發出一個夢
[01:20:16.200 --> 01:20:18.200]  夢見耶穌走回去耶路撒冷
[01:20:18.200 --> 01:20:19.200]  他問耶穌
[01:20:19.200 --> 01:20:20.200]  你為什麼要回去
[01:20:20.200 --> 01:20:21.200]  他說你不釘十字架
[01:20:21.200 --> 01:20:22.200]  我釘吧
[01:20:22.200 --> 01:20:23.200]  我釘多一次
[01:20:23.200 --> 01:20:25.200]  於是他就留在那裏
[01:20:25.200 --> 01:20:27.200]  歷史學家告訴我們
[01:20:27.200 --> 01:20:29.200]  彼得是怎樣死的
[01:20:29.200 --> 01:20:31.200]  他倒釘十字架
[01:20:31.200 --> 01:20:33.200]  當然我們不敢肯定
[01:20:33.200 --> 01:20:34.200]  是不是這樣
[01:20:34.200 --> 01:20:36.200]  但歷史學家是這樣寫下來
[01:20:36.200 --> 01:20:38.200]  我們都可以知道
[01:20:38.200 --> 01:20:40.200]  他的心智
[01:20:40.200 --> 01:20:42.200]  面對逆境
[01:20:42.200 --> 01:20:44.200]  彼得馴服
[01:20:44.200 --> 01:20:47.200]  於是他可以在彼得前書裏這樣說
[01:20:47.200 --> 01:20:49.200]  既然基督在肉身受苦
[01:20:49.200 --> 01:20:52.200]  你們又要用同樣的心智裝備自己
[01:20:52.200 --> 01:20:55.200]  為基督的名受辱罵的
[01:20:55.200 --> 01:20:57.200]  就有福了
[01:20:57.200 --> 01:20:59.200]  親愛的兄弟姐妹
[01:20:59.200 --> 01:21:02.200]  當我們面對這些逆境的時候
[01:21:02.200 --> 01:21:04.200]  我們要怎樣做呢
[01:21:04.200 --> 01:21:07.200]  彼得當然是一個漁夫
[01:21:07.200 --> 01:21:09.200]  他可以自己願意下網
[01:21:09.200 --> 01:21:12.200]  但當他要為這些被逼迫
[01:21:12.200 --> 01:21:14.200]  為這些逆境
[01:21:14.200 --> 01:21:15.200]  為耶穌
[01:21:15.200 --> 01:21:17.200]  為我們的信仰被逼迫的時候
[01:21:17.200 --> 01:21:19.200]  他仍然堅持
[01:21:19.200 --> 01:21:20.200]  在四章十六節他說
[01:21:20.200 --> 01:21:22.200]  因為作基督徒而受苦
[01:21:22.200 --> 01:21:24.200]  就不要以為羞恥
[01:21:24.200 --> 01:21:26.200]  而要在這事上榮耀神
[01:21:26.200 --> 01:21:28.200]  第十九節
[01:21:28.200 --> 01:21:30.200]  按照神旨意受苦的人
[01:21:30.200 --> 01:21:33.200]  要藉著好行為把自己的生命
[01:21:33.200 --> 01:21:37.200]  交託給那位信實的創造主
[01:21:37.200 --> 01:21:39.200]  這裡說什麼呢
[01:21:39.200 --> 01:21:43.200]  大家可以幫我讀嗎
[01:21:43.200 --> 01:21:46.200]  當你願意傳言為主的時候
[01:21:46.200 --> 01:21:47.200]  我很相信
[01:21:47.200 --> 01:21:51.200]  剛才我們所說的什麼逆境
[01:21:51.200 --> 01:21:53.200]  都不是一回事
[01:21:53.200 --> 01:21:57.200]  明白嗎
[01:21:57.200 --> 01:21:58.200]  詩篇這樣說的
[01:21:58.200 --> 01:22:00.200]  我受苦是對我有益的
[01:22:00.200 --> 01:22:04.200]  為要使我學習你的律法
[01:22:04.200 --> 01:22:06.200]  苦難可以叫人經歷神
[01:22:06.200 --> 01:22:09.200]  不好意思
[01:22:09.200 --> 01:22:12.200]  經常說我在賓館裡的事情
[01:22:12.200 --> 01:22:13.200]  因為真的很可憐
[01:22:13.200 --> 01:22:15.200]  二十一天沒有事情做
[01:22:15.200 --> 01:22:16.200]  我又不看電視
[01:22:16.200 --> 01:22:17.200]  那裡才壞
[01:22:17.200 --> 01:22:19.200]  我一打開電視
[01:22:19.200 --> 01:22:20.200]  沒什麼好看
[01:22:20.200 --> 01:22:21.200]  假的
[01:22:21.200 --> 01:22:22.200]  看聖經
[01:22:22.200 --> 01:22:23.200]  眼睛都花了
[01:22:23.200 --> 01:22:24.200]  因為眼睛
[01:22:24.200 --> 01:22:25.200]  大家知道
[01:22:25.200 --> 01:22:26.200]  我剛才說給大家聽
[01:22:26.200 --> 01:22:27.200]  我有青光眼
[01:22:27.200 --> 01:22:28.200]  所以不能看太久
[01:22:28.200 --> 01:22:30.200]  看太久眼睛很辛苦
[01:22:30.200 --> 01:22:31.200]  在想
[01:22:31.200 --> 01:22:32.200]  我就說
[01:22:32.200 --> 01:22:34.200]  神啊你為什麼這樣對我
[01:22:34.200 --> 01:22:38.200]  二十一天真的很難熬
[01:22:38.200 --> 01:22:39.200]  神說
[01:22:39.200 --> 01:22:40.200]  你知不知道
[01:22:40.200 --> 01:22:41.200]  你很有福
[01:22:41.200 --> 01:22:42.200]  有什麼福
[01:22:42.200 --> 01:22:44.200]  這麼難熬
[01:22:44.200 --> 01:22:45.200]  祂說
[01:22:45.200 --> 01:22:46.200]  你知不知道
[01:22:46.200 --> 01:22:49.200]  保羅也是這樣坐牢
[01:22:49.200 --> 01:22:51.200]  你可以學習保羅坐牢
[01:22:51.200 --> 01:22:52.200]  很有好處
[01:22:52.200 --> 01:22:53.200]  你知道保羅
[01:22:53.200 --> 01:22:55.200]  寫了很多書信
[01:22:55.200 --> 01:22:56.200]  是啊
[01:22:56.200 --> 01:22:58.200]  大家明白嗎
[01:22:58.200 --> 01:22:59.200]  苦難有時候
[01:22:59.200 --> 01:23:01.200]  真的要我們學習一些東西
[01:23:01.200 --> 01:23:04.200]  不要去埋怨
[01:23:04.200 --> 01:23:06.200]  我們反而調轉去看的時候
[01:23:06.200 --> 01:23:08.200]  知道原來神允許
[01:23:08.200 --> 01:23:10.200]  有些逆境臨到的時候
[01:23:10.200 --> 01:23:11.200]  祂也允許
[01:23:11.200 --> 01:23:14.200]  有些恩典會臨到
[01:23:14.200 --> 01:23:15.200]  既然跟從祂的時候
[01:23:15.200 --> 01:23:17.200]  我們都是安全的
[01:23:17.200 --> 01:23:19.200]  Amen
[01:23:19.200 --> 01:23:21.200]  再下去看看
[01:23:21.200 --> 01:23:22.200]  彼得面對另一樣
[01:23:22.200 --> 01:23:24.200]  就是靈命的挑戰
[01:23:24.200 --> 01:23:26.200]  撒旦來教養他
[01:23:26.200 --> 01:23:27.200]  說什麼呢
[01:23:27.200 --> 01:23:28.200]  他說
[01:23:28.200 --> 01:23:29.200]  他叫耶穌
[01:23:29.200 --> 01:23:30.200]  你不要去聽十字架了
[01:23:30.200 --> 01:23:32.200]  耶穌轉過來跟他說
[01:23:32.200 --> 01:23:34.200]  撒旦退到後面去
[01:23:34.200 --> 01:23:37.200]  你是害我的陷阱
[01:23:37.200 --> 01:23:39.200]  因為你不關心神的事
[01:23:39.200 --> 01:23:42.200]  只是關心人的事
[01:23:42.200 --> 01:23:43.200]  是不是只是這麼簡單呢
[01:23:43.200 --> 01:23:44.200]  不是
[01:23:44.200 --> 01:23:45.200]  後面也還有
[01:23:45.200 --> 01:23:47.200]  也是面對逆境
[01:23:47.200 --> 01:23:48.200]  靈命的逆境
[01:23:48.200 --> 01:23:49.200]  大家記不記得
[01:23:49.200 --> 01:23:52.200]  他在雲遊障礙的時候
[01:23:52.200 --> 01:23:53.200]  神跟他說
[01:23:53.200 --> 01:23:57.200]  你要去吃這些不潔的物
[01:23:57.200 --> 01:23:59.200]  但是他不肯
[01:23:59.200 --> 01:24:00.200]  為什麼呢
[01:24:00.200 --> 01:24:03.200]  他要堅守猶太人的傳統
[01:24:03.200 --> 01:24:06.200]  所以又有聲音跟他說
[01:24:06.200 --> 01:24:07.200]  神所潔淨的
[01:24:07.200 --> 01:24:08.200]  你不可以當為俗物
[01:24:08.200 --> 01:24:10.200]  所以到最後他明白
[01:24:10.200 --> 01:24:11.200]  他沒有再堅持
[01:24:11.200 --> 01:24:12.200]  他自己裡面的東西
[01:24:12.200 --> 01:24:14.200]  於是他就真的明白
[01:24:14.200 --> 01:24:16.200]  神是不偏袒人的
[01:24:16.200 --> 01:24:18.200]  他真的
[01:24:18.200 --> 01:24:21.200]  傳言為主
[01:24:21.200 --> 01:24:23.200]  當他願意傳言為主的時候
[01:24:23.200 --> 01:24:25.200]  他就可以在彼得前書裡這樣說
[01:24:25.200 --> 01:24:26.200]  同樣年輕人
[01:24:26.200 --> 01:24:28.200]  我勸你們要服從中長老
[01:24:28.200 --> 01:24:31.200]  每個人都以謙卑為裝束
[01:24:31.200 --> 01:24:32.200]  彼此的相待
[01:24:32.200 --> 01:24:34.200]  因為神對抗驕傲的人
[01:24:34.200 --> 01:24:36.200]  賜恩給謙卑的人
[01:24:36.200 --> 01:24:38.200]  你要把一切的憂慮賜給神
[01:24:38.200 --> 01:24:39.200]  交回給神
[01:24:39.200 --> 01:24:40.200]  賜給神
[01:24:40.200 --> 01:24:42.200]  因為祂顧念你們
[01:24:42.200 --> 01:24:46.200]  謙卑在《針研書》第十八章第十二節
[01:24:46.200 --> 01:24:48.200]  滅亡以先人心高傲
[01:24:48.200 --> 01:24:51.200]  尊榮以先必有謙卑
[01:24:51.200 --> 01:24:52.200]  親愛的弟兄姊妹
[01:24:52.200 --> 01:24:55.200]  當我們覺得自己很厲害的時候
[01:24:55.200 --> 01:24:58.200]  很可能是最危險的時候
[01:24:58.200 --> 01:25:00.200]  當逆境來到
[01:25:00.200 --> 01:25:02.200]  要教導我們的時候
[01:25:02.200 --> 01:25:05.200]  很可能是恩典的時候
[01:25:05.200 --> 01:25:07.200]  同意嗎?
[01:25:07.200 --> 01:25:10.200]  當我們覺得自己很厲害的時候
[01:25:10.200 --> 01:25:12.200]  嘩!真是
[01:25:12.200 --> 01:25:14.200]  樣樣都一帆風順
[01:25:14.200 --> 01:25:17.200]  樣樣都混稠在握
[01:25:17.200 --> 01:25:18.200]  危險啊
[01:25:18.200 --> 01:25:22.200]  最近有個財經家跟我說
[01:25:22.200 --> 01:25:27.200]  當你的股票升到不清楚的時候
[01:25:27.200 --> 01:25:30.200]  當你以為你自己很有錢的時候
[01:25:30.200 --> 01:25:31.200]  其實很可能
[01:25:31.200 --> 01:25:34.200]  接著就是最危險的時候會發生
[01:25:34.200 --> 01:25:35.200]  我不買股票的
[01:25:35.200 --> 01:25:37.200]  大家不要介意
[01:25:37.200 --> 01:25:39.200]  不過我弟兄這樣跟我說
[01:25:39.200 --> 01:25:41.200]  跟大家說
[01:25:41.200 --> 01:25:44.200]  彼得不單止在屬靈上有挑戰
[01:25:44.200 --> 01:25:47.200]  他在事夢上也有挑戰
[01:25:47.200 --> 01:25:48.200]  大家都知道
[01:25:48.200 --> 01:25:49.200]  他三次不認主
[01:25:49.200 --> 01:25:52.200]  在雞蹄之前他三次不認
[01:25:52.200 --> 01:25:54.200]  很困難
[01:25:54.200 --> 01:25:55.200]  在逆境裡面
[01:25:55.200 --> 01:25:56.200]  逆境來的
[01:25:56.200 --> 01:25:57.200]  對比彼得這些全部
[01:25:57.200 --> 01:25:58.200]  很困難
[01:25:58.200 --> 01:25:59.200]  在事夢裡面
[01:25:59.200 --> 01:26:00.200]  他跌倒的
[01:26:00.200 --> 01:26:01.200]  但是呢
[01:26:01.200 --> 01:26:02.200]  神有恩典
[01:26:02.200 --> 01:26:04.200]  因為剛才我也說了
[01:26:04.200 --> 01:26:06.200]  只要你回到神的裡面
[01:26:06.200 --> 01:26:08.200]  神一定會認回你的
[01:26:08.200 --> 01:26:10.200]  另外在另一個裡面
[01:26:10.200 --> 01:26:12.200]  更加沒面子
[01:26:12.200 --> 01:26:15.200]  被保羅罵他
[01:26:15.200 --> 01:26:18.200]  說他所做的和福音不符
[01:26:18.200 --> 01:26:20.200]  因為當外人來的時候
[01:26:20.200 --> 01:26:22.200]  他就不和他再吃飯
[01:26:22.200 --> 01:26:24.200]  當他自己人來的時候
[01:26:24.200 --> 01:26:25.200]  他就不和外邦人再吃飯
[01:26:25.200 --> 01:26:27.200]  和外族人一起吃飯
[01:26:27.200 --> 01:26:30.200]  於是保羅多面的叱吒他
[01:26:30.200 --> 01:26:32.200]  多面叱吒彼得
[01:26:32.200 --> 01:26:33.200]  真的沒面子
[01:26:33.200 --> 01:26:34.200]  大弟子給你
[01:26:34.200 --> 01:26:35.200]  但是怎麼樣
[01:26:35.200 --> 01:26:37.200]  當他在罪裡面的時候
[01:26:37.200 --> 01:26:40.200]  他就會回頭
[01:26:40.200 --> 01:26:41.200]  回頭的時候
[01:26:41.200 --> 01:26:43.200]  他就能夠得到神的恩典
[01:26:43.200 --> 01:26:44.200]  所以你看
[01:26:44.200 --> 01:26:46.200]  他由石頭變成寶石
[01:26:46.200 --> 01:26:49.200]  他是基督受苦的見證人
[01:26:49.200 --> 01:26:52.200]  然後他經歷了這些之後
[01:26:52.200 --> 01:26:54.200]  他就鼓勵眾長老
[01:26:54.200 --> 01:26:56.200]  鼓勵無要無仰
[01:26:56.200 --> 01:26:58.200]  按著神的旨意
[01:26:58.200 --> 01:26:59.200]  不是出於勉強
[01:26:59.200 --> 01:27:00.200]  乃是出於甘心
[01:27:00.200 --> 01:27:01.200]  不是因為貪財
[01:27:01.200 --> 01:27:03.200]  而是因為熱心
[01:27:03.200 --> 01:27:05.200]  要成為眾人的榜樣
[01:27:05.200 --> 01:27:09.200]  這句話幫助了我很多
[01:27:09.200 --> 01:27:12.200]  所以我一直在我的機構服務
[01:27:12.200 --> 01:27:13.200]  我也是義工
[01:27:13.200 --> 01:27:15.200]  不是為了錢來服務
[01:27:15.200 --> 01:27:17.200]  我們是為了神的榮耀
[01:27:17.200 --> 01:27:20.200]  為了要熱心服侍他
[01:27:20.200 --> 01:27:22.200]  甘心樂意的服侍
[01:27:22.200 --> 01:27:23.200]  不是勉強的
[01:27:23.200 --> 01:27:25.200]  所以一直在服侍
[01:27:25.200 --> 01:27:27.200]  為什麼會有這個能力呢
[01:27:27.200 --> 01:27:31.200]  這句話也是神很大的幫助
[01:27:31.200 --> 01:27:34.200]  就是神問彼得的時候
[01:27:34.200 --> 01:27:36.200]  彼得回應
[01:27:36.200 --> 01:27:37.200]  對主耶穌這麼說
[01:27:37.200 --> 01:27:39.200]  主也你是無所不知的
[01:27:39.200 --> 01:27:41.200]  你知道我愛你
[01:27:41.200 --> 01:27:42.200]  只有在愛的裡面
[01:27:42.200 --> 01:27:43.200]  只有你願意
[01:27:43.200 --> 01:27:45.200]  全然為主在愛裡面
[01:27:45.200 --> 01:27:47.200]  你才能夠跨越
[01:27:47.200 --> 01:27:49.200]  你才能夠得勝
[01:27:49.200 --> 01:27:53.200]  你才能夠在逆境裡面
[01:27:53.200 --> 01:27:57.200]  將逆境變成成長的空間
[01:27:57.200 --> 01:28:00.200]  變成你學習的機會
[01:28:00.200 --> 01:28:03.200]  變成觀點與角度不同的看法
[01:28:03.200 --> 01:28:06.200]  變成重點不是逆境
[01:28:06.200 --> 01:28:10.200]  而是結束
[01:28:10.200 --> 01:28:12.200]  回看逆境
[01:28:12.200 --> 01:28:14.200]  彼得教導了我們什麼呢
[01:28:14.200 --> 01:28:17.200]  也是今天的總結
[01:28:17.200 --> 01:28:19.200]  第一
[01:28:19.200 --> 01:28:22.200]  你要擁有正確的心態
[01:28:22.200 --> 01:28:23.200]  即使受苦
[01:28:23.200 --> 01:28:25.200]  你知道你是甘心樂意的
[01:28:25.200 --> 01:28:28.200]  為主受苦
[01:28:28.200 --> 01:28:29.200]  第二
[01:28:29.200 --> 01:28:32.200]  你要有正確的技巧
[01:28:32.200 --> 01:28:34.200]  謙卑的放下自己
[01:28:34.200 --> 01:28:37.200]  尤其是不要在小事上執著
[01:28:37.200 --> 01:28:38.200]  當你執著的時候
[01:28:38.200 --> 01:28:39.200]  你跨越不了
[01:28:39.200 --> 01:28:40.200]  你就不會得勝
[01:28:40.200 --> 01:28:42.200]  很難的
[01:28:42.200 --> 01:28:44.200]  放下吧
[01:28:44.200 --> 01:28:46.200]  全然的信靠
[01:28:46.200 --> 01:28:48.200]  當你願意的時候
[01:28:48.200 --> 01:28:51.200]  我相信神一定會在你的生命裡面改變
[01:28:51.200 --> 01:28:52.200]  第三
[01:28:52.200 --> 01:28:54.200]  對準正確的方向
[01:28:54.200 --> 01:28:56.200]  然後要模仿
[01:28:56.200 --> 01:28:57.200]  要學習
[01:28:57.200 --> 01:28:59.200]  按神的榜樣來服侍
[01:28:59.200 --> 01:29:01.200]  現在很辛苦的服侍
[01:29:01.200 --> 01:29:04.200]  不容易的
[01:29:04.200 --> 01:29:07.200]  當眾人都當你是主的時候
[01:29:07.200 --> 01:29:10.200]  你就要放下自己
[01:29:10.200 --> 01:29:12.200]  拿一條毛巾來幫他洗腳
[01:29:12.200 --> 01:29:15.200]  讓眾人去洗腳
[01:29:15.200 --> 01:29:18.200]  當眾人都離棄你的時候
[01:29:18.200 --> 01:29:24.200]  你仍然要去幫助他們
[01:29:24.200 --> 01:29:25.200]  建立他們
[01:29:25.200 --> 01:29:27.200]  不容易的
[01:29:27.200 --> 01:29:29.200]  但是如果你願意的話
[01:29:29.200 --> 01:29:31.200]  我相信逆境對你來說
[01:29:31.200 --> 01:29:34.200]  不是一個什麼問題
[01:29:34.200 --> 01:29:36.200]  逆境只是會幫助你去成長
[01:29:36.200 --> 01:29:38.200]  幫助你去學習
[01:29:38.200 --> 01:29:41.200]  幫助你去改變
[01:29:41.200 --> 01:29:44.200]  我們今天看了一封家書
[01:29:44.200 --> 01:29:45.200]  時間差不多了
[01:29:45.200 --> 01:29:47.200]  看了一封家書
[01:29:47.200 --> 01:29:49.200]  彼得經歷了
[01:29:49.200 --> 01:29:50.200]  剛才大家看到
[01:29:50.200 --> 01:29:52.200]  他真的有很多的經歷
[01:29:52.200 --> 01:29:53.200]  經歷了之後
[01:29:53.200 --> 01:29:55.200]  他寫了一封家書
[01:29:55.200 --> 01:29:57.200]  去幫助所有的人
[01:29:57.200 --> 01:30:00.200]  希望藉著他這封家書
[01:30:00.200 --> 01:30:04.200]  去幫助當時在亞細亞很多的信徒
[01:30:04.200 --> 01:30:06.200]  去幫助他們怎樣面對這些逆境
[01:30:06.200 --> 01:30:07.200]  面對這些困難
[01:30:07.200 --> 01:30:08.200]  面對這些苦楚
[01:30:08.200 --> 01:30:10.200]  面對這些問題
[01:30:10.200 --> 01:30:15.200]  我將它用短短的時間
[01:30:15.200 --> 01:30:16.200]  兩個小時的時間
[01:30:16.200 --> 01:30:17.200]  跟大家分享
[01:30:17.200 --> 01:30:20.200]  希望藉著這個逆境
[01:30:20.200 --> 01:30:22.200]  這次我們這個疫情
[01:30:22.200 --> 01:30:24.200]  我第一句說話很常說的
[01:30:24.200 --> 01:30:25.200]  跟這些頂智妹
[01:30:25.200 --> 01:30:27.200]  不要浪費疫情
[01:30:27.200 --> 01:30:30.200]  你逃都逃不了
[01:30:30.200 --> 01:30:32.200]  我們都是這樣的
[01:30:32.200 --> 01:30:34.200]  這個口罩我猜你今年都脫不了
[01:30:34.200 --> 01:30:36.200]  脫不脫得了
[01:30:36.200 --> 01:30:39.200]  明年呢
[01:30:39.200 --> 01:30:40.200]  不知道
[01:30:40.200 --> 01:30:41.200]  我不知道
[01:30:41.200 --> 01:30:44.200]  明年不知道何時才可以脫得了
[01:30:44.200 --> 01:30:46.200]  在這樣的情況下
[01:30:46.200 --> 01:30:47.200]  我們面對這些逆境
[01:30:47.200 --> 01:30:49.200]  是否可以
[01:30:49.200 --> 01:30:51.200]  藉著剛才我們所分享
[01:30:51.200 --> 01:30:52.200]  多一點的思想
[01:30:52.200 --> 01:30:54.200]  可以與這些逆境
[01:30:54.200 --> 01:30:56.200]  跳出優美的舞步呢
[01:30:56.200 --> 01:30:59.200]  當你能夠跳出優美的舞步的時候
[01:30:59.200 --> 01:31:00.200]  當眾人都知道
[01:31:00.200 --> 01:31:04.200]  哦 基督徒原來與一般人不一樣的時候
[01:31:04.200 --> 01:31:06.200]  原來神的恩典在你身上
[01:31:06.200 --> 01:31:08.200]  是這麼大的時候
[01:31:08.200 --> 01:31:11.200]  然後你這麼正面去面對這些逆境的時候
[01:31:11.200 --> 01:31:13.200]  我相信這個世界就不一樣
[01:31:13.200 --> 01:31:15.200]  基督徒也不一樣
[01:31:15.200 --> 01:31:16.200]  是不是
[01:31:16.200 --> 01:31:20.200]  我們跟心靈有禱告
[01:31:20.200 --> 01:31:22.200]  天父上帝我們來到你面前
[01:31:22.200 --> 01:31:23.200]  再一次感謝你
[01:31:23.200 --> 01:31:25.200]  當你的話語被打開的時候
[01:31:25.200 --> 01:31:27.200]  當你的話語來滋潤我們的時候
[01:31:27.200 --> 01:31:29.200]  當我們願意擁抱你的話語的時候
[01:31:29.200 --> 01:31:30.200]  我們真的看到
[01:31:30.200 --> 01:31:32.200]  在前面無論多黑暗
[01:31:32.200 --> 01:31:33.200]  主啊
[01:31:33.200 --> 01:31:35.200]  你一支火柴光
[01:31:35.200 --> 01:31:36.200]  不需要多的主
[01:31:36.200 --> 01:31:37.200]  你給我們一支火柴光
[01:31:37.200 --> 01:31:39.200]  我們都能夠看到
[01:31:39.200 --> 01:31:40.200]  我們知道你在哪裡
[01:31:40.200 --> 01:31:43.200]  我們都能夠向著你的火柴
[01:31:43.200 --> 01:31:46.200]  你的微小的光來跑
[01:31:46.200 --> 01:31:47.200]  來尋找你
[01:31:47.200 --> 01:31:48.200]  主我們感謝你
[01:31:48.200 --> 01:31:49.200]  主我們讚美你
[01:31:49.200 --> 01:31:51.200]  聖靈啊求你在會場裡面自由運行
[01:31:51.200 --> 01:31:52.200]  我知道弟兄姊妹
[01:31:52.200 --> 01:31:54.200]  仍然可能有很多心裡面
[01:31:54.200 --> 01:31:56.200]  有很多問題
[01:31:56.200 --> 01:31:58.200]  聖靈啊求你親自用你的話語
[01:31:58.200 --> 01:32:01.200]  用聖經的話語親自去安慰
[01:32:01.200 --> 01:32:03.200]  親自去建造
[01:32:03.200 --> 01:32:05.200]  親自去幫助
[01:32:05.200 --> 01:32:06.200]  親自去更新
[01:32:06.200 --> 01:32:08.200]  我們弟兄姊妹的生命
[01:32:08.200 --> 01:32:10.200]  若他們心中
[01:32:10.200 --> 01:32:12.200]  或者他們身體上有什麼需要
[01:32:12.200 --> 01:32:15.200]  主啊我求你親自來幫助他們
[01:32:15.200 --> 01:32:17.200]  來醫治他們
[01:32:17.200 --> 01:32:18.200]  來安慰他們
[01:32:18.200 --> 01:32:19.200]  來讓他們看到
[01:32:19.200 --> 01:32:20.200]  原來擁抱你
[01:32:20.200 --> 01:32:22.200]  原來緊緊跟隨你的時候
[01:32:22.200 --> 01:32:23.200]  是一無所缺的
[01:32:23.200 --> 01:32:24.200]  主啊我們來了你
[01:32:24.200 --> 01:32:25.200]  甚好也不能做
[01:32:25.200 --> 01:32:26.200]  主啊我們感謝你
[01:32:26.200 --> 01:32:27.200]  主啊我們讚美你
[01:32:27.200 --> 01:32:29.200]  孩子不配
[01:32:29.200 --> 01:32:31.200]  我所說的
[01:32:31.200 --> 01:32:34.200]  求主若果是你覺得有用的
[01:32:34.200 --> 01:32:35.200]  可以留在弟兄姊妹的心中
[01:32:35.200 --> 01:32:36.200]  若果不是的
[01:32:36.200 --> 01:32:38.200]  要用風吹散
[01:32:38.200 --> 01:32:40.200]  讓弟兄姊妹所得著的
[01:32:40.200 --> 01:32:42.200]  都是聖靈給他們的感動
[01:32:42.200 --> 01:32:43.200]  如此禱告祈求交託
[01:32:43.200 --> 01:32:45.200]  乃是奉教主耶穌得聖的名
[01:32:45.200 --> 01:32:46.200]  阿們
[01:32:46.200 --> 01:32:47.200]  多謝大家
