
[00:00:00.000 --> 00:00:19.720]  我們現在一齊低頭祈禱
[00:00:19.720 --> 00:00:20.620]  實在感謝祢
[00:00:20.620 --> 00:00:24.320]  讓我們能夠有很多機會去明白聖經
[00:00:24.320 --> 00:00:27.080]  原來聖經有很多種不同的分類
[00:00:27.080 --> 00:00:32.600]  究竟我們和他們的近東文化有什麼分別呢?
[00:00:32.600 --> 00:00:36.440]  究竟我們是認識聖經有多少呢?
[00:00:36.440 --> 00:00:39.880]  我們會不會去看看聖經的時候
[00:00:39.880 --> 00:00:45.240]  我們走去做一些傳統的事
[00:00:45.240 --> 00:00:49.280]  不是我們和聖經有關係的
[00:00:49.280 --> 00:00:52.280]  我們有時候會將一些傳統的文化
[00:00:52.280 --> 00:00:57.160]  究竟假麻雀不去收錢、不去賭博
[00:00:57.160 --> 00:00:59.440]  是不是算是我們OK了
[00:00:59.440 --> 00:01:02.120]  或者是我們有很多其他的東西
[00:01:02.120 --> 00:01:05.960]  是和我們日常的生活裏面是有關係的
[00:01:05.960 --> 00:01:07.480]  但我們自己都覺得
[00:01:07.480 --> 00:01:13.960]  將它改為是基本的日常的法律
[00:01:13.960 --> 00:01:17.600]  其實很多時候我們都會忘記了
[00:01:17.600 --> 00:01:19.640]  我們做著做著就會覺得
[00:01:19.640 --> 00:01:22.720]  這些東西其實都沒有什麼所謂
[00:01:22.720 --> 00:01:26.080]  究竟我們應該怎樣去面對呢?
[00:01:26.080 --> 00:01:30.440]  稍後我們希望能夠專心去聽講員講
[00:01:30.440 --> 00:01:34.840]  我們明白到原來聖經有很多東西提醒我們
[00:01:34.840 --> 00:01:38.520]  我們和文化是不應該一樣的
[00:01:38.520 --> 00:01:42.120]  我們有我們聖經上的說話
[00:01:42.120 --> 00:01:43.480]  我們不應該的
[00:01:43.480 --> 00:01:45.840]  因為文化是這樣
[00:01:45.840 --> 00:01:48.000]  於是我們就跟著去
[00:01:48.000 --> 00:01:51.320]  上一次的感謝給訪員在我們的中間
[00:01:51.320 --> 00:01:54.880]  我們能夠可以明白聖經更多
[00:01:54.880 --> 00:01:58.080]  將來有時間我們亦會常年來帶領著
[00:01:58.080 --> 00:01:59.800]  表達佩奉主義民俗
[00:01:59.800 --> 00:02:00.800]  多謝
[00:02:00.800 --> 00:02:04.560]  多謝
[00:02:04.560 --> 00:02:05.840]  多謝梁博士
[00:02:15.360 --> 00:02:18.840]  給一杯平安
[00:02:18.840 --> 00:02:20.760]  今天我們看的
[00:02:20.760 --> 00:02:23.360]  剛才周社長都講了
[00:02:23.360 --> 00:02:24.760]  今天的課題就是
[00:02:24.760 --> 00:02:27.760]  從近東的先知傳統
[00:02:27.760 --> 00:02:31.520]  去解讀這個舊約的先知書
[00:02:31.520 --> 00:02:34.120]  近東的先知傳統
[00:02:34.120 --> 00:02:37.120]  今天我當然就會從
[00:02:37.120 --> 00:02:38.560]  看著這個題目
[00:02:38.560 --> 00:02:43.760]  首先就從近東怎樣去理解先知
[00:02:43.760 --> 00:02:46.920]  然後就轉入去
[00:02:46.920 --> 00:02:49.320]  其實舊約聖經裏面
[00:02:49.320 --> 00:02:52.360]  怎樣去看先知
[00:02:52.360 --> 00:02:55.080]  若果要認識先知
[00:02:55.080 --> 00:02:59.200]  若果要認識先知
[00:02:59.200 --> 00:03:01.720]  我們必須要了解
[00:03:01.720 --> 00:03:05.920]  其實先知這個中介角色
[00:03:05.920 --> 00:03:11.360]  他用這個中介角色去作為一個起點
[00:03:11.360 --> 00:03:15.960]  而這個我們通常會透過人類學
[00:03:15.960 --> 00:03:20.160]  對這個中介角色的一些研究
[00:03:20.160 --> 00:03:23.760]  然後就開始去探索
[00:03:23.760 --> 00:03:26.560]  究竟聖經裏面的先知是
[00:03:26.560 --> 00:03:29.040]  究竟是甚麼一回事
[00:03:29.040 --> 00:03:32.560]  我們既然今天的課堂是講到
[00:03:32.560 --> 00:03:35.960]  從近東的先知傳統
[00:03:35.960 --> 00:03:39.160]  我一定要和大家去討論的就是
[00:03:39.160 --> 00:03:43.360]  在近東文化裏面究竟這些的中介角色
[00:03:43.360 --> 00:03:45.760]  其實是在做些甚麼的
[00:03:45.760 --> 00:03:50.960]  和我們舊約聖經裏面講的先知有沒有不同
[00:03:50.960 --> 00:03:55.360]  然後就是去探討其實這些中介角色
[00:03:55.360 --> 00:03:58.960]  會怎樣影響我們去讀聖經
[00:03:58.960 --> 00:04:02.960]  當然最終我們希望的就是能夠
[00:04:02.960 --> 00:04:06.760]  用一個較為蓋覽的方法
[00:04:06.760 --> 00:04:11.160]  就是去帶大家去看究竟我們如果要解釋
[00:04:11.160 --> 00:04:14.960]  先知書 先知這種文學的時候
[00:04:14.960 --> 00:04:17.560]  我們應該用甚麼的方法
[00:04:17.560 --> 00:04:20.560]  當然今天就不可能每一卷
[00:04:20.560 --> 00:04:23.360]  先知書都和大家去涉獵
[00:04:23.360 --> 00:04:26.960]  我想那些就留在書攤裏面
[00:04:26.960 --> 00:04:30.160]  你會找到一些和先知書有關的
[00:04:30.160 --> 00:04:32.760]  一些蓋覽的書
[00:04:32.760 --> 00:04:37.160]  他能夠可能在每一卷先知書
[00:04:37.160 --> 00:04:40.160]  他都可以做到一種的簡介
[00:04:40.160 --> 00:04:43.960]  我今天就不會和大家逐卷先知書去看
[00:04:43.960 --> 00:04:48.960]  我就用一個較為蓋括的方法
[00:04:48.960 --> 00:04:51.360]  去帶大家去看先知書
[00:04:51.360 --> 00:04:53.760]  我們應該要怎樣去讀
[00:04:53.760 --> 00:04:58.760]  既然我們嘗試先從近東這種中介角色
[00:04:58.760 --> 00:05:04.760]  去了解當時作為研究的起點的時候
[00:05:04.760 --> 00:05:09.160]  我們就問究竟甚麼是中介角色呢?
[00:05:09.160 --> 00:05:11.360]  其實中介角色只是很簡單
[00:05:11.360 --> 00:05:16.960]  就是可以溝通到和神人異界的那個人
[00:05:16.960 --> 00:05:20.160]  就是能夠和神和人可以溝通的
[00:05:20.160 --> 00:05:22.560]  這個就是一個中介角色
[00:05:22.560 --> 00:05:25.760]  所以在不同文化或者群體裏面
[00:05:25.760 --> 00:05:29.360]  對這個中介角色都有不同稱呼的
[00:05:29.360 --> 00:05:32.560]  聖經我們通常叫做先知
[00:05:32.560 --> 00:05:35.160]  有時候我們會說這些中介角色
[00:05:35.160 --> 00:05:38.560]  就是一些巫師或者術士
[00:05:38.560 --> 00:05:42.760]  甚至是靈媒或者所謂占卜者
[00:05:42.760 --> 00:05:45.760]  這些都是那些在古代近東
[00:05:45.760 --> 00:05:51.560]  出現的一些不同的中介角色
[00:05:51.560 --> 00:05:55.160]  中介角色為甚麼會在這個世界
[00:05:55.160 --> 00:05:58.760]  或者這個古代社會裏面存在呢?
[00:05:58.760 --> 00:06:02.560]  一定要有條件這些中介角色才會存在的
[00:06:02.560 --> 00:06:08.560]  最主要就是因為當時的世界
[00:06:08.560 --> 00:06:13.760]  他們相信會有一些超自然的力量存在
[00:06:13.760 --> 00:06:15.960]  一種超自然力量存在
[00:06:15.960 --> 00:06:21.360]  他自然就需要去尋找這一種超自然的力量
[00:06:21.360 --> 00:06:23.360]  人太普通了
[00:06:23.360 --> 00:06:26.360]  所以他需要有一個有能力的
[00:06:26.360 --> 00:06:33.560]  去將人的說話或者神明的說話
[00:06:33.560 --> 00:06:35.160]  去互相的溝通
[00:06:35.160 --> 00:06:38.160]  所以最大基本上要有的條件
[00:06:38.160 --> 00:06:40.360]  就一定是相信這個世界
[00:06:40.360 --> 00:06:43.360]  是有一種超自然的力量存在的
[00:06:43.360 --> 00:06:45.960]  相信這一種超自然力量
[00:06:45.960 --> 00:06:48.960]  也都會介入在人類的世界裏面
[00:06:48.960 --> 00:06:50.760]  並且是互相影響
[00:06:50.760 --> 00:06:52.160]  所謂互相影響就是
[00:06:52.160 --> 00:06:55.160]  人 我們很簡單你們一定會明白
[00:06:55.160 --> 00:06:59.360]  我們祈禱 我們的神一定會垂慶的
[00:06:59.360 --> 00:07:03.560]  這個就是人和神的那個關係
[00:07:03.560 --> 00:07:06.160]  其實在當時古代印東的文化
[00:07:06.160 --> 00:07:09.360]  你都必須要相信這一種超自然力量
[00:07:09.360 --> 00:07:12.760]  或者我們簡單一點來說就是那些神明
[00:07:12.760 --> 00:07:16.560]  神明他們能夠介入在這個世界裏面
[00:07:16.560 --> 00:07:22.960]  他們能夠是同人 同這些中介者去接觸的
[00:07:22.960 --> 00:07:26.960]  當然中介角色也都要在這個社會裏面
[00:07:26.960 --> 00:07:29.360]  有正面的評價
[00:07:29.360 --> 00:07:34.560]  或者這個社會是接受到這一種中介角色的存在
[00:07:34.560 --> 00:07:36.960]  如果中介角色不受歡迎的
[00:07:36.960 --> 00:07:42.360]  他很快就會不見了 消失了
[00:07:42.360 --> 00:07:44.960]  所以這個是很簡單明白的
[00:07:44.960 --> 00:07:46.560]  但最後一件事就是
[00:07:46.560 --> 00:07:49.160]  既然他有一個正面的評價
[00:07:49.160 --> 00:07:53.760]  即是代表中介角色在這個社會裏面是有被需要的
[00:07:53.760 --> 00:07:55.560]  那他有什麼人會需要呢
[00:07:55.560 --> 00:07:58.560]  當然就是社會的邊緣群體
[00:07:58.560 --> 00:08:01.360]  他很需要這一種中介角色
[00:08:01.360 --> 00:08:05.160]  例如他很需要的就是這個中介角色
[00:08:05.160 --> 00:08:07.360]  去同他們的神明
[00:08:07.360 --> 00:08:14.560]  可能一個農夫 譬如他遇到旱災的
[00:08:14.560 --> 00:08:18.960]  他很需要的就是這個中介的角色
[00:08:18.960 --> 00:08:23.960]  或者這個中介者能夠將他的渴望
[00:08:23.960 --> 00:08:29.360]  即是渴望能夠那位施與雨水
[00:08:29.360 --> 00:08:33.560]  或者是主宰繁殖的那一位神明
[00:08:33.560 --> 00:08:35.960]  能夠嫁入這個世界裏面
[00:08:35.960 --> 00:08:38.560]  這些就是邊緣群體需要的東西
[00:08:38.560 --> 00:08:42.360]  而當然當時的權力中心
[00:08:42.360 --> 00:08:46.160]  他亦都要認同譬如兩個國家打仗
[00:08:46.160 --> 00:08:49.760]  我這個國家應不應該出兵
[00:08:49.760 --> 00:08:53.360]  自然那些皇帝 那些君王
[00:08:53.360 --> 00:08:56.360]  就可能尋求這些中介的角色
[00:08:56.360 --> 00:08:59.960]  就去問究竟他應不應該打仗
[00:08:59.960 --> 00:09:02.160]  打仗會不會打得贏等等
[00:09:02.160 --> 00:09:06.160]  所以中介角色是以一個社會上的需要
[00:09:06.160 --> 00:09:09.760]  正正就是為什麼會存在
[00:09:10.760 --> 00:09:15.560]  成為一個中介角色其實是有什麼要求呢
[00:09:15.560 --> 00:09:19.960]  很簡單的 當然就是神明揀選
[00:09:19.960 --> 00:09:23.160]  神明揀選 並且剛才都講了
[00:09:23.160 --> 00:09:26.560]  有需要才會存在
[00:09:26.560 --> 00:09:28.960]  即是凡存在的東西都是有需要
[00:09:28.960 --> 00:09:30.560]  有需要才存在
[00:09:30.560 --> 00:09:33.560]  於是乎代表社會的認同
[00:09:33.560 --> 00:09:35.960]  正如剛才講的邊緣群體
[00:09:35.960 --> 00:09:43.160]  農夫很需要懂得下雨的神明去幫助他
[00:09:43.160 --> 00:09:47.560]  君王又很需要他們地域主導的神明
[00:09:47.560 --> 00:09:49.760]  去保佑他能夠打勝仗
[00:09:49.760 --> 00:09:52.160]  所以這個就是最基本的原則
[00:09:52.160 --> 00:09:55.960]  就是神明揀選了這些人做中介角色
[00:09:55.960 --> 00:10:00.360]  並且社會接受 社會認同他們的功能
[00:10:00.360 --> 00:10:03.360]  當然群體都要確認
[00:10:03.360 --> 00:10:06.160]  如果這個社會都不接受他們
[00:10:06.160 --> 00:10:07.960]  只有一兩個人接受
[00:10:07.960 --> 00:10:11.160]  他很快又會不見了
[00:10:11.160 --> 00:10:14.960]  同樣這些中介角色一定是有繼承的
[00:10:14.960 --> 00:10:18.160]  繼承就是說會有師父徒弟
[00:10:18.160 --> 00:10:21.560]  所以群體的確認
[00:10:21.560 --> 00:10:26.160]  提供一些場景他能夠受培訓
[00:10:26.160 --> 00:10:32.760]  以至其他的大眾都對他們的存在認同
[00:10:32.760 --> 00:10:39.560]  這個就是當時的中介角色的需要
[00:10:39.560 --> 00:10:43.560]  古近東的中介現象我們試試看
[00:10:43.560 --> 00:10:45.160]  既然今天我們講近東
[00:10:45.160 --> 00:10:47.960]  我們一定要回到古代近東
[00:10:47.960 --> 00:10:49.960]  究竟古代近東裏面
[00:10:49.960 --> 00:10:53.160]  怎樣去看這些中介的現象
[00:10:53.160 --> 00:10:57.960]  當然是有一些考古的證據
[00:10:57.960 --> 00:11:01.160]  其實在早前十八世紀的時候
[00:11:01.160 --> 00:11:06.360]  已經有發現有這些中介人物
[00:11:06.360 --> 00:11:08.560]  他們在馬里城
[00:11:08.560 --> 00:11:13.960]  馬里城就是在優法拉底河的上游的地方
[00:11:13.960 --> 00:11:17.360]  這個在馬里的社群裏面
[00:11:17.360 --> 00:11:22.960]  其實是出現了有這些先知或者這些中介者
[00:11:22.960 --> 00:11:27.360]  我們會發現從馬里城的遺址裏面
[00:11:27.360 --> 00:11:29.560]  我們找到一些籬笆
[00:11:29.560 --> 00:11:34.160]  裏面包括了很大量的一些先知的信件
[00:11:34.160 --> 00:11:35.960]  和先知的報告
[00:11:35.960 --> 00:11:38.760]  而其中一個最重要的
[00:11:38.760 --> 00:11:42.760]  我們就會說是先知和馬里的國王
[00:11:42.760 --> 00:11:47.360]  就是這個森尼林的一些溝通
[00:11:47.360 --> 00:11:51.360]  我們說是一些皇家的信件
[00:11:51.360 --> 00:11:55.160]  馬里先知其實做些什麼呢
[00:11:55.160 --> 00:11:59.960]  可能大家從來都沒有看過
[00:11:59.960 --> 00:12:03.160]  其實馬里城
[00:12:03.160 --> 00:12:06.760]  當時米索多達是其中一個地方
[00:12:06.760 --> 00:12:13.760]  他們的先知會根據他們得到啟示的方法
[00:12:13.760 --> 00:12:17.160]  來去自己畫做不同的分類
[00:12:17.160 --> 00:12:22.360]  正如你見到在當時的泥板裏面
[00:12:22.360 --> 00:12:27.760]  考古學家或者舊約的聖經研究的學者
[00:12:27.760 --> 00:12:31.560]  他們就會發現有幾種不同的
[00:12:31.560 --> 00:12:35.760]  好像先知人物的一些術語出現
[00:12:35.760 --> 00:12:38.960]  例如第一個阿拼倫
[00:12:38.960 --> 00:12:43.160]  阿拼倫理解就是一些懂得答話的人
[00:12:43.160 --> 00:12:46.360]  其實有一個意思就是懂得答話的人
[00:12:46.360 --> 00:12:49.160]  而另外第二個就是你會發現
[00:12:49.160 --> 00:12:52.360]  有一些是一些男性的妙技
[00:12:52.360 --> 00:12:58.360]  他都是在馬里裏面扮演一個宗教的角色
[00:12:58.360 --> 00:13:03.160]  然後有一些叫做低級的宗教人員
[00:13:03.160 --> 00:13:05.160]  這些低級的宗教人員
[00:13:05.160 --> 00:13:08.760]  他很多時候都會有一種和氣的狀態
[00:13:08.760 --> 00:13:12.160]  他很容易會引起若狂
[00:13:12.160 --> 00:13:14.760]  好像被令他感動
[00:13:14.760 --> 00:13:19.360]  他就會突然間有一些心目足度等等
[00:13:19.360 --> 00:13:21.360]  而在另外一些泥板裏面
[00:13:21.360 --> 00:13:25.760]  亦都會發現有一些宗教者是屬於占卜者
[00:13:25.760 --> 00:13:27.560]  即是幫人去占卜
[00:13:27.560 --> 00:13:30.960]  以及是做一些解釋預兆
[00:13:30.960 --> 00:13:32.760]  這個最容易明白
[00:13:32.760 --> 00:13:35.760]  即是我們放在今天的環境裏面
[00:13:35.760 --> 00:13:37.760]  就是那些解籤的人
[00:13:37.760 --> 00:13:40.760]  即是你去到廟堂裏面
[00:13:40.760 --> 00:13:43.760]  你求了支籤他就幫你解
[00:13:43.760 --> 00:13:46.760]  有些新年我們都會見到
[00:13:46.760 --> 00:13:52.760]  我們的政府官員都會去那些廟堂裏面求籤
[00:13:52.760 --> 00:13:53.760]  然後總會有一個人
[00:13:53.760 --> 00:13:56.760]  他對著那四五句的說話
[00:13:56.760 --> 00:13:59.760]  他就會告訴你這一點是怎樣
[00:13:59.760 --> 00:14:02.760]  這些就是他們解釋預兆的人
[00:14:02.760 --> 00:14:05.760]  所以其實這幾類的
[00:14:05.760 --> 00:14:10.760]  和先知好像或者我們叫宗教人物的術語
[00:14:10.760 --> 00:14:16.760]  在瑪利的泥板裏面是曾經出現過
[00:14:16.760 --> 00:14:21.760]  這些先知是被要求他們要去做占卜
[00:14:21.760 --> 00:14:24.760]  或者在宣講之後
[00:14:24.760 --> 00:14:27.760]  他們就要將自己的一段頭髮
[00:14:27.760 --> 00:14:32.760]  或者衣襟要拿出來
[00:14:32.760 --> 00:14:37.760]  譬如我宣講完或者占卜完
[00:14:37.760 --> 00:14:40.760]  我就要將自己的頭髮
[00:14:40.760 --> 00:14:45.760]  或者我將自己的衣襟給求籤的人
[00:14:45.760 --> 00:14:47.760]  或者找來占卜的人
[00:14:47.760 --> 00:14:53.760]  其實這些行動我們都會在瑪利的泥板裏面見到
[00:14:53.760 --> 00:14:57.760]  這些行為其實意味著占卜
[00:14:57.760 --> 00:15:00.760]  或者意味著預言
[00:15:00.760 --> 00:15:05.760]  在當時古代近東是一個很嚴肅的儀式
[00:15:05.760 --> 00:15:09.760]  占卜完或者他做了一些預言
[00:15:09.760 --> 00:15:13.760]  他一定要給自己身體上的某一些頭髮
[00:15:13.760 --> 00:15:16.760]  或者衣袖、衣領等等
[00:15:16.760 --> 00:15:23.760]  作為一個證明這個宗教者是真是可靠的
[00:15:23.760 --> 00:15:27.760]  用來證明他是可靠的
[00:15:27.760 --> 00:15:32.760]  這個就是我們從瑪利的泥板裏面
[00:15:32.760 --> 00:15:35.760]  我們大致知道現代古代近東
[00:15:35.760 --> 00:15:38.760]  真是有很多不同的宗教者
[00:15:38.760 --> 00:15:42.760]  他們在做一些預言也好
[00:15:42.760 --> 00:15:44.760]  占卜也好的事情
[00:15:44.760 --> 00:15:48.760]  究竟這些所謂的先知或者宗教者
[00:15:48.760 --> 00:15:51.760]  他們怎樣和神明溝通呢?
[00:15:51.760 --> 00:15:56.760]  最簡單就是剛才我說有一些是會附體的
[00:15:56.760 --> 00:16:01.760]  即是他會有一種狂喜的突然間
[00:16:01.760 --> 00:16:03.760]  有一種狂喜的狀態
[00:16:03.760 --> 00:16:05.760]  突然間他會引起若狂
[00:16:05.760 --> 00:16:07.760]  然後就亂說話
[00:16:07.760 --> 00:16:11.760]  這個就是其中一種溝通的模式
[00:16:11.760 --> 00:16:14.760]  而另外一種就是出竅的模式
[00:16:14.760 --> 00:16:18.760]  即是突然間離開了身體
[00:16:18.760 --> 00:16:23.760]  然後從神明裏面得到一些說話
[00:16:23.760 --> 00:16:27.760]  最後就是透過一些占卜的技巧
[00:16:27.760 --> 00:16:31.760]  就可以作為他們溝通
[00:16:31.760 --> 00:16:34.760]  即是神界和人界溝通的方法
[00:16:34.760 --> 00:16:39.760]  你見到我在這裏就引用了一段
[00:16:39.760 --> 00:16:43.760]  其實是瑪利泥板的文字
[00:16:43.760 --> 00:16:46.760]  瑪利泥板的文字裏面大約就是這樣說
[00:16:46.760 --> 00:16:49.760]  你的女僕雪姑
[00:16:49.760 --> 00:16:52.760]  這個其實就是王的妻子
[00:16:52.760 --> 00:16:57.760]  向我主說話即是奴婆
[00:16:57.760 --> 00:16:59.760]  就是那個森利諾
[00:16:59.760 --> 00:17:03.760]  剛才說的那個森利諾的那個人
[00:17:03.760 --> 00:17:05.760]  所以現在她的妻子
[00:17:05.760 --> 00:17:09.760]  就向她的丈夫那個君王說話
[00:17:09.760 --> 00:17:10.760]  就說什麼呢
[00:17:10.760 --> 00:17:14.760]  就說給這個森利諾這個瑪利王聽
[00:17:14.760 --> 00:17:17.760]  其實皇宮是安全的
[00:17:17.760 --> 00:17:19.760]  因為本月三日
[00:17:19.760 --> 00:17:22.760]  他就在一個神明
[00:17:22.760 --> 00:17:26.760]  這個神明就叫做Ancient Kingdom
[00:17:26.760 --> 00:17:29.760]  這個神明的神廟裏面
[00:17:29.760 --> 00:17:32.760]  那個先知Serebun
[00:17:32.760 --> 00:17:34.760]  這個先知的名字
[00:17:34.760 --> 00:17:35.760]  他就出竅
[00:17:35.760 --> 00:17:37.760]  即是現在就說
[00:17:37.760 --> 00:17:40.760]  這個女王或者妻子
[00:17:40.760 --> 00:17:42.760]  就為自己的丈夫
[00:17:42.760 --> 00:17:45.760]  即是那個森利諾去求問先知
[00:17:45.760 --> 00:17:48.760]  而這個先知就是那個神明
[00:17:48.760 --> 00:17:51.760]  在那個神廟裏面出竅
[00:17:51.760 --> 00:17:52.760]  跟著就說
[00:17:52.760 --> 00:17:57.760]  這個神明就對先知說
[00:17:57.760 --> 00:18:01.760]  Serebun 即是那個森利諾的王
[00:18:01.760 --> 00:18:06.760]  他們其實他們以叛亂事業來
[00:18:06.760 --> 00:18:09.760]  即是說那些反叛者
[00:18:09.760 --> 00:18:12.760]  只要你小心謹慎
[00:18:12.760 --> 00:18:16.760]  謹看你所愛的僕人和主管
[00:18:16.760 --> 00:18:18.760]  與他們在一起
[00:18:18.760 --> 00:18:20.760]  讓他們保護你
[00:18:20.760 --> 00:18:22.760]  不要獨自往來
[00:18:22.760 --> 00:18:25.760]  而那些要試驗你的人
[00:18:25.760 --> 00:18:26.760]  這個神明就說
[00:18:26.760 --> 00:18:30.760]  我就會把他們鑑在你手裏
[00:18:30.760 --> 00:18:34.760]  跟著現在就要把祭壇
[00:18:34.760 --> 00:18:36.760]  禮者的頭髮
[00:18:36.760 --> 00:18:39.760]  和他們的衣襟衣褜
[00:18:39.760 --> 00:18:41.760]  就交給你了
[00:18:41.760 --> 00:18:42.760]  即是剛才說了
[00:18:42.760 --> 00:18:44.760]  為甚麼會給你頭髮
[00:18:44.760 --> 00:18:47.760]  證明這個是那個忠誡者
[00:18:47.760 --> 00:18:48.760]  真是這樣說的
[00:18:48.760 --> 00:18:51.760]  但當時無法驗DNA
[00:18:51.760 --> 00:18:56.760]  但這些頭髮其實是一個印證
[00:18:56.760 --> 00:18:59.760]  這個真是出自那位先知
[00:18:59.760 --> 00:19:00.760]  所以你看到
[00:19:00.760 --> 00:19:03.760]  其實當時瑪利的泥板
[00:19:03.760 --> 00:19:11.760]  確實是有這種為君王去尋問
[00:19:11.760 --> 00:19:14.760]  或者占卜的一些方法
[00:19:14.760 --> 00:19:21.760]  而這次先知就用了除妖的方法
[00:19:21.760 --> 00:19:25.760]  當然有更多泥板的證據
[00:19:25.760 --> 00:19:31.760]  告訴我們其實那些古代近東的忠誡者
[00:19:31.760 --> 00:19:33.760]  是怎樣做占卜的
[00:19:33.760 --> 00:19:35.760]  所以我們來看看
[00:19:39.760 --> 00:19:41.760]  這些占卜就是
[00:19:41.760 --> 00:19:47.760]  首先他會借用動物的內臟
[00:19:47.760 --> 00:19:48.760]  動物的內臟
[00:19:48.760 --> 00:19:50.760]  你看到這裡有一幅圖
[00:19:50.760 --> 00:19:52.760]  雖然它不是古代近東的一幅圖
[00:19:52.760 --> 00:19:55.760]  但原來在古代意大利的裏面
[00:19:55.760 --> 00:19:59.760]  都有一些用肝臟
[00:19:59.760 --> 00:20:02.760]  或者用動物的內臟來做占卜
[00:20:02.760 --> 00:20:05.760]  而占卜其實就是
[00:20:05.760 --> 00:20:07.760]  可能他殺了一隻羊
[00:20:07.760 --> 00:20:08.760]  殺了一隻牛
[00:20:08.760 --> 00:20:10.760]  他就看肝臟
[00:20:10.760 --> 00:20:16.760]  然後他就看血管的形狀
[00:20:16.760 --> 00:20:20.760]  可能形狀是米字形的
[00:20:20.760 --> 00:20:23.760]  就是吉,就是好消息
[00:20:23.760 --> 00:20:30.760]  可能肝臟和血管的形狀是另一個壞消息
[00:20:30.760 --> 00:20:34.760]  所以就是透過動物的內臟
[00:20:34.760 --> 00:20:40.760]  來判斷一個人的命運好與壞
[00:20:40.760 --> 00:20:43.760]  其實《聖經》有提過這件事
[00:20:43.760 --> 00:20:45.760]  我不知道大家知不知道
[00:20:45.760 --> 00:20:48.760]  不過一會兒我會和大家去看那段影片
[00:20:48.760 --> 00:20:50.760]  另外一樣東西是很有趣的
[00:20:50.760 --> 00:20:54.760]  就是他會透過一些我們叫做異常的出生
[00:20:54.760 --> 00:20:57.760]  即是一個嬰兒的出世
[00:20:57.760 --> 00:21:03.760]  他可能都是呈現了一個吉兆或者空兆
[00:21:03.760 --> 00:21:08.760]  例如在這些瑪利黎版裏面
[00:21:08.760 --> 00:21:15.760]  他說若果初生的嬰孩他沒有了右邊的耳朵
[00:21:15.760 --> 00:21:19.760]  國王的統治就會重結了
[00:21:19.760 --> 00:21:21.760]  就會滅亡了
[00:21:21.760 --> 00:21:27.760]  若果出世的時候沒有了左邊的耳朵
[00:21:27.760 --> 00:21:33.760]  代表神明就會垂聽君王的同報
[00:21:33.760 --> 00:21:36.760]  這個就是當時瑪利的
[00:21:36.760 --> 00:21:40.760]  當然我們可能覺得這些很匪夷所思
[00:21:40.760 --> 00:21:43.760]  或者在我們今天的世界裏面不會出現的
[00:21:43.760 --> 00:21:47.760]  不過這些確實是當時古吉東裏面
[00:21:47.760 --> 00:21:50.760]  有出現過的一些證據
[00:21:50.760 --> 00:21:53.760]  而另一樣東西就是可能透過隨便的事件
[00:21:53.760 --> 00:21:55.760]  或者透過夢境
[00:21:55.760 --> 00:21:59.760]  一會兒都會和大家分享一下夢境
[00:21:59.760 --> 00:22:02.760]  然後有另外一個就是他們有一個方法
[00:22:02.760 --> 00:22:07.760]  就是如果石頭掉了進水和油裏面
[00:22:07.760 --> 00:22:09.760]  你看水和油的反應
[00:22:09.760 --> 00:22:12.760]  你又可以得出一個結局
[00:22:12.760 --> 00:22:14.760]  例如在這裏說
[00:22:14.760 --> 00:22:17.760]  如果我將油直接倒進水裏面
[00:22:17.760 --> 00:22:20.760]  而油是會分成兩部分的
[00:22:20.760 --> 00:22:25.760]  那就代表那個病人就會死了
[00:22:25.760 --> 00:22:28.760]  這些就是一些占卜的技巧
[00:22:28.760 --> 00:22:36.760]  你不要覺得我們今天不會這麼荒謬
[00:22:36.760 --> 00:22:39.760]  其實這些占卜的技巧
[00:22:39.760 --> 00:22:43.760]  你可以將它看成一個統計學
[00:22:43.760 --> 00:22:46.760]  其實我們今天只未抖數
[00:22:46.760 --> 00:22:52.760]  我們今天風水其實它都是可能
[00:22:52.760 --> 00:22:54.760]  或者易經那些
[00:22:54.760 --> 00:22:58.760]  其實它都是因為古代留了很多
[00:22:58.760 --> 00:23:02.760]  這件事那顆星走到哪個位
[00:23:02.760 --> 00:23:04.760]  就發生了某一件大事
[00:23:04.760 --> 00:23:10.760]  然後它將這些事情好像放在一個文件裏面
[00:23:10.760 --> 00:23:16.760]  然後到我們現在後世摸起一個指南針
[00:23:16.760 --> 00:23:18.760]  指到哪個方向
[00:23:18.760 --> 00:23:20.760]  然後去查
[00:23:20.760 --> 00:23:22.760]  就是這樣解釋
[00:23:22.760 --> 00:23:25.760]  即是今年香港有沒有運
[00:23:25.760 --> 00:23:26.760]  你明白嗎
[00:23:26.760 --> 00:23:28.760]  其實古今都有的東西
[00:23:28.760 --> 00:23:29.760]  今天我們都有
[00:23:29.760 --> 00:23:32.760]  不過你今天不覺得只未抖數
[00:23:32.760 --> 00:23:37.760]  或者你不覺得風水是在做這些圖估
[00:23:37.760 --> 00:23:41.760]  你現在可能心裏面在笑古今的人
[00:23:41.760 --> 00:23:43.760]  這麼愚昧做這些
[00:23:43.760 --> 00:23:47.760]  其實今天我們說我們很多年的歷史
[00:23:47.760 --> 00:23:52.760]  所留下來的這些傳統的文化
[00:23:52.760 --> 00:23:54.760]  其實都是在做這些東西
[00:23:54.760 --> 00:23:58.760]  然後我們就去解一下夢
[00:23:58.760 --> 00:24:00.760]  解一下夢
[00:24:00.760 --> 00:24:04.760]  因為除了占卜技巧裏面
[00:24:04.760 --> 00:24:07.760]  都有時候要換夢境
[00:24:07.760 --> 00:24:13.760]  學者就從古近東一些阿卡德的文獻
[00:24:13.760 --> 00:24:15.760]  即是Akkadian的文獻
[00:24:15.760 --> 00:24:19.760]  他們就整理了有63個
[00:24:19.760 --> 00:24:23.760]  即是關於米沙不達米亞的一些預兆
[00:24:23.760 --> 00:24:27.760]  很感恩我能夠在忠臣的圖書館裏面
[00:24:27.760 --> 00:24:34.760]  有書是實學研究或者舊約研究會研究這些
[00:24:34.760 --> 00:24:37.760]  所以忠臣的圖書館就有幾本書
[00:24:37.760 --> 00:24:42.760]  是講述這些米沙不達米的預兆
[00:24:42.760 --> 00:24:45.760]  我就找了出來和大家分享
[00:24:45.760 --> 00:24:49.760]  這些預兆是來自阿卡德的一些文獻
[00:24:49.760 --> 00:24:52.760]  裏面就說如果一個人
[00:24:52.760 --> 00:24:55.760]  他在夢裏面見到自己
[00:24:55.760 --> 00:24:57.760]  我們今日發夢時間
[00:24:57.760 --> 00:24:59.760]  總會發夢的
[00:24:59.760 --> 00:25:02.760]  如果你問一些心理學家
[00:25:02.760 --> 00:25:04.760]  發夢是很正常的
[00:25:04.760 --> 00:25:09.760]  但在古代近東他們會這樣去做統計
[00:25:09.760 --> 00:25:15.760]  他就說如果你發夢見到自己在吃龍肉
[00:25:15.760 --> 00:25:16.760]  是代表甚麼呢
[00:25:16.760 --> 00:25:18.760]  是吉兆來的
[00:25:18.760 --> 00:25:19.760]  是好的
[00:25:19.760 --> 00:25:22.760]  意思是意味著你會升職
[00:25:22.760 --> 00:25:24.760]  意味著你會升職
[00:25:24.760 --> 00:25:26.760]  今晚你發夢發到龍肉
[00:25:26.760 --> 00:25:28.760]  你不要說我說你會升職
[00:25:28.760 --> 00:25:30.760]  我說這個是古近東
[00:25:30.760 --> 00:25:32.760]  不是說今日
[00:25:32.760 --> 00:25:34.760]  我不相信這些
[00:25:34.760 --> 00:25:38.760]  如果你吃了鱷魚的肉
[00:25:38.760 --> 00:25:40.760]  也是好的
[00:25:40.760 --> 00:25:42.760]  也是吉兆來的
[00:25:42.760 --> 00:25:43.760]  意味著甚麼呢
[00:25:43.760 --> 00:25:49.760]  意味著你靠官員的財產就可以過
[00:25:49.760 --> 00:25:53.760]  所以你見到其實他們是做了很多數據的
[00:25:53.760 --> 00:25:56.760]  或者收集了很多
[00:25:56.760 --> 00:25:59.760]  原來可能十個人發夢
[00:25:59.760 --> 00:26:01.760]  發到自己吃龍肉
[00:26:01.760 --> 00:26:03.760]  個個都是好的
[00:26:03.760 --> 00:26:05.760]  他們就記下了
[00:26:05.760 --> 00:26:10.760]  然後後來的占卜者就根據這些數據
[00:26:10.760 --> 00:26:14.760]  根據這些數據去判斷他是吉還是兇
[00:26:14.760 --> 00:26:20.760]  不過如果你吃了一條切片的鱷魚
[00:26:20.760 --> 00:26:23.760]  就代表不好
[00:26:23.760 --> 00:26:24.760]  怎樣不好呢
[00:26:24.760 --> 00:26:26.760]  你會被鱷魚攻擊
[00:26:26.760 --> 00:26:29.760]  他告訴你你會被鱷魚攻擊
[00:26:29.760 --> 00:26:32.760]  又或者你在鏡裏面
[00:26:32.760 --> 00:26:35.760]  你見到自己的臉
[00:26:35.760 --> 00:26:37.760]  原來也不好
[00:26:37.760 --> 00:26:38.760]  原來也不好
[00:26:38.760 --> 00:26:41.760]  因為意味著你有另外一個妻子
[00:26:41.760 --> 00:26:43.760]  你有另外一個妻子
[00:26:43.760 --> 00:26:44.760]  是不好的
[00:26:44.760 --> 00:26:48.760]  所以其實當時你的中介者
[00:26:48.760 --> 00:26:51.760]  或者我們簡稱做先知
[00:26:51.760 --> 00:26:55.760]  就記錄了各樣觀察的跡象
[00:26:55.760 --> 00:26:59.760]  因此這些跡象就成為了
[00:26:59.760 --> 00:27:04.760]  占卜從業員的一項資源
[00:27:04.760 --> 00:27:07.760]  即是說今天我們很簡單
[00:27:07.760 --> 00:27:10.760]  你想想今天我們解說的那些人
[00:27:10.760 --> 00:27:12.760]  他就告訴你
[00:27:12.760 --> 00:27:16.760]  其實他經常都說我依書直傳
[00:27:16.760 --> 00:27:18.760]  這本書是哪裏來的
[00:27:18.760 --> 00:27:21.760]  就是這些透過以前的人觀察
[00:27:21.760 --> 00:27:24.760]  然後他做了一些記錄
[00:27:24.760 --> 00:27:28.760]  這些就是當時胡錦濱的先知
[00:27:28.760 --> 00:27:30.760]  他們的或者中介者
[00:27:30.760 --> 00:27:33.760]  他們平常做的事
[00:27:33.760 --> 00:27:35.760]  這裏可以嗎
[00:27:35.760 --> 00:27:39.760]  如果可以我們就去看看
[00:27:39.760 --> 00:27:47.760]  其實聖經都是會有提及一個
[00:27:47.760 --> 00:27:52.760]  提及一些中介的文化
[00:27:52.760 --> 00:27:54.760]  我剛才說過
[00:27:54.760 --> 00:27:57.760]  譬如教鬼這些文化
[00:27:57.760 --> 00:28:00.760]  如果我們看《生命記》第十八章
[00:28:00.760 --> 00:28:02.760]  《生命記》第十八章今天經常說的
[00:28:02.760 --> 00:28:06.760]  不過我先說了《生命記》第十八章十至十一節
[00:28:06.760 --> 00:28:11.760]  我們今天當然是用《環球聖經》譯本的經文
[00:28:11.760 --> 00:28:13.760]  所以那段經文就是
[00:28:13.760 --> 00:28:19.760]  在你當中不可有人讓自己的兒女在火中經過
[00:28:19.760 --> 00:28:24.760]  也不可由占卜師、算卦師、卜算師、
[00:28:24.760 --> 00:28:30.760]  巫師、念咒師、召鬼師、招魂師、求魂死人者
[00:28:30.760 --> 00:28:36.760]  我們通常看《生命記》我們都當是一些律法來看
[00:28:36.760 --> 00:28:40.760]  但是為什麼要定這些律法呢
[00:28:40.760 --> 00:28:42.760]  你要問一個問題
[00:28:42.760 --> 00:28:45.760]  就是因為有這些事情出現
[00:28:45.760 --> 00:28:49.760]  所以你會從《生命記》第十八章裏面知道
[00:28:49.760 --> 00:28:52.760]  原來當時以色列人
[00:28:52.760 --> 00:29:01.760]  他們都會接觸到占卜師、巫師、招魂師等等
[00:29:01.760 --> 00:29:05.760]  當然律法叫你不可以
[00:29:05.760 --> 00:29:07.760]  不過我們認識的數羅王
[00:29:07.760 --> 00:29:11.760]  他曾經在《撒姆爾記》上的經文裏面
[00:29:11.760 --> 00:29:18.760]  他嘗試去招撒姆爾的亡魂
[00:29:18.760 --> 00:29:23.760]  當時因為他知道神不聽他的禱告
[00:29:23.760 --> 00:29:25.760]  好像沒有回應他
[00:29:25.760 --> 00:29:29.760]  於是他就去了忍多爾這個地方找一個婦人
[00:29:29.760 --> 00:29:35.760]  那個婦人就為他招魂招了撒姆爾上來
[00:29:35.760 --> 00:29:43.760]  所以其實聖經是有提及過這些古今中的占卜文化
[00:29:43.760 --> 00:29:47.760]  我們繼續看
[00:29:47.760 --> 00:29:52.760]  在耶利米書二十七章第九節
[00:29:52.760 --> 00:29:57.760]  都有記載過一些占卜、觀星像的事情
[00:29:57.760 --> 00:30:02.760]  當時耶利米書二十七章在說什麼呢?
[00:30:02.760 --> 00:30:06.760]  就是在說耶利米附了一個額
[00:30:06.760 --> 00:30:09.760]  他用了一種象徵的行為
[00:30:09.760 --> 00:30:17.760]  去表達猶大他們要受到巴比倫的管治
[00:30:17.760 --> 00:30:20.760]  所以耶利米就附了一個額
[00:30:20.760 --> 00:30:22.760]  然後他就將這些木額
[00:30:22.760 --> 00:30:28.760]  透過不同國家的使者送到以東王那裏
[00:30:28.760 --> 00:30:31.760]  送到摩亞王、亞安王
[00:30:31.760 --> 00:30:35.760]  送到推羅王、西頓王那裏
[00:30:35.760 --> 00:30:38.760]  其實就是宣告告訴這些王
[00:30:38.760 --> 00:30:41.760]  他們一定要服從巴比倫王
[00:30:41.760 --> 00:30:44.760]  他們一定要背負巴比倫王的額
[00:30:44.760 --> 00:30:49.760]  然後耶利米先知就說了二十七章第九節這句話
[00:30:49.760 --> 00:30:54.760]  他就說至於你們不可聽從你們的先知
[00:30:54.760 --> 00:30:59.760]  即是叫以東王、摩亞王、亞安王、推羅王、西頓王
[00:30:59.760 --> 00:31:01.760]  你們不要聽你們的先知
[00:31:01.760 --> 00:31:03.760]  不要聽你們的占卜師
[00:31:03.760 --> 00:31:07.760]  不要聽那些造夢師、算卦師和巫師
[00:31:07.760 --> 00:31:10.760]  他們一定告訴你們
[00:31:10.760 --> 00:31:13.760]  你們必不會服從巴比倫王
[00:31:13.760 --> 00:31:19.760]  所以這些國家的各自的宗教者就跟他們的王說
[00:31:19.760 --> 00:31:24.760]  你們不會臣服在巴比倫王的巴比倫帝國底下
[00:31:24.760 --> 00:31:26.760]  不過耶利米先知
[00:31:26.760 --> 00:31:29.760]  我們知道耶利米書第一章告訴我們
[00:31:29.760 --> 00:31:32.760]  耶利米是作列國的先知
[00:31:32.760 --> 00:31:37.760]  於是耶利米就宣告
[00:31:37.760 --> 00:31:42.760]  其實你們如果不想加破人國
[00:31:42.760 --> 00:31:45.760]  你們就要服從巴比倫王
[00:31:45.760 --> 00:31:48.760]  這個就是耶利米書
[00:31:48.760 --> 00:31:51.760]  而另外一個就是以西傑書
[00:31:51.760 --> 00:31:53.760]  這一段就是我剛才說
[00:31:53.760 --> 00:31:55.760]  其實聖經裡面就記載了
[00:31:55.760 --> 00:31:59.760]  有用動物的內臟來占卜
[00:31:59.760 --> 00:32:01.760]  當然不是以西傑先知做
[00:32:01.760 --> 00:32:05.760]  以西傑當時其實就是在說
[00:32:05.760 --> 00:32:11.760]  巴比倫王正準備去圍攻耶路撒冷
[00:32:11.760 --> 00:32:14.760]  不過在圍攻耶路撒冷之前
[00:32:14.760 --> 00:32:16.760]  巴比倫王有選擇
[00:32:16.760 --> 00:32:24.760]  其實他可以去攻打的就是阿滿的地方
[00:32:24.760 --> 00:32:29.760]  或者阿滿的一個城市首都叫拉巴
[00:32:29.760 --> 00:32:35.760]  然後他也可以攻打猶大的耶路撒冷
[00:32:35.760 --> 00:32:37.760]  所以經文就說
[00:32:37.760 --> 00:32:41.760]  因為巴比倫王站在分岔路口
[00:32:41.760 --> 00:32:44.760]  在兩條路口上占卜
[00:32:44.760 --> 00:32:45.760]  繞遷
[00:32:45.760 --> 00:32:47.760]  求問神像
[00:32:47.760 --> 00:32:50.760]  察看動物的肝
[00:32:50.760 --> 00:32:59.760]  結果就判別了他要首先攻打耶路撒冷
[00:32:59.760 --> 00:33:03.760]  這個就是以西傑書第21章的記載
[00:33:03.760 --> 00:33:08.760]  有興趣的話當然可以去參考以西傑書
[00:33:08.760 --> 00:33:15.760]  既然你發現原來聖經都有記載過
[00:33:15.760 --> 00:33:22.760]  古代近東占卜或中介者的一些行為的時候
[00:33:22.760 --> 00:33:24.760]  我們就會問
[00:33:24.760 --> 00:33:29.760]  從古代近東的占卜文化現象來看
[00:33:29.760 --> 00:33:33.760]  其實以色列人中間有先知
[00:33:33.760 --> 00:33:35.760]  確實是絕對不出奇
[00:33:35.760 --> 00:33:38.760]  我們當自己是很無知
[00:33:38.760 --> 00:33:41.760]  或者我從來沒有看過先知書
[00:33:41.760 --> 00:33:43.760]  我不知道聖經原來有先知
[00:33:43.760 --> 00:33:45.760]  但是我剛才講了這麼久
[00:33:45.760 --> 00:33:46.760]  我告訴你
[00:33:46.760 --> 00:33:49.760]  古代近東是有這些中介者的
[00:33:49.760 --> 00:33:54.760]  你知道以色列猶大就是古代近東的一個地方
[00:33:54.760 --> 00:33:59.760]  既然周圍世界都有一些求神文卜占卜的事情
[00:33:59.760 --> 00:34:05.760]  好像以色列應該都會有一些先知的出現
[00:34:05.760 --> 00:34:06.760]  這絕對不出奇
[00:34:06.760 --> 00:34:13.760]  因為這是代表在同一個文化背景裏面的女童
[00:34:13.760 --> 00:34:21.760]  如果我們這樣看的時候
[00:34:21.760 --> 00:34:27.760]  聖經裏面或者以色列猶大裏面的先知制度是怎樣確立
[00:34:27.760 --> 00:34:32.760]  我們又是回到我剛才講的經文
[00:34:32.760 --> 00:34:34.760]  就是《生命記》第十八章
[00:34:34.760 --> 00:34:38.760]  神上主在《生命記》第十八章第九節
[00:34:38.760 --> 00:34:53.760]  強調了其實占卜、觀笑等等的行為是神所珍惡的
[00:34:53.760 --> 00:34:58.760]  所以如果《生命記》第十八章講到明
[00:34:58.760 --> 00:35:01.760]  這些占卜、觀笑的事情是神所珍惡
[00:35:01.760 --> 00:35:06.760]  那怎樣不去行這些古人通的占卜文化
[00:35:06.760 --> 00:35:10.760]  但是又能夠和上主去溝通呢?
[00:35:10.760 --> 00:35:15.760]  即是怎樣不和這些占卜文化又能夠和上主去溝通呢?
[00:35:15.760 --> 00:35:18.760]  這個就是《生命記》裏面的描述
[00:35:18.760 --> 00:35:23.760]  《生命記》第十八章第十五節就說
[00:35:23.760 --> 00:35:31.760]  耶穌說你的神要從你第二天中給你興起一位先知像我
[00:35:31.760 --> 00:35:33.760]  你們要聽他
[00:35:33.760 --> 00:35:38.760]  當然這個就是在講興起一位先知像摩西
[00:35:38.760 --> 00:35:48.760]  英文就是The Lord your God will raise up for you a prophet like me
[00:35:48.760 --> 00:35:50.760]  from a man like you
[00:35:50.760 --> 00:35:52.760]  即是好像摩西一樣
[00:35:52.760 --> 00:35:55.760]  不過這裏我需要講
[00:35:55.760 --> 00:36:00.760]  其實在翻譯上這句經文是沒有譯錯的
[00:36:00.760 --> 00:36:03.760]  無論中文還是英文都沒有譯錯
[00:36:03.760 --> 00:36:07.760]  不過如果大家有接觸過或者有少少學過
[00:36:07.760 --> 00:36:10.760]  希伯來文的背景的時候
[00:36:10.760 --> 00:36:15.760]  你知道希伯來文是有定會詞的
[00:36:15.760 --> 00:36:17.760]  即是有definite article的
[00:36:17.760 --> 00:36:24.760]  如果我們用英文的話 希伯來文是有feature的
[00:36:24.760 --> 00:36:29.760]  但希伯來文是沒有不定會詞的
[00:36:29.760 --> 00:36:32.760]  即是沒有non-definite article
[00:36:32.760 --> 00:36:35.760]  即是沒有a和沒有n的
[00:36:35.760 --> 00:36:43.760]  原本《生命記》第十八章第十五節裏講的那位先知
[00:36:43.760 --> 00:36:45.760]  即是一位先知
[00:36:45.760 --> 00:36:47.760]  其實中文譯本都好
[00:36:47.760 --> 00:36:51.760]  因為這個先知前面是沒有定會詞的
[00:36:51.760 --> 00:36:53.760]  即是沒有definite字
[00:36:53.760 --> 00:36:58.760]  所以中文譯本或者英文簡單些
[00:36:58.760 --> 00:37:02.760]  即是會加個a和prophet
[00:37:02.760 --> 00:37:09.760]  而中文譯本為了表達它是一個不定會詞的概念
[00:37:09.760 --> 00:37:14.760]  所以中文譯本大部份都翻譯成一位先知
[00:37:14.760 --> 00:37:24.760]  但其實我要講既然希伯來文是沒有不定會詞
[00:37:24.760 --> 00:37:30.760]  我們不一定要好像英文那樣加一個不定會詞
[00:37:30.760 --> 00:37:34.760]  即是我不一定要加個a或者加個n
[00:37:34.760 --> 00:37:40.760]  在翻譯上我們不需要將它翻譯成一位先知
[00:37:40.760 --> 00:37:44.760]  其實好多時譬如你在創世紀
[00:37:44.760 --> 00:37:48.760]  一些實創造某棵樹
[00:37:48.760 --> 00:37:50.760]  創造某一些草
[00:37:50.760 --> 00:37:53.760]  它都是用了不定會詞的
[00:37:53.760 --> 00:37:56.760]  你不會說實創造一棵樹一棵草
[00:37:56.760 --> 00:38:00.760]  所以其實這個先知這個字一翻譯
[00:38:00.760 --> 00:38:03.760]  我們可以理解為一個集體的名詞
[00:38:03.760 --> 00:38:05.760]  知道甚麼是集體的名詞
[00:38:05.760 --> 00:38:07.760]  即是Collective Line
[00:38:07.760 --> 00:38:10.760]  所以如果我們理解耶和華的神主
[00:38:10.760 --> 00:38:14.760]  從你的底中給你編起先知像我
[00:38:14.760 --> 00:38:19.760]  是講一群或者一個集體的名詞
[00:38:19.760 --> 00:38:23.760]  於是這個先知我們就可以理解不是一位
[00:38:23.760 --> 00:38:26.760]  而是一班
[00:38:26.760 --> 00:38:30.760]  於是它就是一班先知的制度
[00:38:30.760 --> 00:38:32.760]  講一個先知的制度
[00:38:32.760 --> 00:38:35.760]  所以其實先知制度的確立
[00:38:35.760 --> 00:38:40.760]  就是從生命紀第十八章這段經文
[00:38:40.760 --> 00:38:44.760]  即是神告訴以色列聽
[00:38:44.760 --> 00:38:46.760]  即是摩西死了之後
[00:38:46.760 --> 00:38:50.760]  神會興起另外的先知
[00:38:50.760 --> 00:38:53.760]  所以一代一代就有先知
[00:38:53.760 --> 00:38:55.760]  一代一代有先知
[00:38:55.760 --> 00:38:58.760]  這個就是先知的制度
[00:38:58.760 --> 00:39:00.760]  當然先知有制度
[00:39:00.760 --> 00:39:04.760]  先知自然就會有他自己的作品
[00:39:04.760 --> 00:39:08.760]  但既然生命紀第十八章同樣都講
[00:39:08.760 --> 00:39:10.760]  是不可以問卜
[00:39:10.760 --> 00:39:13.760]  所以你會發現其實
[00:39:13.760 --> 00:39:17.760]  以色列或者聖經裏面的先知是做甚麼的
[00:39:17.760 --> 00:39:23.760]  他們其實通常就是指責社會上的道德敗壞
[00:39:23.760 --> 00:39:27.760]  他會呼籲人去悔改
[00:39:27.760 --> 00:39:33.760]  很明顯你從聖經裏面看到的這些先知
[00:39:33.760 --> 00:39:35.760]  他不會做錢卜的
[00:39:35.760 --> 00:39:37.760]  他不會觀星的
[00:39:37.760 --> 00:39:41.760]  他們很明顯就是和古晉都
[00:39:41.760 --> 00:39:44.760]  我剛才介紹的那些先知
[00:39:44.760 --> 00:39:48.760]  在職能上是很有明顯的
[00:39:48.760 --> 00:39:51.760]  這個大家明白了
[00:39:51.760 --> 00:39:55.760]  其實先知是怎樣來的呢
[00:39:55.760 --> 00:40:00.760]  一定就是仍然在生命紀第十八章裏面講的東西
[00:40:03.760 --> 00:40:08.760]  當然就是在摩西在西來的時候
[00:40:08.760 --> 00:40:13.760]  在生命紀第十八章就回顧摩西在西來的時候
[00:40:13.760 --> 00:40:15.760]  十八章十六節就說
[00:40:15.760 --> 00:40:19.760]  正如你再何列集會那天
[00:40:19.760 --> 00:40:22.760]  向耶和華你的神所求的一切算
[00:40:22.760 --> 00:40:26.760]  如我不再聽見耶和華我神的聲音
[00:40:26.760 --> 00:40:29.760]  不再看見就大放免得我承諾
[00:40:29.760 --> 00:40:33.760]  你不要以為耀神不是這個意思
[00:40:33.760 --> 00:40:36.760]  而是你知道當時在西來山的
[00:40:36.760 --> 00:40:38.760]  或者在何列山的山腳
[00:40:38.760 --> 00:40:40.760]  以色列人是怎樣
[00:40:40.760 --> 00:40:45.760]  看到有火地動山搖去怎樣
[00:40:45.760 --> 00:40:47.760]  很害怕
[00:40:47.760 --> 00:40:49.760]  所以他們很害怕
[00:40:49.760 --> 00:40:52.760]  我可不可以不走去那個山那裏
[00:40:52.760 --> 00:40:54.760]  於是佛神說
[00:40:54.760 --> 00:41:00.760]  對了你當年就是說我們不想聽到耶和華神的聲音
[00:41:00.760 --> 00:41:03.760]  不想見到這些大火
[00:41:03.760 --> 00:41:06.760]  所以耶和華就感覺對摩西說
[00:41:06.760 --> 00:41:09.760]  他們說的很好
[00:41:09.760 --> 00:41:14.760]  我就要從他們弟兄當中給他們興起
[00:41:14.760 --> 00:41:17.760]  先知當然我剛才解釋了
[00:41:17.760 --> 00:41:20.760]  興起先知像你一樣
[00:41:20.760 --> 00:41:23.760]  我要把我的話放在他口裏
[00:41:23.760 --> 00:41:27.760]  他要把我吩咐他一切告訴他們
[00:41:27.760 --> 00:41:30.760]  很不同的弟兄姊妹我們留意
[00:41:30.760 --> 00:41:32.760]  占卜是怎樣
[00:41:32.760 --> 00:41:37.760]  我想知神明有什麼啟示
[00:41:37.760 --> 00:41:40.760]  上主說什麼
[00:41:40.760 --> 00:41:42.760]  是我告訴你的
[00:41:42.760 --> 00:41:45.760]  方向是不同的
[00:41:45.760 --> 00:41:49.760]  這個就是近東先知和聖經裏面說的先知
[00:41:49.760 --> 00:41:51.760]  其中一個的分別
[00:41:51.760 --> 00:41:54.760]  不是你去問神
[00:41:54.760 --> 00:41:57.760]  不是你去占卜去尋問
[00:41:57.760 --> 00:42:04.760]  是神透過先知將我吩咐他的一切說話告訴你
[00:42:04.760 --> 00:42:07.760]  所以先知的制度何時出現
[00:42:07.760 --> 00:42:09.760]  或者先知怎樣出現
[00:42:09.760 --> 00:42:15.760]  就是神和以色列人在西奈納約的時候就出現
[00:42:15.760 --> 00:42:18.760]  而先知主要是做什麼
[00:42:18.760 --> 00:42:25.760]  就是傳遞納約的神他所發出的信息
[00:42:25.760 --> 00:42:27.760]  明白嗎
[00:42:27.760 --> 00:42:30.760]  於是乎我們就看看
[00:42:30.760 --> 00:42:35.760]  有少少的失去意義
[00:42:35.760 --> 00:42:37.760]  我們剛才說了這麼久
[00:42:37.760 --> 00:42:39.760]  近東的先知是怎樣
[00:42:39.760 --> 00:42:43.760]  近東的先知就是無論是神諭
[00:42:43.760 --> 00:42:48.760]  神諭就是Oracle就是神說的話記下了
[00:42:48.760 --> 00:42:51.760]  無論是神諭還是解夢書
[00:42:51.760 --> 00:42:55.760]  其實都是作為提供給先知
[00:42:55.760 --> 00:43:01.760]  或者提供給這些占卜的人員去參考的資料
[00:43:01.760 --> 00:43:03.760]  這個剛才我說過
[00:43:03.760 --> 00:43:10.760]  並不是為了尋求預言的人而去預備的
[00:43:10.760 --> 00:43:15.760]  但是聖經的神諭就是神透過聖經所說的話
[00:43:15.760 --> 00:43:19.760]  主要是針對群體本身
[00:43:19.760 --> 00:43:24.760]  即是說神諭就算對個人來說
[00:43:24.760 --> 00:43:29.760]  好像對國王等等去宣告一些預言
[00:43:29.760 --> 00:43:33.760]  其實你知道聖經裏面都有一個所謂罪事者
[00:43:33.760 --> 00:43:39.760]  他嘗試去將這些神諭去表達出來
[00:43:39.760 --> 00:43:44.760]  這個就是為了讀者為了群體好
[00:43:44.760 --> 00:43:47.760]  即是聖經的先知嘗試
[00:43:47.760 --> 00:43:51.760]  首先他主要是針對群體
[00:43:51.760 --> 00:43:53.760]  他的信息是針對群體
[00:43:53.760 --> 00:43:57.760]  然後聖經裏面呈現出來的神諭
[00:43:57.760 --> 00:43:59.760]  雖然好像是跟皇帝說
[00:43:59.760 --> 00:44:02.760]  但其實是跟我們說
[00:44:02.760 --> 00:44:05.760]  跟我們說跟當時的群體說
[00:44:05.760 --> 00:44:08.760]  所以仍然是對著為了讀者好的
[00:44:08.760 --> 00:44:10.760]  是對著那群體的
[00:44:10.760 --> 00:44:12.760]  近東先知是怎樣
[00:44:12.760 --> 00:44:17.760]  剛才都說過近東先知的文獻是為了占卜
[00:44:17.760 --> 00:44:22.760]  往往這些占卜的文獻都是收藏在官方的檔案
[00:44:22.760 --> 00:44:26.760]  所以我們就說在泥板裏面找到
[00:44:26.760 --> 00:44:29.760]  你要知道你平時
[00:44:29.760 --> 00:44:32.760]  即是現在我們寫東西
[00:44:32.760 --> 00:44:34.760]  個個都可以做作者
[00:44:34.760 --> 00:44:36.760]  上網就可以寫東西
[00:44:36.760 --> 00:44:42.760]  甚至你可以投稿去天堂
[00:44:42.760 --> 00:44:44.760]  都沒有問題
[00:44:44.760 --> 00:44:48.760]  但古代首先不是人人都可以寫
[00:44:48.760 --> 00:44:54.760]  而且古代能夠留下來的都是官方文獻
[00:44:54.760 --> 00:44:58.760]  明白嗎?都是皇室裏面的文獻
[00:44:58.760 --> 00:45:01.760]  所以我說在瑪利找到那些泥板
[00:45:01.760 --> 00:45:04.760]  或者在古近東其他地方
[00:45:04.760 --> 00:45:07.760]  或者後來亞述巴比倫的泥板
[00:45:07.760 --> 00:45:12.760]  大部份都是官方文獻
[00:45:12.760 --> 00:45:16.760]  我們怎知道小市民有些甚麼
[00:45:16.760 --> 00:45:17.760]  說了些甚麼
[00:45:17.760 --> 00:45:20.760]  通常是你可能找到一個瓶
[00:45:20.760 --> 00:45:24.760]  瓶上都寫了一些文字
[00:45:24.760 --> 00:45:27.760]  你從那些家庭用品裏面
[00:45:27.760 --> 00:45:30.760]  可能就會知道小市民在做甚麼
[00:45:30.760 --> 00:45:35.760]  但大部份的泥板或者雕塑雕像
[00:45:35.760 --> 00:45:39.760]  全部都是皇室的文獻
[00:45:39.760 --> 00:45:43.760]  所以其實近東的先知主要
[00:45:43.760 --> 00:45:48.760]  他們寫的一些語言
[00:45:48.760 --> 00:45:51.760]  主要是寫給某位特定的政府官員
[00:45:51.760 --> 00:45:53.760]  當然就是君王
[00:45:53.760 --> 00:45:57.760]  但我們看回聖經裏面的先知
[00:45:57.760 --> 00:46:02.760]  這些文集其實是為了教誨而設的
[00:46:02.760 --> 00:46:04.760]  剛才說為了群體
[00:46:04.760 --> 00:46:06.760]  為了群體為了讀者好
[00:46:06.760 --> 00:46:09.760]  其實目的是為了教導
[00:46:09.760 --> 00:46:12.760]  所以他們不是祭司
[00:46:12.760 --> 00:46:15.760]  或者不是君王的資產
[00:46:15.760 --> 00:46:17.760]  即是先知所講的說話
[00:46:17.760 --> 00:46:19.760]  不是祭司君王的資產
[00:46:19.760 --> 00:46:23.760]  而是寫給臣子民的說話
[00:46:23.760 --> 00:46:29.760]  如果你這樣去看舊約裏面的先知的時候
[00:46:29.760 --> 00:46:33.760]  於是乎以下這段經文
[00:46:33.760 --> 00:46:47.760]  就是嘗試和大家去看一看這段經文
[00:46:47.760 --> 00:46:52.760]  這一段就是《野米說》第28章第一節
[00:46:52.760 --> 00:46:54.760]  簡單來說就是兩位先知
[00:46:54.760 --> 00:46:57.760]  一位先知就叫做哈納尼亞先知
[00:46:57.760 --> 00:47:01.760]  一位先知就是耶利米先知
[00:47:01.760 --> 00:47:03.760]  耶利米其實是第27章
[00:47:03.760 --> 00:47:06.760]  剛才我說過耶利米說27章
[00:47:06.760 --> 00:47:08.760]  就是耶利米扶著一個鴨
[00:47:08.760 --> 00:47:11.760]  然後就叫列國叫猶大
[00:47:11.760 --> 00:47:14.760]  他們要服從巴比倫王
[00:47:14.760 --> 00:47:18.760]  所以這位哈納尼亞先知聽到的時候
[00:47:18.760 --> 00:47:21.760]  他就講了相反的說話
[00:47:21.760 --> 00:47:22.760]  在第二節他就說
[00:47:22.760 --> 00:47:25.760]  萬君子耶和華以色列的神這樣講
[00:47:25.760 --> 00:47:29.760]  我已經截斷巴比倫王的鴨
[00:47:29.760 --> 00:47:30.760]  兩年之內
[00:47:30.760 --> 00:47:33.760]  我將把耶和華殿中所有的器物
[00:47:33.760 --> 00:47:35.760]  就算巴比倫王尼姑加利山
[00:47:35.760 --> 00:47:38.760]  從這地方掠到巴比倫去的
[00:47:38.760 --> 00:47:42.760]  都帶回這地方去
[00:47:42.760 --> 00:47:45.760]  那麼耶利米先知怎樣回答呢?
[00:47:45.760 --> 00:47:47.760]  耶利米先知第五節就說
[00:47:47.760 --> 00:47:51.760]  耶利米先知在祭司門和站在
[00:47:51.760 --> 00:47:56.760]  耶和華殿的全體人民眼前回答
[00:47:56.760 --> 00:47:58.760]  哈納尼亞先知
[00:47:58.760 --> 00:47:59.760]  耶利米不是說
[00:47:59.760 --> 00:48:00.760]  你說假說話
[00:48:00.760 --> 00:48:01.760]  耶利米不是
[00:48:01.760 --> 00:48:02.760]  耶利米說
[00:48:02.760 --> 00:48:06.760]  阿們願耶和華這樣行
[00:48:06.760 --> 00:48:10.760]  願耶和華使你預言的話應言
[00:48:10.760 --> 00:48:14.760]  把耶和華殿中的器物和所有被擄的人
[00:48:14.760 --> 00:48:17.760]  都從巴比倫帶回這個地方
[00:48:17.760 --> 00:48:21.760]  但是耶利米第27章明明就說過
[00:48:21.760 --> 00:48:26.760]  巴比倫是猶大要殺過巴比倫
[00:48:26.760 --> 00:48:29.760]  所以耶利米就在第七節就說
[00:48:29.760 --> 00:48:36.760]  然而請聽我在你我眾民耳中要說的話
[00:48:36.760 --> 00:48:37.760]  耶利米就說
[00:48:37.760 --> 00:48:41.760]  自古以來在你我之前的先知
[00:48:41.760 --> 00:48:44.760]  有許多國家和強大的那國
[00:48:44.760 --> 00:48:47.760]  預言戰爭災禍和瘟疫
[00:48:47.760 --> 00:48:50.760]  那預言平安的先知
[00:48:50.760 --> 00:48:53.760]  和哈納尼亞說的一樣
[00:48:53.760 --> 00:48:55.760]  那預言平安的先知
[00:48:55.760 --> 00:48:59.760]  要當該先知的話實現的時候
[00:48:59.760 --> 00:49:05.760]  才能被認可的確是耶和華所猜的
[00:49:05.760 --> 00:49:07.760]  明白嗎?
[00:49:07.760 --> 00:49:12.760]  其實耶利米就在用生命記第十八章的角度
[00:49:12.760 --> 00:49:14.760]  我們大家都知道的
[00:49:14.760 --> 00:49:16.760]  什麼是真先知?
[00:49:16.760 --> 00:49:18.760]  什麼是真預言?
[00:49:18.760 --> 00:49:22.760]  就是預言應言的就是真預言
[00:49:22.760 --> 00:49:24.760]  但是你要留意
[00:49:24.760 --> 00:49:28.760]  耶利米是沒有否定過哈納尼亞的
[00:49:28.760 --> 00:49:30.760]  耶利米說阿們
[00:49:30.760 --> 00:49:34.760]  即是願神好像你所說的那樣走
[00:49:34.760 --> 00:49:37.760]  那耶利米就說
[00:49:37.760 --> 00:49:41.760]  但是平時的先知都是在說災禍的
[00:49:41.760 --> 00:49:46.760]  但是耶利米其實在懷疑自己
[00:49:46.760 --> 00:49:47.760]  可以嗎?
[00:49:47.760 --> 00:49:49.760]  耶利米在懷疑自己
[00:49:49.760 --> 00:49:54.760]  當然我們繼續看接著經文
[00:49:54.760 --> 00:49:58.760]  就是當耶利米說完話
[00:49:58.760 --> 00:50:00.760]  哈納尼亞就做事了
[00:50:00.760 --> 00:50:04.760]  將耶利米先知頸上的額脫下來截斷了
[00:50:04.760 --> 00:50:07.760]  然後就在全體人民眼前就說
[00:50:07.760 --> 00:50:09.760]  耶和華這人說
[00:50:09.760 --> 00:50:14.760]  兩年之內我要照樣從列國的頭頂上
[00:50:14.760 --> 00:50:18.760]  截斷巴比倫王尼保格尼撒尼亞
[00:50:18.760 --> 00:50:22.760]  即是哈納尼亞直接用動作預言
[00:50:22.760 --> 00:50:28.760]  即是兩年內巴比倫王就會輸了
[00:50:28.760 --> 00:50:31.760]  但是我們通常解這一段經文
[00:50:31.760 --> 00:50:33.760]  我們都會問
[00:50:33.760 --> 00:50:36.760]  我很多學生都是這樣問
[00:50:36.760 --> 00:50:39.760]  那誰是真先知?
[00:50:39.760 --> 00:50:41.760]  我們在這個時代
[00:50:41.760 --> 00:50:44.760]  怎樣判斷誰是真先知?
[00:50:44.760 --> 00:50:47.760]  其實《新穎記》十八章告訴你
[00:50:47.760 --> 00:50:51.760]  預言應驗就是真先知
[00:50:51.760 --> 00:50:53.760]  但是我們經常說
[00:50:53.760 --> 00:50:56.760]  預言應驗可能幾十年後
[00:50:56.760 --> 00:51:00.760]  這一刻我怎知道他是真先知還是假先知
[00:51:00.760 --> 00:51:06.760]  如果你記得我剛才之前那張筆記告訴你
[00:51:06.760 --> 00:51:09.760]  其實舊約裏面的先知
[00:51:09.760 --> 00:51:13.760]  裏面的先知文集主要是為了甚麼?
[00:51:13.760 --> 00:51:15.760]  為教誨
[00:51:15.760 --> 00:51:20.760]  所以其實這一段經文不是幫我們去判斷
[00:51:20.760 --> 00:51:24.760]  怎樣分誰先知是真誰先知是假
[00:51:24.760 --> 00:51:29.760]  這段經文其實我們很多日都漏了看
[00:51:29.760 --> 00:51:32.760]  就是我這裏highlight了這句
[00:51:32.760 --> 00:51:38.760]  於是耶利米先知就朕了
[00:51:38.760 --> 00:51:43.760]  耶利米都不知道自己之前講的預言對不對
[00:51:43.760 --> 00:51:47.760]  他可能懷疑當他宣告完
[00:51:47.760 --> 00:51:50.760]  葉國要伏在巴比倫底下
[00:51:50.760 --> 00:51:57.760]  可能轉頭神就跟那班哈納尼亞講了另外的預言
[00:51:57.760 --> 00:51:59.760]  耶利米自己都不肯定
[00:51:59.760 --> 00:52:02.760]  所以耶利米先說阿們
[00:52:02.760 --> 00:52:05.760]  願耶和華這樣做
[00:52:05.760 --> 00:52:09.760]  其實這裏的教誨是告訴你
[00:52:09.760 --> 00:52:12.760]  是等的
[00:52:12.760 --> 00:52:19.760]  不是要即刻知道誰講那句說話是真
[00:52:19.760 --> 00:52:21.760]  而是當你不知道的時候
[00:52:21.760 --> 00:52:26.760]  你忍耐謙卑地離開
[00:52:26.760 --> 00:52:29.760]  這個是耶利米宣教的
[00:52:29.760 --> 00:52:31.760]  我們常常會誤會
[00:52:31.760 --> 00:52:35.760]  我們常常會說耶利米就是講真假先知
[00:52:35.760 --> 00:52:38.760]  即是你要告訴我這段經文
[00:52:38.760 --> 00:52:40.760]  為甚麼耶利米是真先知
[00:52:40.760 --> 00:52:42.760]  經文後面就告訴你
[00:52:42.760 --> 00:52:46.760]  結果轉頭哈納尼亞弄壞我家之後
[00:52:46.760 --> 00:52:48.760]  神的說話就來到耶利米了
[00:52:48.760 --> 00:52:53.760]  就告訴耶利米哈納尼亞是講假的說話
[00:52:53.760 --> 00:52:57.760]  於是耶利米就立刻去哈納尼亞那裏說
[00:52:57.760 --> 00:52:59.760]  哈納尼亞你要聽
[00:52:59.760 --> 00:53:02.760]  耶和華並沒有差別
[00:53:02.760 --> 00:53:07.760]  而你竟然使這人民信靠謊言
[00:53:07.760 --> 00:53:09.760]  所以弟兄姊妹你要明白
[00:53:09.760 --> 00:53:12.760]  可能我和你的觀點不同
[00:53:12.760 --> 00:53:14.760]  我和你都說是神感動我的
[00:53:14.760 --> 00:53:18.760]  那你怎麼處理
[00:53:18.760 --> 00:53:22.760]  你要堅持自己是神的領袖
[00:53:22.760 --> 00:53:25.760]  你和他吵架吵到臉紅耳赤
[00:53:25.760 --> 00:53:27.760]  朋友都沒得做
[00:53:27.760 --> 00:53:29.760]  別人就會告訴你
[00:53:29.760 --> 00:53:31.760]  其實你都不肯定的
[00:53:31.760 --> 00:53:33.760]  你要怎樣呢
[00:53:33.760 --> 00:53:35.760]  安靜地離開
[00:53:35.760 --> 00:53:37.760]  謙卑地離開
[00:53:37.760 --> 00:53:41.760]  等候神再次和你講說話
[00:53:41.760 --> 00:53:43.760]  這個是聖經的教導
[00:53:43.760 --> 00:53:45.760]  聖經不是教導你要爭辯
[00:53:45.760 --> 00:53:47.760]  弟兄姊妹你要明白
[00:53:47.760 --> 00:53:49.760]  我們經常集中
[00:53:49.760 --> 00:53:53.760]  如果你要知道什麼是真預言
[00:53:53.760 --> 00:53:55.760]  《心靈記》十八章告訴你
[00:53:55.760 --> 00:53:56.760]  預言實現了
[00:53:56.760 --> 00:53:57.760]  預言應驗了
[00:53:57.760 --> 00:53:58.760]  就是真預言
[00:53:58.760 --> 00:54:00.760]  那個就是真先知
[00:54:00.760 --> 00:54:01.760]  但是你經常問
[00:54:01.760 --> 00:54:03.760]  現在這一刻誰是
[00:54:03.760 --> 00:54:04.760]  聖經告訴你
[00:54:04.760 --> 00:54:05.760]  等吧
[00:54:05.760 --> 00:54:07.760]  謙卑地離開
[00:54:07.760 --> 00:54:09.760]  不要爭辯
[00:54:09.760 --> 00:54:12.760]  等神會再和你講說話
[00:54:12.760 --> 00:54:15.760]  這就是耶利米蘇對我們的教導
[00:54:15.760 --> 00:54:16.760]  好
[00:54:16.760 --> 00:54:18.760]  我想來到這裡
[00:54:18.760 --> 00:54:20.760]  我先停在這裡
[00:54:20.760 --> 00:54:23.760]  我先停在這裡
[00:54:23.760 --> 00:54:26.760]  然後我們休息大約五十分鐘
[00:54:26.760 --> 00:54:27.760]  不過這個時間
[00:54:27.760 --> 00:54:31.760]  我就先交回給石掌
[00:54:31.760 --> 00:54:38.760]  真的花了很多時間看回
[00:54:38.760 --> 00:54:42.760]  原來我們不是都在爭辯
[00:54:42.760 --> 00:54:46.760]  是要等一等
[00:54:46.760 --> 00:54:48.760]  但是等候這個
[00:54:48.760 --> 00:54:50.760]  很多時候我們都很難做
[00:54:50.760 --> 00:54:52.760]  我們的生活都是快
[00:54:52.760 --> 00:54:54.760]  不是都先爭辯
[00:54:54.760 --> 00:54:56.760]  或者先離開
[00:54:56.760 --> 00:54:58.760]  就是先發脾氣
[00:54:58.760 --> 00:54:59.760]  不是都爭辯
[00:54:59.760 --> 00:55:03.760]  希望我們在裡面學到
[00:55:03.760 --> 00:55:05.760]  今天都很開心
[00:55:05.760 --> 00:55:07.760]  是不是比較冷
[00:55:07.760 --> 00:55:09.760]  誰覺得很冷
[00:55:09.760 --> 00:55:12.760]  就是原來後面那些
[00:55:12.760 --> 00:55:14.760]  大家覺得
[00:55:14.760 --> 00:55:16.760]  謝謝
[00:55:16.760 --> 00:55:18.760]  我們就多謝
[00:55:18.760 --> 00:55:19.760]  新安心信會
[00:55:19.760 --> 00:55:21.760]  借給我們這個場地
[00:55:21.760 --> 00:55:23.760]  上一次就在樓下
[00:55:23.760 --> 00:55:25.760]  這次就在這裡
[00:55:25.760 --> 00:55:29.760]  每一次他們都幫我們擔好椅子
[00:55:29.760 --> 00:55:30.760]  多謝他們
[00:55:30.760 --> 00:55:31.760]  另外一樣
[00:55:31.760 --> 00:55:33.760]  我們都感謝你們大家
[00:55:33.760 --> 00:55:35.760]  我想問一下
[00:55:35.760 --> 00:55:38.760]  這一位是有出去走過
[00:55:38.760 --> 00:55:39.760]  不停走過
[00:55:39.760 --> 00:55:43.760]  走過書山的
[00:55:43.760 --> 00:55:45.760]  沒有吧
[00:55:45.760 --> 00:55:47.760]  我希望大家真的去走一走
[00:55:47.760 --> 00:55:49.760]  因為好像今天
[00:55:49.760 --> 00:55:51.760]  同工搬東西來的時候
[00:55:51.760 --> 00:55:53.760]  是很辛苦的
[00:55:53.760 --> 00:55:55.760]  因為我不懂路
[00:55:55.760 --> 00:55:56.760]  我走那麼多次
[00:55:56.760 --> 00:55:58.760]  我都搞不定
[00:55:58.760 --> 00:55:59.760]  通常我搭地鐵來
[00:55:59.760 --> 00:56:00.760]  我這次就是搭
[00:56:00.760 --> 00:56:02.760]  因為今天學生都是開會
[00:56:02.760 --> 00:56:03.760]  我搭地鐵來
[00:56:03.760 --> 00:56:04.760]  我完全不知道怎樣
[00:56:04.760 --> 00:56:07.760]  請問怎樣
[00:56:07.760 --> 00:56:09.760]  他在中間等我
[00:56:09.760 --> 00:56:11.760]  我跟他走過來
[00:56:11.760 --> 00:56:13.760]  他正著很多東西
[00:56:13.760 --> 00:56:14.760]  是很辛苦的那些書
[00:56:14.760 --> 00:56:16.760]  希望大家一會兒
[00:56:16.760 --> 00:56:17.760]  完了去洗手間也好
[00:56:17.760 --> 00:56:18.760]  什麼也好
[00:56:18.760 --> 00:56:20.760]  都有少少時間去看一看
[00:56:20.760 --> 00:56:22.760]  哪些東西是適合你們
[00:56:22.760 --> 00:56:24.760]  有些是新書
[00:56:24.760 --> 00:56:27.760]  一會兒周生就會幫我們
[00:56:27.760 --> 00:56:29.760]  介紹一些書給我們
[00:56:29.760 --> 00:56:31.760]  現在一會兒
[00:56:31.760 --> 00:56:34.760]  我們會有一個奉獻的時間
[00:56:34.760 --> 00:56:35.760]  奉獻時間
[00:56:35.760 --> 00:56:37.760]  那我就將時間
[00:56:37.760 --> 00:56:40.760]  我現在打個卡給黎執事
[00:56:40.760 --> 00:56:43.760]  為我們的奉獻祈禱
[00:56:43.760 --> 00:56:45.760]  我希望大家都會
[00:56:45.760 --> 00:56:46.760]  鼓勵大家
[00:56:46.760 --> 00:56:47.760]  去在這方面
[00:56:47.760 --> 00:56:50.760]  去支持我們天道書行
[00:56:50.760 --> 00:56:51.760]  我們有幾個機構
[00:56:51.760 --> 00:56:55.760]  天道書行是做書
[00:56:55.760 --> 00:56:58.760]  另外亦都有環球聲音公會
[00:56:58.760 --> 00:56:59.760]  是做什麼呢
[00:56:59.760 --> 00:57:00.760]  是出版成品
[00:57:00.760 --> 00:57:01.760]  我們這些講座
[00:57:01.760 --> 00:57:05.760]  是今年的這個講座
[00:57:05.760 --> 00:57:07.760]  是環球聲音公會
[00:57:07.760 --> 00:57:08.760]  我們跟著這裡
[00:57:08.760 --> 00:57:10.760]  一堆講座去天道書行
[00:57:10.760 --> 00:57:11.760]  有什麼分別呢
[00:57:11.760 --> 00:57:13.760]  有講很多聖經的
[00:57:13.760 --> 00:57:16.760]  就會是環球聲音公會
[00:57:16.760 --> 00:57:17.760]  我們有幾個不同
[00:57:17.760 --> 00:57:20.760]  希望大家都支持我們
[00:57:20.760 --> 00:57:24.760]  一會兒大家如果有時間
[00:57:24.760 --> 00:57:26.760]  就在這個QR Code
[00:57:26.760 --> 00:57:29.760]  去參加不同的講座
[00:57:29.760 --> 00:57:32.760]  我將時間交給黎執事
[00:57:32.760 --> 00:57:36.760]  首先代表新一輩信會
[00:57:36.760 --> 00:57:38.760]  歡迎大家來自不同的教會
[00:57:38.760 --> 00:57:39.760]  以及姐妹
[00:57:39.760 --> 00:57:40.760]  今天來到這裡
[00:57:40.760 --> 00:57:42.760]  其實今天的天氣都不穩定
[00:57:42.760 --> 00:57:43.760]  不停在下雨
[00:57:43.760 --> 00:57:46.760]  又洪雨又雷暴
[00:57:46.760 --> 00:57:48.760]  但大家都願意出門口
[00:57:48.760 --> 00:57:51.760]  來出席這個環球聲音的講座
[00:57:51.760 --> 00:57:52.760]  就追求神的話語
[00:57:52.760 --> 00:57:54.760]  「周錦一感謝主」
[00:57:54.760 --> 00:57:56.760]  我們一起為了我們奉獻
[00:57:56.760 --> 00:57:59.760]  祈求神保佑
[00:57:59.760 --> 00:58:01.760]  「慈悲天父感謝祢」
[00:58:01.760 --> 00:58:03.760]  今天天氣都不穩定
[00:58:03.760 --> 00:58:06.760]  但祢都呼召和保守
[00:58:06.760 --> 00:58:07.760]  大家弟兄姊妹
[00:58:07.760 --> 00:58:09.760]  聚集在一起
[00:58:09.760 --> 00:58:10.760]  來到這裡
[00:58:10.760 --> 00:58:11.760]  追求神的話語
[00:58:11.760 --> 00:58:13.760]  追求祢幫助我們
[00:58:13.760 --> 00:58:14.760]  我們有個謙卑的心
[00:58:14.760 --> 00:58:16.760]  能夠去聆聽
[00:58:16.760 --> 00:58:19.760]  你參演你終生良辰的僕人
[00:58:19.760 --> 00:58:21.760]  葉希賢博士
[00:58:21.760 --> 00:58:23.760]  能夠去幫助我們
[00:58:23.760 --> 00:58:24.760]  更加去明白
[00:58:24.760 --> 00:58:25.760]  更加去了解
[00:58:25.760 --> 00:58:27.760]  舊日先知裏面
[00:58:27.760 --> 00:58:28.760]  祢給我們的話語
[00:58:28.760 --> 00:58:29.760]  祢給我們的旨意
[00:58:29.760 --> 00:58:30.760]  主啊
[00:58:30.760 --> 00:58:31.760]  求祢紀念住
[00:58:31.760 --> 00:58:33.760]  環球聖經公會和天道書樓
[00:58:33.760 --> 00:58:36.760]  一系列他們一直以來
[00:58:36.760 --> 00:58:38.760]  都為了去推廣和去解釋
[00:58:38.760 --> 00:58:41.760]  聖經的中心的侍奉
[00:58:41.760 --> 00:58:42.760]  主啊
[00:58:42.760 --> 00:58:44.760]  求祢都叫他們一班的徒工
[00:58:44.760 --> 00:58:46.760]  都在一切所需上
[00:58:46.760 --> 00:58:47.760]  一無所缺
[00:58:47.760 --> 00:58:48.760]  也都應祢從主
[00:58:48.760 --> 00:58:50.760]  祢豐盛的供應
[00:58:50.760 --> 00:58:51.760]  主啊
[00:58:51.760 --> 00:58:52.760]  求祢也都是
[00:58:52.760 --> 00:58:55.760]  照他們有從天而來的智慧
[00:58:55.760 --> 00:58:58.760]  將收到的賜予的奉獻
[00:58:58.760 --> 00:59:00.760]  能夠好好的去運用
[00:59:00.760 --> 00:59:01.760]  合乎著你的心意
[00:59:01.760 --> 00:59:03.760]  去成就你的計劃
[00:59:03.760 --> 00:59:04.760]  主啊
[00:59:04.760 --> 00:59:05.760]  求祢都祝福保守
[00:59:05.760 --> 00:59:08.760]  今生諾言奉獻的肢體
[00:59:08.760 --> 00:59:09.760]  能夠去更加激勵你
[00:59:09.760 --> 00:59:10.760]  更加真實
[00:59:10.760 --> 00:59:11.760]  和你的真面
[00:59:11.760 --> 00:59:13.760]  和你的同在
[00:59:13.760 --> 00:59:15.760]  我們同心合照禱告
[00:59:15.760 --> 00:59:16.760]  是奉教主耶穌基督
[00:59:16.760 --> 00:59:17.760]  得勝天命
[00:59:17.760 --> 00:59:18.760]  祈禱
[00:59:18.760 --> 00:59:19.760]  阿門
[00:59:23.760 --> 00:59:26.760]  在收到奉獻的時候
[00:59:26.760 --> 00:59:28.760]  我就推介了幾本書
[00:59:28.760 --> 00:59:31.760]  都重重的
[00:59:31.760 --> 00:59:33.760]  但是有分享
[00:59:33.760 --> 00:59:36.760]  包括這本是先知書
[00:59:36.760 --> 00:59:40.760]  是一個已經是翻譯本
[00:59:40.760 --> 00:59:43.760]  但是大家都知道
[00:59:43.760 --> 00:59:45.760]  如果一本書是有人看過是好
[00:59:45.760 --> 00:59:47.760]  然後才會翻譯
[00:59:47.760 --> 00:59:49.760]  不是非常有用的
[00:59:49.760 --> 00:59:52.760]  這本已經出到第八版
[00:59:52.760 --> 00:59:57.760]  很多人都有看的
[00:59:57.760 --> 00:59:58.760]  都買了
[00:59:58.760 --> 01:00:00.760]  另外一本就是
[01:00:00.760 --> 01:00:02.760]  盧卡斯主的
[01:00:02.760 --> 01:00:04.760]  是先編譽智慧文學
[01:00:04.760 --> 01:00:07.760]  也都出到第八九版
[01:00:07.760 --> 01:00:11.760]  所以大家都值得去看
[01:00:11.760 --> 01:00:13.760]  其實你帶這個書名
[01:00:13.760 --> 01:00:14.760]  帶這個人名
[01:00:14.760 --> 01:00:16.760]  現在AI很厲害
[01:00:16.760 --> 01:00:21.760]  如果你把他的目錄
[01:00:21.760 --> 01:00:24.760]  每一項去打
[01:00:24.760 --> 01:00:26.760]  AI都會答一些東西出來
[01:00:26.760 --> 01:00:28.760]  有沒有試過這樣看書
[01:00:28.760 --> 01:00:30.760]  如果你試過這樣看書
[01:00:30.760 --> 01:00:32.760]  我會提醒你
[01:00:32.760 --> 01:00:34.760]  你看了一個普遍人知道的東西
[01:00:34.760 --> 01:00:35.760]  但是你不夠深入
[01:00:35.760 --> 01:00:37.760]  因為他講了一些
[01:00:37.760 --> 01:00:39.760]  徐佳瑩講的老人家個人怨
[01:00:39.760 --> 01:00:41.760]  以為這本書講的是什麼
[01:00:41.760 --> 01:00:43.760]  這樣去做答案
[01:00:43.760 --> 01:00:46.760]  有九成真的有時
[01:00:46.760 --> 01:00:48.760]  可能只有一半是真的
[01:00:48.760 --> 01:00:49.760]  而且不夠深入
[01:00:49.760 --> 01:00:50.760]  你看一本書
[01:00:50.760 --> 01:00:51.760]  看一個主編作
[01:00:51.760 --> 01:00:53.760]  一個寫作的人
[01:00:53.760 --> 01:00:55.760]  不是用AI花幾天
[01:00:55.760 --> 01:00:58.760]  一個人大概寫到幾萬字出來
[01:00:58.760 --> 01:01:00.760]  他是一生的功力
[01:01:00.760 --> 01:01:03.760]  所以你看他一百頁書
[01:01:03.760 --> 01:01:04.760]  二百頁書
[01:01:04.760 --> 01:01:05.760]  跟他相處
[01:01:05.760 --> 01:01:06.760]  一個星期也好
[01:01:06.760 --> 01:01:07.760]  一個月也好
[01:01:07.760 --> 01:01:09.760]  一年才掙扎成一本書也好
[01:01:09.760 --> 01:01:11.760]  你就跟他相處了
[01:01:11.760 --> 01:01:12.760]  一個學者
[01:01:12.760 --> 01:01:15.760]  一個神所最勇氣的人
[01:01:15.760 --> 01:01:16.760]  相處了一年
[01:01:16.760 --> 01:01:18.760]  其實大家想想
[01:01:18.760 --> 01:01:21.760]  近朱者赤
[01:01:21.760 --> 01:01:23.760]  如果你能夠跟一個神學家
[01:01:23.760 --> 01:01:25.760]  他們相處一段時間
[01:01:25.760 --> 01:01:27.760]  重複看也不記得
[01:01:27.760 --> 01:01:28.760]  重複看也不明白
[01:01:28.760 --> 01:01:33.760]  有時也知道一點光彩
[01:01:33.760 --> 01:01:35.760]  學會一點
[01:01:35.760 --> 01:01:37.760]  除了這兩本書之外
[01:01:37.760 --> 01:01:39.760]  我們天道有主飾書
[01:01:39.760 --> 01:01:43.760]  但白色這本是普天主飾
[01:01:43.760 --> 01:01:45.760]  為什麼是普?
[01:01:45.760 --> 01:01:46.760]  是普及化
[01:01:46.760 --> 01:01:48.760]  另外一個主飾書
[01:01:48.760 --> 01:01:49.760]  八十幾本
[01:01:49.760 --> 01:01:51.760]  是比較深入的
[01:01:51.760 --> 01:01:55.760]  神學院無論是學生還是老師都適合用
[01:01:55.760 --> 01:01:58.760]  但有時還未讀的神學家
[01:01:58.760 --> 01:02:00.760]  會覺得他在說什麼
[01:02:00.760 --> 01:02:02.760]  如果大家留意
[01:02:02.760 --> 01:02:04.760]  是普天主飾
[01:02:04.760 --> 01:02:05.760]  是普及化的
[01:02:05.760 --> 01:02:09.760]  將他顯淺一點
[01:02:09.760 --> 01:02:11.760]  我們未讀過神學的朋友
[01:02:11.760 --> 01:02:13.760]  第一支本都可以去看
[01:02:13.760 --> 01:02:14.760]  容易看得明白
[01:02:14.760 --> 01:02:16.760]  所以大家可以分開看
[01:02:16.760 --> 01:02:17.760]  主飾書也有兩本
[01:02:17.760 --> 01:02:18.760]  還有普天
[01:02:18.760 --> 01:02:22.760]  天道的普及化版本
[01:02:22.760 --> 01:02:25.760]  包括針言
[01:02:25.760 --> 01:02:26.760]  傳道書
[01:02:26.760 --> 01:02:28.760]  還有雅歌
[01:02:28.760 --> 01:02:30.760]  三本
[01:02:30.760 --> 01:02:34.760]  另外這本是詩篇
[01:02:34.760 --> 01:02:37.760]  有上策和下策
[01:02:37.760 --> 01:02:40.760]  這幾本書都超過百元
[01:02:40.760 --> 01:02:43.760]  不過買得多賺得多
[01:02:43.760 --> 01:02:45.760]  即是減得多
[01:02:45.760 --> 01:02:48.760]  比折扣多
[01:02:48.760 --> 01:02:50.760]  所以鼓勵大家
[01:02:50.760 --> 01:02:52.760]  如果大家有需要
[01:02:52.760 --> 01:02:54.760]  我們將部份書
[01:02:54.760 --> 01:02:59.760]  如果大家用e-book
[01:02:59.760 --> 01:03:04.760]  我們有的e-book
[01:03:04.760 --> 01:03:05.760]  全部在google play買得到
[01:03:05.760 --> 01:03:06.760]  很不幸地
[01:03:06.760 --> 01:03:08.760]  apple的書買不到
[01:03:08.760 --> 01:03:12.760]  因為apple封了香港人
[01:03:12.760 --> 01:03:14.760]  看不到我們放了上去的書
[01:03:14.760 --> 01:03:16.760]  其實我們七百多本書放在那邊
[01:03:16.760 --> 01:03:19.760]  不過美國那邊的人才買得到
[01:03:19.760 --> 01:03:21.760]  我們香港人買不到
[01:03:21.760 --> 01:03:25.760]  所以大家可以用google play買書
[01:03:25.760 --> 01:03:27.760]  再講多一點
[01:03:27.760 --> 01:03:31.760]  天道有天道書樓
[01:03:31.760 --> 01:03:33.760]  環聖
[01:03:33.760 --> 01:03:35.760]  有不同程度
[01:03:35.760 --> 01:03:37.760]  不同方向的書
[01:03:37.760 --> 01:03:39.760]  亦有傳機
[01:03:39.760 --> 01:03:41.760]  亦有AI幫助
[01:03:41.760 --> 01:03:45.760]  傳機會再利用另一個角度
[01:03:45.760 --> 01:03:46.760]  普及化
[01:03:46.760 --> 01:03:49.760]  甚至可以和接觸比相的朋友
[01:03:49.760 --> 01:03:51.760]  在天道這個系統
[01:03:51.760 --> 01:03:52.760]  環球天道
[01:03:52.760 --> 01:03:53.760]  天道書樓
[01:03:53.760 --> 01:03:57.760]  3月16日有幸福音三章
[01:03:57.760 --> 01:03:58.760]  十號節
[01:03:58.760 --> 01:03:59.760]  世外世人
[01:03:59.760 --> 01:04:02.760]  我們開展了天道福音試管
[01:04:02.760 --> 01:04:04.760]  由全福音開始
[01:04:04.760 --> 01:04:06.760]  去到一步一步
[01:04:06.760 --> 01:04:07.760]  深入
[01:04:07.760 --> 01:04:09.760]  至到熱聖經
[01:04:09.760 --> 01:04:10.760]  朗誡
[01:04:10.760 --> 01:04:11.760]  到深入的儀式
[01:04:11.760 --> 01:04:14.760]  希望用整套系統
[01:04:14.760 --> 01:04:16.760]  可以幫助國際社會
[01:04:16.760 --> 01:04:18.760]  去認識我們的信仰
[01:04:18.760 --> 01:04:21.760]  很鼓勵大家去參加
[01:04:21.760 --> 01:04:24.760]  其實有些講座
[01:04:24.760 --> 01:04:26.760]  未信的朋友也有興趣
[01:04:26.760 --> 01:04:28.760]  例如波斯與伊朗
[01:04:28.760 --> 01:04:31.760]  可以讓未信的朋友
[01:04:31.760 --> 01:04:33.760]  和朋友一起去聽
[01:04:33.760 --> 01:04:37.760]  發現原來他們這麼認真去信仰
[01:04:37.760 --> 01:04:40.760]  不是在信一些迷信的東西
[01:04:40.760 --> 01:04:43.760]  你可以去選擇不同的講座
[01:04:43.760 --> 01:04:45.760]  有些人適合去聽
[01:04:45.760 --> 01:04:48.760]  無論是埃及熱聖經
[01:04:48.760 --> 01:04:54.760]  或者明天早上
[01:04:54.760 --> 01:05:01.760]  有第二屆全球聖經中文翻譯大會
[01:05:01.760 --> 01:05:06.760]  用淺白的方式
[01:05:06.760 --> 01:05:09.760]  兩位聖經翻譯學者
[01:05:09.760 --> 01:05:12.760]  去講述聖經中文翻譯
[01:05:12.760 --> 01:05:13.760]  讓大家知道
[01:05:13.760 --> 01:05:16.760]  查聖經可以仔細一點去看
[01:05:16.760 --> 01:05:19.760]  大家可以上網去掃描
[01:05:19.760 --> 01:05:22.760]  掃描卡是可以用的
[01:05:22.760 --> 01:05:30.760]  第二節我們回到下半部分的課堂
[01:05:30.760 --> 01:05:36.760]  上半部我們談了古今中的先知
[01:05:36.760 --> 01:05:38.760]  是怎樣的先知
[01:05:38.760 --> 01:05:43.760]  也談了聖經裏的先知是怎樣
[01:05:43.760 --> 01:05:47.760]  現在我們就去看一件事
[01:05:47.760 --> 01:05:50.760]  究竟甚麼是先知書
[01:05:50.760 --> 01:06:02.760]  我們先看筆記
[01:06:02.760 --> 01:06:07.760]  我們通常會說約書亞記
[01:06:07.760 --> 01:06:08.760]  史詩記
[01:06:08.760 --> 01:06:09.760]  三武二記
[01:06:09.760 --> 01:06:11.760]  列王記等等
[01:06:11.760 --> 01:06:15.760]  我們都會說是歷史書
[01:06:15.760 --> 01:06:19.760]  但其實這幾卷歷史書裏
[01:06:19.760 --> 01:06:22.760]  都記載了很多神的先知
[01:06:22.760 --> 01:06:25.760]  你一定會知道拿丹先知
[01:06:25.760 --> 01:06:27.760]  在三武二記裏
[01:06:27.760 --> 01:06:30.760]  阿希那先知
[01:06:30.760 --> 01:06:32.760]  可能不太熟悉
[01:06:32.760 --> 01:06:34.760]  你知道耶羅伯安
[01:06:34.760 --> 01:06:38.760]  耶羅伯安為甚麼他做了北國的王
[01:06:38.760 --> 01:06:43.760]  阿希那先知當時將一件新衣服撕爛了
[01:06:43.760 --> 01:06:48.760]  然後給了十件衣服
[01:06:48.760 --> 01:06:50.760]  就是耶羅伯安
[01:06:50.760 --> 01:06:54.760]  象徵他會北國統領十個支派
[01:06:54.760 --> 01:06:56.760]  這個是阿希那先知
[01:06:56.760 --> 01:06:59.760]  當然還有的就是
[01:06:59.760 --> 01:07:02.760]  伊利亞 伊利沙
[01:07:02.760 --> 01:07:05.760]  所以其實你會在這些歷史書裏
[01:07:05.760 --> 01:07:09.760]  你會見到很多記載了先知在裏面
[01:07:09.760 --> 01:07:13.760]  在這裏我想讓大家想一件事
[01:07:13.760 --> 01:07:16.760]  就是其實我們需要去思考一個
[01:07:16.760 --> 01:07:20.760]  叫做討論舊約正典的方式
[01:07:20.760 --> 01:07:24.760]  正典書卷的分類
[01:07:24.760 --> 01:07:29.760]  其實基督教或者我們現在的分類
[01:07:29.760 --> 01:07:33.760]  和希伯來正典的分類的神學思想是有不同的
[01:07:33.760 --> 01:07:36.760]  我們現在光學看到的
[01:07:36.760 --> 01:07:39.760]  就是我們基督教正典的分類
[01:07:39.760 --> 01:07:45.760]  我們就會將約書一記 時詩記 聖母二記 聶王記等等
[01:07:45.760 --> 01:07:48.760]  我們就會視為是歷史書的一部份
[01:07:48.760 --> 01:07:49.760]  但正如我剛才講
[01:07:49.760 --> 01:07:54.760]  其實歷史書裏面有很多先知的先證在裏面
[01:07:54.760 --> 01:07:57.760]  不過如果你去看一件事
[01:07:57.760 --> 01:08:05.760]  就是其實希伯來正典
[01:08:05.760 --> 01:08:09.760]  他都是有和我們基督教的正典是一樣的
[01:08:09.760 --> 01:08:18.760]  不過希伯來正典就會將約書一記 時詩記 聖母二記和聶王記
[01:08:18.760 --> 01:08:21.760]  視為前先之書
[01:08:21.760 --> 01:08:28.760]  前先有前即是有後 後先之書我們通常就說
[01:08:28.760 --> 01:08:34.760]  耶利米 以賽亞 以西傑和十二先知
[01:08:34.760 --> 01:08:36.760]  在希伯來聖經裏面
[01:08:36.760 --> 01:08:39.760]  十二我們通常就說大先知小先知
[01:08:39.760 --> 01:08:42.760]  但在希伯來正典裏面
[01:08:42.760 --> 01:08:47.760]  他就將我們所講的小先知視為一卷書
[01:08:47.760 --> 01:08:49.760]  就叫做十二先知
[01:08:49.760 --> 01:08:53.760]  所以你見到其實在希伯來正典裏面的先知書
[01:08:53.760 --> 01:08:58.760]  前先知有四卷 後先知有四卷
[01:08:58.760 --> 01:09:03.760]  而前先知就是我們裏面講的一些歷史書
[01:09:03.760 --> 01:09:08.760]  其實他是記載了很多先知的說話
[01:09:08.760 --> 01:09:10.760]  當然這些先知的說話
[01:09:10.760 --> 01:09:21.760]  其實先知在以色列猶大的歷史裏面的作為就被強調了
[01:09:21.760 --> 01:09:25.760]  如果在希伯來正典的看法裏面
[01:09:25.760 --> 01:09:31.760]  為甚麼會變了由我們認知的歷史書
[01:09:31.760 --> 01:09:33.760]  變了做前先之書呢
[01:09:33.760 --> 01:09:40.760]  其實歷代誌的作者視先知是歷史書
[01:09:40.760 --> 01:09:44.760]  歷史書就是我們基督教教的那種
[01:09:44.760 --> 01:09:47.760]  其實歷代誌的作者
[01:09:47.760 --> 01:09:52.760]  是會視歷史書的作者是來自先知的
[01:09:52.760 --> 01:09:56.760]  其實這個就正正和古近東的
[01:09:56.760 --> 01:10:01.760]  剛才我介紹的那些中介角色是很不同的
[01:10:01.760 --> 01:10:08.760]  原來先知在聖經裏面是被視為歷史的作者
[01:10:08.760 --> 01:10:10.760]  即是歷史書的作者
[01:10:10.760 --> 01:10:12.760]  我們舉一兩個例子
[01:10:12.760 --> 01:10:15.760]  歷代誌上29章29節就這樣記載
[01:10:15.760 --> 01:10:23.760]  大衛王一生始末都記載薩姆爾先見的記錄
[01:10:23.760 --> 01:10:26.760]  拿丹先知的記錄
[01:10:26.760 --> 01:10:29.760]  以及迦德先見的記錄上
[01:10:29.760 --> 01:10:32.760]  即是這些先知寫的書
[01:10:32.760 --> 01:10:35.760]  記載了大衛王的一生
[01:10:35.760 --> 01:10:37.760]  這個不是我作的
[01:10:37.760 --> 01:10:39.760]  歷代誌這樣寫的
[01:10:39.760 --> 01:10:41.760]  然後我們看看歷代誌
[01:10:41.760 --> 01:10:46.760]  歷代誌下26章22節怎麼說
[01:10:46.760 --> 01:10:49.760]  烏西亞其餘的事
[01:10:49.760 --> 01:10:51.760]  烏西亞即是猶太王
[01:10:51.760 --> 01:10:53.760]  一生的始末
[01:10:53.760 --> 01:10:55.760]  阿摩斯的兒子
[01:10:55.760 --> 01:10:58.760]  以賽亞先知都記下了
[01:10:58.760 --> 01:11:03.760]  所以歷代誌這一本書
[01:11:03.760 --> 01:11:10.760]  會將不同的先知視為原來以色列猶太歷史的作者
[01:11:10.760 --> 01:11:16.760]  所以這個先知作為歷史書的作者
[01:11:16.760 --> 01:11:23.760]  其實是和古吉東的中介者的角色有很大的分別
[01:11:23.760 --> 01:11:29.760]  而另一件事就是
[01:11:29.760 --> 01:11:33.760]  學者會認為淺仙之書
[01:11:33.760 --> 01:11:37.760]  是受到生命記的神學深刻的影響
[01:11:37.760 --> 01:11:42.760]  所以我們會有一個叫做Deuteronomistic History
[01:11:42.760 --> 01:11:45.760]  即是生命歷史
[01:11:45.760 --> 01:11:47.760]  這裡多打了幾個記字
[01:11:47.760 --> 01:11:48.760]  你不記得查了
[01:11:48.760 --> 01:11:50.760]  即是生命歷史
[01:11:50.760 --> 01:11:55.760]  其實我們會將生命記去到列王記
[01:11:55.760 --> 01:12:00.760]  都視為這個屬於生命歷史的一個範疇裏面
[01:12:00.760 --> 01:12:03.760]  因為學者認為這些先知書
[01:12:03.760 --> 01:12:07.760]  其實反映了很多生命記裏面的神學
[01:12:07.760 --> 01:12:08.760]  或者調轉來說
[01:12:08.760 --> 01:12:11.760]  就是以生命記的神學觀點
[01:12:11.760 --> 01:12:14.760]  來去處理以色列人
[01:12:14.760 --> 01:12:19.760]  從摩西去到王國的那些歷史
[01:12:19.760 --> 01:12:21.760]  因此就會給一個名字
[01:12:21.760 --> 01:12:24.760]  即是生命記去到列王記
[01:12:24.760 --> 01:12:27.760]  就叫做生命歷史
[01:12:27.760 --> 01:12:28.760]  所以你會發現
[01:12:28.760 --> 01:12:33.760]  由約書亞記、史詩記、撒姆爾記、列王記
[01:12:33.760 --> 01:12:38.760]  其實很多時候都反映了生命記的教導
[01:12:38.760 --> 01:12:42.760]  例如就是賞佛分明
[01:12:42.760 --> 01:12:44.760]  這些都是生命記的教導
[01:12:44.760 --> 01:12:49.760]  但你會發現其實列王記、撒姆爾記
[01:12:49.760 --> 01:12:51.760]  這些都經常出現
[01:12:51.760 --> 01:12:56.760]  所以當我們看回生命記第十八章的時候
[01:12:56.760 --> 01:12:58.760]  其實剛才都讀過了
[01:12:58.760 --> 01:13:02.760]  你不可以有人讓自己的兒女在火中經過
[01:13:02.760 --> 01:13:06.760]  亦都不可以有占卜師、算卜師等等
[01:13:06.760 --> 01:13:08.760]  十二節就說
[01:13:08.760 --> 01:13:12.760]  因為做這些事的人都是惹禍難生的
[01:13:12.760 --> 01:13:19.760]  「你的神從你面前剷除它們都是因為這些可憎的事的緣故」
[01:13:19.760 --> 01:13:23.760]  你要對耶和華你的神完全忠誠
[01:13:23.760 --> 01:13:26.760]  你快要佔領的那些國家
[01:13:26.760 --> 01:13:28.760]  因為現在說的是進入迦南
[01:13:28.760 --> 01:13:34.760]  你快要佔領的那些國家都聽從那些算卜和占卜師
[01:13:34.760 --> 01:13:36.760]  但是你
[01:13:36.760 --> 01:13:37.760]  你進入迦南的
[01:13:37.760 --> 01:13:42.760]  但是耶和華你的神不容許你這樣做
[01:13:42.760 --> 01:13:44.760]  所以說得很清楚
[01:13:44.760 --> 01:13:50.760]  你不可以好像古近東的那些宗教者
[01:13:50.760 --> 01:13:52.760]  或者那些人來尋找宗教者
[01:13:52.760 --> 01:13:53.760]  你不可以的
[01:13:53.760 --> 01:13:57.760]  耶和華你的神不讓你這樣做
[01:13:57.760 --> 01:13:59.760]  但是耶和華怎樣呢?
[01:14:03.760 --> 01:14:07.760]  「耶和華你的神他從你當中
[01:14:07.760 --> 01:14:12.760]  從你弟兄之中給你興起先知像我一樣你們要聽從他」
[01:14:12.760 --> 01:14:15.760]  這個就是剛才說的先知像我的出現
[01:14:15.760 --> 01:14:17.760]  「然後耶和華對我說
[01:14:17.760 --> 01:14:23.760]  他們說的好我要從他們的弟兄中間興起先知像你一樣
[01:14:23.760 --> 01:14:26.760]  我要把我的話放在他口裡
[01:14:26.760 --> 01:14:30.760]  他要把我吩咐他的一切告訴他們」
[01:14:30.760 --> 01:14:33.760]  意思就是說
[01:14:33.760 --> 01:14:40.760]  先知的制度就會把神的說話傳給那些以色列人
[01:14:40.760 --> 01:14:44.760]  我們跳到電話記下
[01:14:44.760 --> 01:14:47.760]  電話記下第十七章十三節就說
[01:14:47.760 --> 01:14:52.760]  「耶和華趁藉著他的眾先知和先見
[01:14:52.760 --> 01:14:55.760]  警告以色列人和猶太人說
[01:14:55.760 --> 01:15:00.760]  你們當轉尼你們的惡道
[01:15:00.760 --> 01:15:02.760]  遵守我的命令和規定
[01:15:02.760 --> 01:15:04.760]  就是我吩咐你們的列祖
[01:15:04.760 --> 01:15:10.760]  或藉著我僕人眾先知傳遞給你們的所有律法」
[01:15:10.760 --> 01:15:14.760]  所以其實你從生命紀第十七章這段經文來看見
[01:15:14.760 --> 01:15:19.760]  它就是在反映我剛才說的生命歷史
[01:15:19.760 --> 01:15:22.760]  就是生命紀的一些神學觀念
[01:15:22.760 --> 01:15:27.760]  所以其實你知道生命紀定立了的神學觀念
[01:15:27.760 --> 01:15:33.760]  影響了約書亞紀、史詩紀、滅亡紀、撒路爾紀
[01:15:33.760 --> 01:15:40.760]  原來先知在這些所謂生命歷史裡面
[01:15:40.760 --> 01:15:48.760]  它的主要作用就是要忠實地說出上主傳達給你的說話
[01:15:48.760 --> 01:15:57.760]  這個就完全和古近東的那些中蟻者或者先知所做的東西不同
[01:15:57.760 --> 01:16:00.760]  先知不是給你來求文的
[01:16:00.760 --> 01:16:05.760]  先知是轉達主達神的說話給你
[01:16:05.760 --> 01:16:09.760]  所以我們經常以為先知用美督先知
[01:16:09.760 --> 01:16:12.760]  先知就是講預言的
[01:16:12.760 --> 01:16:15.760]  但是這個不是完全正確的
[01:16:15.760 --> 01:16:18.760]  而有時候是可能顛倒了我們
[01:16:18.760 --> 01:16:22.760]  其實由生命紀開始講摩西是先知
[01:16:22.760 --> 01:16:28.760]  摩西是領受神的說話然後吩咐以色列人做
[01:16:28.760 --> 01:16:32.760]  去到你見到滅亡紀就是這個生命歷史結束的時候
[01:16:32.760 --> 01:16:38.760]  仍然是講到我以前直著眾先知、眾先見傳給你們的說話
[01:16:38.760 --> 01:16:41.760]  你們都不聽
[01:16:41.760 --> 01:16:52.760]  所以先知在聖經裡面主要是做傳達神說話的工作
[01:16:52.760 --> 01:16:57.760]  不是幫你求文、不是幫你戰俘
[01:16:57.760 --> 01:17:01.760]  更加不是預言將來會發生這樣的事情
[01:17:01.760 --> 01:17:05.760]  這個就是和古近東很不同
[01:17:05.760 --> 01:17:17.760]  我們會發現其實在王國時代確實是有不少有名有姓的先知被記載下來
[01:17:17.760 --> 01:17:18.760]  是很多
[01:17:18.760 --> 01:17:26.760]  所以為什麼希伯來聖經會將我們說的這些歷史書叫做前先知書呢?
[01:17:26.760 --> 01:17:30.760]  因為其實它裡面有很多先知的事跡
[01:17:30.760 --> 01:17:37.760]  特別你從滅亡紀上第十六章第十七章開始
[01:17:37.760 --> 01:17:43.760]  以利亞其實去到滅亡紀下十三章以利沙死
[01:17:43.760 --> 01:17:47.760]  其實大部份都是講先知的
[01:17:47.760 --> 01:17:51.760]  所以只不過我們當了歷史
[01:17:51.760 --> 01:17:55.760]  當然從歷史的角度去看是沒有錯的
[01:17:55.760 --> 01:18:01.760]  不過我想大家明白就是希伯來聖經著重在先知的事跡
[01:18:01.760 --> 01:18:06.760]  來去看以色列人在王國時候的歷史
[01:18:06.760 --> 01:18:12.760]  所以我們知道其實王國時期先知是很活躍的
[01:18:12.760 --> 01:18:15.760]  是有某一些原因先知是很活躍
[01:18:15.760 --> 01:18:18.760]  因為未有王國之前
[01:18:18.760 --> 01:18:25.760]  誰是以色列的王?神是以色列的王
[01:18:25.760 --> 01:18:30.760]  所以未有王國之前上主是以色列的君王
[01:18:30.760 --> 01:18:32.760]  不過後來就演變到
[01:18:32.760 --> 01:18:35.760]  講為什麼會有王國大家都知道
[01:18:35.760 --> 01:18:39.760]  總之後來就出現了一個聯合王國
[01:18:39.760 --> 01:18:42.760]  後來就有猶大王以色列國
[01:18:42.760 --> 01:18:47.760]  所以其實如果從王國作為一個分水嶺
[01:18:47.760 --> 01:18:50.760]  未有王國之前上主是君王
[01:18:50.760 --> 01:18:54.760]  有了王國之前就是一些世襲的君王
[01:18:54.760 --> 01:18:58.760]  大衛家傳下去
[01:18:58.760 --> 01:19:03.760]  北角就經常有一些刺殺的事件
[01:19:03.760 --> 01:19:05.760]  所以北角就沒有什麼世襲
[01:19:05.760 --> 01:19:08.760]  除了阿哈的家族等等
[01:19:08.760 --> 01:19:18.760]  所以地上君王就不能像摩西或者薩姆爾那樣
[01:19:18.760 --> 01:19:20.760]  能夠跟神溝通
[01:19:20.760 --> 01:19:23.760]  你知道亞伯拉罕是怎樣的
[01:19:23.760 --> 01:19:25.760]  直接聽到神說話
[01:19:25.760 --> 01:19:28.760]  亞國是怎樣的
[01:19:28.760 --> 01:19:31.760]  亞國可以跟神述教
[01:19:31.760 --> 01:19:38.760]  你會知道在未有王國的時候
[01:19:38.760 --> 01:19:40.760]  未有先知
[01:19:40.760 --> 01:19:45.760]  但是神是以色列的君王
[01:19:45.760 --> 01:19:48.760]  但是有了這些世襲君王的時候
[01:19:48.760 --> 01:19:53.760]  世襲君王就需要靠著先知這個中介者
[01:19:53.760 --> 01:19:59.760]  讓君王可以跟神溝通
[01:19:59.760 --> 01:20:07.760]  於是先知的功能在聖經裏面就是傳遞神旨意的人
[01:20:07.760 --> 01:20:14.760]  所以某程度上先知就是一個制衡君王權力的角色
[01:20:14.760 --> 01:20:18.760]  你會見到在很多先知書裏面
[01:20:18.760 --> 01:20:22.760]  耶利米先知經常跟君王打架
[01:20:22.760 --> 01:20:25.760]  君王經常不聽他的
[01:20:25.760 --> 01:20:27.760]  先知是一個制衡君王
[01:20:27.760 --> 01:20:30.760]  現在我們來看拿丹先知
[01:20:30.760 --> 01:20:35.760]  拿丹先知做了大衛犯奸淫之後
[01:20:35.760 --> 01:20:39.760]  拿丹先知責備他
[01:20:39.760 --> 01:20:43.760]  然後大衛快要死的時候
[01:20:43.760 --> 01:20:47.760]  所羅門跟他哥哥爭位的時候
[01:20:47.760 --> 01:20:50.760]  拿丹先知走去跟大衛說
[01:20:50.760 --> 01:20:57.760]  你當年不是說要給葛事包的兒子做王嗎?
[01:20:57.760 --> 01:21:03.760]  拿丹先知是參與制衡
[01:21:03.760 --> 01:21:06.760]  或者是給意見君王
[01:21:06.760 --> 01:21:10.760]  或者是君王做錯了就指責他
[01:21:10.760 --> 01:21:15.760]  所以先知是一個制衡君王權力的角色
[01:21:15.760 --> 01:21:24.760]  而很多時候我們能夠從經文裏面透過甚麼去成為一個制衡君王的事情呢?
[01:21:24.760 --> 01:21:28.760]  就是先知說的話應驗
[01:21:28.760 --> 01:21:33.760]  先知說的話應驗就成為了你不可以不聽我說的話
[01:21:33.760 --> 01:21:35.760]  我們一會兒會看的
[01:21:35.760 --> 01:21:41.760]  另外你會發現在王國時期為甚麼有那麼多先知呢?
[01:21:41.760 --> 01:21:46.760]  因為先知要跟君王去傾計
[01:21:46.760 --> 01:21:48.760]  要指導他
[01:21:48.760 --> 01:21:55.760]  而先知的影響力往往跟君王的權力是成一個反比的
[01:21:55.760 --> 01:22:00.760]  即是君王很厲害的時候經常不聽先知說話
[01:22:00.760 --> 01:22:03.760]  例如薩姆爾記
[01:22:03.760 --> 01:22:07.760]  或者薩姆爾先知跟耶利米亞的比較你就知道了
[01:22:07.760 --> 01:22:11.760]  薩姆爾記上第十五十六章說甚麼呢?
[01:22:11.760 --> 01:22:15.760]  就是說蘇羅做得不好
[01:22:15.760 --> 01:22:19.760]  於是薩姆爾跟蘇羅說
[01:22:19.760 --> 01:22:21.760]  你不能再做皇帝了
[01:22:21.760 --> 01:22:23.760]  簡單點說
[01:22:23.760 --> 01:22:26.760]  然後就說我會高納另一個王
[01:22:26.760 --> 01:22:28.760]  薩姆爾很厲害的
[01:22:28.760 --> 01:22:33.760]  好像他的張蘇羅王
[01:22:33.760 --> 01:22:36.760]  扮演了他的王位都可以
[01:22:36.760 --> 01:22:38.760]  但是你看到耶利米亞書
[01:22:38.760 --> 01:22:40.760]  耶利米亞書第三十六章
[01:22:40.760 --> 01:22:42.760]  約瓦極沒
[01:22:42.760 --> 01:22:47.760]  耶利米亞叫巴祿寫下了耶利米亞說的話
[01:22:47.760 --> 01:22:50.760]  然後官員讀給約瓦極聽
[01:22:50.760 --> 01:22:52.760]  約瓦極怎樣呢?
[01:22:52.760 --> 01:22:56.760]  用刀割爛了然後燒了
[01:22:56.760 --> 01:22:59.760]  燒了耶利米亞說的話
[01:22:59.760 --> 01:23:06.760]  你就知道先知經常跟君王權力上有一個反比
[01:23:06.760 --> 01:23:08.760]  先知很厲害的時候
[01:23:08.760 --> 01:23:11.760]  他可以罷免了皇帝都可以
[01:23:11.760 --> 01:23:13.760]  他可以高納了新的皇帝
[01:23:13.760 --> 01:23:15.760]  但是去到後期的時候
[01:23:15.760 --> 01:23:20.760]  先知就成為了皇帝不領會成立
[01:23:20.760 --> 01:23:22.760]  不聽他講話了
[01:23:24.760 --> 01:23:29.760]  我們就看一下所謂華爾仁語的證據
[01:23:29.760 --> 01:23:33.760]  這個就是《獵王紀》上第十三章
[01:23:33.760 --> 01:23:37.760]  這段經文就是耶羅伯案
[01:23:37.760 --> 01:23:40.760]  耶羅伯案他做了什麼呢?
[01:23:40.760 --> 01:23:43.760]  我們知道他最出名的就是在
[01:23:43.760 --> 01:23:47.760]  丹和伯特利建了一個金銀號
[01:23:47.760 --> 01:23:52.760]  在伯特利耶羅伯案建了一個丘塔
[01:23:52.760 --> 01:23:54.760]  建了一個丘塔
[01:23:54.760 --> 01:23:55.760]  這樣對不對?
[01:23:55.760 --> 01:23:58.760]  不對的,大家都知道不對的
[01:23:58.760 --> 01:24:01.760]  所以有一個無名無姓的神人
[01:24:01.760 --> 01:24:05.760]  就去到耶羅伯案的壇前面
[01:24:05.760 --> 01:24:08.760]  他就跟耶羅伯案說
[01:24:08.760 --> 01:24:11.760]  這個神人奉耶和華的命令
[01:24:11.760 --> 01:24:13.760]  就向祭壇說
[01:24:13.760 --> 01:24:16.760]  「祭壇啊,祭壇啊,耶和華這樣說
[01:24:16.760 --> 01:24:22.760]  大衛間將有一個兒子出生,名叫約西亞
[01:24:22.760 --> 01:24:29.760]  他要把那些在你上面銷獻祭物的丘壇祭司
[01:24:29.760 --> 01:24:31.760]  都載獻在你上面
[01:24:31.760 --> 01:24:35.760]  人的骸骨都要在你上面焚燒」
[01:24:35.760 --> 01:24:39.760]  即是都要在丘壇上焚燒
[01:24:39.760 --> 01:24:41.760]  這一段事跡
[01:24:43.760 --> 01:24:46.760]  是在耶羅伯案的時候宣告的
[01:24:46.760 --> 01:24:49.760]  耶羅伯案的時候宣告
[01:24:49.760 --> 01:24:54.760]  約西亞會在猶大地,在伯特利
[01:24:54.760 --> 01:24:57.760]  就會清理所有的祭壇
[01:24:57.760 --> 01:25:02.760]  你知道耶羅伯案跟約西亞相隔了多久嗎?
[01:25:02.760 --> 01:25:04.760]  很久,很久
[01:25:04.760 --> 01:25:07.760]  相隔了三百年
[01:25:07.760 --> 01:25:11.760]  即是三百年前有一個無名無姓的神人
[01:25:11.760 --> 01:25:14.760]  就去到耶羅伯案面前
[01:25:14.760 --> 01:25:22.760]  總之有一個叫約西亞大衛的子孫
[01:25:22.760 --> 01:25:25.760]  他就會拆了你這裡的祭壇
[01:25:25.760 --> 01:25:28.760]  你是耶羅伯案你會怎樣?
[01:25:28.760 --> 01:25:30.760]  你說四個字而已
[01:25:30.760 --> 01:25:34.760]  耶羅伯案關我什麼事?
[01:25:34.760 --> 01:25:37.760]  三百年後關我什麼事?
[01:25:37.760 --> 01:25:39.760]  所以神人怎麼做?
[01:25:39.760 --> 01:25:43.760]  神人馬上做了另外一個寓言
[01:25:43.760 --> 01:25:46.760]  就是一個即時的預兆
[01:25:46.760 --> 01:25:49.760]  神人就這樣說
[01:25:49.760 --> 01:25:50.760]  第三節
[01:25:50.760 --> 01:25:53.760]  那天神人吸了一個標記
[01:25:53.760 --> 01:25:54.760]  即是一個預兆
[01:25:54.760 --> 01:25:58.760]  就說這是耶和華所說的標記
[01:25:58.760 --> 01:26:00.760]  這祭壇一定會破裂
[01:26:00.760 --> 01:26:04.760]  祭壇上的灰要傾倒下來
[01:26:04.760 --> 01:26:06.760]  當耶羅伯案聽見的時候
[01:26:06.760 --> 01:26:10.760]  就叫新的手捉住它
[01:26:10.760 --> 01:26:13.760]  結果當他捉住它的時候
[01:26:13.760 --> 01:26:17.760]  耶羅伯案的手就縮不回來
[01:26:17.760 --> 01:26:22.760]  照著神人奉耶和華的命令所吸的標記
[01:26:22.760 --> 01:26:25.760]  這個時候祭壇就破裂
[01:26:25.760 --> 01:26:29.760]  然後祭壇的灰就傾倒出來
[01:26:29.760 --> 01:26:35.760]  所以這個標記是即時給耶羅伯案看的
[01:26:35.760 --> 01:26:38.760]  關不關他事?
[01:26:38.760 --> 01:26:40.760]  關他事
[01:26:40.760 --> 01:26:42.760]  三百年後都關他事
[01:26:42.760 --> 01:26:45.760]  現在神人或者神就說
[01:26:45.760 --> 01:26:48.760]  三百年後約西亞做的宗教改革
[01:26:48.760 --> 01:26:50.760]  都是你是始作俑者
[01:26:50.760 --> 01:26:55.760]  你弄了那兩個蛋和伯特利的金牛洞
[01:26:55.760 --> 01:26:58.760]  你在伯特利周圍建優壇
[01:26:58.760 --> 01:27:01.760]  現在沒有人拆你
[01:27:01.760 --> 01:27:03.760]  那你覺得沒什麼
[01:27:03.760 --> 01:27:05.760]  我也不知道誰是約西亞
[01:27:05.760 --> 01:27:07.760]  神人告訴你
[01:27:07.760 --> 01:27:09.760]  祭壇會傾倒
[01:27:09.760 --> 01:27:11.760]  祭壇的灰會流出來
[01:27:11.760 --> 01:27:14.760]  結果馬上就流出來了
[01:27:14.760 --> 01:27:16.760]  而耶羅伯案的手伸了出來
[01:27:16.760 --> 01:27:18.760]  突然間就破裂了
[01:27:18.760 --> 01:27:21.760]  他當然是即時信
[01:27:21.760 --> 01:27:26.760]  這個就是先知在王國時候
[01:27:26.760 --> 01:27:30.760]  為什麼他好像在祭行君王
[01:27:30.760 --> 01:27:35.760]  就是他經常用這些說話應驗的證據
[01:27:35.760 --> 01:27:38.760]  去證實神是不妥你的
[01:27:38.760 --> 01:27:41.760]  神是不滿意你做的這件事
[01:27:41.760 --> 01:27:42.760]  你信不信呢?
[01:27:42.760 --> 01:27:46.760]  他當然可以看完你行神
[01:27:46.760 --> 01:27:49.760]  然後轉頭不信
[01:27:49.760 --> 01:27:50.760]  這一刻就說
[01:27:50.760 --> 01:27:52.760]  信啊信啊信啊神人
[01:27:52.760 --> 01:27:56.760]  甚至耶羅伯案叫神人加入內閣
[01:27:56.760 --> 01:27:58.760]  神人不理他
[01:27:58.760 --> 01:28:03.760]  但是耶羅伯案有沒有拆了那些優壇呢?
[01:28:03.760 --> 01:28:04.760]  沒有
[01:28:04.760 --> 01:28:07.760]  所以其實你看到
[01:28:07.760 --> 01:28:10.760]  前先知書或者人家說的歷史書
[01:28:10.760 --> 01:28:12.760]  去記載的先知
[01:28:12.760 --> 01:28:17.760]  很多時候都在說這些說話應驗的證據
[01:28:17.760 --> 01:28:19.760]  如果你想挑戰的話
[01:28:19.760 --> 01:28:20.760]  我給大家一個功課
[01:28:20.760 --> 01:28:22.760]  不過我就不會告訴你答案
[01:28:22.760 --> 01:28:24.760]  因為你在聖經找不到
[01:28:24.760 --> 01:28:28.760]  你由聖經上到聖經下
[01:28:28.760 --> 01:28:33.760]  你找照著某某先知所說的話應驗
[01:28:33.760 --> 01:28:37.760]  這句說話是不停出現的
[01:28:37.760 --> 01:28:44.760]  你就信為何希伯來聖經會將聖經視為前先知說
[01:28:44.760 --> 01:28:47.760]  就是不停說這句說話又照著
[01:28:47.760 --> 01:28:48.760]  不知是誰
[01:28:48.760 --> 01:28:49.760]  以利亞先知說
[01:28:49.760 --> 01:28:50.760]  這句說話又照著
[01:28:50.760 --> 01:28:54.760]  以利亞先知說你找得很有趣
[01:28:54.760 --> 01:28:59.760]  當功課回去這兩個星期
[01:28:59.760 --> 01:29:01.760]  看完《獵王紀》上下
[01:29:01.760 --> 01:29:03.760]  逐個數
[01:29:03.760 --> 01:29:04.760]  你就會找到
[01:29:04.760 --> 01:29:05.760]  是喲
[01:29:05.760 --> 01:29:08.760]  真的好像喆老師說
[01:29:08.760 --> 01:29:09.760]  是喲
[01:29:09.760 --> 01:29:12.760]  真的經常會說某些說話
[01:29:12.760 --> 01:29:14.760]  或者先知做的某些事
[01:29:14.760 --> 01:29:18.760]  就是應驗了他之前說的說話
[01:29:18.760 --> 01:29:21.760]  既然是這樣
[01:29:21.760 --> 01:29:23.760]  我們就繼續看
[01:29:23.760 --> 01:29:26.760]  其實先知活動在主持八世紀
[01:29:26.760 --> 01:29:29.760]  即是在說王國時代的發展
[01:29:29.760 --> 01:29:31.760]  當然我們見到以利山
[01:29:31.760 --> 01:29:34.760]  以利亞很多時候用一些神蹟
[01:29:34.760 --> 01:29:38.760]  從口傳發展到文字的記錄
[01:29:38.760 --> 01:29:41.760]  八世紀之前的先知著作
[01:29:41.760 --> 01:29:42.760]  正如我剛才說
[01:29:42.760 --> 01:29:45.760]  主要是偏重君王的
[01:29:45.760 --> 01:29:47.760]  主要是偏重君王的歷史
[01:29:47.760 --> 01:29:51.760]  即是好像是和君王說教
[01:29:51.760 --> 01:29:55.760]  不過慢慢著作先知出現了
[01:29:55.760 --> 01:29:58.760]  為什麼著作先知會出現呢
[01:29:58.760 --> 01:30:03.760]  就是因為著作先知要將他的訊息傳開
[01:30:03.760 --> 01:30:05.760]  還有著作先知發現
[01:30:05.760 --> 01:30:09.760]  現在神的宣講對象是改變了
[01:30:09.760 --> 01:30:11.760]  如果在王國時代
[01:30:11.760 --> 01:30:14.760]  神透過先知對君王說話
[01:30:14.760 --> 01:30:18.760]  好像和古近東的占卜者很相似
[01:30:18.760 --> 01:30:21.760]  但是來到八世紀以後
[01:30:21.760 --> 01:30:24.760]  開始出現著作先知的時候
[01:30:24.760 --> 01:30:27.760]  其實說話的對象改變了
[01:30:27.760 --> 01:30:31.760]  我們看看耶利米書
[01:30:31.760 --> 01:30:32.760]  同一本書
[01:30:32.760 --> 01:30:34.760]  耶利米書第七章
[01:30:34.760 --> 01:30:39.760]  當時是在約瓦敬登基的那一年
[01:30:39.760 --> 01:30:42.760]  耶和華的話就輪到耶利米說
[01:30:42.760 --> 01:30:46.760]  你要站在耶和華殿的門口
[01:30:46.760 --> 01:30:48.760]  在那裡宣告這話
[01:30:48.760 --> 01:30:49.760]  仍然是說的
[01:30:49.760 --> 01:30:51.760]  在那裡宣告這話
[01:30:51.760 --> 01:30:54.760]  所有進入亞經班耶和華的人
[01:30:54.760 --> 01:30:56.760]  你們要聽耶和華的話
[01:30:56.760 --> 01:30:59.760]  但是去到耶利米書三十六章
[01:30:59.760 --> 01:31:01.760]  我們剛才都略略說過了
[01:31:01.760 --> 01:31:05.760]  當時就是約瓦敬第四年
[01:31:05.760 --> 01:31:07.760]  就是差了不久
[01:31:07.760 --> 01:31:09.760]  約瓦敬第四年的時候
[01:31:09.760 --> 01:31:13.760]  神就跟耶利米說
[01:31:13.760 --> 01:31:16.760]  你要取一書卷來
[01:31:16.760 --> 01:31:20.760]  在上面寫下我從約西亞的時候
[01:31:20.760 --> 01:31:21.760]  直到今天
[01:31:21.760 --> 01:31:24.760]  對你所說關於以色列
[01:31:24.760 --> 01:31:26.760]  猶大以及列國的一切話
[01:31:26.760 --> 01:31:30.760]  或許猶大人聽見我要降級
[01:31:30.760 --> 01:31:31.760]  他們所有災禍
[01:31:31.760 --> 01:31:34.760]  各人就會回轉離開自己的國度
[01:31:34.760 --> 01:31:37.760]  我就寬恕他們罪行和罪惡
[01:31:37.760 --> 01:31:40.760]  你見到好像慢慢轉變了
[01:31:40.760 --> 01:31:42.760]  在耶利米書七章
[01:31:42.760 --> 01:31:44.760]  約瓦敬登基的那一年
[01:31:44.760 --> 01:31:49.760]  神仍然是叫耶利米在盛年宣告
[01:31:49.760 --> 01:31:52.760]  而約瓦敬第四年的時候
[01:31:52.760 --> 01:31:53.760]  神邀約
[01:31:53.760 --> 01:31:55.760]  耶利米你拿一卷書出來記下
[01:31:55.760 --> 01:31:59.760]  我從約西亞王年代來到現在
[01:31:59.760 --> 01:32:00.760]  我所說的話
[01:32:00.760 --> 01:32:02.760]  目的是什麼
[01:32:02.760 --> 01:32:04.760]  目的是要陽道
[01:32:04.760 --> 01:32:09.760]  或許猶大人他們聽見我所說的話
[01:32:09.760 --> 01:32:11.760]  他們會悔改
[01:32:11.760 --> 01:32:16.760]  之前我說先知說的話是和君王說
[01:32:16.760 --> 01:32:20.760]  現在先知說的話第七章
[01:32:20.760 --> 01:32:25.760]  是和來到聖義的耶路撒冷的百姓說
[01:32:25.760 --> 01:32:28.760]  然後三十六章就說
[01:32:28.760 --> 01:32:29.760]  直接寫下
[01:32:29.760 --> 01:32:33.760]  寫下他和猶大的百姓說
[01:32:33.760 --> 01:32:36.760]  然後我們見到都是耶利米書
[01:32:36.760 --> 01:32:39.760]  都是耶利米書第五十
[01:32:39.760 --> 01:32:41.760]  第五十一章
[01:32:41.760 --> 01:32:43.760]  五十九到六十四節
[01:32:43.760 --> 01:32:49.760]  當時為什麼要有著作出現
[01:32:49.760 --> 01:32:52.760]  就是要將訊息準確地傳開
[01:32:52.760 --> 01:32:55.760]  耶利米書五十一章五十九節就說
[01:32:55.760 --> 01:32:57.760]  西底加王為四年
[01:32:57.760 --> 01:33:03.760]  西底加找了西來亞和自己一起去巴比倫
[01:33:03.760 --> 01:33:08.760]  當時耶利米先知就和西來亞說
[01:33:08.760 --> 01:33:13.760]  耶利米就將所有論及巴比倫的說話
[01:33:13.760 --> 01:33:16.760]  包括將要臨到巴比倫的一切災禍
[01:33:16.760 --> 01:33:19.760]  都寫在一個書上
[01:33:19.760 --> 01:33:21.760]  然後就對西來亞說
[01:33:21.760 --> 01:33:25.760]  你去到巴比倫之後一定要宣讀這些說話
[01:33:25.760 --> 01:33:27.760]  然後你要去
[01:33:27.760 --> 01:33:28.760]  你要說
[01:33:28.760 --> 01:33:30.760]  耶和華論到這地方
[01:33:30.760 --> 01:33:33.760]  你曾親自將他剪除
[01:33:33.760 --> 01:33:36.760]  使這地永遠荒茫無人居住
[01:33:36.760 --> 01:33:39.760]  然後你宣讀完這本書之後
[01:33:39.760 --> 01:33:41.760]  就要將一塊石頭
[01:33:41.760 --> 01:33:42.760]  山在
[01:33:42.760 --> 01:33:44.760]  即是綁在書面上
[01:33:44.760 --> 01:33:47.760]  然後就丟到幽伐拉底河裏面
[01:33:47.760 --> 01:33:49.760]  於是就象徵什麼
[01:33:49.760 --> 01:33:52.760]  巴比倫就要因耶和華
[01:33:52.760 --> 01:33:57.760]  將要降級他的災禍就這人沉下去
[01:33:57.760 --> 01:33:59.760]  所以書卷有什麼用
[01:33:59.760 --> 01:34:01.760]  書卷就要傳開他
[01:34:01.760 --> 01:34:05.760]  這個西來亞拿了耶利米講的書卷
[01:34:05.760 --> 01:34:08.760]  然後去去去去到很遠了巴比倫
[01:34:08.760 --> 01:34:10.760]  然後就宣講這個訊息
[01:34:10.760 --> 01:34:12.760]  即是對著巴比倫宣講這個訊息
[01:34:12.760 --> 01:34:15.760]  然後就將書卷綁在石頭上丟下去
[01:34:15.760 --> 01:34:18.760]  寓意巴比倫將會被審判
[01:34:18.760 --> 01:34:23.760]  所以著作先知或者先知文學出現
[01:34:23.760 --> 01:34:27.760]  是在於要準確將訊息傳過去
[01:34:27.760 --> 01:34:28.760]  你都知道的
[01:34:28.760 --> 01:34:35.760]  你又玩過義和傳和這個團體運動
[01:34:35.760 --> 01:34:37.760]  遊戲的
[01:34:37.760 --> 01:34:38.760]  我講一句說話
[01:34:38.760 --> 01:34:40.760]  然後大家一路傳
[01:34:40.760 --> 01:34:44.760]  通常去到最後那個都亂了
[01:34:44.760 --> 01:34:46.760]  傳錯了
[01:34:46.760 --> 01:34:50.760]  所以你明白靠口傳不準確
[01:34:50.760 --> 01:34:53.760]  所以就要寫巴比倫
[01:34:53.760 --> 01:34:57.760]  同樣其實宣講對象都開始改變
[01:34:57.760 --> 01:35:00.760]  但如果我們看列王記
[01:35:00.760 --> 01:35:03.760]  列王記當時這樣講
[01:35:03.760 --> 01:35:06.760]  因為耶和華看見以色列非常艱苦
[01:35:06.760 --> 01:35:09.760]  沒有人支持沒有人幫助
[01:35:09.760 --> 01:35:11.760]  以色列沒有幫助者
[01:35:11.760 --> 01:35:15.760]  耶和華沒有說過要將以色列的民族天下抹掉
[01:35:15.760 --> 01:35:20.760]  所以他直著約瓦斯的兒子耶羅伯安的手
[01:35:20.760 --> 01:35:22.760]  拯救他們
[01:35:22.760 --> 01:35:25.760]  這個耶羅伯安我們叫耶羅伯安二世
[01:35:25.760 --> 01:35:30.760]  即不是北國那個創國的君王
[01:35:30.760 --> 01:35:32.760]  耶羅伯安二世
[01:35:32.760 --> 01:35:39.760]  其實耶羅伯安二世是當時以色列國一個很興旺的時候
[01:35:39.760 --> 01:35:45.760]  當時在歷史裏面北國以色列很強大的時候
[01:35:45.760 --> 01:35:47.760]  就是耶羅伯安二世的時候
[01:35:47.760 --> 01:35:53.760]  當時神就說我沒有要塗抹所有以色列人
[01:35:53.760 --> 01:36:00.760]  我反而是靠耶羅伯安這個君王去拯救這班以色列人
[01:36:00.760 --> 01:36:04.760]  所以你明白先知就是跟耶羅伯安講
[01:36:04.760 --> 01:36:06.760]  你要拯救這班以色列人
[01:36:06.760 --> 01:36:09.760]  你要乖不可以背叛神
[01:36:09.760 --> 01:36:13.760]  所以先知的對象或神說的對象是君王
[01:36:13.760 --> 01:36:16.760]  但是去到阿摩斯書
[01:36:16.760 --> 01:36:18.760]  阿摩斯書第七章就說
[01:36:18.760 --> 01:36:20.760]  因為阿摩斯這樣說
[01:36:20.760 --> 01:36:22.760]  耶羅伯安會死在道下
[01:36:22.760 --> 01:36:26.760]  以色列必被擄離開自己的地
[01:36:26.760 --> 01:36:29.760]  這個耶羅伯安又是耶羅伯安二世
[01:36:29.760 --> 01:36:32.760]  不過阿摩斯先知現在就講什麼
[01:36:32.760 --> 01:36:34.760]  不是靠耶羅伯安
[01:36:34.760 --> 01:36:36.760]  不是靠耶羅伯安
[01:36:36.760 --> 01:36:38.760]  耶羅伯安都會死的
[01:36:38.760 --> 01:36:40.760]  因為耶羅伯安做得不好被審判
[01:36:40.760 --> 01:36:43.760]  然後阿摩斯書八章二字就說
[01:36:43.760 --> 01:36:46.760]  耶穌說阿摩斯你看見什麼
[01:36:46.760 --> 01:36:48.760]  阿摩斯就回答了
[01:36:48.760 --> 01:36:51.760]  就是一籃下收的無花果
[01:36:51.760 --> 01:36:53.760]  然後他對我說
[01:36:53.760 --> 01:36:55.760]  我只問以色列的結局到了
[01:36:55.760 --> 01:36:57.760]  我不會再悔轉行
[01:36:57.760 --> 01:37:01.760]  所以同時代在耶羅伯安二世的時候
[01:37:01.760 --> 01:37:05.760]  阿摩斯先知講的話跟誰講
[01:37:05.760 --> 01:37:08.760]  跟以色列人講
[01:37:08.760 --> 01:37:13.760]  但是前先知書記錄耶羅伯安當時
[01:37:13.760 --> 01:37:16.760]  先知一定是跟耶羅伯安講
[01:37:16.760 --> 01:37:19.760]  所以從聖經的記載裏面
[01:37:19.760 --> 01:37:24.760]  你就可以見到以色列先知所傳的訊息
[01:37:24.760 --> 01:37:30.760]  是由針對君王轉移到針對百姓
[01:37:30.760 --> 01:37:34.760]  當中的轉移點應該大約在
[01:37:34.760 --> 01:37:37.760]  耶羅伯安二世這個時候開始
[01:37:37.760 --> 01:37:39.760]  因為這個時候正正就是
[01:37:39.760 --> 01:37:44.760]  先知阿摩斯宣告訊息的時候
[01:37:44.760 --> 01:37:47.760]  所以當前先知告訴你
[01:37:47.760 --> 01:37:50.760]  原來神是跟耶羅伯安講
[01:37:50.760 --> 01:37:52.760]  叫耶羅伯安去拯救以色列人
[01:37:52.760 --> 01:37:55.760]  但是在耶羅伯安二世同時期的
[01:37:55.760 --> 01:38:01.760]  阿摩斯先知卻是將對象轉變到百姓
[01:38:01.760 --> 01:38:06.760]  所以這個宣講對象的轉變
[01:38:06.760 --> 01:38:09.760]  你可以當是由耶羅伯安二世
[01:38:09.760 --> 01:38:11.760]  聖經呈現出來的
[01:38:11.760 --> 01:38:14.760]  就好像從耶羅伯安二世出現
[01:38:14.760 --> 01:38:19.760]  既然講了這麼多宣講對象改變
[01:38:19.760 --> 01:38:22.760]  訊息要準確出現
[01:38:22.760 --> 01:38:26.760]  這是著作先知為何會出現
[01:38:26.760 --> 01:38:27.760]  既然著作先知出現
[01:38:27.760 --> 01:38:31.760]  即是代表著他的著作會出現
[01:38:31.760 --> 01:38:36.760]  所以當我們從古景東先知的
[01:38:36.760 --> 01:38:39.760]  忠誡者的行為
[01:38:39.760 --> 01:38:43.760]  我們進入到聖經裏面的先知
[01:38:43.760 --> 01:38:45.760]  他們有什麼行為
[01:38:45.760 --> 01:38:47.760]  分別就是在王國時代
[01:38:47.760 --> 01:38:50.760]  這些先知是對君王講說話的
[01:38:50.760 --> 01:38:53.760]  他們是抗衡君王的
[01:38:53.760 --> 01:38:58.760]  去到現在的訊息的對象轉變
[01:38:58.760 --> 01:39:00.760]  成為了百姓
[01:39:00.760 --> 01:39:01.760]  不再是君王了
[01:39:01.760 --> 01:39:04.760]  需要訊息能夠準確的
[01:39:04.760 --> 01:39:06.760]  對君王我跟你講就行了
[01:39:06.760 --> 01:39:08.760]  用不著寫給你
[01:39:08.760 --> 01:39:11.760]  但我對大家講我就要錄影
[01:39:11.760 --> 01:39:15.760]  我們要錄影才能夠對大家講
[01:39:15.760 --> 01:39:19.760]  你就明白當對象轉變的時候
[01:39:19.760 --> 01:39:21.760]  就是著作會出現
[01:39:21.760 --> 01:39:23.760]  所以當我們研究
[01:39:23.760 --> 01:39:27.760]  或者我們嘗試去解先知書的時候
[01:39:27.760 --> 01:39:29.760]  我們一定不可以忽略的
[01:39:29.760 --> 01:39:32.760]  就是先知的文學
[01:39:32.760 --> 01:39:35.760]  可能今日會遲少少
[01:39:35.760 --> 01:39:37.760]  但我都想跟大家分享少少
[01:39:37.760 --> 01:39:39.760]  先知的文學
[01:39:39.760 --> 01:39:42.760]  基本上我們會見到
[01:39:42.760 --> 01:39:44.760]  我們會從三個方面去看
[01:39:44.760 --> 01:39:50.760]  分別就是標題、敘事或者耶利米書的位置
[01:39:50.760 --> 01:39:53.760]  來跟大家演繹
[01:39:53.760 --> 01:39:56.760]  你會發現其實
[01:39:56.760 --> 01:40:06.760]  其實每一卷先知書開始的時候
[01:40:06.760 --> 01:40:08.760]  都有一個標題
[01:40:08.760 --> 01:40:13.760]  而這個標題都是跟書卷有關的作者
[01:40:13.760 --> 01:40:18.760]  或者這些標題都會寫到他寫作的時候
[01:40:18.760 --> 01:40:20.760]  或者書卷的內容
[01:40:20.760 --> 01:40:22.760]  例如以賽亞書一章就說
[01:40:22.760 --> 01:40:25.760]  烏西亞、約旦、阿哈斯、希西加
[01:40:25.760 --> 01:40:28.760]  這些王在位的時候
[01:40:28.760 --> 01:40:30.760]  就是那個時間
[01:40:30.760 --> 01:40:32.760]  然後阿摩斯的兒子以賽亞
[01:40:32.760 --> 01:40:35.760]  這個就是跟那個先知有關
[01:40:35.760 --> 01:40:38.760]  然後就說標題就告訴你
[01:40:38.760 --> 01:40:39.760]  以賽亞書講什麼的
[01:40:39.760 --> 01:40:44.760]  就是以賽亞看見關於猶大和耶路撒冷的遺像
[01:40:44.760 --> 01:40:49.760]  所以你見到原來那些標題是刻意的
[01:40:49.760 --> 01:40:53.760]  將時間、將作者有關的東西
[01:40:53.760 --> 01:40:57.760]  以及他要宣講的東西寫了下來
[01:40:57.760 --> 01:41:01.760]  然後我們就見到
[01:41:01.760 --> 01:41:05.760]  從敘事又是一些標開始的時候
[01:41:05.760 --> 01:41:08.760]  例如以賽亞書一章開始的時候
[01:41:08.760 --> 01:41:10.760]  最初的時候這麼說
[01:41:10.760 --> 01:41:12.760]  「在三十年四月初五我」
[01:41:12.760 --> 01:41:13.760]  就是以西傑
[01:41:13.760 --> 01:41:16.760]  「在加巴魯河邊避路的人當中
[01:41:16.760 --> 01:41:21.760]  那時天外了我看見神的遺像」
[01:41:21.760 --> 01:41:23.760]  然後第二節就說
[01:41:23.760 --> 01:41:26.760]  「正是約阿根廓避路的第五年四月初五」
[01:41:26.760 --> 01:41:27.760]  第三節
[01:41:27.760 --> 01:41:30.760]  「在迦納第一人之地的加巴魯河邊
[01:41:30.760 --> 01:41:38.760]  耶和華驚惑特地臨到布西的兒子以西傑濟斯」
[01:41:38.760 --> 01:41:42.760]  明明剛才用第一人稱
[01:41:42.760 --> 01:41:46.760]  好像以西傑自己在寫
[01:41:46.760 --> 01:41:47.760]  告訴你
[01:41:47.760 --> 01:41:48.760]  第三節
[01:41:48.760 --> 01:41:51.760]  以西傑不會這樣告訴你
[01:41:51.760 --> 01:41:54.760]  有一個第三人稱的告訴你
[01:41:54.760 --> 01:42:01.760]  「耶和華驚惑特地臨到布西的兒子濟斯以西傑」
[01:42:01.760 --> 01:42:04.760]  是不是看到分別
[01:42:04.760 --> 01:42:05.760]  從第一人稱
[01:42:05.760 --> 01:42:11.760]  如果整段都是神直接跟以西傑說
[01:42:11.760 --> 01:42:13.760]  第三節應該就是
[01:42:13.760 --> 01:42:16.760]  「在迦納第一人之地的加巴魯河邊
[01:42:16.760 --> 01:42:19.760]  耶和華驚惑臨到我」
[01:42:19.760 --> 01:42:21.760]  明白嗎
[01:42:21.760 --> 01:42:26.760]  現在為什麼說臨到布西的兒子濟斯以西傑
[01:42:26.760 --> 01:42:30.760]  意思就是暗示其實先知書的內容
[01:42:30.760 --> 01:42:35.760]  其實除了由先知自己受感動之外
[01:42:35.760 --> 01:42:39.760]  都可能加上後人的編輯工作
[01:42:39.760 --> 01:42:41.760]  標題很明顯
[01:42:41.760 --> 01:42:42.760]  我剛才說標題
[01:42:42.760 --> 01:42:45.760]  它告訴你書講什麼
[01:42:45.760 --> 01:42:49.760]  如果你想先知領受異象
[01:42:49.760 --> 01:42:54.760]  當然最終也是將異象集結在一起
[01:42:54.760 --> 01:42:57.760]  它會給你標題
[01:42:57.760 --> 01:42:59.760]  其中一個例子就是
[01:42:59.760 --> 01:43:03.760]  耶利米蘇的《瑪索拉版本》和《七十時期本》
[01:43:03.760 --> 01:43:07.760]  耶利米蘇的七章
[01:43:07.760 --> 01:43:16.760]  耶利米蘇的七章一至四節
[01:43:16.760 --> 01:43:21.760]  《瑪索拉版本》和《七十時期本》有很大的分別
[01:43:21.760 --> 01:43:27.760]  《七十時期本》其實它在耶利米蘇的六章十六節
[01:43:27.760 --> 01:43:31.760]  當時耶利米蘇的《七十時期本》
[01:43:31.760 --> 01:43:36.760]  即是你們螢光幕的右手邊
[01:43:36.760 --> 01:43:38.760]  就講耶和華這樣說
[01:43:38.760 --> 01:43:42.760]  「你們要站在路上察看」
[01:43:42.760 --> 01:43:46.760]  你留意它左手邊LT
[01:43:46.760 --> 01:43:48.760]  即是《瑪索拉版本》
[01:43:48.760 --> 01:43:50.760]  它都是在講耶和華這樣說
[01:43:50.760 --> 01:43:53.760]  「你們要站在路上察看」
[01:43:53.760 --> 01:43:56.760]  去到六章三十節
[01:43:56.760 --> 01:44:00.760]  《瑪索拉版本》和《七十時期本》都是一樣
[01:44:00.760 --> 01:44:02.760]  「人要清他門衛」
[01:44:02.760 --> 01:44:07.760]  即是「被棄的銀渣」
[01:44:07.760 --> 01:44:10.760]  因為耶和華已經離棄了他們
[01:44:10.760 --> 01:44:14.760]  你見到《瑪索拉版本》和《七十時期本》一樣
[01:44:14.760 --> 01:44:18.760]  不過《七十時期本》就沒有了
[01:44:18.760 --> 01:44:23.760]  《瑪索拉版本》的七章一節和七章二節
[01:44:23.760 --> 01:44:26.760]  《瑪索拉版本》的七章一節是這樣說
[01:44:26.760 --> 01:44:29.760]  耶和華說「臨到耶利米蘇」
[01:44:29.760 --> 01:44:35.760]  「你要站在耶和華殿的門口在那裡宣告」
[01:44:35.760 --> 01:44:39.760]  如果你看看你右手邊《七十時期本》
[01:44:39.760 --> 01:44:42.760]  它在六章三十節之後
[01:44:42.760 --> 01:44:45.760]  就直接說「你們要聽耶和華的話」
[01:44:45.760 --> 01:44:48.760]  然後耶和華以色列的神就說
[01:44:48.760 --> 01:44:50.760]  「你們要改正自己的生活方式與行為」
[01:44:50.760 --> 01:44:53.760]  「我就讓你們凝居在此地」
[01:44:53.760 --> 01:44:55.760]  「不要憑著謊言依靠自己」
[01:44:55.760 --> 01:44:57.760]  「因為這些話對你們毫無益處」
[01:44:57.760 --> 01:45:01.760]  「不要說這是耶和華的事」
[01:45:01.760 --> 01:45:05.760]  很明顯後來《瑪索拉版本》的人
[01:45:05.760 --> 01:45:10.760]  就發現明明由六章十六節開始說的處境
[01:45:10.760 --> 01:45:14.760]  是在街上告、在路上告
[01:45:14.760 --> 01:45:18.760]  不過來到《七十時期本》
[01:45:18.760 --> 01:45:24.760]  最後的第四節就說「這是耶和華的事」
[01:45:24.760 --> 01:45:27.760]  即是轉了一個場景
[01:45:27.760 --> 01:45:32.760]  《瑪索拉版本》就為你補充了一件事
[01:45:32.760 --> 01:45:35.760]  它就說在七章一節的時候
[01:45:35.760 --> 01:45:37.760]  它就告訴我們
[01:45:37.760 --> 01:45:39.760]  耶和華的書說「臨到耶利米」
[01:45:39.760 --> 01:45:43.760]  「你要站在耶和華殿的門口」
[01:45:43.760 --> 01:45:45.760]  即是說《瑪索拉版本》
[01:45:45.760 --> 01:45:49.760]  知道其實當時七章二節
[01:45:49.760 --> 01:45:51.760]  下至到第四節
[01:45:51.760 --> 01:45:54.760]  應該代表著一個新的演講
[01:45:54.760 --> 01:45:59.760]  之前的演講是針對在路上分差後的人
[01:45:59.760 --> 01:46:03.760]  七章二節B下半部分到第四節
[01:46:03.760 --> 01:46:05.760]  是針對聖殿的人
[01:46:05.760 --> 01:46:11.760]  於是《瑪索拉版本》就補充了這一句
[01:46:11.760 --> 01:46:14.760]  「你要站在耶和華殿的門口」
[01:46:14.760 --> 01:46:15.760]  明白嗎?
[01:46:15.760 --> 01:46:18.760]  基本上剛才都漏了跟大家說
[01:46:18.760 --> 01:46:23.760]  就是《七十時期本》的耶利米書
[01:46:23.760 --> 01:46:28.760]  基本上它的編排是早過《瑪索拉版本》
[01:46:28.760 --> 01:46:30.760]  所以你明白我為什麼
[01:46:30.760 --> 01:46:32.760]  《瑪索拉版本》補充了一些
[01:46:32.760 --> 01:46:35.760]  《七十時期本》好像不清不楚的東西
[01:46:35.760 --> 01:46:37.760]  就是這個意思
[01:46:37.760 --> 01:46:38.760]  而你又會知道
[01:46:38.760 --> 01:46:40.760]  其實死海古卷裏面
[01:46:40.760 --> 01:46:43.760]  找到的耶利米書的殘卷
[01:46:43.760 --> 01:46:47.760]  其實是跟耶利米書的《七十時期本》很相似
[01:46:47.760 --> 01:46:52.760]  就不是跟《瑪索拉版本》很相似
[01:46:59.760 --> 01:47:00.760]  不要太誇張
[01:47:00.760 --> 01:47:03.760]  所以當我剛才這樣說的時候
[01:47:03.760 --> 01:47:05.760]  你去研讀先知書
[01:47:05.760 --> 01:47:06.760]  你一定要知道
[01:47:06.760 --> 01:47:10.760]  其實先知書是有一個成書的過程
[01:47:10.760 --> 01:47:13.760]  它一定首先是有先知的言論
[01:47:13.760 --> 01:47:18.760]  然後就是慢慢有些可能編輯會補真
[01:47:18.760 --> 01:47:21.760]  或者會整理
[01:47:21.760 --> 01:47:23.760]  於是先知書的成書
[01:47:23.760 --> 01:47:26.760]  可能是經歷了一段比較長的時間
[01:47:26.760 --> 01:47:28.760]  例如如果我們繼續看
[01:47:28.760 --> 01:47:30.760]  譬如《以西傑書》
[01:47:30.760 --> 01:47:36.760]  《以西傑書》就有14個這些日期標誌
[01:47:36.760 --> 01:47:40.760]  是編排在以西傑的不同地方
[01:47:40.760 --> 01:47:42.760]  就是不同章節裏面
[01:47:42.760 --> 01:47:49.760]  其實就是要將主持597年到586年的這些災難事件
[01:47:49.760 --> 01:47:53.760]  是組成好像一個次序那樣
[01:47:53.760 --> 01:47:56.760]  去呈現《以西傑書》裏面的神學
[01:47:56.760 --> 01:48:01.760]  所以這個一定是你不能夠否定
[01:48:01.760 --> 01:48:07.760]  先知書裏面是經歷了一段比較長的時間的整理
[01:48:07.760 --> 01:48:09.760]  不單止是先知自己所說的話
[01:48:09.760 --> 01:48:15.760]  也是神使用一些後日去整理了這些先知書
[01:48:15.760 --> 01:48:18.760]  所以當我們看先知書的時候
[01:48:18.760 --> 01:48:20.760]  我們一定就要
[01:48:21.760 --> 01:48:28.760]  我們要從一個文學的角度嘗試去解構先知書
[01:48:28.760 --> 01:48:32.760]  這個就是我們可能會透過標題的格式
[01:48:32.760 --> 01:48:36.760]  透過敘事的形式
[01:48:36.760 --> 01:48:38.760]  透過說話的形式
[01:48:38.760 --> 01:48:43.760]  這三種形式去嘗試去明白先知書在說什麼
[01:48:43.760 --> 01:48:46.760]  例如標題的格式
[01:48:46.760 --> 01:48:48.760]  有傳短書的標題
[01:48:48.760 --> 01:48:51.760]  如果你看先知書其實很好看的
[01:48:51.760 --> 01:48:54.760]  就是它每個單元
[01:48:54.760 --> 01:48:58.760]  很多時候都會有這些我們叫做公式出現
[01:48:58.760 --> 01:49:03.760]  例如有這個叫做先知語言公式
[01:49:03.760 --> 01:49:06.760]  就是耶和華的話臨到我說
[01:49:06.760 --> 01:49:11.760]  通常出現耶和華的話臨到我說
[01:49:11.760 --> 01:49:15.760]  就是代表神的說話開始說了
[01:49:15.760 --> 01:49:18.760]  另一個就叫做使者公式
[01:49:18.760 --> 01:49:22.760]  就是主耶和華這樣說
[01:49:22.760 --> 01:49:24.760]  主耶和華這樣說
[01:49:24.760 --> 01:49:29.760]  這句說話都是在神語開始的時候出現的
[01:49:29.760 --> 01:49:32.760]  然後當神說完所有說話
[01:49:32.760 --> 01:49:34.760]  或者先知書說完所有說話
[01:49:34.760 --> 01:49:37.760]  通常就會有一個我們叫做認知公式
[01:49:37.760 --> 01:49:40.760]  你們就知道我是耶和華
[01:49:40.760 --> 01:49:45.760]  我剛才說的話目的是要讓你們就知道我是耶和華
[01:49:45.760 --> 01:49:49.760]  所以這句公式是在結尾的時候出現
[01:49:49.760 --> 01:49:52.760]  而另外有一個公式就好像簽名一樣
[01:49:52.760 --> 01:49:53.760]  我們叫做簽字公式
[01:49:53.760 --> 01:49:56.760]  就是主耶和華這樣宣告
[01:49:56.760 --> 01:49:59.760]  就好像說完一堆東西
[01:49:59.760 --> 01:50:00.760]  我們發電郵
[01:50:00.760 --> 01:50:05.760]  最後我們都會寫大家的大寶號
[01:50:05.760 --> 01:50:08.760]  所以主耶和華這樣宣告
[01:50:08.760 --> 01:50:11.760]  所以當你留意這些公式
[01:50:11.760 --> 01:50:15.760]  你就大約知道這個神語什麼時候開始
[01:50:15.760 --> 01:50:17.760]  什麼時候結束
[01:50:17.760 --> 01:50:20.760]  你就不會把不同的神語混在一起
[01:50:20.760 --> 01:50:22.760]  行不行?
[01:50:22.760 --> 01:50:25.760]  除了標題格式
[01:50:25.760 --> 01:50:26.760]  剛才都說了
[01:50:26.760 --> 01:50:30.760]  有一些所謂敘事的形式
[01:50:30.760 --> 01:50:33.760]  敘事的形式我們會很常見到
[01:50:33.760 --> 01:50:35.760]  有夢召的經歷
[01:50:35.760 --> 01:50:38.760]  耶利米先生的夢召經歷
[01:50:38.760 --> 01:50:40.760]  其實這些夢召經歷
[01:50:40.760 --> 01:50:46.760]  耶利米、以新見、以塞亞三位大先知的夢召經歷都很相似
[01:50:46.760 --> 01:50:48.760]  都有四部曲
[01:50:48.760 --> 01:50:50.760]  首先就是神揀選先知
[01:50:50.760 --> 01:50:52.760]  然後先知就扭扭捏捏
[01:50:52.760 --> 01:50:54.760]  就是不願意
[01:50:54.760 --> 01:50:57.760]  然後神就安慰他
[01:50:57.760 --> 01:50:59.760]  通常就說我與你同在
[01:50:59.760 --> 01:51:02.760]  然後最後就是先知差言
[01:51:02.760 --> 01:51:05.760]  其實如果我說
[01:51:05.760 --> 01:51:08.760]  耶利米、以塞亞三位大先知的夢召經歷
[01:51:08.760 --> 01:51:12.760]  你回家找回這四樣東西就可以了
[01:51:12.760 --> 01:51:13.760]  神揀選
[01:51:13.760 --> 01:51:15.760]  然後先知扭扭捏捏
[01:51:15.760 --> 01:51:17.760]  然後神安慰、鼓勵
[01:51:17.760 --> 01:51:19.760]  然後神就差言先知
[01:51:19.760 --> 01:51:23.760]  其實這個不就跟摩西的夢召一樣嗎?
[01:51:23.760 --> 01:51:26.760]  大家很熟悉的摩西夢召
[01:51:26.760 --> 01:51:31.760]  所以摩西神說我要興起先知
[01:51:31.760 --> 01:51:33.760]  或者用大家熟悉的
[01:51:33.760 --> 01:51:35.760]  我要興起一位先知
[01:51:35.760 --> 01:51:39.760]  像你、像我、像摩西
[01:51:39.760 --> 01:51:42.760]  當然他有興起以塞亞
[01:51:42.760 --> 01:51:44.760]  他有興起以新見
[01:51:44.760 --> 01:51:46.760]  他有興起耶利米
[01:51:46.760 --> 01:51:48.760]  一定是一位
[01:51:48.760 --> 01:51:51.760]  所以就是我剛才說的一個先知的制度
[01:51:51.760 --> 01:51:53.760]  所以當你看這些夢召
[01:51:53.760 --> 01:51:55.760]  你會懂得分這些夢
[01:51:55.760 --> 01:51:58.760]  你看到有這四個元素
[01:51:58.760 --> 01:52:01.760]  那就可能是夢召的經歷
[01:52:01.760 --> 01:52:05.760]  然後又有另外一些故事
[01:52:05.760 --> 01:52:07.760]  就是象徵行為
[01:52:07.760 --> 01:52:10.760]  象徵行為就是先知做一些動作
[01:52:10.760 --> 01:52:11.760]  先知不說話的
[01:52:11.760 --> 01:52:13.760]  先知做一些動作
[01:52:13.760 --> 01:52:18.760]  然後罪事者就會解釋這個象徵行為
[01:52:18.760 --> 01:52:21.760]  你留意這個就是講以塞亞
[01:52:21.760 --> 01:52:24.760]  以塞亞神就叫他脫光衣服
[01:52:24.760 --> 01:52:27.760]  然後以塞亞真的脫光衣服
[01:52:27.760 --> 01:52:30.760]  所以第一就是紅色那個
[01:52:30.760 --> 01:52:33.760]  就是神吩咐先知去做象徵行為
[01:52:33.760 --> 01:52:35.760]  你去解掉你腰間的麻布
[01:52:35.760 --> 01:52:37.760]  脫下你腳上的鞋
[01:52:37.760 --> 01:52:41.760]  然後先知就執行這個吩咐
[01:52:41.760 --> 01:52:44.760]  先知書可不可以亂解?
[01:52:44.760 --> 01:52:46.760]  不可以的
[01:52:46.760 --> 01:52:48.760]  你不要想象徵行為我們
[01:52:48.760 --> 01:52:51.760]  象徵意義我們就亂解
[01:52:51.760 --> 01:52:53.760]  神說所有先知我是傳道人
[01:52:53.760 --> 01:52:55.760]  我都要脫光衣服
[01:52:55.760 --> 01:52:57.760]  不是這個意思
[01:52:57.760 --> 01:53:01.760]  因為象徵行為的罪事者會解釋給你聽
[01:53:01.760 --> 01:53:05.760]  為什麼以塞亞會赤裸
[01:53:05.760 --> 01:53:11.760]  就是因為是寓言埃及和古實
[01:53:11.760 --> 01:53:13.760]  因為這個是猶大人他們
[01:53:13.760 --> 01:53:16.760]  就是以色列人他們靠攏的實力
[01:53:16.760 --> 01:53:19.760]  神就會拿走這個實力
[01:53:19.760 --> 01:53:21.760]  於是這個就是象徵行為
[01:53:21.760 --> 01:53:23.760]  所以我們看這些象徵行為
[01:53:23.760 --> 01:53:26.760]  你一定要找到象徵行為的解釋
[01:53:26.760 --> 01:53:28.760]  你不要錯過了解釋
[01:53:28.760 --> 01:53:30.760]  否則你就亂解
[01:53:30.760 --> 01:53:33.760]  當你解先知書的時候
[01:53:33.760 --> 01:53:38.760]  另一個就是異象報告
[01:53:38.760 --> 01:53:40.760]  我們很喜歡看異象報告
[01:53:40.760 --> 01:53:43.760]  因為時間有限
[01:53:43.760 --> 01:53:45.760]  我只能夠很快地講
[01:53:45.760 --> 01:53:51.760]  異象其實是神啟示的其中一個方法
[01:53:51.760 --> 01:53:58.760]  異象報告是描述先知內在的一種經驗
[01:53:58.760 --> 01:54:02.760]  異象其實是一個載體
[01:54:02.760 --> 01:54:04.760]  你要留心聽這句
[01:54:04.760 --> 01:54:07.760]  異象是一個載體
[01:54:07.760 --> 01:54:11.760]  這個載體是為了傳達上主的訊息
[01:54:11.760 --> 01:54:17.760]  異象其實就好像神語一樣
[01:54:17.760 --> 01:54:20.760]  神語就是神直接說話給先知
[01:54:20.760 --> 01:54:26.760]  異象就好像神透過先知的感應
[01:54:26.760 --> 01:54:29.760]  來去表達神的訊息
[01:54:29.760 --> 01:54:33.760]  所以異象其實就好像神語一樣
[01:54:33.760 --> 01:54:37.760]  其實是回應讀者的處境
[01:54:37.760 --> 01:54:42.760]  和為了讀者的好處而有的一個題材
[01:54:42.760 --> 01:54:49.760]  所以異象不是預言將來實現的景象
[01:54:49.760 --> 01:54:54.760]  異象不是預言將來實現的景象
[01:54:54.760 --> 01:55:02.760]  異象是要帶來神學訊息和要帶來屬靈的教導
[01:55:02.760 --> 01:55:04.760]  很簡單說一件事
[01:55:04.760 --> 01:55:07.760]  以西傑書四十到四十八章
[01:55:07.760 --> 01:55:11.760]  講新的成年
[01:55:11.760 --> 01:55:13.760]  大家有印象
[01:55:13.760 --> 01:55:21.760]  他不是預言地老歸回的新聖殿
[01:55:21.760 --> 01:55:27.760]  你知道以西傑的聖殿是四四方方的
[01:55:27.760 --> 01:55:34.760]  地老歸回起的聖殿是按照所羅門的聖殿來起的
[01:55:34.760 --> 01:55:41.760]  如果以西傑這個異象是預言新的聖殿的時候
[01:55:41.760 --> 01:55:44.760]  為什麼新聖殿和以西傑的異象不同呢?
[01:55:44.760 --> 01:55:50.760]  所以以西傑的聖殿異象是帶有一個神學教導
[01:55:50.760 --> 01:55:53.760]  帶有一個屬靈意味的
[01:55:53.760 --> 01:55:56.760]  這個神學教導這個屬靈意味
[01:55:56.760 --> 01:56:05.760]  是要讓當時的群體明白接近神是需要付代價的
[01:56:05.760 --> 01:56:12.760]  所以你要明白異象報告不是我們常常亂解的異象
[01:56:12.760 --> 01:56:14.760]  有些很相似的
[01:56:14.760 --> 01:56:17.760]  和現在這個世界某些事情
[01:56:17.760 --> 01:56:22.760]  以西傑的異象就是今天不知哪裏和哪裏打仗
[01:56:22.760 --> 01:56:29.760]  但以西傑的異象最主要的對象是當時的人
[01:56:29.760 --> 01:56:32.760]  對於當時的人來說都是四個字
[01:56:32.760 --> 01:56:35.760]  關你什麼事呢?
[01:56:35.760 --> 01:56:38.760]  所以你要明白你解先知書的時候
[01:56:38.760 --> 01:56:41.760]  你要明白異象只不過是好像神語一樣
[01:56:41.760 --> 01:56:43.760]  是一個載體
[01:56:43.760 --> 01:56:47.760]  目的是要有教導的意義
[01:56:47.760 --> 01:56:52.760]  是要有一個神學性的教導和一個屬靈的教導
[01:56:52.760 --> 01:56:55.760]  最後幾張slide
[01:56:55.760 --> 01:56:58.760]  去到說話的形式
[01:56:58.760 --> 01:57:02.760]  其實先知書的說話形式只有幾種
[01:57:02.760 --> 01:57:05.760]  一種就是審判的說話
[01:57:05.760 --> 01:57:10.760]  所以審判的說話基本上就是引言或者猜念先知
[01:57:10.760 --> 01:57:14.760]  然後會很清楚告訴你審判的對象在哪裏
[01:57:14.760 --> 01:57:17.760]  所以你見到這個以西傑書25章第二節
[01:57:17.760 --> 01:57:22.760]  就說人子啊你要面向阿們人說而攻擊他們
[01:57:22.760 --> 01:57:25.760]  很清楚的審判告訴你審判的是誰
[01:57:25.760 --> 01:57:27.760]  就是阿們人
[01:57:27.760 --> 01:57:29.760]  然後就會指控他們
[01:57:29.760 --> 01:57:31.760]  他們做了什麼壞事
[01:57:31.760 --> 01:57:35.760]  原來就是當神的聖所遭褻瀆
[01:57:35.760 --> 01:57:37.760]  以色列地變荒涼
[01:57:37.760 --> 01:57:39.760]  因為阿們人貧在羅湖
[01:57:39.760 --> 01:57:42.760]  他講了「啊哈」這句聲音
[01:57:42.760 --> 01:57:46.760]  所以神最終通常就會有「所以」這個字
[01:57:46.760 --> 01:57:48.760]  「所以」這個字不是一定有的
[01:57:48.760 --> 01:57:50.760]  但一定有就是審判的宣告
[01:57:50.760 --> 01:57:52.760]  神怎樣審判呢?
[01:57:52.760 --> 01:57:55.760]  就說我要將阿們人交給東方人為條
[01:57:55.760 --> 01:57:58.760]  他們的地方要變成放駱駝的地方
[01:57:58.760 --> 01:58:02.760]  那又是你要懂得看這些審判的神諭
[01:58:02.760 --> 01:58:04.760]  它有這些不同的元素
[01:58:04.760 --> 01:58:06.760]  有差念先知
[01:58:06.760 --> 01:58:07.760]  有審判對象
[01:58:07.760 --> 01:58:09.760]  有指控他們
[01:58:09.760 --> 01:58:12.760]  然後可能有「所以」這個字
[01:58:12.760 --> 01:58:14.760]  最終有宣告一個審判
[01:58:14.760 --> 01:58:19.760]  同樣有審判就自然有拯救
[01:58:19.760 --> 01:58:23.760]  所以拯救的神諭又是有那幾樣東西
[01:58:23.760 --> 01:58:25.760]  首先就會稱呼那個對象
[01:58:25.760 --> 01:58:27.760]  我的僕人啊 國啊
[01:58:27.760 --> 01:58:29.760]  然後通常拯救都會首先說
[01:58:29.760 --> 01:58:31.760]  你不要怕
[01:58:31.760 --> 01:58:33.760]  不要懼怕 不要驚惶
[01:58:33.760 --> 01:58:36.760]  然後就會應許拯救
[01:58:36.760 --> 01:58:37.760]  所以綠色這個就說
[01:58:37.760 --> 01:58:39.760]  因我從遠方拯救你
[01:58:39.760 --> 01:58:43.760]  從地老之地拯救你的後裔
[01:58:43.760 --> 01:58:47.760]  接著最後就會有一個鼓勵和保證
[01:58:47.760 --> 01:58:49.760]  怎樣保證呢?
[01:58:49.760 --> 01:58:54.760]  弟兄姊妹 神最穩妥的保證是什麼?
[01:58:54.760 --> 01:58:57.760]  如果我與你同在
[01:58:57.760 --> 01:59:02.760]  如果你經常都不想起我與你同在
[01:59:02.760 --> 01:59:04.760]  你就搖搖欲墜了
[01:59:04.760 --> 01:59:07.760]  當你想到我與你同在
[01:59:07.760 --> 01:59:11.760]  你就知道神是應許拯救你
[01:59:11.760 --> 01:59:12.760]  一定拯救你
[01:59:12.760 --> 01:59:14.760]  這個就是先知之說
[01:59:14.760 --> 01:59:17.760]  你會看一些經文
[01:59:17.760 --> 01:59:19.760]  它為什麼是拯救的經文呢?
[01:59:19.760 --> 01:59:20.760]  你找到了
[01:59:20.760 --> 01:59:22.760]  有不要懼怕
[01:59:22.760 --> 01:59:23.760]  有應許拯救
[01:59:23.760 --> 01:59:25.760]  應許拯救是不夠的
[01:59:25.760 --> 01:59:27.760]  神再鼓勵你
[01:59:27.760 --> 01:59:29.760]  我與你同在
[01:59:29.760 --> 01:59:31.760]  我一定會拯救你
[01:59:31.760 --> 01:59:33.760]  這個就是你看先知書
[01:59:33.760 --> 01:59:35.760]  為什麼要找到呢?
[01:59:35.760 --> 01:59:36.760]  最後
[01:59:36.760 --> 01:59:40.760]  先知書通常就有一些爭議辯論
[01:59:40.760 --> 01:59:41.760]  這些爭議辯論
[01:59:41.760 --> 01:59:46.760]  其實就好像我們中學玩辯論
[01:59:46.760 --> 01:59:48.760]  有正方反方
[01:59:48.760 --> 01:59:51.760]  通常先知或者神
[01:59:51.760 --> 01:59:53.760]  就會用以色列人說的話
[01:59:53.760 --> 01:59:57.760]  作為正方說的話
[01:59:57.760 --> 01:59:58.760]  正不是對的
[01:59:58.760 --> 02:00:01.760]  因為這些爭議辯論
[02:00:01.760 --> 02:00:05.760]  往往就是神引用以色列人說的話
[02:00:05.760 --> 02:00:06.760]  好像這裡
[02:00:06.760 --> 02:00:07.760]  以色列書十一章
[02:00:07.760 --> 02:00:08.760]  它就說
[02:00:08.760 --> 02:00:09.760]  天爺老撒安的人就說
[02:00:09.760 --> 02:00:11.760]  開房的時候神未到
[02:00:11.760 --> 02:00:12.760]  這城是窩
[02:00:12.760 --> 02:00:13.760]  我不是玉
[02:00:13.760 --> 02:00:15.760]  這個是一個議題
[02:00:15.760 --> 02:00:18.760]  神就會說一個反議題給你看
[02:00:18.760 --> 02:00:19.760]  那個反議題就是
[02:00:19.760 --> 02:00:22.760]  你們在這裡大屠殺
[02:00:22.760 --> 02:00:24.760]  被殺的人遍滿街道
[02:00:24.760 --> 02:00:26.760]  所以反議題是什麼呢?
[02:00:26.760 --> 02:00:29.760]  你們在城中殺的人才在這裡
[02:00:29.760 --> 02:00:31.760]  這城是窩
[02:00:31.760 --> 02:00:34.760]  你們卻要被其中帶出去
[02:00:34.760 --> 02:00:36.760]  那個議題就是那些耶路撒安人
[02:00:36.760 --> 02:00:38.760]  以為耶路撒安城是窩
[02:00:38.760 --> 02:00:40.760]  以為他們自己是玉
[02:00:40.760 --> 02:00:42.760]  玉就是很寶貴
[02:00:42.760 --> 02:00:45.760]  然後神反對他們
[02:00:45.760 --> 02:00:46.760]  那個反議題就說
[02:00:46.760 --> 02:00:49.760]  這城中被殺的人才是玉
[02:00:49.760 --> 02:00:52.760]  這城確實是窩
[02:00:52.760 --> 02:00:54.760]  不過你們不會得到保護
[02:00:54.760 --> 02:00:56.760]  你們會被帶到出去
[02:00:56.760 --> 02:00:58.760]  這個就是反議題
[02:00:58.760 --> 02:00:59.760]  那個反議題是什麼呢?
[02:00:59.760 --> 02:01:01.760]  是會有一些辯論的
[02:01:01.760 --> 02:01:02.760]  這些辯論就會
[02:01:02.760 --> 02:01:04.760]  例如第九節十就說
[02:01:04.760 --> 02:01:07.760]  我要把你們從這城中帶出去
[02:01:07.760 --> 02:01:08.760]  交在外邦人的手裡
[02:01:08.760 --> 02:01:11.760]  且要在你們中間施行審判
[02:01:11.760 --> 02:01:13.760]  你們要撲在刀下
[02:01:13.760 --> 02:01:16.760]  我在以色列的邊界審判你們
[02:01:16.760 --> 02:01:18.760]  這些就像辯論的時候
[02:01:18.760 --> 02:01:20.760]  你講一些理據
[02:01:20.760 --> 02:01:22.760]  去證實你的反議題
[02:01:22.760 --> 02:01:25.760]  所以在很多的先知書裡
[02:01:25.760 --> 02:01:27.760]  都有這些像辯論一樣
[02:01:27.760 --> 02:01:31.760]  神就用近以色列人的主題
[02:01:31.760 --> 02:01:34.760]  然後去反對他們的主題
[02:01:34.760 --> 02:01:38.760]  然後神就會羅列很多的證據去反對
[02:01:38.760 --> 02:01:42.760]  好了,那麼來到總結的時候
[02:01:42.760 --> 02:01:43.760]  我想提一下
[02:01:43.760 --> 02:01:46.760]  第一點我們聽了一整晚
[02:01:46.760 --> 02:01:52.760]  其實雙主是會對先知講預言的
[02:01:52.760 --> 02:01:56.760]  很多時候這些預言的目的
[02:01:56.760 --> 02:01:59.760]  其實只是要讓人知道
[02:01:59.760 --> 02:02:02.760]  祂是耶和華
[02:02:02.760 --> 02:02:05.760]  祂是全力的主
[02:02:05.760 --> 02:02:09.760]  這些神是會透過先知講預言的
[02:02:09.760 --> 02:02:11.760]  不過這些預言的目的
[02:02:11.760 --> 02:02:13.760]  是為了要讓人知道
[02:02:13.760 --> 02:02:15.760]  祂是全力的主
[02:02:15.760 --> 02:02:18.760]  祂是耶和華
[02:02:18.760 --> 02:02:20.760]  聖經的先知文學
[02:02:20.760 --> 02:02:24.760]  很明顯和古近東的先知
[02:02:24.760 --> 02:02:26.760]  就有很大的分別
[02:02:26.760 --> 02:02:31.760]  聖經叫我們不要招魂
[02:02:31.760 --> 02:02:33.760]  叫我們不要求神文福
[02:02:33.760 --> 02:02:36.760]  叫我們不要預測未來
[02:02:36.760 --> 02:02:40.760]  言下之意是講什麼呢?
[02:02:40.760 --> 02:02:42.760]  其實先知書是跟我們說
[02:02:42.760 --> 02:02:46.760]  我們信徒相信神
[02:02:46.760 --> 02:02:51.760]  就不需要擔心我們的未來
[02:02:51.760 --> 02:02:54.760]  為什麼你要求神文福?
[02:02:54.760 --> 02:02:56.760]  為什麼你要預知未來?
[02:02:56.760 --> 02:02:59.760]  就是你想知道下一步怎麼做
[02:02:59.760 --> 02:03:03.760]  但原來先知書一擺出來
[02:03:03.760 --> 02:03:06.760]  就已經是無論是生命記也好
[02:03:06.760 --> 02:03:08.760]  新典歷史也好
[02:03:08.760 --> 02:03:10.760]  還是後先知也好
[02:03:10.760 --> 02:03:12.760]  都講同一樣東西
[02:03:12.760 --> 02:03:14.760]  是神掛一些說話給你聽
[02:03:14.760 --> 02:03:19.760]  不是你去找那些其他的神明
[02:03:19.760 --> 02:03:22.760]  去求民你去求救
[02:03:22.760 --> 02:03:25.760]  因為你們都是神愛的子民
[02:03:25.760 --> 02:03:27.760]  因為你們都是信徒
[02:03:27.760 --> 02:03:30.760]  你們的信心就是要放在神的裏面
[02:03:30.760 --> 02:03:34.760]  就是你不需要擔心你的將來
[02:03:34.760 --> 02:03:38.760]  所以先知書可能強調一個綜合的教導
[02:03:38.760 --> 02:03:41.760]  無論是前先知還是後先知書
[02:03:41.760 --> 02:03:45.760]  其實我們每一天日常生活裏面的抉擇
[02:03:45.760 --> 02:03:49.760]  或者我們對未來的掌握
[02:03:49.760 --> 02:03:52.760]  我們不需要過份憂慮
[02:03:52.760 --> 02:03:57.760]  只需要交託給這位我們信得過的神
[02:03:57.760 --> 02:04:04.760]  更加不要藉著某一些傳統世俗的方法
[02:04:04.760 --> 02:04:08.760]  想著去尋求人生的指引
[02:04:08.760 --> 02:04:12.760]  這個是先知書很清楚告訴我們
[02:04:12.760 --> 02:04:16.760]  我們不是要尋求我們下一步怎麼做
[02:04:16.760 --> 02:04:18.760]  當然我們可以同神祈禱
[02:04:18.760 --> 02:04:20.760]  客神會告訴你
[02:04:20.760 --> 02:04:24.760]  但神說其實很多時候你相信我
[02:04:24.760 --> 02:04:30.760]  我就帶你走過死因有局
[02:04:30.760 --> 02:04:33.760]  所以我們看先知書一定要知道
[02:04:33.760 --> 02:04:35.760]  先知書不是預言來的
[02:04:35.760 --> 02:04:39.760]  先知書不是想預言將來的東西給你聽
[02:04:39.760 --> 02:04:42.760]  先知是想堅固你的信心
[02:04:42.760 --> 02:04:46.760]  先知是想讓你明白你在神的裏面
[02:04:46.760 --> 02:04:48.760]  你就不要叛逆
[02:04:48.760 --> 02:04:50.760]  你叛逆你悔改
[02:04:50.760 --> 02:04:55.760]  你不需要靠攬那些世俗的方法
[02:04:55.760 --> 02:04:59.760]  這就是我今天的總結
[02:04:59.760 --> 02:05:02.760]  不好意思因為遲了十五分鐘
[02:05:02.760 --> 02:05:04.760]  不過我們在結束的時候
[02:05:04.760 --> 02:05:06.760]  我們都一同有口號
[02:05:06.760 --> 02:05:08.760]  多謝主
[02:05:08.760 --> 02:05:11.760]  因為你招聚了一班弟兄姊妹
[02:05:11.760 --> 02:05:14.760]  他們都是很熱愛你自己說話的人
[02:05:14.760 --> 02:05:18.760]  主要就是人口裏面所講
[02:05:18.760 --> 02:05:20.760]  或者人的知識
[02:05:20.760 --> 02:05:22.760]  總是有不完備
[02:05:22.760 --> 02:05:24.760]  總是有不足夠
[02:05:24.760 --> 02:05:26.760]  就要主你自己親自去補足
[02:05:26.760 --> 02:05:29.760]  人口裏面所講的說話
[02:05:29.760 --> 02:05:32.760]  無論透過目者的圈面
[02:05:32.760 --> 02:05:35.760]  透過讀聖經
[02:05:35.760 --> 02:05:37.760]  透過讀一些屬靈書
[02:05:37.760 --> 02:05:39.760]  或者一些參考書
[02:05:39.760 --> 02:05:42.760]  我就求主你自己親自補足
[02:05:42.760 --> 02:05:44.760]  人口裏面所講的貧乏
[02:05:44.760 --> 02:05:47.760]  並且主求你也熱愛每一位弟兄姊妹
[02:05:47.760 --> 02:05:51.760]  那種熱愛你自己說話的心智
[02:05:51.760 --> 02:05:54.760]  熱愛他們在今天課堂裏面所領受
[02:05:54.760 --> 02:05:56.760]  並且親自藉著聖力
[02:05:56.760 --> 02:05:58.760]  去跟他們講說話
[02:05:58.760 --> 02:06:02.760]  去滿足主你自己要對每一位弟兄姊妹所講
[02:06:02.760 --> 02:06:06.760]  要他們走在你心意上的說話
[02:06:06.760 --> 02:06:09.760]  就要主你自己親自去賜福
[02:06:09.760 --> 02:06:11.760]  補足我們散去一步
[02:06:11.760 --> 02:06:14.760]  讓我們都能夠帶著主你每一位的恩典
[02:06:14.760 --> 02:06:16.760]  平安回到家裏面
[02:06:16.760 --> 02:06:18.760]  我們這樣很高呼耶穌基督的名號
