
[00:00:00.000 --> 00:00:02.580]   (upbeat music)
[00:00:02.580 --> 00:00:20.220]   - All right, well, Porch, how we doing?
[00:00:20.220 --> 00:00:22.440]   We doing good this Tuesday night?
[00:00:22.440 --> 00:00:24.160]   Man, it's so good to see you.
[00:00:24.160 --> 00:00:26.740]   I was gone last week.
[00:00:26.740 --> 00:00:27.860]   I got to watch it back.
[00:00:27.860 --> 00:00:29.640]   It was amazing.
[00:00:29.640 --> 00:00:31.580]   But man, I genuinely missed you.
[00:00:31.580 --> 00:00:34.560]   I was in Oklahoma doing ministry someplace else,
[00:00:34.560 --> 00:00:36.280]   but I left my heart in Texas.
[00:00:36.280 --> 00:00:38.820]   I was here with you the entire time I was gone.
[00:00:38.820 --> 00:00:40.560]   It's so good to have you.
[00:00:40.560 --> 00:00:43.360]   If you're a regular to the room, welcome back.
[00:00:43.360 --> 00:00:45.520]   If you're new to the room, welcome in.
[00:00:45.520 --> 00:00:47.400]   We love that you would choose to be here
[00:00:47.400 --> 00:00:52.400]   because God is doing something just crazy on Tuesday nights
[00:00:52.400 --> 00:00:55.520]   in this space, all across the country,
[00:00:55.520 --> 00:00:57.880]   through the lives of people just like you.
[00:00:57.880 --> 00:00:59.800]   And as a part of our ministry,
[00:00:59.800 --> 00:01:01.840]   you see, we've got the porch here in Dallas.
[00:01:01.840 --> 00:01:03.720]   Let me hear from you, Dallas.
[00:01:03.720 --> 00:01:05.760]   There you are, amazing.
[00:01:05.760 --> 00:01:08.280]   But we've got Porch Live locations all over the country,
[00:01:08.280 --> 00:01:09.800]   which I want to shout out.
[00:01:09.800 --> 00:01:12.500]   Porch Live Springfield, Porch Live Dayton,
[00:01:12.500 --> 00:01:14.880]   and Porch Live Scottsdale.
[00:01:14.880 --> 00:01:15.880]   Love you guys.
[00:01:15.880 --> 00:01:17.600]   Love what God is doing there.
[00:01:17.600 --> 00:01:19.960]   Man, I'm so excited for tonight.
[00:01:19.960 --> 00:01:21.920]   If you've been tracking with us through the previous weeks,
[00:01:21.920 --> 00:01:24.440]   we've been in a series called He Said, She Said.
[00:01:24.440 --> 00:01:25.720]   Anybody been around for that one?
[00:01:25.720 --> 00:01:27.560]   It's been great.
[00:01:27.560 --> 00:01:29.000]   We're back to it next week,
[00:01:29.000 --> 00:01:30.480]   but we're taking a brief pause
[00:01:30.480 --> 00:01:33.880]   because I am beyond excited.
[00:01:33.880 --> 00:01:37.960]   I am giddy with every part of my being
[00:01:37.960 --> 00:01:39.620]   to introduce to you somebody
[00:01:39.620 --> 00:01:41.640]   that I have admired from a distance,
[00:01:41.640 --> 00:01:45.200]   and I've gotten the chance now to visit with up close,
[00:01:45.200 --> 00:01:49.620]   that I think is one of the most profound thinkers
[00:01:49.620 --> 00:01:51.400]   and communicators in our day.
[00:01:52.940 --> 00:01:57.940]   He is an author, founding pastor and lead pastor,
[00:01:57.940 --> 00:02:02.600]   podcast host alongside of his wife, Jenny,
[00:02:02.600 --> 00:02:04.140]   and he's here with us tonight,
[00:02:04.140 --> 00:02:07.480]   eager to teach to us from God's word.
[00:02:07.480 --> 00:02:09.000]   I'm gonna introduce him to you in just a minute,
[00:02:09.000 --> 00:02:11.120]   but let me just say this to you.
[00:02:11.120 --> 00:02:13.960]   We're really protective of this platform
[00:02:13.960 --> 00:02:15.440]   because we want the word of God
[00:02:15.440 --> 00:02:18.040]   to be rightly divided for his people,
[00:02:18.040 --> 00:02:19.720]   and I think that this guy,
[00:02:19.720 --> 00:02:23.160]   he is able to teach the word in such a way
[00:02:23.160 --> 00:02:26.500]   that inclines our hearts to God's testimonies
[00:02:26.500 --> 00:02:28.560]   and leads us to understand it,
[00:02:28.560 --> 00:02:30.760]   not only clearer, but with more relevance.
[00:02:30.760 --> 00:02:33.560]   So friends, would y'all help me
[00:02:33.560 --> 00:02:34.920]   in doing an amazing job?
[00:02:34.920 --> 00:02:36.120]   It's all the way from Montana,
[00:02:36.120 --> 00:02:37.900]   so you gotta give it up for him,
[00:02:37.900 --> 00:02:39.040]   the Texas kind of way.
[00:02:39.040 --> 00:02:40.680]   You gotta put your hands together
[00:02:40.680 --> 00:02:44.720]   and help me welcome up my good friend, Levi Lusko.
[00:02:44.720 --> 00:02:47.720]   (audience cheering)
[00:02:49.560 --> 00:02:50.400]   - Thank you for being here.
[00:02:50.400 --> 00:02:51.220]   - Thank you.
[00:02:51.220 --> 00:02:52.060]   - Thank you for being here.
[00:02:52.060 --> 00:02:52.900]   - Thank you.
[00:02:52.900 --> 00:02:54.400]   - Yeah, thank you.
[00:02:54.400 --> 00:02:58.380]   - Man, what is it like to have Tom Hardy
[00:02:58.380 --> 00:03:00.380]   as your pastor, this guy?
[00:03:00.380 --> 00:03:01.680]   (audience laughing)
[00:03:01.680 --> 00:03:03.840]   - You were accustomed to the dark,
[00:03:03.840 --> 00:03:04.980]   but I was born in it.
[00:03:04.980 --> 00:03:07.080]   - I mean, just unbelievable.
[00:03:07.080 --> 00:03:09.380]   That just quenched the spirit.
[00:03:09.380 --> 00:03:10.860]   Holy Spirit's gone,
[00:03:10.860 --> 00:03:14.160]   but it just hit me sitting there just now.
[00:03:14.160 --> 00:03:16.820]   The porch, it is such a joy to be with you.
[00:03:16.820 --> 00:03:18.300]   Thank you so much for having me.
[00:03:18.300 --> 00:03:20.680]   It's such an honor, such a big fan
[00:03:20.680 --> 00:03:25.680]   of what God is doing in your midst and truly amazed.
[00:03:25.680 --> 00:03:28.400]   I wanna say hello to, I understand,
[00:03:28.400 --> 00:03:31.520]   not just this room, this moment here,
[00:03:31.520 --> 00:03:33.360]   but all the Porch Live locations,
[00:03:33.360 --> 00:03:37.840]   which are happening probably on the moon as it turns out,
[00:03:37.840 --> 00:03:40.040]   and a special shout out
[00:03:40.040 --> 00:03:43.760]   to the Fort Worth Porch Live location
[00:03:43.760 --> 00:03:46.280]   and to my friend, Ritesh,
[00:03:46.280 --> 00:03:48.480]   who is there for the first time tonight.
[00:03:48.480 --> 00:03:49.480]   He's never been to the porch before,
[00:03:49.480 --> 00:03:51.760]   but he's here tonight at the Fort Worth location.
[00:03:51.760 --> 00:03:53.720]   So come on, show some love, say hello.
[00:03:53.720 --> 00:03:56.080]   (audience applauding)
[00:03:56.080 --> 00:04:00.460]   It is really a remarkable thing to get to see this.
[00:04:00.460 --> 00:04:03.280]   I've been tracking with what God's been doing
[00:04:03.280 --> 00:04:05.600]   at the porch for so many years and aware of it
[00:04:05.600 --> 00:04:08.520]   and just amazed by it, have heard the story.
[00:04:08.520 --> 00:04:10.000]   Like Paul told the Thessalonians,
[00:04:10.000 --> 00:04:13.700]   he said that from you, God's word has sounded forth
[00:04:13.700 --> 00:04:16.480]   in such a way that not only Thessalonica
[00:04:16.480 --> 00:04:19.640]   but the whole region, Achaia, and even further than that,
[00:04:19.640 --> 00:04:21.320]   is like saturated with the gospel.
[00:04:21.320 --> 00:04:23.360]   And he said it to them, like he said,
[00:04:23.360 --> 00:04:26.640]   he said, it's so much gospel is coming out
[00:04:26.640 --> 00:04:29.680]   from what God's doing in you that he says,
[00:04:29.680 --> 00:04:32.480]   I try to tell people about Jesus and they already know.
[00:04:32.480 --> 00:04:35.160]   Like Paul was low-key like angry, like, come on,
[00:04:35.160 --> 00:04:37.640]   save some people for me to reach with the gospel
[00:04:37.640 --> 00:04:38.840]   because you're just fulfilling
[00:04:38.840 --> 00:04:39.920]   the great commission by yourself.
[00:04:39.920 --> 00:04:42.720]   And that's kind of, as I was thinking
[00:04:42.720 --> 00:04:44.520]   and catalyzing my thoughts and my heart
[00:04:44.520 --> 00:04:47.080]   about this ministry and what it's meant,
[00:04:47.080 --> 00:04:50.360]   pumping out young people on fire for Jesus
[00:04:50.360 --> 00:04:51.680]   for so many years.
[00:04:51.680 --> 00:04:53.840]   I'm just amazed by what God's doing here
[00:04:53.840 --> 00:04:56.280]   and having heard of it for so long,
[00:04:56.280 --> 00:04:58.200]   but now to get to see it,
[00:04:58.200 --> 00:05:00.880]   it's like the Queen of Sheba said about Solomon's day.
[00:05:00.880 --> 00:05:03.600]   Like, it's like even better than I've seen.
[00:05:03.600 --> 00:05:05.040]   The half has not even been told.
[00:05:05.040 --> 00:05:06.520]   So can we just together thank God
[00:05:06.520 --> 00:05:10.200]   for what he's been doing in his kindness for the kingdom.
[00:05:11.120 --> 00:05:13.840]   - And if you look around, I mean, this is,
[00:05:13.840 --> 00:05:15.720]   this is just a casual Tuesday night,
[00:05:15.720 --> 00:05:17.320]   young adult Bible study.
[00:05:17.320 --> 00:05:18.840]   So, wow.
[00:05:18.840 --> 00:05:21.440]   I'm traveling with my daughter, Daisy.
[00:05:21.440 --> 00:05:22.280]   Daisy's here in the front.
[00:05:22.280 --> 00:05:23.600]   I want everyone to say hi to Daisy.
[00:05:23.600 --> 00:05:25.720]   Just my absolute joy.
[00:05:25.720 --> 00:05:28.920]   She's a bright beam of light into my life.
[00:05:28.920 --> 00:05:32.080]   So creative and kind and so fun.
[00:05:32.080 --> 00:05:34.240]   And then just a ton of friends who are here with me.
[00:05:34.240 --> 00:05:36.200]   I'm grateful to open up scripture.
[00:05:36.200 --> 00:05:39.840]   If you have a copy of the Bible, Hebrews chapter 12,
[00:05:39.840 --> 00:05:42.640]   I want to base our thoughts tonight
[00:05:42.640 --> 00:05:46.680]   out of Hebrews chapter 12, verse 11.
[00:05:46.680 --> 00:05:51.360]   The title of this message is "Wow, Wow, Wow."
[00:05:51.360 --> 00:05:52.200]   Could you say it with me?
[00:05:52.200 --> 00:05:53.880]   I have to say all three times.
[00:05:53.880 --> 00:05:56.000]   - Wow, wow, wow.
[00:05:56.000 --> 00:05:58.520]   - Wow, wow, wow.
[00:05:58.520 --> 00:05:59.920]   Those words mean a lot to me.
[00:05:59.920 --> 00:06:03.560]   And I want to share what God's spoken to me
[00:06:03.560 --> 00:06:05.760]   through them to you tonight.
[00:06:05.760 --> 00:06:07.960]   It's much more than a message for me.
[00:06:07.960 --> 00:06:11.880]   This is, it's been an anthem in my soul.
[00:06:11.880 --> 00:06:13.200]   It's meant so much in my journey.
[00:06:13.200 --> 00:06:16.280]   Wow, wow, wow.
[00:06:16.280 --> 00:06:23.120]   A few months into 2024,
[00:06:23.120 --> 00:06:24.640]   a friend reached out and told me
[00:06:24.640 --> 00:06:27.760]   that he had gone to an auction
[00:06:27.760 --> 00:06:31.000]   where one of the items that he bid on and won
[00:06:31.000 --> 00:06:34.320]   was a stay in a yurt at the Grand Canyon.
[00:06:34.320 --> 00:06:37.680]   And he was so sad because he couldn't go.
[00:06:37.680 --> 00:06:38.800]   And so last minute, he said,
[00:06:38.800 --> 00:06:41.320]   next month, could you go to the Grand Canyon
[00:06:41.320 --> 00:06:42.520]   and stay in a yurt?
[00:06:42.520 --> 00:06:44.160]   And it was the worst possible timing.
[00:06:44.160 --> 00:06:45.920]   Like I looked at the calendar
[00:06:45.920 --> 00:06:48.760]   and it was like, I'd have to come from Bolivia
[00:06:48.760 --> 00:06:52.160]   and then go straight into like teaching five teachings
[00:06:52.160 --> 00:06:53.440]   on a soundstage.
[00:06:53.440 --> 00:06:55.560]   And it was like, but it was like,
[00:06:55.560 --> 00:06:57.920]   you know, I'm an old fashioned guy.
[00:06:57.920 --> 00:06:59.600]   If it's for free, it's for who?
[00:06:59.600 --> 00:07:00.440]   It's for me.
[00:07:00.440 --> 00:07:01.680]   So I'm like, a stay in a yurt
[00:07:01.680 --> 00:07:03.000]   that I don't have to pay nothing for?
[00:07:03.000 --> 00:07:04.480]   That sounds, I can't, I can't say no.
[00:07:04.480 --> 00:07:07.160]   So I said yes and then told my wife, right?
[00:07:07.160 --> 00:07:10.000]   Pray for me on a journey guys.
[00:07:10.000 --> 00:07:12.240]   But I said, honey, we're going from Bolivia.
[00:07:12.240 --> 00:07:14.960]   We're going to a yurt at the edge of the Grand Canyon.
[00:07:14.960 --> 00:07:16.000]   Here's the thing about me.
[00:07:16.000 --> 00:07:18.960]   My dad took me to the Grand Canyon when I was a little guy.
[00:07:18.960 --> 00:07:23.360]   And so even the thought of returning to the Grand Canyon,
[00:07:23.360 --> 00:07:26.120]   it was like, I just knew it was gonna be ratatouille.
[00:07:26.120 --> 00:07:28.440]   Like it was gonna suck me back into my childhood.
[00:07:28.440 --> 00:07:30.600]   I was gonna get it back just for a moment,
[00:07:30.600 --> 00:07:32.000]   have a taste of it.
[00:07:32.000 --> 00:07:35.040]   And so I said, we gotta go to the Grand Canyon.
[00:07:35.040 --> 00:07:38.040]   I need these kids to have that kind of a moment with me
[00:07:38.040 --> 00:07:40.520]   as their father and the patriarch of this family
[00:07:40.520 --> 00:07:43.320]   standing at the rim of the largest hole on earth.
[00:07:43.320 --> 00:07:46.800]   And my wife's a kind, loving woman.
[00:07:46.800 --> 00:07:47.960]   So she said, okay.
[00:07:47.960 --> 00:07:49.720]   And we stayed in this yurt.
[00:07:49.720 --> 00:07:51.000]   And then the next day,
[00:07:51.000 --> 00:07:53.520]   anybody here been to the Grand Canyon, right?
[00:07:53.520 --> 00:07:55.320]   It's kind of a process, right?
[00:07:55.320 --> 00:07:56.160]   That's the thing.
[00:07:56.160 --> 00:07:57.320]   You think, oh, we're just gonna go to the Grand.
[00:07:57.320 --> 00:07:58.800]   You don't just go to the Grand.
[00:07:58.800 --> 00:08:01.040]   Like you fly into Phoenix or Vegas
[00:08:01.040 --> 00:08:03.680]   and you drive until you think you can't drive anymore.
[00:08:03.680 --> 00:08:05.760]   And still there's no Grand Canyon.
[00:08:05.760 --> 00:08:08.200]   And then you get to a national park checkpoint
[00:08:08.200 --> 00:08:12.680]   and you go through after waiting in line for a long time,
[00:08:12.680 --> 00:08:14.560]   because ever since COVID people have decided
[00:08:14.560 --> 00:08:16.200]   national parks are very exciting.
[00:08:16.200 --> 00:08:20.200]   And so you go into this long drive
[00:08:20.200 --> 00:08:22.360]   and then it's already hot and dusty
[00:08:22.360 --> 00:08:25.160]   and you've been up since five and the whole deal.
[00:08:25.160 --> 00:08:27.960]   Now, my wife, my daughter, Daisy,
[00:08:27.960 --> 00:08:30.480]   my daughter, Clover, my oldest, Olivia,
[00:08:30.480 --> 00:08:32.440]   and then my young son, Lennox.
[00:08:32.440 --> 00:08:36.400]   Until Lennox was born, we were just a sorority and me.
[00:08:36.400 --> 00:08:38.520]   I was the minority in the sorority,
[00:08:38.520 --> 00:08:39.800]   but now it's Lennox and I.
[00:08:39.800 --> 00:08:41.320]   So ever since Lennox has been born,
[00:08:41.320 --> 00:08:42.320]   it's been very exciting.
[00:08:42.320 --> 00:08:44.760]   Now, there are whole new aisles in Target
[00:08:44.760 --> 00:08:45.960]   I've gotten to go down, right?
[00:08:45.960 --> 00:08:46.880]   In the toy department.
[00:08:46.880 --> 00:08:49.720]   It was all pink and purple in My Little Pony.
[00:08:49.720 --> 00:08:51.080]   And now, you know, things are violent
[00:08:51.080 --> 00:08:52.200]   and Lennox is peeing on everything.
[00:08:52.200 --> 00:08:53.040]   It's great.
[00:08:53.040 --> 00:08:53.880]   Everything's great.
[00:08:53.880 --> 00:08:54.880]   We're fine.
[00:08:54.880 --> 00:08:58.320]   So we're starting to lose heart.
[00:08:58.320 --> 00:09:00.280]   You know, like the morale of the family?
[00:09:00.280 --> 00:09:01.720]   I could just tell we're losing heart
[00:09:01.720 --> 00:09:04.040]   because now we've parked and we're walking
[00:09:04.040 --> 00:09:06.800]   like the children of Israel sojourning in the desert
[00:09:06.800 --> 00:09:08.960]   and we still have seen no canyon.
[00:09:08.960 --> 00:09:10.800]   And it is not grand.
[00:09:10.800 --> 00:09:12.280]   The time we were having is not grand
[00:09:12.280 --> 00:09:14.840]   because I can just tell, like, you know, the spirit,
[00:09:14.840 --> 00:09:15.960]   the spirit of the moment?
[00:09:15.960 --> 00:09:18.480]   Like, it was just like, it was wrong.
[00:09:18.480 --> 00:09:19.320]   It was bad.
[00:09:19.320 --> 00:09:20.200]   It was like wet cat.
[00:09:20.200 --> 00:09:21.040]   You know what I mean?
[00:09:21.040 --> 00:09:25.360]   Like just a bunch of girls, sad, mad, hot, angry, you know.
[00:09:25.360 --> 00:09:27.040]   We just come from South America.
[00:09:27.040 --> 00:09:29.280]   So there's a little bit of that gastric thing going on
[00:09:29.280 --> 00:09:31.280]   if I'm just being completely honest, right?
[00:09:31.280 --> 00:09:33.120]   So we're having to try and like keep tracking our heads
[00:09:33.120 --> 00:09:34.680]   of where the pit toilets are,
[00:09:34.680 --> 00:09:37.400]   which is a great experience, by the way.
[00:09:37.400 --> 00:09:42.040]   And I could tell, like, my daughter, Clover,
[00:09:42.040 --> 00:09:44.720]   who just a little bit about Clover.
[00:09:44.720 --> 00:09:46.760]   Clover's like the CEO of our home.
[00:09:46.760 --> 00:09:49.760]   She's 13, but Clover, when she was like 10,
[00:09:49.760 --> 00:09:51.000]   like would wake up every morning and say,
[00:09:51.000 --> 00:09:52.120]   "What's the plan for today?"
[00:09:52.120 --> 00:09:54.520]   Like every day, I was the first, "What's the plan for today?"
[00:09:54.520 --> 00:09:56.480]   And we'd say, "Clover, we're gonna," you know,
[00:09:56.480 --> 00:09:57.320]   "Okay, great."
[00:09:57.320 --> 00:09:58.160]   She needs to know.
[00:09:58.160 --> 00:10:00.000]   And one day I said, "Clover, one day,
[00:10:00.000 --> 00:10:01.520]   "the day is coming when you're gonna run life
[00:10:01.520 --> 00:10:03.640]   "for Mom and I, our church, our life.
[00:10:03.640 --> 00:10:04.760]   "You're gonna run everything."
[00:10:04.760 --> 00:10:06.360]   And you know what she said to me in response to that?
[00:10:06.360 --> 00:10:09.440]   At the age of 10, she said, "I'm gonna need Fridays off."
[00:10:09.440 --> 00:10:11.400]   (congregation laughing)
[00:10:11.400 --> 00:10:15.120]   So you never wanna get on the bad side of Clover.
[00:10:15.120 --> 00:10:16.920]   And I could tell Clover was really having
[00:10:16.920 --> 00:10:19.800]   some morale problems because she turned to me
[00:10:19.800 --> 00:10:22.160]   just as the Grand Canyon was about to come into sight.
[00:10:22.160 --> 00:10:23.120]   We hadn't seen it yet.
[00:10:23.120 --> 00:10:27.600]   And she said to me, "Now, where is this Grand Canyon?"
[00:10:27.600 --> 00:10:28.960]   (congregation laughing)
[00:10:28.960 --> 00:10:30.600]   She said that to me, looking over her shoulder,
[00:10:30.600 --> 00:10:32.700]   sassy, "And I'm scared to death of Clover.
[00:10:32.700 --> 00:10:36.840]   "If you aren't, you haven't met her."
[00:10:36.840 --> 00:10:38.560]   And I literally just pointed
[00:10:38.560 --> 00:10:40.160]   because we had just come around the corner
[00:10:40.160 --> 00:10:41.000]   where you could see it.
[00:10:41.000 --> 00:10:43.440]   And she goes, "Now, where is this Grand,"
[00:10:43.440 --> 00:10:45.040]   and she saw it.
[00:10:45.040 --> 00:10:47.360]   And she just went like this, she goes, "Oh."
[00:10:47.360 --> 00:10:48.880]   (congregation laughing)
[00:10:48.880 --> 00:10:51.200]   And my whole family, for the first time that whole day
[00:10:51.200 --> 00:10:53.320]   or ever, were all speechless.
[00:10:53.320 --> 00:10:55.600]   And I took this photo as they just silently,
[00:10:55.600 --> 00:10:59.600]   for the first time, took it in.
[00:10:59.600 --> 00:11:04.880]   Now, where is this, "Oh."
[00:11:04.880 --> 00:11:05.880]   Because here's how they felt.
[00:11:05.880 --> 00:11:06.720]   Here's how I felt.
[00:11:06.720 --> 00:11:08.440]   Here's how, if you ever see something like that,
[00:11:08.440 --> 00:11:13.440]   you feel like, "Wow, wow, wow."
[00:11:13.440 --> 00:11:21.520]   The author of Hebrews, chapter 12, verse 11,
[00:11:22.400 --> 00:11:25.600]   says this, this is so important to think about.
[00:11:25.600 --> 00:11:27.680]   Bring that emotion, that feeling, that fatigue,
[00:11:27.680 --> 00:11:30.280]   then all of a sudden that payoff with you is he says,
[00:11:30.280 --> 00:11:35.280]   or she says, "No training seems pleasant at the time.
[00:11:35.280 --> 00:11:41.000]   "In fact, it seems painful."
[00:11:41.000 --> 00:11:43.160]   But later on, someone say, "Later on,
[00:11:43.160 --> 00:11:49.220]   "it produces a harvest of godliness and peace."
[00:11:50.200 --> 00:11:53.240]   Godliness and peace, but when?
[00:11:53.240 --> 00:11:55.040]   Later on.
[00:11:55.040 --> 00:11:57.920]   At the time, not pleasant, but painful.
[00:11:57.920 --> 00:12:02.320]   But later on, it produces a harvest of godliness and peace.
[00:12:02.320 --> 00:12:07.320]   It does that for those who have been trained by it.
[00:12:07.320 --> 00:12:14.080]   And God, I thank you that as we travel through this world,
[00:12:14.080 --> 00:12:15.480]   there are gonna be so many moments
[00:12:15.480 --> 00:12:20.400]   when we are dry and dusty and tired and cranky
[00:12:20.400 --> 00:12:23.200]   and irritable and upset and walking through things
[00:12:23.200 --> 00:12:25.480]   in a place where we don't want to be.
[00:12:25.480 --> 00:12:29.440]   And we're gonna feel like we've lost heart.
[00:12:29.440 --> 00:12:32.920]   And God, thank you that you have an, oh,
[00:12:32.920 --> 00:12:37.920]   you have a wow, wow, wow coming for us all
[00:12:37.920 --> 00:12:40.480]   in what we're facing today that we dread,
[00:12:40.480 --> 00:12:43.720]   that we despair of, even just another moment
[00:12:43.720 --> 00:12:47.160]   in the midst of, and whether that's just monotony
[00:12:47.160 --> 00:12:49.960]   or fatigue, God, or disillusionment.
[00:12:49.960 --> 00:12:54.080]   Thank you, God, that if we will be trained
[00:12:54.080 --> 00:12:56.760]   by what we're walking through,
[00:12:56.760 --> 00:12:59.720]   you are more than prepared to guide our feet
[00:12:59.720 --> 00:13:04.120]   into the way of peace and to shine your light upon us
[00:13:04.120 --> 00:13:09.000]   as we sit in what feels like a valley of a shadow of death.
[00:13:09.000 --> 00:13:10.880]   And I pray, God, that as we consider
[00:13:10.880 --> 00:13:15.760]   what this could mean for each of us, that you would breathe
[00:13:15.760 --> 00:13:20.760]   your fresh life upon us, and we would see Jesus,
[00:13:20.760 --> 00:13:25.000]   something new in his face, something new in his presence.
[00:13:25.000 --> 00:13:27.480]   Thank you that in the ages to come,
[00:13:27.480 --> 00:13:31.480]   it's gonna take ages to come for us to get a sense
[00:13:31.480 --> 00:13:34.040]   of the exceeding riches of your kindness
[00:13:34.040 --> 00:13:36.040]   in your grace to us.
[00:13:36.040 --> 00:13:37.800]   And thank you that that doesn't have to start
[00:13:37.800 --> 00:13:39.600]   in the ages of eternity.
[00:13:39.600 --> 00:13:43.120]   If only that can happen right here, right now,
[00:13:43.120 --> 00:13:44.720]   and we pray it would.
[00:13:44.720 --> 00:13:47.960]   In Jesus' mighty name, amen.
[00:13:47.960 --> 00:13:53.600]   Jonathan Edwards was used mightily by God
[00:13:53.600 --> 00:13:58.280]   as a part of what we refer to as the first great awakening,
[00:13:58.280 --> 00:14:03.280]   a time of, to this present day until perhaps
[00:14:03.280 --> 00:14:08.000]   these Labor Day days of unprecedented revival
[00:14:08.000 --> 00:14:09.840]   in this country.
[00:14:09.840 --> 00:14:11.920]   I mean, it was said that during the great awakening,
[00:14:11.920 --> 00:14:15.520]   even as Jonathan Edwards would preach his sermons,
[00:14:15.520 --> 00:14:18.120]   which he did so in a monotonous, nasally tone,
[00:14:18.120 --> 00:14:20.720]   literally his nose buried in his manuscript,
[00:14:20.720 --> 00:14:23.960]   just reading with an unpleasant sound, they say,
[00:14:23.960 --> 00:14:28.280]   the words to his sermons, people would be literally writhing
[00:14:28.280 --> 00:14:31.960]   in the aisles, begging for the conviction
[00:14:31.960 --> 00:14:34.360]   of the Holy Ghost to stop upon them.
[00:14:34.360 --> 00:14:37.800]   I mean, the palpable sense of revival and repentance
[00:14:37.800 --> 00:14:40.320]   and awakening, and even in these days,
[00:14:40.320 --> 00:14:42.200]   we say, Lord, do it again.
[00:14:42.200 --> 00:14:44.160]   Come again, come upon us again.
[00:14:44.160 --> 00:14:46.280]   Let there be a holy fear upon us.
[00:14:46.280 --> 00:14:48.560]   Let there be a return to you that would be happening.
[00:14:48.560 --> 00:14:51.040]   I mean, and as I'm literally in this moment
[00:14:51.040 --> 00:14:54.280]   watching this happen, if this isn't revival,
[00:14:54.280 --> 00:14:55.240]   I don't know what is.
[00:14:55.240 --> 00:14:57.080]   Young people seeking God.
[00:14:57.080 --> 00:14:59.240]   We're living in such a unique moment.
[00:14:59.240 --> 00:15:02.440]   There's such a sense of God catalyzing, of breathing.
[00:15:02.440 --> 00:15:05.480]   We're just sensing and feeling and watching.
[00:15:05.480 --> 00:15:09.960]   We're walking in holy days in this moment.
[00:15:09.960 --> 00:15:12.360]   But as Jonathan Edwards would preach,
[00:15:12.360 --> 00:15:15.640]   he did so at the age of 42, preaching
[00:15:15.640 --> 00:15:19.040]   that prolific sermon, Sinners in the Hands of an Angry God,
[00:15:19.040 --> 00:15:21.680]   one of the most famous sermons that perhaps has ever
[00:15:21.680 --> 00:15:22.200]   been written.
[00:15:22.200 --> 00:15:23.840]   But it wasn't his first sermon.
[00:15:23.840 --> 00:15:27.160]   In fact, far from it, he had been preaching for 20 years
[00:15:27.160 --> 00:15:30.920]   by the point that God really began to bless and breathe
[00:15:30.920 --> 00:15:33.400]   on his ministry in the way that we, of course,
[00:15:33.400 --> 00:15:35.440]   have heard it go down in history.
[00:15:35.440 --> 00:15:40.040]   His first sermon he ever preached, he was 18 years old.
[00:15:40.040 --> 00:15:43.280]   And the title of his sermon was three--
[00:15:43.280 --> 00:15:43.960]   listen to this.
[00:15:43.960 --> 00:15:46.520]   This is 1721, an 18-year-old Jonathan Edwards.
[00:15:46.520 --> 00:15:47.520]   Here's the sermon title.
[00:15:47.520 --> 00:15:49.080]   Are you ready for it?
[00:15:49.080 --> 00:15:54.000]   The Three Irrefutable Reasons Why a Christian Should Be
[00:15:54.000 --> 00:15:56.280]   the Happiest Person in the World.
[00:15:56.280 --> 00:15:57.320]   How's that for a sermon?
[00:15:57.320 --> 00:15:59.280]   You think that would get clicks on YouTube?
[00:15:59.280 --> 00:16:01.240]   It's like he did everything wrong.
[00:16:01.240 --> 00:16:06.240]   You know what I'm saying, it's too long.
[00:16:06.240 --> 00:16:08.720]   I love it, the three irrefutable reasons
[00:16:08.720 --> 00:16:13.960]   why Christians should be the happiest people in the world.
[00:16:13.960 --> 00:16:16.400]   As his outline, as you could imagine, these three reasons.
[00:16:16.400 --> 00:16:18.200]   And let me just condense them for you.
[00:16:18.200 --> 00:16:21.200]   The first was the Christian should be the happiest person
[00:16:21.200 --> 00:16:25.980]   in the world because every hard thing that we ever
[00:16:25.980 --> 00:16:29.240]   go through in this world, God's going to use for good.
[00:16:29.240 --> 00:16:30.320]   That's pretty good, right?
[00:16:30.320 --> 00:16:32.440]   Why should you be the happiest person in the world?
[00:16:32.440 --> 00:16:34.320]   Because every, he says, bad thing you ever
[00:16:34.320 --> 00:16:37.200]   face in your life, God's going to use for good.
[00:16:37.200 --> 00:16:38.920]   The second reason, irrefutable, he
[00:16:38.920 --> 00:16:42.560]   says, why Christians should be the happiest people
[00:16:42.560 --> 00:16:46.280]   on the face of the Earth is because every good thing God
[00:16:46.280 --> 00:16:48.240]   gives us, we will get to keep forever.
[00:16:48.240 --> 00:16:51.040]   Every good thing he does through the bad things we face,
[00:16:51.040 --> 00:16:53.160]   every single one of those, you get to keep forever.
[00:16:53.160 --> 00:16:54.280]   Do you see what he's doing?
[00:16:54.280 --> 00:16:56.400]   The bad that you do not keep forever
[00:16:56.400 --> 00:16:58.320]   because every bad thing that gets turned to good
[00:16:58.320 --> 00:17:01.120]   is no longer bad, thus the bad you don't get to keep forever.
[00:17:01.120 --> 00:17:04.240]   It's the same logic Paul made in 2 Corinthians 4
[00:17:04.240 --> 00:17:05.800]   when he says the troubles we face now,
[00:17:05.800 --> 00:17:07.040]   they're soon going to be gone.
[00:17:07.040 --> 00:17:08.640]   But the glory God reveals through them,
[00:17:08.640 --> 00:17:10.920]   those things are going to last forever, right?
[00:17:10.920 --> 00:17:13.440]   So he says the second reason you should be the happiest
[00:17:13.440 --> 00:17:16.640]   person on the world is every actual good thing you ever
[00:17:16.640 --> 00:17:18.240]   receive in this world from God's hand,
[00:17:18.240 --> 00:17:19.920]   you'll get to keep it forever.
[00:17:19.920 --> 00:17:23.160]   It's almost like we go through a metal detector into heaven
[00:17:23.160 --> 00:17:25.360]   and all the bad, like, oh, yeah, you're not coming.
[00:17:25.360 --> 00:17:27.240]   But every good thing God did through the bad,
[00:17:27.240 --> 00:17:28.120]   that you get to keep.
[00:17:28.120 --> 00:17:29.960]   That you can bring on in here.
[00:17:29.960 --> 00:17:33.320]   And then the third irrefutable reason
[00:17:33.320 --> 00:17:35.520]   why the Christian should be the happiest person alive.
[00:17:35.520 --> 00:17:38.520]   Jonathan Edwards, 18 years old, he said is this.
[00:17:38.520 --> 00:17:42.640]   He says for the Christian, our best is yet to come.
[00:17:42.640 --> 00:17:45.640]   And I know we know that got famous because Frank Sinatra,
[00:17:45.640 --> 00:17:48.400]   but like Jonathan Edwards saying it first, OK, right?
[00:17:48.400 --> 00:17:51.840]   The best-- truly, if you're not in Christ,
[00:17:51.840 --> 00:17:54.520]   this world is as good as it can possibly be.
[00:17:54.520 --> 00:17:56.080]   So you better enjoy it.
[00:17:56.080 --> 00:17:57.080]   You better smoke it.
[00:17:57.080 --> 00:18:00.280]   You better collect all the bad.
[00:18:00.280 --> 00:18:03.520]   You better eat, drink, and be merry, bro.
[00:18:03.520 --> 00:18:04.720]   What are you even doing here?
[00:18:04.720 --> 00:18:06.560]   Your bucket list had better get--
[00:18:06.560 --> 00:18:09.880]   if you don't know Christ, this world, this life
[00:18:09.880 --> 00:18:11.840]   is as good as it can possibly be.
[00:18:11.840 --> 00:18:13.560]   And then what?
[00:18:13.560 --> 00:18:14.240]   The end.
[00:18:14.240 --> 00:18:14.760]   Blackness.
[00:18:14.760 --> 00:18:15.260]   What?
[00:18:15.260 --> 00:18:15.760]   Nothing.
[00:18:15.760 --> 00:18:16.440]   End scene.
[00:18:16.440 --> 00:18:18.240]   It's over.
[00:18:18.240 --> 00:18:21.880]   But for the Christian, we have heaven to look forward to.
[00:18:21.880 --> 00:18:23.640]   We have God's presence to look forward to.
[00:18:23.640 --> 00:18:26.320]   We have eternal life to look forward to.
[00:18:26.320 --> 00:18:30.600]   So I think the case that he made is a good one, right?
[00:18:30.600 --> 00:18:35.480]   We should be the happiest people in the world.
[00:18:35.480 --> 00:18:39.800]   And yet, I've been walking with Jesus since I was 14 years old,
[00:18:39.800 --> 00:18:43.360]   and even with all that hope, there are still
[00:18:43.360 --> 00:18:45.520]   days when it's hard.
[00:18:45.520 --> 00:18:48.200]   There are still days when it's difficult.
[00:18:48.200 --> 00:18:50.360]   So here's the question we want to ask.
[00:18:50.360 --> 00:18:52.320]   The author of Hebrews is pointing out
[00:18:52.320 --> 00:18:54.560]   that there are painful days, difficult days,
[00:18:54.560 --> 00:18:57.360]   discouraging days, where no matter
[00:18:57.360 --> 00:18:59.600]   what theological truth you know, you're
[00:18:59.600 --> 00:19:03.240]   still going to feel fatigued.
[00:19:03.240 --> 00:19:06.520]   Otherwise, why did Paul in 2 Corinthians
[00:19:06.520 --> 00:19:09.960]   say that sometimes life got so hard for him serving God
[00:19:09.960 --> 00:19:13.600]   that he despaired even of life itself?
[00:19:13.600 --> 00:19:15.560]   That's 2 Corinthians 1.
[00:19:15.560 --> 00:19:17.880]   And you're like, dude, Paul, come on, bro.
[00:19:17.880 --> 00:19:20.080]   Don't you know that all things work together for good?
[00:19:20.080 --> 00:19:21.640]   Yeah, he wrote that.
[00:19:21.640 --> 00:19:22.640]   He knew.
[00:19:22.640 --> 00:19:24.560]   Come on, tell your neighbor, he knew.
[00:19:24.560 --> 00:19:28.040]   He knew all the three points of Jonathan Edwards' sermon.
[00:19:28.040 --> 00:19:30.000]   Paul knew better than anybody about heaven.
[00:19:30.000 --> 00:19:30.880]   How do you know that?
[00:19:30.880 --> 00:19:35.440]   He got to go there one time, just like for the day.
[00:19:35.440 --> 00:19:36.880]   It's crazy.
[00:19:36.880 --> 00:19:40.000]   He died and got taken to heaven, and he
[00:19:40.000 --> 00:19:41.440]   got to experience it for a minute,
[00:19:41.440 --> 00:19:43.800]   and then he had to come back.
[00:19:43.800 --> 00:19:47.360]   And yet, Paul, who knew that the best is yet to come, what?
[00:19:47.360 --> 00:19:51.400]   I despaired of life itself.
[00:19:51.400 --> 00:19:52.440]   So you had a bad day?
[00:19:52.440 --> 00:19:53.720]   Yeah, a really bad day.
[00:19:53.720 --> 00:19:56.320]   It takes a lot for Paul to feel like I don't even
[00:19:56.320 --> 00:19:59.520]   want to live anymore, and yet he felt it.
[00:19:59.520 --> 00:20:02.800]   And if you walk with God long enough, you're going to feel it.
[00:20:02.800 --> 00:20:04.800]   So the question I want to ask you
[00:20:04.800 --> 00:20:09.240]   is what do you do when serving God, knowing the truth,
[00:20:09.240 --> 00:20:12.440]   walking in your purpose, you feel
[00:20:12.440 --> 00:20:17.960]   like you're coming unglued?
[00:20:17.960 --> 00:20:21.320]   And that's not theoretical or abstract for me.
[00:20:21.320 --> 00:20:25.600]   I am 44 and 1/2 this year.
[00:20:25.600 --> 00:20:31.760]   When I turned 38, it was like going 60 miles an hour.
[00:20:31.760 --> 00:20:35.080]   I drove straight into a brick wall.
[00:20:35.080 --> 00:20:42.080]   It happened like someone turned a light switch on at bedtime.
[00:20:42.080 --> 00:20:45.640]   I started having panic attacks at 2 in the morning.
[00:20:45.640 --> 00:20:48.800]   If you've never had a panic attack, for me,
[00:20:48.800 --> 00:20:52.040]   it was the most bizarre experience, because I'd never
[00:20:52.040 --> 00:20:53.720]   experienced anything like that.
[00:20:53.720 --> 00:20:56.960]   My heart started pounding like 180-something beats per minute.
[00:20:56.960 --> 00:21:00.520]   I was looking at my watch, just so confused,
[00:21:00.520 --> 00:21:03.160]   felt like I was going to die.
[00:21:03.160 --> 00:21:07.520]   And that began for me a season that from beginning
[00:21:07.520 --> 00:21:10.560]   to where I felt like I was up out of the clouds out of it,
[00:21:10.560 --> 00:21:13.280]   enough to where I could actually talk about it in the past tense,
[00:21:13.280 --> 00:21:15.720]   it lasted about 18 months long.
[00:21:15.720 --> 00:21:21.440]   That was one of the most bewildering periods in my life.
[00:21:21.440 --> 00:21:25.560]   And the most perplexing part about that season
[00:21:25.560 --> 00:21:27.880]   was there was nothing I could point to
[00:21:27.880 --> 00:21:30.160]   as to why it was going on.
[00:21:30.160 --> 00:21:33.920]   If you break a leg, which the year we planted our church
[00:21:33.920 --> 00:21:36.940]   in Montana in 2007, I snapped my femur in half
[00:21:36.940 --> 00:21:38.360]   in a snowmobile wreck.
[00:21:38.360 --> 00:21:39.840]   People are kind to you.
[00:21:39.840 --> 00:21:40.840]   It's like, what's wrong?
[00:21:40.840 --> 00:21:43.800]   Well, my leg, biggest bone in my body, yeah,
[00:21:43.800 --> 00:21:45.480]   sort of broken in half.
[00:21:45.480 --> 00:21:46.520]   My leg's pointed that way.
[00:21:46.520 --> 00:21:49.400]   Not so much this way, mostly that way.
[00:21:49.400 --> 00:21:50.920]   You know what I'm saying?
[00:21:50.920 --> 00:21:52.920]   And why are you having a hard time?
[00:21:52.920 --> 00:21:53.880]   Well, my femur's broken.
[00:21:53.880 --> 00:21:54.600]   Oh, cool.
[00:21:54.600 --> 00:21:55.200]   Amazing.
[00:21:55.200 --> 00:21:57.640]   Well, please have a seat.
[00:21:57.640 --> 00:21:58.320]   Oh, excellent.
[00:21:58.320 --> 00:21:59.080]   I think I will.
[00:21:59.080 --> 00:21:59.580]   Yeah.
[00:21:59.580 --> 00:22:05.120]   My daughter, my second-born daughter died in my arms
[00:22:05.120 --> 00:22:08.600]   five days before Christmas, five years into our church plant.
[00:22:08.600 --> 00:22:12.960]   And I did CPR until the paramedics got there.
[00:22:12.960 --> 00:22:18.160]   And she went home to be with Jesus.
[00:22:18.160 --> 00:22:23.920]   And that was a really discouraging, hard, brutal,
[00:22:23.920 --> 00:22:26.480]   painful period.
[00:22:26.480 --> 00:22:30.000]   I knew she's in heaven, but I just missed her.
[00:22:30.000 --> 00:22:34.240]   She'd be 19 this year.
[00:22:34.240 --> 00:22:40.440]   And everybody was so cool to me because they were like, dude,
[00:22:40.440 --> 00:22:42.000]   your daughter just died.
[00:22:42.000 --> 00:22:43.920]   And I was cool to me because I was like, well,
[00:22:43.920 --> 00:22:45.280]   my daughter just died.
[00:22:45.280 --> 00:22:46.400]   I will have ice cream.
[00:22:46.400 --> 00:22:47.480]   You know what I'm saying?
[00:22:47.480 --> 00:22:52.080]   It's the ultimate diet hall pass.
[00:22:52.080 --> 00:22:55.280]   I was so kind to myself in that season.
[00:22:55.280 --> 00:22:58.520]   But here's the crazy thing about when
[00:22:58.520 --> 00:23:03.520]   you feel like what made you you just got taken from you,
[00:23:03.520 --> 00:23:05.800]   and you feel like you've lost your mind,
[00:23:05.800 --> 00:23:06.880]   and you don't understand.
[00:23:06.880 --> 00:23:09.520]   And there's not even a medical or explainable reason
[00:23:09.520 --> 00:23:11.240]   as to why this is all happening.
[00:23:11.240 --> 00:23:13.480]   That's what made that so confusing for me.
[00:23:13.480 --> 00:23:15.800]   Because on paper, it was all fine.
[00:23:15.800 --> 00:23:18.840]   And yet, it wasn't just the panic attacks.
[00:23:18.840 --> 00:23:22.600]   It was also this weird feeling of dread
[00:23:22.600 --> 00:23:24.960]   that I had never experienced in my life
[00:23:24.960 --> 00:23:27.760]   before that was just constantly there pulling
[00:23:27.760 --> 00:23:30.280]   at the edges of my lungs.
[00:23:30.280 --> 00:23:33.720]   I've always felt gifted by the Holy Spirit
[00:23:33.720 --> 00:23:40.280]   and just prone towards ideation, creativity, storytelling.
[00:23:40.280 --> 00:23:43.040]   Here's what's next.
[00:23:43.040 --> 00:23:47.160]   Where do you think Clover got it from, that type A.
[00:23:47.160 --> 00:23:49.120]   And I felt like all of those things
[00:23:49.120 --> 00:23:53.960]   that always were so natural, intuitive just got put in a bag
[00:23:53.960 --> 00:23:55.720]   and taken away from me.
[00:23:55.720 --> 00:24:00.080]   I, for the first time, had no sense of this is what's next.
[00:24:00.080 --> 00:24:03.880]   And I was just like, how do I get that back?
[00:24:03.880 --> 00:24:06.680]   Started to feel like I don't even--
[00:24:06.680 --> 00:24:08.720]   have I gone as far as I can on my calling
[00:24:08.720 --> 00:24:10.680]   and in the position I'm in?
[00:24:10.680 --> 00:24:13.040]   Started to just-- all these big questions,
[00:24:13.040 --> 00:24:15.400]   all these massive questions.
[00:24:15.400 --> 00:24:16.600]   So I go into the doctor.
[00:24:16.600 --> 00:24:19.400]   I'm like, my testosterone level's fine.
[00:24:19.400 --> 00:24:23.240]   Is there-- got scanned, got on paper.
[00:24:23.240 --> 00:24:25.360]   None of this should be happening.
[00:24:25.360 --> 00:24:27.940]   It didn't make any sense to me.
[00:24:27.940 --> 00:24:32.240]   And it was a hard, difficult, discouraging season
[00:24:32.240 --> 00:24:36.480]   to feel like I was lost in the woods
[00:24:36.480 --> 00:24:39.000]   without a compass or any bearings,
[00:24:39.000 --> 00:24:40.440]   couldn't see the stars.
[00:24:40.440 --> 00:24:44.200]   Would I ever get out of this?
[00:24:44.200 --> 00:24:48.960]   I was reticent to call it what it was.
[00:24:48.960 --> 00:24:50.600]   Some of you might have figured it out.
[00:24:50.600 --> 00:24:51.560]   What was I having?
[00:24:51.560 --> 00:24:57.160]   I was having a full-blown midlife crisis.
[00:24:57.160 --> 00:24:59.320]   Oh, I would have hated it if you would have told me
[00:24:59.320 --> 00:25:00.480]   that in the moment, though.
[00:25:00.480 --> 00:25:03.200]   At any point in this 18-month-long journey,
[00:25:03.200 --> 00:25:06.000]   had you insinuated to me, bro, this is-- chill.
[00:25:06.000 --> 00:25:06.760]   Take a breath.
[00:25:06.760 --> 00:25:08.120]   You're having a midlife crisis.
[00:25:08.120 --> 00:25:09.620]   I'd have been like, get out of here,
[00:25:09.620 --> 00:25:11.200]   because that feels so cliche.
[00:25:11.200 --> 00:25:12.400]   Like, what am I going to do?
[00:25:12.400 --> 00:25:13.640]   Go buy a Corvette?
[00:25:13.640 --> 00:25:16.160]   Unbutton my shirt to an uncomfortable degree?
[00:25:16.160 --> 00:25:17.520]   Three more necklaces?
[00:25:17.520 --> 00:25:19.320]   Like, get out of here, you know?
[00:25:19.320 --> 00:25:20.320]   Start doing CrossFit?
[00:25:20.320 --> 00:25:20.880]   I'm kidding.
[00:25:20.880 --> 00:25:22.200]   I'm joking.
[00:25:22.200 --> 00:25:23.360]   The classic midlife crisis.
[00:25:23.360 --> 00:25:24.320]   Do an Ironman.
[00:25:24.320 --> 00:25:28.320]   Just all the things, you know what I'm saying?
[00:25:28.320 --> 00:25:34.640]   And yet, I was exactly in the halfway point
[00:25:34.640 --> 00:25:37.520]   of the average life expectancy for a human being
[00:25:37.520 --> 00:25:41.000]   on this planet, which, by the way, is 72.
[00:25:41.000 --> 00:25:45.600]   72, globally, is the average amount
[00:25:45.600 --> 00:25:47.640]   of time a human being gets to live
[00:25:47.640 --> 00:25:50.920]   on this third rock from the sun.
[00:25:50.920 --> 00:25:53.160]   So technically speaking, I was just a late bloomer.
[00:25:53.160 --> 00:25:54.960]   I should have been having my midlife crisis
[00:25:54.960 --> 00:25:59.560]   two years earlier, at 36, which is the halfway point of 72.
[00:25:59.560 --> 00:26:01.640]   Here's something that'll really cook your noodle.
[00:26:01.640 --> 00:26:04.680]   That means that 18 is the quarter life.
[00:26:04.680 --> 00:26:07.000]   That's wild, right?
[00:26:07.000 --> 00:26:11.360]   And so I was spinning and having all this big, big questions
[00:26:11.360 --> 00:26:14.200]   about purpose and mission and use of the time
[00:26:14.200 --> 00:26:16.640]   that God gave me on this planet and all the rest.
[00:26:16.640 --> 00:26:19.800]   And the big question was, how do I
[00:26:19.800 --> 00:26:25.360]   regain my footing to find my way through my calling with joy?
[00:26:25.360 --> 00:26:29.560]   Again, knowing all of the points to Jonathan Edwards' sermon
[00:26:29.560 --> 00:26:32.640]   didn't keep me from feeling discouraged in that moment.
[00:26:32.640 --> 00:26:34.720]   Now, just to pause and bring us all in here,
[00:26:34.720 --> 00:26:36.600]   because some of you might be like, well, hey,
[00:26:36.600 --> 00:26:37.520]   that's great, Boomer.
[00:26:37.520 --> 00:26:41.840]   I'll call you if I need you when I get there.
[00:26:41.840 --> 00:26:43.880]   But here's the reality.
[00:26:43.880 --> 00:26:46.280]   It's not just people in midlife who
[00:26:46.280 --> 00:26:48.800]   end up facing crisis like this.
[00:26:48.800 --> 00:26:51.440]   In fact, as I've now looked into it and written on it
[00:26:51.440 --> 00:26:54.760]   and spent in the last several years bottling up
[00:26:54.760 --> 00:26:57.360]   some of these lessons and distilling them to try
[00:26:57.360 --> 00:27:01.200]   and help other people-- because I believe anything you fight
[00:27:01.200 --> 00:27:03.880]   your way through, you should turn back and generously help
[00:27:03.880 --> 00:27:05.340]   whoever's coming behind you, right?
[00:27:05.340 --> 00:27:07.960]   That's biblical, to give comfort you've received.
[00:27:07.960 --> 00:27:11.080]   And what I've discovered is that midlife
[00:27:11.080 --> 00:27:13.760]   isn't the only kind of crisis that people
[00:27:13.760 --> 00:27:14.760]   face in this world.
[00:27:14.760 --> 00:27:16.800]   In fact, it's not even the most common.
[00:27:16.800 --> 00:27:19.040]   Did you know that later life crisis is
[00:27:19.040 --> 00:27:21.040]   far more common than midlife?
[00:27:21.040 --> 00:27:23.840]   And that's defined as those retirement years,
[00:27:23.840 --> 00:27:25.240]   the empty nest era.
[00:27:25.240 --> 00:27:27.280]   For some of you, be kind to your folks.
[00:27:27.280 --> 00:27:29.820]   What they're walking through is uncharted territory for them.
[00:27:29.820 --> 00:27:33.760]   They spent the last 18 years of their lives serving and caring
[00:27:33.760 --> 00:27:35.320]   and being there for you.
[00:27:35.320 --> 00:27:36.740]   And so they're finding their way--
[00:27:36.740 --> 00:27:38.620]   you might be like, oh, they don't understand.
[00:27:38.620 --> 00:27:39.960]   They don't understand themselves.
[00:27:39.960 --> 00:27:41.720]   What they're going through is uncharted for them,
[00:27:41.720 --> 00:27:43.600]   just like it's uncharted for you to be going through what
[00:27:43.600 --> 00:27:44.760]   you're going through.
[00:27:44.760 --> 00:27:47.320]   But did you know that currently-- this is 2026
[00:27:47.320 --> 00:27:47.960]   data--
[00:27:47.960 --> 00:27:52.020]   the most common kind of crisis you can go through in America
[00:27:52.020 --> 00:27:55.800]   today is actually not the later life nor the midlife.
[00:27:55.800 --> 00:27:58.320]   It's currently what they are calling the quarter life
[00:27:58.320 --> 00:27:59.280]   crisis.
[00:27:59.280 --> 00:28:02.440]   And it is the exact demographic that's
[00:28:02.440 --> 00:28:06.840]   eligible to come here to the porch, that 18 to 30-ish kind
[00:28:06.840 --> 00:28:10.080]   of like loosey-goosey phase, where there's just like,
[00:28:10.080 --> 00:28:11.280]   I'm not in high school.
[00:28:11.280 --> 00:28:12.680]   I'm not even in college anymore.
[00:28:12.680 --> 00:28:15.220]   Like, the career, the life, laundry bills.
[00:28:15.220 --> 00:28:18.120]   Like, is there a job for me with AI encroaching?
[00:28:18.120 --> 00:28:20.640]   Like, all of this, this big stuff
[00:28:20.640 --> 00:28:22.600]   that's being pushed upon you.
[00:28:22.600 --> 00:28:25.120]   And I think a lot of times, we can just feel like we're not
[00:28:25.120 --> 00:28:27.760]   equipped for the season of life that we're in.
[00:28:27.760 --> 00:28:31.120]   That no one prepared us for what we're having to deal with here.
[00:28:31.120 --> 00:28:34.640]   That we're an imposter in the story that is our life.
[00:28:34.640 --> 00:28:37.360]   And just this feeling of like, I feel behind.
[00:28:37.360 --> 00:28:40.400]   Like, I've got friends who are closing in on 40,
[00:28:40.400 --> 00:28:41.360]   and they're not married.
[00:28:41.360 --> 00:28:42.320]   They feel like, I'm behind.
[00:28:42.320 --> 00:28:43.240]   I don't have kids yet.
[00:28:43.240 --> 00:28:44.600]   If I am married, I feel behind.
[00:28:44.600 --> 00:28:46.240]   I should be further along in my career.
[00:28:46.240 --> 00:28:47.600]   I feel behind.
[00:28:47.600 --> 00:28:53.160]   Or I'm exactly where I want to be in my calling,
[00:28:53.160 --> 00:28:54.720]   or my career, or my family, but it
[00:28:54.720 --> 00:28:57.680]   doesn't feel like I thought it would feel.
[00:28:57.680 --> 00:28:59.420]   I was talking to someone the other day
[00:28:59.420 --> 00:29:02.280]   who told me that they sold a company they built, scaled,
[00:29:02.280 --> 00:29:04.240]   and always intended to sell.
[00:29:04.240 --> 00:29:05.920]   And they knew God called them to do it.
[00:29:05.920 --> 00:29:06.920]   They knew God led them.
[00:29:06.920 --> 00:29:07.840]   They knew God provided.
[00:29:07.840 --> 00:29:08.520]   They weren't stupid.
[00:29:08.520 --> 00:29:09.960]   They were not turning into an idol
[00:29:09.960 --> 00:29:11.080]   they're giving them glory for.
[00:29:11.080 --> 00:29:13.200]   But they said the day they got to that finish line
[00:29:13.200 --> 00:29:15.960]   and sold it was the emptiest and most discouraged
[00:29:15.960 --> 00:29:17.620]   they ever felt.
[00:29:17.620 --> 00:29:19.960]   Because it was what they knew they were supposed to do,
[00:29:19.960 --> 00:29:20.960]   but when they got to it, it didn't
[00:29:20.960 --> 00:29:22.800]   feel like they thought it was going to feel.
[00:29:22.800 --> 00:29:25.680]   I think for a lot of us, whatever the finish line--
[00:29:25.680 --> 00:29:27.240]   and I'm not talking about ego stuff,
[00:29:27.240 --> 00:29:28.880]   and I'm not talking about pride stuff.
[00:29:28.880 --> 00:29:31.120]   I'm talking about stuff we know God's called us to do.
[00:29:31.120 --> 00:29:33.160]   When we get to those finish lines,
[00:29:33.160 --> 00:29:36.000]   they just don't feel like we thought
[00:29:36.000 --> 00:29:38.160]   they were going to feel.
[00:29:38.160 --> 00:29:42.920]   So for whatever reason, we can end up spiraling.
[00:29:42.920 --> 00:29:47.000]   But what God began to show me, what Hebrews 12, 11 is saying,
[00:29:47.000 --> 00:29:49.600]   is that for every one of us losing heart going,
[00:29:49.600 --> 00:29:53.040]   now where is this that God's got in?
[00:29:53.040 --> 00:29:59.840]   Oh, waiting for you to erupt in your spirit with a wow, wow,
[00:29:59.840 --> 00:30:00.360]   wow.
[00:30:00.360 --> 00:30:02.880]   I see what you had in store.
[00:30:02.880 --> 00:30:04.340]   There is a payoff.
[00:30:04.340 --> 00:30:05.440]   There is a peace.
[00:30:05.440 --> 00:30:07.360]   There is a godliness boost.
[00:30:07.360 --> 00:30:08.720]   There is something inside.
[00:30:08.720 --> 00:30:11.480]   If we don't lose heart, there is, I believe,
[00:30:11.480 --> 00:30:16.960]   blessing waiting for us in our seasons of spiraling.
[00:30:16.960 --> 00:30:20.680]   Blessed are the poor in spirit. Blessed are those who mourn.
[00:30:20.680 --> 00:30:22.040]   Blessed are those who grieve.
[00:30:22.040 --> 00:30:24.920]   None of us want to be any of those things, by the way.
[00:30:24.920 --> 00:30:28.400]   Give me the choice of being poor in spirit or rich in faith.
[00:30:28.400 --> 00:30:29.520]   I'm picking rich in faith.
[00:30:29.520 --> 00:30:31.600]   Anybody with me?
[00:30:31.600 --> 00:30:34.560]   Blessed are those who mourn.
[00:30:34.560 --> 00:30:38.440]   Part of me wants to interrupt Jesus giving the beatitudes.
[00:30:38.440 --> 00:30:39.760]   Time out.
[00:30:39.760 --> 00:30:41.240]   No one's blessed for mourning.
[00:30:41.240 --> 00:30:43.440]   Mourning sucks.
[00:30:43.440 --> 00:30:46.060]   Grieving is awful.
[00:30:46.060 --> 00:30:47.600]   It's terrible.
[00:30:47.600 --> 00:30:50.560]   And yet Jesus is saying, there's actually favor on you
[00:30:50.560 --> 00:30:53.040]   in the midst of these hard things.
[00:30:53.040 --> 00:30:55.400]   You're going, what are you talking-- what are you smoking?
[00:30:55.400 --> 00:30:56.280]   Get out of here.
[00:30:56.280 --> 00:30:57.080]   Just go.
[00:30:57.080 --> 00:30:59.360]   Go back to Montana immediately.
[00:30:59.360 --> 00:31:01.520]   Go peddle that nonsense somewhere else.
[00:31:01.520 --> 00:31:04.160]   What's the blessing waiting for us in our spiraling?
[00:31:04.160 --> 00:31:10.880]   Listen, I understand spiraling's awful, debilitating, confusing,
[00:31:10.880 --> 00:31:11.880]   destabilizing.
[00:31:11.880 --> 00:31:14.440]   And yet I could pass five polygraphs
[00:31:14.440 --> 00:31:16.260]   with the light of Jesus shining in my eyes
[00:31:16.260 --> 00:31:18.360]   to tell you there is blessing for you
[00:31:18.360 --> 00:31:20.800]   in the midst of your difficulty.
[00:31:20.800 --> 00:31:24.840]   And this specific 18-month-long season of my life
[00:31:24.840 --> 00:31:28.840]   that I was walking through from 38 to 40, I look back on now,
[00:31:28.840 --> 00:31:31.340]   and I am so grateful for those hard nights.
[00:31:31.340 --> 00:31:33.260]   I am so grateful not just for the nights where
[00:31:33.260 --> 00:31:35.000]   there was a panic attack, but the next night where
[00:31:35.000 --> 00:31:36.400]   I was wondering with the tremors,
[00:31:36.400 --> 00:31:37.520]   is it going to happen again?
[00:31:37.520 --> 00:31:42.040]   I'm so grateful for what?
[00:31:42.040 --> 00:31:48.200]   The way that God came near, the way that God right-sized me.
[00:31:48.200 --> 00:31:49.620]   Listen, when we're cruising along
[00:31:49.620 --> 00:31:51.240]   and we're catching all the green lights
[00:31:51.240 --> 00:31:53.160]   and we just feel like everything that God has
[00:31:53.160 --> 00:31:55.800]   is touching turns to gold, there can be a way
[00:31:55.800 --> 00:31:58.800]   that you become bigger in your life than God.
[00:31:58.800 --> 00:32:00.920]   And in these hard moments, these difficult moments
[00:32:00.920 --> 00:32:02.920]   when we're crying out to him like we
[00:32:02.920 --> 00:32:05.560]   should be all the time for our next breath,
[00:32:05.560 --> 00:32:08.520]   that God shows up in our story in the way
[00:32:08.520 --> 00:32:11.960]   that we only can when he is literally giving us
[00:32:11.960 --> 00:32:13.200]   our next breath.
[00:32:13.200 --> 00:32:14.080]   And God is there.
[00:32:14.080 --> 00:32:17.200]   I speak over your 2 AM fear.
[00:32:17.200 --> 00:32:19.640]   I speak over your anxiousness.
[00:32:19.640 --> 00:32:22.880]   I speak over your loneliness and the sense of,
[00:32:22.880 --> 00:32:25.120]   like, am I going to make it through this, that God
[00:32:25.120 --> 00:32:28.560]   is seeking to meet you in these moments in ways
[00:32:28.560 --> 00:32:29.720]   that you could never expect.
[00:32:29.720 --> 00:32:32.920]   He's near to the brokenhearted.
[00:32:32.920 --> 00:32:37.200]   He saves such as have a contrite spirit.
[00:32:37.200 --> 00:32:42.800]   There is blessing for you in your seasons of spiraling.
[00:32:42.800 --> 00:32:46.680]   When we took all of these truths and began
[00:32:46.680 --> 00:32:50.520]   to feel a calling to put them in a book and release it, why?
[00:32:50.520 --> 00:32:53.320]   Because books have changed my life.
[00:32:53.320 --> 00:32:56.520]   And I wanted to continue to offer up to anybody coming
[00:32:56.520 --> 00:32:58.800]   behind me who feels like they're going through something
[00:32:58.800 --> 00:33:00.640]   they're not going to make it through.
[00:33:00.640 --> 00:33:03.080]   We began to feel like we should put this into a book.
[00:33:03.080 --> 00:33:05.040]   I told the publisher, I just asked
[00:33:05.040 --> 00:33:07.640]   that you put on the cover a tornado built out
[00:33:07.640 --> 00:33:09.280]   of wildflowers.
[00:33:09.280 --> 00:33:10.240]   Why?
[00:33:10.240 --> 00:33:13.800]   Why tornado specifically built out of wildflowers?
[00:33:13.800 --> 00:33:15.960]   Because the tornado is one of nature's
[00:33:15.960 --> 00:33:18.560]   most destructive symbols.
[00:33:18.560 --> 00:33:20.920]   A tornado coming on the horizon will tear a house down,
[00:33:20.920 --> 00:33:22.160]   will tear a neighborhood down.
[00:33:22.160 --> 00:33:26.640]   And yet, the juxtaposition of, yes, it's your mourning,
[00:33:26.640 --> 00:33:29.640]   you're grieving, you're hurting, you're confused.
[00:33:29.640 --> 00:33:35.160]   And yet, the poetry, the beauty, the art of this tornado
[00:33:35.160 --> 00:33:38.600]   being built out of flowers, that was the image in my heart,
[00:33:38.600 --> 00:33:43.280]   in my life, as I began to feel like God was growing me
[00:33:43.280 --> 00:33:44.680]   in the spiral.
[00:33:44.680 --> 00:33:47.080]   He was deepening me.
[00:33:47.080 --> 00:33:51.120]   I was encountering Him in the spiral, that He came near,
[00:33:51.120 --> 00:33:53.680]   that I was humbled, that I was right sized,
[00:33:53.680 --> 00:33:58.440]   that I began to feel like Isaiah chapter 6.
[00:33:58.440 --> 00:34:02.760]   Like in the year King Uzziah died, I saw the Lord.
[00:34:02.760 --> 00:34:04.960]   Do you see the juxtaposition there?
[00:34:04.960 --> 00:34:06.640]   I'm spiraling low.
[00:34:06.640 --> 00:34:08.240]   This king that I loved was taken out.
[00:34:08.240 --> 00:34:10.240]   And yet, there I saw the Lord on His throne.
[00:34:10.240 --> 00:34:11.040]   That's the beauty.
[00:34:11.040 --> 00:34:14.480]   That's the tornado, but it's built out of wildflowers.
[00:34:14.480 --> 00:34:16.360]   Holy, holy, holy, out of what?
[00:34:16.360 --> 00:34:20.000]   Woe is me, I am undone.
[00:34:20.000 --> 00:34:23.680]   The way that God produces in you what He can then take you
[00:34:23.680 --> 00:34:25.400]   to the next level with.
[00:34:25.400 --> 00:34:28.080]   The way God prepares you.
[00:34:28.080 --> 00:34:33.160]   It was A.W. Tozer who said that it is doubtful that God can use
[00:34:33.160 --> 00:34:38.640]   a person greatly until He has first bruised them deeply.
[00:34:38.640 --> 00:34:41.800]   If we can choose to speak over, and speak about,
[00:34:41.800 --> 00:34:45.760]   and think about, and look at our seasons of spiraling
[00:34:45.760 --> 00:34:49.360]   and difficulty as God getting ready, as God preparing,
[00:34:49.360 --> 00:34:54.360]   as God choosing to honor us enough,
[00:34:54.360 --> 00:34:57.280]   to entrust us with a trial that can hone and shape
[00:34:57.280 --> 00:35:00.680]   the edge of our soul for what He wants to do with us next.
[00:35:00.680 --> 00:35:04.240]   If we could actually believe a season of spiraling
[00:35:04.240 --> 00:35:07.240]   is God's great compliment upon us,
[00:35:07.240 --> 00:35:09.640]   that He wants to come near to us and come close to us
[00:35:09.640 --> 00:35:11.440]   in that unique and particular way.
[00:35:11.440 --> 00:35:14.040]   It was Charles Spurgeon who said that God gives
[00:35:14.040 --> 00:35:20.240]   His most difficult assignments to His most trusted soldiers.
[00:35:20.240 --> 00:35:21.840]   Because here's the reality.
[00:35:21.840 --> 00:35:25.280]   All of us have a misconception--
[00:35:25.280 --> 00:35:28.360]   I've done it so many times in my life-- of what we think
[00:35:28.360 --> 00:35:30.640]   growth can and should look like.
[00:35:30.640 --> 00:35:32.880]   Here's what we want growth to look like.
[00:35:32.880 --> 00:35:36.600]   Just up and to the right indefinitely.
[00:35:36.600 --> 00:35:39.520]   A vertical line so steep you could ski down this sucker.
[00:35:39.520 --> 00:35:41.400]   This is what I want my marriage to look like.
[00:35:41.400 --> 00:35:44.200]   This is what I want my growth and Christ-likeness
[00:35:44.200 --> 00:35:44.800]   to look like.
[00:35:44.800 --> 00:35:47.120]   This is what I want my ministry to look like.
[00:35:47.120 --> 00:35:48.440]   Just up and to the right forever.
[00:35:48.440 --> 00:35:51.640]   But that's not realistic or desirable.
[00:35:51.640 --> 00:35:54.920]   A better picture my counselor helped me to see and understand
[00:35:54.920 --> 00:35:58.040]   was that this is what true growth looks like.
[00:35:58.040 --> 00:35:59.440]   It's more unpredictable.
[00:35:59.440 --> 00:36:00.360]   It's more broken.
[00:36:00.360 --> 00:36:01.240]   It's more janky.
[00:36:01.240 --> 00:36:03.000]   It's a little bit, and then over,
[00:36:03.000 --> 00:36:04.480]   and then you plateau in that growth,
[00:36:04.480 --> 00:36:06.240]   and then you take a new break.
[00:36:06.240 --> 00:36:11.120]   What he said to me is growth is not like a straight line.
[00:36:11.120 --> 00:36:12.120]   It's actually like what?
[00:36:12.120 --> 00:36:13.580]   What does that actually look like?
[00:36:13.580 --> 00:36:15.880]   Stairs.
[00:36:15.880 --> 00:36:19.000]   And what that means, then, is that whenever
[00:36:19.000 --> 00:36:21.320]   you've come to the end of a growth
[00:36:21.320 --> 00:36:23.160]   mode in your character, in your development,
[00:36:23.160 --> 00:36:25.040]   in your calling, in your relationship,
[00:36:25.040 --> 00:36:26.320]   you first hit what?
[00:36:26.320 --> 00:36:28.800]   You hit a wall.
[00:36:28.800 --> 00:36:31.040]   But what if what you hit-- what if what
[00:36:31.040 --> 00:36:33.900]   I felt like I hit at 60 miles an hour wasn't a wall?
[00:36:33.900 --> 00:36:35.520]   What if it was a stair?
[00:36:35.520 --> 00:36:37.000]   What if it was the opportunity?
[00:36:37.000 --> 00:36:38.840]   What if it was the cue to grow?
[00:36:38.840 --> 00:36:41.600]   What if it was now the chance to take a step of trust?
[00:36:41.600 --> 00:36:44.360]   To take a step into the wilderness with God?
[00:36:44.360 --> 00:36:46.600]   To have everything torn back.
[00:36:46.600 --> 00:36:48.000]   To get back to brass tacks.
[00:36:48.000 --> 00:36:49.240]   To come to know Him.
[00:36:49.240 --> 00:36:51.800]   To have Him become all I need, because in that moment,
[00:36:51.800 --> 00:36:54.360]   He's all I have.
[00:36:54.360 --> 00:36:57.360]   And so what that means to you is that you
[00:36:57.360 --> 00:37:01.120]   can begin to use different language to speak
[00:37:01.120 --> 00:37:03.440]   about your seasons of suffering.
[00:37:03.440 --> 00:37:05.720]   These dark nights of the soul.
[00:37:05.720 --> 00:37:09.040]   What if instead of having the fatalistic, bleak language
[00:37:09.040 --> 00:37:14.040]   of I'm cooked, we're toast, this is over, we're done.
[00:37:14.040 --> 00:37:15.920]   It's never going to get better.
[00:37:15.920 --> 00:37:16.960]   I'm being destroyed.
[00:37:16.960 --> 00:37:20.520]   What if instead you could say, I'm being deepened.
[00:37:20.520 --> 00:37:22.560]   I'm being developed.
[00:37:22.560 --> 00:37:26.880]   I went as far as I could with the tools
[00:37:26.880 --> 00:37:29.200]   I currently possessed.
[00:37:29.200 --> 00:37:32.460]   But God is bringing me into a desert place.
[00:37:32.460 --> 00:37:34.160]   He's bringing me into a wilderness place.
[00:37:34.160 --> 00:37:36.800]   He's bringing me into a wilderness place
[00:37:36.800 --> 00:37:41.480]   to retool me for what He has next for me.
[00:37:41.480 --> 00:37:44.280]   I love this company, Shinola.
[00:37:44.280 --> 00:37:45.600]   It's a watch company.
[00:37:45.600 --> 00:37:47.480]   How they make turntables, and bicycles,
[00:37:47.480 --> 00:37:48.760]   and all kinds of random stuff.
[00:37:48.760 --> 00:37:50.840]   They make them all in Detroit.
[00:37:50.840 --> 00:37:52.560]   And what they've done is they've taken
[00:37:52.560 --> 00:37:55.280]   some of these auto manufacturing facilities
[00:37:55.280 --> 00:37:58.440]   where production ended up going over and out.
[00:37:58.440 --> 00:38:01.520]   And we know Detroit, the city, in a lot of ways,
[00:38:01.520 --> 00:38:04.160]   like some of its glory days were kind of behind it.
[00:38:04.160 --> 00:38:07.480]   And this company has chosen to take some of these buildings
[00:38:07.480 --> 00:38:09.000]   that are no longer making cars.
[00:38:09.000 --> 00:38:10.040]   And people don't have to.
[00:38:10.040 --> 00:38:13.240]   And now they're bringing beauty, and these artistry items out
[00:38:13.240 --> 00:38:15.360]   of it, watches, and bicycles, and turntables,
[00:38:15.360 --> 00:38:16.240]   and all this stuff.
[00:38:16.240 --> 00:38:20.720]   And I love the thought that these factories didn't
[00:38:20.720 --> 00:38:22.480]   need to be torn down.
[00:38:22.480 --> 00:38:26.280]   They just needed to be retooled to make what is new,
[00:38:26.280 --> 00:38:28.860]   to make what is current, to make something bespoke, to make
[00:38:28.860 --> 00:38:29.720]   something beautiful.
[00:38:29.720 --> 00:38:31.820]   In your life, whenever you feel like, oh my gosh,
[00:38:31.820 --> 00:38:33.080]   there's nothing more for me.
[00:38:33.080 --> 00:38:34.080]   No, no, listen.
[00:38:34.080 --> 00:38:35.960]   This doesn't need to be torn down.
[00:38:35.960 --> 00:38:38.720]   Just retooled that God's preparing you
[00:38:38.720 --> 00:38:42.160]   for what He has prepared you for.
[00:38:42.160 --> 00:38:45.920]   That there's a blessing for you in your spiraling.
[00:38:45.920 --> 00:38:48.800]   Many of us read in the news and saw on Instagram
[00:38:48.800 --> 00:38:51.200]   all the story about Jeremy Renner, the actor who
[00:38:51.200 --> 00:38:53.600]   plays Hawkeye, among other things.
[00:38:53.600 --> 00:38:59.640]   He got accidentally run over by his own 14,000 pound snowplow
[00:38:59.640 --> 00:39:02.880]   while trying to save the life of his nephew.
[00:39:02.880 --> 00:39:07.160]   Broke 30 bones, pierced his lungs, crushed his skull.
[00:39:07.160 --> 00:39:09.760]   Should not have lived.
[00:39:09.760 --> 00:39:11.440]   But I was listening to an interview
[00:39:11.440 --> 00:39:14.640]   where he was asked, like, are you better yet?
[00:39:14.640 --> 00:39:16.600]   Are you back yet?
[00:39:16.600 --> 00:39:18.200]   Do you feel like you've recovered yet?
[00:39:18.200 --> 00:39:20.060]   And he said, no.
[00:39:20.060 --> 00:39:22.360]   The guy said, I don't think you understood the question.
[00:39:22.360 --> 00:39:24.360]   I'm asking, like, do you feel like you're back to where
[00:39:24.360 --> 00:39:25.640]   you were before the accident?
[00:39:25.640 --> 00:39:27.680]   He goes, no, I'm not back.
[00:39:27.680 --> 00:39:30.720]   I'm better.
[00:39:30.720 --> 00:39:34.760]   He then said, I got so many gifts from almost dying.
[00:39:34.760 --> 00:39:37.800]   I'm not back.
[00:39:37.800 --> 00:39:39.360]   I'm better.
[00:39:39.360 --> 00:39:41.320]   But God stripped me down.
[00:39:41.320 --> 00:39:43.200]   God had me lying down.
[00:39:43.200 --> 00:39:45.440]   God had me at the place where I literally
[00:39:45.440 --> 00:39:47.640]   did not think I was going to make it through this.
[00:39:47.640 --> 00:39:48.140]   Why?
[00:39:48.140 --> 00:39:51.400]   To give you so many gifts from dying.
[00:39:51.400 --> 00:39:54.280]   Tim Keller once said, Christianity
[00:39:54.280 --> 00:39:57.800]   is not about going from strength to strength and just grace
[00:39:57.800 --> 00:39:58.520]   to grace.
[00:39:58.520 --> 00:40:01.760]   It's a religion predicated upon going from death
[00:40:01.760 --> 00:40:03.120]   to resurrection.
[00:40:03.120 --> 00:40:06.280]   And as he did it, he's doing it in you.
[00:40:06.280 --> 00:40:09.640]   When you feel like you've been brought to a place of death,
[00:40:09.640 --> 00:40:13.440]   let me tell you, there's resurrection that can follow,
[00:40:13.440 --> 00:40:17.600]   because you're filled with the same Holy Spirit that raised
[00:40:17.600 --> 00:40:20.520]   Christ Jesus from the dead.
[00:40:20.520 --> 00:40:22.800]   You remember that when you feel like it's over.
[00:40:22.800 --> 00:40:24.940]   You remember that when you feel like your greatest days were
[00:40:24.940 --> 00:40:25.440]   behind.
[00:40:25.440 --> 00:40:28.120]   You feel like when you feel like there's nothing more for you.
[00:40:28.120 --> 00:40:29.360]   There's no point for you.
[00:40:29.360 --> 00:40:34.320]   You are about to go from death in Jesus' name to resurrection.
[00:40:34.320 --> 00:40:36.200]   He's got something more for your future.
[00:40:36.200 --> 00:40:38.640]   If you're not dead, he's not done.
[00:40:38.640 --> 00:40:43.280]   He's still with you, so take a shaky step in his name.
[00:40:43.280 --> 00:40:47.220]   Up that jagged staircase of growth,
[00:40:47.220 --> 00:40:50.320]   there's blessing for you in your spiraling.
[00:40:50.320 --> 00:40:53.760]   Is that not what James is saying when he says in James 1,
[00:40:53.760 --> 00:40:57.840]   verse 2, "Consider it pure joy, my brethren,
[00:40:57.840 --> 00:41:01.000]   when you face various trials of all these different kinds?"
[00:41:01.000 --> 00:41:01.480]   Why?
[00:41:01.480 --> 00:41:04.440]   Because you know that the testing of your faith
[00:41:04.440 --> 00:41:05.880]   develops perseverance.
[00:41:05.880 --> 00:41:07.480]   Think about that as a step.
[00:41:07.480 --> 00:41:09.760]   And from there, God wants to develop your perseverance
[00:41:09.760 --> 00:41:14.500]   into finishing its work so that you may be mature and complete,
[00:41:14.500 --> 00:41:17.360]   lacking nothing.
[00:41:17.360 --> 00:41:19.960]   There's a-- and I love it because we don't even
[00:41:19.960 --> 00:41:22.840]   have to imagine as we think about a staircase and a spiral
[00:41:22.840 --> 00:41:26.720]   because literally it's climbing a spiral staircase.
[00:41:26.720 --> 00:41:32.080]   It is a symbol that we have a mental picture for of how we--
[00:41:32.080 --> 00:41:33.880]   what that means, though, is that we
[00:41:33.880 --> 00:41:37.520]   have to stop thinking about spiraling down
[00:41:37.520 --> 00:41:39.880]   like a graveyard spiral a plane would enter,
[00:41:39.880 --> 00:41:44.320]   and we have to choose in Jesus' name to spiral up,
[00:41:44.320 --> 00:41:45.840]   to spiral in the right direction.
[00:41:45.840 --> 00:41:46.320]   Why?
[00:41:46.320 --> 00:41:48.760]   Because we are in an upside-down kingdom.
[00:41:48.760 --> 00:41:50.980]   So even though we feel like we're being struck down
[00:41:50.980 --> 00:41:54.240]   and hard-pressed and discouraged, what's happening?
[00:41:54.240 --> 00:41:58.040]   He's showing the life of Christ, the divine life of Christ,
[00:41:58.040 --> 00:41:59.960]   who gives you all things pertaining to life
[00:41:59.960 --> 00:42:02.480]   and godliness, is at work in you.
[00:42:02.480 --> 00:42:05.040]   And when Paul got so discouraged in 2 Corinthians 1
[00:42:05.040 --> 00:42:07.520]   that he despaired even of life itself, what did he say?
[00:42:07.520 --> 00:42:10.720]   He said, these things happen to me
[00:42:10.720 --> 00:42:13.960]   so that I would not trust in myself,
[00:42:13.960 --> 00:42:16.920]   but so that I would trust in God who raises the dead.
[00:42:16.920 --> 00:42:19.960]   When you come to a season of spiraling, listen to me,
[00:42:19.960 --> 00:42:24.160]   God allowed it to happen so you would not trust in yourself,
[00:42:24.160 --> 00:42:26.880]   but you would trust in whatever crisis you're in,
[00:42:26.880 --> 00:42:29.840]   in the God who raises the dead.
[00:42:29.840 --> 00:42:31.600]   So I believe in Jesus' name.
[00:42:31.600 --> 00:42:34.840]   There's a wow, wow, wow coming for you
[00:42:34.840 --> 00:42:40.400]   if you would just be willing to put the label-maker down
[00:42:40.400 --> 00:42:43.780]   and stop trying to label things before he's finished.
[00:42:43.780 --> 00:42:45.240]   Because you're going to call it bad.
[00:42:45.240 --> 00:42:46.880]   You're going to call it terrible, losing that job
[00:42:46.880 --> 00:42:48.160]   and having that person betray you
[00:42:48.160 --> 00:42:50.260]   and going through what you're going to go through.
[00:42:50.260 --> 00:42:51.440]   And that medical emergency, you're
[00:42:51.440 --> 00:42:53.400]   going to want to say, this is bad, this is bad.
[00:42:53.400 --> 00:42:56.240]   And how crazy would it be for us to be labeling something
[00:42:56.240 --> 00:42:59.000]   bad that God already has in his mind determined
[00:42:59.000 --> 00:43:02.080]   from before the foundation of the world that he's
[00:43:02.080 --> 00:43:07.520]   going to use to bring forth good for you and glory for him.
[00:43:07.520 --> 00:43:10.020]   And that the day could come that you would look back upon it
[00:43:10.020 --> 00:43:13.260]   as one of the most treasured things you ever experienced,
[00:43:13.260 --> 00:43:15.960]   but you were tempted in a moment to label it
[00:43:15.960 --> 00:43:18.520]   like you knew better than him.
[00:43:18.520 --> 00:43:22.760]   So with all due respect, put the label-maker down.
[00:43:22.760 --> 00:43:25.800]   If you hear me and you've received, hopefully,
[00:43:25.800 --> 00:43:29.400]   some encouragement that could help you navigate future
[00:43:29.400 --> 00:43:32.120]   spiraling, I praise God for that.
[00:43:32.120 --> 00:43:35.080]   But I wonder if maybe there's one or two here today
[00:43:35.080 --> 00:43:38.280]   who would say, man, I'm spiraling right now.
[00:43:38.280 --> 00:43:40.040]   This isn't some future hypothetical.
[00:43:40.040 --> 00:43:43.120]   I'm spiraling literally today.
[00:43:43.120 --> 00:43:45.740]   What do I need to do right now in a moment of spiraling?
[00:43:45.740 --> 00:43:48.120]   I'm going to give it to you, and you could jot these down.
[00:43:48.120 --> 00:43:51.120]   Five quick things that are going to be done that hopefully
[00:43:51.120 --> 00:43:52.600]   would be helpful to you.
[00:43:52.600 --> 00:43:56.960]   Or, here we go, for someone you care about who
[00:43:56.960 --> 00:43:58.120]   you're watching spiraling.
[00:43:58.120 --> 00:44:00.560]   My wife Jenny is the unsung hero in all of this
[00:44:00.560 --> 00:44:02.600]   because she was right there with me.
[00:44:02.600 --> 00:44:04.760]   And secondhand spiraling is real.
[00:44:04.760 --> 00:44:07.300]   To know how to care for someone in chaos
[00:44:07.300 --> 00:44:09.000]   without falling into crisis yourself
[00:44:09.000 --> 00:44:13.560]   is an art to be celebrated and a calling to be recognized.
[00:44:13.560 --> 00:44:15.760]   So this could be for you or for a friend or someone
[00:44:15.760 --> 00:44:17.520]   you love who is spiraling today.
[00:44:17.520 --> 00:44:19.240]   Five things to do when you're spiraling.
[00:44:19.240 --> 00:44:22.360]   Number one, understand the season you're in
[00:44:22.360 --> 00:44:24.880]   and the one you're heading into.
[00:44:24.880 --> 00:44:27.960]   Think about the season you're in today
[00:44:27.960 --> 00:44:29.280]   and the one that's coming next.
[00:44:29.280 --> 00:44:30.040]   This can help you.
[00:44:30.040 --> 00:44:31.160]   This is what the Bible says.
[00:44:31.160 --> 00:44:36.600]   Help me to know a day is coming when I'm going to die.
[00:44:36.600 --> 00:44:38.200]   This will give me a heart of wisdom.
[00:44:38.200 --> 00:44:39.600]   That's what David said, right?
[00:44:39.600 --> 00:44:40.880]   Help me to consider my end.
[00:44:40.880 --> 00:44:44.120]   Help me to remember my days are not infinite but finite.
[00:44:44.120 --> 00:44:47.720]   The 72-year thing, when you think about that,
[00:44:47.720 --> 00:44:49.280]   it will give you a heart of wisdom.
[00:44:49.280 --> 00:44:49.760]   Why?
[00:44:49.760 --> 00:44:51.520]   Because it's going to give you a sense of,
[00:44:51.520 --> 00:44:54.360]   I'm in the season now, and that season's going to end,
[00:44:54.360 --> 00:44:55.960]   and the next season's going to come.
[00:44:55.960 --> 00:44:59.360]   Because life is ultimately like three acts.
[00:44:59.360 --> 00:45:01.040]   You're building a container, choosing
[00:45:01.040 --> 00:45:02.880]   to fill that container, then needing
[00:45:02.880 --> 00:45:05.760]   to give that container and its contents away.
[00:45:05.760 --> 00:45:08.720]   So that the three acts of life, I think,
[00:45:08.720 --> 00:45:13.400]   are many times behind the scenes when we feel despair.
[00:45:13.400 --> 00:45:16.040]   It's because we didn't properly recognize and prepare
[00:45:16.040 --> 00:45:18.360]   for the season that snuck up on us.
[00:45:18.360 --> 00:45:20.160]   But it's not like it wasn't coming for me.
[00:45:20.160 --> 00:45:23.160]   Well, it's not like midlife wasn't subtly there,
[00:45:23.160 --> 00:45:25.640]   showing, what is the gray hair?
[00:45:25.640 --> 00:45:27.000]   What's going on with that?
[00:45:27.000 --> 00:45:28.600]   Oh, the crow's feet, interesting.
[00:45:28.600 --> 00:45:29.920]   What could that mean?
[00:45:29.920 --> 00:45:31.640]   No, it was always coming.
[00:45:31.640 --> 00:45:33.280]   And yet, sometimes we act all surprised
[00:45:33.280 --> 00:45:35.960]   when something that was always going to come to an end
[00:45:35.960 --> 00:45:37.000]   all of a sudden comes.
[00:45:37.000 --> 00:45:38.400]   So how do we fight against that?
[00:45:38.400 --> 00:45:41.120]   We understand not just the season we're in today,
[00:45:41.120 --> 00:45:43.720]   but also the season that is coming.
[00:45:43.720 --> 00:45:47.080]   Proverbs 20, verse 29 says, "The glory of young men
[00:45:47.080 --> 00:45:50.360]   is their strength, and the splendor--"
[00:45:50.360 --> 00:45:51.960]   do you see that word, "splendor"?
[00:45:51.960 --> 00:45:53.600]   Does that sound awful?
[00:45:53.600 --> 00:45:56.940]   The Bible is honoring and recognizing.
[00:45:56.940 --> 00:45:59.160]   "Splendor" to what?
[00:45:59.160 --> 00:46:02.560]   The gray head of the old man.
[00:46:02.560 --> 00:46:04.320]   God really encouraged me with that verse
[00:46:04.320 --> 00:46:06.480]   one day when I said to Him, I'm not
[00:46:06.480 --> 00:46:10.560]   going to be terrified of what you've declared splendid.
[00:46:10.560 --> 00:46:11.880]   Do you hear me?
[00:46:11.880 --> 00:46:16.240]   I can have excitement for not just the current season
[00:46:16.240 --> 00:46:18.280]   that I want to hold on to, like forever 21,
[00:46:18.280 --> 00:46:20.040]   like what a life in this pit of hell,
[00:46:20.040 --> 00:46:23.000]   as though that were possible or desirable, right?
[00:46:23.000 --> 00:46:25.720]   But instead, to be excited about what God has already declared,
[00:46:25.720 --> 00:46:27.380]   not just glorious, which is what's now,
[00:46:27.380 --> 00:46:30.240]   but splendid, which is what's coming ahead.
[00:46:30.240 --> 00:46:32.520]   So we can understand what we're in,
[00:46:32.520 --> 00:46:34.680]   but also prepare for what season is coming next,
[00:46:34.680 --> 00:46:37.800]   so that it's not some big enemy that shows up.
[00:46:37.800 --> 00:46:39.680]   It's something we were preparing for.
[00:46:39.680 --> 00:46:41.040]   That's what Proverbs 6 says.
[00:46:41.040 --> 00:46:42.560]   Look at the ant, see how wise it is.
[00:46:42.560 --> 00:46:44.200]   It knows what season it's in today
[00:46:44.200 --> 00:46:45.400]   and the season that's coming.
[00:46:45.400 --> 00:46:47.040]   One little thing you could do would
[00:46:47.040 --> 00:46:49.160]   be to prepare your last will and testament.
[00:46:49.160 --> 00:46:51.700]   Did you know that almost 70% of Americans
[00:46:51.700 --> 00:46:53.960]   do not have an up-to-date will?
[00:46:53.960 --> 00:46:56.420]   And do you know what percent of Americans are going to die?
[00:46:56.420 --> 00:46:58.320]   All of them.
[00:46:58.320 --> 00:47:02.800]   So even just a simple act of honoring God by the way
[00:47:02.800 --> 00:47:05.200]   you're a steward over whatever you do--
[00:47:05.200 --> 00:47:06.160]   I don't have anything.
[00:47:06.160 --> 00:47:07.360]   I'm not going to be-- well, you'll
[00:47:07.360 --> 00:47:09.120]   be a steward over very little as long as you
[00:47:09.120 --> 00:47:10.920]   continue to have that attitude.
[00:47:10.920 --> 00:47:14.020]   It was the one talent person who hit us in the ground.
[00:47:14.020 --> 00:47:16.200]   So if you'll begin to say, whatever you give me, God,
[00:47:16.200 --> 00:47:20.760]   I'm going to honor you with how I am faithful to you with it,
[00:47:20.760 --> 00:47:22.560]   knowing I'm going to, at one point in my life,
[00:47:22.560 --> 00:47:24.560]   release all of it to you forever,
[00:47:24.560 --> 00:47:26.060]   and I'm going to prepare to do that.
[00:47:26.060 --> 00:47:31.240]   I actually think that tithing is a dress rehearsal for death
[00:47:31.240 --> 00:47:34.600]   that we get to be a part of every single week.
[00:47:34.600 --> 00:47:36.120]   Opening the hand, opening the hand.
[00:47:36.120 --> 00:47:38.240]   Because when you die, it's all coming out,
[00:47:38.240 --> 00:47:39.440]   whether you like it or not.
[00:47:39.440 --> 00:47:41.680]   So every time we open that hand up to God,
[00:47:41.680 --> 00:47:44.560]   it's a dress rehearsal for what is inevitable,
[00:47:44.560 --> 00:47:47.120]   and that is the release of everything back to him.
[00:47:47.120 --> 00:47:48.920]   So that's number one.
[00:47:48.920 --> 00:47:51.520]   Number two, jot this down, we connect the dots.
[00:47:51.520 --> 00:47:54.080]   If you're spiraling today, connect the dots.
[00:47:54.080 --> 00:47:57.820]   For me, there was not just during that 18-month-long
[00:47:57.820 --> 00:48:02.160]   period the question of, why is this happening?
[00:48:02.160 --> 00:48:03.440]   Oh, it's because I'm at midlife.
[00:48:03.440 --> 00:48:08.640]   There was also some other biological things going on.
[00:48:08.640 --> 00:48:10.200]   Pace of life stuff.
[00:48:10.200 --> 00:48:12.720]   Because the Bible says we are not just body.
[00:48:12.720 --> 00:48:13.920]   We're body, soul, spirit.
[00:48:13.920 --> 00:48:16.000]   In the church, we love to focus just on the spirit,
[00:48:16.000 --> 00:48:19.360]   but there was some other stuff going on there.
[00:48:19.360 --> 00:48:22.400]   How many things I was saying yes to, how hard I was going,
[00:48:22.400 --> 00:48:24.400]   the fact that I had been trying to basically burn
[00:48:24.400 --> 00:48:26.600]   the candle at both ends and in the middle
[00:48:26.600 --> 00:48:30.840]   for two decades in ministry, using language like,
[00:48:30.840 --> 00:48:33.240]   I'm going to drive the devil out of the state of Montana,
[00:48:33.240 --> 00:48:36.280]   just all this stupid stuff you say when you get a full tank
[00:48:36.280 --> 00:48:39.880]   of gas, and it's like, well, do we have to do all of Montana?
[00:48:39.880 --> 00:48:42.840]   So you get a little older, like, can we just do the county?
[00:48:42.840 --> 00:48:45.680]   You know what I'm saying?
[00:48:45.680 --> 00:48:47.840]   I'm being a little tongue-in-cheek and facetious
[00:48:47.840 --> 00:48:53.120]   here, but I think just the reality of hard living
[00:48:53.120 --> 00:48:56.520]   without always respecting my own personal limitations
[00:48:56.520 --> 00:49:00.240]   and the need to restore my own soul that I had to address.
[00:49:00.240 --> 00:49:03.120]   The fact that I would have, for a long season of my life,
[00:49:03.120 --> 00:49:05.880]   found it completely crazy to think of giving myself
[00:49:05.880 --> 00:49:07.960]   a day to go hiking, or a day to go fly fishing,
[00:49:07.960 --> 00:49:10.080]   or a day to play tennis, to go sit in the sauna
[00:49:10.080 --> 00:49:12.440]   and not feel guilty, because there was surely
[00:49:12.440 --> 00:49:15.640]   something I could be doing for God in that moment.
[00:49:15.640 --> 00:49:20.000]   And so learning some of those rhythms of rest, and release,
[00:49:20.000 --> 00:49:24.120]   and Selah, and Sabbath.
[00:49:24.120 --> 00:49:26.880]   So connecting the dots on, that's how I got here.
[00:49:26.880 --> 00:49:28.760]   I got here because the body does keep score.
[00:49:28.760 --> 00:49:31.040]   I got here because pace does matter.
[00:49:31.040 --> 00:49:35.480]   And I'm a simple human, not Iron Man, right?
[00:49:35.480 --> 00:49:39.080]   Just that realization that I have limitations.
[00:49:39.080 --> 00:49:40.600]   I also had to get off pre-workout.
[00:49:40.600 --> 00:49:42.600]   I don't know if this could be for somebody here,
[00:49:42.600 --> 00:49:44.640]   but my doctor was like, hey, could you
[00:49:44.640 --> 00:49:46.760]   text me a picture of everything you take in a day?
[00:49:46.760 --> 00:49:49.240]   And I texted the pre-workout to her, and she wrote back,
[00:49:49.240 --> 00:49:50.960]   have you read this?
[00:49:50.960 --> 00:49:52.000]   Have you ever read this?
[00:49:52.000 --> 00:49:54.720]   It says may cause feelings of panic, you moron.
[00:49:54.720 --> 00:49:55.640]   She didn't say that.
[00:49:55.640 --> 00:49:56.640]   Doctors don't say moron.
[00:49:56.640 --> 00:49:58.200]   I said that.
[00:49:58.200 --> 00:50:00.240]   I did that all myself.
[00:50:00.240 --> 00:50:02.160]   I'm like, Lord, help me with my panic attacks.
[00:50:02.160 --> 00:50:02.920]   Glug, glug, glug.
[00:50:02.920 --> 00:50:06.680]   You know, it's like--
[00:50:06.680 --> 00:50:07.920]   it could be as simple as that.
[00:50:07.920 --> 00:50:08.600]   You're like, pray for me.
[00:50:08.600 --> 00:50:09.460]   I have headaches every day.
[00:50:09.460 --> 00:50:10.800]   Tell me what you drink in a day.
[00:50:10.800 --> 00:50:11.720]   Nothing but sweet tea.
[00:50:11.720 --> 00:50:16.720]   Connect the dots.
[00:50:16.720 --> 00:50:19.600]   I had family of origin stuff too.
[00:50:19.600 --> 00:50:23.320]   I had to deal with a lot of stuff from my childhood
[00:50:23.320 --> 00:50:26.800]   I had never faced down.
[00:50:26.800 --> 00:50:27.960]   It was all connected.
[00:50:27.960 --> 00:50:32.520]   OK, number three, recalibrate your scoreboard.
[00:50:32.520 --> 00:50:34.440]   This was huge for me in my second half of life.
[00:50:34.440 --> 00:50:36.200]   I was talking to a friend this morning playing tennis,
[00:50:36.200 --> 00:50:38.640]   and he asked about what's getting me so much joy
[00:50:38.640 --> 00:50:39.600]   in ministry these days.
[00:50:39.600 --> 00:50:41.240]   And I was saying, it has everything
[00:50:41.240 --> 00:50:43.840]   to do with the chance to fight for young people
[00:50:43.840 --> 00:50:47.040]   and everything to do with to fight for other leaders who
[00:50:47.040 --> 00:50:48.880]   are going to release and reach young people.
[00:50:48.880 --> 00:50:51.320]   And that's what puts bright, shining light in my eyes,
[00:50:51.320 --> 00:50:54.840]   much more than is it the biggest thing or the most--
[00:50:54.840 --> 00:50:57.040]   all that stuff is fantastic, right?
[00:50:57.040 --> 00:50:58.580]   I want to reach everyone for Christ.
[00:50:58.580 --> 00:50:59.080]   Amazing.
[00:50:59.080 --> 00:50:59.920]   We get it, right?
[00:50:59.920 --> 00:51:00.720]   That's fantastic.
[00:51:00.720 --> 00:51:03.720]   But I've recalibrated my scoreboard
[00:51:03.720 --> 00:51:06.960]   to not just what appears successful,
[00:51:06.960 --> 00:51:09.480]   but what is actually significant connected
[00:51:09.480 --> 00:51:12.320]   to what God has called for me to participate
[00:51:12.320 --> 00:51:15.680]   in in the second half of my life.
[00:51:15.680 --> 00:51:17.560]   And a part of that is just, for me,
[00:51:17.560 --> 00:51:22.280]   reigniting the flame of passion for personal evangelism,
[00:51:22.280 --> 00:51:25.800]   not from a platform, but just person to person and heart
[00:51:25.800 --> 00:51:29.920]   to heart, and finding a column on your scoreboard
[00:51:29.920 --> 00:51:33.280]   for things that no one on Earth is going to celebrate,
[00:51:33.280 --> 00:51:36.000]   but ignites the greatest applause in heaven
[00:51:36.000 --> 00:51:38.560]   because God sees it's what He has for you
[00:51:38.560 --> 00:51:42.280]   in this coming season of recalibration and retooling
[00:51:42.280 --> 00:51:44.320]   of the factory of your heart.
[00:51:44.320 --> 00:51:45.640]   I mean, don't get me wrong.
[00:51:45.640 --> 00:51:47.120]   Luke Skywalker's great.
[00:51:47.120 --> 00:51:49.800]   We all want to be Luke Skywalker and Leia and Han Solo.
[00:51:49.800 --> 00:51:52.600]   But man, the kingdom of God needs some Obi-Wan Kenobis
[00:51:52.600 --> 00:51:56.000]   and some Yodas as well, right?
[00:51:56.000 --> 00:51:58.400]   And maybe even Jar Jar Binks, although that's debatable.
[00:51:58.400 --> 00:52:00.000]   We could go back and forth about that.
[00:52:00.000 --> 00:52:01.320]   Hot take, he's the worst.
[00:52:01.320 --> 00:52:05.360]   OK, anyhow, number four, I would say this.
[00:52:05.360 --> 00:52:07.600]   If you're spiraling today, be kind.
[00:52:07.600 --> 00:52:08.960]   You've never been here before.
[00:52:08.960 --> 00:52:13.640]   Be kind.
[00:52:13.640 --> 00:52:15.520]   You've never been here before.
[00:52:15.520 --> 00:52:20.240]   If I'm completely honest, I made my season of spiraling worse
[00:52:20.240 --> 00:52:24.440]   because I was berating myself for not doing better.
[00:52:24.440 --> 00:52:28.880]   And very few things will make you feel less better when
[00:52:28.880 --> 00:52:30.680]   you're feeling bad than you trying
[00:52:30.680 --> 00:52:35.320]   to make yourself feeling bad for not feeling better.
[00:52:35.320 --> 00:52:36.920]   And when God opened my eyes to this,
[00:52:36.920 --> 00:52:38.680]   I was doing a hospital visit.
[00:52:38.680 --> 00:52:41.280]   My friend, Stu, he's been a part of our church for--
[00:52:41.280 --> 00:52:44.800]   well, he had been a part of our church for 18 years.
[00:52:44.800 --> 00:52:47.000]   And he had Parkinson's.
[00:52:47.000 --> 00:52:49.360]   And his wife called me and said, Stu thinks he's dying.
[00:52:49.360 --> 00:52:50.360]   Can you get here as quick as you could?
[00:52:50.360 --> 00:52:52.120]   And the quickest I could get there was the next morning.
[00:52:52.120 --> 00:52:56.080]   So I walked into his room, and he was skin and bones.
[00:52:56.080 --> 00:52:58.400]   And he was-- you know what he was?
[00:52:58.400 --> 00:53:00.160]   He was so ashamed.
[00:53:00.160 --> 00:53:02.840]   He said, I can't believe I asked her to call you.
[00:53:02.840 --> 00:53:04.680]   I thought I was dying last night.
[00:53:04.680 --> 00:53:05.720]   I didn't even die.
[00:53:05.720 --> 00:53:08.880]   I actually feel really good this morning.
[00:53:08.880 --> 00:53:11.480]   He was embarrassed, and I laughed.
[00:53:11.480 --> 00:53:12.880]   And you know what I said to Stu?
[00:53:12.880 --> 00:53:14.000]   We had a good relationship.
[00:53:14.000 --> 00:53:16.680]   I said, Stu, you're terrible at this.
[00:53:16.680 --> 00:53:20.160]   You're so bad at dying.
[00:53:20.160 --> 00:53:23.440]   And then I said, but how could you be good at it?
[00:53:23.440 --> 00:53:27.280]   You've never done it before.
[00:53:27.280 --> 00:53:29.120]   And he laughed.
[00:53:29.120 --> 00:53:31.440]   And I said, I have a prediction, Stu.
[00:53:31.440 --> 00:53:34.680]   I said, I bet you're going to suck at dying when you die.
[00:53:34.680 --> 00:53:36.040]   You're going to be so bad at it.
[00:53:36.040 --> 00:53:37.360]   It's going to be so clumsy.
[00:53:37.360 --> 00:53:40.280]   It's not going to be, like, finesse.
[00:53:40.280 --> 00:53:43.520]   It's going to be like, ah, eh.
[00:53:43.520 --> 00:53:46.520]   That's what I said.
[00:53:46.520 --> 00:53:50.480]   I'm not a great pastor, obviously.
[00:53:50.480 --> 00:53:54.400]   I said, you're going to be so bad at dying because you've
[00:53:54.400 --> 00:53:56.320]   never done it before.
[00:53:56.320 --> 00:53:59.200]   I said, but do you know who's so good at death?
[00:53:59.200 --> 00:54:00.960]   Jesus.
[00:54:00.960 --> 00:54:05.000]   He has never dropped the ball on the death of one of his saints
[00:54:05.000 --> 00:54:05.960]   ever.
[00:54:05.960 --> 00:54:07.480]   He conquered death, and he's going
[00:54:07.480 --> 00:54:10.760]   to bring you through despite you being bad at it.
[00:54:10.760 --> 00:54:12.680]   So you can trust your death to him.
[00:54:12.680 --> 00:54:13.640]   And Stu laughed.
[00:54:13.640 --> 00:54:15.400]   He laid his head back on the pillow.
[00:54:15.400 --> 00:54:16.200]   He closed his eyes.
[00:54:16.200 --> 00:54:17.560]   And it was just a few days later,
[00:54:17.560 --> 00:54:24.080]   he went home to be with Jesus, badly, clumsily.
[00:54:24.080 --> 00:54:26.720]   But Jesus guided him through.
[00:54:26.720 --> 00:54:29.200]   How could you be good at what you're
[00:54:29.200 --> 00:54:31.160]   dealing with today, loved one?
[00:54:31.160 --> 00:54:32.920]   You've never been here before.
[00:54:32.920 --> 00:54:34.000]   You've never been 25.
[00:54:34.000 --> 00:54:35.620]   You've never started a company before.
[00:54:35.620 --> 00:54:36.880]   You've never had to sell the company.
[00:54:36.880 --> 00:54:38.200]   You've never been at Empty Nest.
[00:54:38.200 --> 00:54:39.640]   You've never been here.
[00:54:39.640 --> 00:54:41.960]   Of course, you're not good at it.
[00:54:41.960 --> 00:54:43.600]   So quit trying to act like you're
[00:54:43.600 --> 00:54:45.760]   good at what you've never done before and just tell
[00:54:45.760 --> 00:54:49.320]   your father you are bad at it and let him help you,
[00:54:49.320 --> 00:54:50.760]   because he's good.
[00:54:50.760 --> 00:54:56.160]   All the time, God is good.
[00:54:56.160 --> 00:54:58.880]   So be kind to yourself.
[00:54:58.880 --> 00:55:00.120]   You've never been here before.
[00:55:00.120 --> 00:55:02.000]   And then lastly, we close with this.
[00:55:02.000 --> 00:55:03.560]   And this is so important.
[00:55:03.560 --> 00:55:07.520]   Anchor your identity in what can't be taken away.
[00:55:07.520 --> 00:55:13.120]   Anchor your identity in what can't be taken away.
[00:55:13.120 --> 00:55:16.080]   To be just completely and totally in a moment
[00:55:16.080 --> 00:55:19.880]   of transparent confession before you,
[00:55:19.880 --> 00:55:25.720]   there was a lot of my identity in that season
[00:55:25.720 --> 00:55:29.160]   I discovered, thanks to the kindness of the Holy Spirit,
[00:55:29.160 --> 00:55:31.080]   that came from what I do for God.
[00:55:31.080 --> 00:55:37.040]   Because I planted a church at 23,
[00:55:37.040 --> 00:55:38.680]   wrote my first book at 30.
[00:55:38.680 --> 00:55:40.680]   I started preaching at 14.
[00:55:40.680 --> 00:55:43.640]   My whole life, I was always being celebrated
[00:55:43.640 --> 00:55:46.200]   as this young man doing great things for God.
[00:55:46.200 --> 00:55:50.240]   And I never intended for that to be what I built me on.
[00:55:50.240 --> 00:55:54.720]   But there was some part of that that got cooked in there,
[00:55:54.720 --> 00:55:59.720]   that God was trying to burn out and smoke out.
[00:55:59.720 --> 00:56:00.800]   Because here's the thing.
[00:56:00.800 --> 00:56:03.880]   There is going to come a day when my body is going to slow.
[00:56:03.880 --> 00:56:06.200]   And I will not be able to hop on an airplane and preach.
[00:56:06.200 --> 00:56:08.080]   And I will not have anything to say in a book
[00:56:08.080 --> 00:56:09.920]   that anyone's going to want to read.
[00:56:09.920 --> 00:56:13.520]   There is going to come a day when I won't be doing anything
[00:56:13.520 --> 00:56:16.440]   for the kingdom of God, drooling down
[00:56:16.440 --> 00:56:19.600]   my shirt in a retirement home, or in a roadside
[00:56:19.600 --> 00:56:20.840]   ditch after a car accident.
[00:56:20.840 --> 00:56:24.920]   My identity in that moment, it will--
[00:56:24.920 --> 00:56:28.720]   if it's based on anything that's me, let me tell you something.
[00:56:28.720 --> 00:56:30.960]   That ship will have sailed.
[00:56:30.960 --> 00:56:35.360]   And it's coming for us all in the things of this world
[00:56:35.360 --> 00:56:39.280]   that we would be tempted to build our identity from and on.
[00:56:39.280 --> 00:56:41.920]   But do you know what will never be taken from you?
[00:56:41.920 --> 00:56:47.960]   That you are a blood son or daughter of the King of kings.
[00:56:47.960 --> 00:56:49.880]   What never will be taken from me is
[00:56:49.880 --> 00:56:52.240]   that I was created in God's image, that He loves me,
[00:56:52.240 --> 00:56:53.680]   that He sees me, that He knows me,
[00:56:53.680 --> 00:56:55.980]   that He's got my name written on the palm of His hands.
[00:56:55.980 --> 00:56:58.320]   And so my season of spiraling, it
[00:56:58.320 --> 00:57:00.680]   was there to get me to recalibrate
[00:57:00.680 --> 00:57:02.320]   what actually matters.
[00:57:02.320 --> 00:57:04.280]   And that is that Jesus loves me.
[00:57:04.280 --> 00:57:05.720]   And that's enough.
[00:57:05.720 --> 00:57:10.600]   And that none of what I do for God is anything other than just
[00:57:10.600 --> 00:57:13.480]   thank you that you gave me that opportunity and back
[00:57:13.480 --> 00:57:17.080]   to the serious business of being lost in your presence,
[00:57:17.080 --> 00:57:18.320]   of being lost in your love.
[00:57:18.320 --> 00:57:25.000]   The weekend I finished writing the book that
[00:57:25.000 --> 00:57:28.160]   has the message in it I'm sharing with you,
[00:57:28.160 --> 00:57:31.960]   18 months of spiraling, then the next several years
[00:57:31.960 --> 00:57:34.280]   of condensing and catalyzing those lessons in your book
[00:57:34.280 --> 00:57:36.320]   form, the very weekend I finished
[00:57:36.320 --> 00:57:38.600]   writing that book, The Rough Draft,
[00:57:38.600 --> 00:57:41.880]   I called my dad to tell him about it.
[00:57:41.880 --> 00:57:43.480]   Called my dad every day.
[00:57:43.480 --> 00:57:45.000]   Talked to him every day.
[00:57:45.000 --> 00:57:46.680]   He was my best man at my wedding.
[00:57:46.680 --> 00:57:47.720]   He was my best friend.
[00:57:47.720 --> 00:57:50.880]   He was a champion to me.
[00:57:50.880 --> 00:57:53.640]   In the very same week I finished this book,
[00:57:53.640 --> 00:57:56.000]   Blessed Are the Spiraling, my dad
[00:57:56.000 --> 00:57:58.400]   called me to tell me he had been diagnosed with stage 4
[00:57:58.400 --> 00:58:01.040]   pancreatic cancer.
[00:58:01.040 --> 00:58:03.720]   And one year to the day of his diagnosis,
[00:58:03.720 --> 00:58:08.440]   my dad, skin and bones, he struggled
[00:58:08.440 --> 00:58:12.040]   to say his last words before he went home to be with Christ.
[00:58:12.040 --> 00:58:14.320]   He got to go with me to the last Passion Conference
[00:58:14.320 --> 00:58:18.040]   in the Mercedes-Benz Arena when Agnes Day broke out.
[00:58:18.040 --> 00:58:19.760]   And we all sang about the holiness of God
[00:58:19.760 --> 00:58:22.360]   for 17 minutes or something like that.
[00:58:22.360 --> 00:58:24.400]   He was there in the room when it happened.
[00:58:24.400 --> 00:58:26.800]   He was so sick with chemotherapy.
[00:58:26.800 --> 00:58:29.320]   And the cancer was eating his lungs and his liver
[00:58:29.320 --> 00:58:30.280]   and his pancreas.
[00:58:30.280 --> 00:58:34.800]   And he was freezing and had his hoodie on.
[00:58:34.800 --> 00:58:37.640]   And my dad was dying.
[00:58:37.640 --> 00:58:43.840]   On his deathbed, he spoke one last time.
[00:58:43.840 --> 00:58:46.680]   He did it three times.
[00:58:46.680 --> 00:58:49.480]   He would open his eyes and his hand would open and close
[00:58:49.480 --> 00:58:50.280]   and open and close.
[00:58:50.280 --> 00:58:59.920]   And he would say over and over again, wow, wow, wow.
[00:59:01.280 --> 00:59:05.680]   Wow, wow, wow.
[00:59:05.680 --> 00:59:15.200]   And I didn't know my dad, who taught me how to ride a bike,
[00:59:15.200 --> 00:59:17.240]   who gave me my first Bible, who taught me
[00:59:17.240 --> 00:59:20.720]   how to treat a woman with God's love and kindness,
[00:59:20.720 --> 00:59:22.760]   told me when you go on a date for the first time,
[00:59:22.760 --> 00:59:24.200]   you start that date with prayer.
[00:59:24.200 --> 00:59:28.520]   Invoke God's name, His presence in that car, in that date.
[00:59:28.520 --> 00:59:30.080]   I did it.
[00:59:30.080 --> 00:59:32.960]   My dad, who had taught me how to do so many things,
[00:59:32.960 --> 00:59:38.360]   how to drink my coffee black like a man does,
[00:59:38.360 --> 00:59:40.320]   always take the lid off because it tastes better
[00:59:40.320 --> 00:59:42.400]   with no lid on that coffee.
[00:59:42.400 --> 00:59:43.920]   He would spill his coffee everywhere.
[00:59:43.920 --> 00:59:46.080]   His car was filthy.
[00:59:46.080 --> 00:59:48.280]   Driving down the road like a psychopath
[00:59:48.280 --> 00:59:50.200]   with coffee spilling.
[00:59:50.200 --> 00:59:54.680]   My dad, who taught me all those things,
[00:59:54.680 --> 00:59:59.320]   was teaching me how to die.
[00:59:59.320 --> 01:00:03.440]   Wow, wow, wow.
[01:00:03.440 --> 01:00:11.360]   So no matter what pain you go through on this earth,
[01:00:11.360 --> 01:00:16.600]   just keep the actual prize in your mind.
[01:00:16.600 --> 01:00:18.640]   The end of your spiral staircase spiraling up,
[01:00:18.640 --> 01:00:21.280]   one shaky step at a time, at the end waiting for you
[01:00:21.280 --> 01:00:25.320]   is not something, but someone.
[01:00:25.320 --> 01:00:31.760]   His name is Jesus, and He always leads His children in triumph.
[01:00:31.760 --> 01:00:36.920]   And so Father, we thank you for being
[01:00:36.920 --> 01:00:39.080]   the author of Seasons of Spiraling,
[01:00:39.080 --> 01:00:42.920]   having written every word to the story to bring us back to you,
[01:00:42.920 --> 01:00:43.960]   to bring us back to you.
[01:00:43.960 --> 01:00:46.360]   If you're here and you would say in one of these moments,
[01:00:46.360 --> 01:00:48.320]   you would say, I'm spiraling today,
[01:00:48.320 --> 01:00:51.720]   but I choose to believe I'm spiraling up in Jesus' name.
[01:00:51.720 --> 01:00:53.640]   Could I just ask you to raise a hand up?
[01:00:53.640 --> 01:00:54.520]   Just raise your hand.
[01:00:54.520 --> 01:00:57.840]   Torch live every single heart, every single life.
[01:00:57.840 --> 01:00:58.640]   Thank you, Jesus.
[01:00:58.640 --> 01:00:59.160]   Thank you.
[01:00:59.160 --> 01:01:00.640]   Touch my friends.
[01:01:00.640 --> 01:01:01.400]   Give them courage.
[01:01:01.400 --> 01:01:03.000]   Give them peace.
[01:01:03.000 --> 01:01:05.720]   Thank you for the confession with eyes closed, hands up.
[01:01:05.720 --> 01:01:07.400]   But I pray for grace in a moment
[01:01:07.400 --> 01:01:09.920]   to ask for prayer from someone in their life
[01:01:09.920 --> 01:01:14.080]   to pray for them and give them love and show them courage.
[01:01:14.080 --> 01:01:15.040]   Bless your people now.
[01:01:15.040 --> 01:01:16.480]   You put your hands down.
[01:01:16.480 --> 01:01:18.360]   If you're here and you've not trusted Christ
[01:01:18.360 --> 01:01:21.320]   and you need to be saved, your works, your goodness,
[01:01:21.320 --> 01:01:23.520]   your being kind can't save you.
[01:01:23.520 --> 01:01:26.720]   Only the blood of Jesus shed for you on the cross,
[01:01:26.720 --> 01:01:30.680]   his resurrection, his life in you can save you
[01:01:30.680 --> 01:01:33.280]   from your sins, can give you that promise of heaven,
[01:01:33.280 --> 01:01:35.680]   can give you all those three things Jonathan Edwards talked
[01:01:35.680 --> 01:01:37.160]   about and more.
[01:01:37.160 --> 01:01:39.080]   If you're here and you've never trusted Christ,
[01:01:39.080 --> 01:01:40.720]   I'm going to pray a prayer.
[01:01:40.720 --> 01:01:42.080]   I want you to pray it with me.
[01:01:42.080 --> 01:01:45.320]   This is a prayer I prayed at 14 to give my life to Jesus.
[01:01:45.320 --> 01:01:46.920]   This can be your prayer tonight to God
[01:01:46.920 --> 01:01:49.480]   if God's brought you into this moment for such a time as this
[01:01:49.480 --> 01:01:52.360]   to save you in his kindness, secure you
[01:01:52.360 --> 01:01:53.920]   forever because of his love.
[01:01:53.920 --> 01:01:56.200]   I want you to pray this prayer with me.
[01:01:56.200 --> 01:01:58.160]   For the benefit of those praying,
[01:01:58.160 --> 01:02:00.760]   we as the church family are going to pray this out loud
[01:02:00.760 --> 01:02:03.040]   together with you to show we're with you,
[01:02:03.040 --> 01:02:04.600]   proud to be with you in this decision.
[01:02:04.600 --> 01:02:06.000]   Pray this prayer out loud.
[01:02:06.000 --> 01:02:06.920]   Mean it in your heart.
[01:02:06.920 --> 01:02:07.680]   God will hear you.
[01:02:07.680 --> 01:02:09.260]   Church family, let's pray it together.
[01:02:09.260 --> 01:02:12.840]   Dear God, I know I'm a sinner.
[01:02:12.840 --> 01:02:15.760]   I can't fix myself.
[01:02:15.760 --> 01:02:22.720]   But I believe you can because of Jesus, because of the cross.
[01:02:22.720 --> 01:02:24.680]   I repent.
[01:02:24.680 --> 01:02:26.960]   Ask you to forgive me.
[01:02:26.960 --> 01:02:29.160]   Thank you for the cross.
[01:02:29.160 --> 01:02:31.720]   Thank you for the resurrection.
[01:02:31.720 --> 01:02:40.400]   Make my heart your home, my song your throne.
[01:02:40.400 --> 01:02:41.400]   In Jesus' name.
[01:02:45.680 --> 01:02:46.520]   Amen.
