
[00:00:00.000 --> 00:00:02.360]  好的 弟兄姊妹晚安
[00:00:02.360 --> 00:00:06.160]  開始我們恢復今晚的茶經
[00:00:06.160 --> 00:00:11.680]  就是《出埃及記》第5章 應該可能去到第11章
[00:00:11.680 --> 00:00:15.920]  但今晚不可能講這麼多 可能第5、6、2章
[00:00:15.920 --> 00:00:18.680]  我們先一起有一個簡單的禱告
[00:00:18.680 --> 00:00:22.840]  再一次我們感恩 天父讓我們能夠有系統
[00:00:22.840 --> 00:00:25.640]  這樣去研讀聖經的話語
[00:00:25.640 --> 00:00:28.320]  我們正在看的《出埃及記》
[00:00:28.320 --> 00:00:32.320]  我們很盼望能夠藉著聖經的敘述
[00:00:32.320 --> 00:00:37.840]  我們能夠了解 特別神興起的這一位先知摩西
[00:00:37.840 --> 00:00:41.800]  讓我們能夠真的從他的心路歷程
[00:00:41.800 --> 00:00:46.160]  從他的夢照 從他回去埃及
[00:00:46.160 --> 00:00:53.080]  帶領自己的同胞民族來接觸神的應許
[00:00:53.080 --> 00:00:56.840]  將他的族民帶進迦南美地
[00:00:56.840 --> 00:01:00.600]  神求你給我們從這些遠古的歷史
[00:01:00.600 --> 00:01:03.160]  是真實發生過的歷史
[00:01:03.160 --> 00:01:07.360]  我們來掌握一些很重要的真理
[00:01:07.360 --> 00:01:10.840]  歷久常新 是不會改變的
[00:01:10.840 --> 00:01:12.960]  盼望神帶領我們
[00:01:12.960 --> 00:01:17.520]  我們將晚上這段時間仰望在主的手中
[00:01:17.520 --> 00:01:21.840]  也知道有相當多不同地方
[00:01:21.840 --> 00:01:24.160]  不同教會的弟兄姊妹
[00:01:24.160 --> 00:01:28.240]  偶然間在網上會聽到這些茶經的
[00:01:28.240 --> 00:01:30.440]  盼望深入淺出
[00:01:30.440 --> 00:01:34.000]  都是很平白地將經文去解釋
[00:01:34.000 --> 00:01:36.760]  又加上一些可能生活的體驗
[00:01:36.760 --> 00:01:38.880]  能夠成為弟兄姊妹
[00:01:38.880 --> 00:01:40.920]  特別不同的屬靈程度
[00:01:40.920 --> 00:01:44.160]  不同階段的信主的弟兄姊妹
[00:01:44.160 --> 00:01:48.120]  產生的共鳴 產生的內心的感動
[00:01:48.120 --> 00:01:54.480]  特別在網上YouTube可能有無數海量的資訊
[00:01:54.480 --> 00:02:00.360]  但是我們很盼望神使用不同的神僕人的信息
[00:02:00.360 --> 00:02:06.880]  去牧養更多更多的不同地方的弟兄姊妹
[00:02:06.880 --> 00:02:09.040]  我們仰望在你的手中
[00:02:09.040 --> 00:02:10.960]  這樣的感恩禱告
[00:02:10.960 --> 00:02:15.280]  奉耶穌基督的名 阿們
[00:02:15.280 --> 00:02:20.720]  雖然我們停了 但是我們一直緊接著經文的發展
[00:02:20.720 --> 00:02:25.600]  第四章很重要的一段經文
[00:02:25.600 --> 00:02:31.600]  就是當摩西約見這些屬靈的領袖
[00:02:31.600 --> 00:02:36.840]  來講述神的應許 拯救的時間
[00:02:36.840 --> 00:02:40.320]  特別應該說是神眷顧他們的時間
[00:02:40.320 --> 00:02:43.280]  因為這個眷顧 監察這個字
[00:02:43.280 --> 00:02:45.640]  稍後在第五章
[00:02:45.640 --> 00:02:49.040]  就是那些以色列的公頭或者官長
[00:02:49.040 --> 00:02:53.800]  就去罵摩西 怨神監察你
[00:02:53.800 --> 00:02:58.600]  所以你想一下是多無奈
[00:02:58.600 --> 00:03:03.640]  真是好心著雷劈的摩西
[00:03:03.640 --> 00:03:06.480]  所以那個內心的質素
[00:03:06.480 --> 00:03:13.760]  必須是要經過神來讓他不斷地有那個牧養
[00:03:13.760 --> 00:03:17.440]  他要清楚自己為什麼要回埃及
[00:03:17.440 --> 00:03:20.240]  這個清楚是很重要的
[00:03:20.240 --> 00:03:25.800]  不然的話 可以是很多很多的人事物
[00:03:25.800 --> 00:03:30.520]  令到我們不想再侍奉
[00:03:30.520 --> 00:03:36.520]  因為侍奉只會帶來很多的閒言閒語
[00:03:36.520 --> 00:03:39.160]  是很辛苦的
[00:03:39.160 --> 00:03:43.680]  所以我們回頭看第四章第27節
[00:03:43.680 --> 00:03:46.480]  耶和華對亞倫說
[00:03:46.480 --> 00:03:49.360]  你回去曠野去迎接摩西
[00:03:49.360 --> 00:03:53.120]  他就去在神的山 就是荷列山
[00:03:53.120 --> 00:03:56.280]  就遇見摩西和他親嘴
[00:03:56.280 --> 00:04:00.440]  摩西將耶和華打發他所說的言語
[00:04:00.440 --> 00:04:03.000]  和祝福他所行的神蹟
[00:04:03.000 --> 00:04:04.600]  都告訴了亞倫
[00:04:04.600 --> 00:04:09.400]  從來沒有說到亞倫是否要避老去到曠野
[00:04:09.400 --> 00:04:11.000]  被逼出走呢
[00:04:11.000 --> 00:04:13.640]  因為他是在埃及等等
[00:04:13.640 --> 00:04:15.640]  聖經沒有交代這些細節
[00:04:15.640 --> 00:04:18.280]  但總之就是神感動亞倫
[00:04:18.280 --> 00:04:20.440]  亞倫就去曠野找摩西
[00:04:20.440 --> 00:04:22.440]  大概就是這樣
[00:04:22.440 --> 00:04:25.200]  即是說他們其實是有來往的
[00:04:25.200 --> 00:04:28.160]  不是說失散了 以後沒有見面
[00:04:28.160 --> 00:04:33.040]  50年後 40年後才突然再重逢
[00:04:33.040 --> 00:04:34.160]  不是這樣的
[00:04:34.160 --> 00:04:36.520]  即是說摩西其實一直都
[00:04:36.520 --> 00:04:39.560]  雖然不是一些很緊貼的資訊 Whatsapp
[00:04:39.560 --> 00:04:41.360]  但是對於埃及
[00:04:41.360 --> 00:04:44.480]  一點都不會斷了那個訊息
[00:04:44.480 --> 00:04:46.960]  如果我們有這樣的前設
[00:04:46.960 --> 00:04:49.920]  我們就不需要太過天方夜譚
[00:04:49.920 --> 00:04:52.640]  好像一個人從來都不再回埃及
[00:04:52.640 --> 00:04:54.640]  就變成我們都會明白了
[00:04:54.640 --> 00:05:01.160]  第29節 摩西亞倫就去招聚以色列的重長老
[00:05:01.160 --> 00:05:06.440]  就是稍後的公頭 官長等等
[00:05:06.440 --> 00:05:11.240]  亞倫將耶和華對摩西所說的一切說述了一遍
[00:05:11.240 --> 00:05:13.240]  亞倫就代言
[00:05:13.240 --> 00:05:15.640]  可能真是那個口才上面
[00:05:15.640 --> 00:05:19.600]  或者亞倫一直都和他們一起在埃及
[00:05:19.600 --> 00:05:22.720]  摩西因為已經離開了一段長時間
[00:05:22.720 --> 00:05:24.720]  有這樣的可能性
[00:05:24.720 --> 00:05:29.360]  又在百姓眼前行了那些神蹟
[00:05:29.360 --> 00:05:31.360]  百姓就信了
[00:05:31.360 --> 00:05:34.840]  留意這個信 半信半疑
[00:05:34.840 --> 00:05:38.320]  姑且 看看怎樣
[00:05:38.320 --> 00:05:42.280]  我們就可以有很多空間給我們去看看
[00:05:42.280 --> 00:05:44.280]  以色列的官長
[00:05:44.280 --> 00:05:46.280]  有人說有出路
[00:05:46.280 --> 00:05:48.280]  都好過沒有
[00:05:48.280 --> 00:05:52.760]  所以這個信就不是真是真知確信的
[00:05:52.760 --> 00:05:54.760]  好像摩西遇見神
[00:05:54.760 --> 00:06:01.520]  有兩個印證的行神蹟的示範
[00:06:01.520 --> 00:06:06.320]  那個象變蛇的手山大麻風等等
[00:06:06.320 --> 00:06:09.320]  所以百姓的信
[00:06:09.320 --> 00:06:12.800]  我們就不要看得那麼緊要
[00:06:12.800 --> 00:06:18.160]  但是下面就說以色列人聽見耶和華眷顧他們
[00:06:18.160 --> 00:06:20.160]  監察他們
[00:06:20.160 --> 00:06:22.160]  留意這些字眼
[00:06:22.160 --> 00:06:24.160]  眷顧監察 留心地看
[00:06:24.160 --> 00:06:26.160]  留心地看
[00:06:26.160 --> 00:06:28.160]  現在是以私恩
[00:06:28.160 --> 00:06:30.160]  因為監察
[00:06:30.160 --> 00:06:32.160]  監察他們的困苦
[00:06:32.160 --> 00:06:34.160]  低頭下拜
[00:06:34.160 --> 00:06:38.160]  很漂亮的一個開局
[00:06:38.160 --> 00:06:40.160]  整個以色列的官長
[00:06:40.160 --> 00:06:45.160]  真是有民間的首領集體
[00:06:45.160 --> 00:06:47.160]  來到摩西亞倫的面前
[00:06:47.160 --> 00:06:49.160]  聽到這一番說話
[00:06:49.160 --> 00:06:51.160]  神現在眷顧我們
[00:06:51.160 --> 00:06:54.160]  神現在監察我們的困苦
[00:06:54.160 --> 00:06:58.160]  知道我們現在是受很大的壓迫
[00:06:58.160 --> 00:07:02.160]  現在我們就要準備神的拯救
[00:07:02.160 --> 00:07:05.160]  大家可能真的看著
[00:07:05.160 --> 00:07:08.160]  什麼時候摩西進去見法老
[00:07:08.160 --> 00:07:10.160]  行神蹟
[00:07:10.160 --> 00:07:13.160]  令到法老都順服下來
[00:07:13.160 --> 00:07:16.160]  或者有很好的談判的籌碼
[00:07:16.160 --> 00:07:18.160]  諸如此類
[00:07:18.160 --> 00:07:20.160]  百姓想到的
[00:07:20.160 --> 00:07:24.160]  可能都是人間上面的對策
[00:07:24.160 --> 00:07:26.160]  博弈等等
[00:07:26.160 --> 00:07:28.160]  所以我們記住
[00:07:28.160 --> 00:07:31.160]  這裏作者都很戲劇性
[00:07:31.160 --> 00:07:33.160]  很有趣地
[00:07:33.160 --> 00:07:35.160]  神的監察
[00:07:35.160 --> 00:07:39.160]  接著由以色列的官長
[00:07:39.160 --> 00:07:41.160]  很快揭一揭更好
[00:07:41.160 --> 00:07:45.160]  就是第五章近尾的二十一節
[00:07:45.160 --> 00:07:48.160]  當有困難
[00:07:48.160 --> 00:07:51.160]  很實在埋身
[00:07:51.160 --> 00:07:54.160]  就是埃及的公頭
[00:07:54.160 --> 00:07:57.160]  和以色列的公頭
[00:07:57.160 --> 00:08:04.160]  用很嚴厲的說話
[00:08:04.160 --> 00:08:08.160]  來壓迫這些公頭
[00:08:08.160 --> 00:08:10.160]  要他們回去
[00:08:10.160 --> 00:08:12.160]  吩咐自己的百姓
[00:08:12.160 --> 00:08:14.160]  要來自己找草
[00:08:14.160 --> 00:08:18.160]  來製造磚
[00:08:18.160 --> 00:08:21.160]  所以這裏告訴我們
[00:08:21.160 --> 00:08:23.160]  第十九節
[00:08:23.160 --> 00:08:25.160]  以色列人的官長聽說
[00:08:25.160 --> 00:08:28.160]  你們每天作磚的工作
[00:08:28.160 --> 00:08:30.160]  一點不可減少
[00:08:30.160 --> 00:08:33.160]  就知道是遭遇禍患了
[00:08:33.160 --> 00:08:35.160]  他們來了
[00:08:35.160 --> 00:08:36.160]  法老出來
[00:08:36.160 --> 00:08:39.160]  正遇見摩西亞倫站在對面
[00:08:39.160 --> 00:08:42.160]  即是摩西亞倫一直等待
[00:08:42.160 --> 00:08:45.160]  即是這次不召見摩西亞倫
[00:08:45.160 --> 00:08:47.160]  而是召見那些官長
[00:08:47.160 --> 00:08:49.160]  其實應該說那些官長
[00:08:49.160 --> 00:08:51.160]  自己主動希望求和
[00:08:51.160 --> 00:08:55.160]  希望化解這次這樣的危機
[00:08:55.160 --> 00:08:59.160]  但是一面一鼻子的灰
[00:08:59.160 --> 00:09:02.160]  在皇宮出來的時候
[00:09:02.160 --> 00:09:05.160]  剛好見到摩西亞倫
[00:09:05.160 --> 00:09:06.160]  其實就站在對面了
[00:09:06.160 --> 00:09:08.160]  第二十一節
[00:09:08.160 --> 00:09:13.160]  向他們說願耶和華監察你們
[00:09:13.160 --> 00:09:15.160]  施行判斷
[00:09:15.160 --> 00:09:20.160]  因你們使我們在法老和他神僕的面前
[00:09:20.160 --> 00:09:22.160]  有了臭名
[00:09:22.160 --> 00:09:25.160]  將刀遞在他們手中
[00:09:25.160 --> 00:09:27.160]  殺我們
[00:09:27.160 --> 00:09:30.160]  一個這麼大的逆轉
[00:09:30.160 --> 00:09:34.160]  而這個逆轉居然是由自己人
[00:09:34.160 --> 00:09:36.160]  自己的官長
[00:09:36.160 --> 00:09:39.160]  自己因為小小的挫折
[00:09:39.160 --> 00:09:41.160]  其實剛剛交手
[00:09:41.160 --> 00:09:46.160]  和法老就即刻遷怒於摩西亞倫
[00:09:46.160 --> 00:09:49.160]  所以這裡你可以想像得到
[00:09:49.160 --> 00:09:53.160]  那個本來是眷顧、監察
[00:09:53.160 --> 00:09:56.160]  即是說神現在的時間到
[00:09:56.160 --> 00:09:57.160]  祝福我們
[00:09:57.160 --> 00:10:02.160]  帶領我們離開那個困苦
[00:10:02.160 --> 00:10:05.160]  重點是回到神的應許之地
[00:10:05.160 --> 00:10:08.160]  是神在列祖
[00:10:08.160 --> 00:10:11.160]  來應許阿伯拉罕的時間
[00:10:11.160 --> 00:10:14.160]  所以對官長來說
[00:10:14.160 --> 00:10:16.160]  他們一面對這些困難
[00:10:16.160 --> 00:10:19.160]  就立即就起了一個異心
[00:10:19.160 --> 00:10:21.160]  所以他們起初的信
[00:10:21.160 --> 00:10:23.160]  其實真是半信半疑
[00:10:23.160 --> 00:10:26.160]  姑且看看怎樣
[00:10:26.160 --> 00:10:28.160]  看看怎樣的狀況
[00:10:28.160 --> 00:10:30.160]  其實不是真的信心
[00:10:30.160 --> 00:10:33.160]  所以摩西亞倫
[00:10:33.160 --> 00:10:36.160]  可能這次的這盤冷水
[00:10:36.160 --> 00:10:39.160]  其實都頗甘的、頗硬的
[00:10:39.160 --> 00:10:42.160]  所以如果內心的質素
[00:10:42.160 --> 00:10:44.160]  不是真是依靠神
[00:10:44.160 --> 00:10:46.160]  不是真是尋求神的榮耀
[00:10:46.160 --> 00:10:49.160]  其實就很容易會灰心
[00:10:49.160 --> 00:10:51.160]  受傷
[00:10:51.160 --> 00:10:54.160]  很多時候那個
[00:10:54.160 --> 00:10:56.160]  開開心心服侍
[00:10:56.160 --> 00:10:59.160]  灰灰心心地離開
[00:10:59.160 --> 00:11:01.160]  都屢見不鮮
[00:11:01.160 --> 00:11:03.160]  在侍奉的行列裏面
[00:11:03.160 --> 00:11:05.160]  所以我們就要
[00:11:05.160 --> 00:11:07.160]  從這一大段聖經
[00:11:07.160 --> 00:11:09.160]  我們就開始了
[00:11:09.160 --> 00:11:11.160]  所以那個源初
[00:11:11.160 --> 00:11:13.160]  就是摩西已經得到
[00:11:13.160 --> 00:11:15.160]  百姓的首肯了
[00:11:15.160 --> 00:11:17.160]  好啊!神祝福我們
[00:11:17.160 --> 00:11:19.160]  眷顧我們
[00:11:19.160 --> 00:11:21.160]  摩西亞倫你就代表我們
[00:11:21.160 --> 00:11:23.160]  全個民族
[00:11:23.160 --> 00:11:25.160]  來跟法老去說
[00:11:25.160 --> 00:11:27.160]  用你的口才
[00:11:27.160 --> 00:11:29.160]  用你的過去的智慧
[00:11:29.160 --> 00:11:31.160]  用神給你的恩典
[00:11:31.160 --> 00:11:33.160]  你和我們去戰鬥
[00:11:33.160 --> 00:11:36.160]  去爭取最好的條件
[00:11:36.160 --> 00:11:39.160]  我們就可以離開埃及了
[00:11:39.160 --> 00:11:41.160]  至少不用再做奴隸了
[00:11:41.160 --> 00:11:43.160]  或者好像以前
[00:11:43.160 --> 00:11:45.160]  弱勢的年代那樣
[00:11:45.160 --> 00:11:47.160]  是不是真的要入迦南呢
[00:11:47.160 --> 00:11:49.160]  那個後話都不定了
[00:11:49.160 --> 00:11:51.160]  所以
[00:11:51.160 --> 00:11:53.160]  慢慢可能他們就會慢慢
[00:11:53.160 --> 00:11:55.160]  因為那些壁壩越來越大
[00:11:55.160 --> 00:11:57.160]  可能他們就會有不同的想法
[00:11:57.160 --> 00:11:59.160]  但現在在這一刻
[00:11:59.160 --> 00:12:01.160]  是上下一心
[00:12:01.160 --> 00:12:03.160]  所謂上下
[00:12:03.160 --> 00:12:05.160]  其實是摩西亞倫
[00:12:05.160 --> 00:12:07.160]  其實以色列的官長
[00:12:07.160 --> 00:12:09.160]  其實是看看怎樣
[00:12:09.160 --> 00:12:11.160]  所以我們在
[00:12:11.160 --> 00:12:13.160]  這個團隊的磨合
[00:12:13.160 --> 00:12:15.160]  其實要經過很多不同的事件
[00:12:15.160 --> 00:12:17.160]  如果能夠大家
[00:12:17.160 --> 00:12:19.160]  真的這樣在經過不同的困難
[00:12:19.160 --> 00:12:21.160]  都仍然同心
[00:12:21.160 --> 00:12:23.160]  那個團隊
[00:12:23.160 --> 00:12:25.160]  真的神會大大祝福
[00:12:25.160 --> 00:12:27.160]  因為那個團隊
[00:12:27.160 --> 00:12:29.160]  是經過了考驗
[00:12:29.160 --> 00:12:31.160]  經過了很多的困難
[00:12:31.160 --> 00:12:33.160]  現在只是一種
[00:12:33.160 --> 00:12:35.160]  表面的開心
[00:12:35.160 --> 00:12:37.160]  摩西亞倫
[00:12:37.160 --> 00:12:39.160]  似乎他都有一點點
[00:12:39.160 --> 00:12:41.160]  心理準備
[00:12:41.160 --> 00:12:43.160]  他都會有這種
[00:12:43.160 --> 00:12:45.160]  預計的落差
[00:12:45.160 --> 00:12:47.160]  但到底那個落差有多大呢
[00:12:47.160 --> 00:12:49.160]  經民的發展我們稍後就會見到
[00:12:49.160 --> 00:12:51.160]  先看第五章
[00:12:51.160 --> 00:12:53.160]  我先打開powerpoint
[00:12:53.160 --> 00:12:55.160]  先給大家
[00:12:55.160 --> 00:12:57.160]  來看一看
[00:12:57.160 --> 00:12:59.160]  首先就是他見
[00:12:59.160 --> 00:13:01.160]  法老
[00:13:01.160 --> 00:13:03.160]  這個段落
[00:13:03.160 --> 00:13:05.160]  由五章六節到六章三十節
[00:13:05.160 --> 00:13:07.160]  就是百姓面對
[00:13:07.160 --> 00:13:09.160]  法老的逼迫
[00:13:09.160 --> 00:13:11.160]  加害就埋怨了
[00:13:11.160 --> 00:13:13.160]  摩西亞倫就
[00:13:13.160 --> 00:13:15.160]  回到神那裏
[00:13:15.160 --> 00:13:17.160]  很特別的六章最後那句聖經
[00:13:17.160 --> 00:13:19.160]  就是摩西亞倫
[00:13:19.160 --> 00:13:21.160]  退去回到神那裏
[00:13:21.160 --> 00:13:23.160]  陳述他那個
[00:13:23.160 --> 00:13:25.160]  苦況
[00:13:25.160 --> 00:13:27.160]  他那個現況
[00:13:27.160 --> 00:13:29.160]  在他現在作為一個談判的
[00:13:29.160 --> 00:13:31.160]  代表面對
[00:13:31.160 --> 00:13:33.160]  對方
[00:13:33.160 --> 00:13:35.160]  仍然不為所動
[00:13:35.160 --> 00:13:37.160]  的那種強硬
[00:13:37.160 --> 00:13:39.160]  應該怎麼辦呢
[00:13:39.160 --> 00:13:41.160]  但是百姓又埋怨了
[00:13:41.160 --> 00:13:43.160]  所以某程度摩西亞倫
[00:13:43.160 --> 00:13:45.160]  是很裡外受敵的
[00:13:45.160 --> 00:13:47.160]  神怎樣安慰摩西亞倫呢
[00:13:47.160 --> 00:13:49.160]  又是在經文裏面
[00:13:49.160 --> 00:13:51.160]  浮現了很多的教訓
[00:13:51.160 --> 00:13:53.160]  這應該就是六章
[00:13:53.160 --> 00:13:55.160]  整個段落
[00:13:55.160 --> 00:13:57.160]  應該是第三到第八節
[00:13:57.160 --> 00:13:59.160]  就有那個
[00:13:59.160 --> 00:14:01.160]  教導
[00:14:01.160 --> 00:14:03.160]  摩西正正式式
[00:14:03.160 --> 00:14:05.160]  在第七章
[00:14:05.160 --> 00:14:07.160]  表面上仍然是這樣談判
[00:14:07.160 --> 00:14:09.160]  但是似乎他的內心
[00:14:09.160 --> 00:14:11.160]  有的那個質素
[00:14:11.160 --> 00:14:13.160]  有的那個
[00:14:13.160 --> 00:14:15.160]  力量
[00:14:15.160 --> 00:14:17.160]  真是來自神的應許
[00:14:17.160 --> 00:14:19.160]  所以第六章的三到八節
[00:14:19.160 --> 00:14:21.160]  又是我們值得
[00:14:21.160 --> 00:14:23.160]  應該要比較仔細去看的
[00:14:23.160 --> 00:14:25.160]  我們先開始這一段
[00:14:25.160 --> 00:14:27.160]  後來摩西亞倫
[00:14:27.160 --> 00:14:29.160]  去對法老說
[00:14:29.160 --> 00:14:31.160]  耶和華以色列的神
[00:14:31.160 --> 00:14:33.160]  這樣說
[00:14:33.160 --> 00:14:35.160]  容我的百姓去在曠野
[00:14:35.160 --> 00:14:37.160]  向我守節
[00:14:37.160 --> 00:14:39.160]  這個就是一個
[00:14:39.160 --> 00:14:41.160]  很簡單的
[00:14:41.160 --> 00:14:43.160]  一個這樣的呼求
[00:14:43.160 --> 00:14:45.160]  往後
[00:14:45.160 --> 00:14:47.160]  去到第七章
[00:14:47.160 --> 00:14:49.160]  就逐段講得越來越具體
[00:14:49.160 --> 00:14:51.160]  越來越清楚
[00:14:51.160 --> 00:14:53.160]  我們不單止在曠野
[00:14:53.160 --> 00:14:55.160]  我們還要敬拜神
[00:14:55.160 --> 00:14:57.160]  我們要全個民族
[00:14:57.160 --> 00:14:59.160]  要去到守節敬拜神
[00:14:59.160 --> 00:15:01.160]  跟著還要入迦南
[00:15:01.160 --> 00:15:03.160]  等等
[00:15:03.160 --> 00:15:05.160]  所以這只不過是一個很初步
[00:15:05.160 --> 00:15:07.160]  跟法老這樣說
[00:15:07.160 --> 00:15:09.160]  就是說准許我們的
[00:15:09.160 --> 00:15:11.160]  百姓無條件的
[00:15:11.160 --> 00:15:13.160]  讓我們來釋放
[00:15:13.160 --> 00:15:15.160]  離開這個地方
[00:15:15.160 --> 00:15:17.160]  本來我們
[00:15:17.160 --> 00:15:19.160]  是自由人
[00:15:19.160 --> 00:15:21.160]  我們從來不應該是你們法老
[00:15:21.160 --> 00:15:23.160]  埃及的奴隸去做苦工
[00:15:23.160 --> 00:15:25.160]  但是現在
[00:15:25.160 --> 00:15:27.160]  那個局面就是一個
[00:15:27.160 --> 00:15:29.160]  復苦的一個奴僕的身份
[00:15:29.160 --> 00:15:31.160]  這個本身就已經不合理
[00:15:31.160 --> 00:15:33.160]  所以現在
[00:15:33.160 --> 00:15:35.160]  就要有這個訴求
[00:15:35.160 --> 00:15:37.160]  我要帶領我的族民
[00:15:37.160 --> 00:15:39.160]  離開這個
[00:15:39.160 --> 00:15:41.160]  為奴之家的身份
[00:15:41.160 --> 00:15:43.160]  第二節
[00:15:43.160 --> 00:15:45.160]  就是法老的
[00:15:45.160 --> 00:15:47.160]  那個責備
[00:15:47.160 --> 00:15:49.160]  留意第二節
[00:15:49.160 --> 00:15:51.160]  已經立即
[00:15:51.160 --> 00:15:53.160]  提升
[00:15:53.160 --> 00:15:55.160]  整個的對話
[00:15:55.160 --> 00:15:57.160]  不是一個談判
[00:15:57.160 --> 00:15:59.160]  不是摩西
[00:15:59.160 --> 00:16:01.160]  是一個出色的談判專家
[00:16:01.160 --> 00:16:03.160]  一個領袖
[00:16:03.160 --> 00:16:05.160]  現在不是他
[00:16:05.160 --> 00:16:07.160]  因為他的口才
[00:16:07.160 --> 00:16:09.160]  因為他提出的條件
[00:16:09.160 --> 00:16:11.160]  能夠慢慢的柔軟
[00:16:11.160 --> 00:16:13.160]  從來是在說
[00:16:13.160 --> 00:16:15.160]  神國的那個爭戰
[00:16:15.160 --> 00:16:17.160]  所以在這個時候
[00:16:17.160 --> 00:16:19.160]  某程度法老就代表著
[00:16:19.160 --> 00:16:21.160]  撒旦的敵黨
[00:16:21.160 --> 00:16:23.160]  他當然是一個人
[00:16:23.160 --> 00:16:25.160]  是一個埃及的王
[00:16:25.160 --> 00:16:27.160]  但是在這個時候
[00:16:27.160 --> 00:16:29.160]  是在說這個神選民的民族
[00:16:29.160 --> 00:16:31.160]  和敵對
[00:16:31.160 --> 00:16:33.160]  神的勢力的一個對抗
[00:16:33.160 --> 00:16:35.160]  所以
[00:16:35.160 --> 00:16:37.160]  摩西只不過是一個先知
[00:16:37.160 --> 00:16:39.160]  代言人
[00:16:39.160 --> 00:16:41.160]  所以某程度我們不要
[00:16:41.160 --> 00:16:43.160]  經常將聖經
[00:16:43.160 --> 00:16:45.160]  有些少少的
[00:16:45.160 --> 00:16:47.160]  遷就
[00:16:47.160 --> 00:16:49.160]  例如重出埃及的漢
[00:16:49.160 --> 00:16:51.160]  談判的技巧
[00:16:51.160 --> 00:16:53.160]  這些其實沒有必要
[00:16:53.160 --> 00:16:55.160]  因為聖經從來不是從這個角度
[00:16:55.160 --> 00:16:57.160]  去說人性方面
[00:16:57.160 --> 00:16:59.160]  的討價還價
[00:16:59.160 --> 00:17:01.160]  這裡一開始就已經說
[00:17:01.160 --> 00:17:03.160]  誰是耶和華
[00:17:03.160 --> 00:17:05.160]  現在開始
[00:17:05.160 --> 00:17:07.160]  已經是屬靈的戰爭
[00:17:07.160 --> 00:17:09.160]  整個的
[00:17:09.160 --> 00:17:11.160]  議題
[00:17:11.160 --> 00:17:13.160]  那個重點
[00:17:13.160 --> 00:17:15.160]  不是說我們要多少
[00:17:15.160 --> 00:17:17.160]  放鬆
[00:17:17.160 --> 00:17:19.160]  多少的自由
[00:17:19.160 --> 00:17:21.160]  而是在說神的選民
[00:17:21.160 --> 00:17:23.160]  是屬神的
[00:17:23.160 --> 00:17:25.160]  神要帶他們離開
[00:17:25.160 --> 00:17:27.160]  沒有人可以阻止
[00:17:27.160 --> 00:17:29.160]  更加不會有敵對的
[00:17:29.160 --> 00:17:31.160]  勢力可以阻止
[00:17:31.160 --> 00:17:33.160]  所以從來是一個屬靈的戰爭
[00:17:33.160 --> 00:17:35.160]  所以很清楚的
[00:17:35.160 --> 00:17:37.160]  第二節就開始已經說
[00:17:37.160 --> 00:17:39.160]  耶和華是誰
[00:17:39.160 --> 00:17:41.160]  使得我聽他的說話
[00:17:41.160 --> 00:17:43.160]  容以色列人
[00:17:43.160 --> 00:17:45.160]  你們這班人走
[00:17:45.160 --> 00:17:47.160]  我不認識耶和華
[00:17:47.160 --> 00:17:49.160]  也不會容許以色列人走
[00:17:49.160 --> 00:17:51.160]  第三節
[00:17:51.160 --> 00:17:53.160]  又是摩西的回應
[00:17:53.160 --> 00:17:55.160]  希伯來人的神
[00:17:55.160 --> 00:17:57.160]  遇見了我們
[00:17:57.160 --> 00:17:59.160]  求你容我們往曠野去
[00:17:59.160 --> 00:18:01.160]  走三天的路程
[00:18:01.160 --> 00:18:03.160]  制治
[00:18:03.160 --> 00:18:05.160]  一直很清楚的
[00:18:05.160 --> 00:18:07.160]  去說那個具體的
[00:18:07.160 --> 00:18:09.160]  離開的那個內容
[00:18:09.160 --> 00:18:11.160]  去制治耶和華
[00:18:11.160 --> 00:18:13.160]  我們的神
[00:18:13.160 --> 00:18:15.160]  免得他用瘟疫
[00:18:15.160 --> 00:18:17.160]  刀兵攻擊我們
[00:18:17.160 --> 00:18:19.160]  這個就是似乎
[00:18:19.160 --> 00:18:21.160]  幾婉轉地
[00:18:21.160 --> 00:18:23.160]  求法老
[00:18:23.160 --> 00:18:25.160]  就是網開一面
[00:18:25.160 --> 00:18:27.160]  已經不要算以前
[00:18:27.160 --> 00:18:29.160]  多少年我們受奴役
[00:18:29.160 --> 00:18:31.160]  做一些
[00:18:31.160 --> 00:18:33.160]  不為人道的
[00:18:33.160 --> 00:18:35.160]  不人道的工作
[00:18:35.160 --> 00:18:37.160]  有沒有一些
[00:18:37.160 --> 00:18:39.160]  薪水
[00:18:39.160 --> 00:18:41.160]  有沒有優厚的待遇
[00:18:41.160 --> 00:18:43.160]  等等
[00:18:43.160 --> 00:18:45.160]  摩西已經不同法老計了
[00:18:45.160 --> 00:18:47.160]  仍然提升
[00:18:47.160 --> 00:18:49.160]  耶和華
[00:18:49.160 --> 00:18:51.160]  這位造物主我們要去制治他
[00:18:51.160 --> 00:18:53.160]  我們要去敬拜他
[00:18:53.160 --> 00:18:55.160]  所以意味著
[00:18:55.160 --> 00:18:57.160]  就是一個徹底的
[00:18:57.160 --> 00:18:59.160]  離開
[00:18:59.160 --> 00:19:01.160]  埃及不再
[00:19:01.160 --> 00:19:03.160]  臣服於法老
[00:19:03.160 --> 00:19:05.160]  和埃及的奴役
[00:19:05.160 --> 00:19:07.160]  所以
[00:19:07.160 --> 00:19:09.160]  第四節
[00:19:09.160 --> 00:19:11.160]  埃及王對他們說
[00:19:11.160 --> 00:19:13.160]  摩西阿倫
[00:19:13.160 --> 00:19:15.160]  你們為什麼叫百姓
[00:19:15.160 --> 00:19:17.160]  抗攻呢
[00:19:17.160 --> 00:19:19.160]  你們去擔你們的擔子吧
[00:19:19.160 --> 00:19:21.160]  馬上提升到
[00:19:21.160 --> 00:19:23.160]  那個
[00:19:23.160 --> 00:19:25.160]  背後的核心
[00:19:25.160 --> 00:19:27.160]  就是
[00:19:27.160 --> 00:19:29.160]  法老似乎看摩西阿倫
[00:19:29.160 --> 00:19:31.160]  所以真的
[00:19:31.160 --> 00:19:33.160]  人看的就是
[00:19:33.160 --> 00:19:35.160]  你是公運領袖
[00:19:35.160 --> 00:19:37.160]  你是為民請命的
[00:19:37.160 --> 00:19:39.160]  可能是議員
[00:19:39.160 --> 00:19:41.160]  可能是
[00:19:41.160 --> 00:19:43.160]  一些公運的公頭
[00:19:43.160 --> 00:19:45.160]  可能是想
[00:19:45.160 --> 00:19:47.160]  跟我爭取
[00:19:47.160 --> 00:19:49.160]  更多的福利
[00:19:49.160 --> 00:19:51.160]  所以在法老的眼中
[00:19:51.160 --> 00:19:53.160]  摩西還不是神的僕人
[00:19:53.160 --> 00:19:55.160]  所以
[00:19:55.160 --> 00:19:57.160]  我們都要留意這一點
[00:19:57.160 --> 00:19:59.160]  我們和一些未信的人
[00:19:59.160 --> 00:20:01.160]  交往
[00:20:01.160 --> 00:20:03.160]  我們能不能夠展現
[00:20:03.160 --> 00:20:05.160]  既見不到我們有光環
[00:20:05.160 --> 00:20:07.160]  有發光
[00:20:07.160 --> 00:20:09.160]  但又見到我們的
[00:20:09.160 --> 00:20:11.160]  為人
[00:20:11.160 --> 00:20:13.160]  我們的品格
[00:20:13.160 --> 00:20:15.160]  我們的存心
[00:20:15.160 --> 00:20:17.160]  我們所做的
[00:20:17.160 --> 00:20:19.160]  我們人生的態度
[00:20:19.160 --> 00:20:21.160]  看到我們是神僕人的身份
[00:20:21.160 --> 00:20:23.160]  這個是很微妙
[00:20:23.160 --> 00:20:25.160]  很重要
[00:20:25.160 --> 00:20:27.160]  所以也不是說我們穿成
[00:20:27.160 --> 00:20:29.160]  一個神職人員
[00:20:29.160 --> 00:20:31.160]  我曾經想過會不會像
[00:20:31.160 --> 00:20:33.160]  一些牧者那樣
[00:20:33.160 --> 00:20:35.160]  當然我們宣道會就不是
[00:20:35.160 --> 00:20:37.160]  有些牧者是
[00:20:37.160 --> 00:20:39.160]  這裡有一個
[00:20:39.160 --> 00:20:41.160]  小小的膠片
[00:20:41.160 --> 00:20:43.160]  在襯衫上
[00:20:43.160 --> 00:20:45.160]  變成一個顏色
[00:20:45.160 --> 00:20:47.160]  所以穿白襯衫就用黑色的顏色
[00:20:47.160 --> 00:20:49.160]  其實是一塊膠片
[00:20:49.160 --> 00:20:51.160]  因為禮儀
[00:20:51.160 --> 00:20:53.160]  一般聖公會
[00:20:53.160 --> 00:20:55.160]  禮儀教會就會有
[00:20:55.160 --> 00:20:57.160]  信義會也有
[00:20:57.160 --> 00:20:59.160]  如果黑色衣服就用白色膠片
[00:20:59.160 --> 00:21:01.160]  剛剛這個位置
[00:21:01.160 --> 00:21:03.160]  扣上鈕扣就是白色的顏色
[00:21:03.160 --> 00:21:05.160]  我從來沒有試過
[00:21:05.160 --> 00:21:07.160]  不知道會是怎樣
[00:21:07.160 --> 00:21:09.160]  人家一看就知道你是牧者
[00:21:09.160 --> 00:21:11.160]  牧師
[00:21:11.160 --> 00:21:13.160]  其實有它的好處
[00:21:13.160 --> 00:21:15.160]  譬如你去醫院探監
[00:21:15.160 --> 00:21:17.160]  有它的好處
[00:21:17.160 --> 00:21:19.160]  就要留心
[00:21:19.160 --> 00:21:21.160]  世俗的人
[00:21:21.160 --> 00:21:23.160]  他們不會因為你穿這套衣服
[00:21:23.160 --> 00:21:25.160]  尊重的
[00:21:25.160 --> 00:21:27.160]  反而有時會有影響
[00:21:27.160 --> 00:21:29.160]  所以重點仍然是
[00:21:29.160 --> 00:21:31.160]  摩西慢慢展現
[00:21:31.160 --> 00:21:33.160]  給法老看到的
[00:21:33.160 --> 00:21:35.160]  就是
[00:21:35.160 --> 00:21:37.160]  他真的不是一個談判的
[00:21:37.160 --> 00:21:39.160]  代表
[00:21:39.160 --> 00:21:41.160]  而是他真是神的僕人
[00:21:41.160 --> 00:21:43.160]  所以這個
[00:21:43.160 --> 00:21:45.160]  我自己在這一段的研讀裏面
[00:21:45.160 --> 00:21:47.160]  都有感動
[00:21:47.160 --> 00:21:49.160]  到底我們侍奉了這麼多年
[00:21:49.160 --> 00:21:51.160]  人認識我們的
[00:21:51.160 --> 00:21:53.160]  身份是來自我們的氣質
[00:21:53.160 --> 00:21:55.160]  我們的為人
[00:21:55.160 --> 00:21:57.160]  還是那套衣服呢
[00:21:57.160 --> 00:21:59.160]  這樣很虛 如果只是那套衣服
[00:21:59.160 --> 00:22:01.160]  所以大家都要留意
[00:22:01.160 --> 00:22:03.160]  這裏很明顯
[00:22:03.160 --> 00:22:05.160]  法老看摩西
[00:22:05.160 --> 00:22:07.160]  只不過是一個爭取福利的
[00:22:07.160 --> 00:22:09.160]  一個公投
[00:22:09.160 --> 00:22:11.160]  大家要留意
[00:22:11.160 --> 00:22:13.160]  所以
[00:22:13.160 --> 00:22:15.160]  因為這樣來遷就
[00:22:15.160 --> 00:22:17.160]  第五節
[00:22:17.160 --> 00:22:19.160]  看啊 這地的
[00:22:19.160 --> 00:22:21.160]  以色列人如今眾多
[00:22:21.160 --> 00:22:23.160]  你們竟然叫他們
[00:22:23.160 --> 00:22:25.160]  卸下擔子
[00:22:25.160 --> 00:22:27.160]  當天 所以法老就
[00:22:27.160 --> 00:22:29.160]  立即加重
[00:22:29.160 --> 00:22:31.160]  他的力度
[00:22:31.160 --> 00:22:33.160]  一來要展現他的
[00:22:33.160 --> 00:22:35.160]  王國的身份地位
[00:22:35.160 --> 00:22:37.160]  很合理的 很自然
[00:22:37.160 --> 00:22:39.160]  就是你越是這樣
[00:22:39.160 --> 00:22:41.160]  要求我
[00:22:41.160 --> 00:22:43.160]  就越是來得
[00:22:43.160 --> 00:22:45.160]  更加的嚴厲 所以
[00:22:45.160 --> 00:22:47.160]  當天法老就吩咐
[00:22:47.160 --> 00:22:49.160]  他自己的督工
[00:22:49.160 --> 00:22:51.160]  即是埃及的公投
[00:22:51.160 --> 00:22:53.160]  來到去
[00:22:53.160 --> 00:22:55.160]  和那些官長就第七節
[00:22:55.160 --> 00:22:57.160]  你們不可以照常把草
[00:22:57.160 --> 00:22:59.160]  給百姓作磚
[00:22:59.160 --> 00:23:01.160]  叫他們自己去撿草
[00:23:01.160 --> 00:23:03.160]  這樣就真是
[00:23:03.160 --> 00:23:05.160]  很嚴重了 既是要
[00:23:05.160 --> 00:23:07.160]  數量沒有減少
[00:23:07.160 --> 00:23:09.160]  可能每天都已經是
[00:23:09.160 --> 00:23:11.160]  足夠時間做好
[00:23:11.160 --> 00:23:13.160]  但現在連原材料
[00:23:13.160 --> 00:23:15.160]  都不給你
[00:23:15.160 --> 00:23:17.160]  要自己去找材料
[00:23:17.160 --> 00:23:19.160]  才可以去製造那些磚
[00:23:19.160 --> 00:23:21.160]  即是說
[00:23:21.160 --> 00:23:23.160]  工時可能就
[00:23:23.160 --> 00:23:25.160]  加倍了 你想想
[00:23:25.160 --> 00:23:27.160]  找的過程需要很多
[00:23:27.160 --> 00:23:29.160]  時間等等
[00:23:29.160 --> 00:23:31.160]  所以即是說
[00:23:31.160 --> 00:23:33.160]  加倍那個勞力
[00:23:33.160 --> 00:23:35.160]  所以很自然地
[00:23:35.160 --> 00:23:37.160]  如果
[00:23:37.160 --> 00:23:39.160]  摩西要回去和
[00:23:39.160 --> 00:23:41.160]  以色列的公投
[00:23:41.160 --> 00:23:43.160]  和那些官長去講
[00:23:43.160 --> 00:23:45.160]  這個結果
[00:23:45.160 --> 00:23:47.160]  很自然就碰到
[00:23:47.160 --> 00:23:49.160]  百姓的埋怨
[00:23:49.160 --> 00:23:51.160]  早知你們不出現就好了
[00:23:51.160 --> 00:23:53.160]  現在你們出現就令到
[00:23:53.160 --> 00:23:55.160]  我們真是
[00:23:55.160 --> 00:23:57.160]  變本加厲的受害
[00:23:57.160 --> 00:23:59.160]  所以某程度
[00:23:59.160 --> 00:24:01.160]  真是我們看到
[00:24:01.160 --> 00:24:03.160]  那個
[00:24:03.160 --> 00:24:05.160]  同心都要經過
[00:24:05.160 --> 00:24:07.160]  很多的一起的考驗
[00:24:07.160 --> 00:24:09.160]  和經過很多不同的
[00:24:09.160 --> 00:24:11.160]  事件
[00:24:11.160 --> 00:24:13.160]  大家累積到的
[00:24:13.160 --> 00:24:15.160]  那個經驗
[00:24:15.160 --> 00:24:17.160]  就會是很寶貴的同心
[00:24:17.160 --> 00:24:19.160]  所以第八節
[00:24:19.160 --> 00:24:21.160]  他們訴償作磚的數目
[00:24:21.160 --> 00:24:23.160]  你們仍舊向他們
[00:24:23.160 --> 00:24:25.160]  要白一點都不可以
[00:24:25.160 --> 00:24:27.160]  減少因為他們是
[00:24:27.160 --> 00:24:29.160]  懶惰所以呼求說
[00:24:29.160 --> 00:24:31.160]  用我們去祭祀
[00:24:31.160 --> 00:24:33.160]  我們的神
[00:24:33.160 --> 00:24:35.160]  是一般人
[00:24:35.160 --> 00:24:37.160]  世俗的人他們看到的
[00:24:37.160 --> 00:24:39.160]  因為他們無論是
[00:24:39.160 --> 00:24:41.160]  刻意看不到有神
[00:24:41.160 --> 00:24:43.160]  還是真的
[00:24:43.160 --> 00:24:45.160]  他們的價值觀是看不到
[00:24:45.160 --> 00:24:47.160]  有神兩者都可以
[00:24:47.160 --> 00:24:49.160]  很自然地
[00:24:49.160 --> 00:24:51.160]  他們只是用世俗的
[00:24:51.160 --> 00:24:53.160]  眼光普通的
[00:24:53.160 --> 00:24:55.160]  可能是
[00:24:55.160 --> 00:24:57.160]  所謂的博弈
[00:24:57.160 --> 00:24:59.160]  現在有一個領袖來爭取
[00:24:59.160 --> 00:25:01.160]  我就用這個邏輯
[00:25:01.160 --> 00:25:03.160]  來和你們
[00:25:03.160 --> 00:25:05.160]  討價還價
[00:25:05.160 --> 00:25:07.160]  你們以色列人有什麼
[00:25:07.160 --> 00:25:09.160]  可以討價還價的地方
[00:25:09.160 --> 00:25:11.160]  現在被我們臣服了
[00:25:11.160 --> 00:25:13.160]  你們又沒有地方居住
[00:25:13.160 --> 00:25:15.160]  現在我容許你們在我們地方居住
[00:25:15.160 --> 00:25:17.160]  只不過你們
[00:25:17.160 --> 00:25:19.160]  去為我們做一些工作
[00:25:19.160 --> 00:25:21.160]  可能不是在埃及人眼中
[00:25:21.160 --> 00:25:23.160]  不是苦工來的
[00:25:23.160 --> 00:25:25.160]  我們有給你們食物
[00:25:25.160 --> 00:25:27.160]  不然你們怎可能有力氣
[00:25:27.160 --> 00:25:29.160]  去每天工作呢
[00:25:29.160 --> 00:25:31.160]  有你們自己的家庭
[00:25:31.160 --> 00:25:33.160]  的生活當然
[00:25:33.160 --> 00:25:35.160]  就不會有假期
[00:25:35.160 --> 00:25:37.160]  古代都沒有假期這個觀念
[00:25:37.160 --> 00:25:39.160]  但是在這個情況下
[00:25:39.160 --> 00:25:41.160]  法老
[00:25:41.160 --> 00:25:43.160]  根本就不會認為
[00:25:43.160 --> 00:25:45.160]  現在是和一個
[00:25:45.160 --> 00:25:47.160]  神僕人來交手
[00:25:47.160 --> 00:25:49.160]  所以我們都要
[00:25:49.160 --> 00:25:51.160]  有這樣的留心
[00:25:51.160 --> 00:25:53.160]  教會在地上
[00:25:53.160 --> 00:25:55.160]  我們在做什麼
[00:25:55.160 --> 00:25:57.160]  的見證呢
[00:25:57.160 --> 00:25:59.160]  中間我們都要找一些
[00:25:59.160 --> 00:26:01.160]  未信的例如裝修
[00:26:01.160 --> 00:26:03.160]  或者一些法律
[00:26:03.160 --> 00:26:05.160]  或者一些其他的事情
[00:26:05.160 --> 00:26:07.160]  人家在那個交往過程
[00:26:07.160 --> 00:26:09.160]  認不認到
[00:26:09.160 --> 00:26:11.160]  我們的信念
[00:26:11.160 --> 00:26:13.160]  我們的主張
[00:26:13.160 --> 00:26:15.160]  我們的教會的氣質
[00:26:15.160 --> 00:26:17.160]  這些其實反映
[00:26:17.160 --> 00:26:19.160]  人家看不到神
[00:26:19.160 --> 00:26:21.160]  因為他不信
[00:26:21.160 --> 00:26:23.160]  他們看不到有永恆
[00:26:23.160 --> 00:26:25.160]  所以真的要透過我們
[00:26:25.160 --> 00:26:27.160]  讓他們看到
[00:26:27.160 --> 00:26:29.160]  我們的工作
[00:26:29.160 --> 00:26:31.160]  現在有時候教會的裝修工人
[00:26:31.160 --> 00:26:33.160]  他們會很尊重
[00:26:33.160 --> 00:26:35.160]  他們不會在
[00:26:35.160 --> 00:26:37.160]  教會的範圍
[00:26:37.160 --> 00:26:39.160]  吸煙
[00:26:39.160 --> 00:26:41.160]  說髒話等等
[00:26:41.160 --> 00:26:43.160]  他們都知道
[00:26:43.160 --> 00:26:45.160]  你們都有這樣的信念
[00:26:45.160 --> 00:26:47.160]  來敬拜神
[00:26:47.160 --> 00:26:49.160]  所以他們
[00:26:49.160 --> 00:26:51.160]  有時候盡量做教會的工作
[00:26:51.160 --> 00:26:53.160]  都會有他們那種
[00:26:53.160 --> 00:26:55.160]  禮貌等等
[00:26:55.160 --> 00:26:57.160]  所以有時候這些
[00:26:57.160 --> 00:26:59.160]  很微妙地
[00:26:59.160 --> 00:27:01.160]  我們都應該要讓未信的人
[00:27:01.160 --> 00:27:03.160]  看到當然現在這裡
[00:27:03.160 --> 00:27:05.160]  就是在說一個
[00:27:05.160 --> 00:27:07.160]  重大的劃時代
[00:27:07.160 --> 00:27:09.160]  就是摩西到底
[00:27:09.160 --> 00:27:11.160]  他一直以來是以
[00:27:11.160 --> 00:27:13.160]  神僕人的身份
[00:27:13.160 --> 00:27:15.160]  還是他只不過是一個
[00:27:15.160 --> 00:27:17.160]  領袖一個代表
[00:27:17.160 --> 00:27:19.160]  行就行不行就算了
[00:27:19.160 --> 00:27:21.160]  所以對摩西來說
[00:27:21.160 --> 00:27:23.160]  他是有試探的
[00:27:23.160 --> 00:27:25.160]  對摩西他那個權柄
[00:27:25.160 --> 00:27:27.160]  慢慢
[00:27:27.160 --> 00:27:29.160]  稍後第七章打後
[00:27:29.160 --> 00:27:31.160]  就展現
[00:27:31.160 --> 00:27:33.160]  即是說原來摩西
[00:27:33.160 --> 00:27:35.160]  透過神一路的安慰
[00:27:35.160 --> 00:27:37.160]  他內心開始
[00:27:37.160 --> 00:27:39.160]  對自己的身份
[00:27:39.160 --> 00:27:41.160]  越來越到位
[00:27:41.160 --> 00:27:43.160]  上心
[00:27:43.160 --> 00:27:45.160]  所以我們求主給我們每一位
[00:27:45.160 --> 00:27:47.160]  侍奉的人經過了
[00:27:47.160 --> 00:27:49.160]  不同的難處
[00:27:49.160 --> 00:27:51.160]  會令我們更加增值
[00:27:51.160 --> 00:27:53.160]  但有些人面對難處
[00:27:53.160 --> 00:27:55.160]  他的信心就會
[00:27:55.160 --> 00:27:57.160]  崩潰瓦解
[00:27:57.160 --> 00:27:59.160]  所以我們都求神
[00:27:59.160 --> 00:28:01.160]  讓我們能夠有那個學習
[00:28:01.160 --> 00:28:03.160]  當百姓這樣埋怨
[00:28:03.160 --> 00:28:05.160]  跟著就是
[00:28:05.160 --> 00:28:07.160]  剛才我們讀了
[00:28:07.160 --> 00:28:09.160]  第十三節
[00:28:09.160 --> 00:28:13.160]  對不起應該是第十節
[00:28:13.160 --> 00:28:15.160]  督公和官長
[00:28:15.160 --> 00:28:17.160]  出來這個就是領受了
[00:28:17.160 --> 00:28:19.160]  法老王的命令
[00:28:19.160 --> 00:28:21.160]  就是埃及的
[00:28:21.160 --> 00:28:23.160]  督公和埃及的官長
[00:28:23.160 --> 00:28:25.160]  出來對百姓說
[00:28:25.160 --> 00:28:27.160]  法老這樣說
[00:28:27.160 --> 00:28:29.160]  我不及出王榜
[00:28:29.160 --> 00:28:31.160]  來去
[00:28:31.160 --> 00:28:33.160]  講述那個判決
[00:28:33.160 --> 00:28:35.160]  就是你們兩位的領袖
[00:28:35.160 --> 00:28:37.160]  來去求法老
[00:28:37.160 --> 00:28:39.160]  現在法老定奪了
[00:28:39.160 --> 00:28:41.160]  不單止
[00:28:41.160 --> 00:28:43.160]  不來給你們
[00:28:43.160 --> 00:28:45.160]  得逞
[00:28:45.160 --> 00:28:47.160]  來去懶惰
[00:28:47.160 --> 00:28:49.160]  反而更加要
[00:28:49.160 --> 00:28:51.160]  加重本來以前
[00:28:51.160 --> 00:28:53.160]  其實是很好的優待
[00:28:53.160 --> 00:28:55.160]  給你們草去做
[00:28:55.160 --> 00:28:57.160]  但居然
[00:28:57.160 --> 00:28:59.160]  完全不領情
[00:28:59.160 --> 00:29:01.160]  還要來去爭取
[00:29:01.160 --> 00:29:03.160]  所以現在收回
[00:29:03.160 --> 00:29:05.160]  更加要讓你們感受到
[00:29:05.160 --> 00:29:07.160]  我們對你們
[00:29:07.160 --> 00:29:09.160]  那份的情
[00:29:09.160 --> 00:29:11.160]  你們現在不領了
[00:29:11.160 --> 00:29:13.160]  所以現在督公就這樣說
[00:29:13.160 --> 00:29:15.160]  你們自己在那裏能找草
[00:29:15.160 --> 00:29:17.160]  就往那裏去找吧
[00:29:17.160 --> 00:29:19.160]  但你們的工
[00:29:19.160 --> 00:29:21.160]  那些磚的數目一點都不可以減少
[00:29:21.160 --> 00:29:23.160]  第十二節
[00:29:23.160 --> 00:29:25.160]  於是百姓
[00:29:25.160 --> 00:29:27.160]  散在埃及遍地
[00:29:27.160 --> 00:29:29.160]  撿碎皆
[00:29:29.160 --> 00:29:31.160]  當作草
[00:29:31.160 --> 00:29:33.160]  那些草頭都挖到沒有了
[00:29:33.160 --> 00:29:35.160]  變成碎的
[00:29:35.160 --> 00:29:37.160]  散落一地的草
[00:29:37.160 --> 00:29:39.160]  根本就不夠
[00:29:39.160 --> 00:29:41.160]  那個數量
[00:29:41.160 --> 00:29:43.160]  那個質量去整
[00:29:43.160 --> 00:29:45.160]  所以這裏說
[00:29:45.160 --> 00:29:47.160]  第十三節
[00:29:47.160 --> 00:29:49.160]  督公的吹著說
[00:29:49.160 --> 00:29:51.160]  你們一天
[00:29:51.160 --> 00:29:53.160]  當完一天的工
[00:29:53.160 --> 00:29:55.160]  即是那個數量不能等到第二天
[00:29:55.160 --> 00:29:57.160]  不能一個月交足數
[00:29:57.160 --> 00:29:59.160]  要每天
[00:29:59.160 --> 00:30:01.160]  清那個數
[00:30:01.160 --> 00:30:03.160]  與先前有草一樣
[00:30:03.160 --> 00:30:05.160]  第十四節
[00:30:05.160 --> 00:30:07.160]  法老督公的責打他
[00:30:07.160 --> 00:30:09.160]  所派以色列人的官長說
[00:30:09.160 --> 00:30:11.160]  你們昨天今天
[00:30:11.160 --> 00:30:13.160]  為什麼沒有照
[00:30:13.160 --> 00:30:15.160]  向來的數目作磚
[00:30:15.160 --> 00:30:17.160]  完你們的工作
[00:30:17.160 --> 00:30:19.160]  所以即是說意味著第十四節
[00:30:19.160 --> 00:30:21.160]  他們真的做不及
[00:30:21.160 --> 00:30:23.160]  交不足那個數
[00:30:23.160 --> 00:30:25.160]  所以督公
[00:30:25.160 --> 00:30:27.160]  不單止
[00:30:27.160 --> 00:30:29.160]  責備他們
[00:30:29.160 --> 00:30:31.160]  還要責打
[00:30:31.160 --> 00:30:33.160]  責打是用那些鞭
[00:30:33.160 --> 00:30:35.160]  來鞭打他們
[00:30:35.160 --> 00:30:37.160]  所以現在就真是
[00:30:37.160 --> 00:30:39.160]  去到一個虐待
[00:30:39.160 --> 00:30:41.160]  真是身體肉身的虐待
[00:30:41.160 --> 00:30:43.160]  第十五節
[00:30:43.160 --> 00:30:45.160]  以色列人的官長
[00:30:45.160 --> 00:30:47.160]  今次
[00:30:47.160 --> 00:30:49.160]  大家留意到了
[00:30:49.160 --> 00:30:51.160]  摩西
[00:30:51.160 --> 00:30:53.160]  與以色列人的領袖說
[00:30:53.160 --> 00:30:55.160]  以色列人的領袖知道
[00:30:55.160 --> 00:30:57.160]  神眷顧監察
[00:30:57.160 --> 00:30:59.160]  我們這個民族
[00:30:59.160 --> 00:31:01.160]  所以非常之欣然的委派
[00:31:01.160 --> 00:31:03.160]  因為是摩西亞倫
[00:31:03.160 --> 00:31:05.160]  那好啊
[00:31:05.160 --> 00:31:07.160]  我們去見法老
[00:31:07.160 --> 00:31:09.160]  得到的結果就是
[00:31:09.160 --> 00:31:11.160]  法老的督公
[00:31:11.160 --> 00:31:13.160]  出來與
[00:31:13.160 --> 00:31:15.160]  以色列的官長
[00:31:15.160 --> 00:31:17.160]  不透過摩西了
[00:31:17.160 --> 00:31:19.160]  與以色列的官長
[00:31:19.160 --> 00:31:21.160]  加重那個刑罰
[00:31:21.160 --> 00:31:23.160]  就是要找材料
[00:31:23.160 --> 00:31:25.160]  要找
[00:31:25.160 --> 00:31:27.160]  之後要有足夠的數
[00:31:27.160 --> 00:31:29.160]  來交每日的數量
[00:31:29.160 --> 00:31:31.160]  所以
[00:31:31.160 --> 00:31:33.160]  交不到了
[00:31:33.160 --> 00:31:35.160]  交不到了
[00:31:35.160 --> 00:31:37.160]  督公 埃及的督公
[00:31:37.160 --> 00:31:39.160]  就扎打那些
[00:31:39.160 --> 00:31:41.160]  以色列人
[00:31:41.160 --> 00:31:43.160]  所以在這個時候
[00:31:43.160 --> 00:31:45.160]  以色列人就不再找摩西亞倫
[00:31:45.160 --> 00:31:47.160]  不再委派
[00:31:47.160 --> 00:31:49.160]  解除他們兩個
[00:31:49.160 --> 00:31:51.160]  即是說
[00:31:51.160 --> 00:31:53.160]  已經將他們bypass了
[00:31:53.160 --> 00:31:55.160]  因為原來是假的
[00:31:55.160 --> 00:31:57.160]  原來你們沒有力量的
[00:31:57.160 --> 00:31:59.160]  沒有材料的
[00:31:59.160 --> 00:32:01.160]  所以今次找的是
[00:32:01.160 --> 00:32:03.160]  以色列過去的官長
[00:32:03.160 --> 00:32:05.160]  來向法老
[00:32:05.160 --> 00:32:07.160]  收回
[00:32:07.160 --> 00:32:09.160]  承命至少
[00:32:09.160 --> 00:32:11.160]  以色列人的官長
[00:32:11.160 --> 00:32:13.160]  就來哀求法老
[00:32:13.160 --> 00:32:15.160]  為什麼這樣
[00:32:15.160 --> 00:32:17.160]  待你的僕人
[00:32:17.160 --> 00:32:19.160]  督公的不把草給僕人
[00:32:19.160 --> 00:32:21.160]  並且對我們說
[00:32:21.160 --> 00:32:23.160]  作專罷
[00:32:23.160 --> 00:32:25.160]  看啊 你僕人
[00:32:25.160 --> 00:32:27.160]  果然真是捱了打
[00:32:27.160 --> 00:32:29.160]  其實是你百姓的錯
[00:32:29.160 --> 00:32:31.160]  這樣是挺冒險的
[00:32:31.160 --> 00:32:33.160]  可能就是跟法老說
[00:32:33.160 --> 00:32:35.160]  法老可能你不知道
[00:32:35.160 --> 00:32:37.160]  其實以往一直都相安無事
[00:32:37.160 --> 00:32:39.160]  但不知道為什麼
[00:32:39.160 --> 00:32:41.160]  那些督公逼我們
[00:32:41.160 --> 00:32:43.160]  加重了刑罰
[00:32:43.160 --> 00:32:45.160]  要我們自己找草
[00:32:45.160 --> 00:32:47.160]  找材料
[00:32:47.160 --> 00:32:49.160]  還扎打我們
[00:32:49.160 --> 00:32:51.160]  是不是法老你吩咐的
[00:32:51.160 --> 00:32:53.160]  是不是那些督公擅自這樣來做
[00:32:53.160 --> 00:32:55.160]  等等
[00:32:55.160 --> 00:32:57.160]  是你的督公錯了
[00:32:57.160 --> 00:32:59.160]  你可以想像
[00:32:59.160 --> 00:33:01.160]  對摩西亞倫來說
[00:33:01.160 --> 00:33:03.160]  其實是挺冒犯的
[00:33:03.160 --> 00:33:05.160]  其實對一個
[00:33:05.160 --> 00:33:07.160]  神的僕人
[00:33:07.160 --> 00:33:09.160]  你由天上
[00:33:09.160 --> 00:33:11.160]  由曠野
[00:33:11.160 --> 00:33:13.160]  由天的召命
[00:33:13.160 --> 00:33:15.160]  你來到去
[00:33:15.160 --> 00:33:17.160]  空降回來
[00:33:17.160 --> 00:33:19.160]  以色列人開心到
[00:33:19.160 --> 00:33:21.160]  俯伏敬拜神
[00:33:21.160 --> 00:33:23.160]  差不多當摩西亞倫
[00:33:23.160 --> 00:33:25.160]  都是神這樣
[00:33:25.160 --> 00:33:27.160]  所以這些
[00:33:27.160 --> 00:33:29.160]  表面的馴服
[00:33:29.160 --> 00:33:31.160]  表面的讚賞
[00:33:31.160 --> 00:33:33.160]  是很虛的
[00:33:33.160 --> 00:33:35.160]  有一點點困難
[00:33:35.160 --> 00:33:37.160]  立即就煙消雲散
[00:33:37.160 --> 00:33:39.160]  所以
[00:33:39.160 --> 00:33:41.160]  真的我們不是說
[00:33:41.160 --> 00:33:43.160]  不介意鼎子會的
[00:33:43.160 --> 00:33:45.160]  多謝感恩
[00:33:45.160 --> 00:33:47.160]  但是我們不要看得這麼緊要
[00:33:47.160 --> 00:33:49.160]  我們知道自己的
[00:33:49.160 --> 00:33:51.160]  內心
[00:33:51.160 --> 00:33:53.160]  對準神做的那些事情
[00:33:53.160 --> 00:33:55.160]  有些事情是很關鍵
[00:33:55.160 --> 00:33:57.160]  必須一兩個人
[00:33:57.160 --> 00:33:59.160]  屬靈的眼光
[00:33:59.160 --> 00:34:01.160]  當然不是偏見
[00:34:01.160 --> 00:34:03.160]  不是獨斷獨行的
[00:34:03.160 --> 00:34:05.160]  獨裁者
[00:34:05.160 --> 00:34:07.160]  是經過很認真
[00:34:07.160 --> 00:34:09.160]  禱告
[00:34:09.160 --> 00:34:11.160]  考慮而這樣做
[00:34:11.160 --> 00:34:13.160]  對整個群體是好的
[00:34:13.160 --> 00:34:15.160]  這樣的決定
[00:34:15.160 --> 00:34:17.160]  就會招致
[00:34:17.160 --> 00:34:19.160]  很多人
[00:34:19.160 --> 00:34:21.160]  表面看不到背後的
[00:34:21.160 --> 00:34:23.160]  原因好處
[00:34:23.160 --> 00:34:25.160]  就會遷露
[00:34:25.160 --> 00:34:27.160]  屢見不鮮
[00:34:27.160 --> 00:34:29.160]  包括世界的領袖一樣
[00:34:29.160 --> 00:34:31.160]  如果有些很重大的政策
[00:34:31.160 --> 00:34:33.160]  的改動
[00:34:33.160 --> 00:34:35.160]  有時果斷的
[00:34:35.160 --> 00:34:37.160]  執行
[00:34:37.160 --> 00:34:39.160]  有時真是很難說
[00:34:39.160 --> 00:34:41.160]  昨天朱鎔基總理
[00:34:41.160 --> 00:34:43.160]  他說要打貪
[00:34:43.160 --> 00:34:45.160]  因為真是一個
[00:34:45.160 --> 00:34:47.160]  很果斷
[00:34:47.160 --> 00:34:49.160]  也是從最高的層級
[00:34:49.160 --> 00:34:51.160]  看到那個腐敗
[00:34:51.160 --> 00:34:53.160]  真是說我帶著
[00:34:53.160 --> 00:34:55.160]  一副棺材去做打貪
[00:34:55.160 --> 00:34:57.160]  那副棺材是給自己的
[00:34:57.160 --> 00:34:59.160]  不是給那些貪官的
[00:34:59.160 --> 00:35:01.160]  當然我們不知道背後
[00:35:01.160 --> 00:35:03.160]  那個戲劇性是怎樣
[00:35:03.160 --> 00:35:05.160]  但是真是得到國民的
[00:35:05.160 --> 00:35:07.160]  信任和愛戴
[00:35:07.160 --> 00:35:09.160]  至少有這份勇氣
[00:35:09.160 --> 00:35:11.160]  去承擔
[00:35:11.160 --> 00:35:13.160]  所以摩西在這一刻
[00:35:13.160 --> 00:35:15.160]  是被百姓的官長
[00:35:15.160 --> 00:35:17.160]  和百姓
[00:35:17.160 --> 00:35:19.160]  完全的
[00:35:19.160 --> 00:35:21.160]  擺在一邊
[00:35:21.160 --> 00:35:23.160]  他們自己去找法老
[00:35:23.160 --> 00:35:25.160]  其實真是很侮辱的
[00:35:25.160 --> 00:35:27.160]  其實真是很冒犯的
[00:35:27.160 --> 00:35:29.160]  其實真是很看不起摩西
[00:35:29.160 --> 00:35:31.160]  但是不要緊的
[00:35:31.160 --> 00:35:33.160]  神的僕人
[00:35:33.160 --> 00:35:35.160]  我們不是要尋求眾人的
[00:35:35.160 --> 00:35:37.160]  每一個人的
[00:35:37.160 --> 00:35:39.160]  接受等等的
[00:35:39.160 --> 00:35:43.160]  即是說我們作為
[00:35:43.160 --> 00:35:45.160]  侍奉者
[00:35:45.160 --> 00:35:47.160]  要有這個
[00:35:47.160 --> 00:35:49.160]  心靈的質素和準備
[00:35:49.160 --> 00:35:51.160]  所以
[00:35:51.160 --> 00:35:53.160]  法老的督公就是這樣
[00:35:53.160 --> 00:35:55.160]  來和以色列的官長說
[00:35:55.160 --> 00:35:57.160]  以色列的官長
[00:35:57.160 --> 00:35:59.160]  這樣來說
[00:35:59.160 --> 00:36:01.160]  波羅的十七節
[00:36:01.160 --> 00:36:03.160]  法老就說你們是懶惰的
[00:36:03.160 --> 00:36:05.160]  你們是懶惰的
[00:36:05.160 --> 00:36:07.160]  所以你們這樣說
[00:36:07.160 --> 00:36:09.160]  容我們去祭祀
[00:36:09.160 --> 00:36:11.160]  耶和華
[00:36:11.160 --> 00:36:13.160]  所以對法老來說
[00:36:13.160 --> 00:36:15.160]  耶和華只不過是一個聲音
[00:36:15.160 --> 00:36:17.160]  一個名稱
[00:36:17.160 --> 00:36:19.160]  對摩西來說
[00:36:19.160 --> 00:36:21.160]  耶和華這個字
[00:36:21.160 --> 00:36:23.160]  就是我
[00:36:23.160 --> 00:36:25.160]  就是那一位的永在者
[00:36:25.160 --> 00:36:27.160]  所以摩西如果屬靈的人
[00:36:27.160 --> 00:36:29.160]  慢慢對
[00:36:29.160 --> 00:36:31.160]  做物主的經驗認識
[00:36:31.160 --> 00:36:33.160]  就會提升屬靈生命
[00:36:33.160 --> 00:36:35.160]  和神的關係
[00:36:35.160 --> 00:36:37.160]  但是一般人聽到的
[00:36:37.160 --> 00:36:39.160]  所以一般人聽到的耶穌
[00:36:39.160 --> 00:36:41.160]  聽到你們所描述的
[00:36:41.160 --> 00:36:43.160]  宗教可能只不過是
[00:36:43.160 --> 00:36:45.160]  宗教上的眾多
[00:36:45.160 --> 00:36:47.160]  的其中一個
[00:36:47.160 --> 00:36:49.160]  所以我們基督徒自己
[00:36:49.160 --> 00:36:51.160]  屬靈的生命
[00:36:51.160 --> 00:36:53.160]  必須是要不斷的有成長
[00:36:53.160 --> 00:36:57.160]  留意他們就是這樣理解
[00:36:57.160 --> 00:36:59.160]  十八節
[00:36:59.160 --> 00:37:01.160]  現在你們去作公吧
[00:37:01.160 --> 00:37:03.160]  草是不會給你們
[00:37:03.160 --> 00:37:05.160]  磚也要如數交納
[00:37:05.160 --> 00:37:07.160]  那就是說
[00:37:07.160 --> 00:37:09.160]  那些埃及的官長
[00:37:09.160 --> 00:37:11.160]  和公頭
[00:37:11.160 --> 00:37:13.160]  沒錯是我吩咐公頭
[00:37:13.160 --> 00:37:15.160]  來責備
[00:37:15.160 --> 00:37:17.160]  督責你們
[00:37:17.160 --> 00:37:19.160]  交不到就要責打你們
[00:37:19.160 --> 00:37:21.160]  是的而且確
[00:37:21.160 --> 00:37:23.160]  從最上的法老
[00:37:23.160 --> 00:37:25.160]  就是我而來的
[00:37:25.160 --> 00:37:27.160]  那個吩咐命令
[00:37:27.160 --> 00:37:29.160]  那就無話可說了
[00:37:29.160 --> 00:37:31.160]  那就是說
[00:37:31.160 --> 00:37:33.160]  那個始作俑者是摩西亞倫
[00:37:33.160 --> 00:37:35.160]  是他們兩個搞禍了
[00:37:35.160 --> 00:37:37.160]  這個談判
[00:37:37.160 --> 00:37:39.160]  這個爭取
[00:37:39.160 --> 00:37:41.160]  就是說
[00:37:41.160 --> 00:37:43.160]  你們兩個不出現
[00:37:43.160 --> 00:37:45.160]  還好好的
[00:37:45.160 --> 00:37:47.160]  我們已經習慣了
[00:37:47.160 --> 00:37:49.160]  每天的生活節奏
[00:37:49.160 --> 00:37:51.160]  每天去做磚
[00:37:51.160 --> 00:37:53.160]  已經慢慢習慣了那個模式
[00:37:53.160 --> 00:37:55.160]  那個節奏
[00:37:55.160 --> 00:37:57.160]  都是相安無事
[00:37:57.160 --> 00:37:59.160]  但是突然之間
[00:37:59.160 --> 00:38:01.160]  給我們一個這麼大的憧憬
[00:38:01.160 --> 00:38:03.160]  這麼大的一個
[00:38:03.160 --> 00:38:05.160]  盼望
[00:38:05.160 --> 00:38:07.160]  這麼大的餅
[00:38:07.160 --> 00:38:09.160]  給我們一個很大的盼望
[00:38:09.160 --> 00:38:11.160]  很快
[00:38:11.160 --> 00:38:13.160]  我們就可以自由了
[00:38:13.160 --> 00:38:15.160]  所以現在
[00:38:15.160 --> 00:38:17.160]  公頭帶著的
[00:38:17.160 --> 00:38:19.160]  那個憤怒
[00:38:19.160 --> 00:38:21.160]  帶著那個無助
[00:38:21.160 --> 00:38:23.160]  只會遷怒的
[00:38:23.160 --> 00:38:25.160]  就是摩西
[00:38:25.160 --> 00:38:27.160]  所以很自然就是我們剛才所看到的
[00:38:27.160 --> 00:38:29.160]  五章二十一節的經文
[00:38:29.160 --> 00:38:31.160]  所以看看神
[00:38:31.160 --> 00:38:33.160]  怎樣來拆解
[00:38:33.160 --> 00:38:35.160]  和安慰摩西
[00:38:35.160 --> 00:38:39.160]  第十九節
[00:38:39.160 --> 00:38:41.160]  以色列人的官長
[00:38:41.160 --> 00:38:43.160]  聽說你們每天
[00:38:43.160 --> 00:38:45.160]  做磚的工作一點不可減少
[00:38:45.160 --> 00:38:47.160]  就知道
[00:38:47.160 --> 00:38:49.160]  就是我們剛才讀的遭遇禍患
[00:38:49.160 --> 00:38:51.160]  他們離開了法路
[00:38:51.160 --> 00:38:53.160]  出來就遇見
[00:38:53.160 --> 00:38:55.160]  摩西亞倫
[00:38:55.160 --> 00:38:57.160]  就是被人投閒置散
[00:38:57.160 --> 00:38:59.160]  幾快就已經
[00:38:59.160 --> 00:39:01.160]  所謂那個民調
[00:39:01.160 --> 00:39:03.160]  上任幾個月
[00:39:03.160 --> 00:39:05.160]  美國就有的
[00:39:05.160 --> 00:39:07.160]  特朗普總統
[00:39:07.160 --> 00:39:09.160]  上任半年
[00:39:09.160 --> 00:39:11.160]  那個民意的基礎
[00:39:11.160 --> 00:39:13.160]  去到哪裏
[00:39:13.160 --> 00:39:15.160]  那個調查等等
[00:39:15.160 --> 00:39:17.160]  但是摩西亞倫
[00:39:17.160 --> 00:39:19.160]  很快立即就被
[00:39:19.160 --> 00:39:21.160]  這樣的來到去
[00:39:21.160 --> 00:39:23.160]  真是這樣來到埋怨
[00:39:23.160 --> 00:39:27.160]  所以他用這麼重的說話
[00:39:27.160 --> 00:39:29.160]  都很難堪
[00:39:29.160 --> 00:39:31.160]  用很重的說話
[00:39:31.160 --> 00:39:33.160]  願耶和華監察你們
[00:39:33.160 --> 00:39:35.160]  監察你們的心
[00:39:35.160 --> 00:39:37.160]  監察你們
[00:39:37.160 --> 00:39:39.160]  這些這麼魯莽的愚蠢
[00:39:39.160 --> 00:39:41.160]  令到法路
[00:39:41.160 --> 00:39:43.160]  來到去發怒
[00:39:43.160 --> 00:39:45.160]  等等
[00:39:45.160 --> 00:39:47.160]  你說什麼耶和華拆遣
[00:39:47.160 --> 00:39:49.160]  你說什麼釋放我們
[00:39:49.160 --> 00:39:51.160]  現在我們就
[00:39:51.160 --> 00:39:53.160]  百上加根
[00:39:53.160 --> 00:39:55.160]  就是對摩西
[00:39:55.160 --> 00:39:57.160]  那個心靈的質素
[00:39:57.160 --> 00:39:59.160]  那個
[00:39:59.160 --> 00:40:01.160]  這裏都不是說EQ
[00:40:01.160 --> 00:40:03.160]  是說內心那種
[00:40:03.160 --> 00:40:05.160]  本來背著一個
[00:40:05.160 --> 00:40:07.160]  很沉重的擔
[00:40:07.160 --> 00:40:09.160]  回埃及
[00:40:09.160 --> 00:40:11.160]  現在這個擔就更加沉重
[00:40:11.160 --> 00:40:13.160]  似乎好像四面楚歌
[00:40:13.160 --> 00:40:15.160]  一開始就四面楚歌
[00:40:15.160 --> 00:40:17.160]  你可想而知
[00:40:17.160 --> 00:40:19.160]  是多麼困難
[00:40:19.160 --> 00:40:21.160]  所以真是要為
[00:40:21.160 --> 00:40:23.160]  一些剛剛畢業出來
[00:40:23.160 --> 00:40:25.160]  做傳道的弟兄姊妹
[00:40:25.160 --> 00:40:27.160]  讓他們
[00:40:27.160 --> 00:40:29.160]  在神學院出來
[00:40:29.160 --> 00:40:31.160]  雄心壯志講見證
[00:40:31.160 --> 00:40:33.160]  我們要去服事
[00:40:33.160 --> 00:40:35.160]  我們要去什麼
[00:40:35.160 --> 00:40:37.160]  全部每個百分之一百都是很大的
[00:40:37.160 --> 00:40:39.160]  感動
[00:40:39.160 --> 00:40:41.160]  但是很需要我們在不同
[00:40:41.160 --> 00:40:43.160]  堂會的弟兄姊妹
[00:40:43.160 --> 00:40:45.160]  去為這些年青的
[00:40:45.160 --> 00:40:47.160]  目者禱告求神
[00:40:47.160 --> 00:40:49.160]  讓他們有力量
[00:40:49.160 --> 00:40:51.160]  面對困難
[00:40:51.160 --> 00:40:53.160]  有愛去面對
[00:40:53.160 --> 00:40:55.160]  弟兄姊妹的
[00:40:55.160 --> 00:40:57.160]  謾罵
[00:40:57.160 --> 00:40:59.160]  有時不理解底下的誤會
[00:40:59.160 --> 00:41:01.160]  等等
[00:41:01.160 --> 00:41:03.160]  所以那個心靈的質素
[00:41:03.160 --> 00:41:05.160]  不是無風無浪
[00:41:05.160 --> 00:41:07.160]  不是他們只是
[00:41:07.160 --> 00:41:09.160]  打份工
[00:41:09.160 --> 00:41:11.160]  鐵石心腸
[00:41:11.160 --> 00:41:13.160]  你們不喜歡也好
[00:41:13.160 --> 00:41:15.160]  我都是這樣的
[00:41:15.160 --> 00:41:17.160]  不是這樣的
[00:41:17.160 --> 00:41:19.160]  每一個上心目樣的弟兄同工
[00:41:19.160 --> 00:41:21.160]  弟兄姊妹
[00:41:21.160 --> 00:41:25.160]  有一個心靈的初心
[00:41:25.160 --> 00:41:27.160]  很想去改變
[00:41:27.160 --> 00:41:29.160]  但是未改變的
[00:41:29.160 --> 00:41:31.160]  紅利出現之前
[00:41:31.160 --> 00:41:33.160]  自己已經被人改變
[00:41:33.160 --> 00:41:35.160]  自己已經沒有了
[00:41:35.160 --> 00:41:37.160]  起初服事的熱誠
[00:41:37.160 --> 00:41:39.160]  因為不能夠
[00:41:39.160 --> 00:41:41.160]  不停不斷熱誠
[00:41:41.160 --> 00:41:43.160]  但是那些冷言冷語
[00:41:43.160 --> 00:41:45.160]  又繼續這樣來
[00:41:45.160 --> 00:41:47.160]  其實是不行的
[00:41:47.160 --> 00:41:49.160]  所以我們真的需要這樣
[00:41:49.160 --> 00:41:51.160]  守望禱告
[00:41:51.160 --> 00:41:53.160]  所以我們成熟的弟兄姊妹
[00:41:53.160 --> 00:41:55.160]  我們看到
[00:41:55.160 --> 00:41:57.160]  新的同工
[00:41:57.160 --> 00:41:59.160]  我們要默默的禱告
[00:41:59.160 --> 00:42:01.160]  有時偶然一張紙
[00:42:01.160 --> 00:42:03.160]  親手寫的安慰
[00:42:03.160 --> 00:42:05.160]  的說話
[00:42:05.160 --> 00:42:07.160]  都已經是一個很大的安慰
[00:42:07.160 --> 00:42:11.160]  我都講過
[00:42:11.160 --> 00:42:13.160]  偶然收到一個
[00:42:13.160 --> 00:42:15.160]  鎖匙扣
[00:42:15.160 --> 00:42:17.160]  真是
[00:42:17.160 --> 00:42:19.160]  在這裏訂造
[00:42:19.160 --> 00:42:21.160]  寫著憎惡
[00:42:21.160 --> 00:42:23.160]  可能他聽了
[00:42:23.160 --> 00:42:25.160]  我之前講的查經班
[00:42:25.160 --> 00:42:27.160]  的講道
[00:42:27.160 --> 00:42:29.160]  路加福音第十章
[00:42:29.160 --> 00:42:31.160]  十七章
[00:42:31.160 --> 00:42:33.160]  的經文
[00:42:33.160 --> 00:42:37.160]  七十個人回去
[00:42:37.160 --> 00:42:39.160]  跟耶穌講
[00:42:39.160 --> 00:42:41.160]  因為你的緣故
[00:42:41.160 --> 00:42:43.160]  因為你的名鬼都服了我們
[00:42:43.160 --> 00:42:45.160]  耶穌跟他們講
[00:42:45.160 --> 00:42:47.160]  不要因鬼服了你們而歡喜
[00:42:47.160 --> 00:42:49.160]  因為你們的名字
[00:42:49.160 --> 00:42:51.160]  記錄在天上歡喜
[00:42:51.160 --> 00:42:53.160]  很大的一個
[00:42:53.160 --> 00:42:55.160]  對當時的門徒
[00:42:55.160 --> 00:42:57.160]  其實都是一盤冷水
[00:42:57.160 --> 00:42:59.160]  但是
[00:42:59.160 --> 00:43:01.160]  當門徒日後回想
[00:43:01.160 --> 00:43:03.160]  耶穌這一番說話
[00:43:03.160 --> 00:43:05.160]  能夠成為神的僕人
[00:43:05.160 --> 00:43:07.160]  能夠服侍神
[00:43:07.160 --> 00:43:09.160]  已經是一個最大的榮耀
[00:43:09.160 --> 00:43:11.160]  不是侍奉的成果
[00:43:11.160 --> 00:43:13.160]  侍奉的成果
[00:43:13.160 --> 00:43:15.160]  是神的恩典
[00:43:15.160 --> 00:43:17.160]  是神自己的祝福
[00:43:17.160 --> 00:43:19.160]  是我們代表神去做一些事情
[00:43:19.160 --> 00:43:21.160]  但仍然最重要是
[00:43:21.160 --> 00:43:23.160]  那個人本身
[00:43:23.160 --> 00:43:25.160]  能夠得到神的喜悅
[00:43:25.160 --> 00:43:27.160]  所以有支體
[00:43:27.160 --> 00:43:29.160]  送這樣一個
[00:43:29.160 --> 00:43:31.160]  手造的
[00:43:31.160 --> 00:43:33.160]  當然是別人去做的
[00:43:33.160 --> 00:43:35.160]  這樣的名牌寫著憎惡
[00:43:35.160 --> 00:43:37.160]  我很大的感動
[00:43:37.160 --> 00:43:39.160]  真是所謂物輕情易重
[00:43:39.160 --> 00:43:41.160]  所以大家不要
[00:43:41.160 --> 00:43:43.160]  忘記一兩句對
[00:43:43.160 --> 00:43:45.160]  對侍奉的人的
[00:43:45.160 --> 00:43:47.160]  一份尊重
[00:43:47.160 --> 00:43:51.160]  和安慰
[00:43:51.160 --> 00:43:53.160]  記得不是巴結
[00:43:53.160 --> 00:43:55.160]  不是奉承
[00:43:55.160 --> 00:43:57.160]  是適當時間的安慰
[00:43:57.160 --> 00:43:59.160]  其實真是
[00:43:59.160 --> 00:44:01.160]  令到服侍的人
[00:44:01.160 --> 00:44:03.160]  有侍奉的
[00:44:03.160 --> 00:44:05.160]  初心和力量
[00:44:05.160 --> 00:44:07.160]  所以摩西
[00:44:07.160 --> 00:44:09.160]  你可以想像得到
[00:44:09.160 --> 00:44:11.160]  很多不同的說話
[00:44:11.160 --> 00:44:13.160]  神安慰神眷顧我們
[00:44:13.160 --> 00:44:15.160]  神監察
[00:44:15.160 --> 00:44:17.160]  法老的罪
[00:44:17.160 --> 00:44:19.160]  現在反過來
[00:44:19.160 --> 00:44:21.160]  以色列的官長
[00:44:21.160 --> 00:44:23.160]  離開法老皇宮之後
[00:44:23.160 --> 00:44:25.160]  出來將他們
[00:44:25.160 --> 00:44:27.160]  最難聽的說話
[00:44:27.160 --> 00:44:29.160]  向摩西亞倫
[00:44:29.160 --> 00:44:31.160]  發出
[00:44:31.160 --> 00:44:33.160]  所以這些都是金句
[00:44:33.160 --> 00:44:35.160]  從來不會在港台
[00:44:35.160 --> 00:44:37.160]  崇拜我們背金句
[00:44:37.160 --> 00:44:39.160]  這些經文其實很寶貴
[00:44:39.160 --> 00:44:41.160]  如果你識上下文
[00:44:41.160 --> 00:44:43.160]  其實是很寶貴
[00:44:43.160 --> 00:44:45.160]  作者說
[00:44:45.160 --> 00:44:47.160]  原來摩西自己
[00:44:47.160 --> 00:44:49.160]  未成名之前
[00:44:49.160 --> 00:44:51.160]  曾經被人
[00:44:51.160 --> 00:44:53.160]  戳口戳面
[00:44:53.160 --> 00:44:55.160]  這樣罵
[00:44:55.160 --> 00:44:57.160]  神監察你們兩個
[00:44:57.160 --> 00:44:59.160]  神要來到
[00:44:59.160 --> 00:45:01.160]  不是眷顧你們
[00:45:01.160 --> 00:45:03.160]  是監察你們的罪
[00:45:03.160 --> 00:45:05.160]  你們的動機
[00:45:05.160 --> 00:45:07.160]  你們令到我們的百姓
[00:45:07.160 --> 00:45:09.160]  受很大的苦
[00:45:09.160 --> 00:45:11.160]  你可以想像得到
[00:45:11.160 --> 00:45:13.160]  這些說話
[00:45:13.160 --> 00:45:15.160]  比針割還要痛
[00:45:15.160 --> 00:45:19.160]  摩西從來都沒有想過
[00:45:19.160 --> 00:45:21.160]  我在抗野
[00:45:21.160 --> 00:45:23.160]  他當然不知道自己還有40年命
[00:45:23.160 --> 00:45:25.160]  但是他從來沒有想過
[00:45:25.160 --> 00:45:27.160]  我要突然間
[00:45:27.160 --> 00:45:29.160]  好像著起龍袍
[00:45:29.160 --> 00:45:31.160]  皇袍加身
[00:45:31.160 --> 00:45:33.160]  我要回埃及
[00:45:33.160 --> 00:45:35.160]  爭取
[00:45:35.160 --> 00:45:37.160]  所以有時這些落差
[00:45:37.160 --> 00:45:39.160]  對一個傳道人
[00:45:39.160 --> 00:45:41.160]  對一個侍奉神的人
[00:45:41.160 --> 00:45:43.160]  其實真的會有一個
[00:45:43.160 --> 00:45:45.160]  思前想後的
[00:45:45.160 --> 00:45:47.160]  退場
[00:45:47.160 --> 00:45:49.160]  就是不再做
[00:45:49.160 --> 00:45:51.160]  因為太吃力不討好
[00:45:51.160 --> 00:45:53.160]  所以
[00:45:53.160 --> 00:45:57.160]  必須要回到神那裏
[00:45:57.160 --> 00:45:59.160]  這裏就是說
[00:45:59.160 --> 00:46:01.160]  有了臭名將刀帶在我們那裏
[00:46:01.160 --> 00:46:03.160]  對不起
[00:46:03.160 --> 00:46:05.160]  五章二十二節
[00:46:05.160 --> 00:46:07.160]  我看回part point
[00:46:07.160 --> 00:46:09.160]  二十二節
[00:46:09.160 --> 00:46:11.160]  摩西回到耶和華那裏
[00:46:11.160 --> 00:46:13.160]  說主啊
[00:46:13.160 --> 00:46:15.160]  你爲什麽苦待這百姓呢
[00:46:15.160 --> 00:46:17.160]  其實是法老
[00:46:17.160 --> 00:46:19.160]  爲什麽打發我去呢
[00:46:19.160 --> 00:46:21.160]  開始有些
[00:46:21.160 --> 00:46:23.160]  自我的懷疑
[00:46:23.160 --> 00:46:27.160]  自從我去見法老
[00:46:27.160 --> 00:46:29.160]  奉你的名說
[00:46:29.160 --> 00:46:31.160]  你就苦待這個百姓
[00:46:31.160 --> 00:46:33.160]  就是以色列人
[00:46:33.160 --> 00:46:35.160]  你一點也沒有拯救
[00:46:35.160 --> 00:46:37.160]  似乎神容讓
[00:46:37.160 --> 00:46:39.160]  這個局面出現
[00:46:39.160 --> 00:46:41.160]  有幾個好處
[00:46:41.160 --> 00:46:43.160]  摩西
[00:46:43.160 --> 00:46:45.160]  如果一下子
[00:46:45.160 --> 00:46:47.160]  一炮就成名
[00:46:47.160 --> 00:46:49.160]  法老立即
[00:46:49.160 --> 00:46:51.160]  好啊你們走吧
[00:46:51.160 --> 00:46:53.160]  沒眼看了
[00:46:53.160 --> 00:46:55.160]  你們這班人
[00:46:55.160 --> 00:46:57.160]  都是阻礙我們的
[00:46:57.160 --> 00:46:59.160]  好了你帶他們走
[00:46:59.160 --> 00:47:01.160]  無條件
[00:47:01.160 --> 00:47:03.160]  對摩西來說
[00:47:03.160 --> 00:47:05.160]  這麽快速的成名
[00:47:05.160 --> 00:47:07.160]  可能埋下的
[00:47:07.160 --> 00:47:09.160]  就是日後他
[00:47:09.160 --> 00:47:11.160]  跌倒的一個大的炸彈
[00:47:11.160 --> 00:47:13.160]  這個是
[00:47:13.160 --> 00:47:15.160]  神容讓
[00:47:15.160 --> 00:47:17.160]  其實很自然法老不可能會
[00:47:17.160 --> 00:47:19.160]  答應的
[00:47:19.160 --> 00:47:21.160]  摩西其實是不是應該要有
[00:47:21.160 --> 00:47:23.160]  這樣的心理準備呢
[00:47:23.160 --> 00:47:25.160]  一個這麽大的project
[00:47:25.160 --> 00:47:27.160]  法老怎可能一下子
[00:47:27.160 --> 00:47:29.160]  就馬上首肯讓你們走呢
[00:47:29.160 --> 00:47:31.160]  對
[00:47:31.160 --> 00:47:33.160]  以色列的官長來說
[00:47:33.160 --> 00:47:35.160]  完全沒有交過手的摩西亞倫
[00:47:35.160 --> 00:47:37.160]  不知你是龍還是鳳
[00:47:37.160 --> 00:47:39.160]  你這樣說我們有什麽所謂
[00:47:39.160 --> 00:47:41.160]  對我們來說沒有成本
[00:47:41.160 --> 00:47:43.160]  是你替我講
[00:47:43.160 --> 00:47:45.160]  你講到我就多謝你
[00:47:45.160 --> 00:47:47.160]  但是我們享受那個
[00:47:47.160 --> 00:47:49.160]  福利
[00:47:49.160 --> 00:47:51.160]  就是我可以自由
[00:47:51.160 --> 00:47:53.160]  但是不行的
[00:47:53.160 --> 00:47:55.160]  就再有
[00:47:55.160 --> 00:47:57.160]  不同的對策
[00:47:57.160 --> 00:47:59.160]  所以對摩西來說
[00:47:59.160 --> 00:48:01.160]  神現在這個表面
[00:48:01.160 --> 00:48:03.160]  不出手
[00:48:03.160 --> 00:48:05.160]  表面容讓的局面
[00:48:05.160 --> 00:48:07.160]  在短暫的
[00:48:07.160 --> 00:48:09.160]  一個失控
[00:48:09.160 --> 00:48:11.160]  對摩西
[00:48:11.160 --> 00:48:13.160]  是一個很大的祝福
[00:48:13.160 --> 00:48:17.160]  所以一個
[00:48:17.160 --> 00:48:19.160]  全道開始面對
[00:48:19.160 --> 00:48:21.160]  很多困難
[00:48:21.160 --> 00:48:23.160]  慢慢在那個困難裏面
[00:48:23.160 --> 00:48:25.160]  開始
[00:48:25.160 --> 00:48:27.160]  消磨了很多
[00:48:27.160 --> 00:48:29.160]  不必要的雄心壯志
[00:48:29.160 --> 00:48:31.160]  驕傲
[00:48:31.160 --> 00:48:33.160]  或者一些
[00:48:33.160 --> 00:48:35.160]  自己腦裏面
[00:48:35.160 --> 00:48:37.160]  想出來的美麗
[00:48:37.160 --> 00:48:39.160]  各個頂子們
[00:48:39.160 --> 00:48:41.160]  都見到你
[00:48:41.160 --> 00:48:43.160]  必恭必敬
[00:48:43.160 --> 00:48:45.160]  全道感恩
[00:48:45.160 --> 00:48:47.160]  很少的
[00:48:47.160 --> 00:48:49.160]  所以
[00:48:49.160 --> 00:48:51.160]  慢慢沉潛在
[00:48:51.160 --> 00:48:53.160]  困難裏面成長的
[00:48:53.160 --> 00:48:55.160]  新全道人
[00:48:55.160 --> 00:48:57.160]  是一個很大的祝福
[00:48:57.160 --> 00:48:59.160]  因為慢慢
[00:48:59.160 --> 00:49:01.160]  他還沒有在很吃重的
[00:49:01.160 --> 00:49:03.160]  崗位
[00:49:03.160 --> 00:49:05.160]  那個風口
[00:49:05.160 --> 00:49:07.160]  來帶領
[00:49:07.160 --> 00:49:09.160]  可以看著
[00:49:09.160 --> 00:49:11.160]  在上面的目者全道
[00:49:11.160 --> 00:49:13.160]  怎樣來周旋
[00:49:13.160 --> 00:49:15.160]  在不同的事工
[00:49:15.160 --> 00:49:17.160]  不同的計劃
[00:49:17.160 --> 00:49:19.160]  不同的困難裏面
[00:49:19.160 --> 00:49:21.160]  慢慢去裝備自己
[00:49:21.160 --> 00:49:23.160]  是一個
[00:49:23.160 --> 00:49:25.160]  很好的成長
[00:49:25.160 --> 00:49:27.160]  所以摩西
[00:49:27.160 --> 00:49:29.160]  這個短期的
[00:49:29.160 --> 00:49:31.160]  計劃的失敗
[00:49:31.160 --> 00:49:33.160]  是神給他的一個
[00:49:33.160 --> 00:49:35.160]  又是進一步的磨練
[00:49:35.160 --> 00:49:37.160]  真是有實戰
[00:49:37.160 --> 00:49:39.160]  之前在埃及
[00:49:39.160 --> 00:49:41.160]  在曠野
[00:49:41.160 --> 00:49:43.160]  他幻想自己是怎樣怎樣
[00:49:43.160 --> 00:49:45.160]  不行
[00:49:45.160 --> 00:49:47.160]  對自己的盤點
[00:49:47.160 --> 00:49:49.160]  但現在有實戰經驗
[00:49:49.160 --> 00:49:51.160]  真是出工場
[00:49:51.160 --> 00:49:53.160]  真是講到一塌糊塗
[00:49:53.160 --> 00:49:55.160]  人家的想法
[00:49:55.160 --> 00:49:57.160]  開始要面對
[00:49:57.160 --> 00:49:59.160]  自己的現實
[00:49:59.160 --> 00:50:01.160]  這個是很寶貴的
[00:50:01.160 --> 00:50:03.160]  一個失敗
[00:50:03.160 --> 00:50:05.160]  所以
[00:50:05.160 --> 00:50:07.160]  在人眼中
[00:50:07.160 --> 00:50:09.160]  其實官長
[00:50:09.160 --> 00:50:11.160]  對他們的藐視
[00:50:11.160 --> 00:50:13.160]  公頭
[00:50:13.160 --> 00:50:15.160]  已經不再說
[00:50:15.160 --> 00:50:17.160]  法老就更加
[00:50:17.160 --> 00:50:19.160]  以色列的百姓
[00:50:19.160 --> 00:50:21.160]  既然現在是大部份人
[00:50:21.160 --> 00:50:23.160]  他們只會感受到自己
[00:50:23.160 --> 00:50:25.160]  是否立即可以得到
[00:50:25.160 --> 00:50:27.160]  那個福利
[00:50:27.160 --> 00:50:29.160]  得不到就立即會反對
[00:50:29.160 --> 00:50:31.160]  所以對一個
[00:50:31.160 --> 00:50:33.160]  一般百姓頂姐妹來說
[00:50:33.160 --> 00:50:35.160]  我每個禮拜
[00:50:35.160 --> 00:50:37.160]  最想的就是聽一堂很開心的道
[00:50:37.160 --> 00:50:39.160]  聽不到
[00:50:39.160 --> 00:50:41.160]  我就生氣那個傳道人
[00:50:41.160 --> 00:50:43.160]  就不理會你其他東西
[00:50:43.160 --> 00:50:45.160]  這些就是一般的百姓
[00:50:45.160 --> 00:50:47.160]  一般的弟兄姊妹
[00:50:47.160 --> 00:50:49.160]  他要立即的紅利
[00:50:49.160 --> 00:50:51.160]  你要令到我這個笑話很好聽
[00:50:51.160 --> 00:50:53.160]  這個故事好動聽
[00:50:53.160 --> 00:50:55.160]  你講到
[00:50:55.160 --> 00:50:57.160]  那個point
[00:50:57.160 --> 00:50:59.160]  好有
[00:50:59.160 --> 00:51:01.160]  你的part做得好靚
[00:51:01.160 --> 00:51:03.160]  我就好好
[00:51:03.160 --> 00:51:05.160]  接著走出去五分鐘
[00:51:05.160 --> 00:51:07.160]  整堂道已經忘記了
[00:51:07.160 --> 00:51:09.160]  這個就是百姓
[00:51:09.160 --> 00:51:11.160]  如果真是同工
[00:51:11.160 --> 00:51:13.160]  一起看著他
[00:51:13.160 --> 00:51:15.160]  面對不同的事情
[00:51:15.160 --> 00:51:17.160]  看著他在好中心裏面
[00:51:17.160 --> 00:51:19.160]  盡了力去服事
[00:51:19.160 --> 00:51:21.160]  這樣的領袖
[00:51:21.160 --> 00:51:23.160]  已經是另外一個層次
[00:51:23.160 --> 00:51:25.160]  的參與者
[00:51:25.160 --> 00:51:27.160]  因為他已經是
[00:51:27.160 --> 00:51:29.160]  在侍奉裏面的
[00:51:29.160 --> 00:51:31.160]  同路人
[00:51:31.160 --> 00:51:33.160]  已經是另外一個層次
[00:51:33.160 --> 00:51:35.160]  所以頂姐妹
[00:51:35.160 --> 00:51:37.160]  你想是仍然一般性的百姓
[00:51:37.160 --> 00:51:39.160]  開心就開心
[00:51:39.160 --> 00:51:41.160]  不開心
[00:51:41.160 --> 00:51:43.160]  我就立即告訴你
[00:51:43.160 --> 00:51:45.160]  再嚴重一點
[00:51:45.160 --> 00:51:47.160]  我轉教會
[00:51:47.160 --> 00:51:49.160]  給面色你看
[00:51:49.160 --> 00:51:51.160]  我用腳投票
[00:51:51.160 --> 00:51:53.160]  但是你投一次
[00:51:53.160 --> 00:51:55.160]  去到每間教會你都投票
[00:51:55.160 --> 00:51:57.160]  因為你的心永遠只是百姓的心
[00:51:57.160 --> 00:51:59.160]  你都沒有想過
[00:51:59.160 --> 00:52:01.160]  參與在侍奉裏面的困難
[00:52:01.160 --> 00:52:03.160]  很多的
[00:52:03.160 --> 00:52:05.160]  不同的事情
[00:52:05.160 --> 00:52:07.160]  你要周旋
[00:52:07.160 --> 00:52:09.160]  你要有很多不同的
[00:52:09.160 --> 00:52:11.160]  妥協等等
[00:52:11.160 --> 00:52:13.160]  其實不是想像中
[00:52:13.160 --> 00:52:15.160]  這麼簡單的對錯
[00:52:15.160 --> 00:52:17.160]  這樣就是可以的
[00:52:17.160 --> 00:52:19.160]  除了真理之外
[00:52:19.160 --> 00:52:21.160]  有時候有很多不同的做法
[00:52:21.160 --> 00:52:23.160]  是要很多權衡的
[00:52:23.160 --> 00:52:25.160]  所以我們其實要在教會
[00:52:25.160 --> 00:52:27.160]  我們每個人都應該要學習成長
[00:52:27.160 --> 00:52:29.160]  成熟
[00:52:29.160 --> 00:52:31.160]  所以我們這些的查經班
[00:52:31.160 --> 00:52:33.160]  就是希望想探討
[00:52:33.160 --> 00:52:35.160]  他們的成長
[00:52:35.160 --> 00:52:37.160]  因為講實在太容易
[00:52:37.160 --> 00:52:39.160]  所以你會看到
[00:52:39.160 --> 00:52:41.160]  摩西能夠真是
[00:52:41.160 --> 00:52:43.160]  可以傾訴的
[00:52:43.160 --> 00:52:45.160]  就是回到神那裏
[00:52:45.160 --> 00:52:47.160]  所以第五章的二十二節
[00:52:47.160 --> 00:52:49.160]  是回到耶和華那裏
[00:52:49.160 --> 00:52:51.160]  就是說
[00:52:51.160 --> 00:52:53.160]  他帶著這些
[00:52:53.160 --> 00:52:55.160]  的尷尬
[00:52:55.160 --> 00:52:57.160]  受冤屈的
[00:52:57.160 --> 00:52:59.160]  心情
[00:52:59.160 --> 00:53:01.160]  回到向神祈禱
[00:53:01.160 --> 00:53:03.160]  傾心吐意
[00:53:03.160 --> 00:53:05.160]  告訴神
[00:53:05.160 --> 00:53:07.160]  為什麼打發
[00:53:07.160 --> 00:53:09.160]  都是一個為什麼
[00:53:09.160 --> 00:53:11.160]  所以這些傾訴都是很重要
[00:53:11.160 --> 00:53:13.160]  所以聆聽一下
[00:53:13.160 --> 00:53:15.160]  牧者的一些不同的角度
[00:53:15.160 --> 00:53:17.160]  的看法
[00:53:17.160 --> 00:53:19.160]  是會幫助我們
[00:53:19.160 --> 00:53:21.160]  其實不應該講得這麼白
[00:53:21.160 --> 00:53:23.160]  不過沒有所謂
[00:53:23.160 --> 00:53:25.160]  因為張牧已經退休了
[00:53:25.160 --> 00:53:27.160]  他有一段時間
[00:53:27.160 --> 00:53:29.160]  差不多是隔天
[00:53:29.160 --> 00:53:31.160]  很多時候他有些重大的事情
[00:53:31.160 --> 00:53:33.160]  因為我在他隔壁的房間
[00:53:33.160 --> 00:53:35.160]  我在Carol的房間
[00:53:35.160 --> 00:53:37.160]  他就在現在的208的房間
[00:53:37.160 --> 00:53:39.160]  叫我進去
[00:53:39.160 --> 00:53:41.160]  有時候就將很多他的決策
[00:53:41.160 --> 00:53:43.160]  他這樣看
[00:53:43.160 --> 00:53:45.160]  有時候問我意見
[00:53:45.160 --> 00:53:47.160]  又來到告訴我
[00:53:47.160 --> 00:53:49.160]  他會這樣做
[00:53:49.160 --> 00:53:51.160]  在沒有那些事情之前
[00:53:51.160 --> 00:53:53.160]  我已經知道那些教會
[00:53:53.160 --> 00:53:55.160]  的那些方針
[00:53:55.160 --> 00:53:57.160]  方向
[00:53:57.160 --> 00:53:59.160]  和為什麼要這樣做
[00:53:59.160 --> 00:54:01.160]  等等
[00:54:01.160 --> 00:54:03.160]  我是受益良多
[00:54:03.160 --> 00:54:05.160]  看到牧者原來有這麼多掣肘
[00:54:05.160 --> 00:54:07.160]  原來要想這麼多
[00:54:07.160 --> 00:54:09.160]  原來很多事情不是想像
[00:54:09.160 --> 00:54:11.160]  這麼簡單
[00:54:11.160 --> 00:54:13.160]  有時候不是說對錯的問題
[00:54:13.160 --> 00:54:15.160]  而是至少經過
[00:54:15.160 --> 00:54:17.160]  很深思熟慮和禱告
[00:54:17.160 --> 00:54:19.160]  去想到的決定
[00:54:19.160 --> 00:54:21.160]  原來不是這麼簡單
[00:54:21.160 --> 00:54:23.160]  所以
[00:54:23.160 --> 00:54:25.160]  原來我們真的需要
[00:54:25.160 --> 00:54:27.160]  回到神那裡
[00:54:27.160 --> 00:54:29.160]  將那些事情
[00:54:29.160 --> 00:54:31.160]  至少在
[00:54:31.160 --> 00:54:33.160]  我們的心靈
[00:54:33.160 --> 00:54:35.160]  不要再成為我們的
[00:54:35.160 --> 00:54:37.160]  痛苦
[00:54:37.160 --> 00:54:39.160]  一個結
[00:54:39.160 --> 00:54:41.160]  因為摩西
[00:54:41.160 --> 00:54:43.160]  現在有幾個結
[00:54:43.160 --> 00:54:45.160]  就是官長原來
[00:54:45.160 --> 00:54:47.160]  不是他們
[00:54:47.160 --> 00:54:49.160]  起初所想像的
[00:54:49.160 --> 00:54:51.160]  單純的信心
[00:54:51.160 --> 00:54:53.160]  面對困難官長
[00:54:53.160 --> 00:54:55.160]  就轉變了
[00:54:55.160 --> 00:54:57.160]  甚至乎成為了
[00:54:57.160 --> 00:54:59.160]  一個另外的攻擊
[00:54:59.160 --> 00:55:01.160]  摩西面對的
[00:55:01.160 --> 00:55:03.160]  固然法老
[00:55:03.160 --> 00:55:05.160]  就是一個明顯的攻擊
[00:55:05.160 --> 00:55:07.160]  但原來內在的
[00:55:07.160 --> 00:55:09.160]  同胞的攻擊
[00:55:09.160 --> 00:55:11.160]  有時來得更加痛
[00:55:11.160 --> 00:55:13.160]  所以這就是摩西的狀況
[00:55:13.160 --> 00:55:15.160]  出路就在
[00:55:15.160 --> 00:55:17.160]  第六章
[00:55:17.160 --> 00:55:19.160]  你看看神怎樣來到
[00:55:19.160 --> 00:55:21.160]  在第六章的佈局
[00:55:21.160 --> 00:55:23.160]  第三到第八節
[00:55:23.160 --> 00:55:25.160]  另外還要再加多一段
[00:55:25.160 --> 00:55:27.160]  是很不耐煩的
[00:55:27.160 --> 00:55:29.160]  突然間加了一個家譜
[00:55:29.160 --> 00:55:31.160]  而且這個家譜
[00:55:31.160 --> 00:55:33.160]  是一個非常不完整的
[00:55:33.160 --> 00:55:35.160]  大細超家譜
[00:55:35.160 --> 00:55:37.160]  雅各有
[00:55:37.160 --> 00:55:39.160]  十二個兒子
[00:55:39.160 --> 00:55:41.160]  只說劉弁、西冕、利未
[00:55:41.160 --> 00:55:43.160]  但是其實劉弁、西冕
[00:55:43.160 --> 00:55:45.160]  只不過是襯托
[00:55:45.160 --> 00:55:47.160]  真正要說的是利未
[00:55:47.160 --> 00:55:49.160]  這個家譜說了幾代
[00:55:49.160 --> 00:55:51.160]  你就看到
[00:55:51.160 --> 00:55:53.160]  現在是在說
[00:55:53.160 --> 00:55:55.160]  摩西亞倫
[00:55:55.160 --> 00:55:57.160]  突然間加插一個家譜出來
[00:55:57.160 --> 00:55:59.160]  真是原來
[00:55:59.160 --> 00:56:01.160]  背後是讓我們看到
[00:56:01.160 --> 00:56:03.160]  神透過
[00:56:03.160 --> 00:56:05.160]  作者
[00:56:05.160 --> 00:56:07.160]  我們當然仍然相信是摩西
[00:56:07.160 --> 00:56:09.160]  這樣來記載
[00:56:09.160 --> 00:56:11.160]  這些經文敘述
[00:56:11.160 --> 00:56:13.160]  你就看到第六章
[00:56:13.160 --> 00:56:15.160]  真是一個最重要的
[00:56:15.160 --> 00:56:17.160]  心靈的裝備
[00:56:17.160 --> 00:56:19.160]  而且摩西
[00:56:19.160 --> 00:56:21.160]  現在是置身在埃及
[00:56:21.160 --> 00:56:23.160]  那個戰場
[00:56:23.160 --> 00:56:25.160]  而有這些屬靈的盔甲
[00:56:25.160 --> 00:56:27.160]  有這些
[00:56:27.160 --> 00:56:29.160]  屬靈的裝備
[00:56:29.160 --> 00:56:31.160]  就來得真是很寶貴
[00:56:31.160 --> 00:56:33.160]  所以我們看看心靈方面
[00:56:33.160 --> 00:56:35.160]  神的應許
[00:56:35.160 --> 00:56:37.160]  和神現在
[00:56:37.160 --> 00:56:39.160]  為他的僕人伸冤
[00:56:39.160 --> 00:56:41.160]  神要將這個家譜
[00:56:41.160 --> 00:56:43.160]  拿出來
[00:56:43.160 --> 00:56:45.160]  這兩個人不是路人甲
[00:56:45.160 --> 00:56:47.160]  喜歡就說他是僕人
[00:56:47.160 --> 00:56:49.160]  不喜歡就不信任他們
[00:56:49.160 --> 00:56:51.160]  將他們放在一邊
[00:56:51.160 --> 00:56:53.160]  還要叫神監察他們
[00:56:53.160 --> 00:56:57.160]  他們是誰
[00:56:57.160 --> 00:56:59.160]  就是家譜
[00:56:59.160 --> 00:57:01.160]  整個家譜突然間這樣出現
[00:57:01.160 --> 00:57:03.160]  就讓我們看到
[00:57:03.160 --> 00:57:05.160]  真是不簡單
[00:57:05.160 --> 00:57:07.160]  原來他們真是神
[00:57:07.160 --> 00:57:09.160]  揀選的僕人
[00:57:09.160 --> 00:57:11.160]  而且是接續阿伯拉罕
[00:57:11.160 --> 00:57:13.160]  以撒、瓦國
[00:57:13.160 --> 00:57:15.160]  向祖宗
[00:57:15.160 --> 00:57:17.160]  應許的
[00:57:17.160 --> 00:57:19.160]  神的誓約
[00:57:19.160 --> 00:57:21.160]  所以你們看看
[00:57:21.160 --> 00:57:23.160]  多麼奇妙
[00:57:23.160 --> 00:57:25.160]  原來神僕人
[00:57:25.160 --> 00:57:27.160]  不可以隨便挑剔
[00:57:27.160 --> 00:57:29.160]  當然絕對不是說
[00:57:29.160 --> 00:57:31.160]  我們不可以話傳人
[00:57:31.160 --> 00:57:33.160]  給善意的勸勉
[00:57:33.160 --> 00:57:35.160]  但如果是出於
[00:57:35.160 --> 00:57:37.160]  一種偏見
[00:57:37.160 --> 00:57:39.160]  的攻擊
[00:57:39.160 --> 00:57:41.160]  要很小心
[00:57:41.160 --> 00:57:43.160]  你看到神
[00:57:43.160 --> 00:57:45.160]  uphold他自己的僕人
[00:57:45.160 --> 00:57:47.160]  在這一章裏面
[00:57:47.160 --> 00:57:49.160]  我們就透過這裏去思想一下
[00:57:49.160 --> 00:57:53.160]  我們開始第六章
[00:57:53.160 --> 00:57:55.160]  耶和華對摩西說
[00:57:55.160 --> 00:57:57.160]  全章沒有法老
[00:57:57.160 --> 00:57:59.160]  只是
[00:57:59.160 --> 00:58:01.160]  uphold摩西
[00:58:01.160 --> 00:58:03.160]  的身份
[00:58:03.160 --> 00:58:05.160]  神曉遇摩西說
[00:58:05.160 --> 00:58:07.160]  對不起第一節
[00:58:07.160 --> 00:58:09.160]  耶和華對摩西說
[00:58:09.160 --> 00:58:11.160]  你必看見我向法老
[00:58:11.160 --> 00:58:13.160]  所行的事
[00:58:13.160 --> 00:58:15.160]  使他因我大能的手
[00:58:15.160 --> 00:58:17.160]  容易識別人去
[00:58:17.160 --> 00:58:19.160]  且把他們趕出他的地
[00:58:19.160 --> 00:58:21.160]  再一次給摩西
[00:58:21.160 --> 00:58:23.160]  看到其實是因為
[00:58:23.160 --> 00:58:25.160]  我要施行
[00:58:25.160 --> 00:58:27.160]  我的拯救
[00:58:27.160 --> 00:58:29.160]  是我大能的手
[00:58:29.160 --> 00:58:31.160]  所以不是你的談判技巧
[00:58:31.160 --> 00:58:33.160]  你的運籌為額
[00:58:33.160 --> 00:58:35.160]  不是你能夠
[00:58:35.160 --> 00:58:37.160]  跟那些百姓
[00:58:37.160 --> 00:58:39.160]  拿到很好的協議
[00:58:39.160 --> 00:58:41.160]  你能夠有一個很厲害的
[00:58:41.160 --> 00:58:43.160]  人際關係
[00:58:43.160 --> 00:58:45.160]  人際網絡
[00:58:45.160 --> 00:58:47.160]  從來都不是
[00:58:47.160 --> 00:58:49.160]  摩西要認命你回來
[00:58:49.160 --> 00:58:51.160]  是需要透過神的
[00:58:51.160 --> 00:58:53.160]  恩典力量
[00:58:53.160 --> 00:58:55.160]  和應許
[00:58:55.160 --> 00:58:57.160]  托付的吩咐
[00:58:57.160 --> 00:58:59.160]  才造成這件事
[00:58:59.160 --> 00:59:01.160]  這也等於
[00:59:01.160 --> 00:59:03.160]  一個牧者
[00:59:03.160 --> 00:59:05.160]  在教會裏面
[00:59:05.160 --> 00:59:07.160]  慢慢累積很多人脈
[00:59:07.160 --> 00:59:09.160]  很多自己的
[00:59:09.160 --> 00:59:11.160]  粉絲
[00:59:11.160 --> 00:59:13.160]  來做好教會的
[00:59:13.160 --> 00:59:15.160]  工作
[00:59:15.160 --> 00:59:17.160]  仍然用心將神的道
[00:59:17.160 --> 00:59:19.160]  不偏不倚地
[00:59:19.160 --> 00:59:21.160]  講解
[00:59:21.160 --> 00:59:23.160]  給頂姐妹有方向
[00:59:23.160 --> 00:59:25.160]  自己也要成長
[00:59:25.160 --> 00:59:27.160]  的方向
[00:59:27.160 --> 00:59:29.160]  來帶領
[00:59:29.160 --> 00:59:31.160]  所以摩西一開始
[00:59:31.160 --> 00:59:33.160]  就要這樣理解
[00:59:33.160 --> 00:59:35.160]  所以這就是一個
[00:59:35.160 --> 00:59:37.160]  提醒
[00:59:37.160 --> 00:59:39.160]  你遇到的困難很正常
[00:59:39.160 --> 00:59:41.160]  因為現在是我透過你
[00:59:41.160 --> 00:59:43.160]  去
[00:59:43.160 --> 00:59:45.160]  做這個談判
[00:59:45.160 --> 00:59:47.160]  所以他看不到
[00:59:47.160 --> 00:59:49.160]  我的榮耀
[00:59:49.160 --> 00:59:51.160]  自然就會遷怒於你
[00:59:51.160 --> 00:59:53.160]  所以摩西
[00:59:53.160 --> 00:59:55.160]  自己要明白不是因為你
[00:59:55.160 --> 00:59:57.160]  一直都怪自己沒有口才
[00:59:57.160 --> 00:59:59.160]  早知我
[00:59:59.160 --> 01:00:01.160]  能夠去讀一些課程
[01:00:01.160 --> 01:00:03.160]  去讀一個
[01:00:03.160 --> 01:00:05.160]  MBA
[01:00:05.160 --> 01:00:07.160]  我能夠去
[01:00:07.160 --> 01:00:09.160]  學一些演說
[01:00:09.160 --> 01:00:11.160]  等等
[01:00:11.160 --> 01:00:13.160]  不是這些
[01:00:13.160 --> 01:00:15.160]  而是你要看到
[01:00:15.160 --> 01:00:17.160]  你是神
[01:00:17.160 --> 01:00:19.160]  的代表
[01:00:19.160 --> 01:00:21.160]  是法老對
[01:00:21.160 --> 01:00:23.160]  做物主的挑戰
[01:00:23.160 --> 01:00:25.160]  攻擊
[01:00:25.160 --> 01:00:27.160]  和侮辱
[01:00:27.160 --> 01:00:29.160]  所以第二節開始
[01:00:29.160 --> 01:00:31.160]  留意這裡
[01:00:31.160 --> 01:00:33.160]  似乎總結了很多
[01:00:33.160 --> 01:00:35.160]  東西
[01:00:35.160 --> 01:00:37.160]  至少我點出有六樣
[01:00:37.160 --> 01:00:39.160]  你可以想像到
[01:00:39.160 --> 01:00:41.160]  摩西
[01:00:41.160 --> 01:00:43.160]  面對這樣的委屈
[01:00:43.160 --> 01:00:45.160]  神用六樣東西
[01:00:45.160 --> 01:00:47.160]  來安慰他的僕人
[01:00:47.160 --> 01:00:49.160]  所以
[01:00:49.160 --> 01:00:51.160]  這張聖經就是
[01:00:51.160 --> 01:00:53.160]  第一次的短期
[01:00:53.160 --> 01:00:55.160]  失敗裏面的安慰
[01:00:55.160 --> 01:00:57.160]  所以牧者的退休
[01:00:57.160 --> 01:00:59.160]  很重要
[01:00:59.160 --> 01:01:01.160]  所以不要覺得牧者
[01:01:01.160 --> 01:01:03.160]  不需要退休
[01:01:03.160 --> 01:01:05.160]  牧者的安靜
[01:01:05.160 --> 01:01:07.160]  退休
[01:01:07.160 --> 01:01:09.160]  有時睡到覺
[01:01:09.160 --> 01:01:11.160]  都是對教會的祝福
[01:01:11.160 --> 01:01:13.160]  因為如果沒有了
[01:01:13.160 --> 01:01:15.160]  心靈的力量
[01:01:15.160 --> 01:01:17.160]  有時就是
[01:01:17.160 --> 01:01:19.160]  慢慢變成一份工
[01:01:19.160 --> 01:01:21.160]  我為什麼要這麼辛苦
[01:01:21.160 --> 01:01:23.160]  我為什麼要這樣
[01:01:23.160 --> 01:01:25.160]  將心交給你們
[01:01:25.160 --> 01:01:27.160]  我做好我的工作
[01:01:27.160 --> 01:01:29.160]  時間到了我就走
[01:01:29.160 --> 01:01:31.160]  關我什麼事
[01:01:31.160 --> 01:01:33.160]  這樣來到心如止水
[01:01:33.160 --> 01:01:35.160]  雙方面都受害
[01:01:35.160 --> 01:01:37.160]  那個牧者又受害
[01:01:37.160 --> 01:01:39.160]  因為覺得自己
[01:01:39.160 --> 01:01:41.160]  變成一份工
[01:01:41.160 --> 01:01:43.160]  越來越
[01:01:43.160 --> 01:01:45.160]  患得患失
[01:01:45.160 --> 01:01:47.160]  對頂姐妹來說
[01:01:47.160 --> 01:01:49.160]  越來越感受不到牧者那份
[01:01:49.160 --> 01:01:51.160]  的愛
[01:01:51.160 --> 01:01:53.160]  那份的熱誠
[01:01:53.160 --> 01:01:55.160]  變成雙輸
[01:01:55.160 --> 01:01:57.160]  所以這裏告訴我們
[01:01:57.160 --> 01:01:59.160]  摩西現在
[01:01:59.160 --> 01:02:01.160]  領受神再一次的安慰
[01:02:01.160 --> 01:02:03.160]  再一次
[01:02:03.160 --> 01:02:05.160]  跟他有一個像是陪靈會的
[01:02:05.160 --> 01:02:07.160]  言經大會
[01:02:07.160 --> 01:02:09.160]  有十個題目
[01:02:09.160 --> 01:02:11.160]  這裏差不多由第三到第八節
[01:02:11.160 --> 01:02:13.160]  就已經是
[01:02:13.160 --> 01:02:15.160]  每一堂晚堂的
[01:02:15.160 --> 01:02:17.160]  陪靈題目
[01:02:17.160 --> 01:02:19.160]  你留意一下
[01:02:19.160 --> 01:02:21.160]  我從前向阿伯拉罕
[01:02:21.160 --> 01:02:23.160]  以薩
[01:02:23.160 --> 01:02:25.160]  雅各顯現為
[01:02:25.160 --> 01:02:27.160]  全能的神
[01:02:27.160 --> 01:02:29.160]  至於我明耶和華
[01:02:29.160 --> 01:02:31.160]  他們未曾知道
[01:02:31.160 --> 01:02:33.160]  那就是說我是耶和華
[01:02:33.160 --> 01:02:35.160]  對摩西來說
[01:02:35.160 --> 01:02:37.160]  有一份很深
[01:02:37.160 --> 01:02:39.160]  的一個經歷
[01:02:39.160 --> 01:02:41.160]  是在困難底下
[01:02:41.160 --> 01:02:43.160]  神重新給摩西知道
[01:02:43.160 --> 01:02:45.160]  所以摩西的
[01:02:45.160 --> 01:02:47.160]  我是耶和華
[01:02:47.160 --> 01:02:49.160]  是由神那裏再一次
[01:02:49.160 --> 01:02:51.160]  安慰他
[01:02:51.160 --> 01:02:53.160]  但是對於法老來說
[01:02:53.160 --> 01:02:55.160]  誰叫耶和華
[01:02:55.160 --> 01:02:57.160]  我不認識他
[01:02:57.160 --> 01:02:59.160]  我根本不需要理會
[01:02:59.160 --> 01:03:01.160]  你們說的什麼耶和華
[01:03:01.160 --> 01:03:03.160]  你們說得那麼偉大
[01:03:03.160 --> 01:03:05.160]  其實是你們懶惰
[01:03:05.160 --> 01:03:07.160]  但是對於摩西來說
[01:03:07.160 --> 01:03:09.160]  連這個耶和華這個名字
[01:03:09.160 --> 01:03:11.160]  原來阿伯拉罕的年代
[01:03:11.160 --> 01:03:13.160]  神都沒有啟示得那麼完整
[01:03:13.160 --> 01:03:15.160]  那麼詳細
[01:03:15.160 --> 01:03:17.160]  所以這個自有永有
[01:03:17.160 --> 01:03:19.160]  對摩西來說
[01:03:19.160 --> 01:03:21.160]  相信是他人生這四十年
[01:03:21.160 --> 01:03:23.160]  是一個最大的
[01:03:23.160 --> 01:03:25.160]  他的整個生命
[01:03:25.160 --> 01:03:27.160]  裏面的發現
[01:03:27.160 --> 01:03:29.160]  所以我真的很寶貴
[01:03:29.160 --> 01:03:31.160]  我聽到卡森
[01:03:31.160 --> 01:03:33.160]  說的這一句聖經
[01:03:33.160 --> 01:03:35.160]  路加福音
[01:03:35.160 --> 01:03:37.160]  十七章
[01:03:37.160 --> 01:03:39.160]  那段經文
[01:03:39.160 --> 01:03:41.160]  不要因鬼服了你們就歡喜
[01:03:41.160 --> 01:03:43.160]  要因為你們的名字
[01:03:43.160 --> 01:03:45.160]  記錄在天上歡喜
[01:03:45.160 --> 01:03:47.160]  對於我自己的侍奉
[01:03:47.160 --> 01:03:49.160]  這些前輩
[01:03:49.160 --> 01:03:51.160]  這樣說
[01:03:51.160 --> 01:03:53.160]  很有深度
[01:03:53.160 --> 01:03:55.160]  卡森去訪問
[01:03:55.160 --> 01:03:57.160]  這一位中馬田醫生
[01:03:57.160 --> 01:03:59.160]  一位在英國
[01:03:59.160 --> 01:04:01.160]  主要的倫敦
[01:04:01.160 --> 01:04:03.160]  大教會的長期的
[01:04:03.160 --> 01:04:05.160]  主任牧師
[01:04:05.160 --> 01:04:07.160]  後來去到晚年
[01:04:07.160 --> 01:04:09.160]  什麼都做不到
[01:04:09.160 --> 01:04:11.160]  又不能夠到處去傳道
[01:04:11.160 --> 01:04:13.160]  只能夠安坐
[01:04:13.160 --> 01:04:15.160]  離世的日子
[01:04:15.160 --> 01:04:17.160]  去到訪問中馬田的時候
[01:04:17.160 --> 01:04:19.160]  中馬田說
[01:04:19.160 --> 01:04:21.160]  我早就已經為你禱告
[01:04:21.160 --> 01:04:23.160]  因為卡森
[01:04:23.160 --> 01:04:25.160]  當然現在已經退休了
[01:04:25.160 --> 01:04:27.160]  卡森他
[01:04:27.160 --> 01:04:29.160]  因為也是神使用他
[01:04:29.160 --> 01:04:31.160]  在 Trinity 都有很多
[01:04:31.160 --> 01:04:33.160]  很好的侍奉
[01:04:33.160 --> 01:04:35.160]  後來都要在不同世界的地方
[01:04:35.160 --> 01:04:37.160]  特別是大學生的工作
[01:04:37.160 --> 01:04:39.160]  來做傳道
[01:04:39.160 --> 01:04:41.160]  但是中馬田
[01:04:41.160 --> 01:04:43.160]  這一位牧者
[01:04:43.160 --> 01:04:45.160]  已經為這位牧者祈禱
[01:04:45.160 --> 01:04:47.160]  其實不認識他
[01:04:47.160 --> 01:04:49.160]  卡森也不認識他
[01:04:49.160 --> 01:04:51.160]  卡森來探望他的時候
[01:04:51.160 --> 01:04:53.160]  就問他尖銳問題
[01:04:53.160 --> 01:04:55.160]  你以前是這麼活躍
[01:04:55.160 --> 01:04:57.160]  在英國、歐洲、美國
[01:04:57.160 --> 01:04:59.160]  來服侍你的作品
[01:04:59.160 --> 01:05:01.160]  你的講道
[01:05:01.160 --> 01:05:03.160]  祝福這麼多的人
[01:05:03.160 --> 01:05:05.160]  每個星期主日晚上
[01:05:05.160 --> 01:05:07.160]  你的羅馬書解經
[01:05:07.160 --> 01:05:09.160]  連續十二年
[01:05:09.160 --> 01:05:11.160]  verse by verse 這樣講
[01:05:11.160 --> 01:05:13.160]  祝福了整個英語世界
[01:05:13.160 --> 01:05:15.160]  的群體
[01:05:15.160 --> 01:05:17.160]  尤其是一些很顯赫的
[01:05:17.160 --> 01:05:19.160]  倫敦的
[01:05:19.160 --> 01:05:21.160]  有知名的人
[01:05:21.160 --> 01:05:23.160]  等等
[01:05:23.160 --> 01:05:25.160]  中馬田不慌不忙地
[01:05:25.160 --> 01:05:27.160]  講了這句聖經
[01:05:27.160 --> 01:05:29.160]  就是他內心的心境
[01:05:29.160 --> 01:05:31.160]  不要因鬼服了你們歡喜
[01:05:31.160 --> 01:05:33.160]  要因你的名字
[01:05:33.160 --> 01:05:35.160]  記錄在天上歡喜
[01:05:35.160 --> 01:05:37.160]  就是說我的工作
[01:05:37.160 --> 01:05:39.160]  隨著那個年日
[01:05:39.160 --> 01:05:41.160]  被人忘記
[01:05:41.160 --> 01:05:43.160]  有多無所謂
[01:05:43.160 --> 01:05:45.160]  我這個人
[01:05:45.160 --> 01:05:47.160]  被神紀念
[01:05:47.160 --> 01:05:49.160]  我這個人始終要去到永恆
[01:05:49.160 --> 01:05:51.160]  才是最大的歡喜
[01:05:51.160 --> 01:05:53.160]  對卡森來說
[01:05:53.160 --> 01:05:55.160]  真是他人生的一個
[01:05:55.160 --> 01:05:57.160]  很大的祝福
[01:05:57.160 --> 01:05:59.160]  所以卡森
[01:05:59.160 --> 01:06:01.160]  退休的
[01:06:01.160 --> 01:06:03.160]  在Trinity的神學院
[01:06:03.160 --> 01:06:05.160]  這是鮑維昆牧師
[01:06:05.160 --> 01:06:07.160]  講述的
[01:06:07.160 --> 01:06:09.160]  卡森就是他的同事
[01:06:09.160 --> 01:06:11.160]  就是盡力地去侍奉
[01:06:11.160 --> 01:06:13.160]  盡力地去榮耀神
[01:06:13.160 --> 01:06:15.160]  盡力地被人忘記
[01:06:15.160 --> 01:06:17.160]  真是很有深度的
[01:06:17.160 --> 01:06:19.160]  一位牧者
[01:06:19.160 --> 01:06:21.160]  卡森就是
[01:06:21.160 --> 01:06:23.160]  接續著中馬田牧師的
[01:06:23.160 --> 01:06:25.160]  感應
[01:06:25.160 --> 01:06:27.160]  所以一個傳道人是應該盡力被人忘記
[01:06:27.160 --> 01:06:29.160]  盡力去侍奉
[01:06:29.160 --> 01:06:31.160]  盡力去將神的道講解
[01:06:31.160 --> 01:06:33.160]  然後盡力被人忘記
[01:06:33.160 --> 01:06:35.160]  才是最高的境界
[01:06:35.160 --> 01:06:37.160]  當然我們不是修行
[01:06:37.160 --> 01:06:39.160]  不是什麼境界
[01:06:39.160 --> 01:06:41.160]  我們每個牧者都應該這樣
[01:06:41.160 --> 01:06:43.160]  盡力被人忘記
[01:06:43.160 --> 01:06:45.160]  讓更多的牧者被興起
[01:06:45.160 --> 01:06:47.160]  去帶領他們自己
[01:06:47.160 --> 01:06:49.160]  那一代的跟隨者
[01:06:49.160 --> 01:06:51.160]  所以我們千萬不要
[01:06:51.160 --> 01:06:53.160]  在人的心裏
[01:06:53.160 --> 01:06:55.160]  留下了
[01:06:55.160 --> 01:06:57.160]  好像不可磨滅的
[01:06:57.160 --> 01:06:59.160]  這樣是不對的
[01:06:59.160 --> 01:07:01.160]  我們有
[01:07:01.160 --> 01:07:03.160]  我們服侍的年限
[01:07:03.160 --> 01:07:05.160]  完了
[01:07:05.160 --> 01:07:07.160]  很安然地離開
[01:07:07.160 --> 01:07:09.160]  不需要有
[01:07:09.160 --> 01:07:11.160]  酸溜溜的感覺
[01:07:11.160 --> 01:07:13.160]  更加不需要有
[01:07:13.160 --> 01:07:15.160]  我繼續要垂簾聽政
[01:07:15.160 --> 01:07:17.160]  千萬不需要這樣
[01:07:17.160 --> 01:07:19.160]  盡力被人忘記
[01:07:19.160 --> 01:07:21.160]  是一個很優美的牧者
[01:07:21.160 --> 01:07:23.160]  的風範
[01:07:23.160 --> 01:07:25.160]  因為最重要是主耶穌
[01:07:25.160 --> 01:07:27.160]  在人的心裏
[01:07:27.160 --> 01:07:29.160]  真正成為他的救主
[01:07:29.160 --> 01:07:31.160]  不是你
[01:07:31.160 --> 01:07:33.160]  所以我們千萬不要扮演
[01:07:33.160 --> 01:07:35.160]  救世主這樣的角色
[01:07:35.160 --> 01:07:37.160]  這樣的身份
[01:07:37.160 --> 01:07:39.160]  所以對摩西來說
[01:07:39.160 --> 01:07:41.160]  這個安慰
[01:07:41.160 --> 01:07:43.160]  就是我是
[01:07:43.160 --> 01:07:45.160]  那一位的
[01:07:45.160 --> 01:07:47.160]  永在者耶和華
[01:07:47.160 --> 01:07:49.160]  所以對於我們
[01:07:49.160 --> 01:07:51.160]  侍奉這些真是
[01:07:51.160 --> 01:07:53.160]  很重要的
[01:07:53.160 --> 01:07:55.160]  好像內功心法
[01:07:55.160 --> 01:07:57.160]  這樣的口訣
[01:07:57.160 --> 01:07:59.160]  我們真是需要
[01:07:59.160 --> 01:08:01.160]  自己有這樣的模樣
[01:08:01.160 --> 01:08:03.160]  我們服侍的是主基督
[01:08:03.160 --> 01:08:05.160]  這是哥羅西書
[01:08:05.160 --> 01:08:07.160]  和已不鎖書
[01:08:07.160 --> 01:08:09.160]  因為我們侍奉的是主基督
[01:08:09.160 --> 01:08:11.160]  所以我們要記得
[01:08:11.160 --> 01:08:13.160]  我們真是需要
[01:08:13.160 --> 01:08:15.160]  這樣來認識
[01:08:15.160 --> 01:08:17.160]  祂才是永恆的主
[01:08:17.160 --> 01:08:19.160]  祂才是教會的主
[01:08:19.160 --> 01:08:21.160]  所以我們要記得
[01:08:21.160 --> 01:08:23.160]  我們能夠認識
[01:08:23.160 --> 01:08:25.160]  耶和華是最寶貴的事
[01:08:25.160 --> 01:08:27.160]  第四
[01:08:27.160 --> 01:08:29.160]  我與他們堅定所立的約
[01:08:29.160 --> 01:08:31.160]  要把他們寄居的
[01:08:31.160 --> 01:08:33.160]  迦南地賜給他們
[01:08:33.160 --> 01:08:35.160]  這就是第五個
[01:08:35.160 --> 01:08:37.160]  領他們進迦南英許地
[01:08:37.160 --> 01:08:41.160]  我也聽見
[01:08:41.160 --> 01:08:43.160]  以色列人被埃及人
[01:08:43.160 --> 01:08:45.160]  輔代的哀聲
[01:08:45.160 --> 01:08:47.160]  我也紀念我的約
[01:08:47.160 --> 01:08:49.160]  一而再說的神
[01:08:49.160 --> 01:08:51.160]  是守約的神
[01:08:51.160 --> 01:08:53.160]  神是一路英許的
[01:08:53.160 --> 01:08:55.160]  這個迦南的英許之地
[01:08:55.160 --> 01:08:57.160]  真是他們要進迦南的
[01:08:57.160 --> 01:08:59.160]  不是自由
[01:08:59.160 --> 01:09:01.160]  自由的定義不是這樣
[01:09:01.160 --> 01:09:03.160]  什麼都不用做
[01:09:03.160 --> 01:09:05.160]  但又不敬拜神
[01:09:05.160 --> 01:09:07.160]  這樣就不對的
[01:09:07.160 --> 01:09:09.160]  所以我們信了主耶穌
[01:09:09.160 --> 01:09:11.160]  洗了禮
[01:09:11.160 --> 01:09:13.160]  我們應該更加發現
[01:09:13.160 --> 01:09:15.160]  原來我們需要有新的
[01:09:15.160 --> 01:09:17.160]  屬靈的價值觀
[01:09:17.160 --> 01:09:19.160]  追求神
[01:09:19.160 --> 01:09:21.160]  所以如果我們浸禮就是一個終點
[01:09:21.160 --> 01:09:23.160]  影響了
[01:09:23.160 --> 01:09:25.160]  誤導了人
[01:09:25.160 --> 01:09:27.160]  應該是我們要領受
[01:09:27.160 --> 01:09:29.160]  那個英許
[01:09:29.160 --> 01:09:31.160]  神的
[01:09:31.160 --> 01:09:33.160]  那個英許的祝福
[01:09:33.160 --> 01:09:35.160]  就是那個迦南地
[01:09:35.160 --> 01:09:37.160]  神的紀念
[01:09:37.160 --> 01:09:39.160]  神要用
[01:09:39.160 --> 01:09:41.160]  祂的蚌臂來對付
[01:09:41.160 --> 01:09:43.160]  埃及人
[01:09:43.160 --> 01:09:45.160]  這個就是神會紀念
[01:09:45.160 --> 01:09:47.160]  祂的約
[01:09:47.160 --> 01:09:49.160]  因為現在埃及的苦
[01:09:49.160 --> 01:09:51.160]  伊斯利人的
[01:09:51.160 --> 01:09:53.160]  哀聲已經達到神那裡
[01:09:53.160 --> 01:09:55.160]  所以神的眷顧
[01:09:55.160 --> 01:09:57.160]  神的監察是他們的痛苦
[01:09:57.160 --> 01:09:59.160]  是法老的奴役
[01:09:59.160 --> 01:10:01.160]  所以
[01:10:01.160 --> 01:10:03.160]  如果用這樣的說話
[01:10:03.160 --> 01:10:05.160]  來遷怒於摩西
[01:10:05.160 --> 01:10:07.160]  是一個極大的侮辱
[01:10:07.160 --> 01:10:09.160]  第六節
[01:10:09.160 --> 01:10:11.160]  所以你要對
[01:10:11.160 --> 01:10:13.160]  伊斯利人說
[01:10:13.160 --> 01:10:15.160]  我是耶和華
[01:10:15.160 --> 01:10:17.160]  我要用新出來的蚌臂
[01:10:17.160 --> 01:10:19.160]  第七章到第十一章
[01:10:19.160 --> 01:10:21.160]  就是十災
[01:10:21.160 --> 01:10:23.160]  神真的擊打法老
[01:10:23.160 --> 01:10:25.160]  其實是背後的神
[01:10:25.160 --> 01:10:27.160]  埃及的神
[01:10:27.160 --> 01:10:29.160]  他們拜的假神
[01:10:29.160 --> 01:10:35.160]  去刑罰埃及人
[01:10:35.160 --> 01:10:37.160]  救贖你們脫離他們的重擔
[01:10:37.160 --> 01:10:39.160]  不作他們的苦工
[01:10:39.160 --> 01:10:41.160]  我要以你們
[01:10:41.160 --> 01:10:43.160]  為我的百姓
[01:10:43.160 --> 01:10:45.160]  這個也是很重要
[01:10:45.160 --> 01:10:47.160]  祝福
[01:10:47.160 --> 01:10:49.160]  以你們為自己的百姓
[01:10:49.160 --> 01:10:51.160]  所以這裡又是一個很重要
[01:10:51.160 --> 01:10:53.160]  為什麼會有
[01:10:53.160 --> 01:10:55.160]  利美紀的
[01:10:55.160 --> 01:10:57.160]  設計
[01:10:57.160 --> 01:10:59.160]  回望
[01:10:59.160 --> 01:11:01.160]  就是現在伊斯利人
[01:11:01.160 --> 01:11:03.160]  去到西乃山之後
[01:11:03.160 --> 01:11:05.160]  因為
[01:11:05.160 --> 01:11:07.160]  立了一個永約
[01:11:07.160 --> 01:11:09.160]  神要收納
[01:11:09.160 --> 01:11:11.160]  伊斯利人
[01:11:11.160 --> 01:11:13.160]  為自己的子民
[01:11:13.160 --> 01:11:15.160]  正式立國
[01:11:15.160 --> 01:11:17.160]  以往都是神的選民
[01:11:17.160 --> 01:11:19.160]  不過還是一個遊牧民族
[01:11:19.160 --> 01:11:21.160]  未成為氣候
[01:11:21.160 --> 01:11:23.160]  但現在正正式式
[01:11:23.160 --> 01:11:25.160]  在西乃山
[01:11:25.160 --> 01:11:27.160]  大家用十界
[01:11:27.160 --> 01:11:29.160]  立了永約
[01:11:29.160 --> 01:11:31.160]  所以伊斯利人從此
[01:11:31.160 --> 01:11:33.160]  就是神的選民
[01:11:33.160 --> 01:11:35.160]  他們是一個示範單位
[01:11:35.160 --> 01:11:37.160]  醞釀將來
[01:11:37.160 --> 01:11:39.160]  新約的救恩
[01:11:39.160 --> 01:11:41.160]  耶穌基督
[01:11:41.160 --> 01:11:43.160]  要從他自己的子民
[01:11:43.160 --> 01:11:45.160]  當中出來成為
[01:11:45.160 --> 01:11:47.160]  人類的救贖
[01:11:47.160 --> 01:11:49.160]  所以猶太人救約
[01:11:49.160 --> 01:11:51.160]  就是一個好像示範單位
[01:11:51.160 --> 01:11:53.160]  每樣東西都整理得很漂亮
[01:11:53.160 --> 01:11:55.160]  讓人看到
[01:11:55.160 --> 01:11:57.160]  這個民族是獨特的
[01:11:57.160 --> 01:11:59.160]  是不同的
[01:11:59.160 --> 01:12:01.160]  是要展現神的救恩
[01:12:01.160 --> 01:12:03.160]  神的愛
[01:12:03.160 --> 01:12:05.160]  這位造物主的計劃等等
[01:12:05.160 --> 01:12:07.160]  所以這裡也告訴我們
[01:12:07.160 --> 01:12:09.160]  我們新約信主的弟兄姊妹
[01:12:09.160 --> 01:12:11.160]  都需要這樣看自己
[01:12:11.160 --> 01:12:15.160]  我們有永恆的國度
[01:12:15.160 --> 01:12:17.160]  我們在地上
[01:12:17.160 --> 01:12:21.160]  現在我們是神聖潔的子民
[01:12:21.160 --> 01:12:23.160]  我們是蒙愛的子民
[01:12:23.160 --> 01:12:25.160]  這是新約保羅
[01:12:25.160 --> 01:12:29.160]  經常說的新的族群概念
[01:12:29.160 --> 01:12:31.160]  我們是新的伊斯利人
[01:12:31.160 --> 01:12:35.160]  我們在永恆裏面
[01:12:35.160 --> 01:12:37.160]  我們已經是神揀選的子民
[01:12:37.160 --> 01:12:41.160]  聖潔蒙愛的子民
[01:12:41.160 --> 01:12:43.160]  所以我們要記得
[01:12:43.160 --> 01:12:45.160]  這些概念其實已經在舊約就出現了
[01:12:45.160 --> 01:12:47.160]  所以他們不要再看自己是奴隸
[01:12:47.160 --> 01:12:49.160]  在神的眼中
[01:12:49.160 --> 01:12:53.160]  他們是自己的百姓
[01:12:53.160 --> 01:12:55.160]  有家有國
[01:12:55.160 --> 01:12:57.160]  可以進去應許之地
[01:12:57.160 --> 01:13:01.160]  有一位守約的神
[01:13:01.160 --> 01:13:03.160]  第七節
[01:13:03.160 --> 01:13:05.160]  我要以你們為我的百姓
[01:13:05.160 --> 01:13:07.160]  我也要作你們的神
[01:13:07.160 --> 01:13:09.160]  你們要知道
[01:13:09.160 --> 01:13:11.160]  我是耶和華你們的神
[01:13:11.160 --> 01:13:15.160]  是救你們脫離埃及人之重擔的
[01:13:15.160 --> 01:13:17.160]  第八節
[01:13:17.160 --> 01:13:19.160]  我起誓應許
[01:13:19.160 --> 01:13:21.160]  給阿伯拉罕
[01:13:21.160 --> 01:13:23.160]  以撒亞國的那塊地
[01:13:23.160 --> 01:13:25.160]  我要把你們領進去
[01:13:25.160 --> 01:13:27.160]  就是迦南應許之地
[01:13:27.160 --> 01:13:31.160]  將那地賜給你們為業
[01:13:31.160 --> 01:13:33.160]  我們基督徒
[01:13:33.160 --> 01:13:35.160]  耳不鎖鼠
[01:13:35.160 --> 01:13:37.160]  保羅說
[01:13:37.160 --> 01:13:39.160]  我們有聖靈
[01:13:39.160 --> 01:13:41.160]  作為我們的訂金
[01:13:41.160 --> 01:13:43.160]  我們將來救贖
[01:13:43.160 --> 01:13:45.160]  被提到天上
[01:13:45.160 --> 01:13:47.160]  我們就會得到
[01:13:47.160 --> 01:13:49.160]  那個應許的神
[01:13:49.160 --> 01:13:51.160]  給我們的產業
[01:13:51.160 --> 01:13:53.160]  屬靈的產業
[01:13:53.160 --> 01:13:55.160]  使到神的榮耀
[01:13:55.160 --> 01:13:57.160]  得著稱讚
[01:13:57.160 --> 01:13:59.160]  所以今生今世
[01:13:59.160 --> 01:14:01.160]  我們應該積極去追求神
[01:14:01.160 --> 01:14:03.160]  在我們的生命裏
[01:14:03.160 --> 01:14:05.160]  要我們達到的成長
[01:14:05.160 --> 01:14:07.160]  我們去追求
[01:14:07.160 --> 01:14:09.160]  以致將來我們就
[01:14:09.160 --> 01:14:11.160]  能夠真正符合
[01:14:11.160 --> 01:14:13.160]  得到這個永恆屬天產業的
[01:14:13.160 --> 01:14:15.160]  那種的福樂
[01:14:15.160 --> 01:14:17.160]  那種的身份
[01:14:17.160 --> 01:14:19.160]  等等
[01:14:19.160 --> 01:14:21.160]  所以我們不是應該
[01:14:21.160 --> 01:14:23.160]  現在在地上我什麼都不理了
[01:14:23.160 --> 01:14:25.160]  跟神沒有什麼關係
[01:14:25.160 --> 01:14:27.160]  甚至有些人跟教會都沒有關係
[01:14:27.160 --> 01:14:29.160]  跟著他就繼續說自己是基督徒
[01:14:29.160 --> 01:14:31.160]  但是從來不再回教會
[01:14:31.160 --> 01:14:33.160]  不再讀經不再聽道
[01:14:33.160 --> 01:14:35.160]  偶然間聽十堂都好
[01:14:35.160 --> 01:14:37.160]  十日陪靈會都好過沒有
[01:14:37.160 --> 01:14:39.160]  可能根本完全不care
[01:14:39.160 --> 01:14:41.160]  跟教會沒有關聯
[01:14:41.160 --> 01:14:43.160]  但是他仍然覺得自己可以上天堂
[01:14:43.160 --> 01:14:45.160]  但是你想一下
[01:14:45.160 --> 01:14:47.160]  保羅的含義不是這樣的
[01:14:47.160 --> 01:14:49.160]  聖靈在我們裏面成為訂金
[01:14:49.160 --> 01:14:51.160]  成為我們裏面
[01:14:51.160 --> 01:14:53.160]  一直給我們一個很大的
[01:14:53.160 --> 01:14:55.160]  應許的一個
[01:14:55.160 --> 01:14:57.160]  得到產業的證據
[01:14:57.160 --> 01:14:59.160]  就是說
[01:14:59.160 --> 01:15:01.160]  我們應該很eager得到將來
[01:15:01.160 --> 01:15:03.160]  永恆的福樂
[01:15:03.160 --> 01:15:05.160]  永恆的平安
[01:15:05.160 --> 01:15:07.160]  永恆的產業
[01:15:07.160 --> 01:15:09.160]  應該就是我們為主勞苦
[01:15:09.160 --> 01:15:11.160]  然後我們最終得著
[01:15:11.160 --> 01:15:13.160]  真正的永恆的安息
[01:15:13.160 --> 01:15:15.160]  我們能夠安然的離開
[01:15:15.160 --> 01:15:17.160]  進入永恆
[01:15:17.160 --> 01:15:19.160]  去到天上面
[01:15:19.160 --> 01:15:21.160]  見到我們的主
[01:15:21.160 --> 01:15:23.160]  帶著的是我們對這位
[01:15:23.160 --> 01:15:25.160]  榮耀的主的稱讚
[01:15:25.160 --> 01:15:27.160]  和被主
[01:15:27.160 --> 01:15:29.160]  來稱讚
[01:15:29.160 --> 01:15:31.160]  應該是這樣的人生
[01:15:31.160 --> 01:15:33.160]  所以如果自己去設計
[01:15:33.160 --> 01:15:35.160]  自己的基督徒
[01:15:35.160 --> 01:15:37.160]  我是有信主
[01:15:37.160 --> 01:15:39.160]  但是其他東西
[01:15:39.160 --> 01:15:41.160]  永遠不准搞
[01:15:41.160 --> 01:15:43.160]  不准碰
[01:15:43.160 --> 01:15:45.160]  不要干涉
[01:15:45.160 --> 01:15:47.160]  就不是基督徒應該是這樣
[01:15:47.160 --> 01:15:49.160]  我們可能再看下面那一段
[01:15:49.160 --> 01:15:53.160]  第九節
[01:15:53.160 --> 01:15:55.160]  摩西將
[01:15:55.160 --> 01:15:57.160]  這話告訴以色列人
[01:15:57.160 --> 01:15:59.160]  這話就是我們看到的
[01:15:59.160 --> 01:16:01.160]  這六個神的應許
[01:16:01.160 --> 01:16:03.160]  神的安慰
[01:16:03.160 --> 01:16:05.160]  神對他的僕人的安慰
[01:16:05.160 --> 01:16:07.160]  是很到位
[01:16:07.160 --> 01:16:09.160]  是很窩心
[01:16:09.160 --> 01:16:11.160]  是很入心入肺
[01:16:11.160 --> 01:16:13.160]  因為摩西已經不是在
[01:16:13.160 --> 01:16:15.160]  曠野那一層
[01:16:15.160 --> 01:16:17.160]  他是現在有了經歷
[01:16:17.160 --> 01:16:19.160]  有官長
[01:16:19.160 --> 01:16:21.160]  真的這樣
[01:16:21.160 --> 01:16:23.160]  去冷言冷語
[01:16:23.160 --> 01:16:25.160]  這樣兜口兜面
[01:16:25.160 --> 01:16:27.160]  這樣罵他
[01:16:27.160 --> 01:16:29.160]  神監察你們
[01:16:29.160 --> 01:16:31.160]  神不眷顧你們
[01:16:31.160 --> 01:16:33.160]  監察你們
[01:16:33.160 --> 01:16:35.160]  這兩個兄弟
[01:16:35.160 --> 01:16:37.160]  搗亂
[01:16:37.160 --> 01:16:39.160]  但是神對他們兩個的安慰
[01:16:39.160 --> 01:16:41.160]  對摩西
[01:16:41.160 --> 01:16:43.160]  他是那個
[01:16:43.160 --> 01:16:45.160]  始作俑者
[01:16:45.160 --> 01:16:47.160]  是一個很大的內心的安慰
[01:16:47.160 --> 01:16:49.160]  所以有時
[01:16:49.160 --> 01:16:51.160]  這句話
[01:16:51.160 --> 01:16:53.160]  被我們的安慰提醒
[01:16:53.160 --> 01:16:55.160]  是非常大的力量
[01:16:55.160 --> 01:16:57.160]  一個侍奉神的人
[01:16:57.160 --> 01:16:59.160]  其實不需要
[01:16:59.160 --> 01:17:01.160]  很多人的讚賞
[01:17:01.160 --> 01:17:03.160]  有時一兩個人
[01:17:03.160 --> 01:17:05.160]  很微小
[01:17:05.160 --> 01:17:07.160]  到位的
[01:17:07.160 --> 01:17:09.160]  不是巴結奉承的
[01:17:09.160 --> 01:17:11.160]  一句安慰
[01:17:11.160 --> 01:17:13.160]  已經足以令到那個的目者
[01:17:13.160 --> 01:17:15.160]  重新振作
[01:17:15.160 --> 01:17:17.160]  所以這些是
[01:17:17.160 --> 01:17:19.160]  少少大家那個言語
[01:17:19.160 --> 01:17:21.160]  那個敏銳的內心
[01:17:21.160 --> 01:17:23.160]  那個對別人的
[01:17:23.160 --> 01:17:25.160]  欣賞 支持
[01:17:25.160 --> 01:17:27.160]  鼓勵
[01:17:27.160 --> 01:17:29.160]  去造就
[01:17:29.160 --> 01:17:31.160]  都是很重要
[01:17:31.160 --> 01:17:33.160]  所以第九節你看到
[01:17:33.160 --> 01:17:35.160]  那個落差有多大
[01:17:35.160 --> 01:17:37.160]  摩西都是
[01:17:37.160 --> 01:17:39.160]  這樣說這些說話
[01:17:39.160 --> 01:17:41.160]  但是對於官長
[01:17:41.160 --> 01:17:43.160]  說的是以色列 不是說法老的官長
[01:17:43.160 --> 01:17:45.160]  官長和
[01:17:45.160 --> 01:17:47.160]  百姓他們
[01:17:47.160 --> 01:17:49.160]  只是看自己的現實
[01:17:49.160 --> 01:17:51.160]  看自己的紅利
[01:17:51.160 --> 01:17:53.160]  看自己的利益
[01:17:53.160 --> 01:17:55.160]  看自己的自由
[01:17:55.160 --> 01:17:57.160]  根本不是從神那裏去看
[01:17:57.160 --> 01:17:59.160]  不是從一個屬靈的
[01:17:59.160 --> 01:18:01.160]  增薦去看 很可惜
[01:18:01.160 --> 01:18:03.160]  所以
[01:18:03.160 --> 01:18:05.160]  領袖如果沒有經歷
[01:18:05.160 --> 01:18:07.160]  聖經和聖靈的工作
[01:18:07.160 --> 01:18:09.160]  那些的
[01:18:09.160 --> 01:18:11.160]  智慧聰明
[01:18:11.160 --> 01:18:13.160]  可能只是世俗的管理
[01:18:13.160 --> 01:18:15.160]  所以我們真的要
[01:18:15.160 --> 01:18:17.160]  小心神的教會
[01:18:17.160 --> 01:18:19.160]  必須是屬靈的領袖
[01:18:19.160 --> 01:18:21.160]  去帶領的
[01:18:21.160 --> 01:18:23.160]  不是平信徒帶領的
[01:18:23.160 --> 01:18:25.160]  你不要介意我
[01:18:25.160 --> 01:18:27.160]  好像這麼老套
[01:18:27.160 --> 01:18:29.160]  但這個是聖經的教導
[01:18:29.160 --> 01:18:31.160]  如果不是
[01:18:31.160 --> 01:18:33.160]  只會有很多的問題
[01:18:33.160 --> 01:18:35.160]  有時是意想不到的問題
[01:18:35.160 --> 01:18:37.160]  這裡告訴我們
[01:18:37.160 --> 01:18:39.160]  第九節果然就是這樣出現
[01:18:39.160 --> 01:18:41.160]  摩西將
[01:18:41.160 --> 01:18:43.160]  寫話告訴以色列人
[01:18:43.160 --> 01:18:45.160]  只是他們因苦
[01:18:45.160 --> 01:18:47.160]  功受煩
[01:18:47.160 --> 01:18:49.160]  不肯聽他的話
[01:18:49.160 --> 01:18:51.160]  你就可以想像到
[01:18:51.160 --> 01:18:53.160]  摩西所領袖的
[01:18:53.160 --> 01:18:55.160]  我們看完這個部分
[01:18:55.160 --> 01:18:57.160]  你可以想像到
[01:18:57.160 --> 01:18:59.160]  多大的祝福
[01:18:59.160 --> 01:19:01.160]  摩西不要停留在現在這一兩句的失敗
[01:19:01.160 --> 01:19:03.160]  短期的
[01:19:03.160 --> 01:19:05.160]  一個這樣的挫折
[01:19:05.160 --> 01:19:07.160]  神的那個應許
[01:19:07.160 --> 01:19:09.160]  那個宏觀的
[01:19:09.160 --> 01:19:11.160]  雲圖
[01:19:11.160 --> 01:19:13.160]  是非常之大的
[01:19:13.160 --> 01:19:15.160]  不單止給地
[01:19:15.160 --> 01:19:17.160]  不單止他們成為國民
[01:19:17.160 --> 01:19:19.160]  不單止
[01:19:19.160 --> 01:19:21.160]  除去了那個奴役
[01:19:21.160 --> 01:19:23.160]  而且是認識這一位神
[01:19:23.160 --> 01:19:25.160]  是一位守約
[01:19:25.160 --> 01:19:27.160]  思慈愛
[01:19:27.160 --> 01:19:29.160]  永恆的救贖主
[01:19:29.160 --> 01:19:31.160]  而且稍後
[01:19:31.160 --> 01:19:33.160]  還會見到神的
[01:19:33.160 --> 01:19:35.160]  十災的展現的
[01:19:35.160 --> 01:19:37.160]  蚌壁
[01:19:37.160 --> 01:19:39.160]  神的工作
[01:19:39.160 --> 01:19:41.160]  但是在這一刻
[01:19:41.160 --> 01:19:43.160]  他們聚焦的是
[01:19:43.160 --> 01:19:45.160]  那個困難
[01:19:45.160 --> 01:19:47.160]  那個還未舒緩的壓力
[01:19:47.160 --> 01:19:49.160]  所以
[01:19:49.160 --> 01:19:51.160]  對他們所聽到的
[01:19:51.160 --> 01:19:53.160]  不肯聽他的話
[01:19:53.160 --> 01:19:55.160]  所以
[01:19:55.160 --> 01:19:57.160]  牧者我們自己能夠明白
[01:19:57.160 --> 01:19:59.160]  有時候我們
[01:19:59.160 --> 01:20:01.160]  是在準備講道的過程
[01:20:01.160 --> 01:20:03.160]  自己才得到那個牧羊
[01:20:05.160 --> 01:20:07.160]  自己能夠透過
[01:20:07.160 --> 01:20:09.160]  那個準備
[01:20:09.160 --> 01:20:11.160]  定的題目
[01:20:11.160 --> 01:20:13.160]  找相關的經文
[01:20:13.160 --> 01:20:15.160]  和那個例子
[01:20:15.160 --> 01:20:17.160]  在這個醖釀過程
[01:20:17.160 --> 01:20:19.160]  自己才得到那個牧羊
[01:20:19.160 --> 01:20:21.160]  和神的安慰
[01:20:21.160 --> 01:20:23.160]  祝福
[01:20:23.160 --> 01:20:25.160]  所以百姓能夠領略的
[01:20:25.160 --> 01:20:27.160]  就是不會相信
[01:20:27.160 --> 01:20:29.160]  沒有東西看就不會相信
[01:20:29.160 --> 01:20:31.160]  眼見為憑
[01:20:31.160 --> 01:20:33.160]  就是原來信心
[01:20:33.160 --> 01:20:35.160]  和眼見
[01:20:35.160 --> 01:20:37.160]  是有一個鴻溝
[01:20:37.160 --> 01:20:39.160]  所以信心的僕人
[01:20:39.160 --> 01:20:41.160]  是一般百姓看不明白的
[01:20:41.160 --> 01:20:43.160]  屬靈的領導
[01:20:43.160 --> 01:20:45.160]  原來
[01:20:45.160 --> 01:20:47.160]  不是先看到的
[01:20:47.160 --> 01:20:49.160]  有時候這些真的很微妙
[01:20:49.160 --> 01:20:51.160]  很難去用
[01:20:51.160 --> 01:20:53.160]  一概而論的講的
[01:20:53.160 --> 01:20:55.160]  所以這裡就是告訴我們
[01:20:55.160 --> 01:20:57.160]  聖經就很平白的告訴我們
[01:20:57.160 --> 01:20:59.160]  將人性內心
[01:20:59.160 --> 01:21:01.160]  這樣剖析給我們知道
[01:21:01.160 --> 01:21:03.160]  都是聽這番說話
[01:21:03.160 --> 01:21:05.160]  當然是從神
[01:21:05.160 --> 01:21:07.160]  直接給他
[01:21:07.160 --> 01:21:09.160]  但當他要轉述的時候
[01:21:09.160 --> 01:21:11.160]  不是因為摩西而打了折扣
[01:21:11.160 --> 01:21:13.160]  是因為百姓自己的前設
[01:21:13.160 --> 01:21:15.160]  自己內心裏面
[01:21:15.160 --> 01:21:17.160]  我見不到我就不會信
[01:21:17.160 --> 01:21:19.160]  我見到我就會信
[01:21:19.160 --> 01:21:21.160]  這樣來阻礙了
[01:21:21.160 --> 01:21:23.160]  領受更大
[01:21:23.160 --> 01:21:25.160]  更寶貴的祝福
[01:21:25.160 --> 01:21:27.160]  然後第十節
[01:21:27.160 --> 01:21:29.160]  耶和華曉遇摩西說
[01:21:29.160 --> 01:21:31.160]  你進去對埃及王法老說
[01:21:31.160 --> 01:21:33.160]  要容以色列出他的地
[01:21:33.160 --> 01:21:35.160]  要容以色列出他的地
[01:21:35.160 --> 01:21:37.160]  這些似曾相識
[01:21:37.160 --> 01:21:39.160]  在抗野就講過了
[01:21:39.160 --> 01:21:41.160]  現在好像再一次呼召
[01:21:41.160 --> 01:21:43.160]  再一次來安慰摩西
[01:21:43.160 --> 01:21:45.160]  神母收回他的呼召
[01:21:45.160 --> 01:21:47.160]  神母收回他的呼召
[01:21:47.160 --> 01:21:49.160]  仍然是吩咐他
[01:21:49.160 --> 01:21:51.160]  encounter這個法老
[01:21:51.160 --> 01:21:53.160]  所以原來不斷的
[01:21:53.160 --> 01:21:55.160]  對自己的呼召
[01:21:55.160 --> 01:21:57.160]  有一個thinking
[01:21:57.160 --> 01:21:59.160]  是很重要的
[01:21:59.160 --> 01:22:01.160]  牧者不斷
[01:22:01.160 --> 01:22:03.160]  或者弟兄姊妹都要不斷
[01:22:03.160 --> 01:22:05.160]  來思想
[01:22:05.160 --> 01:22:07.160]  自己當初的呼召
[01:22:07.160 --> 01:22:09.160]  將焦點
[01:22:09.160 --> 01:22:11.160]  放在神對你的
[01:22:11.160 --> 01:22:13.160]  生命的帶領
[01:22:13.160 --> 01:22:15.160]  來得很緊要
[01:22:15.160 --> 01:22:17.160]  不是百姓
[01:22:17.160 --> 01:22:19.160]  不是現在因為很順利
[01:22:19.160 --> 01:22:21.160]  所以這個呼召就來得很實在
[01:22:21.160 --> 01:22:23.160]  這裏真的要
[01:22:23.160 --> 01:22:25.160]  岔開
[01:22:25.160 --> 01:22:27.160]  我自己作為牧者帶領
[01:22:27.160 --> 01:22:29.160]  有時都會犯這些毛病
[01:22:29.160 --> 01:22:31.160]  有時我們見到一些很出名的
[01:22:31.160 --> 01:22:33.160]  明星明人
[01:22:33.160 --> 01:22:35.160]  信了主我們拍手掌
[01:22:35.160 --> 01:22:37.160]  之後我們就好想
[01:22:37.160 --> 01:22:39.160]  找他來講見證
[01:22:39.160 --> 01:22:41.160]  好想他要曝光
[01:22:41.160 --> 01:22:43.160]  吸納三百人五百人
[01:22:43.160 --> 01:22:45.160]  我們曾經郭炳光先生
[01:22:45.160 --> 01:22:47.160]  弟兄來到我們
[01:22:47.160 --> 01:22:49.160]  當時我剛剛來好像我都未來
[01:22:49.160 --> 01:22:51.160]  聽聞說
[01:22:51.160 --> 01:22:53.160]  五百人在那個
[01:22:53.160 --> 01:22:55.160]  報道會
[01:22:55.160 --> 01:22:57.160]  後來郭先生
[01:22:57.160 --> 01:22:59.160]  因為一些官非坐牢等等
[01:22:59.160 --> 01:23:01.160]  肯定他是信主
[01:23:01.160 --> 01:23:03.160]  但是你可以想像到
[01:23:03.160 --> 01:23:05.160]  永遠
[01:23:05.160 --> 01:23:07.160]  是試探
[01:23:07.160 --> 01:23:09.160]  出名的人
[01:23:09.160 --> 01:23:11.160]  有時真是我們好想
[01:23:11.160 --> 01:23:13.160]  他快些做我們的堂董
[01:23:13.160 --> 01:23:15.160]  做我們的執事
[01:23:15.160 --> 01:23:17.160]  快些給他講見證
[01:23:17.160 --> 01:23:19.160]  有時一些普通的弟兄姊妹
[01:23:19.160 --> 01:23:21.160]  就算有好感動的見證
[01:23:21.160 --> 01:23:23.160]  對不起因為你不是好出名
[01:23:23.160 --> 01:23:25.160]  所以你的見證不是好受歡迎
[01:23:25.160 --> 01:23:27.160]  可能報道會只有一百人
[01:23:27.160 --> 01:23:29.160]  我們都不要了
[01:23:29.160 --> 01:23:31.160]  我們情願找一個好出名的
[01:23:31.160 --> 01:23:33.160]  他又會包裝又會口才
[01:23:33.160 --> 01:23:35.160]  講到又好
[01:23:35.160 --> 01:23:37.160]  又動聽又多笑話
[01:23:37.160 --> 01:23:39.160]  我們就好開心
[01:23:39.160 --> 01:23:41.160]  但是往往原來那個試探
[01:23:41.160 --> 01:23:43.160]  很容易他只是
[01:23:43.160 --> 01:23:45.160]  一個談花一言
[01:23:45.160 --> 01:23:47.160]  所以我們求神幫助
[01:23:47.160 --> 01:23:49.160]  在困難裏面
[01:23:49.160 --> 01:23:51.160]  仍然始終
[01:23:51.160 --> 01:23:53.160]  不放棄侍奉
[01:23:53.160 --> 01:23:55.160]  才是值得我們欣賞
[01:23:55.160 --> 01:23:57.160]  有時太快
[01:23:57.160 --> 01:23:59.160]  的一個成名
[01:23:59.160 --> 01:24:01.160]  有時對教會
[01:24:01.160 --> 01:24:03.160]  都是一個影響
[01:24:03.160 --> 01:24:05.160]  所以
[01:24:05.160 --> 01:24:07.160]  神現在再一次呼召
[01:24:07.160 --> 01:24:09.160]  摩西
[01:24:09.160 --> 01:24:11.160]  第十二節
[01:24:11.160 --> 01:24:13.160]  摩西在耶和華面前說
[01:24:13.160 --> 01:24:15.160]  以色列人常且不聽我的話
[01:24:15.160 --> 01:24:17.160]  法老怎肯聽
[01:24:17.160 --> 01:24:19.160]  我這絕口笨事的人
[01:24:19.160 --> 01:24:21.160]  耶和華吩咐
[01:24:21.160 --> 01:24:23.160]  摩西亞倫往以色列人
[01:24:23.160 --> 01:24:25.160]  和埃及王
[01:24:25.160 --> 01:24:27.160]  法老那裏去
[01:24:27.160 --> 01:24:29.160]  把以色列人從埃及地領出來
[01:24:29.160 --> 01:24:31.160]  所以這段聖經
[01:24:31.160 --> 01:24:33.160]  看來就是很無聊
[01:24:33.160 --> 01:24:35.160]  多此一舉
[01:24:35.160 --> 01:24:37.160]  但是對一個
[01:24:37.160 --> 01:24:39.160]  已經心靈
[01:24:39.160 --> 01:24:41.160]  是一種
[01:24:41.160 --> 01:24:43.160]  小小沉
[01:24:43.160 --> 01:24:45.160]  沉了
[01:24:45.160 --> 01:24:47.160]  的一個
[01:24:47.160 --> 01:24:49.160]  弟兄一個目者
[01:24:49.160 --> 01:24:51.160]  是一個再次的
[01:24:51.160 --> 01:24:53.160]  呼召
[01:24:53.160 --> 01:24:55.160]  再次神的手
[01:24:55.160 --> 01:24:57.160]  不過是溫暖的手
[01:24:57.160 --> 01:24:59.160]  不是大能的傍臂
[01:24:59.160 --> 01:25:01.160]  來慢慢扶起
[01:25:01.160 --> 01:25:03.160]  摩西再一次提醒
[01:25:03.160 --> 01:25:05.160]  你不要忘記
[01:25:05.160 --> 01:25:07.160]  是我叫你回來埃及
[01:25:07.160 --> 01:25:09.160]  是我在曠野
[01:25:09.160 --> 01:25:11.160]  遇見你
[01:25:11.160 --> 01:25:13.160]  揀選你
[01:25:13.160 --> 01:25:15.160]  我在曠野已經知道
[01:25:15.160 --> 01:25:17.160]  你不用再重複
[01:25:17.160 --> 01:25:19.160]  你是絕口笨事
[01:25:19.160 --> 01:25:21.160]  所以
[01:25:21.160 --> 01:25:23.160]  神不是用他的絕口笨事
[01:25:23.160 --> 01:25:25.160]  不是因為他的絕口笨事
[01:25:25.160 --> 01:25:27.160]  就感動法老
[01:25:27.160 --> 01:25:29.160]  而仍然都是
[01:25:29.160 --> 01:25:31.160]  仍然都是
[01:25:31.160 --> 01:25:33.160]  他的摩西
[01:25:33.160 --> 01:25:35.160]  他在神的手中
[01:25:35.160 --> 01:25:37.160]  成為了神的
[01:25:37.160 --> 01:25:39.160]  代言人
[01:25:39.160 --> 01:25:41.160]  都不夠了
[01:25:41.160 --> 01:25:43.160]  突然間加插的家譜
[01:25:43.160 --> 01:25:45.160]  今晚可能我們要停在這裡
[01:25:45.160 --> 01:25:47.160]  大家回去今晚的功課
[01:25:47.160 --> 01:25:49.160]  就是你看看這個家譜
[01:25:49.160 --> 01:25:51.160]  其實我做了給大家
[01:25:51.160 --> 01:25:53.160]  都已經有
[01:25:53.160 --> 01:25:55.160]  那些提醒
[01:25:55.160 --> 01:25:57.160]  這裡我已經不說了
[01:25:57.160 --> 01:25:59.160]  加插了這一段
[01:25:59.160 --> 01:26:01.160]  可能下一個禮拜我們再說
[01:26:01.160 --> 01:26:05.160]  我們看看這個家譜
[01:26:05.160 --> 01:26:07.160]  這裡我看不到
[01:26:07.160 --> 01:26:09.160]  你可以想像得到
[01:26:09.160 --> 01:26:11.160]  雖然這個家譜
[01:26:11.160 --> 01:26:13.160]  很無厘頭
[01:26:13.160 --> 01:26:15.160]  但是正正就是針對
[01:26:15.160 --> 01:26:17.160]  哥核的兒子
[01:26:17.160 --> 01:26:19.160]  就是暗蘭的家族
[01:26:19.160 --> 01:26:21.160]  暗蘭就是
[01:26:21.160 --> 01:26:23.160]  這個亞倫
[01:26:23.160 --> 01:26:25.160]  和摩西的爸爸
[01:26:25.160 --> 01:26:27.160]  所以你會看到
[01:26:27.160 --> 01:26:29.160]  突然間加插這個家譜
[01:26:29.160 --> 01:26:31.160]  出來
[01:26:31.160 --> 01:26:33.160]  就是說不單止
[01:26:33.160 --> 01:26:35.160]  神是特別偏心摩西
[01:26:35.160 --> 01:26:37.160]  他多不行
[01:26:37.160 --> 01:26:39.160]  我也要選擇他
[01:26:39.160 --> 01:26:41.160]  但原來不是
[01:26:41.160 --> 01:26:43.160]  原來神在他的
[01:26:43.160 --> 01:26:45.160]  列祖當中
[01:26:45.160 --> 01:26:47.160]  原來已經有一個計劃
[01:26:47.160 --> 01:26:49.160]  原來已經
[01:26:49.160 --> 01:26:51.160]  有他的心意
[01:26:51.160 --> 01:26:53.160]  摩西亞倫原來
[01:26:53.160 --> 01:26:55.160]  從來都在神的計劃
[01:26:55.160 --> 01:26:57.160]  裏面的
[01:26:57.160 --> 01:26:59.160]  一個棋子
[01:26:59.160 --> 01:27:01.160]  當然棋子
[01:27:01.160 --> 01:27:03.160]  我們中國人就覺得
[01:27:03.160 --> 01:27:05.160]  香港人就覺得好像很負面
[01:27:05.160 --> 01:27:07.160]  神的工作
[01:27:07.160 --> 01:27:09.160]  原來不是突然間的
[01:27:09.160 --> 01:27:11.160]  所以盼望
[01:27:11.160 --> 01:27:13.160]  我們頂姐妹
[01:27:13.160 --> 01:27:15.160]  侍奉主的頂姐妹
[01:27:15.160 --> 01:27:17.160]  我們要記得
[01:27:17.160 --> 01:27:19.160]  神在我們生命裏面的帶領
[01:27:19.160 --> 01:27:21.160]  冥冥中有
[01:27:21.160 --> 01:27:23.160]  那個安排
[01:27:23.160 --> 01:27:25.160]  真的有他的美意和計劃
[01:27:25.160 --> 01:27:27.160]  今天我們就先講到這裏
[01:27:27.160 --> 01:27:29.160]  我們一起同心禱告
[01:27:29.160 --> 01:27:31.160]  多謝主
[01:27:31.160 --> 01:27:33.160]  我們很盼望
[01:27:33.160 --> 01:27:35.160]  我們見到的
[01:27:35.160 --> 01:27:37.160]  攻擊
[01:27:37.160 --> 01:27:39.160]  那個挫折
[01:27:39.160 --> 01:27:41.160]  那個表面是徹底的
[01:27:41.160 --> 01:27:43.160]  一出師就失敗
[01:27:43.160 --> 01:27:45.160]  而且是失敗得很慘
[01:27:45.160 --> 01:27:47.160]  摩西都要給
[01:27:47.160 --> 01:27:49.160]  以色列的官長
[01:27:49.160 --> 01:27:51.160]  公頭百姓
[01:27:51.160 --> 01:27:53.160]  來到去當面
[01:27:53.160 --> 01:27:55.160]  來到去羞辱
[01:27:55.160 --> 01:27:57.160]  神要監察摩西
[01:27:57.160 --> 01:27:59.160]  的罪等等
[01:27:59.160 --> 01:28:01.160]  這些是很重的咒詛
[01:28:01.160 --> 01:28:03.160]  但是多謝天父
[01:28:03.160 --> 01:28:05.160]  你就是這樣讓摩西
[01:28:05.160 --> 01:28:07.160]  在這裏不灰心
[01:28:07.160 --> 01:28:09.160]  這個不灰心
[01:28:09.160 --> 01:28:11.160]  不是因為他
[01:28:11.160 --> 01:28:13.160]  是一個不會灰心的人
[01:28:13.160 --> 01:28:15.160]  而是神的安慰
[01:28:15.160 --> 01:28:17.160]  神的應許
[01:28:17.160 --> 01:28:19.160]  我們看到有六方面的
[01:28:19.160 --> 01:28:21.160]  應許
[01:28:21.160 --> 01:28:23.160]  給摩西深深地感受到
[01:28:23.160 --> 01:28:25.160]  那份榮耀感
[01:28:25.160 --> 01:28:27.160]  因為要帶領的是
[01:28:27.160 --> 01:28:29.160]  神的子民
[01:28:29.160 --> 01:28:31.160]  我們要看到的是
[01:28:31.160 --> 01:28:33.160]  造物主是永恆的
[01:28:33.160 --> 01:28:35.160]  真神
[01:28:35.160 --> 01:28:37.160]  這些真是我們今天
[01:28:37.160 --> 01:28:39.160]  要向人說永生的
[01:28:39.160 --> 01:28:41.160]  牧者的一份很大的
[01:28:41.160 --> 01:28:43.160]  祝福和託付
[01:28:43.160 --> 01:28:45.160]  因為我們能夠將
[01:28:45.160 --> 01:28:47.160]  人的靈魂拯救
[01:28:47.160 --> 01:28:49.160]  多謝主給我們有
[01:28:49.160 --> 01:28:51.160]  這麼寶貴的聖經
[01:28:51.160 --> 01:28:53.160]  有時候我們不仔細去看
[01:28:53.160 --> 01:28:55.160]  都未必會留意到
[01:28:55.160 --> 01:28:57.160]  原來聖經將摩西的
[01:28:57.160 --> 01:28:59.160]  心路歷程
[01:28:59.160 --> 01:29:01.160]  透過很真實的事件
[01:29:01.160 --> 01:29:03.160]  描繪出來
[01:29:03.160 --> 01:29:05.160]  多謝天父
[01:29:05.160 --> 01:29:07.160]  我們獻上感恩
[01:29:07.160 --> 01:29:09.160]  奉耶穌基督的名
[01:29:09.160 --> 01:29:11.160]  阿門
