
[00:00:00.000 --> 00:00:05.000]  馬拉基書的時代信息
[00:00:05.000 --> 00:00:07.000]  溫韋耀博士主講
[00:00:07.000 --> 00:00:11.000]  第一講,告別冷淡眾常主愛之警醒
[00:00:11.000 --> 00:00:17.000]  我們今晚開始馬拉基書的旅程
[00:00:17.000 --> 00:00:19.000]  也是我們的主題
[00:00:19.000 --> 00:00:23.000]  尊主為大,以神為樂
[00:00:23.000 --> 00:00:25.000]  我們看祈福
[00:00:25.000 --> 00:00:34.000]  主啊,我們的神,我們再次來到祢面前,帶著一個恭敬,但渴慕仰望的心
[00:00:34.000 --> 00:00:38.000]  主啊,求祢打開我們的心
[00:00:38.000 --> 00:00:42.000]  好像我們迎歌一樣,求祢打開我們的靈
[00:00:42.000 --> 00:00:50.000]  讓我們的陰暗面在祢面前敞開,赤露,讓祢對靈靈自己更新
[00:00:50.000 --> 00:00:53.000]  主啊,我們渴慕祢的話語
[00:00:53.000 --> 00:00:55.000]  因為我們知道祢的話語裡面有能力
[00:00:55.000 --> 00:00:59.000]  不只是文字,而是背後有祢自己的力量
[00:00:59.000 --> 00:01:02.000]  因為祢宣佈過的,祢講過的說話
[00:01:02.000 --> 00:01:07.000]  在歷世歷代,在不同人的生命當中都要起作用
[00:01:07.000 --> 00:01:14.000]  我們的主,我們的神,我們祈求祢自己的聖靈今晚臨動每一個人的內心
[00:01:14.000 --> 00:01:17.000]  求祢讓我們聽見祢的說話
[00:01:17.000 --> 00:01:21.000]  有不同需要的人得著從祢而來不同的訊息
[00:01:21.000 --> 00:01:27.000]  或者是警醒,或者提醒,或者是安慰
[00:01:27.000 --> 00:01:32.000]  主啊,我們求祢自己親自向我們每一個人說話
[00:01:32.000 --> 00:01:35.000]  聽我們的祈禱,奉耶穌的名堂
[00:01:35.000 --> 00:01:37.000]  阿們
[00:01:51.000 --> 00:01:59.000]  在這個刑策的最後時間表,你就會看到這六次的題目
[00:01:59.000 --> 00:02:01.000]  看到嗎?
[00:02:01.000 --> 00:02:08.000]  我們的日程表,在右下角那裡是1,2,3,4,5,6
[00:02:08.000 --> 00:02:13.000]  就是代表這六次我和大家講道分享的內容
[00:02:13.000 --> 00:02:18.000]  1至5都是來自馬拉基書的
[00:02:18.000 --> 00:02:23.000]  馬拉基書其實不長,大家都知道是舊約最後一本書
[00:02:23.000 --> 00:02:26.000]  只不過是四章的聖經
[00:02:26.000 --> 00:02:34.000]  所以我們由1,2,3,4,5,用五次的時間比較深入的研究馬拉基書
[00:02:34.000 --> 00:02:38.000]  然後第六次就是星期六早上我們離營的時候
[00:02:38.000 --> 00:02:44.000]  我會總結整個的馬拉基書給我們的屬靈生命的方向
[00:02:44.000 --> 00:02:51.000]  然後特別提供一些很具體實際我們可以繼續出營之後
[00:02:51.000 --> 00:03:00.000]  操練和跟隨神的一些提議和一些經驗小小的分享
[00:03:00.000 --> 00:03:06.000]  所以我希望這個營我們不單止是頭腦裡面研讀神的話
[00:03:06.000 --> 00:03:10.000]  我們的心靈都被神的話所改變
[00:03:10.000 --> 00:03:17.000]  那為什麼你要去研究馬拉基書呢?
[00:03:17.000 --> 00:03:20.000]  當然我有我的理由在這裡
[00:03:20.000 --> 00:03:26.000]  不過我先和大家看一下其實我們從馬拉基書這五個講
[00:03:26.000 --> 00:03:34.000]  可以看到馬拉基書其實很全面的提醒我們屬靈上面五方面很重要的
[00:03:34.000 --> 00:03:41.000]  或者今天我們北宣家的頂主會很需要的信職,我自己心裡面有個感動
[00:03:41.000 --> 00:03:46.000]  我自己等候的時候神給我一個這樣的感動來研讀馬拉基書
[00:03:46.000 --> 00:03:50.000]  馬拉基書不是一本很多人喜歡講的書
[00:03:50.000 --> 00:03:57.000]  我不知道你有沒有在其他的靈會或者是教會裡面或者是其他時間研讀過馬拉基書
[00:03:57.000 --> 00:04:02.000]  我自己一路研讀的時候心裡面很得著提醒和幫助
[00:04:02.000 --> 00:04:06.000]  我很想將這些我所得著和大家一起分享
[00:04:06.000 --> 00:04:10.000]  所以今天開始和大家一起走這個旅程
[00:04:10.000 --> 00:04:16.000]  這個旅程不是我預備料煮好了餵你們吃
[00:04:16.000 --> 00:04:20.000]  不是的,我和你們一起去發掘聖經裡面的說話
[00:04:20.000 --> 00:04:23.000]  所以第一個很小小的要求就是最基本的要求
[00:04:23.000 --> 00:04:26.000]  請你每次都帶一本聖經來可以嗎?
[00:04:26.000 --> 00:04:30.000]  馬拉基書是舊約的所以一定要帶新舊約
[00:04:30.000 --> 00:04:33.000]  不好意思,輕一點也不行
[00:04:33.000 --> 00:04:38.000]  最好有些像我這樣有中英文的對照更好
[00:04:38.000 --> 00:04:43.000]  等我們研讀的時候,我們的中文可能有些不夠用
[00:04:43.000 --> 00:04:46.000]  不過不要緊,我到時候會解釋給你們聽
[00:04:46.000 --> 00:04:51.000]  馬拉基書我將它分成五個段落,代表了五個主題
[00:04:51.000 --> 00:05:03.000]  你看到那裡有警醒是今晚的主題,敬畏,信忠,信靠和公義這五方面
[00:05:03.000 --> 00:05:07.000]  究竟這五方面代表了什麼呢?
[00:05:07.000 --> 00:05:13.000]  警醒是一種自覺性,基督徒的自覺性
[00:05:13.000 --> 00:05:16.000]  警醒是一個很難的功課
[00:05:16.000 --> 00:05:23.000]  因為警醒和放縱之間不知不覺就會出現
[00:05:23.000 --> 00:05:32.000]  警醒是不斷要抽起自己的心靈不讓自己墮落
[00:05:32.000 --> 00:05:37.000]  所以我們所寫的不知不覺間就墮落了
[00:05:37.000 --> 00:05:40.000]  等下我們會和大家慢慢研究這方面的訊息
[00:05:40.000 --> 00:05:51.000]  然後我們發覺敬畏和信靠是兩個我們和神之間關係的題目
[00:05:51.000 --> 00:05:57.000]  敬畏是我們對一位值得我們尊敬的神一種應有的態度
[00:05:57.000 --> 00:06:01.000]  很多時候我們失去了這種態度
[00:06:01.000 --> 00:06:06.000]  所以我用一個副題,就是目中無神的罪
[00:06:06.000 --> 00:06:16.000]  信靠相反來說是對一位無所不能充滿慈愛的神一種絕對的信任
[00:06:16.000 --> 00:06:22.000]  信得過祂,縱然我也有失敗、我有挫敗
[00:06:22.000 --> 00:06:25.000]  但是神並沒有改變
[00:06:25.000 --> 00:06:32.000]  我會失敗,但是神仍然要成就祂要成就的事
[00:06:32.000 --> 00:06:37.000]  在這個過程當中,越過了我們少許的自我的限制
[00:06:37.000 --> 00:06:41.000]  將自己引入一個更加偉大的神的生命當中
[00:06:41.000 --> 00:06:45.000]  而得到一種另類的安全感
[00:06:45.000 --> 00:06:53.000]  在香港這個社會,在你的工作,在你的銀行存摺的簿仔那裡得不到的安全感
[00:06:53.000 --> 00:07:03.000]  然後我又看見第三講的盡忠和第五講的公義是比較平面的
[00:07:03.000 --> 00:07:08.000]  第三講的盡忠不是單單對神的盡忠
[00:07:08.000 --> 00:07:12.000]  如果聽到第三講,明晚我們就會明白
[00:07:12.000 --> 00:07:24.000]  第三講是講到盡忠,馬拉基書特別講到我們弟兄姊妹之間在教會裡互相之間的守望和信任
[00:07:24.000 --> 00:07:32.000]  特別也講到我們在婚姻生活裡,家庭當中互相的信任和忠貞
[00:07:32.000 --> 00:07:38.000]  這是一種的盡忠,對人的忠,忠誠的忠
[00:07:38.000 --> 00:07:43.000]  這是對內的,比較近的關係當中,我們要盡忠
[00:07:43.000 --> 00:07:50.000]  然後公義就講到我們對世界,我們活在一個很不平凡的世界
[00:07:50.000 --> 00:07:53.000]  好像馬拉基的時代,也是一個很不平凡的時代
[00:07:53.000 --> 00:07:56.000]  那個時代充滿了很多不公義的事情
[00:07:56.000 --> 00:08:02.000]  在不公義的事情上,很多時候我們基督徒就會開始搖動
[00:08:02.000 --> 00:08:08.000]  何必要好像以前那樣,還要固執一些標準
[00:08:08.000 --> 00:08:15.000]  我們周圍的同事,我們的親戚,我們的社會已經不守規矩到成為一個常規
[00:08:15.000 --> 00:08:20.000]  何必我們還要這麼落後守這些規矩呢?
[00:08:20.000 --> 00:08:27.000]  守這些規矩帶來很多的條件,帶來很多的代價
[00:08:27.000 --> 00:08:34.000]  令到我們在人的面前一次又一次被人羞辱,何必呢?
[00:08:34.000 --> 00:08:38.000]  然後馬拉基靠著神的說話提醒我們
[00:08:38.000 --> 00:08:43.000]  為什麼我們仍然要堅守我們做基督徒的標準和規則
[00:08:43.000 --> 00:08:49.000]  在人面前風光,還是要在神的面前被奠念
[00:08:49.000 --> 00:08:53.000]  這個就是馬拉基的最後一個訊息所提出
[00:08:53.000 --> 00:08:56.000]  所以我們看到馬拉基其實很豐富
[00:08:56.000 --> 00:09:02.000]  有對自己的警醒,有對神的敬畏,有從神而來的信靠
[00:09:02.000 --> 00:09:10.000]  有對自己親近的人的忠貞,有對整個社會的公義
[00:09:10.000 --> 00:09:16.000]  這個我可以說是在我們21世紀的時代裏
[00:09:16.000 --> 00:09:21.000]  很值得你和我一起去思想的訊息
[00:09:21.000 --> 00:09:27.000]  不過我自己選馬拉基書作為北宣家一個弟兄
[00:09:27.000 --> 00:09:31.000]  我自己也有我自己心裏的負擔
[00:09:31.000 --> 00:09:35.000]  北宣家是一個相當好的教會,坦白說
[00:09:35.000 --> 00:09:39.000]  我講過很多次不是為了自己的教會而鐵桿
[00:09:39.000 --> 00:09:46.000]  我過去在過去25年的事夢當中去過無數的教會
[00:09:46.000 --> 00:09:50.000]  世界不同的地方的華人教會我都大部分去過
[00:09:50.000 --> 00:09:56.000]  北宣家是一個可以說是最好的教會之一
[00:09:56.000 --> 00:10:03.000]  不過我覺得還是不夠,我們還要用神的標準去量度的時候
[00:10:03.000 --> 00:10:08.000]  我們互相提醒,希望弟兄姐妹明白我的心事
[00:10:08.000 --> 00:10:13.000]  我們好像一個家人一樣,希望你見我站在這裏就不是一個外來的港元
[00:10:13.000 --> 00:10:20.000]  所以今天很有意思的,大家叫我One B,北宣家裏的那一輩
[00:10:20.000 --> 00:10:22.000]  一叫我One B就知道你是哪一輩了
[00:10:22.000 --> 00:10:29.000]  都是二十多年前的那些在北宣園之後我們一起去麥當勞吃麵包的那幫人
[00:10:29.000 --> 00:10:33.000]  我的弟弟在那裏祝恩的那幫時代,One B
[00:10:33.000 --> 00:10:36.000]  我是北宣家二十多年來的第一個弟兄
[00:10:36.000 --> 00:10:40.000]  所以希望你明白,如果我說得嚴厲一點
[00:10:40.000 --> 00:10:43.000]  不是我從一個外來的角度去罵
[00:10:43.000 --> 00:10:47.000]  是我用神的話去提醒,我罵我自己
[00:10:47.000 --> 00:10:49.000]  希望大家能夠受得起
[00:10:49.000 --> 00:10:52.000]  我不會隨便罵人,我不是喜歡罵人的人
[00:10:52.000 --> 00:10:55.000]  不過聖經是這樣說,我就要這樣說
[00:10:55.000 --> 00:10:59.000]  對不起,這是神的話語,很抱歉,希望你明白
[00:10:59.000 --> 00:11:06.000]  那為什麼要用馬拉基書來研讀呢?
[00:11:06.000 --> 00:11:12.000]  大家打開馬拉基書,很容易找到的,我相信不需要再看了
[00:11:12.000 --> 00:11:20.000]  是舊約聖經裏面最後的一卷
[00:11:20.000 --> 00:11:26.000]  馬拉基書也是舊約完結的時候的書信
[00:11:26.000 --> 00:11:32.000]  我不想花太多時間和大家慢慢研究馬拉基書的背景
[00:11:32.000 --> 00:11:36.000]  大概馬拉基書很少人會有不同的意見
[00:11:36.000 --> 00:11:42.000]  馬拉基書所寫的時代是公元前五世紀
[00:11:42.000 --> 00:11:46.000]  也是差不多尼西米的時代
[00:11:46.000 --> 00:11:54.000]  尼西米是帶領以色列人從秘魯的波斯帝國歸回耶路撒冷
[00:11:54.000 --> 00:11:58.000]  大家都很熟悉,讀過這個簡單的書學
[00:11:58.000 --> 00:12:02.000]  又有重建聖殿,又有重建城牆
[00:12:02.000 --> 00:12:07.000]  那個時代就是馬拉基的時代之前一點
[00:12:07.000 --> 00:12:11.000]  甚至我們可以相信馬拉基和尼西米差不多的時間
[00:12:11.000 --> 00:12:16.000]  不過比尼西米遲一點,他可能認識尼西米,大家有重覆的時間
[00:12:16.000 --> 00:12:21.000]  所以馬拉基的時代其實挺好的,如果從人的角度來說
[00:12:21.000 --> 00:12:27.000]  城牆又重建了,耶路撒冷又重建了,聖殿也重建了
[00:12:27.000 --> 00:12:37.000]  生活安居樂業,因為波斯帝國始終對猶太的殖民不及以後的那麼差
[00:12:37.000 --> 00:12:43.000]  接下來的希臘帝國,羅馬帝國對猶太僑民很差
[00:12:43.000 --> 00:12:48.000]  波斯帝國總而言之平平順順沒什麼
[00:12:48.000 --> 00:12:52.000]  如果我們從一個人的角度來看,風平浪靜都挺好的
[00:12:52.000 --> 00:13:00.000]  聖殿有了,崇拜有了,建制有了,摩西的律法大家隨時可以看
[00:13:00.000 --> 00:13:07.000]  有教師,有法尼塞人可以教以色列人生活,所以好像很平穩
[00:13:07.000 --> 00:13:14.000]  但是你看到馬拉基書裡面的信息是相當的嚴厲
[00:13:14.000 --> 00:13:20.000]  為什麼呢?我相信這裡有幾個原因
[00:13:20.000 --> 00:13:26.000]  這和我們北宣家可能有些關係,我不是說我們好像當時的以色列人一樣
[00:13:26.000 --> 00:13:33.000]  不過你看馬拉基書的時候有幾個特色
[00:13:33.000 --> 00:13:41.000]  第一個特色就是馬拉基書雖然短短的四張聖經
[00:13:41.000 --> 00:13:52.000]  但是在四張聖經的55節聖經裡面用了47節
[00:13:52.000 --> 00:13:56.000]  耶和華神是用了第一身來講
[00:13:56.000 --> 00:14:05.000]  這個是一切所有聖經裡面出現的最多比率
[00:14:05.000 --> 00:14:12.000]  馬拉基書是神不斷用我,我,我,雖然有時候隱藏在文法上
[00:14:12.000 --> 00:14:16.000]  但是不斷用我,我和你說話,是一本很親切的書
[00:14:16.000 --> 00:14:22.000]  可以說是神要求一個很親切的關係,我們先打開這個方向
[00:14:22.000 --> 00:14:30.000]  然後剛才說馬拉基書好像表面上是一個很平穩的社會
[00:14:30.000 --> 00:14:40.000]  但是我們留心研究馬拉基書神來控訴,來挑戰警告以色列人的時候
[00:14:40.000 --> 00:14:46.000]  我們發覺原來以色列人的心裡面是冷冰冰的
[00:14:46.000 --> 00:14:50.000]  很有趣的,他可以表面上什麼都有
[00:14:50.000 --> 00:14:58.000]  宗教的活動都有,崇拜都有,憲制都有,律法都有
[00:14:58.000 --> 00:15:03.000]  生活都上了軌道,有了聖殿,有了城牆,還想怎樣?
[00:15:03.000 --> 00:15:07.000]  被擄了這麼多年,現在歸回自己的家園了
[00:15:07.000 --> 00:15:12.000]  但是神七次,我特意和大家玩一些遊戲
[00:15:12.000 --> 00:15:17.000]  我寫了很多講義,討論大綱的講義
[00:15:17.000 --> 00:15:19.000]  講義我特意不寫出來的
[00:15:19.000 --> 00:15:25.000]  你有空試試離營之前找不找到和祖先一起尋寶遊戲
[00:15:25.000 --> 00:15:32.000]  神七次表達他對以色列人的不滿
[00:15:32.000 --> 00:15:37.000]  七次表達以色列人的內心對神是冷冰冰的
[00:15:37.000 --> 00:15:45.000]  兩次在第一章,三次在第二章,兩次在第三章
[00:15:45.000 --> 00:15:51.000]  表面上很多宗教的活動
[00:15:51.000 --> 00:15:56.000]  樣樣都有,但是其實心裡對神有很多的不滿
[00:15:56.000 --> 00:16:00.000]  很多的不滿,這些不滿我們在講的時候你會知道
[00:16:00.000 --> 00:16:02.000]  但是你有空數一下,有七次這麼多
[00:16:02.000 --> 00:16:07.000]  他心裡對神有很多的不滿
[00:16:07.000 --> 00:16:11.000]  神一樣一樣挑他出來
[00:16:11.000 --> 00:16:16.000]  表面上他們不敢得罪神
[00:16:16.000 --> 00:16:23.000]  但是心裡非常不滿
[00:16:23.000 --> 00:16:28.000]  剛才我說為什麼我要和北宣家在東陵會講這個信息
[00:16:28.000 --> 00:16:30.000]  我掙扎了很久
[00:16:30.000 --> 00:16:35.000]  我都說有些人覺得我太嚴厲的嫌疑
[00:16:35.000 --> 00:16:43.000]  北宣家是一個我覺得宗教生活上很上軌道的教會
[00:16:43.000 --> 00:16:48.000]  我再講一次,北宣家是一個我覺得宗教生活上很上軌道的教會
[00:16:48.000 --> 00:16:50.000]  包括我們會友會
[00:16:50.000 --> 00:16:52.000]  有好有不好
[00:16:52.000 --> 00:16:54.000]  從好處來講
[00:16:54.000 --> 00:16:58.000]  是每個禮拜每樣東西你都可以參與的
[00:16:58.000 --> 00:17:01.000]  到時候有人在天橋排隊
[00:17:01.000 --> 00:17:05.000]  很快手的,我們流水作業
[00:17:05.000 --> 00:17:08.000]  一開就進去,我們很守規矩
[00:17:08.000 --> 00:17:11.000]  進去一坐定,立刻開始崇拜,準時完結
[00:17:11.000 --> 00:17:14.000]  跟著在那邊出,這邊就進去
[00:17:14.000 --> 00:17:17.000]  一個禮拜,每個禮拜七堂聚會
[00:17:17.000 --> 00:17:22.000]  每個人都有團體,團體多到我今天數數數不記得了
[00:17:22.000 --> 00:17:25.000]  對不起,坦白講,我背不出來
[00:17:25.000 --> 00:17:28.000]  譚牧師,蕭牧師都背不出來
[00:17:28.000 --> 00:17:30.000]  我背不出來真不好意思
[00:17:30.000 --> 00:17:32.000]  我背都背不完這麼多團了
[00:17:32.000 --> 00:17:35.000]  因為我又離開這麼多年,回來已經不同了
[00:17:35.000 --> 00:17:38.000]  好多團,朱學安有
[00:17:38.000 --> 00:17:42.000]  整個教學樓,每個禮拜你都見到人很多
[00:17:42.000 --> 00:17:45.000]  兒童主學更加幾百
[00:17:45.000 --> 00:17:47.000]  我們教會好虛憾的
[00:17:47.000 --> 00:17:50.000]  虛憾的不是表面的
[00:17:50.000 --> 00:17:54.000]  不是說假假的,不是
[00:17:54.000 --> 00:17:57.000]  大家都好活躍,好投入,好多人好純
[00:17:57.000 --> 00:18:02.000]  好多人對信仰,對宗教生活
[00:18:02.000 --> 00:18:06.000]  都好有規律,到時候都可以有
[00:18:06.000 --> 00:18:12.000]  我覺得這是北宣宗教上了軌道的好處
[00:18:12.000 --> 00:18:15.000]  但是從一個否定的角度來說
[00:18:15.000 --> 00:18:19.000]  一個上了軌道的教會生活
[00:18:19.000 --> 00:18:27.000]  很容易就會慢慢失去突破的能力
[00:18:27.000 --> 00:18:32.000]  我在問,我們北宣的教會
[00:18:32.000 --> 00:18:37.000]  我們北宣的頂姐妹在屬靈生命上還可不可以有突破
[00:18:37.000 --> 00:18:39.000]  我覺得是可以的
[00:18:39.000 --> 00:18:42.000]  如果要突破的話
[00:18:42.000 --> 00:18:46.000]  我們就不能夠安於現在我們能夠有的
[00:18:46.000 --> 00:18:49.000]  這麼多人來的東寧會
[00:18:49.000 --> 00:18:51.000]  這麼多人來的聚會
[00:18:51.000 --> 00:18:53.000]  這麼好的崇拜
[00:18:53.000 --> 00:18:56.000]  然後我想從聖經裡面我們試一下
[00:18:56.000 --> 00:18:58.000]  有一些突破
[00:18:58.000 --> 00:19:01.000]  其實是不太行的
[00:19:01.000 --> 00:19:07.000]  因為你看見我們每一個人的生活是一個不斷求變的社會
[00:19:07.000 --> 00:19:09.000]  你知道的,和我們以前不同
[00:19:09.000 --> 00:19:11.000]  和二十年三十年前不同
[00:19:11.000 --> 00:19:13.000]  現在這個社會不斷要變的
[00:19:13.000 --> 00:19:15.000]  很快的變的
[00:19:15.000 --> 00:19:18.000]  但是我們的教會生活全部都不變的
[00:19:18.000 --> 00:19:21.000]  變得很慢的,很穩定的
[00:19:21.000 --> 00:19:24.000]  現在發覺我們有兩個不同的世界
[00:19:24.000 --> 00:19:27.000]  每次我們星期六日回來教會的時候
[00:19:27.000 --> 00:19:30.000]  我去了一個世界很穩定的,那些人很純的
[00:19:30.000 --> 00:19:35.000]  大家很安全的一個世界
[00:19:35.000 --> 00:19:37.000]  但是一路星期一到星期五
[00:19:37.000 --> 00:19:40.000]  我去了一個很顛覆的
[00:19:40.000 --> 00:19:42.000]  一個很挑戰的
[00:19:42.000 --> 00:19:45.000]  經常不同的,經常變的世界
[00:19:45.000 --> 00:19:48.000]  我始終覺得有些問題
[00:19:48.000 --> 00:19:51.000]  一不是這兩個世界是兩個五行字的世界
[00:19:51.000 --> 00:19:54.000]  或者我們是活在一個兩面的世界當中
[00:19:54.000 --> 00:19:57.000]  我不是要搞亂北宣
[00:19:57.000 --> 00:19:58.000]  你不要擔心
[00:19:58.000 --> 00:20:00.000]  我都不是這樣的人
[00:20:00.000 --> 00:20:03.000]  但是我相信我們的弟兄姊妹
[00:20:03.000 --> 00:20:09.000]  我們的教會需要有從神而來的突破
[00:20:09.000 --> 00:20:11.000]  好了,說了這麼多
[00:20:11.000 --> 00:20:13.000]  不如我們花一點時間
[00:20:13.000 --> 00:20:21.000]  看看這個《馬拉記書》的一個總結
[00:20:21.000 --> 00:20:23.000]  先看看《馬拉記書》
[00:20:23.000 --> 00:20:25.000]  然後我們再深入前段
[00:20:25.000 --> 00:20:27.000]  因為今天是我們開始的第一天
[00:20:27.000 --> 00:20:30.000]  很多人喜歡研究一本書
[00:20:30.000 --> 00:20:33.000]  將它分段,第一段第二段
[00:20:33.000 --> 00:20:34.000]  我們都不做這件事
[00:20:34.000 --> 00:20:36.000]  反正我們接下來的幾次
[00:20:36.000 --> 00:20:38.000]  我們會逐段逐段看
[00:20:38.000 --> 00:20:39.000]  都按照這個次序
[00:20:39.000 --> 00:20:41.000]  我想和大家看一個很大的特色
[00:20:41.000 --> 00:20:43.000]  剛才說了兩個特色
[00:20:43.000 --> 00:20:46.000]  第一《馬拉記書》是一個很親切的
[00:20:46.000 --> 00:20:49.000]  神要求很親切的屬靈生命的書
[00:20:49.000 --> 00:20:51.000]  因為他用了很多的
[00:20:51.000 --> 00:20:53.000]  差不多所有的篇幅都用第一身的
[00:20:53.000 --> 00:20:55.000]  要求一個很親切的關係
[00:20:55.000 --> 00:21:00.000]  第二《馬拉記書》的時代
[00:21:00.000 --> 00:21:03.000]  是一個表面很穩定
[00:21:03.000 --> 00:21:07.000]  但是內心很不滿的一個屬靈生命
[00:21:07.000 --> 00:21:09.000]  我不知道有沒有說中你
[00:21:09.000 --> 00:21:11.000]  等下我們再說
[00:21:11.000 --> 00:21:13.000]  第三個特色
[00:21:13.000 --> 00:21:16.000]  就是《馬拉記書》出現了好幾次
[00:21:16.000 --> 00:21:19.000]  我們的一個模式
[00:21:19.000 --> 00:21:23.000]  如果你不知道就揭開你的講義
[00:21:23.000 --> 00:21:26.000]  我的講義就是第29頁
[00:21:26.000 --> 00:21:29.000]  第一講的第29頁
[00:21:29.000 --> 00:21:31.000]  一講到大綱
[00:21:31.000 --> 00:21:33.000]  第一講就講到大綱
[00:21:33.000 --> 00:21:36.000]  我們對著講到大綱就比較容易看
[00:21:36.000 --> 00:21:41.000]  我們讀《馬拉記書》的時候
[00:21:41.000 --> 00:21:46.000]  我們發覺有起碼五次
[00:21:46.000 --> 00:21:48.000]  但是如果數下去可能六次
[00:21:48.000 --> 00:21:51.000]  可能甚至七次
[00:21:51.000 --> 00:21:53.000]  有一種模式出現
[00:21:53.000 --> 00:21:56.000]  語氣就是耶和華說
[00:21:56.000 --> 00:21:58.000]  你們卻說
[00:21:58.000 --> 00:22:01.000]  然後耶和華說
[00:22:01.000 --> 00:22:09.000]  是馬拉記當時的以色列人和耶和華的對講
[00:22:09.000 --> 00:22:11.000]  或者可以說是駁嘴
[00:22:11.000 --> 00:22:14.000]  我們看看這一堆的駁嘴是什麼
[00:22:14.000 --> 00:22:16.000]  大家跟著我揭
[00:22:16.000 --> 00:22:17.000]  我們很快的
[00:22:17.000 --> 00:22:18.000]  我們不詳細
[00:22:18.000 --> 00:22:19.000]  每一段來看
[00:22:19.000 --> 00:22:21.000]  我給你看見一個模式
[00:22:21.000 --> 00:22:26.000]  第一章第二節
[00:22:26.000 --> 00:22:30.000]  第二節說
[00:22:30.000 --> 00:22:33.000]  耶和華說我曾愛你們
[00:22:33.000 --> 00:22:36.000]  你們卻說你何時愛我們
[00:22:36.000 --> 00:22:39.000]  耶和華說我不是愛你
[00:22:39.000 --> 00:22:41.000]  這是第一節
[00:22:41.000 --> 00:22:43.000]  耶和華說我愛你
[00:22:43.000 --> 00:22:45.000]  我曾經愛你
[00:22:45.000 --> 00:22:47.000]  我一直愛你
[00:22:47.000 --> 00:22:49.000]  但是那些以色列人說
[00:22:49.000 --> 00:22:52.000]  你在什麼事情上愛過我
[00:22:52.000 --> 00:22:54.000]  不駁
[00:22:54.000 --> 00:22:55.000]  這是第一節
[00:22:55.000 --> 00:22:56.000]  第二節
[00:22:56.000 --> 00:22:57.000]  第六節
[00:22:57.000 --> 00:23:02.000]  第六節就是很長的
[00:23:02.000 --> 00:23:04.000]  藐視我明的祭司
[00:23:04.000 --> 00:23:06.000]  萬君子耶和華對你說
[00:23:06.000 --> 00:23:08.000]  兒子都尊敬父親
[00:23:08.000 --> 00:23:09.000]  僕人都敬畏主人
[00:23:09.000 --> 00:23:11.000]  我既為父親
[00:23:11.000 --> 00:23:13.000]  尊敬我的人在哪裏
[00:23:13.000 --> 00:23:14.000]  我既為主人
[00:23:14.000 --> 00:23:16.000]  敬畏我的人在哪裏
[00:23:16.000 --> 00:23:17.000]  耶和華說
[00:23:17.000 --> 00:23:19.000]  那些敬畏我的人在哪裏呢
[00:23:19.000 --> 00:23:20.000]  你們卻說
[00:23:20.000 --> 00:23:24.000]  我在何事上藐視你們明呢
[00:23:24.000 --> 00:23:26.000]  耶和華對我說什麼什麼
[00:23:26.000 --> 00:23:27.000]  第二次駁斥
[00:23:27.000 --> 00:23:30.000]  耶和華你們藐視我
[00:23:30.000 --> 00:23:32.000]  那些人說
[00:23:32.000 --> 00:23:34.000]  我什麼時候有藐視你
[00:23:34.000 --> 00:23:37.000]  第三節
[00:23:37.000 --> 00:23:38.000]  第七節
[00:23:38.000 --> 00:23:39.000]  接著再說
[00:23:39.000 --> 00:23:41.000]  這個中文聖經你譯得不是很清楚
[00:23:41.000 --> 00:23:43.000]  但是原文就是很清楚的結構
[00:23:43.000 --> 00:23:44.000]  同樣的結構
[00:23:44.000 --> 00:23:45.000]  再來一次
[00:23:45.000 --> 00:23:46.000]  第七節說
[00:23:46.000 --> 00:23:48.000]  你們沾污耶和華
[00:23:48.000 --> 00:23:51.000]  你們沾污了我的祭壇
[00:23:51.000 --> 00:23:54.000]  那些人說
[00:23:54.000 --> 00:23:55.000]  你們卻說
[00:23:55.000 --> 00:23:58.000]  我在何事上沾污了
[00:23:58.000 --> 00:24:00.000]  污穢了你的祭壇呢
[00:24:00.000 --> 00:24:02.000]  這是第三節
[00:24:02.000 --> 00:24:03.000]  接著
[00:24:03.000 --> 00:24:05.000]  第二章
[00:24:05.000 --> 00:24:07.000]  十七節
[00:24:07.000 --> 00:24:09.000]  記在後面
[00:24:09.000 --> 00:24:11.000]  第二章最後一節
[00:24:14.000 --> 00:24:16.000]  記在後面那一節
[00:24:16.000 --> 00:24:18.000]  耶和華說
[00:24:18.000 --> 00:24:21.000]  你們用言語來煩鎖我
[00:24:21.000 --> 00:24:24.000]  你們還說
[00:24:24.000 --> 00:24:28.000]  我在何事上煩鎖他呢
[00:24:28.000 --> 00:24:29.000]  接著駁斥
[00:24:29.000 --> 00:24:30.000]  是不是一樣
[00:24:30.000 --> 00:24:32.000]  然後耶和華說什麼什麼
[00:24:32.000 --> 00:24:34.000]  好
[00:24:34.000 --> 00:24:35.000]  然後第
[00:24:35.000 --> 00:24:37.000]  另外一個
[00:24:37.000 --> 00:24:38.000]  第三章
[00:24:38.000 --> 00:24:39.000]  第七節
[00:24:43.000 --> 00:24:45.000]  第三章第七節
[00:24:45.000 --> 00:24:48.000]  第三章第七節那裡
[00:24:48.000 --> 00:24:50.000]  萬鈞之耶和華說
[00:24:50.000 --> 00:24:52.000]  從你們列了的日子以來
[00:24:52.000 --> 00:24:55.000]  你們常常偏離我的典章而不遵守
[00:24:55.000 --> 00:24:58.000]  現在你們要轉向我
[00:24:58.000 --> 00:25:00.000]  我就轉向你們
[00:25:00.000 --> 00:25:02.000]  耶和華說你們轉向我
[00:25:02.000 --> 00:25:03.000]  回歸向我
[00:25:03.000 --> 00:25:06.000]  我就回歸轉向你們
[00:25:06.000 --> 00:25:08.000]  然後你們卻說
[00:25:08.000 --> 00:25:11.000]  我們如何再次轉向神呢
[00:25:11.000 --> 00:25:13.000]  這句話你不要搞清楚
[00:25:13.000 --> 00:25:14.000]  他不是說
[00:25:14.000 --> 00:25:15.000]  哎呀那我怎樣可以轉向你
[00:25:15.000 --> 00:25:16.000]  不是的
[00:25:16.000 --> 00:25:18.000]  他說我為什麼要轉向你
[00:25:18.000 --> 00:25:20.000]  我從來都沒有離開過你
[00:25:20.000 --> 00:25:21.000]  你明白嗎
[00:25:21.000 --> 00:25:22.000]  就好像太太說
[00:25:22.000 --> 00:25:23.000]  你回到家裡
[00:25:23.000 --> 00:25:24.000]  老公說我
[00:25:24.000 --> 00:25:25.000]  我回到家裡
[00:25:25.000 --> 00:25:26.000]  我每次都在這裡
[00:25:26.000 --> 00:25:27.000]  你的人在這裡
[00:25:27.000 --> 00:25:28.000]  你的心不在這裡
[00:25:28.000 --> 00:25:30.000]  你回來
[00:25:30.000 --> 00:25:32.000]  這是另外一個
[00:25:32.000 --> 00:25:34.000]  和神的駁斥
[00:25:34.000 --> 00:25:35.000]  然後
[00:25:35.000 --> 00:25:37.000]  第三章十三節
[00:25:39.000 --> 00:25:43.000]  耶和華說你們用言語來頂撞我
[00:25:43.000 --> 00:25:45.000]  用說話來頂撞我
[00:25:45.000 --> 00:25:46.000]  你們卻說
[00:25:46.000 --> 00:25:49.000]  我用什麼說話頂撞了你
[00:25:49.000 --> 00:25:50.000]  然後耶和華說
[00:25:50.000 --> 00:25:51.000]  噤噤噤噤
[00:25:51.000 --> 00:25:54.000]  有些人說還有一節
[00:25:54.000 --> 00:25:55.000]  還有一節
[00:25:55.000 --> 00:25:57.000]  都是有這樣的意思
[00:25:57.000 --> 00:25:58.000]  不過沒有那麼明顯
[00:25:58.000 --> 00:26:00.000]  就是第三章的第八節
[00:26:00.000 --> 00:26:03.000]  就是大家很熟悉的那一段聖經
[00:26:03.000 --> 00:26:04.000]  很多人認識馬拉基斯
[00:26:04.000 --> 00:26:06.000]  是認識那一段
[00:26:06.000 --> 00:26:08.000]  就是第十節
[00:26:08.000 --> 00:26:09.000]  萬鈞耶和華說
[00:26:09.000 --> 00:26:11.000]  你要將神十分之一
[00:26:11.000 --> 00:26:12.000]  傳送到倉庫
[00:26:12.000 --> 00:26:13.000]  然後洩洩我
[00:26:13.000 --> 00:26:15.000]  我就打開天上的倉庫
[00:26:15.000 --> 00:26:16.000]  澆給你
[00:26:16.000 --> 00:26:17.000]  最喜歡後面那幾句
[00:26:17.000 --> 00:26:19.000]  澆了下來
[00:26:19.000 --> 00:26:21.000]  這個投資制度
[00:26:21.000 --> 00:26:24.000]  以後我們說到這一段再和你說
[00:26:24.000 --> 00:26:27.000]  這一節是翻到他趴在那裡的
[00:26:27.000 --> 00:26:29.000]  不是說有好東西送給你的
[00:26:29.000 --> 00:26:30.000]  沒有的
[00:26:30.000 --> 00:26:33.000]  不是說神弄一些東西給你看
[00:26:33.000 --> 00:26:34.000]  不是
[00:26:34.000 --> 00:26:35.000]  是神罵得很厲害
[00:26:35.000 --> 00:26:37.000]  我們慢慢研究這一節
[00:26:37.000 --> 00:26:39.000]  不過你看第八節有這樣的意思
[00:26:39.000 --> 00:26:42.000]  第八節耶和華說
[00:26:42.000 --> 00:26:45.000]  怎麼可以掠奪
[00:26:45.000 --> 00:26:47.000]  就是說搶奪我的東西呢
[00:26:47.000 --> 00:26:49.000]  然後
[00:26:49.000 --> 00:26:56.000]  你們卻說我在何事上搶奪你的公物呢
[00:26:56.000 --> 00:26:59.000]  我很重複的
[00:26:59.000 --> 00:27:01.000]  和大家一次過讀完
[00:27:01.000 --> 00:27:03.000]  其實有七次的說話
[00:27:04.000 --> 00:27:07.000]  這七次的說話裡面是同一個方式
[00:27:07.000 --> 00:27:09.000]  就是耶和華說
[00:27:09.000 --> 00:27:10.000]  我這樣這樣這樣
[00:27:10.000 --> 00:27:11.000]  我覺得你們這樣
[00:27:11.000 --> 00:27:12.000]  然後那些以色列人說
[00:27:12.000 --> 00:27:13.000]  我哪有這麼做
[00:27:13.000 --> 00:27:15.000]  我什麼時候這麼做
[00:27:15.000 --> 00:27:16.000]  我沒什麼
[00:27:16.000 --> 00:27:18.000]  我在什麼事情上這麼做
[00:27:18.000 --> 00:27:20.000]  他們不覺得自己這麼做
[00:27:20.000 --> 00:27:22.000]  不覺得自己這麼做
[00:27:22.000 --> 00:27:24.000]  我要問一個問題
[00:27:24.000 --> 00:27:27.000]  有兩種可能的解釋
[00:27:27.000 --> 00:27:28.000]  第一
[00:27:28.000 --> 00:27:30.000]  就是那些以色列人
[00:27:31.000 --> 00:27:34.000]  他們明知道自己做錯事
[00:27:34.000 --> 00:27:36.000]  但是就同神博嘴
[00:27:36.000 --> 00:27:38.000]  不肯承認
[00:27:38.000 --> 00:27:40.000]  這是第一個
[00:27:40.000 --> 00:27:43.000]  就好像小孩明明打爛了東西
[00:27:43.000 --> 00:27:45.000]  回來說是誰打爛的
[00:27:45.000 --> 00:27:46.000]  媽媽說
[00:27:46.000 --> 00:27:47.000]  我怎麼知道
[00:27:47.000 --> 00:27:48.000]  關我什麼事
[00:27:48.000 --> 00:27:49.000]  整個家裡只有他一個
[00:27:49.000 --> 00:27:51.000]  一隻貓而已
[00:27:51.000 --> 00:27:54.000]  這個是自己知道做錯事
[00:27:54.000 --> 00:27:56.000]  但是嘴硬不肯承認
[00:27:56.000 --> 00:27:58.000]  這是第一個可能的解釋
[00:27:58.000 --> 00:28:00.000]  也可以這麼說
[00:28:00.000 --> 00:28:02.000]  第二種可能的解釋
[00:28:02.000 --> 00:28:05.000]  就是他們連自己都不知道
[00:28:05.000 --> 00:28:07.000]  他真是認真的
[00:28:07.000 --> 00:28:09.000]  耶和華這樣說的時候
[00:28:09.000 --> 00:28:10.000]  沒有啊
[00:28:10.000 --> 00:28:12.000]  耶和華說
[00:28:12.000 --> 00:28:13.000]  為什麼你沾污我
[00:28:13.000 --> 00:28:14.000]  他說沒有啊
[00:28:14.000 --> 00:28:16.000]  你沾污我的祭壇
[00:28:16.000 --> 00:28:17.000]  他說沒有啊
[00:28:17.000 --> 00:28:18.000]  我什麼時候沾污你的祭壇
[00:28:18.000 --> 00:28:20.000]  到時候到後面那些東西上去
[00:28:20.000 --> 00:28:21.000]  然後耶和華說
[00:28:21.000 --> 00:28:23.000]  你捏些刺貨給我嘛
[00:28:23.000 --> 00:28:26.000]  你就沾污我囉
[00:28:26.000 --> 00:28:28.000]  就像剛才那第一句話
[00:28:28.000 --> 00:28:29.000]  我愛你
[00:28:29.000 --> 00:28:31.000]  他們說你什麼時候愛我
[00:28:31.000 --> 00:28:33.000]  為什麼這麼說
[00:28:33.000 --> 00:28:35.000]  其實心裡有很多不忿
[00:28:35.000 --> 00:28:40.000]  以色列人為什麼心裡有這麼多不忿
[00:28:40.000 --> 00:28:42.000]  其實因為他們的心覺得
[00:28:42.000 --> 00:28:45.000]  神不應該這樣駁斥他們
[00:28:45.000 --> 00:28:46.000]  神答應過
[00:28:46.000 --> 00:28:48.000]  被擄之後會歸回
[00:28:48.000 --> 00:28:50.000]  他們看了神先知的預言
[00:28:50.000 --> 00:28:52.000]  他們可以歸回
[00:28:52.000 --> 00:28:53.000]  是啊現在歸回了
[00:28:53.000 --> 00:28:55.000]  耶路撒冷回來了
[00:28:55.000 --> 00:28:57.000]  城牆建好了
[00:28:57.000 --> 00:29:01.000]  但是耶路撒冷的城牆沒有以前那麼漂亮
[00:29:01.000 --> 00:29:03.000]  是不是
[00:29:03.000 --> 00:29:05.000]  聖殿建好了
[00:29:05.000 --> 00:29:08.000]  和所羅門的時候差一大截
[00:29:08.000 --> 00:29:09.000]  為什麼告訴我們
[00:29:09.000 --> 00:29:10.000]  當他們建好的時候
[00:29:10.000 --> 00:29:12.000]  有些人曾經見過
[00:29:12.000 --> 00:29:13.000]  那些當然是很老了
[00:29:13.000 --> 00:29:16.000]  當然小孩子的時候見過
[00:29:16.000 --> 00:29:18.000]  所羅門舊陣時的聖殿
[00:29:18.000 --> 00:29:19.000]  見到新的聖殿
[00:29:19.000 --> 00:29:20.000]  他們就哭
[00:29:20.000 --> 00:29:21.000]  哭不是感動
[00:29:21.000 --> 00:29:22.000]  終於可以敬拜
[00:29:22.000 --> 00:29:23.000]  不是啊
[00:29:23.000 --> 00:29:25.000]  這麼差的
[00:29:26.000 --> 00:29:29.000]  其實他們心裡不是很服
[00:29:29.000 --> 00:29:31.000]  好了回歸了
[00:29:31.000 --> 00:29:33.000]  但是還要寄人籬下
[00:29:33.000 --> 00:29:35.000]  做人二等公民
[00:29:35.000 --> 00:29:38.000]  其實在他們的際遇裡面
[00:29:38.000 --> 00:29:40.000]  他們的心裡不服
[00:29:40.000 --> 00:29:42.000]  他們宗教活動都有了
[00:29:42.000 --> 00:29:43.000]  但是心裡不服
[00:29:43.000 --> 00:29:45.000]  所以神說我愛你
[00:29:45.000 --> 00:29:47.000]  他們口裡說你愛我什麼
[00:29:47.000 --> 00:29:49.000]  這樣的款式
[00:29:49.000 --> 00:29:51.000]  這樣的聖殿
[00:29:51.000 --> 00:29:53.000]  這樣的生活
[00:29:53.000 --> 00:29:55.000]  這樣做人二等公民
[00:29:55.000 --> 00:29:56.000]  你愛我
[00:29:56.000 --> 00:29:57.000]  這個你發覺
[00:29:57.000 --> 00:29:59.000]  是有兩種很不同的角度
[00:29:59.000 --> 00:30:01.000]  去看同一個人生際遇
[00:30:01.000 --> 00:30:03.000]  有沒有留意到
[00:30:03.000 --> 00:30:05.000]  所以神就說
[00:30:05.000 --> 00:30:07.000]  你藐視我
[00:30:07.000 --> 00:30:10.000]  他們說我在哪件事上藐視你
[00:30:10.000 --> 00:30:12.000]  我哪有藐視你
[00:30:12.000 --> 00:30:15.000]  神說你沒有將最好的獻給我
[00:30:15.000 --> 00:30:17.000]  你就藐視我
[00:30:17.000 --> 00:30:19.000]  然後耶和華說
[00:30:19.000 --> 00:30:20.000]  你頂撞我
[00:30:20.000 --> 00:30:21.000]  用說話
[00:30:21.000 --> 00:30:23.000]  不是這麼嚴重吧
[00:30:23.000 --> 00:30:24.000]  我哪有夠膽頂撞你
[00:30:24.000 --> 00:30:25.000]  耶和華說
[00:30:25.000 --> 00:30:27.000]  是的你沒有用口頂撞我
[00:30:27.000 --> 00:30:30.000]  但是你自己告訴自己
[00:30:30.000 --> 00:30:33.000]  這個世界沒有公平的
[00:30:33.000 --> 00:30:35.000]  守節
[00:30:35.000 --> 00:30:37.000]  禁食
[00:30:37.000 --> 00:30:39.000]  沒有用的
[00:30:39.000 --> 00:30:41.000]  神不幫那些公義的人
[00:30:41.000 --> 00:30:43.000]  幫那些壞人
[00:30:43.000 --> 00:30:44.000]  你這樣說的時候
[00:30:44.000 --> 00:30:47.000]  你雖然是說給你隔壁屋的人聽
[00:30:47.000 --> 00:30:50.000]  但是神說你頂撞我
[00:30:50.000 --> 00:30:52.000]  有沒有留意那個分別在哪裡
[00:30:52.000 --> 00:30:53.000]  那個分別就是
[00:30:53.000 --> 00:30:55.000]  在神的角度看一件事
[00:30:55.000 --> 00:30:56.000]  和人看的
[00:30:56.000 --> 00:30:59.000]  我相信這個是最可能的解釋
[00:30:59.000 --> 00:31:02.000]  以色列人不是說明知自己做錯
[00:31:02.000 --> 00:31:04.000]  但是死口不認那種
[00:31:04.000 --> 00:31:06.000]  而是以色列人
[00:31:06.000 --> 00:31:08.000]  他自己都不知道
[00:31:08.000 --> 00:31:10.000]  不知道他在頂撞神
[00:31:10.000 --> 00:31:13.000]  不知道他用言語藐視神
[00:31:13.000 --> 00:31:16.000]  他不知道他在占污神
[00:31:16.000 --> 00:31:18.000]  他不知道自己已經轉離了神
[00:31:18.000 --> 00:31:20.000]  所以神說你要轉回向我的時候
[00:31:20.000 --> 00:31:22.000]  我什麼時候需要轉回向你
[00:31:22.000 --> 00:31:23.000]  我沒有離開過你
[00:31:23.000 --> 00:31:24.000]  神說你離開了
[00:31:24.000 --> 00:31:26.000]  你都不知道
[00:31:26.000 --> 00:31:27.000]  神說你搶我的東西
[00:31:27.000 --> 00:31:30.000]  我說我哪有搶你的東西
[00:31:30.000 --> 00:31:32.000]  神說你將應該獻給我的
[00:31:32.000 --> 00:31:33.000]  你收回自己的家
[00:31:33.000 --> 00:31:34.000]  給我一點點
[00:31:34.000 --> 00:31:36.000]  你就是搶了我的東西
[00:31:36.000 --> 00:31:38.000]  有沒有看到那個分別
[00:31:38.000 --> 00:31:39.000]  那個分別就是
[00:31:39.000 --> 00:31:41.000]  在神的角度來看
[00:31:41.000 --> 00:31:43.000]  和在我們的角度
[00:31:43.000 --> 00:31:44.000]  在人的角度來看
[00:31:44.000 --> 00:31:45.000]  兩件事
[00:31:45.000 --> 00:31:48.000]  這個是一個更加嚴重
[00:31:48.000 --> 00:31:50.000]  但是很多時候
[00:31:50.000 --> 00:31:52.000]  是很隱晦的問題
[00:31:52.000 --> 00:31:54.000]  一個屬靈的問題
[00:31:54.000 --> 00:31:55.000]  那個屬靈的問題就是
[00:31:55.000 --> 00:31:57.000]  你自己都不知道
[00:31:57.000 --> 00:31:59.000]  好像我的題目這樣
[00:31:59.000 --> 00:32:02.000]  不知不覺間就墮落
[00:32:02.000 --> 00:32:06.000]  不知不覺間就墮落
[00:32:06.000 --> 00:32:10.000]  在這七個審判的說話裏
[00:32:10.000 --> 00:32:13.000]  我們大概將它分為三個步驟
[00:32:13.000 --> 00:32:18.000]  第一和第四
[00:32:18.000 --> 00:32:22.000]  我們可以說是和神的親切的關係
[00:32:22.000 --> 00:32:24.000]  我和大家看看
[00:32:24.000 --> 00:32:26.000]  一二三四那裏
[00:32:26.000 --> 00:32:29.000]  因為我跟著次序下去比較好
[00:32:29.000 --> 00:32:31.000]  但是內容上
[00:32:31.000 --> 00:32:35.000]  第一就是神說我曾愛你
[00:32:35.000 --> 00:32:41.000]  你說你那樣東西是想愛我
[00:32:41.000 --> 00:32:45.000]  神說你忘記了我對你的恩典
[00:32:45.000 --> 00:32:47.000]  所以你以為我沒有愛你
[00:32:47.000 --> 00:32:51.000]  我其實愛你到夠了
[00:32:51.000 --> 00:32:53.000]  第四那裏
[00:32:53.000 --> 00:32:56.000]  神說你轉向我
[00:32:56.000 --> 00:32:58.000]  我就轉向你
[00:32:58.000 --> 00:33:01.000]  你們卻說我們如何才可以轉向
[00:33:01.000 --> 00:33:06.000]  其實神說你因為已經離開了我
[00:33:06.000 --> 00:33:08.000]  你自己都不知道
[00:33:08.000 --> 00:33:10.000]  這個是關係上
[00:33:10.000 --> 00:33:13.000]  第二就是態度上
[00:33:13.000 --> 00:33:15.000]  態度上就是第二那裏
[00:33:15.000 --> 00:33:18.000]  藐視神是占污神那裏
[00:33:18.000 --> 00:33:19.000]  剛才那裏說
[00:33:19.000 --> 00:33:21.000]  神說你藐視我
[00:33:21.000 --> 00:33:23.000]  不尊敬我
[00:33:23.000 --> 00:33:26.000]  有意思是說我在哪件事上不尊敬你
[00:33:26.000 --> 00:33:28.000]  你占污我
[00:33:28.000 --> 00:33:31.000]  你占污了我的祭壇
[00:33:31.000 --> 00:33:34.000]  然後他們說我何時占污你
[00:33:34.000 --> 00:33:38.000]  神說你將那些次等
[00:33:38.000 --> 00:33:41.000]  你不要的才扔給我的祭壇
[00:33:41.000 --> 00:33:44.000]  你就占污了我的祭壇
[00:33:44.000 --> 00:33:45.000]  沒有錯
[00:33:45.000 --> 00:33:48.000]  你沒有用污糟的東西掃在我的祭壇上
[00:33:48.000 --> 00:33:52.000]  但我所要求的東西你沒有給我
[00:33:52.000 --> 00:33:54.000]  你將次貨給我
[00:33:54.000 --> 00:33:56.000]  神說在我的眼中
[00:33:56.000 --> 00:33:57.000]  在我的標準裏面
[00:33:57.000 --> 00:33:59.000]  你就占污了我
[00:33:59.000 --> 00:34:00.000]  大家明白嗎
[00:34:00.000 --> 00:34:02.000]  有時候我們慢慢已經覺得
[00:34:02.000 --> 00:34:03.000]  我沒有占污
[00:34:03.000 --> 00:34:05.000]  在他的概念裏面
[00:34:05.000 --> 00:34:08.000]  所謂占污就是找些污糟的血
[00:34:08.000 --> 00:34:10.000]  不洗乾淨的壇
[00:34:10.000 --> 00:34:11.000]  在他的標準裏面
[00:34:11.000 --> 00:34:12.000]  他沒有占污
[00:34:12.000 --> 00:34:13.000]  但在神的標準裏面占污
[00:34:13.000 --> 00:34:14.000]  他沒有離開神
[00:34:14.000 --> 00:34:16.000]  但在神的眼中他已經離開了神
[00:34:16.000 --> 00:34:18.000]  他在自己的標準裏面
[00:34:18.000 --> 00:34:19.000]  他繼續愛神
[00:34:19.000 --> 00:34:21.000]  但神說你已經不愛我了
[00:34:21.000 --> 00:34:24.000]  因為你沒有紀念我對你的恩典
[00:34:24.000 --> 00:34:28.000]  然後他看見更加嚴重的第三個層次
[00:34:28.000 --> 00:34:30.000]  就是神說你攻擊我
[00:34:30.000 --> 00:34:31.000]  你頂撞我
[00:34:31.000 --> 00:34:32.000]  用言語頂撞我
[00:34:32.000 --> 00:34:34.000]  用言語反鎖我
[00:34:34.000 --> 00:34:36.000]  甚至剛才我們三章八字那裏
[00:34:36.000 --> 00:34:38.000]  你是搶奪我
[00:34:38.000 --> 00:34:41.000]  這些是很嚴重的攻擊性字眼
[00:34:41.000 --> 00:34:43.000]  頂撞
[00:34:43.000 --> 00:34:45.000]  反鎖
[00:34:45.000 --> 00:34:47.000]  和搶奪
[00:34:47.000 --> 00:34:50.000]  這些是對神很嚴重的攻擊
[00:34:50.000 --> 00:34:51.000]  那些意思是
[00:34:51.000 --> 00:34:52.000]  沒有吧
[00:34:52.000 --> 00:34:53.000]  你沒有說得這麼嚴重
[00:34:53.000 --> 00:34:54.000]  神說是的
[00:34:54.000 --> 00:34:56.000]  我知道在你的標準裏面
[00:34:56.000 --> 00:34:59.000]  你並沒有頂撞我
[00:34:59.000 --> 00:35:00.000]  但是剛才說的
[00:35:00.000 --> 00:35:02.000]  當你和鄰舍周圍說
[00:35:02.000 --> 00:35:04.000]  使不得公義
[00:35:04.000 --> 00:35:06.000]  這個世界每個人都是這樣的
[00:35:06.000 --> 00:35:08.000]  每個人都是側側膊的
[00:35:08.000 --> 00:35:10.000]  側側膊的那些有好出路的
[00:35:10.000 --> 00:35:13.000]  那些正正式式去做事的那些
[00:35:13.000 --> 00:35:15.000]  遵守了耶和華的規矩的那些
[00:35:15.000 --> 00:35:17.000]  就可能不會做了
[00:35:17.000 --> 00:35:18.000]  當你這樣說的時候
[00:35:18.000 --> 00:35:22.000]  神說你以為是在發牢騷
[00:35:22.000 --> 00:35:24.000]  但是神說在我的耳中
[00:35:24.000 --> 00:35:26.000]  你是在頂撞我
[00:35:26.000 --> 00:35:27.000]  你在罵我
[00:35:27.000 --> 00:35:31.000]  我們在《馬拉基書》裏看到這件事的時候
[00:35:31.000 --> 00:35:34.000]  可能和弟兄姊妹一起分享
[00:35:34.000 --> 00:35:38.000]  我們自己每一個人都是反省
[00:35:38.000 --> 00:35:40.000]  我們在《馬拉基書》裏看到
[00:35:40.000 --> 00:35:43.000]  有兩個層次的宗教生活
[00:35:43.000 --> 00:35:46.000]  一個是以色列人當時
[00:35:46.000 --> 00:35:48.000]  每一樣東西都有除
[00:35:48.000 --> 00:35:51.000]  在他們的標準裏面有多好
[00:35:51.000 --> 00:35:53.000]  不錯啊
[00:35:53.000 --> 00:35:55.000]  我又去祭壇
[00:35:55.000 --> 00:35:57.000]  我又去到時候守節
[00:35:57.000 --> 00:35:59.000]  我又守神的律法
[00:35:59.000 --> 00:36:02.000]  我仍然保持我們的宗教
[00:36:02.000 --> 00:36:04.000]  但是在神的角度
[00:36:04.000 --> 00:36:07.000]  神說你已經一路一路得罪了
[00:36:07.000 --> 00:36:13.000]  神看人和人看自己
[00:36:13.000 --> 00:36:15.000]  兩個角度
[00:36:15.000 --> 00:36:18.000]  上一年有上過羅馬書
[00:36:18.000 --> 00:36:20.000]  那些主要學的同學
[00:36:20.000 --> 00:36:23.000]  記得我說過羅馬書第八章七節
[00:36:23.000 --> 00:36:24.000]  老實說
[00:36:24.000 --> 00:36:28.000]  你豈不知以肉體的事為念
[00:36:28.000 --> 00:36:30.000]  就是以神為仇魔
[00:36:30.000 --> 00:36:35.000]  這句話有幾晚都令我很震驚
[00:36:35.000 --> 00:36:38.000]  你想清楚這句話
[00:36:38.000 --> 00:36:42.000]  你豈不知以肉體的事為念
[00:36:42.000 --> 00:36:46.000]  set your mind on the flesh
[00:36:46.000 --> 00:36:49.000]  你就是以神為仇
[00:36:49.000 --> 00:36:52.000]  you have hostility to God
[00:36:52.000 --> 00:36:57.000]  這個是兩個不同的方向
[00:36:57.000 --> 00:36:59.000]  我們很多時候
[00:36:59.000 --> 00:37:01.000]  體貼肉體的事
[00:37:01.000 --> 00:37:03.000]  我們說我們體貼肉體
[00:37:03.000 --> 00:37:05.000]  我們不是得罪神
[00:37:05.000 --> 00:37:07.000]  我們愛一個人
[00:37:07.000 --> 00:37:09.000]  那個人不應該愛一個人
[00:37:09.000 --> 00:37:12.000]  或者我喜歡一些我不應該喜歡的東西
[00:37:12.000 --> 00:37:17.000]  我追求一些神好像沒有要我追求的東西
[00:37:17.000 --> 00:37:21.000]  這些都不是很差
[00:37:21.000 --> 00:37:24.000]  但是原來在神的角度來看
[00:37:24.000 --> 00:37:26.000]  在神的角度來看
[00:37:26.000 --> 00:37:31.000]  如果你的心set your mind on the flesh
[00:37:31.000 --> 00:37:35.000]  你的心追尋這些東西的時候
[00:37:35.000 --> 00:37:39.000]  在神的眼中你就以祂為仇
[00:37:39.000 --> 00:37:41.000]  你看到嗎
[00:37:41.000 --> 00:37:42.000]  你說我不是
[00:37:42.000 --> 00:37:46.000]  我只不過是想追尋一些我自己的東西
[00:37:46.000 --> 00:37:48.000]  你明知神不喜歡你這樣做
[00:37:48.000 --> 00:37:50.000]  但是我喜歡
[00:37:50.000 --> 00:37:51.000]  你說試一下
[00:37:51.000 --> 00:37:52.000]  我試一下
[00:37:52.000 --> 00:37:53.000]  我試一下
[00:37:53.000 --> 00:37:56.000]  你的眼是看著那樣東西
[00:37:56.000 --> 00:37:58.000]  但是你不知道你這個行動
[00:37:58.000 --> 00:38:01.000]  其實是在頂撞神
[00:38:01.000 --> 00:38:03.000]  是與神為仇
[00:38:03.000 --> 00:38:05.000]  很多時候我們以為我沒有與神為仇
[00:38:05.000 --> 00:38:07.000]  我沒有罵祂
[00:38:07.000 --> 00:38:09.000]  我哪有膽量罵祂
[00:38:09.000 --> 00:38:10.000]  老實說
[00:38:10.000 --> 00:38:12.000]  為什麼要被祂罰我
[00:38:12.000 --> 00:38:14.000]  我沒有騙祂
[00:38:14.000 --> 00:38:16.000]  我每次來到神的面前祈禱
[00:38:16.000 --> 00:38:17.000]  我都認罪
[00:38:17.000 --> 00:38:18.000]  我沒有騙祂
[00:38:18.000 --> 00:38:20.000]  只是比較寧漏
[00:38:20.000 --> 00:38:24.000]  我們不敢對著神做一些壞事
[00:38:24.000 --> 00:38:27.000]  但是羅馬書第八章七節說
[00:38:27.000 --> 00:38:32.000]  當我們的心追尋一些不是神要我們追尋的東西的時候
[00:38:32.000 --> 00:38:34.000]  在神的眼中
[00:38:34.000 --> 00:38:37.000]  我們就是與祂為仇
[00:38:37.000 --> 00:38:40.000]  一個很嚴重的話
[00:38:40.000 --> 00:38:46.000]  可能你開始明白我剛才說的那些開場白的意思
[00:38:46.000 --> 00:38:48.000]  我自己都害怕
[00:38:48.000 --> 00:38:50.000]  我自己都很害怕
[00:38:50.000 --> 00:38:52.000]  當我追尋一樣東西的時候
[00:38:52.000 --> 00:38:54.000]  我只是在看這些色情的東西
[00:38:54.000 --> 00:38:57.000]  只不過是正中洞
[00:38:57.000 --> 00:39:00.000]  我的眼睛是看著那樣東西
[00:39:00.000 --> 00:39:03.000]  但是你是與神為仇
[00:39:03.000 --> 00:39:05.000]  因為那樣東西是沒有神在
[00:39:05.000 --> 00:39:07.000]  並且與神為敵的東西
[00:39:07.000 --> 00:39:09.000]  當你追尋那樣東西的時候
[00:39:09.000 --> 00:39:11.000]  你就與撒旦為伍
[00:39:11.000 --> 00:39:12.000]  對不起
[00:39:12.000 --> 00:39:14.000]  我只能夠按照聖經的標準
[00:39:14.000 --> 00:39:16.000]  由舊弱到新弱都是這麼說
[00:39:16.000 --> 00:39:17.000]  請你了解
[00:39:17.000 --> 00:39:18.000]  請你明白
[00:39:18.000 --> 00:39:20.000]  我不是想特別針對你
[00:39:20.000 --> 00:39:22.000]  但是神的要求標準是這麼高
[00:39:22.000 --> 00:39:24.000]  所以以色列人就是不明白
[00:39:24.000 --> 00:39:26.000]  七次都不明白
[00:39:26.000 --> 00:39:28.000]  我哪有這樣
[00:39:28.000 --> 00:39:29.000]  我哪有這樣
[00:39:29.000 --> 00:39:31.000]  神說你以為你沒有這樣
[00:39:31.000 --> 00:39:33.000]  但是在我眼中你已經是這樣
[00:39:33.000 --> 00:39:36.000]  神看人是那個內心
[00:39:36.000 --> 00:39:38.000]  不是看那個表面
[00:39:38.000 --> 00:39:39.000]  兄弟姐妹
[00:39:39.000 --> 00:39:40.000]  對不起
[00:39:40.000 --> 00:39:41.000]  我要這樣說
[00:39:41.000 --> 00:39:44.000]  這個就是我們在神面前
[00:39:44.000 --> 00:39:46.000]  那個分別的地方
[00:39:46.000 --> 00:39:48.000]  表面他們不敢得罪神
[00:39:48.000 --> 00:39:52.000]  但是心裏面已經離開了神
[00:39:52.000 --> 00:39:55.000]  神所看的是你心裏面
[00:39:55.000 --> 00:39:57.000]  你明白我剛才說的
[00:39:57.000 --> 00:39:59.000]  在馬拉基的書裏顯示了
[00:39:59.000 --> 00:40:02.000]  以色列人表面看不到
[00:40:02.000 --> 00:40:04.000]  但是神看多了裏面
[00:40:04.000 --> 00:40:06.000]  有空回來找找你七次
[00:40:06.000 --> 00:40:08.000]  七次的時候
[00:40:08.000 --> 00:40:11.000]  他心裏面堆上很多的不滿
[00:40:11.000 --> 00:40:13.000]  有七次的不滿
[00:40:17.000 --> 00:40:19.000]  我不管你表面是怎樣
[00:40:19.000 --> 00:40:21.000]  你的性格是怎樣我不知道
[00:40:21.000 --> 00:40:24.000]  可能人看你的性格
[00:40:24.000 --> 00:40:25.000]  你很乖
[00:40:25.000 --> 00:40:27.000]  很純
[00:40:27.000 --> 00:40:29.000]  北宣很多頂姐妹都是這樣
[00:40:29.000 --> 00:40:31.000]  很多姐妹都是這樣
[00:40:31.000 --> 00:40:33.000]  弟兄都很純
[00:40:33.000 --> 00:40:35.000]  但是神看你裏面
[00:40:35.000 --> 00:40:37.000]  可能你對神
[00:40:37.000 --> 00:40:39.000]  你表面是很純
[00:40:39.000 --> 00:40:40.000]  但是你自己要知道
[00:40:40.000 --> 00:40:42.000]  你心裏面可能諸多的不滿
[00:40:42.000 --> 00:40:45.000]  神不是看你外面那些
[00:40:45.000 --> 00:40:48.000]  可能你嘻嘻哈哈很開心
[00:40:48.000 --> 00:40:50.000]  很樂天
[00:40:50.000 --> 00:40:53.000]  人看見你一個很開心的基督徒
[00:40:53.000 --> 00:40:54.000]  沒問題
[00:40:54.000 --> 00:40:56.000]  但是神看你內心
[00:40:56.000 --> 00:40:58.000]  可能你仍然心裏面堆上很多的不滿
[00:40:58.000 --> 00:41:00.000]  你對你自己人生的際遇有很多的不滿
[00:41:00.000 --> 00:41:02.000]  你覺得神對你不全
[00:41:02.000 --> 00:41:04.000]  神愛你不夠
[00:41:04.000 --> 00:41:06.000]  如果是這樣的話
[00:41:06.000 --> 00:41:08.000]  請你張開這個表面
[00:41:08.000 --> 00:41:11.000]  看你今晚和媽媽一起怎樣
[00:41:11.000 --> 00:41:13.000]  可能在你眼中
[00:41:13.000 --> 00:41:15.000]  教會裏面頂姐妹說你很有義氣
[00:41:15.000 --> 00:41:17.000]  很樂天
[00:41:17.000 --> 00:41:18.000]  Good
[00:41:18.000 --> 00:41:20.000]  但是神看你在內心
[00:41:20.000 --> 00:41:22.000]  你對神有沒有不滿
[00:41:22.000 --> 00:41:24.000]  有沒有不知不覺離開了他的愛
[00:41:24.000 --> 00:41:30.000]  慢慢慢慢宗教取代了你對神的那個關係
[00:41:30.000 --> 00:41:32.000]  很容易的
[00:41:32.000 --> 00:41:33.000]  頂姐妹
[00:41:33.000 --> 00:41:34.000]  直到有一天突然之間爛出來
[00:41:34.000 --> 00:41:36.000]  才發現原來是這麼離譜
[00:41:36.000 --> 00:41:38.000]  很多時候
[00:41:38.000 --> 00:41:44.000]  我們的神變成了我們的子女的保護者
[00:41:44.000 --> 00:41:46.000]  我們對神的愛
[00:41:46.000 --> 00:41:48.000]  變成了我們對子女的保護者
[00:41:48.000 --> 00:41:50.000]  教會
[00:41:50.000 --> 00:41:56.000]  成為一個我們的子女成長得更好的環境
[00:41:56.000 --> 00:41:58.000]  或者我們的神
[00:41:58.000 --> 00:42:00.000]  變成了我們家裏的觀音
[00:42:00.000 --> 00:42:03.000]  或者是孤桂貓
[00:42:03.000 --> 00:42:05.000]  有神我餵著牠
[00:42:05.000 --> 00:42:06.000]  有患病的時候
[00:42:06.000 --> 00:42:09.000]  成為牠的倚靠
[00:42:09.000 --> 00:42:11.000]  不知不覺的
[00:42:11.000 --> 00:42:13.000]  甚至有時候那個侍奉
[00:42:13.000 --> 00:42:15.000]  變成了
[00:42:15.000 --> 00:42:17.000]  你和我有時候
[00:42:17.000 --> 00:42:19.000]  那個自我成就感
[00:42:19.000 --> 00:42:22.000]  和滿足感的一個機會
[00:42:22.000 --> 00:42:24.000]  直到有一天
[00:42:24.000 --> 00:42:26.000]  突然之間的事情發生
[00:42:26.000 --> 00:42:28.000]  才發現原來裏面的動機
[00:42:28.000 --> 00:42:30.000]  最近在另外一個教會
[00:42:30.000 --> 00:42:32.000]  不用擔心
[00:42:32.000 --> 00:42:34.000]  不是在香港
[00:42:34.000 --> 00:42:36.000]  另外一個教會
[00:42:36.000 --> 00:42:38.000]  我那次去港島
[00:42:38.000 --> 00:42:40.000]  通常在港島報告的時候
[00:42:40.000 --> 00:42:42.000]  我沒什麼事情做
[00:42:42.000 --> 00:42:44.000]  報告的事情我不懂
[00:42:44.000 --> 00:42:46.000]  不知道教會是誰打誰
[00:42:46.000 --> 00:42:48.000]  我多數看在後面
[00:42:48.000 --> 00:42:50.000]  發覺
[00:42:50.000 --> 00:42:54.000]  那間教會有二百多人
[00:42:54.000 --> 00:42:58.000]  每個禮拜都寫教會有多少人
[00:42:58.000 --> 00:43:04.000]  我沿著崇拜有一個執事請我吃飯
[00:43:04.000 --> 00:43:08.000]  我就說教會是多麼好
[00:43:08.000 --> 00:43:10.000]  二百多人聚會
[00:43:10.000 --> 00:43:12.000]  小小的聚會
[00:43:12.000 --> 00:43:14.000]  二百多人聚會
[00:43:14.000 --> 00:43:16.000]  那個執事彈了一句
[00:43:16.000 --> 00:43:18.000]  你來港島有很多人
[00:43:18.000 --> 00:43:20.000]  我說不是
[00:43:20.000 --> 00:43:22.000]  你不要這麼客氣
[00:43:22.000 --> 00:43:24.000]  我看過你上個禮拜
[00:43:24.000 --> 00:43:26.000]  二十二百多人
[00:43:26.000 --> 00:43:28.000]  這個禮拜二百多人
[00:43:28.000 --> 00:43:30.000]  上個禮拜也不是我港島
[00:43:30.000 --> 00:43:32.000]  二百多人不關我的事
[00:43:32.000 --> 00:43:34.000]  他看了一句話
[00:43:34.000 --> 00:43:36.000]  篤數
[00:43:36.000 --> 00:43:38.000]  哇
[00:43:38.000 --> 00:43:40.000]  嚇我一跳
[00:43:40.000 --> 00:43:42.000]  教會有篤數
[00:43:42.000 --> 00:43:44.000]  你知道什麼叫篤數嗎
[00:43:44.000 --> 00:43:46.000]  就是狐仙那些
[00:43:46.000 --> 00:43:50.000]  就是說沒有二百多人
[00:43:50.000 --> 00:43:52.000]  只是篤大數
[00:43:52.000 --> 00:43:54.000]  因為
[00:43:54.000 --> 00:43:56.000]  前幾個月
[00:43:56.000 --> 00:43:58.000]  有些信徒
[00:43:58.000 --> 00:44:00.000]  鬧分裂
[00:44:00.000 --> 00:44:02.000]  派了一班人走
[00:44:02.000 --> 00:44:04.000]  他說我不想讓人覺得
[00:44:04.000 --> 00:44:06.000]  他走了我們人少
[00:44:06.000 --> 00:44:08.000]  所以篤數
[00:44:08.000 --> 00:44:10.000]  我心裏覺得是罪
[00:44:10.000 --> 00:44:12.000]  剛才聽到港島敢說篤數
[00:44:12.000 --> 00:44:14.000]  告訴我
[00:44:14.000 --> 00:44:16.000]  我去過很多教會
[00:44:16.000 --> 00:44:18.000]  什麼都見過
[00:44:18.000 --> 00:44:20.000]  我講很多奇聞給你聽
[00:44:20.000 --> 00:44:22.000]  篤數的教會
[00:44:22.000 --> 00:44:24.000]  數一百人
[00:44:24.000 --> 00:44:26.000]  也抽夠二百多人寫下去
[00:44:26.000 --> 00:44:30.000]  還有一個執事親口告訴我
[00:44:30.000 --> 00:44:34.000]  有時候覺得
[00:44:34.000 --> 00:44:36.000]  這些不是一朝一夕的
[00:44:36.000 --> 00:44:38.000]  那些教會
[00:44:38.000 --> 00:44:40.000]  那間教會弟兄姊妹的
[00:44:40.000 --> 00:44:42.000]  執事不會一開始
[00:44:42.000 --> 00:44:44.000]  崇拜信主就篤數
[00:44:44.000 --> 00:44:46.000]  但不知怎樣慢慢搞
[00:44:46.000 --> 00:44:48.000]  將重點的focus
[00:44:48.000 --> 00:44:50.000]  由神那裏落到人的面子那裏
[00:44:50.000 --> 00:44:52.000]  到那班人走了
[00:44:52.000 --> 00:44:54.000]  我不知什麼原因
[00:44:54.000 --> 00:44:56.000]  當然不高興
[00:44:56.000 --> 00:44:58.000]  不知跟誰鬥
[00:44:58.000 --> 00:45:00.000]  我不理那麼多
[00:45:00.000 --> 00:45:02.000]  走了一批人覺得面子不落
[00:45:02.000 --> 00:45:04.000]  所以篤數篤大數據
[00:45:04.000 --> 00:45:06.000]  百多人寫到二百多人
[00:45:06.000 --> 00:45:08.000]  每個星期寫到二百多人
[00:45:08.000 --> 00:45:10.000]  看你走了之後我們教會都沒得到
[00:45:10.000 --> 00:45:12.000]  多個地步已經篤了
[00:45:12.000 --> 00:45:14.000]  你明白嗎
[00:45:14.000 --> 00:45:16.000]  這些不是一朝一夕的
[00:45:16.000 --> 00:45:18.000]  不是一朝一夕的
[00:45:18.000 --> 00:45:20.000]  我不知道你和我今天在什麼情況下
[00:45:20.000 --> 00:45:22.000]  不過無論如何我希望
[00:45:22.000 --> 00:45:24.000]  馬拉基說提醒你和我
[00:45:24.000 --> 00:45:26.000]  今天你和我
[00:45:26.000 --> 00:45:28.000]  坐在這裏的時候
[00:45:28.000 --> 00:45:30.000]  人家看你你看自己
[00:45:30.000 --> 00:45:32.000]  是一件事我不知道
[00:45:32.000 --> 00:45:34.000]  你今晚你自己知道
[00:45:34.000 --> 00:45:36.000]  但今晚我想你問一個問題
[00:45:36.000 --> 00:45:38.000]  神怎樣看我
[00:45:38.000 --> 00:45:40.000]  你會不會都好像那班以色列人那樣說
[00:45:40.000 --> 00:45:42.000]  我什麼時候頂撞你
[00:45:42.000 --> 00:45:44.000]  沒有啊
[00:45:44.000 --> 00:45:46.000]  拍下良心我沒有頂撞你
[00:45:46.000 --> 00:45:48.000]  我沒有頂撞你
[00:45:48.000 --> 00:45:52.000]  你哪有搶劫你的東西
[00:45:52.000 --> 00:45:54.000]  神說你搶劫我
[00:45:54.000 --> 00:45:58.000]  我什麼時候會沾污你
[00:45:58.000 --> 00:46:00.000]  你沾污了我
[00:46:00.000 --> 00:46:02.000]  我什麼時候會離開你
[00:46:02.000 --> 00:46:04.000]  你已經離開了我
[00:46:04.000 --> 00:46:06.000]  你有沒有留意到
[00:46:06.000 --> 00:46:08.000]  我希望今天神對我們每一個人說
[00:46:08.000 --> 00:46:10.000]  我不知道在教會
[00:46:10.000 --> 00:46:12.000]  弟兄姊妹的眼中和你自己心目中
[00:46:12.000 --> 00:46:14.000]  你是一個怎樣的基督徒
[00:46:14.000 --> 00:46:16.000]  但我希望今晚神對你來個說話
[00:46:16.000 --> 00:46:18.000]  求主幫助我們
[00:46:18.000 --> 00:46:20.000]  每一個人在神面前給他散開
[00:46:20.000 --> 00:46:22.000]  用神的標準
[00:46:22.000 --> 00:46:24.000]  聽下神和你講和評價
[00:46:24.000 --> 00:46:26.000]  你是怎樣的
[00:46:26.000 --> 00:46:28.000]  好了
[00:46:28.000 --> 00:46:30.000]  剩下一點時間
[00:46:30.000 --> 00:46:32.000]  我們轉向前面這幾節的聖經
[00:46:32.000 --> 00:46:36.000]  我們先看看前面這幾節
[00:46:36.000 --> 00:46:38.000]  作為一個啟示點
[00:46:38.000 --> 00:46:40.000]  其中一樣
[00:46:40.000 --> 00:46:42.000]  剛才我們所說的
[00:46:42.000 --> 00:46:44.000]  在第二節說
[00:46:44.000 --> 00:46:46.000]  耶和華說我曾愛你們
[00:46:46.000 --> 00:46:48.000]  你們卻說
[00:46:48.000 --> 00:46:50.000]  你在何地上愛我們
[00:46:50.000 --> 00:46:54.000]  然後耶和華說
[00:46:54.000 --> 00:46:56.000]  以素不是雅各的哥哥
[00:46:56.000 --> 00:46:58.000]  我卻愛雅各
[00:46:58.000 --> 00:47:00.000]  故以素指他的山嶺荒涼
[00:47:00.000 --> 00:47:02.000]  化他的地業
[00:47:02.000 --> 00:47:04.000]  交給曠野的野狗
[00:47:04.000 --> 00:47:06.000]  以東人就是以素的後裔
[00:47:06.000 --> 00:47:08.000]  以東人說
[00:47:08.000 --> 00:47:10.000]  我們現在雖然被毀壞
[00:47:10.000 --> 00:47:12.000]  但卻要建立
[00:47:12.000 --> 00:47:14.000]  荒廢之處
[00:47:14.000 --> 00:47:16.000]  萬君子耶和華如此說
[00:47:16.000 --> 00:47:18.000]  任憑他們建造
[00:47:18.000 --> 00:47:20.000]  我必拆毀
[00:47:20.000 --> 00:47:22.000]  人必稱他們的地為罪惡之境
[00:47:22.000 --> 00:47:24.000]  稱他們的民為耶和華
[00:47:24.000 --> 00:47:26.000]  永遠老奴之民
[00:47:26.000 --> 00:47:28.000]  你們必親眼看見
[00:47:28.000 --> 00:47:30.000]  也必說
[00:47:30.000 --> 00:47:32.000]  願耶和華在以色列境界之愛被尊為大
[00:47:32.000 --> 00:47:34.000]  這段聖經不容易解釋
[00:47:34.000 --> 00:47:38.000]  因為最重要的是
[00:47:38.000 --> 00:47:40.000]  我愛以素
[00:47:40.000 --> 00:47:42.000]  護雅各
[00:47:42.000 --> 00:47:54.000]  究竟為什麼
[00:47:54.000 --> 00:47:56.000]  神要這樣說
[00:47:56.000 --> 00:47:58.000]  在神學上有很多方法去解釋
[00:47:58.000 --> 00:48:00.000]  今晚就慢慢用神學去解釋
[00:48:00.000 --> 00:48:02.000]  我想用
[00:48:02.000 --> 00:48:04.000]  神的心境和你和我
[00:48:04.000 --> 00:48:06.000]  的經驗去理解
[00:48:08.000 --> 00:48:10.000]  首先我們心裏
[00:48:10.000 --> 00:48:12.000]  一定會出現一個
[00:48:12.000 --> 00:48:14.000]  很不公平
[00:48:14.000 --> 00:48:16.000]  關以素什麼事
[00:48:16.000 --> 00:48:18.000]  事實上
[00:48:18.000 --> 00:48:20.000]  也是
[00:48:20.000 --> 00:48:22.000]  創世紀裏看見的事實
[00:48:22.000 --> 00:48:24.000]  神從開始
[00:48:24.000 --> 00:48:26.000]  揀選雅各
[00:48:26.000 --> 00:48:28.000]  沒有揀選以素
[00:48:28.000 --> 00:48:30.000]  雅各是不是好兒子
[00:48:30.000 --> 00:48:32.000]  雅各也不是好兒子
[00:48:32.000 --> 00:48:34.000]  未出世就抓住他的腳
[00:48:34.000 --> 00:48:36.000]  衝出來想爬頭
[00:48:36.000 --> 00:48:38.000]  爬不到頭
[00:48:38.000 --> 00:48:40.000]  蝕了馬鼻
[00:48:40.000 --> 00:48:42.000]  輸了
[00:48:42.000 --> 00:48:44.000]  輸了之後千方百計就騙
[00:48:44.000 --> 00:48:46.000]  騙他爸爸
[00:48:46.000 --> 00:48:48.000]  騙了他長子名分
[00:48:48.000 --> 00:48:50.000]  於是怕他哥哥殺
[00:48:50.000 --> 00:48:52.000]  跑去親戚那裏
[00:48:52.000 --> 00:48:54.000]  又去騙
[00:48:54.000 --> 00:48:56.000]  騙到最後見他哥哥也怕他哥哥殺
[00:48:56.000 --> 00:48:58.000]  和神
[00:48:58.000 --> 00:49:00.000]  諸多作對
[00:49:00.000 --> 00:49:02.000]  和人諸多作對
[00:49:02.000 --> 00:49:04.000]  最後在夢中在異象當中
[00:49:04.000 --> 00:49:06.000]  神就摔跤
[00:49:06.000 --> 00:49:08.000]  被神的天使
[00:49:08.000 --> 00:49:10.000]  扭斷他的大腿窩
[00:49:10.000 --> 00:49:12.000]  從此他就跛了
[00:49:12.000 --> 00:49:14.000]  那一刻可能就開始突然打醒他
[00:49:14.000 --> 00:49:16.000]  從今之後
[00:49:16.000 --> 00:49:18.000]  他就開始
[00:49:18.000 --> 00:49:20.000]  人的生命開始改變
[00:49:20.000 --> 00:49:22.000]  以素一生
[00:49:22.000 --> 00:49:24.000]  也不是好兒子
[00:49:24.000 --> 00:49:26.000]  老實說
[00:49:26.000 --> 00:49:28.000]  你會問為什麼神要恩待他
[00:49:28.000 --> 00:49:30.000]  為什麼神
[00:49:30.000 --> 00:49:32.000]  不恩待
[00:49:32.000 --> 00:49:34.000]  我說錯了
[00:49:34.000 --> 00:49:36.000]  我時常都說錯
[00:49:36.000 --> 00:49:38.000]  今天不知道為什麼
[00:49:38.000 --> 00:49:40.000]  雅各不是好兒子
[00:49:40.000 --> 00:49:42.000]  雅各
[00:49:42.000 --> 00:49:44.000]  很反骨的
[00:49:44.000 --> 00:49:46.000]  但是神一直恩待他
[00:49:46.000 --> 00:49:48.000]  一次又一次給他機會
[00:49:48.000 --> 00:49:50.000]  摔跤
[00:49:50.000 --> 00:49:52.000]  和他打架
[00:49:52.000 --> 00:49:54.000]  真的很降妃
[00:49:54.000 --> 00:49:56.000]  和他打
[00:49:56.000 --> 00:49:58.000]  以素呢
[00:49:58.000 --> 00:50:00.000]  為什麼神不恩待他
[00:50:00.000 --> 00:50:02.000]  你問我
[00:50:02.000 --> 00:50:04.000]  我不明白
[00:50:04.000 --> 00:50:06.000]  尤其是這裡說我愛雅各
[00:50:06.000 --> 00:50:08.000]  恨以素
[00:50:08.000 --> 00:50:10.000]  肯定有愛和恨的分別
[00:50:10.000 --> 00:50:12.000]  這個恨呢
[00:50:12.000 --> 00:50:14.000]  當然神學上是明白的
[00:50:14.000 --> 00:50:16.000]  這個恨這個字
[00:50:16.000 --> 00:50:18.000]  是一個誇張的對比
[00:50:18.000 --> 00:50:20.000]  愛和恨
[00:50:20.000 --> 00:50:22.000]  好像耶穌說的
[00:50:22.000 --> 00:50:24.000]  你愛我就要恨你的父母
[00:50:24.000 --> 00:50:26.000]  兄弟兒女
[00:50:26.000 --> 00:50:28.000]  恨不是生氣
[00:50:28.000 --> 00:50:30.000]  很大的差距
[00:50:30.000 --> 00:50:32.000]  愛得很厲害
[00:50:32.000 --> 00:50:34.000]  和沒有愛的分別
[00:50:34.000 --> 00:50:36.000]  就好像愛和恨的分別
[00:50:36.000 --> 00:50:38.000]  大家明白嗎
[00:50:38.000 --> 00:50:40.000]  所以神不是恨
[00:50:40.000 --> 00:50:42.000]  以素
[00:50:42.000 --> 00:50:44.000]  不過他是沒有愛
[00:50:44.000 --> 00:50:46.000]  還是愛雅各
[00:50:46.000 --> 00:50:48.000]  這個肯定是不公平
[00:50:48.000 --> 00:50:50.000]  我們怎麼去解釋
[00:50:50.000 --> 00:50:52.000]  神學家怎麼解釋
[00:50:52.000 --> 00:50:54.000]  看任何解經書
[00:50:54.000 --> 00:50:56.000]  你都不會明白
[00:50:56.000 --> 00:50:58.000]  這個公平根本是騙你的
[00:50:58.000 --> 00:51:00.000]  是不公平
[00:51:00.000 --> 00:51:02.000]  很多時候我們會問一個問題
[00:51:02.000 --> 00:51:04.000]  為什麼這麼不公平
[00:51:04.000 --> 00:51:06.000]  現在那個分別就在這裡
[00:51:06.000 --> 00:51:08.000]  神突然間打了一樣東西出來
[00:51:08.000 --> 00:51:10.000]  我對以素是這樣
[00:51:10.000 --> 00:51:12.000]  我沒有給他們
[00:51:12.000 --> 00:51:14.000]  第一我沒有揀選他們
[00:51:14.000 --> 00:51:16.000]  第二我沒有教他們
[00:51:16.000 --> 00:51:18.000]  因為我沒有愛他們沒有教他們
[00:51:18.000 --> 00:51:20.000]  沒有教他們於是他們就瓦瓦剎剎
[00:51:20.000 --> 00:51:22.000]  他說我被人毀了
[00:51:22.000 --> 00:51:24.000]  我可以再重建
[00:51:24.000 --> 00:51:26.000]  相反來說
[00:51:26.000 --> 00:51:28.000]  雅各一次又一次
[00:51:28.000 --> 00:51:30.000]  想逃跑
[00:51:30.000 --> 00:51:32.000]  神抓他回來
[00:51:32.000 --> 00:51:34.000]  老實說以素你以為我自己可以
[00:51:34.000 --> 00:51:36.000]  神都不給他
[00:51:36.000 --> 00:51:38.000]  雅各就在做這樣做那樣
[00:51:38.000 --> 00:51:40.000]  小動作
[00:51:40.000 --> 00:51:42.000]  神一直給他機會
[00:51:42.000 --> 00:51:44.000]  沒有給機會到以素
[00:51:44.000 --> 00:51:46.000]  是不是有第二個不公平
[00:51:46.000 --> 00:51:48.000]  沒有選他
[00:51:48.000 --> 00:51:50.000]  沒有教他沒有愛他
[00:51:50.000 --> 00:51:52.000]  是不是
[00:51:52.000 --> 00:51:54.000]  很多人問為什麼
[00:51:54.000 --> 00:51:56.000]  我今天就不解這個難題
[00:51:56.000 --> 00:51:58.000]  我想轉一個角度來講
[00:51:58.000 --> 00:52:00.000]  我想轉一個角度來講
[00:52:00.000 --> 00:52:02.000]  我想轉一個角度來講
[00:52:02.000 --> 00:52:04.000]  神在說什麼
[00:52:04.000 --> 00:52:06.000]  是不公平的
[00:52:06.000 --> 00:52:08.000]  是不公平的
[00:52:08.000 --> 00:52:10.000]  不過你就不要問
[00:52:10.000 --> 00:52:12.000]  為什麼對以素不公平
[00:52:12.000 --> 00:52:14.000]  神說我想你知道
[00:52:14.000 --> 00:52:16.000]  我對你的愛是不公平
[00:52:16.000 --> 00:52:18.000]  你明白我說什麼嗎
[00:52:18.000 --> 00:52:20.000]  就說以色列人
[00:52:20.000 --> 00:52:22.000]  雅各後裔
[00:52:22.000 --> 00:52:24.000]  我沒理由愛你
[00:52:24.000 --> 00:52:28.000]  我連以素都可以不愛
[00:52:28.000 --> 00:52:30.000]  我有什麼理由不愛你
[00:52:30.000 --> 00:52:32.000]  你的祖宗厲害
[00:52:32.000 --> 00:52:34.000]  你看你的祖宗是誰雅各
[00:52:34.000 --> 00:52:36.000]  他有什麼厲害
[00:52:36.000 --> 00:52:38.000]  沒什麼厲害
[00:52:38.000 --> 00:52:40.000]  神愛你愛我愛以色列人
[00:52:40.000 --> 00:52:42.000]  是不公平的
[00:52:42.000 --> 00:52:44.000]  因為我們根本沒有資格
[00:52:44.000 --> 00:52:46.000]  給神愛
[00:52:46.000 --> 00:52:48.000]  你聽不聽到那種不公平
[00:52:48.000 --> 00:52:50.000]  為什麼他不愛以素
[00:52:50.000 --> 00:52:52.000]  對不起你先不要問
[00:52:52.000 --> 00:52:54.000]  不關你的事
[00:52:54.000 --> 00:52:56.000]  你只要看
[00:52:56.000 --> 00:52:58.000]  今天你懂得看聖經的人
[00:52:58.000 --> 00:53:00.000]  你和我信耶穌的人
[00:53:00.000 --> 00:53:02.000]  以色列人看得明白聖經
[00:53:02.000 --> 00:53:04.000]  以素的人不要讓他們知道
[00:53:04.000 --> 00:53:06.000]  以東人也不要讓他們知道
[00:53:06.000 --> 00:53:08.000]  我們現在看了聖經
[00:53:08.000 --> 00:53:10.000]  知道不公平
[00:53:10.000 --> 00:53:12.000]  我想你用不公平的心境
[00:53:12.000 --> 00:53:14.000]  來看看你自己
[00:53:14.000 --> 00:53:16.000]  問自己
[00:53:16.000 --> 00:53:18.000]  為什麼要愛我
[00:53:18.000 --> 00:53:20.000]  為什麼要愛我
[00:53:20.000 --> 00:53:22.000]  Who am I
[00:53:22.000 --> 00:53:24.000]  Who are you
[00:53:24.000 --> 00:53:26.000]  就好像雅各一樣
[00:53:26.000 --> 00:53:28.000]  雖然有一次又一次
[00:53:28.000 --> 00:53:30.000]  但無條件地不斷地給他機會
[00:53:30.000 --> 00:53:34.000]  今天為什麼你會坐在這裡
[00:53:34.000 --> 00:53:36.000]  為什麼今天你要坐在這裡
[00:53:36.000 --> 00:53:38.000]  為什麼今天他要拯救你的靈魂
[00:53:38.000 --> 00:53:42.000]  你周圍還有很多人在
[00:53:42.000 --> 00:53:44.000]  他都還沒拯救
[00:53:44.000 --> 00:53:46.000]  你想不想到為什麼
[00:53:46.000 --> 00:53:48.000]  想不想到為什麼
[00:53:48.000 --> 00:53:50.000]  想不到
[00:53:50.000 --> 00:53:52.000]  因為沒有理由
[00:53:52.000 --> 00:53:54.000]  為什麼要愛雅各
[00:53:54.000 --> 00:53:56.000]  你不要問
[00:53:56.000 --> 00:53:58.000]  為什麼不愛以素
[00:53:58.000 --> 00:54:00.000]  你不如問一下
[00:54:00.000 --> 00:54:02.000]  為什麼愛雅各
[00:54:02.000 --> 00:54:04.000]  你會明白神說我曾愛你
[00:54:04.000 --> 00:54:06.000]  你還敢說你什麼時候愛我
[00:54:06.000 --> 00:54:08.000]  因為他不公平地愛你
[00:54:08.000 --> 00:54:10.000]  你明不明白分別
[00:54:10.000 --> 00:54:12.000]  神不公平地愛你
[00:54:12.000 --> 00:54:14.000]  因為你不值得神這樣愛
[00:54:14.000 --> 00:54:16.000]  但神就是這樣愛你
[00:54:16.000 --> 00:54:18.000]  沒理由這麼愛你
[00:54:18.000 --> 00:54:20.000]  連你自己都說沒理由
[00:54:20.000 --> 00:54:22.000]  如果你認為神為什麼不愛以素
[00:54:22.000 --> 00:54:24.000]  是一個不公平的事
[00:54:24.000 --> 00:54:26.000]  你就更加明白神為什麼愛你
[00:54:26.000 --> 00:54:28.000]  更加是不公平的事
[00:54:28.000 --> 00:54:30.000]  你看到分別在哪裡嗎
[00:54:30.000 --> 00:54:32.000]  我想你明白
[00:54:32.000 --> 00:54:34.000]  這件事
[00:54:34.000 --> 00:54:36.000]  神一次一次的機會
[00:54:36.000 --> 00:54:38.000]  給雅各和以色列人
[00:54:38.000 --> 00:54:40.000]  何苦呢
[00:54:40.000 --> 00:54:42.000]  顯出了神的愛
[00:54:42.000 --> 00:54:44.000]  第二次的神說我曾愛你
[00:54:44.000 --> 00:54:46.000]  你明白這句話
[00:54:46.000 --> 00:54:48.000]  背後隱藏了多少
[00:54:48.000 --> 00:54:50.000]  一次一次的愛
[00:54:50.000 --> 00:54:52.000]  你現在還說
[00:54:52.000 --> 00:54:54.000]  你是什麼時候
[00:54:54.000 --> 00:54:56.000]  忘恩負義
[00:54:56.000 --> 00:54:58.000]  我是不公平地愛你
[00:54:58.000 --> 00:55:02.000]  我可以像以素那樣對你
[00:55:02.000 --> 00:55:04.000]  但我沒有這樣做
[00:55:04.000 --> 00:55:06.000]  以素說
[00:55:06.000 --> 00:55:08.000]  以素即是以東人
[00:55:08.000 --> 00:55:10.000]  我已經拆毀了城牆
[00:55:10.000 --> 00:55:12.000]  我不讓他建
[00:55:12.000 --> 00:55:14.000]  這隱含了什麼
[00:55:14.000 --> 00:55:16.000]  你看看現在的城牆
[00:55:16.000 --> 00:55:18.000]  你看看耶路撒冷的城牆
[00:55:18.000 --> 00:55:20.000]  你看看聖殿
[00:55:20.000 --> 00:55:22.000]  你看看以色列人
[00:55:22.000 --> 00:55:24.000]  你可以安居樂業
[00:55:24.000 --> 00:55:26.000]  以東人沒有這些東西
[00:55:26.000 --> 00:55:28.000]  今天大家都知道
[00:55:28.000 --> 00:55:30.000]  一塊大石
[00:55:30.000 --> 00:55:32.000]  挖了皇宮出來
[00:55:32.000 --> 00:55:34.000]  很出名的
[00:55:34.000 --> 00:55:36.000]  就是以東人的後裔建的
[00:55:36.000 --> 00:55:38.000]  那些多漂亮的都荒廢了
[00:55:38.000 --> 00:55:40.000]  拿來給人參觀
[00:55:40.000 --> 00:55:42.000]  為什麼
[00:55:42.000 --> 00:55:44.000]  沒有神的手在那裏
[00:55:44.000 --> 00:55:46.000]  他們就不能存在
[00:55:46.000 --> 00:55:48.000]  到現在都是這樣
[00:55:48.000 --> 00:55:50.000]  以色列人可以重建聖殿
[00:55:50.000 --> 00:55:52.000]  可以重建城牆
[00:55:52.000 --> 00:55:54.000]  以東人神不讓他重建
[00:55:54.000 --> 00:55:56.000]  為什麼不可以解釋
[00:55:56.000 --> 00:55:58.000]  神說我愛你
[00:55:58.000 --> 00:56:00.000]  你沒有資格解釋給我聽
[00:56:00.000 --> 00:56:02.000]  為什麼我要讓你重建
[00:56:02.000 --> 00:56:04.000]  不讓你重建
[00:56:04.000 --> 00:56:06.000]  在說的不是以東人和以色列
[00:56:06.000 --> 00:56:08.000]  在說你和你周圍身邊
[00:56:08.000 --> 00:56:10.000]  那些未信耶穌的人
[00:56:10.000 --> 00:56:12.000]  你不要問為什麼那個人還未信耶穌
[00:56:12.000 --> 00:56:14.000]  不如問為什麼你要你信耶穌
[00:56:14.000 --> 00:56:16.000]  為什麼那個人不得罪神的恩典
[00:56:16.000 --> 00:56:18.000]  你和我在哪個人
[00:56:18.000 --> 00:56:20.000]  有什麼資格得到神的恩
[00:56:20.000 --> 00:56:22.000]  你就明白那個愛
[00:56:22.000 --> 00:56:24.000]  你今天還坐在神那裏愛我
[00:56:24.000 --> 00:56:26.000]  你忘恩負義
[00:56:26.000 --> 00:56:28.000]  今天你坐在那裏沒有一樣東西可以給你
[00:56:28.000 --> 00:56:30.000]  對不起
[00:56:30.000 --> 00:56:32.000]  我從聖殿的角度
[00:56:32.000 --> 00:56:34.000]  很嚴厲
[00:56:34.000 --> 00:56:36.000]  我這樣說
[00:56:36.000 --> 00:56:38.000]  不只是說你,我不認識你,我認識我自己
[00:56:38.000 --> 00:56:40.000]  很多領事們都聽過我的背景
[00:56:40.000 --> 00:56:42.000]  我最好用自己來舉例
[00:56:42.000 --> 00:56:44.000]  我最好用自己來舉例
[00:56:44.000 --> 00:56:46.000]  數回頭
[00:56:46.000 --> 00:56:48.000]  我真的沒理由神要選我
[00:56:48.000 --> 00:56:50.000]  沒理由神要用我
[00:56:50.000 --> 00:56:52.000]  沒理由在用我過程中
[00:56:52.000 --> 00:56:54.000]  教我這麼多東西
[00:56:54.000 --> 00:56:56.000]  給我這麼多機會
[00:56:56.000 --> 00:56:58.000]  第一,我想數三樣很簡單給你聽
[00:56:58.000 --> 00:57:00.000]  有些人聽過我的背景
[00:57:00.000 --> 00:57:02.000]  沒理由神選我信耶穌
[00:57:02.000 --> 00:57:04.000]  我沒信耶穌的時候
[00:57:04.000 --> 00:57:06.000]  我在中學培政中學的時候
[00:57:06.000 --> 00:57:08.000]  正衰仔一名
[00:57:08.000 --> 00:57:10.000]  很犯基督教
[00:57:10.000 --> 00:57:12.000]  我昨天坐飛機回來
[00:57:12.000 --> 00:57:14.000]  在我後面
[00:57:14.000 --> 00:57:16.000]  不知道為什麼有個媽媽和她女兒
[00:57:16.000 --> 00:57:18.000]  那個女兒大概讀大學一年級
[00:57:18.000 --> 00:57:20.000]  可能因為加拿大多人多
[00:57:20.000 --> 00:57:22.000]  放假回來
[00:57:22.000 --> 00:57:24.000]  在後面猛游說
[00:57:24.000 --> 00:57:26.000]  那個女兒不要信耶穌
[00:57:26.000 --> 00:57:28.000]  那個媽媽真的很熱心
[00:57:28.000 --> 00:57:30.000]  我很少見到這麼熱心的媽媽
[00:57:30.000 --> 00:57:32.000]  又說那個女兒不要信耶穌
[00:57:32.000 --> 00:57:34.000]  可能那個女兒就想信耶穌
[00:57:34.000 --> 00:57:36.000]  她又說這樣那樣
[00:57:36.000 --> 00:57:38.000]  我坐在前面聽的時候
[00:57:38.000 --> 00:57:40.000]  突然覺得很熟練
[00:57:40.000 --> 00:57:42.000]  實在就是當年我沒信耶穌
[00:57:42.000 --> 00:57:44.000]  的小理由
[00:57:44.000 --> 00:57:46.000]  信耶穌有什麼好呢
[00:57:46.000 --> 00:57:48.000]  無端端給錢他
[00:57:48.000 --> 00:57:50.000]  不如自己拿來吃更好啦
[00:57:50.000 --> 00:57:52.000]  講奉獻
[00:57:52.000 --> 00:57:54.000]  去教堂
[00:57:54.000 --> 00:57:56.000]  去聽那些人說的話
[00:57:56.000 --> 00:57:58.000]  我試過一次
[00:57:58.000 --> 00:58:00.000]  由頭分到尾
[00:58:00.000 --> 00:58:02.000]  悶到抽筋
[00:58:02.000 --> 00:58:04.000]  我也是這樣說過
[00:58:04.000 --> 00:58:06.000]  我當年也是這樣說過
[00:58:06.000 --> 00:58:08.000]  我看到基督徒在那邊走過來
[00:58:08.000 --> 00:58:10.000]  我雞咁腳轉頭就走
[00:58:10.000 --> 00:58:12.000]  我那時候又是說那些說話
[00:58:12.000 --> 00:58:14.000]  我那時候真的在那邊預備國著
[00:58:14.000 --> 00:58:16.000]  我那時候
[00:58:16.000 --> 00:58:18.000]  神真的給我一個很好的提醒
[00:58:18.000 --> 00:58:20.000]  我當年我中學的時候
[00:58:20.000 --> 00:58:22.000]  沒信耶穌就是這樣
[00:58:22.000 --> 00:58:24.000]  不知道為什麼
[00:58:24.000 --> 00:58:26.000]  為什麼我這麼討人厭
[00:58:26.000 --> 00:58:28.000]  總而言之我就很不喜歡基督教
[00:58:28.000 --> 00:58:30.000]  我和大家說過
[00:58:30.000 --> 00:58:32.000]  玩這些壞事
[00:58:32.000 --> 00:58:34.000]  幾個人圍在一圈
[00:58:34.000 --> 00:58:36.000]  幾個同學
[00:58:36.000 --> 00:58:38.000]  有人說他粗口罵耶穌
[00:58:38.000 --> 00:58:40.000]  罵得最噁心那個就可以拿一粒巧克力吃
[00:58:40.000 --> 00:58:42.000]  我玩不玩得這麼噁心
[00:58:42.000 --> 00:58:44.000]  這麼壞
[00:58:44.000 --> 00:58:46.000]  為什麼他要救我
[00:58:46.000 --> 00:58:48.000]  一個這樣的人
[00:58:48.000 --> 00:58:50.000]  為什麼神要拯救我
[00:58:50.000 --> 00:58:52.000]  不是我悔改之錯
[00:58:52.000 --> 00:58:54.000]  我和弟兄姐妹說過
[00:58:54.000 --> 00:58:56.000]  我信耶穌那次去一個夏令會
[00:58:56.000 --> 00:58:58.000]  那個夏令會我是追女孩去的
[00:58:58.000 --> 00:59:00.000]  追到這樣
[00:59:00.000 --> 00:59:02.000]  揹著結他頭髮在這裏
[00:59:02.000 --> 00:59:04.000]  紅色的衣服金色的褲子
[00:59:04.000 --> 00:59:06.000]  這樣去教會
[00:59:06.000 --> 00:59:08.000]  這樣第一次去夏令會
[00:59:08.000 --> 00:59:10.000]  追到這樣
[00:59:10.000 --> 00:59:12.000]  還不是很幸運有機會聽到
[00:59:12.000 --> 00:59:14.000]  打開心門讓主進來
[00:59:14.000 --> 00:59:16.000]  沒有的堂堂酒堂
[00:59:16.000 --> 00:59:20.000]  到最後那天晚上
[00:59:20.000 --> 00:59:22.000]  我知道一定有人
[00:59:22.000 --> 00:59:24.000]  要缺志
[00:59:24.000 --> 00:59:26.000]  我就故意不去
[00:59:26.000 --> 00:59:28.000]  以免被氣氛影響
[00:59:28.000 --> 00:59:30.000]  我什麼都知道
[00:59:30.000 --> 00:59:32.000]  我在基督教學這麼久
[00:59:32.000 --> 00:59:34.000]  我什麼都看得通
[00:59:34.000 --> 00:59:36.000]  我那時候是一個完全
[00:59:36.000 --> 00:59:38.000]  你想想從任何角度
[00:59:38.000 --> 00:59:40.000]  沒有理由神要愛我的人
[00:59:40.000 --> 00:59:42.000]  追到這樣
[00:59:42.000 --> 00:59:44.000]  我還招職到一個地步
[00:59:44.000 --> 00:59:46.000]  我讀書可以
[00:59:46.000 --> 00:59:48.000]  我不信耶穌我都可以考A
[00:59:48.000 --> 00:59:50.000]  我真的考了A
[00:59:50.000 --> 00:59:52.000]  我拿來帶同學
[00:59:52.000 --> 00:59:54.000]  那些基督徒
[00:59:54.000 --> 00:59:56.000]  你考不考到A
[00:59:56.000 --> 00:59:58.000]  我不用信耶穌
[00:59:58.000 --> 01:00:00.000]  然後那天晚上
[01:00:00.000 --> 01:00:02.000]  星期五晚上
[01:00:02.000 --> 01:00:04.000]  我打算收拾行李就離開
[01:00:04.000 --> 01:00:06.000]  星期六早上
[01:00:06.000 --> 01:00:08.000]  快睡覺的時候我同房進來
[01:00:08.000 --> 01:00:10.000]  那個男孩是我同房
[01:00:10.000 --> 01:00:12.000]  他是一個佛教的背景
[01:00:12.000 --> 01:00:14.000]  佛教的中學
[01:00:14.000 --> 01:00:16.000]  那天晚上他缺志信耶穌
[01:00:16.000 --> 01:00:18.000]  他進來房間
[01:00:18.000 --> 01:00:20.000]  我不知道他從哪裡聽到
[01:00:20.000 --> 01:00:22.000]  溫韋耀考會考A聖經
[01:00:22.000 --> 01:00:24.000]  他以為考A聖經
[01:00:24.000 --> 01:00:26.000]  當然是很厲害的基督徒
[01:00:26.000 --> 01:00:28.000]  好像佛教一樣讀佛經很厲害
[01:00:28.000 --> 01:00:30.000]  那就是佛教徒
[01:00:30.000 --> 01:00:32.000]  他就問我今晚信了耶穌
[01:00:32.000 --> 01:00:34.000]  但我不知道怎麼做基督徒
[01:00:34.000 --> 01:00:36.000]  你可不可以教教我
[01:00:36.000 --> 01:00:38.000]  他笑得很開心
[01:00:38.000 --> 01:00:40.000]  你沒聽過我講過
[01:00:40.000 --> 01:00:42.000]  我是這樣的
[01:00:42.000 --> 01:00:44.000]  那時候我還招職
[01:00:44.000 --> 01:00:46.000]  那時候我不是基督徒
[01:00:46.000 --> 01:00:48.000]  無謂失眠
[01:00:48.000 --> 01:00:50.000]  反正我考A聖經
[01:00:50.000 --> 01:00:52.000]  反正我在基督教學這麼久
[01:00:52.000 --> 01:00:54.000]  我聽過什麼牧師的呼召和訣誡
[01:00:54.000 --> 01:00:56.000]  我見得見得多
[01:00:56.000 --> 01:00:58.000]  我說我跟你一起祈禱
[01:00:58.000 --> 01:01:00.000]  我說我講一句你講一句
[01:01:00.000 --> 01:01:02.000]  我全部跟著原則
[01:01:02.000 --> 01:01:04.000]  然後我們一起跪下
[01:01:04.000 --> 01:01:06.000]  我以為跪下比較厲害
[01:01:06.000 --> 01:01:08.000]  我幫一下他無所謂
[01:01:08.000 --> 01:01:10.000]  我是虛偽到這樣
[01:01:10.000 --> 01:01:12.000]  驕傲到這樣
[01:01:12.000 --> 01:01:14.000]  你說為什麼神要救我
[01:01:14.000 --> 01:01:16.000]  當我一跪下的時候
[01:01:16.000 --> 01:01:18.000]  我想講幾句
[01:01:18.000 --> 01:01:20.000]  在牧師聽完那幾句
[01:01:20.000 --> 01:01:22.000]  幫幫朋友
[01:01:22.000 --> 01:01:24.000]  又不用認自己不懂基督教
[01:01:24.000 --> 01:01:26.000]  我就沒辦法講出說話
[01:01:26.000 --> 01:01:28.000]  不是我喉嚨說不到
[01:01:28.000 --> 01:01:30.000]  而是我腦裏好像電影
[01:01:30.000 --> 01:01:32.000]  控制不了那樣
[01:01:32.000 --> 01:01:34.000]  放映一些我生活的片段
[01:01:34.000 --> 01:01:36.000]  主角是我觀眾就是我
[01:01:36.000 --> 01:01:38.000]  我看回我自己的片段
[01:01:38.000 --> 01:01:40.000]  是完全控制不了腦
[01:01:40.000 --> 01:01:42.000]  三十幾年前我到現在都記得
[01:01:42.000 --> 01:01:44.000]  那些片段是什麼呢
[01:01:44.000 --> 01:01:46.000]  在我派對那裏說髒話
[01:01:46.000 --> 01:01:48.000]  爭奪女孩子
[01:01:48.000 --> 01:01:50.000]  在沒有人看見的房間裏面看色情片
[01:01:50.000 --> 01:01:52.000]  一幅一幅
[01:01:52.000 --> 01:01:54.000]  全部都是那些片段
[01:01:54.000 --> 01:01:56.000]  我想停下來不要想那些
[01:01:56.000 --> 01:01:58.000]  停不了
[01:01:58.000 --> 01:02:10.000]  我講出對神人生第一句誠實的話
[01:02:10.000 --> 01:02:12.000]  一講完我就哭
[01:02:12.000 --> 01:02:14.000]  哭哭哭
[01:02:14.000 --> 01:02:16.000]  我經常都說
[01:02:16.000 --> 01:02:18.000]  我忘記了怎樣打發那個人離開
[01:02:18.000 --> 01:02:20.000]  總之我一直哭
[01:02:20.000 --> 01:02:22.000]  我不知道他怎樣
[01:02:22.000 --> 01:02:24.000]  求主保守他
[01:02:24.000 --> 01:02:26.000]  三十幾年老實說我真的忘記了
[01:02:26.000 --> 01:02:28.000]  我只記得我一直哭
[01:02:28.000 --> 01:02:30.000]  哭完又哭那一晚我全晚都睡不著
[01:02:30.000 --> 01:02:32.000]  我想想自己過去做人
[01:02:32.000 --> 01:02:34.000]  又哭又哭
[01:02:34.000 --> 01:02:36.000]  那一晚我就重生了
[01:02:36.000 --> 01:02:38.000]  我想講一個例子給你聽是什麼意思
[01:02:38.000 --> 01:02:42.000]  溫偉耀是沒有理由神要救他的
[01:02:42.000 --> 01:02:44.000]  你回想你自己
[01:02:44.000 --> 01:02:46.000]  當日你未信耶穌的時候
[01:02:46.000 --> 01:02:48.000]  你那個情況神為什麼要救你
[01:02:48.000 --> 01:02:50.000]  你經常問
[01:02:50.000 --> 01:02:52.000]  為什麼不救耶穌只是救雅各
[01:02:52.000 --> 01:02:54.000]  我問你回頭
[01:02:54.000 --> 01:02:56.000]  為什麼不救你
[01:02:56.000 --> 01:02:58.000]  你很厲害嗎
[01:02:58.000 --> 01:03:00.000]  你天生宗教健健甜
[01:03:00.000 --> 01:03:02.000]  沒有的
[01:03:02.000 --> 01:03:04.000]  你自己知道
[01:03:04.000 --> 01:03:06.000]  然後第二次
[01:03:06.000 --> 01:03:08.000]  神叫我來港島
[01:03:08.000 --> 01:03:10.000]  呼召我去港島
[01:03:10.000 --> 01:03:12.000]  站在台上講一講
[01:03:12.000 --> 01:03:14.000]  但大家都知道
[01:03:14.000 --> 01:03:16.000]  很多認識我的人都知道
[01:03:16.000 --> 01:03:18.000]  其實我是一個很內向很怕事的人
[01:03:18.000 --> 01:03:22.000]  很怕站在別人面前
[01:03:22.000 --> 01:03:24.000]  連我太太都說
[01:03:24.000 --> 01:03:26.000]  上了台就變成另一個人
[01:03:26.000 --> 01:03:28.000]  我常常跟她說
[01:03:28.000 --> 01:03:30.000]  我下了台就像一隻狗
[01:03:30.000 --> 01:03:32.000]  很怕和陌生人聊天
[01:03:32.000 --> 01:03:34.000]  去喝
[01:03:34.000 --> 01:03:36.000]  一坐就十一個不認識
[01:03:36.000 --> 01:03:38.000]  我就死了
[01:03:38.000 --> 01:03:40.000]  永遠我都不會上車
[01:03:40.000 --> 01:03:42.000]  上的士和的士司機聊天
[01:03:42.000 --> 01:03:44.000]  最怕的士司機多嘴
[01:03:44.000 --> 01:03:46.000]  一和我聊天我就死了
[01:03:46.000 --> 01:03:48.000]  手都發抖
[01:03:48.000 --> 01:03:50.000]  怎麼可以想像我站在台上這樣
[01:03:50.000 --> 01:03:52.000]  神為什麼呼召我
[01:03:52.000 --> 01:03:54.000]  我都不明白
[01:03:54.000 --> 01:03:56.000]  我和頂姐妹都講過
[01:03:56.000 --> 01:03:58.000]  第一次侍奉的經驗
[01:03:58.000 --> 01:04:00.000]  我順了主之後
[01:04:00.000 --> 01:04:02.000]  就回團契教會
[01:04:02.000 --> 01:04:04.000]  分了幾個月
[01:04:04.000 --> 01:04:06.000]  那次團契聚會
[01:04:06.000 --> 01:04:08.000]  沒什麼
[01:04:08.000 --> 01:04:10.000]  只是參加團契
[01:04:10.000 --> 01:04:12.000]  突然之間主席出來說
[01:04:12.000 --> 01:04:14.000]  現在團契聚會開始
[01:04:14.000 --> 01:04:16.000]  請溫偉耀弟兄帶領我們做開始的祈禱
[01:04:16.000 --> 01:04:18.000]  哇
[01:04:18.000 --> 01:04:20.000]  嚇壞了
[01:04:20.000 --> 01:04:22.000]  你怎麼不通知我
[01:04:22.000 --> 01:04:24.000]  沒準備的
[01:04:24.000 --> 01:04:26.000]  我想耍手擰頭
[01:04:26.000 --> 01:04:28.000]  最怕這種事
[01:04:28.000 --> 01:04:30.000]  個個都低頭了
[01:04:30.000 --> 01:04:32.000]  死了
[01:04:32.000 --> 01:04:34.000]  個個都低頭了
[01:04:34.000 --> 01:04:36.000]  連那個叫我的都低頭了
[01:04:36.000 --> 01:04:38.000]  沒辦法
[01:04:38.000 --> 01:04:40.000]  就硬著頭站起來
[01:04:40.000 --> 01:04:42.000]  開始領土
[01:04:42.000 --> 01:04:44.000]  這是我一輩子第一次侍奉
[01:04:44.000 --> 01:04:46.000]  領土按著前面的位置
[01:04:46.000 --> 01:04:48.000]  我還記得
[01:04:48.000 --> 01:04:50.000]  膝蓋高過菠蘿蓋
[01:04:50.000 --> 01:04:52.000]  大聲叫
[01:04:52.000 --> 01:04:54.000]  我站什麼都不記得了
[01:04:54.000 --> 01:04:56.000]  總之就站著
[01:04:56.000 --> 01:04:58.000]  站到後來可能怕
[01:04:58.000 --> 01:05:00.000]  越站越小聲
[01:05:00.000 --> 01:05:02.000]  站到後來說了阿門之後
[01:05:02.000 --> 01:05:04.000]  張開眼睛
[01:05:04.000 --> 01:05:06.000]  別人聽不到
[01:05:06.000 --> 01:05:08.000]  他還以為我在說
[01:05:08.000 --> 01:05:10.000]  死了我怎麼辦
[01:05:10.000 --> 01:05:12.000]  沒辦法
[01:05:12.000 --> 01:05:14.000]  大聲叫我站遠一點
[01:05:14.000 --> 01:05:16.000]  我到現在都記得
[01:05:16.000 --> 01:05:18.000]  我告訴你
[01:05:18.000 --> 01:05:20.000]  這是我溫偉耀第一次侍奉
[01:05:20.000 --> 01:05:22.000]  想不到
[01:05:22.000 --> 01:05:24.000]  我站在台上
[01:05:24.000 --> 01:05:26.000]  這樣講道
[01:05:26.000 --> 01:05:28.000]  為什麼神要
[01:05:28.000 --> 01:05:30.000]  為什麼神要找我
[01:05:30.000 --> 01:05:32.000]  沒理由
[01:05:32.000 --> 01:05:34.000]  不公平
[01:05:34.000 --> 01:05:36.000]  是對我愛愛到不公平
[01:05:36.000 --> 01:05:38.000]  你明白嗎
[01:05:38.000 --> 01:05:40.000]  我說了我自己的經歷
[01:05:40.000 --> 01:05:42.000]  我自己的背景
[01:05:42.000 --> 01:05:44.000]  希望今晚你自己去反省
[01:05:44.000 --> 01:05:46.000]  自己默想的時候
[01:05:46.000 --> 01:05:48.000]  看回你自己過去的事
[01:05:48.000 --> 01:05:50.000]  問同一個問題
[01:05:50.000 --> 01:05:52.000]  十點可以用你
[01:05:52.000 --> 01:05:54.000]  你什麼資格
[01:05:54.000 --> 01:05:56.000]  好像雅各一樣
[01:05:56.000 --> 01:05:58.000]  扭扭計計
[01:05:58.000 --> 01:06:00.000]  為什麼要給你一次機會
[01:06:00.000 --> 01:06:02.000]  你明白嗎
[01:06:02.000 --> 01:06:04.000]  你還在神面前說
[01:06:04.000 --> 01:06:06.000]  你什麼時候愛我
[01:06:06.000 --> 01:06:08.000]  如果我們看著周圍的際遇
[01:06:08.000 --> 01:06:10.000]  你沒愛我沒愛我
[01:06:10.000 --> 01:06:12.000]  你就走過去
[01:06:12.000 --> 01:06:14.000]  看今天你所得到的東西
[01:06:14.000 --> 01:06:16.000]  你不要看著不夠我標準
[01:06:16.000 --> 01:06:18.000]  不夠我這麼好
[01:06:18.000 --> 01:06:20.000]  這是你的標準
[01:06:20.000 --> 01:06:22.000]  為什麼要給你聖殿
[01:06:22.000 --> 01:06:24.000]  以東人連聖殿都沒有
[01:06:24.000 --> 01:06:26.000]  建了這麼偉大的石宮殿
[01:06:26.000 --> 01:06:28.000]  連人都不能住在裏面
[01:06:28.000 --> 01:06:30.000]  為什麼要給你聖殿
[01:06:30.000 --> 01:06:32.000]  你還說神對你不主
[01:06:32.000 --> 01:06:34.000]  你還說神不愛你
[01:06:34.000 --> 01:06:36.000]  你還說神你什麼時候愛過我
[01:06:36.000 --> 01:06:38.000]  你在何事上愛我呢
[01:06:38.000 --> 01:06:40.000]  還敢說這種話
[01:06:40.000 --> 01:06:44.000]  這是神給我們的挑戰
[01:06:44.000 --> 01:06:46.000]  頂子妹警醒
[01:06:46.000 --> 01:06:48.000]  警醒是我們慢慢
[01:06:48.000 --> 01:06:50.000]  倒退之後
[01:06:50.000 --> 01:06:52.000]  失落的一個最容易的
[01:06:52.000 --> 01:06:54.000]  一個肅靈氣陣
[01:06:54.000 --> 01:06:56.000]  怪不得耶穌基督
[01:06:56.000 --> 01:06:58.000]  臨離開世界之前
[01:06:58.000 --> 01:07:00.000]  經常提醒我們警醒
[01:07:00.000 --> 01:07:02.000]  警醒禱告
[01:07:02.000 --> 01:07:04.000]  免得入了迷惑
[01:07:04.000 --> 01:07:06.000]  親愛的頂子妹
[01:07:06.000 --> 01:07:08.000]  我希望
[01:07:08.000 --> 01:07:10.000]  馬拉基書的訊息
[01:07:10.000 --> 01:07:12.000]  提醒你提醒我
[01:07:12.000 --> 01:07:18.000]  神看的不是表面
[01:07:18.000 --> 01:07:20.000]  有了全套
[01:07:20.000 --> 01:07:22.000]  宗教生活
[01:07:22.000 --> 01:07:24.000]  不等於你的標準
[01:07:24.000 --> 01:07:26.000]  你自我的認識
[01:07:26.000 --> 01:07:28.000]  是等於神對你的評價
[01:07:28.000 --> 01:07:32.000]  求主幫我們
[01:07:32.000 --> 01:07:34.000]  聽一聽神對你的評價
[01:07:34.000 --> 01:07:36.000]  你不要再Claim
[01:07:36.000 --> 01:07:38.000]  誰人覺得我多好
[01:07:38.000 --> 01:07:40.000]  誰人覺得我侍奉多好
[01:07:40.000 --> 01:07:42.000]  誰人覺得我多愛主
[01:07:42.000 --> 01:07:44.000]  那些人有他的事
[01:07:44.000 --> 01:07:46.000]  你自己知道
[01:07:46.000 --> 01:07:48.000]  神看你的愛心
[01:07:48.000 --> 01:07:50.000]  當時好像以色列一樣
[01:07:50.000 --> 01:07:52.000]  對神很多不滿
[01:07:52.000 --> 01:07:54.000]  一落到認真的東西
[01:07:54.000 --> 01:07:56.000]  那些假面孔就出了
[01:07:56.000 --> 01:07:58.000]  馬拉基書說了很多東西
[01:07:58.000 --> 01:08:02.000]  你可以照舊去見拜
[01:08:02.000 --> 01:08:04.000]  你可以照舊去獻祭
[01:08:04.000 --> 01:08:06.000]  一說到錢的時候
[01:08:06.000 --> 01:08:08.000]  以色列人就不願意
[01:08:08.000 --> 01:08:10.000]  不肯把錢拿出來
[01:08:10.000 --> 01:08:12.000]  那些come to money
[01:08:12.000 --> 01:08:14.000]  很現實的東西
[01:08:14.000 --> 01:08:16.000]  基督徒原則
[01:08:16.000 --> 01:08:18.000]  一說到婚姻的時候
[01:08:18.000 --> 01:08:20.000]  那些神的標準就不見了
[01:08:20.000 --> 01:08:22.000]  一說到社會要公平
[01:08:22.000 --> 01:08:24.000]  要正直
[01:08:24.000 --> 01:08:26.000]  要付代價的時候
[01:08:26.000 --> 01:08:28.000]  那些基督徒的氣質就不見了
[01:08:28.000 --> 01:08:30.000]  當時以色列人就是這樣
[01:08:30.000 --> 01:08:32.000]  今天
[01:08:32.000 --> 01:08:34.000]  恐怕很多人都是這樣
[01:08:34.000 --> 01:08:36.000]  抬起肛臟
[01:08:36.000 --> 01:08:38.000]  看生命
[01:08:38.000 --> 01:08:44.000]  馬拉基書的時代信息
[01:08:44.000 --> 01:08:46.000]  溫慧耀博士主講
[01:08:46.000 --> 01:08:48.000]  第二講
[01:08:48.000 --> 01:08:50.000]  告別冷淡眾常主愛之敬畏
[01:08:50.000 --> 01:08:54.000]  今天我們思想一段相當嚴厲的經文
[01:08:54.000 --> 01:08:56.000]  對神的敬畏
[01:08:56.000 --> 01:08:58.000]  1973年
[01:08:58.000 --> 01:09:00.000]  1974年
[01:09:00.000 --> 01:09:02.000]  在我生命裏發生了兩件事
[01:09:02.000 --> 01:09:06.000]  給我很深刻的反省
[01:09:06.000 --> 01:09:08.000]  一直到現在
[01:09:08.000 --> 01:09:10.000]  我都很難忘記
[01:09:10.000 --> 01:09:12.000]  我想開始講到之前和大家分享
[01:09:12.000 --> 01:09:16.000]  第一件是關於我自己
[01:09:16.000 --> 01:09:18.000]  第二件是關於
[01:09:18.000 --> 01:09:20.000]  我身邊一個人
[01:09:20.000 --> 01:09:22.000]  先講我自己
[01:09:22.000 --> 01:09:24.000]  在1974年
[01:09:24.000 --> 01:09:26.000]  我自己在中文大學就開始讀研究院
[01:09:28.000 --> 01:09:30.000]  也是當時的
[01:09:30.000 --> 01:09:32.000]  一個物理系的
[01:09:32.000 --> 01:09:34.000]  Tutor
[01:09:34.000 --> 01:09:36.000]  那些助教
[01:09:36.000 --> 01:09:38.000]  我當時也是信了主
[01:09:38.000 --> 01:09:40.000]  幾年的時間
[01:09:40.000 --> 01:09:42.000]  很愛主很熱心
[01:09:42.000 --> 01:09:44.000]  尤其是1973年
[01:09:44.000 --> 01:09:46.000]  講回歷史可能你會知道
[01:09:46.000 --> 01:09:48.000]  有我差不多的年紀
[01:09:48.000 --> 01:09:50.000]  1973年
[01:09:50.000 --> 01:09:52.000]  就是中文大學的團契
[01:09:52.000 --> 01:09:54.000]  剛剛成立的時間
[01:09:54.000 --> 01:09:56.000]  三間本來新開的
[01:09:56.000 --> 01:09:58.000]  聯合和崇基學院的
[01:09:58.000 --> 01:10:00.000]  團契都取消
[01:10:00.000 --> 01:10:02.000]  合併成為中文大學
[01:10:02.000 --> 01:10:04.000]  我就是第一屆中文大學團契的
[01:10:04.000 --> 01:10:06.000]  其中一個的
[01:10:06.000 --> 01:10:08.000]  籌委叫做靈修部
[01:10:08.000 --> 01:10:10.000]  亦都負責第一年的
[01:10:10.000 --> 01:10:12.000]  是全香港的
[01:10:12.000 --> 01:10:14.000]  是福音
[01:10:14.000 --> 01:10:16.000]  學生的
[01:10:16.000 --> 01:10:18.000]  大專下令會的
[01:10:18.000 --> 01:10:20.000]  主席
[01:10:20.000 --> 01:10:22.000]  所以這些工作相當相當的多
[01:10:22.000 --> 01:10:24.000]  大家可以想像
[01:10:24.000 --> 01:10:26.000]  在教會有侍奉
[01:10:26.000 --> 01:10:28.000]  在大專團契有侍奉
[01:10:28.000 --> 01:10:30.000]  我同時也在讀研究院
[01:10:30.000 --> 01:10:32.000]  寫我的碩士論文
[01:10:32.000 --> 01:10:34.000]  也做了Tutor
[01:10:34.000 --> 01:10:36.000]  這是必須要的
[01:10:36.000 --> 01:10:38.000]  一定要做助教
[01:10:38.000 --> 01:10:40.000]  那一年
[01:10:40.000 --> 01:10:42.000]  第一年我做助教
[01:10:42.000 --> 01:10:44.000]  然後我就發覺
[01:10:44.000 --> 01:10:46.000]  原來要做助教
[01:10:46.000 --> 01:10:48.000]  有一樣東西是必須要做的
[01:10:48.000 --> 01:10:50.000]  沒得選擇的
[01:10:50.000 --> 01:10:52.000]  就是當時改這些
[01:10:52.000 --> 01:10:54.000]  入學士的卷
[01:10:54.000 --> 01:10:56.000]  原來你們入中大
[01:10:56.000 --> 01:10:58.000]  那些卷就是我們改的
[01:10:58.000 --> 01:11:00.000]  物理系當然就改
[01:11:00.000 --> 01:11:02.000]  物理學的卷
[01:11:02.000 --> 01:11:04.000]  長高偉大
[01:11:04.000 --> 01:11:06.000]  怎樣呢
[01:11:06.000 --> 01:11:08.000]  流水作業的
[01:11:08.000 --> 01:11:10.000]  大家知道每年
[01:11:10.000 --> 01:11:12.000]  數以千萬計的學生都有考物理卷
[01:11:12.000 --> 01:11:14.000]  那些所有考中文大學
[01:11:14.000 --> 01:11:16.000]  物理卷就是到我們改的
[01:11:16.000 --> 01:11:18.000]  每個人都負責改一條
[01:11:18.000 --> 01:11:20.000]  就是說
[01:11:20.000 --> 01:11:22.000]  坐在大會堂
[01:11:22.000 --> 01:11:24.000]  所有的助教
[01:11:24.000 --> 01:11:26.000]  圍著一圈
[01:11:26.000 --> 01:11:28.000]  每個人負責一條
[01:11:28.000 --> 01:11:30.000]  於是整個卷一佈
[01:11:30.000 --> 01:11:32.000]  就像流水作業那樣
[01:11:32.000 --> 01:11:34.000]  傳過去
[01:11:34.000 --> 01:11:36.000]  例如我改第幾條
[01:11:36.000 --> 01:11:38.000]  例如我改第五條
[01:11:38.000 --> 01:11:40.000]  一佈有第五條就交給我
[01:11:40.000 --> 01:11:42.000]  我就改,改完就交給隔壁
[01:11:42.000 --> 01:11:44.000]  沒第五條就交給隔壁
[01:11:44.000 --> 01:11:46.000]  就像機器一樣
[01:11:46.000 --> 01:11:48.000]  數以千萬計的卷
[01:11:48.000 --> 01:11:50.000]  不斷改
[01:11:50.000 --> 01:11:52.000]  我就很討厭
[01:11:52.000 --> 01:11:54.000]  這種工作
[01:11:54.000 --> 01:11:56.000]  我人就很喜歡有變化
[01:11:56.000 --> 01:11:58.000]  改卷就最沒變化
[01:11:58.000 --> 01:12:00.000]  沒意思的,當然是沒薪水給
[01:12:00.000 --> 01:12:02.000]  因為你是工作的一部份
[01:12:02.000 --> 01:12:04.000]  不改就不行,而且那時候我忙到不得了
[01:12:04.000 --> 01:12:06.000]  真的教會團契
[01:12:06.000 --> 01:12:08.000]  睡都沒得睡
[01:12:08.000 --> 01:12:10.000]  開會到那個地步
[01:12:10.000 --> 01:12:12.000]  花了半夜,因為你知道將三個團契
[01:12:12.000 --> 01:12:14.000]  合併有很多人事的問題
[01:12:14.000 --> 01:12:16.000]  有很多安排的問題
[01:12:16.000 --> 01:12:18.000]  很多很多的東西
[01:12:18.000 --> 01:12:20.000]  所以我很不喜歡那段時間
[01:12:20.000 --> 01:12:22.000]  所以每次我在那裏做
[01:12:22.000 --> 01:12:24.000]  改卷的時候,我就加速完成
[01:12:24.000 --> 01:12:26.000]  我想很快的
[01:12:26.000 --> 01:12:28.000]  我一拿卷第五條
[01:12:28.000 --> 01:12:30.000]  改了
[01:12:30.000 --> 01:12:32.000]  很快
[01:12:32.000 --> 01:12:34.000]  果然我是全部人裏面
[01:12:34.000 --> 01:12:36.000]  改得最快的那個
[01:12:36.000 --> 01:12:38.000]  超速完成
[01:12:38.000 --> 01:12:40.000]  其他還沒改完,我已經快完了
[01:12:40.000 --> 01:12:42.000]  趕著去吃兩口飯
[01:12:42.000 --> 01:12:44.000]  跟著去開會,跟著開到半夜
[01:12:44.000 --> 01:12:46.000]  自己都不用睡覺
[01:12:46.000 --> 01:12:48.000]  因為團契的工作太多
[01:12:48.000 --> 01:12:50.000]  過了兩三個禮拜之後
[01:12:50.000 --> 01:12:52.000]  有一天我收到一張紙
[01:12:52.000 --> 01:12:54.000]  是我系主任
[01:12:54.000 --> 01:12:56.000]  叫我去他的辦公室跟他聊聊天
[01:12:56.000 --> 01:12:58.000]  我進去他的辦公室
[01:12:58.000 --> 01:13:02.000]  我還記得系主任坐在那裏
[01:13:02.000 --> 01:13:04.000]  肥佬來的,已經退休了
[01:13:04.000 --> 01:13:06.000]  坐在那裏
[01:13:06.000 --> 01:13:08.000]  在旁邊等了一疊這麼高的卷
[01:13:08.000 --> 01:13:10.000]  在那裏
[01:13:10.000 --> 01:13:12.000]  在那裏
[01:13:12.000 --> 01:13:14.000]  這一疊卷
[01:13:14.000 --> 01:13:16.000]  都是有你負責改的部分
[01:13:16.000 --> 01:13:20.000]  他說很幸運
[01:13:20.000 --> 01:13:22.000]  我就找其他同事
[01:13:22.000 --> 01:13:24.000]  查一查
[01:13:24.000 --> 01:13:26.000]  改卷的質素如何
[01:13:26.000 --> 01:13:30.000]  起碼就發覺
[01:13:30.000 --> 01:13:32.000]  這一疊這麼多的卷
[01:13:32.000 --> 01:13:34.000]  你都是改錯的
[01:13:34.000 --> 01:13:36.000]  他說你改卷
[01:13:36.000 --> 01:13:38.000]  就不只是看答案
[01:13:38.000 --> 01:13:40.000]  大學的
[01:13:40.000 --> 01:13:42.000]  可能這個學生
[01:13:42.000 --> 01:13:44.000]  回答這條題目的時候
[01:13:44.000 --> 01:13:46.000]  由頭到尾大部分都是對的
[01:13:46.000 --> 01:13:48.000]  不過到最後
[01:13:48.000 --> 01:13:50.000]  他可能計算
[01:13:50.000 --> 01:13:52.000]  大家知道當年沒有計算機
[01:13:52.000 --> 01:13:54.000]  是用手算的
[01:13:54.000 --> 01:13:56.000]  可能他最後是計算錯誤
[01:13:56.000 --> 01:13:58.000]  你不能看到錯誤的答案
[01:13:58.000 --> 01:14:00.000]  就打個大交叉就算了
[01:14:00.000 --> 01:14:02.000]  你要看他究竟對了多少
[01:14:02.000 --> 01:14:04.000]  觀念對了多少
[01:14:04.000 --> 01:14:06.000]  錯了多少,然後給適當的分
[01:14:06.000 --> 01:14:08.000]  他說你知不知道
[01:14:08.000 --> 01:14:10.000]  改卷的人可能因為
[01:14:10.000 --> 01:14:12.000]  你這樣那樣的工作
[01:14:12.000 --> 01:14:14.000]  他進不了大學
[01:14:14.000 --> 01:14:16.000]  他開始很嚴厲地看著我
[01:14:16.000 --> 01:14:18.000]  你知不知道你害死了這班人
[01:14:18.000 --> 01:14:20.000]  如果你這樣改卷
[01:14:20.000 --> 01:14:22.000]  然後說了一句話
[01:14:22.000 --> 01:14:24.000]  我一輩子都不能忘記
[01:14:24.000 --> 01:14:26.000]  看著我指著我還記得
[01:14:26.000 --> 01:14:28.000]  他說你是不是人
[01:14:28.000 --> 01:14:32.000]  這句真是夭心夭肺
[01:14:32.000 --> 01:14:34.000]  我無地可容
[01:14:34.000 --> 01:14:36.000]  我沒聲音
[01:14:36.000 --> 01:14:38.000]  我自己走出去
[01:14:38.000 --> 01:14:40.000]  辦公室的時候
[01:14:40.000 --> 01:14:42.000]  到現在我都記得
[01:14:42.000 --> 01:14:44.000]  這句話在我腦裏
[01:14:44.000 --> 01:14:46.000]  沒辦法擺脫在我腦裏
[01:14:46.000 --> 01:14:48.000]  這種控訴
[01:14:48.000 --> 01:14:50.000]  一個不信耶穌的人
[01:14:50.000 --> 01:14:52.000]  我多熱心啊
[01:14:52.000 --> 01:14:54.000]  我又做團契
[01:14:54.000 --> 01:14:56.000]  又做團長又做靈修部
[01:14:56.000 --> 01:14:58.000]  為主的緣故
[01:14:58.000 --> 01:15:00.000]  不吃不睡都可以
[01:15:00.000 --> 01:15:02.000]  但竟然被一個不信耶穌的人
[01:15:02.000 --> 01:15:04.000]  指著我說你是不是人
[01:15:04.000 --> 01:15:06.000]  我開始明白
[01:15:06.000 --> 01:15:08.000]  原來一個人有神聖
[01:15:08.000 --> 01:15:10.000]  不一定有人聖
[01:15:10.000 --> 01:15:12.000]  果然在
[01:15:12.000 --> 01:15:14.000]  過去這二十多年裏
[01:15:14.000 --> 01:15:16.000]  我見到很多這樣的情況
[01:15:16.000 --> 01:15:18.000]  很多人很懂得
[01:15:18.000 --> 01:15:20.000]  和神相處
[01:15:20.000 --> 01:15:22.000]  但在做人上
[01:15:22.000 --> 01:15:24.000]  一點都不見
[01:15:24.000 --> 01:15:26.000]  我就開始更加明白
[01:15:26.000 --> 01:15:28.000]  為什麼我們要效法
[01:15:28.000 --> 01:15:30.000]  耶穌基督這麼重要
[01:15:30.000 --> 01:15:32.000]  因為我們的主耶穌基督
[01:15:32.000 --> 01:15:34.000]  百分之百的神聖
[01:15:34.000 --> 01:15:36.000]  百分之百的人性
[01:15:36.000 --> 01:15:38.000]  他不只是不吃人間煙火
[01:15:38.000 --> 01:15:40.000]  他是做一個百分之百的人
[01:15:40.000 --> 01:15:42.000]  周圍的人都喜愛他
[01:15:42.000 --> 01:15:44.000]  聖經說
[01:15:44.000 --> 01:15:46.000]  神和人喜愛他的心
[01:15:46.000 --> 01:15:48.000]  隨著年齡都增長
[01:15:48.000 --> 01:15:50.000]  控告耶穌的人的生命裏
[01:15:50.000 --> 01:15:52.000]  沒有一個能夠對他做出任何的批評
[01:15:52.000 --> 01:15:54.000]  甚至那些受敵
[01:15:54.000 --> 01:15:56.000]  不抵得他
[01:15:56.000 --> 01:15:58.000]  說整個真理影衰他們
[01:15:58.000 --> 01:16:00.000]  他都沒辦法去批評耶穌基督
[01:16:00.000 --> 01:16:02.000]  因為耶穌做人是光明磊落
[01:16:02.000 --> 01:16:04.000]  剛剛好
[01:16:04.000 --> 01:16:06.000]  同時他在屬靈的生命上
[01:16:06.000 --> 01:16:08.000]  對神對人都對得住
[01:16:08.000 --> 01:16:10.000]  這是第一件事
[01:16:10.000 --> 01:16:12.000]  在我一生裏都不會忘記
[01:16:12.000 --> 01:16:14.000]  我從今之後
[01:16:14.000 --> 01:16:16.000]  我就提醒我自己
[01:16:16.000 --> 01:16:18.000]  只是祈禱讀經重要
[01:16:18.000 --> 01:16:20.000]  不過做人一樣是這麼重要
[01:16:20.000 --> 01:16:22.000]  不要做了基督徒之後
[01:16:22.000 --> 01:16:24.000]  有一天被基督徒說你不是人
[01:16:24.000 --> 01:16:26.000]  另外一件事
[01:16:26.000 --> 01:16:28.000]  也是很深刻的印象
[01:16:28.000 --> 01:16:30.000]  發生在我身邊
[01:16:30.000 --> 01:16:32.000]  一個我想都想不到的人身上
[01:16:32.000 --> 01:16:34.000]  1973年我第一次
[01:16:34.000 --> 01:16:36.000]  離開香港
[01:16:36.000 --> 01:16:38.000]  參加國際的基督徒學生會議
[01:16:38.000 --> 01:16:40.000]  我自己負責
[01:16:40.000 --> 01:16:42.000]  一個小部份的港獨
[01:16:42.000 --> 01:16:44.000]  和一位牧師
[01:16:44.000 --> 01:16:46.000]  在美國來的牧師拍檔
[01:16:46.000 --> 01:16:48.000]  向中國大陸傳福音
[01:16:48.000 --> 01:16:50.000]  大家知道1973年
[01:16:50.000 --> 01:16:52.000]  中國還是很封閉
[01:16:52.000 --> 01:16:54.000]  很少人講到向中國傳福音
[01:16:54.000 --> 01:16:56.000]  這裏緊閉的門
[01:16:56.000 --> 01:16:58.000]  但是我自己心裏
[01:16:58.000 --> 01:17:00.000]  1970年開始感動
[01:17:00.000 --> 01:17:02.000]  我自己都為這件事祈禱
[01:17:02.000 --> 01:17:04.000]  進入大陸工作
[01:17:04.000 --> 01:17:06.000]  我自己很有負擔
[01:17:06.000 --> 01:17:08.000]  那次是國際學生團體的會議
[01:17:08.000 --> 01:17:10.000]  在菲律賓的碧瑤
[01:17:10.000 --> 01:17:12.000]  花橋那裏舉行
[01:17:12.000 --> 01:17:14.000]  來自各個世界
[01:17:14.000 --> 01:17:16.000]  不同的大學生來開會
[01:17:16.000 --> 01:17:18.000]  我負責其中一部份
[01:17:18.000 --> 01:17:20.000]  特別是講到中國大陸
[01:17:20.000 --> 01:17:22.000]  這個共產封閉的門
[01:17:22.000 --> 01:17:24.000]  怎樣為他們祈禱
[01:17:24.000 --> 01:17:26.000]  如何預備自己
[01:17:26.000 --> 01:17:28.000]  和我拍檔的一位美國來的牧師
[01:17:28.000 --> 01:17:30.000]  也是中國人的土生木死
[01:17:30.000 --> 01:17:32.000]  這位牧師很會講話
[01:17:32.000 --> 01:17:34.000]  講到很感動
[01:17:34.000 --> 01:17:36.000]  我最記得那次
[01:17:36.000 --> 01:17:38.000]  我們有一個下午
[01:17:38.000 --> 01:17:40.000]  在一個金色祈禱會
[01:17:40.000 --> 01:17:42.000]  特別為了中國
[01:17:42.000 --> 01:17:44.000]  來了幾十位的參加者
[01:17:44.000 --> 01:17:46.000]  在那個聚會上
[01:17:46.000 --> 01:17:48.000]  我講到我自己在中國裏面碰見的情況
[01:17:48.000 --> 01:17:50.000]  中國大陸的人
[01:17:50.000 --> 01:17:52.000]  他們沒有福音機會聽到
[01:17:52.000 --> 01:17:54.000]  文革十年的時間
[01:17:54.000 --> 01:17:56.000]  這位牧師也講到
[01:17:56.000 --> 01:17:58.000]  中國的福音的需要
[01:17:58.000 --> 01:18:00.000]  中國人的貧窮 中國人的可憐
[01:18:00.000 --> 01:18:02.000]  我要紀念他
[01:18:02.000 --> 01:18:04.000]  我很記得他講到的時候
[01:18:04.000 --> 01:18:06.000]  我自己眼淚都流出來
[01:18:06.000 --> 01:18:08.000]  想起我們在香港 我們在海外
[01:18:08.000 --> 01:18:10.000]  雖然不是很富裕
[01:18:10.000 --> 01:18:12.000]  但我們也尚算生活得正正常常
[01:18:12.000 --> 01:18:14.000]  但在中國裏面
[01:18:14.000 --> 01:18:16.000]  吃也沒得吃
[01:18:16.000 --> 01:18:18.000]  生活心靈的空間也沒有
[01:18:18.000 --> 01:18:20.000]  很難為中國人禱告
[01:18:20.000 --> 01:18:22.000]  然後這位牧師就說
[01:18:22.000 --> 01:18:24.000]  你們自己決定
[01:18:24.000 --> 01:18:26.000]  吃不吃東西
[01:18:26.000 --> 01:18:28.000]  下午那餐是很閒的事
[01:18:28.000 --> 01:18:30.000]  但我們能夠為了他們
[01:18:30.000 --> 01:18:32.000]  為了中國的弟兄姊妹 中國的同胞
[01:18:32.000 --> 01:18:34.000]  我們能夠付出一點點的代價
[01:18:34.000 --> 01:18:36.000]  為他們禱告
[01:18:36.000 --> 01:18:38.000]  禁食一天 為這些沒東西吃的
[01:18:38.000 --> 01:18:40.000]  心靈饑渴的人禱告
[01:18:40.000 --> 01:18:42.000]  心裏有很大的感動
[01:18:42.000 --> 01:18:44.000]  於是就結束了這個聚會
[01:18:44.000 --> 01:18:46.000]  弟兄姊妹就決定在大堂裏祈禱
[01:18:46.000 --> 01:18:48.000]  或者在自己的祈禱室裏祈禱
[01:18:48.000 --> 01:18:50.000]  我就跟那位牧師走到一邊
[01:18:50.000 --> 01:18:52.000]  走到外面
[01:18:52.000 --> 01:18:54.000]  他就懷疑我走到外面的時候
[01:18:54.000 --> 01:18:56.000]  我想問這位牧師
[01:18:56.000 --> 01:18:58.000]  我們現在去哪裏祈禱
[01:18:58.000 --> 01:19:00.000]  我都沒有開聲
[01:19:00.000 --> 01:19:02.000]  這位牧師就搭著我的肩膀
[01:19:02.000 --> 01:19:04.000]  我很記得他拍著我的肩膀
[01:19:04.000 --> 01:19:06.000]  很犀利
[01:19:06.000 --> 01:19:08.000]  Milton
[01:19:08.000 --> 01:19:12.000]  這個campus的東西是垃圾
[01:19:12.000 --> 01:19:14.000]  不能吃的
[01:19:14.000 --> 01:19:16.000]  我和他過去對面那間 那間很正
[01:19:18.000 --> 01:19:20.000]  那間都大了
[01:19:20.000 --> 01:19:22.000]  剛剛剛才的聲淚俱下
[01:19:22.000 --> 01:19:24.000]  為中國人來祈禱
[01:19:24.000 --> 01:19:28.000]  少吃一餐算得了什麼
[01:19:28.000 --> 01:19:30.000]  我簡直不明白
[01:19:30.000 --> 01:19:32.000]  不相信我的耳朵
[01:19:32.000 --> 01:19:34.000]  這位牧師說那些是垃圾
[01:19:34.000 --> 01:19:36.000]  我們過去那間
[01:19:36.000 --> 01:19:38.000]  很正
[01:19:38.000 --> 01:19:40.000]  我都不知道怎麼回答
[01:19:40.000 --> 01:19:42.000]  我很不舒服 我想回房
[01:19:42.000 --> 01:19:44.000]  我當然跟他吃
[01:19:44.000 --> 01:19:46.000]  我作嘔
[01:19:46.000 --> 01:19:48.000]  你明白嗎
[01:19:48.000 --> 01:19:50.000]  牧師來的
[01:19:50.000 --> 01:19:52.000]  幾分鐘前才說到聲淚俱下
[01:19:52.000 --> 01:19:54.000]  一轉身就說
[01:19:54.000 --> 01:19:56.000]  Milton這些垃圾不能吃
[01:19:56.000 --> 01:19:58.000]  我到現在都記得是二十多年
[01:19:58.000 --> 01:20:00.000]  那次之後我一直問我自己
[01:20:00.000 --> 01:20:02.000]  為什麼基督徒會搞成這樣
[01:20:02.000 --> 01:20:04.000]  為什麼基督徒會這麼虛偽
[01:20:04.000 --> 01:20:06.000]  有些人有了神性
[01:20:06.000 --> 01:20:08.000]  好像我這樣
[01:20:08.000 --> 01:20:10.000]  就沒有了人性
[01:20:10.000 --> 01:20:12.000]  有些人有了人性就很會做人
[01:20:12.000 --> 01:20:14.000]  但是沒有了神性
[01:20:14.000 --> 01:20:16.000]  又沒有神性又沒有人性
[01:20:16.000 --> 01:20:18.000]  做人又不行
[01:20:18.000 --> 01:20:20.000]  又說是基督徒有宗教的虛偽
[01:20:20.000 --> 01:20:22.000]  這些是最糟糕的
[01:20:22.000 --> 01:20:24.000]  說這些話
[01:20:24.000 --> 01:20:26.000]  我不是想來做審判
[01:20:26.000 --> 01:20:28.000]  控訴大家
[01:20:28.000 --> 01:20:30.000]  如果我們明白這些背景的時候
[01:20:30.000 --> 01:20:32.000]  我們就明白在馬拉基斯裡面
[01:20:32.000 --> 01:20:34.000]  神叔說的話背後
[01:20:34.000 --> 01:20:36.000]  所充滿的那種難過
[01:20:36.000 --> 01:20:38.000]  和以色列人當時
[01:20:38.000 --> 01:20:40.000]  令神那種難堪的情況
[01:20:40.000 --> 01:20:42.000]  我們一起打開聖經好嗎
[01:20:44.000 --> 01:20:46.000]  在馬拉基斯
[01:20:46.000 --> 01:20:48.000]  今天我們看第一章
[01:20:48.000 --> 01:20:50.000]  第六節
[01:20:50.000 --> 01:20:52.000]  到第二章九節
[01:20:52.000 --> 01:20:56.000]  第一章的第六節
[01:20:56.000 --> 01:20:58.000]  到第二章
[01:20:58.000 --> 01:21:00.000]  的九節
[01:21:00.000 --> 01:21:02.000]  神這裡要對馬拉基
[01:21:02.000 --> 01:21:04.000]  當時的民眾
[01:21:04.000 --> 01:21:06.000]  以色列人所說的話
[01:21:06.000 --> 01:21:10.000]  就是以色列人
[01:21:10.000 --> 01:21:12.000]  你做人
[01:21:12.000 --> 01:21:14.000]  跟其他人一樣這麼卑鄙
[01:21:14.000 --> 01:21:16.000]  有時比外邦人更差
[01:21:16.000 --> 01:21:18.000]  然後你還再掛一個
[01:21:18.000 --> 01:21:20.000]  宗教的名義
[01:21:20.000 --> 01:21:22.000]  再加多一條
[01:21:22.000 --> 01:21:24.000]  虛偽的罪
[01:21:24.000 --> 01:21:26.000]  這個就是馬拉基當時
[01:21:26.000 --> 01:21:28.000]  要透過他的說話
[01:21:28.000 --> 01:21:30.000]  神要對以色列人所說的
[01:21:30.000 --> 01:21:32.000]  我們首先看看
[01:21:32.000 --> 01:21:34.000]  究竟
[01:21:34.000 --> 01:21:36.000]  神的控訴是什麼
[01:21:36.000 --> 01:21:38.000]  我們今天早上
[01:21:38.000 --> 01:21:40.000]  一起來有成千人
[01:21:40.000 --> 01:21:42.000]  我們讀一下聖經
[01:21:42.000 --> 01:21:44.000]  我們就試一下讀一段長長的
[01:21:44.000 --> 01:21:46.000]  第一章第六節
[01:21:46.000 --> 01:21:48.000]  讀到第二章二節
[01:21:48.000 --> 01:21:50.000]  我們首先看看神的控訴是什麼
[01:21:50.000 --> 01:21:52.000]  好嗎
[01:21:52.000 --> 01:21:58.000]  我不是躲起來
[01:21:58.000 --> 01:22:00.000]  因為下面有個檯
[01:22:00.000 --> 01:22:02.000]  我不是很習慣
[01:22:02.000 --> 01:22:04.000]  我怕掉出來的時候
[01:22:04.000 --> 01:22:06.000]  爬不起來
[01:22:06.000 --> 01:22:08.000]  我們一起慢慢來讀
[01:22:08.000 --> 01:22:10.000]  馬拉基書第一章的六節
[01:22:10.000 --> 01:22:12.000]  到第二章二節
[01:22:12.000 --> 01:22:14.000]  這是第一段
[01:22:14.000 --> 01:22:16.000]  關於神自己對我們的控訴
[01:22:16.000 --> 01:22:18.000]  我們一起來慢慢讀
[01:22:38.000 --> 01:22:40.000]  我們在哪裡呢
[01:22:40.000 --> 01:22:42.000]  你們卻說
[01:22:42.000 --> 01:22:44.000]  我們在何事上
[01:22:44.000 --> 01:22:46.000]  藐視你的名呢
[01:22:46.000 --> 01:22:48.000]  你們將污穢的食物
[01:22:48.000 --> 01:22:50.000]  獻在我的壇上
[01:22:50.000 --> 01:22:52.000]  且說
[01:22:52.000 --> 01:22:54.000]  我在何事上污穢你呢
[01:22:54.000 --> 01:22:56.000]  因你們說
[01:22:56.000 --> 01:22:58.000]  叫我華的卓子
[01:22:58.000 --> 01:23:00.000]  是可藐視的
[01:23:00.000 --> 01:23:02.000]  你們將黑眼的
[01:23:02.000 --> 01:23:04.000]  獻為祭物
[01:23:04.000 --> 01:23:06.000]  這不是惡嗎
[01:23:06.000 --> 01:23:08.000]  將瘸腿的
[01:23:08.000 --> 01:23:10.000]  有病的獻上
[01:23:10.000 --> 01:23:12.000]  這不為惡嗎
[01:23:12.000 --> 01:23:14.000]  你獻給你的
[01:23:14.000 --> 01:23:16.000]  散長
[01:23:16.000 --> 01:23:18.000]  他喜悅悅你
[01:23:18.000 --> 01:23:20.000]  豈能看你的
[01:23:20.000 --> 01:23:22.000]  情面嗎
[01:23:22.000 --> 01:23:24.000]  這是萬鈞之耶和華說的
[01:23:24.000 --> 01:23:26.000]  現在我勸你們
[01:23:26.000 --> 01:23:28.000]  懇求神
[01:23:28.000 --> 01:23:30.000]  他好施恩於我們
[01:23:30.000 --> 01:23:32.000]  這妄獻的事
[01:23:32.000 --> 01:23:34.000]  既由你們經手
[01:23:34.000 --> 01:23:36.000]  他喜能看
[01:23:36.000 --> 01:23:38.000]  你們的情面嗎
[01:23:38.000 --> 01:23:40.000]  這是萬鈞之耶和華說的
[01:23:40.000 --> 01:23:42.000]  甚願你們中間
[01:23:42.000 --> 01:23:44.000]  有一人
[01:23:44.000 --> 01:23:46.000]  關上殿門
[01:23:46.000 --> 01:23:48.000]  免得你們
[01:23:48.000 --> 01:23:50.000]  徒然在我壇上
[01:23:50.000 --> 01:23:52.000]  燒火
[01:23:52.000 --> 01:23:54.000]  也不從你們
[01:23:54.000 --> 01:23:56.000]  手中
[01:23:56.000 --> 01:23:58.000]  收納
[01:23:58.000 --> 01:24:00.000]  貢物
[01:24:00.000 --> 01:24:02.000]  萬鈞之耶和華說
[01:24:02.000 --> 01:24:04.000]  從日出之地
[01:24:04.000 --> 01:24:06.000]  到日落之處
[01:24:06.000 --> 01:24:08.000]  我的名在外邦中
[01:24:08.000 --> 01:24:10.000]  必尊為大
[01:24:10.000 --> 01:24:12.000]  在各處
[01:24:12.000 --> 01:24:14.000]  人必奉我的名
[01:24:14.000 --> 01:24:16.000]  燒香
[01:24:16.000 --> 01:24:18.000]  見潔淨的貢物
[01:24:18.000 --> 01:24:20.000]  因為我的名在外邦中
[01:24:20.000 --> 01:24:22.000]  必尊為大
[01:24:22.000 --> 01:24:24.000]  你們卻褻瀆我的名
[01:24:24.000 --> 01:24:26.000]  說:耶和華的
[01:24:26.000 --> 01:24:28.000]  卓子是污穢的
[01:24:28.000 --> 01:24:30.000]  其上的食物
[01:24:30.000 --> 01:24:32.000]  是可藐視的
[01:24:32.000 --> 01:24:34.000]  你們又說
[01:24:34.000 --> 01:24:36.000]  這是何等繁瑣
[01:24:36.000 --> 01:24:38.000]  並痴之以備
[01:24:38.000 --> 01:24:40.000]  這是耶和華說的
[01:24:40.000 --> 01:24:42.000]  你們把搶奪的
[01:24:42.000 --> 01:24:44.000]  磕腿的
[01:24:44.000 --> 01:24:46.000]  有病的
[01:24:46.000 --> 01:24:48.000]  拿來獻上為祭
[01:24:48.000 --> 01:24:50.000]  我豈能從你們
[01:24:50.000 --> 01:24:52.000]  手中收納呢
[01:24:52.000 --> 01:24:54.000]  這是耶和華說的
[01:24:54.000 --> 01:24:56.000]  行鬼乍在
[01:24:56.000 --> 01:24:58.000]  在群中有供養
[01:24:58.000 --> 01:25:00.000]  他許願卻
[01:25:00.000 --> 01:25:02.000]  擁有殘疾的獻給主
[01:25:02.000 --> 01:25:04.000]  這人是可救助的
[01:25:04.000 --> 01:25:06.000]  因為我是
[01:25:06.000 --> 01:25:08.000]  大君王
[01:25:08.000 --> 01:25:10.000]  我的名在外邦中
[01:25:10.000 --> 01:25:12.000]  必尊為大
[01:25:12.000 --> 01:25:14.000]  這是萬君之耶和華說的
[01:25:14.000 --> 01:25:16.000]  眾濟私惡
[01:25:16.000 --> 01:25:18.000]  這誡命是
[01:25:18.000 --> 01:25:20.000]  全給你們的
[01:25:20.000 --> 01:25:22.000]  萬君之耶和華說
[01:25:22.000 --> 01:25:24.000]  你們若不聽從我
[01:25:24.000 --> 01:25:26.000]  也不放在心上
[01:25:26.000 --> 01:25:28.000]  將榮耀歸於
[01:25:28.000 --> 01:25:30.000]  我的名
[01:25:30.000 --> 01:25:32.000]  我就是就坐臨到你們
[01:25:32.000 --> 01:25:34.000]  使你們的福分
[01:25:34.000 --> 01:25:36.000]  變為就坐
[01:25:36.000 --> 01:25:38.000]  因你們不把誡命
[01:25:38.000 --> 01:25:40.000]  放在心上
[01:25:40.000 --> 01:25:42.000]  我已經就坐你們了
[01:25:42.000 --> 01:25:44.000]  好,我們就讀到這裡
[01:25:44.000 --> 01:25:46.000]  剛才讀的時候,我相信多多少少
[01:25:46.000 --> 01:25:48.000]  你都會感覺到
[01:25:48.000 --> 01:25:50.000]  神的控訴是什麼
[01:25:50.000 --> 01:25:52.000]  神的控訴就是說
[01:25:52.000 --> 01:25:54.000]  你們藐視我
[01:25:54.000 --> 01:25:56.000]  昨晚我們說過
[01:25:56.000 --> 01:25:58.000]  這是一個模式
[01:25:58.000 --> 01:26:00.000]  當時的人就說
[01:26:00.000 --> 01:26:02.000]  我什麼藐視你啊
[01:26:02.000 --> 01:26:04.000]  我哪有膽量藐視你啊
[01:26:04.000 --> 01:26:06.000]  神說你藐視我
[01:26:06.000 --> 01:26:08.000]  他說沒有啊,我們獻祭的東西都做足了
[01:26:08.000 --> 01:26:10.000]  我們宗教生活都上了軌道
[01:26:10.000 --> 01:26:12.000]  要做的事我都做了
[01:26:12.000 --> 01:26:14.000]  神說不是
[01:26:14.000 --> 01:26:16.000]  你將那些病的
[01:26:16.000 --> 01:26:18.000]  你將那些輝煌的
[01:26:18.000 --> 01:26:20.000]  拿來獻給我,這就是藐視我
[01:26:20.000 --> 01:26:22.000]  那時候他們不是沒有錢
[01:26:22.000 --> 01:26:24.000]  有一節聖經
[01:26:24.000 --> 01:26:26.000]  好像中文也不是太清楚
[01:26:26.000 --> 01:26:28.000]  第一章十四節
[01:26:28.000 --> 01:26:30.000]  在十四節那裡
[01:26:30.000 --> 01:26:32.000]  他好像也不是很明白
[01:26:32.000 --> 01:26:34.000]  那一節他怎麼說呢
[01:26:34.000 --> 01:26:36.000]  他說
[01:26:36.000 --> 01:26:38.000]  行詭詐的在群中有
[01:26:38.000 --> 01:26:40.000]  豐揚花許願卻
[01:26:40.000 --> 01:26:42.000]  用有殘疾的獻給主
[01:26:42.000 --> 01:26:44.000]  我不知道他說什麼
[01:26:44.000 --> 01:26:46.000]  其實呢
[01:26:46.000 --> 01:26:48.000]  原來那個英文是比較明白一點
[01:26:48.000 --> 01:26:50.000]  就是說那些詭詐的人
[01:26:50.000 --> 01:26:52.000]  獻祭的時候
[01:26:52.000 --> 01:26:54.000]  他其實是
[01:26:54.000 --> 01:26:56.000]  有那些
[01:26:56.000 --> 01:26:58.000]  的豐揚在他手上
[01:26:58.000 --> 01:27:00.000]  豐揚就是應該獻給神的東西
[01:27:00.000 --> 01:27:02.000]  就是說那些東西不是窮的
[01:27:02.000 --> 01:27:04.000]  不是像那個窮寡婦
[01:27:04.000 --> 01:27:06.000]  只有兩個小錢獻上去的時候
[01:27:06.000 --> 01:27:08.000]  神不會介意的
[01:27:08.000 --> 01:27:10.000]  現在不是問題你獻一百塊、二百塊、五百塊
[01:27:10.000 --> 01:27:12.000]  你自己是全時間奉獻
[01:27:12.000 --> 01:27:14.000]  你是做什麼工作
[01:27:14.000 --> 01:27:16.000]  神說我不是看那件事
[01:27:16.000 --> 01:27:18.000]  表面
[01:27:18.000 --> 01:27:20.000]  我看你那個心是怎麼樣
[01:27:20.000 --> 01:27:22.000]  你獻兩個小錢
[01:27:22.000 --> 01:27:24.000]  是你一生所有的
[01:27:24.000 --> 01:27:26.000]  兩個小錢神耶穌基督說
[01:27:26.000 --> 01:27:28.000]  稱讚他
[01:27:28.000 --> 01:27:30.000]  但現在這個問題就是
[01:27:30.000 --> 01:27:32.000]  你這群人有豐揚在手
[01:27:32.000 --> 01:27:34.000]  這是第一樣
[01:27:34.000 --> 01:27:36.000]  就是說他是有能力
[01:27:36.000 --> 01:27:38.000]  可以獻正正當當的東西給神
[01:27:38.000 --> 01:27:40.000]  而且他是
[01:27:40.000 --> 01:27:42.000]  起誓說過要給的
[01:27:42.000 --> 01:27:44.000]  原文是這個意思
[01:27:44.000 --> 01:27:46.000]  他有豐揚在手又曾經答應過
[01:27:46.000 --> 01:27:48.000]  要給神的
[01:27:48.000 --> 01:27:50.000]  然後他拿一隻跛腳
[01:27:50.000 --> 01:27:52.000]  去給神
[01:27:52.000 --> 01:27:54.000]  你明白嗎?
[01:27:54.000 --> 01:27:56.000]  神生氣的那件事
[01:27:56.000 --> 01:27:58.000]  大家都明白我在說的
[01:27:58.000 --> 01:28:00.000]  你會聽得出來
[01:28:00.000 --> 01:28:02.000]  我不是說的意識來的獻祭
[01:28:02.000 --> 01:28:04.000]  說的是你和我的生命
[01:28:04.000 --> 01:28:06.000]  曾經何時我們個個有些弟兄姊妹
[01:28:06.000 --> 01:28:08.000]  你和神說過什麼你自己知道
[01:28:08.000 --> 01:28:10.000]  你有多少能力、財幹你自己知道
[01:28:10.000 --> 01:28:12.000]  有多少錢你自己知道
[01:28:12.000 --> 01:28:14.000]  然後你拿什麼給神你自己也知道
[01:28:14.000 --> 01:28:16.000]  神要說的就是這件事
[01:28:16.000 --> 01:28:18.000]  你拿什麼給我
[01:28:18.000 --> 01:28:20.000]  然後你還說神我何時藐視你
[01:28:20.000 --> 01:28:22.000]  神說你當我是步刀
[01:28:22.000 --> 01:28:26.000]  在這裡神有幾個審判
[01:28:26.000 --> 01:28:28.000]  你留意這裡
[01:28:28.000 --> 01:28:30.000]  首先第一
[01:28:30.000 --> 01:28:32.000]  你看第一章第六節
[01:28:32.000 --> 01:28:34.000]  兒子尊敬爸爸
[01:28:34.000 --> 01:28:36.000]  理所當然
[01:28:36.000 --> 01:28:38.000]  人之常情
[01:28:38.000 --> 01:28:40.000]  僕人尊敬主人
[01:28:40.000 --> 01:28:42.000]  然後神說難道連爸爸
[01:28:42.000 --> 01:28:44.000]  連主人都不如嗎?
[01:28:44.000 --> 01:28:46.000]  就是說
[01:28:46.000 --> 01:28:48.000]  人之常情應該有的
[01:28:48.000 --> 01:28:50.000]  我要求你尊重我
[01:28:50.000 --> 01:28:52.000]  我要求你將你的東西
[01:28:52.000 --> 01:28:54.000]  還給我
[01:28:54.000 --> 01:28:56.000]  將你的時間、金錢、財幹
[01:28:56.000 --> 01:28:58.000]  將你的感情還給我
[01:28:58.000 --> 01:29:00.000]  這是理所當然的
[01:29:00.000 --> 01:29:02.000]  但是為什麼
[01:29:02.000 --> 01:29:04.000]  你這樣都不肯呢?
[01:29:04.000 --> 01:29:06.000]  為什麼你將那些
[01:29:06.000 --> 01:29:08.000]  次等的
[01:29:08.000 --> 01:29:10.000]  第七第八節
[01:29:10.000 --> 01:29:12.000]  那些
[01:29:12.000 --> 01:29:14.000]  是有病的
[01:29:14.000 --> 01:29:16.000]  然後獻給他的時候
[01:29:16.000 --> 01:29:18.000]  你還要我接納
[01:29:18.000 --> 01:29:22.000]  神說有什麼理由
[01:29:22.000 --> 01:29:24.000]  有什麼理由你要我接納
[01:29:24.000 --> 01:29:26.000]  你還要我看你的情面來接納
[01:29:26.000 --> 01:29:28.000]  然後神就說了一個
[01:29:28.000 --> 01:29:30.000]  很強的對比
[01:29:30.000 --> 01:29:32.000]  祂說你這樣做
[01:29:32.000 --> 01:29:34.000]  第八節
[01:29:34.000 --> 01:29:36.000]  你們將黑眼的獻為
[01:29:36.000 --> 01:29:38.000]  祭物
[01:29:38.000 --> 01:29:40.000]  將跛腳的獻給我
[01:29:40.000 --> 01:29:42.000]  不是惡嗎?
[01:29:42.000 --> 01:29:44.000]  你們獻給你們的省長
[01:29:44.000 --> 01:29:45.000]  拍起月立你們
[01:29:45.000 --> 01:29:47.000]  豈能看你的情面呢?
[01:29:47.000 --> 01:29:49.000]  然後第九節下半節說
[01:29:49.000 --> 01:29:51.000]  你要獻這些東西給我
[01:29:51.000 --> 01:29:53.000]  難道我就會看你的情面嗎?
[01:29:53.000 --> 01:29:55.000]  說了兩次第八節第九節
[01:29:55.000 --> 01:29:56.000]  說了兩次情面
[01:29:56.000 --> 01:29:57.000]  兩個不同的情面
[01:29:57.000 --> 01:29:59.000]  大家明白我在說什麼嗎?
[01:29:59.000 --> 01:30:00.000]  神的意思就是說
[01:30:00.000 --> 01:30:02.000]  你將那些跛腳的東西獻給我
[01:30:02.000 --> 01:30:04.000]  叫我看一下你的情面
[01:30:04.000 --> 01:30:06.000]  來接納你
[01:30:06.000 --> 01:30:10.000]  神說你試一下將這些東西獻給省長
[01:30:10.000 --> 01:30:12.000]  大家知道當時的官員
[01:30:12.000 --> 01:30:14.000]  看他給不給你面子
[01:30:14.000 --> 01:30:15.000]  接納你
[01:30:15.000 --> 01:30:16.000]  你明白嗎?
[01:30:16.000 --> 01:30:18.000]  說的意思就是兩個很強的對比
[01:30:18.000 --> 01:30:20.000]  對比是說什麼?
[01:30:20.000 --> 01:30:22.000]  對比就是說
[01:30:22.000 --> 01:30:24.000]  今天你拿些什麼給神
[01:30:24.000 --> 01:30:26.000]  你拿些什麼給人
[01:30:26.000 --> 01:30:28.000]  給你的老闆
[01:30:28.000 --> 01:30:30.000]  省長就是老闆
[01:30:30.000 --> 01:30:32.000]  你自己就問你自己一個check list
[01:30:32.000 --> 01:30:34.000]  想一下
[01:30:34.000 --> 01:30:36.000]  如果今天
[01:30:36.000 --> 01:30:38.000]  你拿這些東西
[01:30:38.000 --> 01:30:40.000]  拿些廢的
[01:30:40.000 --> 01:30:41.000]  拿些殘廢的
[01:30:41.000 --> 01:30:42.000]  拿些低的
[01:30:42.000 --> 01:30:43.000]  拿些盲眼的
[01:30:43.000 --> 01:30:44.000]  拿些次貨
[01:30:44.000 --> 01:30:46.000]  你不要的走剩的才扔給神
[01:30:46.000 --> 01:30:48.000]  你要神接納你
[01:30:48.000 --> 01:30:50.000]  你合不合理啊?
[01:30:50.000 --> 01:30:51.000]  你這樣的態度
[01:30:51.000 --> 01:30:53.000]  你對你自己人生的老闆
[01:30:53.000 --> 01:30:55.000]  他都不給你面子
[01:30:55.000 --> 01:30:56.000]  你叫我給你面子
[01:30:56.000 --> 01:30:58.000]  大家明白一個對比嗎?
[01:30:58.000 --> 01:31:00.000]  有時候我們基督徒要問我們自己每一個人
[01:31:00.000 --> 01:31:02.000]  這是一個很好的check list
[01:31:02.000 --> 01:31:04.000]  我們有幾個
[01:31:04.000 --> 01:31:06.000]  自己反省的提醒
[01:31:06.000 --> 01:31:08.000]  你有空的話可以寫在自己這裡
[01:31:08.000 --> 01:31:10.000]  張紙怎樣怎樣貼在這裡
[01:31:10.000 --> 01:31:12.000]  你怎樣對老闆
[01:31:12.000 --> 01:31:16.000]  然後問一下
[01:31:16.000 --> 01:31:18.000]  有時候我們侍奉神的態度
[01:31:18.000 --> 01:31:20.000]  連我們人間對老闆都不如
[01:31:20.000 --> 01:31:24.000]  我們對老闆都不會這樣做
[01:31:24.000 --> 01:31:26.000]  我們答應了領事
[01:31:26.000 --> 01:31:28.000]  到時脫了底
[01:31:28.000 --> 01:31:30.000]  連電話都不用打過
[01:31:30.000 --> 01:31:32.000]  你夠不夠膽對老闆呢?
[01:31:32.000 --> 01:31:36.000]  他聚會遲到了
[01:31:36.000 --> 01:31:38.000]  明明是要等你死死下
[01:31:38.000 --> 01:31:40.000]  開會遲到
[01:31:40.000 --> 01:31:42.000]  遲到來到的時候一句都不用說對不起
[01:31:42.000 --> 01:31:44.000]  如果你是執行董事會
[01:31:44.000 --> 01:31:46.000]  你試一下遲到
[01:31:46.000 --> 01:31:48.000]  你到時怎樣鞠躬犯你記不記得
[01:31:48.000 --> 01:31:50.000]  去到的時候怎樣道歉
[01:31:50.000 --> 01:31:52.000]  你記不記得
[01:31:52.000 --> 01:31:54.000]  為什麼我們這群狂侍奉不用這樣做
[01:31:54.000 --> 01:31:56.000]  回去公司都要這樣做
[01:31:56.000 --> 01:31:58.000]  你明不明白我的意思
[01:31:58.000 --> 01:32:00.000]  聖經就是這樣說
[01:32:00.000 --> 01:32:02.000]  你想想你怎樣對老闆
[01:32:02.000 --> 01:32:04.000]  你為了家裡的錢為了工作
[01:32:04.000 --> 01:32:06.000]  鞠躬又祭
[01:32:06.000 --> 01:32:08.000]  準時又祭開OT又祭
[01:32:08.000 --> 01:32:10.000]  是不是
[01:32:10.000 --> 01:32:12.000]  你為神做過這些事沒有
[01:32:12.000 --> 01:32:14.000]  然後你還輕輕鬆鬆
[01:32:14.000 --> 01:32:16.000]  為何神這樣都不用想
[01:32:16.000 --> 01:32:18.000]  我已經很活該
[01:32:18.000 --> 01:32:20.000]  做公之餘還有家裡
[01:32:20.000 --> 01:32:22.000]  我還要回去做團契
[01:32:22.000 --> 01:32:24.000]  我知道這些都是很偉大的努力
[01:32:24.000 --> 01:32:26.000]  不過你不可以
[01:32:26.000 --> 01:32:28.000]  以為這樣就是不可一世
[01:32:28.000 --> 01:32:30.000]  請姐妹
[01:32:30.000 --> 01:32:32.000]  你很厲害嗎你都侍奉神
[01:32:32.000 --> 01:32:34.000]  你是理所當然的神
[01:32:34.000 --> 01:32:36.000]  我是你爸爸都不如嗎
[01:32:36.000 --> 01:32:38.000]  我是你老闆都不如嗎
[01:32:38.000 --> 01:32:40.000]  服人尊敬主人子尊敬父親
[01:32:40.000 --> 01:32:42.000]  是理所當然的
[01:32:42.000 --> 01:32:44.000]  現在我要求你拿回我基本
[01:32:44.000 --> 01:32:46.000]  應該有的尊重
[01:32:46.000 --> 01:32:48.000]  何況我是你的神
[01:32:48.000 --> 01:32:50.000]  但是你對我的尊重
[01:32:50.000 --> 01:32:52.000]  你給出我的時間
[01:32:52.000 --> 01:32:54.000]  連普通
[01:32:54.000 --> 01:32:56.000]  你的工作上的表現
[01:32:56.000 --> 01:32:58.000]  都不如
[01:32:58.000 --> 01:33:00.000]  你怎算是侍奉我
[01:33:00.000 --> 01:33:02.000]  怎算是我的子民
[01:33:02.000 --> 01:33:04.000]  有時候我自己都很慚愧
[01:33:04.000 --> 01:33:06.000]  經常提醒我做這些事
[01:33:06.000 --> 01:33:08.000]  我希望每個丙姐妹
[01:33:08.000 --> 01:33:10.000]  都提醒
[01:33:10.000 --> 01:33:12.000]  我們為工作
[01:33:12.000 --> 01:33:14.000]  我們開OT
[01:33:14.000 --> 01:33:16.000]  無所怨言
[01:33:16.000 --> 01:33:18.000]  但我們為了教會
[01:33:18.000 --> 01:33:20.000]  為了下令會為了東令會
[01:33:20.000 --> 01:33:22.000]  為了團契的聚會
[01:33:22.000 --> 01:33:24.000]  又要出來開會
[01:33:24.000 --> 01:33:26.000]  真是難事
[01:33:26.000 --> 01:33:28.000]  然而銀行
[01:33:28.000 --> 01:33:30.000]  我記得我幾年前
[01:33:30.000 --> 01:33:32.000]  有一次自己都很深印象
[01:33:32.000 --> 01:33:34.000]  被女兒壓著
[01:33:34.000 --> 01:33:36.000]  那天早上
[01:33:36.000 --> 01:33:38.000]  我都教人
[01:33:38.000 --> 01:33:40.000]  用寫意卡
[01:33:40.000 --> 01:33:42.000]  祈禱靈修
[01:33:42.000 --> 01:33:44.000]  我早上起床就按卡
[01:33:44.000 --> 01:33:46.000]  六七點
[01:33:46.000 --> 01:33:48.000]  看著卡
[01:33:48.000 --> 01:33:50.000]  背下祈禱
[01:33:50.000 --> 01:33:52.000]  那一節就引到
[01:33:52.000 --> 01:33:54.000]  約伯記
[01:33:54.000 --> 01:33:56.000]  約伯記引述的那一句
[01:33:56.000 --> 01:33:58.000]  都幾複雜
[01:33:58.000 --> 01:34:00.000]  看來看去好像前文後理
[01:34:00.000 --> 01:34:02.000]  我覺得不太明白
[01:34:02.000 --> 01:34:04.000]  那句說話
[01:34:04.000 --> 01:34:06.000]  背的時候心裏總是有些問題
[01:34:06.000 --> 01:34:08.000]  於是我拿著那句不太明白
[01:34:08.000 --> 01:34:10.000]  於是就一邊吃早餐
[01:34:10.000 --> 01:34:12.000]  一邊看
[01:34:12.000 --> 01:34:14.000]  拿一本聖經來看看
[01:34:14.000 --> 01:34:16.000]  那一節前文後理
[01:34:16.000 --> 01:34:18.000]  在那裏看
[01:34:18.000 --> 01:34:20.000]  剛好女兒
[01:34:20.000 --> 01:34:22.000]  從樓上下來
[01:34:22.000 --> 01:34:24.000]  就弄東西
[01:34:24.000 --> 01:34:26.000]  吃早餐就上學
[01:34:26.000 --> 01:34:28.000]  到樓下見我對著聖經
[01:34:28.000 --> 01:34:30.000]  看著聖經
[01:34:30.000 --> 01:34:32.000]  陰陰笑
[01:34:32.000 --> 01:34:34.000]  說爹地今早又未被過
[01:34:34.000 --> 01:34:36.000]  我看的時候
[01:34:36.000 --> 01:34:38.000]  心裏很難過
[01:34:38.000 --> 01:34:40.000]  很羞恥
[01:34:40.000 --> 01:34:42.000]  原來在女兒的心目中
[01:34:42.000 --> 01:34:44.000]  她不知不覺
[01:34:44.000 --> 01:34:46.000]  爹地是不會無緣無故
[01:34:46.000 --> 01:34:48.000]  除非是為了教書
[01:34:48.000 --> 01:34:50.000]  除非是為了主日學
[01:34:50.000 --> 01:34:52.000]  沒理由一邊吃早餐
[01:34:52.000 --> 01:34:54.000]  這麼拼命
[01:34:54.000 --> 01:34:56.000]  這麼拼命
[01:34:56.000 --> 01:34:58.000]  我突然間就驚喜
[01:34:58.000 --> 01:35:00.000]  我好久都沒有為了看聖經的緣故
[01:35:00.000 --> 01:35:02.000]  是真的開OK
[01:35:02.000 --> 01:35:04.000]  我曾經
[01:35:04.000 --> 01:35:06.000]  我信主初年的時候
[01:35:06.000 --> 01:35:08.000]  真的為了一節聖經
[01:35:08.000 --> 01:35:10.000]  不是為了教主學
[01:35:10.000 --> 01:35:12.000]  不是為了講道
[01:35:12.000 --> 01:35:14.000]  就是為了了解一節聖經
[01:35:14.000 --> 01:35:16.000]  不是為了功課讀神學
[01:35:16.000 --> 01:35:18.000]  只是為了研究神的說話
[01:35:18.000 --> 01:35:20.000]  想了解那句真理
[01:35:20.000 --> 01:35:22.000]  然後玩到半夜
[01:35:22.000 --> 01:35:24.000]  玩到兩點三點
[01:35:24.000 --> 01:35:26.000]  我看不明白這句就不睡覺
[01:35:26.000 --> 01:35:28.000]  到最後突然間明白
[01:35:28.000 --> 01:35:30.000]  原來這句是很寶貴的真理
[01:35:30.000 --> 01:35:32.000]  好滿足
[01:35:32.000 --> 01:35:34.000]  我現在還記得那段日子
[01:35:34.000 --> 01:35:36.000]  兩點多三點鐘拍熄燈的時候
[01:35:36.000 --> 01:35:38.000]  睡在床上都不想睡覺
[01:35:38.000 --> 01:35:40.000]  一直反覆思想那句說話
[01:35:40.000 --> 01:35:42.000]  那種滿足感
[01:35:42.000 --> 01:35:44.000]  曾經我做了教會
[01:35:44.000 --> 01:35:46.000]  很多工作很多講道
[01:35:46.000 --> 01:35:48.000]  沒有了這些
[01:35:48.000 --> 01:35:50.000]  為了熟悉的生活
[01:35:50.000 --> 01:35:52.000]  為了我教書可以開夜可以開通宵
[01:35:52.000 --> 01:35:54.000]  但是沒有為了神的緣故
[01:35:54.000 --> 01:35:56.000]  沒有為了真理的緣故
[01:35:56.000 --> 01:35:58.000]  沒有為了侍奉的緣故
[01:35:58.000 --> 01:36:00.000]  做到起碼工作上的那些薄
[01:36:00.000 --> 01:36:02.000]  那麼薄那麼囊
[01:36:02.000 --> 01:36:04.000]  我知道香港是一個很薄的社會
[01:36:04.000 --> 01:36:06.000]  薄到很盡的社會
[01:36:06.000 --> 01:36:08.000]  是因為我們要生活
[01:36:08.000 --> 01:36:10.000]  但是如果我們更加薄到那麼盡的時候
[01:36:10.000 --> 01:36:12.000]  整個說話希望一直在我們耳裏提醒我們
[01:36:12.000 --> 01:36:14.000]  我們有幾層幾何字
[01:36:14.000 --> 01:36:16.000]  以一部分
[01:36:16.000 --> 01:36:18.000]  不要一樣那麼薄
[01:36:18.000 --> 01:36:20.000]  好像你做工那麼薄
[01:36:20.000 --> 01:36:22.000]  去追尋神自己的渴慕
[01:36:22.000 --> 01:36:23.000]  去侍奉祂
[01:36:23.000 --> 01:36:25.000]  去將自己的生命獻給祂
[01:36:25.000 --> 01:36:28.000]  將你的時間精神金錢獻出
[01:36:28.000 --> 01:36:31.000]  給神好像祂所應該得到
[01:36:31.000 --> 01:36:33.000]  那個這樣的
[01:36:35.000 --> 01:36:41.000]  這個就是神對馬來西亞當時的猶太人所說的話
[01:36:41.000 --> 01:36:43.000]  怪不得神說
[01:36:43.000 --> 01:36:47.000]  我在外邦重受注意
[01:36:47.000 --> 01:36:49.000]  第一章第十字那裏說
[01:36:49.000 --> 01:36:51.000]  我情願你們有一個人
[01:36:51.000 --> 01:36:54.000]  關上聖殿的門
[01:36:54.000 --> 01:36:57.000]  免得你們在我壇上燒火
[01:36:57.000 --> 01:36:59.000]  什麼意思
[01:36:59.000 --> 01:37:01.000]  就是說
[01:37:01.000 --> 01:37:04.000]  神這句話其實是很諷刺的
[01:37:04.000 --> 01:37:06.000]  拜託你們這群人
[01:37:06.000 --> 01:37:08.000]  你們這群叫基督徒的
[01:37:08.000 --> 01:37:10.000]  找一個人來關上聖殿的門
[01:37:10.000 --> 01:37:12.000]  我醜啊
[01:37:12.000 --> 01:37:14.000]  你明不明白
[01:37:14.000 --> 01:37:16.000]  不要讓人知道你們是相信我的
[01:37:16.000 --> 01:37:18.000]  你明不明白意思就是說
[01:37:18.000 --> 01:37:20.000]  未免影衰我
[01:37:20.000 --> 01:37:21.000]  我是聖殿的主
[01:37:21.000 --> 01:37:23.000]  你們屬於聖殿的人
[01:37:23.000 --> 01:37:24.000]  在那裏獻祭
[01:37:24.000 --> 01:37:26.000]  但是看看你們的樣子
[01:37:26.000 --> 01:37:28.000]  外面的人走過
[01:37:28.000 --> 01:37:29.000]  看到你們這樣的樣子
[01:37:29.000 --> 01:37:30.000]  你們這樣的態度的時候
[01:37:30.000 --> 01:37:31.000]  影衰我
[01:37:31.000 --> 01:37:35.000]  拜託你們找個人來關上聖殿的門
[01:37:35.000 --> 01:37:36.000]  我昨天晚上都說
[01:37:36.000 --> 01:37:37.000]  我自己很害怕
[01:37:37.000 --> 01:37:38.000]  我講這段話
[01:37:38.000 --> 01:37:39.000]  這些話全部是聖經講的
[01:37:39.000 --> 01:37:40.000]  對不起
[01:37:40.000 --> 01:37:44.000]  我這個人的性格都不是這麼兇的
[01:37:44.000 --> 01:37:47.000]  我講的時候我自己都害怕
[01:37:47.000 --> 01:37:48.000]  我昨天晚上都講過
[01:37:48.000 --> 01:37:50.000]  這些話我不是只講給你們聽
[01:37:50.000 --> 01:37:51.000]  我講給我自己聽
[01:37:51.000 --> 01:37:53.000]  我們一切在神面前聽
[01:37:53.000 --> 01:37:55.000]  祂對我們講的話好不好
[01:37:55.000 --> 01:37:56.000]  我已經是這樣講的
[01:37:56.000 --> 01:37:58.000]  拜託你們關上聖殿的門
[01:37:58.000 --> 01:38:00.000]  免得你們影衰我
[01:38:00.000 --> 01:38:02.000]  不要讓別人知道你是基督徒
[01:38:02.000 --> 01:38:03.000]  有時候我們真的想想
[01:38:03.000 --> 01:38:04.000]  多麼的醜
[01:38:04.000 --> 01:38:06.000]  有時候我們在基督徒
[01:38:06.000 --> 01:38:08.000]  在不信的人的心目中
[01:38:08.000 --> 01:38:10.000]  比那些不信的更差
[01:38:10.000 --> 01:38:13.000]  我有時候領東西
[01:38:13.000 --> 01:38:14.000]  試過
[01:38:14.000 --> 01:38:15.000]  我告訴你
[01:38:15.000 --> 01:38:16.000]  我試過在加拿大的時候
[01:38:16.000 --> 01:38:19.000]  我當時在一間教會裏面侍奉
[01:38:19.000 --> 01:38:20.000]  是早年
[01:38:20.000 --> 01:38:22.000]  在一間教會裏面侍奉
[01:38:22.000 --> 01:38:24.000]  教會裏面有執事
[01:38:24.000 --> 01:38:26.000]  那些執事大家都很活躍的
[01:38:26.000 --> 01:38:27.000]  我又不是很熟悉他
[01:38:27.000 --> 01:38:28.000]  我最初去加拿大
[01:38:28.000 --> 01:38:30.000]  大家請我做顧問的牧師
[01:38:30.000 --> 01:38:32.000]  其中一位執事特別熱心
[01:38:32.000 --> 01:38:36.000]  經常搞很多事情
[01:38:36.000 --> 01:38:38.000]  有一次我去飲酒
[01:38:38.000 --> 01:38:39.000]  人家請嫁女兒
[01:38:39.000 --> 01:38:41.000]  我去飲酒
[01:38:41.000 --> 01:38:42.000]  坐下的時候
[01:38:42.000 --> 01:38:44.000]  整個圍都不是很熟悉
[01:38:44.000 --> 01:38:45.000]  於是
[01:38:45.000 --> 01:38:46.000]  我昨天都講過
[01:38:46.000 --> 01:38:47.000]  我最怕這些
[01:38:47.000 --> 01:38:48.000]  我不知道怎麼說話
[01:38:48.000 --> 01:38:50.000]  於是就聽他們講著講著
[01:38:50.000 --> 01:38:52.000]  看他們在講什麼話題
[01:38:52.000 --> 01:38:53.000]  突然之間不知道怎麼談
[01:38:53.000 --> 01:38:54.000]  我都不記得怎麼談
[01:38:54.000 --> 01:38:55.000]  談到一個地步
[01:38:55.000 --> 01:38:57.000]  突然之間其中有一位
[01:38:57.000 --> 01:38:58.000]  原來是我們教會
[01:38:58.000 --> 01:39:00.000]  那位執事的同事
[01:39:00.000 --> 01:39:02.000]  真是如獲至寶
[01:39:02.000 --> 01:39:03.000]  真是好
[01:39:03.000 --> 01:39:04.000]  見到一個
[01:39:04.000 --> 01:39:05.000]  有少少connection
[01:39:05.000 --> 01:39:06.000]  都可以講一下
[01:39:06.000 --> 01:39:08.000]  於是我很開心
[01:39:08.000 --> 01:39:09.000]  我認識了那個執事
[01:39:09.000 --> 01:39:10.000]  我來了加拿大兩年
[01:39:10.000 --> 01:39:12.000]  他很好的道人
[01:39:12.000 --> 01:39:13.000]  很熱心
[01:39:13.000 --> 01:39:14.000]  很虔誠
[01:39:14.000 --> 01:39:15.000]  幫助很多人
[01:39:15.000 --> 01:39:17.000]  我好記得
[01:39:17.000 --> 01:39:19.000]  那位朋友聽完我說之後
[01:39:19.000 --> 01:39:22.000]  那個表情很詭異
[01:39:22.000 --> 01:39:28.000]  那位博士
[01:39:28.000 --> 01:39:31.000]  你又不是很認識他
[01:39:31.000 --> 01:39:33.000]  我和他做了好多年
[01:39:33.000 --> 01:39:35.000]  某某人
[01:39:35.000 --> 01:39:37.000]  剛才你講你教會那個
[01:39:37.000 --> 01:39:39.000]  他在我們圈裏面
[01:39:39.000 --> 01:39:42.000]  出名心狠手辣
[01:39:42.000 --> 01:39:44.000]  哇
[01:39:44.000 --> 01:39:46.000]  那一晚他怎麼捱的
[01:39:46.000 --> 01:39:47.000]  在後面背脊
[01:39:47.000 --> 01:39:49.000]  剛剛才讚完他
[01:39:49.000 --> 01:39:51.000]  又熱心又活躍
[01:39:51.000 --> 01:39:53.000]  哇 講了大輪輿論
[01:39:53.000 --> 01:39:55.000]  這個人在他自己的行頭裏面
[01:39:55.000 --> 01:39:58.000]  是出名心狠手辣的
[01:39:58.000 --> 01:40:01.000]  每個人憎到他入骨
[01:40:01.000 --> 01:40:02.000]  教會裏面不知道的
[01:40:02.000 --> 01:40:03.000]  知不知道的
[01:40:03.000 --> 01:40:05.000]  不知道的
[01:40:05.000 --> 01:40:06.000]  那一晚我記得我自己
[01:40:06.000 --> 01:40:07.000]  哎呀
[01:40:07.000 --> 01:40:09.000]  我都不知道怎麼捱下去
[01:40:09.000 --> 01:40:10.000]  從今之後我精了
[01:40:10.000 --> 01:40:11.000]  告訴你
[01:40:11.000 --> 01:40:13.000]  我學到東西了
[01:40:13.000 --> 01:40:14.000]  每次有些人告訴我
[01:40:14.000 --> 01:40:15.000]  在其他場合
[01:40:15.000 --> 01:40:16.000]  你知道我有很多機會
[01:40:16.000 --> 01:40:17.000]  去到不同的場合
[01:40:17.000 --> 01:40:18.000]  那些人偶然
[01:40:18.000 --> 01:40:19.000]  我知道那個人
[01:40:19.000 --> 01:40:21.000]  我教會那個人的時候
[01:40:21.000 --> 01:40:23.000]  我不會馬上說我很熟悉他
[01:40:23.000 --> 01:40:24.000]  我問他
[01:40:24.000 --> 01:40:25.000]  怎樣你覺得是誰
[01:40:25.000 --> 01:40:26.000]  哎呀他多好人
[01:40:26.000 --> 01:40:27.000]  他說是呀
[01:40:27.000 --> 01:40:28.000]  他很愛子的
[01:40:28.000 --> 01:40:30.000]  馬上吃住上
[01:40:30.000 --> 01:40:31.000]  沒那麼笨
[01:40:31.000 --> 01:40:33.000]  好像那次那樣
[01:40:33.000 --> 01:40:34.000]  什麼都不知道
[01:40:34.000 --> 01:40:35.000]  原來很多基督徒
[01:40:35.000 --> 01:40:36.000]  在教會裏面的樣子
[01:40:36.000 --> 01:40:38.000]  在外面是完全不同的樣子
[01:40:38.000 --> 01:40:40.000]  When it comes to money
[01:40:40.000 --> 01:40:42.000]  完全是另外一個樣子
[01:40:42.000 --> 01:40:43.000]  在過去這十幾二十年裏面
[01:40:43.000 --> 01:40:46.000]  我見盡這樣的人
[01:40:46.000 --> 01:40:47.000]  想都想不到
[01:40:47.000 --> 01:40:48.000]  原來他是基督徒
[01:40:48.000 --> 01:40:49.000]  後來才聽到
[01:40:49.000 --> 01:40:50.000]  哦
[01:40:50.000 --> 01:40:52.000]  聽聞原來他是哪間教會的
[01:40:52.000 --> 01:40:54.000]  死了
[01:40:54.000 --> 01:40:57.000]  幫他補都補不到
[01:40:57.000 --> 01:40:58.000]  就是這樣
[01:40:58.000 --> 01:41:01.000]  凡是說你看看你自己的樣子
[01:41:01.000 --> 01:41:02.000]  你不如關了門
[01:41:02.000 --> 01:41:04.000]  不要讓人家見到你
[01:41:04.000 --> 01:41:06.000]  和我在一起
[01:41:06.000 --> 01:41:07.000]  我醜
[01:41:07.000 --> 01:41:08.000]  你都不醜
[01:41:08.000 --> 01:41:09.000]  我都醜
[01:41:09.000 --> 01:41:12.000]  反而我的名在外邦
[01:41:12.000 --> 01:41:14.000]  還被尊重
[01:41:14.000 --> 01:41:15.000]  我不是說那些
[01:41:15.000 --> 01:41:18.000]  未信耶穌的人特別好
[01:41:18.000 --> 01:41:19.000]  而是我們發覺
[01:41:19.000 --> 01:41:20.000]  當一個人
[01:41:20.000 --> 01:41:23.000]  他有一個真誠追求的時候
[01:41:23.000 --> 01:41:25.000]  甚至我們見到
[01:41:25.000 --> 01:41:29.000]  神給他的恩典和對神的渴慕
[01:41:29.000 --> 01:41:31.000]  有時令人很感動
[01:41:31.000 --> 01:41:33.000]  我自己在加拿大那段日子裏面
[01:41:33.000 --> 01:41:36.000]  就是這個很明顯的一個對比
[01:41:36.000 --> 01:41:38.000]  教會裏面
[01:41:38.000 --> 01:41:39.000]  大家都知道
[01:41:39.000 --> 01:41:42.000]  你和我都在教會很久的日子裏面
[01:41:42.000 --> 01:41:44.000]  有很多的問題
[01:41:44.000 --> 01:41:45.000]  我真的不明白
[01:41:45.000 --> 01:41:46.000]  為什麼那些人要這樣做
[01:41:46.000 --> 01:41:47.000]  兩個弟兄
[01:41:47.000 --> 01:41:49.000]  明明在教會裏面都是侍奉神的人
[01:41:49.000 --> 01:41:51.000]  鬥到這樣
[01:41:51.000 --> 01:41:53.000]  鬥到一個做下令會
[01:41:53.000 --> 01:41:55.000]  另外一個說你做下令會
[01:41:55.000 --> 01:41:56.000]  好啊
[01:41:56.000 --> 01:41:57.000]  你這麼厲害你做吧
[01:41:57.000 --> 01:41:59.000]  我帶一班人不參加你的下令會
[01:41:59.000 --> 01:42:01.000]  你看你訂了二百多間房
[01:42:01.000 --> 01:42:02.000]  只有百多人去
[01:42:02.000 --> 01:42:05.000]  那幾十間房你怎麼收科
[01:42:05.000 --> 01:42:07.000]  我心裏想
[01:42:07.000 --> 01:42:08.000]  不是這樣吧
[01:42:08.000 --> 01:42:10.000]  教會裏面是神的事
[01:42:10.000 --> 01:42:11.000]  你這樣杯葛
[01:42:11.000 --> 01:42:13.000]  這樣鬥法鬥到這樣
[01:42:13.000 --> 01:42:15.000]  不擇手段
[01:42:15.000 --> 01:42:18.000]  反而在教外的地方
[01:42:18.000 --> 01:42:21.000]  在過去這幾年
[01:42:21.000 --> 01:42:23.000]  在加拿大
[01:42:23.000 --> 01:42:24.000]  在美國
[01:42:24.000 --> 01:42:26.000]  神給我有機會碰見一些
[01:42:26.000 --> 01:42:29.000]  在中國大陸出來的學者
[01:42:29.000 --> 01:42:31.000]  朋友
[01:42:31.000 --> 01:42:33.000]  有時他們都令我很感動
[01:42:33.000 --> 01:42:37.000]  我不是說他們的生命有什麼特別好
[01:42:37.000 --> 01:42:40.000]  但有時他們對神那種單純的渴慕
[01:42:40.000 --> 01:42:41.000]  他們未信
[01:42:41.000 --> 01:42:43.000]  但那種心
[01:42:43.000 --> 01:42:45.000]  我突然間明白這句話
[01:42:45.000 --> 01:42:47.000]  神說我的名在外邦
[01:42:47.000 --> 01:42:49.000]  眾被尊崇
[01:42:49.000 --> 01:42:51.000]  因為那些人沒有一個
[01:42:51.000 --> 01:42:53.000]  虛偽的背景來對我
[01:42:53.000 --> 01:42:55.000]  他不懂得拿假東西獻給我
[01:42:55.000 --> 01:42:57.000]  又說獻祭就算了
[01:42:57.000 --> 01:42:59.000]  他沒有那種宗教的虛偽
[01:42:59.000 --> 01:43:00.000]  反而是正正當當
[01:43:00.000 --> 01:43:02.000]  他不明白就問
[01:43:02.000 --> 01:43:05.000]  他對信仰想追尋的時候
[01:43:05.000 --> 01:43:07.000]  他問的事是很勒手的
[01:43:07.000 --> 01:43:08.000]  事實上是
[01:43:08.000 --> 01:43:12.000]  在美國那天碰見很多大陸來的學者
[01:43:12.000 --> 01:43:13.000]  有很多是讀博士的
[01:43:13.000 --> 01:43:15.000]  博士後那些都是很聰明的人
[01:43:15.000 --> 01:43:17.000]  他們對人生
[01:43:17.000 --> 01:43:18.000]  他們對思想
[01:43:18.000 --> 01:43:19.000]  他們對信仰很認真
[01:43:19.000 --> 01:43:22.000]  尤其是來自一個沒有信仰背景的
[01:43:22.000 --> 01:43:24.000]  全部是唯物論的背景
[01:43:24.000 --> 01:43:26.000]  他聽見有位神
[01:43:26.000 --> 01:43:27.000]  有個耶穌
[01:43:27.000 --> 01:43:28.000]  他復活
[01:43:28.000 --> 01:43:29.000]  他一定問一些問題
[01:43:29.000 --> 01:43:31.000]  但我告訴你我心裏很感動
[01:43:31.000 --> 01:43:32.000]  為什麼感動呢?
[01:43:32.000 --> 01:43:34.000]  因為當他問這些問題的時候
[01:43:34.000 --> 01:43:35.000]  你見到他的眼神
[01:43:35.000 --> 01:43:37.000]  他很想你馬上回答他
[01:43:37.000 --> 01:43:39.000]  他不是挑戰你
[01:43:39.000 --> 01:43:41.000]  大家聽明白信仰的分別嗎?
[01:43:41.000 --> 01:43:43.000]  很多時候我們和一些人傳福音
[01:43:43.000 --> 01:43:45.000]  他都問很多信仰的問題
[01:43:45.000 --> 01:43:47.000]  但你知道他問你是想封住你的嘴巴
[01:43:47.000 --> 01:43:49.000]  不要再跟他傳
[01:43:49.000 --> 01:43:51.000]  於是他就很心安理得
[01:43:51.000 --> 01:43:52.000]  你回答不了那些問題
[01:43:52.000 --> 01:43:53.000]  什麼苦難問題
[01:43:53.000 --> 01:43:55.000]  什麼什麼耶穌有沒有復活的問題
[01:43:55.000 --> 01:43:56.000]  耶穌是不是神的問題
[01:43:56.000 --> 01:43:57.000]  你怎麼知道耶穌是神呢?
[01:43:57.000 --> 01:43:59.000]  每個人都說他是神的
[01:43:59.000 --> 01:44:00.000]  那些問題的時候
[01:44:00.000 --> 01:44:01.000]  他封住你的嘴巴
[01:44:01.000 --> 01:44:02.000]  他說他就可以走了
[01:44:02.000 --> 01:44:04.000]  他是心裏想不信的
[01:44:04.000 --> 01:44:06.000]  但是很多中國的學者
[01:44:06.000 --> 01:44:08.000]  中國人他們從來沒有聽過耶穌
[01:44:08.000 --> 01:44:09.000]  但碰見你的時候
[01:44:09.000 --> 01:44:11.000]  他一樣是問這些問題
[01:44:11.000 --> 01:44:13.000]  有幾個學者走過來
[01:44:13.000 --> 01:44:15.000]  問那些很尖銳的神學問題
[01:44:15.000 --> 01:44:16.000]  信仰問題
[01:44:16.000 --> 01:44:18.000]  但是你知不知道他們心學
[01:44:18.000 --> 01:44:19.000]  看到他的眼神
[01:44:19.000 --> 01:44:21.000]  他的眼神不是想封住你的嘴巴
[01:44:21.000 --> 01:44:22.000]  他是要信的
[01:44:22.000 --> 01:44:24.000]  他很想信的
[01:44:24.000 --> 01:44:26.000]  不過他的理智一定要過到這一關
[01:44:26.000 --> 01:44:27.000]  他才會相信
[01:44:27.000 --> 01:44:28.000]  他不可以騙自己
[01:44:28.000 --> 01:44:30.000]  所以他很希望在你的身上
[01:44:30.000 --> 01:44:31.000]  在我身上
[01:44:31.000 --> 01:44:33.000]  問到一個令他折服的答案
[01:44:33.000 --> 01:44:35.000]  他就馬上相信
[01:44:35.000 --> 01:44:37.000]  我真的很感動
[01:44:37.000 --> 01:44:38.000]  其中一個學者聽了我說
[01:44:38.000 --> 01:44:39.000]  還沒說完
[01:44:39.000 --> 01:44:40.000]  我回答了
[01:44:40.000 --> 01:44:42.000]  不如我想到一個更好的方法
[01:44:42.000 --> 01:44:43.000]  這樣回答
[01:44:43.000 --> 01:44:45.000]  他幫我去回答他自己的問題
[01:44:45.000 --> 01:44:46.000]  你明白我說什麼嗎?
[01:44:46.000 --> 01:44:47.000]  他想了幾下
[01:44:47.000 --> 01:44:48.000]  你快點解決這個問題
[01:44:48.000 --> 01:44:49.000]  我讀
[01:44:49.000 --> 01:44:50.000]  你就說通了
[01:44:50.000 --> 01:44:51.000]  這樣就回答了
[01:44:51.000 --> 01:44:52.000]  我馬上信耶穌
[01:44:52.000 --> 01:44:54.000]  那一晚他就決止了
[01:44:54.000 --> 01:44:55.000]  你看他的心
[01:44:55.000 --> 01:44:58.000]  這些是那些未信的人
[01:44:58.000 --> 01:45:00.000]  是一個唯物論的
[01:45:00.000 --> 01:45:02.000]  一個鬥爭的國家裏面出來的人
[01:45:02.000 --> 01:45:04.000]  但是你的心打開
[01:45:04.000 --> 01:45:06.000]  他有一份真誠
[01:45:06.000 --> 01:45:07.000]  他對生命
[01:45:07.000 --> 01:45:08.000]  對人生
[01:45:08.000 --> 01:45:10.000]  對信仰有一份真誠
[01:45:10.000 --> 01:45:11.000]  有時我很坦白說
[01:45:11.000 --> 01:45:12.000]  對不起
[01:45:12.000 --> 01:45:13.000]  我們自己為難才這樣說
[01:45:13.000 --> 01:45:15.000]  他表現出來那種可愛
[01:45:15.000 --> 01:45:16.000]  對神的可愛
[01:45:16.000 --> 01:45:20.000]  比我們信了幾十年的老油條還要可愛
[01:45:20.000 --> 01:45:21.000]  你明白嗎?
[01:45:21.000 --> 01:45:24.000]  不知道怎麼搞他的老油條
[01:45:24.000 --> 01:45:25.000]  你說什麼他都聽過
[01:45:25.000 --> 01:45:27.000]  他什麼都知道
[01:45:27.000 --> 01:45:31.000]  然後他完全聽不到入心
[01:45:31.000 --> 01:45:33.000]  神就是這樣
[01:45:33.000 --> 01:45:35.000]  你們為什麼要這樣
[01:45:35.000 --> 01:45:38.000]  我不如我明在外邦被尊崇
[01:45:38.000 --> 01:45:41.000]  從日出之地到日落之處
[01:45:41.000 --> 01:45:44.000]  我被外邦尊崇
[01:45:44.000 --> 01:45:46.000]  更加令我滿足
[01:45:46.000 --> 01:45:50.000]  這是神對以色列人的控訴
[01:45:50.000 --> 01:45:52.000]  那個審判
[01:45:52.000 --> 01:45:53.000]  好了
[01:45:53.000 --> 01:45:54.000]  罵了這麼多
[01:45:54.000 --> 01:45:57.000]  我們要看一下一些比較正面的
[01:46:02.000 --> 01:46:04.000]  究竟我們怎樣可以建立
[01:46:04.000 --> 01:46:08.000]  我們和神的態度和關係呢?
[01:46:08.000 --> 01:46:12.000]  第二章的第四節
[01:46:12.000 --> 01:46:14.000]  到第八節
[01:46:14.000 --> 01:46:18.000]  講到這裡
[01:46:18.000 --> 01:46:20.000]  不如我們試一下讀完它
[01:46:20.000 --> 01:46:22.000]  第二章第四節
[01:46:22.000 --> 01:46:24.000]  我們讀到第八節
[01:46:24.000 --> 01:46:26.000]  其中大部份比較正面
[01:46:26.000 --> 01:46:28.000]  你知道了
[01:46:28.000 --> 01:46:29.000]  知道我的控訴
[01:46:29.000 --> 01:46:32.000]  你想改變究竟有什麼路呢?
[01:46:32.000 --> 01:46:36.000]  我們第四節到第八節
[01:46:36.000 --> 01:46:38.000]  我們一起讀
[01:46:38.000 --> 01:46:43.000]  你們就知道我傳這誡命給你們
[01:46:43.000 --> 01:46:49.000]  使我與利未所立的約可以常存
[01:46:49.000 --> 01:46:52.000]  這是萬君子耶和華說的
[01:46:52.000 --> 01:46:56.000]  我曾與他立生命和平安的約
[01:46:56.000 --> 01:46:59.000]  我將這約賜給他
[01:46:59.000 --> 01:47:02.000]  使他存敬畏的心
[01:47:02.000 --> 01:47:04.000]  他就敬畏我
[01:47:04.000 --> 01:47:06.000]  懼怕我的名
[01:47:06.000 --> 01:47:09.000]  真實的律法在他口中
[01:47:09.000 --> 01:47:12.000]  他嘴裡沒有不義的話
[01:47:12.000 --> 01:47:16.000]  他以平安和正直與我同行
[01:47:16.000 --> 01:47:20.000]  使多人回頭離開罪孽
[01:47:20.000 --> 01:47:24.000]  祭司的嘴裡常存的知識
[01:47:24.000 --> 01:47:28.000]  人也當由他口中尋求律法
[01:47:28.000 --> 01:47:32.000]  因為他是萬君子耶和華的使者
[01:47:32.000 --> 01:47:35.000]  你們卻偏離正道
[01:47:35.000 --> 01:47:39.000]  使最多人在律法上跌倒
[01:47:39.000 --> 01:47:43.000]  你們廢棄我與利未所立的約
[01:47:43.000 --> 01:47:47.000]  這是萬君子耶和華說的
[01:47:47.000 --> 01:47:50.000]  這裏神提出了幾樣東西
[01:47:50.000 --> 01:47:53.000]  我和大家在大綱裏列了出來
[01:47:53.000 --> 01:47:55.000]  四樣東西
[01:47:55.000 --> 01:48:00.000]  我希望今天從聖經裏面提出一些checklist
[01:48:00.000 --> 01:48:03.000]  一些方式
[01:48:03.000 --> 01:48:05.000]  我們自己檢討一下
[01:48:05.000 --> 01:48:07.000]  我們自己列出來
[01:48:07.000 --> 01:48:09.000]  剛才我們提出了一個checklist
[01:48:09.000 --> 01:48:11.000]  我們幾時幾搏命
[01:48:11.000 --> 01:48:14.000]  當我們很搏命的為了我們的工作
[01:48:14.000 --> 01:48:17.000]  付出犧牲開OT
[01:48:17.000 --> 01:48:19.000]  出錢出力的時候
[01:48:19.000 --> 01:48:21.000]  我們每次都問自己
[01:48:21.000 --> 01:48:25.000]  究竟我對那位更加值得我自己犧牲搏命的神
[01:48:25.000 --> 01:48:27.000]  做了多少
[01:48:27.000 --> 01:48:29.000]  還是說我有一隻弓羊
[01:48:29.000 --> 01:48:32.000]  我曾經答應過會獻給他
[01:48:32.000 --> 01:48:36.000]  最後就扔了一隻跛腳和盲眼給他
[01:48:36.000 --> 01:48:38.000]  這是第一個checklist
[01:48:38.000 --> 01:48:42.000]  現在我們看到有四個很正面的checklist
[01:48:42.000 --> 01:48:44.000]  第一,神說
[01:48:44.000 --> 01:48:47.000]  好,你聽得明白我對你的控訴
[01:48:47.000 --> 01:48:51.000]  你就要有生命上的表現出來
[01:48:51.000 --> 01:48:54.000]  有兩樣東西神提到
[01:48:54.000 --> 01:48:59.000]  是要和他建立一個深刻的真切的關係
[01:48:59.000 --> 01:49:05.000]  然後有兩樣東西在生活操守上有所表現
[01:49:05.000 --> 01:49:08.000]  即是有內心和神的關係
[01:49:08.000 --> 01:49:12.000]  有生活說話行為上的表現
[01:49:12.000 --> 01:49:15.000]  如果你說一個基督徒一個男徒
[01:49:15.000 --> 01:49:18.000]  一個神喜愛的合格的基督徒
[01:49:18.000 --> 01:49:20.000]  神不只是罵完就算了
[01:49:20.000 --> 01:49:22.000]  祂有一個方向給我們
[01:49:22.000 --> 01:49:25.000]  這四樣東西我希望我們可以記住
[01:49:25.000 --> 01:49:27.000]  在我們的日程表也好
[01:49:27.000 --> 01:49:28.000]  貼在這裏也好
[01:49:28.000 --> 01:49:30.000]  提醒我們自己要聽一聽
[01:49:30.000 --> 01:49:33.000]  第一,神問我們
[01:49:33.000 --> 01:49:36.000]  我們和祂的關係是甚麼一個上傳的關係
[01:49:36.000 --> 01:49:39.000]  第二章第四節那裏說
[01:49:39.000 --> 01:49:45.000]  我和利未所立的約是可以上傳
[01:49:45.000 --> 01:49:47.000]  在原文的意思是continuous
[01:49:47.000 --> 01:49:49.000]  是不斷的關係
[01:49:49.000 --> 01:49:52.000]  不斷的關係的意思是
[01:49:52.000 --> 01:49:56.000]  你和我所建立的關係是一種不斷的關係
[01:49:56.000 --> 01:49:59.000]  每時每刻在時間上
[01:49:59.000 --> 01:50:01.000]  在空間上不分在家裏
[01:50:01.000 --> 01:50:06.000]  在工作單位還是在教會都是一樣的
[01:50:06.000 --> 01:50:10.000]  remain the same完全是一樣
[01:50:10.000 --> 01:50:13.000]  這個就是上傳的關係
[01:50:13.000 --> 01:50:15.000]  不是斬斷的關係
[01:50:15.000 --> 01:50:17.000]  不是你在教會一副臉孔
[01:50:17.000 --> 01:50:19.000]  去到工作的時候又一副臉孔
[01:50:19.000 --> 01:50:22.000]  回到家對著老婆對著子女的時候又一副臉孔
[01:50:22.000 --> 01:50:24.000]  你自己知道的
[01:50:24.000 --> 01:50:26.000]  這個就不是一個上傳的關係
[01:50:26.000 --> 01:50:28.000]  不是斬開一截截的
[01:50:28.000 --> 01:50:30.000]  你的生命你在人的面前是這樣
[01:50:30.000 --> 01:50:31.000]  在神的面前是這樣
[01:50:31.000 --> 01:50:33.000]  在家裏的人面前是這樣
[01:50:33.000 --> 01:50:35.000]  在不是很熟悉的同事面前都是這樣
[01:50:35.000 --> 01:50:37.000]  你做生意的時候是這樣
[01:50:37.000 --> 01:50:38.000]  做老闆的時候是這樣
[01:50:38.000 --> 01:50:39.000]  對下屬的時候是這樣
[01:50:39.000 --> 01:50:41.000]  對牧師的時候同樣這樣
[01:50:41.000 --> 01:50:43.000]  這個就是一個提醒
[01:50:43.000 --> 01:50:45.000]  我們每一個人提醒我們自己
[01:50:45.000 --> 01:50:47.000]  求主幫助我們
[01:50:47.000 --> 01:50:49.000]  讓我們今天離開這個營的時候
[01:50:49.000 --> 01:50:51.000]  無論你是日營的
[01:50:51.000 --> 01:50:54.000]  或者你是全營的
[01:50:54.000 --> 01:50:56.000]  離開這個會場的時候
[01:50:56.000 --> 01:50:58.000]  今早我們結束離開這個會場的時候
[01:50:58.000 --> 01:51:01.000]  我們帶著一個決志的心
[01:51:01.000 --> 01:51:02.000]  好不好
[01:51:02.000 --> 01:51:06.000]  告訴自己我們跟神的關係是一個上傳的關係
[01:51:06.000 --> 01:51:09.000]  上傳的關係
[01:51:09.000 --> 01:51:14.000]  和今之後某某人在神面前那個光明磊落
[01:51:14.000 --> 01:51:16.000]  硬硬硬硬的關係
[01:51:16.000 --> 01:51:18.000]  我在人的面前是這樣
[01:51:18.000 --> 01:51:20.000]  我在自己沒有人見到的時候是這樣
[01:51:20.000 --> 01:51:22.000]  我對著教會的頂姐妹是這樣
[01:51:22.000 --> 01:51:24.000]  我對著其他沒有教會的人
[01:51:24.000 --> 01:51:26.000]  不是基督徒的環境裏面
[01:51:26.000 --> 01:51:28.000]  一樣是這樣的原則
[01:51:28.000 --> 01:51:30.000]  上傳的關係
[01:51:30.000 --> 01:51:32.000]  每時每刻的關係
[01:51:32.000 --> 01:51:34.000]  昨晚我們說到警醒
[01:51:34.000 --> 01:51:36.000]  警醒是一個很大的功課
[01:51:36.000 --> 01:51:40.000]  因為警醒很多時候我們不知不覺的時候就墮落了
[01:51:40.000 --> 01:51:42.000]  警醒最難是什麼呢
[01:51:42.000 --> 01:51:43.000]  我們不是不想的
[01:51:43.000 --> 01:51:46.000]  不過慢慢放鬆放鬆的時候
[01:51:46.000 --> 01:51:49.000]  過了一些日子原來那些難出來才知道
[01:51:49.000 --> 01:51:50.000]  已經是太遲了
[01:51:50.000 --> 01:51:52.000]  昨晚我們和大家說過
[01:51:52.000 --> 01:51:54.000]  基督徒的墮落不是一朝一夕的
[01:51:54.000 --> 01:51:56.000]  我絕對都不夠膽
[01:51:56.000 --> 01:51:58.000]  一信了耶穌之後
[01:51:58.000 --> 01:52:00.000]  竟然出了這樣的說話出了這樣的狡猾的東西
[01:52:00.000 --> 01:52:02.000]  和這樣的鬥法
[01:52:02.000 --> 01:52:03.000]  但是信了久了
[01:52:03.000 --> 01:52:08.000]  慢慢慢慢就生命在腐朽
[01:52:08.000 --> 01:52:09.000]  你不知道
[01:52:09.000 --> 01:52:13.000]  可能你會問我怎樣才可以保持這種警醒
[01:52:13.000 --> 01:52:21.000]  即是我怎樣可以早上準時起床上班
[01:52:21.000 --> 01:52:23.000]  人都想睡覺
[01:52:23.000 --> 01:52:24.000]  人性想睡覺
[01:52:24.000 --> 01:52:26.000]  人性想休息
[01:52:26.000 --> 01:52:28.000]  怎樣可以早上準時上班
[01:52:28.000 --> 01:52:30.000]  大家明白什麼意思
[01:52:30.000 --> 01:52:31.000]  怎樣做
[01:52:31.000 --> 01:52:33.000]  教個鬧鐘
[01:52:33.000 --> 01:52:35.000]  有時候需要一些外來的力量
[01:52:35.000 --> 01:52:36.000]  是不是
[01:52:36.000 --> 01:52:38.000]  耶穌基督說的警醒
[01:52:38.000 --> 01:52:40.000]  很多時候說到拆了半夜
[01:52:40.000 --> 01:52:42.000]  你睡到最淡的時候來偷東西
[01:52:42.000 --> 01:52:44.000]  那怎樣才可以警醒呢
[01:52:44.000 --> 01:52:46.000]  不能讓自己太舒服
[01:52:46.000 --> 01:52:48.000]  什麼時候是拆偷東西呢
[01:52:48.000 --> 01:52:50.000]  多數都是三四點或四五點的時候
[01:52:50.000 --> 01:52:52.000]  睡到最淡的時候
[01:52:52.000 --> 01:52:54.000]  即是最放鬆的時候
[01:52:54.000 --> 01:52:56.000]  屬靈的操練裏面要警醒
[01:52:56.000 --> 01:52:57.000]  基本上有兩樣東西
[01:52:57.000 --> 01:52:58.000]  第一
[01:52:58.000 --> 01:53:00.000]  有些外來的幫你
[01:53:00.000 --> 01:53:02.000]  一個人自己未必做得到
[01:53:02.000 --> 01:53:04.000]  好像鬧鐘
[01:53:04.000 --> 01:53:05.000]  拉醒你一樣
[01:53:05.000 --> 01:53:07.000]  所以我們需要在教會裏面
[01:53:07.000 --> 01:53:09.000]  頂天會互相的守望
[01:53:09.000 --> 01:53:11.000]  一個好的教會
[01:53:11.000 --> 01:53:12.000]  一個好的團契
[01:53:12.000 --> 01:53:14.000]  頂天會可以互相守望
[01:53:14.000 --> 01:53:16.000]  一個好的屬靈的家庭
[01:53:16.000 --> 01:53:18.000]  是夫婦之間互相守望的
[01:53:18.000 --> 01:53:21.000]  我想和你們
[01:53:21.000 --> 01:53:22.000]  信主的弟兄
[01:53:22.000 --> 01:53:24.000]  特別說到做丈夫
[01:53:24.000 --> 01:53:25.000]  很多時候他不喜歡太太
[01:53:25.000 --> 01:53:26.000]  經常壓著他
[01:53:26.000 --> 01:53:27.000]  你沒有讀聖經
[01:53:27.000 --> 01:53:28.000]  很多時候
[01:53:28.000 --> 01:53:30.000]  姐妹一定比丈夫更熱心
[01:53:30.000 --> 01:53:33.000]  她很想丈夫做帶頭
[01:53:33.000 --> 01:53:35.000]  我和大家都說過
[01:53:35.000 --> 01:53:37.000]  其實姐妹很想丈夫做帶頭
[01:53:37.000 --> 01:53:39.000]  很想丈夫星期天一早就起床
[01:53:39.000 --> 01:53:41.000]  然後說我們一齊去禮拜旁
[01:53:41.000 --> 01:53:44.000]  B仔B女起床
[01:53:44.000 --> 01:53:46.000]  我們如果能夠早一點
[01:53:46.000 --> 01:53:48.000]  半個小時出到門口
[01:53:48.000 --> 01:53:49.000]  我們就一起去麥當勞
[01:53:49.000 --> 01:53:50.000]  吃完才去北宣
[01:53:50.000 --> 01:53:52.000]  一起去上課去崇拜
[01:53:52.000 --> 01:53:53.000]  多好的精神
[01:53:53.000 --> 01:53:55.000]  但是多數星期天
[01:53:55.000 --> 01:53:56.000]  媽媽都在剷兒子
[01:53:56.000 --> 01:53:58.000]  剷老公都不起來
[01:53:58.000 --> 01:53:59.000]  是不是
[01:53:59.000 --> 01:54:00.000]  很不舒服
[01:54:00.000 --> 01:54:01.000]  做老公那些
[01:54:01.000 --> 01:54:02.000]  做丈夫那些
[01:54:02.000 --> 01:54:03.000]  是嬌徒來的
[01:54:03.000 --> 01:54:04.000]  她很不喜歡
[01:54:04.000 --> 01:54:05.000]  太太很煩的時候
[01:54:05.000 --> 01:54:06.000]  像媽媽那樣扣著我
[01:54:06.000 --> 01:54:07.000]  問我站好了沒有
[01:54:07.000 --> 01:54:08.000]  問我讀了聖經沒有
[01:54:08.000 --> 01:54:09.000]  你以為你是牧師嗎
[01:54:09.000 --> 01:54:11.000]  我聽過很多弟兄這樣說
[01:54:11.000 --> 01:54:12.000]  弟兄節目我告訴你
[01:54:12.000 --> 01:54:14.000]  這個是好東西來的
[01:54:14.000 --> 01:54:15.000]  這是鬧鐘來的
[01:54:15.000 --> 01:54:16.000]  你知不知道
[01:54:16.000 --> 01:54:18.000]  不鬧你不醒
[01:54:18.000 --> 01:54:21.000]  幸好有個太太這樣吵你
[01:54:21.000 --> 01:54:24.000]  還說她餓你餓你
[01:54:24.000 --> 01:54:26.000]  幫了你
[01:54:26.000 --> 01:54:27.000]  如果我們警警醒醒
[01:54:27.000 --> 01:54:28.000]  就不用找你了
[01:54:28.000 --> 01:54:30.000]  是不是
[01:54:30.000 --> 01:54:32.000]  有哪個丈夫一早星期天
[01:54:32.000 --> 01:54:34.000]  剛才說起床有精神
[01:54:34.000 --> 01:54:35.000]  把兒子叫起來
[01:54:35.000 --> 01:54:36.000]  在禮拜堂的太太
[01:54:36.000 --> 01:54:37.000]  還有什麼怨言
[01:54:37.000 --> 01:54:38.000]  沒有怨言的
[01:54:38.000 --> 01:54:40.000]  做太太的
[01:54:40.000 --> 01:54:42.000]  你以為想出聲嗎
[01:54:42.000 --> 01:54:43.000]  剷結你都不肯
[01:54:43.000 --> 01:54:45.000]  她才出聲
[01:54:45.000 --> 01:54:46.000]  叫結你都不做
[01:54:46.000 --> 01:54:48.000]  她才暗而又暗
[01:54:48.000 --> 01:54:50.000]  你以為她想的嗎
[01:54:50.000 --> 01:54:51.000]  是不是
[01:54:51.000 --> 01:54:54.000]  有些外來的力量是好的
[01:54:54.000 --> 01:54:55.000]  親愛的弟兄姐妹
[01:54:55.000 --> 01:54:56.000]  如果你真的想警醒的話
[01:54:56.000 --> 01:54:57.000]  你就珍惜那些
[01:54:57.000 --> 01:54:58.000]  經常提著你的人
[01:54:58.000 --> 01:55:01.000]  經常罵著你的人
[01:55:01.000 --> 01:55:03.000]  讓他們的那些說話
[01:55:03.000 --> 01:55:05.000]  成為你的警醒
[01:55:05.000 --> 01:55:08.000]  一個好的警醒
[01:55:08.000 --> 01:55:10.000]  是要從心裏面自己
[01:55:10.000 --> 01:55:11.000]  要求自己的
[01:55:11.000 --> 01:55:13.000]  剛才說的
[01:55:13.000 --> 01:55:15.000]  你不要給自己太舒服
[01:55:15.000 --> 01:55:16.000]  如果在歷代的
[01:55:16.000 --> 01:55:18.000]  屬靈操練裏面
[01:55:18.000 --> 01:55:19.000]  在教育力量裏面
[01:55:19.000 --> 01:55:21.000]  就是不讓自己太過舒服
[01:55:21.000 --> 01:55:23.000]  不是要自己折磨自己
[01:55:23.000 --> 01:55:25.000]  我覺得一個人太過舒服的時候
[01:55:25.000 --> 01:55:27.000]  放鬆的時候
[01:55:27.000 --> 01:55:29.000]  最沒有防備
[01:55:29.000 --> 01:55:31.000]  最容易殺彈入侵
[01:55:31.000 --> 01:55:33.000]  也最容易自己墮落
[01:55:33.000 --> 01:55:35.000]  和懶惰的時間
[01:55:35.000 --> 01:55:37.000]  所以你不要小看
[01:55:37.000 --> 01:55:39.000]  那些不容易的日子
[01:55:39.000 --> 01:55:41.000]  那些日子很辛苦
[01:55:41.000 --> 01:55:42.000]  感謝主的日子
[01:55:42.000 --> 01:55:43.000]  讓你能夠警醒
[01:55:43.000 --> 01:55:45.000]  就是這樣
[01:55:45.000 --> 01:55:47.000]  你說做基督徒很慘
[01:55:47.000 --> 01:55:49.000]  又要被人罵
[01:55:49.000 --> 01:55:50.000]  喜歡被人罵
[01:55:50.000 --> 01:55:51.000]  喜歡辛苦
[01:55:51.000 --> 01:55:52.000]  這麼折磨
[01:55:52.000 --> 01:55:53.000]  不是
[01:55:53.000 --> 01:55:54.000]  不是
[01:55:54.000 --> 01:55:56.000]  這是一個過程
[01:55:56.000 --> 01:55:57.000]  到有一天
[01:55:57.000 --> 01:55:59.000]  當你裏面已經成為一個習慣
[01:55:59.000 --> 01:56:01.000]  一個警醒的習慣的時候
[01:56:01.000 --> 01:56:03.000]  你不需要別人再罵
[01:56:03.000 --> 01:56:06.000]  很多人已經不需要再有鬧鐘
[01:56:06.000 --> 01:56:09.000]  他六點半就自己會起來
[01:56:09.000 --> 01:56:10.000]  是不是
[01:56:10.000 --> 01:56:12.000]  如果他練得身體好的時候
[01:56:12.000 --> 01:56:14.000]  大家都看過
[01:56:14.000 --> 01:56:16.000]  最近說李小龍
[01:56:16.000 --> 01:56:17.000]  紀念李小龍
[01:56:17.000 --> 01:56:20.000]  李小龍的截拳道可以說是很厲害
[01:56:20.000 --> 01:56:22.000]  打功夫最好的人
[01:56:22.000 --> 01:56:26.000]  但是李小龍每天練拳練得很辛苦
[01:56:26.000 --> 01:56:27.000]  你知不知道
[01:56:27.000 --> 01:56:29.000]  不斷練的
[01:56:29.000 --> 01:56:30.000]  好像有一個鋼琴家
[01:56:30.000 --> 01:56:31.000]  我不記得名字
[01:56:31.000 --> 01:56:32.000]  不知道是不是Rubinstein
[01:56:32.000 --> 01:56:33.000]  他說過
[01:56:33.000 --> 01:56:35.000]  一個世界一流的鋼琴家
[01:56:35.000 --> 01:56:37.000]  他說如果有一天我不練琴
[01:56:37.000 --> 01:56:39.000]  我太太就聽得出
[01:56:39.000 --> 01:56:41.000]  如果我有三天都不練琴
[01:56:41.000 --> 01:56:44.000]  我樂隊裏面的同事就聽得出
[01:56:44.000 --> 01:56:46.000]  如果我有一個星期不練琴
[01:56:46.000 --> 01:56:47.000]  全世界都聽得出
[01:56:47.000 --> 01:56:49.000]  這是一流的鋼琴家
[01:56:49.000 --> 01:56:51.000]  一流的李小龍
[01:56:51.000 --> 01:56:53.000]  每天都是練的
[01:56:53.000 --> 01:56:55.000]  何況你和我
[01:56:55.000 --> 01:56:58.000]  等一個多兩個月都不用看政經
[01:56:58.000 --> 01:56:59.000]  不用騎阿土
[01:56:59.000 --> 01:57:01.000]  然後找個東領會谷我谷行他
[01:57:01.000 --> 01:57:02.000]  你以為可以嗎
[01:57:02.000 --> 01:57:06.000]  沒有這樣的事
[01:57:06.000 --> 01:57:10.000]  警醒是每天的功夫
[01:57:10.000 --> 01:57:12.000]  操練到這個地步
[01:57:12.000 --> 01:57:14.000]  李小龍周身肌肉
[01:57:14.000 --> 01:57:16.000]  每一吋肌肉都是警醒的話
[01:57:16.000 --> 01:57:18.000]  你就不用暗算他
[01:57:18.000 --> 01:57:19.000]  他沒有招數的
[01:57:19.000 --> 01:57:20.000]  沒有招數的
[01:57:20.000 --> 01:57:22.000]  你試試後面找個鎚子打他
[01:57:22.000 --> 01:57:24.000]  你一聽到鎚聲
[01:57:24.000 --> 01:57:26.000]  他起腳就踢到你
[01:57:26.000 --> 01:57:28.000]  你說他怎樣做的
[01:57:28.000 --> 01:57:30.000]  他不用告訴你怎樣做的
[01:57:30.000 --> 01:57:32.000]  已經成為一種習慣
[01:57:32.000 --> 01:57:34.000]  警醒是要由辛苦操練起
[01:57:34.000 --> 01:57:36.000]  到最後成為一種習慣之後
[01:57:36.000 --> 01:57:38.000]  繼續維持的時候
[01:57:38.000 --> 01:57:40.000]  你就百病不侵
[01:57:40.000 --> 01:57:42.000]  沒有人可以突襲到你
[01:57:42.000 --> 01:57:43.000]  包括撒旦在內
[01:57:43.000 --> 01:57:45.000]  這是警醒的功夫
[01:57:45.000 --> 01:57:47.000]  所以聖經所說的長存很有意思
[01:57:47.000 --> 01:57:49.000]  是一個每時每刻的功夫
[01:57:49.000 --> 01:57:51.000]  一個熟齡的生命
[01:57:51.000 --> 01:57:53.000]  每時每刻和神的關係
[01:57:53.000 --> 01:57:54.000]  每時每刻
[01:57:54.000 --> 01:57:56.000]  就好像淋水一樣
[01:57:56.000 --> 01:57:58.000]  我這次去了兩個多星期
[01:57:58.000 --> 01:58:00.000]  加拿大回來
[01:58:00.000 --> 01:58:02.000]  我岳父很喜歡來我家住
[01:58:02.000 --> 01:58:04.000]  他把東西都放涼了
[01:58:04.000 --> 01:58:06.000]  整個騎樓都是
[01:58:06.000 --> 01:58:08.000]  我最怕這些
[01:58:08.000 --> 01:58:10.000]  我以前在加拿大
[01:58:10.000 --> 01:58:12.000]  種了萬年青都死的
[01:58:12.000 --> 01:58:14.000]  只剩下這條棒
[01:58:14.000 --> 01:58:16.000]  葉都掉了
[01:58:16.000 --> 01:58:18.000]  我是不行的
[01:58:18.000 --> 01:58:20.000]  因為我的生活經常都不在家
[01:58:20.000 --> 01:58:22.000]  去這裏廣道去那裏廣道
[01:58:22.000 --> 01:58:24.000]  但我岳父在那裏種
[01:58:24.000 --> 01:58:26.000]  我有心機老人家
[01:58:26.000 --> 01:58:28.000]  但他最近身體不好
[01:58:28.000 --> 01:58:30.000]  回到自己家住
[01:58:30.000 --> 01:58:32.000]  所以那兩個星期都很辛苦
[01:58:32.000 --> 01:58:34.000]  我前晚回到家的時候
[01:58:34.000 --> 01:58:36.000]  已經很辛苦
[01:58:36.000 --> 01:58:38.000]  生命就好像植物一樣
[01:58:38.000 --> 01:58:40.000]  每天要淋水
[01:58:40.000 --> 01:58:42.000]  這兩個星期
[01:58:42.000 --> 01:58:44.000]  把水倒到滿了
[01:58:44.000 --> 01:58:46.000]  一樣死的沒有用
[01:58:46.000 --> 01:58:48.000]  熟齡生命是要不斷的
[01:58:48.000 --> 01:58:50.000]  是上傳的
[01:58:50.000 --> 01:58:52.000]  上傳的關係
[01:58:52.000 --> 01:58:54.000]  第二這個關係是一個平安
[01:58:54.000 --> 01:58:56.000]  和生命的關係
[01:58:56.000 --> 01:58:58.000]  第二章第五節那裏所說的
[01:58:58.000 --> 01:59:00.000]  第五節那裏
[01:59:00.000 --> 01:59:02.000]  他說
[01:59:02.000 --> 01:59:04.000]  我曾與他立
[01:59:04.000 --> 01:59:06.000]  生命和平安
[01:59:06.000 --> 01:59:08.000]  的約
[01:59:08.000 --> 01:59:10.000]  Life and Peace
[01:59:10.000 --> 01:59:12.000]  生命和平安是在說什麼呢
[01:59:12.000 --> 01:59:14.000]  生命和平安
[01:59:14.000 --> 01:59:16.000]  是在說
[01:59:16.000 --> 01:59:18.000]  和神建立一個
[01:59:18.000 --> 01:59:20.000]  骨肉相連的關係
[01:59:20.000 --> 01:59:22.000]  平安是Harmony
[01:59:22.000 --> 01:59:24.000]  和神有一種沒有隔膜
[01:59:24.000 --> 01:59:26.000]  的生命
[01:59:26.000 --> 01:59:28.000]  我希望這個也帶給我們
[01:59:28.000 --> 01:59:30.000]  一個check list
[01:59:30.000 --> 01:59:32.000]  可以試著問我和神的關係
[01:59:32.000 --> 01:59:34.000]  是不是像一層沙一樣
[01:59:34.000 --> 01:59:36.000]  是否我們的罪
[01:59:36.000 --> 01:59:38.000]  有時我們對神有些不滿
[01:59:38.000 --> 01:59:40.000]  或者我們對
[01:59:40.000 --> 01:59:42.000]  一些我們應該
[01:59:42.000 --> 01:59:44.000]  放下的事我們不肯放下
[01:59:44.000 --> 01:59:46.000]  總而言之我們和神
[01:59:46.000 --> 01:59:48.000]  祈禱的時候總是欠一些東西
[01:59:48.000 --> 01:59:50.000]  你不敢和祂說
[01:59:50.000 --> 01:59:52.000]  這個就不是一個平安
[01:59:52.000 --> 01:59:54.000]  不是一個peaceful的關係
[01:59:54.000 --> 01:59:56.000]  不是一個生命的關係
[01:59:56.000 --> 01:59:58.000]  生命的關係是一個從裏面
[01:59:58.000 --> 02:00:00.000]  和神有一個很親切的關係
[02:00:00.000 --> 02:00:02.000]  我昨晚和大家說
[02:00:02.000 --> 02:00:04.000]  一個真正的關係
[02:00:04.000 --> 02:00:06.000]  神要求的是一個這樣的關係
[02:00:06.000 --> 02:00:08.000]  當時的以色列人
[02:00:08.000 --> 02:00:10.000]  樣樣都有的宗教活動
[02:00:10.000 --> 02:00:12.000]  有歉祭有律法
[02:00:12.000 --> 02:00:14.000]  有聖殿什麼都有
[02:00:14.000 --> 02:00:16.000]  但神一樣不滿意
[02:00:16.000 --> 02:00:18.000]  因為神不是看那些東西
[02:00:18.000 --> 02:00:20.000]  是看你內心裏面
[02:00:20.000 --> 02:00:22.000]  你和我有沒有生命的關係
[02:00:22.000 --> 02:00:24.000]  你和我有沒有
[02:00:24.000 --> 02:00:26.000]  一種和平的關係
[02:00:26.000 --> 02:00:28.000]  有沒有很親切沒有隔膜的關係
[02:00:28.000 --> 02:00:30.000]  我們要問自己這件事
[02:00:30.000 --> 02:00:32.000]  這件事不是你的表面
[02:00:32.000 --> 02:00:34.000]  你可以欺騙全世界的人
[02:00:34.000 --> 02:00:36.000]  你可以欺騙其他人你很熱心
[02:00:36.000 --> 02:00:38.000]  你可以欺騙其他人你的性格很好
[02:00:38.000 --> 02:00:40.000]  你可以欺騙其他人你可以傳福音
[02:00:40.000 --> 02:00:42.000]  但神自己知道在你的內心裏面
[02:00:42.000 --> 02:00:44.000]  你和我是一個什麼樣的關係
[02:00:44.000 --> 02:00:46.000]  因為你有沒有將我放在你的心上
[02:00:46.000 --> 02:00:48.000]  神說我是知道的
[02:00:48.000 --> 02:00:50.000]  前面那裏第二章初初那裏所說到的
[02:00:50.000 --> 02:00:52.000]  他說你有沒有將我放在你的心上
[02:00:52.000 --> 02:00:54.000]  第二章第一節那裏說
[02:00:54.000 --> 02:00:56.000]  這個誡命傳給你的第二節
[02:00:56.000 --> 02:00:58.000]  萬君子由華說你們若不聽從
[02:00:58.000 --> 02:01:00.000]  我又不放在心上
[02:01:00.000 --> 02:01:02.000]  這個所謂和平
[02:01:02.000 --> 02:01:04.000]  生命的關係就是
[02:01:04.000 --> 02:01:06.000]  你將我放在心上
[02:01:06.000 --> 02:01:08.000]  大家記得
[02:01:08.000 --> 02:01:10.000]  神很多時候說這句話
[02:01:10.000 --> 02:01:12.000]  這個放在心上
[02:01:12.000 --> 02:01:14.000]  很二世傑書說
[02:01:14.000 --> 02:01:16.000]  你要將我寫在你的心板上
[02:01:16.000 --> 02:01:18.000]  放在心上
[02:01:18.000 --> 02:01:20.000]  就是永遠都會記得
[02:01:20.000 --> 02:01:22.000]  一件事你沒有放在心上
[02:01:22.000 --> 02:01:24.000]  你就是不會記得
[02:01:24.000 --> 02:01:26.000]  不知道和大家講過這個例子沒有
[02:01:26.000 --> 02:01:28.000]  有時都要我女兒來個例子
[02:01:28.000 --> 02:01:30.000]  我女兒十多歲的時候
[02:01:30.000 --> 02:01:32.000]  永遠都是一些東西不記得
[02:01:32.000 --> 02:01:34.000]  和所有那些
[02:01:34.000 --> 02:01:36.000]  你們有個一百多歲的小朋友
[02:01:36.000 --> 02:01:38.000]  的父母都明白
[02:01:38.000 --> 02:01:40.000]  永遠都不記得
[02:01:40.000 --> 02:01:42.000]  總之你帶任何東西
[02:01:42.000 --> 02:01:44.000]  遮不見了無數那麼多把
[02:01:44.000 --> 02:01:46.000]  不用說了雨衣冷衫
[02:01:46.000 --> 02:01:48.000]  有時連書包
[02:01:48.000 --> 02:01:50.000]  都可以不見得
[02:01:50.000 --> 02:01:52.000]  書包都可以不見得
[02:01:52.000 --> 02:01:54.000]  有一次我真是
[02:01:54.000 --> 02:01:56.000]  早上起床
[02:01:56.000 --> 02:01:58.000]  早上一遲起床
[02:01:58.000 --> 02:02:00.000]  千萬不要碰他
[02:02:00.000 --> 02:02:02.000]  想吃人的樣子
[02:02:02.000 --> 02:02:04.000]  衝下來
[02:02:04.000 --> 02:02:06.000]  衝了出去
[02:02:06.000 --> 02:02:08.000]  衝出去之後一身安樂
[02:02:08.000 --> 02:02:10.000]  過了兩三分鐘
[02:02:10.000 --> 02:02:12.000]  按門鍵
[02:02:12.000 --> 02:02:14.000]  這次不記得帶書包
[02:02:14.000 --> 02:02:16.000]  書包都不記得帶衝了出門口
[02:02:16.000 --> 02:02:18.000]  這些是典型的十多歲的小朋友
[02:02:18.000 --> 02:02:20.000]  不過有一樣東西我告訴你
[02:02:20.000 --> 02:02:22.000]  他永遠都記得
[02:02:22.000 --> 02:02:24.000]  就每一次
[02:02:24.000 --> 02:02:26.000]  無論他多亂多忙
[02:02:26.000 --> 02:02:28.000]  衝出去的房間
[02:02:28.000 --> 02:02:30.000]  上去開門看看
[02:02:30.000 --> 02:02:32.000]  整地立不不
[02:02:32.000 --> 02:02:34.000]  烏煙瘴氣
[02:02:34.000 --> 02:02:38.000]  無論怎樣都好
[02:02:38.000 --> 02:02:40.000]  但一樣東西一定
[02:02:40.000 --> 02:02:42.000]  他的床一定掃滿東西在地上
[02:02:42.000 --> 02:02:44.000]  然後他的毛狗仔
[02:02:44.000 --> 02:02:46.000]  跟了他很多年的
[02:02:46.000 --> 02:02:48.000]  當然是躺在床中間
[02:02:48.000 --> 02:02:50.000]  找張被子蓋著
[02:02:50.000 --> 02:02:52.000]  他無論多晚起床
[02:02:52.000 --> 02:02:54.000]  不知道寫不記得帶書包
[02:02:54.000 --> 02:02:56.000]  他的毛狗仔
[02:02:56.000 --> 02:02:58.000]  一定蓋著被子
[02:02:58.000 --> 02:03:00.000]  為什麼你問我
[02:03:00.000 --> 02:03:02.000]  我告訴你
[02:03:02.000 --> 02:03:04.000]  他放在心上
[02:03:04.000 --> 02:03:06.000]  放在心上的東西不會不記得
[02:03:06.000 --> 02:03:10.000]  就是這樣要求你
[02:03:10.000 --> 02:03:12.000]  有沒有將我放在
[02:03:12.000 --> 02:03:14.000]  你的心上
[02:03:14.000 --> 02:03:16.000]  你不要告訴我
[02:03:16.000 --> 02:03:18.000]  我這幾天都忘記了祈禱
[02:03:18.000 --> 02:03:20.000]  你不是不記得你沒有放在心上
[02:03:20.000 --> 02:03:22.000]  你放在心上
[02:03:22.000 --> 02:03:24.000]  你一定會記得
[02:03:24.000 --> 02:03:26.000]  很久沒有看聖經
[02:03:26.000 --> 02:03:28.000]  我忘記了
[02:03:28.000 --> 02:03:30.000]  不要告訴神你忘記了
[02:03:30.000 --> 02:03:32.000]  你放在心上不會不記得
[02:03:32.000 --> 02:03:34.000]  好像我女兒一樣
[02:03:34.000 --> 02:03:36.000]  什麼東西放在心上他一定會記得
[02:03:36.000 --> 02:03:38.000]  神說你要將我放在心上
[02:03:38.000 --> 02:03:40.000]  這是我需要的態度
[02:03:40.000 --> 02:03:42.000]  和關係
[02:03:42.000 --> 02:03:44.000]  然後他說
[02:03:44.000 --> 02:03:46.000]  我們的生活行為是怎樣
[02:03:46.000 --> 02:03:48.000]  應有的守則
[02:03:48.000 --> 02:03:50.000]  第一
[02:03:50.000 --> 02:03:52.000]  一個敬畏他的心
[02:03:52.000 --> 02:03:54.000]  其實第五節下半節
[02:03:54.000 --> 02:03:56.000]  所說的更加確實
[02:03:56.000 --> 02:03:58.000]  中文說
[02:03:58.000 --> 02:04:00.000]  你要什麼呢
[02:04:00.000 --> 02:04:02.000]  要傳一個敬畏的心
[02:04:02.000 --> 02:04:04.000]  敬畏我懼怕我的命
[02:04:04.000 --> 02:04:06.000]  其實原文的意思是
[02:04:06.000 --> 02:04:08.000]  他在我的面前
[02:04:08.000 --> 02:04:10.000]  帶著一種
[02:04:10.000 --> 02:04:12.000]  戰戰兢兢的態度
[02:04:12.000 --> 02:04:14.000]  站立
[02:04:14.000 --> 02:04:18.000]  原文有個站立的字
[02:04:18.000 --> 02:04:20.000]  Stand in awe
[02:04:20.000 --> 02:04:22.000]  of my name
[02:04:22.000 --> 02:04:24.000]  因為我見到我
[02:04:24.000 --> 02:04:26.000]  他肅然的站立在這裡
[02:04:26.000 --> 02:04:28.000]  戰戰兢兢的
[02:04:28.000 --> 02:04:30.000]  這個就是他的生活
[02:04:30.000 --> 02:04:32.000]  應有的態度
[02:04:32.000 --> 02:04:34.000]  什麼意思呢
[02:04:34.000 --> 02:04:36.000]  好像詩人所說的
[02:04:36.000 --> 02:04:38.000]  我將你常擺在我面前
[02:04:38.000 --> 02:04:40.000]  因你在我右邊
[02:04:40.000 --> 02:04:42.000]  我就不至於搖動
[02:04:42.000 --> 02:04:44.000]  這句話有正面、有消極、有積極的意思
[02:04:44.000 --> 02:04:46.000]  積極的意思是
[02:04:46.000 --> 02:04:48.000]  神知道你時常在我身邊
[02:04:48.000 --> 02:04:50.000]  所以
[02:04:50.000 --> 02:04:52.000]  我自己不再懼怕
[02:04:52.000 --> 02:04:54.000]  我不會搖動
[02:04:54.000 --> 02:04:56.000]  但另外還有一個消極的意思提醒
[02:04:56.000 --> 02:04:58.000]  既然你時常在我身邊
[02:04:58.000 --> 02:05:00.000]  我就不可以動搖
[02:05:00.000 --> 02:05:02.000]  我不可以亂來
[02:05:02.000 --> 02:05:04.000]  剛才說一個真正的
[02:05:04.000 --> 02:05:06.000]  神所喜悅的生活
[02:05:06.000 --> 02:05:08.000]  那個心境
[02:05:08.000 --> 02:05:10.000]  無論你去到哪裡
[02:05:10.000 --> 02:05:12.000]  都好像站在神的面前
[02:05:12.000 --> 02:05:14.000]  那種恭恭敬敬、戰戰兢兢的樣子
[02:05:14.000 --> 02:05:22.000]  以前我和大家說過一篇道
[02:05:22.000 --> 02:05:24.000]  好像當神沒有到
[02:05:24.000 --> 02:05:26.000]  這個不對
[02:05:26.000 --> 02:05:28.000]  你見不到神大神在這裡
[02:05:28.000 --> 02:05:30.000]  你見不到神大神在這裡
[02:05:30.000 --> 02:05:32.000]  你家裏的時候
[02:05:32.000 --> 02:05:34.000]  沒有教會頂姐妹、小牧師不在
[02:05:34.000 --> 02:05:36.000]  沒有探訪的時候
[02:05:36.000 --> 02:05:38.000]  你一樣神在這裡
[02:05:38.000 --> 02:05:40.000]  為什麼你這樣可以對家裏人
[02:05:40.000 --> 02:05:42.000]  這樣的態度
[02:05:42.000 --> 02:05:44.000]  如果你的心不斷的好像在神面前
[02:05:44.000 --> 02:05:46.000]  去到哪裡每時每刻
[02:05:46.000 --> 02:05:48.000]  恭恭敬敬站在神面前的時候
[02:05:48.000 --> 02:05:50.000]  我相信你做人
[02:05:50.000 --> 02:05:52.000]  就像我剛才所說的
[02:05:52.000 --> 02:05:54.000]  是硬硬、正正、光明磊落
[02:05:54.000 --> 02:05:56.000]  就不會好像我剛才
[02:05:56.000 --> 02:05:58.000]  開始講道的時候所舉的例子
[02:05:58.000 --> 02:06:00.000]  那些人就是當神沒有到
[02:06:02.000 --> 02:06:04.000]  去了一份站在神面前
[02:06:04.000 --> 02:06:06.000]  恭恭敬敬見到他的時候
[02:06:06.000 --> 02:06:08.000]  那份心
[02:06:08.000 --> 02:06:10.000]  如果神站在你旁邊你夠膽說話嗎?
[02:06:10.000 --> 02:06:12.000]  如果神站在你旁邊你夠膽做這些事出來嗎?
[02:06:12.000 --> 02:06:14.000]  你自己知道
[02:06:14.000 --> 02:06:16.000]  然後有一個
[02:06:16.000 --> 02:06:18.000]  敬虔的生活
[02:06:18.000 --> 02:06:20.000]  來做一個
[02:06:20.000 --> 02:06:22.000]  配合
[02:06:22.000 --> 02:06:24.000]  第六節和第七節
[02:06:24.000 --> 02:06:26.000]  講了兩樣東西
[02:06:26.000 --> 02:06:28.000]  講了我們的說話
[02:06:28.000 --> 02:06:30.000]  講了我們行為的操守
[02:06:30.000 --> 02:06:32.000]  這一句你看到
[02:06:32.000 --> 02:06:34.000]  第六節的A
[02:06:34.000 --> 02:06:36.000]  上半節和第七節
[02:06:36.000 --> 02:06:38.000]  第六節上半節說
[02:06:38.000 --> 02:06:40.000]  真實的律法在他的口中
[02:06:40.000 --> 02:06:42.000]  他嘴裡沒有不義的話
[02:06:42.000 --> 02:06:44.000]  第七節
[02:06:44.000 --> 02:06:46.000]  祭司的嘴裡常存知識
[02:06:46.000 --> 02:06:48.000]  人也當由他口中尋求律法
[02:06:48.000 --> 02:06:50.000]  因為他是萬鈞之耀華的使者
[02:06:50.000 --> 02:06:52.000]  因為有
[02:06:52.000 --> 02:06:54.000]  消極和積極的
[02:06:54.000 --> 02:06:56.000]  兩面的意思
[02:06:56.000 --> 02:06:58.000]  所以我畫了出來給大家看
[02:06:58.000 --> 02:07:00.000]  在消極的意思
[02:07:00.000 --> 02:07:02.000]  他嘴裡沒有虛假
[02:07:02.000 --> 02:07:04.000]  積極的意思
[02:07:04.000 --> 02:07:06.000]  他嘴裡說的話
[02:07:06.000 --> 02:07:08.000]  成為其他人認識真理的出口
[02:07:08.000 --> 02:07:10.000]  我們每次講話的時候
[02:07:10.000 --> 02:07:12.000]  我們給自己一個check list
[02:07:12.000 --> 02:07:14.000]  消極來說
[02:07:14.000 --> 02:07:16.000]  要求就是我講的說話
[02:07:16.000 --> 02:07:18.000]  是我心裡的說話沒有虛假的說話
[02:07:18.000 --> 02:07:20.000]  我嘴裡說的說話
[02:07:20.000 --> 02:07:22.000]  不是騙人的說話不是虛假的說話
[02:07:22.000 --> 02:07:24.000]  我裡面有的
[02:07:24.000 --> 02:07:26.000]  我講出來
[02:07:26.000 --> 02:07:28.000]  有這樣的配合的質素
[02:07:28.000 --> 02:07:30.000]  不是油嘴滑舌說一套做一套
[02:07:30.000 --> 02:07:32.000]  這是一個消極的意思
[02:07:32.000 --> 02:07:34.000]  每次我們講說話
[02:07:34.000 --> 02:07:36.000]  問我們自己是不是
[02:07:36.000 --> 02:07:38.000]  我講有沒有虛假的說話
[02:07:38.000 --> 02:07:40.000]  但是積極的意思
[02:07:40.000 --> 02:07:42.000]  我嘴裡不只是不講虛假的說話
[02:07:42.000 --> 02:07:44.000]  我嘴裡每次講出來的時候
[02:07:44.000 --> 02:07:46.000]  或者我經常講的時候
[02:07:46.000 --> 02:07:48.000]  能夠令到更多人明白神的真理
[02:07:48.000 --> 02:07:50.000]  成為教導真理的出口
[02:07:50.000 --> 02:07:52.000]  顯明真理的機會
[02:07:52.000 --> 02:07:54.000]  顯明真理的機會
[02:07:54.000 --> 02:07:56.000]  這個是我們說話的指標
[02:07:56.000 --> 02:07:58.000]  消極的我們不講假話
[02:07:58.000 --> 02:08:00.000]  積極的我們幫助別人
[02:08:00.000 --> 02:08:02.000]  我講了這句說話能不能夠
[02:08:02.000 --> 02:08:04.000]  令到更多的人認識真理
[02:08:04.000 --> 02:08:06.000]  接近真理得到神的教導
[02:08:06.000 --> 02:08:08.000]  然後我們講行為
[02:08:08.000 --> 02:08:10.000]  第六節下半節
[02:08:10.000 --> 02:08:12.000]  講到行為
[02:08:12.000 --> 02:08:14.000]  他說
[02:08:14.000 --> 02:08:16.000]  他以平安和正直
[02:08:16.000 --> 02:08:18.000]  與我同行
[02:08:18.000 --> 02:08:20.000]  使多人回頭離開罪孽
[02:08:20.000 --> 02:08:22.000]  因為兩邊
[02:08:22.000 --> 02:08:24.000]  有消極和積極的
[02:08:24.000 --> 02:08:26.000]  現在我講到行為
[02:08:26.000 --> 02:08:28.000]  我們每一個生活的細節
[02:08:28.000 --> 02:08:30.000]  我們的表現,我們的行為,我們的操守
[02:08:30.000 --> 02:08:32.000]  在消極來說
[02:08:32.000 --> 02:08:34.000]  我們會不會令到
[02:08:34.000 --> 02:08:36.000]  是
[02:08:36.000 --> 02:08:38.000]  我們以
[02:08:38.000 --> 02:08:40.000]  和平和正直
[02:08:40.000 --> 02:08:42.000]  與神同行
[02:08:42.000 --> 02:08:44.000]  我們的生活是一個
[02:08:44.000 --> 02:08:46.000]  與神同行的生活
[02:08:46.000 --> 02:08:48.000]  我們每一次操守要求自己
[02:08:48.000 --> 02:08:50.000]  和平正直與神同行
[02:08:50.000 --> 02:08:52.000]  這是我們的標準
[02:08:52.000 --> 02:08:54.000]  不需要再解釋了
[02:08:54.000 --> 02:08:56.000]  然後在積極的意思來說
[02:08:56.000 --> 02:08:58.000]  我們的生活是令到人轉離罪孽
[02:08:58.000 --> 02:09:00.000]  明白嗎
[02:09:00.000 --> 02:09:02.000]  令到那些人見到我們的生命
[02:09:02.000 --> 02:09:04.000]  他嚮往離開他的罪
[02:09:04.000 --> 02:09:06.000]  接近
[02:09:06.000 --> 02:09:08.000]  神自己的標準
[02:09:08.000 --> 02:09:10.000]  更愛主,更愛神
[02:09:10.000 --> 02:09:12.000]  更加令到他的生命
[02:09:12.000 --> 02:09:14.000]  是親近真理
[02:09:14.000 --> 02:09:16.000]  這是我們行為的守則
[02:09:16.000 --> 02:09:18.000]  好不好,我們列出來
[02:09:18.000 --> 02:09:20.000]  這是一個指標,這是一個checklist
[02:09:20.000 --> 02:09:22.000]  當每一件事我做的時候
[02:09:22.000 --> 02:09:24.000]  我問我自己,在消極來說
[02:09:24.000 --> 02:09:26.000]  我是不是和平正直與神同行
[02:09:26.000 --> 02:09:28.000]  在積極來說,我做了這件事
[02:09:28.000 --> 02:09:30.000]  有沒有能夠令到更多周圍的人
[02:09:30.000 --> 02:09:32.000]  更加接近神的真理
[02:09:32.000 --> 02:09:34.000]  更加讓他親近神
[02:09:34.000 --> 02:09:36.000]  令他嚮往原來
[02:09:36.000 --> 02:09:38.000]  信耶穌的認識真誠的人
[02:09:38.000 --> 02:09:40.000]  是這麼好的
[02:09:40.000 --> 02:09:42.000]  我們講的說話,每一次講的時候
[02:09:42.000 --> 02:09:44.000]  我們問自己兩個問題,在消極
[02:09:44.000 --> 02:09:46.000]  我們是不是在講虛假的說話
[02:09:46.000 --> 02:09:48.000]  在正直的說話
[02:09:48.000 --> 02:09:50.000]  在積極來說,我說出這個說話
[02:09:50.000 --> 02:09:52.000]  能不能夠讓更多的人
[02:09:52.000 --> 02:09:54.000]  更加明白真理
[02:09:54.000 --> 02:09:56.000]  得到神的教導
[02:09:56.000 --> 02:09:58.000]  我相信我們的說話
[02:09:58.000 --> 02:10:00.000]  我們的行為,在這兩節聖經裡面
[02:10:00.000 --> 02:10:02.000]  提醒了我們
[02:10:02.000 --> 02:10:04.000]  接著我想
[02:10:04.000 --> 02:10:06.000]  神哥又鬧回頭了,第八節
[02:10:06.000 --> 02:10:08.000]  我要求你這麼多事情
[02:10:08.000 --> 02:10:10.000]  這樣說話,這樣做事
[02:10:10.000 --> 02:10:12.000]  你和我這樣的關係,將我放在心上
[02:10:12.000 --> 02:10:14.000]  OK,接著第八節
[02:10:14.000 --> 02:10:16.000]  但是你們偏偏
[02:10:16.000 --> 02:10:18.000]  卻離開這些事情
[02:10:18.000 --> 02:10:20.000]  偏偏犯了這些事情
[02:10:20.000 --> 02:10:22.000]  為什麼?因為他說
[02:10:22.000 --> 02:10:24.000]  第八節,只要許多人在律法上
[02:10:24.000 --> 02:10:26.000]  跌倒,就廢棄了
[02:10:26.000 --> 02:10:28.000]  我和你未所立的約
[02:10:28.000 --> 02:10:30.000]  這事萬君子要話說
[02:10:30.000 --> 02:10:32.000]  剛才說我們做事
[02:10:32.000 --> 02:10:34.000]  我們要讓更多人接近真理,但是偏偏
[02:10:34.000 --> 02:10:36.000]  你做了的事,你的行為
[02:10:36.000 --> 02:10:38.000]  令到更多人跌倒,你講說話
[02:10:38.000 --> 02:10:40.000]  是應該令到更多人
[02:10:40.000 --> 02:10:42.000]  接近真理,你們偏偏
[02:10:42.000 --> 02:10:44.000]  令到更多人破壞了
[02:10:44.000 --> 02:10:46.000]  和神的關係,這就是
[02:10:46.000 --> 02:10:48.000]  你們的罪了
[02:10:48.000 --> 02:10:50.000]  我相信這個已經說了很多
[02:10:50.000 --> 02:10:52.000]  我不再重複了
[02:10:52.000 --> 02:10:54.000]  然後最後
[02:10:54.000 --> 02:10:56.000]  如果你這樣的時候
[02:10:56.000 --> 02:10:58.000]  神有個警告
[02:10:58.000 --> 02:11:00.000]  神說我等在你面前
[02:11:00.000 --> 02:11:02.000]  很清楚,我講出了你的問題
[02:11:02.000 --> 02:11:04.000]  你錯在哪裡?然後我給了很清楚的指標
[02:11:04.000 --> 02:11:06.000]  你不要說你不教我,只會罵
[02:11:06.000 --> 02:11:08.000]  不是啊,不是像我們
[02:11:08.000 --> 02:11:10.000]  我們父母只會罵
[02:11:10.000 --> 02:11:12.000]  不是啊,罵完你了
[02:11:12.000 --> 02:11:14.000]  你這樣不對,不對,不對,然後神就給了一個指標
[02:11:14.000 --> 02:11:16.000]  你這樣,這樣,這樣
[02:11:16.000 --> 02:11:18.000]  如果你不做,偏偏不做
[02:11:18.000 --> 02:11:20.000]  你有後果的
[02:11:20.000 --> 02:11:22.000]  很清楚的,每次都是這樣
[02:11:22.000 --> 02:11:24.000]  很清楚的,正面
[02:11:24.000 --> 02:11:26.000]  反面,後果
[02:11:26.000 --> 02:11:28.000]  你自己做決定,後果是什麼呢
[02:11:28.000 --> 02:11:30.000]  第二章第二節
[02:11:30.000 --> 02:11:32.000]  和第三節講到的後果
[02:11:32.000 --> 02:11:34.000]  第二節說到什麼呢
[02:11:34.000 --> 02:11:36.000]  他就說
[02:11:36.000 --> 02:11:38.000]  如果你這樣的時候,你的周遭
[02:11:38.000 --> 02:11:40.000]  我就輪不到你們
[02:11:40.000 --> 02:11:42.000]  你的福分變為周遭
[02:11:42.000 --> 02:11:46.000]  福分變為周遭
[02:11:46.000 --> 02:11:48.000]  有時候我們
[02:11:48.000 --> 02:11:50.000]  真是很見經在神面前
[02:11:50.000 --> 02:11:52.000]  聽他神自己的說話
[02:11:52.000 --> 02:11:54.000]  昨晚如果你有聽
[02:11:54.000 --> 02:11:56.000]  大家一起有練經
[02:11:56.000 --> 02:11:58.000]  你見到我們的福分
[02:11:58.000 --> 02:12:00.000]  不是必然的
[02:12:00.000 --> 02:12:02.000]  昨晚如果你聽過
[02:12:02.000 --> 02:12:04.000]  你記得我們看過神話
[02:12:04.000 --> 02:12:06.000]  我愛你是偏心愛你
[02:12:06.000 --> 02:12:08.000]  你事實上神是很偏心的
[02:12:08.000 --> 02:12:10.000]  神說是呀,我偏心
[02:12:10.000 --> 02:12:12.000]  因為我偏心愛你
[02:12:12.000 --> 02:12:14.000]  根本不值得我愛
[02:12:14.000 --> 02:12:16.000]  但我偏心愛你
[02:12:16.000 --> 02:12:18.000]  你以為今天你得到的福分是你的嗎
[02:12:18.000 --> 02:12:20.000]  昨晚大家在默想的時間
[02:12:20.000 --> 02:12:22.000]  我們今天坐在這
[02:12:22.000 --> 02:12:24.000]  我們所得到的,我們得到的救恩
[02:12:24.000 --> 02:12:26.000]  我們得到神給我們的福分
[02:12:26.000 --> 02:12:28.000]  沒有一樣東西是我們自己有資格說
[02:12:28.000 --> 02:12:30.000]  你看我這東西多聰明
[02:12:30.000 --> 02:12:32.000]  繼承應該給我
[02:12:32.000 --> 02:12:34.000]  沒有一個人敢這樣說
[02:12:34.000 --> 02:12:36.000]  現在聖經說
[02:12:36.000 --> 02:12:38.000]  如果神是這樣偏心的給你
[02:12:38.000 --> 02:12:40.000]  他都可以白白的拿走
[02:12:40.000 --> 02:12:42.000]  大家明白意思嗎
[02:12:42.000 --> 02:12:44.000]  你的祝福
[02:12:44.000 --> 02:12:46.000]  神可以給你
[02:12:46.000 --> 02:12:48.000]  但可以成為咒詛
[02:12:48.000 --> 02:12:50.000]  你不要以為
[02:12:50.000 --> 02:12:52.000]  我現在很棒,我工作很棒
[02:12:52.000 --> 02:12:54.000]  我做人很棒,我家庭很棒
[02:12:54.000 --> 02:12:56.000]  我子女很乖
[02:12:56.000 --> 02:12:58.000]  沒有錯,第一你懂得感恩的心
[02:12:58.000 --> 02:13:00.000]  第二如果你不珍惜
[02:13:00.000 --> 02:13:02.000]  你以為這些是必然的話
[02:13:02.000 --> 02:13:04.000]  有一天神拿回的時候
[02:13:04.000 --> 02:13:06.000]  你的祝福是成為咒詛的
[02:13:06.000 --> 02:13:08.000]  領主們我們不想有一天
[02:13:08.000 --> 02:13:10.000]  到這個地步再次在神面前悔改
[02:13:10.000 --> 02:13:12.000]  我時常都說
[02:13:12.000 --> 02:13:14.000]  你早點回頭
[02:13:14.000 --> 02:13:16.000]  不用到神打到你
[02:13:16.000 --> 02:13:18.000]  頭腫腳青
[02:13:18.000 --> 02:13:20.000]  然後才說
[02:13:20.000 --> 02:13:22.000]  對,是神恩待我的
[02:13:22.000 --> 02:13:24.000]  我不要了,快點回去
[02:13:24.000 --> 02:13:26.000]  何必呢,神說你何必需要感恩
[02:13:26.000 --> 02:13:28.000]  你不用等到
[02:13:28.000 --> 02:13:30.000]  我將你的祝福變成咒詛
[02:13:30.000 --> 02:13:32.000]  才回頭
[02:13:32.000 --> 02:13:34.000]  在神面前警醒
[02:13:34.000 --> 02:13:36.000]  然後如果你再不聽的時候
[02:13:36.000 --> 02:13:38.000]  第三節就寫的很噁心
[02:13:38.000 --> 02:13:40.000]  第二章三節
[02:13:40.000 --> 02:13:42.000]  我必斥責你的種子
[02:13:42.000 --> 02:13:44.000]  又把你們犧牲的糞活
[02:13:44.000 --> 02:13:46.000]  撥在你們臉上,你們與糞一同除掉
[02:13:46.000 --> 02:13:48.000]  這些很難說得出口
[02:13:48.000 --> 02:13:52.000]  所以神都很狠
[02:13:52.000 --> 02:13:54.000]  迫近乎粗口,你吃屎吧
[02:13:54.000 --> 02:13:56.000]  不是我說的
[02:13:56.000 --> 02:13:58.000]  神說的
[02:13:58.000 --> 02:14:00.000]  神說的
[02:14:00.000 --> 02:14:02.000]  是甚麼呢
[02:14:02.000 --> 02:14:04.000]  是最羞辱的說法
[02:14:04.000 --> 02:14:06.000]  神說
[02:14:06.000 --> 02:14:08.000]  你這樣對我的時候
[02:14:08.000 --> 02:14:10.000]  你是自取羞辱
[02:14:10.000 --> 02:14:12.000]  你是被神所羞辱
[02:14:12.000 --> 02:14:16.000]  可能在人世間
[02:14:16.000 --> 02:14:18.000]  在你的工作環境裏
[02:14:18.000 --> 02:14:20.000]  你被人欣賞
[02:14:20.000 --> 02:14:22.000]  但你自己知道
[02:14:22.000 --> 02:14:24.000]  你的屬靈生命
[02:14:24.000 --> 02:14:26.000]  可能仍然被神所藐視
[02:14:26.000 --> 02:14:28.000]  神所藐視
[02:14:28.000 --> 02:14:30.000]  我時常都說
[02:14:30.000 --> 02:14:32.000]  大家也記得耶穌說過
[02:14:32.000 --> 02:14:34.000]  那個說話
[02:14:34.000 --> 02:14:36.000]  到那天在天國的時候
[02:14:36.000 --> 02:14:38.000]  有人走上天國門口
[02:14:38.000 --> 02:14:40.000]  敲門說主啊,我不是奉你的名
[02:14:40.000 --> 02:14:42.000]  醫病趕鬼傳道嗎
[02:14:42.000 --> 02:14:44.000]  記得嗎,耶穌說甚麼
[02:14:44.000 --> 02:14:46.000]  咦,我都不認識你
[02:14:46.000 --> 02:14:48.000]  就是這樣
[02:14:48.000 --> 02:14:50.000]  你可以在人的面前
[02:14:50.000 --> 02:14:52.000]  騙很多人
[02:14:52.000 --> 02:14:54.000]  但神知未知
[02:14:54.000 --> 02:14:56.000]  昨晚我說過
[02:14:56.000 --> 02:14:58.000]  今天再說
[02:14:58.000 --> 02:15:00.000]  神不是看你做了甚麼
[02:15:00.000 --> 02:15:02.000]  宗教的活動
[02:15:02.000 --> 02:15:04.000]  神在看你
[02:15:04.000 --> 02:15:06.000]  在你內心裏面欺骗對方
[02:15:06.000 --> 02:15:10.000]  你對他有不滿嗎
[02:15:10.000 --> 02:15:12.000]  他還抓著自己的東西
[02:15:12.000 --> 02:15:14.000]  昨晚我說
[02:15:14.000 --> 02:15:16.000]  追尋肉體
[02:15:16.000 --> 02:15:18.000]  與神為仇嗎
[02:15:18.000 --> 02:15:20.000]  你知道
[02:15:20.000 --> 02:15:22.000]  這個只有神才能光照你
[02:15:22.000 --> 02:15:24.000]  你自己在神面前
[02:15:24.000 --> 02:15:26.000]  做一個光明磊落
[02:15:26.000 --> 02:15:28.000]  有神性
[02:15:28.000 --> 02:15:30.000]  有人性
[02:15:30.000 --> 02:15:32.000]  不要被神藐視
[02:15:32.000 --> 02:15:34.000]  也不要被人
[02:15:34.000 --> 02:15:36.000]  看為下賤
[02:15:36.000 --> 02:15:38.000]  第九節說甚麼
[02:15:38.000 --> 02:15:40.000]  所以使你們被眾人藐視
[02:15:40.000 --> 02:15:42.000]  看為下賤
[02:15:42.000 --> 02:15:44.000]  因為你們不守我的道德律法上
[02:15:44.000 --> 02:15:46.000]  聽信情義
[02:15:46.000 --> 02:15:48.000]  不單給神藐視
[02:15:48.000 --> 02:15:50.000]  也給人藐視
[02:15:50.000 --> 02:15:52.000]  有時做基督徒
[02:15:52.000 --> 02:15:54.000]  是一條不歸路
[02:15:54.000 --> 02:15:56.000]  老實說
[02:15:56.000 --> 02:15:58.000]  在世界上已經很多人
[02:15:58.000 --> 02:16:00.000]  不喜歡你
[02:16:00.000 --> 02:16:02.000]  因為你要遵守
[02:16:02.000 --> 02:16:04.000]  一些新行為的守則
[02:16:04.000 --> 02:16:06.000]  如果你遵守得來
[02:16:06.000 --> 02:16:08.000]  還虛偽的話
[02:16:08.000 --> 02:16:10.000]  人家更加看不起你
[02:16:10.000 --> 02:16:12.000]  趁我頂尖我變了很多
[02:16:12.000 --> 02:16:14.000]  很多
[02:16:14.000 --> 02:16:16.000]  不要讓人再跌倒
[02:16:16.000 --> 02:16:18.000]  最可憐的就是
[02:16:18.000 --> 02:16:20.000]  做基督徒兩頭都不到岸
[02:16:20.000 --> 02:16:22.000]  做了基督徒之後
[02:16:22.000 --> 02:16:24.000]  熟悉的喜歡就沒有了
[02:16:24.000 --> 02:16:26.000]  星期日又要去禮拜堂
[02:16:26.000 --> 02:16:28.000]  出不到去飲茶
[02:16:28.000 --> 02:16:30.000]  去完禮拜堂去擁櫃
[02:16:30.000 --> 02:16:32.000]  又被人爭位
[02:16:32.000 --> 02:16:34.000]  基督徒要付代價
[02:16:34.000 --> 02:16:36.000]  25號明明放假
[02:16:36.000 --> 02:16:38.000]  走進來
[02:16:38.000 --> 02:16:40.000]  你付了代價
[02:16:40.000 --> 02:16:42.000]  你在屬靈上應該有所得著
[02:16:42.000 --> 02:16:44.000]  但很多基督徒
[02:16:44.000 --> 02:16:46.000]  人家熟悉的東西
[02:16:46.000 --> 02:16:48.000]  探不到
[02:16:48.000 --> 02:16:50.000]  屬靈的東西探不到
[02:16:50.000 --> 02:16:52.000]  多慘多不值
[02:16:52.000 --> 02:16:54.000]  如果你沒有熟悉的東西
[02:16:54.000 --> 02:16:56.000]  在屬靈就得到滿足
[02:16:56.000 --> 02:16:58.000]  屬靈又不行
[02:16:58.000 --> 02:17:00.000]  兩頭都不到岸
[02:17:00.000 --> 02:17:02.000]  做人又比其他人差
[02:17:02.000 --> 02:17:04.000]  做基督徒又虛偽
[02:17:04.000 --> 02:17:06.000]  不知道他們在做什麼
[02:17:06.000 --> 02:17:08.000]  最慘是這群人在禮拜堂
[02:17:08.000 --> 02:17:10.000]  趕走很多真正想相信的人
[02:17:10.000 --> 02:17:12.000]  頂尖姐妹
[02:17:12.000 --> 02:17:14.000]  我們做全國人的
[02:17:14.000 --> 02:17:16.000]  很慘
[02:17:16.000 --> 02:17:18.000]  很辛苦才搞了大件事
[02:17:18.000 --> 02:17:20.000]  找到來禮拜堂的信主
[02:17:20.000 --> 02:17:22.000]  然後被你自己趕走
[02:17:22.000 --> 02:17:24.000]  他來到禮拜堂
[02:17:24.000 --> 02:17:26.000]  一陣子就回到禮拜
[02:17:26.000 --> 02:17:28.000]  這樣那樣
[02:17:28.000 --> 02:17:30.000]  這樣說話
[02:17:30.000 --> 02:17:32.000]  於是就飄升匿跡地走了
[02:17:32.000 --> 02:17:34.000]  不要趕人走
[02:17:34.000 --> 02:17:36.000]  我們很難趕人走
[02:17:36.000 --> 02:17:38.000]  最容易的方法
[02:17:38.000 --> 02:17:40.000]  就是我們的生活
[02:17:40.000 --> 02:17:42.000]  生命表現出那種
[02:17:42.000 --> 02:17:44.000]  令他藐視
[02:17:44.000 --> 02:17:46.000]  他們走了
[02:17:46.000 --> 02:17:48.000]  反正這個教會
[02:17:48.000 --> 02:17:50.000]  又不用給錢又不是什麼會員
[02:17:50.000 --> 02:17:52.000]  他要走就走
[02:17:52.000 --> 02:17:54.000]  可能你見到很多我們周圍的團體
[02:17:54.000 --> 02:17:56.000]  一陣子又不敢趕人走
[02:17:56.000 --> 02:17:58.000]  不敢趕人走
[02:17:58.000 --> 02:18:00.000]  每次你問為什麼他們不回來
[02:18:00.000 --> 02:18:02.000]  你去探望他們
[02:18:02.000 --> 02:18:04.000]  每次提醒我們自己
[02:18:04.000 --> 02:18:06.000]  我們有沒有份趕人走
[02:18:06.000 --> 02:18:08.000]  你不用說你走了
[02:18:08.000 --> 02:18:10.000]  當然不是
[02:18:10.000 --> 02:18:12.000]  你不用的
[02:18:12.000 --> 02:18:14.000]  你虛偽些
[02:18:14.000 --> 02:18:16.000]  弄些壞事出來
[02:18:16.000 --> 02:18:18.000]  假假地他一眼就看出
[02:18:18.000 --> 02:18:22.000]  不要讓人藐視
[02:18:22.000 --> 02:18:24.000]  不要給錢
[02:18:24.000 --> 02:18:26.000]  尤其是幫我們
[02:18:26.000 --> 02:18:32.000]  馬拉基斯是一段很玄迷的說話
[02:18:32.000 --> 02:18:38.000]  他很清楚
[02:18:38.000 --> 02:18:40.000]  生活信仰
[02:18:40.000 --> 02:18:42.000]  內心
[02:18:42.000 --> 02:18:44.000]  底層的態度
[02:18:44.000 --> 02:18:48.000]  求他幫助我們每一個人
[02:18:48.000 --> 02:18:52.000]  當他默想的時候
[02:18:52.000 --> 02:18:54.000]  很大膽地用血性命
[02:18:54.000 --> 02:18:56.000]  感動
[02:18:56.000 --> 02:18:58.000]  要求你問起自己
[02:18:58.000 --> 02:19:00.000]  你願不願意在這個時刻
[02:19:00.000 --> 02:19:02.000]  在別人面前作出一個決定
[02:19:06.000 --> 02:19:08.000]  當我離開這個大堂的時候
[02:19:08.000 --> 02:19:12.000]  我決定在別人面前
[02:19:12.000 --> 02:19:14.000]  以後我妥協的說話
[02:19:14.000 --> 02:19:16.000]  我所做出來的行為
[02:19:16.000 --> 02:19:18.000]  的表現
[02:19:18.000 --> 02:19:20.000]  我的內心
[02:19:20.000 --> 02:19:22.000]  我對神的態度
[02:19:22.000 --> 02:19:24.000]  都要做一個
[02:19:24.000 --> 02:19:26.000]  硬硬正正
[02:19:26.000 --> 02:19:28.000]  認認真真
[02:19:28.000 --> 02:19:30.000]  光明磊落的機會
[02:19:30.000 --> 02:19:34.000]  對人不恥
[02:19:34.000 --> 02:19:36.000]  對神不恥
[02:19:36.000 --> 02:19:42.000]  馬拉基斯的時代訊息
[02:19:42.000 --> 02:19:44.000]  溫偉耀博士主講
[02:19:44.000 --> 02:19:46.000]  第三講
[02:19:46.000 --> 02:19:48.000]  告別冷淡眾常主愛之盡忠
[02:19:48.000 --> 02:19:52.000]  今晚我們一起思想馬拉基斯的第三講
[02:19:52.000 --> 02:19:56.000]  經文是在馬拉基斯的第二章
[02:19:56.000 --> 02:20:00.000]  今晚比較短的經文
[02:20:00.000 --> 02:20:02.000]  但裡面有很多很重要很豐富的訊息
[02:20:04.000 --> 02:20:06.000]  馬拉基斯的第二章
[02:20:06.000 --> 02:20:08.000]  我們看第十節
[02:20:08.000 --> 02:20:10.000]  到第十六節
[02:20:10.000 --> 02:20:12.000]  短短的七節聖經
[02:20:12.000 --> 02:20:16.000]  第十節到第十六節
[02:20:16.000 --> 02:20:20.000]  既然這麼短
[02:20:20.000 --> 02:20:22.000]  我們今天很多人走完山
[02:20:22.000 --> 02:20:24.000]  這麼夠氣
[02:20:24.000 --> 02:20:26.000]  一起讀吧
[02:20:26.000 --> 02:20:28.000]  一起讀
[02:20:28.000 --> 02:20:30.000]  不用開這麼大聲
[02:20:30.000 --> 02:20:32.000]  一會兒你們會後悔的
[02:20:34.000 --> 02:20:36.000]  第十節
[02:20:36.000 --> 02:20:38.000]  我們一起讀到第十六節
[02:20:38.000 --> 02:20:42.000]  我們豈不都是一位父嗎?
[02:20:42.000 --> 02:20:44.000]  豈不是一位神所造的嗎?
[02:20:44.000 --> 02:20:48.000]  我們各人怎麼以鬼詐待弟兄
[02:20:48.000 --> 02:20:52.000]  背棄了神與我們列祖所立的約呢?
[02:20:52.000 --> 02:20:58.000]  猶大人行事鬼詐
[02:20:58.000 --> 02:21:02.000]  並且在以色列和耶路撒冷中
[02:21:02.000 --> 02:21:04.000]  行一件可憎的事
[02:21:04.000 --> 02:21:08.000]  因為猶大人
[02:21:08.000 --> 02:21:10.000]  實屬耶和華所喜愛的聖潔
[02:21:10.000 --> 02:21:14.000]  取侍奉愛邦神的女子為妻
[02:21:14.000 --> 02:21:18.000]  凡行這事的
[02:21:18.000 --> 02:21:20.000]  無論何人
[02:21:20.000 --> 02:21:22.000]  就是獻供物給萬君之耶和華
[02:21:22.000 --> 02:21:28.000]  耶和華也必從雅各的帳篷中
[02:21:28.000 --> 02:21:30.000]  剪除她
[02:21:32.000 --> 02:21:34.000]  並又行了一件這樣的事
[02:21:34.000 --> 02:21:38.000]  使前妻嘆息哭泣的眼淚
[02:21:38.000 --> 02:21:42.000]  遮蓋耶和華的痕
[02:21:42.000 --> 02:21:46.000]  以致耶和華不再看顧
[02:21:46.000 --> 02:21:50.000]  也不樂意從你們手中收納
[02:21:50.000 --> 02:21:54.000]  你們還說
[02:21:54.000 --> 02:21:56.000]  這是為什麼呢?
[02:21:56.000 --> 02:22:00.000]  因耶和華在你和你幼年
[02:22:00.000 --> 02:22:02.000]  所娶的妻中間作證
[02:22:02.000 --> 02:22:06.000]  她卻是你的配偶
[02:22:06.000 --> 02:22:08.000]  又是你盟約的妻
[02:22:08.000 --> 02:22:12.000]  你卻以鬼詐待她
[02:22:12.000 --> 02:22:16.000]  雖然神有靈的餘力
[02:22:16.000 --> 02:22:18.000]  能做個人
[02:22:18.000 --> 02:22:20.000]  她不是單做一人嗎?
[02:22:20.000 --> 02:22:24.000]  何何只做一人呢?
[02:22:24.000 --> 02:22:28.000]  乃是她怨人不虔誠的後裔
[02:22:30.000 --> 02:22:32.000]  所以當謹守你們的心
[02:22:32.000 --> 02:22:36.000]  誰也不可以鬼詐待
[02:22:36.000 --> 02:22:38.000]  妍然所娶的妻
[02:22:38.000 --> 02:22:42.000]  耶和華以色列的神說
[02:22:42.000 --> 02:22:44.000]  優妻的事
[02:22:44.000 --> 02:22:46.000]  和以強暴待妻的人
[02:22:46.000 --> 02:22:48.000]  都是我所恨惡的
[02:22:48.000 --> 02:22:52.000]  所以當謹守你們的心
[02:22:52.000 --> 02:22:54.000]  不可行鬼詐
[02:22:54.000 --> 02:22:58.000]  這是耶和恩之耶和華說的
[02:22:58.000 --> 02:23:00.000]  我們一起祈禱
[02:23:28.000 --> 02:23:30.000]  希望助我們的生命有所改變
[02:23:30.000 --> 02:23:32.000]  以致我們不是白白的
[02:23:32.000 --> 02:23:34.000]  聽你的說話
[02:23:34.000 --> 02:23:36.000]  主啊!二千多年前
[02:23:36.000 --> 02:23:38.000]  以色列人聽了你的說話
[02:23:38.000 --> 02:23:40.000]  並沒有進行
[02:23:40.000 --> 02:23:42.000]  主啊!我們今天再聽的時候
[02:23:42.000 --> 02:23:44.000]  願我們的心
[02:23:44.000 --> 02:23:46.000]  不是好像他們那樣
[02:23:46.000 --> 02:23:48.000]  願我們的心都願意接受
[02:23:48.000 --> 02:23:50.000]  不再和你駁嘴
[02:23:50.000 --> 02:23:52.000]  我們知道你的說話
[02:23:52.000 --> 02:23:54.000]  都是有意思
[02:23:54.000 --> 02:23:56.000]  你的說話都是大主應許
[02:23:56.000 --> 02:23:58.000]  求主打開我們的心
[02:23:58.000 --> 02:24:00.000]  接受你自己
[02:24:00.000 --> 02:24:02.000]  對我們所說的
[02:24:02.000 --> 02:24:04.000]  奉耶穌的名祈禱
[02:24:04.000 --> 02:24:06.000]  阿們
[02:24:06.000 --> 02:24:10.000]  這段聖經
[02:24:10.000 --> 02:24:12.000]  雖然很短
[02:24:12.000 --> 02:24:14.000]  但剛才大家讀的時候
[02:24:14.000 --> 02:24:16.000]  會重複出現一個字
[02:24:16.000 --> 02:24:18.000]  一個字眼
[02:24:18.000 --> 02:24:20.000]  就是鬼詐
[02:24:20.000 --> 02:24:22.000]  待你的弟兄
[02:24:22.000 --> 02:24:24.000]  鬼詐待你的妻子
[02:24:24.000 --> 02:24:26.000]  中文譯為鬼詐
[02:24:26.000 --> 02:24:28.000]  有少許可圈可點
[02:24:28.000 --> 02:24:30.000]  沒有錯
[02:24:30.000 --> 02:24:32.000]  不過並沒有完全表達
[02:24:32.000 --> 02:24:34.000]  那個意思
[02:24:34.000 --> 02:24:38.000]  雖然是短短的幾節聖經
[02:24:38.000 --> 02:24:40.000]  這個字出現了
[02:24:40.000 --> 02:24:42.000]  重複出現了五次
[02:24:42.000 --> 02:24:44.000]  可以見到整段
[02:24:44.000 --> 02:24:46.000]  裡面這個很核心的觀念
[02:24:46.000 --> 02:24:50.000]  原來這個希伯來文
[02:24:50.000 --> 02:24:52.000]  是Bagat這個字
[02:24:52.000 --> 02:24:54.000]  怎麼譯呢
[02:24:54.000 --> 02:24:56.000]  可以譯為鬼詐
[02:24:56.000 --> 02:24:58.000]  不過不是最準確的譯法
[02:24:58.000 --> 02:25:02.000]  Bagat這個字
[02:25:02.000 --> 02:25:04.000]  當時是中東的人
[02:25:04.000 --> 02:25:06.000]  中東的人
[02:25:06.000 --> 02:25:08.000]  用那件衣服
[02:25:08.000 --> 02:25:10.000]  包著自己
[02:25:10.000 --> 02:25:12.000]  這樣的動作
[02:25:12.000 --> 02:25:14.000]  所產生出來的字眼
[02:25:14.000 --> 02:25:16.000]  大家可能稍微
[02:25:16.000 --> 02:25:18.000]  即使沒有去過
[02:25:18.000 --> 02:25:20.000]  也看過一些影片
[02:25:20.000 --> 02:25:22.000]  中東人
[02:25:22.000 --> 02:25:24.000]  很喜歡包著
[02:25:24.000 --> 02:25:26.000]  太陽的緣故
[02:25:26.000 --> 02:25:28.000]  產生了一種神秘的民族感
[02:25:28.000 --> 02:25:30.000]  包著頭
[02:25:30.000 --> 02:25:32.000]  包著臉
[02:25:32.000 --> 02:25:34.000]  封衣服
[02:25:34.000 --> 02:25:36.000]  全身都包著
[02:25:36.000 --> 02:25:38.000]  究竟是什麼意思呢
[02:25:38.000 --> 02:25:40.000]  包著是必須要
[02:25:40.000 --> 02:25:42.000]  但慢慢形成了一種感覺
[02:25:42.000 --> 02:25:44.000]  內裡乾坤
[02:25:44.000 --> 02:25:46.000]  不知道包著什麼
[02:25:46.000 --> 02:25:48.000]  裡面不知道有什麼
[02:25:48.000 --> 02:25:50.000]  可能當時沒有槍
[02:25:50.000 --> 02:25:52.000]  可能有刀
[02:25:52.000 --> 02:25:54.000]  有一刀
[02:25:54.000 --> 02:25:56.000]  即是說
[02:25:56.000 --> 02:25:58.000]  遮掩
[02:25:58.000 --> 02:26:00.000]  隱藏了一些東西
[02:26:00.000 --> 02:26:02.000]  令你有一種威脅感
[02:26:02.000 --> 02:26:04.000]  這個就是Bagat這個字
[02:26:04.000 --> 02:26:06.000]  所以這個不是一個好的字眼
[02:26:06.000 --> 02:26:08.000]  中文聖經
[02:26:08.000 --> 02:26:10.000]  將它譯為鬼詐
[02:26:10.000 --> 02:26:12.000]  也有這個意思,不是很真誠
[02:26:12.000 --> 02:26:14.000]  鬼詐就比較窄
[02:26:14.000 --> 02:26:16.000]  是騙你的意思
[02:26:16.000 --> 02:26:18.000]  他沒有騙你
[02:26:18.000 --> 02:26:20.000]  不過不讓你看到他所有的東西
[02:26:20.000 --> 02:26:22.000]  又或者他說的話半真半假
[02:26:22.000 --> 02:26:24.000]  似真似假
[02:26:24.000 --> 02:26:26.000]  那種關係上
[02:26:26.000 --> 02:26:28.000]  我們說
[02:26:28.000 --> 02:26:30.000]  這個也叫做Bagat
[02:26:30.000 --> 02:26:32.000]  所以我將它
[02:26:32.000 --> 02:26:34.000]  稍微譯為
[02:26:34.000 --> 02:26:36.000]  遮掩不中
[02:26:36.000 --> 02:26:38.000]  你看的時候就會明白一點
[02:26:38.000 --> 02:26:40.000]  很多時候我們說
[02:26:40.000 --> 02:26:42.000]  不一定說這些人
[02:26:42.000 --> 02:26:44.000]  對他的妻子
[02:26:44.000 --> 02:26:46.000]  年輕的時候所娶的妻子
[02:26:46.000 --> 02:26:48.000]  鬼詐,鬼什麼詐
[02:26:48.000 --> 02:26:50.000]  是不中
[02:26:50.000 --> 02:26:52.000]  因為他娶了其他的女子
[02:26:52.000 --> 02:26:54.000]  為妻
[02:26:54.000 --> 02:26:56.000]  我們就會明白這件事
[02:26:56.000 --> 02:26:58.000]  讀下去的時候
[02:26:58.000 --> 02:27:00.000]  雖然短短的七節
[02:27:00.000 --> 02:27:02.000]  這裡說了三件事
[02:27:02.000 --> 02:27:04.000]  其實是兩方面
[02:27:04.000 --> 02:27:06.000]  但有三件事
[02:27:06.000 --> 02:27:08.000]  第一是第十節
[02:27:08.000 --> 02:27:10.000]  講到在弟兄之間
[02:27:10.000 --> 02:27:12.000]  今天我們當然加上姊妹
[02:27:12.000 --> 02:27:14.000]  弟兄姊妹之間
[02:27:14.000 --> 02:27:16.000]  互相之間
[02:27:16.000 --> 02:27:18.000]  有沒有忠誠
[02:27:18.000 --> 02:27:20.000]  有沒有不忠
[02:27:20.000 --> 02:27:22.000]  和遮掩
[02:27:22.000 --> 02:27:24.000]  這是第一方面
[02:27:24.000 --> 02:27:26.000]  然後第十一節
[02:27:26.000 --> 02:27:28.000]  和十二節
[02:27:28.000 --> 02:27:30.000]  兩節很清楚
[02:27:30.000 --> 02:27:32.000]  第十一節猶太人行了一件不忠的事
[02:27:32.000 --> 02:27:34.000]  就是什麼呢?
[02:27:34.000 --> 02:27:36.000]  他娶了那些
[02:27:36.000 --> 02:27:38.000]  侍奉外邦神的女子
[02:27:38.000 --> 02:27:40.000]  為妻
[02:27:40.000 --> 02:27:42.000]  然後
[02:27:42.000 --> 02:27:44.000]  第十三節
[02:27:44.000 --> 02:27:46.000]  你們又行了一件這樣的事
[02:27:46.000 --> 02:27:48.000]  就是他們
[02:27:48.000 --> 02:27:50.000]  原來他們已經娶了
[02:27:50.000 --> 02:27:52.000]  猶太人的妻子
[02:27:52.000 --> 02:27:54.000]  現在他們再娶一個
[02:27:54.000 --> 02:27:56.000]  外邦人的妻子
[02:27:56.000 --> 02:27:58.000]  就是說他們雙重的錯
[02:27:58.000 --> 02:28:00.000]  第一他們娶了
[02:28:00.000 --> 02:28:02.000]  或者我們嫁了
[02:28:02.000 --> 02:28:04.000]  現代化一點
[02:28:04.000 --> 02:28:06.000]  不是單方面的
[02:28:06.000 --> 02:28:08.000]  他們是娶了
[02:28:08.000 --> 02:28:10.000]  嫁了一些
[02:28:10.000 --> 02:28:12.000]  侍奉外邦的
[02:28:12.000 --> 02:28:14.000]  不相信耶和華真神的人
[02:28:14.000 --> 02:28:16.000]  為妻
[02:28:16.000 --> 02:28:18.000]  然後
[02:28:18.000 --> 02:28:20.000]  他還撇棄了他本來
[02:28:20.000 --> 02:28:22.000]  那個幼年
[02:28:22.000 --> 02:28:24.000]  或者年輕的時候所娶的妻子
[02:28:24.000 --> 02:28:26.000]  猶太人二十多歲就一定要結婚
[02:28:26.000 --> 02:28:28.000]  所以他當時
[02:28:28.000 --> 02:28:30.000]  結了婚的肯定
[02:28:30.000 --> 02:28:32.000]  都是和猶太人結婚
[02:28:32.000 --> 02:28:34.000]  不過後來就心思思
[02:28:34.000 --> 02:28:36.000]  過了一段日子的時候
[02:28:36.000 --> 02:28:38.000]  這個外邦女子又
[02:28:38.000 --> 02:28:40.000]  跟他結婚
[02:28:40.000 --> 02:28:42.000]  這樣都很現代
[02:28:42.000 --> 02:28:44.000]  在香港
[02:28:44.000 --> 02:28:46.000]  很熟悉
[02:28:46.000 --> 02:28:48.000]  這個時候
[02:28:48.000 --> 02:28:50.000]  神就將他分為兩方面的錯
[02:28:50.000 --> 02:28:52.000]  其實是同一件事
[02:28:52.000 --> 02:28:54.000]  婚姻上不忠
[02:28:54.000 --> 02:28:56.000]  不過兩方面的錯
[02:28:56.000 --> 02:28:58.000]  第一在信仰上
[02:28:58.000 --> 02:29:00.000]  他娶了一個不信的妻子
[02:29:00.000 --> 02:29:02.000]  背棄了
[02:29:02.000 --> 02:29:04.000]  神和他所立的約
[02:29:04.000 --> 02:29:06.000]  他因為再娶
[02:29:06.000 --> 02:29:08.000]  以致和他本來
[02:29:08.000 --> 02:29:10.000]  那個結發的妻子
[02:29:10.000 --> 02:29:12.000]  產生了一個
[02:29:12.000 --> 02:29:14.000]  婚姻上關係上的不忠
[02:29:14.000 --> 02:29:16.000]  大家看到嗎?
[02:29:16.000 --> 02:29:18.000]  兩樣一個是信仰上的不忠
[02:29:18.000 --> 02:29:20.000]  一個是婚姻關係上
[02:29:20.000 --> 02:29:22.000]  的不忠
[02:29:22.000 --> 02:29:24.000]  同樣都是在婚姻上
[02:29:24.000 --> 02:29:26.000]  所發生出來的事
[02:29:26.000 --> 02:29:28.000]  很清楚了
[02:29:28.000 --> 02:29:30.000]  三段的
[02:29:30.000 --> 02:29:32.000]  只要大部份那段
[02:29:32.000 --> 02:29:34.000]  一直到第十六節
[02:29:34.000 --> 02:29:36.000]  就講婚姻的關係
[02:29:36.000 --> 02:29:38.000]  第十節就講
[02:29:38.000 --> 02:29:42.000]  在教會裏弟兄姊妹之間的關係
[02:29:42.000 --> 02:29:44.000]  我時常都覺得
[02:29:44.000 --> 02:29:46.000]  我講這幾篇道路很辛苦
[02:29:46.000 --> 02:29:50.000]  坦白講
[02:29:50.000 --> 02:29:52.000]  這兩次上來要整一下台
[02:29:52.000 --> 02:29:54.000]  其實我很腳軟
[02:29:54.000 --> 02:29:56.000]  真的腳軟
[02:29:56.000 --> 02:29:58.000]  認識我弟兄姊妹知道我不是這樣的人
[02:29:58.000 --> 02:30:00.000]  這麼兇的去罵人
[02:30:00.000 --> 02:30:02.000]  我心裏面都很難受
[02:30:02.000 --> 02:30:04.000]  而且北宣的弟兄姊妹
[02:30:04.000 --> 02:30:06.000]  我們自己北宣家的弟兄姊妹
[02:30:06.000 --> 02:30:08.000]  是很好的弟兄姊妹
[02:30:08.000 --> 02:30:10.000]  最應該罵的又沒有來
[02:30:10.000 --> 02:30:12.000]  可能是另外一間教會
[02:30:12.000 --> 02:30:16.000]  你不要猜是哪些人
[02:30:16.000 --> 02:30:18.000]  但是問題是
[02:30:18.000 --> 02:30:20.000]  我只能忠於聖經裏面
[02:30:20.000 --> 02:30:22.000]  聖經是這樣說我就這樣說
[02:30:22.000 --> 02:30:24.000]  今天有機會和弟兄
[02:30:24.000 --> 02:30:26.000]  聊天
[02:30:26.000 --> 02:30:28.000]  很嚴厲
[02:30:28.000 --> 02:30:30.000]  頂不住
[02:30:30.000 --> 02:30:32.000]  會很自卑
[02:30:32.000 --> 02:30:34.000]  我心裏面都很難過
[02:30:34.000 --> 02:30:36.000]  但是我拜手一點
[02:30:36.000 --> 02:30:38.000]  聖經沒有講安慰的說話
[02:30:38.000 --> 02:30:40.000]  到第三章第四章才講
[02:30:40.000 --> 02:30:42.000]  希望他繼續聽下去
[02:30:42.000 --> 02:30:44.000]  神的說話這麼嚴厲
[02:30:44.000 --> 02:30:46.000]  我們只能這樣說
[02:30:46.000 --> 02:30:48.000]  今天下今晚又是慘的
[02:30:48.000 --> 02:30:50.000]  今晚講結婚的問題
[02:30:50.000 --> 02:30:52.000]  又很敏感
[02:30:52.000 --> 02:30:54.000]  是不是很敏感
[02:30:54.000 --> 02:30:56.000]  不是說我們北宣家裏面
[02:30:56.000 --> 02:30:58.000]  有人包二奶
[02:30:58.000 --> 02:31:00.000]  有都不奇怪
[02:31:00.000 --> 02:31:02.000]  老實說有都不奇怪
[02:31:02.000 --> 02:31:04.000]  我和我太太做了這麼久
[02:31:04.000 --> 02:31:06.000]  在教會裏面這麼多婚姻的輔導
[02:31:06.000 --> 02:31:08.000]  見盡了那些的故事全部
[02:31:08.000 --> 02:31:10.000]  真的好看過片集
[02:31:10.000 --> 02:31:12.000]  如果我們講離奇曲折
[02:31:12.000 --> 02:31:14.000]  什麼都有
[02:31:14.000 --> 02:31:16.000]  你想都想不到
[02:31:16.000 --> 02:31:18.000]  我張開眼睛
[02:31:18.000 --> 02:31:20.000]  沒有辦法相信
[02:31:20.000 --> 02:31:22.000]  如果不是當事人親自講出來
[02:31:22.000 --> 02:31:24.000]  一樣有在教會裏面
[02:31:24.000 --> 02:31:26.000]  我雖然不一定講正名
[02:31:26.000 --> 02:31:28.000]  但是那些故事真的
[02:31:28.000 --> 02:31:30.000]  有時我們兩個聽完之後
[02:31:30.000 --> 02:31:32.000]  都睡不著覺
[02:31:32.000 --> 02:31:34.000]  這樣都可以
[02:31:34.000 --> 02:31:36.000]  這樣都有
[02:31:36.000 --> 02:31:38.000]  教會裏面一樣有
[02:31:38.000 --> 02:31:40.000]  但有些更加敏感的
[02:31:40.000 --> 02:31:42.000]  就是我們和信與不信的問題
[02:31:42.000 --> 02:31:44.000]  和那些不信的結婚
[02:31:44.000 --> 02:31:46.000]  神給不給呢
[02:31:46.000 --> 02:31:48.000]  我知道這些說話
[02:31:48.000 --> 02:31:50.000]  如果問我心底裏
[02:31:50.000 --> 02:31:52.000]  我自己那句
[02:31:52.000 --> 02:31:54.000]  我想放鬆一點
[02:31:54.000 --> 02:31:56.000]  但是聖經是這樣講
[02:31:56.000 --> 02:31:58.000]  今晚我就按照聖經一定要這樣講
[02:31:58.000 --> 02:32:00.000]  這是神的標準
[02:32:00.000 --> 02:32:02.000]  我希望你明白
[02:32:02.000 --> 02:32:04.000]  希望你了解
[02:32:04.000 --> 02:32:06.000]  聽神的話不是聽秘密的
[02:32:06.000 --> 02:32:08.000]  好嗎
[02:32:08.000 --> 02:32:10.000]  我們先思想第十節
[02:32:10.000 --> 02:32:12.000]  短短的一節
[02:32:12.000 --> 02:32:14.000]  講到關於在教會
[02:32:14.000 --> 02:32:16.000]  在猶太人當中
[02:32:16.000 --> 02:32:18.000]  就是我們今天的基督徒群體裏面
[02:32:18.000 --> 02:32:20.000]  新以色列的教會
[02:32:20.000 --> 02:32:22.000]  我們新以色列人
[02:32:22.000 --> 02:32:24.000]  我們教會當中的關係
[02:32:24.000 --> 02:32:26.000]  第十節說
[02:32:26.000 --> 02:32:28.000]  我們豈不是都是同一位父
[02:32:28.000 --> 02:32:30.000]  豈不是都是同一位神所做的嗎
[02:32:30.000 --> 02:32:32.000]  我們各人怎樣可以
[02:32:32.000 --> 02:32:34.000]  以不忠掩飾來對待弟兄呢
[02:32:34.000 --> 02:32:36.000]  背棄了神和我們列祖
[02:32:36.000 --> 02:32:38.000]  所立的約
[02:32:38.000 --> 02:32:40.000]  我想花一點時間
[02:32:40.000 --> 02:32:42.000]  來思想一下我們
[02:32:42.000 --> 02:32:44.000]  教會弟兄姊妹之間
[02:32:44.000 --> 02:32:46.000]  那個信任
[02:32:46.000 --> 02:32:48.000]  和不信任的問題
[02:32:48.000 --> 02:32:50.000]  那裏寫了
[02:32:50.000 --> 02:32:52.000]  信任的教會
[02:32:52.000 --> 02:32:54.000]  和失去了
[02:32:54.000 --> 02:32:56.000]  相互信任的教會
[02:32:56.000 --> 02:32:58.000]  我心裏面有很深的感受
[02:32:58.000 --> 02:33:00.000]  我今晚想和大家分享
[02:33:00.000 --> 02:33:04.000]  我都算在教會
[02:33:04.000 --> 02:33:06.000]  侍奉了有二十多年
[02:33:06.000 --> 02:33:08.000]  接近三十年
[02:33:08.000 --> 02:33:10.000]  我真的見了很多的教會
[02:33:10.000 --> 02:33:12.000]  有很好的教會
[02:33:12.000 --> 02:33:14.000]  有很差的教會
[02:33:14.000 --> 02:33:16.000]  有香港的教會
[02:33:16.000 --> 02:33:18.000]  我想說一個
[02:33:18.000 --> 02:33:20.000]  我心底裏面一直這麼多年
[02:33:20.000 --> 02:33:22.000]  我所觀察得到
[02:33:22.000 --> 02:33:24.000]  很重要的一個真相
[02:33:24.000 --> 02:33:26.000]  一個教會
[02:33:26.000 --> 02:33:28.000]  可以是天堂
[02:33:28.000 --> 02:33:30.000]  也可以是地獄
[02:33:30.000 --> 02:33:34.000]  其中一個
[02:33:34.000 --> 02:33:36.000]  很重要的關鍵
[02:33:36.000 --> 02:33:38.000]  的分別
[02:33:38.000 --> 02:33:40.000]  就是在教會裏面
[02:33:40.000 --> 02:33:42.000]  弟兄姊妹之間
[02:33:42.000 --> 02:33:44.000]  弟兄姊妹和牧師之間
[02:33:44.000 --> 02:33:46.000]  牧者和長執之間
[02:33:46.000 --> 02:33:48.000]  長執和弟兄姊妹之間
[02:33:48.000 --> 02:33:50.000]  有沒有一份
[02:33:50.000 --> 02:33:52.000]  信任
[02:33:52.000 --> 02:33:54.000]  如果你去過不同的教會
[02:33:54.000 --> 02:33:56.000]  不只是一開始
[02:33:56.000 --> 02:33:58.000]  來北宣
[02:33:58.000 --> 02:34:00.000]  你就會發覺
[02:34:00.000 --> 02:34:02.000]  我說這些說話是真的
[02:34:02.000 --> 02:34:04.000]  一個教會如果
[02:34:04.000 --> 02:34:06.000]  弟兄姊妹之間裏面沒有了一種
[02:34:06.000 --> 02:34:08.000]  信任的氣氛
[02:34:08.000 --> 02:34:10.000]  是一個地獄
[02:34:10.000 --> 02:34:12.000]  很慘
[02:34:12.000 --> 02:34:14.000]  教會如果有信任
[02:34:14.000 --> 02:34:16.000]  同一件事是完全
[02:34:16.000 --> 02:34:18.000]  不同的
[02:34:18.000 --> 02:34:20.000]  教會如果在弟兄姊妹之間
[02:34:20.000 --> 02:34:22.000]  和牧者之間有信任
[02:34:22.000 --> 02:34:24.000]  可以大事化小
[02:34:24.000 --> 02:34:26.000]  小事就沒機會了
[02:34:26.000 --> 02:34:28.000]  偶爾有弟兄
[02:34:28.000 --> 02:34:30.000]  說了幾句很爆火的說話
[02:34:30.000 --> 02:34:32.000]  甚至有人身攻擊
[02:34:32.000 --> 02:34:34.000]  一個有信任的教會
[02:34:34.000 --> 02:34:36.000]  一個有信任氣氛的教會
[02:34:36.000 --> 02:34:38.000]  突然說是這樣的
[02:34:38.000 --> 02:34:40.000]  不要緊
[02:34:40.000 --> 02:34:42.000]  明天就沒事了
[02:34:42.000 --> 02:34:44.000]  明天弟兄姊妹會走出來
[02:34:44.000 --> 02:34:46.000]  不好意思
[02:34:46.000 --> 02:34:48.000]  這麼生氣說這樣的話
[02:34:48.000 --> 02:34:50.000]  不要緊
[02:34:50.000 --> 02:34:52.000]  大家互相擁抱
[02:34:52.000 --> 02:34:54.000]  大家一起祈禱
[02:34:54.000 --> 02:34:56.000]  完全沒事
[02:34:56.000 --> 02:34:58.000]  我見過這樣的教會
[02:34:58.000 --> 02:35:00.000]  教會哪裏沒有問題
[02:35:00.000 --> 02:35:02.000]  這個世界上哪裏沒有問題
[02:35:02.000 --> 02:35:04.000]  教會裏面從來沒有意見衝突
[02:35:04.000 --> 02:35:06.000]  我經常說
[02:35:06.000 --> 02:35:08.000]  一個這樣的教會
[02:35:08.000 --> 02:35:10.000]  一就是地獄
[02:35:10.000 --> 02:35:12.000]  多數都是地獄
[02:35:12.000 --> 02:35:14.000]  教會如果沒有問題的話
[02:35:14.000 --> 02:35:16.000]  沒有不同意見的話
[02:35:16.000 --> 02:35:18.000]  教會肯定有不同意見
[02:35:18.000 --> 02:35:20.000]  不過如果有互相信任氣氛的教會
[02:35:20.000 --> 02:35:22.000]  弟兄姊妹在不同意見裏
[02:35:22.000 --> 02:35:24.000]  一樣可以
[02:35:24.000 --> 02:35:26.000]  互相成為
[02:35:26.000 --> 02:35:28.000]  好的肢體
[02:35:28.000 --> 02:35:30.000]  相反如果教會失去了
[02:35:30.000 --> 02:35:32.000]  信任
[02:35:32.000 --> 02:35:34.000]  沒了信任
[02:35:34.000 --> 02:35:36.000]  大家看我看
[02:35:36.000 --> 02:35:38.000]  陰謀論
[02:35:38.000 --> 02:35:40.000]  今日我們香港人民
[02:35:40.000 --> 02:35:42.000]  市民對政府高官
[02:35:42.000 --> 02:35:44.000]  那種態度
[02:35:44.000 --> 02:35:46.000]  傳媒對政府的態度
[02:35:46.000 --> 02:35:48.000]  沒了信任
[02:35:48.000 --> 02:35:50.000]  無論做什麼都好
[02:35:50.000 --> 02:35:52.000]  都被人猜
[02:35:52.000 --> 02:35:54.000]  在地獄當中
[02:35:54.000 --> 02:35:56.000]  我都試過在教會裏面做牧師
[02:35:56.000 --> 02:35:58.000]  很慘
[02:35:58.000 --> 02:36:00.000]  我因為要講到天地良心神之道
[02:36:00.000 --> 02:36:02.000]  我從來沒有講過一天道
[02:36:02.000 --> 02:36:04.000]  我這麼大的兒子
[02:36:04.000 --> 02:36:06.000]  不會的
[02:36:06.000 --> 02:36:08.000]  我就是聖經這樣說
[02:36:08.000 --> 02:36:10.000]  我從來沒有說今天要炮製一篇文章
[02:36:10.000 --> 02:36:12.000]  我從來沒有
[02:36:12.000 --> 02:36:14.000]  我真的沒有在神面前
[02:36:14.000 --> 02:36:16.000]  我很大膽的說
[02:36:16.000 --> 02:36:18.000]  我就是按照聖經說
[02:36:18.000 --> 02:36:20.000]  但是當一間教會對牧師沒有信任的時候
[02:36:20.000 --> 02:36:22.000]  就慘了
[02:36:22.000 --> 02:36:24.000]  當我一眼望下去的時候
[02:36:24.000 --> 02:36:26.000]  我知道那幾個在檢查我
[02:36:26.000 --> 02:36:28.000]  我本來是按照聖經的說
[02:36:28.000 --> 02:36:30.000]  但是我講到一句的時候
[02:36:30.000 --> 02:36:32.000]  心裏馬上打個燈
[02:36:32.000 --> 02:36:34.000]  不是我這樣說他
[02:36:34.000 --> 02:36:36.000]  剛好是講正他
[02:36:36.000 --> 02:36:38.000]  聖經裏面那一句
[02:36:38.000 --> 02:36:40.000]  本來不是講他都講正他
[02:36:40.000 --> 02:36:42.000]  於是我就講到一句都講不下去
[02:36:42.000 --> 02:36:44.000]  你知道很慘嗎
[02:36:44.000 --> 02:36:46.000]  那一聲就吞下肚
[02:36:46.000 --> 02:36:48.000]  很慘在今天教會裏面
[02:36:48.000 --> 02:36:50.000]  你做什麼都好都被人猜
[02:36:50.000 --> 02:36:52.000]  一間教會這樣之後
[02:36:52.000 --> 02:36:54.000]  到最後是結束
[02:36:54.000 --> 02:36:56.000]  一間教會
[02:36:56.000 --> 02:36:58.000]  我見過很多教會就是這樣
[02:36:58.000 --> 02:37:00.000]  所以在起始點是很重要
[02:37:00.000 --> 02:37:02.000]  一失去了信任
[02:37:02.000 --> 02:37:04.000]  可能一件事可能兩件事
[02:37:04.000 --> 02:37:06.000]  大家再不相信對方的時候
[02:37:06.000 --> 02:37:08.000]  那你就慘了
[02:37:08.000 --> 02:37:10.000]  怎麼做都不行
[02:37:10.000 --> 02:37:12.000]  我試過拖著兩個女孩
[02:37:12.000 --> 02:37:14.000]  你知道我小女兒弱智
[02:37:14.000 --> 02:37:16.000]  一放手就打人
[02:37:16.000 --> 02:37:18.000]  拖著兩個女孩
[02:37:18.000 --> 02:37:20.000]  走去一個教會要教主一學
[02:37:20.000 --> 02:37:22.000]  匆匆忙忙已經趕到不得了
[02:37:22.000 --> 02:37:24.000]  走過衝到去
[02:37:24.000 --> 02:37:26.000]  明明見到那個弟兄
[02:37:26.000 --> 02:37:28.000]  但是我沒有時間和他打招呼
[02:37:28.000 --> 02:37:30.000]  一放手就打人
[02:37:30.000 --> 02:37:32.000]  好了,接著那個禮拜就聽到
[02:37:32.000 --> 02:37:34.000]  那些謠言回頭
[02:37:34.000 --> 02:37:36.000]  溫偉堯不理我
[02:37:36.000 --> 02:37:38.000]  你現在很厲害
[02:37:38.000 --> 02:37:40.000]  讀了博士,讀完兩個博士
[02:37:40.000 --> 02:37:42.000]  不用理我
[02:37:42.000 --> 02:37:44.000]  見到我都不打招呼
[02:37:44.000 --> 02:37:46.000]  天地良心,我拿著一個女孩
[02:37:46.000 --> 02:37:48.000]  一放手就打人
[02:37:48.000 --> 02:37:50.000]  很慘,你明不明
[02:37:50.000 --> 02:37:52.000]  就是這樣冤枉他
[02:37:52.000 --> 02:37:54.000]  他猜你不理他
[02:37:54.000 --> 02:37:56.000]  好了,下個禮拜
[02:37:56.000 --> 02:37:58.000]  打死也好,多大都要找人
[02:37:58.000 --> 02:38:00.000]  看著女兒走到弟兄面前
[02:38:00.000 --> 02:38:02.000]  早晨
[02:38:02.000 --> 02:38:04.000]  這麼好
[02:38:04.000 --> 02:38:06.000]  和人打招呼
[02:38:06.000 --> 02:38:08.000]  今天下午議事會
[02:38:08.000 --> 02:38:10.000]  你知道
[02:38:10.000 --> 02:38:12.000]  你想我通過你這個議案
[02:38:12.000 --> 02:38:14.000]  你想怎樣
[02:38:14.000 --> 02:38:16.000]  你做什麼
[02:38:16.000 --> 02:38:18.000]  你都死,你明不明
[02:38:18.000 --> 02:38:20.000]  一個團體一樣,一個教會一樣
[02:38:20.000 --> 02:38:24.000]  我很感謝神
[02:38:24.000 --> 02:38:26.000]  北宣家
[02:38:26.000 --> 02:38:28.000]  是一個很有信任的教會
[02:38:28.000 --> 02:38:30.000]  直到現在為止
[02:38:30.000 --> 02:38:32.000]  我一路祈禱
[02:38:32.000 --> 02:38:34.000]  求神,我希望弟兄姊妹都祈禱
[02:38:34.000 --> 02:38:36.000]  求神永遠保持
[02:38:36.000 --> 02:38:38.000]  北宣家這種有互相信任的團體
[02:38:38.000 --> 02:38:40.000]  對牧者有信任
[02:38:40.000 --> 02:38:42.000]  牧者不是
[02:38:42.000 --> 02:38:44.000]  個個姓人
[02:38:44.000 --> 02:38:46.000]  執事不是個個
[02:38:46.000 --> 02:38:48.000]  都好像你的性格一樣
[02:38:48.000 --> 02:38:50.000]  不過我們要信任
[02:38:50.000 --> 02:38:52.000]  當我們信任一失去的時候
[02:38:52.000 --> 02:38:54.000]  我們就不能
[02:38:54.000 --> 02:38:56.000]  回頭
[02:38:56.000 --> 02:38:58.000]  是一條不歸路
[02:38:58.000 --> 02:39:00.000]  越爛越重要
[02:39:00.000 --> 02:39:02.000]  我看到很多教會就是這樣
[02:39:02.000 --> 02:39:04.000]  走到一個絕路
[02:39:04.000 --> 02:39:06.000]  北宣家是很好的傳統
[02:39:06.000 --> 02:39:08.000]  由藤木師開始
[02:39:08.000 --> 02:39:10.000]  一直到現在,丙姐妹和牧者之間有信任
[02:39:10.000 --> 02:39:12.000]  牧者和牧者之間有信任
[02:39:12.000 --> 02:39:14.000]  牧者和長輩之間有信任
[02:39:14.000 --> 02:39:16.000]  丙姐妹
[02:39:16.000 --> 02:39:18.000]  我真的要求主保持你們為這件事祈禱
[02:39:18.000 --> 02:39:20.000]  我一直為這件事祈禱
[02:39:20.000 --> 02:39:22.000]  如果要下手打敗
[02:39:22.000 --> 02:39:24.000]  這間幾千人的教會
[02:39:24.000 --> 02:39:26.000]  弄一點點不信任的教會
[02:39:26.000 --> 02:39:28.000]  就如聖經所說
[02:39:28.000 --> 02:39:30.000]  那些罰品就一直爛下去
[02:39:30.000 --> 02:39:32.000]  不要讓它爛下去
[02:39:32.000 --> 02:39:34.000]  我真的看到很多弟兄姊妹
[02:39:34.000 --> 02:39:36.000]  這麼多年我都聽到很多人說
[02:39:36.000 --> 02:39:38.000]  為什麼教會是這樣的
[02:39:38.000 --> 02:39:40.000]  我聽到很多人說
[02:39:40.000 --> 02:39:42.000]  教會有時候
[02:39:42.000 --> 02:39:44.000]  比我不信耶穌
[02:39:44.000 --> 02:39:46.000]  做事的公司還要差
[02:39:46.000 --> 02:39:48.000]  今天我就說一些坦白的說話
[02:39:48.000 --> 02:39:50.000]  晚上就想說一些心底話
[02:39:50.000 --> 02:39:52.000]  日間就沒有那麼多
[02:39:52.000 --> 02:39:54.000]  說回自己的說話
[02:39:54.000 --> 02:39:56.000]  我不知道你們有沒有想過
[02:39:56.000 --> 02:39:58.000]  我們曾經都想過
[02:39:58.000 --> 02:40:00.000]  教會這麼多問題
[02:40:00.000 --> 02:40:02.000]  當天我信耶穌就想不到教會這麼多問題
[02:40:02.000 --> 02:40:04.000]  這麼多是非
[02:40:04.000 --> 02:40:06.000]  這麼多人這麼多問題
[02:40:06.000 --> 02:40:08.000]  比我公司還要差
[02:40:08.000 --> 02:40:10.000]  我公司的人都沒有這麼差
[02:40:10.000 --> 02:40:12.000]  為什麼會這樣
[02:40:12.000 --> 02:40:14.000]  我今天解釋給你聽
[02:40:14.000 --> 02:40:16.000]  你算是社會學也好
[02:40:16.000 --> 02:40:18.000]  心理學也好
[02:40:18.000 --> 02:40:20.000]  總之這是我的經驗
[02:40:20.000 --> 02:40:22.000]  主要有兩個原因
[02:40:22.000 --> 02:40:24.000]  有兩個原因
[02:40:24.000 --> 02:40:26.000]  為什麼教會有時候比你感覺還差
[02:40:26.000 --> 02:40:30.000]  第一個原因
[02:40:30.000 --> 02:40:32.000]  是因為
[02:40:32.000 --> 02:40:34.000]  教會是一個很特別的群體
[02:40:34.000 --> 02:40:38.000]  世界上沒有什麼群體
[02:40:38.000 --> 02:40:40.000]  像教會這麼特別
[02:40:40.000 --> 02:40:42.000]  什麼意思呢
[02:40:42.000 --> 02:40:44.000]  就是任何一群人走在一起
[02:40:44.000 --> 02:40:46.000]  他們都有一個很共同的目標
[02:40:46.000 --> 02:40:50.000]  所以他們走過來的時候
[02:40:50.000 --> 02:40:52.000]  他們走過來的時候
[02:40:52.000 --> 02:40:54.000]  他們的背景是相同的
[02:40:54.000 --> 02:40:56.000]  公會大家一起去爭取福利
[02:40:56.000 --> 02:41:00.000]  就算是健康俱樂部
[02:41:00.000 --> 02:41:02.000]  大家一起做Aerobic
[02:41:02.000 --> 02:41:04.000]  大家都有一個共同的興趣
[02:41:04.000 --> 02:41:06.000]  的目標
[02:41:06.000 --> 02:41:08.000]  對不對
[02:41:08.000 --> 02:41:10.000]  沒有興趣的就不會去
[02:41:10.000 --> 02:41:12.000]  而且這些所謂的
[02:41:12.000 --> 02:41:14.000]  公會也好
[02:41:14.000 --> 02:41:16.000]  社團也好
[02:41:16.000 --> 02:41:18.000]  中親會也好
[02:41:18.000 --> 02:41:20.000]  這些群體
[02:41:20.000 --> 02:41:22.000]  他們走在一起
[02:41:22.000 --> 02:41:24.000]  第一他們不用這麼近
[02:41:24.000 --> 02:41:26.000]  第二他們的興趣
[02:41:26.000 --> 02:41:28.000]  比較接近
[02:41:28.000 --> 02:41:30.000]  但教會就不是
[02:41:30.000 --> 02:41:32.000]  教會就來自五湖四海
[02:41:32.000 --> 02:41:34.000]  三山五嶽
[02:41:34.000 --> 02:41:36.000]  什麼人都有
[02:41:36.000 --> 02:41:38.000]  而且全部都是罪人
[02:41:40.000 --> 02:41:42.000]  有不同年紀
[02:41:42.000 --> 02:41:44.000]  有不同背景有不同的教育
[02:41:44.000 --> 02:41:46.000]  有男的有女的
[02:41:46.000 --> 02:41:48.000]  有些是外國回來的
[02:41:48.000 --> 02:41:50.000]  有些是英國回來的
[02:41:50.000 --> 02:41:52.000]  有些是加拿大回來的
[02:41:52.000 --> 02:41:54.000]  有些是美國回來的
[02:41:54.000 --> 02:41:56.000]  有些是台灣來的
[02:41:56.000 --> 02:41:58.000]  有些是中國大陸來的
[02:41:58.000 --> 02:42:00.000]  有些是菲律賓來的
[02:42:00.000 --> 02:42:02.000]  什麼人都有
[02:42:02.000 --> 02:42:04.000]  什麼背景都有
[02:42:04.000 --> 02:42:06.000]  其實在社會學的角度來說
[02:42:06.000 --> 02:42:08.000]  這麼複雜的背景走在一起
[02:42:08.000 --> 02:42:10.000]  你明不明白
[02:42:10.000 --> 02:42:12.000]  而且一開始就很靠近
[02:42:12.000 --> 02:42:14.000]  你自己這樣講
[02:42:14.000 --> 02:42:16.000]  講完就走
[02:42:16.000 --> 02:42:18.000]  教會還要走
[02:42:18.000 --> 02:42:20.000]  要講心事
[02:42:20.000 --> 02:42:22.000]  要包裹對方的傷痕
[02:42:22.000 --> 02:42:24.000]  哇
[02:42:24.000 --> 02:42:26.000]  這些東西很要命
[02:42:26.000 --> 02:42:28.000]  會在心裡的東西出來
[02:42:28.000 --> 02:42:30.000]  然後你和他聊天
[02:42:30.000 --> 02:42:32.000]  一個不小心
[02:42:32.000 --> 02:42:34.000]  就會很容易傷得很深
[02:42:34.000 --> 02:42:36.000]  大家明不明白
[02:42:36.000 --> 02:42:38.000]  教會是一個很特別的群體
[02:42:38.000 --> 02:42:40.000]  很特別的群體
[02:42:40.000 --> 02:42:42.000]  我曾經一次在中國大陸和一個幹部聊天的時候
[02:42:42.000 --> 02:42:44.000]  他不是基督徒
[02:42:44.000 --> 02:42:46.000]  他說教會很厲害
[02:42:46.000 --> 02:42:48.000]  他從政治學的角度來說
[02:42:48.000 --> 02:42:50.000]  沒有一個世界上的團體像教會這麼厲害
[02:42:50.000 --> 02:42:52.000]  我們共產黨搞了這麼久
[02:42:52.000 --> 02:42:54.000]  很難找一群人
[02:42:54.000 --> 02:42:56.000]  一起來過個禮拜
[02:42:56.000 --> 02:42:58.000]  看一下一些東西
[02:42:58.000 --> 02:43:00.000]  研討一下
[02:43:00.000 --> 02:43:02.000]  你們教會
[02:43:02.000 --> 02:43:04.000]  每個禮拜一千幾百人
[02:43:04.000 --> 02:43:06.000]  聽一個牧師講
[02:43:06.000 --> 02:43:08.000]  如果牧師有什麼動作
[02:43:08.000 --> 02:43:10.000]  那個力量是很厲害的
[02:43:10.000 --> 02:43:12.000]  他說
[02:43:12.000 --> 02:43:14.000]  這個政治力量是很厲害的
[02:43:14.000 --> 02:43:16.000]  教會是一個很奇怪的群體
[02:43:16.000 --> 02:43:18.000]  群體令到教會的人走過來的時候
[02:43:18.000 --> 02:43:20.000]  是一個接支的群體
[02:43:20.000 --> 02:43:22.000]  但是立刻要很靠近
[02:43:22.000 --> 02:43:24.000]  互相要你的養分
[02:43:24.000 --> 02:43:26.000]  我要給你養分
[02:43:26.000 --> 02:43:28.000]  所以產生這麼靠近的
[02:43:28.000 --> 02:43:30.000]  衝突起來
[02:43:30.000 --> 02:43:32.000]  有一點傷痕是特別深的
[02:43:32.000 --> 02:43:34.000]  你在辦公室裡面
[02:43:34.000 --> 02:43:36.000]  你不覺得這麼深
[02:43:36.000 --> 02:43:38.000]  因為你不期待這麼深
[02:43:38.000 --> 02:43:40.000]  你不期待他這樣了解你
[02:43:40.000 --> 02:43:42.000]  你沒有期待對方這樣明白你
[02:43:42.000 --> 02:43:44.000]  你不會期待對方這樣
[02:43:44.000 --> 02:43:46.000]  搖旋你
[02:43:46.000 --> 02:43:48.000]  他不搖旋就算了
[02:43:48.000 --> 02:43:50.000]  今天轉到第二個原因
[02:43:50.000 --> 02:43:52.000]  教會是一個很奇怪的群體
[02:43:52.000 --> 02:43:54.000]  因為教會是有一種信任
[02:43:54.000 --> 02:43:56.000]  和不信任的張力之間
[02:43:56.000 --> 02:43:58.000]  教會裏面
[02:43:58.000 --> 02:44:00.000]  大家都是基督徒
[02:44:00.000 --> 02:44:02.000]  所以教會裏面
[02:44:02.000 --> 02:44:04.000]  有一種信任的要求
[02:44:04.000 --> 02:44:06.000]  但是教會
[02:44:06.000 --> 02:44:08.000]  也是人所組成的
[02:44:08.000 --> 02:44:10.000]  所以教會不是全部都是好人
[02:44:10.000 --> 02:44:14.000]  但是教會的制度
[02:44:14.000 --> 02:44:16.000]  假設大家都是好人
[02:44:16.000 --> 02:44:18.000]  所以產生的誤會
[02:44:18.000 --> 02:44:20.000]  和不信任是特別容易
[02:44:20.000 --> 02:44:22.000]  厲害的
[02:44:22.000 --> 02:44:24.000]  當然
[02:44:24.000 --> 02:44:28.000]  為什麼你的公司覺得
[02:44:28.000 --> 02:44:30.000]  沒那麼難受呢
[02:44:30.000 --> 02:44:32.000]  在那裏
[02:44:32.000 --> 02:44:34.000]  因為他預了你是壞人
[02:44:34.000 --> 02:44:36.000]  假設你是壞人
[02:44:36.000 --> 02:44:38.000]  他假設你是偷工減料
[02:44:38.000 --> 02:44:40.000]  老闆假設你會遲到
[02:44:40.000 --> 02:44:42.000]  所以要你打卡
[02:44:42.000 --> 02:44:44.000]  老闆假設你偷
[02:44:44.000 --> 02:44:46.000]  開OT
[02:44:46.000 --> 02:44:48.000]  其實看了報紙
[02:44:48.000 --> 02:44:50.000]  所以他有個電視機檢查著你
[02:44:50.000 --> 02:44:52.000]  有時人是很賤的
[02:44:52.000 --> 02:44:54.000]  No bad feeling
[02:44:54.000 --> 02:44:56.000]  你覺得我這麼差
[02:44:56.000 --> 02:44:58.000]  就不准
[02:44:58.000 --> 02:45:00.000]  所以反而他要求你多
[02:45:00.000 --> 02:45:02.000]  你不會這麼不高興
[02:45:02.000 --> 02:45:04.000]  對不對?
[02:45:04.000 --> 02:45:06.000]  教會就不是,教會要講信任
[02:45:06.000 --> 02:45:08.000]  所以牧師沒有打卡
[02:45:08.000 --> 02:45:10.000]  有沒有打卡?
[02:45:10.000 --> 02:45:12.000]  沒有的,早上上班不用打卡
[02:45:12.000 --> 02:45:14.000]  燈這樣打卡
[02:45:14.000 --> 02:45:16.000]  因為我們覺得牧師應該信任
[02:45:16.000 --> 02:45:18.000]  所以我不應該叫他打卡
[02:45:18.000 --> 02:45:20.000]  是不是?
[02:45:20.000 --> 02:45:22.000]  但是在關公的時候
[02:45:22.000 --> 02:45:24.000]  你就會打卡
[02:45:24.000 --> 02:45:26.000]  你不會不開心
[02:45:26.000 --> 02:45:28.000]  但是當教會討論要不要牧師打卡
[02:45:28.000 --> 02:45:30.000]  上班檢查他的時間
[02:45:30.000 --> 02:45:32.000]  那你就很不高興
[02:45:32.000 --> 02:45:34.000]  教會要不要牧師
[02:45:34.000 --> 02:45:36.000]  寫他每天幾點鐘做什麼
[02:45:36.000 --> 02:45:38.000]  寫一個報告給他
[02:45:38.000 --> 02:45:40.000]  不會的,公司會的
[02:45:40.000 --> 02:45:42.000]  為什麼?因為公司預了你是壞人
[02:45:42.000 --> 02:45:44.000]  所以你遲到的時候
[02:45:44.000 --> 02:45:46.000]  老闆叫你進去
[02:45:46.000 --> 02:45:48.000]  搞錯,你遲了十分鐘
[02:45:48.000 --> 02:45:50.000]  回來,不好意思
[02:45:50.000 --> 02:45:52.000]  我遲了一點點,沒有十分鐘
[02:45:52.000 --> 02:45:54.000]  你看看你的卡,明明遲了十分鐘
[02:45:54.000 --> 02:45:56.000]  還說沒有
[02:45:56.000 --> 02:45:58.000]  我遲了,因為塞車
[02:45:58.000 --> 02:46:00.000]  塞車明知道今天下雨
[02:46:00.000 --> 02:46:02.000]  下次就不要這麼遲出門
[02:46:02.000 --> 02:46:04.000]  明不明白?明白了
[02:46:04.000 --> 02:46:06.000]  塞回去吧
[02:46:06.000 --> 02:46:08.000]  教會生不生氣?不是很生氣的
[02:46:08.000 --> 02:46:10.000]  因為大家是這樣的
[02:46:10.000 --> 02:46:12.000]  你是這樣做人的
[02:46:12.000 --> 02:46:14.000]  是這樣做事的
[02:46:14.000 --> 02:46:16.000]  但是牧師是不行的
[02:46:16.000 --> 02:46:18.000]  牧師是不打卡的
[02:46:18.000 --> 02:46:20.000]  但是如果
[02:46:20.000 --> 02:46:22.000]  他一旦突然對某人
[02:46:22.000 --> 02:46:24.000]  對牧師失去信任的時候
[02:46:24.000 --> 02:46:26.000]  開始想
[02:46:26.000 --> 02:46:28.000]  牧師沒什麼好做的
[02:46:28.000 --> 02:46:30.000]  又說探訪
[02:46:30.000 --> 02:46:32.000]  探訪都不幫他
[02:46:32.000 --> 02:46:34.000]  探訪有什麼結果的
[02:46:34.000 --> 02:46:36.000]  牧師怎麼將探訪的名單
[02:46:36.000 --> 02:46:38.000]  全部給你看
[02:46:38.000 --> 02:46:40.000]  於是開始心思思了
[02:46:40.000 --> 02:46:42.000]  星期一又說放假
[02:46:42.000 --> 02:46:44.000]  我星期一去上班
[02:46:44.000 --> 02:46:46.000]  牧師又拿我薪水
[02:46:46.000 --> 02:46:48.000]  我又教會有侍奉
[02:46:48.000 --> 02:46:50.000]  牧師主學有團契
[02:46:50.000 --> 02:46:52.000]  牧師團契有時候都不來
[02:46:52.000 --> 02:46:54.000]  我這麼辛苦他這麼辛苦
[02:46:54.000 --> 02:46:56.000]  他拿錢我不用拿錢
[02:46:56.000 --> 02:46:58.000]  於是開始有一點不信任
[02:46:58.000 --> 02:47:00.000]  這次心思思
[02:47:00.000 --> 02:47:02.000]  星期三打電話
[02:47:02.000 --> 02:47:04.000]  去教會看看他有沒有上班
[02:47:04.000 --> 02:47:06.000]  誰知道他十一點
[02:47:06.000 --> 02:47:08.000]  打電話去
[02:47:08.000 --> 02:47:10.000]  他十點半剛剛有個急call
[02:47:10.000 --> 02:47:12.000]  有個弟兄他爸爸
[02:47:12.000 --> 02:47:14.000]  快要離開世界在醫院
[02:47:14.000 --> 02:47:16.000]  他快點去探他最後傳呼機
[02:47:16.000 --> 02:47:18.000]  十點半去
[02:47:18.000 --> 02:47:20.000]  十一點打電話
[02:47:20.000 --> 02:47:22.000]  真的沒有人在
[02:47:22.000 --> 02:47:24.000]  十一點都還沒有回來
[02:47:24.000 --> 02:47:26.000]  就是這樣形成的
[02:47:26.000 --> 02:47:28.000]  好了
[02:47:28.000 --> 02:47:30.000]  探完那個弟兄
[02:47:30.000 --> 02:47:32.000]  去完那個醫院
[02:47:32.000 --> 02:47:34.000]  剛剛在家附近回家
[02:47:34.000 --> 02:47:36.000]  順便拿了點東西和兒子吃飯
[02:47:36.000 --> 02:47:38.000]  關了生日禮拜當
[02:47:38.000 --> 02:47:40.000]  剛剛回到家打電話
[02:47:40.000 --> 02:47:42.000]  剛剛打電話到他家
[02:47:42.000 --> 02:47:44.000]  冷冷的說牧師
[02:47:44.000 --> 02:47:46.000]  你還沒有上班
[02:47:46.000 --> 02:47:48.000]  死了
[02:47:48.000 --> 02:47:50.000]  你明白我說什麼嗎
[02:47:50.000 --> 02:47:52.000]  有時就是這樣形成的
[02:47:52.000 --> 02:47:54.000]  如果牧師有打卡就沒事
[02:47:54.000 --> 02:47:56.000]  他寫每天的流程就沒事
[02:47:56.000 --> 02:47:58.000]  但不會這樣做
[02:47:58.000 --> 02:48:00.000]  這個是為什麼很多時候我們覺得
[02:48:00.000 --> 02:48:02.000]  教會裏面這樣
[02:48:02.000 --> 02:48:04.000]  就是不信任的張力
[02:48:04.000 --> 02:48:06.000]  我們假設大家都好人但大家都不是好人
[02:48:06.000 --> 02:48:08.000]  所以就產生一個
[02:48:08.000 --> 02:48:10.000]  很深的壓力傷痕
[02:48:10.000 --> 02:48:12.000]  那你說怎麼辦
[02:48:12.000 --> 02:48:14.000]  很多時候教會
[02:48:14.000 --> 02:48:16.000]  表面上信任但心底裏不信任
[02:48:16.000 --> 02:48:18.000]  這個就是最大的危險
[02:48:18.000 --> 02:48:20.000]  那又怎麼樣
[02:48:20.000 --> 02:48:22.000]  不如和這次打卡吧
[02:48:22.000 --> 02:48:24.000]  當然不好
[02:48:24.000 --> 02:48:26.000]  教會不可以這樣
[02:48:26.000 --> 02:48:28.000]  最好的就是
[02:48:28.000 --> 02:48:30.000]  我們心底裏面
[02:48:30.000 --> 02:48:32.000]  有信任
[02:48:32.000 --> 02:48:34.000]  行動表面上都有信任
[02:48:34.000 --> 02:48:36.000]  這個就是
[02:48:36.000 --> 02:48:38.000]  最理想的
[02:48:38.000 --> 02:48:40.000]  那怎麼可以這樣
[02:48:40.000 --> 02:48:42.000]  唯有從每一個人做起
[02:48:42.000 --> 02:48:44.000]  這套聖經裏面提到有兩個很重要的
[02:48:44.000 --> 02:48:46.000]  互相信任的基礎
[02:48:46.000 --> 02:48:48.000]  第一個
[02:48:48.000 --> 02:48:50.000]  第十字那裏說到
[02:48:50.000 --> 02:48:52.000]  因為我們有同一位父
[02:48:52.000 --> 02:48:54.000]  同一位
[02:48:54.000 --> 02:48:56.000]  創造的神
[02:48:56.000 --> 02:48:58.000]  超重要
[02:48:58.000 --> 02:49:00.000]  我們走在一起
[02:49:00.000 --> 02:49:02.000]  不是因為我們同一個職業
[02:49:02.000 --> 02:49:04.000]  我們不是因為同一個年紀
[02:49:04.000 --> 02:49:06.000]  同一個興趣
[02:49:06.000 --> 02:49:08.000]  好像其他社團那樣
[02:49:08.000 --> 02:49:10.000]  我們走在一起
[02:49:10.000 --> 02:49:12.000]  因為我們同一個生命的根源
[02:49:12.000 --> 02:49:14.000]  我們有同一位創造的神
[02:49:14.000 --> 02:49:16.000]  祂是我們的主宰
[02:49:16.000 --> 02:49:18.000]  我們有同一位父
[02:49:18.000 --> 02:49:20.000]  祂是我們的主宰
[02:49:20.000 --> 02:49:22.000]  我們同一位創造的神
[02:49:22.000 --> 02:49:24.000]  我們同一個生命的根源
[02:49:24.000 --> 02:49:26.000]  這個就是我們走在一起的原因
[02:49:26.000 --> 02:49:28.000]  我們今天走來北宣家
[02:49:28.000 --> 02:49:30.000]  我們走在一起聚在這裏
[02:49:30.000 --> 02:49:32.000]  我們一起團契我們都是崇拜
[02:49:32.000 --> 02:49:34.000]  不是因為有什麼利益走在一起
[02:49:34.000 --> 02:49:36.000]  外間的社團
[02:49:36.000 --> 02:49:38.000]  我們這些人是因為有一起的利益
[02:49:38.000 --> 02:49:40.000]  而接觸的
[02:49:40.000 --> 02:49:42.000]  爭取同一樣東西
[02:49:42.000 --> 02:49:44.000]  你有利益於我,我有利益於你
[02:49:44.000 --> 02:49:46.000]  所以我們走在一起
[02:49:46.000 --> 02:49:48.000]  但教會是剛剛相反
[02:49:48.000 --> 02:49:50.000]  我們是為了一位為我們犧牲的主
[02:49:50.000 --> 02:49:52.000]  我們的耶穌基督
[02:49:52.000 --> 02:49:54.000]  而走在一起
[02:49:54.000 --> 02:49:56.000]  我們不是為了利益而走在一起
[02:49:56.000 --> 02:49:58.000]  所以這個要求
[02:49:58.000 --> 02:50:00.000]  是一個更高
[02:50:00.000 --> 02:50:02.000]  但更加可能的要求
[02:50:02.000 --> 02:50:04.000]  除非你和我們的生命
[02:50:04.000 --> 02:50:06.000]  大家有建立在耶穌基督
[02:50:06.000 --> 02:50:08.000]  雖然我承認一個團契
[02:50:08.000 --> 02:50:10.000]  都有很多原因
[02:50:10.000 --> 02:50:12.000]  大家都在讀書,大家都在讀大學
[02:50:12.000 --> 02:50:14.000]  大家聊的時候的話題比較近
[02:50:14.000 --> 02:50:16.000]  大家都有一個
[02:50:16.000 --> 02:50:18.000]  五六歲的小朋友的
[02:50:18.000 --> 02:50:20.000]  結婚的團契
[02:50:20.000 --> 02:50:22.000]  我們走在一起聊聊小朋友的事
[02:50:22.000 --> 02:50:24.000]  我們可以接近,但這個不是最基本
[02:50:24.000 --> 02:50:26.000]  最終極我們走在一起的原因
[02:50:26.000 --> 02:50:28.000]  如果不是的話
[02:50:28.000 --> 02:50:30.000]  如果這樣的話,我們就不是成為一個
[02:50:30.000 --> 02:50:32.000]  基督的團契
[02:50:32.000 --> 02:50:34.000]  因為我們有屬靈生命
[02:50:34.000 --> 02:50:36.000]  我們是同一個創造者
[02:50:36.000 --> 02:50:38.000]  講到這裏的時候
[02:50:38.000 --> 02:50:40.000]  我記得我以前
[02:50:40.000 --> 02:50:42.000]  不知道有沒有和你們講過嗡嗡團契的那件事
[02:50:42.000 --> 02:50:44.000]  有沒有?
[02:50:44.000 --> 02:50:46.000]  有多少人聽我講過?
[02:50:46.000 --> 02:50:48.000]  沒有聽過嗎?
[02:50:48.000 --> 02:50:50.000]  那件事雖然是十幾年前
[02:50:50.000 --> 02:50:52.000]  但是我曾經在幾個不同的
[02:50:52.000 --> 02:50:54.000]  場合裏面提過
[02:50:54.000 --> 02:50:56.000]  可能提過抱歉,我不記得在哪裏提過
[02:50:56.000 --> 02:50:58.000]  但那件事很深刻
[02:50:58.000 --> 02:51:00.000]  印象
[02:51:00.000 --> 02:51:02.000]  十幾年前我還沒有去加拿大之前
[02:51:02.000 --> 02:51:04.000]  Concession學院
[02:51:04.000 --> 02:51:06.000]  有一天我收到一個電話
[02:51:06.000 --> 02:51:08.000]  在美國加州
[02:51:08.000 --> 02:51:10.000]  某一個教會的團契
[02:51:10.000 --> 02:51:12.000]  打電話給我
[02:51:12.000 --> 02:51:14.000]  那個團契打給我的時候
[02:51:14.000 --> 02:51:16.000]  他說:溫博士,聽你說得很好
[02:51:16.000 --> 02:51:18.000]  現在我們想
[02:51:18.000 --> 02:51:20.000]  邀請你來我們教會的
[02:51:20.000 --> 02:51:22.000]  團契那裏
[02:51:22.000 --> 02:51:24.000]  我們團契裏面講了一篇道
[02:51:24.000 --> 02:51:26.000]  很厲害
[02:51:26.000 --> 02:51:28.000]  給機票我由香港飛去
[02:51:28.000 --> 02:51:30.000]  加州,美國加州
[02:51:30.000 --> 02:51:32.000]  講了一篇道
[02:51:32.000 --> 02:51:34.000]  我覺得很厲害
[02:51:34.000 --> 02:51:36.000]  一篇道
[02:51:36.000 --> 02:51:38.000]  喜歡玩多幾天也可以
[02:51:38.000 --> 02:51:40.000]  我說:什麼團契來的?
[02:51:40.000 --> 02:51:42.000]  不是教會,是一個團契
[02:51:42.000 --> 02:51:44.000]  他說團契
[02:51:44.000 --> 02:51:46.000]  那邊的電話
[02:51:46.000 --> 02:51:48.000]  團契叫WOWO團契
[02:51:48.000 --> 02:51:50.000]  電話沙沙點
[02:51:50.000 --> 02:51:52.000]  我聽得不清楚
[02:51:52.000 --> 02:51:54.000]  他說AMOS團契
[02:51:54.000 --> 02:51:56.000]  AMOS團契即是阿摩斯團
[02:51:56.000 --> 02:51:58.000]  中文是
[02:51:58.000 --> 02:52:00.000]  他不是阿摩斯團
[02:52:00.000 --> 02:52:02.000]  是WOWO團契
[02:52:02.000 --> 02:52:04.000]  那輛車
[02:52:04.000 --> 02:52:06.000]  WOWO那輛車富豪
[02:52:06.000 --> 02:52:08.000]  他說我們團契裏面
[02:52:08.000 --> 02:52:10.000]  每個團友都開WOWO
[02:52:10.000 --> 02:52:12.000]  我真的打開眼界
[02:52:12.000 --> 02:52:14.000]  這真是奇聞
[02:52:14.000 --> 02:52:18.000]  我第一次聽
[02:52:18.000 --> 02:52:20.000]  整個團契叫WOWO團契
[02:52:20.000 --> 02:52:22.000]  每個人都開WOWO
[02:52:22.000 --> 02:52:24.000]  我心裏想,開BENZ就做團長
[02:52:24.000 --> 02:52:26.000]  不可以吧
[02:52:26.000 --> 02:52:28.000]  教會不是靠開WOWO
[02:52:28.000 --> 02:52:30.000]  那次我沒有去
[02:52:30.000 --> 02:52:32.000]  我說:不好意思
[02:52:32.000 --> 02:52:34.000]  我的時間不方便
[02:52:34.000 --> 02:52:36.000]  飛機票一趟就到了
[02:52:36.000 --> 02:52:38.000]  意思是
[02:52:38.000 --> 02:52:40.000]  這麼好的條件
[02:52:40.000 --> 02:52:42.000]  你們都不願意
[02:52:42.000 --> 02:52:44.000]  WOWO團不願意
[02:52:44.000 --> 02:52:46.000]  教會不是靠WOWO
[02:52:46.000 --> 02:52:48.000]  不是靠你幾個子女
[02:52:48.000 --> 02:52:50.000]  大家談得很近
[02:52:50.000 --> 02:52:52.000]  教會是靠耶穌基督的生命
[02:52:52.000 --> 02:52:54.000]  大家走在一起
[02:52:54.000 --> 02:52:56.000]  所以一個團契裏面
[02:52:56.000 --> 02:52:58.000]  一個教會裏面,你見面的時候
[02:52:58.000 --> 02:53:00.000]  我知道不是不批准你
[02:53:00.000 --> 02:53:02.000]  不准許你講一些生活裏面
[02:53:02.000 --> 02:53:04.000]  大家共同的話題
[02:53:04.000 --> 02:53:06.000]  但如果我們慢慢發覺我們一個教會裏面
[02:53:06.000 --> 02:53:08.000]  我們的話題沒有了耶穌基督的
[02:53:08.000 --> 02:53:10.000]  生命的交流
[02:53:10.000 --> 02:53:12.000]  這個團契是假的
[02:53:12.000 --> 02:53:14.000]  這個結合是假的
[02:53:14.000 --> 02:53:16.000]  到有一天的時候
[02:53:16.000 --> 02:53:18.000]  就好像外面的社團一樣
[02:53:18.000 --> 02:53:20.000]  為利益,你又可以得到一些資料
[02:53:20.000 --> 02:53:22.000]  我又可以得到一些資料
[02:53:22.000 --> 02:53:24.000]  走在一起的時候
[02:53:24.000 --> 02:53:26.000]  為利益而走在一起的時候
[02:53:26.000 --> 02:53:28.000]  有一天這個團契就要分開
[02:53:28.000 --> 02:53:30.000]  我們不是為利益外面的社團
[02:53:30.000 --> 02:53:32.000]  而是為利益而走在一起
[02:53:32.000 --> 02:53:34.000]  我們是為了那位為我們犧牲的
[02:53:34.000 --> 02:53:36.000]  耶穌基督而走在一起
[02:53:36.000 --> 02:53:38.000]  這是第一個重點
[02:53:38.000 --> 02:53:40.000]  第二個重點,第十節下半節說
[02:53:40.000 --> 02:53:42.000]  他是什麼呢
[02:53:42.000 --> 02:53:44.000]  是列祖所立的約
[02:53:44.000 --> 02:53:46.000]  我們怎麼可以和弟兄姊妹
[02:53:46.000 --> 02:53:48.000]  之間不忠呢
[02:53:48.000 --> 02:53:53.000]  他怎麼背棄了我們和列祖所立的約
[02:53:53.000 --> 02:53:55.000]  什麼叫列祖所立的約呢
[02:53:55.000 --> 02:53:57.000]  這個比較要解釋一下
[02:53:57.000 --> 02:53:59.000]  列祖所立的約的意思就是
[02:53:59.000 --> 02:54:01.000]  列祖就是指阿不拉罕爾薩雅國
[02:54:01.000 --> 02:54:05.000]  當日神和阿不拉罕爾薩雅國立約是為了什麼
[02:54:05.000 --> 02:54:07.000]  和摩西立約是為了什麼
[02:54:07.000 --> 02:54:12.000]  是為了要他們成為一個神的見證人
[02:54:12.000 --> 02:54:13.000]  大家都知道
[02:54:13.000 --> 02:54:17.000]  為什麼要特別選這個阿不拉罕爾薩雅國
[02:54:17.000 --> 02:54:21.000]  因為他要在人類的民族當中選一個民族出來
[02:54:21.000 --> 02:54:26.000]  讓他能夠表現出那位神是怎樣的神
[02:54:26.000 --> 02:54:28.000]  所以這個列祖所立的約
[02:54:28.000 --> 02:54:32.000]  是代表他要從世界分別出來
[02:54:32.000 --> 02:54:35.000]  讓人看到一個屬神的指紋
[02:54:35.000 --> 02:54:38.000]  就好像在前書第二章所說
[02:54:38.000 --> 02:54:41.000]  神選擇我們的時候
[02:54:41.000 --> 02:54:47.000]  選擇的是我們選擇的族類 是君尊的祭司
[02:54:47.000 --> 02:54:50.000]  聖潔的國度 屬神的指紋
[02:54:50.000 --> 02:54:53.000]  是為了召喚我們 宣揚那位
[02:54:53.000 --> 02:54:57.000]  召喚我們出黑暗 離開黑暗
[02:54:57.000 --> 02:54:59.000]  進入奇妙光明者的美德
[02:54:59.000 --> 02:55:04.000]  這是在菲律賓前書第二章所說的
[02:55:04.000 --> 02:55:07.000]  這個就是那個約的意思
[02:55:07.000 --> 02:55:10.000]  約的意思就是我們今天為什麼走在一起
[02:55:10.000 --> 02:55:13.000]  為什麼我們要互相要尊重 互相要信任
[02:55:13.000 --> 02:55:15.000]  因為我們自己成為一體
[02:55:15.000 --> 02:55:18.000]  我們在世界上讓人看到
[02:55:18.000 --> 02:55:22.000]  我們是神所選出來的見證人
[02:55:22.000 --> 02:55:26.000]  每一個教會都有他的招牌
[02:55:26.000 --> 02:55:28.000]  他的招牌不是北角宣道會
[02:55:28.000 --> 02:55:30.000]  或者宣道會北角堂
[02:55:30.000 --> 02:55:32.000]  他的招牌是人們一想起北宣的時候
[02:55:32.000 --> 02:55:35.000]  弟兄姊妹有一副形象
[02:55:35.000 --> 02:55:38.000]  你喜歡不喜歡這個形象
[02:55:38.000 --> 02:55:41.000]  我不知道人們想起北宣的形象是什麼形象
[02:55:41.000 --> 02:55:44.000]  我希望人們想起北宣的時候
[02:55:44.000 --> 02:55:47.000]  我們成為一個招牌
[02:55:47.000 --> 02:55:49.000]  那個招牌就是一想起
[02:55:49.000 --> 02:55:51.000]  這個是北宣的會友
[02:55:51.000 --> 02:55:54.000]  北宣的會友做事是正直的
[02:55:54.000 --> 02:55:56.000]  北宣的會友對人是誠懇的
[02:55:56.000 --> 02:55:58.000]  北宣的會友很厲害也好
[02:55:58.000 --> 02:56:00.000]  但是事業上很有成就
[02:56:00.000 --> 02:56:01.000]  所以很謙和
[02:56:01.000 --> 02:56:03.000]  在教會裡面是什麼都肯做的
[02:56:03.000 --> 02:56:05.000]  這些是我自己起碼這麼多年
[02:56:05.000 --> 02:56:08.000]  我印象當中北宣的弟兄姊妹
[02:56:08.000 --> 02:56:11.000]  弟兄姊妹我們願意保留這種形象
[02:56:11.000 --> 02:56:13.000]  人們一想起的時候就是這樣
[02:56:13.000 --> 02:56:15.000]  我們要求我們自己
[02:56:15.000 --> 02:56:17.000]  既然我們是北宣的會友
[02:56:17.000 --> 02:56:18.000]  我們要求我們自己
[02:56:18.000 --> 02:56:21.000]  每一個人都好像神呼召
[02:56:21.000 --> 02:56:22.000]  以色列人出埃及
[02:56:22.000 --> 02:56:27.000]  成為一個民族當中
[02:56:27.000 --> 02:56:30.000]  有這個表現和見證一樣
[02:56:30.000 --> 02:56:33.000]  這個是我們所見的
[02:56:33.000 --> 02:56:36.000]  所以在弟兄姊妹當中的時候
[02:56:36.000 --> 02:56:41.000]  聖經說我們不要互相不忠
[02:56:41.000 --> 02:56:43.000]  我們要互相信任
[02:56:43.000 --> 02:56:45.000]  剛才說怎樣可以信任
[02:56:45.000 --> 02:56:47.000]  信任是從每一個人開始做的
[02:56:47.000 --> 02:56:50.000]  所以你看到第十五和第十六節說了兩次
[02:56:50.000 --> 02:56:53.000]  你要保守緊守你們的心
[02:56:53.000 --> 02:56:56.000]  你要保守你們的心
[02:56:56.000 --> 02:56:58.000]  緊守你們的心
[02:56:58.000 --> 02:57:00.000]  就是從每一個人開始
[02:57:00.000 --> 02:57:02.000]  我希望每一個弟兄姊妹
[02:57:02.000 --> 02:57:05.000]  當我們每一個禮拜來到北宣聚會的時候
[02:57:05.000 --> 02:57:06.000]  一到地鐵也好
[02:57:06.000 --> 02:57:09.000]  走上那條電動樓梯的時候
[02:57:09.000 --> 02:57:10.000]  就告訴自己
[02:57:10.000 --> 02:57:11.000]  我進到這個地方
[02:57:11.000 --> 02:57:14.000]  我進到一個有信任的地方
[02:57:14.000 --> 02:57:15.000]  由我自己做起
[02:57:15.000 --> 02:57:17.000]  我對每一個弟兄姊妹
[02:57:17.000 --> 02:57:18.000]  我信任
[02:57:18.000 --> 02:57:19.000]  我不顧它背後有什麼
[02:57:19.000 --> 02:57:21.000]  Hidden agenda
[02:57:21.000 --> 02:57:22.000]  說的話裡面
[02:57:22.000 --> 02:57:23.000]  第二
[02:57:23.000 --> 02:57:24.000]  我自己素人
[02:57:24.000 --> 02:57:25.000]  我講說話
[02:57:25.000 --> 02:57:26.000]  我言行
[02:57:26.000 --> 02:57:28.000]  都要讓人值得信我
[02:57:28.000 --> 02:57:30.000]  大家聽得明白嗎
[02:57:30.000 --> 02:57:32.000]  希望大家記住這件事
[02:57:32.000 --> 02:57:34.000]  我希望我們每一個人都能夠做到
[02:57:34.000 --> 02:57:35.000]  每一次當我走進北宣的時候
[02:57:35.000 --> 02:57:36.000]  我就告訴自己
[02:57:36.000 --> 02:57:38.000]  我信每一個弟兄姊妹
[02:57:38.000 --> 02:57:39.000]  然後我
[02:57:39.000 --> 02:57:40.000]  每一個人信我
[02:57:40.000 --> 02:57:41.000]  都是值得的
[02:57:41.000 --> 02:57:42.000]  值得別人信我
[02:57:42.000 --> 02:57:44.000]  你說很危險的
[02:57:44.000 --> 02:57:46.000]  萬一那個不信得過呢
[02:57:46.000 --> 02:57:47.000]  那就是了
[02:57:47.000 --> 02:57:49.000]  信任是要take risk
[02:57:49.000 --> 02:57:52.000]  是要冒險的
[02:57:52.000 --> 02:57:54.000]  除非我們每一個人一起做
[02:57:54.000 --> 02:57:55.000]  否則呢
[02:57:55.000 --> 02:57:57.000]  一大群人都不信得過人
[02:57:57.000 --> 02:58:00.000]  一個信任一個死定了
[02:58:00.000 --> 02:58:01.000]  好不好
[02:58:01.000 --> 02:58:02.000]  我們一起做這件事
[02:58:02.000 --> 02:58:03.000]  一起做這件事
[02:58:03.000 --> 02:58:04.000]  逢親以後
[02:58:04.000 --> 02:58:05.000]  我希望有一天
[02:58:05.000 --> 02:58:07.000]  聽見外面的人說
[02:58:07.000 --> 02:58:09.000]  這個宣道會北角堂的會友
[02:58:09.000 --> 02:58:10.000]  只有我和會友
[02:58:10.000 --> 02:58:12.000]  和他做生意沒有問題
[02:58:12.000 --> 02:58:14.000]  不一定便宜
[02:58:14.000 --> 02:58:15.000]  老實說
[02:58:15.000 --> 02:58:17.000]  這個世界不一定要便宜的
[02:58:17.000 --> 02:58:18.000]  是不是
[02:58:18.000 --> 02:58:19.000]  要賺錢的嗎
[02:58:19.000 --> 02:58:20.000]  去看他做醫生
[02:58:20.000 --> 02:58:21.000]  去做醫生去看他
[02:58:21.000 --> 02:58:22.000]  去做牙醫去看他
[02:58:22.000 --> 02:58:24.000]  去幫他買東西去找他
[02:58:24.000 --> 02:58:26.000]  他不一定要便宜給你
[02:58:26.000 --> 02:58:27.000]  兄弟姐妹
[02:58:27.000 --> 02:58:29.000]  在教會你不需要這樣的
[02:58:29.000 --> 02:58:30.000]  二三千人得了
[02:58:30.000 --> 02:58:31.000]  他還要做生意
[02:58:31.000 --> 02:58:33.000]  一個個打五折
[02:58:33.000 --> 02:58:35.000]  是不是
[02:58:35.000 --> 02:58:37.000]  那幫人還要看牙的
[02:58:37.000 --> 02:58:38.000]  北宣排隊去
[02:58:38.000 --> 02:58:39.000]  個個都不收錢
[02:58:39.000 --> 02:58:40.000]  或者收兩成這樣
[02:58:40.000 --> 02:58:41.000]  沒理由的
[02:58:41.000 --> 02:58:43.000]  收十成都不要緊
[02:58:43.000 --> 02:58:44.000]  不過你可以信任一個
[02:58:44.000 --> 02:58:46.000]  如果你是北角宣道會的醫生
[02:58:46.000 --> 02:58:49.000]  他是不會偷工減料的
[02:58:49.000 --> 02:58:50.000]  他不會拖你靜的
[02:58:50.000 --> 02:58:52.000]  如果你是北角宣道會的弟兄
[02:58:52.000 --> 02:58:54.000]  這個北角宣道會的姐妹
[02:58:54.000 --> 02:58:56.000]  在那個工作上面
[02:58:56.000 --> 02:58:57.000]  他講過的是事實
[02:58:57.000 --> 02:58:59.000]  他會盡忠給你
[02:58:59.000 --> 02:59:02.000]  我相信這個就是那種氣質
[02:59:02.000 --> 02:59:04.000]  那種是信得過的氣質
[02:59:04.000 --> 02:59:05.000]  若有人信得過你
[02:59:05.000 --> 02:59:07.000]  你又信得過其他人
[02:59:07.000 --> 02:59:08.000]  如果是這樣的話
[02:59:08.000 --> 02:59:09.000]  我告訴你
[02:59:09.000 --> 02:59:12.000]  北角宣道會就是天堂
[02:59:12.000 --> 02:59:13.000]  如果不是的話
[02:59:13.000 --> 02:59:14.000]  失去這種信任的話
[02:59:14.000 --> 02:59:17.000]  宣道會北角堂可以是地獄
[02:59:17.000 --> 02:59:19.000]  回到黎白堂很辛苦
[02:59:19.000 --> 02:59:20.000]  讓每一個弟兄姐妹
[02:59:20.000 --> 02:59:21.000]  從自己開始
[02:59:21.000 --> 02:59:22.000]  好不好
[02:59:22.000 --> 02:59:23.000]  在團體裏面
[02:59:23.000 --> 02:59:24.000]  就不是關心完之後
[02:59:24.000 --> 02:59:28.000]  拿那些資料來講閒話
[02:59:28.000 --> 02:59:29.000]  到那個地步
[02:59:29.000 --> 02:59:30.000]  你都不敢將心裏的東西
[02:59:30.000 --> 02:59:31.000]  講給人聽
[02:59:31.000 --> 02:59:32.000]  為什麼
[02:59:32.000 --> 02:59:33.000]  因為你不知道傳到哪裏
[02:59:33.000 --> 02:59:34.000]  弟兄姐妹
[02:59:34.000 --> 02:59:35.000]  我們每一個人從自己開始
[02:59:35.000 --> 02:59:37.000]  我們聽了別人的說話
[02:59:37.000 --> 02:59:38.000]  就不是在那裏講閒話
[02:59:38.000 --> 02:59:40.000]  就是真的幫他就幫他
[02:59:40.000 --> 02:59:41.000]  去愛他就愛他
[02:59:41.000 --> 02:59:43.000]  關心他就關心他
[02:59:43.000 --> 02:59:44.000]  每一個人都夠膽
[02:59:44.000 --> 02:59:45.000]  講自己心裏的東西出來
[02:59:45.000 --> 02:59:47.000]  每一個人都懂得怎樣接波
[02:59:47.000 --> 02:59:49.000]  然後去愛他
[02:59:49.000 --> 02:59:50.000]  弟兄姐妹
[02:59:50.000 --> 02:59:53.000]  接波是一個真正的
[02:59:53.000 --> 02:59:54.000]  很重要的起始點
[02:59:54.000 --> 02:59:55.000]  是每一個人開始
[02:59:55.000 --> 02:59:56.000]  由自己開始做
[02:59:56.000 --> 02:59:57.000]  好了
[02:59:57.000 --> 02:59:58.000]  跟著我們花點時間
[02:59:58.000 --> 03:00:00.000]  來講一講婚姻的問題
[03:00:00.000 --> 03:00:02.000]  婚姻的問題很敏感
[03:00:02.000 --> 03:00:04.000]  先講第一項
[03:00:04.000 --> 03:00:07.000]  第十一節和十二節
[03:00:07.000 --> 03:00:10.000]  神說你做了一件錯事
[03:00:10.000 --> 03:00:13.000]  做了一件不忠的事
[03:00:13.000 --> 03:00:17.000]  就是因為你褻瀆了
[03:00:17.000 --> 03:00:20.000]  神所喜愛的聖潔
[03:00:20.000 --> 03:00:26.000]  取了那些侍奉愛邦神的女子為妻
[03:00:26.000 --> 03:00:30.000]  究竟這個問題在哪裏呢?
[03:00:30.000 --> 03:00:31.000]  多一個人
[03:00:31.000 --> 03:00:32.000]  好像以色列人那樣
[03:00:32.000 --> 03:00:33.000]  他娶了或者嫁了一個
[03:00:33.000 --> 03:00:37.000]  侍奉愛邦神的配偶的時候
[03:00:37.000 --> 03:00:40.000]  請寬恕我聖經只能夠很清楚
[03:00:40.000 --> 03:00:41.000]  我跟著聖經
[03:00:41.000 --> 03:00:44.000]  有兩句評價
[03:00:44.000 --> 03:00:45.000]  有兩句評語
[03:00:45.000 --> 03:00:47.000]  第十一節和上半節
[03:00:47.000 --> 03:00:50.000]  聖經說這是一件可憎的事
[03:00:50.000 --> 03:00:52.000]  我找遍原文都沒有辦法
[03:00:52.000 --> 03:00:55.000]  去減低這個字眼的殺傷力
[03:00:55.000 --> 03:00:56.000]  所以我只能夠照譯
[03:00:56.000 --> 03:00:58.000]  說是一件可憎的事
[03:00:58.000 --> 03:00:59.000]  這是神所說的
[03:00:59.000 --> 03:01:00.000]  第二
[03:01:00.000 --> 03:01:04.000]  他是褻瀆神所愛的聖潔
[03:01:04.000 --> 03:01:07.000]  你說有沒有這麼嚴重呢?
[03:01:07.000 --> 03:01:10.000]  我想和大家講一下
[03:01:10.000 --> 03:01:14.000]  我自己心底裏所說的
[03:01:14.000 --> 03:01:16.000]  我們都處理過很多的婚姻
[03:01:16.000 --> 03:01:17.000]  事實上是的
[03:01:17.000 --> 03:01:19.000]  有很多不同的情況
[03:01:19.000 --> 03:01:20.000]  我不想如法地說
[03:01:20.000 --> 03:01:21.000]  可以或不可以
[03:01:21.000 --> 03:01:22.000]  信而不信
[03:01:22.000 --> 03:01:23.000]  可不可以拍拖
[03:01:23.000 --> 03:01:24.000]  可以或不可以
[03:01:24.000 --> 03:01:25.000]  可不可以結婚
[03:01:25.000 --> 03:01:26.000]  可以或不可以
[03:01:26.000 --> 03:01:27.000]  不是這麼簡單
[03:01:27.000 --> 03:01:28.000]  我都明白
[03:01:28.000 --> 03:01:29.000]  希望你明白
[03:01:29.000 --> 03:01:30.000]  我是一個很囂張的人
[03:01:30.000 --> 03:01:31.000]  我和我太太都是一個
[03:01:31.000 --> 03:01:32.000]  很有人情味的人
[03:01:32.000 --> 03:01:33.000]  我見過很多不同的情況
[03:01:33.000 --> 03:01:35.000]  但我都是想和大家講一些
[03:01:35.000 --> 03:01:37.000]  今晚我想和大家講一些
[03:01:37.000 --> 03:01:39.000]  我看到、明白
[03:01:39.000 --> 03:01:42.000]  按照聖經講出來的話
[03:01:42.000 --> 03:01:43.000]  希望你理解
[03:01:43.000 --> 03:01:44.000]  希望你原諒我
[03:01:44.000 --> 03:01:46.000]  如果你在這樣的掙扎當中
[03:01:46.000 --> 03:01:48.000]  我不是想審判你
[03:01:48.000 --> 03:01:50.000]  我知道教會裏面不容易
[03:01:50.000 --> 03:01:51.000]  不容易
[03:01:51.000 --> 03:01:52.000]  很多弟兄姊妹
[03:01:52.000 --> 03:01:53.000]  在他們的婚姻
[03:01:53.000 --> 03:01:54.000]  在他們的配偶
[03:01:54.000 --> 03:01:55.000]  在他們的戀愛裏面
[03:01:55.000 --> 03:01:57.000]  特別在這一點上
[03:01:57.000 --> 03:01:58.000]  有很多的掙扎
[03:01:58.000 --> 03:02:00.000]  我明白你的掙扎難處
[03:02:00.000 --> 03:02:01.000]  你的痛苦
[03:02:01.000 --> 03:02:05.000]  我希望你了解聖經的真理
[03:02:05.000 --> 03:02:07.000]  我想解釋給你聽
[03:02:07.000 --> 03:02:08.000]  第一
[03:02:08.000 --> 03:02:11.000]  為什麼神說這是一件可憎的事呢?
[03:02:11.000 --> 03:02:16.000]  因為這是一個不相信神的人
[03:02:16.000 --> 03:02:17.000]  真誠的人
[03:02:17.000 --> 03:02:18.000]  如果說神
[03:02:18.000 --> 03:02:19.000]  不是普通的神
[03:02:19.000 --> 03:02:20.000]  是耶和華神的人
[03:02:20.000 --> 03:02:22.000]  他是不相信耶和華神
[03:02:22.000 --> 03:02:24.000]  或者我們相信耶穌基督的人
[03:02:24.000 --> 03:02:27.000]  所以他是一個敬拜偶像
[03:02:27.000 --> 03:02:30.000]  他敬拜偶像的時候
[03:02:30.000 --> 03:02:32.000]  你和他結婚
[03:02:32.000 --> 03:02:36.000]  面對著一個很重要
[03:02:36.000 --> 03:02:40.000]  很嚴重的兩難的問題
[03:02:40.000 --> 03:02:42.000]  兩難的dilemma
[03:02:42.000 --> 03:02:44.000]  為什麼呢?
[03:02:44.000 --> 03:02:45.000]  因為一個婚姻
[03:02:45.000 --> 03:02:47.000]  在我們的信仰裏面
[03:02:47.000 --> 03:02:50.000]  是二人成為一體的
[03:02:50.000 --> 03:02:52.000]  二人成為一體
[03:02:52.000 --> 03:02:55.000]  所以兩個生命是結連在一起的
[03:02:55.000 --> 03:02:57.000]  不分開的
[03:02:57.000 --> 03:03:00.000]  但是如果你另外一半
[03:03:00.000 --> 03:03:03.000]  他的心是給了另外一個神的時候
[03:03:03.000 --> 03:03:05.000]  你聽得明白分別在哪裡嗎?
[03:03:05.000 --> 03:03:07.000]  那你和他二人成為一體的時候
[03:03:07.000 --> 03:03:09.000]  你面對著一個很大的兩難之間
[03:03:09.000 --> 03:03:11.000]  你如果要按照聖經的婚姻觀
[03:03:11.000 --> 03:03:13.000]  你和他二人成為一體
[03:03:13.000 --> 03:03:16.000]  你就要和他同一個主
[03:03:16.000 --> 03:03:18.000]  因為那個是他的神
[03:03:18.000 --> 03:03:20.000]  你的神和他的神是不同的時候
[03:03:20.000 --> 03:03:21.000]  要不就是他跟你
[03:03:21.000 --> 03:03:23.000]  他不肯跟你就變成你跟他
[03:03:23.000 --> 03:03:25.000]  是同一個神
[03:03:25.000 --> 03:03:27.000]  如果你說我和他結婚
[03:03:27.000 --> 03:03:29.000]  但是他有他的神
[03:03:29.000 --> 03:03:31.000]  我有我的神的時候
[03:03:31.000 --> 03:03:33.000]  你就不能夠二人成為一體
[03:03:33.000 --> 03:03:35.000]  要不你就不能夠二人成為一體
[03:03:35.000 --> 03:03:38.000]  要不你就敬拜別神和他一起
[03:03:40.000 --> 03:03:43.000]  你說我很希望結了婚之後
[03:03:43.000 --> 03:03:45.000]  他相信我一個就行了
[03:03:45.000 --> 03:03:46.000]  有這樣的情況
[03:03:46.000 --> 03:03:48.000]  不過不一定有把握
[03:03:48.000 --> 03:03:53.000]  這個是一個很現實的問題
[03:03:53.000 --> 03:03:55.000]  很多時候有些大英姐妹來問我
[03:03:55.000 --> 03:03:57.000]  我和不信的拍拖可以嗎?
[03:03:57.000 --> 03:03:59.000]  我說我不是不給
[03:03:59.000 --> 03:04:01.000]  我和不信的結婚可以嗎?
[03:04:01.000 --> 03:04:02.000]  我說我很難跟你說
[03:04:02.000 --> 03:04:04.000]  我只是想說現實的情況給你聽
[03:04:04.000 --> 03:04:06.000]  那個情況就是
[03:04:06.000 --> 03:04:08.000]  一個真正好的婚姻是兩個人的心靈
[03:04:08.000 --> 03:04:10.000]  不單是身體
[03:04:10.000 --> 03:04:12.000]  是心靈結合在一起
[03:04:12.000 --> 03:04:14.000]  大家分享他最憂慮的
[03:04:14.000 --> 03:04:16.000]  最快樂的最不快樂的
[03:04:16.000 --> 03:04:18.000]  你可以想像
[03:04:18.000 --> 03:04:20.000]  如果和一個不信的人結了婚之後
[03:04:20.000 --> 03:04:22.000]  你仍然很愛主
[03:04:22.000 --> 03:04:24.000]  於是你在教會裏面
[03:04:24.000 --> 03:04:26.000]  你最快樂的事情
[03:04:26.000 --> 03:04:28.000]  回去和他分享他不明白
[03:04:28.000 --> 03:04:30.000]  什麼快樂才能做到身水身汗
[03:04:30.000 --> 03:04:31.000]  有什麼好快樂的
[03:04:31.000 --> 03:04:32.000]  有人信了耶穌
[03:04:32.000 --> 03:04:33.000]  以後多幾個人
[03:04:33.000 --> 03:04:35.000]  教會什麼時候能夠坐滿呢?
[03:04:35.000 --> 03:04:37.000]  你很慘的你明白嗎?
[03:04:37.000 --> 03:04:39.000]  更慘的是你教會裏面
[03:04:39.000 --> 03:04:41.000]  不開心的事情你和他說
[03:04:41.000 --> 03:04:43.000]  就告訴你了
[03:04:43.000 --> 03:04:44.000]  早叫你不要去
[03:04:44.000 --> 03:04:46.000]  什麼團體的了
[03:04:46.000 --> 03:04:47.000]  自己找來搞
[03:04:47.000 --> 03:04:48.000]  還這麼生氣
[03:04:48.000 --> 03:04:50.000]  那些人才那些傻子
[03:04:50.000 --> 03:04:51.000]  你很難的
[03:04:51.000 --> 03:04:53.000]  你不能夠像一位弟兄姐妹
[03:04:53.000 --> 03:04:54.000]  明白你和他說
[03:04:54.000 --> 03:04:55.000]  教會裏面有些問題
[03:04:55.000 --> 03:04:57.000]  好像今天我跟你說的那樣
[03:04:57.000 --> 03:04:58.000]  教會有問題
[03:04:58.000 --> 03:04:59.000]  不過是自己的家
[03:04:59.000 --> 03:05:01.000]  我們大家一起從頭再來過
[03:05:01.000 --> 03:05:03.000]  那種鼓勵你沒有的
[03:05:03.000 --> 03:05:04.000]  我告訴你
[03:05:04.000 --> 03:05:05.000]  這個是很現實的問題
[03:05:05.000 --> 03:05:07.000]  你每一次侍奉裏面最快樂的
[03:05:07.000 --> 03:05:08.000]  最不快樂的
[03:05:08.000 --> 03:05:10.000]  都沒辦法回去和他分享的時候
[03:05:10.000 --> 03:05:13.000]  你發覺你怎麼可以二人成為一體呢?
[03:05:13.000 --> 03:05:15.000]  你沒辦法享受那個二人成為一體
[03:05:15.000 --> 03:05:18.000]  除非你的信仰對於你是不重要的
[03:05:18.000 --> 03:05:20.000]  是很邊緣的
[03:05:20.000 --> 03:05:21.000]  那就算了
[03:05:21.000 --> 03:05:24.000]  如果你的信仰是你最重要的東西
[03:05:24.000 --> 03:05:25.000]  人生裏面最重要的東西
[03:05:25.000 --> 03:05:27.000]  而在最重要的東西上
[03:05:27.000 --> 03:05:28.000]  對方這個成為二人的
[03:05:28.000 --> 03:05:29.000]  成為一體的人
[03:05:29.000 --> 03:05:31.000]  是和你完全分享不了的
[03:05:31.000 --> 03:05:32.000]  我告訴你
[03:05:32.000 --> 03:05:33.000]  你每天的生活
[03:05:33.000 --> 03:05:34.000]  每一次的生活
[03:05:34.000 --> 03:05:35.000]  每一次的禮拜日
[03:05:35.000 --> 03:05:36.000]  每一次的週末
[03:05:36.000 --> 03:05:37.000]  對於你來說
[03:05:37.000 --> 03:05:39.000]  都是一個很大的慘痛
[03:05:39.000 --> 03:05:41.000]  很大的折磨
[03:05:41.000 --> 03:05:43.000]  我知道是這樣說的
[03:05:43.000 --> 03:05:44.000]  是不是?
[03:05:44.000 --> 03:05:45.000]  所以
[03:05:45.000 --> 03:05:46.000]  你說難不難呢?
[03:05:46.000 --> 03:05:48.000]  我覺得是很難的
[03:05:48.000 --> 03:05:50.000]  很不容易的
[03:05:50.000 --> 03:05:52.000]  做了基督徒的時候
[03:05:52.000 --> 03:05:55.000]  他的婚姻要求是更高的
[03:05:55.000 --> 03:05:56.000]  不僅是信了
[03:05:56.000 --> 03:05:57.000]  bingo
[03:05:57.000 --> 03:05:58.000]  就馬上行婚禮
[03:05:58.000 --> 03:05:59.000]  快快快
[03:05:59.000 --> 03:06:00.000]  在他還沒有反口之前
[03:06:00.000 --> 03:06:02.000]  不是這麼簡單的
[03:06:02.000 --> 03:06:04.000]  你以為只有名字嗎?
[03:06:04.000 --> 03:06:05.000]  他的心靈
[03:06:05.000 --> 03:06:08.000]  屬靈生命的程度要比較
[03:06:08.000 --> 03:06:09.000]  你明白嗎?
[03:06:09.000 --> 03:06:17.000]  一班獨生的姐妹來聽
[03:06:17.000 --> 03:06:20.000]  他說不是的
[03:06:20.000 --> 03:06:22.000]  獨生的姐妹的問題
[03:06:22.000 --> 03:06:24.000]  就獨生姐妹來聽
[03:06:24.000 --> 03:06:25.000]  我說不是的
[03:06:25.000 --> 03:06:26.000]  全個教會的問題
[03:06:26.000 --> 03:06:27.000]  他說不是吧
[03:06:27.000 --> 03:06:28.000]  那些姐妹嫁不出去
[03:06:28.000 --> 03:06:29.000]  我說屁
[03:06:29.000 --> 03:06:31.000]  嫁不出去
[03:06:33.000 --> 03:06:36.000]  我教會裏面很多姐妹
[03:06:36.000 --> 03:06:38.000]  比很多人都好
[03:06:38.000 --> 03:06:40.000]  以他們的條件
[03:06:40.000 --> 03:06:41.000]  以他們的才幹
[03:06:41.000 --> 03:06:42.000]  以他們的學問
[03:06:42.000 --> 03:06:44.000]  以他們的人格
[03:06:44.000 --> 03:06:46.000]  以他們的那種溫柔
[03:06:46.000 --> 03:06:47.000]  以他們的操守
[03:06:47.000 --> 03:06:49.000]  你以為他們嫁不出去嗎?
[03:06:49.000 --> 03:06:51.000]  不過他們有所要求
[03:06:51.000 --> 03:06:53.000]  他們要求一個弟兄
[03:06:53.000 --> 03:06:56.000]  和他有相當的水準
[03:06:56.000 --> 03:06:57.000]  他才肯嫁
[03:06:57.000 --> 03:06:58.000]  你以為亂嫁29?
[03:07:00.000 --> 03:07:02.000]  你明白我說什麼嗎?
[03:07:02.000 --> 03:07:04.000]  我說獨生的姐妹的問題
[03:07:04.000 --> 03:07:06.000]  是教會裏面弟兄的問題
[03:07:06.000 --> 03:07:07.000]  因為他選來選去
[03:07:07.000 --> 03:07:09.000]  所有人士都選不到
[03:07:09.000 --> 03:07:10.000]  你明白嗎?
[03:07:10.000 --> 03:07:13.000]  對不起
[03:07:13.000 --> 03:07:14.000]  我真的要說心裏的說話
[03:07:14.000 --> 03:07:16.000]  我當時是這樣和他說的
[03:07:16.000 --> 03:07:20.000]  所有人士都降了一級
[03:07:20.000 --> 03:07:22.000]  又再降一級都沒有
[03:07:22.000 --> 03:07:24.000]  所以他不肯嫁
[03:07:24.000 --> 03:07:25.000]  不是嫁不出去
[03:07:25.000 --> 03:07:26.000]  如果他要嫁
[03:07:26.000 --> 03:07:27.000]  大班人他可以嫁
[03:07:27.000 --> 03:07:28.000]  不過沒有這樣的水準
[03:07:28.000 --> 03:07:29.000]  他就不嫁
[03:07:29.000 --> 03:07:31.000]  他寧願忍受那份感情上的寂寞
[03:07:31.000 --> 03:07:32.000]  他都不嫁
[03:07:32.000 --> 03:07:34.000]  因為他知道婚姻是嚴肅的
[03:07:34.000 --> 03:07:38.000]  所以姐妹獨生的問題
[03:07:38.000 --> 03:07:40.000]  是要弟兄來聽的
[03:07:40.000 --> 03:07:42.000]  是弟兄不爭氣的
[03:07:42.000 --> 03:07:43.000]  第一他們沒有這樣的水準
[03:07:43.000 --> 03:07:45.000]  讓姐妹可以嫁到他
[03:07:45.000 --> 03:07:47.000]  第二是他找不到更多的男人
[03:07:47.000 --> 03:07:49.000]  進來信耶穌
[03:07:49.000 --> 03:07:51.000]  你叫姐妹出去找男人
[03:07:51.000 --> 03:07:52.000]  來信耶穌嗎?
[03:07:52.000 --> 03:07:54.000]  當然是我們教會的弟兄
[03:07:54.000 --> 03:07:55.000]  去找其他人
[03:07:55.000 --> 03:07:56.000]  如果教會為什麼這麼少弟兄
[03:07:56.000 --> 03:07:58.000]  為什麼這麼少這麼多姐妹
[03:07:58.000 --> 03:08:00.000]  問誰啊?問弟兄啊
[03:08:00.000 --> 03:08:02.000]  是不是啊?
[03:08:02.000 --> 03:08:03.000]  弟兄不出去傳福音
[03:08:03.000 --> 03:08:05.000]  不能平衡啊
[03:08:05.000 --> 03:08:09.000]  我那天真的這樣和他說
[03:08:09.000 --> 03:08:11.000]  他眼睛都大了
[03:08:11.000 --> 03:08:14.000]  好啊好啊好啊
[03:08:14.000 --> 03:08:17.000]  那一晚真的感謝主啊
[03:08:17.000 --> 03:08:18.000]  來參加這個聚會
[03:08:18.000 --> 03:08:19.000]  弟兄多過姐妹
[03:08:19.000 --> 03:08:21.000]  那個教會就夠了
[03:08:21.000 --> 03:08:24.000]  真的是這樣
[03:08:24.000 --> 03:08:26.000]  那個淑寧的婚姻
[03:08:26.000 --> 03:08:28.000]  是這樣的原因
[03:08:28.000 --> 03:08:30.000]  她是嚴肅的處理
[03:08:30.000 --> 03:08:32.000]  聖經裡面一樣是這麼說的
[03:08:32.000 --> 03:08:34.000]  你的婚姻是
[03:08:34.000 --> 03:08:36.000]  你不可以將你的生命
[03:08:36.000 --> 03:08:38.000]  隨便交託給一個人
[03:08:38.000 --> 03:08:39.000]  如果不是這樣
[03:08:39.000 --> 03:08:40.000]  聖經裡面說
[03:08:40.000 --> 03:08:42.000]  是涉足了神所愛的聖潔
[03:08:42.000 --> 03:08:44.000]  什麼叫聖潔呢?
[03:08:44.000 --> 03:08:46.000]  聖潔不是說道德上的問題
[03:08:46.000 --> 03:08:48.000]  聖經裡面所說的聖潔
[03:08:48.000 --> 03:08:50.000]  是特別說到
[03:08:50.000 --> 03:08:52.000]  是專一歸給神的意思
[03:08:52.000 --> 03:08:54.000]  是不是啊?大家記得
[03:08:54.000 --> 03:08:56.000]  在香港的及記那裡
[03:08:56.000 --> 03:08:58.000]  摩西走上荷列山上
[03:08:58.000 --> 03:08:59.000]  看到焚燒的荊棘
[03:08:59.000 --> 03:09:00.000]  大家記得那一段
[03:09:00.000 --> 03:09:01.000]  是不是?
[03:09:01.000 --> 03:09:02.000]  摩西走過去看
[03:09:02.000 --> 03:09:04.000]  神就在荊棘裡面呼叫摩西
[03:09:04.000 --> 03:09:06.000]  摩西你停在那裡
[03:09:06.000 --> 03:09:07.000]  脫掉你的鞋
[03:09:07.000 --> 03:09:09.000]  因為這裡是聖潔的
[03:09:09.000 --> 03:09:10.000]  那個圈是聖潔
[03:09:10.000 --> 03:09:11.000]  就是說
[03:09:11.000 --> 03:09:12.000]  這一截的地方
[03:09:12.000 --> 03:09:13.000]  不是摩西
[03:09:13.000 --> 03:09:14.000]  摩西沒有做錯事
[03:09:14.000 --> 03:09:15.000]  沒有打家劫地
[03:09:15.000 --> 03:09:16.000]  摩西可能送過糧
[03:09:16.000 --> 03:09:17.000]  我都不知道
[03:09:17.000 --> 03:09:19.000]  總而言之不是那個問題
[03:09:19.000 --> 03:09:21.000]  神說這裡地方是聖潔
[03:09:21.000 --> 03:09:23.000]  這裡地方是單單歸於我的
[03:09:23.000 --> 03:09:25.000]  你肯聽我的話才走過來
[03:09:25.000 --> 03:09:26.000]  你不聽我的話
[03:09:26.000 --> 03:09:27.000]  你不要走過來
[03:09:27.000 --> 03:09:28.000]  就是這樣的意思
[03:09:28.000 --> 03:09:29.000]  聖潔的意思就是
[03:09:29.000 --> 03:09:31.000]  你是單單屬於我的
[03:09:31.000 --> 03:09:33.000]  不屬於其他人的
[03:09:33.000 --> 03:09:35.000]  一個婚姻
[03:09:35.000 --> 03:09:39.000]  是要建立一個單單屬於神的婚姻的時候
[03:09:39.000 --> 03:09:40.000]  你那個配偶
[03:09:40.000 --> 03:09:42.000]  神說我不可以忍受你
[03:09:42.000 --> 03:09:44.000]  找一個在信仰裡面
[03:09:44.000 --> 03:09:46.000]  和你完全不同的人
[03:09:46.000 --> 03:09:48.000]  一起過生活
[03:09:48.000 --> 03:09:51.000]  這個就是聖經裡面所說的話
[03:09:51.000 --> 03:09:54.000]  所以聖經裡面有宣判
[03:09:54.000 --> 03:09:56.000]  宣判有兩句話
[03:09:56.000 --> 03:09:57.000]  第一
[03:09:57.000 --> 03:09:59.000]  如果這樣的話
[03:09:59.000 --> 03:10:00.000]  第十二節下半節說
[03:10:00.000 --> 03:10:03.000]  你就無份於神的關懷
[03:10:03.000 --> 03:10:04.000]  神的關係
[03:10:04.000 --> 03:10:06.000]  這個好像很嚴重
[03:10:06.000 --> 03:10:07.000]  聖經所說的就是
[03:10:07.000 --> 03:10:10.000]  你剪除於瓦國的帳篷
[03:10:10.000 --> 03:10:12.000]  你就是神的虎狼
[03:10:12.000 --> 03:10:16.000]  希伯來文的 passive voice和active voice
[03:10:16.000 --> 03:10:18.000]  有一點點是模糊的
[03:10:18.000 --> 03:10:19.000]  我們不是說
[03:10:19.000 --> 03:10:21.000]  好,你這樣我就剪除你
[03:10:21.000 --> 03:10:22.000]  嘩,這麼兇
[03:10:22.000 --> 03:10:23.000]  不是
[03:10:23.000 --> 03:10:25.000]  這裡說的是一種結果
[03:10:25.000 --> 03:10:26.000]  一種後果
[03:10:26.000 --> 03:10:27.000]  如果你這樣的時候
[03:10:27.000 --> 03:10:29.000]  你就會在瓦國的帳篷裡面
[03:10:29.000 --> 03:10:31.000]  慢慢慢慢消逝
[03:10:31.000 --> 03:10:33.000]  無份的意思
[03:10:33.000 --> 03:10:35.000]  瓦國的帳篷是什麼意思呢?
[03:10:35.000 --> 03:10:37.000]  瓦國的帳篷有一個特別的意義
[03:10:37.000 --> 03:10:38.000]  瓦國的帳篷
[03:10:38.000 --> 03:10:39.000]  你知道以色列人
[03:10:39.000 --> 03:10:43.000]  大家住在同一個帳幕裡面
[03:10:43.000 --> 03:10:44.000]  所以有一個意思
[03:10:44.000 --> 03:10:45.000]  瓦國的帳篷
[03:10:45.000 --> 03:10:46.000]  就是大家在一起
[03:10:46.000 --> 03:10:49.000]  那種fellowship,communion
[03:10:49.000 --> 03:10:50.000]  同一個帳篷下
[03:10:50.000 --> 03:10:53.000]  就好像我們同一個獅子山下的意思
[03:10:53.000 --> 03:10:55.000]  我們大家是一家人的意思
[03:10:55.000 --> 03:10:57.000]  事實上這個是是的
[03:10:57.000 --> 03:10:58.000]  結果會是的
[03:10:58.000 --> 03:10:59.000]  很多時候我說
[03:10:59.000 --> 03:11:00.000]  我不要緊
[03:11:00.000 --> 03:11:01.000]  我信了耶穌
[03:11:01.000 --> 03:11:02.000]  他還沒信
[03:11:02.000 --> 03:11:03.000]  於是就帶他來禮拜堂
[03:11:03.000 --> 03:11:04.000]  是的
[03:11:04.000 --> 03:11:06.000]  希望可以這樣
[03:11:06.000 --> 03:11:09.000]  但是不一定每次都行得通
[03:11:09.000 --> 03:11:10.000]  反而更多的情況
[03:11:10.000 --> 03:11:11.000]  我告訴你
[03:11:11.000 --> 03:11:12.000]  我看到的就是
[03:11:12.000 --> 03:11:13.000]  你回到禮拜堂的時候
[03:11:13.000 --> 03:11:15.000]  你自己心裡面又有東西了
[03:11:15.000 --> 03:11:17.000]  大英傳媒本來都沒有東西的
[03:11:17.000 --> 03:11:18.000]  剛才說的
[03:11:18.000 --> 03:11:19.000]  你就認住他有東西了
[03:11:19.000 --> 03:11:20.000]  是的
[03:11:20.000 --> 03:11:21.000]  當然是認住我
[03:11:21.000 --> 03:11:22.000]  同一個還沒信的結婚
[03:11:22.000 --> 03:11:23.000]  和同一個還沒信的拍拖
[03:11:23.000 --> 03:11:27.000]  於是你心裡面就不想和他講了
[03:11:27.000 --> 03:11:30.000]  尤其是講到你和你男友吵架了
[03:11:30.000 --> 03:11:32.000]  你都不能夠在團體裡面分享
[03:11:32.000 --> 03:11:33.000]  因為你心裡面有東西
[03:11:33.000 --> 03:11:34.000]  那個還沒信的
[03:11:34.000 --> 03:11:35.000]  於是你說
[03:11:35.000 --> 03:11:36.000]  那些人真的不會喜歡的
[03:11:36.000 --> 03:11:37.000]  我再講出來
[03:11:37.000 --> 03:11:38.000]  那些人心裡面肯定是說
[03:11:38.000 --> 03:11:39.000]  肯定是落伍的
[03:11:39.000 --> 03:11:40.000]  說我們看戲死了
[03:11:40.000 --> 03:11:41.000]  那些還沒信
[03:11:41.000 --> 03:11:42.000]  和他拍拖
[03:11:42.000 --> 03:11:43.000]  和他拍拖
[03:11:43.000 --> 03:11:44.000]  信了耶穌
[03:11:44.000 --> 03:11:45.000]  一樣會吵架
[03:11:45.000 --> 03:11:46.000]  但是不知道為什麼
[03:11:46.000 --> 03:11:47.000]  心裡面就多一個陰影了
[03:11:47.000 --> 03:11:48.000]  於是那個陰影
[03:11:48.000 --> 03:11:49.000]  可能是你做出來的
[03:11:49.000 --> 03:11:50.000]  大英傳媒沒有這樣的意思
[03:11:50.000 --> 03:11:51.000]  大英傳媒都很想幫你
[03:11:51.000 --> 03:11:53.000]  大英傳媒都很關心你
[03:11:53.000 --> 03:11:55.000]  不過你心裡面就有一個抗拒
[03:11:55.000 --> 03:11:56.000]  於是回來
[03:11:56.000 --> 03:11:57.000]  覺得那些人
[03:11:57.000 --> 03:11:58.000]  不知道為什麼眼光這樣看我
[03:11:58.000 --> 03:11:59.000]  這麼奇怪
[03:11:59.000 --> 03:12:01.000]  於是退下退下
[03:12:01.000 --> 03:12:03.000]  開始和大英傳媒梳理
[03:12:03.000 --> 03:12:05.000]  到最後你不想回禮拜堂
[03:12:05.000 --> 03:12:06.000]  覺得你不明白我
[03:12:06.000 --> 03:12:08.000]  那些情況你不明白
[03:12:08.000 --> 03:12:09.000]  你只會審判我
[03:12:09.000 --> 03:12:11.000]  我見到很多的情況
[03:12:11.000 --> 03:12:13.000]  慢慢慢慢
[03:12:13.000 --> 03:12:15.000]  在教會裡面消失
[03:12:15.000 --> 03:12:19.000]  在瓦國的帳篷裡面退出
[03:12:19.000 --> 03:12:22.000]  失去了同一個帳篷下
[03:12:22.000 --> 03:12:25.000]  那種團體的信任
[03:12:25.000 --> 03:12:26.000]  所以這個和團體的信任
[03:12:26.000 --> 03:12:27.000]  一樣有關係
[03:12:27.000 --> 03:12:29.000]  第二個結果
[03:12:29.000 --> 03:12:32.000]  就是就算你用公物
[03:12:32.000 --> 03:12:34.000]  給萬君子的話
[03:12:34.000 --> 03:12:35.000]  他都不接受
[03:12:35.000 --> 03:12:37.000]  這個是繼十二節
[03:12:37.000 --> 03:12:39.000]  上半節所說的
[03:12:39.000 --> 03:12:41.000]  在說什麼呢
[03:12:41.000 --> 03:12:45.000]  沒有將功贖罪這回事
[03:12:45.000 --> 03:12:49.000]  沒有將功贖罪這回事
[03:12:49.000 --> 03:12:50.000]  在信仰裡面
[03:12:50.000 --> 03:12:53.000]  在我們所相信的神裡面
[03:12:53.000 --> 03:12:56.000]  在哪件事上有問題
[03:12:56.000 --> 03:12:58.000]  就在那件事出路
[03:12:58.000 --> 03:13:00.000]  不能將功贖罪的
[03:13:00.000 --> 03:13:02.000]  其他宗教可能有
[03:13:02.000 --> 03:13:04.000]  王大仙可能有
[03:13:04.000 --> 03:13:06.000]  其他的宗教可能有
[03:13:06.000 --> 03:13:08.000]  在台灣有宗教
[03:13:08.000 --> 03:13:09.000]  我不說哪個了
[03:13:09.000 --> 03:13:11.000]  罵人就不好意思了
[03:13:11.000 --> 03:13:12.000]  但是我知道
[03:13:12.000 --> 03:13:14.000]  有些打家劫舍的
[03:13:14.000 --> 03:13:17.000]  拿了很多很多不明德法的錢
[03:13:17.000 --> 03:13:19.000]  然後他良心不安樂
[03:13:19.000 --> 03:13:22.000]  怕將來落地獄炸油鍋
[03:13:22.000 --> 03:13:24.000]  於是簽了香油
[03:13:24.000 --> 03:13:26.000]  給了那個組織
[03:13:26.000 --> 03:13:28.000]  他就幫他打債念經
[03:13:28.000 --> 03:13:30.000]  心裡面安樂
[03:13:30.000 --> 03:13:32.000]  這些是其他宗教的做法
[03:13:32.000 --> 03:13:35.000]  對不起基督教沒有這個規矩
[03:13:35.000 --> 03:13:38.000]  我只知道在啟示錄
[03:13:38.000 --> 03:13:40.000]  在伊弗所教會說
[03:13:40.000 --> 03:13:42.000]  你在哪裡墜落
[03:13:42.000 --> 03:13:44.000]  你就在那裡悔改起來
[03:13:44.000 --> 03:13:46.000]  沒有說在這裡墜落
[03:13:46.000 --> 03:13:47.000]  在那邊起來
[03:13:47.000 --> 03:13:49.000]  你說我和這個拍拖
[03:13:49.000 --> 03:13:51.000]  我唱詩班行不行
[03:13:51.000 --> 03:13:53.000]  不行對不起
[03:13:53.000 --> 03:13:56.000]  唱詩班還唱詩班
[03:13:56.000 --> 03:13:58.000]  神會喜歡你唱詩班
[03:13:58.000 --> 03:14:01.000]  不過不等於你那件事就沒了
[03:14:01.000 --> 03:14:03.000]  我全埋福音都不行
[03:14:03.000 --> 03:14:05.000]  在哪件事上
[03:14:05.000 --> 03:14:07.000]  你和神有問題
[03:14:07.000 --> 03:14:10.000]  在婚姻感情上出了問題
[03:14:10.000 --> 03:14:13.000]  在信仰婚姻上有問題
[03:14:13.000 --> 03:14:15.000]  在那件事上解決
[03:14:15.000 --> 03:14:18.000]  聖經說就算你把供物還給萬骨爺
[03:14:18.000 --> 03:14:21.000]  神說對不起
[03:14:21.000 --> 03:14:25.000]  祭物我要不等於取消了你那件事
[03:14:25.000 --> 03:14:27.000]  你那件事在那個問題上
[03:14:27.000 --> 03:14:29.000]  又是那個問題
[03:14:29.000 --> 03:14:32.000]  這個就是聖經裡面所說的
[03:14:32.000 --> 03:14:35.000]  所以你明白我真的很腳軟
[03:14:35.000 --> 03:14:37.000]  講完了這段
[03:14:37.000 --> 03:14:38.000]  希望你明白
[03:14:38.000 --> 03:14:39.000]  OK
[03:14:39.000 --> 03:14:40.000]  神知道
[03:14:40.000 --> 03:14:43.000]  我要說的真是按照聖經裡面所說
[03:14:43.000 --> 03:14:45.000]  我盡了力量來解釋給你聽
[03:14:45.000 --> 03:14:49.000]  希望不會讓你心靈上再加上一腳
[03:14:49.000 --> 03:14:51.000]  我知道是不容易
[03:14:51.000 --> 03:14:52.000]  但希望不會加上一腳
[03:14:52.000 --> 03:14:53.000]  但真是神是這樣的要求
[03:14:53.000 --> 03:14:55.000]  我希望你明白
[03:14:55.000 --> 03:14:58.000]  最後我花一點時間講一下第二類
[03:14:58.000 --> 03:15:00.000]  第十三節接著第十六節
[03:15:00.000 --> 03:15:03.000]  就是說他這幫人還加多一件錯
[03:15:03.000 --> 03:15:06.000]  就是原來他再找多一個老婆
[03:15:06.000 --> 03:15:08.000]  那個已經不是信主了
[03:15:08.000 --> 03:15:09.000]  剛才說了
[03:15:09.000 --> 03:15:10.000]  現在第一個問題就是
[03:15:10.000 --> 03:15:13.000]  還有一個問題就是本來已經有一個太太
[03:15:13.000 --> 03:15:15.000]  幼年所娶的妻子
[03:15:15.000 --> 03:15:18.000]  所謂幼年其實原文是年輕的時候
[03:15:18.000 --> 03:15:19.000]  大家都明白
[03:15:19.000 --> 03:15:22.000]  就是說和這幫人說你年輕的時候
[03:15:22.000 --> 03:15:24.000]  這幫人都不當年輕
[03:15:24.000 --> 03:15:26.000]  結了婚一段日子
[03:15:26.000 --> 03:15:28.000]  就娶了一個義邦的
[03:15:28.000 --> 03:15:31.000]  侍奉愛邦神的太太
[03:15:31.000 --> 03:15:33.000]  背棄了他的妻子
[03:15:33.000 --> 03:15:35.000]  所以這十三節
[03:15:35.000 --> 03:15:38.000]  接著下去的時候就說
[03:15:38.000 --> 03:15:39.000]  你們做了一件事
[03:15:39.000 --> 03:15:40.000]  又做了一件事
[03:15:40.000 --> 03:15:46.000]  寫到前妻嘆息哭泣的眼淚遮蓋耀和華的痰
[03:15:46.000 --> 03:15:47.000]  很文學性
[03:15:47.000 --> 03:15:50.000]  前妻哭泣的眼淚遮蓋耀和華的痰
[03:15:50.000 --> 03:15:54.000]  這一句是極難翻譯的希伯來文
[03:15:54.000 --> 03:15:56.000]  因為他沒有說主持是誰
[03:15:56.000 --> 03:15:58.000]  他沒有說眼淚是誰
[03:15:58.000 --> 03:16:00.000]  所以很多神學家就不同的解釋
[03:16:00.000 --> 03:16:04.000]  有些人說是他太太以前的妻子
[03:16:04.000 --> 03:16:06.000]  為什麼眼淚很明顯
[03:16:06.000 --> 03:16:07.000]  當然是哭了
[03:16:07.000 --> 03:16:08.000]  哭到快要死了
[03:16:08.000 --> 03:16:10.000]  你現在見異思遷
[03:16:10.000 --> 03:16:12.000]  找了另一個二奶
[03:16:12.000 --> 03:16:14.000]  當然是哭得很慘的眼淚
[03:16:14.000 --> 03:16:16.000]  遮蓋耀和華的痰
[03:16:16.000 --> 03:16:18.000]  就是說在神的面前哭泣
[03:16:18.000 --> 03:16:21.000]  你看看你怎麼可以修科學
[03:16:21.000 --> 03:16:23.000]  或者有些人說
[03:16:23.000 --> 03:16:25.000]  他是自己的嘆息
[03:16:25.000 --> 03:16:27.000]  自己的眼淚
[03:16:27.000 --> 03:16:31.000]  那個代表他也有一種掙扎
[03:16:31.000 --> 03:16:33.000]  很難過
[03:16:33.000 --> 03:16:36.000]  但是一種很悲劇性的男人掙扎
[03:16:36.000 --> 03:16:38.000]  哎呀 我的愛心太多了
[03:16:38.000 --> 03:16:40.000]  為什麼都不行呢
[03:16:40.000 --> 03:16:42.000]  我又理過家庭
[03:16:42.000 --> 03:16:43.000]  我又愛過兒子
[03:16:43.000 --> 03:16:45.000]  到時候我又給家用回家
[03:16:45.000 --> 03:16:47.000]  不過我在大陸再找多一個
[03:16:47.000 --> 03:16:48.000]  餵殖一下而已
[03:16:48.000 --> 03:16:49.000]  這樣都不行
[03:16:49.000 --> 03:16:51.000]  我聽到很多男人這樣說話
[03:16:51.000 --> 03:16:52.000]  嚇死你的
[03:16:52.000 --> 03:16:53.000]  所以很多嘆息
[03:16:53.000 --> 03:16:54.000]  很多眼淚
[03:16:54.000 --> 03:16:56.000]  覺得自己很悲情
[03:16:56.000 --> 03:16:58.000]  那還活該
[03:16:58.000 --> 03:17:00.000]  還活該連錯都不知道
[03:17:00.000 --> 03:17:02.000]  於是神說
[03:17:02.000 --> 03:17:04.000]  我告訴你究竟錯在哪裡
[03:17:04.000 --> 03:17:06.000]  雖然短短的十四、十五、十六節
[03:17:06.000 --> 03:17:08.000]  兩節的聖經
[03:17:08.000 --> 03:17:11.000]  神說好了
[03:17:11.000 --> 03:17:13.000]  起碼我看到有五樣的錯誤
[03:17:13.000 --> 03:17:15.000]  我想和大家說一說
[03:17:15.000 --> 03:17:17.000]  如果有個專題
[03:17:17.000 --> 03:17:19.000]  就是鮑爾拉的錯
[03:17:19.000 --> 03:17:20.000]  五大罪狀
[03:17:20.000 --> 03:17:22.000]  第一
[03:17:22.000 --> 03:17:25.000]  他是不守誓言
[03:17:25.000 --> 03:17:27.000]  十四節說
[03:17:27.000 --> 03:17:29.000]  你知不知道你曾經
[03:17:29.000 --> 03:17:31.000]  說你這個幼年所妻
[03:17:31.000 --> 03:17:35.000]  是神在你中間作見證
[03:17:35.000 --> 03:17:37.000]  她雖是你的配偶
[03:17:37.000 --> 03:17:39.000]  又是你盟約的妻
[03:17:39.000 --> 03:17:41.000]  你卻對她不忠
[03:17:41.000 --> 03:17:43.000]  你以不忠和掩飾待她
[03:17:43.000 --> 03:17:45.000]  這句話
[03:17:45.000 --> 03:17:47.000]  很明顯的
[03:17:47.000 --> 03:17:49.000]  這句聖經一看就知道
[03:17:49.000 --> 03:17:51.000]  用了字眼
[03:17:51.000 --> 03:17:53.000]  明明說到《創世紀》第二章那段
[03:17:53.000 --> 03:17:55.000]  配偶神作見證
[03:17:55.000 --> 03:17:57.000]  我想告訴你
[03:17:57.000 --> 03:17:58.000]  婚姻是怎樣的
[03:17:58.000 --> 03:18:00.000]  在《創世紀》第一個婚禮
[03:18:00.000 --> 03:18:01.000]  其實是一個婚禮
[03:18:01.000 --> 03:18:03.000]  如果你研究希伯來的歷史和文化
[03:18:03.000 --> 03:18:05.000]  你就知道這是一個婚禮
[03:18:05.000 --> 03:18:07.000]  大家都很熟悉那段聖經
[03:18:07.000 --> 03:18:09.000]  神造了亞當出來
[03:18:09.000 --> 03:18:11.000]  然後呢
[03:18:11.000 --> 03:18:13.000]  神看到沒有一個配偶去幫助他
[03:18:13.000 --> 03:18:15.000]  哪人獨居不好
[03:18:15.000 --> 03:18:17.000]  於是神就使亞當沉睡
[03:18:17.000 --> 03:18:19.000]  在他的身體裏拿出肋骨
[03:18:19.000 --> 03:18:21.000]  去造了一個女人
[03:18:21.000 --> 03:18:23.000]  神就很清楚
[03:18:23.000 --> 03:18:25.000]  神就把那個女人拜到亞當的面前
[03:18:25.000 --> 03:18:27.000]  然後就說
[03:18:27.000 --> 03:18:29.000]  這個是女人
[03:18:29.000 --> 03:18:31.000]  是和你結為夫妻的
[03:18:31.000 --> 03:18:33.000]  是你的配偶
[03:18:33.000 --> 03:18:35.000]  然後亞當說這是我骨中的骨
[03:18:35.000 --> 03:18:37.000]  肉中的肉
[03:18:37.000 --> 03:18:39.000]  在這個描述裏面
[03:18:39.000 --> 03:18:41.000]  其實在中東文化裏面
[03:18:41.000 --> 03:18:43.000]  大家都很容易明白
[03:18:43.000 --> 03:18:45.000]  有些像我們中國人的婚禮
[03:18:45.000 --> 03:18:47.000]  爸爸牽著女兒
[03:18:47.000 --> 03:18:49.000]  走到新郎的面前
[03:18:49.000 --> 03:18:51.000]  然後把他的女兒交給他
[03:18:51.000 --> 03:18:53.000]  大家都看過一些婚禮
[03:18:53.000 --> 03:18:55.000]  就是這樣
[03:18:55.000 --> 03:18:57.000]  這是一樣的
[03:18:57.000 --> 03:18:59.000]  把夏娃帶到亞當的面前
[03:18:59.000 --> 03:19:01.000]  然後把她交給他
[03:19:01.000 --> 03:19:03.000]  這是一個什麼樣的過程呢
[03:19:03.000 --> 03:19:05.000]  這個過程裏面我們看到一個分離
[03:19:05.000 --> 03:19:07.000]  和重合的過程
[03:19:07.000 --> 03:19:09.000]  初初是亞當沉睡
[03:19:09.000 --> 03:19:11.000]  然後神把他的骨
[03:19:11.000 --> 03:19:13.000]  分開了拿了出來
[03:19:13.000 --> 03:19:15.000]  是一個分離的過程
[03:19:15.000 --> 03:19:17.000]  然後成為一個女人
[03:19:17.000 --> 03:19:19.000]  把他帶在一起的時候
[03:19:19.000 --> 03:19:21.000]  亞當說你是我骨中的骨
[03:19:21.000 --> 03:19:23.000]  肉中的肉
[03:19:23.000 --> 03:19:25.000]  找回他自己的骨
[03:19:25.000 --> 03:19:27.000]  婚姻就是找回自己的骨
[03:19:27.000 --> 03:19:29.000]  明白嗎?就是這麼簡單
[03:19:29.000 --> 03:19:31.000]  人海茫茫中
[03:19:31.000 --> 03:19:33.000]  你是我的骨
[03:19:33.000 --> 03:19:35.000]  就是這麼解釋
[03:19:35.000 --> 03:19:37.000]  這是一個很美麗的
[03:19:37.000 --> 03:19:39.000]  然後神在當中
[03:19:39.000 --> 03:19:41.000]  作見證
[03:19:41.000 --> 03:19:43.000]  或者說神做了一個正婚人
[03:19:43.000 --> 03:19:45.000]  做了一個大的太太
[03:19:45.000 --> 03:19:47.000]  夏娃來到亞當的面前
[03:19:47.000 --> 03:19:49.000]  說這個我是骨中的骨
[03:19:49.000 --> 03:19:51.000]  肉中的肉
[03:19:51.000 --> 03:19:53.000]  很美麗的
[03:19:53.000 --> 03:19:55.000]  神做見證人
[03:19:55.000 --> 03:19:57.000]  正如今天我們很多婚禮裏面
[03:19:57.000 --> 03:19:59.000]  牧師說神所配合的
[03:19:59.000 --> 03:20:01.000]  人不可以分開
[03:20:01.000 --> 03:20:03.000]  當牧師說這句話的時候
[03:20:03.000 --> 03:20:05.000]  他不是代表某某牧師說的
[03:20:05.000 --> 03:20:07.000]  他是代表神宣佈的
[03:20:07.000 --> 03:20:09.000]  神配合你們
[03:20:09.000 --> 03:20:11.000]  人不可以分開
[03:20:11.000 --> 03:20:13.000]  所以當他移情別戀
[03:20:13.000 --> 03:20:15.000]  移情別戀的時候
[03:20:15.000 --> 03:20:17.000]  他是背棄了神所配合的
[03:20:17.000 --> 03:20:19.000]  的盟約
[03:20:19.000 --> 03:20:21.000]  這是第一樣
[03:20:21.000 --> 03:20:23.000]  第二
[03:20:23.000 --> 03:20:25.000]  他是你的配偶
[03:20:25.000 --> 03:20:27.000]  配偶是什麼意思呢?
[03:20:27.000 --> 03:20:29.000]  剛才說的
[03:20:29.000 --> 03:20:31.000]  配偶就像亞當所說的
[03:20:31.000 --> 03:20:33.000]  你是我骨中的骨
[03:20:33.000 --> 03:20:35.000]  肉中的肉
[03:20:35.000 --> 03:20:37.000]  切割了聯合的生命
[03:20:37.000 --> 03:20:39.000]  現在你走去找了第二個
[03:20:39.000 --> 03:20:41.000]  聖經是很重的
[03:20:41.000 --> 03:20:43.000]  這個只要是你的太太
[03:20:43.000 --> 03:20:45.000]  我現在講男人的
[03:20:45.000 --> 03:20:47.000]  現在什麼都有了
[03:20:47.000 --> 03:20:49.000]  我們見的案例裏面
[03:20:49.000 --> 03:20:51.000]  女人一樣有的
[03:20:51.000 --> 03:20:53.000]  找了另外一個老公
[03:20:53.000 --> 03:20:55.000]  特別重
[03:20:55.000 --> 03:20:57.000]  做事比較聰明的女人
[03:20:57.000 --> 03:20:59.000]  寂寞的那些
[03:20:59.000 --> 03:21:01.000]  和下屬男的一起住
[03:21:01.000 --> 03:21:03.000]  一樣的事
[03:21:03.000 --> 03:21:05.000]  不過我現在先罵男人
[03:21:05.000 --> 03:21:07.000]  我自己是男人
[03:21:07.000 --> 03:21:09.000]  希望大兄你原諒
[03:21:09.000 --> 03:21:11.000]  我先罵男人
[03:21:11.000 --> 03:21:13.000]  因為經常兩邊這樣講
[03:21:13.000 --> 03:21:15.000]  很辛苦
[03:21:15.000 --> 03:21:17.000]  如果你是娶了這個人回來
[03:21:17.000 --> 03:21:19.000]  有十年
[03:21:19.000 --> 03:21:21.000]  有二十年
[03:21:21.000 --> 03:21:23.000]  剛才說你年輕的
[03:21:23.000 --> 03:21:25.000]  現在都不年輕了
[03:21:25.000 --> 03:21:27.000]  二十年裏面
[03:21:27.000 --> 03:21:29.000]  他和你一起睡覺
[03:21:29.000 --> 03:21:31.000]  他給了你新的心靈
[03:21:31.000 --> 03:21:33.000]  是一個肉中的肉
[03:21:33.000 --> 03:21:35.000]  骨中的骨
[03:21:35.000 --> 03:21:37.000]  你和他聯合的
[03:21:37.000 --> 03:21:39.000]  就像我前書面講的
[03:21:39.000 --> 03:21:41.000]  就算和妓女糾合的
[03:21:41.000 --> 03:21:43.000]  都是和他成為一體的
[03:21:43.000 --> 03:21:45.000]  性的關係
[03:21:45.000 --> 03:21:47.000]  是兩個男女的感情
[03:21:47.000 --> 03:21:49.000]  去到最高峰裏面的聯合
[03:21:49.000 --> 03:21:51.000]  在神的眼中
[03:21:51.000 --> 03:21:53.000]  看來這個聯合就是真的
[03:21:53.000 --> 03:21:55.000]  所以就算你和妓女
[03:21:55.000 --> 03:21:57.000]  亂來也好
[03:21:57.000 --> 03:21:59.000]  在神的眼中
[03:21:59.000 --> 03:22:01.000]  一樣是看中你和他聯合
[03:22:01.000 --> 03:22:03.000]  你就二人成為一體
[03:22:03.000 --> 03:22:05.000]  不過你是淫褻的和他成為一體
[03:22:05.000 --> 03:22:07.000]  所以在過去
[03:22:07.000 --> 03:22:09.000]  二十年
[03:22:09.000 --> 03:22:11.000]  為什麼說二十年
[03:22:11.000 --> 03:22:13.000]  因為幾個月前
[03:22:13.000 --> 03:22:15.000]  去到一間教會在美國那邊
[03:22:15.000 --> 03:22:17.000]  聽到一件事
[03:22:17.000 --> 03:22:19.000]  有一個姐妹捉著我聊了一會
[03:22:19.000 --> 03:22:21.000]  姐妹哭得不得了
[03:22:21.000 --> 03:22:23.000]  她說我們結了婚二十年
[03:22:23.000 --> 03:22:25.000]  上一年
[03:22:25.000 --> 03:22:27.000]  我丈夫公司派她去大陸
[03:22:27.000 --> 03:22:29.000]  做生意
[03:22:29.000 --> 03:22:31.000]  幫忙做 開了一個廠
[03:22:31.000 --> 03:22:33.000]  都不夠一年就找了一個女人
[03:22:33.000 --> 03:22:35.000]  現在在辦離婚手續
[03:22:35.000 --> 03:22:37.000]  這些都不是
[03:22:37.000 --> 03:22:39.000]  很出奇的故事
[03:22:39.000 --> 03:22:41.000]  二十年
[03:22:41.000 --> 03:22:43.000]  在這二十年裏面
[03:22:43.000 --> 03:22:45.000]  你和他一起同床
[03:22:45.000 --> 03:22:47.000]  一體有性的關係
[03:22:47.000 --> 03:22:49.000]  在神的眼中二人成為一體
[03:22:49.000 --> 03:22:51.000]  今天你和另外一個女人
[03:22:51.000 --> 03:22:53.000]  去上床的時候
[03:22:53.000 --> 03:22:55.000]  你就是切割了
[03:22:55.000 --> 03:22:57.000]  你和他一起聯合的生命
[03:22:57.000 --> 03:22:59.000]  就是神經所說的
[03:22:59.000 --> 03:23:01.000]  因為他是你的配偶
[03:23:01.000 --> 03:23:03.000]  他是真心和你聯合的
[03:23:03.000 --> 03:23:05.000]  但是你和他切割了
[03:23:05.000 --> 03:23:07.000]  第三
[03:23:07.000 --> 03:23:09.000]  你是忘恩負義
[03:23:09.000 --> 03:23:11.000]  這裡說了兩次
[03:23:11.000 --> 03:23:13.000]  他是你年輕的時候
[03:23:13.000 --> 03:23:15.000]  所娶的妻
[03:23:15.000 --> 03:23:17.000]  年輕的時候所娶的妻
[03:23:17.000 --> 03:23:19.000]  什麼意思呢 年輕時候所娶的妻
[03:23:19.000 --> 03:23:21.000]  就是你現在不是很年輕
[03:23:21.000 --> 03:23:25.000]  為什麼忘恩負義
[03:23:25.000 --> 03:23:27.000]  可能你覺得他老
[03:23:27.000 --> 03:23:29.000]  可能覺得他很煩
[03:23:29.000 --> 03:23:31.000]  可能覺得他很煩
[03:23:31.000 --> 03:23:33.000]  我都在不同的書籍裏面
[03:23:33.000 --> 03:23:35.000]  寫過這些文章
[03:23:35.000 --> 03:23:37.000]  我今天都不會詳細重複再講
[03:23:37.000 --> 03:23:39.000]  我寫了很多篇文章
[03:23:39.000 --> 03:23:41.000]  有時候我們聽見很多男人在說
[03:23:41.000 --> 03:23:43.000]  唉 很難
[03:23:43.000 --> 03:23:45.000]  一比較起來就沒得比
[03:23:45.000 --> 03:23:47.000]  這個年輕又貌美
[03:23:47.000 --> 03:23:49.000]  笑起來還有一點點醜陋
[03:23:49.000 --> 03:23:51.000]  是不是
[03:23:51.000 --> 03:23:53.000]  走起來的姿態又輕盈
[03:23:53.000 --> 03:23:55.000]  家裏那個黃臉婆又肥
[03:23:55.000 --> 03:23:57.000]  又笨
[03:23:57.000 --> 03:23:59.000]  說話又沙啞
[03:23:59.000 --> 03:24:01.000]  這個嬌滴滴
[03:24:01.000 --> 03:24:03.000]  哪有得比
[03:24:03.000 --> 03:24:05.000]  沒錯 我知道
[03:24:05.000 --> 03:24:07.000]  是沒得比的
[03:24:07.000 --> 03:24:09.000]  這個年輕女孩和你家裏那個
[03:24:09.000 --> 03:24:11.000]  是沒得比的
[03:24:11.000 --> 03:24:13.000]  怎樣都不夠她 為什麼
[03:24:13.000 --> 03:24:15.000]  因為這個年輕
[03:24:15.000 --> 03:24:17.000]  為什麼年輕和那個沒得比
[03:24:17.000 --> 03:24:19.000]  我在篇文章裏面
[03:24:19.000 --> 03:24:21.000]  曾經講過
[03:24:21.000 --> 03:24:23.000]  如果有一天
[03:24:23.000 --> 03:24:25.000]  我和男人講
[03:24:25.000 --> 03:24:27.000]  你身邊的女秘書也好
[03:24:27.000 --> 03:24:29.000]  或者大陸裏面有個拍檔也好
[03:24:29.000 --> 03:24:31.000]  或者有個女孩也好
[03:24:31.000 --> 03:24:33.000]  總言之你和她
[03:24:33.000 --> 03:24:35.000]  真的仿如隔世
[03:24:35.000 --> 03:24:37.000]  突然間
[03:24:37.000 --> 03:24:39.000]  相逢恨晚
[03:24:39.000 --> 03:24:41.000]  於是一比較起來
[03:24:41.000 --> 03:24:43.000]  發覺我的心應該要給一點愛心
[03:24:43.000 --> 03:24:45.000]  多一點給她
[03:24:45.000 --> 03:24:47.000]  你和她在黑天鵝白天鵝
[03:24:47.000 --> 03:24:49.000]  賓館坐下
[03:24:49.000 --> 03:24:51.000]  吃燭光晚餐的時候
[03:24:51.000 --> 03:24:53.000]  我請你做一件事
[03:24:53.000 --> 03:24:55.000]  看著她的樣子
[03:24:55.000 --> 03:24:57.000]  她笑咪咪的時候看著她的樣子
[03:24:57.000 --> 03:24:59.000]  你想像一下
[03:24:59.000 --> 03:25:01.000]  如果這個女人
[03:25:01.000 --> 03:25:03.000]  二十年前嫁給你
[03:25:03.000 --> 03:25:05.000]  她現在
[03:25:05.000 --> 03:25:07.000]  是怎樣的
[03:25:07.000 --> 03:25:09.000]  你明白我說什麼嗎
[03:25:09.000 --> 03:25:11.000]  你說我家老婆又粗
[03:25:11.000 --> 03:25:13.000]  聲音又沙啞
[03:25:13.000 --> 03:25:15.000]  她當然是沙啞
[03:25:15.000 --> 03:25:17.000]  她幫你養大了兩個猴子
[03:25:17.000 --> 03:25:19.000]  當然是沙啞
[03:25:19.000 --> 03:25:21.000]  還哪有聲音呢
[03:25:21.000 --> 03:25:23.000]  那麼殘的
[03:25:23.000 --> 03:25:25.000]  我家那個當然是殘
[03:25:25.000 --> 03:25:27.000]  我家那個這樣的身材
[03:25:27.000 --> 03:25:29.000]  那麼臃腫
[03:25:29.000 --> 03:25:31.000]  你知不知道生一個弟弟
[03:25:31.000 --> 03:25:33.000]  生之前生之後身體的變化
[03:25:33.000 --> 03:25:35.000]  多大的犧牲
[03:25:35.000 --> 03:25:37.000]  是那些明星和歌星才願意
[03:25:37.000 --> 03:25:39.000]  地獄式訓練
[03:25:39.000 --> 03:25:41.000]  弄回腰部
[03:25:41.000 --> 03:25:43.000]  其他全部都是脹的
[03:25:43.000 --> 03:25:45.000]  盆骨都鬆了
[03:25:45.000 --> 03:25:47.000]  她就是為了幫你生這兩個弟弟
[03:25:47.000 --> 03:25:49.000]  就是為了你的犧牲
[03:25:49.000 --> 03:25:51.000]  念舊的
[03:25:51.000 --> 03:25:53.000]  今天那麼殘是因為她令到你
[03:25:53.000 --> 03:25:55.000]  事業上有成就才那麼殘
[03:25:55.000 --> 03:25:57.000]  她那個殘的樣子
[03:25:57.000 --> 03:25:59.000]  是因為她付出了給你
[03:25:59.000 --> 03:26:01.000]  你今天見那個還沒殘的你當然高興
[03:26:01.000 --> 03:26:03.000]  當然爽
[03:26:03.000 --> 03:26:05.000]  你想一想看著她的樣子
[03:26:05.000 --> 03:26:07.000]  想一想如果她幫你照顧同樣的二十年前
[03:26:07.000 --> 03:26:09.000]  二十年之後她幫你一樣
[03:26:09.000 --> 03:26:11.000]  照顧大那兩個
[03:26:11.000 --> 03:26:13.000]  那兩個猴子的時候你就看見
[03:26:13.000 --> 03:26:15.000]  她的樣子會變成怎樣
[03:26:15.000 --> 03:26:17.000]  你想像一下她會變成怎樣的時候
[03:26:17.000 --> 03:26:19.000]  你就會知道
[03:26:19.000 --> 03:26:23.000]  這個就是忘恩負義
[03:26:23.000 --> 03:26:25.000]  感情不是現在比較的
[03:26:25.000 --> 03:26:27.000]  我知道
[03:26:27.000 --> 03:26:29.000]  在中國裏面很多女孩子
[03:26:29.000 --> 03:26:31.000]  很溫柔
[03:26:31.000 --> 03:26:33.000]  很多女孩子什麼都肯做
[03:26:33.000 --> 03:26:35.000]  要求又不多
[03:26:35.000 --> 03:26:37.000]  又肯聽你的話
[03:26:37.000 --> 03:26:39.000]  回到家裏坐下的時候
[03:26:39.000 --> 03:26:41.000]  又有報紙又有鞋
[03:26:41.000 --> 03:26:43.000]  不會像你現在回到家裏
[03:26:43.000 --> 03:26:45.000]  聽到裏面都在喝
[03:26:45.000 --> 03:26:47.000]  你心都窒了
[03:26:47.000 --> 03:26:49.000]  當然了如果這樣比較
[03:26:49.000 --> 03:26:51.000]  是沒得比較的
[03:26:51.000 --> 03:26:53.000]  但是今天你在家裏
[03:26:53.000 --> 03:26:55.000]  這個你幼年所娶的妻
[03:26:55.000 --> 03:26:57.000]  今天到這樣的地步
[03:26:57.000 --> 03:26:59.000]  你感覺到她這麼不可愛是因為她
[03:26:59.000 --> 03:27:01.000]  為你而付出
[03:27:01.000 --> 03:27:03.000]  這個就是這裏所說的
[03:27:03.000 --> 03:27:05.000]  第四
[03:27:05.000 --> 03:27:09.000]  是無恨不相逢未嫁時的
[03:27:09.000 --> 03:27:13.000]  第二章第十五節
[03:27:13.000 --> 03:27:15.000]  願神是有靈的餘力
[03:27:15.000 --> 03:27:17.000]  能做多人他不是單做一人嗎
[03:27:17.000 --> 03:27:19.000]  為何只做一人呢
[03:27:19.000 --> 03:27:21.000]  但是他願人
[03:27:21.000 --> 03:27:23.000]  得虔誠的後裔
[03:27:23.000 --> 03:27:25.000]  所以當謹守你們的心
[03:27:25.000 --> 03:27:27.000]  很奇怪的
[03:27:27.000 --> 03:27:29.000]  這裏講了幾句說話
[03:27:29.000 --> 03:27:31.000]  神與你猜他沒有
[03:27:31.000 --> 03:27:33.000]  足夠的能量做多幾個人嗎
[03:27:33.000 --> 03:27:35.000]  這裏不是
[03:27:35.000 --> 03:27:37.000]  這裏是在用一個
[03:27:37.000 --> 03:27:39.000]  創世紀的典故
[03:27:39.000 --> 03:27:41.000]  這裏不是在說
[03:27:41.000 --> 03:27:43.000]  多做幾個阿當
[03:27:43.000 --> 03:27:45.000]  這裏是在說多做幾個夏娃
[03:27:45.000 --> 03:27:47.000]  你明不明白
[03:27:47.000 --> 03:27:49.000]  這裏是在說婚姻
[03:27:49.000 --> 03:27:51.000]  為何你現在找兩個女人
[03:27:51.000 --> 03:27:53.000]  神說你以為我沒有能力
[03:27:53.000 --> 03:27:55.000]  做多幾個夏娃
[03:27:55.000 --> 03:27:57.000]  你就想夏娃1夏娃2夏娃3夏娃4
[03:27:57.000 --> 03:27:59.000]  讓你選擇像大紅燈籠高高掛
[03:27:59.000 --> 03:28:01.000]  你就恨
[03:28:01.000 --> 03:28:03.000]  神說不過你知道
[03:28:03.000 --> 03:28:05.000]  你以為我沒有能力做多幾個夏娃
[03:28:05.000 --> 03:28:07.000]  讓你享受
[03:28:07.000 --> 03:28:09.000]  神說我偏偏不做
[03:28:09.000 --> 03:28:11.000]  夏娃是你的骨頭
[03:28:11.000 --> 03:28:13.000]  那條骨頭就只有一條
[03:28:13.000 --> 03:28:15.000]  我有能力做多幾個
[03:28:15.000 --> 03:28:17.000]  但我不做因為是我的心意
[03:28:17.000 --> 03:28:19.000]  只有一個
[03:28:19.000 --> 03:28:21.000]  所以親愛的弟兄姊妹
[03:28:21.000 --> 03:28:23.000]  你不要覺得
[03:28:23.000 --> 03:28:25.000]  相逢恨晚
[03:28:25.000 --> 03:28:27.000]  見到這個女孩
[03:28:27.000 --> 03:28:29.000]  又投契
[03:28:29.000 --> 03:28:31.000]  又聊起來又舒服
[03:28:31.000 --> 03:28:33.000]  又了解又知道我的心
[03:28:33.000 --> 03:28:35.000]  大家的興趣又相近
[03:28:35.000 --> 03:28:37.000]  可惜我結了婚
[03:28:37.000 --> 03:28:39.000]  還沒有嫁人
[03:28:39.000 --> 03:28:41.000]  沒有這樣的事
[03:28:41.000 --> 03:28:43.000]  有些人都說
[03:28:43.000 --> 03:28:45.000]  是不是我以前搞錯了
[03:28:45.000 --> 03:28:47.000]  可能我以前沒有看透神的旨意
[03:28:47.000 --> 03:28:49.000]  隨隨便便和那個人結了婚
[03:28:49.000 --> 03:28:51.000]  現在這個才是神的旨意
[03:28:51.000 --> 03:28:53.000]  沒有這樣的事
[03:28:53.000 --> 03:28:55.000]  神說我不可以做多幾個夏娃
[03:28:55.000 --> 03:28:57.000]  為什麼做一個那麼多
[03:28:57.000 --> 03:28:59.000]  那個是你的就是你的
[03:28:59.000 --> 03:29:01.000]  我都會走錯的
[03:29:01.000 --> 03:29:03.000]  我都會走錯
[03:29:03.000 --> 03:29:05.000]  以前會不會走錯呢
[03:29:05.000 --> 03:29:07.000]  你都要走下去的
[03:29:07.000 --> 03:29:09.000]  因為神沒有做第二個夏娃給你
[03:29:09.000 --> 03:29:11.000]  對不起那條就是你的骨
[03:29:11.000 --> 03:29:13.000]  就算不是很對
[03:29:13.000 --> 03:29:15.000]  都是你的骨
[03:29:15.000 --> 03:29:17.000]  對了
[03:29:17.000 --> 03:29:19.000]  是你的骨
[03:29:19.000 --> 03:29:21.000]  這個是這個意思
[03:29:21.000 --> 03:29:23.000]  你可以補救
[03:29:23.000 --> 03:29:25.000]  可以挽回
[03:29:25.000 --> 03:29:27.000]  但沒有重頭來
[03:29:27.000 --> 03:29:29.000]  對不起
[03:29:29.000 --> 03:29:31.000]  神的旨意
[03:29:31.000 --> 03:29:33.000]  我們經常說
[03:29:33.000 --> 03:29:35.000]  不知道是不是神的旨意
[03:29:35.000 --> 03:29:37.000]  叫我和那個人結婚
[03:29:37.000 --> 03:29:39.000]  神的旨意都是叫你結了婚
[03:29:39.000 --> 03:29:41.000]  繼續栽培你的感情
[03:29:41.000 --> 03:29:43.000]  是不是
[03:29:43.000 --> 03:29:45.000]  誰告訴你
[03:29:45.000 --> 03:29:47.000]  神的旨意只是結婚那一剎那
[03:29:47.000 --> 03:29:49.000]  神的旨意
[03:29:49.000 --> 03:29:51.000]  叫你去買那盆花回來
[03:29:51.000 --> 03:29:53.000]  也是神的旨意
[03:29:53.000 --> 03:29:55.000]  叫你繼續澆水
[03:29:55.000 --> 03:29:57.000]  沒有人望那盆花回來的時候
[03:29:57.000 --> 03:29:59.000]  這個神的旨意
[03:29:59.000 --> 03:30:01.000]  誰知道不澆水死了
[03:30:01.000 --> 03:30:03.000]  你以為神的旨意一直下
[03:30:03.000 --> 03:30:05.000]  神的旨意叫你和那個人結了婚
[03:30:05.000 --> 03:30:07.000]  你就繼續
[03:30:07.000 --> 03:30:09.000]  和他要用你的投資
[03:30:09.000 --> 03:30:11.000]  你的時間精力
[03:30:11.000 --> 03:30:13.000]  去栽培
[03:30:13.000 --> 03:30:15.000]  我時常和弟兄
[03:30:15.000 --> 03:30:17.000]  說這些話
[03:30:17.000 --> 03:30:19.000]  要栽培感情
[03:30:19.000 --> 03:30:21.000]  要付代價
[03:30:21.000 --> 03:30:23.000]  我們很多做生意的
[03:30:23.000 --> 03:30:25.000]  都會明白的
[03:30:25.000 --> 03:30:27.000]  做工的都會明白的
[03:30:27.000 --> 03:30:29.000]  你有多少投資有多少回報
[03:30:29.000 --> 03:30:31.000]  投資了沒有回報
[03:30:31.000 --> 03:30:33.000]  沒有投資就肯定沒有回報
[03:30:33.000 --> 03:30:35.000]  我問一下你
[03:30:35.000 --> 03:30:37.000]  你投資多少時間在電腦那裡
[03:30:37.000 --> 03:30:39.000]  你投資了多少時間
[03:30:39.000 --> 03:30:41.000]  在你的工作那裡
[03:30:41.000 --> 03:30:43.000]  量到通宵都不肯睡覺
[03:30:43.000 --> 03:30:45.000]  第二天交報告給老闆
[03:30:45.000 --> 03:30:47.000]  當然老闆讚你
[03:30:47.000 --> 03:30:49.000]  因為你有投資下去
[03:30:49.000 --> 03:30:51.000]  你試過有多少錢量通宵
[03:30:51.000 --> 03:30:53.000]  想想怎樣疼你的老婆
[03:30:53.000 --> 03:30:55.000]  你不要說量通宵
[03:30:55.000 --> 03:30:57.000]  你兩個小時想想
[03:30:57.000 --> 03:30:59.000]  怎樣可以哄你老婆開心
[03:30:59.000 --> 03:31:01.000]  她應該很開心
[03:31:01.000 --> 03:31:03.000]  從來都沒有試過
[03:31:03.000 --> 03:31:05.000]  又沒空又沒空
[03:31:05.000 --> 03:31:07.000]  我哪有這麼多時間
[03:31:07.000 --> 03:31:09.000]  為什麼太太不理我
[03:31:09.000 --> 03:31:11.000]  沒有投資當然沒有回報
[03:31:11.000 --> 03:31:13.000]  這個商業規律都懂
[03:31:13.000 --> 03:31:15.000]  你有多少投資下去
[03:31:15.000 --> 03:31:17.000]  你沒有投資下去
[03:31:17.000 --> 03:31:19.000]  這個都不知道是神的指引
[03:31:19.000 --> 03:31:21.000]  這個真是可愛
[03:31:21.000 --> 03:31:23.000]  一聊天就很合得來
[03:31:23.000 --> 03:31:25.000]  她有文學我又喜歡文學
[03:31:25.000 --> 03:31:27.000]  她又喜歡音樂我又喜歡音樂
[03:31:27.000 --> 03:31:29.000]  我家裡又不喜歡文學又不喜歡音樂
[03:31:29.000 --> 03:31:31.000]  不知道當天我為什麼會和她結婚
[03:31:31.000 --> 03:31:33.000]  當然搞錯了
[03:31:33.000 --> 03:31:35.000]  沒有這樣的事
[03:31:35.000 --> 03:31:37.000]  神只是做一個夏娃
[03:31:37.000 --> 03:31:39.000]  結了婚的就是你
[03:31:39.000 --> 03:31:41.000]  你就從今之後
[03:31:41.000 --> 03:31:43.000]  好好地投資你的時間
[03:31:43.000 --> 03:31:45.000]  投資你的心思去愛她
[03:31:45.000 --> 03:31:47.000]  令她開心
[03:31:47.000 --> 03:31:49.000]  我自己今天不和大家再說這些婚姻輔導
[03:31:49.000 --> 03:31:51.000]  等我太太在馬來西亞
[03:31:51.000 --> 03:31:53.000]  我才慢慢和大家說
[03:31:53.000 --> 03:31:55.000]  太太是不難哄的
[03:31:55.000 --> 03:31:57.000]  我只是想說個結論給你聽
[03:31:57.000 --> 03:31:59.000]  女人是不難哄的
[03:31:59.000 --> 03:32:01.000]  女人是不難哄的
[03:32:01.000 --> 03:32:03.000]  女人是不難哄的
[03:32:03.000 --> 03:32:05.000]  你相信我
[03:32:05.000 --> 03:32:07.000]  你相信我
[03:32:07.000 --> 03:32:09.000]  最大的問題是男人不肯花心機去哄
[03:32:09.000 --> 03:32:11.000]  最大的問題是男人不肯花心機去哄
[03:32:11.000 --> 03:32:13.000]  是不是
[03:32:13.000 --> 03:32:15.000]  不肯放下自己的面子
[03:32:15.000 --> 03:32:17.000]  去說一些他認為很噁心的事去哄
[03:32:17.000 --> 03:32:19.000]  你肯做的
[03:32:19.000 --> 03:32:21.000]  他一點點都很開心
[03:32:21.000 --> 03:32:23.000]  他一點點都很開心
[03:32:23.000 --> 03:32:25.000]  今天晚上我先去買個男人的花
[03:32:25.000 --> 03:32:27.000]  今天晚上我先去買個男人的花
[03:32:27.000 --> 03:32:29.000]  今天時間不多
[03:32:29.000 --> 03:32:31.000]  所以我只能夠說一方面
[03:32:31.000 --> 03:32:33.000]  姐妹不是表示沒問題
[03:32:33.000 --> 03:32:35.000]  不過等我太太來再說
[03:32:35.000 --> 03:32:37.000]  第五
[03:32:37.000 --> 03:32:39.000]  第五
[03:32:39.000 --> 03:32:41.000]  第十六節那裏有個很特別的字眼
[03:32:41.000 --> 03:32:43.000]  可能你不太明白
[03:32:43.000 --> 03:32:45.000]  第十六節那裏說
[03:32:45.000 --> 03:32:47.000]  對伊斯蘭神師
[03:32:47.000 --> 03:32:51.000]  幽妻的事是以強暴代妻的人
[03:32:51.000 --> 03:32:53.000]  都是我所恨惡的
[03:32:53.000 --> 03:32:55.000]  這裏中文沒有翻譯到
[03:32:55.000 --> 03:32:57.000]  這裏中文沒有翻譯到
[03:32:57.000 --> 03:32:59.000]  這個意思
[03:32:59.000 --> 03:33:01.000]  這個意思
[03:33:01.000 --> 03:33:03.000]  強暴蓋外
[03:33:03.000 --> 03:33:05.000]  強暴蓋外
[03:33:05.000 --> 03:33:07.000]  原文的意思不同了
[03:33:07.000 --> 03:33:09.000]  原文的意思不同了
[03:33:09.000 --> 03:33:11.000]  中文完全翻譯不到
[03:33:11.000 --> 03:33:13.000]  中文完全翻譯不到
[03:33:13.000 --> 03:33:15.000]  原文的意思就是說
[03:33:15.000 --> 03:33:17.000]  你這樣做
[03:33:17.000 --> 03:33:19.000]  你這樣做
[03:33:19.000 --> 03:33:21.000]  是以強暴蓋外
[03:33:21.000 --> 03:33:23.000]  是以強暴蓋外
[03:33:23.000 --> 03:33:25.000]  這個原文的意思
[03:33:25.000 --> 03:33:27.000]  這個原文的意思
[03:33:27.000 --> 03:33:29.000]  原來有個外衣
[03:33:29.000 --> 03:33:31.000]  原來有個外衣
[03:33:31.000 --> 03:33:33.000]  外衣是什麽意思呢
[03:33:33.000 --> 03:33:35.000]  外衣是在猶太人的婚姻裏有個特別的意思
[03:33:35.000 --> 03:33:37.000]  外衣是在猶太人的婚姻裏有個特別的意思
[03:33:37.000 --> 03:33:39.000]  當一個男人決定娶女子為妻的時候
[03:33:39.000 --> 03:33:41.000]  當一個男人決定娶女子為妻的時候
[03:33:41.000 --> 03:33:43.000]  他將外袍鋪在身上
[03:33:43.000 --> 03:33:45.000]  當一個男人決定娶女子為妻的時候
[03:33:45.000 --> 03:33:47.000]  他將外袍鋪在身上
[03:33:47.000 --> 03:33:49.000]  他將外袍鋪在身上
[03:33:49.000 --> 03:33:51.000]  代表了什麽呢
[03:33:51.000 --> 03:33:53.000]  從今之後我接納你
[03:33:53.000 --> 03:33:55.000]  做我最親密的人
[03:33:55.000 --> 03:33:57.000]  我保護你,我愛你,我關心你
[03:33:57.000 --> 03:33:59.000]  我保護你,我愛你,我關心你
[03:33:59.000 --> 03:34:01.000]  所以外衣代表了一種婚姻的應樂
[03:34:01.000 --> 03:34:03.000]  代表了一種柔情
[03:34:03.000 --> 03:34:05.000]  代表了一種柔情
[03:34:05.000 --> 03:34:07.000]  但在聖經裏說
[03:34:07.000 --> 03:34:09.000]  當你去找另一個女人
[03:34:09.000 --> 03:34:11.000]  當你去找另一個女人
[03:34:11.000 --> 03:34:13.000]  當你年輕時所娶的妻的時候
[03:34:13.000 --> 03:34:15.000]  當你年輕時所娶的妻的時候
[03:34:15.000 --> 03:34:17.000]  你就是以什麽呢
[03:34:17.000 --> 03:34:19.000]  你就是以什麽呢
[03:34:19.000 --> 03:34:21.000]  以強暴、傷害取代了你當日給她的外衣
[03:34:21.000 --> 03:34:23.000]  以強暴、傷害取代了你當日給她的外衣
[03:34:23.000 --> 03:34:25.000]  你娶她為妻
[03:34:25.000 --> 03:34:27.000]  是應該爭取給她
[03:34:27.000 --> 03:34:29.000]  你有愛、有關懷、有保護給她
[03:34:29.000 --> 03:34:31.000]  你有愛、有關懷、有保護給她
[03:34:31.000 --> 03:34:33.000]  現在你讓她離開
[03:34:33.000 --> 03:34:35.000]  現在將她丟到一邊
[03:34:35.000 --> 03:34:37.000]  讓她孤單、讓她難過
[03:34:37.000 --> 03:34:39.000]  讓她傷痛、讓她受傷害
[03:34:39.000 --> 03:34:41.000]  以強暴取代了外衣
[03:34:41.000 --> 03:34:43.000]  以強暴取代了外衣
[03:34:43.000 --> 03:34:45.000]  所以這裏一年講了五個
[03:34:45.000 --> 03:34:47.000]  所以這裏一年講了五個
[03:34:47.000 --> 03:34:49.000]  五個鮑爾拉的罪行
[03:34:49.000 --> 03:34:51.000]  五個鮑爾拉的罪行
[03:34:51.000 --> 03:34:53.000]  然後第十五節
[03:34:53.000 --> 03:34:55.000]  剛才我們講過了
[03:34:55.000 --> 03:34:57.000]  總結整個的信息
[03:34:57.000 --> 03:34:59.000]  總結整個的信息
[03:34:59.000 --> 03:35:01.000]  用了兩次
[03:35:01.000 --> 03:35:03.000]  所以你要緊守你們的心
[03:35:03.000 --> 03:35:05.000]  所以你要緊守你們的心
[03:35:05.000 --> 03:35:07.000]  所以你要緊守你們的心
[03:35:07.000 --> 03:35:09.000]  一個信任
[03:35:09.000 --> 03:35:11.000]  一個真誠
[03:35:11.000 --> 03:35:13.000]  一個忠貞
[03:35:13.000 --> 03:35:15.000]  全部是由自己的心開始
[03:35:15.000 --> 03:35:17.000]  剛才我講過在教會裏
[03:35:17.000 --> 03:35:19.000]  沒有辦法一個人
[03:35:19.000 --> 03:35:21.000]  牧師大聖疾夫都沒有辦法
[03:35:21.000 --> 03:35:23.000]  將那個信任帶回來
[03:35:23.000 --> 03:35:25.000]  唯有每一個人自己決定
[03:35:25.000 --> 03:35:27.000]  走進教會的時候
[03:35:27.000 --> 03:35:29.000]  我就讓人值得信我
[03:35:29.000 --> 03:35:31.000]  我又信每一個人
[03:35:31.000 --> 03:35:33.000]  縱然不是每一個人都是好人
[03:35:33.000 --> 03:35:35.000]  但我們願意冒這個險去信的時候
[03:35:35.000 --> 03:35:37.000]  我們教會就建立一個信任的群體
[03:35:37.000 --> 03:35:39.000]  是從自己開始
[03:35:39.000 --> 03:35:41.000]  緊守自己的心開始
[03:35:41.000 --> 03:35:43.000]  婚姻一樣
[03:35:43.000 --> 03:35:45.000]  婚姻是最開始那一剎那
[03:35:45.000 --> 03:35:47.000]  見到一個女人見到一個男人的時候
[03:35:47.000 --> 03:35:49.000]  你走不走過去
[03:35:49.000 --> 03:35:51.000]  你走不走過去
[03:35:51.000 --> 03:35:53.000]  講不講那句放不放電的說話
[03:35:53.000 --> 03:35:55.000]  講不講那句放不放電的說話
[03:35:55.000 --> 03:35:57.000]  你自己可以控制
[03:35:57.000 --> 03:35:59.000]  但當你再掛上感情樂心的時候
[03:35:59.000 --> 03:36:01.000]  拖了手
[03:36:01.000 --> 03:36:03.000]  你就再難離開一些
[03:36:03.000 --> 03:36:05.000]  在起始點的時候
[03:36:05.000 --> 03:36:07.000]  緊守你的心
[03:36:07.000 --> 03:36:09.000]  你離開得越遲
[03:36:09.000 --> 03:36:11.000]  你越痛
[03:36:11.000 --> 03:36:13.000]  越早收掣
[03:36:13.000 --> 03:36:15.000]  你越容易
[03:36:15.000 --> 03:36:17.000]  可以控制你的感情
[03:36:17.000 --> 03:36:21.000]  記住整個說話
[03:36:21.000 --> 03:36:23.000]  緊守你的心
[03:36:23.000 --> 03:36:25.000]  馬拉基書的時代訊息
[03:36:25.000 --> 03:36:27.000]  溫韋耀博士主講
[03:36:27.000 --> 03:36:29.000]  第四講
[03:36:29.000 --> 03:36:31.000]  告別冷淡眾常主愛之信求
[03:36:31.000 --> 03:36:33.000]  今日進到
[03:36:33.000 --> 03:36:35.000]  我們冬令營的第二部分
[03:36:35.000 --> 03:36:37.000]  下半節的時候
[03:36:37.000 --> 03:36:39.000]  我們都感謝神
[03:36:39.000 --> 03:36:41.000]  神的說話不單止要求我們尊祂偉大
[03:36:41.000 --> 03:36:43.000]  我們都可以
[03:36:43.000 --> 03:36:45.000]  以祂為樂
[03:36:45.000 --> 03:36:47.000]  所以講到今早
[03:36:47.000 --> 03:36:49.000]  我就可以安樂一點
[03:36:49.000 --> 03:36:51.000]  因為開始有些安慰
[03:36:51.000 --> 03:36:53.000]  鼓勵的訊息
[03:36:53.000 --> 03:36:55.000]  大家就省到立立令
[03:36:55.000 --> 03:36:57.000]  昨天有個弟兄跟我說
[03:36:57.000 --> 03:36:59.000]  嘩!臉都亮了
[03:36:59.000 --> 03:37:01.000]  我們不是想這樣
[03:37:01.000 --> 03:37:03.000]  神也不想這樣
[03:37:03.000 --> 03:37:05.000]  除非我們看見自己的本相
[03:37:05.000 --> 03:37:07.000]  人很有趣
[03:37:07.000 --> 03:37:09.000]  我們的本性裏面是一種惰性
[03:37:09.000 --> 03:37:11.000]  本性裏面是一種自私性
[03:37:11.000 --> 03:37:13.000]  除非在神嚴厲的說話
[03:37:13.000 --> 03:37:15.000]  好像一個鏡一樣光照我們
[03:37:15.000 --> 03:37:17.000]  看見我們自己在神面前
[03:37:17.000 --> 03:37:19.000]  見經
[03:37:19.000 --> 03:37:21.000]  我們生命才可以有個反答
[03:37:21.000 --> 03:37:23.000]  其實神所講的每一樣
[03:37:23.000 --> 03:37:25.000]  強硬的說話
[03:37:25.000 --> 03:37:27.000]  是出於祂的好意
[03:37:27.000 --> 03:37:29.000]  我們一起宣誓
[03:37:29.000 --> 03:37:31.000]  我們主我們的弟兄
[03:37:31.000 --> 03:37:33.000]  我們獻上感謝
[03:37:33.000 --> 03:37:35.000]  每次打開你自己的說話
[03:37:35.000 --> 03:37:37.000]  無論是提醒
[03:37:37.000 --> 03:37:39.000]  無論是斥責
[03:37:39.000 --> 03:37:41.000]  或者是安慰
[03:37:41.000 --> 03:37:43.000]  都是這麼寶貴
[03:37:43.000 --> 03:37:45.000]  裏面充滿了豐富的教導
[03:37:45.000 --> 03:37:47.000]  教導背後充滿了你自己的慈愛
[03:37:47.000 --> 03:37:49.000]  你自己的人命
[03:37:49.000 --> 03:37:51.000]  你自己的關懷
[03:37:51.000 --> 03:37:53.000]  多謝你
[03:37:53.000 --> 03:37:55.000]  我們主今早來到你面前
[03:37:55.000 --> 03:37:57.000]  求主在我們心裏
[03:37:57.000 --> 03:37:59.000]  繼續一個安定的心靈
[03:37:59.000 --> 03:38:01.000]  讓我們聽見你
[03:38:01.000 --> 03:38:03.000]  在我們心中的微風
[03:38:03.000 --> 03:38:05.000]  讓我們知道
[03:38:05.000 --> 03:38:07.000]  前面那條路
[03:38:07.000 --> 03:38:09.000]  跟隨你繼續走下去
[03:38:09.000 --> 03:38:11.000]  聽我們地圖的風聲
[03:38:11.000 --> 03:38:15.000]  今天我們進到馬拉基斯旅程第四講
[03:38:15.000 --> 03:38:17.000]  第四講
[03:38:17.000 --> 03:38:19.000]  我們特別研究
[03:38:19.000 --> 03:38:21.000]  馬拉基斯的第二章
[03:38:21.000 --> 03:38:23.000]  由第十七節
[03:38:23.000 --> 03:38:25.000]  到三章的十二節
[03:38:25.000 --> 03:38:27.000]  我們一起打開馬拉基斯
[03:38:27.000 --> 03:38:29.000]  二章十七節
[03:38:29.000 --> 03:38:33.000]  到三章的十二節
[03:38:33.000 --> 03:38:35.000]  我剛才和大家說
[03:38:35.000 --> 03:38:37.000]  也和大家提醒
[03:38:37.000 --> 03:38:39.000]  馬拉基斯是一個很嚴厲的書
[03:38:39.000 --> 03:38:41.000]  嚴厲到一個地步
[03:38:41.000 --> 03:38:43.000]  我們都記得在過去的三日
[03:38:43.000 --> 03:38:45.000]  那三堂的聚會當中
[03:38:45.000 --> 03:38:47.000]  我們都記得
[03:38:47.000 --> 03:38:49.000]  很多很嚴厲的斥責
[03:38:49.000 --> 03:38:51.000]  斥責我們很多的錯誤
[03:38:51.000 --> 03:38:53.000]  很多的失敗
[03:38:53.000 --> 03:38:55.000]  如果我們簡單數起來還記得
[03:38:55.000 --> 03:38:57.000]  說到我們怎樣
[03:38:57.000 --> 03:38:59.000]  人不知不覺間
[03:38:59.000 --> 03:39:01.000]  我們就失去了那份警醒
[03:39:01.000 --> 03:39:03.000]  而墮落
[03:39:03.000 --> 03:39:05.000]  我們又看見神的斥責
[03:39:05.000 --> 03:39:07.000]  說我們忘恩負義
[03:39:07.000 --> 03:39:09.000]  忘記了
[03:39:09.000 --> 03:39:11.000]  神懷疑神的愛
[03:39:11.000 --> 03:39:13.000]  我們記得
[03:39:13.000 --> 03:39:15.000]  我們在馬拉基斯
[03:39:15.000 --> 03:39:17.000]  曾經提過我們失去了一份
[03:39:17.000 --> 03:39:19.000]  對神敬畏的心
[03:39:19.000 --> 03:39:21.000]  神是主
[03:39:21.000 --> 03:39:23.000]  神是父
[03:39:23.000 --> 03:39:25.000]  但是我們沒有將神應有的尊重
[03:39:25.000 --> 03:39:27.000]  給祂
[03:39:27.000 --> 03:39:29.000]  反而將那些次等的
[03:39:29.000 --> 03:39:31.000]  那些次貨的殘疾的
[03:39:31.000 --> 03:39:33.000]  給祂祭壇
[03:39:33.000 --> 03:39:35.000]  要求祂修課
[03:39:35.000 --> 03:39:37.000]  神說你怎樣叫我修課呢
[03:39:37.000 --> 03:39:39.000]  難道我看你的情面呢
[03:39:39.000 --> 03:39:41.000]  你老闆都不看你的情面
[03:39:41.000 --> 03:39:43.000]  何況要求我給你修課
[03:39:43.000 --> 03:39:45.000]  沒有可能
[03:39:45.000 --> 03:39:47.000]  我們看見馬拉基斯有提醒
[03:39:47.000 --> 03:39:49.000]  包括我們在內
[03:39:49.000 --> 03:39:51.000]  祂說我們失去了
[03:39:51.000 --> 03:39:53.000]  言語上、行為上
[03:39:53.000 --> 03:39:55.000]  應有的標準
[03:39:55.000 --> 03:39:57.000]  神要求我們在說話
[03:39:57.000 --> 03:39:59.000]  在行為上
[03:39:59.000 --> 03:40:01.000]  彰顯自己的榮耀
[03:40:01.000 --> 03:40:03.000]  但很多時候我們行為、我們說話有虛假
[03:40:03.000 --> 03:40:05.000]  我們不忠
[03:40:05.000 --> 03:40:07.000]  我們掩飾
[03:40:07.000 --> 03:40:09.000]  我們最弟兄姊妹之間
[03:40:09.000 --> 03:40:11.000]  我們沒有傳一個信任和一個坦誠
[03:40:11.000 --> 03:40:13.000]  開放的心
[03:40:13.000 --> 03:40:15.000]  在我們的家庭、在我們的感情生活裏
[03:40:15.000 --> 03:40:17.000]  我們不肯將主權交給神
[03:40:17.000 --> 03:40:19.000]  以致我們在感情上
[03:40:19.000 --> 03:40:21.000]  在婚姻上
[03:40:21.000 --> 03:40:23.000]  一而再、再而三的不記神
[03:40:23.000 --> 03:40:25.000]  而且自己受到那種
[03:40:25.000 --> 03:40:27.000]  應該有的懲罰
[03:40:27.000 --> 03:40:29.000]  這些都是我們在這幾次的聚會當中
[03:40:29.000 --> 03:40:31.000]  一路由第一章
[03:40:31.000 --> 03:40:33.000]  一路到第二章
[03:40:33.000 --> 03:40:35.000]  我們所體驗的成績
[03:40:35.000 --> 03:40:37.000]  今天我們進到第二章的十七節開始
[03:40:37.000 --> 03:40:39.000]  我們發覺好像語氣沒有特別改變
[03:40:39.000 --> 03:40:41.000]  都是很嚴厲
[03:40:41.000 --> 03:40:43.000]  但其實神的恩典
[03:40:43.000 --> 03:40:45.000]  神的肯定
[03:40:45.000 --> 03:40:47.000]  就出來了
[03:40:47.000 --> 03:40:49.000]  我們說為甚麼馬來西亞要講那麼多
[03:40:49.000 --> 03:40:51.000]  我們的弱點
[03:40:51.000 --> 03:40:53.000]  將我們裏面的東西全部爆出來
[03:40:53.000 --> 03:40:55.000]  很痛的、很苦的
[03:40:55.000 --> 03:40:57.000]  沒有人想的
[03:40:57.000 --> 03:40:59.000]  不過很不幸就好
[03:40:59.000 --> 03:41:01.000]  烏溪山走不掉又給了錢
[03:41:01.000 --> 03:41:03.000]  所以一堂又一堂被人整
[03:41:03.000 --> 03:41:05.000]  被神這樣說
[03:41:05.000 --> 03:41:07.000]  不想的,沒有人想聽這些
[03:41:07.000 --> 03:41:09.000]  神都不想這樣說你的
[03:41:09.000 --> 03:41:11.000]  不過到了第二章
[03:41:11.000 --> 03:41:13.000]  之後神就點出了祂的重心
[03:41:13.000 --> 03:41:15.000]  神說這些一切這麼嚴厲的笑話
[03:41:15.000 --> 03:41:17.000]  指出人的錯誤
[03:41:17.000 --> 03:41:19.000]  不是因此就結束
[03:41:19.000 --> 03:41:21.000]  不是罵到你狗血淋頭就結束
[03:41:21.000 --> 03:41:23.000]  你走了,不是
[03:41:23.000 --> 03:41:25.000]  神會一致那個
[03:41:25.000 --> 03:41:27.000]  嚴厲的對付那些斥責
[03:41:27.000 --> 03:41:29.000]  最重要的想我們
[03:41:29.000 --> 03:41:31.000]  由人的錯誤
[03:41:31.000 --> 03:41:33.000]  承認我們的弱點
[03:41:33.000 --> 03:41:35.000]  我們的眼目再不看著自己
[03:41:35.000 --> 03:41:37.000]  轉向看見神的美麗
[03:41:37.000 --> 03:41:39.000]  偉大和聖誠
[03:41:39.000 --> 03:41:41.000]  人除非見到自己的不足
[03:41:41.000 --> 03:41:43.000]  就不能欣賞到
[03:41:43.000 --> 03:41:45.000]  神的奇妙
[03:41:45.000 --> 03:41:47.000]  人除非見到自己的敗壞
[03:41:47.000 --> 03:41:49.000]  就不能欣賞神的聖潔
[03:41:49.000 --> 03:41:51.000]  人除非面對問題
[03:41:51.000 --> 03:41:53.000]  無助到的地步
[03:41:53.000 --> 03:41:55.000]  知道自己搞不定
[03:41:55.000 --> 03:41:57.000]  他才可以欣賞原來神的偉大
[03:41:57.000 --> 03:41:59.000]  大能和信實
[03:41:59.000 --> 03:42:01.000]  是這麼奇妙的
[03:42:01.000 --> 03:42:03.000]  你明白嗎
[03:42:03.000 --> 03:42:05.000]  神的嚴厲
[03:42:05.000 --> 03:42:07.000]  只是一個過程
[03:42:07.000 --> 03:42:09.000]  只是一個手段
[03:42:09.000 --> 03:42:11.000]  他的目的是讓我們能夠眼
[03:42:11.000 --> 03:42:13.000]  重新再看見
[03:42:13.000 --> 03:42:15.000]  可能過去一年你生活太忙
[03:42:15.000 --> 03:42:17.000]  你的眼慢慢慢慢看見
[03:42:17.000 --> 03:42:19.000]  是你身邊所發生的事
[03:42:19.000 --> 03:42:21.000]  你慢慢所看見是你自己所面對的
[03:42:21.000 --> 03:42:23.000]  際遇,你所不公平的事
[03:42:23.000 --> 03:42:25.000]  或者你面對的難處
[03:42:25.000 --> 03:42:27.000]  或者你的眼所看見的
[03:42:27.000 --> 03:42:29.000]  只是你忠於追求的
[03:42:29.000 --> 03:42:31.000]  很想得到的那樣東西
[03:42:31.000 --> 03:42:33.000]  那個人,那件事
[03:42:33.000 --> 03:42:35.000]  那個人的職業,那份錢
[03:42:35.000 --> 03:42:37.000]  那個的樓,那樣物件
[03:42:37.000 --> 03:42:39.000]  總之我們的眼
[03:42:39.000 --> 03:42:41.000]  慢慢慢慢在一個
[03:42:41.000 --> 03:42:43.000]  不知不覺間,我們的眼就看著
[03:42:43.000 --> 03:42:45.000]  周圍的東西,看著世界上的東西
[03:42:45.000 --> 03:42:47.000]  看著平面的東西
[03:42:47.000 --> 03:42:49.000]  我們的眼慢慢不記得看上去
[03:42:49.000 --> 03:42:51.000]  神罵醒我們
[03:42:51.000 --> 03:42:53.000]  就要我們眼重新看上去
[03:42:53.000 --> 03:42:55.000]  今天這一段經文
[03:42:55.000 --> 03:42:57.000]  就是講這件事
[03:42:57.000 --> 03:42:59.000]  這段經文表面好像告訴我們
[03:42:59.000 --> 03:43:01.000]  你看看,這個世界很不公平
[03:43:01.000 --> 03:43:03.000]  是的,是很不公平
[03:43:03.000 --> 03:43:05.000]  你看看你人生的際遇裏面
[03:43:05.000 --> 03:43:07.000]  走下去的時候都不知道怎麼走
[03:43:07.000 --> 03:43:09.000]  因為很多很多要你展示的
[03:43:09.000 --> 03:43:11.000]  尤其是你信神的人
[03:43:11.000 --> 03:43:13.000]  我們信神的人,要花很多
[03:43:13.000 --> 03:43:15.000]  普通不信神的人
[03:43:15.000 --> 03:43:17.000]  不需要有的代價,雖然我們錢要奉獻出來
[03:43:17.000 --> 03:43:19.000]  我們時間要拿多一些出來
[03:43:19.000 --> 03:43:21.000]  我們有愛心要
[03:43:21.000 --> 03:43:23.000]  有時沒有回報,我們要付出給人
[03:43:23.000 --> 03:43:25.000]  何必呢?
[03:43:25.000 --> 03:43:27.000]  這些是代表當時
[03:43:27.000 --> 03:43:29.000]  這些意識的人心裏面
[03:43:29.000 --> 03:43:31.000]  很不敢講,心裏面都講的說話
[03:43:31.000 --> 03:43:33.000]  我們時常覺得聖經
[03:43:33.000 --> 03:43:35.000]  真的很精彩
[03:43:35.000 --> 03:43:37.000]  你想想二千幾年前
[03:43:37.000 --> 03:43:39.000]  二千四百幾年,差不多二千五百年前
[03:43:39.000 --> 03:43:41.000]  所寫的東西,幾現代
[03:43:41.000 --> 03:43:43.000]  幾現代,在這裏
[03:43:43.000 --> 03:43:45.000]  聖經描述意識的人
[03:43:45.000 --> 03:43:47.000]  心裏面的不滿,正是今天
[03:43:47.000 --> 03:43:49.000]  你和我的不滿
[03:43:49.000 --> 03:43:51.000]  看見周圍所發生的事,不公平
[03:43:51.000 --> 03:43:53.000]  看見事件所追尋的東西
[03:43:53.000 --> 03:43:55.000]  因為信仰的
[03:43:55.000 --> 03:43:57.000]  黏固,一而再再而三
[03:43:57.000 --> 03:43:59.000]  受到損失,覺得很不值
[03:43:59.000 --> 03:44:01.000]  很不值
[03:44:01.000 --> 03:44:03.000]  這正是我們今天
[03:44:03.000 --> 03:44:05.000]  一個這麼商業化的社會
[03:44:05.000 --> 03:44:07.000]  每天講競爭
[03:44:07.000 --> 03:44:09.000]  走慢一步,被人踩低
[03:44:09.000 --> 03:44:11.000]  飛到落車底
[03:44:11.000 --> 03:44:13.000]  那種這樣的生活裏面
[03:44:13.000 --> 03:44:15.000]  我們很容易
[03:44:15.000 --> 03:44:17.000]  我們的眼目就忘記了
[03:44:17.000 --> 03:44:19.000]  我們這次一起來
[03:44:19.000 --> 03:44:21.000]  看這段聖經
[03:44:21.000 --> 03:44:23.000]  我們一起來看這段聖經
[03:44:23.000 --> 03:44:25.000]  這段聖經基本上分為兩個步驟
[03:44:25.000 --> 03:44:27.000]  兩個段落
[03:44:27.000 --> 03:44:29.000]  第一個段落就二章的十七節
[03:44:29.000 --> 03:44:31.000]  一直到
[03:44:31.000 --> 03:44:33.000]  三章的第六節,差不多前半節
[03:44:33.000 --> 03:44:35.000]  七節的經文
[03:44:35.000 --> 03:44:37.000]  是講到
[03:44:37.000 --> 03:44:39.000]  意識的人好像你和我一樣
[03:44:39.000 --> 03:44:41.000]  心底裏面有意無意
[03:44:41.000 --> 03:44:43.000]  之間發生一些埋怨
[03:44:43.000 --> 03:44:45.000]  這個世界是不公平的
[03:44:45.000 --> 03:44:47.000]  對我們基督徒來說
[03:44:47.000 --> 03:44:49.000]  更加不公平
[03:44:49.000 --> 03:44:51.000]  這個世界沒有公理
[03:44:51.000 --> 03:44:53.000]  這個世界沒有公義
[03:44:53.000 --> 03:44:55.000]  我作為屬神的人神都沒有幫我
[03:44:55.000 --> 03:44:57.000]  這個是不是很共鳴
[03:44:57.000 --> 03:44:59.000]  我不用你舉手,你有沒有講過
[03:44:59.000 --> 03:45:01.000]  我講過了,我不知道你有沒有講過
[03:45:01.000 --> 03:45:03.000]  你自己心裏怎知,意識的人一樣講
[03:45:03.000 --> 03:45:05.000]  神就講了,你不用講
[03:45:05.000 --> 03:45:07.000]  我講給你聽,你心裏怎會這樣講
[03:45:07.000 --> 03:45:09.000]  他們覺得這個世界是不公平的
[03:45:09.000 --> 03:45:11.000]  然後第七節
[03:45:11.000 --> 03:45:13.000]  跟著第六節,第七節
[03:45:13.000 --> 03:45:15.000]  到十二節就講了另外一個題目
[03:45:15.000 --> 03:45:17.000]  就是說
[03:45:17.000 --> 03:45:19.000]  我們將我們自己所有的東西
[03:45:19.000 --> 03:45:21.000]  奉獻給神
[03:45:21.000 --> 03:45:23.000]  是很不值的
[03:45:23.000 --> 03:45:25.000]  是肉痛的
[03:45:25.000 --> 03:45:27.000]  將十分之一送給神,肉痛的
[03:45:27.000 --> 03:45:29.000]  根金白銀來的
[03:45:29.000 --> 03:45:31.000]  很辛苦賺回來的
[03:45:31.000 --> 03:45:33.000]  一百元
[03:45:33.000 --> 03:45:35.000]  奉獻十分之一,奉獻十元
[03:45:35.000 --> 03:45:37.000]  還可以忍受
[03:45:37.000 --> 03:45:39.000]  要是賺到五十萬
[03:45:39.000 --> 03:45:41.000]  要是奉獻五萬
[03:45:41.000 --> 03:45:43.000]  大喇喇
[03:45:43.000 --> 03:45:45.000]  很肉痛的
[03:45:45.000 --> 03:45:47.000]  扔了下去之後寫了信封
[03:45:47.000 --> 03:45:49.000]  扔在北星的紅袋之後
[03:45:49.000 --> 03:45:51.000]  當日一打寶
[03:45:51.000 --> 03:45:53.000]  是零的,是真的
[03:45:53.000 --> 03:45:55.000]  很肉痛的
[03:45:55.000 --> 03:45:57.000]  我知道
[03:45:57.000 --> 03:45:59.000]  尤其是在這麼困難,這麼難賺錢的世界裏
[03:45:59.000 --> 03:46:01.000]  你這樣奉獻這些東西給神
[03:46:01.000 --> 03:46:03.000]  是不是很肉痛的?我知道是肉痛的
[03:46:03.000 --> 03:46:05.000]  那怎樣呢?
[03:46:05.000 --> 03:46:07.000]  神說我回答你兩個問題
[03:46:07.000 --> 03:46:09.000]  神兩句的說話來回答
[03:46:09.000 --> 03:46:11.000]  是金句來的
[03:46:11.000 --> 03:46:13.000]  我想大家先和我讀一讀那兩句
[03:46:13.000 --> 03:46:15.000]  就在我們那個大綱
[03:46:15.000 --> 03:46:17.000]  大家找回那個大綱
[03:46:17.000 --> 03:46:19.000]  你聽到的時候
[03:46:19.000 --> 03:46:21.000]  我手拿著我們的大綱
[03:46:21.000 --> 03:46:23.000]  第四十頁
[03:46:23.000 --> 03:46:25.000]  我們的刑冊裏面
[03:46:25.000 --> 03:46:27.000]  這個大綱裏面
[03:46:27.000 --> 03:46:29.000]  列了出來
[03:46:29.000 --> 03:46:31.000]  第二的羅馬字
[03:46:31.000 --> 03:46:33.000]  講到神的公義那裏
[03:46:33.000 --> 03:46:35.000]  有一句說話
[03:46:35.000 --> 03:46:37.000]  第三章第六節那裏說
[03:46:37.000 --> 03:46:39.000]  神說我是不變的
[03:46:39.000 --> 03:46:41.000]  你說這個世界
[03:46:41.000 --> 03:46:43.000]  樣樣都沒有公理
[03:46:43.000 --> 03:46:45.000]  神的三愛說我是不變的
[03:46:45.000 --> 03:46:47.000]  我們一起讀一次
[03:46:47.000 --> 03:46:49.000]  一二三
[03:46:49.000 --> 03:46:51.000]  神說我是不變的
[03:46:51.000 --> 03:46:53.000]  再來一次
[03:46:53.000 --> 03:46:55.000]  神說我是不變的
[03:46:55.000 --> 03:46:57.000]  記住它
[03:46:57.000 --> 03:46:59.000]  好了我們將我們的生命
[03:46:59.000 --> 03:47:01.000]  做一個虔誠的基督徒有很多犧牲
[03:47:01.000 --> 03:47:03.000]  奉獻給神的時候
[03:47:03.000 --> 03:47:05.000]  值不值得呢?神有他的回答
[03:47:05.000 --> 03:47:07.000]  就在我們四十一頁
[03:47:07.000 --> 03:47:09.000]  那裏
[03:47:09.000 --> 03:47:11.000]  羅馬字三個第二大段那裏
[03:47:11.000 --> 03:47:13.000]  神也都有個回答
[03:47:13.000 --> 03:47:15.000]  就是這一段最後三章十二節
[03:47:15.000 --> 03:47:17.000]  三章十二節那裏
[03:47:17.000 --> 03:47:19.000]  神說我要令你得福
[03:47:19.000 --> 03:47:21.000]  你將你的東西給我
[03:47:21.000 --> 03:47:23.000]  我就要令你得福
[03:47:23.000 --> 03:47:25.000]  你不是徹底反而是令你得福
[03:47:25.000 --> 03:47:27.000]  一二三
[03:47:27.000 --> 03:47:29.000]  神說我要令你得福
[03:47:29.000 --> 03:47:31.000]  再講一次
[03:47:31.000 --> 03:47:33.000]  神說我要令你得福
[03:47:33.000 --> 03:47:35.000]  我們記住這兩句金句
[03:47:35.000 --> 03:47:37.000]  當然神說這兩句話
[03:47:37.000 --> 03:47:39.000]  並不是我們今天一起研究的內容
[03:47:39.000 --> 03:47:41.000]  我們首先看看
[03:47:41.000 --> 03:47:43.000]  馬克思主義裏面
[03:47:43.000 --> 03:47:45.000]  前線的這段
[03:47:45.000 --> 03:47:47.000]  一個不公平的世界
[03:47:47.000 --> 03:47:49.000]  不過呢
[03:47:49.000 --> 03:47:51.000]  早上一早流流心精神
[03:47:51.000 --> 03:47:53.000]  我們熟悉一下聖經
[03:47:53.000 --> 03:47:55.000]  我們打開馬克思第二章
[03:47:55.000 --> 03:47:57.000]  我們由十七節讀到第六節
[03:47:57.000 --> 03:47:59.000]  我們先講第一段
[03:47:59.000 --> 03:48:01.000]  看看神怎樣回答
[03:48:01.000 --> 03:48:03.000]  在人心裏面講什麼
[03:48:03.000 --> 03:48:05.000]  關於公不公平的問題
[03:48:05.000 --> 03:48:07.000]  第二章最深的這一節
[03:48:07.000 --> 03:48:09.000]  開始讀到第三章六節
[03:48:09.000 --> 03:48:11.000]  我們一起慢慢讀
[03:48:11.000 --> 03:48:13.000]  你們用疑與煩所耶和華
[03:48:13.000 --> 03:48:15.000]  你們還說
[03:48:15.000 --> 03:48:17.000]  我們在何事上
[03:48:17.000 --> 03:48:19.000]  煩所差呢
[03:48:19.000 --> 03:48:21.000]  因為你們說
[03:48:21.000 --> 03:48:23.000]  凡行惡的
[03:48:23.000 --> 03:48:25.000]  耶和華看為善
[03:48:25.000 --> 03:48:27.000]  並且他喜悅他們
[03:48:27.000 --> 03:48:29.000]  或說
[03:48:29.000 --> 03:48:31.000]  公義的神在哪裏呢
[03:48:31.000 --> 03:48:33.000]  萬君之耶和華說
[03:48:33.000 --> 03:48:35.000]  我要差遣我的使者
[03:48:35.000 --> 03:48:37.000]  在我前面
[03:48:37.000 --> 03:48:39.000]  預備道路
[03:48:39.000 --> 03:48:41.000]  你們所尋求的主
[03:48:41.000 --> 03:48:43.000]  必忽然進入
[03:48:43.000 --> 03:48:45.000]  他的殿
[03:48:45.000 --> 03:48:47.000]  立約的使者
[03:48:47.000 --> 03:48:49.000]  就似你們所仰慕的
[03:48:49.000 --> 03:48:51.000]  快要來到
[03:48:51.000 --> 03:48:53.000]  他來的日子
[03:48:53.000 --> 03:48:55.000]  誰能當得起呢
[03:48:55.000 --> 03:48:57.000]  他顯現的時候
[03:48:57.000 --> 03:48:59.000]  誰能立得義呢
[03:48:59.000 --> 03:49:01.000]  因為他
[03:49:01.000 --> 03:49:03.000]  而煉針之人的火
[03:49:03.000 --> 03:49:05.000]  如跳步之人的膽
[03:49:05.000 --> 03:49:07.000]  他必坐下
[03:49:07.000 --> 03:49:09.000]  而煉證人子的
[03:49:09.000 --> 03:49:11.000]  之潔淨利美人
[03:49:11.000 --> 03:49:13.000]  傲憐他們
[03:49:13.000 --> 03:49:15.000]  像針銀一樣
[03:49:15.000 --> 03:49:17.000]  他們就憑公義
[03:49:17.000 --> 03:49:19.000]  獻動物給耶和華
[03:49:19.000 --> 03:49:21.000]  那時
[03:49:21.000 --> 03:49:23.000]  猶大和耶路撒冷
[03:49:23.000 --> 03:49:25.000]  所獻的動物
[03:49:25.000 --> 03:49:27.000]  之夢耶和華現立
[03:49:27.000 --> 03:49:29.000]  彷彿古時之日
[03:49:29.000 --> 03:49:31.000]  上古之年
[03:49:31.000 --> 03:49:33.000]  萬君之耶和華說
[03:49:33.000 --> 03:49:35.000]  我必臨近你們
[03:49:35.000 --> 03:49:37.000]  施行審判
[03:49:37.000 --> 03:49:39.000]  我必速速作見證
[03:49:39.000 --> 03:49:41.000]  警戒行邪術的
[03:49:41.000 --> 03:49:43.000]  犯奸淫的
[03:49:43.000 --> 03:49:45.000]  起假誓的
[03:49:45.000 --> 03:49:47.000]  恢復人之功架的
[03:49:47.000 --> 03:49:49.000]  欺壓寡婦孤兒的
[03:49:49.000 --> 03:49:51.000]  屈往寄居的
[03:49:51.000 --> 03:49:53.000]  和不敬畏我的
[03:49:53.000 --> 03:49:55.000]  因我耶和華
[03:49:55.000 --> 03:49:57.000]  是不改變的
[03:49:57.000 --> 03:49:59.000]  所以你們亞國之子
[03:49:59.000 --> 03:50:01.000]  沒有滅亡
[03:50:01.000 --> 03:50:03.000]  因為我耶和華
[03:50:03.000 --> 03:50:05.000]  亦有滅亡
[03:50:05.000 --> 03:50:07.000]  因為我耶和華是不改變的
[03:50:07.000 --> 03:50:09.000]  不過在說三章六卷
[03:50:09.000 --> 03:50:11.000]  這個結論之前
[03:50:11.000 --> 03:50:13.000]  我用了很長時間
[03:50:13.000 --> 03:50:15.000]  和這些人慢慢
[03:50:15.000 --> 03:50:17.000]  討論這個
[03:50:17.000 --> 03:50:19.000]  很共鳴的心底話
[03:50:19.000 --> 03:50:21.000]  就是三章十七節所說的話
[03:50:21.000 --> 03:50:23.000]  我們第一堂
[03:50:23.000 --> 03:50:25.000]  都說過
[03:50:25.000 --> 03:50:27.000]  馬來西亞有一個模式
[03:50:27.000 --> 03:50:29.000]  但是我講了一些東西
[03:50:29.000 --> 03:50:31.000]  已經沒有了
[03:50:31.000 --> 03:50:33.000]  這一節就說你們用言語
[03:50:33.000 --> 03:50:35.000]  煩鎖我
[03:50:35.000 --> 03:50:37.000]  很多人問我什麼時候煩鎖你
[03:50:37.000 --> 03:50:39.000]  你還說沒有
[03:50:39.000 --> 03:50:41.000]  第十七節所說的
[03:50:41.000 --> 03:50:43.000]  他說什麼
[03:50:43.000 --> 03:50:45.000]  凡行惡的
[03:50:45.000 --> 03:50:47.000]  耶和華眼看為善
[03:50:47.000 --> 03:50:49.000]  並且他喜悅他們
[03:50:49.000 --> 03:50:51.000]  或說攻擊他們
[03:50:51.000 --> 03:50:53.000]  在哪裡呢
[03:50:53.000 --> 03:50:55.000]  這幾句話很要命的
[03:50:55.000 --> 03:50:57.000]  他說什麼呢
[03:50:57.000 --> 03:50:59.000]  凡行惡的
[03:50:59.000 --> 03:51:01.000]  眼看為善
[03:51:01.000 --> 03:51:03.000]  就是說什麼
[03:51:03.000 --> 03:51:05.000]  神是顛倒黑白的
[03:51:05.000 --> 03:51:07.000]  那些做壞事的人
[03:51:07.000 --> 03:51:09.000]  神當他們是好人
[03:51:09.000 --> 03:51:11.000]  並且什麼呢
[03:51:11.000 --> 03:51:13.000]  喜悅他們
[03:51:13.000 --> 03:51:15.000]  做壞事的人
[03:51:15.000 --> 03:51:17.000]  神當他們是好人
[03:51:17.000 --> 03:51:19.000]  還喜歡那些好人
[03:51:19.000 --> 03:51:21.000]  這個世界就是這樣
[03:51:21.000 --> 03:51:23.000]  看法一點
[03:51:23.000 --> 03:51:25.000]  還有啊
[03:51:25.000 --> 03:51:27.000]  公義的神根本都不在
[03:51:27.000 --> 03:51:29.000]  這幾句話就很要命
[03:51:29.000 --> 03:51:31.000]  對神來說是一個很大的侮辱
[03:51:31.000 --> 03:51:33.000]  但是我們分清楚兩件事
[03:51:33.000 --> 03:51:35.000]  這裡不是按著你的嘴巴
[03:51:35.000 --> 03:51:37.000]  說這個世界沒有不公平的
[03:51:37.000 --> 03:51:39.000]  很公平的
[03:51:39.000 --> 03:51:41.000]  神根本就不用和他爭辯
[03:51:41.000 --> 03:51:43.000]  這個世界根本是不公平的
[03:51:43.000 --> 03:51:45.000]  我們不需要再舉很多個例子
[03:51:45.000 --> 03:51:47.000]  在香港的社會
[03:51:47.000 --> 03:51:49.000]  你自己做公我做公大家都知道
[03:51:49.000 --> 03:51:51.000]  哪個地方做公是公平的
[03:51:51.000 --> 03:51:53.000]  你說是不是
[03:51:53.000 --> 03:51:55.000]  好人不一定有好報
[03:51:55.000 --> 03:51:57.000]  不一定有不好報
[03:51:57.000 --> 03:51:59.000]  特別是一個這麼競爭的社會
[03:51:59.000 --> 03:52:01.000]  我發覺現在香港競爭的這麼厲害
[03:52:01.000 --> 03:52:03.000]  我開始有點心寒
[03:52:03.000 --> 03:52:05.000]  我開始發覺香港人現在剩下兩種人做公
[03:52:05.000 --> 03:52:07.000]  一種是被人踩的人
[03:52:07.000 --> 03:52:09.000]  一種是被人踩的人
[03:52:09.000 --> 03:52:11.000]  多數爬上去都是被人踩的人
[03:52:11.000 --> 03:52:13.000]  變成第三種那些好人
[03:52:13.000 --> 03:52:15.000]  好人多數變成被人踩的人
[03:52:15.000 --> 03:52:17.000]  我講這句話很多人點頭
[03:52:17.000 --> 03:52:19.000]  你們知道我在講什麼
[03:52:19.000 --> 03:52:21.000]  大家都知道我在講什麼
[03:52:21.000 --> 03:52:23.000]  這個世界就是這樣
[03:52:23.000 --> 03:52:25.000]  這個事實上是
[03:52:25.000 --> 03:52:27.000]  爬上去多數是不擇手段的
[03:52:27.000 --> 03:52:29.000]  我們這一班
[03:52:29.000 --> 03:52:31.000]  就不忍不擇手段
[03:52:31.000 --> 03:52:33.000]  所以我們就在這裏
[03:52:33.000 --> 03:52:35.000]  成為被人踩的那一班人
[03:52:35.000 --> 03:52:37.000]  所以我和太太
[03:52:37.000 --> 03:52:39.000]  最近就開始有這個心
[03:52:39.000 --> 03:52:41.000]  未能夠操作
[03:52:41.000 --> 03:52:43.000]  而且我們撕一輪的信息
[03:52:43.000 --> 03:52:45.000]  教我們基督徒怎樣做不踩的人
[03:52:45.000 --> 03:52:47.000]  但是不被人踩的人
[03:52:47.000 --> 03:52:49.000]  一良善但是不會被人踩的人
[03:52:49.000 --> 03:52:51.000]  這個世界不知為何一良善
[03:52:51.000 --> 03:52:53.000]  一不踩人
[03:52:53.000 --> 03:52:55.000]  就被人踩
[03:52:55.000 --> 03:52:57.000]  踩到體無完膚
[03:52:57.000 --> 03:52:59.000]  因為他出的手段你出不到
[03:52:59.000 --> 03:53:01.000]  他夠膽做的事你不做
[03:53:01.000 --> 03:53:03.000]  他願意做的事你不肯做
[03:53:03.000 --> 03:53:05.000]  他就爬上去
[03:53:05.000 --> 03:53:07.000]  你看著他上去
[03:53:07.000 --> 03:53:09.000]  公不公平呢 當然不公平
[03:53:09.000 --> 03:53:11.000]  神不是隱瞞的
[03:53:11.000 --> 03:53:13.000]  因為神從來沒有說
[03:53:13.000 --> 03:53:15.000]  閉嘴不准說這個世界不公平
[03:53:15.000 --> 03:53:17.000]  大聲吞下去 多幾個祈禱
[03:53:17.000 --> 03:53:19.000]  不是這樣的 神是好人
[03:53:19.000 --> 03:53:21.000]  沒有說他們破壞這個世界不公平
[03:53:21.000 --> 03:53:23.000]  不過
[03:53:23.000 --> 03:53:25.000]  如果你說這個世界不公平
[03:53:25.000 --> 03:53:27.000]  所以神就沒有理這個世界
[03:53:27.000 --> 03:53:29.000]  Wait a minute
[03:53:29.000 --> 03:53:31.000]  這句不行
[03:53:31.000 --> 03:53:33.000]  神說你說這個世界不公平
[03:53:33.000 --> 03:53:35.000]  Good 你可以說
[03:53:35.000 --> 03:53:37.000]  你很不高興這個世界這樣的生活
[03:53:37.000 --> 03:53:39.000]  Good 你可以這麼說
[03:53:39.000 --> 03:53:41.000]  不過你跟著那些人繼續說
[03:53:41.000 --> 03:53:43.000]  其實神都沒有幫我
[03:53:43.000 --> 03:53:45.000]  是幫那些壞人
[03:53:45.000 --> 03:53:47.000]  你看著他大聲上去
[03:53:47.000 --> 03:53:49.000]  那個時候你招待神的那一筆
[03:53:49.000 --> 03:53:51.000]  神說你不可以 閉嘴
[03:53:51.000 --> 03:53:53.000]  你不可以繼續說下去
[03:53:53.000 --> 03:53:55.000]  你這樣就是用言語犯所礙
[03:53:55.000 --> 03:53:57.000]  你令我很煩
[03:53:57.000 --> 03:53:59.000]  煩不是因為
[03:53:59.000 --> 03:54:01.000]  雖然你頂點你不需要三心
[03:54:01.000 --> 03:54:03.000]  哎呀真如金磡道
[03:54:03.000 --> 03:54:05.000]  以後一出去辦公室就被人踩
[03:54:05.000 --> 03:54:07.000]  被人壓 都不敢發幾句怨言
[03:54:07.000 --> 03:54:09.000]  可以的
[03:54:09.000 --> 03:54:11.000]  正經沒有說不可以的
[03:54:11.000 --> 03:54:13.000]  是可以的 這個世界是不公平
[03:54:13.000 --> 03:54:15.000]  你要說上去就說
[03:54:15.000 --> 03:54:17.000]  神喜歡那些惡人
[03:54:17.000 --> 03:54:19.000]  神喜悅那些惡人
[03:54:19.000 --> 03:54:21.000]  那個公義的神
[03:54:21.000 --> 03:54:23.000]  沒有的了
[03:54:23.000 --> 03:54:25.000]  這個世界是沒有公義的
[03:54:25.000 --> 03:54:27.000]  一招待神的那一筆就不行
[03:54:27.000 --> 03:54:29.000]  你明不明白
[03:54:29.000 --> 03:54:31.000]  那個錯是我們不單看著這個世界
[03:54:31.000 --> 03:54:33.000]  但這個世界可以
[03:54:33.000 --> 03:54:35.000]  推論到神
[03:54:35.000 --> 03:54:37.000]  那個錯誤的話
[03:54:37.000 --> 03:54:39.000]  神說你要停下來 你不可以這樣說下去
[03:54:39.000 --> 03:54:41.000]  因為我不是這樣
[03:54:41.000 --> 03:54:43.000]  我不是這樣
[03:54:43.000 --> 03:54:45.000]  那你神怎麼樣
[03:54:45.000 --> 03:54:47.000]  神說我跟著要告訴你
[03:54:47.000 --> 03:54:51.000]  正正就是這個世界的不公義
[03:54:51.000 --> 03:54:53.000]  反映了
[03:54:53.000 --> 03:54:55.000]  神自己是不公義
[03:54:55.000 --> 03:54:57.000]  究竟為什麼
[03:54:57.000 --> 03:54:59.000]  神可以這樣說
[03:54:59.000 --> 03:55:01.000]  首先我們要下一點點
[03:55:01.000 --> 03:55:03.000]  基礎背景
[03:55:03.000 --> 03:55:05.000]  第三章第一節開始
[03:55:05.000 --> 03:55:07.000]  就解釋神怎樣
[03:55:07.000 --> 03:55:09.000]  進行什麼的手續
[03:55:09.000 --> 03:55:11.000]  和方式處理
[03:55:11.000 --> 03:55:13.000]  這個第三章一節
[03:55:13.000 --> 03:55:15.000]  正經裡面馬拉經書沒有說
[03:55:15.000 --> 03:55:19.000]  但其他的經文很清楚補充
[03:55:19.000 --> 03:55:21.000]  我們有一個很基本的信念
[03:55:21.000 --> 03:55:23.000]  今天我講一些具體的例子
[03:55:23.000 --> 03:55:25.000]  我自己的見證
[03:55:25.000 --> 03:55:27.000]  有些地方可能我在其他地方講過
[03:55:27.000 --> 03:55:29.000]  甚至在北京提過
[03:55:29.000 --> 03:55:31.000]  坦白講我個人不是很記性
[03:55:31.000 --> 03:55:33.000]  有些例子有些見證講過
[03:55:33.000 --> 03:55:35.000]  如果真的的話請你延長
[03:55:35.000 --> 03:55:37.000]  我們再聽一次
[03:55:37.000 --> 03:55:39.000]  我不會再逐個問你聽過這件事
[03:55:39.000 --> 03:55:41.000]  我自己都很煩
[03:55:41.000 --> 03:55:43.000]  聽過沒聽過
[03:55:43.000 --> 03:55:45.000]  當我沒聽過
[03:55:45.000 --> 03:55:47.000]  從頭再聽一遍
[03:55:47.000 --> 03:55:49.000]  我今天想和大家用我自己的一些經歷
[03:55:49.000 --> 03:55:51.000]  見到一個人很多時候我喜歡這樣
[03:55:51.000 --> 03:55:53.000]  我不是喜歡舉一些假的例子
[03:55:53.000 --> 03:55:55.000]  我喜歡舉一些有血有肉的
[03:55:55.000 --> 03:55:57.000]  最好就是我脫身的
[03:55:57.000 --> 03:55:59.000]  我最有資格講
[03:55:59.000 --> 03:56:01.000]  因為我自己是當事人
[03:56:01.000 --> 03:56:03.000]  所以我最能講的一些例子
[03:56:03.000 --> 03:56:05.000]  但無論如何
[03:56:05.000 --> 03:56:07.000]  我們首先在這裡要明白
[03:56:07.000 --> 03:56:09.000]  一個重要的真理
[03:56:09.000 --> 03:56:11.000]  當我們見到人間
[03:56:11.000 --> 03:56:13.000]  有不公平的事情
[03:56:13.000 --> 03:56:15.000]  我們的際遇並不是
[03:56:15.000 --> 03:56:17.000]  好像我們所希望的那樣
[03:56:17.000 --> 03:56:19.000]  好人好報壞人惡報
[03:56:19.000 --> 03:56:21.000]  這樣出現的時候
[03:56:21.000 --> 03:56:23.000]  我們最好應該選擇一個什麼樣的心態
[03:56:23.000 --> 03:56:25.000]  知識的人錯就錯
[03:56:25.000 --> 03:56:27.000]  那就是神沒有理
[03:56:27.000 --> 03:56:29.000]  神不理
[03:56:29.000 --> 03:56:31.000]  但這種心態
[03:56:31.000 --> 03:56:33.000]  其實在聖經裏面
[03:56:33.000 --> 03:56:35.000]  很多天師自己都曾經掙扎過
[03:56:35.000 --> 03:56:37.000]  最出名的就是哈伯谷
[03:56:37.000 --> 03:56:39.000]  哈伯谷書裏面
[03:56:39.000 --> 03:56:41.000]  第一章就擺明了講這件事
[03:56:41.000 --> 03:56:43.000]  哈伯谷書裏面第一章
[03:56:43.000 --> 03:56:45.000]  哈伯谷很痛苦的
[03:56:45.000 --> 03:56:47.000]  講了兩句說話
[03:56:47.000 --> 03:56:49.000]  很多人熟悉了都很共鳴
[03:56:49.000 --> 03:56:51.000]  哈伯谷說你看看我們的國家
[03:56:51.000 --> 03:56:53.000]  你看看我的遭遇
[03:56:53.000 --> 03:56:55.000]  遇到這樣的事故
[03:56:55.000 --> 03:56:57.000]  惡人當道的時候
[03:56:57.000 --> 03:56:59.000]  哈伯谷講了兩句說話
[03:56:59.000 --> 03:57:01.000]  大家不知道還記不記得
[03:57:01.000 --> 03:57:03.000]  第一句 神啊為何你看著不理
[03:57:03.000 --> 03:57:05.000]  另外一句
[03:57:05.000 --> 03:57:07.000]  神啊為何你默然不語
[03:57:07.000 --> 03:57:09.000]  這兩句
[03:57:09.000 --> 03:57:11.000]  真的很共鳴
[03:57:11.000 --> 03:57:13.000]  人生我們有挫敗的時候
[03:57:13.000 --> 03:57:15.000]  我們能夠很難過的時候
[03:57:15.000 --> 03:57:17.000]  我們明白為什麼這些際遇要臨到我們身上的時候
[03:57:17.000 --> 03:57:19.000]  我們就會好像哈伯谷心裏忍不住
[03:57:19.000 --> 03:57:21.000]  神啊為何你默然不語
[03:57:21.000 --> 03:57:23.000]  我祈一次禱
[03:57:23.000 --> 03:57:25.000]  我祈了兩次禱
[03:57:25.000 --> 03:57:27.000]  我為這件事再祈禱
[03:57:27.000 --> 03:57:29.000]  流淚的祈禱
[03:57:29.000 --> 03:57:31.000]  你仍然一句說話都不和我說
[03:57:31.000 --> 03:57:33.000]  另外
[03:57:33.000 --> 03:57:35.000]  為何你看著不理
[03:57:35.000 --> 03:57:37.000]  你看看
[03:57:37.000 --> 03:57:39.000]  你看看惡人在搞事
[03:57:39.000 --> 03:57:41.000]  你看看惡人多風光
[03:57:41.000 --> 03:57:43.000]  妖人得意
[03:57:43.000 --> 03:57:45.000]  為何你看著不理
[03:57:45.000 --> 03:57:47.000]  神啊為何你默然不語
[03:57:47.000 --> 03:57:49.000]  哈伯谷是這樣說的
[03:57:49.000 --> 03:57:51.000]  但是我們都記得
[03:57:51.000 --> 03:57:53.000]  神有回答
[03:57:53.000 --> 03:57:55.000]  哈伯谷書裏面
[03:57:55.000 --> 03:57:57.000]  神的回答是怎樣
[03:57:57.000 --> 03:57:59.000]  很有意思
[03:57:59.000 --> 03:58:01.000]  在打哈伯谷的時候
[03:58:01.000 --> 03:58:03.000]  哈伯谷發生這兩個罪犯的挑戰
[03:58:03.000 --> 03:58:05.000]  在哈伯谷書第一章
[03:58:05.000 --> 03:58:07.000]  在哈伯谷書第一章裏面
[03:58:07.000 --> 03:58:09.000]  神已經回答了他
[03:58:09.000 --> 03:58:11.000]  不過神的回答是很巧妙的
[03:58:11.000 --> 03:58:13.000]  第一哈伯谷說
[03:58:13.000 --> 03:58:15.000]  神啊為何你默然不語
[03:58:15.000 --> 03:58:17.000]  其實是很荒謬的
[03:58:17.000 --> 03:58:19.000]  如果你打哈伯谷書第一章去看的時候
[03:58:19.000 --> 03:58:21.000]  神有沒有說話
[03:58:21.000 --> 03:58:23.000]  有
[03:58:23.000 --> 03:58:25.000]  耶和華二子一直在說
[03:58:25.000 --> 03:58:27.000]  哈伯谷說
[03:58:27.000 --> 03:58:29.000]  這些國家沒有公義了
[03:58:29.000 --> 03:58:31.000]  神說既然是這樣
[03:58:31.000 --> 03:58:35.000]  不如我叫巴比倫人滅了這個國家
[03:58:35.000 --> 03:58:37.000]  哈伯谷說不是的
[03:58:37.000 --> 03:58:39.000]  我不是這樣想的
[03:58:39.000 --> 03:58:41.000]  我只是想你搞定惡人
[03:58:41.000 --> 03:58:43.000]  神說我是的
[03:58:43.000 --> 03:58:45.000]  一搞定惡人就全軍覆滅
[03:58:45.000 --> 03:58:47.000]  哈伯谷說這樣不行
[03:58:47.000 --> 03:58:49.000]  那些加勒底人連你都不信
[03:58:49.000 --> 03:58:51.000]  我們國家真是很假
[03:58:51.000 --> 03:58:53.000]  怎麼可以叫不信你的人去滅你的展文
[03:58:53.000 --> 03:58:55.000]  神說我是這樣做的
[03:58:55.000 --> 03:58:57.000]  哈伯谷書第一章是這樣辯論的
[03:58:57.000 --> 03:58:59.000]  老實說
[03:58:59.000 --> 03:59:01.000]  神有沒有說話
[03:59:01.000 --> 03:59:03.000]  有說了很多話
[03:59:03.000 --> 03:59:05.000]  哈伯谷書第一章大約都是神說的話
[03:59:05.000 --> 03:59:07.000]  但哈伯谷說神啊為何你默然不語
[03:59:07.000 --> 03:59:11.000]  你幫我一起想想
[03:59:11.000 --> 03:59:13.000]  為什麼
[03:59:13.000 --> 03:59:15.000]  為什麼
[03:59:15.000 --> 03:59:17.000]  是啊不中聽
[03:59:17.000 --> 03:59:19.000]  神不是沒有說話
[03:59:19.000 --> 03:59:21.000]  不過他不是說哈伯谷想聽的東西
[03:59:21.000 --> 03:59:23.000]  所以他覺得神沒有說話
[03:59:23.000 --> 03:59:25.000]  神沒有說話
[03:59:25.000 --> 03:59:27.000]  神從頭說到尾
[03:59:27.000 --> 03:59:29.000]  不過不是哈伯谷喜歡聽
[03:59:29.000 --> 03:59:31.000]  不中聽
[03:59:31.000 --> 03:59:33.000]  所以哈伯谷說為何你默然不語
[03:59:33.000 --> 03:59:35.000]  然後神有沒有做事
[03:59:35.000 --> 03:59:37.000]  神一早就說我會這樣做
[03:59:37.000 --> 03:59:39.000]  這樣滅這個猶太人
[03:59:39.000 --> 03:59:41.000]  神不斷的做事
[03:59:41.000 --> 03:59:43.000]  但為什麼哈伯谷說
[03:59:43.000 --> 03:59:45.000]  你為何看著不理
[03:59:45.000 --> 03:59:47.000]  神有
[03:59:47.000 --> 03:59:49.000]  神有理道
[03:59:49.000 --> 03:59:51.000]  不過一樣
[03:59:51.000 --> 03:59:53.000]  就不是哈伯谷想要神理的方法
[03:59:53.000 --> 03:59:55.000]  所以哈伯谷說
[03:59:55.000 --> 03:59:57.000]  你為何看著不理
[03:59:57.000 --> 03:59:59.000]  這個就是我們人和神的分別
[03:59:59.000 --> 04:00:01.000]  我們要肯定一件事
[04:00:01.000 --> 04:00:03.000]  在我們的信仰上
[04:00:03.000 --> 04:00:05.000]  在我們的神學上
[04:00:05.000 --> 04:00:07.000]  在正經理論上我們要肯定一件事
[04:00:07.000 --> 04:00:09.000]  如果你是基督徒的話
[04:00:09.000 --> 04:00:11.000]  你絕對不可以懷疑這件事
[04:00:11.000 --> 04:00:13.000]  就是當人間有痛苦
[04:00:13.000 --> 04:00:15.000]  有難過的時候
[04:00:15.000 --> 04:00:17.000]  神不會看著不理
[04:00:17.000 --> 04:00:19.000]  神一定理
[04:00:19.000 --> 04:00:21.000]  神一定理
[04:00:21.000 --> 04:00:23.000]  並且神一定採取行動
[04:00:23.000 --> 04:00:25.000]  就好像在初埃及記講到
[04:00:25.000 --> 04:00:27.000]  當以色列人在埃及
[04:00:27.000 --> 04:00:29.000]  做奴隸的時候
[04:00:29.000 --> 04:00:31.000]  他一個呼喊聲
[04:00:31.000 --> 04:00:33.000]  神說什麼
[04:00:33.000 --> 04:00:35.000]  他呼著摩西說
[04:00:35.000 --> 04:00:37.000]  我聽見以色列人在埃及
[04:00:37.000 --> 04:00:39.000]  做奴隸的哀哭
[04:00:39.000 --> 04:00:41.000]  我聽見了
[04:00:41.000 --> 04:00:43.000]  我要下來我要去拯救他們
[04:00:43.000 --> 04:00:45.000]  所以我要安排摩西你去
[04:00:45.000 --> 04:00:47.000]  做我的使者
[04:00:47.000 --> 04:00:49.000]  這段話裏面很清楚
[04:00:49.000 --> 04:00:51.000]  這代表了神的四澤
[04:00:51.000 --> 04:00:53.000]  我告訴你絕對不可以懷疑任何事
[04:00:53.000 --> 04:00:55.000]  神是聽到神要下來
[04:00:55.000 --> 04:00:57.000]  神要拯救
[04:00:57.000 --> 04:00:59.000]  神有所行動
[04:00:59.000 --> 04:01:01.000]  不過我剛才講過
[04:01:01.000 --> 04:01:03.000]  要再重複再講
[04:01:03.000 --> 04:01:05.000]  神的行動
[04:01:05.000 --> 04:01:07.000]  神的動作、神的拯救
[04:01:07.000 --> 04:01:09.000]  一定和你所期待的方法是相同的
[04:01:09.000 --> 04:01:11.000]  神沒有隱瞞我這件事
[04:01:11.000 --> 04:01:13.000]  第二
[04:01:13.000 --> 04:01:15.000]  神拯救的時間
[04:01:15.000 --> 04:01:17.000]  也不是你所期待的時間
[04:01:17.000 --> 04:01:19.000]  來臨的
[04:01:19.000 --> 04:01:21.000]  不過你不可以因此
[04:01:21.000 --> 04:01:23.000]  懷疑神沒有拯救
[04:01:23.000 --> 04:01:25.000]  沒有動手
[04:01:25.000 --> 04:01:27.000]  神沒有做事
[04:01:27.000 --> 04:01:29.000]  聽得清楚了沒有
[04:01:29.000 --> 04:01:31.000]  我也不是完全肯定
[04:01:31.000 --> 04:01:33.000]  九月是這樣說的
[04:01:33.000 --> 04:01:35.000]  新若救的話
[04:01:35.000 --> 04:01:37.000]  一件事你沒有辦法反駁
[04:01:37.000 --> 04:01:39.000]  就是神到一個地步
[04:01:39.000 --> 04:01:41.000]  他自己親自來世
[04:01:41.000 --> 04:01:43.000]  如果神做了這個地球
[04:01:43.000 --> 04:01:45.000]  讓人類在這個地球中
[04:01:45.000 --> 04:01:47.000]  自生自滅的話
[04:01:47.000 --> 04:01:49.000]  他很少理會你們
[04:01:49.000 --> 04:01:51.000]  坦白講
[04:01:51.000 --> 04:01:53.000]  神整個宇宙
[04:01:53.000 --> 04:01:55.000]  都是他所創造的
[04:01:55.000 --> 04:01:57.000]  他何必為了一個這麼小的星球
[04:01:57.000 --> 04:01:59.000]  裡面其中一種生物
[04:01:59.000 --> 04:02:01.000]  叫做人類
[04:02:01.000 --> 04:02:03.000]  花這麼多精神
[04:02:03.000 --> 04:02:05.000]  到這個地步他自己來到這個星球
[04:02:05.000 --> 04:02:07.000]  做了他們33年
[04:02:07.000 --> 04:02:09.000]  在時間空間好像一首詩歌
[04:02:09.000 --> 04:02:11.000]  What love was when
[04:02:11.000 --> 04:02:13.000]  什麼時候是愛
[04:02:13.000 --> 04:02:15.000]  是神將自己困在時間空間當中
[04:02:15.000 --> 04:02:17.000]  好像人你和我
[04:02:17.000 --> 04:02:19.000]  走在人類的文化
[04:02:19.000 --> 04:02:21.000]  甚至比在十字架上
[04:02:21.000 --> 04:02:23.000]  你告訴我為什麼神要這樣做
[04:02:23.000 --> 04:02:25.000]  為什麼神要這樣做
[04:02:25.000 --> 04:02:27.000]  沒有其他解釋
[04:02:27.000 --> 04:02:29.000]  Depaul
[04:02:29.000 --> 04:02:31.000]  他關心
[04:02:31.000 --> 04:02:33.000]  他要你
[04:02:33.000 --> 04:02:35.000]  他不忍心
[04:02:35.000 --> 04:02:37.000]  任何一個人沉淪
[04:02:37.000 --> 04:02:39.000]  他以萬人得救
[04:02:39.000 --> 04:02:41.000]  以萬人得救
[04:02:41.000 --> 04:02:43.000]  這個是很肯定
[04:02:43.000 --> 04:02:45.000]  所以弟兄姊妹
[04:02:45.000 --> 04:02:47.000]  這套聖經還沒講
[04:02:47.000 --> 04:02:49.000]  但其他聖經我要補充一件事
[04:02:49.000 --> 04:02:51.000]  你知道神有多難過嗎
[04:02:51.000 --> 04:02:53.000]  你和我這樣講的時候
[04:02:53.000 --> 04:02:55.000]  神說你知道我多難過嗎
[04:02:55.000 --> 04:02:57.000]  你這樣說話
[04:02:57.000 --> 04:02:59.000]  你知道令我多煩躁嗎
[04:02:59.000 --> 04:03:01.000]  煩躁已經是很知名的字眼
[04:03:01.000 --> 04:03:03.000]  你很煩我
[04:03:03.000 --> 04:03:05.000]  其實你很傷我的心
[04:03:05.000 --> 04:03:07.000]  我明明是在理解
[04:03:07.000 --> 04:03:09.000]  我天邦的惡人
[04:03:09.000 --> 04:03:11.000]  喜悅惡人
[04:03:11.000 --> 04:03:13.000]  公義的神在哪裡
[04:03:13.000 --> 04:03:15.000]  我不斷在做事
[04:03:15.000 --> 04:03:17.000]  不過對不起
[04:03:17.000 --> 04:03:19.000]  我做的方法和你的期望不一定相同
[04:03:19.000 --> 04:03:21.000]  我的時機和你的不一定相同
[04:03:21.000 --> 04:03:23.000]  不過你不能因此說我沒有做事
[04:03:23.000 --> 04:03:25.000]  我沒有理會你
[04:03:25.000 --> 04:03:27.000]  所以你明白這句話
[04:03:27.000 --> 04:03:29.000]  你知道神有多傷心嗎
[04:03:29.000 --> 04:03:31.000]  又或者倒過來
[04:03:31.000 --> 04:03:33.000]  今天你和我這樣講的時候
[04:03:33.000 --> 04:03:35.000]  神有多傷心
[04:03:35.000 --> 04:03:37.000]  我不是要封著嘴說這個世界公平
[04:03:37.000 --> 04:03:39.000]  不是這個世界不公平
[04:03:39.000 --> 04:03:41.000]  但因為這個世界不公平而燒到神那一筆
[04:03:41.000 --> 04:03:43.000]  說神不公平
[04:03:43.000 --> 04:03:45.000]  這句就不可以講
[04:03:45.000 --> 04:03:47.000]  這句絕對不可以講
[04:03:47.000 --> 04:03:49.000]  神不容許你這樣講
[04:03:49.000 --> 04:03:51.000]  因為你很傷他的心
[04:03:51.000 --> 04:03:53.000]  因為神不對
[04:03:53.000 --> 04:03:55.000]  完全是侮辱了我
[04:03:55.000 --> 04:03:57.000]  煩了我
[04:03:57.000 --> 04:03:59.000]  然後你說神有什麼做了
[04:03:59.000 --> 04:04:01.000]  神有做事
[04:04:01.000 --> 04:04:03.000]  然後在第三章
[04:04:03.000 --> 04:04:05.000]  一直講下去
[04:04:05.000 --> 04:04:07.000]  我自己在大綱裏裏列了
[04:04:07.000 --> 04:04:09.000]  有五個行動
[04:04:09.000 --> 04:04:11.000]  在黑白曲書裏
[04:04:11.000 --> 04:04:13.000]  神說我有行動
[04:04:13.000 --> 04:04:15.000]  這五個行動很清楚
[04:04:15.000 --> 04:04:17.000]  其實第五個就是不戰
[04:04:17.000 --> 04:04:19.000]  當然神的不戰也是一種行動
[04:04:19.000 --> 04:04:21.000]  但他是可靠的信神
[04:04:21.000 --> 04:04:23.000]  但前面那幾樣
[04:04:23.000 --> 04:04:25.000]  我和大家稍為分析一下
[04:04:25.000 --> 04:04:27.000]  第一
[04:04:27.000 --> 04:04:29.000]  第三章一節A裏說
[04:04:29.000 --> 04:04:31.000]  神他有
[04:04:31.000 --> 04:04:33.000]  自己來預備
[04:04:33.000 --> 04:04:35.000]  道路
[04:04:35.000 --> 04:04:37.000]  第二
[04:04:37.000 --> 04:04:39.000]  三章一節
[04:04:39.000 --> 04:04:41.000]  第二節說
[04:04:41.000 --> 04:04:43.000]  神會忽然進入他的聖殿
[04:04:43.000 --> 04:04:45.000]  第三
[04:04:45.000 --> 04:04:47.000]  神的加入是要練正
[04:04:47.000 --> 04:04:49.000]  人間的自非
[04:04:49.000 --> 04:04:51.000]  第四
[04:04:51.000 --> 04:04:53.000]  神的加入是要作出審判
[04:04:53.000 --> 04:04:55.000]  讓人知道自己錯在哪裏
[04:04:55.000 --> 04:04:57.000]  這幾個行動
[04:04:57.000 --> 04:04:59.000]  都是神不斷在歷史裏
[04:04:59.000 --> 04:05:01.000]  出現
[04:05:01.000 --> 04:05:03.000]  在以色列人的歷史裏出現
[04:05:03.000 --> 04:05:05.000]  在你和我的人生當中
[04:05:05.000 --> 04:05:07.000]  仍然這樣做
[04:05:07.000 --> 04:05:09.000]  我希望大家再稍為深入了解
[04:05:09.000 --> 04:05:11.000]  第一
[04:05:11.000 --> 04:05:13.000]  神說我來的時候
[04:05:13.000 --> 04:05:15.000]  我開始行動你怎麼知道
[04:05:15.000 --> 04:05:17.000]  以色列人說
[04:05:17.000 --> 04:05:19.000]  我怎麼知道我看不到
[04:05:19.000 --> 04:05:21.000]  這個世界凹凹亂亂
[04:05:21.000 --> 04:05:23.000]  每日的生活裏都好像有一個訊息
[04:05:23.000 --> 04:05:25.000]  神不在的
[04:05:25.000 --> 04:05:27.000]  神沒理的
[04:05:27.000 --> 04:05:29.000]  甚至以色列人說
[04:05:29.000 --> 04:05:31.000]  神喜悅他們怎麼搞事
[04:05:31.000 --> 04:05:33.000]  我們在這時候就說
[04:05:33.000 --> 04:05:35.000]  好我給你一個笑聲
[04:05:35.000 --> 04:05:37.000]  我給你一個sign
[04:05:37.000 --> 04:05:39.000]  就是神的行動
[04:05:39.000 --> 04:05:41.000]  出現之前
[04:05:41.000 --> 04:05:43.000]  有自己來預備
[04:05:43.000 --> 04:05:45.000]  途路當然大家都會知道
[04:05:45.000 --> 04:05:47.000]  其實很奇妙
[04:05:47.000 --> 04:05:49.000]  這個是公元前四百多年
[04:05:49.000 --> 04:05:51.000]  五百年的一個
[04:05:51.000 --> 04:05:53.000]  作品已經預言了
[04:05:53.000 --> 04:05:55.000]  彌賽亞耶穌
[04:05:55.000 --> 04:05:57.000]  為之前有預備
[04:05:57.000 --> 04:05:59.000]  道路的使者司祭約翰
[04:05:59.000 --> 04:06:01.000]  這個預言很精彩
[04:06:01.000 --> 04:06:03.000]  我們不詳細說
[04:06:03.000 --> 04:06:05.000]  我們不想將這樣的行動
[04:06:05.000 --> 04:06:07.000]  只收集在耶穌基督降生
[04:06:07.000 --> 04:06:09.000]  這個預言
[04:06:09.000 --> 04:06:11.000]  我相信馬拉賓這個預言有更寬的
[04:06:11.000 --> 04:06:13.000]  代表了神自己的意思
[04:06:13.000 --> 04:06:15.000]  神說我採取行動之前
[04:06:15.000 --> 04:06:17.000]  你可以看見一些兆徵
[04:06:17.000 --> 04:06:19.000]  我有使者來預備道路
[04:06:19.000 --> 04:06:21.000]  使者是什麼意思呢
[04:06:21.000 --> 04:06:23.000]  就是在古代的皇帝
[04:06:23.000 --> 04:06:25.000]  古代的皇帝
[04:06:25.000 --> 04:06:27.000]  快要去到一個城市的時候
[04:06:27.000 --> 04:06:29.000]  他那時候沒有電報
[04:06:29.000 --> 04:06:31.000]  也沒有電話,也沒有fax機
[04:06:31.000 --> 04:06:33.000]  也沒有email,所以那些人怎麼知道
[04:06:33.000 --> 04:06:35.000]  不知道的
[04:06:35.000 --> 04:06:37.000]  除了見到很多猛來的時候
[04:06:37.000 --> 04:06:39.000]  也不知道是打仗還是皇帝來
[04:06:39.000 --> 04:06:41.000]  所以皇帝通常
[04:06:41.000 --> 04:06:43.000]  預先一天兩天
[04:06:43.000 --> 04:06:45.000]  派一個使者代表皇帝
[04:06:45.000 --> 04:06:47.000]  進到這個城那裡
[04:06:47.000 --> 04:06:49.000]  宣佈說皇帝就要來了
[04:06:49.000 --> 04:06:51.000]  你們預備好自己迎接皇帝
[04:06:51.000 --> 04:06:53.000]  這個就是使者預備道路的作用
[04:06:53.000 --> 04:06:55.000]  就是說
[04:06:55.000 --> 04:06:57.000]  那個皇帝還沒有來
[04:06:57.000 --> 04:06:59.000]  不過你見到這個使者
[04:06:59.000 --> 04:07:01.000]  你估計He is coming
[04:07:01.000 --> 04:07:03.000]  他動手了,他有的
[04:07:03.000 --> 04:07:05.000]  他正在來,他不是沒有來
[04:07:05.000 --> 04:07:07.000]  他不是忘記了這個城,神正在來
[04:07:07.000 --> 04:07:09.000]  大家聽我說,你明白我的意思
[04:07:09.000 --> 04:07:11.000]  不是說一個城,不是一個使者
[04:07:11.000 --> 04:07:13.000]  神的意思就是說,我動手的時候
[04:07:13.000 --> 04:07:15.000]  有兆徵,有給你看見
[04:07:15.000 --> 04:07:17.000]  這個使者你就見到
[04:07:17.000 --> 04:07:19.000]  這是什麼意思呢
[04:07:19.000 --> 04:07:21.000]  其實在我們的人生
[04:07:21.000 --> 04:07:23.000]  當中
[04:07:23.000 --> 04:07:25.000]  甚至是一個
[04:07:25.000 --> 04:07:27.000]  一般的文化,你不要說只是基督教
[04:07:27.000 --> 04:07:29.000]  很有趣的,神在每一個文化
[04:07:29.000 --> 04:07:31.000]  甚至不是基督徒的文化
[04:07:31.000 --> 04:07:33.000]  當中都有一種
[04:07:33.000 --> 04:07:35.000]  很新的信念
[04:07:35.000 --> 04:07:37.000]  就是這個世界
[04:07:37.000 --> 04:07:39.000]  是有位主宰在這裡
[04:07:39.000 --> 04:07:41.000]  上善罰惡的
[04:07:41.000 --> 04:07:43.000]  縱然我們經驗裡面
[04:07:43.000 --> 04:07:45.000]  不是每次都一樣,不過不知道為什麼
[04:07:45.000 --> 04:07:47.000]  我們總是相信的
[04:07:47.000 --> 04:07:49.000]  古書裡面天網恢恢
[04:07:49.000 --> 04:07:51.000]  多呢
[04:07:51.000 --> 04:07:53.000]  都不漏的
[04:07:53.000 --> 04:07:55.000]  你說你講這句話的人
[04:07:55.000 --> 04:07:57.000]  是不是每次都沒有漏呢?有時漏的
[04:07:57.000 --> 04:07:59.000]  但他仍然相信是不漏
[04:07:59.000 --> 04:08:01.000]  很有趣的,神正在人心
[04:08:01.000 --> 04:08:03.000]  裡面有很深的一種信念
[04:08:03.000 --> 04:08:05.000]  人生的路途
[04:08:05.000 --> 04:08:07.000]  人生的路途
[04:08:07.000 --> 04:08:09.000]  這個社會,雖然有很多
[04:08:09.000 --> 04:08:11.000]  不公義,但是神的
[04:08:11.000 --> 04:08:13.000]  信佛
[04:08:13.000 --> 04:08:15.000]  仍然在上善
[04:08:15.000 --> 04:08:17.000]  罰惡的
[04:08:17.000 --> 04:08:19.000]  這個我們很清楚
[04:08:19.000 --> 04:08:21.000]  知道,所以凡是說
[04:08:21.000 --> 04:08:23.000]  你就算不信我的人
[04:08:23.000 --> 04:08:25.000]  那些異邦的人
[04:08:25.000 --> 04:08:27.000]  去到中國的文化裡面
[04:08:27.000 --> 04:08:29.000]  都有這種這樣的
[04:08:29.000 --> 04:08:31.000]  罪證
[04:08:31.000 --> 04:08:33.000]  如果你和我是基督徒
[04:08:33.000 --> 04:08:35.000]  竟然不相信這件事的時候
[04:08:35.000 --> 04:08:37.000]  你被那些人
[04:08:37.000 --> 04:08:39.000]  還操
[04:08:39.000 --> 04:08:41.000]  所以說
[04:08:41.000 --> 04:08:43.000]  中國的淮南子
[04:08:43.000 --> 04:08:45.000]  告訴你
[04:08:45.000 --> 04:08:47.000]  淮南子
[04:08:47.000 --> 04:08:49.000]  說
[04:08:49.000 --> 04:08:51.000]  都有這個故事,蔡翁失馬
[04:08:51.000 --> 04:08:53.000]  焉知被伏
[04:08:53.000 --> 04:08:55.000]  大家都很熟悉這個故事
[04:08:55.000 --> 04:08:57.000]  他背後有一個
[04:08:57.000 --> 04:08:59.000]  信念,蔡翁
[04:08:59.000 --> 04:09:01.000]  大家知道這個故事說什麼
[04:09:01.000 --> 04:09:03.000]  蔡翁有很多馬
[04:09:03.000 --> 04:09:05.000]  突然有一天,他最好的馬不見了
[04:09:05.000 --> 04:09:07.000]  那些人走來安慰他
[04:09:07.000 --> 04:09:09.000]  真是不好意思,你這樣
[04:09:09.000 --> 04:09:11.000]  真是很不幸,最好的馬
[04:09:11.000 --> 04:09:13.000]  不見了,走了
[04:09:13.000 --> 04:09:15.000]  所以說不要緊,不是一條
[04:09:15.000 --> 04:09:17.000]  有時候是禍,可能是福的另外一面
[04:09:17.000 --> 04:09:19.000]  真的過了沒多久
[04:09:19.000 --> 04:09:21.000]  那隻馬太厲害了
[04:09:21.000 --> 04:09:23.000]  走到不知道去哪裏,帶了一群馬回來
[04:09:23.000 --> 04:09:25.000]  跟著他回來
[04:09:25.000 --> 04:09:27.000]  真是很開心,個個來捉我
[04:09:27.000 --> 04:09:29.000]  蔡翁真是很幸運,白髮了
[04:09:29.000 --> 04:09:31.000]  一大群馬發達了
[04:09:31.000 --> 04:09:33.000]  他說不一定的
[04:09:33.000 --> 04:09:35.000]  不一定的
[04:09:35.000 --> 04:09:37.000]  福也可能會成為一個禍端
[04:09:37.000 --> 04:09:39.000]  果然不出所料
[04:09:39.000 --> 04:09:41.000]  過了沒多久,他兒子很開心
[04:09:41.000 --> 04:09:43.000]  嘩,好馬,這麼多馬
[04:09:43.000 --> 04:09:45.000]  於是得意忘形,嘗試騎著騎著
[04:09:45.000 --> 04:09:47.000]  不知道騎了哪一隻,一下子摔下來
[04:09:47.000 --> 04:09:49.000]  斷了一隻腳,然後又走來說
[04:09:49.000 --> 04:09:51.000]  哎呀,蔡翁,真是不幸
[04:09:51.000 --> 04:09:53.000]  斷了一隻腳
[04:09:53.000 --> 04:09:55.000]  他說不要緊的,真的很厲害
[04:09:55.000 --> 04:09:57.000]  人生不是這麼表面的
[04:09:57.000 --> 04:09:59.000]  現在他的腳斷了
[04:09:59.000 --> 04:10:01.000]  好像是禍,但禍難保
[04:10:01.000 --> 04:10:03.000]  也是福,真是果然不出所料
[04:10:03.000 --> 04:10:05.000]  又是過了一陣子
[04:10:05.000 --> 04:10:07.000]  於是有很多蔡愛的人來打這個地方
[04:10:07.000 --> 04:10:09.000]  所以叫蔡翁
[04:10:09.000 --> 04:10:11.000]  是邊疆人,打這個地方
[04:10:11.000 --> 04:10:13.000]  於是每個年輕人
[04:10:13.000 --> 04:10:15.000]  都要同軍
[04:10:15.000 --> 04:10:17.000]  每個年輕人都要打
[04:10:17.000 --> 04:10:19.000]  十之九十都死了
[04:10:19.000 --> 04:10:21.000]  剛剛蔡翁的兒子就斷了一隻腳
[04:10:21.000 --> 04:10:23.000]  所以不用當兵,救回一條命
[04:10:23.000 --> 04:10:25.000]  所以說是不是禍也是福
[04:10:25.000 --> 04:10:27.000]  福也是禍
[04:10:27.000 --> 04:10:29.000]  中國人就算沒有神的啟示
[04:10:29.000 --> 04:10:31.000]  General Revelation
[04:10:31.000 --> 04:10:33.000]  人生不是這麼純粹的信念
[04:10:33.000 --> 04:10:35.000]  人生不是這麼純粹的信念
[04:10:35.000 --> 04:10:37.000]  人生不是看這麼短暫的
[04:10:37.000 --> 04:10:39.000]  不是看那幾天
[04:10:39.000 --> 04:10:41.000]  不是看面前的
[04:10:41.000 --> 04:10:43.000]  像我們中國人所說
[04:10:43.000 --> 04:10:45.000]  放長雙眼
[04:10:45.000 --> 04:10:47.000]  看你怎樣
[04:10:47.000 --> 04:10:49.000]  放長雙眼就不是一個
[04:10:49.000 --> 04:10:51.000]  陰毒的咒他的說話
[04:10:51.000 --> 04:10:53.000]  而是說生命是看遠的
[04:10:53.000 --> 04:10:55.000]  人生的際遇
[04:10:55.000 --> 04:10:57.000]  是整體的
[04:10:57.000 --> 04:10:59.000]  全面的
[04:10:59.000 --> 04:11:01.000]  中國人都看得到這件事
[04:11:01.000 --> 04:11:03.000]  不是看今天他很風光
[04:11:03.000 --> 04:11:05.000]  但是不等於
[04:11:05.000 --> 04:11:07.000]  在人生的戰場上
[04:11:07.000 --> 04:11:09.000]  他是贏盡的
[04:11:09.000 --> 04:11:11.000]  今天我可能
[04:11:11.000 --> 04:11:13.000]  是被冤枉
[04:11:13.000 --> 04:11:15.000]  我是被踩
[04:11:15.000 --> 04:11:17.000]  但是不等於我人生
[04:11:17.000 --> 04:11:19.000]  因此我就原始地
[04:11:19.000 --> 04:11:21.000]  完蛋了
[04:11:21.000 --> 04:11:23.000]  不一定是,中國人都看得到
[04:11:23.000 --> 04:11:25.000]  就好像神的使者
[04:11:25.000 --> 04:11:27.000]  神都沒有來
[04:11:27.000 --> 04:11:29.000]  他帶著使者
[04:11:29.000 --> 04:11:31.000]  在不同的文化裏面
[04:11:31.000 --> 04:11:33.000]  表達這種信念
[04:11:33.000 --> 04:11:35.000]  不過我們說開又說
[04:11:35.000 --> 04:11:37.000]  再說蔡英文
[04:11:37.000 --> 04:11:39.000]  蔡英文的信念是沒有把握的
[04:11:39.000 --> 04:11:41.000]  她只是純粹的信念
[04:11:41.000 --> 04:11:43.000]  為什麼?因為人生的際遇
[04:11:43.000 --> 04:11:45.000]  不一定這麼對
[04:11:45.000 --> 04:11:47.000]  是不是?
[04:11:47.000 --> 04:11:49.000]  蔡英文的兒子切斷了一隻腳
[04:11:49.000 --> 04:11:51.000]  她說將來可能是復的
[04:11:51.000 --> 04:11:53.000]  但是可能根本就沒有戰爭
[04:11:53.000 --> 04:11:55.000]  跟著長久太平
[04:11:55.000 --> 04:11:57.000]  於是她的兒子的所有朋友
[04:11:57.000 --> 04:11:59.000]  因為身體健康
[04:11:59.000 --> 04:12:01.000]  因為她的兒子切斷了一隻腳
[04:12:01.000 --> 04:12:03.000]  所以永遠都娶不到好老婆
[04:12:03.000 --> 04:12:05.000]  日日遷就蔡英文
[04:12:05.000 --> 04:12:07.000]  早知道那天會是什麼福什麼禍
[04:12:07.000 --> 04:12:09.000]  治好我的腳我就沒事了
[04:12:09.000 --> 04:12:11.000]  禍可以繼續是禍
[04:12:11.000 --> 04:12:13.000]  分別在哪裡?
[04:12:13.000 --> 04:12:15.000]  除非你相信有一位
[04:12:15.000 --> 04:12:17.000]  在上面看著人世間
[04:12:17.000 --> 04:12:19.000]  上善罰惡
[04:12:19.000 --> 04:12:21.000]  是公正嚴明的神
[04:12:21.000 --> 04:12:23.000]  這種信念是很重要的
[04:12:23.000 --> 04:12:25.000]  當我們沒有這種信念的時候
[04:12:25.000 --> 04:12:27.000]  中國人都有一種這樣的希望
[04:12:27.000 --> 04:12:29.000]  但是如果我們基督徒真的相信
[04:12:29.000 --> 04:12:31.000]  有一位神在上面看著人世間
[04:12:31.000 --> 04:12:33.000]  比我們中國傳統的
[04:12:33.000 --> 04:12:35.000]  這樣的盼望好得多
[04:12:35.000 --> 04:12:37.000]  我們都不能夠信得過的話
[04:12:37.000 --> 04:12:39.000]  我們怎麼可以對得起
[04:12:39.000 --> 04:12:41.000]  那位這麼愛我們這麼信誓旦旦的神
[04:12:41.000 --> 04:12:43.000]  這個分別就在這裡
[04:12:43.000 --> 04:12:45.000]  所以神說
[04:12:45.000 --> 04:12:47.000]  我還沒來
[04:12:47.000 --> 04:12:49.000]  你已經看到一個跡象
[04:12:49.000 --> 04:12:51.000]  在文化裏面有這個跡象
[04:12:51.000 --> 04:12:53.000]  何況我真的來了
[04:12:53.000 --> 04:12:55.000]  你親眼看到
[04:12:55.000 --> 04:12:57.000]  我出現的時候
[04:12:57.000 --> 04:12:59.000]  有時是出乎意外的
[04:12:59.000 --> 04:13:01.000]  進入
[04:13:01.000 --> 04:13:03.000]  很特別的事
[04:13:03.000 --> 04:13:05.000]  神會忽然進入他的殿
[04:13:05.000 --> 04:13:07.000]  那個殿本來屬於
[04:13:07.000 --> 04:13:09.000]  神自己
[04:13:09.000 --> 04:13:11.000]  但在那裏
[04:13:11.000 --> 04:13:13.000]  神說我會忽然進入這個殿
[04:13:13.000 --> 04:13:15.000]  那個忽然真是可圈可點
[04:13:15.000 --> 04:13:17.000]  即是說
[04:13:17.000 --> 04:13:19.000]  神還沒進入這個殿之前
[04:13:19.000 --> 04:13:21.000]  這個殿是空空的
[04:13:21.000 --> 04:13:23.000]  有個建築物但是沒有神在裏面
[04:13:23.000 --> 04:13:25.000]  是不是很荒謬
[04:13:25.000 --> 04:13:27.000]  這個殿是神追著的地方
[04:13:27.000 --> 04:13:29.000]  但竟然神不在
[04:13:29.000 --> 04:13:31.000]  所以我相信
[04:13:31.000 --> 04:13:33.000]  如果你敢望遠這個沒有神的神聖殿
[04:13:33.000 --> 04:13:35.000]  你都會覺得很荒謬
[04:13:35.000 --> 04:13:37.000]  這裏是做什麼的
[04:13:37.000 --> 04:13:39.000]  神在哪裏
[04:13:39.000 --> 04:13:41.000]  公義的神在哪裏
[04:13:41.000 --> 04:13:43.000]  明明這個殿是屬於神
[04:13:43.000 --> 04:13:45.000]  好像這個世界是神掌管的
[04:13:45.000 --> 04:13:47.000]  我們唱詩都懂得說
[04:13:47.000 --> 04:13:49.000]  什麼時候篇幅世界
[04:13:49.000 --> 04:13:51.000]  一走唱完這首歌回到星期一
[04:13:51.000 --> 04:13:53.000]  就被人冤枉
[04:13:53.000 --> 04:13:55.000]  什麼時候篇幅世界
[04:13:55.000 --> 04:13:57.000]  篇幅在哪裏
[04:13:57.000 --> 04:13:59.000]  就好像一個聖殿是屬於神的
[04:13:59.000 --> 04:14:01.000]  但神不在
[04:14:01.000 --> 04:14:03.000]  神說我知道你有這種荒謬的感覺
[04:14:03.000 --> 04:14:05.000]  但神說你不用怕
[04:14:05.000 --> 04:14:07.000]  在你想不到的時候
[04:14:07.000 --> 04:14:09.000]  我會忽然進入這個聖殿
[04:14:09.000 --> 04:14:11.000]  你知道這個聖殿仍然是我的
[04:14:11.000 --> 04:14:13.000]  有時候我們人生裏面
[04:14:13.000 --> 04:14:15.000]  不單止有這樣的信念
[04:14:15.000 --> 04:14:17.000]  而且我們有這樣的把握
[04:14:17.000 --> 04:14:19.000]  神所忽然的意思是我們估計不到
[04:14:19.000 --> 04:14:21.000]  我們以為神在那裏
[04:14:21.000 --> 04:14:23.000]  我們以為神還沒有到
[04:14:23.000 --> 04:14:25.000]  神就出現了
[04:14:25.000 --> 04:14:27.000]  當大家都以為神沒有動手的時候
[04:14:27.000 --> 04:14:29.000]  神其實已經動了手
[04:14:29.000 --> 04:14:31.000]  當大家以為這個聖殿神已經離開的時候
[04:14:31.000 --> 04:14:33.000]  神進來
[04:14:33.000 --> 04:14:35.000]  突然間進入
[04:14:35.000 --> 04:14:37.000]  人生有的時候是這樣的
[04:14:37.000 --> 04:14:39.000]  你和我都有這樣的故事
[04:14:39.000 --> 04:14:41.000]  我在人生裏面有很多這樣的故事
[04:14:41.000 --> 04:14:43.000]  我們看到神的手一直在那裏
[04:14:43.000 --> 04:14:45.000]  我經常提醒我自己
[04:14:45.000 --> 04:14:47.000]  我今天早上都想提醒
[04:14:47.000 --> 04:14:49.000]  提醒每一個弟兄姐妹
[04:14:49.000 --> 04:14:51.000]  今天你自己回顧一下
[04:14:51.000 --> 04:14:53.000]  在你手頭上
[04:14:53.000 --> 04:14:55.000]  你認為最珍貴的東西
[04:14:55.000 --> 04:14:57.000]  或者是你的房子
[04:14:57.000 --> 04:14:59.000]  或者是你的婚姻
[04:14:59.000 --> 04:15:01.000]  或者是你的事業
[04:15:01.000 --> 04:15:03.000]  總而言之你想一下
[04:15:03.000 --> 04:15:05.000]  在最初開始的時候那件事是怎樣得來的
[04:15:05.000 --> 04:15:07.000]  你就會很驚訝
[04:15:07.000 --> 04:15:09.000]  在當日甚至你還沒有信耶穌的時候
[04:15:09.000 --> 04:15:11.000]  神的手已經在那裏
[04:15:11.000 --> 04:15:13.000]  和你很奇異地在那裏
[04:15:13.000 --> 04:15:15.000]  我經常和
[04:15:15.000 --> 04:15:17.000]  和人分享一樣東西
[04:15:17.000 --> 04:15:19.000]  我在書裏面都寫過一些很短的文章
[04:15:19.000 --> 04:15:21.000]  今天我再和大家分享
[04:15:21.000 --> 04:15:23.000]  我人生裏面有很多這些東西
[04:15:23.000 --> 04:15:25.000]  有時候你以為神沒有做事
[04:15:25.000 --> 04:15:27.000]  神已經很高招了
[04:15:27.000 --> 04:15:29.000]  很高的旗手
[04:15:29.000 --> 04:15:31.000]  拿起一隻竹筒
[04:15:31.000 --> 04:15:33.000]  其實已經佈了局
[04:15:33.000 --> 04:15:35.000]  一反出來就看到了
[04:15:35.000 --> 04:15:37.000]  我上一年
[04:15:37.000 --> 04:15:39.000]  我自己就
[04:15:39.000 --> 04:15:41.000]  有一天星期日
[04:15:41.000 --> 04:15:43.000]  說完之後下午
[04:15:43.000 --> 04:15:45.000]  去開會
[04:15:45.000 --> 04:15:47.000]  突然覺得沒甚麼好做
[04:15:47.000 --> 04:15:49.000]  太太那時候還沒有回來
[04:15:49.000 --> 04:15:51.000]  又不想回家
[04:15:51.000 --> 04:15:53.000]  突然之間
[04:15:53.000 --> 04:15:55.000]  走回去我舊陣子童年
[04:15:55.000 --> 04:15:57.000]  所住過的地方
[04:15:57.000 --> 04:15:59.000]  看那間房子還在不在
[04:15:59.000 --> 04:16:01.000]  我童年的時候住在廣東道尾的近隔大角咀
[04:16:01.000 --> 04:16:03.000]  一間危樓
[04:16:03.000 --> 04:16:05.000]  開始很窮
[04:16:05.000 --> 04:16:07.000]  走回去那裏看看那間房子拆了沒有
[04:16:07.000 --> 04:16:09.000]  那時候我四十年前還沒有住
[04:16:09.000 --> 04:16:11.000]  已經是危樓了
[04:16:11.000 --> 04:16:13.000]  危樓也就是隔壁打樁
[04:16:13.000 --> 04:16:15.000]  那些杯子從天花板掉下來
[04:16:15.000 --> 04:16:17.000]  於是到了一個地步
[04:16:17.000 --> 04:16:19.000]  那些杉在屋裏頂著頂著
[04:16:19.000 --> 04:16:21.000]  危樓
[04:16:21.000 --> 04:16:23.000]  我回到廣東道
[04:16:23.000 --> 04:16:25.000]  看看那間房子還在
[04:16:25.000 --> 04:16:27.000]  不過現在不是危樓
[04:16:27.000 --> 04:16:29.000]  為甚麼呢?兩邊建了高樓
[04:16:29.000 --> 04:16:31.000]  結實了,不危樓了
[04:16:31.000 --> 04:16:33.000]  很爽,我就不敢走上去
[04:16:33.000 --> 04:16:35.000]  因為黑漆漆
[04:16:35.000 --> 04:16:37.000]  走近一陣味道,那裏有幾閘
[04:16:37.000 --> 04:16:39.000]  我不敢上去,下不來
[04:16:39.000 --> 04:16:41.000]  不知道還賣甚麼
[04:16:41.000 --> 04:16:43.000]  所以我不敢在下面徘徊
[04:16:43.000 --> 04:16:45.000]  在那裏看山見頭,回憶了很多很多的事
[04:16:45.000 --> 04:16:47.000]  想起我童年那些的事
[04:16:47.000 --> 04:16:49.000]  我童年就是在那裏度過
[04:16:49.000 --> 04:16:51.000]  我想我和很多
[04:16:51.000 --> 04:16:53.000]  我那輩的所謂戰後
[04:16:53.000 --> 04:16:55.000]  出生的那輩一樣
[04:16:55.000 --> 04:16:57.000]  我們父母都是走難從大陸下來香港
[04:16:57.000 --> 04:16:59.000]  很窮
[04:16:59.000 --> 04:17:01.000]  其實我爸爸應該不是那麼窮
[04:17:01.000 --> 04:17:03.000]  因為我爸爸
[04:17:03.000 --> 04:17:05.000]  二十世紀早年的時候
[04:17:05.000 --> 04:17:07.000]  已經在他年青的時候
[04:17:07.000 --> 04:17:09.000]  讀嶺南大學
[04:17:09.000 --> 04:17:11.000]  當然嶺南大學很厲害
[04:17:11.000 --> 04:17:13.000]  嶺南大學讀經濟系
[04:17:13.000 --> 04:17:15.000]  所有同學個個都不是大學院長
[04:17:15.000 --> 04:17:17.000]  都是銀行家
[04:17:17.000 --> 04:17:19.000]  他用英文來讀書
[04:17:19.000 --> 04:17:21.000]  當然,所以繼承他
[04:17:21.000 --> 04:17:23.000]  應該很發達
[04:17:23.000 --> 04:17:25.000]  不過第一,打仗,走來香港
[04:17:25.000 --> 04:17:27.000]  沒有了,首領也沒有
[04:17:27.000 --> 04:17:29.000]  第二,可能我爸爸的性格
[04:17:29.000 --> 04:17:31.000]  不是很計較
[04:17:31.000 --> 04:17:33.000]  那些人就沒甚麼所謂
[04:17:33.000 --> 04:17:35.000]  我經常說你應該讀農科
[04:17:35.000 --> 04:17:37.000]  他喜歡種植
[04:17:37.000 --> 04:17:39.000]  如果讀農科,可以和林柱有份半職
[04:17:39.000 --> 04:17:41.000]  但是他喜歡讀經濟
[04:17:41.000 --> 04:17:43.000]  經濟又不對,他又不喜歡做生意
[04:17:43.000 --> 04:17:45.000]  於是來到香港的時候
[04:17:45.000 --> 04:17:47.000]  貧困無依
[04:17:47.000 --> 04:17:49.000]  生了我們出來
[04:17:49.000 --> 04:17:51.000]  找工作的時候就找回舊時候一個
[04:17:51.000 --> 04:17:53.000]  嶺南大學的時候的同學
[04:17:53.000 --> 04:17:55.000]  他說是對老友那個
[04:17:55.000 --> 04:17:57.000]  那個老友就發達
[04:17:57.000 --> 04:17:59.000]  那個有錢了,家底已經是好的
[04:17:59.000 --> 04:18:01.000]  香港開了一間七堂
[04:18:01.000 --> 04:18:03.000]  去找他的朋友
[04:18:03.000 --> 04:18:05.000]  這個所謂的老友
[04:18:05.000 --> 04:18:07.000]  就說你來找我,好啊
[04:18:07.000 --> 04:18:09.000]  給你份工作,管倉
[04:18:09.000 --> 04:18:11.000]  你黑國的
[04:18:11.000 --> 04:18:13.000]  管倉是甚麼呢
[04:18:13.000 --> 04:18:15.000]  完全不需要知識
[04:18:15.000 --> 04:18:17.000]  日夜對著那些七友
[04:18:17.000 --> 04:18:19.000]  看他們有沒有倒下
[04:18:19.000 --> 04:18:21.000]  所以我小時候就在天拿水
[04:18:21.000 --> 04:18:23.000]  長大的,幸好我沒有上癮
[04:18:23.000 --> 04:18:25.000]  不過現在聞到天拿水,我也想學多幾個
[04:18:25.000 --> 04:18:27.000]  很危險的
[04:18:27.000 --> 04:18:29.000]  我有這種傾向危險
[04:18:29.000 --> 04:18:31.000]  我從小到大在天拿水那些油廠長大的
[04:18:31.000 --> 04:18:33.000]  我記得我童年
[04:18:33.000 --> 04:18:35.000]  裡面只有一樣的玩具
[04:18:35.000 --> 04:18:37.000]  就是那些油板
[04:18:37.000 --> 04:18:39.000]  那些顏色板一大塊
[04:18:39.000 --> 04:18:41.000]  很漂亮,好像車牌那樣
[04:18:41.000 --> 04:18:43.000]  紅紅的,變色的
[04:18:43.000 --> 04:18:45.000]  我唯一的玩具就是那些東西,我就是這樣長大的
[04:18:45.000 --> 04:18:47.000]  一租就租了四十多年
[04:18:47.000 --> 04:18:49.000]  到我爸爸退休
[04:18:49.000 --> 04:18:51.000]  所謂退休,甚麼退休金都沒有
[04:18:51.000 --> 04:18:53.000]  就送了個牌給他
[04:18:53.000 --> 04:18:55.000]  那個牌還是鍍金的
[04:18:55.000 --> 04:18:57.000]  假的,不是真的
[04:18:57.000 --> 04:18:59.000]  還送了一個錶
[04:18:59.000 --> 04:19:01.000]  那個錶很威風的,搖搖它就行了
[04:19:01.000 --> 04:19:03.000]  不用上鏈的,那些當然叫自動錶
[04:19:03.000 --> 04:19:05.000]  那他就很安樂的
[04:19:05.000 --> 04:19:07.000]  這個是我爸爸,不要緊
[04:19:07.000 --> 04:19:09.000]  不過無論如何,人生公不公平
[04:19:09.000 --> 04:19:11.000]  當然不公平,我爸爸這麼有學問
[04:19:11.000 --> 04:19:13.000]  做了這麼多的事,但他一輩子就做了
[04:19:13.000 --> 04:19:15.000]  打份這樣的牛工
[04:19:15.000 --> 04:19:17.000]  從來沒有升過,沒有加過薪
[04:19:17.000 --> 04:19:19.000]  退休的時候甚麼都沒有
[04:19:19.000 --> 04:19:21.000]  還有
[04:19:21.000 --> 04:19:23.000]  到了七零年代的時候
[04:19:23.000 --> 04:19:25.000]  當年七零年代的時候是怎樣呢
[04:19:25.000 --> 04:19:27.000]  開始香港經濟起飛了
[04:19:27.000 --> 04:19:29.000]  那麼那間
[04:19:29.000 --> 04:19:31.000]  七廠就想發展
[04:19:31.000 --> 04:19:33.000]  它的生意
[04:19:33.000 --> 04:19:35.000]  那時候的觀念就叫做
[04:19:35.000 --> 04:19:37.000]  上市有股票
[04:19:37.000 --> 04:19:39.000]  股票其實很精的
[04:19:39.000 --> 04:19:41.000]  就是找其他人幫你
[04:19:41.000 --> 04:19:43.000]  集資,你想開多幾間廠
[04:19:43.000 --> 04:19:45.000]  分廠就沒有人
[04:19:45.000 --> 04:19:47.000]  有這樣的錢,不過你一發行
[04:19:47.000 --> 04:19:49.000]  股票,人家就扔錢下來
[04:19:49.000 --> 04:19:51.000]  於是就一夜之間
[04:19:51.000 --> 04:19:53.000]  拿了一筆錢,就開始發展
[04:19:53.000 --> 04:19:55.000]  股票就是這樣的觀念
[04:19:55.000 --> 04:19:57.000]  當時是最早期的
[04:19:57.000 --> 04:19:59.000]  開始跟人家開始
[04:19:59.000 --> 04:20:01.000]  發行股票,集資
[04:20:01.000 --> 04:20:03.000]  發展這間工廠,老實說
[04:20:03.000 --> 04:20:05.000]  那間這樣的七廠
[04:20:05.000 --> 04:20:07.000]  天天有人在街上幫你買
[04:20:07.000 --> 04:20:09.000]  那些蚊型股
[04:20:09.000 --> 04:20:11.000]  你發行股票,人家不會信得過你買
[04:20:11.000 --> 04:20:13.000]  於是那個廠長
[04:20:13.000 --> 04:20:15.000]  就找自己的員工去買
[04:20:15.000 --> 04:20:17.000]  甚麼時候呢
[04:20:17.000 --> 04:20:19.000]  找我爸爸去買,我爸爸已經夠窮了
[04:20:19.000 --> 04:20:21.000]  我最記得那時候
[04:20:21.000 --> 04:20:23.000]  找我爸爸去買
[04:20:23.000 --> 04:20:25.000]  不知道是甚麼,不過他說幫幫朋友
[04:20:25.000 --> 04:20:27.000]  都好,我記得我媽媽都勸他
[04:20:27.000 --> 04:20:29.000]  你不好,自己飯都不夠
[04:20:29.000 --> 04:20:31.000]  錢開,你還拿自己的錢出來買
[04:20:31.000 --> 04:20:33.000]  甚麼股票,但是那個廠長
[04:20:33.000 --> 04:20:35.000]  說得很好聽,你買了那些股
[04:20:35.000 --> 04:20:37.000]  將來你做股東
[04:20:37.000 --> 04:20:39.000]  這間廠有你的份,爸爸說,是喎
[04:20:39.000 --> 04:20:41.000]  這間房有,這樣都信他
[04:20:41.000 --> 04:20:43.000]  於是就拿了所有錢出來
[04:20:43.000 --> 04:20:45.000]  買那些垃圾股
[04:20:45.000 --> 04:20:47.000]  買完,我只記得
[04:20:47.000 --> 04:20:49.000]  錢全部拿出來,就換了幾張紙
[04:20:49.000 --> 04:20:51.000]  我爸爸說你快點收好它
[04:20:51.000 --> 04:20:53.000]  我媽媽說收好它,就變了幾張紙
[04:20:53.000 --> 04:20:55.000]  生活一樣這樣捱下去
[04:20:55.000 --> 04:20:57.000]  你說人生公不公平
[04:20:57.000 --> 04:20:59.000]  真的很不公平
[04:20:59.000 --> 04:21:01.000]  是嗎
[04:21:01.000 --> 04:21:03.000]  你看看,已經這樣窮了
[04:21:03.000 --> 04:21:05.000]  還要被人這樣掠了錢
[04:21:05.000 --> 04:21:07.000]  連這麼多都掠了,我想當日
[04:21:07.000 --> 04:21:09.000]  那個廠長掠完之後心裏陰陰笑
[04:21:09.000 --> 04:21:11.000]  真是太好了,這樣都可以拿了
[04:21:11.000 --> 04:21:13.000]  連這些都可以掠了,那就發財了
[04:21:13.000 --> 04:21:15.000]  我們就繼續在這裏捱樓
[04:21:15.000 --> 04:21:17.000]  如果從這個角度
[04:21:17.000 --> 04:21:19.000]  看的時候,腎在哪裏
[04:21:19.000 --> 04:21:21.000]  腎有沒有公義
[04:21:21.000 --> 04:21:23.000]  公義的腎在哪裏
[04:21:23.000 --> 04:21:25.000]  我爸爸一生勞苦
[04:21:25.000 --> 04:21:27.000]  對人誠懇
[04:21:27.000 --> 04:21:29.000]  對朋友在所不計
[04:21:29.000 --> 04:21:31.000]  但是那些人是這樣掠的
[04:21:31.000 --> 04:21:33.000]  好了,現在回頭看的時候
[04:21:33.000 --> 04:21:35.000]  腎的手在這裏
[04:21:35.000 --> 04:21:39.000]  為什麼呢
[04:21:39.000 --> 04:21:41.000]  過了一段日子,過了幾年之後
[04:21:41.000 --> 04:21:43.000]  那個廠長死了
[04:21:43.000 --> 04:21:45.000]  他死了之後
[04:21:45.000 --> 04:21:47.000]  他的兒子就開始上了
[04:21:49.000 --> 04:21:51.000]  這個兒子一上的時候
[04:21:51.000 --> 04:21:53.000]  二世祖不是很懂得做生意
[04:21:53.000 --> 04:21:55.000]  開始有他當時已經有
[04:21:55.000 --> 04:21:57.000]  差不多的規模
[04:21:57.000 --> 04:21:59.000]  他那些商業的敵人
[04:21:59.000 --> 04:22:01.000]  就想吞併這間廠
[04:22:01.000 --> 04:22:03.000]  於是怎樣呢,大家知道了
[04:22:03.000 --> 04:22:05.000]  那時候是搶股票的
[04:22:05.000 --> 04:22:07.000]  那時候就不同了
[04:22:07.000 --> 04:22:09.000]  為什麼呢,搶到百分之五十一
[04:22:09.000 --> 04:22:11.000]  他就可以說是
[04:22:11.000 --> 04:22:13.000]  篩走那個人
[04:22:13.000 --> 04:22:15.000]  那時候這個大班仔就緊張了
[04:22:15.000 --> 04:22:17.000]  哇,那些股票在哪裏
[04:22:17.000 --> 04:22:19.000]  我找回來發現我爸爸拿著一堆股票
[04:22:19.000 --> 04:22:21.000]  那時候是值錢的
[04:22:21.000 --> 04:22:23.000]  就來找我爸爸
[04:22:23.000 --> 04:22:25.000]  那些股票我幫你高價買回去
[04:22:25.000 --> 04:22:27.000]  我還記得我爸爸媽媽說在哪裏
[04:22:27.000 --> 04:22:29.000]  不知道,哇,炒到死
[04:22:29.000 --> 04:22:31.000]  幸好沒有拿來賤報
[04:22:31.000 --> 04:22:33.000]  炒多幾天才炒出來
[04:22:33.000 --> 04:22:35.000]  哇,爛溶溶的
[04:22:35.000 --> 04:22:37.000]  還有在這裏,給他,哇,換了一大筆錢
[04:22:37.000 --> 04:22:39.000]  錢就不算很多,不過夠錢去花田
[04:22:39.000 --> 04:22:41.000]  第一城買了個單位
[04:22:41.000 --> 04:22:43.000]  哇,開心啊
[04:22:43.000 --> 04:22:45.000]  住舒服的地方,一輩子都沒有這麼爽
[04:22:45.000 --> 04:22:47.000]  老實說
[04:22:47.000 --> 04:22:49.000]  就是這樣建的
[04:22:49.000 --> 04:22:51.000]  我們家庭,想都沒有想過
[04:22:51.000 --> 04:22:53.000]  到了我們移民去加拿大的時候
[04:22:53.000 --> 04:22:55.000]  媽媽就賣了那間樓
[04:22:55.000 --> 04:22:57.000]  可以去那邊下手棋
[04:22:57.000 --> 04:22:59.000]  再繼續工作,錢就慢慢慢慢開始
[04:22:59.000 --> 04:23:01.000]  成為一個小康
[04:23:01.000 --> 04:23:03.000]  你看看這個過程當中
[04:23:03.000 --> 04:23:05.000]  我們沒有求過,沒有理過
[04:23:05.000 --> 04:23:07.000]  我爸爸都沒有理過,但是神說我理
[04:23:07.000 --> 04:23:09.000]  我在這裏,我的手在這裏
[04:23:09.000 --> 04:23:11.000]  人陰陰笑的時候
[04:23:11.000 --> 04:23:13.000]  你得逞的時候,神在上面
[04:23:13.000 --> 04:23:15.000]  都是陰陰笑
[04:23:15.000 --> 04:23:17.000]  你未有來救我玩
[04:23:17.000 --> 04:23:19.000]  你明白我的意思嗎
[04:23:19.000 --> 04:23:21.000]  好像一個
[04:23:21.000 --> 04:23:23.000]  很高的棋手一樣
[04:23:23.000 --> 04:23:25.000]  他忽然想都想不到的時候
[04:23:25.000 --> 04:23:27.000]  就進入他自己的殿
[04:23:27.000 --> 04:23:29.000]  要修他的床
[04:23:29.000 --> 04:23:31.000]  第三,當神要這樣
[04:23:31.000 --> 04:23:33.000]  介入的時候,他有一個很
[04:23:33.000 --> 04:23:35.000]  重要的心意
[04:23:35.000 --> 04:23:37.000]  他要練正人間的是非
[04:23:37.000 --> 04:23:39.000]  這裏聖經用了好幾句
[04:23:39.000 --> 04:23:41.000]  說話很有意思的
[04:23:41.000 --> 04:23:43.000]  要練什麼呢
[04:23:43.000 --> 04:23:45.000]  好像是要練金子人的火
[04:23:45.000 --> 04:23:47.000]  第二節那裏
[04:23:47.000 --> 04:23:49.000]  染布的人的繭
[04:23:49.000 --> 04:23:51.000]  他坐下來要練正銀子
[04:23:51.000 --> 04:23:55.000]  要熬練他們好像金銀一樣
[04:23:55.000 --> 04:23:57.000]  要練,什麼叫練正呢
[04:23:57.000 --> 04:23:59.000]  如果你讀這個
[04:23:59.000 --> 04:24:01.000]  中宗的歷史和科學史
[04:24:01.000 --> 04:24:03.000]  你會知道
[04:24:03.000 --> 04:24:05.000]  當時特別他經常說到
[04:24:05.000 --> 04:24:07.000]  聖經裏面很多地方都說
[04:24:07.000 --> 04:24:09.000]  神要熬練你,好像熬練銀子一樣
[04:24:09.000 --> 04:24:11.000]  金子一樣
[04:24:11.000 --> 04:24:13.000]  練金比較明顯
[04:24:13.000 --> 04:24:15.000]  但是古代的科學裏面練銀
[04:24:15.000 --> 04:24:17.000]  按照很多的專家
[04:24:17.000 --> 04:24:19.000]  研究,其實他們不是練金
[04:24:19.000 --> 04:24:21.000]  而是練銀器的銀
[04:24:21.000 --> 04:24:23.000]  通常他們搞錯了
[04:24:23.000 --> 04:24:25.000]  都是練水銀,好像我們以前的道教
[04:24:25.000 --> 04:24:27.000]  當人練丹的時候
[04:24:27.000 --> 04:24:29.000]  練了水銀滴了下去的時候
[04:24:29.000 --> 04:24:31.000]  常生科肯定是毒死了他
[04:24:31.000 --> 04:24:33.000]  坐在那裏坐化
[04:24:33.000 --> 04:24:35.000]  那些人是中水銀毒
[04:24:35.000 --> 04:24:37.000]  那些道士
[04:24:37.000 --> 04:24:39.000]  中了水銀毒的時候
[04:24:39.000 --> 04:24:41.000]  坐在那裏呼吸都不用
[04:24:41.000 --> 04:24:43.000]  他就說他身體不化
[04:24:43.000 --> 04:24:45.000]  當然是水銀滴了他
[04:24:45.000 --> 04:24:47.000]  就說他魂遊障礙去了
[04:24:47.000 --> 04:24:49.000]  這個其實古代
[04:24:49.000 --> 04:24:51.000]  水銀和銀差不多
[04:24:51.000 --> 04:24:53.000]  他就搞錯了
[04:24:53.000 --> 04:24:55.000]  古代所謂練銀子就是這個意思
[04:24:55.000 --> 04:24:57.000]  練銀子就是說
[04:24:57.000 --> 04:24:59.000]  在練的過程很特別
[04:24:59.000 --> 04:25:01.000]  按照專家的研究
[04:25:01.000 --> 04:25:03.000]  當然他們的器具
[04:25:03.000 --> 04:25:05.000]  練水銀就是這樣
[04:25:05.000 --> 04:25:07.000]  用礦泥燒
[04:25:07.000 --> 04:25:09.000]  燒了那些雜質
[04:25:09.000 --> 04:25:11.000]  燒了那些渣滓
[04:25:11.000 --> 04:25:13.000]  燒渣滓的過程就很神奇
[04:25:13.000 --> 04:25:15.000]  最初燒的時候
[04:25:15.000 --> 04:25:17.000]  先燒了那些渣滓
[04:25:17.000 --> 04:25:21.000]  那些渣滓很臭烏煙瘴氣
[04:25:21.000 --> 04:25:23.000]  燒的時候
[04:25:23.000 --> 04:25:25.000]  越燒越多烏煙瘴氣
[04:25:25.000 --> 04:25:27.000]  到處都看不到
[04:25:27.000 --> 04:25:29.000]  又髒又骯髒又污
[04:25:29.000 --> 04:25:31.000]  慢慢蒸發那些髒東西出來
[04:25:31.000 --> 04:25:33.000]  但是當蒸發到完的時候
[04:25:33.000 --> 04:25:35.000]  在幾秒鐘之內
[04:25:35.000 --> 04:25:37.000]  有位專家是這樣說的
[04:25:37.000 --> 04:25:39.000]  在幾秒鐘之內
[04:25:39.000 --> 04:25:41.000]  烏煙瘴氣的那盆東西
[04:25:41.000 --> 04:25:43.000]  突然間那些渣滓沒有了
[04:25:43.000 --> 04:25:45.000]  那些煙不見了
[04:25:45.000 --> 04:25:47.000]  突然間就波平如鏡
[04:25:47.000 --> 04:25:49.000]  水銀就浮出來了
[04:25:49.000 --> 04:25:51.000]  浮出來的時候
[04:25:51.000 --> 04:25:53.000]  可以照到練銀的人的臉
[04:25:53.000 --> 04:25:55.000]  好像一塊鏡子
[04:25:55.000 --> 04:25:57.000]  這個就是練銀
[04:25:57.000 --> 04:25:59.000]  那個經驗的背景
[04:25:59.000 --> 04:26:01.000]  這裡說什麼呢
[04:26:01.000 --> 04:26:03.000]  在人生當中
[04:26:03.000 --> 04:26:05.000]  有時候就像烏煙瘴氣
[04:26:05.000 --> 04:26:07.000]  是不是
[04:26:07.000 --> 04:26:09.000]  有時候烏煙瘴氣
[04:26:09.000 --> 04:26:11.000]  一團糟
[04:26:11.000 --> 04:26:13.000]  黑漆漆
[04:26:13.000 --> 04:26:15.000]  骯髒骯髒
[04:26:15.000 --> 04:26:17.000]  其實可能
[04:26:17.000 --> 04:26:19.000]  你聽不清楚
[04:26:19.000 --> 04:26:21.000]  其實就是在練那些渣滓
[04:26:21.000 --> 04:26:23.000]  到適當的時間
[04:26:23.000 --> 04:26:25.000]  當那些渣滓一退去的時候
[04:26:25.000 --> 04:26:27.000]  一剎那間想都想不到
[04:26:27.000 --> 04:26:29.000]  幾秒鐘之內
[04:26:29.000 --> 04:26:31.000]  反而波平如鏡
[04:26:31.000 --> 04:26:33.000]  好像保羅在
[04:26:33.000 --> 04:26:35.000]  多倫多自知十三章所說
[04:26:35.000 --> 04:26:37.000]  我們就會面具練
[04:26:37.000 --> 04:26:39.000]  不是再模糊不清
[04:26:39.000 --> 04:26:41.000]  清清楚楚原來那個水銀
[04:26:41.000 --> 04:26:43.000]  那個銀就浮出來了
[04:26:43.000 --> 04:26:45.000]  這個是神要練我們
[04:26:45.000 --> 04:26:47.000]  練的過程
[04:26:47.000 --> 04:26:49.000]  很痛
[04:26:49.000 --> 04:26:51.000]  練的過程很需要有信心
[04:26:51.000 --> 04:26:53.000]  因為見到烏煙瘴氣的時候
[04:26:53.000 --> 04:26:55.000]  可能很多人就囂張
[04:26:55.000 --> 04:26:57.000]  不要就扔掉了
[04:26:57.000 --> 04:26:59.000]  那就浪費了
[04:26:59.000 --> 04:27:01.000]  要等,要忍耐,要有信心
[04:27:01.000 --> 04:27:03.000]  等到那個渣滓好像很亂的時候
[04:27:03.000 --> 04:27:05.000]  突然間
[04:27:05.000 --> 04:27:07.000]  在神的手裏練的東西就出來了
[04:27:07.000 --> 04:27:09.000]  神要見到
[04:27:09.000 --> 04:27:11.000]  那幅正福的圖
[04:27:11.000 --> 04:27:13.000]  這個過程不容易
[04:27:13.000 --> 04:27:15.000]  在練的過程裏
[04:27:15.000 --> 04:27:17.000]  也都很難
[04:27:17.000 --> 04:27:19.000]  沒錯
[04:27:19.000 --> 04:27:21.000]  剛才我們說
[04:27:21.000 --> 04:27:23.000]  神一定採取
[04:27:23.000 --> 04:27:25.000]  祂的行動
[04:27:25.000 --> 04:27:27.000]  是在練證人間的是非
[04:27:27.000 --> 04:27:29.000]  不過在練的過程裏
[04:27:29.000 --> 04:27:31.000]  不是馬上看見
[04:27:31.000 --> 04:27:33.000]  神也不會馬上給你看見
[04:27:33.000 --> 04:27:35.000]  是要看你有沒有信心
[04:27:35.000 --> 04:27:37.000]  訓練你這個過程裏對神的忍耐
[04:27:37.000 --> 04:27:39.000]  丙姐妹這個是很重要
[04:27:39.000 --> 04:27:41.000]  也都很不容易學的功課
[04:27:41.000 --> 04:27:43.000]  我曾經和丙姐妹說過
[04:27:43.000 --> 04:27:45.000]  為什麼有時候
[04:27:45.000 --> 04:27:47.000]  我們說為什麼神不可以
[04:27:47.000 --> 04:27:49.000]  有困難的時候
[04:27:49.000 --> 04:27:51.000]  幫他解脫就好了
[04:27:51.000 --> 04:27:53.000]  我都問過這些問題
[04:27:53.000 --> 04:27:55.000]  是不是
[04:27:55.000 --> 04:27:57.000]  神沒有能力解脫那個壞人
[04:27:57.000 --> 04:27:59.000]  神沒有能力在那裏
[04:27:59.000 --> 04:28:01.000]  把那件事扭轉
[04:28:01.000 --> 04:28:03.000]  可不可以
[04:28:03.000 --> 04:28:05.000]  為什麼神不像
[04:28:05.000 --> 04:28:07.000]  童話故事的灰姑娘
[04:28:07.000 --> 04:28:09.000]  那個仙女
[04:28:09.000 --> 04:28:11.000]  大家記得灰姑娘
[04:28:11.000 --> 04:28:13.000]  Cinderella那個仙女
[04:28:13.000 --> 04:28:15.000]  我們人都希望有這樣的仙女
[04:28:15.000 --> 04:28:17.000]  在那裏哭什麼
[04:28:17.000 --> 04:28:19.000]  你想去哪裏
[04:28:19.000 --> 04:28:21.000]  我想去菠蘿
[04:28:21.000 --> 04:28:23.000]  那怎麼辦
[04:28:23.000 --> 04:28:25.000]  好衣服出來了
[04:28:25.000 --> 04:28:27.000]  我有件好衣服去不了
[04:28:27.000 --> 04:28:29.000]  拿個藍包來
[04:28:29.000 --> 04:28:31.000]  有架車
[04:28:31.000 --> 04:28:33.000]  跳舞怎麼辦
[04:28:33.000 --> 04:28:35.000]  給你玻璃鞋
[04:28:35.000 --> 04:28:37.000]  多好
[04:28:37.000 --> 04:28:39.000]  為什麼在那裏拖
[04:28:39.000 --> 04:28:41.000]  在那裏拖
[04:28:41.000 --> 04:28:43.000]  神可以的
[04:28:43.000 --> 04:28:45.000]  但是神沒有感覺
[04:28:45.000 --> 04:28:47.000]  神要透過那個過程裏
[04:28:47.000 --> 04:28:49.000]  練正我們的心
[04:28:49.000 --> 04:28:51.000]  神體重我們的生命
[04:28:51.000 --> 04:28:53.000]  遠多過問題的解決
[04:28:53.000 --> 04:28:55.000]  你聽清楚我再說一次
[04:28:55.000 --> 04:28:57.000]  神在你的心意裏面
[04:28:57.000 --> 04:28:59.000]  體重你和我在這個難的過程裏面
[04:28:59.000 --> 04:29:01.000]  所學到的信心
[04:29:01.000 --> 04:29:03.000]  忍耐和練正
[04:29:03.000 --> 04:29:05.000]  那個生命的質素
[04:29:05.000 --> 04:29:07.000]  遠重要過他為我們解決一件問題
[04:29:07.000 --> 04:29:09.000]  因為對於他來說解決問題用什麼
[04:29:09.000 --> 04:29:11.000]  改變你的生命就難
[04:29:11.000 --> 04:29:13.000]  因為這條路是要你走過才行
[04:29:13.000 --> 04:29:15.000]  不知道大家有沒有講過這個例子
[04:29:15.000 --> 04:29:17.000]  在上一年
[04:29:17.000 --> 04:29:19.000]  我和香港同一位媽媽聊天的時候
[04:29:19.000 --> 04:29:21.000]  她給我很大的體貼
[04:29:21.000 --> 04:29:23.000]  那個媽媽其實是自己的親戚
[04:29:23.000 --> 04:29:25.000]  香港很辛苦
[04:29:25.000 --> 04:29:27.000]  香港人做工很辛苦
[04:29:27.000 --> 04:29:29.000]  兩個小職員
[04:29:29.000 --> 04:29:31.000]  兩個姑姑和一個兒子
[04:29:31.000 --> 04:29:33.000]  工作到九點才回到家
[04:29:33.000 --> 04:29:35.000]  煮飯到十點才有得吃
[04:29:35.000 --> 04:29:37.000]  很辛苦
[04:29:37.000 --> 04:29:39.000]  不僅如此香港更慘
[04:29:39.000 --> 04:29:41.000]  讀小學的
[04:29:41.000 --> 04:29:43.000]  工作多累累
[04:29:43.000 --> 04:29:45.000]  很慘
[04:29:45.000 --> 04:29:47.000]  工作時間減到無論
[04:29:47.000 --> 04:29:49.000]  日夜都要工作
[04:29:49.000 --> 04:29:51.000]  功課永遠都做不完
[04:29:51.000 --> 04:29:53.000]  那天晚上我和兒子一起做功課
[04:29:53.000 --> 04:29:55.000]  回到家十點多才吃完飯
[04:29:55.000 --> 04:29:57.000]  那個小朋友又在做功課
[04:29:57.000 --> 04:29:59.000]  那個小朋友很乖
[04:29:59.000 --> 04:30:01.000]  馬上就不用看電視
[04:30:01.000 --> 04:30:03.000]  在做功課
[04:30:03.000 --> 04:30:05.000]  做到八點才睡
[04:30:05.000 --> 04:30:07.000]  媽媽走過去
[04:30:07.000 --> 04:30:09.000]  兒子在做什麼
[04:30:09.000 --> 04:30:11.000]  算術
[04:30:11.000 --> 04:30:13.000]  做了多少條
[04:30:13.000 --> 04:30:15.000]  做了一整晚
[04:30:15.000 --> 04:30:17.000]  做了六條和四條
[04:30:17.000 --> 04:30:19.000]  怎麼辦
[04:30:19.000 --> 04:30:21.000]  他覺得很可憐
[04:30:21.000 --> 04:30:23.000]  看著媽媽
[04:30:23.000 --> 04:30:25.000]  媽媽你懂不懂算術
[04:30:25.000 --> 04:30:27.000]  這四副
[04:30:27.000 --> 04:30:29.000]  媽媽說我這麼大當然懂
[04:30:29.000 --> 04:30:31.000]  你幫我算
[04:30:31.000 --> 04:30:33.000]  我說不行
[04:30:33.000 --> 04:30:35.000]  為什麼不行
[04:30:35.000 --> 04:30:37.000]  我說不行
[04:30:37.000 --> 04:30:39.000]  我煮雞湯給你喝
[04:30:39.000 --> 04:30:41.000]  我要你的雞湯
[04:30:41.000 --> 04:30:43.000]  我說好你不要雞湯
[04:30:43.000 --> 04:30:45.000]  我陪你
[04:30:45.000 --> 04:30:47.000]  你幾點睡
[04:30:47.000 --> 04:30:49.000]  我不用你陪我
[04:30:49.000 --> 04:30:51.000]  你幫我算
[04:30:51.000 --> 04:30:53.000]  五分鐘就搞定
[04:30:53.000 --> 04:30:55.000]  你又可以睡我又可以睡
[04:30:55.000 --> 04:30:57.000]  媽媽又是很聰明
[04:30:57.000 --> 04:30:59.000]  你明白我說什麼嗎
[04:30:59.000 --> 04:31:01.000]  很多時候我們很像小朋友
[04:31:01.000 --> 04:31:03.000]  為什麼你不幫我解決
[04:31:03.000 --> 04:31:05.000]  那件事
[04:31:05.000 --> 04:31:07.000]  你行不行
[04:31:07.000 --> 04:31:09.000]  你能不能解決
[04:31:09.000 --> 04:31:11.000]  五分鐘我幫你搞定
[04:31:11.000 --> 04:31:13.000]  但那四條數我幫你算
[04:31:13.000 --> 04:31:15.000]  有什麼意義
[04:31:15.000 --> 04:31:17.000]  那四條數幫你算都沒有用
[04:31:17.000 --> 04:31:19.000]  你永遠要熬過思考掙扎的過程
[04:31:19.000 --> 04:31:21.000]  你才懂得算術
[04:31:21.000 --> 04:31:23.000]  那個全能的媽媽
[04:31:23.000 --> 04:31:25.000]  都幫不了你
[04:31:25.000 --> 04:31:27.000]  你明白我的意思嗎
[04:31:27.000 --> 04:31:29.000]  全能的神都幫不了你
[04:31:29.000 --> 04:31:31.000]  他要你自己走過這條路
[04:31:31.000 --> 04:31:33.000]  這樣你才可以
[04:31:33.000 --> 04:31:35.000]  那個煉證是一個過程
[04:31:35.000 --> 04:31:37.000]  是一個必須的過程
[04:31:37.000 --> 04:31:39.000]  所以當我們面對人生很多的壓力
[04:31:39.000 --> 04:31:41.000]  很多的不滿的時候
[04:31:41.000 --> 04:31:43.000]  好像神沒有理會的時候
[04:31:43.000 --> 04:31:45.000]  我們知道神在動手
[04:31:45.000 --> 04:31:47.000]  不過可能需要一段的過程
[04:31:47.000 --> 04:31:49.000]  第四樣神說我知道的
[04:31:49.000 --> 04:31:51.000]  因為我是作出審判
[04:31:51.000 --> 04:31:53.000]  我和大家列出來
[04:31:53.000 --> 04:31:55.000]  只是一節短短的神列出了
[04:31:55.000 --> 04:31:57.000]  在宗教上面
[04:31:57.000 --> 04:31:59.000]  我知道那些人在做什麼錯事
[04:31:59.000 --> 04:32:01.000]  那些行邪律的不敬畏神
[04:32:01.000 --> 04:32:03.000]  在個人道德裏面有些人是犯奸淫的
[04:32:03.000 --> 04:32:05.000]  在社會道德裏面
[04:32:05.000 --> 04:32:07.000]  有些人是詐故宮的
[04:32:07.000 --> 04:32:09.000]  孤兒寡婦寄居的
[04:32:09.000 --> 04:32:11.000]  被人壓榨
[04:32:11.000 --> 04:32:13.000]  神說我完全知道
[04:32:13.000 --> 04:32:15.000]  你不要說我不知道
[04:32:15.000 --> 04:32:17.000]  我完全知道那些人在做什麼
[04:32:17.000 --> 04:32:19.000]  在做什麼
[04:32:19.000 --> 04:32:21.000]  不過
[04:32:21.000 --> 04:32:23.000]  你信得過我
[04:32:23.000 --> 04:32:25.000]  我的手在這裏
[04:32:25.000 --> 04:32:27.000]  但有我的時辰
[04:32:27.000 --> 04:32:29.000]  我需要一個煉證的過程
[04:32:29.000 --> 04:32:31.000]  看清楚
[04:32:31.000 --> 04:32:33.000]  不單是煉證那些壞人
[04:32:33.000 --> 04:32:35.000]  還要煉證那些利味人
[04:32:35.000 --> 04:32:37.000]  屬於神的人
[04:32:37.000 --> 04:32:39.000]  最重要的不單是審判那些壞人
[04:32:39.000 --> 04:32:41.000]  是要煉證你和我
[04:32:41.000 --> 04:32:43.000]  這樣第三章六節
[04:32:43.000 --> 04:32:45.000]  神說經過這些
[04:32:45.000 --> 04:32:47.000]  熬練的人就明白
[04:32:47.000 --> 04:32:49.000]  你懂得說那句
[04:32:49.000 --> 04:32:51.000]  我耶和華是不善的
[04:32:51.000 --> 04:32:53.000]  縱然
[04:32:53.000 --> 04:32:55.000]  世間一切的訊息
[04:32:55.000 --> 04:32:57.000]  都可以告訴你神沒有你
[04:32:57.000 --> 04:32:59.000]  但我們仍然有一個宿命的秋事
[04:32:59.000 --> 04:33:01.000]  你看到神是不善的
[04:33:03.000 --> 04:33:05.000]  我們轉到第二個
[04:33:05.000 --> 04:33:09.000]  第七節
[04:33:09.000 --> 04:33:11.000]  三章七節那裏
[04:33:11.000 --> 04:33:13.000]  詩詩又說
[04:33:13.000 --> 04:33:15.000]  你和列祖以來漸漸偏離我的見張而不遵守
[04:33:15.000 --> 04:33:19.000]  你現在轉向我
[04:33:19.000 --> 04:33:21.000]  我就轉向你們
[04:33:21.000 --> 04:33:23.000]  詩詩說我何時轉向你們
[04:33:23.000 --> 04:33:25.000]  意思就是說
[04:33:25.000 --> 04:33:27.000]  你記得我說過
[04:33:27.000 --> 04:33:29.000]  我怎樣可以轉向你呢
[04:33:29.000 --> 04:33:31.000]  是一種駁斥的方式
[04:33:31.000 --> 04:33:33.000]  我都沒有離開過你們
[04:33:33.000 --> 04:33:35.000]  為什麼要我轉向你們呢
[04:33:35.000 --> 04:33:37.000]  我都不用轉向你們
[04:33:37.000 --> 04:33:39.000]  人豈可奪取神之物
[04:33:39.000 --> 04:33:41.000]  第八節那裏
[04:33:41.000 --> 04:33:43.000]  奪取這個字在原文是很嚴厲的
[04:33:43.000 --> 04:33:45.000]  是打家劫舍的字
[04:33:45.000 --> 04:33:47.000]  神說你劫我
[04:33:47.000 --> 04:33:49.000]  很狼啊
[04:33:49.000 --> 04:33:51.000]  你搶劫我
[04:33:51.000 --> 04:33:53.000]  神說你搶劫我
[04:33:53.000 --> 04:33:55.000]  然後你就說
[04:33:55.000 --> 04:33:57.000]  我們在哪件事上搶劫你啊
[04:33:57.000 --> 04:33:59.000]  神說就是你們所當立的
[04:33:59.000 --> 04:34:01.000]  十分之一和當年的公物
[04:34:01.000 --> 04:34:05.000]  然後大家都熟悉了
[04:34:05.000 --> 04:34:07.000]  第十節那裏說
[04:34:07.000 --> 04:34:09.000]  你們將當立的十分之一
[04:34:09.000 --> 04:34:11.000]  全面進入桑庫
[04:34:11.000 --> 04:34:13.000]  見我家有良子
[04:34:13.000 --> 04:34:15.000]  示我是否為你們闖開天上的窗戶
[04:34:15.000 --> 04:34:17.000]  傾覆與你們甚至無處可容
[04:34:17.000 --> 04:34:19.000]  很多人都很熟悉
[04:34:19.000 --> 04:34:21.000]  馬來記者都不記得這句了
[04:34:21.000 --> 04:34:23.000]  記得這句下半句
[04:34:23.000 --> 04:34:25.000]  打開天上的窗戶
[04:34:25.000 --> 04:34:27.000]  傾覆與你們
[04:34:27.000 --> 04:34:29.000]  記得好像拉斯維加斯的jetport
[04:34:29.000 --> 04:34:31.000]  扔五毫
[04:34:31.000 --> 04:34:33.000]  十分之一
[04:34:33.000 --> 04:34:35.000]  嘩真是黃金夢
[04:34:35.000 --> 04:34:37.000]  比屬靈投資
[04:34:37.000 --> 04:34:39.000]  十分之一
[04:34:39.000 --> 04:34:41.000]  小本莫大利
[04:34:41.000 --> 04:34:43.000]  扔五毫
[04:34:43.000 --> 04:34:45.000]  讓他噴出
[04:34:45.000 --> 04:34:47.000]  吃割紙老虎的錢
[04:34:47.000 --> 04:34:49.000]  打開天上的窗戶
[04:34:49.000 --> 04:34:51.000]  我們經常說
[04:34:51.000 --> 04:34:53.000]  這一段聖經並不是教你
[04:34:53.000 --> 04:34:55.000]  屬靈投資的策略
[04:34:55.000 --> 04:34:57.000]  這段聖經想說甚麼
[04:34:57.000 --> 04:34:59.000]  你聽清楚
[04:34:59.000 --> 04:35:01.000]  這段聖經經常罵以色列人
[04:35:01.000 --> 04:35:03.000]  你捨不得
[04:35:03.000 --> 04:35:05.000]  你不捨得將十分之一
[04:35:05.000 --> 04:35:07.000]  送給我
[04:35:07.000 --> 04:35:09.000]  但是我告訴你
[04:35:09.000 --> 04:35:11.000]  如果你夠膽
[04:35:11.000 --> 04:35:13.000]  去試試
[04:35:13.000 --> 04:35:15.000]  你捨得的話
[04:35:15.000 --> 04:35:17.000]  你就會見到你從來未見過的福
[04:35:17.000 --> 04:35:19.000]  這個分別就是
[04:35:19.000 --> 04:35:21.000]  你見到甚麼
[04:35:21.000 --> 04:35:23.000]  你見到十分之一
[04:35:23.000 --> 04:35:25.000]  扔給神的時候
[04:35:25.000 --> 04:35:27.000]  剛才說很肉赤
[04:35:27.000 --> 04:35:29.000]  禮真的
[04:35:29.000 --> 04:35:31.000]  今天我不要你舉手
[04:35:31.000 --> 04:35:33.000]  有誰有十分之一奉獻
[04:35:33.000 --> 04:35:35.000]  大家在神面前
[04:35:35.000 --> 04:35:37.000]  但我們經常是很痛
[04:35:37.000 --> 04:35:39.000]  十分之一
[04:35:39.000 --> 04:35:41.000]  這不是律法
[04:35:41.000 --> 04:35:43.000]  有時十分之零點五都可以
[04:35:43.000 --> 04:35:45.000]  不一定
[04:35:45.000 --> 04:35:47.000]  是很肉赤
[04:35:47.000 --> 04:35:49.000]  割到少少錢的時候不覺得
[04:35:49.000 --> 04:35:51.000]  一百元給十元不覺得
[04:35:51.000 --> 04:35:53.000]  一百萬的時候給十萬
[04:35:53.000 --> 04:35:55.000]  十萬拿出來的時候
[04:35:55.000 --> 04:35:57.000]  就很肉赤
[04:35:57.000 --> 04:35:59.000]  我記得有個弟兄跟我說在加拿大
[04:35:59.000 --> 04:36:01.000]  他說有一次
[04:36:01.000 --> 04:36:03.000]  聖誕節是聖誕節的聚會
[04:36:03.000 --> 04:36:05.000]  帶他爸爸去
[04:36:05.000 --> 04:36:07.000]  很少去禮拜堂
[04:36:07.000 --> 04:36:09.000]  難得聖誕崇拜
[04:36:09.000 --> 04:36:11.000]  他就帶他爸爸去
[04:36:11.000 --> 04:36:13.000]  那個弟兄很樸素在加拿大
[04:36:13.000 --> 04:36:15.000]  加幣
[04:36:15.000 --> 04:36:17.000]  轉到去的時候
[04:36:17.000 --> 04:36:19.000]  那個弟兄的袋子就一百元一枝扔下去
[04:36:19.000 --> 04:36:21.000]  不太多也不太少
[04:36:21.000 --> 04:36:23.000]  他爸爸一看
[04:36:23.000 --> 04:36:25.000]  嘩!大喇喇一百元扔下去
[04:36:25.000 --> 04:36:27.000]  轉到他爸爸那裏
[04:36:27.000 --> 04:36:29.000]  他爸爸說不用那麼多
[04:36:29.000 --> 04:36:31.000]  在裏面拿兩枝
[04:36:31.000 --> 04:36:33.000]  拿兩枝二十元一枝扔下去
[04:36:33.000 --> 04:36:35.000]  有爪的原來奉獻都可以
[04:36:35.000 --> 04:36:39.000]  這個
[04:36:39.000 --> 04:36:41.000]  那就是未信耶穌的人
[04:36:41.000 --> 04:36:43.000]  他不會明白
[04:36:43.000 --> 04:36:45.000]  奉獻沒爪就扔下去
[04:36:45.000 --> 04:36:47.000]  代表了心態
[04:36:47.000 --> 04:36:49.000]  不是吧
[04:36:49.000 --> 04:36:51.000]  禮真的先拿兩枝
[04:36:51.000 --> 04:36:53.000]  很多時候我們手不敢做
[04:36:53.000 --> 04:36:55.000]  我們心常常這樣做
[04:36:55.000 --> 04:36:57.000]  拿不到兩枝在心裏想
[04:36:57.000 --> 04:36:59.000]  好啦!相信這句
[04:36:59.000 --> 04:37:01.000]  神傾倒天人受苦眾多
[04:37:01.000 --> 04:37:03.000]  算投資了
[04:37:03.000 --> 04:37:05.000]  不是這個意思
[04:37:05.000 --> 04:37:07.000]  這裏說什麼
[04:37:07.000 --> 04:37:09.000]  你聽清楚然後就解釋
[04:37:09.000 --> 04:37:11.000]  他說將你的
[04:37:11.000 --> 04:37:13.000]  給了十分之一給了我之後
[04:37:13.000 --> 04:37:15.000]  你的生命
[04:37:15.000 --> 04:37:17.000]  生命不同了
[04:37:17.000 --> 04:37:19.000]  那個回報並不是一定即時
[04:37:19.000 --> 04:37:21.000]  你見到但長遠看回頭
[04:37:21.000 --> 04:37:23.000]  你的回報很多東西
[04:37:23.000 --> 04:37:25.000]  你想都沒想過
[04:37:25.000 --> 04:37:27.000]  第十一節就說
[04:37:27.000 --> 04:37:29.000]  萬君知我必為你職責
[04:37:29.000 --> 04:37:31.000]  黃蟲不容差毀壞你的土產
[04:37:31.000 --> 04:37:33.000]  你們田間的葡萄樹
[04:37:33.000 --> 04:37:35.000]  在未熟之邊也不照果子
[04:37:35.000 --> 04:37:37.000]  很多時候在我們人生裏
[04:37:37.000 --> 04:37:39.000]  就像以色列一樣
[04:37:39.000 --> 04:37:41.000]  以色列的錢
[04:37:41.000 --> 04:37:43.000]  十分之一奉獻給神
[04:37:43.000 --> 04:37:45.000]  就是賣他的農產品
[04:37:45.000 --> 04:37:47.000]  田產
[04:37:47.000 --> 04:37:49.000]  那些土產和葡萄
[04:37:49.000 --> 04:37:51.000]  賣了就有那些錢
[04:37:51.000 --> 04:37:53.000]  那些錢就拿了十分之一奉獻給神
[04:37:53.000 --> 04:37:55.000]  神說你想想這些錢是怎樣來的
[04:37:55.000 --> 04:37:57.000]  就是你的田產那裏
[04:37:57.000 --> 04:37:59.000]  你的田產
[04:37:59.000 --> 04:38:01.000]  你怎樣可以得到豐收
[04:38:01.000 --> 04:38:03.000]  沒有豐收
[04:38:03.000 --> 04:38:05.000]  其實全部是依賴
[04:38:05.000 --> 04:38:07.000]  另外一些的原因
[04:38:07.000 --> 04:38:09.000]  你說不值錢
[04:38:09.000 --> 04:38:11.000]  你說肉青
[04:38:11.000 --> 04:38:13.000]  你看不到那些田產和葡萄
[04:38:13.000 --> 04:38:15.000]  他可以突然天氣一轉
[04:38:15.000 --> 04:38:17.000]  全軍覆沒
[04:38:17.000 --> 04:38:19.000]  沒有那些葡萄
[04:38:19.000 --> 04:38:21.000]  一個仙都沒有
[04:38:21.000 --> 04:38:23.000]  神阻止黃蟲一次過飛過來
[04:38:23.000 --> 04:38:25.000]  甚麼土產
[04:38:25.000 --> 04:38:27.000]  甚麼菜全部都沒有
[04:38:27.000 --> 04:38:29.000]  你有甚麼呢
[04:38:29.000 --> 04:38:31.000]  神說當你給我錢的時候
[04:38:31.000 --> 04:38:33.000]  我不稀罕這些錢
[04:38:33.000 --> 04:38:35.000]  聖經都說得很清楚
[04:38:35.000 --> 04:38:37.000]  神你以為他沒有牛羊嗎
[04:38:37.000 --> 04:38:39.000]  田野山間的牛羊都是他的
[04:38:39.000 --> 04:38:41.000]  神根本不稀罕
[04:38:41.000 --> 04:38:43.000]  不過要看到
[04:38:43.000 --> 04:38:45.000]  在你的心裏面
[04:38:45.000 --> 04:38:47.000]  你是自願將那些他應該有給神
[04:38:47.000 --> 04:38:49.000]  就給他的時候
[04:38:49.000 --> 04:38:51.000]  那份心意
[04:38:51.000 --> 04:38:53.000]  神說你給我的時候我就給你
[04:38:53.000 --> 04:38:55.000]  你給了我十分之一的時候
[04:38:55.000 --> 04:38:57.000]  在那一年我令到風調雨順
[04:38:57.000 --> 04:38:59.000]  你已經賺了多於十分之一
[04:38:59.000 --> 04:39:01.000]  明不明
[04:39:01.000 --> 04:39:03.000]  聽清楚
[04:39:03.000 --> 04:39:05.000]  這不是說復靈的投資
[04:39:05.000 --> 04:39:07.000]  是說兩種principles
[04:39:07.000 --> 04:39:09.000]  一種是我們看著錢
[04:39:09.000 --> 04:39:11.000]  按了出去沒有了
[04:39:11.000 --> 04:39:13.000]  神所看到的不是
[04:39:13.000 --> 04:39:15.000]  在頂福的圖畫裏面
[04:39:15.000 --> 04:39:17.000]  神在其他東西給你遠多於給了神
[04:39:17.000 --> 04:39:19.000]  你明不明
[04:39:19.000 --> 04:39:21.000]  神先願意給出來
[04:39:21.000 --> 04:39:23.000]  我見到很多家長
[04:39:23.000 --> 04:39:25.000]  很緊張子女讀書沒有前妻
[04:39:25.000 --> 04:39:27.000]  我的圖也是這樣
[04:39:27.000 --> 04:39:29.000]  其實是
[04:39:29.000 --> 04:39:31.000]  你見到他沒有了
[04:39:31.000 --> 04:39:33.000]  一段時間
[04:39:33.000 --> 04:39:35.000]  去了前妻
[04:39:35.000 --> 04:39:37.000]  他讀了夜誌
[04:39:37.000 --> 04:39:39.000]  沒錯
[04:39:39.000 --> 04:39:41.000]  即時見到時間少了
[04:39:41.000 --> 04:39:43.000]  但是
[04:39:43.000 --> 04:39:45.000]  從另外一個角度來看
[04:39:45.000 --> 04:39:47.000]  去了前妻他認識了一班好的朋友
[04:39:47.000 --> 04:39:49.000]  他不會學壞
[04:39:49.000 --> 04:39:51.000]  他所省的時間
[04:39:51.000 --> 04:39:53.000]  遠多於
[04:39:53.000 --> 04:39:55.000]  他認識了不好的朋友
[04:39:55.000 --> 04:39:57.000]  跑了街不知道去那裏
[04:39:57.000 --> 04:39:59.000]  晚上一點多兩點都沒得睡
[04:39:59.000 --> 04:40:01.000]  打電話到處找
[04:40:01.000 --> 04:40:03.000]  找到清光
[04:40:03.000 --> 04:40:05.000]  沒有了
[04:40:05.000 --> 04:40:07.000]  我們很多人生看得很短線
[04:40:07.000 --> 04:40:09.000]  突然間我沒有了這些東西
[04:40:09.000 --> 04:40:11.000]  我給了神
[04:40:11.000 --> 04:40:13.000]  神說你不是看這麼短線
[04:40:13.000 --> 04:40:15.000]  你看的是我給了你什麼
[04:40:15.000 --> 04:40:17.000]  我拿了時間去幫助弟兄姐妹
[04:40:17.000 --> 04:40:19.000]  幫助他們
[04:40:19.000 --> 04:40:21.000]  浪費錢浪費精神
[04:40:21.000 --> 04:40:23.000]  錢精神拿來自己賺錢
[04:40:23.000 --> 04:40:25.000]  加班的時候
[04:40:25.000 --> 04:40:27.000]  可以拿多幾百元
[04:40:27.000 --> 04:40:29.000]  一千幾百
[04:40:29.000 --> 04:40:31.000]  拿了加班的時間
[04:40:31.000 --> 04:40:33.000]  沒了那筆錢
[04:40:33.000 --> 04:40:35.000]  幫弟兄姐妹在教會裏面做探訪
[04:40:35.000 --> 04:40:37.000]  是不是虧了是有虧的
[04:40:37.000 --> 04:40:39.000]  給了神是有虧的
[04:40:39.000 --> 04:40:41.000]  但是你長線看的時候
[04:40:41.000 --> 04:40:43.000]  你幫了弟兄
[04:40:43.000 --> 04:40:45.000]  你得了一個好的朋友
[04:40:45.000 --> 04:40:47.000]  當你人生有需要的時候
[04:40:47.000 --> 04:40:49.000]  或者你有分擔
[04:40:49.000 --> 04:40:51.000]  或者分享的時候
[04:40:51.000 --> 04:40:53.000]  那種團體你錢都買不回來
[04:40:53.000 --> 04:40:55.000]  是你加班的一千幾百
[04:40:55.000 --> 04:40:57.000]  你買不回來
[04:40:57.000 --> 04:40:59.000]  你見到有人進了主的時候
[04:40:59.000 --> 04:41:01.000]  那份喜樂
[04:41:01.000 --> 04:41:03.000]  你是加班那筆錢
[04:41:03.000 --> 04:41:05.000]  今天我們看回戰鬥在我們過的人生裏面
[04:41:05.000 --> 04:41:07.000]  我和太太都花了很多時間
[04:41:07.000 --> 04:41:09.000]  不知道有沒有和大家分享過這件事
[04:41:09.000 --> 04:41:11.000]  有的人曾經和我說過
[04:41:11.000 --> 04:41:13.000]  說我的時間投資很不值
[04:41:13.000 --> 04:41:15.000]  我記得有一個在加拿大
[04:41:15.000 --> 04:41:17.000]  一個弟兄
[04:41:17.000 --> 04:41:19.000]  他和我說他做投資
[04:41:19.000 --> 04:41:21.000]  你不要說我世俗
[04:41:21.000 --> 04:41:23.000]  我很坦白和你說
[04:41:23.000 --> 04:41:25.000]  和我的專業
[04:41:25.000 --> 04:41:27.000]  看你和你太太用的時間
[04:41:27.000 --> 04:41:29.000]  你投資的回報率
[04:41:29.000 --> 04:41:31.000]  很低
[04:41:31.000 --> 04:41:33.000]  我說我明白
[04:41:33.000 --> 04:41:35.000]  我明白
[04:41:35.000 --> 04:41:37.000]  不過我的回報
[04:41:37.000 --> 04:41:39.000]  不是你所看見的回報
[04:41:39.000 --> 04:41:41.000]  你記不記得當日我和我太太
[04:41:41.000 --> 04:41:43.000]  十四個小時來到你家裏
[04:41:43.000 --> 04:41:45.000]  和你談婚姻的問題
[04:41:45.000 --> 04:41:47.000]  我不知道大家有沒有講過這個辯證
[04:41:47.000 --> 04:41:49.000]  我們談了十四個小時
[04:41:49.000 --> 04:41:51.000]  然後將你們
[04:41:51.000 --> 04:41:53.000]  兩夫婦
[04:41:53.000 --> 04:41:55.000]  個別的大向回覆給你
[04:41:55.000 --> 04:41:57.000]  當日你們
[04:41:57.000 --> 04:41:59.000]  兩個站在
[04:41:59.000 --> 04:42:01.000]  崇拜的時候
[04:42:01.000 --> 04:42:03.000]  出來做見證
[04:42:03.000 --> 04:42:05.000]  你們兩個本來要鬧離婚
[04:42:05.000 --> 04:42:07.000]  一起同歸於盡的人
[04:42:07.000 --> 04:42:09.000]  竟然可以信主之後
[04:42:09.000 --> 04:42:11.000]  兩個拿著手互相擁抱
[04:42:11.000 --> 04:42:13.000]  互相饒恕對方
[04:42:13.000 --> 04:42:15.000]  流眼淚
[04:42:15.000 --> 04:42:17.000]  放我坐在下面
[04:42:17.000 --> 04:42:19.000]  這個就是我的回報
[04:42:19.000 --> 04:42:21.000]  這個回報不是用錢賺的
[04:42:21.000 --> 04:42:23.000]  我們的神就是說
[04:42:23.000 --> 04:42:25.000]  你試一下
[04:42:25.000 --> 04:42:27.000]  你試一下夠膽
[04:42:27.000 --> 04:42:29.000]  把應該給神的給神
[04:42:29.000 --> 04:42:31.000]  這個時間這個精神這個心情
[04:42:31.000 --> 04:42:33.000]  和你夠膽指點我
[04:42:33.000 --> 04:42:35.000]  我要給你啟電
[04:42:35.000 --> 04:42:37.000]  我給你的東西
[04:42:37.000 --> 04:42:39.000]  你想都沒想過
[04:42:39.000 --> 04:42:41.000]  就好像突然間發覺天上打開了賭注
[04:42:41.000 --> 04:42:45.000]  這個需要信心
[04:42:45.000 --> 04:42:47.000]  這個需要忍耐
[04:42:47.000 --> 04:42:49.000]  這個需要膽量
[04:42:49.000 --> 04:42:51.000]  你拿出去那一下是很不容易
[04:42:51.000 --> 04:42:53.000]  當你奉獻自己給神的時候
[04:42:53.000 --> 04:42:55.000]  很不容易那一下
[04:42:55.000 --> 04:42:57.000]  一眼就什麼都沒有了
[04:42:57.000 --> 04:42:59.000]  正如我自己一樣
[04:42:59.000 --> 04:43:01.000]  當我奉獻自己去讀神學的時候
[04:43:01.000 --> 04:43:03.000]  家裡很反對
[04:43:03.000 --> 04:43:05.000]  那時候我
[04:43:05.000 --> 04:43:07.000]  還有7分鐘
[04:43:07.000 --> 04:43:09.000]  可以說到11點30
[04:43:09.000 --> 04:43:11.000]  我還有7分鐘說完這個見證
[04:43:11.000 --> 04:43:13.000]  這個見證
[04:43:13.000 --> 04:43:15.000]  因為在幾個月前我在加拿大
[04:43:15.000 --> 04:43:17.000]  有機會碰見一位
[04:43:17.000 --> 04:43:19.000]  從匹茲堡大學來的
[04:43:19.000 --> 04:43:21.000]  教物理的教授
[04:43:21.000 --> 04:43:23.000]  聊天的時候認識他
[04:43:23.000 --> 04:43:25.000]  聊天的時候
[04:43:25.000 --> 04:43:27.000]  我記得我回家途中
[04:43:27.000 --> 04:43:29.000]  我和我太太聊天
[04:43:29.000 --> 04:43:31.000]  我很多感觸
[04:43:31.000 --> 04:43:33.000]  匹茲堡大學給了我一個很特別的建案
[04:43:33.000 --> 04:43:35.000]  1975年
[04:43:35.000 --> 04:43:37.000]  我讀完中大物理兩個學位
[04:43:37.000 --> 04:43:39.000]  讀完Master
[04:43:39.000 --> 04:43:41.000]  匹茲堡大學給了我獎學金
[04:43:41.000 --> 04:43:43.000]  給我去繼續讀博士
[04:43:43.000 --> 04:43:45.000]  物理學
[04:43:45.000 --> 04:43:47.000]  但當時我很大的掙扎
[04:43:47.000 --> 04:43:49.000]  因為我自己的心
[04:43:49.000 --> 04:43:51.000]  是等待在中國大陸的福音
[04:43:51.000 --> 04:43:53.000]  在1970年代
[04:43:53.000 --> 04:43:55.000]  就是四人幫當道的時候
[04:43:55.000 --> 04:43:57.000]  你根本就不可能
[04:43:57.000 --> 04:43:59.000]  回中國前途
[04:43:59.000 --> 04:44:01.000]  唯一可以做的
[04:44:01.000 --> 04:44:03.000]  就是你做一個專業的身份
[04:44:03.000 --> 04:44:05.000]  你做一個大學教授
[04:44:05.000 --> 04:44:07.000]  在大學裡面教完
[04:44:07.000 --> 04:44:09.000]  弄雞和打雞
[04:44:09.000 --> 04:44:11.000]  當時我就走這條路
[04:44:11.000 --> 04:44:13.000]  所以我就想繼續讀物理
[04:44:13.000 --> 04:44:15.000]  但同一個時間
[04:44:15.000 --> 04:44:17.000]  我感覺到
[04:44:17.000 --> 04:44:19.000]  我自己需要向中國傳福音
[04:44:19.000 --> 04:44:21.000]  我要和更多人說
[04:44:21.000 --> 04:44:23.000]  各個教會
[04:44:23.000 --> 04:44:25.000]  走去和人說
[04:44:25.000 --> 04:44:27.000]  不只是我一個人傳
[04:44:27.000 --> 04:44:29.000]  很多人都傳了
[04:44:29.000 --> 04:44:31.000]  大家都知道溫偉義要叫人向中國傳
[04:44:31.000 --> 04:44:33.000]  讀完一個博士
[04:44:33.000 --> 04:44:35.000]  再去物理,你自己回大陸
[04:44:35.000 --> 04:44:37.000]  中國當然知道有你的底牌
[04:44:37.000 --> 04:44:39.000]  有你的檔案
[04:44:39.000 --> 04:44:41.000]  知道你回大陸根本不是教書
[04:44:41.000 --> 04:44:43.000]  根本傳不到
[04:44:43.000 --> 04:44:45.000]  我很難過
[04:44:45.000 --> 04:44:47.000]  到1975年我讀完Math
[04:44:47.000 --> 04:44:49.000]  給了我獎學金,那我去不去呢
[04:44:49.000 --> 04:44:51.000]  我心裡面很感覺到
[04:44:51.000 --> 04:44:53.000]  如果我去讀的時候
[04:44:53.000 --> 04:44:55.000]  恐怕我讀完回來也進不了大陸
[04:44:55.000 --> 04:44:57.000]  如果我不去讀的時候
[04:44:57.000 --> 04:44:59.000]  我可以做些什麼呢
[04:44:59.000 --> 04:45:01.000]  我記得那時候我問一位很愛主的宣教士
[04:45:01.000 --> 04:45:03.000]  在那裡傳記
[04:45:03.000 --> 04:45:05.000]  叫做艾德里牧師
[04:45:05.000 --> 04:45:07.000]  牧師說我真的很難過
[04:45:07.000 --> 04:45:09.000]  我不知道怎樣做好
[04:45:09.000 --> 04:45:11.000]  牧師說你看短一點
[04:45:11.000 --> 04:45:13.000]  70年代
[04:45:13.000 --> 04:45:15.000]  中國宣教有一個很龐大的計劃
[04:45:15.000 --> 04:45:17.000]  你不知道張藝臣會怎樣做
[04:45:17.000 --> 04:45:19.000]  有些人做前線,有些人做後方
[04:45:19.000 --> 04:45:21.000]  張藝臣想做後方,不是做前線
[04:45:21.000 --> 04:45:23.000]  我就順著這個計劃決定
[04:45:23.000 --> 04:45:25.000]  不去讀,我就轉讀神學
[04:45:25.000 --> 04:45:27.000]  1975年就轉讀神學
[04:45:27.000 --> 04:45:29.000]  不爽的
[04:45:29.000 --> 04:45:31.000]  老實說,沒有那麼英雄
[04:45:31.000 --> 04:45:33.000]  中藥是很英雄的,去做前線很英雄
[04:45:33.000 --> 04:45:35.000]  後方,前線
[04:45:35.000 --> 04:45:37.000]  電視都講得多雲
[04:45:37.000 --> 04:45:39.000]  後方,教神學,叫人去都去
[04:45:39.000 --> 04:45:41.000]  我不喜歡這樣
[04:45:41.000 --> 04:45:43.000]  更加難的就是
[04:45:43.000 --> 04:45:45.000]  我家裡很難接受,因為我溫家
[04:45:45.000 --> 04:45:47.000]  我爸爸經常都這樣講,叫我爸爸老賭
[04:45:47.000 --> 04:45:49.000]  老賭不是老賭
[04:45:49.000 --> 04:45:51.000]  他老賭,他自己工作不滿意
[04:45:51.000 --> 04:45:53.000]  當然他整天都將他所有
[04:45:53.000 --> 04:45:55.000]  因為我是很能讀書的,成績很好
[04:45:55.000 --> 04:45:57.000]  他就將整個
[04:45:57.000 --> 04:45:59.000]  他的心意都放在我身上
[04:45:59.000 --> 04:46:01.000]  他整天都說溫家
[04:46:01.000 --> 04:46:03.000]  從來沒出過一個博士,他就不出聲
[04:46:03.000 --> 04:46:05.000]  他就繼續看著我,很大壓力
[04:46:05.000 --> 04:46:07.000]  然後到處告訴別人
[04:46:07.000 --> 04:46:09.000]  這個兒子很厲害
[04:46:09.000 --> 04:46:11.000]  很風光的,跟別人說很重要
[04:46:11.000 --> 04:46:13.000]  親戚朋友
[04:46:13.000 --> 04:46:15.000]  中文大學讀物理學
[04:46:15.000 --> 04:46:17.000]  當年讀物理學很威風,現在沒有那麼威風
[04:46:17.000 --> 04:46:19.000]  然後說讀完赤字就去美國
[04:46:19.000 --> 04:46:21.000]  畢志堡大學
[04:46:21.000 --> 04:46:23.000]  獎學金去讀
[04:46:23.000 --> 04:46:25.000]  現在告訴爸爸,我不去
[04:46:25.000 --> 04:46:27.000]  是很難接受的一件事
[04:46:27.000 --> 04:46:29.000]  我最記得那天,他沒有罵我
[04:46:29.000 --> 04:46:31.000]  不過更慘
[04:46:31.000 --> 04:46:33.000]  我現在告訴我爸爸,我不去讀
[04:46:33.000 --> 04:46:35.000]  讀神學
[04:46:35.000 --> 04:46:37.000]  我爸爸沒有罵我
[04:46:37.000 --> 04:46:39.000]  罵我還英雄一點
[04:46:39.000 --> 04:46:41.000]  他不罵我,只是在房裏
[04:46:41.000 --> 04:46:43.000]  繞圈走
[04:46:43.000 --> 04:46:45.000]  他不出聲
[04:46:45.000 --> 04:46:47.000]  我就繞圈走,看著天花板
[04:46:47.000 --> 04:46:51.000]  聽天的力
[04:46:51.000 --> 04:46:53.000]  聽天的力
[04:46:53.000 --> 04:46:55.000]  很傷人
[04:46:55.000 --> 04:46:57.000]  我是很不想傷我爸爸
[04:46:57.000 --> 04:46:59.000]  然後發覺
[04:46:59.000 --> 04:47:01.000]  所有親戚的臉都變了
[04:47:01.000 --> 04:47:03.000]  以前一說起我讀物理學
[04:47:03.000 --> 04:47:05.000]  中文大學,很高興
[04:47:05.000 --> 04:47:07.000]  現在說我讀神學
[04:47:07.000 --> 04:47:09.000]  臉都變了
[04:47:09.000 --> 04:47:11.000]  馬上不說
[04:47:11.000 --> 04:47:13.000]  馬上不出聲
[04:47:13.000 --> 04:47:15.000]  新年見親戚的時候
[04:47:15.000 --> 04:47:17.000]  一說這件事,沒有人罵我
[04:47:17.000 --> 04:47:19.000]  我最討厭外祖父
[04:47:19.000 --> 04:47:21.000]  讀神學
[04:47:21.000 --> 04:47:23.000]  有物理不讀,讀神學
[04:47:23.000 --> 04:47:25.000]  有科學不讀,出來做什麼
[04:47:25.000 --> 04:47:27.000]  不如出來做廟祝
[04:47:27.000 --> 04:47:29.000]  我還記得這句話
[04:47:29.000 --> 04:47:31.000]  很傷人
[04:47:31.000 --> 04:47:33.000]  就是這樣
[04:47:33.000 --> 04:47:35.000]  沒有血
[04:47:35.000 --> 04:47:37.000]  但現在已經25年了
[04:47:37.000 --> 04:47:39.000]  回頭看
[04:47:39.000 --> 04:47:41.000]  神的手有多長
[04:47:41.000 --> 04:47:43.000]  是不是像跌了給神一樣
[04:47:43.000 --> 04:47:45.000]  有學位不讀,還是讀神學
[04:47:45.000 --> 04:47:47.000]  但是看見
[04:47:47.000 --> 04:47:49.000]  神說我要成就遠超過你
[04:47:49.000 --> 04:47:51.000]  做夢都想不到
[04:47:51.000 --> 04:47:53.000]  在80年代開始中學的時候
[04:47:53.000 --> 04:47:55.000]  神趕大批的大批的學者
[04:47:55.000 --> 04:47:57.000]  去美國、加拿大、歐洲
[04:47:57.000 --> 04:47:59.000]  去留學
[04:47:59.000 --> 04:48:01.000]  那時候
[04:48:01.000 --> 04:48:03.000]  90年代我去加拿大的時候
[04:48:03.000 --> 04:48:05.000]  無數次的機會
[04:48:05.000 --> 04:48:07.000]  在東領會、下領會
[04:48:07.000 --> 04:48:09.000]  和大陸學者講福音
[04:48:09.000 --> 04:48:11.000]  以前我的希望在70年代的時候
[04:48:11.000 --> 04:48:13.000]  希望我可以讀完一個博士
[04:48:13.000 --> 04:48:15.000]  進去某間大學
[04:48:15.000 --> 04:48:17.000]  和幾個教授或學生
[04:48:17.000 --> 04:48:19.000]  跳蚤擦驚
[04:48:19.000 --> 04:48:21.000]  很高興已經滿足了
[04:48:21.000 --> 04:48:23.000]  現在神說你太少信心了
[04:48:23.000 --> 04:48:25.000]  我要你做大一點的
[04:48:25.000 --> 04:48:27.000]  你知不知道在美國
[04:48:27.000 --> 04:48:29.000]  在春領會
[04:48:29.000 --> 04:48:31.000]  我都想不到比東南部
[04:48:31.000 --> 04:48:33.000]  什麼Kentucky、Virginia
[04:48:33.000 --> 04:48:35.000]  這些像山卡拉地方
[04:48:35.000 --> 04:48:37.000]  去到春領會知道有多少人嗎?
[04:48:37.000 --> 04:48:39.000]  600多人,超過500人
[04:48:39.000 --> 04:48:41.000]  全部是一流的大陸學者
[04:48:41.000 --> 04:48:43.000]  全部是派出來的研究生和博士
[04:48:43.000 --> 04:48:45.000]  或是博士後的
[04:48:45.000 --> 04:48:47.000]  他們拖南帶西帶上小孩
[04:48:47.000 --> 04:48:49.000]  一起去這個聚會
[04:48:49.000 --> 04:48:51.000]  在春領會裡面當我呼召的時候
[04:48:51.000 --> 04:48:53.000]  我記得有一次
[04:48:53.000 --> 04:48:55.000]  當我呼召的時候
[04:48:55.000 --> 04:48:57.000]  有些人要決絕信耶穌的時候
[04:48:57.000 --> 04:48:59.000]  我看到這些大陸的學者
[04:48:59.000 --> 04:49:01.000]  很多很精英的人在哭出來
[04:49:01.000 --> 04:49:03.000]  好像泉水一樣湧出來
[04:49:03.000 --> 04:49:05.000]  我記得那時候在台上哭到不能停止
[04:49:05.000 --> 04:49:07.000]  我突然間明白神的奇奇
[04:49:07.000 --> 04:49:09.000]  當日我以為
[04:49:09.000 --> 04:49:11.000]  我用我自己的方法
[04:49:11.000 --> 04:49:13.000]  進去中國裡面
[04:49:13.000 --> 04:49:15.000]  讀了博士可以從小小人前福音
[04:49:15.000 --> 04:49:17.000]  神說你太看低我了
[04:49:17.000 --> 04:49:19.000]  我不用你進去
[04:49:19.000 --> 04:49:21.000]  我要趕那些人出來
[04:49:21.000 --> 04:49:23.000]  想都沒有想到
[04:49:23.000 --> 04:49:25.000]  春領會裡面來自五湖四海
[04:49:25.000 --> 04:49:27.000]  新疆黑龍江四川雲南
[04:49:27.000 --> 04:49:29.000]  那些人坐在那裡
[04:49:29.000 --> 04:49:31.000]  聽我講耶穌基督的福音
[04:49:31.000 --> 04:49:33.000]  是不是奇不奇妙
[04:49:33.000 --> 04:49:35.000]  做夢都沒有想過
[04:49:35.000 --> 04:49:37.000]  怎樣去城市跟他們傳福音
[04:49:37.000 --> 04:49:39.000]  神說你不用
[04:49:39.000 --> 04:49:41.000]  我要你預備好
[04:49:41.000 --> 04:49:43.000]  當日我要找那些人走來
[04:49:43.000 --> 04:49:45.000]  給你講福音
[04:49:45.000 --> 04:49:47.000]  這個就是神自己的做法
[04:49:47.000 --> 04:49:49.000]  想不到的
[04:49:49.000 --> 04:49:51.000]  我做夢都想不到
[04:49:51.000 --> 04:49:53.000]  當日我以為
[04:49:53.000 --> 04:49:55.000]  我用我自己的方法
[04:49:55.000 --> 04:49:57.000]  進去中國裡面
[04:49:57.000 --> 04:49:59.000]  讀了博士可以從小小人前福音
[04:49:59.000 --> 04:50:01.000]  神說你太看低我了
[04:50:01.000 --> 04:50:03.000]  我不用你進去
[04:50:03.000 --> 04:50:05.000]  我要你預備好
[04:50:05.000 --> 04:50:07.000]  當日我要找那些人走來
[04:50:07.000 --> 04:50:09.000]  給你講福音
[04:50:09.000 --> 04:50:11.000]  神說你不用
[04:50:11.000 --> 04:50:13.000]  我要你預備好
[04:50:13.000 --> 04:50:15.000]  當日我要找那些人走來
[04:50:15.000 --> 04:50:17.000]  給你講福音
[04:50:17.000 --> 04:50:19.000]  神說你太看低我了
[04:50:19.000 --> 04:50:21.000]  我要你預備好
[04:50:21.000 --> 04:50:23.000]  當日我要找那些人走來
[04:50:23.000 --> 04:50:25.000]  給你講福音
[04:50:25.000 --> 04:50:27.000]  神說你太看低我了
[04:50:27.000 --> 04:50:29.000]  我要你預備好
[04:50:29.000 --> 04:50:31.000]  當日我要找那些人走來
[04:50:31.000 --> 04:50:33.000]  給你講福音
[04:50:33.000 --> 04:50:35.000]  神說你太看低我了
[04:50:35.000 --> 04:50:37.000]  我要你預備好
[04:50:37.000 --> 04:50:39.000]  當日我要找那些人走來
[04:50:39.000 --> 04:50:41.000]  給你講福音
[04:50:41.000 --> 04:50:43.000]  神說你太看低我了
[04:50:43.000 --> 04:50:45.000]  我要你預備好
[04:50:45.000 --> 04:50:47.000]  當日我要找那些人走來
[04:50:47.000 --> 04:50:49.000]  如果我們眼看著我們拿出去
[04:50:49.000 --> 04:50:51.000]  扔進奉獻袋那些那麼多東西
[04:50:51.000 --> 04:50:53.000]  很難看
[04:50:53.000 --> 04:50:55.000]  但是我們眼看著天上的窗戶
[04:50:55.000 --> 04:50:57.000]  我們知道神為我們預備的
[04:50:57.000 --> 04:50:59.000]  遠多過我們所想所求的時候
[04:50:59.000 --> 04:51:01.000]  拿出來的應該給的
[04:51:01.000 --> 04:51:03.000]  要給神
[04:51:03.000 --> 04:51:05.000]  要我們知事
[04:51:05.000 --> 04:51:07.000]  知下祂的奇妙
[04:51:07.000 --> 04:51:09.000]  和偉大
[04:51:09.000 --> 04:51:11.000]  遠超過你人的想像
[04:51:11.000 --> 04:51:13.000]  不肯拿出來的
[04:51:13.000 --> 04:51:15.000]  你就知不到神的偉大
[04:51:15.000 --> 04:51:17.000]  你見不到生命裏的這個精力
[04:51:17.000 --> 04:51:19.000]  求主幫助我們
[04:51:19.000 --> 04:51:21.000]  有這個膽量是需要膽量的
[04:51:21.000 --> 04:51:23.000]  需要信心的需要忍耐的
[04:51:23.000 --> 04:51:25.000]  需要信得過神
[04:51:25.000 --> 04:51:27.000]  神是不掂的
[04:51:27.000 --> 04:51:29.000]  神要賜福
[04:51:29.000 --> 04:51:31.000]  我們看其後
[04:51:43.000 --> 04:51:45.000]  今天是第五次
[04:51:45.000 --> 04:51:47.000]  我們說一起走這個
[04:51:47.000 --> 04:51:49.000]  馬拉基斯神的說話的旅程
[04:51:49.000 --> 04:51:53.000]  我深信在過去那段日子
[04:51:53.000 --> 04:51:55.000]  這幾次的聚會當中
[04:51:55.000 --> 04:51:57.000]  神所說的說話多多少少
[04:51:57.000 --> 04:51:59.000]  都對你有特別的
[04:51:59.000 --> 04:52:01.000]  訊息告訴你
[04:52:01.000 --> 04:52:03.000]  每一個人所聽到的
[04:52:03.000 --> 04:52:05.000]  是不同
[04:52:05.000 --> 04:52:07.000]  不過最重要的是你知道自己
[04:52:07.000 --> 04:52:09.000]  聽到哪一句
[04:52:09.000 --> 04:52:11.000]  哪一個的意念
[04:52:11.000 --> 04:52:13.000]  哪一個的說話
[04:52:13.000 --> 04:52:15.000]  聽神的說話是不難的
[04:52:15.000 --> 04:52:17.000]  只要心是打開
[04:52:17.000 --> 04:52:19.000]  你會有一種很自然
[04:52:19.000 --> 04:52:21.000]  很獨特的感應
[04:52:21.000 --> 04:52:23.000]  好像我們聽歌的那種感應
[04:52:23.000 --> 04:52:25.000]  那種感應就是你聽到一句說話之後
[04:52:25.000 --> 04:52:27.000]  始終在你的腦裏面
[04:52:27.000 --> 04:52:29.000]  纏繞著纏繞著
[04:52:29.000 --> 04:52:31.000]  不知為何揮不去
[04:52:31.000 --> 04:52:33.000]  那個就是神可能在這幾天
[04:52:33.000 --> 04:52:35.000]  要特別對你說的說話
[04:52:35.000 --> 04:52:37.000]  求主幫助你幫助我
[04:52:37.000 --> 04:52:39.000]  在聽到他很多很多的說話
[04:52:39.000 --> 04:52:41.000]  裏面單單就是那幾句
[04:52:41.000 --> 04:52:43.000]  打入你的心裏面
[04:52:43.000 --> 04:52:45.000]  帶著那幾句在你的生命裏面
[04:52:45.000 --> 04:52:47.000]  一路發芽生長
[04:52:47.000 --> 04:52:49.000]  甚至缺枝有個突破
[04:52:49.000 --> 04:52:51.000]  有個改變
[04:52:51.000 --> 04:52:53.000]  我相信已經是值得足夠這個東領營
[04:52:53.000 --> 04:52:55.000]  一個東領營裏面
[04:52:55.000 --> 04:52:57.000]  整個說話這麼多這麼豐富
[04:52:57.000 --> 04:52:59.000]  很難完全消化
[04:52:59.000 --> 04:53:01.000]  很難全部都能夠吸收
[04:53:01.000 --> 04:53:03.000]  不要緊但是最重要知道
[04:53:03.000 --> 04:53:05.000]  神要你聽的是哪一句
[04:53:05.000 --> 04:53:07.000]  不要白白的離開
[04:53:07.000 --> 04:53:09.000]  馬拉基書是一本
[04:53:09.000 --> 04:53:11.000]  很嚴厲的書
[04:53:11.000 --> 04:53:13.000]  我一直都這樣說
[04:53:13.000 --> 04:53:15.000]  但馬拉基書的神
[04:53:15.000 --> 04:53:17.000]  並不是只是在乎嚴厲
[04:53:17.000 --> 04:53:19.000]  要罵下人
[04:53:19.000 --> 04:53:21.000]  發下脾氣
[04:53:21.000 --> 04:53:23.000]  馬拉基書一切的嚴厲背後
[04:53:23.000 --> 04:53:25.000]  是一份很深的愛
[04:53:25.000 --> 04:53:27.000]  是希望每一個屬於他的人
[04:53:27.000 --> 04:53:29.000]  由2500年前的
[04:53:29.000 --> 04:53:31.000]  以色列人
[04:53:31.000 --> 04:53:33.000]  到今日的你和我坐在這裏的人
[04:53:33.000 --> 04:53:35.000]  因為神的嚴厲的緣故
[04:53:35.000 --> 04:53:37.000]  打開自己的生命
[04:53:37.000 --> 04:53:39.000]  讓神再次清洗自己的生命
[04:53:39.000 --> 04:53:41.000]  然後過一個
[04:53:41.000 --> 04:53:43.000]  和今以後不再一樣的
[04:53:43.000 --> 04:53:45.000]  基督徒的生命
[04:53:45.000 --> 04:53:47.000]  這是一個什麼樣的生活
[04:53:47.000 --> 04:53:49.000]  馬拉基書裏面經常提到的
[04:53:49.000 --> 04:53:51.000]  一個敬虔的生活
[04:53:51.000 --> 04:53:53.000]  在一個這麼世俗化的香港
[04:53:53.000 --> 04:53:55.000]  在一個這麼現代化的
[04:53:55.000 --> 04:53:57.000]  教會的
[04:53:57.000 --> 04:53:59.000]  環境當中敬虔
[04:53:59.000 --> 04:54:01.000]  這些字很少人說
[04:54:01.000 --> 04:54:03.000]  但聖經裏面說完又說
[04:54:03.000 --> 04:54:05.000]  神的挑戰就是
[04:54:05.000 --> 04:54:07.000]  你夠不夠膽
[04:54:07.000 --> 04:54:09.000]  繼續過一個敬虔的生活
[04:54:09.000 --> 04:54:11.000]  或者用當日
[04:54:11.000 --> 04:54:13.000]  以色列人一種反面的說法
[04:54:13.000 --> 04:54:15.000]  就是過一個敬虔的生活
[04:54:15.000 --> 04:54:17.000]  值不值得
[04:54:17.000 --> 04:54:19.000]  何必呢
[04:54:19.000 --> 04:54:21.000]  我已經這麼辛苦了
[04:54:21.000 --> 04:54:23.000]  搵食這麼艱難
[04:54:23.000 --> 04:54:25.000]  又有家庭又有經濟又有事業壓力
[04:54:25.000 --> 04:54:27.000]  還要上堂
[04:54:27.000 --> 04:54:29.000]  又要加班
[04:54:29.000 --> 04:54:31.000]  如果有了子女有了父母
[04:54:31.000 --> 04:54:33.000]  這個東西我僅僅應付就好了
[04:54:33.000 --> 04:54:35.000]  我應付之餘
[04:54:35.000 --> 04:54:37.000]  老實說好像以色列人當日
[04:54:37.000 --> 04:54:39.000]  今天心中有很多人心裏亂說
[04:54:39.000 --> 04:54:41.000]  我還要去教會你想怎樣
[04:54:41.000 --> 04:54:43.000]  都很給你面子
[04:54:43.000 --> 04:54:45.000]  我每個禮拜都來北宣
[04:54:45.000 --> 04:54:47.000]  一早還早三個字
[04:54:47.000 --> 04:54:49.000]  在天橋排隊
[04:54:49.000 --> 04:54:51.000]  你還要求我做什麼
[04:54:51.000 --> 04:54:53.000]  我每次都有奉獻
[04:54:53.000 --> 04:54:55.000]  我去團契
[04:54:55.000 --> 04:54:57.000]  為什麼還要求我這麼多
[04:54:57.000 --> 04:54:59.000]  我相信這個是
[04:54:59.000 --> 04:55:01.000]  當日以色列人心裏的不滿
[04:55:01.000 --> 04:55:03.000]  也是今天
[04:55:03.000 --> 04:55:05.000]  很多弟兄姊妹你沒有說出來
[04:55:05.000 --> 04:55:07.000]  我知道你不夠膽說出來
[04:55:07.000 --> 04:55:09.000]  甚至現在叫你認你都不夠膽認
[04:55:09.000 --> 04:55:11.000]  但我們苦心自問
[04:55:11.000 --> 04:55:13.000]  多少時候我們心裏暗湧有這樣的問題
[04:55:13.000 --> 04:55:15.000]  不服啊
[04:55:15.000 --> 04:55:17.000]  覺得神不是對得起他
[04:55:17.000 --> 04:55:19.000]  覺得神要求太多
[04:55:19.000 --> 04:55:21.000]  過一個敬虔的生活
[04:55:21.000 --> 04:55:23.000]  何必要這樣做
[04:55:23.000 --> 04:55:25.000]  過一個簡簡單單
[04:55:25.000 --> 04:55:27.000]  平平容容的
[04:55:27.000 --> 04:55:29.000]  宗教生活容易得多
[04:55:29.000 --> 04:55:31.000]  反正在教會你也有
[04:55:31.000 --> 04:55:33.000]  你得到的東西
[04:55:33.000 --> 04:55:35.000]  從社會學的角度來說
[04:55:35.000 --> 04:55:37.000]  你找到朋友你甚至找到感情
[04:55:37.000 --> 04:55:39.000]  你找到慰藉
[04:55:39.000 --> 04:55:41.000]  每個禮拜你來禮拜堂
[04:55:41.000 --> 04:55:43.000]  雖然你付出了錢付出了時間
[04:55:43.000 --> 04:55:45.000]  但你有一種生活
[04:55:45.000 --> 04:55:47.000]  是其他你不信耶穌的朋友都沒有
[04:55:47.000 --> 04:55:49.000]  只是那一點點那麼多
[04:55:49.000 --> 04:55:51.000]  都值得你來
[04:55:51.000 --> 04:55:53.000]  很多時候很多人就為了那一點點
[04:55:53.000 --> 04:55:55.000]  他能夠在教會裏面的生活當中
[04:55:55.000 --> 04:55:57.000]  獲得的東西
[04:55:57.000 --> 04:55:59.000]  為他繼續去教會
[04:55:59.000 --> 04:56:01.000]  這個不是叫做靈命
[04:56:01.000 --> 04:56:03.000]  這個叫做宗教活動
[04:56:03.000 --> 04:56:05.000]  宗教活動
[04:56:05.000 --> 04:56:07.000]  都很多隻數的
[04:56:07.000 --> 04:56:09.000]  宗教活動你認識到一班朋友
[04:56:09.000 --> 04:56:11.000]  起碼他們不多點騙你
[04:56:11.000 --> 04:56:13.000]  是不是
[04:56:13.000 --> 04:56:15.000]  宗教活動你可以拿到很多connection
[04:56:15.000 --> 04:56:17.000]  不是說那麼壞
[04:56:17.000 --> 04:56:19.000]  到這裏要做什麼層壓式什麼推銷
[04:56:19.000 --> 04:56:21.000]  進來禮拜堂有人敢做
[04:56:21.000 --> 04:56:23.000]  黑人爭道
[04:56:23.000 --> 04:56:25.000]  就是他去團契
[04:56:25.000 --> 04:56:27.000]  他認識弟兄姊妹就為了推銷他的產品
[04:56:27.000 --> 04:56:29.000]  我們不說那麼卑鄙的
[04:56:29.000 --> 04:56:31.000]  我們說一些比較正氣的
[04:56:31.000 --> 04:56:33.000]  但是你來到禮拜堂
[04:56:33.000 --> 04:56:35.000]  其實你找到一班朋友
[04:56:35.000 --> 04:56:37.000]  你多了很多connection
[04:56:37.000 --> 04:56:39.000]  醫生多認識幾個你看我們北宣有多少醫生
[04:56:39.000 --> 04:56:41.000]  律師的也有
[04:56:41.000 --> 04:56:43.000]  社工的也有護士的更多
[04:56:43.000 --> 04:56:45.000]  病都有人採你
[04:56:45.000 --> 04:56:47.000]  有隻數的信耶穌
[04:56:47.000 --> 04:56:49.000]  去禮拜堂
[04:56:49.000 --> 04:56:51.000]  但是如果你只是為了這些來到禮拜堂
[04:56:51.000 --> 04:56:53.000]  我告訴你這個不是靈命的生活
[04:56:53.000 --> 04:56:55.000]  這個只是馬拉基斯裡面神一次一次要罵的
[04:56:55.000 --> 04:56:57.000]  神說你要那麼多東西嗎
[04:56:57.000 --> 04:56:59.000]  或者相反來說
[04:56:59.000 --> 04:57:01.000]  神說我要你是這些東西嗎
[04:57:01.000 --> 04:57:03.000]  我不是要你這些東西
[04:57:03.000 --> 04:57:05.000]  我要你的心
[04:57:05.000 --> 04:57:07.000]  我要你的心給我
[04:57:07.000 --> 04:57:09.000]  我要你過一個像模像樣
[04:57:09.000 --> 04:57:11.000]  像我們那天說的硬硬正正光明磊落的基督徒生活
[04:57:11.000 --> 04:57:13.000]  對得住神
[04:57:13.000 --> 04:57:15.000]  對得住人
[04:57:15.000 --> 04:57:17.000]  那把口說出來當然是對得住心
[04:57:17.000 --> 04:57:19.000]  那個要求就多
[04:57:19.000 --> 04:57:21.000]  那個要求就很大
[04:57:21.000 --> 04:57:23.000]  難怪我們看到馬拉基斯
[04:57:23.000 --> 04:57:25.000]  最深的這一段
[04:57:25.000 --> 04:57:27.000]  那些基督徒還在問
[04:57:27.000 --> 04:57:29.000]  值得嗎這樣做
[04:57:29.000 --> 04:57:31.000]  值不值得
[04:57:31.000 --> 04:57:33.000]  我們看今天這段聖經
[04:57:33.000 --> 04:57:35.000]  我們打開馬拉基斯
[04:57:35.000 --> 04:57:37.000]  第三章十三節
[04:57:37.000 --> 04:57:39.000]  看到第四章完結了
[04:57:39.000 --> 04:57:41.000]  如果你是有
[04:57:41.000 --> 04:57:43.000]  這個刑罰在手就打開
[04:57:43.000 --> 04:57:45.000]  我們第五講
[04:57:45.000 --> 04:57:47.000]  講義第四十五頁
[04:57:47.000 --> 04:57:49.000]  第五講講義
[04:57:49.000 --> 04:57:51.000]  馬拉基斯第三章
[04:57:51.000 --> 04:57:53.000]  十三
[04:57:53.000 --> 04:57:55.000]  十四
[04:57:55.000 --> 04:57:57.000]  十五三節
[04:57:57.000 --> 04:57:59.000]  其實就是代表了
[04:57:59.000 --> 04:58:01.000]  以色列人當時
[04:58:01.000 --> 04:58:03.000]  心底裏面可能他口不夠膽說
[04:58:03.000 --> 04:58:05.000]  但神指出他
[04:58:05.000 --> 04:58:07.000]  揭出他
[04:58:07.000 --> 04:58:09.000]  那種不滿
[04:58:09.000 --> 04:58:11.000]  就是究竟何苦
[04:58:11.000 --> 04:58:13.000]  要花這麼多精神代價
[04:58:13.000 --> 04:58:15.000]  來過一個敬虔的生活
[04:58:15.000 --> 04:58:17.000]  值不值得呢
[04:58:17.000 --> 04:58:19.000]  找到的時候我們一起讀
[04:58:19.000 --> 04:58:21.000]  馬拉基斯
[04:58:21.000 --> 04:58:23.000]  我們讀第三章的十三
[04:58:23.000 --> 04:58:25.000]  十四十五三節
[04:58:25.000 --> 04:58:27.000]  我們一起來
[04:58:27.000 --> 04:58:29.000]  耶和華說
[04:58:29.000 --> 04:58:31.000]  你們用話頂撞我
[04:58:31.000 --> 04:58:33.000]  你們還說
[04:58:33.000 --> 04:58:35.000]  我用什麼話頂撞了你呢
[04:58:35.000 --> 04:58:37.000]  你們說
[04:58:37.000 --> 04:58:39.000]  是奉神舍圖言的
[04:58:39.000 --> 04:58:41.000]  遵守神所吩咐的
[04:58:41.000 --> 04:58:43.000]  在萬軍之耶和華
[04:58:43.000 --> 04:58:45.000]  面前苦苦齋戒
[04:58:45.000 --> 04:58:47.000]  有什麼益處呢
[04:58:47.000 --> 04:58:49.000]  如今我們稱
[04:58:49.000 --> 04:58:51.000]  狂傲的人為有福
[04:58:51.000 --> 04:58:53.000]  並且行惡的人
[04:58:53.000 --> 04:58:55.000]  不見立
[04:58:55.000 --> 04:58:57.000]  他們雖然是貪神
[04:58:57.000 --> 04:58:59.000]  卻得脫離災難
[04:58:59.000 --> 04:59:01.000]  是不是
[04:59:01.000 --> 04:59:03.000]  這三句話
[04:59:03.000 --> 04:59:05.000]  代表了當時
[04:59:05.000 --> 04:59:07.000]  以色列人心裏面那種不滿
[04:59:07.000 --> 04:59:09.000]  很多的不滿
[04:59:09.000 --> 04:59:11.000]  宗教活動照常
[04:59:11.000 --> 04:59:13.000]  心裏面很多的不滿
[04:59:13.000 --> 04:59:15.000]  現在我們要開股
[04:59:15.000 --> 04:59:17.000]  第一堂
[04:59:17.000 --> 04:59:19.000]  猜謎遊戲
[04:59:19.000 --> 04:59:21.000]  尋寶遊戲
[04:59:21.000 --> 04:59:23.000]  我們說馬拉基斯裏面
[04:59:23.000 --> 04:59:25.000]  我找到起碼有七個地方
[04:59:25.000 --> 04:59:27.000]  代表了以色列人那種不滿
[04:59:27.000 --> 04:59:29.000]  心裏面對神很不滿
[04:59:29.000 --> 04:59:31.000]  心裏面
[04:59:31.000 --> 04:59:33.000]  表面沒有說出來
[04:59:33.000 --> 04:59:35.000]  但心裏面冷冰冰
[04:59:35.000 --> 04:59:37.000]  心裏面對神說
[04:59:37.000 --> 04:59:39.000]  信神有什麼好
[04:59:39.000 --> 04:59:41.000]  在政權的生活
[04:59:41.000 --> 04:59:43.000]  剛才我們讀了其中一樣
[04:59:43.000 --> 04:59:45.000]  第七樣
[04:59:45.000 --> 04:59:47.000]  我要苦苦的齋戒
[04:59:47.000 --> 04:59:49.000]  過一個像模像樣的
[04:59:49.000 --> 04:59:51.000]  守規矩的生活
[04:59:51.000 --> 04:59:53.000]  有什麼價值
[04:59:53.000 --> 04:59:55.000]  為什麼要這樣做
[04:59:55.000 --> 04:59:57.000]  值得嗎
[04:59:57.000 --> 04:59:59.000]  這是他們其中一個不滿和抗議
[04:59:59.000 --> 05:00:01.000]  大家找到其他的嗎
[05:00:01.000 --> 05:00:03.000]  我們試試找
[05:00:03.000 --> 05:00:05.000]  我不知道你們這幾天有沒有賭完
[05:00:05.000 --> 05:00:07.000]  起碼找不到七個
[05:00:07.000 --> 05:00:09.000]  其實所有都講過
[05:00:09.000 --> 05:00:11.000]  今晚才和大家一起溫習
[05:00:11.000 --> 05:00:13.000]  因為你聽了這麼多堂
[05:00:13.000 --> 05:00:15.000]  假設你第一堂聽到現在
[05:00:15.000 --> 05:00:17.000]  你有些印象我講你就會立刻共鳴
[05:00:17.000 --> 05:00:19.000]  第一章裏面有兩個
[05:00:19.000 --> 05:00:21.000]  這樣的怨言
[05:00:21.000 --> 05:00:23.000]  大家記得
[05:00:23.000 --> 05:00:25.000]  一開頭的時候第二節就說
[05:00:25.000 --> 05:00:27.000]  神你愛我嗎
[05:00:27.000 --> 05:00:29.000]  你這樣算愛我嗎
[05:00:29.000 --> 05:00:31.000]  你看看我的生活
[05:00:31.000 --> 05:00:33.000]  像隻狗一樣
[05:00:33.000 --> 05:00:35.000]  你看看我的際遇
[05:00:35.000 --> 05:00:37.000]  不方便 諸多痛苦
[05:00:37.000 --> 05:00:39.000]  諸多不幸
[05:00:39.000 --> 05:00:41.000]  你這樣算愛我嗎
[05:00:41.000 --> 05:00:43.000]  這是第一個心底裏面
[05:00:43.000 --> 05:00:45.000]  對神的那種不滿
[05:00:45.000 --> 05:00:47.000]  第二樣
[05:00:47.000 --> 05:00:49.000]  第一章裏面我們看見
[05:00:49.000 --> 05:00:53.000]  獻祭給神
[05:00:53.000 --> 05:00:55.000]  獻就獻給你
[05:00:55.000 --> 05:00:57.000]  諸多要求
[05:00:57.000 --> 05:00:59.000]  又是要完全的
[05:00:59.000 --> 05:01:01.000]  有些供養的 又是要潔淨的
[05:01:01.000 --> 05:01:03.000]  隨便啦又給你
[05:01:03.000 --> 05:01:05.000]  你還想怎樣
[05:01:05.000 --> 05:01:07.000]  這代表我們今天的心態
[05:01:07.000 --> 05:01:09.000]  我來禮拜堂你還想怎樣
[05:01:09.000 --> 05:01:11.000]  我去團契你還想怎樣
[05:01:11.000 --> 05:01:13.000]  你還要我去多少
[05:01:13.000 --> 05:01:15.000]  你這麼過份
[05:01:15.000 --> 05:01:17.000]  我已經夠生活辛苦
[05:01:17.000 --> 05:01:19.000]  我不是沒有獻祭
[05:01:19.000 --> 05:01:21.000]  我只是獻次等給你
[05:01:21.000 --> 05:01:23.000]  算啦 你看看情面
[05:01:23.000 --> 05:01:25.000]  給點面子我
[05:01:25.000 --> 05:01:27.000]  我都做了我的份
[05:01:27.000 --> 05:01:29.000]  這是第二個
[05:01:29.000 --> 05:01:31.000]  心裏面充滿了對神的不滿
[05:01:31.000 --> 05:01:33.000]  神又不愛他
[05:01:33.000 --> 05:01:35.000]  又不疼他 要求又過份
[05:01:35.000 --> 05:01:37.000]  第三
[05:01:37.000 --> 05:01:39.000]  第二章有幾樣
[05:01:39.000 --> 05:01:41.000]  第二章講到什麼
[05:01:41.000 --> 05:01:43.000]  講到那個戒命言語行為
[05:01:43.000 --> 05:01:45.000]  我講話我做事
[05:01:45.000 --> 05:01:47.000]  你不要理我那麼多
[05:01:47.000 --> 05:01:49.000]  這個是我自己的生活
[05:01:49.000 --> 05:01:51.000]  反正這個不是星期一所發生的事
[05:01:51.000 --> 05:01:53.000]  是星期一到星期五
[05:01:53.000 --> 05:01:55.000]  又要干涉我講話
[05:01:55.000 --> 05:01:57.000]  我講話夠不夠正直
[05:01:57.000 --> 05:01:59.000]  講話能不能帶到別人真理
[05:01:59.000 --> 05:02:01.000]  我將人帶到神的面前
[05:02:01.000 --> 05:02:03.000]  這些事很重
[05:02:03.000 --> 05:02:05.000]  負擔很多
[05:02:05.000 --> 05:02:07.000]  這是第三樣
[05:02:07.000 --> 05:02:09.000]  第四樣
[05:02:09.000 --> 05:02:11.000]  婚姻的問題
[05:02:11.000 --> 05:02:13.000]  神說感情
[05:02:13.000 --> 05:02:15.000]  禮真的
[05:02:15.000 --> 05:02:17.000]  我感情上喜歡那個人
[05:02:17.000 --> 05:02:19.000]  這樣都不給
[05:02:19.000 --> 05:02:21.000]  他未信
[05:02:21.000 --> 05:02:23.000]  或者我們那晚所講到
[05:02:23.000 --> 05:02:25.000]  我感情上多一點點
[05:02:25.000 --> 05:02:27.000]  很難忍
[05:02:27.000 --> 05:02:29.000]  我在大陸很寂寞
[05:02:29.000 --> 05:02:31.000]  是不是
[05:02:31.000 --> 05:02:33.000]  找多個人陪陪不行嗎
[05:02:33.000 --> 05:02:35.000]  為什麼這個那麼過份
[05:02:35.000 --> 05:02:37.000]  這個是我自己的
[05:02:37.000 --> 05:02:39.000]  個人私人生活
[05:02:39.000 --> 05:02:41.000]  我繼續去禮拜堂
[05:02:41.000 --> 05:02:43.000]  我繼續有侍奉
[05:02:43.000 --> 05:02:45.000]  我繼續去敬拜你
[05:02:45.000 --> 05:02:47.000]  不過請你在這個部份
[05:02:47.000 --> 05:02:49.000]  不要管我行不行
[05:02:49.000 --> 05:02:51.000]  我過一點點有私人空間行不行
[05:02:51.000 --> 05:02:53.000]  我們很現代最喜歡講私人空間
[05:02:53.000 --> 05:02:55.000]  你不要干涉我那麼多
[05:02:55.000 --> 05:02:57.000]  感情的生活
[05:02:57.000 --> 05:02:59.000]  你連這些都干涉
[05:02:59.000 --> 05:03:01.000]  這些都不給
[05:03:01.000 --> 05:03:03.000]  第二章還有一個
[05:03:03.000 --> 05:03:05.000]  第十七節講到
[05:03:05.000 --> 05:03:07.000]  這個世界
[05:03:07.000 --> 05:03:09.000]  陷宕沒有公義
[05:03:09.000 --> 05:03:11.000]  惡人神都沒有懲罰
[05:03:11.000 --> 05:03:13.000]  為什麼要跟神的標準
[05:03:13.000 --> 05:03:15.000]  公義的神在哪裡
[05:03:15.000 --> 05:03:17.000]  我周圍所發生的事
[05:03:17.000 --> 05:03:19.000]  看著小人當道
[05:03:19.000 --> 05:03:21.000]  可能是今早所講的
[05:03:21.000 --> 05:03:23.000]  小人當道算怎樣
[05:03:23.000 --> 05:03:25.000]  神在哪裡
[05:03:25.000 --> 05:03:27.000]  公義的神在哪裡
[05:03:27.000 --> 05:03:29.000]  二章十七節所講
[05:03:29.000 --> 05:03:31.000]  三章今早所提到的
[05:03:31.000 --> 05:03:33.000]  三章第七到第八節
[05:03:33.000 --> 05:03:37.000]  講到奉獻自己的東西給神的時候
[05:03:37.000 --> 05:03:39.000]  神啊
[05:03:39.000 --> 05:03:41.000]  我將我自己的給你
[05:03:41.000 --> 05:03:43.000]  很肉赤的
[05:03:43.000 --> 05:03:45.000]  when it comes to money
[05:03:45.000 --> 05:03:47.000]  很肉赤的
[05:03:47.000 --> 05:03:49.000]  辛辛苦苦賺回錢
[05:03:49.000 --> 05:03:51.000]  我都算是好
[05:03:51.000 --> 05:03:53.000]  我沒有偷擺騙
[05:03:53.000 --> 05:03:55.000]  是我加班賺回來的
[05:03:55.000 --> 05:03:57.000]  大剌剌拿出來放進奉獻袋
[05:03:57.000 --> 05:03:59.000]  我是做宣教
[05:03:59.000 --> 05:04:01.000]  不知道去了哪裡
[05:04:01.000 --> 05:04:03.000]  那些錢值不值得過
[05:04:03.000 --> 05:04:05.000]  為什麼要求我這樣做
[05:04:05.000 --> 05:04:07.000]  然後第七樣就是我們剛才所講的
[05:04:07.000 --> 05:04:09.000]  這個世界
[05:04:09.000 --> 05:04:11.000]  如果要過一個虔誠的生活
[05:04:11.000 --> 05:04:13.000]  很多代價
[05:04:13.000 --> 05:04:15.000]  值得嗎
[05:04:15.000 --> 05:04:17.000]  值得嗎
[05:04:17.000 --> 05:04:19.000]  有沒有留意到
[05:04:19.000 --> 05:04:21.000]  在基督教的基督書裡面
[05:04:21.000 --> 05:04:23.000]  在那個說話的光照底下
[05:04:23.000 --> 05:04:25.000]  很多裡面的不滿
[05:04:25.000 --> 05:04:27.000]  都反了出來
[05:04:27.000 --> 05:04:29.000]  都反了出來
[05:04:29.000 --> 05:04:31.000]  這兩天我們和弟兄聊天的時候
[05:04:31.000 --> 05:04:33.000]  都提到一個字眼
[05:04:33.000 --> 05:04:35.000]  就是北宣家是一個
[05:04:35.000 --> 05:04:39.000]  大部分是中產的基督徒
[05:04:39.000 --> 05:04:41.000]  中產的基督徒
[05:04:41.000 --> 05:04:43.000]  專業的基督徒有好處和不好處
[05:04:43.000 --> 05:04:45.000]  好處就是他們做事
[05:04:45.000 --> 05:04:47.000]  可能比較有經驗
[05:04:47.000 --> 05:04:49.000]  不會亂來
[05:04:49.000 --> 05:04:51.000]  有學問
[05:04:51.000 --> 05:04:53.000]  有基本生活的安頓
[05:04:53.000 --> 05:04:55.000]  但是不好處
[05:04:55.000 --> 05:04:57.000]  我相信
[05:04:57.000 --> 05:04:59.000]  一些中產的基督徒
[05:04:59.000 --> 05:05:01.000]  不及那些基層的基督徒
[05:05:01.000 --> 05:05:03.000]  中產人
[05:05:03.000 --> 05:05:05.000]  有一個危機
[05:05:05.000 --> 05:05:07.000]  但他心裡面的東西
[05:05:07.000 --> 05:05:09.000]  他會用一些比較美麗的方式去掩飾
[05:05:09.000 --> 05:05:11.000]  基層人就不是
[05:05:11.000 --> 05:05:13.000]  粗粗的
[05:05:13.000 --> 05:05:15.000]  不服就不服
[05:05:15.000 --> 05:05:17.000]  不用射你
[05:05:17.000 --> 05:05:19.000]  這樣說話
[05:05:19.000 --> 05:05:21.000]  說出來
[05:05:21.000 --> 05:05:23.000]  神為什麼要這樣做
[05:05:23.000 --> 05:05:25.000]  說出來
[05:05:25.000 --> 05:05:27.000]  更容易
[05:05:27.000 --> 05:05:29.000]  有那句就說那句
[05:05:29.000 --> 05:05:31.000]  夫婦吵架
[05:05:31.000 --> 05:05:33.000]  吵架的時候
[05:05:33.000 --> 05:05:35.000]  老婆就打電話給牧師
[05:05:35.000 --> 05:05:37.000]  老公你要打我
[05:05:37.000 --> 05:05:39.000]  快點來幫我
[05:05:39.000 --> 05:05:41.000]  但是在中產的教會裡面
[05:05:41.000 --> 05:05:43.000]  家裡打到
[05:05:43.000 --> 05:05:45.000]  互相殘殺
[05:05:45.000 --> 05:05:47.000]  還牽著手一起來禮拜堂
[05:05:47.000 --> 05:05:49.000]  很要命
[05:05:49.000 --> 05:05:51.000]  還笑咩咩這樣
[05:05:51.000 --> 05:05:53.000]  回到家裡整個樣子都變了
[05:05:53.000 --> 05:05:55.000]  這些是中產人
[05:05:55.000 --> 05:05:57.000]  專業的知識份子才能做得到
[05:05:57.000 --> 05:05:59.000]  我恐怕
[05:05:59.000 --> 05:06:01.000]  我們北宣家裡面
[05:06:01.000 --> 05:06:03.000]  很多基督徒
[05:06:03.000 --> 05:06:05.000]  就好像馬拉基教會當時的情況
[05:06:05.000 --> 05:06:07.000]  樣樣都上了軌道
[05:06:07.000 --> 05:06:09.000]  我們說是一個很上軌道的宗教生活
[05:06:09.000 --> 05:06:11.000]  但是這個上軌道的宗教生活
[05:06:11.000 --> 05:06:13.000]  和那些謙謙有禮
[05:06:13.000 --> 05:06:15.000]  做事
[05:06:15.000 --> 05:06:17.000]  此無此樣很得體
[05:06:17.000 --> 05:06:19.000]  這樣的教育背景的表現
[05:06:19.000 --> 05:06:21.000]  背後暗湧
[05:06:21.000 --> 05:06:23.000]  仍然是很多對神的不滿
[05:06:23.000 --> 05:06:25.000]  因為那些
[05:06:25.000 --> 05:06:27.000]  是千真萬確
[05:06:27.000 --> 05:06:29.000]  到肉的
[05:06:29.000 --> 05:06:31.000]  禮真的
[05:06:31.000 --> 05:06:33.000]  剛才我們說到關於錢
[05:06:33.000 --> 05:06:35.000]  關於感情
[05:06:35.000 --> 05:06:37.000]  關於將多少東西給神
[05:06:37.000 --> 05:06:39.000]  關於你做事
[05:06:39.000 --> 05:06:41.000]  人家外面在互相
[05:06:41.000 --> 05:06:43.000]  踐踏的社會裡面
[05:06:43.000 --> 05:06:45.000]  你要站得硬朗
[05:06:45.000 --> 05:06:47.000]  不去踐踏別人
[05:06:47.000 --> 05:06:49.000]  還說要有基督徒的原則
[05:06:49.000 --> 05:06:51.000]  這些東西
[05:06:51.000 --> 05:06:53.000]  是很認真
[05:06:53.000 --> 05:06:55.000]  很賣身
[05:06:55.000 --> 05:06:57.000]  一到這些賣身的東西的時候
[05:06:57.000 --> 05:06:59.000]  那個星期日
[05:06:59.000 --> 05:07:01.000]  星期六團聚
[05:07:01.000 --> 05:07:03.000]  崇拜信仰得到的東西
[05:07:03.000 --> 05:07:05.000]  沒有關係
[05:07:05.000 --> 05:07:07.000]  回到他自己本來的
[05:07:07.000 --> 05:07:09.000]  寬恕我講的嚴厲
[05:07:09.000 --> 05:07:11.000]  但這個正是馬拉基書
[05:07:11.000 --> 05:07:13.000]  所講的
[05:07:13.000 --> 05:07:15.000]  今天我們要最後機會看看問題
[05:07:15.000 --> 05:07:17.000]  發生在哪裡
[05:07:17.000 --> 05:07:19.000]  問題發生在哪裡
[05:07:19.000 --> 05:07:21.000]  如果我一句簡單的總結
[05:07:21.000 --> 05:07:23.000]  然後我們再慢慢追溯當中
[05:07:23.000 --> 05:07:25.000]  比較仔細一點的觀點
[05:07:25.000 --> 05:07:27.000]  就是那種perspective
[05:07:27.000 --> 05:07:29.000]  如果你留意
[05:07:29.000 --> 05:07:31.000]  馬拉基書尤其是今天這一段
[05:07:31.000 --> 05:07:33.000]  看影片的
[05:07:33.000 --> 05:07:35.000]  就是有兩種不同的角度視野
[05:07:35.000 --> 05:07:37.000]  去看人生
[05:07:37.000 --> 05:07:39.000]  甚至看信仰
[05:07:39.000 --> 05:07:41.000]  我們留意看看
[05:07:41.000 --> 05:07:43.000]  剛才我們讀了這三節
[05:07:43.000 --> 05:07:45.000]  這些猶大人
[05:07:45.000 --> 05:07:47.000]  這些都是相信神的人
[05:07:47.000 --> 05:07:49.000]  這一類人為什麼會有這樣的怨言
[05:07:49.000 --> 05:07:51.000]  為什麼他說
[05:07:51.000 --> 05:07:53.000]  侍奉神是徒然
[05:07:53.000 --> 05:07:55.000]  遵守神所吩咐的
[05:07:55.000 --> 05:07:57.000]  在萬鈞之華面前
[05:07:57.000 --> 05:07:59.000]  苦苦齋戒
[05:07:59.000 --> 05:08:01.000]  禁食
[05:08:01.000 --> 05:08:03.000]  有什麼益處呢
[05:08:03.000 --> 05:08:05.000]  我和大家在大綱列了兩個歪論
[05:08:05.000 --> 05:08:07.000]  很簡單
[05:08:07.000 --> 05:08:09.000]  我就列出來
[05:08:09.000 --> 05:08:11.000]  第一個歪論就是侍奉神是徒然
[05:08:11.000 --> 05:08:13.000]  為什麼呢
[05:08:13.000 --> 05:08:15.000]  他有理由的
[05:08:15.000 --> 05:08:17.000]  第一因為遵守神的誡命都沒有借數
[05:08:17.000 --> 05:08:19.000]  遵守了
[05:08:19.000 --> 05:08:21.000]  跟了聖經做人
[05:08:21.000 --> 05:08:23.000]  你看看我
[05:08:23.000 --> 05:08:25.000]  成功在哪裡
[05:08:25.000 --> 05:08:27.000]  看著那個小人不停的上
[05:08:27.000 --> 05:08:29.000]  我仍然被人一路踩
[05:08:29.000 --> 05:08:31.000]  升也不升到我
[05:08:31.000 --> 05:08:33.000]  好像有些人所說的
[05:08:33.000 --> 05:08:35.000]  坐日他裸
[05:08:35.000 --> 05:08:37.000]  獲了我什麼
[05:08:37.000 --> 05:08:39.000]  遵守神的誡命
[05:08:39.000 --> 05:08:41.000]  有什麼益處呢
[05:08:41.000 --> 05:08:43.000]  還有在神面前哀愁
[05:08:43.000 --> 05:08:45.000]  齋戒
[05:08:45.000 --> 05:08:47.000]  禁食認罪
[05:08:47.000 --> 05:08:49.000]  有何益處呢
[05:08:49.000 --> 05:08:51.000]  為所為何善呢
[05:08:51.000 --> 05:08:53.000]  我比很多人好
[05:08:53.000 --> 05:08:55.000]  你看看我的同事
[05:08:55.000 --> 05:08:57.000]  你看看我的親戚
[05:08:57.000 --> 05:08:59.000]  他做那些壞事
[05:08:59.000 --> 05:09:01.000]  在神面前還要認罪
[05:09:01.000 --> 05:09:03.000]  這麼自愛虐待
[05:09:03.000 --> 05:09:05.000]  為了什麼
[05:09:05.000 --> 05:09:07.000]  有什麼好處
[05:09:07.000 --> 05:09:09.000]  我認完之後又怎麼樣
[05:09:09.000 --> 05:09:11.000]  這個世界有沒有對我好一點
[05:09:11.000 --> 05:09:13.000]  神有沒有對我好一點
[05:09:13.000 --> 05:09:15.000]  這些人的心裡面就在問這些問題
[05:09:15.000 --> 05:09:17.000]  所以他們的結論
[05:09:17.000 --> 05:09:19.000]  第一個歪論
[05:09:19.000 --> 05:09:21.000]  侍奉神是徒然的
[05:09:21.000 --> 05:09:23.000]  沒有意思的
[05:09:23.000 --> 05:09:25.000]  有什麼好處呢
[05:09:25.000 --> 05:09:27.000]  完全沒有好處
[05:09:27.000 --> 05:09:29.000]  反而有福
[05:09:29.000 --> 05:09:31.000]  這是第二個歪論
[05:09:31.000 --> 05:09:33.000]  為什麼呢
[05:09:33.000 --> 05:09:35.000]  有兩個理由
[05:09:35.000 --> 05:09:37.000]  行惡的人得以建立
[05:09:37.000 --> 05:09:39.000]  原文說
[05:09:39.000 --> 05:09:41.000]  行惡的人得以建立
[05:09:41.000 --> 05:09:43.000]  意思是
[05:09:43.000 --> 05:09:45.000]  他能站起來
[05:09:45.000 --> 05:09:47.000]  他做壞事
[05:09:47.000 --> 05:09:49.000]  他還能站住
[05:09:49.000 --> 05:09:51.000]  ICAC查不到他
[05:09:51.000 --> 05:09:53.000]  老闆看不出來
[05:09:53.000 --> 05:09:55.000]  一直下去
[05:09:55.000 --> 05:09:57.000]  你知道他這麼壞
[05:09:57.000 --> 05:09:59.000]  但他又沒事
[05:09:59.000 --> 05:10:01.000]  他還能站住
[05:10:01.000 --> 05:10:03.000]  為什麼他不跌下來
[05:10:03.000 --> 05:10:05.000]  所以那些狂傲的人
[05:10:05.000 --> 05:10:07.000]  是有福的
[05:10:07.000 --> 05:10:09.000]  做他好過做我
[05:10:09.000 --> 05:10:11.000]  第二個質疑就是
[05:10:11.000 --> 05:10:13.000]  侍貪神的人得以逃脫
[05:10:13.000 --> 05:10:15.000]  那些人甚至沒有見錢
[05:10:15.000 --> 05:10:17.000]  我有一點點的見錢
[05:10:17.000 --> 05:10:19.000]  他們公然
[05:10:19.000 --> 05:10:21.000]  要拜這個拜那個
[05:10:21.000 --> 05:10:23.000]  搞那些迷信的八卦
[05:10:23.000 --> 05:10:25.000]  竟然
[05:10:25.000 --> 05:10:27.000]  他不病
[05:10:27.000 --> 05:10:29.000]  我病
[05:10:29.000 --> 05:10:31.000]  然後他還這麼風光
[05:10:31.000 --> 05:10:33.000]  說你看看你的神
[05:10:33.000 --> 05:10:35.000]  不如轉拜我那個
[05:10:35.000 --> 05:10:37.000]  我師父更靈
[05:10:37.000 --> 05:10:39.000]  你整天不靈又病
[05:10:39.000 --> 05:10:41.000]  不如你信我那個
[05:10:41.000 --> 05:10:43.000]  有時聽這些很慘
[05:10:43.000 --> 05:10:45.000]  所以到一個地步
[05:10:45.000 --> 05:10:47.000]  我們心裏說
[05:10:47.000 --> 05:10:49.000]  那些狂傲的人才有福
[05:10:49.000 --> 05:10:51.000]  我們見錢的人
[05:10:51.000 --> 05:10:53.000]  的誡命有何益處呢
[05:10:53.000 --> 05:10:55.000]  我一直聽其實有很多共鳴
[05:10:55.000 --> 05:10:57.000]  老實說如果你有共鳴
[05:10:57.000 --> 05:10:59.000]  就表示你明白這段說什麼
[05:10:59.000 --> 05:11:01.000]  我們雖然知道是不對
[05:11:01.000 --> 05:11:03.000]  但其實我們幾共鳴
[05:11:03.000 --> 05:11:05.000]  因為有時忍無可忍
[05:11:05.000 --> 05:11:07.000]  在這個世界上是這樣的
[05:11:07.000 --> 05:11:09.000]  忍到一個地步我們好像以色列人
[05:11:09.000 --> 05:11:11.000]  哎呀何必要做一個
[05:11:11.000 --> 05:11:13.000]  好的基督徒
[05:11:13.000 --> 05:11:15.000]  你明白我一開始那句說話
[05:11:15.000 --> 05:11:17.000]  過經田園的生活所為何事
[05:11:17.000 --> 05:11:19.000]  值得嗎
[05:11:19.000 --> 05:11:21.000]  值得付這些代價嗎
[05:11:21.000 --> 05:11:23.000]  好
[05:11:23.000 --> 05:11:25.000]  然後我們發覺第十六節開始
[05:11:25.000 --> 05:11:27.000]  很有趣的神就
[05:11:27.000 --> 05:11:29.000]  表示有另外一班人
[05:11:29.000 --> 05:11:31.000]  第十六節那裏很有意思
[05:11:31.000 --> 05:11:33.000]  那時敬畏耶和華的人
[05:11:33.000 --> 05:11:35.000]  在這裏有個人
[05:11:35.000 --> 05:11:37.000]  敬畏耶和華的人
[05:11:37.000 --> 05:11:39.000]  那批人就不同了
[05:11:39.000 --> 05:11:41.000]  他們彼此談論
[05:11:41.000 --> 05:11:43.000]  然後就說耶和華
[05:11:43.000 --> 05:11:45.000]  則以而聽且有紀念冊在他面前
[05:11:45.000 --> 05:11:47.000]  記錄敬畏耶和華的
[05:11:47.000 --> 05:11:49.000]  紀念冊
[05:11:49.000 --> 05:11:51.000]  第十六節開始
[05:11:51.000 --> 05:11:53.000]  就是另外一班人的看法
[05:11:53.000 --> 05:11:55.000]  同樣看一個人生的際遇
[05:11:55.000 --> 05:11:57.000]  前面這一批
[05:11:57.000 --> 05:11:59.000]  代表一種的
[05:11:59.000 --> 05:12:01.000]  perspective
[05:12:01.000 --> 05:12:03.000]  一種的視野去看
[05:12:03.000 --> 05:12:05.000]  後面這一批十六節之後
[05:12:05.000 --> 05:12:07.000]  是代表了另外一批的視野
[05:12:07.000 --> 05:12:09.000]  另外一批人的角度
[05:12:09.000 --> 05:12:11.000]  可能這兩批人的際遇是相同的
[05:12:11.000 --> 05:12:13.000]  那個分別不是的際遇
[05:12:13.000 --> 05:12:15.000]  因為剛才說
[05:12:15.000 --> 05:12:17.000]  馬拉基書都是同樣給一班人看的
[05:12:17.000 --> 05:12:19.000]  就是當日的猶太人
[05:12:19.000 --> 05:12:21.000]  不過猶太人裏面有兩頂
[05:12:21.000 --> 05:12:23.000]  一頂就是心裏面很不服的
[05:12:23.000 --> 05:12:25.000]  很不服氣的
[05:12:25.000 --> 05:12:27.000]  心裏很不服氣
[05:12:27.000 --> 05:12:29.000]  表面繼續保持宗教活動
[05:12:29.000 --> 05:12:31.000]  但心裏面對神有很多不滿
[05:12:31.000 --> 05:12:33.000]  那些神對他有什麼好呢?
[05:12:33.000 --> 05:12:35.000]  我為什麼要這麼認真過基督徒生活
[05:12:35.000 --> 05:12:37.000]  過守教民的生活
[05:12:37.000 --> 05:12:39.000]  就是剛才這一批十三節到十五節的這班人
[05:12:39.000 --> 05:12:41.000]  然後十六節神打出另外一班人
[05:12:41.000 --> 05:12:43.000]  那班人是敬畏神的人
[05:12:43.000 --> 05:12:45.000]  他們行另外一個角度去看這件事
[05:12:45.000 --> 05:12:47.000]  那你說了這麼久
[05:12:47.000 --> 05:12:49.000]  兩班人有什麼不同
[05:12:49.000 --> 05:12:51.000]  我想告訴你有什麼不同
[05:12:51.000 --> 05:12:53.000]  我們先看第一班人
[05:12:53.000 --> 05:12:55.000]  你有沒有想過
[05:12:55.000 --> 05:12:57.000]  我想了很久
[05:12:57.000 --> 05:12:59.000]  你和我有時候都會好像他們這樣想
[05:12:59.000 --> 05:13:01.000]  那這種想法我們知道是錯
[05:13:01.000 --> 05:13:03.000]  但錯在哪裡呢
[05:13:03.000 --> 05:13:05.000]  我們不想表面說這些人不愛主
[05:13:05.000 --> 05:13:07.000]  這些人不夠虔誠
[05:13:07.000 --> 05:13:09.000]  不是這麼簡單,是很到肉的一些說話
[05:13:09.000 --> 05:13:11.000]  究竟錯在哪裡
[05:13:11.000 --> 05:13:13.000]  他們就下了一個第C的結論
[05:13:13.000 --> 05:13:15.000]  他們那個視野的角度
[05:13:15.000 --> 05:13:17.000]  基本上他們所說的都是事實
[05:13:17.000 --> 05:13:19.000]  這個世界是很不公平的世界
[05:13:19.000 --> 05:13:21.000]  但是他們那個問題
[05:13:21.000 --> 05:13:23.000]  背後最大的關鍵的錯誤在哪裡呢
[05:13:23.000 --> 05:13:25.000]  他是用了一種我稱之為
[05:13:25.000 --> 05:13:27.000]  二眼部的呈現
[05:13:27.000 --> 05:13:29.000]  去衡量一件事的存在價值
[05:13:29.000 --> 05:13:31.000]  為什麼呢
[05:13:31.000 --> 05:13:33.000]  剛才這兩個彎位很清楚
[05:13:33.000 --> 05:13:35.000]  就是我守教民有何益處呢
[05:13:35.000 --> 05:13:37.000]  就是我守教民有何益處呢
[05:13:37.000 --> 05:13:39.000]  就是我守教民有何益處呢
[05:13:39.000 --> 05:13:41.000]  我守教民有何益處呢
[05:13:41.000 --> 05:13:43.000]  我守教民有何益處呢
[05:13:43.000 --> 05:13:45.000]  原來背後反映一件事
[05:13:45.000 --> 05:13:47.000]  就是在他們心目中
[05:13:47.000 --> 05:13:49.000]  我守教民是為了有好處
[05:13:49.000 --> 05:13:51.000]  如果我看不見我守教民所得到的回報
[05:13:51.000 --> 05:13:53.000]  我就不會守教民
[05:13:53.000 --> 05:13:55.000]  我就不會守教民
[05:13:55.000 --> 05:13:57.000]  是不是
[05:13:57.000 --> 05:13:59.000]  就是從一個回報的角度去看
[05:13:59.000 --> 05:14:01.000]  就是從一個回報的角度去看
[05:14:01.000 --> 05:14:03.000]  如果我守了教民
[05:14:03.000 --> 05:14:05.000]  我得不到我要得到的益處
[05:14:05.000 --> 05:14:07.000]  我就不守了老實說
[05:14:07.000 --> 05:14:09.000]  然後第二個
[05:14:09.000 --> 05:14:11.000]  狂惡的壞人
[05:14:11.000 --> 05:14:13.000]  他發為
[05:14:13.000 --> 05:14:15.000]  我不發為
[05:14:15.000 --> 05:14:17.000]  那時候我做壞事做好人
[05:14:17.000 --> 05:14:19.000]  當他這樣想的時候他背後有另外一個假設
[05:14:19.000 --> 05:14:21.000]  就是他做壞人的時候
[05:14:21.000 --> 05:14:23.000]  做好人的時候他的考慮是在於
[05:14:23.000 --> 05:14:25.000]  值不值得
[05:14:25.000 --> 05:14:27.000]  做壞人更值得
[05:14:27.000 --> 05:14:29.000]  好像那些人那樣不擇手段更值得
[05:14:29.000 --> 05:14:31.000]  你看他多風光啊
[05:14:31.000 --> 05:14:33.000]  加完新一次又加一次
[05:14:33.000 --> 05:14:35.000]  老闆還懵到公開讚他
[05:14:35.000 --> 05:14:37.000]  我的報告全部都是我做的
[05:14:37.000 --> 05:14:39.000]  所以他全都拿了
[05:14:39.000 --> 05:14:41.000]  值不值得?不值得
[05:14:41.000 --> 05:14:43.000]  不值得我就不做了
[05:14:43.000 --> 05:14:45.000]  有沒有留意到這兩個的心態是什麼心態
[05:14:45.000 --> 05:14:47.000]  我想大家很小心
[05:14:47.000 --> 05:14:49.000]  來看這件事
[05:14:49.000 --> 05:14:51.000]  這個心態就是我投資有沒有回報
[05:14:51.000 --> 05:14:53.000]  我做這些事值不值得
[05:14:53.000 --> 05:14:55.000]  如果我投資看不到
[05:14:55.000 --> 05:14:57.000]  現眼有回報
[05:14:57.000 --> 05:14:59.000]  如果我做這些事做了之後很吃虧的
[05:14:59.000 --> 05:15:01.000]  我就不做了
[05:15:01.000 --> 05:15:03.000]  投資沒有回報我就不投資了
[05:15:03.000 --> 05:15:05.000]  背後是不是這樣的看法
[05:15:05.000 --> 05:15:07.000]  背後這樣的看法是什麼樣的看法
[05:15:07.000 --> 05:15:09.000]  我們稱之為我們今天最流行的
[05:15:09.000 --> 05:15:11.000]  在我們世界上周圍人都是這樣看的
[05:15:11.000 --> 05:15:13.000]  這個叫consumer的mentality
[05:15:13.000 --> 05:15:15.000]  消費者的心態
[05:15:15.000 --> 05:15:17.000]  消費者的心態就是這樣
[05:15:17.000 --> 05:15:19.000]  消費者的心態就是
[05:15:19.000 --> 05:15:21.000]  我做了一件事看有多少回報
[05:15:21.000 --> 05:15:23.000]  沒有回報我就不做
[05:15:23.000 --> 05:15:25.000]  回報多我就做好一點
[05:15:25.000 --> 05:15:27.000]  笑都笑得好一點
[05:15:27.000 --> 05:15:29.000]  我們都見到是這樣的我們周圍的人都是這樣
[05:15:29.000 --> 05:15:31.000]  他看有多少回報
[05:15:31.000 --> 05:15:33.000]  有利用價值的就笑得多甜
[05:15:33.000 --> 05:15:35.000]  對你老闆
[05:15:35.000 --> 05:15:37.000]  倒茶給你叫個秘書
[05:15:37.000 --> 05:15:39.000]  到你用完的時候不需要你的時候
[05:15:39.000 --> 05:15:41.000]  樣子都不同了
[05:15:41.000 --> 05:15:43.000]  一天之間就不同了
[05:15:43.000 --> 05:15:45.000]  不認識你
[05:15:45.000 --> 05:15:47.000]  我相信你很明白這件事
[05:15:47.000 --> 05:15:49.000]  其實我們生活在這個世界就是這樣
[05:15:49.000 --> 05:15:51.000]  但這個世界是一個什麼樣的世界
[05:15:51.000 --> 05:15:53.000]  這個世界這種文化我們說是一種消費者的文化
[05:15:53.000 --> 05:15:55.000]  就是我投資在你身上
[05:15:55.000 --> 05:15:57.000]  我要有回報
[05:15:57.000 --> 05:15:59.000]  我做一件事我買一件事看看值不值得
[05:15:59.000 --> 05:16:01.000]  我拿了錢之後
[05:16:01.000 --> 05:16:03.000]  貨不貨兌版
[05:16:03.000 --> 05:16:05.000]  好不好東西
[05:16:05.000 --> 05:16:07.000]  有沒有料到我們簡單的說
[05:16:07.000 --> 05:16:09.000]  是不是物有所值
[05:16:09.000 --> 05:16:11.000]  值不值得
[05:16:11.000 --> 05:16:13.000]  弟兄姊妹我想和大家說清楚一件事
[05:16:13.000 --> 05:16:15.000]  以色列人或者今天很多基督徒
[05:16:15.000 --> 05:16:17.000]  錯是很深的
[05:16:17.000 --> 05:16:19.000]  不知不覺的錯就是帶著一種
[05:16:19.000 --> 05:16:21.000]  消費者的心態
[05:16:21.000 --> 05:16:23.000]  來禮拜堂
[05:16:23.000 --> 05:16:25.000]  來同神相處那裏拿命
[05:16:25.000 --> 05:16:27.000]  所以我們今天見到很多基督徒來禮拜堂的時候
[05:16:27.000 --> 05:16:29.000]  有很多批評
[05:16:29.000 --> 05:16:31.000]  不是我們做牧師的
[05:16:31.000 --> 05:16:33.000]  我們沒有批評不給你批評
[05:16:33.000 --> 05:16:35.000]  我們沒什麼所謂你批評怎樣都不要緊
[05:16:35.000 --> 05:16:37.000]  不過我很關心背後
[05:16:37.000 --> 05:16:39.000]  很多人來到禮拜堂的時候
[05:16:39.000 --> 05:16:41.000]  一樣帶著一個消費者的心態
[05:16:41.000 --> 05:16:43.000]  對不起我講得很坦白
[05:16:43.000 --> 05:16:45.000]  你看有多少批評在這裏
[05:16:45.000 --> 05:16:47.000]  貨不兌版
[05:16:47.000 --> 05:16:49.000]  牧師說話都不通
[05:16:49.000 --> 05:16:51.000]  浪費我的時間
[05:16:51.000 --> 05:16:53.000]  我回家比較好
[05:16:53.000 --> 05:16:55.000]  很熟練的包裝
[05:16:55.000 --> 05:16:57.000]  聽不到哪裏比那裏好
[05:16:57.000 --> 05:16:59.000]  沒有實力的
[05:16:59.000 --> 05:17:01.000]  我不來了
[05:17:01.000 --> 05:17:03.000]  我承認
[05:17:03.000 --> 05:17:05.000]  講回頭
[05:17:05.000 --> 05:17:07.000]  我們有時我們自己基督教
[05:17:07.000 --> 05:17:09.000]  基督教會或者是
[05:17:09.000 --> 05:17:11.000]  基督教的機構
[05:17:11.000 --> 05:17:13.000]  有時我們都不知不覺
[05:17:13.000 --> 05:17:15.000]  走了一條熟世的
[05:17:15.000 --> 05:17:17.000]  有少少這樣
[05:17:17.000 --> 05:17:19.000]  不知不覺給了一種這樣的觀念
[05:17:19.000 --> 05:17:21.000]  我不是在這裏想批評任何人
[05:17:21.000 --> 05:17:23.000]  或者任何機構
[05:17:23.000 --> 05:17:25.000]  很多時候我們開始發覺
[05:17:25.000 --> 05:17:27.000]  在整個社會裏面沒有做一個很商業化的社會
[05:17:27.000 --> 05:17:29.000]  很大的壓力
[05:17:29.000 --> 05:17:31.000]  以致我們教會要辦這個聚會的時候
[05:17:31.000 --> 05:17:33.000]  都做得很漂亮
[05:17:33.000 --> 05:17:35.000]  這些不一定是錯
[05:17:35.000 --> 05:17:37.000]  不過我們很小心不知不覺
[05:17:37.000 --> 05:17:39.000]  給了一個消費者的心態
[05:17:39.000 --> 05:17:41.000]  你來這個聚會
[05:17:41.000 --> 05:17:43.000]  是值得的
[05:17:43.000 --> 05:17:45.000]  打燈有舞台設計
[05:17:45.000 --> 05:17:47.000]  跳舞都比別人漂亮
[05:17:47.000 --> 05:17:49.000]  打樂隊
[05:17:49.000 --> 05:17:51.000]  對不起我不是反對這些
[05:17:51.000 --> 05:17:53.000]  這類的我自己都很支持
[05:17:53.000 --> 05:17:55.000]  他們當中很多是我的朋友
[05:17:55.000 --> 05:17:57.000]  甚至是以諾
[05:17:57.000 --> 05:17:59.000]  他們全部都是我的朋友
[05:17:59.000 --> 05:18:01.000]  以諾講到我一樣去聽
[05:18:01.000 --> 05:18:03.000]  不過那天我去大球場聽完
[05:18:03.000 --> 05:18:05.000]  洞篤笑暴露會之後我走出來我心裏很暗
[05:18:05.000 --> 05:18:07.000]  一路走的時候
[05:18:07.000 --> 05:18:09.000]  全水湧出來
[05:18:09.000 --> 05:18:11.000]  聽見前後左右的人
[05:18:11.000 --> 05:18:13.000]  明明那些是基督徒
[05:18:13.000 --> 05:18:15.000]  那些說你是什麼團
[05:18:15.000 --> 05:18:17.000]  那些說今晚沒料到
[05:18:17.000 --> 05:18:19.000]  又說洞篤笑都笑不出來
[05:18:19.000 --> 05:18:21.000]  我心裏覺得很噏
[05:18:21.000 --> 05:18:23.000]  你明不明
[05:18:23.000 --> 05:18:25.000]  我給了一整晚時間出來
[05:18:25.000 --> 05:18:27.000]  有什麼貨版給我看
[05:18:27.000 --> 05:18:29.000]  貨版不好
[05:18:29.000 --> 05:18:31.000]  早知道我不來還要排隊
[05:18:31.000 --> 05:18:33.000]  回家還要坐車這麼辛苦
[05:18:33.000 --> 05:18:35.000]  這些是基督徒很可怕的心態
[05:18:35.000 --> 05:18:37.000]  這種心態
[05:18:37.000 --> 05:18:39.000]  是衍生了剛才那種的perspective
[05:18:39.000 --> 05:18:41.000]  如果從這種心態出發點的時候
[05:18:41.000 --> 05:18:43.000]  過境前生活肯定不值
[05:18:43.000 --> 05:18:45.000]  肯定不值得
[05:18:45.000 --> 05:18:47.000]  肯定沒有借數
[05:18:47.000 --> 05:18:49.000]  肯定是沒有回報
[05:18:49.000 --> 05:18:51.000]  因為這些是沒有現眼的回報
[05:18:51.000 --> 05:18:53.000]  甚至你一路一路拿出來
[05:18:53.000 --> 05:18:55.000]  拿出錢拿出時間
[05:18:55.000 --> 05:18:57.000]  拿出生命
[05:18:57.000 --> 05:18:59.000]  所為何事呢
[05:18:59.000 --> 05:19:01.000]  除非
[05:19:01.000 --> 05:19:03.000]  除非你轉眼
[05:19:03.000 --> 05:19:05.000]  從另外一個角度
[05:19:05.000 --> 05:19:07.000]  去看你現在所做的事情的價值在哪裡
[05:19:07.000 --> 05:19:09.000]  你的回報
[05:19:09.000 --> 05:19:11.000]  有一種徹底的扭轉
[05:19:11.000 --> 05:19:13.000]  你認為珍惜的東西
[05:19:13.000 --> 05:19:15.000]  有一種徹底的扭轉
[05:19:15.000 --> 05:19:17.000]  這是第十六節一路到第四章
[05:19:17.000 --> 05:19:19.000]  所說的另外一批人
[05:19:19.000 --> 05:19:21.000]  那時那些敬畏神的人
[05:19:21.000 --> 05:19:23.000]  就在彼此討論
[05:19:23.000 --> 05:19:25.000]  他們彼此討論
[05:19:25.000 --> 05:19:27.000]  就產生了一種觀點
[05:19:27.000 --> 05:19:29.000]  這種觀點就帶出了
[05:19:29.000 --> 05:19:31.000]  一種視野
[05:19:31.000 --> 05:19:33.000]  是和剛才我們那種
[05:19:33.000 --> 05:19:35.000]  消費者心態的觀點不同
[05:19:35.000 --> 05:19:37.000]  當基督徒擺脫了
[05:19:37.000 --> 05:19:39.000]  這個消費者的心態
[05:19:39.000 --> 05:19:41.000]  用另外一種價值角度
[05:19:41.000 --> 05:19:43.000]  來看人生的時候
[05:19:43.000 --> 05:19:45.000]  發覺同樣的際遇
[05:19:45.000 --> 05:19:47.000]  他發覺過敬田的生活
[05:19:47.000 --> 05:19:49.000]  仍然是值得的
[05:19:49.000 --> 05:19:51.000]  我不稀罕更多的東西
[05:19:51.000 --> 05:19:53.000]  我不稀求很多的結果
[05:19:53.000 --> 05:19:55.000]  但我希望我們這個營裏
[05:19:55.000 --> 05:19:57.000]  無論你來的時候帶著什麼心情
[05:19:57.000 --> 05:19:59.000]  我希望你離開的時候
[05:19:59.000 --> 05:20:01.000]  好像我第一課所說
[05:20:01.000 --> 05:20:03.000]  反正一年
[05:20:03.000 --> 05:20:05.000]  谷一次
[05:20:05.000 --> 05:20:07.000]  谷得多久
[05:20:07.000 --> 05:20:09.000]  我都知道
[05:20:09.000 --> 05:20:11.000]  除非是神的恩典
[05:20:11.000 --> 05:20:13.000]  如果只有那幾天的時間
[05:20:13.000 --> 05:20:15.000]  令你脫胎換骨
[05:20:15.000 --> 05:20:17.000]  我都不敢奢望
[05:20:17.000 --> 05:20:19.000]  但我一路祈禱的時候
[05:20:19.000 --> 05:20:21.000]  我求聖靈幫助我們中間每一個人
[05:20:21.000 --> 05:20:23.000]  起碼你離開這裡的時候
[05:20:23.000 --> 05:20:25.000]  你明天離開的時候
[05:20:25.000 --> 05:20:27.000]  或者今晚在神面前做決定的時候
[05:20:27.000 --> 05:20:29.000]  你做一個很小的決定
[05:20:29.000 --> 05:20:31.000]  從今之後
[05:20:31.000 --> 05:20:33.000]  我用另外一種角度去看我自己人生
[05:20:33.000 --> 05:20:35.000]  今天夠了
[05:20:35.000 --> 05:20:37.000]  我從另外一種角度去看我人生
[05:20:37.000 --> 05:20:39.000]  我決定走這條路
[05:20:39.000 --> 05:20:41.000]  我認為是值得的
[05:20:41.000 --> 05:20:43.000]  那我就覺得
[05:20:43.000 --> 05:20:45.000]  心滿意足
[05:20:45.000 --> 05:20:47.000]  我祈禱的是其中一件事
[05:20:47.000 --> 05:20:49.000]  究竟那種人生是什麼人生呢?
[05:20:49.000 --> 05:20:51.000]  因為要花這麼多時間去看
[05:20:51.000 --> 05:20:53.000]  就是三章第十六節開始
[05:20:53.000 --> 05:20:55.000]  我們不如一路讀到第四章
[05:20:55.000 --> 05:20:57.000]  第三節
[05:20:57.000 --> 05:20:59.000]  不長一段聖經慢慢讀
[05:20:59.000 --> 05:21:01.000]  這個就代表了一個很重要的
[05:21:01.000 --> 05:21:03.000]  總結
[05:21:03.000 --> 05:21:05.000]  如果大家不知道有沒有特別研究過
[05:21:05.000 --> 05:21:07.000]  馬拉基書或者小仙之書
[05:21:07.000 --> 05:21:09.000]  馬拉基書第四章
[05:21:09.000 --> 05:21:11.000]  第四節到第六節
[05:21:11.000 --> 05:21:13.000]  基本上不是馬拉基書的最後幾節
[05:21:13.000 --> 05:21:15.000]  就是十二小仙之
[05:21:15.000 --> 05:21:17.000]  最後的仙之書
[05:21:17.000 --> 05:21:19.000]  最後的總結
[05:21:19.000 --> 05:21:21.000]  所以那裡不屬於馬拉基書
[05:21:21.000 --> 05:21:23.000]  是整個仙之書的總結
[05:21:23.000 --> 05:21:25.000]  那當然是很寶貴
[05:21:25.000 --> 05:21:27.000]  尤其是講到遙望將來
[05:21:27.000 --> 05:21:29.000]  主耶穌基督尼塞亞要再來的時候
[05:21:29.000 --> 05:21:31.000]  那位開路的先鋒
[05:21:31.000 --> 05:21:33.000]  這個以利亞
[05:21:33.000 --> 05:21:35.000]  就是後來的
[05:21:35.000 --> 05:21:37.000]  施洗約翰要再來
[05:21:37.000 --> 05:21:39.000]  這個很寶貴
[05:21:39.000 --> 05:21:41.000]  不過我們今天就不詳細講這裡了
[05:21:41.000 --> 05:21:43.000]  我們就講到第三節為止
[05:21:43.000 --> 05:21:45.000]  我們由第三章第十六節
[05:21:45.000 --> 05:21:47.000]  讀到第四章第三節
[05:21:47.000 --> 05:21:49.000]  我們看看這一種的總結
[05:21:49.000 --> 05:21:51.000]  總結神說我要的一種人生觀
[05:21:51.000 --> 05:21:53.000]  一種的視野
[05:21:53.000 --> 05:21:55.000]  是這樣看人生的
[05:21:55.000 --> 05:21:57.000]  我們一起讀
[05:21:57.000 --> 05:21:59.000]  第十六節開始
[05:21:59.000 --> 05:22:01.000]  那時敬畏耶和華的彼此談論
[05:22:01.000 --> 05:22:03.000]  耶和華則以而聽
[05:22:03.000 --> 05:22:05.000]  豈有紀念冊在他面前
[05:22:05.000 --> 05:22:07.000]  紀錄敬畏耶和華
[05:22:07.000 --> 05:22:09.000]  思念他名的人
[05:22:09.000 --> 05:22:11.000]  萬君之耶和華說
[05:22:11.000 --> 05:22:13.000]  在我所定的日子
[05:22:13.000 --> 05:22:15.000]  他們必屬我
[05:22:15.000 --> 05:22:17.000]  特特歸我
[05:22:17.000 --> 05:22:19.000]  我必連恤他們
[05:22:19.000 --> 05:22:21.000]  與同人連恤
[05:22:21.000 --> 05:22:23.000]  服侍自己的兒子
[05:22:23.000 --> 05:22:25.000]  那時你必歸回
[05:22:25.000 --> 05:22:27.000]  將善人和惡人
[05:22:27.000 --> 05:22:29.000]  侍奉神
[05:22:29.000 --> 05:22:31.000]  和不侍奉神的
[05:22:31.000 --> 05:22:33.000]  分別出來
[05:22:33.000 --> 05:22:35.000]  萬君之耶和華說
[05:22:35.000 --> 05:22:37.000]  那日臨近
[05:22:37.000 --> 05:22:39.000]  勢如燒著的火爐
[05:22:39.000 --> 05:22:41.000]  凡狂傲的
[05:22:41.000 --> 05:22:43.000]  和行惡的
[05:22:43.000 --> 05:22:45.000]  必如歲界
[05:22:45.000 --> 05:22:47.000]  在那日必被燒盡
[05:22:47.000 --> 05:22:49.000]  根本之條
[05:22:49.000 --> 05:22:51.000]  一無存留
[05:22:51.000 --> 05:22:53.000]  但向你們
[05:22:53.000 --> 05:22:55.000]  敬畏我名的人
[05:22:55.000 --> 05:22:57.000]  必有公義的日頭出現
[05:22:57.000 --> 05:22:59.000]  其光線
[05:22:59.000 --> 05:23:01.000]  有醫治之能
[05:23:01.000 --> 05:23:03.000]  你們必出來
[05:23:03.000 --> 05:23:05.000]  照約如圈裡的
[05:23:05.000 --> 05:23:07.000]  肥族
[05:23:07.000 --> 05:23:09.000]  你們必踐踏惡人
[05:23:09.000 --> 05:23:11.000]  在我所定的日子
[05:23:11.000 --> 05:23:13.000]  他們必如灰燼
[05:23:13.000 --> 05:23:15.000]  在你們腳掌之下
[05:23:15.000 --> 05:23:17.000]  這是萬君之
[05:23:17.000 --> 05:23:19.000]  耶和華說的
[05:23:19.000 --> 05:23:21.000]  這一段的聖經裏面
[05:23:21.000 --> 05:23:23.000]  我們可以分為兩個部分
[05:23:23.000 --> 05:23:27.000]  第一個部分就是第三章最後那幾節
[05:23:27.000 --> 05:23:29.000]  十六、十七、十八那幾節
[05:23:29.000 --> 05:23:33.000]  跟著就是第四章前面的三節
[05:23:33.000 --> 05:23:36.000]  第三章最後那三節
[05:23:36.000 --> 05:23:40.000]  說到一種價值上觀點上的改變
[05:23:40.000 --> 05:23:43.000]  第四章那三節
[05:23:43.000 --> 05:23:45.000]  說到向前看的時候
[05:23:45.000 --> 05:23:48.000]  在一個終極永恆的角度
[05:23:48.000 --> 05:23:50.000]  看回現在
[05:23:50.000 --> 05:23:53.000]  這種只是觀點上的轉變
[05:23:53.000 --> 05:23:55.000]  但是生命就完全不同
[05:23:55.000 --> 05:24:00.000]  神就說那批是敬畏神的人的觀點
[05:24:00.000 --> 05:24:03.000]  和一直以來馬拉基斯所斥責的
[05:24:03.000 --> 05:24:05.000]  那批是狂傲的人或者不滿的人
[05:24:05.000 --> 05:24:08.000]  那些假的宗教活動者
[05:24:08.000 --> 05:24:11.000]  那種觀點是很不同的地方
[05:24:11.000 --> 05:24:13.000]  第一在這三節裏面
[05:24:13.000 --> 05:24:15.000]  第三章最後那三節裏面
[05:24:15.000 --> 05:24:17.000]  他突出了
[05:24:17.000 --> 05:24:20.000]  如果一個真正敬畏神的人
[05:24:20.000 --> 05:24:22.000]  他會明白他最特別的地方
[05:24:22.000 --> 05:24:25.000]  他會明白他珍惜的是什麼
[05:24:25.000 --> 05:24:28.000]  真是值得他珍惜的是什麼
[05:24:28.000 --> 05:24:31.000]  真是值得要有回報的
[05:24:31.000 --> 05:24:32.000]  那個回報是怎樣
[05:24:32.000 --> 05:24:36.000]  剛才我們說一個消費者的心態
[05:24:36.000 --> 05:24:39.000]  也包括了很多基督徒的心態
[05:24:39.000 --> 05:24:41.000]  最大的特色就是要現眼報
[05:24:41.000 --> 05:24:44.000]  一個回報是看得到摸得到抓得到
[05:24:44.000 --> 05:24:47.000]  如果我們仍然停留在這件事裏
[05:24:47.000 --> 05:24:50.000]  剛才說我們不能自拔地
[05:24:50.000 --> 05:24:52.000]  一定要問值不值得
[05:24:52.000 --> 05:24:53.000]  值不值得
[05:24:53.000 --> 05:24:54.000]  投資有沒有回報
[05:24:54.000 --> 05:24:55.000]  有多少值數
[05:24:55.000 --> 05:24:57.000]  看有多少回報我們做多少
[05:24:57.000 --> 05:24:58.000]  一定是這樣做的
[05:24:58.000 --> 05:25:01.000]  一落到這種我們叫mode of existence
[05:25:01.000 --> 05:25:03.000]  一落到這種這樣生存的狀態下
[05:25:03.000 --> 05:25:06.000]  你就自然推向一個很大的洪流
[05:25:06.000 --> 05:25:07.000]  其實這個洪流很重要
[05:25:07.000 --> 05:25:08.000]  因為我們每天
[05:25:08.000 --> 05:25:10.000]  每天都在這個洪流當中
[05:25:10.000 --> 05:25:12.000]  每天都是因為我們的傳媒
[05:25:12.000 --> 05:25:13.000]  我們的生活
[05:25:13.000 --> 05:25:14.000]  我們的親戚朋友
[05:25:14.000 --> 05:25:15.000]  我們的同事
[05:25:15.000 --> 05:25:16.000]  全部都是這樣看事情的
[05:25:16.000 --> 05:25:17.000]  你明白嗎
[05:25:17.000 --> 05:25:18.000]  所以我們做一個基督徒
[05:25:18.000 --> 05:25:20.000]  要站硬要做一個硬正
[05:25:20.000 --> 05:25:22.000]  其實是很不容易的
[05:25:22.000 --> 05:25:24.000]  因為我們是逆流的
[05:25:24.000 --> 05:25:25.000]  一個不小心
[05:25:25.000 --> 05:25:27.000]  就好像那些洪水流
[05:25:27.000 --> 05:25:29.000]  好像我們水浸
[05:25:29.000 --> 05:25:30.000]  或者那些割大魚
[05:25:30.000 --> 05:25:32.000]  洪流衝過來的時候
[05:25:32.000 --> 05:25:34.000]  一鬆腳就一滑就噓了聲
[05:25:34.000 --> 05:25:36.000]  我們很容易一不小心
[05:25:36.000 --> 05:25:37.000]  就中了一種mentality
[05:25:37.000 --> 05:25:39.000]  就是那種消費者的心態
[05:25:39.000 --> 05:25:41.000]  除非我們站得很硬
[05:25:41.000 --> 05:25:43.000]  很強調看清楚
[05:25:43.000 --> 05:25:45.000]  我們所謂的珍惜
[05:25:45.000 --> 05:25:47.000]  最珍惜的價值在哪裏
[05:25:47.000 --> 05:25:49.000]  原來在這裏
[05:25:49.000 --> 05:25:51.000]  聖經提醒我們
[05:25:51.000 --> 05:25:53.000]  一個最值得你珍惜的
[05:25:53.000 --> 05:25:55.000]  不是在你周圍看到的
[05:25:55.000 --> 05:25:57.000]  最值得你珍惜的是在上面下來給你的
[05:25:57.000 --> 05:26:00.000]  就是從神而來的回報
[05:26:00.000 --> 05:26:01.000]  一樣有回報
[05:26:01.000 --> 05:26:04.000]  不過這個回報不是用數字
[05:26:04.000 --> 05:26:05.000]  不是用錢
[05:26:05.000 --> 05:26:08.000]  不是你立刻可以得到甜頭的那種權力
[05:26:08.000 --> 05:26:10.000]  和別人拍掌
[05:26:10.000 --> 05:26:12.000]  欣賞你的那種地位
[05:26:12.000 --> 05:26:13.000]  名譽
[05:26:13.000 --> 05:26:15.000]  所能夠衡量的
[05:26:15.000 --> 05:26:16.000]  那種回報是另一種回報
[05:26:16.000 --> 05:26:18.000]  那種回報是甚麼
[05:26:18.000 --> 05:26:19.000]  簡單來說
[05:26:19.000 --> 05:26:24.000]  就是神對你那種令你驚訝的愛
[05:26:24.000 --> 05:26:26.000]  神對你的愛
[05:26:26.000 --> 05:26:29.000]  我知道這些說話說了很多
[05:26:29.000 --> 05:26:31.000]  有些人聽到說很抽象
[05:26:31.000 --> 05:26:32.000]  不抽象
[05:26:32.000 --> 05:26:34.000]  很感謝神用這幾節聖經
[05:26:34.000 --> 05:26:36.000]  很仔細的說出
[05:26:36.000 --> 05:26:38.000]  我起碼看到五樣東西
[05:26:38.000 --> 05:26:41.000]  當我們人生有掙扎在一個十字路口的時候
[05:26:41.000 --> 05:26:42.000]  我值不值得過呢
[05:26:42.000 --> 05:26:43.000]  我繼續這樣下去的時候
[05:26:43.000 --> 05:26:44.000]  值不值得呢
[05:26:44.000 --> 05:26:46.000]  過敬虔的生活值不值得的時候
[05:26:46.000 --> 05:26:47.000]  每次這樣問的時候
[05:26:47.000 --> 05:26:49.000]  都是表示我們有很多frustration
[05:26:49.000 --> 05:26:50.000]  有很多失望
[05:26:50.000 --> 05:26:51.000]  有很多打擊
[05:26:51.000 --> 05:26:53.000]  如果我們過敬虔的生活
[05:26:53.000 --> 05:26:55.000]  我以前都和大家說過
[05:26:55.000 --> 05:26:56.000]  如果你過敬虔的生活
[05:26:56.000 --> 05:26:57.000]  你找到一個好老婆
[05:26:57.000 --> 05:26:58.000]  找到一個好丈夫
[05:26:58.000 --> 05:26:59.000]  過敬虔的生活
[05:26:59.000 --> 05:27:01.000]  你的子女又乖又聽話
[05:27:01.000 --> 05:27:02.000]  身體又健壯
[05:27:02.000 --> 05:27:04.000]  不斷年年升職
[05:27:04.000 --> 05:27:05.000]  我當然過敬虔的生活
[05:27:05.000 --> 05:27:06.000]  老實說
[05:27:06.000 --> 05:27:08.000]  不過實際上這個世界不是這樣
[05:27:08.000 --> 05:27:10.000]  那個挑戰到了一個地步
[05:27:10.000 --> 05:27:11.000]  我要過敬虔的生活的時候
[05:27:11.000 --> 05:27:14.000]  我發覺我吱吱聲要犧牲很多的東西
[05:27:14.000 --> 05:27:16.000]  那一刻就真的到肉了
[05:27:16.000 --> 05:27:17.000]  錢銀的問題
[05:27:17.000 --> 05:27:18.000]  感情的問題
[05:27:18.000 --> 05:27:20.000]  要過正直的標準的時候
[05:27:20.000 --> 05:27:21.000]  人家就踩你
[05:27:21.000 --> 05:27:23.000]  你怎樣去回應問題
[05:27:23.000 --> 05:27:24.000]  這是最現實的
[05:27:24.000 --> 05:27:25.000]  在那時候你就會有很多frustration
[05:27:25.000 --> 05:27:26.000]  有很多不滿
[05:27:26.000 --> 05:27:27.000]  很多不舒服
[05:27:27.000 --> 05:27:28.000]  在這個時間
[05:27:28.000 --> 05:27:30.000]  你就在一條十字路口裡面
[05:27:30.000 --> 05:27:31.000]  我繼續走敬虔的生活
[05:27:31.000 --> 05:27:33.000]  還是我側側膊射一點點
[05:27:33.000 --> 05:27:35.000]  改掉我剛才說的
[05:27:35.000 --> 05:27:38.000]  跟著他們過一個消費者心態
[05:27:38.000 --> 05:27:40.000]  我繼續可以禮拜堂
[05:27:40.000 --> 05:27:41.000]  我繼續可以做基督徒
[05:27:41.000 --> 05:27:44.000]  我繼續可以做我本來沒人看得出的
[05:27:44.000 --> 05:27:47.000]  不過心態已經變了
[05:27:47.000 --> 05:27:50.000]  怎樣可以保持這種心態不變呢
[05:27:50.000 --> 05:27:52.000]  神說我有回報給你的
[05:27:52.000 --> 05:27:53.000]  你不要讓我回報回報
[05:27:53.000 --> 05:27:57.000]  不過我回報並不是這個消費者的世界
[05:27:57.000 --> 05:28:00.000]  這個消費者的社會所給你的回報
[05:28:00.000 --> 05:28:01.000]  這個回報是什麼回報
[05:28:01.000 --> 05:28:03.000]  我們看到有五樣東西
[05:28:03.000 --> 05:28:05.000]  第一是今天今生即時的回報
[05:28:05.000 --> 05:28:07.000]  或者永恆的回報都有
[05:28:07.000 --> 05:28:10.000]  不過這個永恆的回報不一定是將來的
[05:28:10.000 --> 05:28:11.000]  有些學者認為
[05:28:11.000 --> 05:28:14.000]  神所定的日子
[05:28:14.000 --> 05:28:15.000]  十一節那裡
[05:28:15.000 --> 05:28:16.000]  有些人說是將來
[05:28:16.000 --> 05:28:17.000]  就是活世
[05:28:17.000 --> 05:28:18.000]  到天堂的時候
[05:28:18.000 --> 05:28:20.000]  可能這麼說
[05:28:20.000 --> 05:28:22.000]  但是有些學者覺得不一定
[05:28:22.000 --> 05:28:23.000]  在聖經裡面特別是舊約
[05:28:23.000 --> 05:28:25.000]  神所定的日子
[05:28:25.000 --> 05:28:28.000]  不是一定是將來耶穌再來我們上天堂
[05:28:28.000 --> 05:28:30.000]  當然那裡包括了一件事
[05:28:30.000 --> 05:28:32.000]  但是我們在神學上解釋聖經
[05:28:32.000 --> 05:28:34.000]  我們叫做multiple fulfillment
[05:28:34.000 --> 05:28:35.000]  就是一件事
[05:28:35.000 --> 05:28:36.000]  神的日子
[05:28:36.000 --> 05:28:38.000]  尤其是你看約耳書就很清楚
[05:28:38.000 --> 05:28:39.000]  約耳書裡面說
[05:28:39.000 --> 05:28:40.000]  耶和華的日子
[05:28:40.000 --> 05:28:42.000]  The day of the Lord
[05:28:42.000 --> 05:28:43.000]  The day of the Lord是什麼呢
[05:28:43.000 --> 05:28:46.000]  不只是說耶穌基督再來的時候
[05:28:46.000 --> 05:28:47.000]  那個審判
[05:28:47.000 --> 05:28:49.000]  因為約耳書裡面說
[05:28:49.000 --> 05:28:50.000]  The day of the Lord是什麼
[05:28:50.000 --> 05:28:51.000]  耶和華的日子是什麼
[05:28:51.000 --> 05:28:53.000]  是當日的蝗蟲的災
[05:28:53.000 --> 05:28:55.000]  然後很奇怪
[05:28:55.000 --> 05:28:56.000]  史藤傳裡面
[05:28:56.000 --> 05:28:58.000]  聖靈降臨的時候
[05:28:58.000 --> 05:29:00.000]  彼得就按照聖靈的感動
[05:29:00.000 --> 05:29:01.000]  講謊言
[05:29:01.000 --> 05:29:02.000]  然後他就說
[05:29:02.000 --> 05:29:04.000]  應驗約耳書裡面所說的語言
[05:29:04.000 --> 05:29:05.000]  耶和華的日子
[05:29:05.000 --> 05:29:07.000]  是聖靈降臨的那一天
[05:29:07.000 --> 05:29:09.000]  因為耶和華的日子是哪一天呢
[05:29:09.000 --> 05:29:10.000]  耶和華的日子不是一天
[05:29:10.000 --> 05:29:12.000]  那麼重點在哪裡呢
[05:29:12.000 --> 05:29:13.000]  耶和華的日子就是
[05:29:13.000 --> 05:29:15.000]  神要介入人的生命
[05:29:15.000 --> 05:29:17.000]  神要很奇妙
[05:29:17.000 --> 05:29:20.000]  很不尋常地介入人的歷史的時候
[05:29:20.000 --> 05:29:21.000]  就叫做耶和華的日子
[05:29:21.000 --> 05:29:22.000]  所以如果這樣看的時候
[05:29:22.000 --> 05:29:24.000]  不一定是將來耶穌基督再來
[05:29:24.000 --> 05:29:26.000]  才會有所發生的事
[05:29:26.000 --> 05:29:27.000]  就是什麼時候
[05:29:27.000 --> 05:29:28.000]  神的timing
[05:29:28.000 --> 05:29:29.000]  好像我們昨天所說的
[05:29:29.000 --> 05:29:30.000]  神的時間
[05:29:30.000 --> 05:29:31.000]  今天早上所說的
[05:29:31.000 --> 05:29:32.000]  神的timing
[05:29:32.000 --> 05:29:33.000]  神他認為那個時間
[05:29:33.000 --> 05:29:34.000]  他要介入的時候
[05:29:34.000 --> 05:29:37.000]  你就會經歷到這些回報
[05:29:37.000 --> 05:29:38.000]  說了這麼久
[05:29:38.000 --> 05:29:40.000]  什麼回報呢
[05:29:40.000 --> 05:29:42.000]  這個回報就是這樣
[05:29:42.000 --> 05:29:43.000]  有五樣東西
[05:29:43.000 --> 05:29:44.000]  第一
[05:29:44.000 --> 05:29:47.000]  第三章十六節那裡
[05:29:47.000 --> 05:29:48.000]  那裡說到
[05:29:48.000 --> 05:29:52.000]  耶和華則耳而聽
[05:29:52.000 --> 05:29:57.000]  我想大家很留心地想像
[05:29:57.000 --> 05:30:02.000]  這個是萬鈞之耶和華
[05:30:02.000 --> 05:30:03.000]  在過去兩天
[05:30:03.000 --> 05:30:04.000]  這個神是很兇的
[05:30:04.000 --> 05:30:05.000]  哇
[05:30:05.000 --> 05:30:07.000]  省得你立立令
[05:30:07.000 --> 05:30:09.000]  省得你立立令
[05:30:09.000 --> 05:30:11.000]  但是這個耶和華神
[05:30:11.000 --> 05:30:12.000]  在這裡他告訴你
[05:30:12.000 --> 05:30:14.000]  他則耳而聽
[05:30:14.000 --> 05:30:16.000]  這個不是中文翻譯裡面
[05:30:16.000 --> 05:30:17.000]  隨便翻譯
[05:30:17.000 --> 05:30:18.000]  是有這個意思的
[05:30:18.000 --> 05:30:19.000]  很細心
[05:30:19.000 --> 05:30:20.000]  駁上例子
[05:30:20.000 --> 05:30:21.000]  一句都不漏
[05:30:21.000 --> 05:30:24.000]  好像我們聽老闆說話那樣
[05:30:24.000 --> 05:30:25.000]  沒有走雞
[05:30:25.000 --> 05:30:27.000]  漏心聽你說
[05:30:27.000 --> 05:30:28.000]  喂
[05:30:28.000 --> 05:30:29.000]  神聽你說
[05:30:29.000 --> 05:30:30.000]  不是現在你聽神說
[05:30:30.000 --> 05:30:31.000]  我們聽神說
[05:30:31.000 --> 05:30:32.000]  也有些理由
[05:30:32.000 --> 05:30:34.000]  神是那些敬畏神的人
[05:30:34.000 --> 05:30:37.000]  神說我會有這樣的態度對他
[05:30:37.000 --> 05:30:38.000]  他說每一句話
[05:30:38.000 --> 05:30:41.000]  他心底裡每一個哀愁
[05:30:41.000 --> 05:30:43.000]  他心底裡每一個掙扎
[05:30:43.000 --> 05:30:44.000]  神說我聽到
[05:30:44.000 --> 05:30:46.000]  並且我則耳而聽
[05:30:46.000 --> 05:30:47.000]  這是第一個回報
[05:30:47.000 --> 05:30:48.000]  第二
[05:30:48.000 --> 05:30:49.000]  我們神說愛的回報
[05:30:49.000 --> 05:30:51.000]  是他說我會紀念你的
[05:30:51.000 --> 05:30:52.000]  不單這樣
[05:30:52.000 --> 05:30:53.000]  很兇化
[05:30:53.000 --> 05:30:54.000]  我紀念你
[05:30:54.000 --> 05:30:55.000]  我不會忘記你的
[05:30:55.000 --> 05:30:56.000]  在詩篇裡說了很多次
[05:30:56.000 --> 05:30:58.000]  加了一個很具體的形容詞
[05:30:58.000 --> 05:31:01.000]  他說神有本紀念冊
[05:31:01.000 --> 05:31:06.000]  來記錄下他們一切所說過的事
[05:31:06.000 --> 05:31:07.000]  所做過的事
[05:31:07.000 --> 05:31:09.000]  記錄那些敬畏
[05:31:09.000 --> 05:31:11.000]  也就是說思念貪名的人
[05:31:11.000 --> 05:31:12.000]  也就是說
[05:31:12.000 --> 05:31:14.000]  有一本冊子在那裡
[05:31:14.000 --> 05:31:17.000]  每一個人開一個檔案給他
[05:31:17.000 --> 05:31:19.000]  每一個人有個檔案
[05:31:19.000 --> 05:31:20.000]  然後
[05:31:20.000 --> 05:31:22.000]  這裡不是罵那些人
[05:31:22.000 --> 05:31:23.000]  而是說安慰
[05:31:23.000 --> 05:31:25.000]  你做每一樣事
[05:31:25.000 --> 05:31:26.000]  神知道
[05:31:26.000 --> 05:31:27.000]  剛才說的
[05:31:27.000 --> 05:31:28.000]  彩他拿
[05:31:28.000 --> 05:31:29.000]  鑊我揹
[05:31:29.000 --> 05:31:31.000]  神知不知道呢
[05:31:31.000 --> 05:31:32.000]  神知道
[05:31:32.000 --> 05:31:35.000]  可能今世你沒有人可以翻案
[05:31:35.000 --> 05:31:36.000]  被人拿了彩
[05:31:36.000 --> 05:31:37.000]  揹了鑊
[05:31:37.000 --> 05:31:38.000]  但是神知不知道呢
[05:31:38.000 --> 05:31:39.000]  神說我知道
[05:31:39.000 --> 05:31:40.000]  因為我有個檔案
[05:31:40.000 --> 05:31:41.000]  有個紀念冊在那裡
[05:31:41.000 --> 05:31:43.000]  好像電腦那樣
[05:31:43.000 --> 05:31:44.000]  你做了一樣事
[05:31:44.000 --> 05:31:45.000]  沒人知道也好
[05:31:45.000 --> 05:31:47.000]  說了沒人信也好
[05:31:47.000 --> 05:31:48.000]  神說我知道
[05:31:48.000 --> 05:31:49.000]  一按了
[05:31:49.000 --> 05:31:50.000]  save了
[05:31:50.000 --> 05:31:52.000]  到硬盤那裡
[05:31:52.000 --> 05:31:53.000]  你明白嗎
[05:31:53.000 --> 05:31:56.000]  有在那裡
[05:31:56.000 --> 05:31:58.000]  神說我隨時都知道
[05:31:58.000 --> 05:31:59.000]  我知道
[05:31:59.000 --> 05:32:00.000]  在那裡
[05:32:00.000 --> 05:32:02.000]  在永恆裡面不會消失的
[05:32:02.000 --> 05:32:04.000]  我們做每一個正直的行為
[05:32:04.000 --> 05:32:06.000]  只要神在那裡
[05:32:06.000 --> 05:32:08.000]  他的紀念冊在那裡
[05:32:08.000 --> 05:32:10.000]  神還答應過他紀錄在案
[05:32:10.000 --> 05:32:13.000]  是永恆地不會消失的
[05:32:13.000 --> 05:32:15.000]  縱然沒人看到
[05:32:15.000 --> 05:32:16.000]  縱然沒人明白
[05:32:16.000 --> 05:32:18.000]  繼續被人冤枉
[05:32:18.000 --> 05:32:19.000]  但是神說我看到的
[05:32:19.000 --> 05:32:20.000]  你明白嗎
[05:32:20.000 --> 05:32:21.000]  沒有消失
[05:32:21.000 --> 05:32:22.000]  在永恆裡面
[05:32:22.000 --> 05:32:23.000]  進了我的硬盤那裡
[05:32:23.000 --> 05:32:25.000]  有你的檔案在那裡
[05:32:25.000 --> 05:32:26.000]  某某人
[05:32:26.000 --> 05:32:27.000]  某某弟兄
[05:32:27.000 --> 05:32:28.000]  某某姊妹
[05:32:28.000 --> 05:32:29.000]  你的檔案在我這裡
[05:32:29.000 --> 05:32:31.000]  有個紀念冊
[05:32:31.000 --> 05:32:33.000]  第三樣
[05:32:33.000 --> 05:32:35.000]  當神要那個產業
[05:32:35.000 --> 05:32:37.000]  第十七節那裡
[05:32:37.000 --> 05:32:39.000]  中文也不是很清楚
[05:32:39.000 --> 05:32:40.000]  所定的日子
[05:32:40.000 --> 05:32:41.000]  他們必屬我
[05:32:41.000 --> 05:32:42.000]  特特歸我
[05:32:42.000 --> 05:32:43.000]  其實那個原文
[05:32:43.000 --> 05:32:44.000]  如果你看英文
[05:32:44.000 --> 05:32:45.000]  也比較清楚一點
[05:32:45.000 --> 05:32:46.000]  因為那一天
[05:32:46.000 --> 05:32:49.000]  當我整頓我的產業的時候
[05:32:49.000 --> 05:32:50.000]  神說
[05:32:50.000 --> 05:32:52.000]  當我要計算我的產業的時候
[05:32:52.000 --> 05:32:53.000]  那些敬畏我的人
[05:32:53.000 --> 05:32:55.000]  是有份的
[05:32:55.000 --> 05:32:58.000]  有份的
[05:32:58.000 --> 05:32:59.000]  這個原文
[05:32:59.000 --> 05:33:02.000]  因為中文現在不是很清楚
[05:33:02.000 --> 05:33:03.000]  原文裡面有說
[05:33:03.000 --> 05:33:05.000]  我清洗
[05:33:05.000 --> 05:33:07.000]  我清算我的產業的時候
[05:33:07.000 --> 05:33:08.000]  神說
[05:33:08.000 --> 05:33:09.000]  哪些人有份呢
[05:33:09.000 --> 05:33:11.000]  就是那些敬畏我的人
[05:33:11.000 --> 05:33:14.000]  有份分享
[05:33:14.000 --> 05:33:16.000]  不是沒有他們的份
[05:33:16.000 --> 05:33:18.000]  可能在世間的時候
[05:33:18.000 --> 05:33:20.000]  你失去了很多東西
[05:33:20.000 --> 05:33:22.000]  因為你敬虔的生活
[05:33:22.000 --> 05:33:23.000]  但是神說
[05:33:23.000 --> 05:33:24.000]  那些東西
[05:33:24.000 --> 05:33:27.000]  即存在天
[05:33:27.000 --> 05:33:28.000]  在那裡
[05:33:28.000 --> 05:33:30.000]  在天上的財寶
[05:33:30.000 --> 05:33:32.000]  是沒有蟲咬的
[05:33:32.000 --> 05:33:33.000]  沒有賊
[05:33:33.000 --> 05:33:35.000]  是挖洞去偷的
[05:33:35.000 --> 05:33:38.000]  即在神銀行的產業
[05:33:38.000 --> 05:33:40.000]  所以我們的神有一個記錄
[05:33:40.000 --> 05:33:42.000]  有一個紀念冊
[05:33:42.000 --> 05:33:43.000]  去記錄你
[05:33:43.000 --> 05:33:44.000]  很仔細地記錄你
[05:33:44.000 --> 05:33:46.000]  他質疑而聽你
[05:33:46.000 --> 05:33:47.000]  神說
[05:33:47.000 --> 05:33:48.000]  我還有一個產業
[05:33:48.000 --> 05:33:49.000]  有一個銀行在那裡
[05:33:49.000 --> 05:33:50.000]  你有存款在那裡
[05:33:50.000 --> 05:33:51.000]  你做每一樣東西
[05:33:51.000 --> 05:33:53.000]  我就幫你存進去
[05:33:53.000 --> 05:33:54.000]  就像我們做父母
[05:33:54.000 --> 05:33:56.000]  幫兒女開一個戶口
[05:33:56.000 --> 05:33:58.000]  他又不是很清楚多少
[05:33:58.000 --> 05:33:59.000]  不過無論如何
[05:33:59.000 --> 05:34:01.000]  他如果什麼時候
[05:34:01.000 --> 05:34:02.000]  小時候
[05:34:02.000 --> 05:34:03.000]  拿了利是
[05:34:03.000 --> 05:34:04.000]  他還沒有適用的時候
[05:34:04.000 --> 05:34:05.000]  又存在他那裡
[05:34:05.000 --> 05:34:06.000]  沒有騙你
[05:34:06.000 --> 05:34:07.000]  沒有花餃
[05:34:07.000 --> 05:34:08.000]  沒有佔了你的東西
[05:34:08.000 --> 05:34:09.000]  神沒有佔你便宜
[05:34:09.000 --> 05:34:10.000]  神知道有多少
[05:34:10.000 --> 05:34:11.000]  就像我們做父母
[05:34:11.000 --> 05:34:12.000]  都會這樣做
[05:34:12.000 --> 05:34:13.000]  很乖啊
[05:34:13.000 --> 05:34:14.000]  你這個弟弟
[05:34:14.000 --> 05:34:15.000]  你這個兒子
[05:34:15.000 --> 05:34:16.000]  你這個女兒
[05:34:16.000 --> 05:34:17.000]  都很乖啊
[05:34:17.000 --> 05:34:18.000]  他拿了利是
[05:34:18.000 --> 05:34:19.000]  媽咪啊
[05:34:19.000 --> 05:34:20.000]  利是
[05:34:20.000 --> 05:34:22.000]  我少少都可以
[05:34:22.000 --> 05:34:23.000]  買糖
[05:34:23.000 --> 05:34:24.000]  我買不完這麼多
[05:34:24.000 --> 05:34:25.000]  給你一大卷
[05:34:25.000 --> 05:34:26.000]  你幫我存起來
[05:34:26.000 --> 05:34:27.000]  他會很開心
[05:34:27.000 --> 05:34:28.000]  做媽咪的
[05:34:28.000 --> 05:34:29.000]  媽咪當然說好
[05:34:29.000 --> 05:34:30.000]  不僅存了20元
[05:34:30.000 --> 05:34:31.000]  30元
[05:34:31.000 --> 05:34:32.000]  50元
[05:34:32.000 --> 05:34:33.000]  100元
[05:34:33.000 --> 05:34:34.000]  還加多100元
[05:34:34.000 --> 05:34:35.000]  給他
[05:34:35.000 --> 05:34:36.000]  你明白嗎
[05:34:36.000 --> 05:34:37.000]  這是父母的心意
[05:34:37.000 --> 05:34:38.000]  神就是這樣
[05:34:38.000 --> 05:34:39.000]  神說我存了很多東西
[05:34:39.000 --> 05:34:40.000]  你每一次
[05:34:40.000 --> 05:34:41.000]  你交給我
[05:34:41.000 --> 05:34:42.000]  你犧牲給我的東西
[05:34:42.000 --> 05:34:43.000]  我全部幫你存在銀行那裡
[05:34:43.000 --> 05:34:44.000]  當我清產業的時候
[05:34:44.000 --> 05:34:45.000]  你知道原來
[05:34:45.000 --> 05:34:47.000]  你的spiritual banking
[05:34:47.000 --> 05:34:48.000]  spiritual account
[05:34:48.000 --> 05:34:49.000]  你的屬靈的戶口
[05:34:49.000 --> 05:34:51.000]  有多少東西
[05:34:51.000 --> 05:34:53.000]  好像我們
[05:34:53.000 --> 05:34:54.000]  不可以叫強積金
[05:34:54.000 --> 05:34:56.000]  其實強積金名字已經不好
[05:34:56.000 --> 05:34:57.000]  強什麼強
[05:34:57.000 --> 05:34:58.000]  現在大家都硬硬聲
[05:34:58.000 --> 05:34:59.000]  就是說
[05:34:59.000 --> 05:35:01.000]  好像我們那些公積金一樣
[05:35:01.000 --> 05:35:03.000]  你給一撥公款
[05:35:03.000 --> 05:35:04.000]  神又給一撥公款
[05:35:04.000 --> 05:35:06.000]  你明白嗎
[05:35:06.000 --> 05:35:07.000]  他是這樣
[05:35:07.000 --> 05:35:09.000]  來看我們所給他的東西
[05:35:09.000 --> 05:35:11.000]  然後第四樣
[05:35:11.000 --> 05:35:13.000]  第十七節那裡說了很有意思的
[05:35:13.000 --> 05:35:14.000]  很美麗的一段說話
[05:35:14.000 --> 05:35:15.000]  很文學性的說話
[05:35:15.000 --> 05:35:17.000]  他說我會連戳他們
[05:35:17.000 --> 05:35:18.000]  好像連戳
[05:35:18.000 --> 05:35:20.000]  兒童人連戳那些
[05:35:20.000 --> 05:35:22.000]  像服侍自己的兒子一樣
[05:35:22.000 --> 05:35:23.000]  其實不是連戳
[05:35:23.000 --> 05:35:24.000]  連戳就很可憐
[05:35:24.000 --> 05:35:26.000]  原文的意思是顧戍
[05:35:26.000 --> 05:35:28.000]  顧惜
[05:35:28.000 --> 05:35:30.000]  或者我們更加可以
[05:35:30.000 --> 05:35:32.000]  用一個比較中文的傳承字眼
[05:35:32.000 --> 05:35:34.000]  是很珍惜
[05:35:34.000 --> 05:35:36.000]  就是我很珍惜那些人
[05:35:36.000 --> 05:35:37.000]  為什麼
[05:35:37.000 --> 05:35:40.000]  因為那些是侍奉我的人
[05:35:40.000 --> 05:35:42.000]  就好像一個爸爸
[05:35:42.000 --> 05:35:45.000]  很珍惜那個很願意服侍他的兒子
[05:35:45.000 --> 05:35:47.000]  一樣的珍惜
[05:35:47.000 --> 05:35:48.000]  以他為榮
[05:35:48.000 --> 05:35:49.000]  以他為傲
[05:35:49.000 --> 05:35:51.000]  並且他在他的生命當中
[05:35:51.000 --> 05:35:52.000]  多麼重要
[05:35:52.000 --> 05:35:54.000]  多麼珍貴
[05:35:54.000 --> 05:35:55.000]  這個乖兒子
[05:35:55.000 --> 05:35:56.000]  很多時候我們聽到父母
[05:35:56.000 --> 05:35:58.000]  尤其是我們上一代的兒子
[05:35:58.000 --> 05:36:00.000]  這個是我的乖兒子
[05:36:00.000 --> 05:36:01.000]  就是說在這句說話背後
[05:36:01.000 --> 05:36:03.000]  有無限的感激
[05:36:03.000 --> 05:36:05.000]  也有無限的愛意
[05:36:05.000 --> 05:36:06.000]  這個乖兒子
[05:36:06.000 --> 05:36:07.000]  很孝順
[05:36:07.000 --> 05:36:09.000]  一樣的神用這個字眼
[05:36:09.000 --> 05:36:10.000]  用一個這樣的父母
[05:36:10.000 --> 05:36:12.000]  你說是不是神說的
[05:36:12.000 --> 05:36:13.000]  這麼human的
[05:36:13.000 --> 05:36:14.000]  是啊
[05:36:14.000 --> 05:36:16.000]  這個就是馬拉基一直罵你的神
[05:36:16.000 --> 05:36:18.000]  他是這麼愛你的
[05:36:18.000 --> 05:36:20.000]  他說我會很顧惜
[05:36:20.000 --> 05:36:21.000]  我會很珍惜
[05:36:21.000 --> 05:36:23.000]  每一個敬虔侍奉我的人
[05:36:23.000 --> 05:36:27.000]  因為就好像你服侍爸爸的兒子
[05:36:27.000 --> 05:36:30.000]  在爸爸心中那種被珍惜
[05:36:30.000 --> 05:36:33.000]  被顧惜的那種心
[05:36:33.000 --> 05:36:34.000]  第五
[05:36:34.000 --> 05:36:35.000]  然後神說
[05:36:35.000 --> 05:36:37.000]  我分得出的
[05:36:37.000 --> 05:36:40.000]  他說神會將善人和惡人
[05:36:40.000 --> 05:36:41.000]  善人和惡人
[05:36:41.000 --> 05:36:43.000]  侍奉神的和不侍奉神的
[05:36:43.000 --> 05:36:44.000]  分別出來
[05:36:44.000 --> 05:36:46.000]  就是神說我知道的
[05:36:46.000 --> 05:36:49.000]  現在可能模模糊糊
[05:36:49.000 --> 05:36:52.000]  在我們的世界當中
[05:36:52.000 --> 05:36:54.000]  善惡是模模糊糊的
[05:36:54.000 --> 05:36:56.000]  有些明明是壞人
[05:36:56.000 --> 05:36:58.000]  不過他有錢有面子
[05:36:58.000 --> 05:36:59.000]  慢慢就當他做好人
[05:36:59.000 --> 05:37:00.000]  我不想說什麼名字出來
[05:37:00.000 --> 05:37:01.000]  大家都知道
[05:37:01.000 --> 05:37:02.000]  在報紙上有
[05:37:02.000 --> 05:37:03.000]  在娛樂版上有
[05:37:03.000 --> 05:37:05.000]  明明是好色的
[05:37:05.000 --> 05:37:06.000]  但是每天
[05:37:06.000 --> 05:37:08.000]  隔幾天
[05:37:08.000 --> 05:37:09.000]  報紙就登他
[05:37:09.000 --> 05:37:10.000]  等你大賞
[05:37:10.000 --> 05:37:11.000]  是不是
[05:37:11.000 --> 05:37:13.000]  有時候覺得很不公平
[05:37:13.000 --> 05:37:14.000]  明明那些人的錢多到
[05:37:14.000 --> 05:37:16.000]  拿來玩女人
[05:37:16.000 --> 05:37:18.000]  誰知道他還受到一筆遺產
[05:37:18.000 --> 05:37:19.000]  繼續給他
[05:37:19.000 --> 05:37:22.000]  怎麼搞的
[05:37:22.000 --> 05:37:23.000]  是不是
[05:37:23.000 --> 05:37:25.000]  分給那些孤兒院就好了
[05:37:25.000 --> 05:37:26.000]  還可以繼續這麼風光
[05:37:26.000 --> 05:37:28.000]  又穿那些衣服在曬
[05:37:28.000 --> 05:37:30.000]  在曬命
[05:37:30.000 --> 05:37:31.000]  為什麼會這樣
[05:37:31.000 --> 05:37:32.000]  我不明白
[05:37:32.000 --> 05:37:33.000]  你問我我也不明白
[05:37:33.000 --> 05:37:34.000]  不過神說
[05:37:34.000 --> 05:37:36.000]  我知道誰是對的
[05:37:36.000 --> 05:37:38.000]  誰是不對的
[05:37:38.000 --> 05:37:40.000]  我知道誰是侍奉我
[05:37:40.000 --> 05:37:42.000]  誰是沒有侍奉我
[05:37:42.000 --> 05:37:43.000]  在我的眼中
[05:37:43.000 --> 05:37:45.000]  走不掉
[05:37:45.000 --> 05:37:47.000]  在所有人的眼中可能走得掉
[05:37:47.000 --> 05:37:49.000]  在扭曲了的社會價值當中
[05:37:49.000 --> 05:37:50.000]  那些人走得掉
[05:37:50.000 --> 05:37:51.000]  那些人風光
[05:37:51.000 --> 05:37:53.000]  在人面前風光誕生
[05:37:53.000 --> 05:37:54.000]  在我的面前
[05:37:54.000 --> 05:37:55.000]  赤露闖開
[05:37:55.000 --> 05:37:56.000]  沒得走雞
[05:37:56.000 --> 05:37:57.000]  誰是惡
[05:37:57.000 --> 05:37:58.000]  誰是善
[05:37:58.000 --> 05:37:59.000]  誰是侍奉我
[05:37:59.000 --> 05:38:00.000]  誰是不侍奉我
[05:38:00.000 --> 05:38:01.000]  我完全知道
[05:38:01.000 --> 05:38:03.000]  你信不信得過我可以這樣
[05:38:03.000 --> 05:38:04.000]  這個就是我們
[05:38:04.000 --> 05:38:05.000]  在神面前
[05:38:05.000 --> 05:38:06.000]  當我們在十字路口
[05:38:06.000 --> 05:38:07.000]  剛才說
[05:38:07.000 --> 05:38:08.000]  來到十字路口的時候
[05:38:08.000 --> 05:38:09.000]  怎樣啊
[05:38:09.000 --> 05:38:11.000]  我繼續這樣咬緊牙根
[05:38:11.000 --> 05:38:13.000]  去過敬虔的生活
[05:38:13.000 --> 05:38:14.000]  值不值得啊
[05:38:14.000 --> 05:38:15.000]  神說值得
[05:38:15.000 --> 05:38:16.000]  因為我有回報給你
[05:38:16.000 --> 05:38:18.000]  那個回報並不是今生
[05:38:18.000 --> 05:38:19.000]  所謂不是今生的意思
[05:38:19.000 --> 05:38:20.000]  不是說沒有的
[05:38:20.000 --> 05:38:21.000]  很抽象的
[05:38:21.000 --> 05:38:23.000]  那個回報並不是真金白銀
[05:38:23.000 --> 05:38:24.000]  有時候
[05:38:24.000 --> 05:38:25.000]  有時候神都會
[05:38:25.000 --> 05:38:26.000]  不過我不擔保這件事
[05:38:26.000 --> 05:38:27.000]  對不起
[05:38:27.000 --> 05:38:28.000]  聖經沒有答應過
[05:38:28.000 --> 05:38:29.000]  所以我不敢擔保
[05:38:29.000 --> 05:38:31.000]  有時候神真的真金白銀給你
[05:38:31.000 --> 05:38:33.000]  有時候神真的
[05:38:33.000 --> 05:38:35.000]  將一些你本來失去了的東西
[05:38:35.000 --> 05:38:37.000]  很奇妙的給回你
[05:38:37.000 --> 05:38:38.000]  變得更多
[05:38:38.000 --> 05:38:39.000]  我們聽到很多見證
[05:38:39.000 --> 05:38:41.000]  感謝主這些全部都是好的見證
[05:38:41.000 --> 05:38:43.000]  不過神沒有答應過
[05:38:43.000 --> 05:38:44.000]  一定是這樣
[05:38:44.000 --> 05:38:45.000]  最糟糕的就是
[05:38:45.000 --> 05:38:46.000]  你以為這樣的時候
[05:38:46.000 --> 05:38:47.000]  等到沒有的時候
[05:38:47.000 --> 05:38:48.000]  你就捨棄了
[05:38:48.000 --> 05:38:49.000]  神說我不是說這件事
[05:38:49.000 --> 05:38:50.000]  我答應這五件事
[05:38:50.000 --> 05:38:51.000]  就一定有
[05:38:51.000 --> 05:38:52.000]  這五件事
[05:38:52.000 --> 05:38:53.000]  第一
[05:38:53.000 --> 05:38:54.000]  神則以而聽你
[05:38:54.000 --> 05:38:55.000]  第二
[05:38:55.000 --> 05:38:56.000]  神有一個紀念冊
[05:38:56.000 --> 05:38:57.000]  記錄一切你所說的
[05:38:57.000 --> 05:38:58.000]  很仔細的記錄
[05:38:58.000 --> 05:38:59.000]  第三
[05:38:59.000 --> 05:39:00.000]  神有一個
[05:39:00.000 --> 05:39:02.000]  屬靈的戶口是你的
[05:39:02.000 --> 05:39:03.000]  你每一次所犧牲的
[05:39:03.000 --> 05:39:04.000]  祂等在戶口裏面
[05:39:04.000 --> 05:39:05.000]  祂記住的
[05:39:05.000 --> 05:39:07.000]  到祂清理產業的時候
[05:39:07.000 --> 05:39:08.000]  全部全數給你
[05:39:08.000 --> 05:39:10.000]  看見你所積存的是多少
[05:39:10.000 --> 05:39:11.000]  第四
[05:39:11.000 --> 05:39:12.000]  神很珍惜你
[05:39:12.000 --> 05:39:13.000]  好像一個爸爸
[05:39:13.000 --> 05:39:14.000]  珍惜那個
[05:39:14.000 --> 05:39:15.000]  服侍他的兒子
[05:39:15.000 --> 05:39:16.000]  乖兒子那樣
[05:39:16.000 --> 05:39:17.000]  第五
[05:39:17.000 --> 05:39:18.000]  神是很清楚
[05:39:18.000 --> 05:39:19.000]  分辨是非的
[05:39:19.000 --> 05:39:20.000]  在一個分辨是非
[05:39:20.000 --> 05:39:22.000]  黑白不清楚的世界裏面
[05:39:22.000 --> 05:39:24.000]  神說我仍然分辨是非
[05:39:24.000 --> 05:39:25.000]  知道誰壞誰真
[05:39:25.000 --> 05:39:26.000]  誰假
[05:39:26.000 --> 05:39:27.000]  誰服侍我
[05:39:27.000 --> 05:39:28.000]  誰不服侍我
[05:39:28.000 --> 05:39:31.000]  靚姐妹
[05:39:31.000 --> 05:39:33.000]  這個就是我們
[05:39:33.000 --> 05:39:35.000]  要過境前生活的動力
[05:39:35.000 --> 05:39:37.000]  就是這麼多
[05:39:37.000 --> 05:39:38.000]  你自己決定
[05:39:38.000 --> 05:39:39.000]  是否覺得值得
[05:39:39.000 --> 05:39:41.000]  我就覺得值得
[05:39:41.000 --> 05:39:44.000]  反正人生短短幾十年
[05:39:44.000 --> 05:39:46.000]  還有永恆要去
[05:39:46.000 --> 05:39:48.000]  是不是?
[05:39:48.000 --> 05:39:50.000]  如果我們這樣看的時候
[05:39:50.000 --> 05:39:51.000]  突然間我們的世界
[05:39:51.000 --> 05:39:52.000]  就大了很多
[05:39:52.000 --> 05:39:53.000]  我不是做阿Q
[05:39:53.000 --> 05:39:54.000]  我不是教大家
[05:39:54.000 --> 05:39:55.000]  做基督徒做阿Q
[05:39:55.000 --> 05:39:57.000]  因為實際就是那位
[05:39:57.000 --> 05:39:59.000]  真真實實的活神
[05:39:59.000 --> 05:40:00.000]  我們的主
[05:40:00.000 --> 05:40:01.000]  他親口答應的
[05:40:01.000 --> 05:40:03.000]  你要接受我的說法
[05:40:03.000 --> 05:40:04.000]  我不是說阿Q
[05:40:04.000 --> 05:40:06.000]  不是說你自己心靈畏寂
[05:40:06.000 --> 05:40:07.000]  你算了
[05:40:07.000 --> 05:40:08.000]  你輸了給別人
[05:40:08.000 --> 05:40:09.000]  你就上去神搞定他
[05:40:09.000 --> 05:40:10.000]  我不是這樣
[05:40:10.000 --> 05:40:11.000]  神是說的
[05:40:11.000 --> 05:40:12.000]  如果我自己隨便說
[05:40:12.000 --> 05:40:14.000]  我就沒有根據
[05:40:14.000 --> 05:40:15.000]  聖經一句一句
[05:40:15.000 --> 05:40:16.000]  神是這樣說的
[05:40:16.000 --> 05:40:17.000]  是神親口說的
[05:40:17.000 --> 05:40:18.000]  你問我
[05:40:18.000 --> 05:40:19.000]  我覺得值得
[05:40:19.000 --> 05:40:21.000]  咬緊牙根都值得
[05:40:21.000 --> 05:40:23.000]  因為有什麼可以換取
[05:40:23.000 --> 05:40:24.000]  神這樣對我
[05:40:24.000 --> 05:40:25.000]  坦白說
[05:40:25.000 --> 05:40:26.000]  剛才我們說
[05:40:26.000 --> 05:40:27.000]  神則以耳聽
[05:40:27.000 --> 05:40:28.000]  神幫我們記錄
[05:40:28.000 --> 05:40:30.000]  我們那幅圖畫
[05:40:30.000 --> 05:40:31.000]  不是好像
[05:40:31.000 --> 05:40:33.000]  差不多好像一個僕人
[05:40:33.000 --> 05:40:34.000]  跟著主人一樣
[05:40:34.000 --> 05:40:35.000]  你明白嗎?
[05:40:35.000 --> 05:40:37.000]  得以耳聽
[05:40:37.000 --> 05:40:38.000]  用記錄冊
[05:40:38.000 --> 05:40:39.000]  記錄你所有的東西
[05:40:39.000 --> 05:40:40.000]  哇
[05:40:40.000 --> 05:40:42.000]  為什麼神要這樣做
[05:40:42.000 --> 05:40:43.000]  你告訴我
[05:40:43.000 --> 05:40:44.000]  為什麼
[05:40:44.000 --> 05:40:47.000]  為什麼要這樣做
[05:40:47.000 --> 05:40:48.000]  他是誰
[05:40:48.000 --> 05:40:50.000]  他是宇宙的主宰
[05:40:50.000 --> 05:40:53.000]  但神都願意這樣做
[05:40:53.000 --> 05:40:55.000]  這樣你都不願意
[05:40:55.000 --> 05:40:57.000]  這樣都不值得你
[05:40:57.000 --> 05:41:00.000]  大膽過一個敬虔的生活
[05:41:00.000 --> 05:41:01.000]  還說不值得
[05:41:01.000 --> 05:41:03.000]  還說沒有積數
[05:41:03.000 --> 05:41:06.000]  這是神和我們的辯論
[05:41:06.000 --> 05:41:10.000]  你說神是否誇張
[05:41:10.000 --> 05:41:11.000]  不是的
[05:41:11.000 --> 05:41:13.000]  有什麼根據
[05:41:13.000 --> 05:41:14.000]  聖經這樣說
[05:41:14.000 --> 05:41:15.000]  還有
[05:41:15.000 --> 05:41:17.000]  我們唱了很多首詩歌
[05:41:17.000 --> 05:41:18.000]  剛才我們所唱的詩歌
[05:41:18.000 --> 05:41:19.000]  你記不記得
[05:41:19.000 --> 05:41:20.000]  主耶穌
[05:41:20.000 --> 05:41:22.000]  神自己親自來到人間
[05:41:22.000 --> 05:41:23.000]  表現給我們看
[05:41:23.000 --> 05:41:24.000]  祂就是這樣
[05:41:24.000 --> 05:41:26.000]  神為了什麼呢
[05:41:26.000 --> 05:41:27.000]  主耶穌
[05:41:27.000 --> 05:41:31.000]  空中飛鳥有窩
[05:41:31.000 --> 05:41:33.000]  狐狸有洞
[05:41:33.000 --> 05:41:35.000]  連睡覺的地方都沒有
[05:41:35.000 --> 05:41:36.000]  為了什麼
[05:41:36.000 --> 05:41:38.000]  羞辱
[05:41:38.000 --> 05:41:40.000]  俾納比斯第二章所說
[05:41:40.000 --> 05:41:42.000]  本有天上的榮耀
[05:41:42.000 --> 05:41:45.000]  不以神窮等為強奪的反倒虛己
[05:41:45.000 --> 05:41:47.000]  一路做一個最卑微的人
[05:41:47.000 --> 05:41:48.000]  到一個地步
[05:41:48.000 --> 05:41:50.000]  還要死在十字架上
[05:41:50.000 --> 05:41:51.000]  他做了這些一切
[05:41:51.000 --> 05:41:52.000]  採取主動來做
[05:41:52.000 --> 05:41:53.000]  為了什麼
[05:41:53.000 --> 05:41:54.000]  所謂何事
[05:41:54.000 --> 05:41:56.000]  他就是因為愛你的緣故
[05:41:56.000 --> 05:41:57.000]  他愛你的緣故
[05:41:57.000 --> 05:41:58.000]  做到這麼卑微
[05:41:58.000 --> 05:42:00.000]  一個被人屈辱的情況
[05:42:00.000 --> 05:42:01.000]  這是我們的神
[05:42:01.000 --> 05:42:03.000]  我們的神是真的可以這樣做的
[05:42:03.000 --> 05:42:04.000]  記住這件事
[05:42:04.000 --> 05:42:06.000]  如果耶穌沒有來到這個世界
[05:42:06.000 --> 05:42:08.000]  我們還可以說神是這樣說的
[05:42:08.000 --> 05:42:09.000]  他這樣說
[05:42:09.000 --> 05:42:10.000]  誰知道是不是真的
[05:42:10.000 --> 05:42:11.000]  我們看不到摸不到
[05:42:11.000 --> 05:42:12.000]  但是耶穌做了給你看
[05:42:12.000 --> 05:42:13.000]  祂真的是這樣做的
[05:42:13.000 --> 05:42:15.000]  我們神真的可以為了愛我們的緣故
[05:42:15.000 --> 05:42:16.000]  到這樣被人羞辱
[05:42:16.000 --> 05:42:17.000]  被人大驚激潰滅
[05:42:17.000 --> 05:42:19.000]  被人這樣吐口水在臉上
[05:42:19.000 --> 05:42:20.000]  祂都願意的
[05:42:20.000 --> 05:42:23.000]  所以祂這次在馬拉基斯這樣說的時候
[05:42:23.000 --> 05:42:24.000]  是真的
[05:42:24.000 --> 05:42:27.000]  神是真的質疑來聽你的
[05:42:27.000 --> 05:42:28.000]  那有什麼分別
[05:42:28.000 --> 05:42:29.000]  有分別很大
[05:42:29.000 --> 05:42:31.000]  我希望你能明白
[05:42:31.000 --> 05:42:33.000]  當你面對人生那個
[05:42:33.000 --> 05:42:34.000]  剛才說的
[05:42:34.000 --> 05:42:36.000]  很難受的日子裏面
[05:42:36.000 --> 05:42:38.000]  你在兩條十字路口掙扎的時候
[05:42:38.000 --> 05:42:39.000]  那怎麼樣
[05:42:39.000 --> 05:42:41.000]  你心裏發覺很受傷
[05:42:41.000 --> 05:42:42.000]  你告訴自己
[05:42:42.000 --> 05:42:43.000]  我很受傷
[05:42:43.000 --> 05:42:45.000]  我這樣繼續過這些生活的時候
[05:42:45.000 --> 05:42:46.000]  我很受傷的時候
[05:42:46.000 --> 05:42:48.000]  你聽見神說我很顧惜你
[05:42:48.000 --> 05:42:50.000]  神說我顧惜你
[05:42:50.000 --> 05:42:52.000]  因為我知道你是侍奉我的人
[05:42:52.000 --> 05:42:53.000]  你愛我
[05:42:53.000 --> 05:42:55.000]  你堅守你的信仰
[05:42:55.000 --> 05:42:58.000]  就好像一個服侍我的兒子一樣
[05:42:58.000 --> 05:43:00.000]  服侍我的女兒一樣
[05:43:00.000 --> 05:43:01.000]  我很珍惜你
[05:43:01.000 --> 05:43:02.000]  你受傷的時候
[05:43:02.000 --> 05:43:04.000]  神珍惜你
[05:43:04.000 --> 05:43:07.000]  當你心裏很難過的時候
[05:43:07.000 --> 05:43:09.000]  有冤無路訴的時候
[05:43:09.000 --> 05:43:11.000]  神說我執耳而聽
[05:43:11.000 --> 05:43:13.000]  這是回報
[05:43:13.000 --> 05:43:15.000]  當你心裏不知怎麼辦的時候
[05:43:15.000 --> 05:43:17.000]  難過到欲哭無淚的時候
[05:43:17.000 --> 05:43:18.000]  你突然間聽見
[05:43:18.000 --> 05:43:20.000]  然後神說我執耳而聽
[05:43:20.000 --> 05:43:21.000]  沒有人聽你嗎
[05:43:21.000 --> 05:43:22.000]  我聽
[05:43:22.000 --> 05:43:23.000]  我一路聽
[05:43:23.000 --> 05:43:25.000]  當你說我很冤屈
[05:43:25.000 --> 05:43:26.000]  沒有人明白我
[05:43:26.000 --> 05:43:28.000]  每個人都踩我的時候
[05:43:28.000 --> 05:43:30.000]  神說我有一個紀念冊
[05:43:30.000 --> 05:43:32.000]  記錄一切的事
[05:43:32.000 --> 05:43:35.000]  今生可能仍然被人冤屈
[05:43:35.000 --> 05:43:37.000]  我不知道什麼時候才會水落石出
[05:43:37.000 --> 05:43:41.000]  但是在神的紀念冊裏一一記住
[05:43:41.000 --> 05:43:43.000]  有一天大家都會知道
[05:43:43.000 --> 05:43:44.000]  誰對誰錯
[05:43:44.000 --> 05:43:46.000]  誰正誰邪
[05:43:46.000 --> 05:43:48.000]  誰好誰壞
[05:43:48.000 --> 05:43:50.000]  你知道神有紀念冊
[05:43:50.000 --> 05:43:52.000]  你感覺到很不公平的時候
[05:43:52.000 --> 05:43:54.000]  黑白不分的時候
[05:43:54.000 --> 05:43:57.000]  大聲叫大聲喊都沒有人踩你的時候
[05:43:57.000 --> 05:44:01.000]  神說我清楚區分了誰對誰錯
[05:44:01.000 --> 05:44:03.000]  我知道
[05:44:03.000 --> 05:44:05.000]  有一天每個人都要知道
[05:44:05.000 --> 05:44:07.000]  在審判台前每個人都要知道
[05:44:07.000 --> 05:44:08.000]  誰對誰錯
[05:44:08.000 --> 05:44:09.000]  最後我發覺
[05:44:09.000 --> 05:44:11.000]  我覺得我要侍奉神
[05:44:11.000 --> 05:44:13.000]  我要過一個敬請心
[05:44:13.000 --> 05:44:14.000]  我有很大的損失
[05:44:14.000 --> 05:44:15.000]  一而三
[05:44:15.000 --> 05:44:16.000]  一而再再而三
[05:44:16.000 --> 05:44:17.000]  有很大的損失的時候
[05:44:17.000 --> 05:44:21.000]  神說我的產業裏有你宿命的戶口
[05:44:21.000 --> 05:44:25.000]  天上有你的財寶有你的名字
[05:44:25.000 --> 05:44:27.000]  是不會少到的
[05:44:27.000 --> 05:44:28.000]  你每一次的犧牲
[05:44:28.000 --> 05:44:29.000]  上了去
[05:44:29.000 --> 05:44:31.000]  入了戶口
[05:44:31.000 --> 05:44:33.000]  我希望我不會說得太沉悶
[05:44:33.000 --> 05:44:35.000]  我希望這些說話能夠給我們
[05:44:35.000 --> 05:44:37.000]  每一個頂尖離開這裏的時候
[05:44:37.000 --> 05:44:38.000]  有一種信念
[05:44:38.000 --> 05:44:40.000]  面對這個很現實的世界
[05:44:40.000 --> 05:44:41.000]  坦白說
[05:44:41.000 --> 05:44:42.000]  我們明天出營
[05:44:42.000 --> 05:44:44.000]  明天還要上班
[05:44:44.000 --> 05:44:45.000]  不用了
[05:44:45.000 --> 05:44:46.000]  出營不要上班
[05:44:46.000 --> 05:44:47.000]  星期五要上班
[05:44:47.000 --> 05:44:48.000]  可能拿完假了
[05:44:48.000 --> 05:44:49.000]  總之我們就要上班
[05:44:49.000 --> 05:44:51.000]  又要面對這個世界
[05:44:51.000 --> 05:44:54.000]  我不希望我們這幾天在這裏所聽的道
[05:44:54.000 --> 05:44:56.000]  到時花唯烏有
[05:44:56.000 --> 05:44:58.000]  興奮完一輪
[05:44:58.000 --> 05:44:59.000]  唱完一輪詩歌
[05:44:59.000 --> 05:45:00.000]  聽完一輪聖經
[05:45:00.000 --> 05:45:01.000]  皮完一輪土
[05:45:01.000 --> 05:45:03.000]  回到去又重歸故我
[05:45:03.000 --> 05:45:04.000]  又是這樣過日子
[05:45:04.000 --> 05:45:05.000]  又是這樣
[05:45:05.000 --> 05:45:06.000]  這個世界這麼現實
[05:45:06.000 --> 05:45:07.000]  我怎麼捱
[05:45:07.000 --> 05:45:08.000]  碌碌碌碌
[05:45:08.000 --> 05:45:09.000]  扶扶碌碌就算了
[05:45:09.000 --> 05:45:11.000]  是不是
[05:45:11.000 --> 05:45:12.000]  我不想這樣
[05:45:12.000 --> 05:45:13.000]  弟兄姊妹
[05:45:13.000 --> 05:45:14.000]  我真的不想這樣
[05:45:14.000 --> 05:45:16.000]  我不是因為希望這個令他們有什麼果效
[05:45:16.000 --> 05:45:17.000]  我不計這些
[05:45:17.000 --> 05:45:19.000]  在天上面自己知道
[05:45:19.000 --> 05:45:21.000]  但我希望每一個人的生命裏面
[05:45:21.000 --> 05:45:22.000]  你走出去的時候
[05:45:22.000 --> 05:45:23.000]  離開這裏的時候
[05:45:23.000 --> 05:45:24.000]  你今晚要決定在神面前說
[05:45:24.000 --> 05:45:25.000]  神呀
[05:45:25.000 --> 05:45:27.000]  我決定在你面前過一個敬虔的生活
[05:45:27.000 --> 05:45:29.000]  因為我知道是值得的
[05:45:29.000 --> 05:45:31.000]  有你這樣做
[05:45:31.000 --> 05:45:33.000]  這麼抵撚來質疑聽我
[05:45:33.000 --> 05:45:35.000]  我多大呀多大呀
[05:45:35.000 --> 05:45:37.000]  我多大都做一個敬虔的人
[05:45:37.000 --> 05:45:39.000]  那個硬硬正正光明磊落的生活
[05:45:39.000 --> 05:45:40.000]  有沒有犧牲呀
[05:45:40.000 --> 05:45:41.000]  有犧牲呀
[05:45:41.000 --> 05:45:42.000]  感情上可能犧牲
[05:45:42.000 --> 05:45:43.000]  錢可能犧牲
[05:45:43.000 --> 05:45:44.000]  這些東西很禮真的
[05:45:44.000 --> 05:45:45.000]  真金白銀的
[05:45:45.000 --> 05:45:46.000]  感情上面有折磨的
[05:45:46.000 --> 05:45:47.000]  很慘的
[05:45:47.000 --> 05:45:48.000]  值不值得呀
[05:45:48.000 --> 05:45:49.000]  吸一口氣
[05:45:49.000 --> 05:45:50.000]  值得
[05:45:50.000 --> 05:45:51.000]  因為在神那裏有回報
[05:45:51.000 --> 05:45:53.000]  我從今之後
[05:45:53.000 --> 05:45:56.000]  我不用一個consumer的角度
[05:45:56.000 --> 05:45:57.000]  我不用一個消費者的角度
[05:45:57.000 --> 05:45:58.000]  去看我自己的人生
[05:45:58.000 --> 05:46:00.000]  我要從一個從神的角度
[05:46:00.000 --> 05:46:01.000]  敬畏神的人
[05:46:01.000 --> 05:46:03.000]  彼此討論那個觀點
[05:46:03.000 --> 05:46:05.000]  來看人生
[05:46:05.000 --> 05:46:07.000]  然後到第四章
[05:46:07.000 --> 05:46:13.000]  講三次裏面
[05:46:13.000 --> 05:46:14.000]  就真的講到永恆了
[05:46:14.000 --> 05:46:16.000]  那裏會講到火
[05:46:16.000 --> 05:46:18.000]  講到終極
[05:46:18.000 --> 05:46:21.000]  我相信那裏特別是尤其是先知宣
[05:46:21.000 --> 05:46:24.000]  最後那part一定是講到預言式的講法
[05:46:24.000 --> 05:46:26.000]  我們可以將他看為預言
[05:46:26.000 --> 05:46:28.000]  第四章那三節就預言到將來
[05:46:28.000 --> 05:46:30.000]  在永恆和神在一起的時候
[05:46:30.000 --> 05:46:33.000]  你就會見到真相大白不得已
[05:46:33.000 --> 05:46:34.000]  剛才我們所講的那些
[05:46:34.000 --> 05:46:36.000]  那個惡人
[05:46:36.000 --> 05:46:37.000]  義人
[05:46:37.000 --> 05:46:39.000]  和惡人之間的分別
[05:46:39.000 --> 05:46:42.000]  那裏就講到狂傲人的結局
[05:46:42.000 --> 05:46:44.000]  我們不是刻意想弄壞他
[05:46:44.000 --> 05:46:45.000]  講壞他
[05:46:45.000 --> 05:46:46.000]  於是覺得自己稱高
[05:46:46.000 --> 05:46:47.000]  不是
[05:46:47.000 --> 05:46:48.000]  我們今天都不詳細講
[05:46:48.000 --> 05:46:50.000]  但我們知道聖經是講得很清楚
[05:46:50.000 --> 05:46:53.000]  他在今生裏面不敬虔的
[05:46:53.000 --> 05:46:56.000]  不肯跟隨神的標準
[05:46:56.000 --> 05:46:58.000]  不肯和他建立一個好的關係
[05:46:58.000 --> 05:46:59.000]  他將來的結局
[05:46:59.000 --> 05:47:00.000]  聖經講得很清楚
[05:47:00.000 --> 05:47:01.000]  對不起喜歡不喜歡都好
[05:47:01.000 --> 05:47:02.000]  都是這樣的結局
[05:47:02.000 --> 05:47:03.000]  這個就是聖經所講的結局
[05:47:03.000 --> 05:47:05.000]  我相信很有意思的
[05:47:05.000 --> 05:47:09.000]  如果你對比起那個狂傲人的結局
[05:47:09.000 --> 05:47:10.000]  第四章第一節
[05:47:10.000 --> 05:47:13.000]  萬鈞二號說哪一天臨近細雨
[05:47:13.000 --> 05:47:15.000]  燒著火爐犯狂傲的人
[05:47:15.000 --> 05:47:16.000]  剛才講的那些
[05:47:16.000 --> 05:47:17.000]  狂傲的人怎樣呢
[05:47:17.000 --> 05:47:18.000]  他們行過一邊
[05:47:18.000 --> 05:47:21.000]  好像碎街在火中被燒盡
[05:47:21.000 --> 05:47:23.000]  然後第二樣根本的枝條
[05:47:23.000 --> 05:47:24.000]  一無全留
[05:47:24.000 --> 05:47:25.000]  很有意思的
[05:47:25.000 --> 05:47:28.000]  剛才你記不記得我講的歪論裏面
[05:47:28.000 --> 05:47:29.000]  那幫人
[05:47:29.000 --> 05:47:30.000]  那些基督徒或者那些當時的以色列人
[05:47:30.000 --> 05:47:31.000]  他不甘心
[05:47:31.000 --> 05:47:32.000]  說狂傲的人是有福的
[05:47:32.000 --> 05:47:33.000]  為什麼
[05:47:33.000 --> 05:47:34.000]  他舉了兩個理由出來
[05:47:34.000 --> 05:47:35.000]  第一
[05:47:35.000 --> 05:47:36.000]  那些狂傲的人的閒惡
[05:47:36.000 --> 05:47:37.000]  但是可以挺得住
[05:47:37.000 --> 05:47:38.000]  他不倒下的
[05:47:38.000 --> 05:47:39.000]  舉他不倒下
[05:47:39.000 --> 05:47:40.000]  我們比較俗一點來說
[05:47:40.000 --> 05:47:41.000]  是不是
[05:47:41.000 --> 05:47:43.000]  他這麼壞
[05:47:43.000 --> 05:47:44.000]  不倒下的
[05:47:44.000 --> 05:47:45.000]  第一
[05:47:45.000 --> 05:47:46.000]  第二
[05:47:46.000 --> 05:47:47.000]  他要試探神
[05:47:47.000 --> 05:47:48.000]  牙刷刷
[05:47:48.000 --> 05:47:50.000]  他竟然可以逃脫
[05:47:50.000 --> 05:47:51.000]  沒事
[05:47:51.000 --> 05:47:53.000]  揭發都不揭發到他
[05:47:53.000 --> 05:47:54.000]  有什麼理由
[05:47:54.000 --> 05:47:56.000]  這兩個就是今生裏面
[05:47:56.000 --> 05:47:58.000]  很多時候我們見到的現實
[05:47:58.000 --> 05:47:59.000]  狂傲的人是這樣
[05:47:59.000 --> 05:48:02.000]  不過神說到那一天
[05:48:02.000 --> 05:48:03.000]  剛剛相反
[05:48:03.000 --> 05:48:05.000]  你說他們挺得住
[05:48:05.000 --> 05:48:06.000]  他們到那一天
[05:48:06.000 --> 05:48:08.000]  就好像那些碎街
[05:48:08.000 --> 05:48:10.000]  那些禾稈草
[05:48:10.000 --> 05:48:11.000]  碎了禾稈草
[05:48:11.000 --> 05:48:12.000]  在火裏面燒
[05:48:12.000 --> 05:48:14.000]  大家知道禾稈草一燒又怎樣
[05:48:14.000 --> 05:48:15.000]  沒有走雞的
[05:48:15.000 --> 05:48:16.000]  一定燒了
[05:48:16.000 --> 05:48:17.000]  一直燙過去
[05:48:17.000 --> 05:48:18.000]  是不是
[05:48:18.000 --> 05:48:19.000]  你自己一堆禾稈草一燒
[05:48:19.000 --> 05:48:20.000]  燒完有沒有兩條剩
[05:48:20.000 --> 05:48:21.000]  一定沒有剩
[05:48:21.000 --> 05:48:24.000]  因為它是很幼很乾很脆的
[05:48:24.000 --> 05:48:25.000]  所以那些火
[05:48:25.000 --> 05:48:26.000]  遠遠地都可以燙著
[05:48:26.000 --> 05:48:28.000]  所以現在這麼怕那些大火
[05:48:28.000 --> 05:48:29.000]  譬如加州的森林大火
[05:48:29.000 --> 05:48:30.000]  或者澳洲的大火
[05:48:30.000 --> 05:48:31.000]  就是這樣
[05:48:31.000 --> 05:48:32.000]  因為為什麼呢
[05:48:32.000 --> 05:48:34.000]  只要距離有尺多兩尺都好
[05:48:34.000 --> 05:48:35.000]  夠熱
[05:48:35.000 --> 05:48:37.000]  那些自己就會燙著
[05:48:37.000 --> 05:48:39.000]  那些禾稈草就是這樣
[05:48:39.000 --> 05:48:41.000]  碎的街就是這樣
[05:48:41.000 --> 05:48:43.000]  那班人的結局
[05:48:43.000 --> 05:48:44.000]  就好像這樣
[05:48:44.000 --> 05:48:46.000]  沒有一樣東西可以撐得住
[05:48:46.000 --> 05:48:48.000]  沒有一樣東西可以走得掉
[05:48:48.000 --> 05:48:49.000]  跟著他就說
[05:48:49.000 --> 05:48:51.000]  他根本的支條
[05:48:51.000 --> 05:48:52.000]  他最撐著的那一條
[05:48:52.000 --> 05:48:55.000]  一無全無
[05:48:55.000 --> 05:48:56.000]  全部都沒有
[05:48:56.000 --> 05:48:57.000]  沒有一條站得穩
[05:48:57.000 --> 05:48:58.000]  今天他靠錢
[05:48:58.000 --> 05:48:59.000]  今天他靠名
[05:48:59.000 --> 05:49:01.000]  今天他靠人面
[05:49:01.000 --> 05:49:03.000]  今天他靠權力撐得住他
[05:49:03.000 --> 05:49:04.000]  沒錯你推都推不動他
[05:49:04.000 --> 05:49:06.000]  是啊你推不動他
[05:49:06.000 --> 05:49:07.000]  結果那天
[05:49:07.000 --> 05:49:08.000]  這些全部被神抽起
[05:49:08.000 --> 05:49:10.000]  塌了
[05:49:10.000 --> 05:49:12.000]  我們不是想幸災樂禍
[05:49:12.000 --> 05:49:13.000]  但我們知道
[05:49:13.000 --> 05:49:14.000]  這個是他們的結局
[05:49:14.000 --> 05:49:16.000]  我們看到他們的結局的時候
[05:49:16.000 --> 05:49:19.000]  我們心裏就不會這麼心心不忿
[05:49:19.000 --> 05:49:22.000]  我們要永恆地體現
[05:49:22.000 --> 05:49:24.000]  基督徒之所以特別
[05:49:24.000 --> 05:49:26.000]  因為我們有一個永恆的視野
[05:49:26.000 --> 05:49:28.000]  一個永恆的視野
[05:49:28.000 --> 05:49:29.000]  是那些只有今生的人沒有的
[05:49:29.000 --> 05:49:31.000]  今生的人就玩到盡
[05:49:31.000 --> 05:49:32.000]  他認為這樣就是了
[05:49:32.000 --> 05:49:33.000]  That's it
[05:49:33.000 --> 05:49:34.000]  我玩到盡
[05:49:34.000 --> 05:49:35.000]  但基督徒說好
[05:49:35.000 --> 05:49:36.000]  你一樣是這樣玩
[05:49:36.000 --> 05:49:38.000]  我知道我沒有你的辦法
[05:49:38.000 --> 05:49:39.000]  我也不報仇
[05:49:39.000 --> 05:49:41.000]  不過我從永恆看回頭
[05:49:41.000 --> 05:49:42.000]  今天你走得掉
[05:49:42.000 --> 05:49:43.000]  到那天
[05:49:43.000 --> 05:49:45.000]  你就好像那些碎街
[05:49:45.000 --> 05:49:47.000]  在火中沒有一條走得掉
[05:49:47.000 --> 05:49:48.000]  你今天撐得住
[05:49:48.000 --> 05:49:49.000]  你靠你的地位
[05:49:49.000 --> 05:49:51.000]  你自己的錢撐得住
[05:49:51.000 --> 05:49:52.000]  但是到那天
[05:49:52.000 --> 05:49:55.000]  沒有一條支撐的東西
[05:49:55.000 --> 05:49:57.000]  可以有存留在誠意
[05:49:57.000 --> 05:49:58.000]  是不是很有意思的
[05:49:58.000 --> 05:50:00.000]  剛才那兩個歪論的兩個根據
[05:50:00.000 --> 05:50:05.000]  兩個終極的結局答覆了你
[05:50:05.000 --> 05:50:07.000]  接著我們更加有興趣的當然是說
[05:50:07.000 --> 05:50:10.000]  侍奉神的人的結局又怎樣呢
[05:50:10.000 --> 05:50:12.000]  侍奉神的人的結局
[05:50:12.000 --> 05:50:14.000]  是一樣又是對比的
[05:50:14.000 --> 05:50:17.000]  第二節那裏說什麼
[05:50:17.000 --> 05:50:20.000]  但向你們敬畏我名的人
[05:50:20.000 --> 05:50:22.000]  必有公義的日頭出現
[05:50:22.000 --> 05:50:25.000]  其光線有醫治之能
[05:50:25.000 --> 05:50:27.000]  這一句也很辛苦
[05:50:27.000 --> 05:50:29.000]  也是相當難讀的這一句
[05:50:29.000 --> 05:50:31.000]  尤其是在一百年前
[05:50:31.000 --> 05:50:33.000]  西教士翻譯的
[05:50:33.000 --> 05:50:36.000]  他真的對於原文的字母
[05:50:36.000 --> 05:50:38.000]  現在這幾十年這麼多的研究
[05:50:38.000 --> 05:50:39.000]  知道這麼多的資料
[05:50:39.000 --> 05:50:41.000]  所以他也不是很清楚
[05:50:41.000 --> 05:50:43.000]  其實這句話很文學性
[05:50:43.000 --> 05:50:45.000]  文學性我就將它再用中文
[05:50:45.000 --> 05:50:46.000]  試試這樣翻譯出來
[05:50:46.000 --> 05:50:48.000]  就是說這句話是什麼呢
[05:50:48.000 --> 05:50:52.000]  是好像帶著醫治能力的翅膀
[05:50:52.000 --> 05:50:56.000]  飛向升起的公義太陽
[05:50:56.000 --> 05:50:58.000]  我只能夠這樣翻譯
[05:50:58.000 --> 05:51:01.000]  可以說是一幅很美麗的圖畫
[05:51:01.000 --> 05:51:04.000]  一個金光閃閃升起的太陽
[05:51:04.000 --> 05:51:05.000]  這個叫公義的太陽
[05:51:05.000 --> 05:51:07.000]  不是一個將來到末世的時候
[05:51:07.000 --> 05:51:09.000]  將來天堂的時候
[05:51:09.000 --> 05:51:12.000]  這個還沒有地球上太陽這些星球
[05:51:12.000 --> 05:51:14.000]  那個太陽是象徵的說法
[05:51:14.000 --> 05:51:15.000]  一個公義的太陽
[05:51:15.000 --> 05:51:18.000]  光明的那種榮光的太陽升起的時候
[05:51:18.000 --> 05:51:20.000]  每一個敬畏他的人
[05:51:20.000 --> 05:51:22.000]  就承著這個醫治的
[05:51:22.000 --> 05:51:24.000]  就是說已經創傷
[05:51:24.000 --> 05:51:25.000]  曾經傷過
[05:51:25.000 --> 05:51:26.000]  好像啟示錄裏面說
[05:51:26.000 --> 05:51:28.000]  好像被殺過的羔羊
[05:51:28.000 --> 05:51:29.000]  還有傷痕的
[05:51:29.000 --> 05:51:30.000]  但是已經過去了
[05:51:30.000 --> 05:51:31.000]  這些一切
[05:51:31.000 --> 05:51:34.000]  那個醫治帶著醫治能力的翅膀
[05:51:34.000 --> 05:51:38.000]  飛向這個公義升起的太陽
[05:51:38.000 --> 05:51:39.000]  很美麗的
[05:51:39.000 --> 05:51:41.000]  我不是一個很文學性的人
[05:51:41.000 --> 05:51:43.000]  所以我沒辦法表達
[05:51:43.000 --> 05:51:46.000]  李斯敬那些就講了很多東西
[05:51:46.000 --> 05:51:47.000]  我講不了
[05:51:47.000 --> 05:51:49.000]  我只能夠盡量將這個原文描述給你看
[05:51:49.000 --> 05:51:50.000]  就是這樣
[05:51:50.000 --> 05:51:52.000]  其實我自己覺得很美麗的
[05:51:52.000 --> 05:51:55.000]  一個金光燦爛的公義的榮光
[05:51:55.000 --> 05:51:57.000]  我們每一個人承著
[05:51:57.000 --> 05:51:59.000]  我們本身每個人有自己的創傷
[05:51:59.000 --> 05:52:01.000]  但是我們已經帶著我們創傷之後
[05:52:01.000 --> 05:52:02.000]  醫治了的能力
[05:52:02.000 --> 05:52:03.000]  那個翅膀
[05:52:03.000 --> 05:52:04.000]  一路拍翼
[05:52:04.000 --> 05:52:05.000]  這個能力令我們一路拍翼
[05:52:05.000 --> 05:52:07.000]  一路奔向這個太陽
[05:52:07.000 --> 05:52:09.000]  充滿了榮光
[05:52:09.000 --> 05:52:10.000]  黑夜過去
[05:52:10.000 --> 05:52:12.000]  黑夜會過去
[05:52:12.000 --> 05:52:14.000]  光明在前面
[05:52:14.000 --> 05:52:15.000]  第二
[05:52:15.000 --> 05:52:16.000]  他說
[05:52:16.000 --> 05:52:21.000]  你們必出來跳躍於圈裏面的肥族
[05:52:21.000 --> 05:52:22.000]  這個是肥牛族
[05:52:22.000 --> 05:52:24.000]  牛族就是那些牛仔
[05:52:24.000 --> 05:52:26.000]  很健壯的
[05:52:26.000 --> 05:52:27.000]  很開心的牛仔
[05:52:27.000 --> 05:52:29.000]  在圈裏面一放出來
[05:52:29.000 --> 05:52:30.000]  牠就跳
[05:52:30.000 --> 05:52:31.000]  四處跑
[05:52:31.000 --> 05:52:32.000]  收不到掣
[05:52:32.000 --> 05:52:33.000]  因為牠很開心
[05:52:33.000 --> 05:52:34.000]  有得玩
[05:52:34.000 --> 05:52:35.000]  為什麼呢
[05:52:35.000 --> 05:52:36.000]  通常呢
[05:52:36.000 --> 05:52:37.000]  學者說
[05:52:37.000 --> 05:52:38.000]  通常是因為
[05:52:38.000 --> 05:52:39.000]  很多時候那些牛
[05:52:39.000 --> 05:52:40.000]  牠生牛仔
[05:52:40.000 --> 05:52:42.000]  就是在天冷的時間
[05:52:42.000 --> 05:52:43.000]  天冷的時間生了
[05:52:43.000 --> 05:52:45.000]  那些牛仔沒有地方可以走
[05:52:45.000 --> 05:52:46.000]  牠的圈在涼
[05:52:46.000 --> 05:52:47.000]  因為外面很冷
[05:52:47.000 --> 05:52:48.000]  不讓牠出去
[05:52:48.000 --> 05:52:49.000]  到了春天來了
[05:52:49.000 --> 05:52:50.000]  到了陽光出來
[05:52:50.000 --> 05:52:51.000]  暖了
[05:52:51.000 --> 05:52:52.000]  溫暖的時候
[05:52:52.000 --> 05:52:53.000]  一打開
[05:52:53.000 --> 05:52:54.000]  牠就玩
[05:52:54.000 --> 05:52:55.000]  很開心
[05:52:55.000 --> 05:52:56.000]  在那裏跳
[05:52:56.000 --> 05:52:57.000]  亂跳
[05:52:57.000 --> 05:52:58.000]  那種歡樂
[05:52:58.000 --> 05:52:59.000]  那種躍動的感覺
[05:52:59.000 --> 05:53:00.000]  很開心
[05:53:00.000 --> 05:53:01.000]  好像我們剛才唱首詩歌
[05:53:01.000 --> 05:53:02.000]  跳舞
[05:53:02.000 --> 05:53:03.000]  唱歌
[05:53:03.000 --> 05:53:04.000]  那種感覺
[05:53:04.000 --> 05:53:05.000]  因為為什麼呢
[05:53:05.000 --> 05:53:06.000]  冬天
[05:53:06.000 --> 05:53:07.000]  寒冷已經過去
[05:53:07.000 --> 05:53:10.000]  寒冷過後
[05:53:10.000 --> 05:53:13.000]  是牛族躍動的喜樂
[05:53:13.000 --> 05:53:15.000]  黑夜過後
[05:53:15.000 --> 05:53:17.000]  是白天
[05:53:17.000 --> 05:53:19.000]  公義太陽升起
[05:53:19.000 --> 05:53:20.000]  我們乘著伊治的翅膀
[05:53:20.000 --> 05:53:22.000]  飛向太陽的光明
[05:53:22.000 --> 05:53:24.000]  有時候我們覺得
[05:53:24.000 --> 05:53:26.000]  因為有黑暗
[05:53:26.000 --> 05:53:28.000]  所以我們才特別珍惜到
[05:53:28.000 --> 05:53:30.000]  那個光明是多麼美麗
[05:53:30.000 --> 05:53:32.000]  就是因為有寒冷過後
[05:53:32.000 --> 05:53:33.000]  我們才明白
[05:53:33.000 --> 05:53:35.000]  溫暖可以到處躍動的時候
[05:53:35.000 --> 05:53:36.000]  那種歡樂
[05:53:36.000 --> 05:53:37.000]  大家明白我說什麼嗎?
[05:53:37.000 --> 05:53:39.000]  這個就是我們在最後
[05:53:39.000 --> 05:53:40.000]  我們和神永恆在一起
[05:53:40.000 --> 05:53:41.000]  在天堂的生活裏面
[05:53:41.000 --> 05:53:42.000]  那幅圖畫
[05:53:42.000 --> 05:53:44.000]  我不知道這幅圖畫
[05:53:44.000 --> 05:53:45.000]  這種盼望
[05:53:45.000 --> 05:53:47.000]  是不是好像聖經裏面的信徒一樣
[05:53:47.000 --> 05:53:48.000]  好像保羅一樣
[05:53:48.000 --> 05:53:49.000]  不斷的鼓勵他
[05:53:49.000 --> 05:53:52.000]  好像保羅在哥倫多後書所說的
[05:53:52.000 --> 05:53:55.000]  這些我見到將來永遠
[05:53:55.000 --> 05:53:57.000]  極重無比的榮耀
[05:53:57.000 --> 05:54:00.000]  言今自詫自輕的苦楚
[05:54:00.000 --> 05:54:02.000]  就不值得介意了
[05:54:02.000 --> 05:54:03.000]  你記得嗎?
[05:54:03.000 --> 05:54:04.000]  坦白說
[05:54:04.000 --> 05:54:05.000]  保羅所受的苦楚
[05:54:05.000 --> 05:54:07.000]  絕對不自詫自輕
[05:54:07.000 --> 05:54:08.000]  是不是?
[05:54:08.000 --> 05:54:09.000]  跟著哥倫多後書十二章
[05:54:09.000 --> 05:54:11.000]  就說到保羅受了多少苦
[05:54:11.000 --> 05:54:13.000]  又被人鞭打
[05:54:13.000 --> 05:54:14.000]  石頭打過
[05:54:14.000 --> 05:54:15.000]  差不多被蛇咬
[05:54:15.000 --> 05:54:16.000]  差不多死了
[05:54:16.000 --> 05:54:17.000]  是不是?
[05:54:17.000 --> 05:54:18.000]  還要終日勞碌
[05:54:18.000 --> 05:54:20.000]  還要擔心教會
[05:54:20.000 --> 05:54:21.000]  弟兄姊妹
[05:54:21.000 --> 05:54:22.000]  保羅很苦的
[05:54:22.000 --> 05:54:24.000]  但是保羅竟然可以說自詫自輕
[05:54:24.000 --> 05:54:25.000]  為什麼呢?
[05:54:25.000 --> 05:54:26.000]  他不是掩著良心說的
[05:54:26.000 --> 05:54:28.000]  他是因為見到將來
[05:54:28.000 --> 05:54:30.000]  那個極重永遠無比的榮耀的時候
[05:54:30.000 --> 05:54:31.000]  一對比起來
[05:54:31.000 --> 05:54:32.000]  言今我所受的
[05:54:32.000 --> 05:54:35.000]  因為有了盼望就變得自詫自輕
[05:54:35.000 --> 05:54:36.000]  弟兄姊妹
[05:54:36.000 --> 05:54:37.000]  你知不知道盼望是很大的力量
[05:54:37.000 --> 05:54:39.000]  當一個人沒有了盼望的時候
[05:54:39.000 --> 05:54:41.000]  他就沒辦法捱到現在的困難
[05:54:41.000 --> 05:54:43.000]  當他知道前面還有路可走
[05:54:43.000 --> 05:54:44.000]  將來有一個出路
[05:54:44.000 --> 05:54:46.000]  我現在是黑夜
[05:54:46.000 --> 05:54:47.000]  但是將來會光明的
[05:54:47.000 --> 05:54:49.000]  這個黑夜就會變得短暫
[05:54:49.000 --> 05:54:50.000]  我可以捱下去
[05:54:50.000 --> 05:54:52.000]  最怕就是黑夜之後還是黑夜
[05:54:52.000 --> 05:54:53.000]  永遠都是黑夜
[05:54:53.000 --> 05:54:55.000]  最後黑夜完結之後化為烏有
[05:54:55.000 --> 05:54:56.000]  人死一了百了
[05:54:56.000 --> 05:54:57.000]  這樣就慘了
[05:54:57.000 --> 05:54:58.000]  我真的沒有盼望
[05:54:58.000 --> 05:54:59.000]  不怪那些人自殺
[05:54:59.000 --> 05:55:00.000]  因為前面沒有東西看
[05:55:00.000 --> 05:55:02.000]  但是我們一樣有黑夜
[05:55:02.000 --> 05:55:03.000]  不過在黑夜的遠遠
[05:55:03.000 --> 05:55:05.000]  我們見到有光在那裏
[05:55:05.000 --> 05:55:06.000]  那個公義的太陽升起在那裏
[05:55:06.000 --> 05:55:09.000]  有一天我要乘著醫治了能力的翅膀
[05:55:09.000 --> 05:55:10.000]  要飛向那裏
[05:55:10.000 --> 05:55:14.000]  我很深這種感受
[05:55:14.000 --> 05:55:15.000]  很光明
[05:55:16.000 --> 05:55:19.000]  我自己太太離開世界的時候
[05:55:19.000 --> 05:55:21.000]  我自己很驚訝
[05:55:21.000 --> 05:55:23.000]  我沒有好像我自己想像中
[05:55:23.000 --> 05:55:25.000]  完全的絕望地愛
[05:55:25.000 --> 05:55:27.000]  我相信這個就是盼望
[05:55:27.000 --> 05:55:30.000]  我還記得那天早上五點多離開世界
[05:55:30.000 --> 05:55:32.000]  打電話來我家醫生
[05:55:32.000 --> 05:55:34.000]  打電話說你快點來醫院
[05:55:34.000 --> 05:55:35.000]  我馬上衝去
[05:55:35.000 --> 05:55:37.000]  搭的士衝到威爾斯醫院
[05:55:37.000 --> 05:55:38.000]  我太太已經離開了世界
[05:55:38.000 --> 05:55:40.000]  她還暖的
[05:55:40.000 --> 05:55:41.000]  不過已經離開了世界
[05:55:41.000 --> 05:55:43.000]  我和一些見證都說過
[05:55:43.000 --> 05:55:46.000]  在她身邊和她談了很多話
[05:55:46.000 --> 05:55:48.000]  心裏面很平靜
[05:55:48.000 --> 05:55:50.000]  當然是一個很深的難過
[05:55:50.000 --> 05:55:52.000]  因為她分離之苦
[05:55:52.000 --> 05:55:54.000]  但心裏面是一種很深的寧靜
[05:55:54.000 --> 05:55:56.000]  跟著我就離開
[05:55:56.000 --> 05:55:58.000]  安排了他們把屍體放進去
[05:55:58.000 --> 05:56:01.000]  帶到停屍室裏
[05:56:01.000 --> 05:56:03.000]  我自己辦完手續
[05:56:03.000 --> 05:56:04.000]  死亡證
[05:56:04.000 --> 05:56:05.000]  我就離開
[05:56:05.000 --> 05:56:06.000]  剛剛那時早上八點多
[05:56:06.000 --> 05:56:07.000]  還記得
[05:56:07.000 --> 05:56:09.000]  一走出去威爾斯親王醫院門口
[05:56:09.000 --> 05:56:11.000]  看見陽光下來
[05:56:11.000 --> 05:56:13.000]  我突然心裏面
[05:56:13.000 --> 05:56:15.000]  不自覺湧出一句說話
[05:56:15.000 --> 05:56:16.000]  我和我太太說
[05:56:16.000 --> 05:56:17.000]  天上的太太說
[05:56:17.000 --> 05:56:18.000]  雅玲
[05:56:18.000 --> 05:56:20.000]  我知道你會很開心
[05:56:20.000 --> 05:56:22.000]  我太太是一個很喜歡
[05:56:22.000 --> 05:56:23.000]  游山玩水
[05:56:23.000 --> 05:56:25.000]  她是讀藝術的
[05:56:25.000 --> 05:56:26.000]  她喜歡音樂的
[05:56:26.000 --> 05:56:27.000]  她是一個很自由的人
[05:56:27.000 --> 05:56:29.000]  認識我太太雅玲的一些頂尖妹妹
[05:56:29.000 --> 05:56:31.000]  當年我們都知道
[05:56:31.000 --> 05:56:32.000]  她是一個很自由的人
[05:56:32.000 --> 05:56:33.000]  當她生病的時候
[05:56:33.000 --> 05:56:34.000]  多慘啊
[05:56:34.000 --> 05:56:35.000]  戴著鐵架
[05:56:35.000 --> 05:56:36.000]  因為腰比較硬
[05:56:36.000 --> 05:56:37.000]  扭的脊骨
[05:56:37.000 --> 05:56:38.000]  差不多吃斷了
[05:56:38.000 --> 05:56:40.000]  頸也差不多吃斷了
[05:56:40.000 --> 05:56:41.000]  完全不能動
[05:56:41.000 --> 05:56:42.000]  躺在那裏的時候
[05:56:42.000 --> 05:56:44.000]  是多麼的苦
[05:56:44.000 --> 05:56:45.000]  但突然那天
[05:56:45.000 --> 05:56:46.000]  我走出去醫院的時候
[05:56:46.000 --> 05:56:47.000]  我突然感覺到
[05:56:47.000 --> 05:56:49.000]  我呼吸了很新鮮的空氣
[05:56:49.000 --> 05:56:50.000]  不是為了我自己
[05:56:50.000 --> 05:56:51.000]  突然我看見陽光的時候
[05:56:51.000 --> 05:56:52.000]  我彷彿見到我太太
[05:56:52.000 --> 05:56:53.000]  就好像剛才說的
[05:56:53.000 --> 05:56:55.000]  乘著那個醫治翅膀的能力
[05:56:55.000 --> 05:56:57.000]  飛向那個太陽
[05:56:57.000 --> 05:56:59.000]  我心裏面和我太太聊天
[05:56:59.000 --> 05:57:00.000]  我說雅玲
[05:57:00.000 --> 05:57:02.000]  你可以很開心
[05:57:02.000 --> 05:57:03.000]  那時我覺得很遺憾
[05:57:03.000 --> 05:57:05.000]  沒辦法去到這裏游山玩水
[05:57:05.000 --> 05:57:06.000]  沒辦法去到大陸
[05:57:06.000 --> 05:57:08.000]  去走走那些高山順
[05:57:08.000 --> 05:57:09.000]  和山俊嶺
[05:57:09.000 --> 05:57:10.000]  沒辦法再去歐洲
[05:57:10.000 --> 05:57:12.000]  再看那些湖和那些山脈
[05:57:12.000 --> 05:57:14.000]  和那些教堂
[05:57:14.000 --> 05:57:15.000]  我不需要
[05:57:15.000 --> 05:57:16.000]  你現在在天堂裏面
[05:57:16.000 --> 05:57:18.000]  飛上去看任何東西
[05:57:18.000 --> 05:57:20.000]  都比這個地球更美
[05:57:20.000 --> 05:57:21.000]  我心裏面就有一種
[05:57:21.000 --> 05:57:22.000]  很深的安慰
[05:57:22.000 --> 05:57:24.000]  這是一個盼望
[05:57:24.000 --> 05:57:25.000]  而帶來的力量
[05:57:25.000 --> 05:57:27.000]  死亡都不可以勝過
[05:57:27.000 --> 05:57:29.000]  因為我們知道將來
[05:57:29.000 --> 05:57:31.000]  黑暗之下是有光明
[05:57:31.000 --> 05:57:32.000]  是有太陽
[05:57:32.000 --> 05:57:34.000]  這個黑暗就變得有意思
[05:57:34.000 --> 05:57:37.000]  而不是一種陰暗的絕望
[05:57:37.000 --> 05:57:39.000]  然後在這裏說
[05:57:39.000 --> 05:57:40.000]  寒冷之後
[05:57:40.000 --> 05:57:41.000]  是可以有歡樂
[05:57:41.000 --> 05:57:42.000]  可以跳躍
[05:57:42.000 --> 05:57:45.000]  我知道我們每一個人
[05:57:45.000 --> 05:57:47.000]  都有很多的遺憾
[05:57:47.000 --> 05:57:49.000]  我記得我住學最近
[05:57:49.000 --> 05:57:50.000]  這次講末世的時候
[05:57:50.000 --> 05:57:52.000]  我和頂姊妹最後那堂課說
[05:57:52.000 --> 05:57:54.000]  每個人都有很多的遺憾
[05:57:54.000 --> 05:57:55.000]  在我們今生裏面
[05:57:55.000 --> 05:57:56.000]  有些人很遺憾
[05:57:56.000 --> 05:57:57.000]  他沒有一個好的家庭
[05:57:57.000 --> 05:57:59.000]  有些人很疼他的父母
[05:57:59.000 --> 05:58:00.000]  但他一生都沒有一個
[05:58:00.000 --> 05:58:01.000]  疼他的父母
[05:58:01.000 --> 05:58:03.000]  甚至一個單身的家庭
[05:58:03.000 --> 05:58:04.000]  有些很遺憾的一生
[05:58:04.000 --> 05:58:05.000]  他很想讀書
[05:58:05.000 --> 05:58:07.000]  但他不知道自己讀書好不好
[05:58:07.000 --> 05:58:09.000]  他智力不夠別人
[05:58:09.000 --> 05:58:10.000]  有些人很遺憾
[05:58:10.000 --> 05:58:11.000]  他一生都找不到一個
[05:58:11.000 --> 05:58:12.000]  好的伴侶
[05:58:12.000 --> 05:58:14.000]  可以慰藉他心靈裏面的感情
[05:58:14.000 --> 05:58:16.000]  他很想找一個好的伴侶
[05:58:16.000 --> 05:58:17.000]  但找不到
[05:58:17.000 --> 05:58:18.000]  有些人很遺憾
[05:58:18.000 --> 05:58:19.000]  他自己身體裏面殘缺
[05:58:19.000 --> 05:58:21.000]  他想做的事始終都做不到
[05:58:21.000 --> 05:58:22.000]  每一個人人生裏面
[05:58:22.000 --> 05:58:23.000]  都有遺憾
[05:58:23.000 --> 05:58:24.000]  你有遺憾我也有遺憾
[05:58:24.000 --> 05:58:25.000]  我時常都說
[05:58:25.000 --> 05:58:26.000]  我的遺憾就是
[05:58:26.000 --> 05:58:27.000]  我很想做一個好的爸爸
[05:58:27.000 --> 05:58:29.000]  我這次的大女兒改變了
[05:58:29.000 --> 05:58:32.000]  這是一個額外的姐姐給我的
[05:58:32.000 --> 05:58:33.000]  如果講姐姐的話
[05:58:33.000 --> 05:58:35.000]  這次我剛回到加拿大的時候
[05:58:35.000 --> 05:58:37.000]  我大女兒真的完全改變了
[05:58:37.000 --> 05:58:39.000]  招呼我們去她家
[05:58:39.000 --> 05:58:41.000]  她自己親自幫忙做事
[05:58:41.000 --> 05:58:43.000]  然後我們坐下來一起分享的時候
[05:58:43.000 --> 05:58:45.000]  她講出她感恩的話
[05:58:45.000 --> 05:58:47.000]  她決定去一間很愛主的教會
[05:58:47.000 --> 05:58:49.000]  而不是以前那間不冷不熱的教會
[05:58:49.000 --> 05:58:50.000]  全部跟著她
[05:58:50.000 --> 05:58:51.000]  現在去了一個東領會
[05:58:51.000 --> 05:58:52.000]  去Banner的東領會
[05:58:52.000 --> 05:58:54.000]  帶同那些不信耶穌的朋友一起
[05:58:54.000 --> 05:58:55.000]  我自己見到這個女兒
[05:58:55.000 --> 05:58:57.000]  簡直脫胎換骨
[05:58:57.000 --> 05:58:58.000]  死而復活
[05:58:58.000 --> 05:58:59.000]  失而復得
[05:58:59.000 --> 05:59:00.000]  感謝神
[05:59:00.000 --> 05:59:02.000]  但我還有一個遺憾
[05:59:02.000 --> 05:59:03.000]  因為我小女兒
[05:59:03.000 --> 05:59:04.000]  我一靠近她
[05:59:04.000 --> 05:59:05.000]  她就掌摑我一巴掌
[05:59:05.000 --> 05:59:06.000]  因為她是弱智的
[05:59:06.000 --> 05:59:07.000]  沒辦法
[05:59:07.000 --> 05:59:08.000]  她掌摑完自己又難過
[05:59:08.000 --> 05:59:09.000]  我又難過
[05:59:09.000 --> 05:59:10.000]  她知道她不想掌摑我
[05:59:10.000 --> 05:59:12.000]  有時她左手拿著自己右手
[05:59:12.000 --> 05:59:13.000]  你明不明
[05:59:13.000 --> 05:59:14.000]  掌摑到臉都紅了
[05:59:14.000 --> 05:59:15.000]  跟著一掌摑
[05:59:15.000 --> 05:59:16.000]  一巴掌掌摑我
[05:59:16.000 --> 05:59:17.000]  但我做爸爸
[05:59:17.000 --> 05:59:18.000]  我要抱著她
[05:59:18.000 --> 05:59:19.000]  我被她掌摑
[05:59:19.000 --> 05:59:20.000]  我都要抱著她
[05:59:20.000 --> 05:59:21.000]  有時你知不知道
[05:59:21.000 --> 05:59:22.000]  這是一個很大的遺憾
[05:59:22.000 --> 05:59:23.000]  做一個爸爸
[05:59:23.000 --> 05:59:24.000]  連抱自己的女兒都不行
[05:59:24.000 --> 05:59:25.000]  很大的遺憾
[05:59:25.000 --> 05:59:27.000]  但我自己知道
[05:59:27.000 --> 05:59:28.000]  聖經告訴我
[05:59:28.000 --> 05:59:30.000]  有一天我在天堂的時候
[05:59:30.000 --> 05:59:32.000]  我見到我女兒的時候
[05:59:32.000 --> 05:59:34.000]  那天她不會再掌摑我爸爸
[05:59:34.000 --> 05:59:36.000]  到那天我會見到我女兒
[05:59:36.000 --> 05:59:38.000]  安安靜靜的坐在我身邊
[05:59:38.000 --> 05:59:39.000]  和我聊天
[05:59:39.000 --> 05:59:41.000]  是我今生一生都不會有
[05:59:41.000 --> 05:59:43.000]  不過有一天我知道我會
[05:59:43.000 --> 05:59:45.000]  這是我的盼望
[05:59:45.000 --> 05:59:46.000]  所以今天我見到我女兒
[05:59:46.000 --> 05:59:47.000]  一樣是這樣
[05:59:47.000 --> 05:59:48.000]  我一生都不會
[05:59:48.000 --> 05:59:49.000]  今生她都不會好了
[05:59:49.000 --> 05:59:50.000]  我告訴你
[05:59:50.000 --> 05:59:51.000]  因為她的病就是這樣
[05:59:51.000 --> 05:59:53.000]  除非神有特別的神蹟
[05:59:53.000 --> 05:59:54.000]  我當然相信神蹟
[05:59:54.000 --> 05:59:56.000]  但我不期望一定會有神蹟
[05:59:56.000 --> 05:59:58.000]  但我一定知道一件事
[05:59:58.000 --> 05:59:59.000]  有一天我在天堂和她見面的時候
[05:59:59.000 --> 06:00:00.000]  我女兒
[06:00:00.000 --> 06:00:01.000]  你不要說她弱智
[06:00:01.000 --> 06:00:02.000]  19歲
[06:00:02.000 --> 06:00:03.000]  她一樣祈禱
[06:00:03.000 --> 06:00:04.000]  很敬虔的
[06:00:04.000 --> 06:00:05.000]  有什麼事的時候
[06:00:05.000 --> 06:00:06.000]  她不懂得怎麼祈禱
[06:00:06.000 --> 06:00:07.000]  總之她夾著手
[06:00:07.000 --> 06:00:08.000]  自己說自己
[06:00:08.000 --> 06:00:09.000]  我都不明白她說什麼
[06:00:09.000 --> 06:00:10.000]  但我知道她在祈禱
[06:00:10.000 --> 06:00:11.000]  我們每次臨走之前
[06:00:11.000 --> 06:00:13.000]  她就說祈禱
[06:00:13.000 --> 06:00:14.000]  說了不知道什麼
[06:00:14.000 --> 06:00:15.000]  那都不要緊
[06:00:15.000 --> 06:00:16.000]  但她的心是向著神的
[06:00:16.000 --> 06:00:17.000]  神是愛她
[06:00:17.000 --> 06:00:18.000]  她是愛神
[06:00:18.000 --> 06:00:19.000]  這個很清楚
[06:00:19.000 --> 06:00:20.000]  所以我知道有一天
[06:00:20.000 --> 06:00:21.000]  我這個遺憾會過去
[06:00:21.000 --> 06:00:23.000]  我知道我遺憾會過去
[06:00:23.000 --> 06:00:24.000]  有一天我會在天堂裡
[06:00:24.000 --> 06:00:25.000]  我女兒
[06:00:25.000 --> 06:00:26.000]  我女兒仍然要坐在我身邊
[06:00:26.000 --> 06:00:27.000]  和我聊天
[06:00:27.000 --> 06:00:29.000]  說回以前在世的時候
[06:00:29.000 --> 06:00:31.000]  她和我碰見的日子
[06:00:31.000 --> 06:00:33.000]  那些眼淚都過去了
[06:00:33.000 --> 06:00:34.000]  現在都成為美好
[06:00:34.000 --> 06:00:35.000]  頂姐妹
[06:00:35.000 --> 06:00:36.000]  我不知道你的遺憾是什麼
[06:00:36.000 --> 06:00:38.000]  我不知道你帶著什麼遺憾
[06:00:38.000 --> 06:00:39.000]  繼續過日子
[06:00:39.000 --> 06:00:41.000]  可能你遺憾一生都沒辦法解決
[06:00:41.000 --> 06:00:42.000]  事實上是
[06:00:42.000 --> 06:00:44.000]  但我有神的人
[06:00:44.000 --> 06:00:45.000]  我有前面那條路
[06:00:45.000 --> 06:00:47.000]  有一天這些寒冷過去之後
[06:00:47.000 --> 06:00:48.000]  我們就好像
[06:00:48.000 --> 06:00:49.000]  每一個人都像牛毒一樣
[06:00:49.000 --> 06:00:51.000]  出來我們跳躍歡樂
[06:00:51.000 --> 06:00:53.000]  就更加見到因為有寒冷
[06:00:53.000 --> 06:00:56.000]  所以這個溫暖的跳躍
[06:00:56.000 --> 06:00:58.000]  顯得更加寶貴
[06:00:58.000 --> 06:00:59.000]  更加珍惜
[06:00:59.000 --> 06:01:00.000]  頂姐妹
[06:01:00.000 --> 06:01:02.000]  這個是我們做基督徒的福分
[06:01:02.000 --> 06:01:04.000]  這樣值不值得
[06:01:04.000 --> 06:01:06.000]  我們過一個敬虔的生活
[06:01:06.000 --> 06:01:08.000]  值得
[06:01:08.000 --> 06:01:11.000]  所以今晚我在這裡結束的時候
[06:01:11.000 --> 06:01:13.000]  我一切來到神的面前
[06:01:13.000 --> 06:01:15.000]  告訴自己
[06:01:15.000 --> 06:01:16.000]  告訴神
[06:01:16.000 --> 06:01:17.000]  沒錯
[06:01:17.000 --> 06:01:19.000]  過一個敬虔的生活
[06:01:19.000 --> 06:01:20.000]  不容易
[06:01:20.000 --> 06:01:22.000]  會有很大的代價
[06:01:22.000 --> 06:01:24.000]  但我值得的
[06:01:24.000 --> 06:01:27.000]  因為有神自己的回報
[06:01:27.000 --> 06:01:30.000]  有永恆的回報
[06:01:30.000 --> 06:01:31.000]  當我們向前看
[06:01:31.000 --> 06:01:32.000]  向上看
[06:01:32.000 --> 06:01:34.000]  不單單注目於周圍
[06:01:34.000 --> 06:01:37.000]  我們那種世界的網絡的時候
[06:01:37.000 --> 06:01:40.000]  我們就知道我們可以決定
[06:01:40.000 --> 06:01:41.000]  勇敢的走下去
[06:01:41.000 --> 06:01:44.000]  剛才唱了一首詩歌
[06:01:44.000 --> 06:01:45.000]  很有意思
[06:01:45.000 --> 06:01:46.000]  我和大家想再唱一次
[06:01:46.000 --> 06:01:47.000]  作為我們的結尾
[06:01:47.000 --> 06:01:48.000]  大廿一頁
[06:01:48.000 --> 06:01:50.000]  我很喜歡這首歌
[06:01:52.000 --> 06:01:54.000]  吳炳堅創作這首歌的時候
[06:01:54.000 --> 06:01:55.000]  他自己也很有感受
[06:01:55.000 --> 06:01:56.000]  他和我分享
[06:01:56.000 --> 06:01:57.000]  他特別
[06:01:57.000 --> 06:01:58.000]  有一段日子
[06:01:58.000 --> 06:01:59.000]  他自己很掙扎
[06:01:59.000 --> 06:02:00.000]  究竟真的好不好
[06:02:00.000 --> 06:02:02.000]  再過一個敬虔的生活
[06:02:02.000 --> 06:02:04.000]  其實他這麼有gift
[06:02:04.000 --> 06:02:05.000]  這麼talent的人
[06:02:05.000 --> 06:02:06.000]  他可以做很多行業
[06:02:06.000 --> 06:02:07.000]  現在很多人都在罵他
[06:02:07.000 --> 06:02:09.000]  到最後他見過一次
[06:02:09.000 --> 06:02:10.000]  他退休之後
[06:02:10.000 --> 06:02:11.000]  他決定放下這些
[06:02:11.000 --> 06:02:12.000]  繼續走這條
[06:02:12.000 --> 06:02:13.000]  侍奉神的路
[06:02:13.000 --> 06:02:14.000]  他就作了這首歌
[06:02:14.000 --> 06:02:16.000]  願你容我去吸引我
[06:02:16.000 --> 06:02:17.000]  因為我們每個人唱的時候
[06:02:17.000 --> 06:02:19.000]  我們好像這首詩歌所說的
[06:02:19.000 --> 06:02:22.000]  今天我們所看見的訊息
[06:02:22.000 --> 06:02:23.000]  馬拉基書所說的
[06:02:23.000 --> 06:02:24.000]  我在神面前說
[06:02:24.000 --> 06:02:25.000]  主啊
[06:02:25.000 --> 06:02:26.000]  我決定
[06:02:26.000 --> 06:02:29.000]  走這條敬虔的生活
[06:02:29.000 --> 06:02:33.000]  不是不冷不熱的
[06:02:33.000 --> 06:02:37.000]  拉拉扯扯過一個宗教生活就算了
[06:02:37.000 --> 06:02:39.000]  我不願意只是過一個
[06:02:39.000 --> 06:02:40.000]  安於過一個簡單的
[06:02:40.000 --> 06:02:42.000]  虛假的宗教生活
[06:02:42.000 --> 06:02:45.000]  我要做一個真正的基督徒
[06:02:45.000 --> 06:02:47.000]  我想詩琴繼續幫我們
[06:02:47.000 --> 06:02:50.000]  彈兩次這首詩歌
[06:02:50.000 --> 06:02:51.000]  你不用看著歌詞
[06:02:51.000 --> 06:02:54.000]  我希望你閉上眼睛
[06:02:54.000 --> 06:02:55.000]  做一個檢討
[06:02:55.000 --> 06:02:57.000]  做一個總結
[06:02:57.000 --> 06:02:58.000]  我們終於行完了
[06:02:58.000 --> 06:03:01.000]  這個馬拉基書的旅程
[06:03:01.000 --> 06:03:03.000]  在這個旅程的過程當中
[06:03:03.000 --> 06:03:05.000]  點點滴滴
[06:03:05.000 --> 06:03:08.000]  挑起內心的迴響和共鳴
[06:03:08.000 --> 06:03:11.000]  如果在這個時間
[06:03:11.000 --> 06:03:14.000]  你要自己找一樣
[06:03:14.000 --> 06:03:17.000]  你可以帶走離開這個營
[06:03:17.000 --> 06:03:19.000]  一些的決定
[06:03:19.000 --> 06:03:21.000]  一些的醒覺
[06:03:21.000 --> 06:03:23.000]  一些的放下
[06:03:23.000 --> 06:03:25.000]  或者一些的拿起
[06:03:25.000 --> 06:03:28.000]  那樣是什麼呢?
[06:03:28.000 --> 06:03:30.000]  求神的靈感動你
[06:03:30.000 --> 06:03:35.000]  當詩琴彈這兩次詩歌的時候
[06:03:35.000 --> 06:03:37.000]  神的靈在你的腦裏面
[06:03:37.000 --> 06:03:39.000]  畫出那樣東西是什麼
[06:03:39.000 --> 06:03:41.000]  你告訴自己
[06:03:41.000 --> 06:03:44.000]  告訴上天好嗎?
[06:03:44.000 --> 06:03:48.000]  馬拉基書的時代信息
[06:03:48.000 --> 06:03:50.000]  溫偉耀博士主講
[06:03:50.000 --> 06:03:52.000]  第六講
[06:03:52.000 --> 06:03:55.000]  告別冷淡眾常主愛之與神同行的生活
[06:03:55.000 --> 06:03:57.000]  日子有幾天的時間
[06:03:57.000 --> 06:04:00.000]  我們可以專心地在這個營地
[06:04:00.000 --> 06:04:01.000]  仰望祂
[06:04:01.000 --> 06:04:03.000]  我們能夠專心地擺開其他的東西
[06:04:03.000 --> 06:04:05.000]  我們一齊可以有相交
[06:04:05.000 --> 06:04:06.000]  一起祈禱
[06:04:06.000 --> 06:04:07.000]  更深的認識
[06:04:07.000 --> 06:04:09.000]  我相信神在這幾天裏面
[06:04:09.000 --> 06:04:10.000]  做了一些很永恆的工作
[06:04:10.000 --> 06:04:13.000]  是每一個人的生命當中都很值得的
[06:04:13.000 --> 06:04:14.000]  我們一齊來到神的面前
[06:04:14.000 --> 06:04:15.000]  我們先祈禱
[06:04:15.000 --> 06:04:16.000]  我們多謝祂
[06:04:16.000 --> 06:04:17.000]  我們主我們神
[06:04:17.000 --> 06:04:19.000]  我們多謝祢經過這幾天的時間
[06:04:19.000 --> 06:04:21.000]  我們看見祢豐豐富富的恩典
[06:04:21.000 --> 06:04:23.000]  遠超過我們所想所求
[06:04:23.000 --> 06:04:25.000]  我們多謝祢這個聖靈
[06:04:25.000 --> 06:04:28.000]  有時不留情的光照我們的內心
[06:04:28.000 --> 06:04:30.000]  讓我們再次體驗自己
[06:04:30.000 --> 06:04:32.000]  我們更加感謝祢的愛
[06:04:32.000 --> 06:04:35.000]  毫無保留地賜給我們
[06:04:35.000 --> 06:04:38.000]  祢斥責之後有安慰有包扎
[06:04:38.000 --> 06:04:41.000]  並且祢自己的恩典足夠我們用
[06:04:41.000 --> 06:04:42.000]  讓我們弟兄姊妹之間
[06:04:42.000 --> 06:04:44.000]  我們和祢的關係之間有一個更新
[06:04:44.000 --> 06:04:45.000]  我們多謝祢
[06:04:45.000 --> 06:04:47.000]  主讓我們今天出營的時候
[06:04:47.000 --> 06:04:50.000]  求主讓我們不是將我們今天所得到的
[06:04:50.000 --> 06:04:51.000]  今次所得到的
[06:04:51.000 --> 06:04:53.000]  這樣放在這個營地
[06:04:53.000 --> 06:04:54.000]  主讓我們所求的
[06:04:54.000 --> 06:04:55.000]  我們一生來跟隨祢
[06:04:55.000 --> 06:04:57.000]  這是我們的心願
[06:04:57.000 --> 06:04:59.000]  我們就將這個心願放在祢的面前
[06:04:59.000 --> 06:05:00.000]  求主今朝幫助我們
[06:05:00.000 --> 06:05:02.000]  讓我們可以持續這些操練
[06:05:02.000 --> 06:05:04.000]  直到我們見這個面的時候
[06:05:04.000 --> 06:05:05.000]  毋無羞愧
[06:05:05.000 --> 06:05:07.000]  我們聽見祢自己對我們說
[06:05:07.000 --> 06:05:09.000]  有良善有東生的福人
[06:05:09.000 --> 06:05:10.000]  可以進到祢那裡
[06:05:10.000 --> 06:05:11.000]  和我們一起所值
[06:05:11.000 --> 06:05:12.000]  為仰望祢
[06:05:12.000 --> 06:05:13.000]  我們將自己交託給祢
[06:05:13.000 --> 06:05:15.000]  求聖靈今朝繼續教授我們
[06:05:15.000 --> 06:05:17.000]  好像以往教授我們一樣
[06:05:17.000 --> 06:05:18.000]  和耶穌明祈禱
[06:05:18.000 --> 06:05:19.000]  阿們
[06:05:37.000 --> 06:05:41.000]  其實馬拉基書講了這兩個很重要的主題
[06:05:41.000 --> 06:05:42.000]  第一講
[06:05:42.000 --> 06:05:43.000]  第二講
[06:05:43.000 --> 06:05:44.000]  第三講
[06:05:44.000 --> 06:05:45.000]  我們經常說
[06:05:45.000 --> 06:05:46.000]  很嚴厲的一段話
[06:05:46.000 --> 06:05:47.000]  很嚴厲的說話
[06:05:47.000 --> 06:05:48.000]  斥責的說話
[06:05:48.000 --> 06:05:50.000]  背後提醒我們
[06:05:50.000 --> 06:05:51.000]  重新警醒我們
[06:05:51.000 --> 06:05:53.000]  揭開裡面所隱含的問題
[06:05:53.000 --> 06:05:55.000]  讓我們能夠重新
[06:05:55.000 --> 06:05:56.000]  將我們的focus
[06:05:56.000 --> 06:05:58.000]  將我們的心
[06:05:58.000 --> 06:06:00.000]  專注為大
[06:06:00.000 --> 06:06:02.000]  然後我們第四講第五講
[06:06:02.000 --> 06:06:04.000]  開始轉變
[06:06:04.000 --> 06:06:05.000]  由第二章最後那一節
[06:06:05.000 --> 06:06:06.000]  第二章十七節
[06:06:06.000 --> 06:06:08.000]  我們昨天早上開始
[06:06:08.000 --> 06:06:10.000]  發覺將我們的心
[06:06:10.000 --> 06:06:12.000]  重新帶回神的面前
[06:06:12.000 --> 06:06:14.000]  然後我們斥責我們的神
[06:06:14.000 --> 06:06:15.000]  是一位愛我們的神
[06:06:15.000 --> 06:06:16.000]  祂幫助我們
[06:06:16.000 --> 06:06:18.000]  讓我們不單止在斥責當中
[06:06:18.000 --> 06:06:20.000]  感覺到慚愧
[06:06:20.000 --> 06:06:22.000]  祂也允許人間的失敗
[06:06:22.000 --> 06:06:24.000]  更加顯出祂自己的信神
[06:06:24.000 --> 06:06:26.000]  人的不義
[06:06:26.000 --> 06:06:27.000]  顯出祂的不便
[06:06:27.000 --> 06:06:29.000]  我們昨晚更加見到
[06:06:29.000 --> 06:06:30.000]  在永恆的裡面
[06:06:30.000 --> 06:06:32.000]  在神的關懷當中
[06:06:32.000 --> 06:06:34.000]  我們充充分分有這種力量
[06:06:34.000 --> 06:06:35.000]  和勇氣
[06:06:35.000 --> 06:06:37.000]  來做這個決定
[06:06:37.000 --> 06:06:38.000]  跟隨主
[06:06:38.000 --> 06:06:41.000]  走一個敬虔的生活的路
[06:06:41.000 --> 06:06:42.000]  是值得的
[06:06:42.000 --> 06:06:44.000]  因為我們有永恆的回報
[06:06:44.000 --> 06:06:46.000]  我們不像其他人一樣
[06:06:46.000 --> 06:06:47.000]  在今生的回報
[06:06:47.000 --> 06:06:49.000]  我們在永恆的回報裡面
[06:06:49.000 --> 06:06:51.000]  我們相信我們付出的代價
[06:06:51.000 --> 06:06:53.000]  過一個敬虔的生活
[06:06:53.000 --> 06:06:54.000]  在神的面前
[06:06:54.000 --> 06:06:55.000]  在人的面前
[06:06:55.000 --> 06:06:56.000]  過一個光明磊落
[06:06:56.000 --> 06:06:58.000]  硬硬正正的一套生活
[06:06:58.000 --> 06:06:59.000]  是值得的
[06:06:59.000 --> 06:07:00.000]  這個我們可以說
[06:07:00.000 --> 06:07:01.000]  總結了第二句
[06:07:01.000 --> 06:07:02.000]  我們的主題
[06:07:02.000 --> 06:07:04.000]  就是以神為樂
[06:07:04.000 --> 06:07:06.000]  我記得我在開幕禮裡面
[06:07:06.000 --> 06:07:07.000]  跟大家分享了幾句
[06:07:07.000 --> 06:07:09.000]  以神為樂
[06:07:09.000 --> 06:07:10.000]  不一定
[06:07:10.000 --> 06:07:12.000]  或者更加不只是停留在表面的
[06:07:12.000 --> 06:07:14.000]  感情上的激盪
[06:07:14.000 --> 06:07:16.000]  很興奮的那種快樂
[06:07:16.000 --> 06:07:18.000]  以神為樂可以帶著眼淚
[06:07:18.000 --> 06:07:19.000]  但是以神為樂
[06:07:19.000 --> 06:07:20.000]  除非你心裡面
[06:07:20.000 --> 06:07:21.000]  有一個尊子偉大
[06:07:21.000 --> 06:07:22.000]  這一份情操
[06:07:22.000 --> 06:07:24.000]  大家會明白
[06:07:24.000 --> 06:07:26.000]  這是我們東寧會的整個主題
[06:07:26.000 --> 06:07:27.000]  我在考慮
[06:07:27.000 --> 06:07:29.000]  究竟今天早上我們要離開的時候
[06:07:29.000 --> 06:07:32.000]  我們帶著什麼神給我們的禮物
[06:07:32.000 --> 06:07:33.000]  離開這裡呢?
[06:07:33.000 --> 06:07:35.000]  既然我們昨晚已經說完了
[06:07:35.000 --> 06:07:37.000]  馬拉基書的時候
[06:07:37.000 --> 06:07:38.000]  我很希望今天早上
[06:07:38.000 --> 06:07:40.000]  可以來一些比較實質的
[06:07:40.000 --> 06:07:41.000]  實際一點的
[06:07:41.000 --> 06:07:44.000]  好像是工作坊的方式
[06:07:44.000 --> 06:07:47.000]  一樣我們可以帶著一些實際的指標
[06:07:47.000 --> 06:07:48.000]  和操練的方向
[06:07:48.000 --> 06:07:49.000]  甚至我們試一試
[06:07:49.000 --> 06:07:50.000]  然後才離開這裡
[06:07:50.000 --> 06:07:53.000]  以致我們不是聽到很激動
[06:07:53.000 --> 06:07:54.000]  我們得到很大的感動
[06:07:54.000 --> 06:07:55.000]  出去的時候
[06:07:55.000 --> 06:07:57.000]  好像無從開始那樣
[06:07:57.000 --> 06:08:00.000]  所以今天早上我的做法就有點不同了
[06:08:00.000 --> 06:08:01.000]  不是一種講道的方式
[06:08:01.000 --> 06:08:03.000]  是和大家做一些workshop的方式
[06:08:03.000 --> 06:08:04.000]  好不好?
[06:08:04.000 --> 06:08:05.000]  今天大家一起要投入
[06:08:05.000 --> 06:08:06.000]  一起要學習
[06:08:06.000 --> 06:08:08.000]  希望我們有一點點經驗
[06:08:08.000 --> 06:08:09.000]  我們出去的時候
[06:08:09.000 --> 06:08:12.000]  我們繼續可以實踐下去
[06:08:12.000 --> 06:08:14.000]  以致我們這個寧會所得到的
[06:08:14.000 --> 06:08:15.000]  所領受的
[06:08:15.000 --> 06:08:16.000]  就不是停在這個寧會
[06:08:16.000 --> 06:08:17.000]  明天後天
[06:08:17.000 --> 06:08:18.000]  今晚我們回到家裡
[06:08:18.000 --> 06:08:24.000]  繼續可以讓神和我們一起同行這條路
[06:08:24.000 --> 06:08:27.000]  我相信如果要做一個以主為樂
[06:08:27.000 --> 06:08:28.000]  尊主為大的生活
[06:08:28.000 --> 06:08:32.000]  好像馬拉基書提醒我們方向的生活的時候
[06:08:32.000 --> 06:08:34.000]  可以說是最重要的
[06:08:34.000 --> 06:08:38.000]  就是我們怎麼可以長久保持一種與神同行的生活
[06:08:38.000 --> 06:08:39.000]  是不是?
[06:08:39.000 --> 06:08:40.000]  我們聽了很多
[06:08:40.000 --> 06:08:41.000]  我們知道自己不對
[06:08:41.000 --> 06:08:43.000]  我們很願意來一個更新的生命
[06:08:43.000 --> 06:08:44.000]  面對我們的工作
[06:08:44.000 --> 06:08:45.000]  面對家人
[06:08:45.000 --> 06:08:47.000]  面對我們所發生的每一天
[06:08:47.000 --> 06:08:48.000]  發生在我們身邊的事情的時候
[06:08:48.000 --> 06:08:51.000]  我們希望有一個更新生命的態度
[06:08:51.000 --> 06:08:53.000]  有一種更新的立場去看
[06:08:53.000 --> 06:08:54.000]  有一種勇氣去走下去
[06:08:54.000 --> 06:08:56.000]  那麼這些勇氣不是一朝一夕可以得到
[06:08:56.000 --> 06:08:58.000]  我時常都說
[06:08:58.000 --> 06:09:01.000]  並不是這個寧會的幾晚就可以得到的
[06:09:01.000 --> 06:09:02.000]  沒有促成的
[06:09:02.000 --> 06:09:04.000]  屬靈的生命沒有促成
[06:09:04.000 --> 06:09:06.000]  一些的知識可以很快得到
[06:09:06.000 --> 06:09:08.000]  但是生命裡面的改變
[06:09:08.000 --> 06:09:10.000]  是需要點點滴滴的
[06:09:10.000 --> 06:09:12.000]  每天每天的操練
[06:09:12.000 --> 06:09:15.000]  你可以一時有一個新的開始
[06:09:15.000 --> 06:09:16.000]  決定這個很重要
[06:09:16.000 --> 06:09:18.000]  證明這個寧會裡面有一個很重要的決定
[06:09:18.000 --> 06:09:19.000]  你放下一些東西
[06:09:19.000 --> 06:09:20.000]  你突破自己一些的東西
[06:09:20.000 --> 06:09:22.000]  甚至你決定走上一條路
[06:09:22.000 --> 06:09:24.000]  是一路以來你逃避的
[06:09:24.000 --> 06:09:25.000]  無論如何
[06:09:25.000 --> 06:09:27.000]  這個決定是很重要
[06:09:27.000 --> 06:09:29.000]  很重要
[06:09:29.000 --> 06:09:30.000]  很珍貴
[06:09:30.000 --> 06:09:32.000]  但是這個決定歸決定
[06:09:32.000 --> 06:09:33.000]  決定之後還要走下去
[06:09:33.000 --> 06:09:35.000]  這個才是重要的
[06:09:35.000 --> 06:09:37.000]  走下去這條路才是不容易的
[06:09:37.000 --> 06:09:39.000]  那麼怎麼走下去呢?
[06:09:39.000 --> 06:09:41.000]  我今天早上想和大家一起來學一下
[06:09:41.000 --> 06:09:44.000]  怎麼可以過一個與神同行的生活
[06:09:44.000 --> 06:09:47.000]  我今天早上說的那些
[06:09:47.000 --> 06:09:49.000]  全部不是理論
[06:09:49.000 --> 06:09:51.000]  雖然不只是我一個人的經驗
[06:09:51.000 --> 06:09:53.000]  但是我可以擔保告訴你
[06:09:53.000 --> 06:09:54.000]  是我經驗過
[06:09:54.000 --> 06:09:56.000]  我試過走得通
[06:09:56.000 --> 06:09:59.000]  和我搜集很多不同的歷代的靈修
[06:09:59.000 --> 06:10:03.000]  很深刻追尋這方面的與神同行的人
[06:10:03.000 --> 06:10:04.000]  他們有這樣的共鳴
[06:10:04.000 --> 06:10:06.000]  我相信我今天說的那些
[06:10:06.000 --> 06:10:08.000]  絕對不是一些空中流覺的東西
[06:10:08.000 --> 06:10:09.000]  如果你夠膽
[06:10:09.000 --> 06:10:10.000]  願意
[06:10:10.000 --> 06:10:12.000]  行切的來嘗試的話
[06:10:12.000 --> 06:10:13.000]  我擔保你
[06:10:13.000 --> 06:10:15.000]  擔保你是走得通的
[06:10:15.000 --> 06:10:17.000]  我不敢說每個人都完全一樣
[06:10:17.000 --> 06:10:18.000]  但是起碼這些方法
[06:10:18.000 --> 06:10:20.000]  是在很多人的身上走得通
[06:10:20.000 --> 06:10:22.000]  而是我自己並不是理論來說
[06:10:22.000 --> 06:10:23.000]  我是試過的
[06:10:23.000 --> 06:10:27.000]  首先我們先來整理一些問題
[06:10:27.000 --> 06:10:29.000]  很多時候我們都會問
[06:10:29.000 --> 06:10:30.000]  我出營的時候
[06:10:30.000 --> 06:10:32.000]  面對很日常的生活
[06:10:32.000 --> 06:10:36.000]  我想過一個與神同行的生活的時候
[06:10:36.000 --> 06:10:38.000]  我們可以怎樣去開始
[06:10:38.000 --> 06:10:40.000]  怎樣去走下去
[06:10:40.000 --> 06:10:44.000]  我相信最大的掙扎的問題
[06:10:44.000 --> 06:10:47.000]  就是我很想跟隨神
[06:10:47.000 --> 06:10:49.000]  我很想跟隨神的指引
[06:10:49.000 --> 06:10:51.000]  每次每一刻都要接近祂
[06:10:51.000 --> 06:10:53.000]  怎樣呢?
[06:10:53.000 --> 06:10:54.000]  我可以怎樣做呢?
[06:10:54.000 --> 06:10:56.000]  在我這個大綱上就列出了
[06:10:56.000 --> 06:10:58.000]  我們經常會問
[06:10:58.000 --> 06:10:59.000]  但是要解決
[06:10:59.000 --> 06:11:04.000]  我這次正正式式和大家講一下這方面
[06:11:04.000 --> 06:11:09.000]  就是所謂怎樣隨從神的指引過生活
[06:11:09.000 --> 06:11:11.000]  我知道隨從神的指引過生活
[06:11:11.000 --> 06:11:13.000]  最難的地方是什麼呢?
[06:11:13.000 --> 06:11:15.000]  最難的地方就是神的指引究竟是怎樣的
[06:11:15.000 --> 06:11:17.000]  我怎樣才知道呢?
[06:11:17.000 --> 06:11:19.000]  我每天過生活的時候
[06:11:19.000 --> 06:11:21.000]  沒有東西讓我知道
[06:11:21.000 --> 06:11:23.000]  很多時候我想跟隨祂
[06:11:23.000 --> 06:11:25.000]  但是跟不上
[06:11:25.000 --> 06:11:28.000]  當然我們傳統裡面也有很多方法提醒我們
[06:11:28.000 --> 06:11:29.000]  譬如我們在聖經上祈禱
[06:11:29.000 --> 06:11:30.000]  我們都知道
[06:11:30.000 --> 06:11:31.000]  但是以往都是這樣做
[06:11:31.000 --> 06:11:33.000]  究竟有沒有更加深入一些
[06:11:33.000 --> 06:11:36.000]  具體一些的解決呢?
[06:11:36.000 --> 06:11:39.000]  我就組合
[06:11:39.000 --> 06:11:41.000]  總結很多人問的問題
[06:11:41.000 --> 06:11:43.000]  我自己嘗試去掙扎
[06:11:43.000 --> 06:11:44.000]  去尋索
[06:11:44.000 --> 06:11:45.000]  跟大家講一下
[06:11:45.000 --> 06:11:46.000]  很具體實質的
[06:11:46.000 --> 06:11:49.000]  希望幫到每一個醒醒之門
[06:11:49.000 --> 06:11:53.000]  究竟我們怎樣可以知道神的指引呢?
[06:11:53.000 --> 06:11:56.000]  如果從一個大的圖畫來講
[06:11:56.000 --> 06:12:00.000]  歷代的靈修學者和我自己的經歷都會看到
[06:12:00.000 --> 06:12:02.000]  所謂的three lights
[06:12:02.000 --> 06:12:05.000]  三重的亮光
[06:12:05.000 --> 06:12:08.000]  我們怎樣可以走在神的指引當中
[06:12:08.000 --> 06:12:11.000]  有三個部分互相連結
[06:12:11.000 --> 06:12:12.000]  並不是一樣東西
[06:12:12.000 --> 06:12:13.000]  有些人說我進行神的指引
[06:12:13.000 --> 06:12:15.000]  就是看神在我心裡面的感動
[06:12:15.000 --> 06:12:17.000]  有時候感動可以很主觀
[06:12:17.000 --> 06:12:19.000]  有些人說我進行神的指引
[06:12:19.000 --> 06:12:20.000]  我看聖經
[06:12:20.000 --> 06:12:21.000]  對
[06:12:21.000 --> 06:12:23.000]  但是看聖經是很原則性的
[06:12:23.000 --> 06:12:25.000]  聖經沒有一句告訴你
[06:12:25.000 --> 06:12:27.000]  你究竟下個月轉不轉工呢?
[06:12:27.000 --> 06:12:28.000]  沒有
[06:12:28.000 --> 06:12:29.000]  是嗎?
[06:12:29.000 --> 06:12:30.000]  那你
[06:12:30.000 --> 06:12:32.000]  聖經裡面很多原則是需要
[06:12:32.000 --> 06:12:34.000]  但是無法立下一些很實際的特殊情況
[06:12:34.000 --> 06:12:36.000]  有些人說我相信神的指引
[06:12:36.000 --> 06:12:37.000]  就看神怎樣安排
[06:12:37.000 --> 06:12:39.000]  神有沒有開門給我們
[06:12:39.000 --> 06:12:41.000]  有些人關了門
[06:12:41.000 --> 06:12:42.000]  開闖了門
[06:12:42.000 --> 06:12:43.000]  關閉了門
[06:12:43.000 --> 06:12:45.000]  那條路順了
[06:12:45.000 --> 06:12:46.000]  表示神叫我去
[06:12:46.000 --> 06:12:47.000]  那條路不順
[06:12:47.000 --> 06:12:49.000]  就是神叫我不要行字
[06:12:49.000 --> 06:12:50.000]  所以人家如果請我
[06:12:50.000 --> 06:12:51.000]  我就做
[06:12:51.000 --> 06:12:52.000]  不請我我就不要做
[06:12:52.000 --> 06:12:54.000]  那又不是完全對
[06:12:54.000 --> 06:12:55.000]  你看聖經裡面
[06:12:55.000 --> 06:12:56.000]  有時是
[06:12:56.000 --> 06:12:58.000]  有時又不是
[06:12:58.000 --> 06:12:59.000]  如果我這叫做勝利
[06:12:59.000 --> 06:13:00.000]  順利主義的話
[06:13:00.000 --> 06:13:03.000]  那聖經裡面很多很不順利的愛主的基督徒
[06:13:03.000 --> 06:13:04.000]  那他怎麼辦?
[06:13:04.000 --> 06:13:05.000]  是嗎?
[06:13:05.000 --> 06:13:08.000]  保羅是人生最成功的時間
[06:13:08.000 --> 06:13:10.000]  他傳道到處都很順利的時候
[06:13:10.000 --> 06:13:13.000]  有聖靈感動他回耶路撒冷被人抓去坐牢
[06:13:13.000 --> 06:13:14.000]  順不順利呢?
[06:13:14.000 --> 06:13:15.000]  肯定是不順利這條路
[06:13:15.000 --> 06:13:16.000]  那是不是神的指引呢?
[06:13:16.000 --> 06:13:18.000]  是神的指引
[06:13:18.000 --> 06:13:20.000]  所以我們說開門關門
[06:13:20.000 --> 06:13:24.000]  就等於神贊成你去
[06:13:24.000 --> 06:13:25.000]  或者否定
[06:13:25.000 --> 06:13:26.000]  或者阻止你去
[06:13:26.000 --> 06:13:28.000]  又是不是完全對呢?
[06:13:28.000 --> 06:13:30.000]  又不是完全錯的
[06:13:30.000 --> 06:13:32.000]  有些參考價值
[06:13:32.000 --> 06:13:34.000]  所以歷代的靈修學者
[06:13:34.000 --> 06:13:36.000]  都看到這三樣東西
[06:13:36.000 --> 06:13:38.000]  每樣都是重要的
[06:13:38.000 --> 06:13:40.000]  就是三重的亮光
[06:13:40.000 --> 06:13:42.000]  但是這三個亮光要互相配合
[06:13:42.000 --> 06:13:44.000]  就像金三角一樣
[06:13:44.000 --> 06:13:46.000]  扣住在這裡
[06:13:46.000 --> 06:13:48.000]  聖經的話語很重要
[06:13:48.000 --> 06:13:50.000]  成為一個緊扣著的原則
[06:13:50.000 --> 06:13:52.000]  但是聖經的話語是一個原則
[06:13:52.000 --> 06:13:54.000]  還需要在具體裡面
[06:13:54.000 --> 06:13:56.000]  神在你心裡面的聖靈的感動
[06:13:56.000 --> 06:13:58.000]  但是聖靈的感動是很重要的
[06:13:58.000 --> 06:14:00.000]  但是很多時候聖靈的感動
[06:14:00.000 --> 06:14:02.000]  在主觀的經驗裡面
[06:14:02.000 --> 06:14:03.000]  有時候會擾亂了
[06:14:03.000 --> 06:14:04.000]  我想大家都有很多人問的了
[06:14:04.000 --> 06:14:06.000]  會擾亂了你自己個人的意思
[06:14:06.000 --> 06:14:08.000]  擾亂了你潛意識
[06:14:08.000 --> 06:14:10.000]  你以為是聖靈的感動
[06:14:10.000 --> 06:14:12.000]  其實是你潛意識的一種衝動
[06:14:12.000 --> 06:14:14.000]  甚至恐怖到可能是撒旦的謎話
[06:14:14.000 --> 06:14:16.000]  你以為是聖靈的感動
[06:14:16.000 --> 06:14:18.000]  大家都知道很多異端就是這樣出來的
[06:14:18.000 --> 06:14:20.000]  他真的以為自己很有感動
[06:14:20.000 --> 06:14:22.000]  搞了大單的異端
[06:14:22.000 --> 06:14:24.000]  就像大陸很多異端
[06:14:24.000 --> 06:14:26.000]  什麼秘勒王、靈靈教那些
[06:14:26.000 --> 06:14:30.000]  全部都是很追求的那些人
[06:14:30.000 --> 06:14:32.000]  很覺得神很感動他
[06:14:32.000 --> 06:14:34.000]  他每天早上上去和耶穌聊天
[06:14:34.000 --> 06:14:37.000]  究竟那些是真是假呢?
[06:14:37.000 --> 06:14:41.000]  很多時候要用聖經的原則去扣住他
[06:14:41.000 --> 06:14:42.000]  大家明白嗎?
[06:14:42.000 --> 06:14:43.000]  聖經的原則
[06:14:43.000 --> 06:14:45.000]  聖靈在心裡面的感動
[06:14:45.000 --> 06:14:47.000]  是互相來結構著的
[06:14:47.000 --> 06:14:48.000]  缺一不可
[06:14:48.000 --> 06:14:51.000]  但是還需要神在環境裡面的佈局
[06:14:51.000 --> 06:14:53.000]  在事實上提醒我們
[06:14:53.000 --> 06:14:54.000]  如果不是的話
[06:14:54.000 --> 06:14:55.000]  我們就不用去看環境
[06:14:55.000 --> 06:14:56.000]  就這樣去吧
[06:14:56.000 --> 06:14:59.000]  但是有時候神透過環境給我們一些signs
[06:14:59.000 --> 06:15:01.000]  一些象徵
[06:15:01.000 --> 06:15:02.000]  一些兆徵
[06:15:02.000 --> 06:15:04.000]  提醒我們這樣
[06:15:04.000 --> 06:15:06.000]  似乎是開門了
[06:15:06.000 --> 06:15:08.000]  本來漢奸山神突然間開了門
[06:15:08.000 --> 06:15:10.000]  似乎神都好像有些心意叫我們
[06:15:10.000 --> 06:15:12.000]  剛才說的不是完全準確
[06:15:12.000 --> 06:15:15.000]  不過那個也是一個很重要的參考
[06:15:15.000 --> 06:15:17.000]  所以我們看到這個三重亮光
[06:15:17.000 --> 06:15:19.000]  是一個最穩定的互相利益
[06:15:19.000 --> 06:15:20.000]  需要我,我需要你
[06:15:20.000 --> 06:15:24.000]  聖經就需要具體的環境的佈局
[06:15:24.000 --> 06:15:26.000]  和內心的屬靈的經驗
[06:15:26.000 --> 06:15:27.000]  和聖靈的感動
[06:15:27.000 --> 06:15:29.000]  聖靈的感動就需要聖經的原則去扣住
[06:15:29.000 --> 06:15:31.000]  看看是不是真的聖靈的感動
[06:15:31.000 --> 06:15:33.000]  環境的佈局
[06:15:33.000 --> 06:15:35.000]  又可以幫助我們裡面的聖靈感動
[06:15:35.000 --> 06:15:36.000]  互相配搭
[06:15:36.000 --> 06:15:39.000]  裡面的感動加上外面環境的配合
[06:15:39.000 --> 06:15:41.000]  我們就知道很平安地走上一條路
[06:15:41.000 --> 06:15:44.000]  或者很大膽地不可以走上去
[06:15:44.000 --> 06:15:45.000]  每個人推你都不肯去
[06:15:45.000 --> 06:15:46.000]  就是這樣
[06:15:46.000 --> 06:15:49.000]  這三個的鐵三角
[06:15:49.000 --> 06:15:51.000]  成為我們一個基礎
[06:15:51.000 --> 06:15:53.000]  這是第一個基礎問題
[06:15:53.000 --> 06:15:56.000]  我們剛才說到很實質的操練和經驗問題
[06:15:56.000 --> 06:15:59.000]  第二個很重要的基礎
[06:15:59.000 --> 06:16:01.000]  我們這件事一定知道
[06:16:01.000 --> 06:16:02.000]  不過我要再說多一次
[06:16:02.000 --> 06:16:05.000]  因為這件事是很重要的信念
[06:16:05.000 --> 06:16:06.000]  就是今天我們時常說
[06:16:06.000 --> 06:16:08.000]  我們很難找到神的旨意
[06:16:08.000 --> 06:16:10.000]  很難追隨祂的旨意
[06:16:10.000 --> 06:16:11.000]  因為我們很多時候都聽不到
[06:16:11.000 --> 06:16:13.000]  神都沒有怎樣跟我說話
[06:16:13.000 --> 06:16:15.000]  這個這樣的經驗
[06:16:15.000 --> 06:16:17.000]  我想跟大家說是錯的
[06:16:17.000 --> 06:16:20.000]  可能大家已經看完了
[06:16:20.000 --> 06:16:21.000]  錯的
[06:16:21.000 --> 06:16:23.000]  這個是我很常有的經驗
[06:16:23.000 --> 06:16:24.000]  神沒什麼跟我說話
[06:16:24.000 --> 06:16:25.000]  神不帶領我
[06:16:25.000 --> 06:16:26.000]  我告訴你這個經驗是錯的
[06:16:26.000 --> 06:16:27.000]  為什麼
[06:16:27.000 --> 06:16:30.000]  因為神跟聖經裏面表達出來
[06:16:30.000 --> 06:16:31.000]  整本聖經表達
[06:16:31.000 --> 06:16:33.000]  祂的性格是不相符合的
[06:16:33.000 --> 06:16:36.000]  我們如果要尊重聖經
[06:16:36.000 --> 06:16:40.000]  我們很認真的來理解聖經
[06:16:40.000 --> 06:16:43.000]  就是神要表達祂自己最重要的啟示
[06:16:43.000 --> 06:16:44.000]  神說你想知道我怎樣
[06:16:44.000 --> 06:16:45.000]  你看聖經
[06:16:45.000 --> 06:16:46.000]  凡事的原則
[06:16:46.000 --> 06:16:47.000]  我的性格
[06:16:47.000 --> 06:16:48.000]  我做事是怎樣的
[06:16:48.000 --> 06:16:49.000]  我喜歡什麼不喜歡什麼
[06:16:49.000 --> 06:16:50.000]  全部都在聖經裏面
[06:16:50.000 --> 06:16:52.000]  如果我們看聖經的時候
[06:16:52.000 --> 06:16:54.000]  我們只能夠有一個結論
[06:16:54.000 --> 06:16:57.000]  就是神是一位很喜歡和人溝通的神
[06:16:57.000 --> 06:17:00.000]  你怎樣都解不開這句話
[06:17:00.000 --> 06:17:02.000]  神是一位很喜歡和人溝通的神
[06:17:02.000 --> 06:17:05.000]  祂不是那位做了人
[06:17:05.000 --> 06:17:07.000]  就讓他在地球上
[06:17:07.000 --> 06:17:08.000]  好像我說過
[06:17:08.000 --> 06:17:09.000]  由他自生自滅
[06:17:09.000 --> 06:17:10.000]  他就洗手不幹
[06:17:10.000 --> 06:17:11.000]  休息了
[06:17:11.000 --> 06:17:12.000]  乾息日
[06:17:12.000 --> 06:17:13.000]  從今之後就安息了
[06:17:13.000 --> 06:17:14.000]  沒有的
[06:17:14.000 --> 06:17:16.000]  神是不斷的介入的
[06:17:16.000 --> 06:17:18.000]  和第一個人亞當夏娃
[06:17:18.000 --> 06:17:19.000]  神跟他說話
[06:17:19.000 --> 06:17:20.000]  他犯了罪之後
[06:17:20.000 --> 06:17:22.000]  又和他處理這些罪過
[06:17:22.000 --> 06:17:24.000]  和怎樣修補
[06:17:24.000 --> 06:17:25.000]  後來怎樣預備救恩
[06:17:25.000 --> 06:17:26.000]  到了以色列的人
[06:17:26.000 --> 06:17:27.000]  他怎樣選阿伯拉罕爾薩
[06:17:27.000 --> 06:17:28.000]  一邊救藥
[06:17:28.000 --> 06:17:29.000]  以色列人一邊不聽話
[06:17:29.000 --> 06:17:31.000]  一邊扭計神
[06:17:31.000 --> 06:17:32.000]  一邊給他機會
[06:17:32.000 --> 06:17:33.000]  一邊這樣的方法
[06:17:33.000 --> 06:17:34.000]  這樣的方法
[06:17:34.000 --> 06:17:35.000]  又打又哄
[06:17:35.000 --> 06:17:36.000]  他希望他回轉
[06:17:36.000 --> 06:17:37.000]  最後呢
[06:17:37.000 --> 06:17:38.000]  還覺得不夠
[06:17:38.000 --> 06:17:39.000]  怕死人呢
[06:17:39.000 --> 06:17:42.000]  不明白救神自己的心意
[06:17:42.000 --> 06:17:44.000]  自己親自來人間
[06:17:44.000 --> 06:17:46.000]  給你的命你看
[06:17:46.000 --> 06:17:47.000]  33年
[06:17:47.000 --> 06:17:48.000]  我活出來
[06:17:48.000 --> 06:17:49.000]  好像耶穌基督那樣
[06:17:49.000 --> 06:17:50.000]  和這些人一起住
[06:17:50.000 --> 06:17:51.000]  一起睡
[06:17:51.000 --> 06:17:52.000]  神給你瞞著
[06:17:52.000 --> 06:17:53.000]  給群眾擁著
[06:17:53.000 --> 06:17:55.000]  讓你清清楚楚明白祂
[06:17:55.000 --> 06:17:57.000]  神是一位很溝通的神
[06:17:57.000 --> 06:18:00.000]  我們的神絕對是很喜歡溝通的
[06:18:00.000 --> 06:18:02.000]  慌死你不明白祂
[06:18:02.000 --> 06:18:04.000]  慌死你搞錯祂的意思的神
[06:18:04.000 --> 06:18:05.000]  說完又說
[06:18:05.000 --> 06:18:06.000]  說完又說
[06:18:06.000 --> 06:18:07.000]  你聽錯一點
[06:18:07.000 --> 06:18:08.000]  祂又再提你
[06:18:08.000 --> 06:18:09.000]  用先知來提你
[06:18:09.000 --> 06:18:10.000]  用律法來提你
[06:18:10.000 --> 06:18:11.000]  然後到啟示錄
[06:18:11.000 --> 06:18:12.000]  到最後
[06:18:12.000 --> 06:18:13.000]  我們說
[06:18:13.000 --> 06:18:14.000]  最後一章
[06:18:14.000 --> 06:18:15.000]  我們在天堂的時候
[06:18:15.000 --> 06:18:17.000]  神仍然不斷的和我們相交
[06:18:17.000 --> 06:18:19.000]  看神的帳幕在人間
[06:18:19.000 --> 06:18:20.000]  祂陪我們
[06:18:20.000 --> 06:18:21.000]  我們和祂一起
[06:18:21.000 --> 06:18:22.000]  永遠唱聖歌
[06:18:22.000 --> 06:18:23.000]  我們和祂一起
[06:18:23.000 --> 06:18:26.000]  因為神是永恆的溝通
[06:18:26.000 --> 06:18:28.000]  永恆的溝通者
[06:18:28.000 --> 06:18:29.000]  所以你千萬不要說
[06:18:29.000 --> 06:18:31.000]  神沒有什麼要和我說
[06:18:31.000 --> 06:18:32.000]  但是時常都想和你說
[06:18:32.000 --> 06:18:35.000]  神是每時每刻都想帶著你走
[06:18:35.000 --> 06:18:37.000]  祂心意的那條路
[06:18:37.000 --> 06:18:39.000]  我們聽不到
[06:18:39.000 --> 06:18:40.000]  我們走不到
[06:18:40.000 --> 06:18:41.000]  我真的很對不起
[06:18:41.000 --> 06:18:42.000]  我很坦白說
[06:18:42.000 --> 06:18:44.000]  這個多半是我們的問題
[06:18:44.000 --> 06:18:45.000]  不是祂的問題
[06:18:45.000 --> 06:18:47.000]  你不要賴祂不說話
[06:18:47.000 --> 06:18:49.000]  恐怕是祂不斷說
[06:18:49.000 --> 06:18:50.000]  我們聽不到
[06:18:50.000 --> 06:18:51.000]  我舉個例子
[06:18:51.000 --> 06:18:55.000]  就好像一個電台24小時廣播
[06:18:55.000 --> 06:18:56.000]  你的收音機一開
[06:18:56.000 --> 06:18:57.000]  沒有聲音
[06:18:57.000 --> 06:18:59.000]  多數不關電台的事
[06:18:59.000 --> 06:19:00.000]  是你的收音機
[06:19:00.000 --> 06:19:02.000]  要麼是你的收音機沒電
[06:19:02.000 --> 06:19:05.000]  沒電也就是你的生命出了問題
[06:19:05.000 --> 06:19:06.000]  電壞了
[06:19:06.000 --> 06:19:07.000]  電容器壞了
[06:19:07.000 --> 06:19:08.000]  所以有很多雜音
[06:19:08.000 --> 06:19:10.000]  所以收不到
[06:19:10.000 --> 06:19:12.000]  這個我們生命的問題
[06:19:12.000 --> 06:19:13.000]  在過去這幾天
[06:19:13.000 --> 06:19:15.000]  我們的萬禧寄書裡面
[06:19:15.000 --> 06:19:16.000]  希望神幫助我們
[06:19:16.000 --> 06:19:19.000]  在祂的真理裡面收住聖靈
[06:19:19.000 --> 06:19:21.000]  整理和清洗
[06:19:21.000 --> 06:19:23.000]  又斥責又安慰
[06:19:23.000 --> 06:19:24.000]  又鼓勵我們
[06:19:24.000 --> 06:19:26.000]  那個收音機已經整好了
[06:19:26.000 --> 06:19:28.000]  還有另外一個可能性
[06:19:28.000 --> 06:19:30.000]  就是我們調節得不對
[06:19:30.000 --> 06:19:31.000]  是不是
[06:19:31.000 --> 06:19:32.000]  就是
[06:19:32.000 --> 06:19:35.000]  祂說97.1
[06:19:35.000 --> 06:19:37.000]  但是調節到98.1
[06:19:37.000 --> 06:19:39.000]  你弄了一段時間沒有聲音
[06:19:39.000 --> 06:19:40.000]  沒有聲音你說神沒有說
[06:19:40.000 --> 06:19:41.000]  不是
[06:19:41.000 --> 06:19:42.000]  神有說
[06:19:42.000 --> 06:19:43.000]  不過我們調節得不對
[06:19:43.000 --> 06:19:44.000]  調教得不對
[06:19:44.000 --> 06:19:46.000]  這個調教的功夫
[06:19:46.000 --> 06:19:47.000]  是需要可學的
[06:19:47.000 --> 06:19:49.000]  今天我就會和大家講一下
[06:19:49.000 --> 06:19:50.000]  這些調教的功夫
[06:19:50.000 --> 06:19:51.000]  調教到對的頻率
[06:19:51.000 --> 06:19:53.000]  你經常都聽得到
[06:19:53.000 --> 06:19:54.000]  我真的不是騙你的
[06:19:54.000 --> 06:19:56.000]  聽神的聲音是不難的
[06:19:56.000 --> 06:19:57.000]  不難的
[06:19:57.000 --> 06:19:58.000]  不過需要這個操練
[06:19:58.000 --> 06:20:00.000]  進到我們第三個原則性的問題
[06:20:00.000 --> 06:20:01.000]  就是聽神的聲音
[06:20:01.000 --> 06:20:02.000]  怎麼聽得到呢
[06:20:02.000 --> 06:20:03.000]  你經常都問我
[06:20:03.000 --> 06:20:05.000]  怎麼聽得到呢
[06:20:05.000 --> 06:20:07.000]  很多人問的時候
[06:20:07.000 --> 06:20:08.000]  就是
[06:20:08.000 --> 06:20:10.000]  沒有搞清楚原則性的問題
[06:20:10.000 --> 06:20:11.000]  我這裡寫了
[06:20:11.000 --> 06:20:13.000]  不是一條的formula
[06:20:13.000 --> 06:20:14.000]  是沒有公式的
[06:20:14.000 --> 06:20:16.000]  我看了歷代這些
[06:20:16.000 --> 06:20:18.000]  在追尋聆聽神聲音的書
[06:20:18.000 --> 06:20:20.000]  由古代沙漠的教父
[06:20:20.000 --> 06:20:23.000]  他們修道的主義的人
[06:20:23.000 --> 06:20:25.000]  一直到現今最新的書
[06:20:25.000 --> 06:20:26.000]  譬如我們禁會出的
[06:20:26.000 --> 06:20:27.000]  很出名的
[06:20:27.000 --> 06:20:28.000]  不再一樣
[06:20:28.000 --> 06:20:30.000]  愛在心靈改變時那套的書
[06:20:30.000 --> 06:20:32.000]  幫助很多人聆聽神的聲音的書
[06:20:32.000 --> 06:20:34.000]  他們作的全部告訴我們一件事
[06:20:34.000 --> 06:20:35.000]  There is no formula
[06:20:35.000 --> 06:20:38.000]  沒有公式的
[06:20:38.000 --> 06:20:39.000]  那就是等於沒有說
[06:20:39.000 --> 06:20:40.000]  不是的
[06:20:40.000 --> 06:20:41.000]  我現在和你說
[06:20:41.000 --> 06:20:43.000]  我放棄了找一條公式
[06:20:43.000 --> 06:20:45.000]  愛在心靈改變時的作者
[06:20:45.000 --> 06:20:46.000]  很幽默的
[06:20:46.000 --> 06:20:47.000]  他說如果有一條公式
[06:20:47.000 --> 06:20:49.000]  每個人都可以找到公式
[06:20:49.000 --> 06:20:50.000]  但是問題是
[06:20:50.000 --> 06:20:51.000]  第一
[06:20:51.000 --> 06:20:52.000]  神是一位活的主
[06:20:52.000 --> 06:20:54.000]  我又是一個很獨特的人
[06:20:54.000 --> 06:20:56.000]  所以我和神之間的相處
[06:20:56.000 --> 06:20:58.000]  是天下無雙的
[06:20:58.000 --> 06:21:00.000]  只有你適合
[06:21:00.000 --> 06:21:01.000]  我那套給你
[06:21:01.000 --> 06:21:02.000]  就未必適合
[06:21:02.000 --> 06:21:03.000]  那個公式
[06:21:03.000 --> 06:21:04.000]  所以沒有那個公式
[06:21:04.000 --> 06:21:05.000]  我們不是一個電腦
[06:21:05.000 --> 06:21:06.000]  不是說打個程式
[06:21:06.000 --> 06:21:07.000]  按幾個鍵就進去了
[06:21:07.000 --> 06:21:08.000]  不是的
[06:21:08.000 --> 06:21:10.000]  我們是一個人和人
[06:21:10.000 --> 06:21:12.000]  神是一位人和人的形象
[06:21:12.000 --> 06:21:16.000]  他說了一個很有趣的幽默
[06:21:16.000 --> 06:21:19.000]  他說如果今天摩西再生的時候
[06:21:19.000 --> 06:21:21.000]  有我們這種觀念
[06:21:21.000 --> 06:21:22.000]  公式化的話
[06:21:22.000 --> 06:21:24.000]  摩西就在這個經濟
[06:21:24.000 --> 06:21:26.000]  焚燒經濟裡面聽見神的聲音
[06:21:26.000 --> 06:21:28.000]  於是從今之後
[06:21:28.000 --> 06:21:29.000]  摩西就開班
[06:21:29.000 --> 06:21:31.000]  教人在經濟裡面聽神的聲音
[06:21:31.000 --> 06:21:32.000]  那就麻煩了
[06:21:32.000 --> 06:21:34.000]  什麼時候有經濟看
[06:21:34.000 --> 06:21:36.000]  個個都去找焚燒經濟
[06:21:36.000 --> 06:21:38.000]  個個回家看路頭有沒有著火
[06:21:38.000 --> 06:21:40.000]  沒有用的
[06:21:40.000 --> 06:21:41.000]  不是這樣的
[06:21:41.000 --> 06:21:43.000]  找神的聲音不是一個formula
[06:21:43.000 --> 06:21:45.000]  所以如果你問我一條公式
[06:21:45.000 --> 06:21:46.000]  我一懂了之後
[06:21:46.000 --> 06:21:47.000]  今晚立刻聽到
[06:21:47.000 --> 06:21:48.000]  我告訴你
[06:21:48.000 --> 06:21:49.000]  是假的
[06:21:49.000 --> 06:21:51.000]  正如我們祈禱的公式沒有的
[06:21:51.000 --> 06:21:54.000]  我們可以學了祈禱的workshop
[06:21:54.000 --> 06:21:56.000]  但是晚上那晚的祈禱
[06:21:56.000 --> 06:21:57.000]  不等於你立刻就成功了
[06:21:57.000 --> 06:21:59.000]  這種是一種另類的知識
[06:21:59.000 --> 06:22:01.000]  知識有兩種
[06:22:01.000 --> 06:22:02.000]  我們時常說
[06:22:02.000 --> 06:22:03.000]  一種是用智慧
[06:22:03.000 --> 06:22:05.000]  用頭腦就可以明白
[06:22:05.000 --> 06:22:07.000]  明白之後你立刻是屬於你的
[06:22:07.000 --> 06:22:09.000]  譬如你不懂得算這條幾何
[06:22:09.000 --> 06:22:10.000]  你是算不到
[06:22:10.000 --> 06:22:11.000]  正如這個角等於那個角
[06:22:11.000 --> 06:22:12.000]  弄來弄去都弄不到
[06:22:12.000 --> 06:22:13.000]  有個高手走過來
[06:22:13.000 --> 06:22:15.000]  你感證一路走錯路
[06:22:15.000 --> 06:22:16.000]  你試試感證
[06:22:16.000 --> 06:22:18.000]  正如這條等於那條
[06:22:18.000 --> 06:22:20.000]  然後這個圈等於那個圈
[06:22:20.000 --> 06:22:21.000]  一樣
[06:22:21.000 --> 06:22:23.000]  這個角等於那個角
[06:22:23.000 --> 06:22:24.000]  是哦
[06:22:24.000 --> 06:22:25.000]  明白了
[06:22:25.000 --> 06:22:26.000]  想了這麼久都不明白
[06:22:26.000 --> 06:22:27.000]  真是好了
[06:22:27.000 --> 06:22:28.000]  麻煩你
[06:22:28.000 --> 06:22:29.000]  一講完麻煩你這句話之後
[06:22:29.000 --> 06:22:30.000]  從今之後那條數學
[06:22:30.000 --> 06:22:31.000]  你就懂了
[06:22:31.000 --> 06:22:32.000]  那個knowledge
[06:22:32.000 --> 06:22:33.000]  那個知識就是你的了
[06:22:33.000 --> 06:22:35.000]  你兩天之後再問你
[06:22:35.000 --> 06:22:36.000]  你都懂得算了
[06:22:36.000 --> 06:22:38.000]  這個是用頭腦的知識
[06:22:38.000 --> 06:22:40.000]  intellectual knowledge
[06:22:40.000 --> 06:22:42.000]  但另外人生裏面還有一些knowledge
[06:22:42.000 --> 06:22:43.000]  叫做practical knowledge
[06:22:43.000 --> 06:22:45.000]  叫做實踐的知識
[06:22:45.000 --> 06:22:46.000]  是沒有捷徑的
[06:22:46.000 --> 06:22:48.000]  和聰明不聰明
[06:22:48.000 --> 06:22:51.000]  有沒有專業能力是沒有關係的
[06:22:51.000 --> 06:22:53.000]  是需要你自己去操下去的
[06:22:53.000 --> 06:22:54.000]  譬如我們時常說
[06:22:54.000 --> 06:22:57.000]  游水、打球、射籃這些問題
[06:22:57.000 --> 06:23:00.000]  沒有絕頂天才
[06:23:00.000 --> 06:23:01.000]  Bill Gates也好
[06:23:01.000 --> 06:23:02.000]  誰也好
[06:23:02.000 --> 06:23:03.000]  你沒有游過水的
[06:23:03.000 --> 06:23:06.000]  你在那裏操熟了那本游水指南
[06:23:06.000 --> 06:23:08.000]  你明白嗎
[06:23:08.000 --> 06:23:11.000]  想通了游水的問題
[06:23:11.000 --> 06:23:12.000]  怎樣闊
[06:23:12.000 --> 06:23:13.000]  有多少種式
[06:23:13.000 --> 06:23:14.000]  花式
[06:23:14.000 --> 06:23:15.000]  二游式
[06:23:15.000 --> 06:23:16.000]  劫式
[06:23:16.000 --> 06:23:17.000]  腳怎樣運用
[06:23:17.000 --> 06:23:18.000]  肌肉怎樣運用
[06:23:18.000 --> 06:23:19.000]  怎樣拍
[06:23:19.000 --> 06:23:20.000]  一下子跳進水裏看看能不能游
[06:23:20.000 --> 06:23:21.000]  一樣沉
[06:23:21.000 --> 06:23:23.000]  那個knowledge不是想通了
[06:23:23.000 --> 06:23:24.000]  你明白嗎
[06:23:24.000 --> 06:23:25.000]  是一個practical knowledge
[06:23:25.000 --> 06:23:26.000]  那怎樣才可以懂游水
[06:23:26.000 --> 06:23:27.000]  每個人都懂得說
[06:23:27.000 --> 06:23:28.000]  除非你跳進水裏不斷游
[06:23:28.000 --> 06:23:29.000]  初初第一次
[06:23:29.000 --> 06:23:30.000]  游到亂七八糟
[06:23:30.000 --> 06:23:32.000]  又游又喝水又獨喉
[06:23:32.000 --> 06:23:34.000]  第二次又浮又游浸
[06:23:34.000 --> 06:23:36.000]  慢慢累積
[06:23:36.000 --> 06:23:38.000]  經驗累積操練
[06:23:38.000 --> 06:23:40.000]  慢慢就純熟了
[06:23:40.000 --> 06:23:41.000]  純熟之後
[06:23:41.000 --> 06:23:42.000]  你跳進水裏
[06:23:42.000 --> 06:23:43.000]  知道大部份人都懂游水
[06:23:43.000 --> 06:23:45.000]  今天跳進水裏就游
[06:23:45.000 --> 06:23:46.000]  怎樣浮
[06:23:46.000 --> 06:23:49.000]  你忘記了當日你學游水的時候
[06:23:49.000 --> 06:23:50.000]  那種痛苦
[06:23:50.000 --> 06:23:52.000]  不知道為什麼身體就懂了
[06:23:52.000 --> 06:23:53.000]  浮很容易
[06:23:53.000 --> 06:23:55.000]  腳踩幾下就浮
[06:23:55.000 --> 06:23:56.000]  你講不到
[06:23:56.000 --> 06:23:58.000]  到時你已經是直覺
[06:23:58.000 --> 06:24:00.000]  你的身體的coordination
[06:24:00.000 --> 06:24:01.000]  習慣成為了直覺
[06:24:01.000 --> 06:24:03.000]  那種直覺不是透過頭腦去學
[06:24:03.000 --> 06:24:05.000]  但是是需要一個過程
[06:24:05.000 --> 06:24:06.000]  是需要一個過程
[06:24:06.000 --> 06:24:08.000]  一個操練的過程
[06:24:08.000 --> 06:24:10.000]  我們聽神的聲音
[06:24:10.000 --> 06:24:13.000]  是屬於我們剛才所講的practical knowledge
[06:24:13.000 --> 06:24:17.000]  是一種經驗累積而實踐的知識
[06:24:17.000 --> 06:24:19.000]  這種知識不是用頭腦
[06:24:19.000 --> 06:24:22.000]  所以最聰明的人都沒有辦法學到
[06:24:22.000 --> 06:24:24.000]  除非他自己和其他人一樣
[06:24:24.000 --> 06:24:25.000]  我覺得很蠢的人
[06:24:25.000 --> 06:24:26.000]  很單純的人
[06:24:26.000 --> 06:24:27.000]  沒有讀過書的人
[06:24:27.000 --> 06:24:28.000]  一樣可以聽到
[06:24:28.000 --> 06:24:30.000]  有時那些人更容易聽到
[06:24:30.000 --> 06:24:31.000]  稍後我們會知道
[06:24:31.000 --> 06:24:32.000]  因為那些雜音比較少
[06:24:32.000 --> 06:24:33.000]  聰明的人
[06:24:33.000 --> 06:24:35.000]  那些越聰明的人
[06:24:35.000 --> 06:24:36.000]  越懂得自己騙自己
[06:24:36.000 --> 06:24:40.000]  越用多東西來蓋過自己真真正正的惡
[06:24:40.000 --> 06:24:41.000]  一個聽到神的聲音的人
[06:24:41.000 --> 06:24:43.000]  是將自己很坦誠的赤露
[06:24:43.000 --> 06:24:45.000]  闖開神面前都容易聽到
[06:24:45.000 --> 06:24:46.000]  所以有時思想簡單
[06:24:46.000 --> 06:24:48.000]  更容易聽到神的聲音
[06:24:48.000 --> 06:24:49.000]  這個不在話下
[06:24:49.000 --> 06:24:50.000]  我們不詳細討論
[06:24:50.000 --> 06:24:52.000]  什麼人都可以聽到神的聲音
[06:24:52.000 --> 06:24:56.000]  問題是需要一個操練而得來的直覺
[06:24:56.000 --> 06:24:58.000]  這幾個是大的原則
[06:24:58.000 --> 06:25:00.000]  雖然很多人都知道
[06:25:00.000 --> 06:25:01.000]  但我一定要說
[06:25:01.000 --> 06:25:03.000]  否則你會開始走錯方向
[06:25:03.000 --> 06:25:06.000]  接著你說這種直覺是什麼呢?
[06:25:06.000 --> 06:25:07.000]  聖經有一種說話
[06:25:07.000 --> 06:25:09.000]  就是一種熟悉的聲音
[06:25:09.000 --> 06:25:11.000]  我們怎樣可以聽到神的聲音
[06:25:11.000 --> 06:25:12.000]  我都問這件事
[06:25:12.000 --> 06:25:14.000]  在我內心怎樣聽到神的聲音
[06:25:14.000 --> 06:25:15.000]  怎樣分辨得到呢?
[06:25:15.000 --> 06:25:17.000]  首先我不給你一條formula
[06:25:17.000 --> 06:25:19.000]  稍後我會給你一些指標
[06:25:19.000 --> 06:25:21.000]  一些經驗的分享給你
[06:25:21.000 --> 06:25:25.000]  但是基本上是一種熟悉
[06:25:25.000 --> 06:25:27.000]  一種直覺的問題
[06:25:27.000 --> 06:25:29.000]  聖經說的很有意思
[06:25:29.000 --> 06:25:31.000]  主耶穌說我是牧羊人
[06:25:31.000 --> 06:25:32.000]  好牧人
[06:25:32.000 --> 06:25:34.000]  你們是我們的羊
[06:25:34.000 --> 06:25:36.000]  羊是認識主人的聲音
[06:25:36.000 --> 06:25:37.000]  當我叫的時候
[06:25:37.000 --> 06:25:38.000]  牠們不會聽錯的
[06:25:38.000 --> 06:25:39.000]  記得嗎?
[06:25:39.000 --> 06:25:40.000]  在《讓方帝十章》那裡
[06:25:40.000 --> 06:25:42.000]  耶穌說我叫的時候聽錯了
[06:25:42.000 --> 06:25:43.000]  那些不是屬於我的
[06:25:43.000 --> 06:25:46.000]  那些賊叫的時候羊是不肯聽的
[06:25:46.000 --> 06:25:48.000]  很妙的耶穌的意思
[06:25:48.000 --> 06:25:51.000]  就是說那些羊聽慣了主人的聲音
[06:25:51.000 --> 06:25:54.000]  主人一叫我不知道是什麼聲音
[06:25:54.000 --> 06:25:56.000]  那群羊就聽到了
[06:25:56.000 --> 06:25:58.000]  在我們人生中事常都是這樣
[06:25:58.000 --> 06:26:00.000]  是無法解釋給你聽的
[06:26:00.000 --> 06:26:02.000]  你知道什麼叫紅色
[06:26:02.000 --> 06:26:03.000]  什麼叫綠色這種直覺
[06:26:03.000 --> 06:26:04.000]  一看紅色怎麼解釋?
[06:26:04.000 --> 06:26:06.000]  無法解釋紅色
[06:26:06.000 --> 06:26:08.000]  科學上是可以的
[06:26:08.000 --> 06:26:12.000]  可以用一些light wave
[06:26:12.000 --> 06:26:14.000]  光波的波長
[06:26:14.000 --> 06:26:17.000]  它的頻率來計算
[06:26:17.000 --> 06:26:18.000]  可以知道什麼叫紅色
[06:26:18.000 --> 06:26:19.000]  什麼叫綠色
[06:26:19.000 --> 06:26:20.000]  但是在我們眼裡
[06:26:20.000 --> 06:26:21.000]  不需要計算過
[06:26:21.000 --> 06:26:22.000]  我們要不要說等一下
[06:26:22.000 --> 06:26:24.000]  先計算一下
[06:26:24.000 --> 06:26:26.000]  不是的
[06:26:26.000 --> 06:26:28.000]  深紅、淺紅、綠色、橙色
[06:26:28.000 --> 06:26:30.000]  橙色裡面帶一點點黃色
[06:26:30.000 --> 06:26:31.000]  我們常常都會這樣說
[06:26:31.000 --> 06:26:32.000]  為什麼?
[06:26:32.000 --> 06:26:34.000]  因為我們要見到很多次的顏色
[06:26:34.000 --> 06:26:35.000]  沒有其他方法
[06:26:35.000 --> 06:26:36.000]  見到了
[06:26:36.000 --> 06:26:37.000]  compare到一個地步
[06:26:37.000 --> 06:26:39.000]  慢慢慢慢我們就摸到那個顏色
[06:26:39.000 --> 06:26:42.000]  又好像弟弟、嬰兒聽到媽媽的聲音
[06:26:42.000 --> 06:26:43.000]  很有趣的
[06:26:43.000 --> 06:26:44.000]  那是直覺
[06:26:44.000 --> 06:26:45.000]  媽媽說乖了
[06:26:45.000 --> 06:26:46.000]  那就慘了
[06:26:46.000 --> 06:26:47.000]  不哭了
[06:26:47.000 --> 06:26:48.000]  我又走過去了
[06:26:48.000 --> 06:26:49.000]  乖了就大聲哭了
[06:26:49.000 --> 06:26:50.000]  很有趣的
[06:26:50.000 --> 06:26:52.000]  你問他為什麼他無法解釋
[06:26:52.000 --> 06:26:56.000]  他根本連思考能力都沒有
[06:26:56.000 --> 06:26:57.000]  他就有這種直覺
[06:26:57.000 --> 06:26:58.000]  一種熟悉
[06:26:58.000 --> 06:26:59.000]  他唯有聽完又聽
[06:26:59.000 --> 06:27:00.000]  聽完又聽
[06:27:00.000 --> 06:27:01.000]  因為他一出生的時候
[06:27:01.000 --> 06:27:02.000]  就在母親的懷裡面
[06:27:02.000 --> 06:27:03.000]  他的動作
[06:27:03.000 --> 06:27:04.000]  一些很小的動作
[06:27:04.000 --> 06:27:07.000]  一些身體裡面的感應
[06:27:07.000 --> 06:27:09.000]  那種聲音
[06:27:09.000 --> 06:27:10.000]  那種發聲的方式
[06:27:10.000 --> 06:27:13.000]  不知不覺就成為累積
[06:27:13.000 --> 06:27:14.000]  成為一種直覺
[06:27:14.000 --> 06:27:15.000]  所以媽媽一出聲
[06:27:15.000 --> 06:27:17.000]  寶寶馬上看著
[06:27:17.000 --> 06:27:18.000]  很有趣的
[06:27:18.000 --> 06:27:19.000]  馬上看著方向
[06:27:19.000 --> 06:27:20.000]  因為他知道這個是他媽媽
[06:27:20.000 --> 06:27:22.000]  以太司是這樣說的
[06:27:22.000 --> 06:27:23.000]  以太司第一章
[06:27:23.000 --> 06:27:24.000]  神話什麼
[06:27:24.000 --> 06:27:26.000]  牛都認識牠的主人
[06:27:26.000 --> 06:27:28.000]  驢就認識牠主人的槽
[06:27:28.000 --> 06:27:29.000]  是不是
[06:27:29.000 --> 06:27:30.000]  很有意思的
[06:27:30.000 --> 06:27:31.000]  全部都是
[06:27:31.000 --> 06:27:32.000]  動物都可以
[06:27:32.000 --> 06:27:33.000]  我相信我們人更加可以
[06:27:33.000 --> 06:27:36.000]  就需要我們一種熟悉的直覺
[06:27:36.000 --> 06:27:37.000]  你說好了
[06:27:37.000 --> 06:27:38.000]  經常都說直覺直覺
[06:27:38.000 --> 06:27:40.000]  有兩個角度來了解
[06:27:40.000 --> 06:27:41.000]  第一
[06:27:41.000 --> 06:27:42.000]  你是要從累積不斷的
[06:27:42.000 --> 06:27:43.000]  因為從今之後
[06:27:43.000 --> 06:27:46.000]  你問如何可以聽見整個聲音
[06:27:46.000 --> 06:27:47.000]  我的答案就是唯一
[06:27:47.000 --> 06:27:48.000]  第一句
[06:27:48.000 --> 06:27:49.000]  一定是多聽
[06:27:49.000 --> 06:27:51.000]  多聽
[06:27:51.000 --> 06:27:54.000]  沒有人可以一路不用聽
[06:27:54.000 --> 06:27:56.000]  就立刻聽得對
[06:27:56.000 --> 06:27:58.000]  如果真的一路都不用聽
[06:27:58.000 --> 06:27:59.000]  一聽就立刻對的話
[06:27:59.000 --> 06:28:01.000]  算你好運
[06:28:01.000 --> 06:28:02.000]  從另一個角度來說
[06:28:02.000 --> 06:28:03.000]  是神憐憫你
[06:28:03.000 --> 06:28:04.000]  就好像當日
[06:28:04.000 --> 06:28:07.000]  掃羅在大馬骰路上的時候
[06:28:07.000 --> 06:28:08.000]  變成保羅那剎那
[06:28:08.000 --> 06:28:09.000]  一下子大光打下來
[06:28:09.000 --> 06:28:10.000]  打到他趴在那裡
[06:28:10.000 --> 06:28:11.000]  瞎了眼
[06:28:11.000 --> 06:28:12.000]  然後聽見聲音說
[06:28:12.000 --> 06:28:15.000]  你為什麼要用腳踢刺
[06:28:15.000 --> 06:28:16.000]  保羅你是誰
[06:28:16.000 --> 06:28:17.000]  他都很容易知道
[06:28:17.000 --> 06:28:18.000]  因為沒聽過
[06:28:18.000 --> 06:28:19.000]  是不是
[06:28:19.000 --> 06:28:21.000]  說我是你所逼迫的耶穌
[06:28:21.000 --> 06:28:23.000]  哇他突然間明白了
[06:28:23.000 --> 06:28:24.000]  這一下子聽
[06:28:24.000 --> 06:28:25.000]  是神特別恩待的
[06:28:25.000 --> 06:28:26.000]  老實說
[06:28:26.000 --> 06:28:27.000]  他一路都沒有聽過
[06:28:27.000 --> 06:28:28.000]  沒有操過
[06:28:28.000 --> 06:28:29.000]  那一下子就很超前
[06:28:29.000 --> 06:28:30.000]  要介入
[06:28:30.000 --> 06:28:32.000]  因為神要特別選他
[06:28:32.000 --> 06:28:33.000]  抓住他不讓他走
[06:28:33.000 --> 06:28:34.000]  要他做外邦人的使徒
[06:28:34.000 --> 06:28:36.000]  所以神是格外私恩給他的
[06:28:36.000 --> 06:28:38.000]  你不要claim on
[06:28:38.000 --> 06:28:39.000]  你不要back on這種
[06:28:39.000 --> 06:28:41.000]  期待時常有這種
[06:28:41.000 --> 06:28:42.000]  這樣的
[06:28:42.000 --> 06:28:44.000]  特異的神的恩典
[06:28:44.000 --> 06:28:45.000]  很多人走這條捷徑
[06:28:45.000 --> 06:28:46.000]  是很危險的
[06:28:46.000 --> 06:28:48.000]  玩玩手你聽錯了
[06:28:48.000 --> 06:28:49.000]  剛才我說過
[06:28:49.000 --> 06:28:50.000]  很多異端
[06:28:50.000 --> 06:28:51.000]  以為自己真的
[06:28:51.000 --> 06:28:52.000]  他不是騙人的
[06:28:52.000 --> 06:28:53.000]  他真的以為自己聽得懂
[06:28:53.000 --> 06:28:56.000]  最近因為我寫那本著作的時候
[06:28:56.000 --> 06:28:57.000]  研究到啟示的時候
[06:28:57.000 --> 06:28:59.000]  看了很多近代那些
[06:28:59.000 --> 06:29:01.000]  自己宣稱他聽到神的聲音
[06:29:01.000 --> 06:29:03.000]  什麼都有
[06:29:03.000 --> 06:29:04.000]  他真的很認真的
[06:29:04.000 --> 06:29:05.000]  他說聽到了
[06:29:05.000 --> 06:29:07.000]  越寫越危險
[06:29:07.000 --> 06:29:08.000]  那些東西寫出來的時候
[06:29:08.000 --> 06:29:09.000]  危害眾生
[06:29:09.000 --> 06:29:10.000]  他說他聽到了
[06:29:10.000 --> 06:29:12.000]  我相信他不是騙人的
[06:29:12.000 --> 06:29:13.000]  他真的以為自己聽到了
[06:29:13.000 --> 06:29:14.000]  他不是瘋子
[06:29:14.000 --> 06:29:15.000]  那些是聰明人
[06:29:15.000 --> 06:29:17.000]  寫的有文有路
[06:29:17.000 --> 06:29:18.000]  但是他為什麼
[06:29:18.000 --> 06:29:20.000]  恐怕他聽到了神的聲音
[06:29:20.000 --> 06:29:21.000]  恐怕他聽到了
[06:29:21.000 --> 06:29:22.000]  自己裡面潛意識
[06:29:22.000 --> 06:29:24.000]  一些這樣的背景的聲音
[06:29:24.000 --> 06:29:25.000]  然後他就認為
[06:29:25.000 --> 06:29:26.000]  這是神的聲音
[06:29:26.000 --> 06:29:27.000]  最典型
[06:29:27.000 --> 06:29:29.000]  我在seminar都說過
[06:29:29.000 --> 06:29:30.000]  最典型就是現在很流行
[06:29:30.000 --> 06:29:32.000]  那三本中文都翻譯了
[06:29:32.000 --> 06:29:33.000]  叫做什麼
[06:29:33.000 --> 06:29:35.000]  Conversation with God
[06:29:35.000 --> 06:29:37.000]  Walsh那個最早
[06:29:37.000 --> 06:29:38.000]  Neil Walsh
[06:29:38.000 --> 06:29:39.000]  那個美國人寫的
[06:29:39.000 --> 06:29:41.000]  最早是與神對話
[06:29:41.000 --> 06:29:43.000]  你在坊間的書局都可以買
[06:29:43.000 --> 06:29:44.000]  三大本
[06:29:44.000 --> 06:29:46.000]  白沙達那個人出了五百多萬卡
[06:29:46.000 --> 06:29:47.000]  已經賣了
[06:29:47.000 --> 06:29:48.000]  然後停了
[06:29:48.000 --> 06:29:49.000]  整個center
[06:29:49.000 --> 06:29:50.000]  專家怎麼聽神的聲音
[06:29:50.000 --> 06:29:51.000]  他要命
[06:29:51.000 --> 06:29:52.000]  這個人
[06:29:52.000 --> 06:29:54.000]  他五次婚姻失敗
[06:29:54.000 --> 06:29:55.000]  生了九個小孩
[06:29:55.000 --> 06:29:56.000]  都不行的這個人
[06:29:56.000 --> 06:29:58.000]  但是他聽到神跟他說話
[06:29:58.000 --> 06:30:00.000]  叫他啟示給世間的人
[06:30:00.000 --> 06:30:01.000]  神是怎樣的人
[06:30:01.000 --> 06:30:02.000]  應該怎樣生活
[06:30:02.000 --> 06:30:03.000]  哇
[06:30:03.000 --> 06:30:04.000]  但是你留心分析一下
[06:30:04.000 --> 06:30:06.000]  我今天早上沒有時間和大家說這些
[06:30:06.000 --> 06:30:08.000]  我寫了一本書出來
[06:30:08.000 --> 06:30:09.000]  可能有機會你看的時候就知道
[06:30:09.000 --> 06:30:10.000]  你留心分析
[06:30:10.000 --> 06:30:11.000]  裡面很恐怖的
[06:30:11.000 --> 06:30:13.000]  是完全沒有需要有任何道德規矩的
[06:30:13.000 --> 06:30:15.000]  你喜歡做就做
[06:30:15.000 --> 06:30:18.000]  很典型的現代美國那種dream
[06:30:18.000 --> 06:30:19.000]  You are OK
[06:30:19.000 --> 06:30:20.000]  I am OK
[06:30:20.000 --> 06:30:21.000]  Everybody is OK
[06:30:21.000 --> 06:30:23.000]  As far as you are authentic to yourself
[06:30:23.000 --> 06:30:25.000]  你只要最自己真誠的
[06:30:25.000 --> 06:30:26.000]  你OK我OK
[06:30:26.000 --> 06:30:27.000]  你想怎樣就怎樣
[06:30:27.000 --> 06:30:28.000]  哇
[06:30:28.000 --> 06:30:29.000]  很恐怖的
[06:30:29.000 --> 06:30:30.000]  更加恐怖的
[06:30:30.000 --> 06:30:31.000]  有很多大美國主義
[06:30:31.000 --> 06:30:33.000]  種族有些歧視
[06:30:33.000 --> 06:30:35.000]  尤其是對東方的人
[06:30:35.000 --> 06:30:36.000]  有些威脅論
[06:30:36.000 --> 06:30:37.000]  咦
[06:30:37.000 --> 06:30:38.000]  這麼熟悉的
[06:30:38.000 --> 06:30:39.000]  好像和報紙一樣
[06:30:39.000 --> 06:30:40.000]  他說神和他說的
[06:30:40.000 --> 06:30:41.000]  你知不知道
[06:30:41.000 --> 06:30:43.000]  他不知道他以為神和他說的
[06:30:43.000 --> 06:30:45.000]  其實可能是美國集體潛意識出來的
[06:30:45.000 --> 06:30:46.000]  他都不知道
[06:30:46.000 --> 06:30:47.000]  很危險的
[06:30:47.000 --> 06:30:48.000]  這些人
[06:30:48.000 --> 06:30:49.000]  他是認真的
[06:30:49.000 --> 06:30:50.000]  他以為真是神和他說的
[06:30:50.000 --> 06:30:51.000]  他不是騙人的
[06:30:51.000 --> 06:30:54.000]  但是他從來沒有真正操練過
[06:30:54.000 --> 06:30:55.000]  聽過神的聲音
[06:30:55.000 --> 06:30:57.000]  一下子就說神突然和他說的
[06:30:57.000 --> 06:30:58.000]  於是不停地寫
[06:30:58.000 --> 06:31:00.000]  越寫就越寫他自己的東西出來
[06:31:00.000 --> 06:31:02.000]  或者甚至寫了沙灘的東西出來
[06:31:02.000 --> 06:31:03.000]  很危險
[06:31:03.000 --> 06:31:04.000]  所以呢
[06:31:04.000 --> 06:31:06.000]  是一部題
[06:31:06.000 --> 06:31:07.000]  你要去盡力去聽
[06:31:07.000 --> 06:31:09.000]  你說我很容易聽錯
[06:31:09.000 --> 06:31:11.000]  一會兒我會教你
[06:31:11.000 --> 06:31:12.000]  你總有一個起始點
[06:31:12.000 --> 06:31:13.000]  我經常都舉這個例子
[06:31:13.000 --> 06:31:15.000]  你想射籃
[06:31:15.000 --> 06:31:16.000]  你打籃球打得好
[06:31:16.000 --> 06:31:18.000]  每個練過籃球的那些健將
[06:31:18.000 --> 06:31:19.000]  你都會明白
[06:31:19.000 --> 06:31:21.000]  你第一次開始打籃球的時候
[06:31:21.000 --> 06:31:23.000]  你肯定射不進去的
[06:31:23.000 --> 06:31:25.000]  誰告訴你會射得進去的
[06:31:25.000 --> 06:31:26.000]  你第一次試一下
[06:31:26.000 --> 06:31:27.000]  你這麼爽
[06:31:27.000 --> 06:31:28.000]  NTA
[06:31:28.000 --> 06:31:29.000]  一下子射
[06:31:29.000 --> 06:31:30.000]  一下子射
[06:31:30.000 --> 06:31:31.000]  哦很爽
[06:31:31.000 --> 06:31:32.000]  尤其是一射
[06:31:32.000 --> 06:31:33.000]  連個板都射不到
[06:31:33.000 --> 06:31:34.000]  扔到對面
[06:31:34.000 --> 06:31:35.000]  為什麼
[06:31:35.000 --> 06:31:36.000]  因為你沒有練過
[06:31:36.000 --> 06:31:38.000]  但是最重要的就是
[06:31:38.000 --> 06:31:40.000]  這樣射不進去
[06:31:40.000 --> 06:31:41.000]  原來我不射了
[06:31:41.000 --> 06:31:42.000]  這個就大錯了
[06:31:42.000 --> 06:31:44.000]  永遠都有個開始的
[06:31:44.000 --> 06:31:45.000]  有什麼辦法
[06:31:45.000 --> 06:31:46.000]  不斷地射
[06:31:46.000 --> 06:31:47.000]  每天都這麼操練
[06:31:47.000 --> 06:31:48.000]  射到一定程度
[06:31:48.000 --> 06:31:49.000]  你就知道
[06:31:49.000 --> 06:31:50.000]  這樣射進去
[06:31:50.000 --> 06:31:52.000]  這個操練
[06:31:52.000 --> 06:31:54.000]  起始的時候
[06:31:54.000 --> 06:31:55.000]  肯定有瑕疵
[06:31:55.000 --> 06:31:56.000]  肯定有雜音
[06:31:56.000 --> 06:31:58.000]  所以如果你怕我聽的時候
[06:31:58.000 --> 06:31:59.000]  聽錯了
[06:31:59.000 --> 06:32:00.000]  是不是整個聲音
[06:32:00.000 --> 06:32:01.000]  為什麼要聽自己的聲音
[06:32:01.000 --> 06:32:03.000]  於是百分之百穩定
[06:32:03.000 --> 06:32:04.000]  一定是整個聲音
[06:32:04.000 --> 06:32:05.000]  我才聽
[06:32:05.000 --> 06:32:06.000]  對不起
[06:32:06.000 --> 06:32:08.000]  永遠沒辦法開始
[06:32:08.000 --> 06:32:10.000]  當然我不怕你聽錯
[06:32:10.000 --> 06:32:11.000]  就聽一下
[06:32:11.000 --> 06:32:12.000]  有時候以為這是自己的聲音
[06:32:12.000 --> 06:32:13.000]  但原來不是
[06:32:13.000 --> 06:32:14.000]  那我怎麼知道
[06:32:14.000 --> 06:32:15.000]  等下我解釋給你聽
[06:32:15.000 --> 06:32:17.000]  這些問題我不會解釋
[06:32:17.000 --> 06:32:18.000]  不過無論如何
[06:32:18.000 --> 06:32:19.000]  總之是聽
[06:32:19.000 --> 06:32:21.000]  你的心是願意去聆聽
[06:32:21.000 --> 06:32:22.000]  預備你的心
[06:32:22.000 --> 06:32:23.000]  從早到晚
[06:32:23.000 --> 06:32:24.000]  事實上去聆聽神
[06:32:24.000 --> 06:32:25.000]  在心裡面渴慕
[06:32:25.000 --> 06:32:26.000]  跟神說
[06:32:26.000 --> 06:32:27.000]  神你跟我說話
[06:32:27.000 --> 06:32:28.000]  讓我能夠進行你的知識
[06:32:28.000 --> 06:32:29.000]  我很想過你的生活
[06:32:29.000 --> 06:32:31.000]  我就盡量留心
[06:32:31.000 --> 06:32:33.000]  神對你說的話
[06:32:33.000 --> 06:32:35.000]  最初可能有瑕疵
[06:32:35.000 --> 06:32:37.000]  是OK的
[06:32:37.000 --> 06:32:38.000]  不要緊
[06:32:38.000 --> 06:32:39.000]  慢慢慢慢
[06:32:39.000 --> 06:32:41.000]  那些瑕疵就會慢慢除去
[06:32:41.000 --> 06:32:43.000]  你就摸到那個神的聲音
[06:32:43.000 --> 06:32:44.000]  到時候你有一種直覺
[06:32:44.000 --> 06:32:46.000]  聲音一來的時候
[06:32:46.000 --> 06:32:47.000]  這個是神的聲音
[06:32:47.000 --> 06:32:49.000]  差不多百分之九十你都知道
[06:32:49.000 --> 06:32:50.000]  這就是屬靈的程度
[06:32:50.000 --> 06:32:51.000]  高低的問題
[06:32:51.000 --> 06:32:52.000]  就像保羅
[06:32:52.000 --> 06:32:53.000]  他知道裡面
[06:32:53.000 --> 06:32:54.000]  那份聖靈感動他
[06:32:54.000 --> 06:32:55.000]  到處都要告訴他
[06:32:55.000 --> 06:32:56.000]  他要回耶路撒冷
[06:32:56.000 --> 06:32:57.000]  全世界都反對他
[06:32:57.000 --> 06:32:58.000]  記得嗎
[06:32:58.000 --> 06:33:00.000]  我跟大家說過
[06:33:00.000 --> 06:33:01.000]  那些長老
[06:33:01.000 --> 06:33:02.000]  教長老抱著腳說
[06:33:02.000 --> 06:33:03.000]  你不要回去
[06:33:03.000 --> 06:33:04.000]  死定了
[06:33:04.000 --> 06:33:05.000]  保羅我也要回去
[06:33:05.000 --> 06:33:06.000]  死定了
[06:33:06.000 --> 06:33:08.000]  這是裡面的一種知識
[06:33:08.000 --> 06:33:09.000]  這種知識就是
[06:33:09.000 --> 06:33:10.000]  到一個程度
[06:33:10.000 --> 06:33:11.000]  高的時候
[06:33:11.000 --> 06:33:12.000]  就好像一個籃球選手
[06:33:12.000 --> 06:33:13.000]  一射球的時候
[06:33:13.000 --> 06:33:14.000]  他在哪裡
[06:33:14.000 --> 06:33:15.000]  我事實上都說這個例子
[06:33:15.000 --> 06:33:16.000]  很簡單
[06:33:16.000 --> 06:33:17.000]  你看到那些
[06:33:17.000 --> 06:33:18.000]  美國的籃球明星
[06:33:18.000 --> 06:33:20.000]  真的很厲害
[06:33:20.000 --> 06:33:22.000]  我留心很多次
[06:33:22.000 --> 06:33:23.000]  他們一射的時候
[06:33:23.000 --> 06:33:24.000]  手一出
[06:33:24.000 --> 06:33:25.000]  球一離手
[06:33:25.000 --> 06:33:26.000]  他轉身就走了
[06:33:26.000 --> 06:33:27.000]  入球
[06:33:27.000 --> 06:33:28.000]  不像我們這樣看著
[06:33:28.000 --> 06:33:29.000]  一射
[06:33:29.000 --> 06:33:30.000]  嘩
[06:33:30.000 --> 06:33:31.000]  嘩
[06:33:31.000 --> 06:33:32.000]  嘩
[06:33:32.000 --> 06:33:34.000]  一次又一次
[06:33:34.000 --> 06:33:35.000]  不是的
[06:33:35.000 --> 06:33:36.000]  很簡單
[06:33:36.000 --> 06:33:37.000]  他都知道
[06:33:37.000 --> 06:33:38.000]  你問他怎麼知道
[06:33:38.000 --> 06:33:39.000]  他講不出來
[06:33:39.000 --> 06:33:40.000]  I know
[06:33:40.000 --> 06:33:41.000]  因為他天天都這樣操練
[06:33:41.000 --> 06:33:42.000]  操練到一個地步
[06:33:42.000 --> 06:33:43.000]  什麼時候入
[06:33:43.000 --> 06:33:44.000]  什麼時候不入
[06:33:44.000 --> 06:33:45.000]  他就知道
[06:33:45.000 --> 06:33:46.000]  什麼時候的聲音
[06:33:46.000 --> 06:33:47.000]  這個是神的
[06:33:47.000 --> 06:33:48.000]  聽了就馬上走
[06:33:48.000 --> 06:33:49.000]  很快
[06:33:49.000 --> 06:33:50.000]  怎麼知道
[06:33:50.000 --> 06:33:51.000]  我教你
[06:33:51.000 --> 06:33:52.000]  有幾個調教的操練
[06:33:52.000 --> 06:33:53.000]  參考
[06:33:53.000 --> 06:33:54.000]  不過
[06:33:54.000 --> 06:33:55.000]  那條路是要這樣走
[06:33:55.000 --> 06:33:56.000]  不用怕錯
[06:33:56.000 --> 06:33:57.000]  這樣走下去
[06:33:57.000 --> 06:33:58.000]  尤其是你記住我剛才說的
[06:33:58.000 --> 06:33:59.000]  那個三角
[06:33:59.000 --> 06:34:00.000]  是三角
[06:34:00.000 --> 06:34:02.000]  裏面有聖經的話語
[06:34:02.000 --> 06:34:04.000]  還有周圍的
[06:34:04.000 --> 06:34:06.000]  神在環境裏面佈局
[06:34:06.000 --> 06:34:07.000]  扣住
[06:34:07.000 --> 06:34:08.000]  所以裏面主觀的聲音
[06:34:08.000 --> 06:34:09.000]  不是唯一決定的
[06:34:09.000 --> 06:34:10.000]  記住
[06:34:10.000 --> 06:34:12.000]  所以你多讀聖經
[06:34:12.000 --> 06:34:13.000]  你就可以知道
[06:34:13.000 --> 06:34:14.000]  很快就已經
[06:34:14.000 --> 06:34:16.000]  起碼篩選了裏面一些聲音
[06:34:16.000 --> 06:34:17.000]  是不是
[06:34:17.000 --> 06:34:18.000]  你知道那些聲音
[06:34:18.000 --> 06:34:20.000]  不是來自神的
[06:34:20.000 --> 06:34:21.000]  我經常都舉個極端的例子
[06:34:21.000 --> 06:34:22.000]  有時候一感動
[06:34:22.000 --> 06:34:23.000]  好像神感動
[06:34:23.000 --> 06:34:24.000]  你去打劫
[06:34:24.000 --> 06:34:25.000]  你不用想
[06:34:25.000 --> 06:34:26.000]  打什麼劫
[06:34:26.000 --> 06:34:27.000]  你讀過聖經
[06:34:27.000 --> 06:34:28.000]  那個當然不是神來的
[06:34:28.000 --> 06:34:29.000]  是不是
[06:34:29.000 --> 06:34:30.000]  在聖經裏面
[06:34:30.000 --> 06:34:31.000]  沒有這樣叫你做
[06:34:31.000 --> 06:34:32.000]  所以你不用想著
[06:34:32.000 --> 06:34:33.000]  神叫我打劫
[06:34:33.000 --> 06:34:34.000]  沒有的
[06:34:34.000 --> 06:34:35.000]  所以這些
[06:34:35.000 --> 06:34:36.000]  是很極端的例子
[06:34:36.000 --> 06:34:37.000]  但是你多讀聖經的時候
[06:34:37.000 --> 06:34:38.000]  那個聲音一來的時候
[06:34:38.000 --> 06:34:39.000]  你可能知道
[06:34:39.000 --> 06:34:40.000]  這個神不是
[06:34:40.000 --> 06:34:41.000]  不用看
[06:34:41.000 --> 06:34:42.000]  和聖經的原則
[06:34:42.000 --> 06:34:43.000]  是有衝突
[06:34:43.000 --> 06:34:44.000]  好了
[06:34:44.000 --> 06:34:45.000]  剛才我們說
[06:34:45.000 --> 06:34:46.000]  那個直覺
[06:34:46.000 --> 06:34:47.000]  直接湧出來的直覺
[06:34:47.000 --> 06:34:48.000]  一是的時候
[06:34:48.000 --> 06:34:49.000]  我知道
[06:34:49.000 --> 06:34:51.000]  一會兒還會再問一個問題
[06:34:51.000 --> 06:34:52.000]  是啊
[06:34:52.000 --> 06:34:53.000]  嬰兒
[06:34:53.000 --> 06:34:55.000]  弟弟聽慣了媽媽的聲音
[06:34:55.000 --> 06:34:56.000]  一聽就聽到了
[06:34:56.000 --> 06:34:57.000]  沒搞錯
[06:34:57.000 --> 06:34:58.000]  那些牛羊
[06:34:58.000 --> 06:34:59.000]  就知道誰是主人叫
[06:34:59.000 --> 06:35:00.000]  誰不是主人叫
[06:35:00.000 --> 06:35:01.000]  有些越叫越走
[06:35:01.000 --> 06:35:02.000]  有些越一叫
[06:35:02.000 --> 06:35:03.000]  就走去他那邊
[06:35:03.000 --> 06:35:04.000]  聽慣了
[06:35:04.000 --> 06:35:05.000]  是啊
[06:35:05.000 --> 06:35:06.000]  我知道有人會問
[06:35:06.000 --> 06:35:07.000]  我都問
[06:35:07.000 --> 06:35:08.000]  這是第一次
[06:35:08.000 --> 06:35:09.000]  是不是
[06:35:09.000 --> 06:35:11.000]  一開始就聽了那個語音
[06:35:11.000 --> 06:35:13.000]  那以後就跟著那個語音
[06:35:13.000 --> 06:35:15.000]  也有些參考的
[06:35:15.000 --> 06:35:16.000]  那我就
[06:35:16.000 --> 06:35:17.000]  好
[06:35:17.000 --> 06:35:18.000]  我知道這個要回答
[06:35:18.000 --> 06:35:19.000]  我就只能夠
[06:35:19.000 --> 06:35:21.000]  根據我自己的經歷
[06:35:21.000 --> 06:35:22.000]  又根據其他
[06:35:22.000 --> 06:35:23.000]  很多的
[06:35:23.000 --> 06:35:24.000]  追尋這方面
[06:35:24.000 --> 06:35:25.000]  熟齡的
[06:35:25.000 --> 06:35:26.000]  穩陣的
[06:35:26.000 --> 06:35:27.000]  這些熟齡的追尋者
[06:35:27.000 --> 06:35:28.000]  他們的經歷
[06:35:28.000 --> 06:35:29.000]  大概描述給你聽
[06:35:29.000 --> 06:35:31.000]  神的說話來的時候
[06:35:31.000 --> 06:35:34.000]  都有些上下的跡象
[06:35:34.000 --> 06:35:37.000]  性風格
[06:35:37.000 --> 06:35:39.000]  那我就可以用一個這樣的例子
[06:35:39.000 --> 06:35:40.000]  給大家了解
[06:35:40.000 --> 06:35:42.000]  譬如舉例
[06:35:42.000 --> 06:35:43.000]  一樣的問題
[06:35:43.000 --> 06:35:44.000]  突然有一天
[06:35:44.000 --> 06:35:46.000]  你收到一封
[06:35:46.000 --> 06:35:47.000]  有一個包裹
[06:35:47.000 --> 06:35:48.000]  沒有寄來的地址
[06:35:48.000 --> 06:35:49.000]  寄來的地址
[06:35:49.000 --> 06:35:50.000]  總之收到
[06:35:50.000 --> 06:35:52.000]  收到的時候不知道是誰寄給你
[06:35:52.000 --> 06:35:53.000]  裡面一卷帶
[06:35:53.000 --> 06:35:55.000]  有一個人在說話
[06:35:55.000 --> 06:35:57.000]  那你就決定那個是不是我呢
[06:35:57.000 --> 06:35:59.000]  你怎麼知道那個是不是我呢
[06:35:59.000 --> 06:36:01.000]  這個就有一點像我們聽神的聲音
[06:36:01.000 --> 06:36:02.000]  突然有聲音來了
[06:36:02.000 --> 06:36:04.000]  那你就突然收到一卷帶
[06:36:04.000 --> 06:36:05.000]  又沒有張貼
[06:36:05.000 --> 06:36:07.000]  又沒有包裝
[06:36:07.000 --> 06:36:08.000]  什麼都沒有
[06:36:08.000 --> 06:36:10.000]  沒有東西寫在那裏
[06:36:10.000 --> 06:36:12.000]  但是有一個男人的聲音
[06:36:12.000 --> 06:36:14.000]  那個是不是我呢
[06:36:14.000 --> 06:36:17.000]  那時候就有幾個參考
[06:36:17.000 --> 06:36:19.000]  我們好像做偵探一樣
[06:36:19.000 --> 06:36:20.000]  有幾個參考
[06:36:20.000 --> 06:36:22.000]  通常我們有三方面去考慮
[06:36:22.000 --> 06:36:24.000]  一個這樣的聲音
[06:36:24.000 --> 06:36:27.000]  究竟是不是來自我們估計的那個人
[06:36:27.000 --> 06:36:28.000]  第一
[06:36:28.000 --> 06:36:31.000]  他聲音的聲調是怎樣
[06:36:31.000 --> 06:36:32.000]  如果你聽慣了
[06:36:32.000 --> 06:36:34.000]  聽過錄音帶的聲調的時候
[06:36:34.000 --> 06:36:36.000]  你聽見那個聲音很尖的
[06:36:36.000 --> 06:36:37.000]  好像女人聲那樣
[06:36:37.000 --> 06:36:39.000]  那你多多都不像我了
[06:36:39.000 --> 06:36:40.000]  聲調又高又低
[06:36:40.000 --> 06:36:43.000]  聲調多還要包括快慢
[06:36:43.000 --> 06:36:45.000]  我快慢的Pace
[06:36:45.000 --> 06:36:46.000]  我自己說不太覺
[06:36:46.000 --> 06:36:47.000]  但是聽多人會知道
[06:36:47.000 --> 06:36:49.000]  這個快慢很像溫慧耀的聲音
[06:36:49.000 --> 06:36:50.000]  是不是
[06:36:50.000 --> 06:36:52.000]  或者是比較溫柔的
[06:36:52.000 --> 06:36:54.000]  比較粗獷的
[06:36:54.000 --> 06:36:57.000]  這些都是那個聲音的風格
[06:36:57.000 --> 06:36:58.000]  聲線那裏
[06:36:58.000 --> 06:36:59.000]  風格
[06:36:59.000 --> 06:37:01.000]  風格是深入一點的
[06:37:01.000 --> 06:37:03.000]  譬如說他說話的時候
[06:37:03.000 --> 06:37:05.000]  那種的風格
[06:37:05.000 --> 06:37:07.000]  譬如說他是較為冷靜的
[06:37:07.000 --> 06:37:08.000]  因為熱情的
[06:37:08.000 --> 06:37:09.000]  是不是
[06:37:09.000 --> 06:37:10.000]  說話的時候
[06:37:10.000 --> 06:37:12.000]  又或者他是很謙遜的
[06:37:12.000 --> 06:37:14.000]  很謹慎的
[06:37:14.000 --> 06:37:15.000]  或者很大膽的
[06:37:15.000 --> 06:37:16.000]  OK
[06:37:16.000 --> 06:37:18.000]  或者他是很權威的
[06:37:18.000 --> 06:37:20.000]  因為很虛怯的
[06:37:20.000 --> 06:37:22.000]  這些就有時似的
[06:37:22.000 --> 06:37:24.000]  可能你聽過我這個帶子的時候
[06:37:24.000 --> 06:37:26.000]  這個溫慧耀的帶子對照的時候
[06:37:26.000 --> 06:37:27.000]  似的
[06:37:27.000 --> 06:37:28.000]  他的聲音差不多
[06:37:28.000 --> 06:37:30.000]  也是這樣鞠躬的說話
[06:37:30.000 --> 06:37:32.000]  一樣頓挫的
[06:37:32.000 --> 06:37:33.000]  那就似的
[06:37:33.000 --> 06:37:34.000]  如果不是的話
[06:37:34.000 --> 06:37:36.000]  他的聲音是嗡嗡嗡嗡的
[06:37:36.000 --> 06:37:37.000]  就不像我了
[06:37:37.000 --> 06:37:39.000]  那個風格
[06:37:39.000 --> 06:37:41.000]  和那個聲調可以比較
[06:37:41.000 --> 06:37:42.000]  最後第三樣
[06:37:42.000 --> 06:37:43.000]  一樣重要的是什麼
[06:37:43.000 --> 06:37:45.000]  內容
[06:37:45.000 --> 06:37:48.000]  內容像不像一貫我講的那些內容呢
[06:37:48.000 --> 06:37:49.000]  是不是
[06:37:49.000 --> 06:37:50.000]  一貫講色情的東西
[06:37:50.000 --> 06:37:51.000]  那就不是我了
[06:37:51.000 --> 06:37:52.000]  是不是
[06:37:52.000 --> 06:37:53.000]  我不會講這些東西的
[06:37:53.000 --> 06:37:54.000]  是不是
[06:37:54.000 --> 06:37:56.000]  說一些很深奧的電腦的技巧
[06:37:56.000 --> 06:37:57.000]  那就不是我了
[06:37:57.000 --> 06:37:58.000]  老實說
[06:37:58.000 --> 06:37:59.000]  是不是
[06:37:59.000 --> 06:38:00.000]  我不懂的
[06:38:00.000 --> 06:38:02.000]  但是如果你說講解釋聖經
[06:38:02.000 --> 06:38:03.000]  講屬靈操練
[06:38:03.000 --> 06:38:04.000]  似的
[06:38:04.000 --> 06:38:05.000]  似我的東西
[06:38:05.000 --> 06:38:06.000]  雖然我沒聽過這個帶子
[06:38:06.000 --> 06:38:08.000]  但是我憑著這些蛛絲馬跡
[06:38:08.000 --> 06:38:10.000]  估計到有幾分是似的
[06:38:10.000 --> 06:38:12.000]  起碼有一個大概的方向
[06:38:12.000 --> 06:38:14.000]  大家明白我意思嗎
[06:38:14.000 --> 06:38:16.000]  同樣我們現在收到神
[06:38:16.000 --> 06:38:17.000]  或者不是神
[06:38:17.000 --> 06:38:19.000]  內心裡面湧出來
[06:38:19.000 --> 06:38:21.000]  那種聲音和意念的時候
[06:38:21.000 --> 06:38:23.000]  我們都可以從大概這樣的風格
[06:38:23.000 --> 06:38:25.000]  內容來看
[06:38:25.000 --> 06:38:27.000]  風格上面
[06:38:27.000 --> 06:38:30.000]  很多大多數的屬靈的追尋者都告訴我們
[06:38:30.000 --> 06:38:32.000]  當神的聲音來的時候
[06:38:32.000 --> 06:38:34.000]  當然每次都不同
[06:38:34.000 --> 06:38:36.000]  但是神的聲音裡面
[06:38:36.000 --> 06:38:38.000]  聲音有一種風格
[06:38:38.000 --> 06:38:39.000]  當它出來的時候
[06:38:39.000 --> 06:38:41.000]  在心靈的深處出來
[06:38:41.000 --> 06:38:43.000]  就不在外來那些
[06:38:43.000 --> 06:38:45.000]  在感情上的激盪而得到這麼簡單
[06:38:45.000 --> 06:38:47.000]  在裡面很深
[06:38:47.000 --> 06:38:48.000]  好像以利亞
[06:38:48.000 --> 06:38:49.000]  他求死的時候
[06:38:49.000 --> 06:38:51.000]  在山上的時候
[06:38:51.000 --> 06:38:53.000]  有風有火有地震
[06:38:53.000 --> 06:38:54.000]  神都不在那裡
[06:38:54.000 --> 06:38:56.000]  之後有一個微聲
[06:38:56.000 --> 06:38:58.000]  有很留心聽的時候
[06:38:58.000 --> 06:38:59.000]  或者它自己在裡面湧出來
[06:38:59.000 --> 06:39:00.000]  很難描述
[06:39:00.000 --> 06:39:01.000]  如果你不明白
[06:39:01.000 --> 06:39:02.000]  你沒試過
[06:39:02.000 --> 06:39:03.000]  你覺得很神秘
[06:39:03.000 --> 06:39:04.000]  但是你經歷過
[06:39:04.000 --> 06:39:05.000]  你就知道我說的是什麼
[06:39:05.000 --> 06:39:06.000]  在裡面湧出來
[06:39:06.000 --> 06:39:07.000]  很自然的
[06:39:07.000 --> 06:39:08.000]  你想都想不到
[06:39:08.000 --> 06:39:09.000]  突然間出來
[06:39:09.000 --> 06:39:11.000]  那個意念不是你自己理性推出來的
[06:39:11.000 --> 06:39:12.000]  又不是你感情激盪
[06:39:12.000 --> 06:39:13.000]  可以挑起的
[06:39:13.000 --> 06:39:14.000]  在裡面湧出來
[06:39:14.000 --> 06:39:15.000]  有一個特色
[06:39:15.000 --> 06:39:16.000]  但是裡面湧出來
[06:39:16.000 --> 06:39:17.000]  還有很多聲音
[06:39:17.000 --> 06:39:18.000]  湧出來的時候
[06:39:18.000 --> 06:39:19.000]  那種聲音
[06:39:19.000 --> 06:39:20.000]  如果是神的聲音
[06:39:20.000 --> 06:39:22.000]  是帶著一種很沉實
[06:39:22.000 --> 06:39:23.000]  不強迫性
[06:39:23.000 --> 06:39:24.000]  但是一種很權威
[06:39:24.000 --> 06:39:26.000]  它可以很柔和
[06:39:26.000 --> 06:39:27.000]  很微細
[06:39:27.000 --> 06:39:30.000]  但是你是反抗不了
[06:39:30.000 --> 06:39:32.000]  一次有一次
[06:39:32.000 --> 06:39:33.000]  告訴你
[06:39:33.000 --> 06:39:35.000]  還有潛意識出來是不同的
[06:39:35.000 --> 06:39:37.000]  通常我們人的潛意識出來的聲音
[06:39:37.000 --> 06:39:38.000]  那種意念
[06:39:38.000 --> 06:39:40.000]  很多時候有些挑逗性
[06:39:40.000 --> 06:39:41.000]  甚至是引誘性
[06:39:41.000 --> 06:39:42.000]  驚驚地
[06:39:42.000 --> 06:39:43.000]  肉絲
[06:39:43.000 --> 06:39:44.000]  但是
[06:39:44.000 --> 06:39:45.000]  神的聲音出來的時候
[06:39:45.000 --> 06:39:46.000]  不是這樣的
[06:39:46.000 --> 06:39:47.000]  是很寧靜的
[06:39:47.000 --> 06:39:48.000]  裡面有一種能力
[06:39:48.000 --> 06:39:49.000]  有一種權柄
[06:39:49.000 --> 06:39:52.000]  好像當天群眾聽耶穌講道的時候
[06:39:52.000 --> 06:39:54.000]  聖經裡面馬可福音
[06:39:54.000 --> 06:39:55.000]  盧金輝時常說
[06:39:55.000 --> 06:39:56.000]  當天聽耶穌講道的時候
[06:39:56.000 --> 06:39:58.000]  群眾很驚訝
[06:39:58.000 --> 06:39:59.000]  因為他
[06:39:59.000 --> 06:40:00.000]  耶穌所說的話
[06:40:00.000 --> 06:40:01.000]  是滿有權柄
[06:40:01.000 --> 06:40:03.000]  不像那些文字
[06:40:03.000 --> 06:40:04.000]  很有趣
[06:40:04.000 --> 06:40:05.000]  我們的主聲音就是這樣
[06:40:05.000 --> 06:40:06.000]  他不聽別人的
[06:40:06.000 --> 06:40:07.000]  但是他出來的時候
[06:40:07.000 --> 06:40:09.000]  他有一種權威
[06:40:09.000 --> 06:40:11.000]  一種柔和的權威
[06:40:11.000 --> 06:40:12.000]  一種溫柔帶有權威
[06:40:12.000 --> 06:40:15.000]  甚至神的聲音是指責你的罪
[06:40:15.000 --> 06:40:17.000]  也不是全都喝了
[06:40:17.000 --> 06:40:18.000]  但是令你一心
[06:40:18.000 --> 06:40:19.000]  哎呀
[06:40:19.000 --> 06:40:20.000]  突然間好像光一出來的時候
[06:40:20.000 --> 06:40:21.000]  無地自容
[06:40:21.000 --> 06:40:22.000]  你想逃避
[06:40:22.000 --> 06:40:23.000]  待會又來過
[06:40:23.000 --> 06:40:24.000]  是不是
[06:40:24.000 --> 06:40:25.000]  神的呼召也是這樣的
[06:40:25.000 --> 06:40:26.000]  你不用擔心
[06:40:26.000 --> 06:40:28.000]  神不放過你的
[06:40:28.000 --> 06:40:29.000]  如果是神呼召你
[06:40:29.000 --> 06:40:30.000]  譬如說做一個奉獻
[06:40:30.000 --> 06:40:32.000]  或者做宣教士那些
[06:40:32.000 --> 06:40:33.000]  很多都告訴你
[06:40:33.000 --> 06:40:34.000]  不是一次的
[06:40:34.000 --> 06:40:35.000]  一次說
[06:40:35.000 --> 06:40:36.000]  不是吧
[06:40:36.000 --> 06:40:37.000]  搞錯吧
[06:40:37.000 --> 06:40:38.000]  一時感情激盪
[06:40:38.000 --> 06:40:39.000]  去宣教大會
[06:40:39.000 --> 06:40:40.000]  過了幾個月之後
[06:40:40.000 --> 06:40:41.000]  又來了
[06:40:41.000 --> 06:40:42.000]  神的聲音又來了
[06:40:42.000 --> 06:40:43.000]  那次無端端
[06:40:43.000 --> 06:40:44.000]  唱首詩
[06:40:44.000 --> 06:40:45.000]  突然間哭了起來
[06:40:45.000 --> 06:40:46.000]  又來了
[06:40:46.000 --> 06:40:47.000]  那次真的是情感
[06:40:47.000 --> 06:40:48.000]  剛剛風動
[06:40:48.000 --> 06:40:49.000]  不是
[06:40:49.000 --> 06:40:50.000]  又過了兩個星期
[06:40:50.000 --> 06:40:51.000]  剛才牧師說到
[06:40:51.000 --> 06:40:52.000]  本來都不是說那件事
[06:40:52.000 --> 06:40:53.000]  但是那句經文
[06:40:53.000 --> 06:40:54.000]  有一句
[06:40:54.000 --> 06:40:55.000]  闡入你的心裡面
[06:40:55.000 --> 06:40:56.000]  哎呀
[06:40:56.000 --> 06:40:57.000]  又來過
[06:40:57.000 --> 06:40:58.000]  神的聲音是這樣的
[06:40:58.000 --> 06:40:59.000]  你不用擔心
[06:40:59.000 --> 06:41:00.000]  他一定會來到
[06:41:00.000 --> 06:41:01.000]  慢慢慢慢
[06:41:01.000 --> 06:41:02.000]  一出來的時候
[06:41:02.000 --> 06:41:03.000]  如果你有這種直覺
[06:41:03.000 --> 06:41:04.000]  就很容易知道
[06:41:04.000 --> 06:41:05.000]  如果我不熟悉的時候
[06:41:05.000 --> 06:41:06.000]  就給你這些參考
[06:41:06.000 --> 06:41:07.000]  帶著溫柔權柄
[06:41:07.000 --> 06:41:08.000]  但是一出來的時候
[06:41:08.000 --> 06:41:09.000]  在心裡面
[06:41:09.000 --> 06:41:15.000]  引起你一種很崇高的生命的回應
[06:41:15.000 --> 06:41:16.000]  很有趣的
[06:41:16.000 --> 06:41:19.000]  會令你感覺自己有罪
[06:41:19.000 --> 06:41:21.000]  感覺自己有罪之外
[06:41:21.000 --> 06:41:22.000]  不是令你絕望
[06:41:22.000 --> 06:41:23.000]  很有趣的
[06:41:23.000 --> 06:41:24.000]  感覺自己有罪
[06:41:24.000 --> 06:41:26.000]  如果其實是挑戰你的罪的話
[06:41:26.000 --> 06:41:28.000]  令你知罪之餘
[06:41:28.000 --> 06:41:30.000]  心裡面又有一種安慰
[06:41:30.000 --> 06:41:32.000]  不知道你們有多少人聽得明白我講
[06:41:32.000 --> 06:41:34.000]  我相信很多人聽得明白我講什麼
[06:41:34.000 --> 06:41:36.000]  你試過就知道我在講什麼
[06:41:36.000 --> 06:41:37.000]  正如我現在跟你講
[06:41:37.000 --> 06:41:39.000]  打籃球一樣
[06:41:39.000 --> 06:41:40.000]  如果你沒打過籃球
[06:41:40.000 --> 06:41:41.000]  你不知道我在講什麼
[06:41:41.000 --> 06:41:42.000]  但是如果你懂得打籃球
[06:41:42.000 --> 06:41:43.000]  我就懂得打籃球
[06:41:43.000 --> 06:41:44.000]  因為我告訴你怎麼走位
[06:41:44.000 --> 06:41:45.000]  怎麼上
[06:41:45.000 --> 06:41:46.000]  怎麼拋球
[06:41:46.000 --> 06:41:47.000]  什麼時候要傳球
[06:41:47.000 --> 06:41:49.000]  什麼時候自己吃著上
[06:41:49.000 --> 06:41:51.000]  這些是內圍的
[06:41:51.000 --> 06:41:52.000]  你會明白的
[06:41:52.000 --> 06:41:53.000]  今天我講這些
[06:41:53.000 --> 06:41:54.000]  我相信你會明白的
[06:41:54.000 --> 06:41:55.000]  如果你有經歷過
[06:41:55.000 --> 06:41:56.000]  你會明白
[06:41:56.000 --> 06:41:57.000]  神的聲音來的時候就是這樣
[06:41:57.000 --> 06:41:58.000]  不是很難的
[06:41:58.000 --> 06:41:59.000]  因為他和你的關係
[06:41:59.000 --> 06:42:00.000]  如果越親切
[06:42:00.000 --> 06:42:01.000]  他一來的時候
[06:42:01.000 --> 06:42:03.000]  他會觸發你一種內心裡面
[06:42:03.000 --> 06:42:04.000]  很溫馨
[06:42:04.000 --> 06:42:05.000]  很願意的共鳴
[06:42:05.000 --> 06:42:07.000]  甚至你怕怕的也好
[06:42:07.000 --> 06:42:08.000]  你都不是那種恐懼性的
[06:42:08.000 --> 06:42:10.000]  而是被他吸引住
[06:42:10.000 --> 06:42:12.000]  就好像你和一個很親切的朋友
[06:42:12.000 --> 06:42:14.000]  他和你坐在一起的時候
[06:42:14.000 --> 06:42:15.000]  他一講一句話
[06:42:15.000 --> 06:42:16.000]  或者你和你的配偶
[06:42:16.000 --> 06:42:17.000]  很恩愛的配偶
[06:42:17.000 --> 06:42:19.000]  我和太太坐在一起
[06:42:19.000 --> 06:42:20.000]  晚上的時候
[06:42:20.000 --> 06:42:21.000]  他講一句話的時候
[06:42:21.000 --> 06:42:22.000]  立刻在我心裡面引起共鳴
[06:42:22.000 --> 06:42:23.000]  不要說什麼來的
[06:42:23.000 --> 06:42:24.000]  不是的
[06:42:24.000 --> 06:42:25.000]  很熟悉的
[06:42:25.000 --> 06:42:26.000]  大家明白我說什麼嗎
[06:42:26.000 --> 06:42:27.000]  熟悉就是這樣的
[06:42:27.000 --> 06:42:28.000]  立刻裡面有共鳴
[06:42:28.000 --> 06:42:30.000]  這個是神要我做的事情
[06:42:30.000 --> 06:42:32.000]  於是澄清多兩句
[06:42:32.000 --> 06:42:34.000]  祈禱說神是不是這樣
[06:42:34.000 --> 06:42:36.000]  再一次宣誓
[06:42:36.000 --> 06:42:38.000]  又會不會有錯
[06:42:38.000 --> 06:42:40.000]  百忙中都會有錯
[06:42:40.000 --> 06:42:42.000]  我自己也試過幾次
[06:42:42.000 --> 06:42:43.000]  有時候一兩次
[06:42:43.000 --> 06:42:44.000]  我真的很清楚二維神的聲音
[06:42:44.000 --> 06:42:45.000]  但是都是錯的
[06:42:45.000 --> 06:42:47.000]  譬如有時候我祈禱幫人治病
[06:42:47.000 --> 06:42:49.000]  我不多和人說這些
[06:42:49.000 --> 06:42:50.000]  有時候我有
[06:42:50.000 --> 06:42:51.000]  我沒有特別這個恩賜
[06:42:51.000 --> 06:42:52.000]  但是我試過好幾次
[06:42:52.000 --> 06:42:54.000]  我祈禱是可以治病的
[06:42:54.000 --> 06:42:55.000]  有好幾次
[06:42:55.000 --> 06:42:56.000]  我發覺我自己弄錯了
[06:42:56.000 --> 06:42:57.000]  我祈禱完之後
[06:42:57.000 --> 06:42:58.000]  我心裡面感覺到
[06:42:58.000 --> 06:42:59.000]  近兵的宣誓
[06:42:59.000 --> 06:43:00.000]  這個人會康復
[06:43:00.000 --> 06:43:01.000]  但是他沒有
[06:43:01.000 --> 06:43:03.000]  於是我就提醒自己
[06:43:03.000 --> 06:43:04.000]  有時候我都會弄錯
[06:43:04.000 --> 06:43:06.000]  所以我不是說反對靈因運動
[06:43:06.000 --> 06:43:07.000]  不過我是很謹慎
[06:43:07.000 --> 06:43:09.000]  你有這樣的能力和恩賜
[06:43:09.000 --> 06:43:10.000]  是OK的
[06:43:10.000 --> 06:43:11.000]  感謝主
[06:43:11.000 --> 06:43:12.000]  不過你要有一個
[06:43:12.000 --> 06:43:15.000]  彰映這麼厲害的程度的智商
[06:43:15.000 --> 06:43:17.000]  那種分辨能力
[06:43:17.000 --> 06:43:18.000]  有時候我們分辨不到
[06:43:18.000 --> 06:43:19.000]  我們有能力更危險
[06:43:19.000 --> 06:43:20.000]  你明白嗎
[06:43:20.000 --> 06:43:21.000]  開了車卡了火
[06:43:21.000 --> 06:43:22.000]  正在走
[06:43:22.000 --> 06:43:23.000]  發覺要沒有了
[06:43:23.000 --> 06:43:24.000]  就是這麼危險
[06:43:24.000 --> 06:43:26.000]  所以我事實上都不敢誇張
[06:43:26.000 --> 06:43:27.000]  我自己有這個聖靈
[06:43:27.000 --> 06:43:29.000]  那個醫病的恩賜
[06:43:29.000 --> 06:43:30.000]  雖然我試過好幾次
[06:43:30.000 --> 06:43:31.000]  但是我試過幾次
[06:43:31.000 --> 06:43:33.000]  我發覺我
[06:43:33.000 --> 06:43:34.000]  感覺到聖靈告訴我
[06:43:34.000 --> 06:43:36.000]  我是要醫好他
[06:43:36.000 --> 06:43:37.000]  就是聖靈會醫
[06:43:37.000 --> 06:43:38.000]  是對的
[06:43:38.000 --> 06:43:39.000]  誰知道turn out不是
[06:43:39.000 --> 06:43:40.000]  那就是說我聽錯了
[06:43:40.000 --> 06:43:41.000]  Tesla我聽錯了
[06:43:41.000 --> 06:43:43.000]  那就是說我還沒有火候
[06:43:43.000 --> 06:43:44.000]  我就不敢亂來
[06:43:44.000 --> 06:43:45.000]  我就不敢亂誇口
[06:43:45.000 --> 06:43:46.000]  這句是聖靈說的
[06:43:46.000 --> 06:43:48.000]  但是我心裡面其實我是
[06:43:48.000 --> 06:43:49.000]  有錯的
[06:43:49.000 --> 06:43:51.000]  不過慢慢慢慢你發覺
[06:43:51.000 --> 06:43:52.000]  那個錯誤可以減少
[06:43:52.000 --> 06:43:53.000]  就好像打球
[06:43:53.000 --> 06:43:54.000]  射籃那樣
[06:43:54.000 --> 06:43:55.000]  最好的籃球明星
[06:43:55.000 --> 06:43:57.000]  都不是百發百中
[06:43:57.000 --> 06:43:59.000]  但是你和他的比較
[06:43:59.000 --> 06:44:00.000]  你就分辨了
[06:44:00.000 --> 06:44:02.000]  他射多數入的
[06:44:02.000 --> 06:44:04.000]  你射多數不入
[06:44:04.000 --> 06:44:05.000]  分別就是這樣
[06:44:05.000 --> 06:44:06.000]  他不是百
[06:44:06.000 --> 06:44:07.000]  一百次一百次入
[06:44:07.000 --> 06:44:09.000]  你不是一百次一百次都不入
[06:44:09.000 --> 06:44:11.000]  不過多數和少數是差很遠
[06:44:11.000 --> 06:44:12.000]  這個就是會聽聖靈的聲音
[06:44:12.000 --> 06:44:13.000]  和不會聽聖靈的聲音的分別
[06:44:13.000 --> 06:44:14.000]  OK
[06:44:14.000 --> 06:44:15.000]  好了
[06:44:15.000 --> 06:44:17.000]  有了這些大概的時候
[06:44:17.000 --> 06:44:18.000]  操練的過程裡面
[06:44:18.000 --> 06:44:20.000]  我就總結了
[06:44:20.000 --> 06:44:21.000]  我想提供
[06:44:21.000 --> 06:44:24.000]  有四個調教的操練
[06:44:24.000 --> 06:44:27.000]  怎樣可以熟悉聖靈的聲音操練
[06:44:27.000 --> 06:44:31.000]  第一是調整那個專注
[06:44:31.000 --> 06:44:34.000]  就是說我們要聽聖靈的聲音
[06:44:34.000 --> 06:44:37.000]  最好的就是留心神的身上
[06:44:37.000 --> 06:44:39.000]  如果我們習慣一種生活
[06:44:39.000 --> 06:44:40.000]  我們的腦
[06:44:40.000 --> 06:44:41.000]  我們的注意力
[06:44:41.000 --> 06:44:43.000]  事實上在神的心裡面
[06:44:43.000 --> 06:44:45.000]  所以我有在另外一些的場合
[06:44:45.000 --> 06:44:46.000]  或者是seminar裡面
[06:44:46.000 --> 06:44:47.000]  教大家用什麼思語卡
[06:44:47.000 --> 06:44:49.000]  那些那些東西
[06:44:49.000 --> 06:44:50.000]  就是說我們每天
[06:44:50.000 --> 06:44:51.000]  如果我們每天都在這個
[06:44:51.000 --> 06:44:54.000]  默想聖經那個心態過日子的時候
[06:44:54.000 --> 06:44:55.000]  我們整個set
[06:44:55.000 --> 06:44:56.000]  我們focus在神身上的時候
[06:44:56.000 --> 06:44:58.000]  我們聽的聲音就容易了
[06:44:58.000 --> 06:44:59.000]  這個很簡單
[06:44:59.000 --> 06:45:00.000]  你看
[06:45:00.000 --> 06:45:02.000]  普通的communication skills
[06:45:02.000 --> 06:45:03.000]  就是溝通技巧
[06:45:03.000 --> 06:45:04.000]  告訴你
[06:45:04.000 --> 06:45:05.000]  當你很想和一個人真的有溝通的時候
[06:45:05.000 --> 06:45:06.000]  怎樣
[06:45:06.000 --> 06:45:07.000]  你望著他聊天
[06:45:07.000 --> 06:45:08.000]  是嗎
[06:45:08.000 --> 06:45:09.000]  你不會這樣
[06:45:09.000 --> 06:45:12.000]  有些人在看報紙
[06:45:12.000 --> 06:45:16.000]  這個就不是真的
[06:45:16.000 --> 06:45:18.000]  不是真的
[06:45:18.000 --> 06:45:19.000]  真的你留心的時候
[06:45:19.000 --> 06:45:21.000]  想聽的人聽到的話
[06:45:21.000 --> 06:45:22.000]  要望著他
[06:45:22.000 --> 06:45:23.000]  看著他
[06:45:23.000 --> 06:45:24.000]  這個在屬靈上面也是
[06:45:24.000 --> 06:45:25.000]  我們屬靈的心眼視像
[06:45:25.000 --> 06:45:26.000]  看著神
[06:45:26.000 --> 06:45:27.000]  就可以了
[06:45:27.000 --> 06:45:29.000]  有一本書說得很有趣
[06:45:29.000 --> 06:45:30.000]  它說
[06:45:30.000 --> 06:45:31.000]  它有個資料
[06:45:31.000 --> 06:45:32.000]  它說
[06:45:32.000 --> 06:45:34.000]  在加拿大的皇家警察
[06:45:34.000 --> 06:45:35.000]  皇家騎警
[06:45:35.000 --> 06:45:37.000]  最厲害的就是IBM
[06:45:37.000 --> 06:45:38.000]  RBA
[06:45:38.000 --> 06:45:39.000]  那些
[06:45:39.000 --> 06:45:41.000]  就是他們
[06:45:41.000 --> 06:45:43.000]  他們要去查那些假鈔
[06:45:43.000 --> 06:45:44.000]  很有趣
[06:45:44.000 --> 06:45:46.000]  他訓練原來是這樣的
[06:45:46.000 --> 06:45:47.000]  那些皇家騎警
[06:45:47.000 --> 06:45:50.000]  他要徵集那些假的100元鈔票的時候
[06:45:50.000 --> 06:45:52.000]  那個訓練的過程裡面
[06:45:52.000 --> 06:45:53.000]  原來是這樣的
[06:45:53.000 --> 06:45:54.000]  我不知道你知不知道
[06:45:54.000 --> 06:45:56.000]  那本書告訴我
[06:45:56.000 --> 06:45:58.000]  那個訓練官和整個課程
[06:45:58.000 --> 06:46:01.000]  從來不讓他看那些假鈔票
[06:46:01.000 --> 06:46:03.000]  一張他都沒見過
[06:46:03.000 --> 06:46:05.000]  只要他留心看一張真的
[06:46:05.000 --> 06:46:07.000]  看到他粉瓜爛熟
[06:46:07.000 --> 06:46:08.000]  一天對著他看
[06:46:08.000 --> 06:46:10.000]  看到本來看不到的東西都看得出來
[06:46:10.000 --> 06:46:11.000]  一條線
[06:46:11.000 --> 06:46:12.000]  這樣
[06:46:12.000 --> 06:46:13.000]  反光
[06:46:13.000 --> 06:46:14.000]  這樣看
[06:46:14.000 --> 06:46:15.000]  然後會有這樣的顏色
[06:46:15.000 --> 06:46:16.000]  笑一笑的時候
[06:46:16.000 --> 06:46:17.000]  有些水印
[06:46:17.000 --> 06:46:18.000]  這些我們都會看
[06:46:18.000 --> 06:46:19.000]  但是他不夠
[06:46:19.000 --> 06:46:20.000]  那個考官要考到的地步
[06:46:20.000 --> 06:46:21.000]  不停地看
[06:46:21.000 --> 06:46:22.000]  只會說你看完了
[06:46:22.000 --> 06:46:23.000]  再看
[06:46:23.000 --> 06:46:26.000]  看到你每天說到一件新的
[06:46:26.000 --> 06:46:27.000]  你昨天看不到東西出來
[06:46:27.000 --> 06:46:29.000]  看到他通了
[06:46:29.000 --> 06:46:30.000]  那你合格了
[06:46:30.000 --> 06:46:31.000]  就需要去看
[06:46:31.000 --> 06:46:33.000]  一看就知道哪些是真的哪些是假的
[06:46:33.000 --> 06:46:35.000]  他不用去慢慢研究那些假的
[06:46:35.000 --> 06:46:37.000]  因為假的無數這麼多種
[06:46:37.000 --> 06:46:38.000]  不要分心
[06:46:38.000 --> 06:46:39.000]  明白嗎
[06:46:39.000 --> 06:46:40.000]  我們一樣是這樣的
[06:46:40.000 --> 06:46:41.000]  我們不用說
[06:46:41.000 --> 06:46:42.000]  試一下聽一下薩達的聲音是怎樣
[06:46:42.000 --> 06:46:44.000]  試一下自己引誘的聲音是怎樣
[06:46:44.000 --> 06:46:45.000]  試一下看鹹汁是怎樣
[06:46:45.000 --> 06:46:47.000]  試一下看貪婪的感覺是怎樣
[06:46:47.000 --> 06:46:48.000]  你不用試的
[06:46:48.000 --> 06:46:50.000]  我不是說你怕你做那些東西
[06:46:50.000 --> 06:46:52.000]  你不用理那些東西的
[06:46:52.000 --> 06:46:53.000]  你只要focus
[06:46:53.000 --> 06:46:55.000]  很留心在神的身上
[06:46:55.000 --> 06:46:56.000]  聽清楚他
[06:46:56.000 --> 06:46:58.000]  專注在他身上的時候
[06:46:58.000 --> 06:47:00.000]  留心他的時候
[06:47:00.000 --> 06:47:02.000]  你自然一聽就知道這個是
[06:47:02.000 --> 06:47:04.000]  好像那些皇家警察一樣
[06:47:04.000 --> 06:47:05.000]  一看
[06:47:05.000 --> 06:47:06.000]  一看是真的
[06:47:06.000 --> 06:47:07.000]  一看就知道是真的
[06:47:07.000 --> 06:47:08.000]  一看不像
[06:47:08.000 --> 06:47:09.000]  假的
[06:47:09.000 --> 06:47:10.000]  就這麼簡單
[06:47:10.000 --> 06:47:11.000]  你明白嗎
[06:47:11.000 --> 06:47:13.000]  這個我只能夠用這樣的舉例來形容
[06:47:13.000 --> 06:47:14.000]  你明白嗎
[06:47:14.000 --> 06:47:15.000]  我們每天保持一個
[06:47:15.000 --> 06:47:18.000]  很專注在神的心意上
[06:47:18.000 --> 06:47:19.000]  想著他的時候
[06:47:19.000 --> 06:47:21.000]  你就很容易聽得到他的
[06:47:21.000 --> 06:47:23.000]  否則你越分心
[06:47:23.000 --> 06:47:25.000]  你留意什麼
[06:47:25.000 --> 06:47:27.000]  那件事你就越精
[06:47:27.000 --> 06:47:29.000]  這個是事實上很簡單
[06:47:29.000 --> 06:47:31.000]  也是每個人的經驗
[06:47:31.000 --> 06:47:33.000]  所謂專業也就是他對某一個課題
[06:47:33.000 --> 06:47:37.000]  他比其他人更加仔細的分析
[06:47:37.000 --> 06:47:39.000]  吃東西的專家
[06:47:39.000 --> 06:47:40.000]  他一吃下去的時候
[06:47:40.000 --> 06:47:41.000]  這塊豆腐
[06:47:41.000 --> 06:47:42.000]  滑就滑
[06:47:42.000 --> 06:47:44.000]  不過裏面差一點點
[06:47:44.000 --> 06:47:46.000]  膩了一點點
[06:47:46.000 --> 06:47:48.000]  這些是我們不懂的
[06:47:48.000 --> 06:47:49.000]  是不是
[06:47:49.000 --> 06:47:51.000]  每一樣的專門都是這樣
[06:47:51.000 --> 06:47:53.000]  有音樂訓練的人
[06:47:53.000 --> 06:47:54.000]  這個形容很難得
[06:47:54.000 --> 06:47:57.000]  有位弟兄經常說我是音樂方面的專家
[06:47:57.000 --> 06:47:58.000]  我們聊天的時候
[06:47:58.000 --> 06:47:59.000]  我很喜歡音樂
[06:47:59.000 --> 06:48:02.000]  你就知道音樂裏面有訓練的人
[06:48:02.000 --> 06:48:03.000]  他聽的東西
[06:48:03.000 --> 06:48:05.000]  這個人唱的聲音
[06:48:05.000 --> 06:48:06.000]  用喉嚨的聲音
[06:48:06.000 --> 06:48:07.000]  用額頭的聲音
[06:48:07.000 --> 06:48:09.000]  用心口的聲音
[06:48:09.000 --> 06:48:10.000]  用後面的聲音
[06:48:10.000 --> 06:48:11.000]  用前面的聲音
[06:48:11.000 --> 06:48:12.000]  怎麼搞的
[06:48:12.000 --> 06:48:13.000]  聲音有前面
[06:48:13.000 --> 06:48:14.000]  後面的出來就有了
[06:48:14.000 --> 06:48:15.000]  麥克風而已
[06:48:15.000 --> 06:48:16.000]  不是的
[06:48:16.000 --> 06:48:17.000]  你聽得到的
[06:48:17.000 --> 06:48:18.000]  有訓練的人
[06:48:18.000 --> 06:48:19.000]  都很仔細
[06:48:19.000 --> 06:48:20.000]  沒事的
[06:48:20.000 --> 06:48:22.000]  他由早到晚都聽
[06:48:22.000 --> 06:48:24.000]  他聽得比你多
[06:48:24.000 --> 06:48:26.000]  他的attention都在那裏
[06:48:26.000 --> 06:48:28.000]  於是他一聽就聽得出分別
[06:48:28.000 --> 06:48:30.000]  聽成聲音一樣
[06:48:30.000 --> 06:48:32.000]  我們將心意整天放在生意
[06:48:32.000 --> 06:48:33.000]  工作
[06:48:33.000 --> 06:48:34.000]  家庭
[06:48:34.000 --> 06:48:35.000]  這個不是不重要
[06:48:35.000 --> 06:48:37.000]  不過我們專注在那些
[06:48:37.000 --> 06:48:38.000]  突然之間
[06:48:38.000 --> 06:48:39.000]  臨急抱佛腳
[06:48:39.000 --> 06:48:40.000]  是不是想我轉工
[06:48:40.000 --> 06:48:41.000]  打打聲聽下你的聲音
[06:48:41.000 --> 06:48:43.000]  多數聽錯
[06:48:43.000 --> 06:48:45.000]  即是我們從來沒有聽過音樂
[06:48:45.000 --> 06:48:46.000]  突然之間聽說
[06:48:46.000 --> 06:48:48.000]  唱歌的聲音在哪裏
[06:48:48.000 --> 06:48:50.000]  沒有訓練
[06:48:50.000 --> 06:48:51.000]  是吧
[06:48:51.000 --> 06:48:52.000]  這是第一點
[06:48:52.000 --> 06:48:53.000]  很重要的
[06:48:53.000 --> 06:48:54.000]  很直接的
[06:48:54.000 --> 06:48:55.000]  積極的調教
[06:48:55.000 --> 06:48:56.000]  第二
[06:48:56.000 --> 06:48:58.000]  就是迅速的回應
[06:48:58.000 --> 06:49:00.000]  迅速的回應
[06:49:00.000 --> 06:49:02.000]  也就是當聖靈的聲音
[06:49:02.000 --> 06:49:04.000]  神的聲音一來的時候
[06:49:04.000 --> 06:49:07.000]  最容易慢慢將它強化的
[06:49:07.000 --> 06:49:10.000]  操練就是馬上聽
[06:49:10.000 --> 06:49:14.000]  有時候聖靈的聲音一來的時候
[06:49:14.000 --> 06:49:16.000]  裏面又有另外一個
[06:49:16.000 --> 06:49:18.000]  人性裏面的弱點
[06:49:18.000 --> 06:49:19.000]  想抗拒
[06:49:19.000 --> 06:49:21.000]  通常很多次出現的是甚麼呢
[06:49:21.000 --> 06:49:23.000]  就是神想我們做一些事
[06:49:23.000 --> 06:49:24.000]  我們不喜歡做
[06:49:24.000 --> 06:49:25.000]  譬如傳福音
[06:49:25.000 --> 06:49:26.000]  譬如突然間
[06:49:26.000 --> 06:49:27.000]  是不是感動你
[06:49:27.000 --> 06:49:28.000]  從旁邊那個
[06:49:28.000 --> 06:49:29.000]  現在很講福音
[06:49:29.000 --> 06:49:30.000]  哎呀不是吧
[06:49:30.000 --> 06:49:31.000]  他這麼忙
[06:49:31.000 --> 06:49:32.000]  先不要忙吧
[06:49:32.000 --> 06:49:33.000]  好了
[06:49:33.000 --> 06:49:34.000]  他沒有忙的時候
[06:49:34.000 --> 06:49:35.000]  開始了
[06:49:35.000 --> 06:49:36.000]  現在tea time
[06:49:36.000 --> 06:49:37.000]  下午吃飯了
[06:49:37.000 --> 06:49:38.000]  聖靈說
[06:49:38.000 --> 06:49:39.000]  今天不要講了
[06:49:39.000 --> 06:49:40.000]  不是呀
[06:49:40.000 --> 06:49:42.000]  現在剛剛開始吃東西
[06:49:42.000 --> 06:49:44.000]  我走過去和他聊天
[06:49:44.000 --> 06:49:45.000]  聊天的時候
[06:49:45.000 --> 06:49:46.000]  聖靈說好講的
[06:49:46.000 --> 06:49:47.000]  現在剛剛聊天的家裏
[06:49:47.000 --> 06:49:48.000]  你有沒有好講的
[06:49:48.000 --> 06:49:49.000]  好了
[06:49:49.000 --> 06:49:50.000]  到差不多的時候
[06:49:50.000 --> 06:49:51.000]  聖靈又告訴你
[06:49:51.000 --> 06:49:52.000]  現在好講了
[06:49:52.000 --> 06:49:53.000]  就快lunch time完了
[06:49:53.000 --> 06:49:54.000]  你還不講
[06:49:54.000 --> 06:49:55.000]  不行
[06:49:55.000 --> 06:49:56.000]  今天不講
[06:49:56.000 --> 06:49:57.000]  明天再講就好了
[06:49:57.000 --> 06:49:58.000]  誰知道第二天
[06:49:58.000 --> 06:49:59.000]  那天沒有講
[06:49:59.000 --> 06:50:00.000]  第二天那個人原來辭職了
[06:50:00.000 --> 06:50:01.000]  走了
[06:50:01.000 --> 06:50:02.000]  突然間家裏有事
[06:50:02.000 --> 06:50:03.000]  原來是昨天
[06:50:03.000 --> 06:50:04.000]  但是幾次叫你
[06:50:04.000 --> 06:50:05.000]  因為這是最後的機會
[06:50:05.000 --> 06:50:06.000]  你後悔了
[06:50:06.000 --> 06:50:07.000]  你就開始發覺
[06:50:07.000 --> 06:50:08.000]  原來這樣的
[06:50:08.000 --> 06:50:09.000]  聖靈的聲音
[06:50:09.000 --> 06:50:10.000]  聖靈的聲音來到
[06:50:10.000 --> 06:50:11.000]  你是聽到
[06:50:11.000 --> 06:50:13.000]  但是不等於你一定是會聽的
[06:50:13.000 --> 06:50:15.000]  神不是逼你的
[06:50:15.000 --> 06:50:16.000]  神是一位很慈愛的神
[06:50:16.000 --> 06:50:17.000]  祂會告訴你
[06:50:17.000 --> 06:50:18.000]  但是你做不做
[06:50:18.000 --> 06:50:20.000]  仍然給你一個自由
[06:50:20.000 --> 06:50:21.000]  不過分別就在這裏
[06:50:21.000 --> 06:50:23.000]  如果你聖靈的聲音一來
[06:50:23.000 --> 06:50:24.000]  你馬上有反應
[06:50:24.000 --> 06:50:25.000]  不理三七
[06:50:25.000 --> 06:50:26.000]  馬上開口就說
[06:50:26.000 --> 06:50:27.000]  你發覺
[06:50:27.000 --> 06:50:29.000]  意想不到的功效出來了
[06:50:29.000 --> 06:50:30.000]  你的心已經預備好了
[06:50:30.000 --> 06:50:31.000]  很奇怪
[06:50:31.000 --> 06:50:32.000]  很多次會有這樣的經歷
[06:50:32.000 --> 06:50:33.000]  你說這個最適合的時間
[06:50:33.000 --> 06:50:34.000]  開口
[06:50:34.000 --> 06:50:35.000]  哎呀
[06:50:35.000 --> 06:50:36.000]  不要理那麼多
[06:50:36.000 --> 06:50:37.000]  閉上眼
[06:50:37.000 --> 06:50:38.000]  因為聖靈一叫
[06:50:38.000 --> 06:50:39.000]  就馬上說
[06:50:39.000 --> 06:50:41.000]  一說的時候發現很奇怪
[06:50:41.000 --> 06:50:43.000]  原來神已經預備好了他的心電
[06:50:43.000 --> 06:50:44.000]  於是
[06:50:44.000 --> 06:50:45.000]  那個結果是什麼呢
[06:50:45.000 --> 06:50:47.000]  你一聽到聖靈的聲音
[06:50:47.000 --> 06:50:48.000]  馬上按照祂的做
[06:50:48.000 --> 06:50:50.000]  第二次聖靈的聲音又會清楚一點
[06:50:50.000 --> 06:50:52.000]  我只是說這些經驗給你聽
[06:50:52.000 --> 06:50:53.000]  於是你又馬上聽的時候
[06:50:53.000 --> 06:50:54.000]  第三次又很清楚
[06:50:54.000 --> 06:50:56.000]  就是有一個進步的
[06:50:56.000 --> 06:50:58.000]  有一個漸增的
[06:50:58.000 --> 06:50:59.000]  加強的
[06:50:59.000 --> 06:51:00.000]  所以你一次聽
[06:51:00.000 --> 06:51:02.000]  就幫助你下一次聽得更清楚
[06:51:02.000 --> 06:51:03.000]  下一次馬上肯聽
[06:51:03.000 --> 06:51:04.000]  馬上肯走出來
[06:51:04.000 --> 06:51:06.000]  按照祂的進行
[06:51:06.000 --> 06:51:07.000]  順服
[06:51:07.000 --> 06:51:09.000]  第三次又更加幫助你第四次
[06:51:09.000 --> 06:51:11.000]  相反也是如此
[06:51:11.000 --> 06:51:12.000]  清淨了
[06:51:12.000 --> 06:51:13.000]  第一次聖靈的聲音來
[06:51:13.000 --> 06:51:14.000]  就說不要了
[06:51:14.000 --> 06:51:16.000]  你可以抹殺聖靈的感動
[06:51:16.000 --> 06:51:19.000]  神不會強迫你的
[06:51:19.000 --> 06:51:20.000]  好吧
[06:51:20.000 --> 06:51:21.000]  你不聽祂說
[06:51:21.000 --> 06:51:22.000]  第二次聖靈的聲音來的時候
[06:51:22.000 --> 06:51:23.000]  就暗一點
[06:51:23.000 --> 06:51:24.000]  我只是這麼說
[06:51:24.000 --> 06:51:25.000]  又不聽
[06:51:25.000 --> 06:51:26.000]  第三次又暗一點
[06:51:26.000 --> 06:51:27.000]  第四次來
[06:51:27.000 --> 06:51:28.000]  再不聽
[06:51:28.000 --> 06:51:29.000]  再過幾次
[06:51:29.000 --> 06:51:31.000]  你會發現沒什麼聖靈的聲音
[06:51:31.000 --> 06:51:33.000]  你以為多爽啊
[06:51:33.000 --> 06:51:34.000]  我犯了罪
[06:51:34.000 --> 06:51:35.000]  這次沒有什麼感覺
[06:51:35.000 --> 06:51:36.000]  聖靈沒有什麼責備
[06:51:36.000 --> 06:51:37.000]  我說你大件事了
[06:51:37.000 --> 06:51:39.000]  你聽不到了
[06:51:39.000 --> 06:51:41.000]  聖經所說的耳濛了油
[06:51:41.000 --> 06:51:42.000]  眼盲了
[06:51:42.000 --> 06:51:43.000]  很有趣的
[06:51:43.000 --> 06:51:46.000]  是一個越來越清楚
[06:51:46.000 --> 06:51:47.000]  越來越模糊的過程
[06:51:47.000 --> 06:51:49.000]  所以那個操練
[06:51:49.000 --> 06:51:50.000]  第二個重點
[06:51:50.000 --> 06:51:52.000]  就是你一聽到聖靈的聲音
[06:51:52.000 --> 06:51:54.000]  如果你想繼續能夠把觸聖靈的聲音
[06:51:54.000 --> 06:51:56.000]  很自然的就行
[06:51:56.000 --> 06:51:57.000]  最好的方法
[06:51:57.000 --> 06:51:58.000]  最好的絕招
[06:51:58.000 --> 06:52:00.000]  就是馬上跟著祂做
[06:52:00.000 --> 06:52:02.000]  於是你就會很興奮
[06:52:02.000 --> 06:52:03.000]  第二次又聽得越來越清楚
[06:52:03.000 --> 06:52:04.000]  OK
[06:52:04.000 --> 06:52:05.000]  你明白這一點
[06:52:05.000 --> 06:52:09.000]  這是第二個秘訣
[06:52:09.000 --> 06:52:11.000]  第三個秘訣是什麼呢
[06:52:11.000 --> 06:52:13.000]  就是清除障礙
[06:52:13.000 --> 06:52:15.000]  聖靈的聲音來的時候
[06:52:15.000 --> 06:52:17.000]  它不會有問題
[06:52:17.000 --> 06:52:18.000]  源頭沒有問題
[06:52:18.000 --> 06:52:19.000]  但是在過程當中
[06:52:19.000 --> 06:52:20.000]  給了很多雜音
[06:52:20.000 --> 06:52:21.000]  擾亂了
[06:52:21.000 --> 06:52:23.000]  甚至被一些聲音蓋過了
[06:52:23.000 --> 06:52:24.000]  是不是
[06:52:24.000 --> 06:52:25.000]  會的
[06:52:25.000 --> 06:52:26.000]  譬如我現在說話
[06:52:26.000 --> 06:52:27.000]  我的聲音是沒有問題的
[06:52:27.000 --> 06:52:28.000]  突然間譬如說麥克風壞了
[06:52:28.000 --> 06:52:30.000]  接著來了一群小朋友
[06:52:30.000 --> 06:52:31.000]  大聲地玩
[06:52:31.000 --> 06:52:32.000]  在跳繩
[06:52:32.000 --> 06:52:33.000]  在捉迷藏
[06:52:33.000 --> 06:52:34.000]  那時候我的聲音仍然在
[06:52:34.000 --> 06:52:36.000]  不過你開始聽得很辛苦
[06:52:36.000 --> 06:52:37.000]  可能會聽不到
[06:52:37.000 --> 06:52:39.000]  所以聖靈的聲音
[06:52:39.000 --> 06:52:41.000]  可以被其他雜音所蓋過
[06:52:41.000 --> 06:52:42.000]  所謂雜音是什麼呢
[06:52:42.000 --> 06:52:43.000]  主耶穌說
[06:52:43.000 --> 06:52:45.000]  在登山補訓裏面
[06:52:45.000 --> 06:52:46.000]  百福裏面
[06:52:46.000 --> 06:52:47.000]  清心的人有福
[06:52:47.000 --> 06:52:49.000]  因為他們必得見神
[06:52:49.000 --> 06:52:50.000]  好有趣
[06:52:50.000 --> 06:52:52.000]  這個清不一定是要去打坐
[06:52:52.000 --> 06:52:54.000]  不是那些操練那麼簡單
[06:52:54.000 --> 06:52:57.000]  而是說你的心不要被其他雜念
[06:52:57.000 --> 06:52:59.000]  所謂雜念有幾樣東西
[06:52:59.000 --> 06:53:00.000]  第一
[06:53:00.000 --> 06:53:02.000]  剛才說你的心追求了很多其他的東西
[06:53:02.000 --> 06:53:03.000]  不是神的東西
[06:53:03.000 --> 06:53:04.000]  那你的聲音
[06:53:04.000 --> 06:53:05.000]  當你的聲音來的時候
[06:53:05.000 --> 06:53:06.000]  就會被打擾
[06:53:06.000 --> 06:53:08.000]  第二種的雜念是什麼呢
[06:53:08.000 --> 06:53:09.000]  就是你的罪
[06:53:09.000 --> 06:53:11.000]  罪念
[06:53:11.000 --> 06:53:12.000]  事實上犯罪
[06:53:12.000 --> 06:53:14.000]  或者你那個心
[06:53:14.000 --> 06:53:16.000]  是經常被罪纏繞著
[06:53:16.000 --> 06:53:18.000]  或者你經常想著那些罪
[06:53:18.000 --> 06:53:19.000]  經常生氣那個人
[06:53:19.000 --> 06:53:20.000]  經常嫉妒那個人
[06:53:20.000 --> 06:53:21.000]  一見到他的時候
[06:53:21.000 --> 06:53:23.000]  總是雖無過犯
[06:53:23.000 --> 06:53:24.000]  面目可憎
[06:53:24.000 --> 06:53:26.000]  又或者你心裏經常想著色情的東西
[06:53:26.000 --> 06:53:27.000]  看完的時候
[06:53:27.000 --> 06:53:28.000]  哎呀進了腦裏
[06:53:28.000 --> 06:53:29.000]  走不掉
[06:53:29.000 --> 06:53:31.000]  或者你是很貪婪的
[06:53:31.000 --> 06:53:33.000]  每次走過一間店鋪
[06:53:33.000 --> 06:53:34.000]  總是心知肚明的想買
[06:53:34.000 --> 06:53:35.000]  知道不應該買
[06:53:35.000 --> 06:53:36.000]  沒那麼貴的東西
[06:53:36.000 --> 06:53:37.000]  哎呀這麼漂亮
[06:53:37.000 --> 06:53:38.000]  又減價
[06:53:38.000 --> 06:53:39.000]  還有boxing day
[06:53:39.000 --> 06:53:40.000]  哎呀再減多20%
[06:53:40.000 --> 06:53:41.000]  經常想著這些
[06:53:41.000 --> 06:53:42.000]  很有趣的
[06:53:42.000 --> 06:53:43.000]  就是那些
[06:53:43.000 --> 06:53:44.000]  那些那樣的引誘
[06:53:44.000 --> 06:53:45.000]  經常吃充滿你的腦
[06:53:45.000 --> 06:53:47.000]  你發覺整個聲音就很模糊了
[06:53:47.000 --> 06:53:49.000]  因為你的心不能清
[06:53:49.000 --> 06:53:51.000]  那些障礙物太多
[06:53:51.000 --> 06:53:53.000]  好像最近這個
[06:53:53.000 --> 06:53:54.000]  河南這個火警那樣
[06:53:54.000 --> 06:53:55.000]  為什麼他們會知道
[06:53:55.000 --> 06:53:57.000]  全部人被焗死在樓上
[06:53:57.000 --> 06:53:58.000]  沒辦法
[06:53:58.000 --> 06:53:59.000]  他走去走火通道
[06:53:59.000 --> 06:54:00.000]  全部東西塞在那裏
[06:54:00.000 --> 06:54:02.000]  全部的盒子
[06:54:02.000 --> 06:54:03.000]  那些貨塞在那裏
[06:54:03.000 --> 06:54:04.000]  根本就是一條樓梯
[06:54:04.000 --> 06:54:05.000]  就等於沒有樓梯
[06:54:05.000 --> 06:54:06.000]  個個塞在上面
[06:54:06.000 --> 06:54:07.000]  300多人
[06:54:07.000 --> 06:54:08.000]  焗死了
[06:54:08.000 --> 06:54:10.000]  障礙物可以很致命的
[06:54:10.000 --> 06:54:12.000]  你不要以為有走火通道
[06:54:12.000 --> 06:54:14.000]  但是有障礙物塞住
[06:54:14.000 --> 06:54:16.000]  一樣是通過
[06:54:16.000 --> 06:54:18.000]  整個聲音一樣會是這樣
[06:54:18.000 --> 06:54:19.000]  所以我們多點清除
[06:54:19.000 --> 06:54:20.000]  盛盛實實
[06:54:20.000 --> 06:54:21.000]  好像這幾晚我們說
[06:54:21.000 --> 06:54:22.000]  盛盛實實
[06:54:22.000 --> 06:54:23.000]  硬硬正正
[06:54:23.000 --> 06:54:25.000]  光明磊落在神面前人面前
[06:54:25.000 --> 06:54:28.000]  來做一個敬虔的人
[06:54:28.000 --> 06:54:30.000]  這件事幫助我們聽見神的聲音
[06:54:30.000 --> 06:54:31.000]  很清楚
[06:54:31.000 --> 06:54:32.000]  最後
[06:54:32.000 --> 06:54:34.000]  做一些紀錄來檢討
[06:54:34.000 --> 06:54:36.000]  這個是一個很好的方法
[06:54:36.000 --> 06:54:37.000]  我自己喜歡做的
[06:54:37.000 --> 06:54:38.000]  找一本簿
[06:54:38.000 --> 06:54:39.000]  記錄下你自己
[06:54:39.000 --> 06:54:41.000]  聖靈感動你的說話
[06:54:41.000 --> 06:54:43.000]  你不用很詳細寫下來
[06:54:43.000 --> 06:54:45.000]  只要你後來回頭看
[06:54:45.000 --> 06:54:46.000]  那幾句話
[06:54:46.000 --> 06:54:47.000]  或者那些指標
[06:54:47.000 --> 06:54:48.000]  你知道那些大綱
[06:54:48.000 --> 06:54:49.000]  你知道是什麼就行了
[06:54:49.000 --> 06:54:50.000]  有日期
[06:54:50.000 --> 06:54:51.000]  有地點
[06:54:51.000 --> 06:54:52.000]  在我的紀錄裏面
[06:54:52.000 --> 06:54:53.000]  發覺有幫助的
[06:54:53.000 --> 06:54:55.000]  有時候我心裏突然間感動
[06:54:55.000 --> 06:54:58.000]  這個好像是聖靈的聲音
[06:54:58.000 --> 06:54:59.000]  我就寫吧
[06:54:59.000 --> 06:55:00.000]  儘管寫吧
[06:55:00.000 --> 06:55:02.000]  到時候檢查回頭
[06:55:02.000 --> 06:55:04.000]  原來真的是這樣的
[06:55:04.000 --> 06:55:05.000]  我不是講預言
[06:55:05.000 --> 06:55:06.000]  是說我有這樣的感動
[06:55:06.000 --> 06:55:07.000]  做這件事
[06:55:07.000 --> 06:55:09.000]  聖靈給我這樣的感動
[06:55:09.000 --> 06:55:10.000]  於是我究竟好不好呢
[06:55:10.000 --> 06:55:11.000]  儘管不知道是不是
[06:55:11.000 --> 06:55:12.000]  先站下來
[06:55:12.000 --> 06:55:13.000]  先站下來
[06:55:13.000 --> 06:55:14.000]  過了一段日子
[06:55:14.000 --> 06:55:15.000]  那件事發生了
[06:55:15.000 --> 06:55:16.000]  回頭看
[06:55:16.000 --> 06:55:18.000]  原來感動是最好的
[06:55:18.000 --> 06:55:20.000]  我就開始有些什麼
[06:55:20.000 --> 06:55:22.000]  一種比對
[06:55:22.000 --> 06:55:24.000]  比較科學性的
[06:55:24.000 --> 06:55:26.000]  原來那天這樣聽
[06:55:26.000 --> 06:55:27.000]  這樣
[06:55:27.000 --> 06:55:28.000]  很難解釋
[06:55:28.000 --> 06:55:29.000]  那種這樣的聲音
[06:55:29.000 --> 06:55:32.000]  那種風格
[06:55:32.000 --> 06:55:33.000]  我們所說的
[06:55:33.000 --> 06:55:34.000]  那種風格
[06:55:34.000 --> 06:55:35.000]  就是聖靈的聲音
[06:55:35.000 --> 06:55:36.000]  好了
[06:55:36.000 --> 06:55:37.000]  那就多了一些考慮
[06:55:37.000 --> 06:55:38.000]  就這樣寫
[06:55:38.000 --> 06:55:40.000]  有些我到現在都沒有結果
[06:55:40.000 --> 06:55:42.000]  有些最後我不知道是不是
[06:55:42.000 --> 06:55:43.000]  我回頭看
[06:55:43.000 --> 06:55:44.000]  有些沒有就算了
[06:55:44.000 --> 06:55:45.000]  但有時候你說
[06:55:45.000 --> 06:55:46.000]  這個是聖靈的感動
[06:55:46.000 --> 06:55:47.000]  誰知道過後發覺不是
[06:55:47.000 --> 06:55:48.000]  於是你有檢討
[06:55:48.000 --> 06:55:50.000]  為什麼那天以為是不是呢
[06:55:50.000 --> 06:55:51.000]  於是做檢討的時候
[06:55:51.000 --> 06:55:52.000]  發覺留心
[06:55:52.000 --> 06:55:53.000]  原來這樣來的時候
[06:55:53.000 --> 06:55:54.000]  好像是聖靈
[06:55:54.000 --> 06:55:55.000]  有時候並不是
[06:55:55.000 --> 06:55:56.000]  於是
[06:55:56.000 --> 06:55:57.000]  這樣比較
[06:55:57.000 --> 06:55:58.000]  久而久之
[06:55:58.000 --> 06:55:59.000]  我剛才和大家說
[06:55:59.000 --> 06:56:00.000]  沒有捷徑
[06:56:00.000 --> 06:56:01.000]  久而久之
[06:56:01.000 --> 06:56:02.000]  過了一段日子
[06:56:02.000 --> 06:56:03.000]  兩個月甚至半年
[06:56:03.000 --> 06:56:04.000]  一年
[06:56:04.000 --> 06:56:05.000]  如果你勤力
[06:56:05.000 --> 06:56:06.000]  半年都搞定
[06:56:06.000 --> 06:56:07.000]  幾個月都搞定
[06:56:07.000 --> 06:56:10.000]  如果你比較輕鬆來做
[06:56:10.000 --> 06:56:11.000]  一年半載
[06:56:11.000 --> 06:56:12.000]  你開始來比較
[06:56:12.000 --> 06:56:13.000]  你就知道了
[06:56:13.000 --> 06:56:14.000]  這樣就是了
[06:56:14.000 --> 06:56:15.000]  慢慢地檢查
[06:56:15.000 --> 06:56:17.000]  所以用這個紀錄
[06:56:17.000 --> 06:56:18.000]  屬靈的日記
[06:56:18.000 --> 06:56:19.000]  我們叫Spiritual Journal
[06:56:19.000 --> 06:56:20.000]  屬靈的記錄
[06:56:20.000 --> 06:56:22.000]  來比對後來的經歷
[06:56:22.000 --> 06:56:24.000]  你就可以更加校正
[06:56:24.000 --> 06:56:28.000]  你是不是聖靈的聲音的標準
[06:56:28.000 --> 06:56:29.000]  OK
[06:56:29.000 --> 06:56:30.000]  可以了吧
[06:56:30.000 --> 06:56:31.000]  好
[06:56:31.000 --> 06:56:32.000]  這幾樣東西
[06:56:32.000 --> 06:56:33.000]  我真的很想說
[06:56:33.000 --> 06:56:34.000]  很重要的
[06:56:34.000 --> 06:56:37.000]  我只能盡力說這幾樣東西給你聽
[06:56:37.000 --> 06:56:38.000]  是否實踐
[06:56:38.000 --> 06:56:39.000]  剛才說的
[06:56:39.000 --> 06:56:40.000]  就在乎你自己
[06:56:40.000 --> 06:56:42.000]  接著我們說多一點
[06:56:42.000 --> 06:56:43.000]  那個配合
[06:56:43.000 --> 06:56:44.000]  幾句而已
[06:56:44.000 --> 06:56:45.000]  時間不多
[06:56:45.000 --> 06:56:46.000]  幾句的配合
[06:56:46.000 --> 06:56:48.000]  這些內心的經歷
[06:56:48.000 --> 06:56:49.000]  因為我要說這麼多
[06:56:49.000 --> 06:56:50.000]  比較少人說
[06:56:50.000 --> 06:56:51.000]  我就說多一點
[06:56:51.000 --> 06:56:54.000]  剛才我們說有一個三角
[06:56:54.000 --> 06:56:55.000]  一個鐵三角
[06:56:55.000 --> 06:56:59.000]  就要和聖經的內容有印證
[06:56:59.000 --> 06:57:00.000]  就不需要說了
[06:57:00.000 --> 06:57:01.000]  裡面的感動
[06:57:01.000 --> 06:57:02.000]  聖經的印證
[06:57:02.000 --> 06:57:05.000]  當然不可以斷章取義
[06:57:05.000 --> 06:57:09.000]  撒旦都用過聖經來引誘耶穌
[06:57:09.000 --> 06:57:11.000]  你不要以為來自聖經的東西
[06:57:11.000 --> 06:57:12.000]  一定是聖靈的說法
[06:57:12.000 --> 06:57:13.000]  OK
[06:57:13.000 --> 06:57:14.000]  記得嗎
[06:57:14.000 --> 06:57:15.000]  引誘耶穌
[06:57:15.000 --> 06:57:16.000]  用詩篇引誘耶穌
[06:57:16.000 --> 06:57:17.000]  所以你要看聖經
[06:57:17.000 --> 06:57:19.000]  撒旦初就做了斷章取義
[06:57:19.000 --> 06:57:21.000]  看聖經
[06:57:21.000 --> 06:57:23.000]  用心全面下功夫
[06:57:23.000 --> 06:57:26.000]  幫助你設定自己裡面
[06:57:26.000 --> 06:57:27.000]  聖靈的聲音
[06:57:27.000 --> 06:57:28.000]  是不是真的來自聖靈
[06:57:28.000 --> 06:57:29.000]  還是來自別人
[06:57:29.000 --> 06:57:32.000]  這個我想不需要再詳細說了
[06:57:32.000 --> 06:57:34.000]  另外還有一個環境的佈局
[06:57:34.000 --> 06:57:36.000]  解決了剛才的問題
[06:57:36.000 --> 06:57:38.000]  有時一般來說
[06:57:38.000 --> 06:57:42.000]  我們可以說環境的開門
[06:57:42.000 --> 06:57:44.000]  不尋常的順利
[06:57:44.000 --> 06:57:47.000]  是神一個sign來的
[06:57:47.000 --> 06:57:49.000]  告訴我們要走一條路
[06:57:49.000 --> 06:57:50.000]  例如什麼呢
[06:57:50.000 --> 06:57:52.000]  窮海打開
[06:57:52.000 --> 06:57:53.000]  以職人行去
[06:57:53.000 --> 06:57:55.000]  這個就是一個
[06:57:55.000 --> 06:57:56.000]  本來是過不到的海
[06:57:56.000 --> 06:57:57.000]  打開了
[06:57:57.000 --> 06:57:58.000]  以職人不用說
[06:57:58.000 --> 06:57:59.000]  耶穌是否能過去
[06:57:59.000 --> 06:58:00.000]  過什麼呢
[06:58:00.000 --> 06:58:01.000]  死到臨頭了
[06:58:01.000 --> 06:58:02.000]  快點過去吧
[06:58:02.000 --> 06:58:03.000]  是不是
[06:58:03.000 --> 06:58:04.000]  有時候
[06:58:04.000 --> 06:58:06.000]  很不尋常的阻礙
[06:58:06.000 --> 06:58:09.000]  也是代表了神自己的所指
[06:58:09.000 --> 06:58:10.000]  例如若拿
[06:58:10.000 --> 06:58:12.000]  要走去哈斯
[06:58:12.000 --> 06:58:14.000]  其實神想他來來來
[06:58:14.000 --> 06:58:16.000]  於是就打大功
[06:58:16.000 --> 06:58:18.000]  神不讓他去
[06:58:18.000 --> 06:58:19.000]  不讓他去
[06:58:19.000 --> 06:58:21.000]  巴蘭那條路
[06:58:21.000 --> 06:58:23.000]  總是拆穿他
[06:58:23.000 --> 06:58:24.000]  他都不肯向前走
[06:58:24.000 --> 06:58:26.000]  就表示神不想巴蘭
[06:58:26.000 --> 06:58:29.000]  走去救助以色列人
[06:58:29.000 --> 06:58:31.000]  所以這些事實上聖經有說
[06:58:31.000 --> 06:58:34.000]  就是說事情的順利
[06:58:34.000 --> 06:58:35.000]  或者不順利
[06:58:35.000 --> 06:58:36.000]  很不尋常的
[06:58:36.000 --> 06:58:39.000]  可以成為神一個indication
[06:58:39.000 --> 06:58:40.000]  神一個提點
[06:58:40.000 --> 06:58:42.000]  說這個可能是我想你走
[06:58:42.000 --> 06:58:44.000]  我想你停的聲音
[06:58:44.000 --> 06:58:45.000]  不過剛才我說過
[06:58:45.000 --> 06:58:47.000]  不要將他拿來截斷
[06:58:47.000 --> 06:58:48.000]  如果這樣的時候
[06:58:48.000 --> 06:58:49.000]  所有不不尋常的
[06:58:49.000 --> 06:58:50.000]  所有不幸的
[06:58:50.000 --> 06:58:51.000]  所有困難
[06:58:51.000 --> 06:58:52.000]  所有阻滯
[06:58:52.000 --> 06:58:54.000]  都是等於神不想我們走
[06:58:54.000 --> 06:58:57.000]  聖經裡面就沒有這麼多愛主的人受苦
[06:58:57.000 --> 06:58:58.000]  是不是
[06:58:58.000 --> 06:58:59.000]  肯定是事事亨通
[06:58:59.000 --> 06:59:00.000]  不會的
[06:59:00.000 --> 06:59:02.000]  不亨通一樣可以是神的使
[06:59:02.000 --> 06:59:03.000]  所以不要弄錯
[06:59:03.000 --> 06:59:05.000]  那你經常說什麼
[06:59:05.000 --> 06:59:06.000]  沒有說
[06:59:06.000 --> 06:59:07.000]  我們說這樣看法
[06:59:07.000 --> 06:59:10.000]  如果你問我真的要解釋的時候
[06:59:10.000 --> 06:59:11.000]  可以這樣
[06:59:11.000 --> 06:59:12.000]  我看聖經
[06:59:12.000 --> 06:59:13.000]  這個是我看的
[06:59:13.000 --> 06:59:15.000]  沒有人這麼說過
[06:59:15.000 --> 06:59:16.000]  不過我相信
[06:59:16.000 --> 06:59:17.000]  有個根據在這裡
[06:59:17.000 --> 06:59:20.000]  靈情低的人
[06:59:20.000 --> 06:59:21.000]  反而是
[06:59:21.000 --> 06:59:23.000]  神可能要指引他的時候
[06:59:23.000 --> 06:59:26.000]  需要一些比較外在的環境
[06:59:26.000 --> 06:59:28.000]  比較不尋常去指引
[06:59:28.000 --> 06:59:33.000]  這一點是我和靈異運動有一點不同的看法
[06:59:33.000 --> 06:59:35.000]  靈異運動認為他越神奇的經歷
[06:59:35.000 --> 06:59:39.000]  越是屬靈的程度水準高
[06:59:39.000 --> 06:59:40.000]  我的看法就是
[06:59:40.000 --> 06:59:42.000]  越神奇的經歷
[06:59:42.000 --> 06:59:44.000]  表示那個人越無聊度
[06:59:44.000 --> 06:59:48.000]  所以神才逼不得已用一些怪話來和他說話
[06:59:48.000 --> 06:59:51.000]  真正屬靈的人在裡面一聽就知道
[06:59:51.000 --> 06:59:52.000]  一群和他很親密
[06:59:52.000 --> 06:59:53.000]  好像老友記一樣
[06:59:53.000 --> 06:59:55.000]  老友記不用搞到天花亂墜
[06:59:55.000 --> 06:59:58.000]  弄到要證明要打印才說
[06:59:58.000 --> 06:59:59.000]  這個是我給你的卡
[06:59:59.000 --> 07:00:00.000]  不用的
[07:00:00.000 --> 07:00:01.000]  一看他的簽名
[07:00:01.000 --> 07:00:02.000]  一看他那張卡的面頭
[07:00:02.000 --> 07:00:03.000]  寫你的地址的方式
[07:00:03.000 --> 07:00:05.000]  他才是你的老友
[07:00:05.000 --> 07:00:07.000]  聖經裡面有沒有這麼根據
[07:00:07.000 --> 07:00:08.000]  有這麼根據
[07:00:08.000 --> 07:00:09.000]  剛才說
[07:00:09.000 --> 07:00:11.000]  通常那些不尋常才知道神的旨意
[07:00:11.000 --> 07:00:12.000]  並不是表示那個人靈明
[07:00:12.000 --> 07:00:14.000]  很多時候靈明是因為和神生疏
[07:00:14.000 --> 07:00:16.000]  譬如我寫了兩年前和大家說過的
[07:00:16.000 --> 07:00:17.000]  在靈會裡面
[07:00:17.000 --> 07:00:18.000]  機電
[07:00:18.000 --> 07:00:20.000]  很多人經常拿機電的例子
[07:00:20.000 --> 07:00:21.000]  那個羊毛
[07:00:21.000 --> 07:00:23.000]  羊毛放在那裡
[07:00:23.000 --> 07:00:24.000]  第二天早上濕了
[07:00:24.000 --> 07:00:25.000]  周圍都是乾的
[07:00:25.000 --> 07:00:26.000]  然後再來
[07:00:26.000 --> 07:00:27.000]  全部都是乾的
[07:00:27.000 --> 07:00:28.000]  羊毛乾的
[07:00:28.000 --> 07:00:29.000]  周圍都是濕的
[07:00:29.000 --> 07:00:30.000]  神就叫他去打米電人
[07:00:30.000 --> 07:00:31.000]  我告訴你
[07:00:31.000 --> 07:00:33.000]  這個絕對不是好主意
[07:00:33.000 --> 07:00:35.000]  是因為機電差
[07:00:35.000 --> 07:00:36.000]  差了
[07:00:36.000 --> 07:00:37.000]  越差了
[07:00:37.000 --> 07:00:38.000]  神就用這個方法
[07:00:38.000 --> 07:00:39.000]  因為他搞不清楚
[07:00:39.000 --> 07:00:40.000]  他聽不清楚
[07:00:40.000 --> 07:00:41.000]  一樣是
[07:00:41.000 --> 07:00:44.000]  以免你搞錯
[07:00:44.000 --> 07:00:46.000]  我弄一些奇怪的東西給你
[07:00:46.000 --> 07:00:47.000]  就是這樣
[07:00:47.000 --> 07:00:48.000]  約拿
[07:00:48.000 --> 07:00:50.000]  神不想他去哈斯
[07:00:50.000 --> 07:00:51.000]  要打起風浪
[07:00:51.000 --> 07:00:52.000]  把他吞了
[07:00:52.000 --> 07:00:53.000]  把他吐出來
[07:00:53.000 --> 07:00:54.000]  搞到這麼大件事
[07:00:54.000 --> 07:00:55.000]  為什麼?
[07:00:55.000 --> 07:00:57.000]  因為約拿的心已經不想和神溝通
[07:00:57.000 --> 07:00:58.000]  是不是?
[07:00:58.000 --> 07:00:59.000]  花蘭
[07:00:59.000 --> 07:01:00.000]  剛才說
[07:01:00.000 --> 07:01:02.000]  花蘭的心已經去掉那些吊金那裡
[07:01:02.000 --> 07:01:04.000]  花蘭給了他那些金
[07:01:04.000 --> 07:01:06.000]  他的眼睛都在那些金那裡
[07:01:06.000 --> 07:01:07.000]  於是就湧過去
[07:01:07.000 --> 07:01:08.000]  明明神叫他不要去
[07:01:08.000 --> 07:01:09.000]  他都去
[07:01:09.000 --> 07:01:10.000]  唯有用爐罵他
[07:01:10.000 --> 07:01:11.000]  爐都可以罵他
[07:01:11.000 --> 07:01:12.000]  宿山都可以罵他
[07:01:12.000 --> 07:01:13.000]  這樣他才收手
[07:01:13.000 --> 07:01:14.000]  後來想了想
[07:01:14.000 --> 07:01:15.000]  還是不肯帶他去
[07:01:15.000 --> 07:01:17.000]  於是就喊以色列人於不義
[07:01:17.000 --> 07:01:19.000]  他自己也成為一個最大的罪人
[07:01:19.000 --> 07:01:21.000]  這些全部都是假的
[07:01:21.000 --> 07:01:22.000]  簡單來說
[07:01:22.000 --> 07:01:23.000]  越神奇的方式
[07:01:23.000 --> 07:01:24.000]  和你說話
[07:01:24.000 --> 07:01:25.000]  神就是因為你假
[07:01:25.000 --> 07:01:26.000]  他剛才說
[07:01:26.000 --> 07:01:27.000]  道羅在大馬骰上面
[07:01:27.000 --> 07:01:28.000]  有一群犯法在他腦子上
[07:01:28.000 --> 07:01:29.000]  他不行
[07:01:29.000 --> 07:01:30.000]  他根本聽不到
[07:01:30.000 --> 07:01:31.000]  他不願意聽
[07:01:31.000 --> 07:01:32.000]  神說你要用光打他
[07:01:32.000 --> 07:01:33.000]  弄盲他的眼睛
[07:01:33.000 --> 07:01:34.000]  他才肯聽
[07:01:34.000 --> 07:01:35.000]  相反來說
[07:01:35.000 --> 07:01:36.000]  那些
[07:01:36.000 --> 07:01:39.000]  屬靈程度深刻的人
[07:01:39.000 --> 07:01:42.000]  慢慢不需要追尋這些外面的人
[07:01:42.000 --> 07:01:43.000]  在裡面有一種平安
[07:01:43.000 --> 07:01:44.000]  你說
[07:01:44.000 --> 07:01:47.000]  外在的佈局和內心如何配合呢?
[07:01:47.000 --> 07:01:48.000]  通常我自己覺得
[07:01:48.000 --> 07:01:50.000]  先是內心的感動
[07:01:50.000 --> 07:01:51.000]  然後外面
[07:01:51.000 --> 07:01:53.000]  再來多一個印證
[07:01:53.000 --> 07:01:54.000]  佈局是印證來的
[07:01:54.000 --> 07:01:57.000]  不是一個決定的信息
[07:01:57.000 --> 07:01:59.000]  裡面有這樣的感動
[07:01:59.000 --> 07:02:00.000]  神又在那裡開門
[07:02:00.000 --> 07:02:01.000]  這樣走下去很平安
[07:02:01.000 --> 07:02:03.000]  明白嗎?
[07:02:03.000 --> 07:02:06.000]  所以我相信是先內而外
[07:02:06.000 --> 07:02:09.000]  這個算是一個做法
[07:02:09.000 --> 07:02:10.000]  好了
[07:02:10.000 --> 07:02:12.000]  那怎麼辦呢?
[07:02:12.000 --> 07:02:14.000]  因為已經十點三了
[07:02:14.000 --> 07:02:16.000]  嗯
[07:02:16.000 --> 07:02:17.000]  夠了
[07:02:17.000 --> 07:02:18.000]  不如好嗎?
[07:02:18.000 --> 07:02:20.000]  停在這裡
[07:02:20.000 --> 07:02:22.000]  好多五分鐘
[07:02:22.000 --> 07:02:23.000]  好多五分鐘
[07:02:23.000 --> 07:02:24.000]  我要八分鐘
[07:02:24.000 --> 07:02:27.000]  那你們又少了很多休息時間
[07:02:27.000 --> 07:02:28.000]  OK
[07:02:28.000 --> 07:02:29.000]  多十分鐘
[07:02:29.000 --> 07:02:30.000]  我講完下面那個
[07:02:30.000 --> 07:02:32.000]  我提議兩個
[07:02:32.000 --> 07:02:33.000]  在這裡做的
[07:02:33.000 --> 07:02:35.000]  我發覺是很容易
[07:02:35.000 --> 07:02:38.000]  但是相當可行的操練方法
[07:02:38.000 --> 07:02:40.000]  你失眠的時候可以做
[07:02:40.000 --> 07:02:41.000]  第一個
[07:02:41.000 --> 07:02:45.000]  就是獨眠祈禱
[07:02:45.000 --> 07:02:47.000]  因為我們這個這麼忙碌的社會
[07:02:47.000 --> 07:02:49.000]  有很大的困難
[07:02:49.000 --> 07:02:50.000]  很多時候我們說
[07:02:50.000 --> 07:02:54.000]  我們要坐下安靜靈修
[07:02:54.000 --> 07:02:55.000]  正正是那個困難
[07:02:55.000 --> 07:02:57.000]  就是我們在這個生活的圈子裡面
[07:02:57.000 --> 07:02:58.000]  我們這樣的生活方式
[07:02:58.000 --> 07:03:00.000]  第一我們沒什麼時間可以坐下
[07:03:00.000 --> 07:03:01.000]  第二我們沒什麼安靜
[07:03:01.000 --> 07:03:03.000]  那怎麼坐下安靜呢?
[07:03:03.000 --> 07:03:04.000]  我提議
[07:03:04.000 --> 07:03:05.000]  不是說那些不重要
[07:03:05.000 --> 07:03:06.000]  那些傳統靈修方法
[07:03:06.000 --> 07:03:07.000]  一樣可以繼續
[07:03:07.000 --> 07:03:08.000]  不過我想加多一樣
[07:03:08.000 --> 07:03:10.000]  就是怎麼利用那些空蕩
[07:03:10.000 --> 07:03:12.000]  和每時每刻的方式
[07:03:12.000 --> 07:03:13.000]  來親近
[07:03:13.000 --> 07:03:14.000]  剛才說我們要將我們的
[07:03:14.000 --> 07:03:15.000]  由早到晚
[07:03:15.000 --> 07:03:16.000]  我們那個attention
[07:03:16.000 --> 07:03:18.000]  我們那個專注
[07:03:18.000 --> 07:03:19.000]  放在整個身上
[07:03:19.000 --> 07:03:21.000]  那我們就很容易聽到他的聲音
[07:03:21.000 --> 07:03:22.000]  那怎麼做呢?
[07:03:22.000 --> 07:03:23.000]  實際來說
[07:03:23.000 --> 07:03:24.000]  很容易的
[07:03:24.000 --> 07:03:25.000]  每天
[07:03:25.000 --> 07:03:28.000]  這個是那個思緒卡那邊變出來的
[07:03:28.000 --> 07:03:30.000]  這個方法和思緒卡不是完全相同
[07:03:30.000 --> 07:03:32.000]  是每天有一句聖經
[07:03:32.000 --> 07:03:33.000]  一個禱告
[07:03:33.000 --> 07:03:36.000]  不斷的陪著你來過日子
[07:03:36.000 --> 07:03:38.000]  那怎麼禱告呢?
[07:03:38.000 --> 07:03:39.000]  很多時候我們就祈禱
[07:03:39.000 --> 07:03:40.000]  就為很多事情
[07:03:40.000 --> 07:03:42.000]  那些是一般我們要祈禱
[07:03:42.000 --> 07:03:44.000]  但現在我想說一種就是
[07:03:44.000 --> 07:03:47.000]  用一本聖經或者一句的禱告
[07:03:47.000 --> 07:03:48.000]  不斷在你腦裡面
[07:03:48.000 --> 07:03:50.000]  不斷在你自己的生活當中
[07:03:50.000 --> 07:03:52.000]  整天陪著你
[07:03:52.000 --> 07:03:53.000]  整天陪著你
[07:03:53.000 --> 07:03:54.000]  行不行呢?
[07:03:54.000 --> 07:03:55.000]  行的
[07:03:55.000 --> 07:03:58.000]  那聖經那句禱告怎麼來的呢?
[07:03:58.000 --> 07:03:59.000]  其實就很容易的
[07:03:59.000 --> 07:04:01.000]  你看到我們這個大綱旁邊
[07:04:01.000 --> 07:04:03.000]  我就列了很多例子給大家
[07:04:03.000 --> 07:04:05.000]  短討
[07:04:05.000 --> 07:04:06.000]  短討
[07:04:06.000 --> 07:04:07.000]  很短的
[07:04:07.000 --> 07:04:08.000]  短到你可以記得
[07:04:08.000 --> 07:04:09.000]  可以背
[07:04:09.000 --> 07:04:12.000]  那裡分了一和二
[07:04:12.000 --> 07:04:15.000]  一就是其實你留意
[07:04:15.000 --> 07:04:17.000]  全部都是來自聖經的
[07:04:17.000 --> 07:04:20.000]  那你說我怎麼找到一句說話
[07:04:20.000 --> 07:04:21.000]  今天祈禱呢?
[07:04:21.000 --> 07:04:22.000]  很簡單的
[07:04:22.000 --> 07:04:24.000]  一些你很喜歡的金句
[07:04:24.000 --> 07:04:26.000]  或者在這個營裡面有一句聖經
[07:04:26.000 --> 07:04:27.000]  特別幫到你
[07:04:27.000 --> 07:04:29.000]  又或者那天星期日
[07:04:29.000 --> 07:04:31.000]  你聽到的時候
[07:04:31.000 --> 07:04:33.000]  穆斯坦那段經文裡面
[07:04:33.000 --> 07:04:35.000]  有一句印在你心裡面
[07:04:35.000 --> 07:04:37.000]  那句說話就可以成為你的禱告
[07:04:37.000 --> 07:04:39.000]  又或者
[07:04:39.000 --> 07:04:41.000]  簡單介紹一些很容易的方法
[07:04:41.000 --> 07:04:43.000]  大家北專家的頂子們
[07:04:43.000 --> 07:04:45.000]  多到頂子們家裡
[07:04:45.000 --> 07:04:47.000]  只有一本生命聖詩
[07:04:47.000 --> 07:04:48.000]  是不是?
[07:04:48.000 --> 07:04:50.000]  生命聖詩很好用的
[07:04:50.000 --> 07:04:51.000]  生命聖詩後面
[07:04:51.000 --> 07:04:53.000]  最後那些啟認經文那裡
[07:04:53.000 --> 07:04:55.000]  其實是經文類篇來的
[07:04:55.000 --> 07:04:57.000]  但最近你心裡面感覺很需要愛心
[07:04:57.000 --> 07:04:59.000]  揭開愛心那裡
[07:04:59.000 --> 07:05:01.000]  起碼那裡的啟認經文只有十節以上
[07:05:01.000 --> 07:05:03.000]  都是講到愛心的經文
[07:05:03.000 --> 07:05:05.000]  信心也是,信服也是
[07:05:05.000 --> 07:05:06.000]  大家知道
[07:05:06.000 --> 07:05:07.000]  按照你不同的需要
[07:05:07.000 --> 07:05:09.000]  這個禮拜我很突然想禱告
[07:05:09.000 --> 07:05:10.000]  關於我的愛心
[07:05:10.000 --> 07:05:12.000]  那你就打開生命聖詩裡面
[07:05:12.000 --> 07:05:16.000]  最後那邊查到愛心的啟認欄
[07:05:16.000 --> 07:05:18.000]  每天就拿一節
[07:05:18.000 --> 07:05:20.000]  我教大家怎麼用一節聖經來祈禱
[07:05:20.000 --> 07:05:22.000]  其實是很容易的
[07:05:22.000 --> 07:05:24.000]  聖經裡面當然有祈禱
[07:05:24.000 --> 07:05:26.000]  這裡我們所列出的第一句
[07:05:26.000 --> 07:05:27.000]  主耶穌我等什麼呢
[07:05:27.000 --> 07:05:28.000]  我的指望在乎你
[07:05:28.000 --> 07:05:30.000]  是整句聖經照抄出來的
[07:05:30.000 --> 07:05:31.000]  詩篇39篇
[07:05:31.000 --> 07:05:33.000]  詩篇39篇本身就是一個祈禱
[07:05:33.000 --> 07:05:35.000]  有些聖經不是祈禱
[07:05:35.000 --> 07:05:36.000]  但是很好的
[07:05:36.000 --> 07:05:37.000]  怎麼將它變成祈禱呢
[07:05:37.000 --> 07:05:38.000]  很容易的
[07:05:38.000 --> 07:05:40.000]  將那個subject
[07:05:40.000 --> 07:05:41.000]  由third person set
[07:05:41.000 --> 07:05:43.000]  變成first person就行
[07:05:43.000 --> 07:05:44.000]  你明白我的意思嗎?
[07:05:44.000 --> 07:05:45.000]  譬如說
[07:05:45.000 --> 07:05:46.000]  有一次聖經說
[07:05:46.000 --> 07:05:48.000]  最後一句最後
[07:05:48.000 --> 07:05:50.000]  主耶穌我以你的心為心
[07:05:50.000 --> 07:05:52.000]  這句是哪裡來的?
[07:05:52.000 --> 07:05:54.000]  耶律比書第二章第六節
[07:05:54.000 --> 07:05:58.000]  你們當以耶穌基督的心為心
[07:05:58.000 --> 07:06:00.000]  不過那一節聖經是什麼呢?
[07:06:00.000 --> 07:06:02.000]  你們當以耶穌基督
[07:06:02.000 --> 07:06:04.000]  你們以他的心為心
[07:06:04.000 --> 07:06:06.000]  就是you and him
[07:06:06.000 --> 07:06:08.000]  對不對?
[07:06:08.000 --> 07:06:10.000]  你可以轉一轉那個subject
[07:06:10.000 --> 07:06:11.000]  那個主詞
[07:06:11.000 --> 07:06:12.000]  就變成了祈禱
[07:06:12.000 --> 07:06:14.000]  變成主耶穌
[07:06:14.000 --> 07:06:18.000]  讓我以你的心為心
[07:06:18.000 --> 07:06:19.000]  行不行?
[07:06:19.000 --> 07:06:20.000]  很簡單
[07:06:20.000 --> 07:06:22.000]  中間有一句也是聖經裡面所說的
[07:06:22.000 --> 07:06:25.000]  東離西又他遠又多遠
[07:06:25.000 --> 07:06:28.000]  他叫我的過犯離我們也有他多遠
[07:06:28.000 --> 07:06:31.000]  他叫我的過犯離我們也有多遠
[07:06:31.000 --> 07:06:33.000]  將它變成祈禱又如何呢?
[07:06:33.000 --> 07:06:36.000]  東離西又有多遠
[07:06:36.000 --> 07:06:41.000]  求你叫我的過犯離開我也有多遠
[07:06:41.000 --> 07:06:43.000]  我們變成我
[07:06:43.000 --> 07:06:44.000]  他變成你
[07:06:44.000 --> 07:06:45.000]  就搞定了
[07:06:45.000 --> 07:06:46.000]  行不行?
[07:06:46.000 --> 07:06:47.000]  很容易的
[07:06:47.000 --> 07:06:49.000]  句句金句金句都可以變成祈禱
[07:06:49.000 --> 07:06:50.000]  有什麼好處呢?
[07:06:50.000 --> 07:06:51.000]  當它變成祈禱的時候
[07:06:51.000 --> 07:06:54.000]  這句金句就不是一個客觀的教導
[07:06:54.000 --> 07:06:57.000]  而是成為一個你和神的呼求
[07:06:57.000 --> 07:06:58.000]  呼求
[07:06:58.000 --> 07:07:01.000]  於是你就每一天拿一節
[07:07:01.000 --> 07:07:02.000]  我教你
[07:07:02.000 --> 07:07:03.000]  拿一節
[07:07:03.000 --> 07:07:04.000]  把它墊在肚子上
[07:07:04.000 --> 07:07:06.000]  早上起床的時候就背了它
[07:07:06.000 --> 07:07:07.000]  煮一下魚羹
[07:07:07.000 --> 07:07:08.000]  我等什麼呢?
[07:07:08.000 --> 07:07:09.000]  我都指望
[07:07:09.000 --> 07:07:11.000]  如果你喜歡
[07:07:11.000 --> 07:07:12.000]  當然可以把它抄了
[07:07:12.000 --> 07:07:13.000]  放到袋子裡
[07:07:13.000 --> 07:07:14.000]  我們以前也提過
[07:07:14.000 --> 07:07:15.000]  私自拆的方法
[07:07:15.000 --> 07:07:16.000]  我們不再說了
[07:07:16.000 --> 07:07:17.000]  然後放到袋子裡之後
[07:07:17.000 --> 07:07:18.000]  你就用什麼時間呢?
[07:07:18.000 --> 07:07:20.000]  用一些豬頭骨的時間
[07:07:20.000 --> 07:07:22.000]  我覺得很沒有意思的
[07:07:22.000 --> 07:07:24.000]  我們是很忙的生活
[07:07:24.000 --> 07:07:25.000]  但是很多很無謂的時間
[07:07:25.000 --> 07:07:26.000]  譬如我們等車
[07:07:26.000 --> 07:07:28.000]  坐地鐵
[07:07:28.000 --> 07:07:29.000]  我經常坐火車
[07:07:29.000 --> 07:07:30.000]  是很無謂的
[07:07:30.000 --> 07:07:31.000]  做什麼呢?
[07:07:31.000 --> 07:07:32.000]  你又看我
[07:07:32.000 --> 07:07:33.000]  我又看你
[07:07:33.000 --> 07:07:34.000]  你又不想看我
[07:07:34.000 --> 07:07:35.000]  我不看你
[07:07:35.000 --> 07:07:36.000]  裝別人東方看什麼
[07:07:36.000 --> 07:07:37.000]  你沒看而已
[07:07:37.000 --> 07:07:38.000]  是不是呢?
[07:07:38.000 --> 07:07:39.000]  你這麼喜歡看就買一份吧
[07:07:39.000 --> 07:07:40.000]  幫我們杯葛東方
[07:07:40.000 --> 07:07:41.000]  有蘋果的
[07:07:41.000 --> 07:07:42.000]  這個時候呢
[07:07:42.000 --> 07:07:44.000]  裝別人你又不喜歡
[07:07:44.000 --> 07:07:45.000]  與其這樣
[07:07:45.000 --> 07:07:46.000]  不如你閉上眼
[07:07:46.000 --> 07:07:48.000]  我們通常有一個MD機器
[07:07:48.000 --> 07:07:50.000]  有一些聖詩
[07:07:50.000 --> 07:07:52.000]  一首很美麗的聖詩音樂
[07:07:52.000 --> 07:07:53.000]  我們帶著
[07:07:53.000 --> 07:07:55.000]  將自己進入另外一個
[07:07:55.000 --> 07:07:56.000]  與神的相交
[07:07:56.000 --> 07:07:58.000]  這個是一邊坐車
[07:07:58.000 --> 07:07:59.000]  一邊碧姬的靈魂
[07:07:59.000 --> 07:08:00.000]  沒有人理你的
[07:08:00.000 --> 07:08:01.000]  你閉上眼聽的東西
[07:08:01.000 --> 07:08:03.000]  於是聖詩的音樂陪伴著你
[07:08:03.000 --> 07:08:05.000]  讓腦子裡面不斷重複
[07:08:05.000 --> 07:08:07.000]  這一句的圖文
[07:08:07.000 --> 07:08:08.000]  主啊
[07:08:08.000 --> 07:08:09.000]  如今我等什麼呢?
[07:08:09.000 --> 07:08:11.000]  我的指望在此
[07:08:11.000 --> 07:08:12.000]  好了
[07:08:12.000 --> 07:08:13.000]  好像第一次這樣說
[07:08:13.000 --> 07:08:14.000]  忘記有什麼特別
[07:08:14.000 --> 07:08:16.000]  將全人投入
[07:08:16.000 --> 07:08:17.000]  再說
[07:08:17.000 --> 07:08:18.000]  主啊
[07:08:18.000 --> 07:08:19.000]  如今我等什麼呢?
[07:08:19.000 --> 07:08:20.000]  我的指望在此
[07:08:20.000 --> 07:08:21.000]  這個圖告
[07:08:21.000 --> 07:08:22.000]  由那個口
[07:08:22.000 --> 07:08:23.000]  口音粒
[07:08:23.000 --> 07:08:24.000]  到腦子知道自己在說什麼
[07:08:24.000 --> 07:08:25.000]  然後到我的心
[07:08:25.000 --> 07:08:26.000]  全部被人投入
[07:08:26.000 --> 07:08:27.000]  再做一次
[07:08:27.000 --> 07:08:28.000]  再重複一次
[07:08:28.000 --> 07:08:29.000]  主啊
[07:08:29.000 --> 07:08:30.000]  如今我等什麼呢?
[07:08:30.000 --> 07:08:31.000]  我的指望在此
[07:08:31.000 --> 07:08:34.000]  當你祈禱三、五次
[07:08:34.000 --> 07:08:35.000]  十次的時候
[07:08:35.000 --> 07:08:36.000]  慢慢聽人投入的時候
[07:08:36.000 --> 07:08:37.000]  很有趣
[07:08:37.000 --> 07:08:38.000]  聖靈的聲音就來了
[07:08:38.000 --> 07:08:39.000]  當你和神說話的時候
[07:08:39.000 --> 07:08:40.000]  神就回答你
[07:08:40.000 --> 07:08:41.000]  回答不是說
[07:08:41.000 --> 07:08:42.000]  好啊,你等我吧
[07:08:42.000 --> 07:08:43.000]  不是
[07:08:43.000 --> 07:08:44.000]  而是說
[07:08:44.000 --> 07:08:45.000]  很多時候
[07:08:45.000 --> 07:08:46.000]  祂會在我意念裡面
[07:08:46.000 --> 07:08:47.000]  會出現另外一個意念
[07:08:47.000 --> 07:08:48.000]  你知道不是你而來的
[07:08:48.000 --> 07:08:49.000]  你可以看到
[07:08:49.000 --> 07:08:50.000]  神啊
[07:08:50.000 --> 07:08:51.000]  主啊
[07:08:51.000 --> 07:08:52.000]  如今我等什麼呢?
[07:08:52.000 --> 07:08:53.000]  我的指望在此
[07:08:53.000 --> 07:08:55.000]  突然間你腦裡出現了一個意念
[07:08:55.000 --> 07:08:57.000]  你今天要上班的時候
[07:08:57.000 --> 07:08:58.000]  你很緊張
[07:08:58.000 --> 07:08:59.000]  你的project
[07:08:59.000 --> 07:09:00.000]  就等那個老闆
[07:09:00.000 --> 07:09:01.000]  是你呢?
[07:09:01.000 --> 07:09:02.000]  哎呀
[07:09:02.000 --> 07:09:03.000]  突然間聖靈說
[07:09:03.000 --> 07:09:04.000]  是的,主啊
[07:09:04.000 --> 07:09:06.000]  那些試驗出來的時候
[07:09:06.000 --> 07:09:08.000]  你就馬上會回應他
[07:09:08.000 --> 07:09:09.000]  很有趣
[07:09:09.000 --> 07:09:10.000]  好像你自己和自己說話
[07:09:10.000 --> 07:09:11.000]  其實那不是你
[07:09:11.000 --> 07:09:12.000]  於是你和主說
[07:09:12.000 --> 07:09:15.000]  我很緊張等老闆的批准
[07:09:15.000 --> 07:09:16.000]  但其實我需要
[07:09:16.000 --> 07:09:17.000]  指望在乎你
[07:09:17.000 --> 07:09:18.000]  我等什麼呢?
[07:09:18.000 --> 07:09:19.000]  我等你
[07:09:19.000 --> 07:09:20.000]  我不是等老闆
[07:09:20.000 --> 07:09:21.000]  老闆可能不批
[07:09:21.000 --> 07:09:23.000]  可能不順利我的事業
[07:09:23.000 --> 07:09:24.000]  但只要我等到你
[07:09:24.000 --> 07:09:26.000]  我指望在乎你
[07:09:26.000 --> 07:09:27.000]  主啊,我感謝你提醒我
[07:09:27.000 --> 07:09:28.000]  我等的是你
[07:09:28.000 --> 07:09:30.000]  不是等人的批准
[07:09:30.000 --> 07:09:31.000]  心裡很舒服
[07:09:31.000 --> 07:09:32.000]  於是就再祈禱
[07:09:32.000 --> 07:09:33.000]  你明白嗎?
[07:09:33.000 --> 07:09:34.000]  慢慢的
[07:09:34.000 --> 07:09:35.000]  一句經文
[07:09:35.000 --> 07:09:36.000]  一句禱告文
[07:09:36.000 --> 07:09:37.000]  期下期下
[07:09:37.000 --> 07:09:38.000]  就變成了第二種祈禱
[07:09:38.000 --> 07:09:39.000]  整篇祈禱都出去了
[07:09:39.000 --> 07:09:41.000]  因為開始神
[07:09:41.000 --> 07:09:42.000]  祈一句的時候
[07:09:42.000 --> 07:09:43.000]  神在你心裡
[07:09:43.000 --> 07:09:44.000]  內心裡
[07:09:44.000 --> 07:09:45.000]  又和你講多一句
[07:09:45.000 --> 07:09:46.000]  於是你又在心裡
[07:09:46.000 --> 07:09:47.000]  回應神那句
[07:09:47.000 --> 07:09:48.000]  傾下傾下
[07:09:48.000 --> 07:09:49.000]  你就變成了其他祈禱
[07:09:49.000 --> 07:09:50.000]  跟著可能
[07:09:50.000 --> 07:09:52.000]  神帶你去祈禱
[07:09:52.000 --> 07:09:54.000]  突然間指望在乎你
[07:09:54.000 --> 07:09:55.000]  突然間這個字
[07:09:55.000 --> 07:09:57.000]  打動你的心
[07:09:57.000 --> 07:09:58.000]  腦裡又出現
[07:09:58.000 --> 07:09:59.000]  另一個意念神和你說
[07:09:59.000 --> 07:10:00.000]  指望
[07:10:00.000 --> 07:10:01.000]  是的
[07:10:01.000 --> 07:10:03.000]  你的指望在乎什麼?
[07:10:03.000 --> 07:10:05.000]  你的指望在乎什麼?
[07:10:05.000 --> 07:10:07.000]  你的指望在乎你的工作嗎?
[07:10:07.000 --> 07:10:08.000]  你的指望在乎
[07:10:08.000 --> 07:10:10.000]  在這件事上一定要成功嗎?
[07:10:10.000 --> 07:10:12.000]  你的盼望是什麼?
[07:10:12.000 --> 07:10:13.000]  於是突然間心想
[07:10:13.000 --> 07:10:14.000]  對不起神
[07:10:14.000 --> 07:10:15.000]  原來是的
[07:10:15.000 --> 07:10:16.000]  我的指望
[07:10:16.000 --> 07:10:17.000]  耶穌在乎你
[07:10:17.000 --> 07:10:18.000]  讓我今天
[07:10:18.000 --> 07:10:19.000]  我的指望在乎你
[07:10:19.000 --> 07:10:20.000]  於是講著講著
[07:10:20.000 --> 07:10:22.000]  又去了指望那件事
[07:10:22.000 --> 07:10:24.000]  你明白嗎?
[07:10:24.000 --> 07:10:25.000]  很容易的
[07:10:25.000 --> 07:10:26.000]  很快
[07:10:26.000 --> 07:10:27.000]  坐地鐵
[07:10:27.000 --> 07:10:28.000]  二十分鐘
[07:10:28.000 --> 07:10:30.000]  一會兒又靈修了二十分鐘
[07:10:30.000 --> 07:10:31.000]  就是這樣
[07:10:31.000 --> 07:10:32.000]  好了
[07:10:32.000 --> 07:10:33.000]  上班的時候
[07:10:33.000 --> 07:10:34.000]  你就繼續工作
[07:10:34.000 --> 07:10:35.000]  你不要緊的
[07:10:35.000 --> 07:10:36.000]  但是那句經文
[07:10:36.000 --> 07:10:38.000]  這個禱告那種mood
[07:10:38.000 --> 07:10:40.000]  祈禱那種心境
[07:10:40.000 --> 07:10:41.000]  是陪伴著你的
[07:10:41.000 --> 07:10:43.000]  突然間有一個
[07:10:43.000 --> 07:10:45.000]  突然間有一個可能
[07:10:45.000 --> 07:10:46.000]  有一個同志
[07:10:46.000 --> 07:10:47.000]  突然間走過來
[07:10:47.000 --> 07:10:48.000]  一句話過來
[07:10:48.000 --> 07:10:49.000]  很傷
[07:10:49.000 --> 07:10:50.000]  想發脾氣
[07:10:50.000 --> 07:10:51.000]  突然間那個經文出來
[07:10:51.000 --> 07:10:52.000]  很有趣的
[07:10:52.000 --> 07:10:53.000]  我等什麼呢
[07:10:53.000 --> 07:10:54.000]  難道我要和別人鬥嗎?
[07:10:54.000 --> 07:10:55.000]  我指望在乎你
[07:10:55.000 --> 07:10:56.000]  算了
[07:10:56.000 --> 07:10:57.000]  要輸了他
[07:10:57.000 --> 07:10:58.000]  要輸了他
[07:10:58.000 --> 07:10:59.000]  很有趣的
[07:10:59.000 --> 07:11:00.000]  然後那個經文
[07:11:00.000 --> 07:11:01.000]  慢慢慢慢成為你那個
[07:11:01.000 --> 07:11:02.000]  整天那個人
[07:11:02.000 --> 07:11:03.000]  那個的
[07:11:03.000 --> 07:11:05.000]  籠罩著你的熟齡心情
[07:11:05.000 --> 07:11:07.000]  一天你不會覺得什麼特別
[07:11:07.000 --> 07:11:09.000]  我接受都說
[07:11:09.000 --> 07:11:10.000]  你相信我
[07:11:10.000 --> 07:11:11.000]  都相信你十年八年
[07:11:11.000 --> 07:11:12.000]  你試一下一個禮拜
[07:11:12.000 --> 07:11:13.000]  天天有一句
[07:11:13.000 --> 07:11:15.000]  由早到晚
[07:11:15.000 --> 07:11:16.000]  心裡面就是這樣
[07:11:16.000 --> 07:11:18.000]  你說沒有什麼好祈禱
[07:11:18.000 --> 07:11:19.000]  那就祈禱兩句
[07:11:19.000 --> 07:11:20.000]  這些很簡單
[07:11:20.000 --> 07:11:21.000]  不用教的
[07:11:21.000 --> 07:11:22.000]  祈禱多一句
[07:11:22.000 --> 07:11:23.000]  如果你這麼喜歡
[07:11:23.000 --> 07:11:24.000]  就多找一句來祈禱
[07:11:24.000 --> 07:11:25.000]  那時候
[07:11:25.000 --> 07:11:26.000]  只要你保持這樣
[07:11:26.000 --> 07:11:27.000]  由早到晚
[07:11:27.000 --> 07:11:28.000]  禱告的心境
[07:11:28.000 --> 07:11:29.000]  不斷的所謂
[07:11:29.000 --> 07:11:30.000]  渴慕祈禱的心境的時候
[07:11:30.000 --> 07:11:34.000]  你就開始進入另外一種生活的情態
[07:11:34.000 --> 07:11:37.000]  當神不斷在你生命裡面成為
[07:11:37.000 --> 07:11:40.000]  你集中的那個籠罩
[07:11:40.000 --> 07:11:42.000]  Divine concept
[07:11:42.000 --> 07:11:43.000]  那種熟齡的
[07:11:43.000 --> 07:11:45.000]  神聖的意識籠罩著你的時候
[07:11:45.000 --> 07:11:48.000]  你就開始明白什麼叫與神同行
[07:11:48.000 --> 07:11:50.000]  你試一下這樣做
[07:11:50.000 --> 07:11:51.000]  第二件事
[07:11:51.000 --> 07:11:52.000]  很快
[07:11:52.000 --> 07:11:53.000]  因為我預備了很多東西
[07:11:53.000 --> 07:11:54.000]  不能不做
[07:11:54.000 --> 07:11:58.000]  我們不只是抽離自己去那裡
[07:11:58.000 --> 07:11:59.000]  和他聊天而已
[07:11:59.000 --> 07:12:00.000]  我們要進入這個世界
[07:12:00.000 --> 07:12:01.000]  我有另外一個
[07:12:01.000 --> 07:12:02.000]  可以很stacular
[07:12:02.000 --> 07:12:03.000]  但是很work的方法
[07:12:03.000 --> 07:12:05.000]  我不知道有多少人曾經試過
[07:12:05.000 --> 07:12:06.000]  我提議過
[07:12:06.000 --> 07:12:08.000]  就是讀報紙來祈禱
[07:12:08.000 --> 07:12:09.000]  我就買了一大堆報紙
[07:12:09.000 --> 07:12:11.000]  請大家一人拿
[07:12:11.000 --> 07:12:12.000]  派給大家
[07:12:12.000 --> 07:12:13.000]  很快
[07:12:13.000 --> 07:12:14.000]  不好意思
[07:12:14.000 --> 07:12:15.000]  十點半了
[07:12:15.000 --> 07:12:17.000]  說完這個
[07:12:17.000 --> 07:12:18.000]  因為
[07:12:18.000 --> 07:12:19.000]  所以剛才那份報紙
[07:12:19.000 --> 07:12:21.000]  我不是拿來做道具的
[07:12:21.000 --> 07:12:27.000]  每天你都看報紙的
[07:12:32.000 --> 07:12:34.000]  什麼意思
[07:12:34.000 --> 07:12:36.000]  多謝主席
[07:12:36.000 --> 07:12:37.000]  可以多一點時間
[07:12:37.000 --> 07:12:38.000]  我不會阻大家太多
[07:12:38.000 --> 07:12:39.000]  不過我覺得
[07:12:39.000 --> 07:12:40.000]  完這個也好
[07:12:40.000 --> 07:12:45.000]  不是一人拿一份
[07:12:45.000 --> 07:12:46.000]  一人拿一張就行了
[07:12:46.000 --> 07:12:48.000]  怎樣夠派
[07:12:48.000 --> 07:12:49.000]  這樣就夠了
[07:12:49.000 --> 07:12:50.000]  好不好
[07:12:50.000 --> 07:12:51.000]  舉例
[07:12:51.000 --> 07:12:52.000]  我不拿整張
[07:12:52.000 --> 07:12:53.000]  不要緊的
[07:12:53.000 --> 07:12:54.000]  我把馬經拿起來了
[07:12:54.000 --> 07:12:55.000]  運動拿起來了
[07:12:55.000 --> 07:12:56.000]  通常很難
[07:12:56.000 --> 07:13:00.000]  列斯聯對萬聯
[07:13:00.000 --> 07:13:02.000]  我也覺得很難祈禱
[07:13:02.000 --> 07:13:03.000]  我沒有
[07:13:03.000 --> 07:13:04.000]  我沒有用這些
[07:13:04.000 --> 07:13:05.000]  娛樂版也可以的
[07:13:05.000 --> 07:13:08.000]  港聞版可以的
[07:13:08.000 --> 07:13:11.000]  每個人都有一張
[07:13:11.000 --> 07:13:12.000]  哇
[07:13:12.000 --> 07:13:13.000]  每個人都看報紙
[07:13:13.000 --> 07:13:14.000]  層面很偉大
[07:13:14.000 --> 07:13:16.000]  一人一張就行了
[07:13:16.000 --> 07:13:21.000]  我不知道你的習慣
[07:13:21.000 --> 07:13:22.000]  我們每天都看報紙
[07:13:22.000 --> 07:13:23.000]  這個就是報紙
[07:13:23.000 --> 07:13:24.000]  有星島有明報
[07:13:24.000 --> 07:13:25.000]  OK
[07:13:25.000 --> 07:13:27.000]  娛樂版甚至廣告
[07:13:27.000 --> 07:13:28.000]  都可以祈禱的
[07:13:29.000 --> 07:13:30.000]  因為
[07:13:30.000 --> 07:13:31.000]  首先我舉個例子
[07:13:31.000 --> 07:13:32.000]  這些比較大的新聞
[07:13:32.000 --> 07:13:33.000]  洛陽
[07:13:33.000 --> 07:13:34.000]  超級市場
[07:13:34.000 --> 07:13:39.000]  聖誕園區舞會的火燭
[07:13:39.000 --> 07:13:40.000]  大火
[07:13:40.000 --> 07:13:41.000]  焗死了309人
[07:13:41.000 --> 07:13:42.000]  好了
[07:13:42.000 --> 07:13:43.000]  很多時候我們
[07:13:43.000 --> 07:13:45.000]  我們看了一份報紙
[07:13:45.000 --> 07:13:46.000]  知道新聞
[07:13:46.000 --> 07:13:47.000]  放下
[07:13:47.000 --> 07:13:48.000]  那就算了
[07:13:48.000 --> 07:13:49.000]  其實我們浪費了一個
[07:13:49.000 --> 07:13:51.000]  很好的禱告的機會
[07:13:51.000 --> 07:13:53.000]  這個禱告一方面
[07:13:53.000 --> 07:13:54.000]  可以幫助我們
[07:13:54.000 --> 07:13:55.000]  將我們的屬靈生命
[07:13:55.000 --> 07:13:56.000]  我們的關心
[07:13:56.000 --> 07:13:58.000]  進入到世界的人生上
[07:13:59.000 --> 07:14:00.000]  又可以幫助我們
[07:14:00.000 --> 07:14:01.000]  那個禱告
[07:14:01.000 --> 07:14:03.000]  有一種豐富了的內容
[07:14:03.000 --> 07:14:04.000]  不是經常都為了自己
[07:14:04.000 --> 07:14:05.000]  這麼簡單
[07:14:05.000 --> 07:14:06.000]  或者教會
[07:14:06.000 --> 07:14:08.000]  同時更加重要的
[07:14:08.000 --> 07:14:09.000]  我們的禱告
[07:14:09.000 --> 07:14:11.000]  真的幫助了
[07:14:11.000 --> 07:14:12.000]  一些世界上
[07:14:12.000 --> 07:14:13.000]  所發生的
[07:14:13.000 --> 07:14:14.000]  有困難的人
[07:14:14.000 --> 07:14:16.000]  很多時候我們看見
[07:14:16.000 --> 07:14:17.000]  這些新聞很可憐
[07:14:17.000 --> 07:14:19.000]  小女孩
[07:14:19.000 --> 07:14:20.000]  十幾歲
[07:14:20.000 --> 07:14:21.000]  上上一課
[07:14:21.000 --> 07:14:22.000]  走上天牌
[07:14:22.000 --> 07:14:23.000]  說要跳樓
[07:14:23.000 --> 07:14:24.000]  老師拿著她
[07:14:24.000 --> 07:14:26.000]  為什麼呢?
[07:14:26.000 --> 07:14:27.000]  因為她爸爸媽媽要離婚
[07:14:27.000 --> 07:14:28.000]  她不想做人
[07:14:28.000 --> 07:14:29.000]  我們看完會很心傷
[07:14:29.000 --> 07:14:30.000]  這些新聞
[07:14:30.000 --> 07:14:31.000]  很少的新聞
[07:14:31.000 --> 07:14:32.000]  但是我相信
[07:14:32.000 --> 07:14:33.000]  有幾萬人看過這些新聞
[07:14:33.000 --> 07:14:35.000]  沒有一個人為這個女孩祈禱
[07:14:35.000 --> 07:14:36.000]  是不是?
[07:14:36.000 --> 07:14:37.000]  沒有一個人為這個女孩
[07:14:37.000 --> 07:14:38.000]  這個家庭的爸爸媽媽
[07:14:38.000 --> 07:14:39.000]  來祈禱
[07:14:39.000 --> 07:14:40.000]  多麼可惜
[07:14:40.000 --> 07:14:41.000]  不如我們就做這個人
[07:14:41.000 --> 07:14:42.000]  所以我每一次
[07:14:42.000 --> 07:14:43.000]  看報紙的時候
[07:14:43.000 --> 07:14:45.000]  我放下這份報紙之前
[07:14:45.000 --> 07:14:46.000]  我有一個習慣
[07:14:46.000 --> 07:14:47.000]  難不難?
[07:14:47.000 --> 07:14:48.000]  很少時間
[07:14:48.000 --> 07:14:49.000]  三五分鐘
[07:14:49.000 --> 07:14:50.000]  又不用你躲起來
[07:14:50.000 --> 07:14:51.000]  閉上眼睛
[07:14:51.000 --> 07:14:52.000]  打噴嚏都可以
[07:14:52.000 --> 07:14:53.000]  不用你怎樣
[07:14:53.000 --> 07:14:54.000]  看的時候
[07:14:54.000 --> 07:14:55.000]  我教你做的方法很簡單
[07:14:55.000 --> 07:14:56.000]  第一
[07:14:56.000 --> 07:14:57.000]  你看了這段新聞
[07:14:57.000 --> 07:14:59.000]  你想為她裡面的人祈禱
[07:14:59.000 --> 07:15:00.000]  她的角色去祈禱
[07:15:00.000 --> 07:15:01.000]  我希望你祈禱的時候
[07:15:01.000 --> 07:15:02.000]  留意一下
[07:15:02.000 --> 07:15:03.000]  不是做影評
[07:15:03.000 --> 07:15:05.000]  不是做時事評論祈禱
[07:15:05.000 --> 07:15:06.000]  是什麼呢?
[07:15:06.000 --> 07:15:08.000]  是將你自己
[07:15:08.000 --> 07:15:09.000]  這個步驟很重要
[07:15:09.000 --> 07:15:11.000]  將你自己的想像
[07:15:11.000 --> 07:15:12.000]  你的想像
[07:15:12.000 --> 07:15:16.000]  進入去這個當事人的心境當中
[07:15:16.000 --> 07:15:17.000]  譬如說
[07:15:17.000 --> 07:15:18.000]  洛陽大火
[07:15:18.000 --> 07:15:19.000]  祈禱主
[07:15:19.000 --> 07:15:20.000]  中國真的不行
[07:15:20.000 --> 07:15:23.000]  這些消防條例這麼差
[07:15:23.000 --> 07:15:24.000]  這些叫做
[07:15:24.000 --> 07:15:26.000]  是時事評論式的祈禱
[07:15:26.000 --> 07:15:27.000]  都可以
[07:15:27.000 --> 07:15:28.000]  不過不是最好
[07:15:28.000 --> 07:15:29.000]  我不是鼓勵這一種
[07:15:29.000 --> 07:15:30.000]  我是怎樣呢?
[07:15:30.000 --> 07:15:31.000]  我要你閉上眼睛
[07:15:31.000 --> 07:15:33.000]  想像一下
[07:15:33.000 --> 07:15:36.000]  是其中一個受害者
[07:15:36.000 --> 07:15:39.000]  燒死了的家人
[07:15:39.000 --> 07:15:40.000]  他爸爸
[07:15:40.000 --> 07:15:41.000]  他媽媽
[07:15:41.000 --> 07:15:42.000]  或者今早我看見這個
[07:15:42.000 --> 07:15:43.000]  China Morning Post
[07:15:43.000 --> 07:15:45.000]  那個媽媽哭得不定人形
[07:15:45.000 --> 07:15:46.000]  因為她的女兒
[07:15:46.000 --> 07:15:48.000]  就在那個墓窟裡燒死了
[07:15:48.000 --> 07:15:50.000]  連屍體都找不到
[07:15:50.000 --> 07:15:51.000]  哭到那個樣子
[07:15:51.000 --> 07:15:52.000]  看著那個媽媽
[07:15:52.000 --> 07:15:54.000]  那個哭泣的面孔
[07:15:54.000 --> 07:15:56.000]  讓你自己的想像
[07:15:56.000 --> 07:15:58.000]  進入她的心境
[07:15:58.000 --> 07:15:59.000]  那種難過
[07:15:59.000 --> 07:16:00.000]  那種絕望
[07:16:00.000 --> 07:16:03.000]  突然間無可接受的那種心境
[07:16:03.000 --> 07:16:04.000]  這個女兒是乖女兒
[07:16:04.000 --> 07:16:05.000]  突然間就沒有了
[07:16:05.000 --> 07:16:06.000]  從今早我怎樣做人
[07:16:06.000 --> 07:16:07.000]  我的女兒
[07:16:07.000 --> 07:16:09.000]  白頭人送黑頭人
[07:16:09.000 --> 07:16:10.000]  總之我們盡量想像
[07:16:10.000 --> 07:16:12.000]  這個媽媽現在的心境是怎樣
[07:16:12.000 --> 07:16:13.000]  然後到那個地步
[07:16:13.000 --> 07:16:15.000]  充滿了她那種憤怒
[07:16:15.000 --> 07:16:16.000]  充滿了那種痛楚
[07:16:16.000 --> 07:16:17.000]  難過
[07:16:17.000 --> 07:16:18.000]  和她一樣
[07:16:18.000 --> 07:16:19.000]  共鳴了
[07:16:19.000 --> 07:16:20.000]  然後
[07:16:20.000 --> 07:16:21.000]  你代替她
[07:16:21.000 --> 07:16:23.000]  代表她向神面前祈求
[07:16:23.000 --> 07:16:26.000]  她雖然可能不認識你
[07:16:26.000 --> 07:16:28.000]  求你現在的平安
[07:16:28.000 --> 07:16:30.000]  進入她心裡去安慰
[07:16:30.000 --> 07:16:31.000]  或者
[07:16:31.000 --> 07:16:33.000]  真的如果在她朋友當中
[07:16:33.000 --> 07:16:34.000]  有基督徒的
[07:16:34.000 --> 07:16:35.000]  有家庭教會的
[07:16:35.000 --> 07:16:36.000]  有基督徒的
[07:16:36.000 --> 07:16:37.000]  求你感動那個基督徒
[07:16:37.000 --> 07:16:40.000]  用適當智慧的言語
[07:16:40.000 --> 07:16:41.000]  去安慰這位女兒
[07:16:41.000 --> 07:16:42.000]  你明白我的意思嗎
[07:16:42.000 --> 07:16:45.000]  這樣她就真是這個叫禱告
[07:16:45.000 --> 07:16:46.000]  這種叫
[07:16:46.000 --> 07:16:47.000]  即是共鳴的代求
[07:16:47.000 --> 07:16:48.000]  你明白嗎
[07:16:48.000 --> 07:16:50.000]  所以我不是用影評
[07:16:50.000 --> 07:16:51.000]  即是推出來那種
[07:16:51.000 --> 07:16:52.000]  或者是時評那種
[07:16:52.000 --> 07:16:53.000]  不是
[07:16:53.000 --> 07:16:54.000]  是進入當事人當中
[07:16:54.000 --> 07:16:55.000]  OK
[07:16:55.000 --> 07:16:56.000]  好像另外一個
[07:16:56.000 --> 07:16:57.000]  另外一個例子就是
[07:16:57.000 --> 07:16:59.000]  譬如說民主黨
[07:16:59.000 --> 07:17:00.000]  調查
[07:17:00.000 --> 07:17:01.000]  清善人甚至二十歲
[07:17:01.000 --> 07:17:03.000]  很多人找不到工作
[07:17:03.000 --> 07:17:04.000]  OK
[07:17:04.000 --> 07:17:05.000]  於是說阿神啊
[07:17:05.000 --> 07:17:06.000]  求你幫助這個社會
[07:17:06.000 --> 07:17:07.000]  很多年輕人找不到工作
[07:17:07.000 --> 07:17:08.000]  這個都行
[07:17:08.000 --> 07:17:09.000]  這個就叫時事平衡式的祈禱
[07:17:09.000 --> 07:17:10.000]  你明白嗎
[07:17:10.000 --> 07:17:11.000]  我舉一個例子
[07:17:11.000 --> 07:17:12.000]  應該怎麼做
[07:17:12.000 --> 07:17:14.000]  你想像進入
[07:17:14.000 --> 07:17:16.000]  一個你想像的年輕人
[07:17:16.000 --> 07:17:17.000]  十幾歲
[07:17:17.000 --> 07:17:19.000]  他找了幾次工都找不到
[07:17:19.000 --> 07:17:20.000]  他真的是很想找工作
[07:17:20.000 --> 07:17:21.000]  有個氣餒
[07:17:21.000 --> 07:17:23.000]  又或者他不想做工
[07:17:23.000 --> 07:17:26.000]  經常留念這些娛樂場所
[07:17:26.000 --> 07:17:28.000]  想像一個這樣的年輕人
[07:17:28.000 --> 07:17:32.000]  然後經歷他心裏那種無奈掙扎
[07:17:32.000 --> 07:17:33.000]  無聊
[07:17:33.000 --> 07:17:37.000]  然後代表他和神說幾句乞求的說話
[07:17:37.000 --> 07:17:38.000]  你明白嗎
[07:17:38.000 --> 07:17:39.000]  行不行
[07:17:39.000 --> 07:17:40.000]  試一下
[07:17:40.000 --> 07:17:41.000]  首先我們說
[07:17:41.000 --> 07:17:44.000]  這個要試的
[07:17:44.000 --> 07:17:45.000]  剛才那個經歷
[07:17:45.000 --> 07:17:46.000]  即是那個祈念那裏
[07:17:46.000 --> 07:17:47.000]  你回去做就可以了
[07:17:47.000 --> 07:17:49.000]  但是這個我想你試一試
[07:17:49.000 --> 07:17:50.000]  我現在給你一分鐘的時間
[07:17:50.000 --> 07:17:51.000]  你找一段
[07:17:51.000 --> 07:17:52.000]  你試一試
[07:17:52.000 --> 07:17:55.000]  找一段的新聞
[07:17:55.000 --> 07:17:56.000]  你不用看完的
[07:17:56.000 --> 07:17:59.000]  然後可以用我剛才所提議的方法
[07:17:59.000 --> 07:18:03.000]  你找一個你禱告的角度
[07:18:03.000 --> 07:18:04.000]  時間無縮了
[07:18:04.000 --> 07:18:05.000]  試到了嗎
[07:18:05.000 --> 07:18:07.000]  大概我給你一點點的sense
[07:18:07.000 --> 07:18:08.000]  你知道嗎
[07:18:08.000 --> 07:18:09.000]  記住
[07:18:09.000 --> 07:18:13.000]  你的禱告不是為一件社會的問題去祈禱
[07:18:13.000 --> 07:18:15.000]  而是你進入當事人
[07:18:15.000 --> 07:18:16.000]  記住我說的
[07:18:16.000 --> 07:18:17.000]  personalize他
[07:18:17.000 --> 07:18:20.000]  一個individual有血有肉的人
[07:18:20.000 --> 07:18:21.000]  然後你共鳴
[07:18:21.000 --> 07:18:22.000]  你想像你共鳴他
[07:18:22.000 --> 07:18:26.000]  然後代表他向神發出呼求
[07:18:26.000 --> 07:18:29.000]  這個禱告其實是很值得的
[07:18:29.000 --> 07:18:30.000]  剛才我說過
[07:18:30.000 --> 07:18:32.000]  每天無數人看新聞
[07:18:32.000 --> 07:18:33.000]  包括基督徒
[07:18:33.000 --> 07:18:35.000]  但是在這個悲劇的背後
[07:18:35.000 --> 07:18:39.000]  可能你是唯一為那個人祈禱的人
[07:18:39.000 --> 07:18:41.000]  他需要你的報告
[07:18:41.000 --> 07:18:42.000]  在這個禱告裏
[07:18:42.000 --> 07:18:43.000]  也將你自己的心
[07:18:43.000 --> 07:18:46.000]  連結起這個有血有肉的社會
[07:18:46.000 --> 07:18:47.000]  而不是抽離了自己
[07:18:47.000 --> 07:18:50.000]  做一個不吃人間煙火的屬靈人
[07:18:50.000 --> 07:18:51.000]  我提議了這兩樣的操練
[07:18:51.000 --> 07:18:52.000]  我自己做
[07:18:52.000 --> 07:18:54.000]  我覺得行得通
[07:18:54.000 --> 07:18:56.000]  我又介紹給你
[07:18:56.000 --> 07:18:58.000]  那你今天出營就可以做了
[07:18:58.000 --> 07:19:00.000]  報紙每天都會看的
[07:19:00.000 --> 07:19:02.000]  那你說那些禱告的圖文
[07:19:02.000 --> 07:19:04.000]  我整頁都印給你了
[07:19:04.000 --> 07:19:07.000]  所以很感謝幫我們打那些弟兄姊妹
[07:19:07.000 --> 07:19:08.000]  起碼夠你一個月
[07:19:08.000 --> 07:19:10.000]  不夠你起碼兩個禮拜都騎不完
[07:19:10.000 --> 07:19:12.000]  馬上開始今晚好不好
[07:19:12.000 --> 07:19:14.000]  你不一定要跟著我那些次序
[07:19:14.000 --> 07:19:16.000]  你自己選一句兩句開始
[07:19:16.000 --> 07:19:17.000]  經歷在這裏
[07:19:17.000 --> 07:19:20.000]  原來跟著你就可以找生命聖詩那些
[07:19:20.000 --> 07:19:21.000]  或者其他
[07:19:21.000 --> 07:19:22.000]  思語卡那些
[07:19:22.000 --> 07:19:23.000]  買了思語卡是更好的
[07:19:23.000 --> 07:19:24.000]  可以拿個字好嗎
[07:19:24.000 --> 07:19:27.000]  那我今天說這些是很實際的了
[07:19:27.000 --> 07:19:28.000]  你其實都感覺到了
[07:19:28.000 --> 07:19:30.000]  完全不是空談
[07:19:30.000 --> 07:19:32.000]  是我照過你知道行得通
[07:19:32.000 --> 07:19:35.000]  我希望這些是送給你的利刑禮物
[07:19:35.000 --> 07:19:37.000]  你一出營
[07:19:37.000 --> 07:19:40.000]  聽完馬拉杰斯出營的時候
[07:19:40.000 --> 07:19:46.000]  活出一個與神同行 遵行神旨意的生活
[07:19:46.000 --> 07:19:47.000]  我會束縛你
[07:19:47.000 --> 07:19:48.000]  在世祈禱
[07:19:48.000 --> 07:19:50.000]  我叫主我們的神
[07:19:50.000 --> 07:19:53.000]  我們知道祢願意親近我們
[07:19:53.000 --> 07:19:56.000]  祢更加說我們尋求的一些尋善
[07:19:56.000 --> 07:19:58.000]  敲門祢一定會看完
[07:19:58.000 --> 07:20:00.000]  只要今天我們盡我們的力量
[07:20:00.000 --> 07:20:01.000]  去尋索
[07:20:01.000 --> 07:20:03.000]  去行這條以祢同行的路
[07:20:03.000 --> 07:20:05.000]  我們很想做一個真行理智的人
[07:20:05.000 --> 07:20:07.000]  求使就憐憫
[07:20:07.000 --> 07:20:09.000]  祝福我們這些小小的心意
[07:20:09.000 --> 07:20:11.000]  讓我們真的可以經歷到
[07:20:11.000 --> 07:20:14.000]  原來與祢同行是一個這麼美麗的生命
[07:20:14.000 --> 07:20:16.000]  還是多謝你在這個靈會裏面
[07:20:16.000 --> 07:20:18.000]  在各方面對我們的提醒
[07:20:18.000 --> 07:20:19.000]  鼓勵
[07:20:19.000 --> 07:20:20.000]  耳人
[07:20:20.000 --> 07:20:23.000]  求祢將這些品入永恆當中
[07:20:23.000 --> 07:20:25.000]  讓我們能夠在世生活
[07:20:25.000 --> 07:20:26.000]  但是要遠行
[07:20:26.000 --> 07:20:27.000]  有份
[07:20:27.000 --> 07:20:28.000]  柔弱
[07:20:28.000 --> 07:20:29.000]  感謝主
[07:20:29.000 --> 07:20:30.000]  聽我們祈禱
[07:20:30.000 --> 07:20:31.000]  奉上宿命
[07:20:31.000 --> 07:20:32.000]  晚安
[07:20:40.000 --> 07:20:49.000]  請不吝點贊訂閱轉發打賞支持明鏡與點點欄目
