
[00:00:00.000 --> 00:00:05.000]  「恩怨情仇论旧约」
[00:00:05.000 --> 00:00:07.000]  李思敬博士主讲
[00:00:07.000 --> 00:00:08.000]  第七讲
[00:00:08.000 --> 00:00:11.000]  「传颂民间的教义学」
[00:00:11.000 --> 00:00:13.000]  诗篇信息精华
[00:00:13.000 --> 00:00:15.000]  来到诗篇
[00:00:15.000 --> 00:00:18.000]  我们的课程就进入到
[00:00:18.000 --> 00:00:25.000]  旧约希伯来圣经的正典第三部分
[00:00:25.000 --> 00:00:27.000]  记得我们读路加福音
[00:00:27.000 --> 00:00:35.000]  耶稣与门徒解释他的受死和复活
[00:00:35.000 --> 00:00:37.000]  他引用摩西的律法
[00:00:37.000 --> 00:00:42.000]  先知的书和诗篇
[00:00:42.000 --> 00:00:44.000]  所以这个排练
[00:00:44.000 --> 00:00:46.000]  不是路加记错了
[00:00:46.000 --> 00:00:48.000]  或者耶稣讲快了
[00:00:48.000 --> 00:00:50.000]  调转了次序
[00:00:50.000 --> 00:00:52.000]  我们所熟悉的次序是
[00:00:52.000 --> 00:00:54.000]  律法书、历史书
[00:00:54.000 --> 00:00:57.000]  诗歌智慧书到先知书
[00:00:57.000 --> 00:01:00.000]  希伯来圣经的排列
[00:01:00.000 --> 00:01:06.000]  先是论悔(Torah)摩西五经
[00:01:06.000 --> 00:01:08.000]  然后是Naviim
[00:01:08.000 --> 00:01:11.000]  我们通常称为先知书
[00:01:11.000 --> 00:01:12.000]  包括历史
[00:01:12.000 --> 00:01:15.000]  包括十五卷的先知书
[00:01:15.000 --> 00:01:17.000]  大小先知书
[00:01:17.000 --> 00:01:19.000]  然后到诗篇
[00:01:19.000 --> 00:01:24.000]  开始第三部分称为Ketuvim
[00:01:24.000 --> 00:01:25.000]  Ketuvim这个字
[00:01:25.000 --> 00:01:27.000]  希伯来文是从Ketav
[00:01:27.000 --> 00:01:30.000]  写作
[00:01:30.000 --> 00:01:33.000]  所以Ketuvim就是著作
[00:01:33.000 --> 00:01:38.000]  著作这部分以诗篇为首
[00:01:38.000 --> 00:01:40.000]  事实上我们说过
[00:01:40.000 --> 00:01:41.000]  半开玩笑地说
[00:01:41.000 --> 00:01:43.000]  今天我们很多时候
[00:01:43.000 --> 00:01:44.000]  拿着一本圣经
[00:01:44.000 --> 00:01:46.000]  都不是原本教会
[00:01:46.000 --> 00:01:50.000]  所接纳的新旧约传书
[00:01:50.000 --> 00:01:52.000]  我们经常会拿着的是
[00:01:52.000 --> 00:01:54.000]  新约赋诗篇
[00:01:54.000 --> 00:01:58.000]  即管放下对这个做法的
[00:01:58.000 --> 00:02:00.000]  反面消极的批评
[00:02:00.000 --> 00:02:03.000]  正面来看就突出了
[00:02:03.000 --> 00:02:05.000]  诗篇的重要性
[00:02:05.000 --> 00:02:08.000]  如果要在旧约三十九卷书里面
[00:02:08.000 --> 00:02:12.000]  去选一卷连同新约一起出版
[00:02:12.000 --> 00:02:16.000]  圣经公会的决策人士
[00:02:16.000 --> 00:02:19.000]  毫不犹豫地选择了诗篇
[00:02:19.000 --> 00:02:22.000]  再加多一卷诗篇
[00:02:22.000 --> 00:02:24.000]  附上针研
[00:02:24.000 --> 00:02:26.000]  没有新约圣经附针研
[00:02:26.000 --> 00:02:28.000]  有没有人买过这本圣经?
[00:02:28.000 --> 00:02:29.000]  没有啊
[00:02:29.000 --> 00:02:30.000]  新约圣经附诗篇
[00:02:30.000 --> 00:02:35.000]  诗篇似乎在旧约三十九卷里面
[00:02:35.000 --> 00:02:40.000]  是最受教会接纳重视
[00:02:40.000 --> 00:02:42.000]  这是事实
[00:02:42.000 --> 00:02:45.000]  过去二千年教会的历史里
[00:02:45.000 --> 00:02:49.000]  在崇拜所读的经文
[00:02:49.000 --> 00:02:53.000]  如果你是来自礼仪教会
[00:02:53.000 --> 00:02:56.000]  大公教会传统
[00:02:56.000 --> 00:02:58.000]  怎么分呢?
[00:02:58.000 --> 00:03:00.000]  就是讲台有颜色
[00:03:00.000 --> 00:03:03.000]  随着季节的转变
[00:03:03.000 --> 00:03:05.000]  那块布会一直换颜色
[00:03:05.000 --> 00:03:07.000]  白色、红色、紫色、绿色
[00:03:07.000 --> 00:03:11.000]  你会有教会的胜利
[00:03:11.000 --> 00:03:14.000]  每一个崇拜你会有旧约经科
[00:03:14.000 --> 00:03:17.000]  有新约的书信经科
[00:03:17.000 --> 00:03:19.000]  然后有福音书
[00:03:19.000 --> 00:03:23.000]  如果真的是高端教会
[00:03:23.000 --> 00:03:25.000]  高端不是高端教会
[00:03:25.000 --> 00:03:31.000]  是一些很着重礼仪的
[00:03:31.000 --> 00:03:32.000]  譬如圣公会
[00:03:32.000 --> 00:03:34.000]  你去圣约翰座堂
[00:03:34.000 --> 00:03:38.000]  他还会在节旗上焚香
[00:03:38.000 --> 00:03:40.000]  不是迷信
[00:03:40.000 --> 00:03:42.000]  是大公教会的传统
[00:03:42.000 --> 00:03:43.000]  这类的教会
[00:03:43.000 --> 00:03:46.000]  听福音书经科的时候
[00:03:46.000 --> 00:03:48.000]  会抬一个十字架
[00:03:48.000 --> 00:03:50.000]  放在读圣经的人前面
[00:03:50.000 --> 00:03:52.000]  你看不到读经的人
[00:03:52.000 --> 00:03:55.000]  你只会看到十字架
[00:03:55.000 --> 00:03:57.000]  然后要站起来听
[00:03:57.000 --> 00:03:59.000]  读福音书经科要站起来听
[00:03:59.000 --> 00:04:03.000]  不是坐着翘脚一手听
[00:04:03.000 --> 00:04:05.000]  如果你在这些教会背景
[00:04:05.000 --> 00:04:10.000]  旧约的经科不只是读诗篇
[00:04:10.000 --> 00:04:14.000]  不过传统教会唱诗
[00:04:14.000 --> 00:04:17.000]  本来只是唱诗篇
[00:04:17.000 --> 00:04:21.000]  圣诗是很后的传统
[00:04:21.000 --> 00:04:23.000]  到今天为止
[00:04:23.000 --> 00:04:29.000]  苏格兰比较保守的教会
[00:04:29.000 --> 00:04:32.000]  有很多不同的传统
[00:04:32.000 --> 00:04:34.000]  国家教会是长老会
[00:04:34.000 --> 00:04:36.000]  长老会比较保守
[00:04:36.000 --> 00:04:37.000]  开明一些
[00:04:37.000 --> 00:04:39.000]  他们其中一个
[00:04:39.000 --> 00:04:42.000]  和国家的Church of Scotland
[00:04:42.000 --> 00:04:44.000]  同样这么大的教会
[00:04:44.000 --> 00:04:46.000]  叫Free Church of Scotland
[00:04:46.000 --> 00:04:48.000]  名字是骗你的
[00:04:48.000 --> 00:04:49.000]  所谓Free Church
[00:04:49.000 --> 00:04:51.000]  就是不要那么多礼仪
[00:04:51.000 --> 00:04:52.000]  但他们其中一个传统
[00:04:52.000 --> 00:04:53.000]  到今天都是
[00:04:53.000 --> 00:04:55.000]  使教会聚会崇拜
[00:04:55.000 --> 00:04:57.000]  不唱圣诗
[00:04:57.000 --> 00:04:59.000]  只唱诗篇
[00:04:59.000 --> 00:05:01.000]  只是唱诗篇
[00:05:01.000 --> 00:05:03.000]  除了诗篇之外
[00:05:03.000 --> 00:05:05.000]  其他都是齐唱新歌
[00:05:05.000 --> 00:05:07.000]  不能入流
[00:05:07.000 --> 00:05:09.000]  不可以在崇拜里唱
[00:05:09.000 --> 00:05:10.000]  我们今天不是
[00:05:10.000 --> 00:05:12.000]  捧着本普天众赞
[00:05:12.000 --> 00:05:14.000]  那些都不及诗篇正统
[00:05:14.000 --> 00:05:17.000]  在传统教会的敬拜里
[00:05:17.000 --> 00:05:22.000]  诗篇是从圣经里拿出来的诗集
[00:05:22.000 --> 00:05:26.000]  所以大部分的信徒
[00:05:26.000 --> 00:05:29.000]  比较熟悉旧约的书卷
[00:05:29.000 --> 00:05:31.000]  灵修的时候
[00:05:31.000 --> 00:05:33.000]  我们都会读诗篇
[00:05:33.000 --> 00:05:35.000]  虽然领袖各有不同
[00:05:35.000 --> 00:05:37.000]  有些人很喜欢诗篇
[00:05:37.000 --> 00:05:39.000]  很喜欢背其中很多首诗篇
[00:05:39.000 --> 00:05:41.000]  但有些人觉得读来读去
[00:05:41.000 --> 00:05:43.000]  好像又是讲敌人
[00:05:43.000 --> 00:05:45.000]  又是讲求神请救
[00:05:45.000 --> 00:05:47.000]  今天我们来看看
[00:05:47.000 --> 00:05:50.000]  诗篇可以怎么读
[00:05:50.000 --> 00:05:54.000]  诗篇其实150篇
[00:05:54.000 --> 00:05:57.000]  都有分五卷
[00:05:57.000 --> 00:06:00.000]  如果你打开中文圣经和合本
[00:06:00.000 --> 00:06:03.000]  打开诗篇42篇
[00:06:03.000 --> 00:06:06.000]  你就会发觉在42篇之前
[00:06:06.000 --> 00:06:09.000]  就写着诗篇卷二
[00:06:09.000 --> 00:06:13.000]  那就是诗篇卷一
[00:06:13.000 --> 00:06:16.000]  就是由第一篇到41篇
[00:06:16.000 --> 00:06:18.000]  如此类推
[00:06:18.000 --> 00:06:22.000]  42到72是诗篇卷二
[00:06:22.000 --> 00:06:24.000]  在73篇之前
[00:06:24.000 --> 00:06:27.000]  你会看到诗篇卷三
[00:06:27.000 --> 00:06:29.000]  这四个字写着
[00:06:29.000 --> 00:06:31.000]  73到89
[00:06:31.000 --> 00:06:34.000]  第卷四是90到106
[00:06:34.000 --> 00:06:38.000]  卷五是107到150
[00:06:38.000 --> 00:06:40.000]  不是平均分的
[00:06:40.000 --> 00:06:43.000]  你留意到第一卷有41篇诗篇
[00:06:43.000 --> 00:06:46.000]  但中间最短的卷是卷三
[00:06:46.000 --> 00:06:48.000]  73到89
[00:06:48.000 --> 00:06:53.000]  那是很短的十几篇诗篇
[00:06:53.000 --> 00:06:57.000]  这些分卷有学者认为
[00:06:57.000 --> 00:07:01.000]  是相对于摩西的五经
[00:07:01.000 --> 00:07:06.000]  五本摩西的律法书
[00:07:06.000 --> 00:07:09.000]  五本大魏的诗篇
[00:07:09.000 --> 00:07:12.000]  不过我们没有什么证据
[00:07:12.000 --> 00:07:15.000]  为什么没有五本所罗门的真言呢
[00:07:15.000 --> 00:07:18.000]  诗歌智慧书能不能数出五本呢
[00:07:18.000 --> 00:07:20.000]  除了诗篇之外我们数不到
[00:07:20.000 --> 00:07:22.000]  所以这是一个推测
[00:07:22.000 --> 00:07:26.000]  不过这个分卷提醒了我们一件事
[00:07:26.000 --> 00:07:30.000]  就是在头四卷结束的时候
[00:07:30.000 --> 00:07:34.000]  其实都会有一个总结
[00:07:34.000 --> 00:07:38.000]  那个总结不是那篇诗的一部分
[00:07:38.000 --> 00:07:42.000]  举例41篇13节
[00:07:42.000 --> 00:07:45.000]  不是41篇的一部分
[00:07:45.000 --> 00:07:48.000]  41篇是完在12节
[00:07:48.000 --> 00:07:53.000]  13节耶和华以说你的神是应当称重的
[00:07:53.000 --> 00:07:55.000]  从耿古直到永远
[00:07:55.000 --> 00:07:57.000]  阿门阿门
[00:07:57.000 --> 00:08:03.000]  这句话这一节经文是总结卷一
[00:08:03.000 --> 00:08:06.000]  不是总结41篇
[00:08:06.000 --> 00:08:09.000]  同样72篇
[00:08:09.000 --> 00:08:13.000]  72篇18、19、20节
[00:08:13.000 --> 00:08:18.000]  三节都不是72篇的一部分
[00:08:18.000 --> 00:08:21.000]  72篇这一篇诗是说什么呢
[00:08:21.000 --> 00:08:23.000]  是说王的儿子
[00:08:23.000 --> 00:08:24.000]  第一节
[00:08:24.000 --> 00:08:28.000]  神求你将判断的权并赐给王
[00:08:28.000 --> 00:08:32.000]  将公义赐给王的儿子
[00:08:32.000 --> 00:08:34.000]  这是主角
[00:08:34.000 --> 00:08:38.000]  所以在72篇里面他不是上帝
[00:08:38.000 --> 00:08:41.000]  虽然有时你好像认为他像上帝一样
[00:08:41.000 --> 00:08:44.000]  他要执掌权并第八节
[00:08:44.000 --> 00:08:47.000]  13节他要连戍贫寒穷乏人
[00:08:47.000 --> 00:08:50.000]  拯救穷乏苦人的性命
[00:08:50.000 --> 00:08:54.000]  14节他要救赎他们脱离欺压和强暴
[00:08:54.000 --> 00:08:56.000]  这个不是说耶和华上帝
[00:08:56.000 --> 00:08:58.000]  这个是说王的儿子
[00:08:58.000 --> 00:09:02.000]  所以到第18节突然主角转了
[00:09:02.000 --> 00:09:08.000]  独行其事的耶和华以说你的神是应当称重的
[00:09:08.000 --> 00:09:12.000]  但是首诗已经在17节完了
[00:09:12.000 --> 00:09:16.000]  17节他的名要传到永远是说王的名
[00:09:16.000 --> 00:09:18.000]  人要因祂蒙福
[00:09:18.000 --> 00:09:21.000]  万国要称他有福
[00:09:21.000 --> 00:09:22.000]  都是说王的
[00:09:22.000 --> 00:09:23.000]  完了
[00:09:23.000 --> 00:09:27.000]  18节独行其事的耶和华以说你的神
[00:09:27.000 --> 00:09:28.000]  这几句话
[00:09:28.000 --> 00:09:29.000]  到20节
[00:09:29.000 --> 00:09:33.000]  耶稣的儿子大卫的祈祷完笔
[00:09:33.000 --> 00:09:37.000]  是诗篇卷二的总结
[00:09:37.000 --> 00:09:38.000]  如此类推
[00:09:38.000 --> 00:09:39.000]  如果你有兴趣
[00:09:39.000 --> 00:09:42.000]  你打开诗篇第89篇
[00:09:42.000 --> 00:09:46.000]  你可以决定是由哪里开始
[00:09:46.000 --> 00:09:48.000]  这里难一点
[00:09:48.000 --> 00:09:49.000]  留给你做功课
[00:09:49.000 --> 00:09:52.000]  你决定89篇去到哪里结束
[00:09:52.000 --> 00:09:53.000]  在哪里开始
[00:09:53.000 --> 00:09:56.000]  那句话是卷三的总结
[00:09:56.000 --> 00:09:58.000]  卷五就没有总结
[00:09:58.000 --> 00:10:00.000]  150篇没有特别的总结
[00:10:00.000 --> 00:10:03.000]  有人说150篇本身就是总结
[00:10:03.000 --> 00:10:04.000]  不过这也是推测而已
[00:10:04.000 --> 00:10:08.000]  因为最后卷五个多篇诗篇
[00:10:08.000 --> 00:10:10.000]  可以叫做Hallelujah诗篇
[00:10:10.000 --> 00:10:12.000]  Hallelujah这个希伯来文你都知道
[00:10:12.000 --> 00:10:16.000]  你们要赞美上主
[00:10:16.000 --> 00:10:24.000]  这几首诗篇都是以赞美上主开始做结束
[00:10:24.000 --> 00:10:28.000]  所以我们从这个分卷入手
[00:10:28.000 --> 00:10:33.000]  我们发觉对于了解诗篇的帮助不是很大
[00:10:33.000 --> 00:10:36.000]  只不过是帮助我们不要胡乱将一些
[00:10:36.000 --> 00:10:39.000]  不属于某一首诗篇的最后几节
[00:10:39.000 --> 00:10:43.000]  分出来解释的时候归位很多
[00:10:43.000 --> 00:10:47.000]  另外一个我们觉得有帮助的地方
[00:10:47.000 --> 00:10:50.000]  就是诗篇的标题
[00:10:50.000 --> 00:10:54.000]  和合本中文译本是用细字印出来的
[00:10:54.000 --> 00:11:00.000]  譬如你打开诗篇23篇
[00:11:00.000 --> 00:11:04.000]  大卫的诗是用细字印出来的
[00:11:04.000 --> 00:11:06.000]  夜和华是我的目者
[00:11:06.000 --> 00:11:10.000]  这样才是正常字体的大小
[00:11:10.000 --> 00:11:15.000]  如果你翻阅新的中文译本
[00:11:15.000 --> 00:11:17.000]  好像现代中文译本
[00:11:17.000 --> 00:11:19.000]  都是圣经公会出的插图的
[00:11:19.000 --> 00:11:22.000]  有些线条画很现代的
[00:11:22.000 --> 00:11:25.000]  现代中文译本有些很现代的画
[00:11:25.000 --> 00:11:33.000]  那本翻译所有诗篇的标题都消失了
[00:11:33.000 --> 00:11:35.000]  都没有翻译
[00:11:35.000 --> 00:11:38.000]  翻译的立场就是
[00:11:38.000 --> 00:11:45.000]  这些标题并非这首诗原本经文的一部分
[00:11:45.000 --> 00:11:47.000]  是后来加上去的
[00:11:47.000 --> 00:11:50.000]  好像和合本其实每一首诗
[00:11:50.000 --> 00:11:53.000]  或者每一段都加了一些标题
[00:11:53.000 --> 00:11:56.000]  刚才我们说诗篇23篇
[00:11:56.000 --> 00:11:58.000]  除了大卫的诗之外
[00:11:58.000 --> 00:12:01.000]  中文和合本在前面用黑体字
[00:12:01.000 --> 00:12:05.000]  印了夜和华为目者的六个字
[00:12:05.000 --> 00:12:07.000]  这六个字不是经文的一部分
[00:12:07.000 --> 00:12:10.000]  整本和合本都印满了这些标题
[00:12:10.000 --> 00:12:13.000]  所以这些标题没有性灵感动
[00:12:13.000 --> 00:12:17.000]  不是原本的默示的一部分
[00:12:17.000 --> 00:12:19.000]  所以现代中文译本就认为
[00:12:19.000 --> 00:12:22.000]  这些诗篇的标题不是经文的一部分
[00:12:22.000 --> 00:12:25.000]  这个决定颇有疑问
[00:12:25.000 --> 00:12:29.000]  我们从抄本里面没办法判断
[00:12:29.000 --> 00:12:32.000]  往往我们要从那首诗的结构
[00:12:32.000 --> 00:12:34.000]  我们才可以做一个决定
[00:12:34.000 --> 00:12:36.000]  这个是比较复杂的后话
[00:12:36.000 --> 00:12:39.000]  在这里我想简单看一看
[00:12:39.000 --> 00:12:44.000]  这些诗篇的标题到底有多大的帮助呢
[00:12:44.000 --> 00:12:49.000]  如果你有时间你可以打开诗篇14篇
[00:12:49.000 --> 00:12:54.000]  和53篇做一个比较
[00:12:54.000 --> 00:12:56.000]  诗篇14篇
[00:12:56.000 --> 00:13:00.000]  第一节:愚顽人心里说没有神
[00:13:00.000 --> 00:13:02.000]  他们都是邪恶
[00:13:02.000 --> 00:13:04.000]  行了可憎惡的事
[00:13:04.000 --> 00:13:07.000]  没有一个人行善
[00:13:07.000 --> 00:13:09.000]  53篇话
[00:13:09.000 --> 00:13:12.000]  第一节:愚顽人心里说没有神
[00:13:12.000 --> 00:13:14.000]  他们都是邪恶
[00:13:14.000 --> 00:13:16.000]  行了可憎惡的事
[00:13:16.000 --> 00:13:19.000]  没有一个人行善
[00:13:19.000 --> 00:13:23.000]  除了罪孽的改动之外
[00:13:23.000 --> 00:13:25.000]  完全一样
[00:13:25.000 --> 00:13:27.000]  你再读下去
[00:13:27.000 --> 00:13:30.000]  这两首诗篇几乎完全一样
[00:13:30.000 --> 00:13:33.000]  改动的是很细微的地方
[00:13:33.000 --> 00:13:38.000]  第二节:耶和华从天上谁看世人
[00:13:38.000 --> 00:13:43.000]  53篇第二节:神从天上谁看世人
[00:13:43.000 --> 00:13:46.000]  有时间可以做一个比较
[00:13:46.000 --> 00:13:48.000]  将两篇诗一起读
[00:13:48.000 --> 00:13:50.000]  你叫旁边的人读14篇
[00:13:50.000 --> 00:13:52.000]  你自己读53篇
[00:13:52.000 --> 00:13:54.000]  你就可以比较出入
[00:13:54.000 --> 00:13:56.000]  是很微细的出入
[00:13:56.000 --> 00:14:00.000]  微细的出入表示这两篇诗原本是一篇
[00:14:00.000 --> 00:14:03.000]  不过在不同的诗集出现
[00:14:03.000 --> 00:14:05.000]  14篇出现在卷一
[00:14:05.000 --> 00:14:07.000]  53篇出现在卷二
[00:14:07.000 --> 00:14:09.000]  14篇用耶和华
[00:14:09.000 --> 00:14:11.000]  53篇用神
[00:14:11.000 --> 00:14:14.000]  这些分别有不同的传统
[00:14:14.000 --> 00:14:16.000]  不同的保存的诗集
[00:14:16.000 --> 00:14:18.000]  原本是一篇诗
[00:14:18.000 --> 00:14:22.000]  有兴趣的就是标题都有不同
[00:14:22.000 --> 00:14:25.000]  14篇是大卫的诗交与灵长
[00:14:25.000 --> 00:14:29.000]  53篇是大卫的训练诗交与灵长
[00:14:29.000 --> 00:14:32.000]  调用马哈拉
[00:14:32.000 --> 00:14:42.000]  同一篇诗成诗之后都可以有增加有减少
[00:14:42.000 --> 00:14:44.000]  标题如是
[00:14:44.000 --> 00:14:47.000]  内文亦如是
[00:14:47.000 --> 00:14:49.000]  不是说定了之后
[00:14:49.000 --> 00:14:52.000]  写好了就不准增加一个字
[00:14:52.000 --> 00:14:53.000]  减一个字
[00:14:53.000 --> 00:14:55.000]  生命册上的名字除了它
[00:14:55.000 --> 00:14:57.000]  随便增减
[00:14:57.000 --> 00:14:59.000]  14篇和53篇是很好的例子
[00:14:59.000 --> 00:15:02.000]  标题如是内文亦如是
[00:15:02.000 --> 00:15:06.000]  如果我们有机会参考希腊文
[00:15:06.000 --> 00:15:09.000]  七十事译本的诗篇
[00:15:09.000 --> 00:15:13.000]  我们发觉连公元前第三世纪
[00:15:13.000 --> 00:15:17.000]  这群犹太人翻译圣经的学者
[00:15:17.000 --> 00:15:19.000]  对于诗篇的标题
[00:15:19.000 --> 00:15:22.000]  有时都咬着头
[00:15:22.000 --> 00:15:24.000]  不知道怎么翻译
[00:15:24.000 --> 00:15:28.000]  当然这牵扯到我们要读希腊文的版本
[00:15:28.000 --> 00:15:30.000]  我们中文圣经就看不到
[00:15:30.000 --> 00:15:33.000]  事实就是这些标题里
[00:15:33.000 --> 00:15:37.000]  有很多我们不清楚的地方
[00:15:37.000 --> 00:15:40.000]  譬如我们认为最清楚的
[00:15:40.000 --> 00:15:42.000]  大卫的诗
[00:15:42.000 --> 00:15:44.000]  够清楚了吧
[00:15:44.000 --> 00:15:46.000]  说明是大卫的诗
[00:15:46.000 --> 00:15:47.000]  大卫写的诗
[00:15:47.000 --> 00:15:50.000]  诗篇23篇大卫的诗
[00:15:50.000 --> 00:15:52.000]  麻烦在什么地方呢
[00:15:52.000 --> 00:15:53.000]  第一
[00:15:53.000 --> 00:15:57.000]  诗篇25篇到28篇
[00:15:57.000 --> 00:15:59.000]  5,6,7,8,4篇的诗
[00:15:59.000 --> 00:16:02.000]  希伯来文其实没有诗的字
[00:16:02.000 --> 00:16:04.000]  就这样大卫的
[00:16:04.000 --> 00:16:07.000]  中文是夹着诗字
[00:16:07.000 --> 00:16:09.000]  当它有
[00:16:09.000 --> 00:16:11.000]  第二个麻烦
[00:16:11.000 --> 00:16:17.000]  在希伯来文的诗篇
[00:16:17.000 --> 00:16:21.000]  大卫的这个标题出现了73次
[00:16:21.000 --> 00:16:26.000]  有73首诗归入大卫的诗
[00:16:26.000 --> 00:16:28.000]  希腊文的翻译本
[00:16:28.000 --> 00:16:30.000]  87首
[00:16:30.000 --> 00:16:34.000]  比希伯来文多了14首
[00:16:34.000 --> 00:16:36.000]  然后如果你参考
[00:16:36.000 --> 00:16:39.000]  犹太拉比的《诗经集》
[00:16:39.000 --> 00:16:42.000]  150首都是大卫的诗
[00:16:42.000 --> 00:16:45.000]  传统在运作中
[00:16:45.000 --> 00:16:47.000]  可见这个不是一个
[00:16:47.000 --> 00:16:50.000]  写作的时候由作者签名
[00:16:50.000 --> 00:16:53.000]  好像签一张信用卡的账单
[00:16:53.000 --> 00:16:54.000]  没有人可以冒认
[00:16:54.000 --> 00:16:56.000]  这个完全不是那回事
[00:16:56.000 --> 00:16:58.000]  这个是一个传统
[00:16:58.000 --> 00:17:01.000]  律法诫命归于摩西
[00:17:01.000 --> 00:17:03.000]  诗篇归于大卫
[00:17:03.000 --> 00:17:07.000]  针研智慧的说话归于所罗门
[00:17:07.000 --> 00:17:10.000]  这个传统是活的传统
[00:17:10.000 --> 00:17:12.000]  不是一个死的传统
[00:17:12.000 --> 00:17:16.000]  另外不止第二
[00:17:16.000 --> 00:17:17.000]  我刚才说了两样东西
[00:17:17.000 --> 00:17:18.000]  第三
[00:17:18.000 --> 00:17:22.000]  大卫的前置词
[00:17:22.000 --> 00:17:23.000]  希伯来文的前置词
[00:17:23.000 --> 00:17:26.000]  最少可以有四五种解释
[00:17:26.000 --> 00:17:29.000]  可以是属于大卫的
[00:17:29.000 --> 00:17:31.000]  可以是为大卫的
[00:17:31.000 --> 00:17:35.000]  可以是他所收集的
[00:17:35.000 --> 00:17:38.000]  又可以说是他所写作的
[00:17:38.000 --> 00:17:41.000]  又可以是有关于他的
[00:17:41.000 --> 00:17:43.000]  这些在翻译出来的时候
[00:17:43.000 --> 00:17:45.000]  是完全不同意思
[00:17:45.000 --> 00:17:46.000]  但在希伯来文
[00:17:46.000 --> 00:17:48.000]  就是一个很简单的前置词
[00:17:48.000 --> 00:17:54.000]  最基本的文法
[00:17:54.000 --> 00:17:57.000]  四五个解释
[00:17:57.000 --> 00:17:59.000]  所以你可以说是大卫作的诗
[00:17:59.000 --> 00:18:02.000]  你可以说是献给大卫的诗
[00:18:02.000 --> 00:18:04.000]  你可以说是为他而写的
[00:18:04.000 --> 00:18:07.000]  你可以说是有关于他的
[00:18:07.000 --> 00:18:10.000]  还有大卫这个名字
[00:18:10.000 --> 00:18:11.000]  有某些诗
[00:18:11.000 --> 00:18:14.000]  很明显不是指大卫这个人
[00:18:14.000 --> 00:18:18.000]  而是指大卫王这个王朝
[00:18:18.000 --> 00:18:21.000]  或者我们通常比较熟悉的大卫家
[00:18:21.000 --> 00:18:24.000]  大卫的子孙
[00:18:24.000 --> 00:18:27.000]  这个是南国犹大的王室
[00:18:27.000 --> 00:18:29.000]  所用的诗歌
[00:18:29.000 --> 00:18:33.000]  更加比如说诗篇二十篇
[00:18:33.000 --> 00:18:35.000]  二十一篇
[00:18:35.000 --> 00:18:38.000]  很明显不是大卫写的
[00:18:38.000 --> 00:18:41.000]  反而是为他而写的
[00:18:41.000 --> 00:18:43.000]  就像很多
[00:18:43.000 --> 00:18:46.000]  所以就算最简单的一个标题
[00:18:46.000 --> 00:18:49.000]  在希伯来文去讨论的时候
[00:18:49.000 --> 00:18:52.000]  都不像翻译这么简单
[00:18:52.000 --> 00:18:55.000]  原因是因为翻译就必须先做决定
[00:18:55.000 --> 00:19:00.000]  你不可以滑滑滑作
[00:19:00.000 --> 00:19:01.000]  不可以的
[00:19:01.000 --> 00:19:03.000]  你翻译出来读圣经
[00:19:03.000 --> 00:19:04.000]  大卫的诗
[00:19:04.000 --> 00:19:05.000]  或作为大卫写的诗
[00:19:05.000 --> 00:19:07.000]  或作为大卫收集的诗
[00:19:07.000 --> 00:19:09.000]  混乱
[00:19:09.000 --> 00:19:11.000]  所以你一定要先做决定
[00:19:11.000 --> 00:19:14.000]  你如何解释这个标题
[00:19:14.000 --> 00:19:17.000]  然后你去翻译这句话
[00:19:17.000 --> 00:19:20.000]  翻译已经是一个解释
[00:19:20.000 --> 00:19:22.000]  所以读译本我们很幸福
[00:19:22.000 --> 00:19:24.000]  有人和我们做了这些功夫
[00:19:24.000 --> 00:19:26.000]  不过又不是很幸福
[00:19:26.000 --> 00:19:31.000]  我们看不到原本问题的复杂性
[00:19:31.000 --> 00:19:35.000]  在诗篇里不仅有大卫的名字出现
[00:19:35.000 --> 00:19:37.000]  在标题当中有提到所罗门
[00:19:37.000 --> 00:19:38.000]  有提到摩西
[00:19:38.000 --> 00:19:40.000]  有提到耶稣顿
[00:19:40.000 --> 00:19:41.000]  有提到阿撒
[00:19:41.000 --> 00:19:43.000]  有提到可拉的后裔
[00:19:43.000 --> 00:19:46.000]  也有提到一些我们不太熟悉的名字
[00:19:46.000 --> 00:19:48.000]  希曼以探
[00:19:48.000 --> 00:19:50.000]  这些人物是谁呢?
[00:19:50.000 --> 00:19:51.000]  我们不一定知道
[00:19:51.000 --> 00:19:53.000]  我们不一定知道
[00:19:53.000 --> 00:19:57.000]  不过都知道和圣殿的敬拜有关
[00:19:57.000 --> 00:19:59.000]  所以很少的资料
[00:19:59.000 --> 00:20:03.000]  我们不一定有准确的掌握
[00:20:03.000 --> 00:20:05.000]  关于作者是谁
[00:20:05.000 --> 00:20:07.000]  这个大卫的
[00:20:07.000 --> 00:20:09.000]  不一定是作者的签名
[00:20:09.000 --> 00:20:13.000]  第二类的标题除了人名之外
[00:20:13.000 --> 00:20:16.000]  就是关于事迹的
[00:20:16.000 --> 00:20:19.000]  有13首的诗篇标题
[00:20:19.000 --> 00:20:24.000]  将诗的内容和大卫生平
[00:20:24.000 --> 00:20:26.000]  想将它连在一起
[00:20:26.000 --> 00:20:31.000]  如果你买了一本中文的串珠本圣经
[00:20:31.000 --> 00:20:33.000]  知不知道什么叫串珠圣经
[00:20:33.000 --> 00:20:36.000]  它就会将那些出串
[00:20:36.000 --> 00:20:39.000]  就会告诉你诗篇的标题
[00:20:39.000 --> 00:20:42.000]  是萨姆尔记上第几章第几节
[00:20:42.000 --> 00:20:44.000]  它会串出来
[00:20:44.000 --> 00:20:48.000]  只有两篇诗的标题串不出来
[00:20:48.000 --> 00:20:52.000]  就是诗篇第七篇和诗篇第五十六篇
[00:20:52.000 --> 00:20:53.000]  你发现那里
[00:20:53.000 --> 00:20:55.000]  我们不知道那件事在哪里发生
[00:20:55.000 --> 00:20:57.000]  在萨姆尔记找不到
[00:20:57.000 --> 00:20:58.000]  历代字找不到
[00:20:58.000 --> 00:21:01.000]  但其余11首诗篇的标题
[00:21:01.000 --> 00:21:04.000]  都会发现在萨姆尔记或历代字
[00:21:04.000 --> 00:21:06.000]  有记载
[00:21:06.000 --> 00:21:09.000]  这些历史的标题
[00:21:09.000 --> 00:21:14.000]  究竟是原本作者标下去
[00:21:14.000 --> 00:21:21.000]  还是读圣经的人的笔记解释
[00:21:21.000 --> 00:21:23.000]  今天就无可稽考了
[00:21:23.000 --> 00:21:25.000]  如果是作者自己写下去
[00:21:25.000 --> 00:21:27.000]  就差很远了
[00:21:27.000 --> 00:21:29.000]  这是为那件事写的
[00:21:29.000 --> 00:21:30.000]  好像CP51篇
[00:21:30.000 --> 00:21:33.000]  这是大卫犯罪之后
[00:21:33.000 --> 00:21:35.000]  他写的一首懺悔诗
[00:21:35.000 --> 00:21:38.000]  还是这首诗流传了很久
[00:21:38.000 --> 00:21:39.000]  在犹太人当中
[00:21:39.000 --> 00:21:41.000]  有拉比读完这首诗的时候
[00:21:41.000 --> 00:21:44.000]  觉得这首诗用在大卫这件事上
[00:21:44.000 --> 00:21:45.000]  就真的很合适
[00:21:45.000 --> 00:21:47.000]  是一个读经心得
[00:21:47.000 --> 00:21:49.000]  我们不得而知
[00:21:49.000 --> 00:21:52.000]  第三类的标题
[00:21:52.000 --> 00:21:55.000]  就更加技术性很多
[00:21:55.000 --> 00:21:57.000]  这类的标题
[00:21:57.000 --> 00:22:00.000]  和那首诗的体裁有关
[00:22:00.000 --> 00:22:04.000]  好像标明是圣诗
[00:22:04.000 --> 00:22:09.000]  或者标明是一首歌
[00:22:09.000 --> 00:22:11.000]  歌谣文歌
[00:22:11.000 --> 00:22:14.000]  不一定是宗教性很重的
[00:22:14.000 --> 00:22:20.000]  这些是比较技术性的标题
[00:22:20.000 --> 00:22:23.000]  除了歌除了诗之外
[00:22:23.000 --> 00:22:25.000]  还有祈祷
[00:22:25.000 --> 00:22:30.000]  还有中文翻译为金丝黄金的金
[00:22:30.000 --> 00:22:34.000]  愤悔诗流离歌
[00:22:34.000 --> 00:22:36.000]  这些名字很漂亮
[00:22:36.000 --> 00:22:38.000]  但这些全部是靠猜测的
[00:22:38.000 --> 00:22:44.000]  犹太学者今天翻译成英文的时候
[00:22:44.000 --> 00:22:46.000]  他们都不敢翻译意思
[00:22:46.000 --> 00:22:48.000]  只敢翻译音
[00:22:48.000 --> 00:22:51.000]  所以中文这个翻译是很大胆的
[00:22:51.000 --> 00:22:52.000]  只是推测
[00:22:52.000 --> 00:22:54.000]  完全没有根据
[00:22:54.000 --> 00:22:58.000]  第四类的标题和礼仪有关
[00:22:58.000 --> 00:23:00.000]  譬如诗篇100篇
[00:23:00.000 --> 00:23:05.000]  为清者而作的一首诗
[00:23:05.000 --> 00:23:06.000]  是感恩的
[00:23:06.000 --> 00:23:10.000]  看看这本标题是怎么写的
[00:23:10.000 --> 00:23:12.000]  清者诗
[00:23:12.000 --> 00:23:15.000]  其实原本是两个标题
[00:23:15.000 --> 00:23:20.000]  圣诗为清者
[00:23:20.000 --> 00:23:24.000]  诗篇第92篇为安息日
[00:23:24.000 --> 00:23:28.000]  诗篇第70篇为纪念
[00:23:28.000 --> 00:23:31.000]  诗篇第88篇有个译音
[00:23:31.000 --> 00:23:33.000]  中文圣经这次审慎
[00:23:33.000 --> 00:23:35.000]  译的音叫利暗我
[00:23:35.000 --> 00:23:38.000]  利暗我可以译一个意思出来
[00:23:38.000 --> 00:23:40.000]  为刻苦
[00:23:40.000 --> 00:23:43.000]  是不是属罪日用的呢
[00:23:43.000 --> 00:23:45.000]  诗篇60篇为学习
[00:23:45.000 --> 00:23:49.000]  诗篇18篇为耶和华的僕人
[00:23:49.000 --> 00:23:53.000]  是不是君王感恩礼仪所用的诗呢
[00:23:53.000 --> 00:23:58.000]  这些标题可能与敬拜的仪式有关
[00:23:58.000 --> 00:24:00.000]  独立的字句
[00:24:00.000 --> 00:24:02.000]  和合本往往串在一起
[00:24:02.000 --> 00:24:04.000]  写成一句话
[00:24:04.000 --> 00:24:07.000]  原本诗篇的标题是很独立的
[00:24:07.000 --> 00:24:09.000]  一个个字独立出来的
[00:24:09.000 --> 00:24:12.000]  最后第五类的标题
[00:24:12.000 --> 00:24:16.000]  就是与音乐有关的标题
[00:24:16.000 --> 00:24:20.000]  大卫的诗交语铃掌
[00:24:20.000 --> 00:24:23.000]  调用百合花
[00:24:23.000 --> 00:24:25.000]  很美的标题
[00:24:25.000 --> 00:24:28.000]  大卫的诗交语铃掌
[00:24:28.000 --> 00:24:30.000]  调用女音
[00:24:30.000 --> 00:24:32.000]  Soprano唱的
[00:24:32.000 --> 00:24:35.000]  这些都是猜的
[00:24:35.000 --> 00:24:37.000]  原本的意思是什么呢
[00:24:37.000 --> 00:24:39.000]  我们连交语铃掌
[00:24:39.000 --> 00:24:41.000]  翻译得那么清楚的四个字
[00:24:41.000 --> 00:24:43.000]  都不知道是什么意思
[00:24:43.000 --> 00:24:46.000]  这个希伯来文
[00:24:46.000 --> 00:24:50.000]  这个名词只是一个
[00:24:50.000 --> 00:24:52.000]  一个突出
[00:24:52.000 --> 00:24:55.000]  一个领导者
[00:24:55.000 --> 00:24:59.000]  这个领导者照和合本就是铃掌
[00:24:59.000 --> 00:25:01.000]  铃就是唱歌的人
[00:25:01.000 --> 00:25:03.000]  所以新译本就将他
[00:25:03.000 --> 00:25:06.000]  现代化就交于诗班掌
[00:25:06.000 --> 00:25:07.000]  那你就知道了
[00:25:07.000 --> 00:25:10.000]  可以是图书馆馆长
[00:25:10.000 --> 00:25:13.000]  可以是主席
[00:25:13.000 --> 00:25:17.000]  甚至可以是皇帝
[00:25:17.000 --> 00:25:20.000]  这个文字代表什么呢
[00:25:20.000 --> 00:25:22.000]  我们无从稽考
[00:25:22.000 --> 00:25:25.000]  很多乐器的名字
[00:25:25.000 --> 00:25:29.000]  其实是来自拉比的解释
[00:25:29.000 --> 00:25:31.000]  阿兰文的译本
[00:25:31.000 --> 00:25:33.000]  二译本
[00:25:33.000 --> 00:25:35.000]  就不是来自希伯来文
[00:25:35.000 --> 00:25:37.000]  本身的字
[00:25:37.000 --> 00:25:39.000]  我们能够知道的
[00:25:39.000 --> 00:25:41.000]  等下我们会看第八篇
[00:25:41.000 --> 00:25:42.000]  第八篇的标题里面
[00:25:42.000 --> 00:25:44.000]  有个安加特的
[00:25:44.000 --> 00:25:46.000]  这个加特是什么呢
[00:25:46.000 --> 00:25:49.000]  拉比就解为加特的乐器
[00:25:49.000 --> 00:25:50.000]  加特是一个地方名
[00:25:50.000 --> 00:25:52.000]  但是原文希伯来文
[00:25:52.000 --> 00:25:53.000]  没有乐器这个名字
[00:25:53.000 --> 00:25:54.000]  没有这个字
[00:25:54.000 --> 00:25:55.000]  安加特
[00:25:55.000 --> 00:25:57.000]  可以是安加特的风俗
[00:25:57.000 --> 00:25:58.000]  可不可以呢
[00:25:58.000 --> 00:26:00.000]  安加特的特殊的
[00:26:00.000 --> 00:26:02.000]  所谓好通scale
[00:26:02.000 --> 00:26:03.000]  可不可以呢
[00:26:03.000 --> 00:26:04.000]  我们不知道的
[00:26:04.000 --> 00:26:06.000]  更加刚才我们提过
[00:26:06.000 --> 00:26:07.000]  调用
[00:26:07.000 --> 00:26:10.000]  无声远方甲
[00:26:10.000 --> 00:26:14.000]  好像菜脯的名字
[00:26:14.000 --> 00:26:17.000]  百合花
[00:26:17.000 --> 00:26:19.000]  朝绿
[00:26:19.000 --> 00:26:21.000]  很多很漂亮的名字
[00:26:21.000 --> 00:26:23.000]  但我们完全不知道
[00:26:23.000 --> 00:26:25.000]  它本来是什么意思
[00:26:25.000 --> 00:26:27.000]  中文也有类似的情况
[00:26:27.000 --> 00:26:29.000]  如果你对原曲
[00:26:29.000 --> 00:26:31.000]  有些了解的话
[00:26:31.000 --> 00:26:32.000]  你对宋词
[00:26:32.000 --> 00:26:34.000]  有些研究涉猎的话
[00:26:34.000 --> 00:26:37.000]  很多词牌 曲牌
[00:26:37.000 --> 00:26:39.000]  菩萨蛮
[00:26:39.000 --> 00:26:41.000]  芙蓉花
[00:26:41.000 --> 00:26:42.000]  端正好
[00:26:42.000 --> 00:26:44.000]  全部都没有意思
[00:26:44.000 --> 00:26:45.000]  没得解释
[00:26:45.000 --> 00:26:46.000]  和那首诗没得解释
[00:26:46.000 --> 00:26:48.000]  它是一个格律
[00:26:48.000 --> 00:26:50.000]  一个牌
[00:26:50.000 --> 00:26:52.000]  一个格式
[00:26:52.000 --> 00:26:54.000]  所以说完这么多
[00:26:54.000 --> 00:26:56.000]  其实等于没说
[00:26:56.000 --> 00:26:58.000]  对诗篇标题
[00:26:58.000 --> 00:26:59.000]  我们知道多少呢
[00:26:59.000 --> 00:27:01.000]  越知道的学者
[00:27:01.000 --> 00:27:02.000]  就越发觉不知道
[00:27:02.000 --> 00:27:04.000]  要了解诗篇
[00:27:04.000 --> 00:27:06.000]  或者现代中文译本
[00:27:06.000 --> 00:27:07.000]  所做的决定都没错
[00:27:07.000 --> 00:27:09.000]  索性不要看标题
[00:27:09.000 --> 00:27:11.000]  不看标题还没那么混练
[00:27:11.000 --> 00:27:13.000]  没什么损失
[00:27:13.000 --> 00:27:16.000]  学者对诗篇的研究
[00:27:16.000 --> 00:27:18.000]  就比较集中在
[00:27:18.000 --> 00:27:20.000]  它的类别那里
[00:27:20.000 --> 00:27:22.000]  这个对我们有点帮助
[00:27:22.000 --> 00:27:23.000]  不过我们要记得
[00:27:23.000 --> 00:27:24.000]  这个分类不是诗篇
[00:27:24.000 --> 00:27:26.000]  本身的分类
[00:27:26.000 --> 00:27:27.000]  这个分类是
[00:27:27.000 --> 00:27:29.000]  后来的学者的分类
[00:27:29.000 --> 00:27:31.000]  大致上可以分开
[00:27:31.000 --> 00:27:33.000]  有下面这五类
[00:27:33.000 --> 00:27:35.000]  但不止的
[00:27:35.000 --> 00:27:36.000]  这些分类
[00:27:36.000 --> 00:27:38.000]  有时是硬来的
[00:27:38.000 --> 00:27:40.000]  是后人的分类
[00:27:40.000 --> 00:27:42.000]  不是他原本的时候的分类
[00:27:42.000 --> 00:27:45.000]  第一 祈祷诗
[00:27:45.000 --> 00:27:47.000]  整首诗是一个祈祷
[00:27:47.000 --> 00:27:50.000]  是对上帝说话的
[00:27:50.000 --> 00:27:53.000]  第二 重赞诗
[00:27:53.000 --> 00:27:55.000]  整首诗很清楚
[00:27:55.000 --> 00:27:57.000]  是感恩 是赞美
[00:27:57.000 --> 00:28:01.000]  轻重 不是求 是赞美
[00:28:01.000 --> 00:28:04.000]  今天我们在崇拜里面的
[00:28:04.000 --> 00:28:06.000]  祈祷分不了这两样东西
[00:28:06.000 --> 00:28:07.000]  有时在穆会
[00:28:07.000 --> 00:28:09.000]  我请弟兄姊妹做主席
[00:28:09.000 --> 00:28:10.000]  你第一个祈祷
[00:28:10.000 --> 00:28:11.000]  不要那么快求
[00:28:11.000 --> 00:28:13.000]  你感恩多些 赞美
[00:28:13.000 --> 00:28:14.000]  没有东西说
[00:28:14.000 --> 00:28:17.000]  第三个 求主帮助我们买堂成功
[00:28:17.000 --> 00:28:19.000]  祈求我们很多东西说
[00:28:19.000 --> 00:28:22.000]  赞美 重赞诗
[00:28:22.000 --> 00:28:23.000]  其实不少的
[00:28:23.000 --> 00:28:25.000]  在诗篇里面很多的
[00:28:25.000 --> 00:28:28.000]  我们一会儿都会看其中一首
[00:28:28.000 --> 00:28:31.000]  第三类 愤悔诗
[00:28:31.000 --> 00:28:34.000]  这个就和智慧的传统有关
[00:28:34.000 --> 00:28:37.000]  下一堂我们会看智慧文学
[00:28:37.000 --> 00:28:40.000]  这个有时候叫做一些
[00:28:40.000 --> 00:28:43.000]  比较要思想性重一点的
[00:28:43.000 --> 00:28:46.000]  有推敲的味道在里面
[00:28:46.000 --> 00:28:49.000]  恶人为什么会大德亨通
[00:28:49.000 --> 00:28:52.000]  异人反而会受苦呢
[00:28:52.000 --> 00:28:54.000]  一首诗提出这个问题
[00:28:54.000 --> 00:28:57.000]  这是智慧诗 愤悔诗
[00:28:57.000 --> 00:29:00.000]  第四 君王诗
[00:29:00.000 --> 00:29:05.000]  很多首诗篇是在大魏王朝的时候
[00:29:05.000 --> 00:29:07.000]  特别是大魏的时候
[00:29:07.000 --> 00:29:09.000]  在耶路撒冷的圣殿所用的
[00:29:09.000 --> 00:29:12.000]  耶路撒冷的圣殿严格来说
[00:29:12.000 --> 00:29:14.000]  其实不是平民老百姓用的
[00:29:14.000 --> 00:29:15.000]  其实是皇帝用的
[00:29:15.000 --> 00:29:17.000]  是他的Royal Chapel
[00:29:17.000 --> 00:29:21.000]  皇帝的诗人的礼拜堂
[00:29:21.000 --> 00:29:23.000]  所以很多首诗都是为他作的
[00:29:23.000 --> 00:29:25.000]  结婚的时候有一首诗篇
[00:29:25.000 --> 00:29:27.000]  是为皇帝结婚作的
[00:29:27.000 --> 00:29:30.000]  你找到哪首你的婚礼都可以读的
[00:29:30.000 --> 00:29:32.000]  为皇帝祈祷的
[00:29:32.000 --> 00:29:35.000]  皇帝病了有几首诗篇
[00:29:35.000 --> 00:29:37.000]  为皇帝的病祈祷的
[00:29:37.000 --> 00:29:40.000]  为他要出去打仗征战之前
[00:29:40.000 --> 00:29:41.000]  要祈祷的
[00:29:41.000 --> 00:29:44.000]  我的登基 诗篇110篇
[00:29:44.000 --> 00:29:46.000]  耶稣都引用过的
[00:29:46.000 --> 00:29:48.000]  主对我主说
[00:29:48.000 --> 00:29:51.000]  这个是皇帝登基的时候
[00:29:51.000 --> 00:29:53.000]  为他唱的祈祷诗
[00:29:53.000 --> 00:29:55.000]  这是我们英文说Royal Psalms
[00:29:55.000 --> 00:29:58.000]  皇室君王的诗篇
[00:29:58.000 --> 00:30:00.000]  和耶路撒冷很有关系
[00:30:00.000 --> 00:30:01.000]  和石安很有关系
[00:30:01.000 --> 00:30:03.000]  和大卫家很有关系
[00:30:03.000 --> 00:30:05.000]  最后刚才我们提过
[00:30:05.000 --> 00:30:07.000]  一些文歌
[00:30:07.000 --> 00:30:10.000]  特别是在121篇开始
[00:30:10.000 --> 00:30:13.000]  和合本翻译为上行之诗
[00:30:13.000 --> 00:30:15.000]  我自己的了解
[00:30:15.000 --> 00:30:16.000]  第一不是上行
[00:30:16.000 --> 00:30:18.000]  第二不是诗
[00:30:18.000 --> 00:30:20.000]  是歌Share来的
[00:30:20.000 --> 00:30:22.000]  Share就是文歌
[00:30:22.000 --> 00:30:24.000]  普通老百姓会唱的
[00:30:24.000 --> 00:30:26.000]  不用你美人才会唱的
[00:30:26.000 --> 00:30:28.000]  你都可以哼两句时代曲
[00:30:28.000 --> 00:30:30.000]  差不多翻译为时代曲
[00:30:30.000 --> 00:30:32.000]  是什么歌呢
[00:30:32.000 --> 00:30:34.000]  是他们回归的时候唱的
[00:30:34.000 --> 00:30:38.000]  从外邦被佬流亡之后
[00:30:38.000 --> 00:30:41.000]  回耶路撒冷这一批人
[00:30:41.000 --> 00:30:43.000]  他们所唱的文歌
[00:30:43.000 --> 00:30:45.000]  在外国的地方
[00:30:45.000 --> 00:30:47.000]  思乡的文歌
[00:30:47.000 --> 00:30:49.000]  回归的文歌
[00:30:49.000 --> 00:30:53.000]  这些分类比我们认识多
[00:30:53.000 --> 00:30:55.000]  关于诗篇的背景很多
[00:30:55.000 --> 00:30:57.000]  比起标题来说
[00:30:57.000 --> 00:30:59.000]  比如说祈祷
[00:30:59.000 --> 00:31:01.000]  什么情况下需要祈祷呢
[00:31:01.000 --> 00:31:02.000]  赞美
[00:31:02.000 --> 00:31:04.000]  为什么事情要赞美呢
[00:31:04.000 --> 00:31:07.000]  君王诗又说什么
[00:31:07.000 --> 00:31:09.000]  政教分离呢
[00:31:09.000 --> 00:31:11.000]  这帮助我们很大
[00:31:11.000 --> 00:31:13.000]  但是用这样的分类
[00:31:13.000 --> 00:31:15.000]  有时只是看到森林
[00:31:15.000 --> 00:31:17.000]  看不到树木
[00:31:17.000 --> 00:31:23.000]  我们只是笼统地提出内容
[00:31:23.000 --> 00:31:25.000]  再落实一点
[00:31:25.000 --> 00:31:27.000]  我们再问一个问题
[00:31:27.000 --> 00:31:30.000]  诗篇的处境是什么呢
[00:31:30.000 --> 00:31:34.000]  是不是一个人在家里灵修
[00:31:34.000 --> 00:31:36.000]  他有一些文采
[00:31:36.000 --> 00:31:37.000]  有一些才华
[00:31:37.000 --> 00:31:39.000]  于是自己写一首诗
[00:31:39.000 --> 00:31:41.000]  写了之后寄给朋友看
[00:31:41.000 --> 00:31:42.000]  是不是这样呢
[00:31:42.000 --> 00:31:46.000]  还是像我们今天教会所用的诗集
[00:31:46.000 --> 00:31:48.000]  每周唱的
[00:31:48.000 --> 00:31:50.000]  你不认识作者是谁不要紧
[00:31:50.000 --> 00:31:52.000]  打开盛哉盛哉盛哉
[00:31:52.000 --> 00:31:54.000]  三一大主宰就唱了
[00:31:54.000 --> 00:31:56.000]  你的信实广大你就唱了
[00:31:56.000 --> 00:31:58.000]  你真伟大你就唱了
[00:31:58.000 --> 00:32:00.000]  你不用问作者是谁
[00:32:00.000 --> 00:32:02.000]  总之你每周唱
[00:32:02.000 --> 00:32:05.000]  诗篇到底是怎样产生
[00:32:05.000 --> 00:32:07.000]  是哪一类型的歌呢
[00:32:07.000 --> 00:32:09.000]  是齐唱新歌呢
[00:32:09.000 --> 00:32:11.000]  那些文歌可能是
[00:32:11.000 --> 00:32:12.000]  还是赞美诗呢
[00:32:12.000 --> 00:32:14.000]  重主性歌呢
[00:32:14.000 --> 00:32:16.000]  还是生命性诗呢
[00:32:16.000 --> 00:32:18.000]  很正式的歌词诗集
[00:32:18.000 --> 00:32:20.000]  那些文歌不入流的
[00:32:20.000 --> 00:32:24.000]  我们发现近一百年学者的研究
[00:32:24.000 --> 00:32:26.000]  就告诉我们
[00:32:26.000 --> 00:32:30.000]  诗篇其实很着重整个群体
[00:32:30.000 --> 00:32:34.000]  它不是一些私人的歌
[00:32:34.000 --> 00:32:37.000]  不是自己有感而发地作的
[00:32:37.000 --> 00:32:40.000]  它里面是很有规矩的
[00:32:40.000 --> 00:32:43.000]  如果你想想崇拜你选的诗歌
[00:32:43.000 --> 00:32:45.000]  多数是那类型的诗歌
[00:32:45.000 --> 00:32:47.000]  赞美诗
[00:32:47.000 --> 00:32:50.000]  都是这样的说话
[00:32:50.000 --> 00:32:54.000]  诗篇是这样的背景
[00:32:54.000 --> 00:32:59.000]  它来自整个信仰的群体
[00:32:59.000 --> 00:33:03.000]  而不是来自个别的诗人
[00:33:03.000 --> 00:33:05.000]  所以它不是唐诗
[00:33:05.000 --> 00:33:08.000]  不是杜甫和李白
[00:33:08.000 --> 00:33:10.000]  白居易
[00:33:10.000 --> 00:33:13.000]  不是,它是一个诗集
[00:33:13.000 --> 00:33:15.000]  一个教会的诗集
[00:33:15.000 --> 00:33:17.000]  这个诗集是公用的
[00:33:17.000 --> 00:33:19.000]  不是私人的
[00:33:19.000 --> 00:33:22.000]  出了本事如光中诗集
[00:33:22.000 --> 00:33:24.000]  不是
[00:33:24.000 --> 00:33:26.000]  它里面有提个人
[00:33:26.000 --> 00:33:29.000]  有时有些祈祷是很个人的
[00:33:29.000 --> 00:33:31.000]  但是这个个人呢
[00:33:31.000 --> 00:33:33.000]  往往是很有代表性的
[00:33:33.000 --> 00:33:36.000]  这个代表性可能他是个君王
[00:33:36.000 --> 00:33:38.000]  于是他个人的幸福
[00:33:38.000 --> 00:33:41.000]  和国家的幸福是分不开的
[00:33:41.000 --> 00:33:44.000]  这个个人有时是一个领袖
[00:33:44.000 --> 00:33:46.000]  他的经历
[00:33:46.000 --> 00:33:50.000]  其实也是我们可以代入的经历
[00:33:50.000 --> 00:33:52.000]  他所做的决定
[00:33:52.000 --> 00:33:54.000]  也都影响大家的
[00:33:54.000 --> 00:33:56.000]  他的见证
[00:33:56.000 --> 00:34:00.000]  要在聚会的时候宣讲出来的
[00:34:00.000 --> 00:34:02.000]  这个诗篇里面我们看到
[00:34:02.000 --> 00:34:05.000]  那个处境就不是个人
[00:34:05.000 --> 00:34:08.000]  闭上门在书房里面
[00:34:08.000 --> 00:34:12.000]  所吟诵的私人的诗集
[00:34:12.000 --> 00:34:16.000]  是公开崇拜所用的诗集
[00:34:16.000 --> 00:34:17.000]  所以接下来
[00:34:17.000 --> 00:34:19.000]  第二个我们需要注意的
[00:34:19.000 --> 00:34:22.000]  就是它很有格式的
[00:34:22.000 --> 00:34:27.000]  诗篇不是一些自由创作的歌
[00:34:27.000 --> 00:34:28.000]  是很有格式的
[00:34:28.000 --> 00:34:31.000]  因为它要配合崇拜的需要
[00:34:31.000 --> 00:34:35.000]  那个礼仪的背景是很重要的
[00:34:35.000 --> 00:34:37.000]  有很多时候在诗篇里面
[00:34:37.000 --> 00:34:41.000]  我们发觉那些说话是很有规矩的
[00:34:41.000 --> 00:34:43.000]  不是随便说的
[00:34:43.000 --> 00:34:46.000]  诗人不是用一句广东话说
[00:34:46.000 --> 00:34:48.000]  说得出就说的
[00:34:48.000 --> 00:34:51.000]  他是千锤百炼
[00:34:51.000 --> 00:34:55.000]  经过很小心的格式
[00:34:55.000 --> 00:34:59.000]  好像我们今天中国人说的填词
[00:34:59.000 --> 00:35:02.000]  填词的意思不是作
[00:35:02.000 --> 00:35:05.000]  有个格式在这里填上去
[00:35:05.000 --> 00:35:10.000]  诗篇有很多首诗是按照字母的次序作的
[00:35:10.000 --> 00:35:14.000]  119篇最长的那首诗篇
[00:35:14.000 --> 00:35:15.000]  我们说过有多少节
[00:35:15.000 --> 00:35:16.000]  176节
[00:35:16.000 --> 00:35:18.000]  为什么那么容易记呢
[00:35:18.000 --> 00:35:20.000]  22个希伯来文的字母
[00:35:20.000 --> 00:35:23.000]  每个字母8节圣经
[00:35:23.000 --> 00:35:25.000]  用那个字母开始
[00:35:25.000 --> 00:35:29.000]  8X22=176
[00:35:29.000 --> 00:35:31.000]  这个就不是随便说就能说的了
[00:35:31.000 --> 00:35:35.000]  你以为电视台上的那些
[00:35:35.000 --> 00:35:37.000]  不停地扔念口网
[00:35:37.000 --> 00:35:40.000]  你每一节都要用那个字母开始
[00:35:40.000 --> 00:35:41.000]  搞尽脑汁
[00:35:41.000 --> 00:35:44.000]  礼仪要求说合适的说话
[00:35:44.000 --> 00:35:49.000]  诗篇要按照需要来写作
[00:35:49.000 --> 00:35:51.000]  但在这一点上我们发觉
[00:35:51.000 --> 00:35:54.000]  就好像群体和个人的关系
[00:35:54.000 --> 00:35:56.000]  不只是强调群体
[00:35:56.000 --> 00:35:57.000]  有个人
[00:35:57.000 --> 00:35:59.000]  个人不是一个自我中心的个人
[00:35:59.000 --> 00:36:05.000]  同样这个礼仪不是一个和生活割裂的礼仪
[00:36:05.000 --> 00:36:08.000]  在这个敬拜的礼仪里
[00:36:08.000 --> 00:36:13.000]  诗篇是将一个人整体的生活带进来敬拜当中
[00:36:13.000 --> 00:36:18.000]  所以在诗篇里所提的内容是很阔的
[00:36:18.000 --> 00:36:20.000]  正面的
[00:36:20.000 --> 00:36:21.000]  反面的
[00:36:21.000 --> 00:36:22.000]  开心的
[00:36:22.000 --> 00:36:23.000]  不开心的
[00:36:23.000 --> 00:36:27.000]  私人没有过滤到某一些的经历
[00:36:27.000 --> 00:36:28.000]  不可以带到神的面前
[00:36:28.000 --> 00:36:29.000]  从来都没有
[00:36:29.000 --> 00:36:31.000]  一个很严谨的礼仪
[00:36:31.000 --> 00:36:34.000]  却是包含了整个人的生活
[00:36:34.000 --> 00:36:36.000]  所有的问题
[00:36:36.000 --> 00:36:37.000]  所有的需要
[00:36:37.000 --> 00:36:40.000]  都可以带到神的面前
[00:36:40.000 --> 00:36:42.000]  同样我们发觉
[00:36:42.000 --> 00:36:48.000]  这个礼仪不代表只是那些知识分子
[00:36:48.000 --> 00:36:50.000]  只是那些利尾人
[00:36:50.000 --> 00:36:52.000]  祭祀专业阶层
[00:36:52.000 --> 00:36:53.000]  宗教领袖
[00:36:53.000 --> 00:36:56.000]  是他们才可以用诗篇
[00:36:56.000 --> 00:36:59.000]  诗篇在几乎一开始的时候
[00:36:59.000 --> 00:37:00.000]  就是没错
[00:37:00.000 --> 00:37:02.000]  从皇室出来
[00:37:02.000 --> 00:37:03.000]  从圣殿出来
[00:37:03.000 --> 00:37:06.000]  但是深入民间
[00:37:06.000 --> 00:37:08.000]  其实那个标题
[00:37:08.000 --> 00:37:10.000]  将大卫的诗
[00:37:10.000 --> 00:37:13.000]  从他的生平来了解
[00:37:13.000 --> 00:37:17.000]  我们可以说是一个平民化的过程的开始
[00:37:17.000 --> 00:37:19.000]  如果我们首首诗都是讲皇帝
[00:37:19.000 --> 00:37:21.000]  我们很难代入
[00:37:21.000 --> 00:37:25.000]  这些很高尚的生活
[00:37:25.000 --> 00:37:26.000]  不是
[00:37:26.000 --> 00:37:27.000]  大卫也是一个普通人
[00:37:27.000 --> 00:37:28.000]  他是走烂的
[00:37:28.000 --> 00:37:30.000]  他有时被迫害的
[00:37:30.000 --> 00:37:31.000]  他又会犯罪的
[00:37:31.000 --> 00:37:33.000]  他有蒙上帝保守的
[00:37:33.000 --> 00:37:34.000]  这些经历
[00:37:34.000 --> 00:37:36.000]  没错是他皇帝的经历
[00:37:36.000 --> 00:37:38.000]  但是在经历本身
[00:37:38.000 --> 00:37:41.000]  就减少了很多皇帝的色彩
[00:37:41.000 --> 00:37:44.000]  相反就代入了一个普通
[00:37:44.000 --> 00:37:47.000]  属于神的子民
[00:37:47.000 --> 00:37:48.000]  一个属灵的人
[00:37:48.000 --> 00:37:50.000]  我们用今天的说法
[00:37:50.000 --> 00:37:51.000]  一个基督徒
[00:37:51.000 --> 00:37:52.000]  一个信徒
[00:37:52.000 --> 00:37:54.000]  他都可以有这样的经历
[00:37:54.000 --> 00:37:58.000]  于是本来是很严谨
[00:37:58.000 --> 00:38:00.000]  在圣殿里面
[00:38:00.000 --> 00:38:02.000]  利尾人祭司所唱的
[00:38:02.000 --> 00:38:05.000]  很严格的诗集
[00:38:05.000 --> 00:38:07.000]  就变成民间
[00:38:07.000 --> 00:38:08.000]  每一个人
[00:38:08.000 --> 00:38:09.000]  不懂唱也好
[00:38:09.000 --> 00:38:10.000]  打开来读
[00:38:10.000 --> 00:38:11.000]  打开来看的时候
[00:38:11.000 --> 00:38:13.000]  他有一种亲切感
[00:38:13.000 --> 00:38:15.000]  有个代入的感觉
[00:38:15.000 --> 00:38:16.000]  你今天打开诗篇
[00:38:16.000 --> 00:38:21.000]  你不会感受到那种贵族的味道
[00:38:21.000 --> 00:38:24.000]  在整个应用的过程当中
[00:38:24.000 --> 00:38:27.000]  诗篇经历了很大的变化
[00:38:27.000 --> 00:38:31.000]  和他原本圣殿皇室的处境
[00:38:31.000 --> 00:38:35.000]  变成为所有人都可以读的
[00:38:35.000 --> 00:38:37.000]  而且去到哪里都记得
[00:38:37.000 --> 00:38:39.000]  利香别井都记住
[00:38:39.000 --> 00:38:41.000]  耶和华是我的牧者
[00:38:41.000 --> 00:38:42.000]  我必不自缺乏
[00:38:42.000 --> 00:38:44.000]  成为了一个人
[00:38:44.000 --> 00:38:47.000]  他生命的经历的印证
[00:38:47.000 --> 00:38:49.000]  诗篇大众化
[00:38:49.000 --> 00:38:51.000]  诗篇平民化
[00:38:51.000 --> 00:38:53.000]  在这个过程当中
[00:38:53.000 --> 00:38:56.000]  我们了解到诗篇的功用
[00:38:56.000 --> 00:38:59.000]  作用是很阔的
[00:38:59.000 --> 00:39:02.000]  最后诗篇的内容
[00:39:02.000 --> 00:39:05.000]  表达有哪几样东西
[00:39:05.000 --> 00:39:07.000]  我们需要留意呢
[00:39:07.000 --> 00:39:09.000]  我简单提三样
[00:39:09.000 --> 00:39:10.000]  第一
[00:39:10.000 --> 00:39:15.000]  诗篇是人对上帝的说话
[00:39:15.000 --> 00:39:18.000]  不是上帝对人的说话
[00:39:18.000 --> 00:39:21.000]  这是不言而喻的
[00:39:21.000 --> 00:39:22.000]  对不对
[00:39:22.000 --> 00:39:28.000]  Torah 界名是上帝吩咐摩西
[00:39:28.000 --> 00:39:30.000]  摩西传给百姓
[00:39:30.000 --> 00:39:34.000]  我是耶和华 你们的神
[00:39:34.000 --> 00:39:36.000]  这个我是上帝
[00:39:36.000 --> 00:39:37.000]  说话者是上帝
[00:39:37.000 --> 00:39:40.000]  Nabiim 我们所谓的先知
[00:39:40.000 --> 00:39:42.000]  是上帝的发言人
[00:39:42.000 --> 00:39:45.000]  主耶和华如此说
[00:39:45.000 --> 00:39:47.000]  不是我说的
[00:39:47.000 --> 00:39:48.000]  不是人说的
[00:39:48.000 --> 00:39:50.000]  是神说的说话
[00:39:50.000 --> 00:39:52.000]  是上帝的信息
[00:39:52.000 --> 00:39:56.000]  要他的百姓听清楚明白
[00:39:56.000 --> 00:39:58.000]  但来到第三部分
[00:39:58.000 --> 00:39:59.000]  Ketuvim
[00:39:59.000 --> 00:40:01.000]  来到著作的部分
[00:40:01.000 --> 00:40:04.000]  劈头第一卷诗篇
[00:40:04.000 --> 00:40:06.000]  是人的说话
[00:40:06.000 --> 00:40:10.000]  我们祈祷所引用的诗篇42篇
[00:40:10.000 --> 00:40:13.000]  神啊 我的心切务你
[00:40:13.000 --> 00:40:16.000]  如绿切务溪水
[00:40:16.000 --> 00:40:18.000]  这个不是上帝自己说的
[00:40:18.000 --> 00:40:20.000]  他不是自己切务自己的
[00:40:20.000 --> 00:40:21.000]  对着镜子
[00:40:21.000 --> 00:40:25.000]  自恋狂
[00:40:25.000 --> 00:40:29.000]  所以在教会的传统上
[00:40:29.000 --> 00:40:31.000]  崇拜读圣经的时候
[00:40:31.000 --> 00:40:34.000]  在改革中的传统
[00:40:34.000 --> 00:40:37.000]  请听上帝的说话
[00:40:37.000 --> 00:40:39.000]  请听上帝的说话
[00:40:39.000 --> 00:40:40.000]  今天我们已经改了
[00:40:40.000 --> 00:40:42.000]  请听圣经的说话
[00:40:42.000 --> 00:40:43.000]  请听诗人的说话
[00:40:43.000 --> 00:40:44.000]  不是的
[00:40:44.000 --> 00:40:46.000]  教会传统是圣经
[00:40:46.000 --> 00:40:48.000]  是神的道
[00:40:48.000 --> 00:40:49.000]  请听神的说话
[00:40:49.000 --> 00:40:51.000]  神啊 我的心切务你
[00:40:51.000 --> 00:40:52.000]  如绿切务溪水
[00:40:52.000 --> 00:40:54.000]  明明不是神的说话
[00:40:54.000 --> 00:40:56.000]  明明是人的心声
[00:40:56.000 --> 00:40:58.000]  怎么会成为神的说话呢
[00:40:58.000 --> 00:41:00.000]  事实也是神的说话
[00:41:00.000 --> 00:41:04.000]  诗篇被收录进来
[00:41:04.000 --> 00:41:06.000]  圣经的一部分
[00:41:06.000 --> 00:41:08.000]  这些人说的话
[00:41:08.000 --> 00:41:10.000]  被上帝接纳
[00:41:10.000 --> 00:41:14.000]  上帝不是容忍这群人说话
[00:41:14.000 --> 00:41:16.000]  好像教幼稚园那群小孩
[00:41:16.000 --> 00:41:17.000]  不懂事的
[00:41:17.000 --> 00:41:18.000]  随便他吧
[00:41:18.000 --> 00:41:21.000]  我十人二分四
[00:41:21.000 --> 00:41:22.000]  一定要教他们
[00:41:22.000 --> 00:41:23.000]  不停地说话
[00:41:23.000 --> 00:41:24.000]  不是
[00:41:24.000 --> 00:41:26.000]  上帝不单止欣赏
[00:41:26.000 --> 00:41:28.000]  上帝还将这些说话
[00:41:28.000 --> 00:41:29.000]  收集起来
[00:41:29.000 --> 00:41:31.000]  摆在圣经里面
[00:41:31.000 --> 00:41:33.000]  成为圣经的一部分
[00:41:33.000 --> 00:41:35.000]  人的说话
[00:41:35.000 --> 00:41:38.000]  却是成为神的说话的一部分
[00:41:38.000 --> 00:41:41.000]  这个很值得我们来思想
[00:41:41.000 --> 00:41:44.000]  神的启示
[00:41:44.000 --> 00:41:48.000]  不是停在他说了话
[00:41:48.000 --> 00:41:49.000]  你听不听到
[00:41:49.000 --> 00:41:51.000]  你自己负责
[00:41:51.000 --> 00:41:52.000]  神的启示
[00:41:52.000 --> 00:41:53.000]  神的说话
[00:41:53.000 --> 00:41:57.000]  进入我们的生命当中
[00:41:57.000 --> 00:42:00.000]  产生回应
[00:42:00.000 --> 00:42:02.000]  神对我们说话
[00:42:02.000 --> 00:42:05.000]  我们于是就回答上帝
[00:42:05.000 --> 00:42:06.000]  我们的祈祷
[00:42:06.000 --> 00:42:10.000]  其实不是我们来向神说话
[00:42:10.000 --> 00:42:12.000]  要求上帝回复
[00:42:12.000 --> 00:42:14.000]  我们某某某
[00:42:14.000 --> 00:42:15.000]  你施敬耿上
[00:42:15.000 --> 00:42:16.000]  我祈祷
[00:42:16.000 --> 00:42:17.000]  上帝回复
[00:42:17.000 --> 00:42:20.000]  署名上帝复
[00:42:20.000 --> 00:42:21.000]  不是
[00:42:21.000 --> 00:42:23.000]  原来我来到神的面前的祈祷
[00:42:23.000 --> 00:42:26.000]  是他先和我说话
[00:42:26.000 --> 00:42:28.000]  是他告诉我
[00:42:28.000 --> 00:42:29.000]  我可以来找他
[00:42:29.000 --> 00:42:31.000]  我知道他爱我
[00:42:31.000 --> 00:42:32.000]  所以我来到他面前的祈祷
[00:42:32.000 --> 00:42:35.000]  是我的回应
[00:42:35.000 --> 00:42:38.000]  诗篇是神的子民
[00:42:38.000 --> 00:42:41.000]  明白上帝的心意
[00:42:41.000 --> 00:42:44.000]  听见上帝的信息
[00:42:44.000 --> 00:42:46.000]  进行上帝的解明
[00:42:46.000 --> 00:42:47.000]  在这个关系当中
[00:42:47.000 --> 00:42:49.000]  在这个纳约的关系当中
[00:42:49.000 --> 00:42:51.000]  他们对上帝的回应
[00:42:51.000 --> 00:42:55.000]  这个回应成为启示的一部分
[00:42:55.000 --> 00:42:58.000]  成为圣经的一部分
[00:42:58.000 --> 00:42:59.000]  用新约的说法
[00:42:59.000 --> 00:43:02.000]  就是圣灵在我们的心里面
[00:43:02.000 --> 00:43:05.000]  用说不出来的谈息
[00:43:05.000 --> 00:43:07.000]  不是为我们祈祷
[00:43:07.000 --> 00:43:09.000]  那个翻译不是很准确
[00:43:09.000 --> 00:43:11.000]  是代表我们祷告
[00:43:11.000 --> 00:43:14.000]  我们不懂得怎么祈祷的时候
[00:43:14.000 --> 00:43:16.000]  圣灵在我们里面
[00:43:16.000 --> 00:43:18.000]  代表我们祈祷
[00:43:18.000 --> 00:43:19.000]  我们的回应
[00:43:19.000 --> 00:43:22.000]  其实都是神在我们里面
[00:43:22.000 --> 00:43:23.000]  帮助我们的回应
[00:43:23.000 --> 00:43:25.000]  是圣灵的工作
[00:43:25.000 --> 00:43:28.000]  是三一神的工作
[00:43:28.000 --> 00:43:31.000]  所以上帝启示
[00:43:31.000 --> 00:43:33.000]  不是只是祂说完话
[00:43:33.000 --> 00:43:35.000]  我们听不听都没有关系
[00:43:35.000 --> 00:43:38.000]  不是向着空洞无物的宇宙
[00:43:38.000 --> 00:43:41.000]  说话说完就叫上帝启示
[00:43:41.000 --> 00:43:43.000]  上帝道成人生
[00:43:43.000 --> 00:43:45.000]  来到我们中间
[00:43:45.000 --> 00:43:46.000]  我们有回应
[00:43:46.000 --> 00:43:49.000]  这个回应在旧约诗篇表达得很清楚
[00:43:49.000 --> 00:43:51.000]  很多种的回应
[00:43:51.000 --> 00:43:53.000]  很多元化的回应
[00:43:53.000 --> 00:43:55.000]  很丰富的回应
[00:43:55.000 --> 00:43:59.000]  这个回应成为圣经的一部分
[00:43:59.000 --> 00:44:01.000]  第二呢
[00:44:01.000 --> 00:44:03.000]  刚才我们说过
[00:44:03.000 --> 00:44:09.000]  诗篇的内容涵盖了整个人生
[00:44:09.000 --> 00:44:10.000]  换句话说
[00:44:10.000 --> 00:44:16.000]  上帝不是只是要我们的宗教面
[00:44:16.000 --> 00:44:19.000]  我们属灵那部分来到神的面前
[00:44:19.000 --> 00:44:21.000]  属世的那些我们收起来
[00:44:21.000 --> 00:44:22.000]  不要来到神的面前
[00:44:22.000 --> 00:44:25.000]  诗篇很多的说话很属世的
[00:44:25.000 --> 00:44:30.000]  有很多的问题是日常生活所遇到的
[00:44:30.000 --> 00:44:32.000]  很平凡的
[00:44:32.000 --> 00:44:35.000]  不是很属灵的
[00:44:35.000 --> 00:44:38.000]  但上帝所要的敬拜
[00:44:38.000 --> 00:44:41.000]  不是一个和生活隔绝的敬拜
[00:44:41.000 --> 00:44:45.000]  今天我们很多时候的崇拜有这样的味道
[00:44:45.000 --> 00:44:47.000]  就是志成一角
[00:44:47.000 --> 00:44:49.000]  相反
[00:44:49.000 --> 00:44:52.000]  诗篇15篇
[00:44:52.000 --> 00:44:54.000]  诗篇24篇问
[00:44:54.000 --> 00:44:57.000]  谁可以来到耶和华的圣山
[00:44:57.000 --> 00:44:59.000]  谁可以站在祂的面前
[00:44:59.000 --> 00:45:01.000]  谁能够来到敬拜祂
[00:45:01.000 --> 00:45:05.000]  然后就数一个人的生活的方式
[00:45:05.000 --> 00:45:07.000]  行为完全
[00:45:07.000 --> 00:45:10.000]  他不要向虚妄
[00:45:10.000 --> 00:45:13.000]  他起势不要怀鬼诈
[00:45:13.000 --> 00:45:16.000]  这个人的生活和他的敬拜是不能分开的
[00:45:16.000 --> 00:45:18.000]  他来到神的面前
[00:45:18.000 --> 00:45:23.000]  他要准备他的生命和生活
[00:45:23.000 --> 00:45:25.000]  是被上帝改变的
[00:45:25.000 --> 00:45:27.000]  一会儿我们会看一首诗篇
[00:45:27.000 --> 00:45:29.000]  我们这个意思就很清楚
[00:45:29.000 --> 00:45:33.000]  你的生活和你的敬拜是不能分开的
[00:45:33.000 --> 00:45:36.000]  你的敬拜虽然只是占一个星期
[00:45:36.000 --> 00:45:39.000]  七天当中的两个小时
[00:45:39.000 --> 00:45:40.000]  但这两个小时
[00:45:40.000 --> 00:45:44.000]  好像冰山突出水面的那一角
[00:45:44.000 --> 00:45:45.000]  是你整个人来的
[00:45:45.000 --> 00:45:48.000]  你整个人的生命来到神的面前
[00:45:48.000 --> 00:45:51.000]  上帝不只是要你的声音
[00:45:51.000 --> 00:45:52.000]  唱歌赞美祂
[00:45:52.000 --> 00:45:54.000]  只是要你的祈祷
[00:45:54.000 --> 00:45:56.000]  只是要你的侍奉
[00:45:56.000 --> 00:45:59.000]  上帝要的是你整个的生命
[00:45:59.000 --> 00:46:02.000]  诗篇的敬拜、祷告、赞美
[00:46:02.000 --> 00:46:05.000]  内容是整个人的生命
[00:46:05.000 --> 00:46:07.000]  不是部份
[00:46:07.000 --> 00:46:09.000]  特别是宗教的部份
[00:46:09.000 --> 00:46:11.000]  最后一点
[00:46:11.000 --> 00:46:13.000]  诗篇的格率
[00:46:13.000 --> 00:46:15.000]  给我们看到的
[00:46:15.000 --> 00:46:20.000]  不是一个很虚伪的外表
[00:46:20.000 --> 00:46:23.000]  相反我们看诗篇的时候
[00:46:23.000 --> 00:46:27.000]  我们很感受到诗人的真诚
[00:46:27.000 --> 00:46:29.000]  他说的东西是真心的
[00:46:29.000 --> 00:46:32.000]  但真心不等于乱说的
[00:46:32.000 --> 00:46:34.000]  今天我们时时搞错
[00:46:34.000 --> 00:46:35.000]  我真啊
[00:46:35.000 --> 00:46:36.000]  所以我说得出就说的了
[00:46:36.000 --> 00:46:37.000]  我说什么
[00:46:37.000 --> 00:46:38.000]  你说我不对
[00:46:38.000 --> 00:46:39.000]  没有礼貌
[00:46:39.000 --> 00:46:40.000]  我真啊
[00:46:40.000 --> 00:46:41.000]  今天很多人是这样
[00:46:41.000 --> 00:46:43.000]  教会里面也是这样
[00:46:43.000 --> 00:46:45.000]  你说他这样不合体统
[00:46:45.000 --> 00:46:46.000]  我真啊
[00:46:46.000 --> 00:46:48.000]  True to myself
[00:46:48.000 --> 00:46:50.000]  我们一会儿看一首诗篇
[00:46:50.000 --> 00:46:53.000]  看看是不是这样可以出的呢
[00:46:53.000 --> 00:46:55.000]  很有格式
[00:46:55.000 --> 00:46:56.000]  很有规律
[00:46:56.000 --> 00:47:00.000]  那些说话很有分寸
[00:47:00.000 --> 00:47:02.000]  在这个过程当中
[00:47:02.000 --> 00:47:06.000]  事实上是需要的
[00:47:06.000 --> 00:47:08.000]  你见一个很重要的人物
[00:47:08.000 --> 00:47:09.000]  一个大人物
[00:47:09.000 --> 00:47:12.000]  你在他面前不会口不择言
[00:47:12.000 --> 00:47:14.000]  你去代表学校
[00:47:14.000 --> 00:47:17.000]  在毕业礼致辞
[00:47:17.000 --> 00:47:20.000]  你会写下你说的什么
[00:47:20.000 --> 00:47:24.000]  你在崇拜带领弟兄姊妹祈祷
[00:47:24.000 --> 00:47:27.000]  都应该写下的
[00:47:27.000 --> 00:47:28.000]  有些教会
[00:47:28.000 --> 00:47:29.000]  有些传统就说
[00:47:29.000 --> 00:47:30.000]  他没有心
[00:47:30.000 --> 00:47:33.000]  要用一张帽子来读祈祷
[00:47:33.000 --> 00:47:35.000]  要用一本祈祷文来读
[00:47:35.000 --> 00:47:36.000]  就是没有心
[00:47:36.000 --> 00:47:37.000]  不一定的
[00:47:37.000 --> 00:47:38.000]  诗篇给我们看到
[00:47:38.000 --> 00:47:40.000]  祈祷文可以很有心
[00:47:40.000 --> 00:47:41.000]  相反
[00:47:41.000 --> 00:47:42.000]  闭上眼睛就这样说
[00:47:42.000 --> 00:47:43.000]  也可以很没有心
[00:47:43.000 --> 00:47:46.000]  用上帝的名字来做标点符号
[00:47:46.000 --> 00:47:48.000]  所以这个不必然关系
[00:47:48.000 --> 00:47:50.000]  诗篇给我们看到的就是
[00:47:50.000 --> 00:47:51.000]  当你很审慎
[00:47:51.000 --> 00:47:53.000]  很着重一件事情的时候
[00:47:53.000 --> 00:47:55.000]  你会很小心
[00:47:55.000 --> 00:47:58.000]  这个朋友请我在婚礼上
[00:47:58.000 --> 00:47:59.000]  为他祈祷
[00:47:59.000 --> 00:48:02.000]  让我写下我怎么为他代祷
[00:48:02.000 --> 00:48:04.000]  我写下我整个祈祷文
[00:48:04.000 --> 00:48:05.000]  我拿出去读
[00:48:05.000 --> 00:48:06.000]  我不会说错
[00:48:06.000 --> 00:48:08.000]  新娘的名字
[00:48:08.000 --> 00:48:09.000]  你参加过那些婚礼
[00:48:09.000 --> 00:48:11.000]  新娘的名字都说错了吗
[00:48:11.000 --> 00:48:13.000]  要小心
[00:48:13.000 --> 00:48:15.000]  双礼特别
[00:48:15.000 --> 00:48:17.000]  双礼不可以说错东西
[00:48:17.000 --> 00:48:18.000]  我试过
[00:48:18.000 --> 00:48:19.000]  丑丑的我承认
[00:48:19.000 --> 00:48:21.000]  我第一次主持双礼
[00:48:21.000 --> 00:48:22.000]  做主席
[00:48:22.000 --> 00:48:23.000]  我都不是做讲员
[00:48:23.000 --> 00:48:25.000]  我介绍讲员的时候
[00:48:25.000 --> 00:48:26.000]  我很紧张
[00:48:26.000 --> 00:48:27.000]  想念很多东西
[00:48:27.000 --> 00:48:28.000]  眼关七
[00:48:28.000 --> 00:48:29.000]  于是我就说
[00:48:29.000 --> 00:48:30.000]  我们今天很高兴
[00:48:34.000 --> 00:48:36.000]  平时介绍讲员是这样讲
[00:48:36.000 --> 00:48:37.000]  我们今天很高兴
[00:48:37.000 --> 00:48:38.000]  请到某某牧师来讲道
[00:48:38.000 --> 00:48:40.000]  我照说错了
[00:48:40.000 --> 00:48:41.000]  牧师出来的时候
[00:48:41.000 --> 00:48:43.000]  我们今天怀着很沉重
[00:48:43.000 --> 00:48:45.000]  很悲哀的心情
[00:48:45.000 --> 00:48:47.000]  来到这个双礼当中
[00:48:47.000 --> 00:48:50.000]  你不写就会有这些问题
[00:48:50.000 --> 00:48:53.000]  我试过听过一个肢体
[00:48:53.000 --> 00:48:54.000]  在主日崇拜里面
[00:48:54.000 --> 00:48:57.000]  整个祈祷是星期六晚周会祈祷
[00:48:57.000 --> 00:49:00.000]  诗篇所代表的
[00:49:00.000 --> 00:49:02.000]  不一定没有心
[00:49:02.000 --> 00:49:04.000]  可能它代表严谨
[00:49:04.000 --> 00:49:05.000]  认真
[00:49:05.000 --> 00:49:06.000]  小心
[00:49:06.000 --> 00:49:07.000]  谨慎
[00:49:07.000 --> 00:49:09.000]  很多时候值得我们借镜
[00:49:09.000 --> 00:49:12.000]  当教会要求你出来读经
[00:49:12.000 --> 00:49:13.000]  很多弟兄姊妹
[00:49:13.000 --> 00:49:14.000]  连一段经文都没看过
[00:49:14.000 --> 00:49:16.000]  字怎么读都不懂
[00:49:16.000 --> 00:49:17.000]  不要说要你查字典
[00:49:17.000 --> 00:49:19.000]  不要读错字
[00:49:19.000 --> 00:49:20.000]  都不行
[00:49:20.000 --> 00:49:21.000]  有些法国上台之后
[00:49:21.000 --> 00:49:22.000]  就看不到
[00:49:22.000 --> 00:49:23.000]  老花自己
[00:49:23.000 --> 00:49:26.000]  你换一本大一点的圣经上去
[00:49:26.000 --> 00:49:28.000]  上到台之后
[00:49:28.000 --> 00:49:29.000]  看不到
[00:49:29.000 --> 00:49:31.000]  那个是没有心
[00:49:31.000 --> 00:49:33.000]  那个是没有准备
[00:49:33.000 --> 00:49:35.000]  诗篇的祈祷赞美
[00:49:35.000 --> 00:49:36.000]  很有准备
[00:49:36.000 --> 00:49:39.000]  所以诗班要练诗
[00:49:39.000 --> 00:49:40.000]  我不知道你的诗班怎么样
[00:49:40.000 --> 00:49:42.000]  我的诗班有时候就有这些拗叫
[00:49:42.000 --> 00:49:44.000]  我来参加侍奉就行
[00:49:44.000 --> 00:49:45.000]  用不着练
[00:49:45.000 --> 00:49:46.000]  我的声音又好
[00:49:46.000 --> 00:49:47.000]  歌又很熟
[00:49:47.000 --> 00:49:48.000]  不需要练
[00:49:48.000 --> 00:49:51.000]  到时上台就执生
[00:49:51.000 --> 00:49:54.000]  敬拜上帝
[00:49:54.000 --> 00:49:56.000]  在神的面前
[00:49:56.000 --> 00:49:57.000]  这个谨慎
[00:49:57.000 --> 00:49:59.000]  这个格律
[00:49:59.000 --> 00:50:02.000]  和真诚是没有冲突的
[00:50:02.000 --> 00:50:04.000]  诗篇给我们看到
[00:50:04.000 --> 00:50:06.000]  一个很重要的态度在这里
[00:50:06.000 --> 00:50:09.000]  剩下的时间
[00:50:09.000 --> 00:50:11.000]  在下半堂
[00:50:11.000 --> 00:50:13.000]  我们看四首诗篇之前
[00:50:13.000 --> 00:50:15.000]  我想稍微介绍一下
[00:50:15.000 --> 00:50:16.000]  我们读诗篇
[00:50:16.000 --> 00:50:18.000]  有什么地方要注意
[00:50:18.000 --> 00:50:20.000]  我提出五点
[00:50:20.000 --> 00:50:21.000]  第一
[00:50:21.000 --> 00:50:24.000]  诗篇的诗
[00:50:24.000 --> 00:50:26.000]  希伯来人的诗
[00:50:26.000 --> 00:50:28.000]  不是我们中国人的诗
[00:50:28.000 --> 00:50:30.000]  我们
[00:50:30.000 --> 00:50:31.000]  床前明月光
[00:50:31.000 --> 00:50:32.000]  疑是地上霜
[00:50:32.000 --> 00:50:33.000]  举头望明月
[00:50:33.000 --> 00:50:35.000]  低头思故乡
[00:50:35.000 --> 00:50:36.000]  一讲就知道是诗
[00:50:36.000 --> 00:50:37.000]  为什么你会知道
[00:50:37.000 --> 00:50:38.000]  第一
[00:50:38.000 --> 00:50:39.000]  每句都是五个字
[00:50:39.000 --> 00:50:41.000]  这个叫五言
[00:50:41.000 --> 00:50:42.000]  第二四句
[00:50:42.000 --> 00:50:43.000]  绝诗
[00:50:43.000 --> 00:50:44.000]  绝的意思不是很绝
[00:50:44.000 --> 00:50:46.000]  不过是个说法
[00:50:46.000 --> 00:50:48.000]  如果八句就叫律师
[00:50:48.000 --> 00:50:50.000]  第二
[00:50:50.000 --> 00:50:51.000]  压韵
[00:50:51.000 --> 00:50:52.000]  是不是
[00:50:52.000 --> 00:50:53.000]  床前明月光
[00:50:53.000 --> 00:50:54.000]  疑是地上霜
[00:50:54.000 --> 00:50:55.000]  举头望明月
[00:50:55.000 --> 00:50:56.000]  低头思故乡
[00:50:56.000 --> 00:50:58.000]  五句就是乡和乡
[00:50:58.000 --> 00:50:59.000]  压韵
[00:50:59.000 --> 00:51:01.000]  如果你再懂古文
[00:51:01.000 --> 00:51:03.000]  你会识平则
[00:51:03.000 --> 00:51:04.000]  所以今天很多人
[00:51:04.000 --> 00:51:05.000]  作那些打油诗
[00:51:05.000 --> 00:51:07.000]  乱七八糟
[00:51:07.000 --> 00:51:09.000]  就是因为他不识平则
[00:51:09.000 --> 00:51:10.000]  压不到平则
[00:51:10.000 --> 00:51:11.000]  只是压到那些
[00:51:11.000 --> 00:51:13.000]  打油诗的韵
[00:51:13.000 --> 00:51:15.000]  以为自己在写诗
[00:51:15.000 --> 00:51:17.000]  又笑大人的口
[00:51:17.000 --> 00:51:18.000]  中国人的诗
[00:51:18.000 --> 00:51:19.000]  有格式
[00:51:19.000 --> 00:51:20.000]  有压韵
[00:51:20.000 --> 00:51:21.000]  有平则
[00:51:21.000 --> 00:51:22.000]  希伯来人的诗
[00:51:22.000 --> 00:51:23.000]  有什么呢
[00:51:23.000 --> 00:51:24.000]  一般以来
[00:51:24.000 --> 00:51:26.000]  学者都认为
[00:51:26.000 --> 00:51:27.000]  希伯来人的诗
[00:51:27.000 --> 00:51:28.000]  最突出的地方
[00:51:28.000 --> 00:51:30.000]  就是平衡体裁
[00:51:30.000 --> 00:51:32.000]  这个平衡不是balance
[00:51:32.000 --> 00:51:33.000]  是parallel
[00:51:33.000 --> 00:51:35.000]  所以行字
[00:51:35.000 --> 00:51:37.000]  不要写了两边平衡
[00:51:37.000 --> 00:51:38.000]  两边一样重
[00:51:38.000 --> 00:51:39.000]  不是那个平衡
[00:51:39.000 --> 00:51:40.000]  不是两边一样重
[00:51:40.000 --> 00:51:42.000]  是平衡直线
[00:51:42.000 --> 00:51:45.000]  两条线永远不会交界
[00:51:45.000 --> 00:51:47.000]  两条线是平衡的
[00:51:47.000 --> 00:51:48.000]  parallel的
[00:51:48.000 --> 00:51:49.000]  这个平衡体裁
[00:51:49.000 --> 00:51:51.000]  是怎么发现出来的呢
[00:51:51.000 --> 00:51:52.000]  是欧洲的学者
[00:51:52.000 --> 00:51:53.000]  在十九世纪的时候
[00:51:53.000 --> 00:51:54.000]  就已经说了
[00:51:54.000 --> 00:51:56.000]  有三种的平衡
[00:51:56.000 --> 00:51:59.000]  一种叫同义的平衡
[00:51:59.000 --> 00:52:01.000]  什么叫同义的平衡呢
[00:52:01.000 --> 00:52:02.000]  诗篇十九篇
[00:52:02.000 --> 00:52:03.000]  第一节
[00:52:03.000 --> 00:52:06.000]  诸天述说神的荣耀
[00:52:06.000 --> 00:52:09.000]  穷仓传扬他的手段
[00:52:09.000 --> 00:52:10.000]  重复的
[00:52:10.000 --> 00:52:14.000]  诸天穷仓述说传扬
[00:52:14.000 --> 00:52:17.000]  这个同义的平衡
[00:52:17.000 --> 00:52:18.000]  这个很容易记的
[00:52:18.000 --> 00:52:19.000]  大家很容易找到
[00:52:19.000 --> 00:52:20.000]  第二类的平衡呢
[00:52:20.000 --> 00:52:23.000]  学者称为反义的平衡
[00:52:23.000 --> 00:52:24.000]  相反的
[00:52:24.000 --> 00:52:25.000]  诗篇少一点
[00:52:25.000 --> 00:52:27.000]  真言就很多的
[00:52:27.000 --> 00:52:29.000]  智慧人是这样
[00:52:29.000 --> 00:52:31.000]  愚顽人是这样
[00:52:31.000 --> 00:52:32.000]  相反的
[00:52:32.000 --> 00:52:34.000]  平衡相反的
[00:52:34.000 --> 00:52:35.000]  第三类呢
[00:52:35.000 --> 00:52:38.000]  学者称为综合平衡
[00:52:38.000 --> 00:52:40.000]  synthetic parallelism
[00:52:40.000 --> 00:52:43.000]  这个就是奸赖的
[00:52:43.000 --> 00:52:44.000]  赖猫的
[00:52:44.000 --> 00:52:46.000]  蛊惑的
[00:52:46.000 --> 00:52:48.000]  所有不是同义
[00:52:48.000 --> 00:52:49.000]  或不是反义的
[00:52:49.000 --> 00:52:51.000]  都叫做综合
[00:52:51.000 --> 00:52:53.000]  这个综合是百搭的
[00:52:53.000 --> 00:52:55.000]  就是说的等于没说
[00:52:55.000 --> 00:52:56.000]  事实上呢
[00:52:56.000 --> 00:52:57.000]  有平衡
[00:52:57.000 --> 00:52:58.000]  很清晰
[00:52:58.000 --> 00:53:00.000]  刚才我们引到很多平衡出来
[00:53:00.000 --> 00:53:01.000]  事实上
[00:53:01.000 --> 00:53:03.000]  同义和反义的平衡
[00:53:03.000 --> 00:53:04.000]  我们很容易见到
[00:53:04.000 --> 00:53:06.000]  但也发觉很多所谓的平衡
[00:53:06.000 --> 00:53:08.000]  其实不是平衡
[00:53:08.000 --> 00:53:10.000]  不过是一路说话说下去
[00:53:10.000 --> 00:53:12.000]  所以这个平衡
[00:53:12.000 --> 00:53:14.000]  是一个特色
[00:53:14.000 --> 00:53:16.000]  但不是唯一的特色
[00:53:16.000 --> 00:53:20.000]  更加在最近二十年来
[00:53:20.000 --> 00:53:22.000]  学者的研究就发觉
[00:53:22.000 --> 00:53:25.000]  所谓的同义平衡也好
[00:53:25.000 --> 00:53:27.000]  都不是重复来的
[00:53:27.000 --> 00:53:30.000]  诸天重复穷疮
[00:53:30.000 --> 00:53:33.000]  述说重复传扬
[00:53:33.000 --> 00:53:37.000]  但荣耀不是重复手段
[00:53:37.000 --> 00:53:39.000]  神的荣耀是什么呢?
[00:53:39.000 --> 00:53:42.000]  手段下半截的平衡
[00:53:42.000 --> 00:53:44.000]  是解释了神的荣耀
[00:53:44.000 --> 00:53:46.000]  是从神所做的
[00:53:46.000 --> 00:53:48.000]  来见到祂的荣耀
[00:53:48.000 --> 00:53:50.000]  不是从神的本体
[00:53:50.000 --> 00:53:51.000]  见到祂的荣耀
[00:53:51.000 --> 00:53:53.000]  你不能随便去诠释
[00:53:53.000 --> 00:53:55.000]  神的荣耀
[00:53:55.000 --> 00:53:57.000]  下面那句跟你解释了
[00:53:57.000 --> 00:54:00.000]  所以在平衡当中
[00:54:00.000 --> 00:54:01.000]  在同义当中
[00:54:01.000 --> 00:54:03.000]  是有进展的
[00:54:03.000 --> 00:54:05.000]  有发展的
[00:54:05.000 --> 00:54:07.000]  有再进一步的
[00:54:07.000 --> 00:54:09.000]  而一位犹太人学者
[00:54:09.000 --> 00:54:11.000]  在哈佛大学的James Kugel
[00:54:11.000 --> 00:54:12.000]  他写了一本书叫
[00:54:12.000 --> 00:54:13.000]  The Idea of Biblical Poetry
[00:54:13.000 --> 00:54:15.000]  他提出我们要读出
[00:54:15.000 --> 00:54:17.000]  不同的地方在哪里
[00:54:17.000 --> 00:54:19.000]  进展在哪里
[00:54:19.000 --> 00:54:21.000]  多了一重的
[00:54:21.000 --> 00:54:23.000]  多了一步在哪里
[00:54:23.000 --> 00:54:25.000]  那才是希伯来诗
[00:54:25.000 --> 00:54:27.000]  平衡体材当中
[00:54:27.000 --> 00:54:29.000]  最重要的一点
[00:54:29.000 --> 00:54:31.000]  所以有一段时间
[00:54:31.000 --> 00:54:33.000]  我们教弟兄姊妹读诗篇
[00:54:33.000 --> 00:54:35.000]  读诗歌的时候
[00:54:35.000 --> 00:54:36.000]  不要紧的
[00:54:36.000 --> 00:54:37.000]  一句话讲两次
[00:54:37.000 --> 00:54:39.000]  不用强行找它的意思出来
[00:54:39.000 --> 00:54:41.000]  对但又错
[00:54:41.000 --> 00:54:43.000]  不用强行找它的意思
[00:54:43.000 --> 00:54:44.000]  不要强行
[00:54:44.000 --> 00:54:45.000]  这个是对的
[00:54:45.000 --> 00:54:47.000]  要找它不同的地方
[00:54:47.000 --> 00:54:48.000]  不是强行的
[00:54:48.000 --> 00:54:50.000]  它有些东西不同的
[00:54:50.000 --> 00:54:52.000]  榮耀手段不同的
[00:54:52.000 --> 00:54:53.000]  你找出来
[00:54:53.000 --> 00:54:55.000]  你就明白第一节
[00:54:55.000 --> 00:54:57.000]  这句话的意思在哪里
[00:54:57.000 --> 00:54:59.000]  所以这个平衡体材很重要
[00:54:59.000 --> 00:55:00.000]  不过要小心
[00:55:00.000 --> 00:55:02.000]  第二
[00:55:02.000 --> 00:55:04.000]  希伯来诗都有声韵
[00:55:04.000 --> 00:55:06.000]  都有节奏
[00:55:06.000 --> 00:55:08.000]  它有压韵的
[00:55:08.000 --> 00:55:10.000]  不过不是句句压韵
[00:55:10.000 --> 00:55:12.000]  不是假句压韵
[00:55:12.000 --> 00:55:14.000]  有时压有时不压
[00:55:14.000 --> 00:55:16.000]  你不懂希伯来文
[00:55:16.000 --> 00:55:18.000]  根本对你没有关系
[00:55:18.000 --> 00:55:20.000]  有时还有谐音
[00:55:20.000 --> 00:55:22.000]  音节上它玩很多游戏
[00:55:22.000 --> 00:55:24.000]  不过可惜我们
[00:55:24.000 --> 00:55:26.000]  少用希伯来文来读
[00:55:26.000 --> 00:55:28.000]  翻译译不出来
[00:55:28.000 --> 00:55:30.000]  译文就没办法
[00:55:30.000 --> 00:55:32.000]  译到谐音、压韵
[00:55:32.000 --> 00:55:34.000]  做不到的了
[00:55:34.000 --> 00:55:36.000]  试试译唐诗就知道了
[00:55:36.000 --> 00:55:38.000]  唐前明月光译英文
[00:55:38.000 --> 00:55:40.000]  就压韵
[00:55:40.000 --> 00:55:42.000]  压不到
[00:55:42.000 --> 00:55:44.000]  地上伤
[00:55:44.000 --> 00:55:46.000]  和故乡
[00:55:46.000 --> 00:55:48.000]  你的胸
[00:55:48.000 --> 00:55:50.000]  怎么压韵呢
[00:55:50.000 --> 00:55:52.000]  短句在希伯来诗
[00:55:52.000 --> 00:55:54.000]  一个很重要的
[00:55:54.000 --> 00:55:56.000]  节奏上
[00:55:56.000 --> 00:55:58.000]  怎么分到诗和散文呢
[00:55:58.000 --> 00:56:00.000]  散文的句子比较长
[00:56:00.000 --> 00:56:02.000]  诗的句子
[00:56:02.000 --> 00:56:04.000]  是三个节拍
[00:56:04.000 --> 00:56:06.000]  两个节拍顶多四个节拍
[00:56:06.000 --> 00:56:08.000]  去到五个节拍
[00:56:08.000 --> 00:56:10.000]  你几乎可以把它分句
[00:56:10.000 --> 00:56:12.000]  分成三二或者二三
[00:56:12.000 --> 00:56:14.000]  这是声韵上
[00:56:14.000 --> 00:56:16.000]  第三
[00:56:16.000 --> 00:56:18.000]  加强语气
[00:56:18.000 --> 00:56:22.000]  诗篇除了平衡
[00:56:22.000 --> 00:56:26.000]  除了有
[00:56:26.000 --> 00:56:28.000]  节奏
[00:56:28.000 --> 00:56:30.000]  或者句子的
[00:56:30.000 --> 00:56:32.000]  长短
[00:56:32.000 --> 00:56:34.000]  第三个特性
[00:56:34.000 --> 00:56:36.000]  就是
[00:56:36.000 --> 00:56:38.000]  这些诗
[00:56:38.000 --> 00:56:40.000]  有时会特别
[00:56:40.000 --> 00:56:42.000]  加强
[00:56:42.000 --> 00:56:44.000]  强调
[00:56:44.000 --> 00:56:46.000]  其中一些字句
[00:56:46.000 --> 00:56:48.000]  一些意思
[00:56:48.000 --> 00:56:50.000]  以突出主题
[00:56:50.000 --> 00:56:52.000]  这个加强
[00:56:52.000 --> 00:56:54.000]  是很重要的
[00:56:54.000 --> 00:56:56.000]  加强语气出现的时候
[00:56:56.000 --> 00:56:58.000]  它用的方法就是
[00:56:58.000 --> 00:57:00.000]  重复同一个字
[00:57:00.000 --> 00:57:02.000]  有时翻译本
[00:57:02.000 --> 00:57:04.000]  诗者
[00:57:04.000 --> 00:57:06.000]  自作聪明
[00:57:06.000 --> 00:57:08.000]  经常用字
[00:57:08.000 --> 00:57:10.000]  单调
[00:57:10.000 --> 00:57:12.000]  让我翻译的时候
[00:57:12.000 --> 00:57:14.000]  用几个不同的字
[00:57:14.000 --> 00:57:16.000]  去翻译
[00:57:16.000 --> 00:57:18.000]  你读中文译本
[00:57:18.000 --> 00:57:20.000]  英文译本
[00:57:20.000 --> 00:57:22.000]  你完全没办法想象
[00:57:22.000 --> 00:57:24.000]  原本希伯来文重复了十次
[00:57:24.000 --> 00:57:26.000]  因为用了四个不同的字
[00:57:26.000 --> 00:57:28.000]  来翻译同一个字
[00:57:28.000 --> 00:57:30.000]  这个技巧
[00:57:30.000 --> 00:57:32.000]  有时在翻译上
[00:57:32.000 --> 00:57:34.000]  很深
[00:57:34.000 --> 00:57:36.000]  做坏事就破坏了
[00:57:36.000 --> 00:57:38.000]  另外
[00:57:38.000 --> 00:57:40.000]  希伯来文有它的
[00:57:40.000 --> 00:57:42.000]  语法
[00:57:42.000 --> 00:57:44.000]  句子的规则
[00:57:44.000 --> 00:57:46.000]  中文也有
[00:57:46.000 --> 00:57:48.000]  中文比较自由
[00:57:48.000 --> 00:57:50.000]  有时我们的主词客词
[00:57:50.000 --> 00:57:52.000]  都会调转头用
[00:57:52.000 --> 00:57:54.000]  有时我们的动词行先
[00:57:54.000 --> 00:57:56.000]  很乱的广东话
[00:57:56.000 --> 00:57:58.000]  无文化的语言
[00:57:58.000 --> 00:58:00.000]  很难学
[00:58:00.000 --> 00:58:02.000]  希伯来文有文法
[00:58:02.000 --> 00:58:04.000]  不过有时文法都会调转
[00:58:04.000 --> 00:58:06.000]  譬如我举一个很简单的例子
[00:58:06.000 --> 00:58:08.000]  你读希伯来文就会懂
[00:58:08.000 --> 00:58:10.000]  一定是动词行先
[00:58:10.000 --> 00:58:12.000]  名词行后
[00:58:12.000 --> 00:58:14.000]  代名词通常都不单独出现
[00:58:14.000 --> 00:58:16.000]  如果在诗里
[00:58:16.000 --> 00:58:18.000]  不是动词行先
[00:58:18.000 --> 00:58:20.000]  是主词行先
[00:58:20.000 --> 00:58:22.000]  又或者代名词
[00:58:22.000 --> 00:58:24.000]  独立出现
[00:58:24.000 --> 00:58:26.000]  加强语气的味道就很清楚
[00:58:26.000 --> 00:58:28.000]  一会儿我们讨论
[00:58:28.000 --> 00:58:30.000]  诗篇23篇的时候
[00:58:30.000 --> 00:58:32.000]  你会发觉这些地方
[00:58:32.000 --> 00:58:34.000]  是帮助我们去明白
[00:58:34.000 --> 00:58:36.000]  那首诗的主题
[00:58:36.000 --> 00:58:38.000]  是更加明确的指示
[00:58:38.000 --> 00:58:40.000]  第四
[00:58:40.000 --> 00:58:42.000]  希伯来的诗
[00:58:42.000 --> 00:58:44.000]  是用很多意象
[00:58:44.000 --> 00:58:46.000]  图画
[00:58:46.000 --> 00:58:48.000]  也有很多典故
[00:58:48.000 --> 00:58:50.000]  中文也是
[00:58:50.000 --> 00:58:52.000]  我们中国人的诗
[00:58:52.000 --> 00:58:54.000]  一讲起春风
[00:58:54.000 --> 00:58:56.000]  就是典故
[00:58:56.000 --> 00:58:58.000]  八仙岭
[00:58:58.000 --> 00:59:00.000]  春风亭
[00:59:00.000 --> 00:59:02.000]  不要搞错典故
[00:59:02.000 --> 00:59:04.000]  春风有两个典故
[00:59:04.000 --> 00:59:06.000]  一个叫野火烧不尽
[00:59:06.000 --> 00:59:08.000]  春风吹又生
[00:59:08.000 --> 00:59:10.000]  另外一个春风化雨
[00:59:10.000 --> 00:59:12.000]  当然你会选择
[00:59:12.000 --> 00:59:14.000]  因为我们在这个文化里长大
[00:59:14.000 --> 00:59:16.000]  现在讲到秋月
[00:59:16.000 --> 00:59:18.000]  自然有种凄凉的感觉
[00:59:18.000 --> 00:59:20.000]  自然有种凄凉的感觉
[00:59:20.000 --> 00:59:22.000]  有很多东西
[00:59:22.000 --> 00:59:24.000]  不需要多讲
[00:59:24.000 --> 00:59:26.000]  我很喜欢的一首词
[00:59:26.000 --> 00:59:28.000]  天静沙马自远
[00:59:28.000 --> 00:59:30.000]  所写的
[00:59:30.000 --> 00:59:32.000]  一开始的时候
[00:59:32.000 --> 00:59:34.000]  讲那些景色
[00:59:34.000 --> 00:59:36.000]  记不记得
[00:59:36.000 --> 00:59:38.000]  是怎样开始的
[00:59:38.000 --> 00:59:40.000]  富藤老树分鸦
[00:59:40.000 --> 00:59:42.000]  小桥流水人家
[00:59:42.000 --> 00:59:44.000]  古道西风瘦马
[00:59:44.000 --> 00:59:46.000]  全部都是典故
[00:59:46.000 --> 00:59:48.000]  全部都是中国画的典故
[00:59:48.000 --> 00:59:50.000]  你不是中国人
[00:59:50.000 --> 00:59:52.000]  是看不懂的
[00:59:52.000 --> 00:59:54.000]  颜色在内
[00:59:54.000 --> 00:59:56.000]  景物在内
[00:59:56.000 --> 00:59:58.000]  心情在内
[00:59:58.000 --> 01:00:00.000]  直扬西下
[01:00:00.000 --> 01:00:02.000]  断肠人在天涯
[01:00:02.000 --> 01:00:04.000]  离乡别井
[01:00:04.000 --> 01:00:06.000]  这种情怀
[01:00:06.000 --> 01:00:08.000]  刚才我们背过
[01:00:08.000 --> 01:00:10.000]  最简单的创前明月光
[01:00:10.000 --> 01:00:12.000]  月光是什么呢
[01:00:12.000 --> 01:00:14.000]  中秋节的典故
[01:00:14.000 --> 01:00:16.000]  团圆的典故
[01:00:16.000 --> 01:00:18.000]  希伯来斯有很多典故我们不熟悉
[01:00:18.000 --> 01:00:20.000]  因为他用的是
[01:00:20.000 --> 01:00:22.000]  近东嘉南的神话典故
[01:00:22.000 --> 01:00:24.000]  海怪的典故
[01:00:24.000 --> 01:00:26.000]  恶魔的典故
[01:00:26.000 --> 01:00:28.000]  他有他那套典故
[01:00:28.000 --> 01:00:30.000]  我经常说这些典故
[01:00:30.000 --> 01:00:32.000]  是很文化色彩浓厚的
[01:00:32.000 --> 01:00:34.000]  为什么我们去西方人参观鬼屋
[01:00:34.000 --> 01:00:36.000]  经常都贪腎笨浪费钱
[01:00:36.000 --> 01:00:38.000]  他的典故和我们不同
[01:00:38.000 --> 01:00:40.000]  他的鬼
[01:00:40.000 --> 01:00:42.000]  我们不觉得害怕
[01:00:42.000 --> 01:00:44.000]  我们的鬼他又不害怕
[01:00:44.000 --> 01:00:46.000]  大家的文化不同
[01:00:46.000 --> 01:00:48.000]  这是文化的差距
[01:00:48.000 --> 01:00:50.000]  很不同的
[01:00:50.000 --> 01:00:52.000]  所以希伯来斯
[01:00:52.000 --> 01:00:54.000]  有时我们失去了
[01:00:54.000 --> 01:00:56.000]  我们不熟悉的时候
[01:00:56.000 --> 01:00:58.000]  不要说古代近东的神话
[01:00:58.000 --> 01:01:00.000]  背景不熟悉
[01:01:00.000 --> 01:01:02.000]  我们连圣经历史都不熟悉
[01:01:02.000 --> 01:01:04.000]  所以说起历史的事实
[01:01:04.000 --> 01:01:06.000]  我们都不记得
[01:01:06.000 --> 01:01:08.000]  我们的摩西五经又不熟悉
[01:01:08.000 --> 01:01:10.000]  我们的历史书又不熟悉
[01:01:10.000 --> 01:01:12.000]  这些全部在诗里经常出现
[01:01:12.000 --> 01:01:14.000]  出现的时候
[01:01:14.000 --> 01:01:16.000]  诗人是预了你识的
[01:01:16.000 --> 01:01:18.000]  没有驻脚去解的
[01:01:18.000 --> 01:01:20.000]  所以你读的时候
[01:01:20.000 --> 01:01:22.000]  要很小心
[01:01:22.000 --> 01:01:24.000]  最后第五点我提出来
[01:01:24.000 --> 01:01:26.000]  就是一首诗一定
[01:01:26.000 --> 01:01:28.000]  我再说
[01:01:28.000 --> 01:01:30.000]  一定有一个结构
[01:01:30.000 --> 01:01:32.000]  不过很可惜
[01:01:32.000 --> 01:01:34.000]  西方的学者不耐烦
[01:01:34.000 --> 01:01:36.000]  不耐烦去找一个结构
[01:01:36.000 --> 01:01:38.000]  所以你看所谓注释书
[01:01:38.000 --> 01:01:40.000]  很少注释书有
[01:01:40.000 --> 01:01:42.000]  很详尽的讨论
[01:01:42.000 --> 01:01:44.000]  关于诗篇的结构
[01:01:44.000 --> 01:01:46.000]  如果你跟拉比读诗篇
[01:01:46.000 --> 01:01:48.000]  拉比读诗篇的时候
[01:01:48.000 --> 01:01:50.000]  他很紧张结构
[01:01:50.000 --> 01:01:52.000]  有结构的,好像没有结构的诗
[01:01:52.000 --> 01:01:54.000]  其实都有很清楚的结构
[01:01:54.000 --> 01:01:56.000]  而结构往往
[01:01:56.000 --> 01:01:58.000]  和主题
[01:01:58.000 --> 01:02:00.000]  息息相关
[01:02:00.000 --> 01:02:02.000]  所以今天读诗篇有两种读法
[01:02:02.000 --> 01:02:04.000]  一种就是
[01:02:04.000 --> 01:02:06.000]  默想
[01:02:06.000 --> 01:02:08.000]  拿着诗篇一句说话
[01:02:08.000 --> 01:02:10.000]  你可以误出很多道理
[01:02:10.000 --> 01:02:12.000]  但那句话未必是
[01:02:12.000 --> 01:02:14.000]  那首诗最重要的一句
[01:02:14.000 --> 01:02:16.000]  如果你想问诗人
[01:02:16.000 --> 01:02:18.000]  想说什么
[01:02:18.000 --> 01:02:20.000]  往往你要从结构入手
[01:02:20.000 --> 01:02:22.000]  结构将主题
[01:02:22.000 --> 01:02:24.000]  表明出来
[01:02:24.000 --> 01:02:26.000]  有时候是用平衡的结构
[01:02:26.000 --> 01:02:28.000]  这个平衡不是parallel
[01:02:28.000 --> 01:02:30.000]  这个是balance
[01:02:30.000 --> 01:02:32.000]  前后呼应
[01:02:32.000 --> 01:02:34.000]  有时是线形的结构
[01:02:34.000 --> 01:02:36.000]  我们讲过阿摩斯书
[01:02:36.000 --> 01:02:38.000]  线形结构
[01:02:38.000 --> 01:02:40.000]  是一样的,中间有发展
[01:02:40.000 --> 01:02:42.000]  这些结构很重要
[01:02:42.000 --> 01:02:44.000]  与其讲理论
[01:02:44.000 --> 01:02:46.000]  不如我们实际上看
[01:02:46.000 --> 01:02:48.000]  四首诗篇
[01:02:48.000 --> 01:02:50.000]  诗篇150篇
[01:02:50.000 --> 01:02:52.000]  彼此之间没有什么联系
[01:02:52.000 --> 01:02:54.000]  我们无需花时间
[01:02:54.000 --> 01:02:56.000]  去找出这150首诗篇
[01:02:56.000 --> 01:02:58.000]  的结构
[01:02:58.000 --> 01:03:00.000]  这是一个诗集
[01:03:00.000 --> 01:03:02.000]  诗集有很多种方式去编的
[01:03:02.000 --> 01:03:04.000]  但一首诗是独立的
[01:03:04.000 --> 01:03:06.000]  那首诗本身
[01:03:06.000 --> 01:03:08.000]  有一个很清楚的结构
[01:03:08.000 --> 01:03:10.000]  诗篇23篇
[01:03:10.000 --> 01:03:14.000]  为了要突出
[01:03:14.000 --> 01:03:16.000]  那个结构
[01:03:16.000 --> 01:03:18.000]  我尝试将它重新翻译
[01:03:18.000 --> 01:03:20.000]  不是跟和合本
[01:03:20.000 --> 01:03:22.000]  再加上和合本
[01:03:22.000 --> 01:03:24.000]  我们太熟悉了
[01:03:24.000 --> 01:03:26.000]  所以我们有时候视而不见
[01:03:26.000 --> 01:03:28.000]  好像以蔡雅所讲
[01:03:28.000 --> 01:03:30.000]  看是看见却不明白
[01:03:30.000 --> 01:03:32.000]  现在重新来过
[01:03:32.000 --> 01:03:34.000]  我读给你听诗篇23篇
[01:03:34.000 --> 01:03:36.000]  大卫的赞歌
[01:03:36.000 --> 01:03:38.000]  上主牧养我
[01:03:38.000 --> 01:03:40.000]  我无缺乏
[01:03:40.000 --> 01:03:42.000]  在青葱草原
[01:03:42.000 --> 01:03:44.000]  祂让我躺下
[01:03:44.000 --> 01:03:46.000]  于静水之旁
[01:03:46.000 --> 01:03:48.000]  祂带领我
[01:03:48.000 --> 01:03:50.000]  我的生命由祂恢复
[01:03:50.000 --> 01:03:52.000]  祂引导我在征途上
[01:03:52.000 --> 01:03:54.000]  皆为祂的命
[01:03:54.000 --> 01:03:56.000]  就算我走在阴森的谷中
[01:03:56.000 --> 01:03:58.000]  我不惧凶险
[01:03:58.000 --> 01:04:00.000]  因祢陪伴我
[01:04:00.000 --> 01:04:02.000]  祢的杖与祢的杆
[01:04:02.000 --> 01:04:04.000]  是祂们安慰我
[01:04:04.000 --> 01:04:06.000]  祢在我面前
[01:04:06.000 --> 01:04:08.000]  大牌宴席
[01:04:08.000 --> 01:04:10.000]  归正我众仇敌
[01:04:10.000 --> 01:04:12.000]  祢用膏油滋润我的头
[01:04:12.000 --> 01:04:14.000]  我的灰满人
[01:04:14.000 --> 01:04:16.000]  原来
[01:04:16.000 --> 01:04:18.000]  是良善与信实
[01:04:18.000 --> 01:04:20.000]  紧追着我
[01:04:20.000 --> 01:04:22.000]  在我有生之年
[01:04:22.000 --> 01:04:24.000]  我要住在上主殿中
[01:04:24.000 --> 01:04:26.000]  以道悠悠岁月
[01:04:26.000 --> 01:04:28.000]  以道悠悠岁月
[01:04:28.000 --> 01:04:30.000]  这首诗的结构很清楚
[01:04:30.000 --> 01:04:32.000]  头一句是独立的
[01:04:32.000 --> 01:04:34.000]  然后四段
[01:04:34.000 --> 01:04:36.000]  每段有四句
[01:04:36.000 --> 01:04:38.000]  所以分节就不对了
[01:04:38.000 --> 01:04:40.000]  你看到分节数
[01:04:40.000 --> 01:04:42.000]  第一段是二三两节
[01:04:42.000 --> 01:04:44.000]  以后一节就一段了
[01:04:44.000 --> 01:04:46.000]  如果你真的要逐句去分节
[01:04:46.000 --> 01:04:48.000]  这首诗篇多很多节
[01:04:48.000 --> 01:04:50.000]  所以不要理那些节数
[01:04:50.000 --> 01:04:52.000]  看回这四段
[01:04:52.000 --> 01:04:54.000]  其实每一段
[01:04:54.000 --> 01:04:56.000]  希伯来文都有个强调
[01:04:56.000 --> 01:05:00.000]  刚才我们讲其中一个特色
[01:05:00.000 --> 01:05:02.000]  一个emphasis
[01:05:02.000 --> 01:05:04.000]  一个强调的地方
[01:05:04.000 --> 01:05:06.000]  譬如
[01:05:06.000 --> 01:05:08.000]  在第二节
[01:05:08.000 --> 01:05:10.000]  我们和合本的翻译
[01:05:10.000 --> 01:05:12.000]  他使我躺我在青草地上
[01:05:12.000 --> 01:05:14.000]  令我在可安歇的水边
[01:05:14.000 --> 01:05:16.000]  这个没什么强调
[01:05:16.000 --> 01:05:18.000]  但原文不是这样说
[01:05:18.000 --> 01:05:20.000]  原文是在青翠的草原上
[01:05:20.000 --> 01:05:22.000]  他让我躺下
[01:05:22.000 --> 01:05:26.000]  在安静的水边
[01:05:26.000 --> 01:05:28.000]  他带领我
[01:05:28.000 --> 01:05:30.000]  这个不是说人
[01:05:30.000 --> 01:05:32.000]  人躺在草地
[01:05:32.000 --> 01:05:34.000]  躺在河边
[01:05:34.000 --> 01:05:36.000]  欣赏风景
[01:05:36.000 --> 01:05:38.000]  这里说的是羊
[01:05:38.000 --> 01:05:40.000]  上主牧养我
[01:05:40.000 --> 01:05:42.000]  这只羊躺在草地上
[01:05:42.000 --> 01:05:44.000]  是什么意思
[01:05:44.000 --> 01:05:46.000]  我的解释是
[01:05:46.000 --> 01:05:48.000]  躺在自助餐的餐桌上
[01:05:48.000 --> 01:05:50.000]  左边是鱼生
[01:05:50.000 --> 01:05:52.000]  右边是烧牛肉
[01:05:52.000 --> 01:05:54.000]  你起都不用起身
[01:05:54.000 --> 01:05:56.000]  就可以吃了
[01:05:56.000 --> 01:05:58.000]  羊躺在草地的意思
[01:05:58.000 --> 01:06:00.000]  很丰富的
[01:06:00.000 --> 01:06:02.000]  在安静的水边
[01:06:02.000 --> 01:06:04.000]  不是可安歇的水边
[01:06:04.000 --> 01:06:06.000]  不是让羊休息
[01:06:06.000 --> 01:06:08.000]  是水很安静
[01:06:08.000 --> 01:06:10.000]  因为水流很急的时候
[01:06:10.000 --> 01:06:12.000]  羊喝不到水
[01:06:12.000 --> 01:06:14.000]  要在安静的水
[01:06:14.000 --> 01:06:16.000]  不动的水
[01:06:16.000 --> 01:06:18.000]  但不是死水
[01:06:18.000 --> 01:06:20.000]  很小的羊都可以喝到水
[01:06:20.000 --> 01:06:22.000]  这是上帝很丰富的供应
[01:06:22.000 --> 01:06:24.000]  在这个丰富的当中
[01:06:24.000 --> 01:06:26.000]  诗人特别调转了
[01:06:26.000 --> 01:06:28.000]  先把丰富说了
[01:06:28.000 --> 01:06:30.000]  在这么丰富的食物当中
[01:06:30.000 --> 01:06:32.000]  是谁给你的
[01:06:32.000 --> 01:06:34.000]  是上主
[01:06:34.000 --> 01:06:36.000]  是他牧养我
[01:06:36.000 --> 01:06:38.000]  在这么安静的水边
[01:06:38.000 --> 01:06:40.000]  舒适的环境
[01:06:40.000 --> 01:06:42.000]  开了冷气听不到外面的吵
[01:06:42.000 --> 01:06:44.000]  是家里谁给你的
[01:06:44.000 --> 01:06:46.000]  上帝不是你自己白手兴家
[01:06:46.000 --> 01:06:48.000]  在第一段有强调
[01:06:48.000 --> 01:06:50.000]  这么好的工作
[01:06:50.000 --> 01:06:52.000]  这么舒适的生活环境
[01:06:52.000 --> 01:06:54.000]  这么丰富的物质供应
[01:06:54.000 --> 01:06:56.000]  是谁给你的
[01:06:56.000 --> 01:06:58.000]  不要忘记是他
[01:06:58.000 --> 01:07:00.000]  那句子的先后次序
[01:07:00.000 --> 01:07:02.000]  突出了这个问题
[01:07:02.000 --> 01:07:04.000]  突出了这个问题
[01:07:04.000 --> 01:07:06.000]  突出了这个问题
[01:07:06.000 --> 01:07:08.000]  第二段
[01:07:08.000 --> 01:07:10.000]  最后那句话
[01:07:10.000 --> 01:07:12.000]  你的脏和你的肝
[01:07:12.000 --> 01:07:14.000]  是他们安慰我
[01:07:14.000 --> 01:07:16.000]  是他们安慰我
[01:07:16.000 --> 01:07:18.000]  刚才我说的那个代名词
[01:07:18.000 --> 01:07:20.000]  独立就在这里
[01:07:20.000 --> 01:07:22.000]  他们安慰我
[01:07:22.000 --> 01:07:24.000]  安慰
[01:07:24.000 --> 01:07:26.000]  在危险当中安慰你的
[01:07:26.000 --> 01:07:28.000]  不是上帝的出现
[01:07:28.000 --> 01:07:30.000]  他不需要出现
[01:07:30.000 --> 01:07:32.000]  他的脏
[01:07:32.000 --> 01:07:34.000]  和他的肝就足够了
[01:07:34.000 --> 01:07:36.000]  这个是圣经
[01:07:36.000 --> 01:07:38.000]  支配23篇的教导
[01:07:38.000 --> 01:07:40.000]  你经常说在危险当中
[01:07:40.000 --> 01:07:42.000]  上帝现身
[01:07:42.000 --> 01:07:44.000]  照顾着我就好了
[01:07:44.000 --> 01:07:46.000]  圣经从来没有答应过你
[01:07:46.000 --> 01:07:48.000]  他的脏是什么意思
[01:07:48.000 --> 01:07:50.000]  他帮你保护你
[01:07:50.000 --> 01:07:52.000]  有野兽来袭击的时候
[01:07:52.000 --> 01:07:54.000]  他的脏和他的肝
[01:07:54.000 --> 01:07:56.000]  就是用来保护
[01:07:56.000 --> 01:07:58.000]  短棒来的
[01:07:58.000 --> 01:08:00.000]  用来防身的牧羊人
[01:08:00.000 --> 01:08:02.000]  用来打斗用的
[01:08:02.000 --> 01:08:04.000]  另外一个意思很清楚
[01:08:04.000 --> 01:08:06.000]  脏和肝是羊
[01:08:06.000 --> 01:08:08.000]  有时走错路的时候
[01:08:08.000 --> 01:08:10.000]  牧羊人将它拉回头
[01:08:10.000 --> 01:08:12.000]  这就是脏和肝
[01:08:12.000 --> 01:08:14.000]  在危险当中
[01:08:14.000 --> 01:08:16.000]  在黑暗当中
[01:08:16.000 --> 01:08:18.000]  是什么成为我们的安慰
[01:08:18.000 --> 01:08:20.000]  我们要寻求什么的安慰
[01:08:20.000 --> 01:08:22.000]  不是上帝本身出现
[01:08:22.000 --> 01:08:24.000]  抱着我们
[01:08:24.000 --> 01:08:26.000]  那种我们很浪漫的想法
[01:08:26.000 --> 01:08:30.000]  上帝会透过很多的工具
[01:08:30.000 --> 01:08:32.000]  透过他的办法
[01:08:32.000 --> 01:08:34.000]  有些是保护我们
[01:08:34.000 --> 01:08:36.000]  有时候是我们自寻死路
[01:08:36.000 --> 01:08:38.000]  他要管教我们
[01:08:38.000 --> 01:08:40.000]  他的脏
[01:08:40.000 --> 01:08:42.000]  他的肝
[01:08:42.000 --> 01:08:44.000]  他的强调在这里
[01:08:44.000 --> 01:08:46.000]  第三段
[01:08:46.000 --> 01:08:48.000]  对症我中仇敌
[01:08:48.000 --> 01:08:50.000]  很突出的
[01:08:50.000 --> 01:08:52.000]  和学本就先开了股
[01:08:52.000 --> 01:08:54.000]  在我敌人面前
[01:08:54.000 --> 01:08:56.000]  你为我摆设筵席
[01:08:56.000 --> 01:08:58.000]  希伯来文就不开股字
[01:08:58.000 --> 01:09:00.000]  你在我面前
[01:09:00.000 --> 01:09:02.000]  大排筵席
[01:09:02.000 --> 01:09:04.000]  吃饭的时候
[01:09:04.000 --> 01:09:06.000]  高头一望
[01:09:06.000 --> 01:09:08.000]  原来是我的敌人
[01:09:08.000 --> 01:09:10.000]  对症我中仇敌
[01:09:10.000 --> 01:09:12.000]  这个上帝的祝福
[01:09:12.000 --> 01:09:16.000]  上帝的保护
[01:09:16.000 --> 01:09:20.000]  是让我们在敌人的面前都无惧
[01:09:20.000 --> 01:09:22.000]  这个意思很突出
[01:09:22.000 --> 01:09:24.000]  对症
[01:09:24.000 --> 01:09:26.000]  (英文)
[01:09:26.000 --> 01:09:28.000]  那个希伯来文的字
[01:09:28.000 --> 01:09:30.000]  就是明明白白躲都躲不了
[01:09:30.000 --> 01:09:32.000]  不是躲在柱子后面吃饭
[01:09:32.000 --> 01:09:34.000]  对症一样吃得下
[01:09:34.000 --> 01:09:38.000]  然后最突出的是第六节
[01:09:38.000 --> 01:09:42.000]  原来是良善和信实
[01:09:42.000 --> 01:09:44.000]  紧追着我
[01:09:44.000 --> 01:09:46.000]  中英文就不是这样翻译
[01:09:46.000 --> 01:09:48.000]  中文就翻译
[01:09:48.000 --> 01:09:50.000]  必有因为慈爱随着我
[01:09:50.000 --> 01:09:52.000]  必是很正面的
[01:09:52.000 --> 01:09:54.000]  英文都是这样说
[01:09:54.000 --> 01:09:56.000]  Surely goodness and mercy
[01:09:56.000 --> 01:09:58.000]  shall follow me
[01:09:58.000 --> 01:10:00.000]  唱就唱吧
[01:10:00.000 --> 01:10:02.000]  很熟悉的诗歌
[01:10:02.000 --> 01:10:04.000]  希伯来文这个"啊"
[01:10:04.000 --> 01:10:06.000]  这个感叹不是必然
[01:10:06.000 --> 01:10:08.000]  因为动词很特别
[01:10:08.000 --> 01:10:10.000]  动词不是追随
[01:10:10.000 --> 01:10:14.000]  动词是追杀
[01:10:14.000 --> 01:10:16.000]  这里是说在危险
[01:10:16.000 --> 01:10:18.000]  逼人
[01:10:18.000 --> 01:10:20.000]  是那个典故来的
[01:10:20.000 --> 01:10:22.000]  在沙漠的地方你被仇人追杀
[01:10:22.000 --> 01:10:24.000]  不过好彩
[01:10:24.000 --> 01:10:26.000]  你走早一步
[01:10:26.000 --> 01:10:28.000]  你找到一个主人
[01:10:28.000 --> 01:10:30.000]  收留你过一晚夜
[01:10:30.000 --> 01:10:32.000]  在他的帐篷
[01:10:32.000 --> 01:10:34.000]  为你大排筵席
[01:10:34.000 --> 01:10:36.000]  你的仇家在对面不远
[01:10:36.000 --> 01:10:38.000]  伏在树后看着你吃饭
[01:10:38.000 --> 01:10:40.000]  但他不能动你
[01:10:40.000 --> 01:10:42.000]  因为你有个主人
[01:10:42.000 --> 01:10:44.000]  按古代近东
[01:10:44.000 --> 01:10:46.000]  招待客人的规矩
[01:10:46.000 --> 01:10:48.000]  这二十四个小时
[01:10:48.000 --> 01:10:50.000]  你是他的客人
[01:10:50.000 --> 01:10:52.000]  你的敌人不可以做任何事
[01:10:52.000 --> 01:10:54.000]  二十四小时后你继续走
[01:10:54.000 --> 01:10:56.000]  你不可以赖死一世
[01:10:56.000 --> 01:10:58.000]  你的敌人就追你
[01:10:58.000 --> 01:11:00.000]  追到没气喘的时候
[01:11:00.000 --> 01:11:02.000]  你回头一看
[01:11:02.000 --> 01:11:04.000]  原来追着我的
[01:11:04.000 --> 01:11:06.000]  是上帝的良善和信实
[01:11:06.000 --> 01:11:08.000]  不是魔鬼撒旦
[01:11:08.000 --> 01:11:10.000]  在我们的一生当中
[01:11:10.000 --> 01:11:12.000]  有多少时候我们是这样虚惊一场
[01:11:12.000 --> 01:11:14.000]  我们以为
[01:11:14.000 --> 01:11:16.000]  那些是敌人的攻击
[01:11:16.000 --> 01:11:18.000]  原来是上帝化了妆的祝福
[01:11:18.000 --> 01:11:20.000]  这个发现
[01:11:20.000 --> 01:11:22.000]  在这首诗的最后
[01:11:22.000 --> 01:11:24.000]  很有力的
[01:11:24.000 --> 01:11:26.000]  诗人来到他晚年的时候
[01:11:26.000 --> 01:11:28.000]  回头一看
[01:11:28.000 --> 01:11:30.000]  原来他一生所经过的
[01:11:30.000 --> 01:11:32.000]  不是痛苦
[01:11:32.000 --> 01:11:34.000]  不是灾害
[01:11:34.000 --> 01:11:36.000]  是上帝追着他
[01:11:36.000 --> 01:11:38.000]  整首诗
[01:11:38.000 --> 01:11:40.000]  其实是一个不断的发言
[01:11:40.000 --> 01:11:42.000]  不断的发言
[01:11:42.000 --> 01:11:44.000]  那个emphasis
[01:11:44.000 --> 01:11:46.000]  那个强调的地方
[01:11:46.000 --> 01:11:48.000]  让你看到表面的那幅图画
[01:11:48.000 --> 01:11:50.000]  其实是这样
[01:11:50.000 --> 01:11:52.000]  所以标题很有意思
[01:11:52.000 --> 01:11:54.000]  上主牧养我
[01:11:54.000 --> 01:11:56.000]  我没有缺乏
[01:11:56.000 --> 01:11:58.000]  人生怎么会没有缺乏
[01:11:58.000 --> 01:12:00.000]  人人都有缺乏
[01:12:00.000 --> 01:12:02.000]  人人都有田园的欲望
[01:12:02.000 --> 01:12:04.000]  可以没有缺乏
[01:12:04.000 --> 01:12:06.000]  这个最大的发言
[01:12:06.000 --> 01:12:08.000]  诗篇23篇
[01:12:08.000 --> 01:12:10.000]  我们很熟悉
[01:12:10.000 --> 01:12:12.000]  当你按希伯来的诗
[01:12:12.000 --> 01:12:14.000]  来读它的时候
[01:12:14.000 --> 01:12:16.000]  它的意义
[01:12:16.000 --> 01:12:18.000]  又加深一层
[01:12:18.000 --> 01:12:20.000]  第二首
[01:12:20.000 --> 01:12:22.000]  是很短的
[01:12:22.000 --> 01:12:24.000]  我不知道对你们来说
[01:12:24.000 --> 01:12:26.000]  是不是很熟悉
[01:12:26.000 --> 01:12:28.000]  我们很小的时候就开始背了
[01:12:28.000 --> 01:12:30.000]  我们现在还经常唱
[01:12:30.000 --> 01:12:32.000]  我要向山举目
[01:12:32.000 --> 01:12:34.000]  我的帮助从何而来
[01:12:34.000 --> 01:12:36.000]  我先读一次
[01:12:36.000 --> 01:12:38.000]  这首诗又很漂亮
[01:12:38.000 --> 01:12:40.000]  很工整很整齐
[01:12:40.000 --> 01:12:42.000]  它有个标题
[01:12:42.000 --> 01:12:44.000]  不是叫大卫的赞曲
[01:12:44.000 --> 01:12:46.000]  这个叫回归之歌
[01:12:46.000 --> 01:12:48.000]  我刚才解释过回归的意思
[01:12:48.000 --> 01:12:50.000]  被捞之后
[01:12:50.000 --> 01:12:52.000]  又回归耶路撒冷
[01:12:52.000 --> 01:12:54.000]  他们所唱的歌
[01:12:54.000 --> 01:12:56.000]  我举目向那群山
[01:12:56.000 --> 01:12:58.000]  哪里来我的帮助
[01:12:58.000 --> 01:13:00.000]  我帮助来自上主
[01:13:00.000 --> 01:13:02.000]  那为天地造物者
[01:13:02.000 --> 01:13:04.000]  他不会把你的脚
[01:13:04.000 --> 01:13:06.000]  交于死亡
[01:13:06.000 --> 01:13:08.000]  保守你的不会困倦
[01:13:08.000 --> 01:13:10.000]  看他不困倦也不睡觉
[01:13:10.000 --> 01:13:12.000]  那为保守以色列者
[01:13:12.000 --> 01:13:14.000]  上主乃保守你者
[01:13:14.000 --> 01:13:16.000]  上主你庇护
[01:13:16.000 --> 01:13:18.000]  在你右手旁
[01:13:18.000 --> 01:13:20.000]  日间那太阳
[01:13:20.000 --> 01:13:22.000]  他不能伤你
[01:13:22.000 --> 01:13:24.000]  并月亮在那夜里
[01:13:24.000 --> 01:13:26.000]  上主他保守你
[01:13:26.000 --> 01:13:28.000]  脱离一切邪恶
[01:13:28.000 --> 01:13:30.000]  他保守你的性命
[01:13:30.000 --> 01:13:32.000]  上主他保守你的往来
[01:13:32.000 --> 01:13:34.000]  与出入
[01:13:34.000 --> 01:13:36.000]  从今直到无穷尽
[01:13:36.000 --> 01:13:38.000]  又是很工整的四段
[01:13:38.000 --> 01:13:40.000]  每段四句
[01:13:40.000 --> 01:13:42.000]  这次的分节就好些了
[01:13:42.000 --> 01:13:44.000]  又是很工整的四段
[01:13:44.000 --> 01:13:46.000]  每段四句
[01:13:46.000 --> 01:13:48.000]  这次的分节就好些了
[01:13:48.000 --> 01:13:50.000]  比较平均
[01:13:50.000 --> 01:13:52.000]  在这四段里面
[01:13:52.000 --> 01:13:54.000]  其实关键是第三段
[01:13:54.000 --> 01:13:56.000]  其实关键是第三段
[01:13:56.000 --> 01:13:58.000]  第三段很明显有敌人
[01:13:58.000 --> 01:14:00.000]  第三段很明显有敌人
[01:14:00.000 --> 01:14:02.000]  太阳不能伤害你
[01:14:02.000 --> 01:14:04.000]  太阳不能伤害你
[01:14:04.000 --> 01:14:06.000]  不过很多时候我们解这些诗篇
[01:14:06.000 --> 01:14:08.000]  不过很多时候我们解这些诗篇
[01:14:08.000 --> 01:14:10.000]  我们当它是一个远行的诗歌
[01:14:10.000 --> 01:14:12.000]  连拉比在内都一路解释
[01:14:12.000 --> 01:14:14.000]  连拉比在内都一路解释
[01:14:14.000 --> 01:14:16.000]  这些诗是讲出门的
[01:14:16.000 --> 01:14:18.000]  出门远行求上帝保守
[01:14:18.000 --> 01:14:20.000]  出门远行求上帝保守
[01:14:20.000 --> 01:14:22.000]  如果你夜晚黑出街
[01:14:22.000 --> 01:14:24.000]  就可以念这首诗篇
[01:14:24.000 --> 01:14:26.000]  夜间月亮也不害你
[01:14:26.000 --> 01:14:28.000]  这个是不是远行呢?
[01:14:28.000 --> 01:14:30.000]  这个太阳月亮是不是指天气
[01:14:30.000 --> 01:14:32.000]  这个太阳月亮是不是指天气
[01:14:32.000 --> 01:14:34.000]  要查那些copper tone
[01:14:34.000 --> 01:14:36.000]  这样不要晒到呢?
[01:14:36.000 --> 01:14:38.000]  不是
[01:14:38.000 --> 01:14:40.000]  不是的原因
[01:14:40.000 --> 01:14:42.000]  整首诗的关键就是在第五节
[01:14:42.000 --> 01:14:44.000]  为什么上主要在你右手边来庇护你
[01:14:44.000 --> 01:14:46.000]  为什么上主要在你右手边来庇护你
[01:14:46.000 --> 01:14:48.000]  为什么上主要在你右手边来庇护你
[01:14:48.000 --> 01:14:50.000]  如果是太阳晒在你上边
[01:14:50.000 --> 01:14:52.000]  如果是太阳晒在你上边
[01:14:52.000 --> 01:14:54.000]  单遮左边右边没有分别
[01:14:54.000 --> 01:14:56.000]  单遮左边右边没有分别
[01:14:56.000 --> 01:14:58.000]  都是遮着你就可以了
[01:14:58.000 --> 01:15:00.000]  所以有时候你要抓住一个重点
[01:15:00.000 --> 01:15:02.000]  所以有时候你要抓住一个重点
[01:15:02.000 --> 01:15:04.000]  你要问下去
[01:15:04.000 --> 01:15:06.000]  很不幸西方的学者对这一点从来都没有解释
[01:15:06.000 --> 01:15:08.000]  你找遍这么多注释书
[01:15:08.000 --> 01:15:10.000]  个个都是側側拨过去
[01:15:10.000 --> 01:15:12.000]  左边是右边当然是右边
[01:15:12.000 --> 01:15:14.000]  拉比就问
[01:15:14.000 --> 01:15:16.000]  拉比就问
[01:15:16.000 --> 01:15:18.000]  他提出一个答案我觉得很值得参考
[01:15:18.000 --> 01:15:20.000]  他提出一个答案我觉得很值得参考
[01:15:20.000 --> 01:15:22.000]  他说这是一个战场上的情况
[01:15:22.000 --> 01:15:24.000]  他说这是一个战场上的情况
[01:15:24.000 --> 01:15:26.000]  一个战士他多勇猛都好
[01:15:26.000 --> 01:15:28.000]  一个战士他多勇猛都好
[01:15:28.000 --> 01:15:30.000]  他不可以两只手都抓住盾牌
[01:15:30.000 --> 01:15:32.000]  他不可以两只手都抓住盾牌
[01:15:32.000 --> 01:15:34.000]  所以左边来的攻击
[01:15:34.000 --> 01:15:36.000]  无论是战无论是枪无论是刀
[01:15:36.000 --> 01:15:38.000]  他可以用盾牌
[01:15:38.000 --> 01:15:40.000]  他可以用盾牌
[01:15:40.000 --> 01:15:42.000]  但他的右手
[01:15:42.000 --> 01:15:44.000]  他右手就必须要抓住
[01:15:44.000 --> 01:15:46.000]  他攻击人的武器
[01:15:46.000 --> 01:15:48.000]  或是枪或是剑或是刀
[01:15:48.000 --> 01:15:50.000]  于是由右手射过来的冷战
[01:15:50.000 --> 01:15:52.000]  于是由右手射过来的冷战
[01:15:52.000 --> 01:15:54.000]  就不可以像武俠小说所说
[01:15:54.000 --> 01:15:56.000]  他将他手上的枪
[01:15:56.000 --> 01:15:58.000]  冒到泼水不入
[01:15:58.000 --> 01:16:00.000]  冒到泼水不入
[01:16:00.000 --> 01:16:02.000]  这种是武俠小说的车天车地
[01:16:02.000 --> 01:16:04.000]  这种是武俠小说的车天车地
[01:16:04.000 --> 01:16:06.000]  事实上在战场上在古时的战场上
[01:16:06.000 --> 01:16:08.000]  是很沉重的
[01:16:08.000 --> 01:16:10.000]  身上的铁甲也是很沉重的
[01:16:10.000 --> 01:16:12.000]  所以看中世纪的武士格斗
[01:16:12.000 --> 01:16:14.000]  真的不是夸张的
[01:16:14.000 --> 01:16:16.000]  是斗谁最后累
[01:16:16.000 --> 01:16:18.000]  拿起那支很沉重的东西
[01:16:18.000 --> 01:16:20.000]  就这样扮过去
[01:16:20.000 --> 01:16:22.000]  打死他
[01:16:22.000 --> 01:16:24.000]  完全不是武俠小说那些剑走轻盈
[01:16:24.000 --> 01:16:26.000]  跳来跳去
[01:16:26.000 --> 01:16:28.000]  没有这回事
[01:16:28.000 --> 01:16:30.000]  所以右手边抓住沉重的刀或枪
[01:16:30.000 --> 01:16:32.000]  左手边抓住沉重的盾牌
[01:16:32.000 --> 01:16:34.000]  左手边抓住沉重的盾牌
[01:16:34.000 --> 01:16:36.000]  左边的攻击没有问题
[01:16:36.000 --> 01:16:38.000]  左手边抓住沉重的盾牌
[01:16:38.000 --> 01:16:40.000]  左手边抓住沉重的盾牌
[01:16:40.000 --> 01:16:42.000]  左手边抓住沉重的盾牌
[01:16:42.000 --> 01:16:44.000]  左手边抓住沉重的盾牌
[01:16:44.000 --> 01:16:46.000]  左手边抓住沉重的盾牌
[01:16:46.000 --> 01:16:48.000]  左手边抓住沉重的盾牌
[01:16:48.000 --> 01:16:50.000]  左手边抓住沉重的盾牌
[01:16:50.000 --> 01:16:52.000]  左手边抓住沉重的盾牌
[01:16:52.000 --> 01:16:54.000]  左手边抓住沉重的盾牌
[01:16:54.000 --> 01:16:56.000]  左手边抓住沉重的盾牌
[01:16:56.000 --> 01:16:58.000]  右手边抓住沉重的盾牌
[01:16:58.000 --> 01:17:00.000]  左手边抓住沉重的盾牌
[01:17:00.000 --> 01:17:02.000]  左手边抓住沉重的盾牌
[01:17:02.000 --> 01:17:04.000]  左手边抓住沉重的盾牌
[01:17:04.000 --> 01:17:06.000]  左手边抓住沉重的盾牌
[01:17:06.000 --> 01:17:08.000]  左手边抓住沉重的盾牌
[01:17:08.000 --> 01:17:10.000]  左手边抓住沉重的盾牌
[01:17:10.000 --> 01:17:12.000]  左手边抓住沉重的盾牌
[01:17:12.000 --> 01:17:14.000]  左手边抓住沉重的盾牌
[01:17:14.000 --> 01:17:16.000]  左手边抓住沉重的盾牌
[01:17:16.000 --> 01:17:18.000]  左手边抓住沉重的盾牌
[01:17:18.000 --> 01:17:20.000]  左手边抓住沉重的盾牌
[01:17:20.000 --> 01:17:22.000]  左手边抓住沉重的盾牌
[01:17:22.000 --> 01:17:24.000]  左手边抓住沉重的盾牌
[01:17:24.000 --> 01:17:26.000]  左手边抓住沉重的盾牌
[01:17:26.000 --> 01:17:28.000]  左手边抓住沉重的盾牌
[01:17:28.000 --> 01:17:30.000]  左手边抓住沉重的盾牌
[01:17:30.000 --> 01:17:32.000]  左手边抓住沉重的盾牌
[01:17:32.000 --> 01:17:34.000]  左手边抓住沉重的盾牌
[01:17:34.000 --> 01:17:36.000]  左手边抓住沉重的盾牌
[01:17:36.000 --> 01:17:38.000]  左手边抓住沉重的盾牌
[01:17:38.000 --> 01:17:40.000]  左手边抓住沉重的盾牌
[01:17:40.000 --> 01:17:42.000]  左手边抓住沉重的盾牌
[01:17:42.000 --> 01:17:44.000]  左手边抓住沉重的盾牌
[01:17:44.000 --> 01:17:46.000]  左手边抓住沉重的盾牌
[01:17:46.000 --> 01:17:48.000]  左手边抓住沉重的盾牌
[01:17:48.000 --> 01:17:50.000]  左手边抓住沉重的盾牌
[01:17:50.000 --> 01:17:52.000]  左手边抓住沉重的盾牌
[01:17:52.000 --> 01:17:54.000]  左手边抓住沉重的盾牌
[01:17:54.000 --> 01:17:56.000]  左手边抓住沉重的盾牌
[01:17:56.000 --> 01:17:58.000]  左手边抓住沉重的盾牌
[01:17:58.000 --> 01:18:00.000]  左手边抓住沉重的盾牌
[01:18:00.000 --> 01:18:02.000]  左手边抓住沉重的盾牌
[01:18:02.000 --> 01:18:04.000]  左手边抓住沉重的盾牌
[01:18:04.000 --> 01:18:06.000]  左手边抓住沉重的盾牌
[01:18:06.000 --> 01:18:08.000]  左手边抓住沉重的盾牌
[01:18:08.000 --> 01:18:10.000]  左手边抓住沉重的盾牌
[01:18:10.000 --> 01:18:12.000]  左手边抓住沉重的盾牌
[01:18:12.000 --> 01:18:14.000]  左手边抓住沉重的盾牌
[01:18:14.000 --> 01:18:16.000]  左手边抓住沉重的盾牌
[01:18:16.000 --> 01:18:18.000]  左手边抓住沉重的盾牌
[01:18:18.000 --> 01:18:20.000]  左手边抓住沉重的盾牌
[01:18:20.000 --> 01:18:22.000]  左手边抓住沉重的盾牌
[01:18:22.000 --> 01:18:24.000]  左手边抓住沉重的盾牌
[01:18:24.000 --> 01:18:26.000]  左手边抓住沉重的盾牌
[01:18:26.000 --> 01:18:28.000]  左手边抓住沉重的盾牌
[01:18:28.000 --> 01:18:30.000]  左手边抓住沉重的盾牌
[01:18:30.000 --> 01:18:32.000]  左手边抓住沉重的盾牌
[01:18:32.000 --> 01:18:34.000]  左手边抓住沉重的盾牌
[01:18:34.000 --> 01:18:36.000]  左手边抓住沉重的盾牌
[01:18:36.000 --> 01:18:38.000]  左手边抓住沉重的盾牌
[01:18:38.000 --> 01:18:40.000]  左手边抓住沉重的盾牌
[01:18:40.000 --> 01:18:42.000]  左手边抓住沉重的盾牌
[01:18:42.000 --> 01:18:44.000]  左手边抓住沉重的盾牌
[01:18:44.000 --> 01:18:46.000]  左手边抓住沉重的盾牌
[01:18:46.000 --> 01:18:48.000]  左手边抓住沉重的盾牌
[01:18:48.000 --> 01:18:50.000]  左手边抓住沉重的盾牌
[01:18:50.000 --> 01:18:52.000]  左手边抓住沉重的盾牌
[01:18:52.000 --> 01:18:54.000]  左手边抓住沉重的盾牌
[01:18:54.000 --> 01:18:56.000]  左手边抓住沉重的盾牌
[01:18:56.000 --> 01:18:58.000]  左手边抓住沉重的盾牌
[01:18:58.000 --> 01:19:00.000]  左手边抓住沉重的盾牌
[01:19:00.000 --> 01:19:02.000]  左手边抓住沉重的盾牌
[01:19:02.000 --> 01:19:04.000]  左手边抓住沉重的盾牌
[01:19:04.000 --> 01:19:06.000]  左手边抓住沉重的盾牌
[01:19:06.000 --> 01:19:08.000]  左手边抓住沉重的盾牌
[01:19:08.000 --> 01:19:10.000]  左手边抓住沉重的盾牌
[01:19:10.000 --> 01:19:12.000]  左手边抓住沉重的盾牌
[01:19:12.000 --> 01:19:14.000]  左手边抓住沉重的盾牌
[01:19:14.000 --> 01:19:16.000]  左手边抓住沉重的盾牌
[01:19:16.000 --> 01:19:18.000]  左手边抓住沉重的盾牌
[01:19:18.000 --> 01:19:20.000]  左手边抓住沉重的盾牌
[01:19:20.000 --> 01:19:22.000]  左手边抓住沉重的盾牌
[01:19:22.000 --> 01:19:24.000]  左手边抓住沉重的盾牌
[01:19:24.000 --> 01:19:26.000]  左手边抓住沉重的盾牌
[01:19:26.000 --> 01:19:28.000]  左手边抓住沉重的盾牌
[01:19:28.000 --> 01:19:30.000]  左手边抓住沉重的盾牌
[01:19:30.000 --> 01:19:32.000]  左手边抓住沉重的盾牌
[01:19:32.000 --> 01:19:34.000]  左手边抓住沉重的盾牌
[01:19:34.000 --> 01:19:36.000]  左手边抓住沉重的盾牌
[01:19:36.000 --> 01:19:38.000]  左手边抓住沉重的盾牌
[01:19:38.000 --> 01:19:40.000]  左手边抓住沉重的盾牌
[01:19:40.000 --> 01:19:42.000]  左手边抓住沉重的盾牌
[01:19:42.000 --> 01:19:44.000]  左手边抓住沉重的盾牌
[01:19:44.000 --> 01:19:46.000]  左手边抓住沉重的盾牌
[01:19:46.000 --> 01:19:48.000]  左手边抓住沉重的盾牌
[01:19:48.000 --> 01:19:50.000]  左手边抓住沉重的盾牌
[01:19:50.000 --> 01:19:52.000]  左手边抓住沉重的盾牌
[01:19:52.000 --> 01:19:54.000]  左手边抓住沉重的盾牌
[01:19:54.000 --> 01:19:56.000]  左手边抓住沉重的盾牌
[01:19:56.000 --> 01:19:58.000]  左手边抓住沉重的盾牌
[01:19:58.000 --> 01:20:00.000]  左手边抓住沉重的盾牌
[01:20:00.000 --> 01:20:02.000]  左手边抓住沉重的盾牌
[01:20:02.000 --> 01:20:04.000]  左手边抓住沉重的盾牌
[01:20:04.000 --> 01:20:06.000]  左手边抓住沉重的盾牌
[01:20:06.000 --> 01:20:08.000]  左手边抓住沉重的盾牌
[01:20:08.000 --> 01:20:10.000]  左手边抓住沉重的盾牌
[01:20:10.000 --> 01:20:12.000]  左手边抓住沉重的盾牌
[01:20:12.000 --> 01:20:14.000]  左手边抓住沉重的盾牌
[01:20:14.000 --> 01:20:16.000]  左手边抓住沉重的盾牌
[01:20:16.000 --> 01:20:18.000]  左手边抓住沉重的盾牌
[01:20:18.000 --> 01:20:20.000]  左手边抓住沉重的盾牌
[01:20:20.000 --> 01:20:22.000]  左手边抓住沉重的盾牌
[01:20:22.000 --> 01:20:24.000]  左手边抓住沉重的盾牌
[01:20:24.000 --> 01:20:26.000]  左手边抓住沉重的盾牌
[01:20:26.000 --> 01:20:28.000]  左手边抓住沉重的盾牌
[01:20:28.000 --> 01:20:30.000]  左手边抓住沉重的盾牌
[01:20:30.000 --> 01:20:32.000]  左手边抓住沉重的盾牌
[01:20:32.000 --> 01:20:34.000]  左手边抓住沉重的盾牌
[01:20:34.000 --> 01:20:36.000]  左手边抓住沉重的盾牌
[01:20:36.000 --> 01:20:38.000]  左手边抓住沉重的盾牌
[01:20:38.000 --> 01:20:40.000]  左手边抓住沉重的盾牌
[01:20:40.000 --> 01:20:42.000]  左手边抓住沉重的盾牌
[01:20:42.000 --> 01:20:44.000]  左手边抓住沉重的盾牌
[01:20:44.000 --> 01:20:46.000]  左手边抓住沉重的盾牌
[01:20:46.000 --> 01:20:48.000]  左手边抓住沉重的盾牌
[01:20:48.000 --> 01:20:50.000]  左手边抓住沉重的盾牌
[01:20:50.000 --> 01:20:52.000]  左手边抓住沉重的盾牌
[01:20:52.000 --> 01:20:54.000]  左手边抓住沉重的盾牌
[01:20:54.000 --> 01:20:56.000]  左手边抓住沉重的盾牌
[01:20:56.000 --> 01:20:58.000]  左手边抓住沉重的盾牌
[01:20:58.000 --> 01:21:00.000]  左手边抓住沉重的盾牌
[01:21:00.000 --> 01:21:02.000]  左手边抓住沉重的盾牌
[01:21:02.000 --> 01:21:04.000]  左手边抓住沉重的盾牌
[01:21:04.000 --> 01:21:06.000]  左手边抓住沉重的盾牌
[01:21:06.000 --> 01:21:08.000]  左手边抓住沉重的盾牌
[01:21:08.000 --> 01:21:10.000]  左手边抓住沉重的盾牌
[01:21:10.000 --> 01:21:12.000]  左手边抓住沉重的盾牌
[01:21:12.000 --> 01:21:14.000]  左手边抓住沉重的盾牌
[01:21:14.000 --> 01:21:16.000]  左手边抓住沉重的盾牌
[01:21:16.000 --> 01:21:18.000]  左手边抓住沉重的盾牌
[01:21:18.000 --> 01:21:20.000]  左手边抓住沉重的盾牌
[01:21:20.000 --> 01:21:22.000]  左手边抓住沉重的盾牌
[01:21:22.000 --> 01:21:24.000]  左手边抓住沉重的盾牌
[01:21:24.000 --> 01:21:26.000]  左手边抓住沉重的盾牌
[01:21:26.000 --> 01:21:28.000]  左手边抓住沉重的盾牌
[01:21:28.000 --> 01:21:30.000]  左手边抓住沉重的盾牌
[01:21:30.000 --> 01:21:32.000]  左手边抓住沉重的盾牌
[01:21:32.000 --> 01:21:34.000]  左手边抓住沉重的盾牌
[01:21:34.000 --> 01:21:36.000]  左手边抓住沉重的盾牌
[01:21:36.000 --> 01:21:38.000]  左手边抓住沉重的盾牌
[01:21:38.000 --> 01:21:40.000]  左手边抓住沉重的盾牌
[01:21:40.000 --> 01:21:42.000]  左手边抓住沉重的盾牌
[01:21:42.000 --> 01:21:44.000]  左手边抓住沉重的盾牌
[01:21:44.000 --> 01:21:46.000]  左手边抓住沉重的盾牌
[01:21:46.000 --> 01:21:48.000]  左手边抓住沉重的盾牌
[01:21:48.000 --> 01:21:50.000]  左手边抓住沉重的盾牌
[01:21:50.000 --> 01:21:52.000]  左手边抓住沉重的盾牌
[01:21:52.000 --> 01:21:54.000]  左手边抓住沉重的盾牌
[01:21:54.000 --> 01:21:56.000]  左手边抓住沉重的盾牌
[01:21:56.000 --> 01:21:58.000]  左手边抓住沉重的盾牌
[01:21:58.000 --> 01:22:00.000]  左手边抓住沉重的盾牌
[01:22:00.000 --> 01:22:02.000]  左手边抓住沉重的盾牌
[01:22:02.000 --> 01:22:04.000]  左手边抓住沉重的盾牌
[01:22:04.000 --> 01:22:06.000]  左手边抓住沉重的盾牌
[01:22:06.000 --> 01:22:08.000]  左手边抓住沉重的盾牌
[01:22:08.000 --> 01:22:10.000]  左手边抓住沉重的盾牌
[01:22:10.000 --> 01:22:12.000]  左手边抓住沉重的盾牌
[01:22:12.000 --> 01:22:14.000]  左手边抓住沉重的盾牌
[01:22:14.000 --> 01:22:16.000]  左手边抓住沉重的盾牌
[01:22:16.000 --> 01:22:18.000]  左手边抓住沉重的盾牌
[01:22:18.000 --> 01:22:20.000]  左手边抓住沉重的盾牌
[01:22:20.000 --> 01:22:22.000]  左手边抓住沉重的盾牌
[01:22:22.000 --> 01:22:24.000]  左手边抓住沉重的盾牌
[01:22:24.000 --> 01:22:26.000]  左手边抓住沉重的盾牌
[01:22:26.000 --> 01:22:28.000]  左手边抓住沉重的盾牌
[01:22:28.000 --> 01:22:30.000]  左手边抓住沉重的盾牌
[01:22:30.000 --> 01:22:32.000]  左手边抓住沉重的盾牌
[01:22:32.000 --> 01:22:34.000]  左手边抓住沉重的盾牌
[01:22:34.000 --> 01:22:36.000]  左手边抓住沉重的盾牌
[01:22:36.000 --> 01:22:38.000]  左手边抓住沉重的盾牌
[01:22:38.000 --> 01:22:40.000]  左手边抓住沉重的盾牌
[01:22:40.000 --> 01:22:42.000]  左手边抓住沉重的盾牌
[01:22:42.000 --> 01:22:44.000]  左手边抓住沉重的盾牌
[01:22:44.000 --> 01:22:46.000]  左手边抓住沉重的盾牌
[01:22:46.000 --> 01:22:48.000]  左手边抓住沉重的盾牌
[01:22:48.000 --> 01:22:50.000]  左手边抓住沉重的盾牌
[01:22:50.000 --> 01:22:52.000]  左手边抓住沉重的盾牌
[01:22:52.000 --> 01:22:54.000]  左手边抓住沉重的盾牌
[01:22:54.000 --> 01:22:56.000]  左手边抓住沉重的盾牌
[01:22:56.000 --> 01:22:58.000]  左手边抓住沉重的盾牌
[01:22:58.000 --> 01:23:00.000]  左手边抓住沉重的盾牌
[01:23:00.000 --> 01:23:02.000]  左手边抓住沉重的盾牌
[01:23:02.000 --> 01:23:04.000]  左手边抓住沉重的盾牌
[01:23:04.000 --> 01:23:06.000]  左手边抓住沉重的盾牌
[01:23:06.000 --> 01:23:08.000]  左手边抓住沉重的盾牌
[01:23:08.000 --> 01:23:10.000]  左手边抓住沉重的盾牌
[01:23:10.000 --> 01:23:12.000]  左手边抓住沉重的盾牌
[01:23:12.000 --> 01:23:14.000]  左手边抓住沉重的盾牌
[01:23:14.000 --> 01:23:16.000]  左手边抓住沉重的盾牌
[01:23:16.000 --> 01:23:18.000]  左手边抓住沉重的盾牌
[01:23:18.000 --> 01:23:20.000]  左手边抓住沉重的盾牌
[01:23:20.000 --> 01:23:22.000]  左手边抓住沉重的盾牌
[01:23:22.000 --> 01:23:24.000]  左手边抓住沉重的盾牌
[01:23:24.000 --> 01:23:26.000]  左手边抓住沉重的盾牌
[01:23:26.000 --> 01:23:28.000]  左手边抓住沉重的盾牌
[01:23:28.000 --> 01:23:30.000]  左手边抓住沉重的盾牌
[01:23:30.000 --> 01:23:32.000]  左手边抓住沉重的盾牌
[01:23:32.000 --> 01:23:34.000]  左手边抓住沉重的盾牌
[01:23:34.000 --> 01:23:36.000]  左手边抓住沉重的盾牌
[01:23:36.000 --> 01:23:38.000]  左手边抓住沉重的盾牌
[01:23:38.000 --> 01:23:40.000]  左手边抓住沉重的盾牌
[01:23:40.000 --> 01:23:42.000]  左手边抓住沉重的盾牌
[01:23:42.000 --> 01:23:44.000]  左手边抓住沉重的盾牌
[01:23:44.000 --> 01:23:46.000]  左手边抓住沉重的盾牌
[01:23:46.000 --> 01:23:48.000]  左手边抓住沉重的盾牌
[01:23:48.000 --> 01:23:50.000]  左手边抓住沉重的盾牌
[01:23:50.000 --> 01:23:52.000]  左手边抓住沉重的盾牌
[01:23:52.000 --> 01:23:54.000]  左手边抓住沉重的盾牌
[01:23:54.000 --> 01:23:56.000]  左手边抓住沉重的盾牌
[01:23:56.000 --> 01:23:58.000]  左手边抓住沉重的盾牌
[01:23:58.000 --> 01:24:00.000]  左手边抓住沉重的盾牌
[01:24:00.000 --> 01:24:02.000]  左手边抓住沉重的盾牌
[01:24:02.000 --> 01:24:04.000]  左手边抓住沉重的盾牌
[01:24:04.000 --> 01:24:06.000]  左手边抓住沉重的盾牌
[01:24:06.000 --> 01:24:08.000]  左手边抓住沉重的盾牌
[01:24:08.000 --> 01:24:10.000]  左手边抓住沉重的盾牌
[01:24:10.000 --> 01:24:12.000]  左手边抓住沉重的盾牌
[01:24:12.000 --> 01:24:14.000]  左手边抓住沉重的盾牌
[01:24:14.000 --> 01:24:16.000]  左手边抓住沉重的盾牌
[01:24:16.000 --> 01:24:18.000]  左手边抓住沉重的盾牌
[01:24:18.000 --> 01:24:20.000]  左手边抓住沉重的盾牌
[01:24:20.000 --> 01:24:22.000]  左手边抓住沉重的盾牌
[01:24:22.000 --> 01:24:24.000]  左手边抓住沉重的盾牌
[01:24:24.000 --> 01:24:26.000]  左手边抓住沉重的盾牌
[01:24:26.000 --> 01:24:28.000]  左手边抓住沉重的盾牌
[01:24:28.000 --> 01:24:30.000]  左手边抓住沉重的盾牌
[01:24:30.000 --> 01:24:32.000]  左手边抓住沉重的盾牌
[01:24:32.000 --> 01:24:34.000]  左手边抓住沉重的盾牌
[01:24:34.000 --> 01:24:36.000]  左手边抓住沉重的盾牌
[01:24:36.000 --> 01:24:38.000]  左手边抓住沉重的盾牌
[01:24:38.000 --> 01:24:40.000]  左手边抓住沉重的盾牌
[01:24:40.000 --> 01:24:42.000]  左手边抓住沉重的盾牌
[01:24:42.000 --> 01:24:44.000]  左手边抓住沉重的盾牌
[01:24:44.000 --> 01:24:46.000]  左手边抓住沉重的盾牌
[01:24:46.000 --> 01:24:48.000]  左手边抓住沉重的盾牌
[01:24:48.000 --> 01:24:50.000]  左手边抓住沉重的盾牌
[01:24:50.000 --> 01:24:52.000]  左手边抓住沉重的盾牌
[01:24:52.000 --> 01:24:54.000]  左手边抓住沉重的盾牌
[01:24:54.000 --> 01:24:56.000]  左手边抓住沉重的盾牌
[01:24:56.000 --> 01:24:58.000]  左手边抓住沉重的盾牌
[01:24:58.000 --> 01:25:00.000]  左手边抓住沉重的盾牌
[01:25:00.000 --> 01:25:02.000]  左手边抓住沉重的盾牌
[01:25:02.000 --> 01:25:04.000]  左手边抓住沉重的盾牌
[01:25:04.000 --> 01:25:06.000]  左手边抓住沉重的盾牌
[01:25:06.000 --> 01:25:08.000]  左手边抓住沉重的盾牌
[01:25:08.000 --> 01:25:10.000]  左手边抓住沉重的盾牌
[01:25:10.000 --> 01:25:12.000]  左手边抓住沉重的盾牌
[01:25:12.000 --> 01:25:14.000]  左手边抓住沉重的盾牌
[01:25:14.000 --> 01:25:16.000]  左手边抓住沉重的盾牌
[01:25:16.000 --> 01:25:18.000]  左手边抓住沉重的盾牌
[01:25:18.000 --> 01:25:20.000]  左手边抓住沉重的盾牌
[01:25:20.000 --> 01:25:22.000]  左手边抓住沉重的盾牌
[01:25:22.000 --> 01:25:24.000]  左手边抓住沉重的盾牌
[01:25:24.000 --> 01:25:26.000]  左手边抓住沉重的盾牌
[01:25:26.000 --> 01:25:28.000]  左手边抓住沉重的盾牌
[01:25:28.000 --> 01:25:30.000]  左手边抓住沉重的盾牌
[01:25:30.000 --> 01:25:32.000]  左手边抓住沉重的盾牌
[01:25:32.000 --> 01:25:34.000]  左手边抓住沉重的盾牌
[01:25:34.000 --> 01:25:36.000]  左手边抓住沉重的盾牌
[01:25:36.000 --> 01:25:38.000]  左手边抓住沉重的盾牌
[01:25:38.000 --> 01:25:40.000]  左手边抓住沉重的盾牌
[01:25:40.000 --> 01:25:42.000]  左手边抓住沉重的盾牌
[01:25:42.000 --> 01:25:44.000]  左手边抓住沉重的盾牌
[01:25:44.000 --> 01:25:46.000]  左手边抓住沉重的盾牌
[01:25:46.000 --> 01:25:48.000]  左手边抓住沉重的盾牌
[01:25:48.000 --> 01:25:50.000]  左手边抓住沉重的盾牌
[01:25:50.000 --> 01:25:52.000]  左手边抓住沉重的盾牌
[01:25:52.000 --> 01:25:54.000]  左手边抓住沉重的盾牌
[01:25:54.000 --> 01:25:56.000]  左手边抓住沉重的盾牌
[01:25:56.000 --> 01:25:58.000]  左手边抓住沉重的盾牌
[01:25:58.000 --> 01:26:00.000]  左手边抓住沉重的盾牌
[01:26:00.000 --> 01:26:02.000]  左手边抓住沉重的盾牌
[01:26:02.000 --> 01:26:04.000]  左手边抓住沉重的盾牌
[01:26:04.000 --> 01:26:06.000]  左手边抓住沉重的盾牌
[01:26:06.000 --> 01:26:08.000]  左手边抓住沉重的盾牌
[01:26:08.000 --> 01:26:10.000]  左手边抓住沉重的盾牌
[01:26:10.000 --> 01:26:12.000]  左手边抓住沉重的盾牌
[01:26:12.000 --> 01:26:14.000]  左手边抓住沉重的盾牌
[01:26:14.000 --> 01:26:16.000]  左手边抓住沉重的盾牌
[01:26:16.000 --> 01:26:18.000]  左手边抓住沉重的盾牌
[01:26:18.000 --> 01:26:20.000]  左手边抓住沉重的盾牌
[01:26:20.000 --> 01:26:22.000]  左手边抓住沉重的盾牌
[01:26:22.000 --> 01:26:24.000]  左手边抓住沉重的盾牌
[01:26:24.000 --> 01:26:26.000]  左手边抓住沉重的盾牌
[01:26:26.000 --> 01:26:28.000]  左手边抓住沉重的盾牌
[01:26:28.000 --> 01:26:30.000]  左手边抓住沉重的盾牌
[01:26:30.000 --> 01:26:32.000]  左手边抓住沉重的盾牌
[01:26:32.000 --> 01:26:34.000]  左手边抓住沉重的盾牌
[01:26:34.000 --> 01:26:36.000]  左手边抓住沉重的盾牌
[01:26:36.000 --> 01:26:38.000]  左手边抓住沉重的盾牌
[01:26:38.000 --> 01:26:40.000]  左手边抓住沉重的盾牌
[01:26:40.000 --> 01:26:42.000]  左手边抓住沉重的盾牌
[01:26:42.000 --> 01:26:44.000]  左手边抓住沉重的盾牌
[01:26:44.000 --> 01:26:46.000]  左手边抓住沉重的盾牌
[01:26:46.000 --> 01:26:48.000]  左手边抓住沉重的盾牌
[01:26:48.000 --> 01:26:50.000]  左手边抓住沉重的盾牌
[01:26:50.000 --> 01:26:52.000]  左手边抓住沉重的盾牌
[01:26:52.000 --> 01:26:54.000]  左手边抓住沉重的盾牌
[01:26:54.000 --> 01:26:56.000]  左手边抓住沉重的盾牌
[01:26:56.000 --> 01:26:58.000]  左手边抓住沉重的盾牌
[01:26:58.000 --> 01:27:00.000]  左手边抓住沉重的盾牌
[01:27:00.000 --> 01:27:02.000]  左手边抓住沉重的盾牌
[01:27:02.000 --> 01:27:04.000]  左手边抓住沉重的盾牌
[01:27:04.000 --> 01:27:06.000]  左手边抓住沉重的盾牌
[01:27:06.000 --> 01:27:08.000]  左手边抓住沉重的盾牌
[01:27:08.000 --> 01:27:10.000]  左手边抓住沉重的盾牌
[01:27:10.000 --> 01:27:12.000]  左手边抓住沉重的盾牌
[01:27:12.000 --> 01:27:14.000]  左手边抓住沉重的盾牌
[01:27:14.000 --> 01:27:16.000]  左手边抓住沉重的盾牌
[01:27:16.000 --> 01:27:18.000]  左手边抓住沉重的盾牌
[01:27:18.000 --> 01:27:20.000]  左手边抓住沉重的盾牌
[01:27:20.000 --> 01:27:22.000]  左手边抓住沉重的盾牌
[01:27:22.000 --> 01:27:24.000]  左手边抓住沉重的盾牌
[01:27:24.000 --> 01:27:26.000]  左手边抓住沉重的盾牌
[01:27:26.000 --> 01:27:28.000]  左手边抓住沉重的盾牌
[01:27:28.000 --> 01:27:30.000]  左手边抓住沉重的盾牌
[01:27:30.000 --> 01:27:32.000]  左手边抓住沉重的盾牌
[01:27:32.000 --> 01:27:34.000]  左手边抓住沉重的盾牌
[01:27:34.000 --> 01:27:36.000]  左手边抓住沉重的盾牌
[01:27:36.000 --> 01:27:38.000]  左手边抓住沉重的盾牌
[01:27:38.000 --> 01:27:40.000]  左手边抓住沉重的盾牌
[01:27:40.000 --> 01:27:42.000]  左手边抓住沉重的盾牌
[01:27:42.000 --> 01:27:44.000]  左手边抓住沉重的盾牌
[01:27:44.000 --> 01:27:46.000]  左手边抓住沉重的盾牌
[01:27:46.000 --> 01:27:48.000]  左手边抓住沉重的盾牌
[01:27:48.000 --> 01:27:50.000]  左手边抓住沉重的盾牌
[01:27:50.000 --> 01:27:52.000]  左手边抓住沉重的盾牌
[01:27:52.000 --> 01:27:54.000]  左手边抓住沉重的盾牌
[01:27:54.000 --> 01:27:56.000]  左手边抓住沉重的盾牌
[01:27:56.000 --> 01:27:58.000]  左手边抓住沉重的盾牌
[01:27:58.000 --> 01:28:00.000]  左手边抓住沉重的盾牌
[01:28:00.000 --> 01:28:02.000]  左手边抓住沉重的盾牌
[01:28:02.000 --> 01:28:04.000]  左手边抓住沉重的盾牌
[01:28:04.000 --> 01:28:06.000]  左手边抓住沉重的盾牌
[01:28:06.000 --> 01:28:08.000]  左手边抓住沉重的盾牌
[01:28:08.000 --> 01:28:10.000]  左手边抓住沉重的盾牌
[01:28:10.000 --> 01:28:12.000]  左手边抓住沉重的盾牌
[01:28:12.000 --> 01:28:14.000]  左手边抓住沉重的盾牌
[01:28:14.000 --> 01:28:16.000]  左手边抓住沉重的盾牌
[01:28:16.000 --> 01:28:18.000]  左手边抓住沉重的盾牌
[01:28:18.000 --> 01:28:20.000]  左手边抓住沉重的盾牌
[01:28:20.000 --> 01:28:22.000]  左手边抓住沉重的盾牌
[01:28:22.000 --> 01:28:24.000]  左手边抓住沉重的盾牌
[01:28:24.000 --> 01:28:26.000]  左手边抓住沉重的盾牌
[01:28:26.000 --> 01:28:28.000]  左手边抓住沉重的盾牌
[01:28:28.000 --> 01:28:30.000]  左手边抓住沉重的盾牌
[01:28:30.000 --> 01:28:32.000]  左手边抓住沉重的盾牌
[01:28:32.000 --> 01:28:34.000]  左手边抓住沉重的盾牌
[01:28:34.000 --> 01:28:36.000]  左手边抓住沉重的盾牌
[01:28:36.000 --> 01:28:38.000]  左手边抓住沉重的盾牌
[01:28:38.000 --> 01:28:40.000]  左手边抓住沉重的盾牌
[01:28:40.000 --> 01:28:42.000]  左手边抓住沉重的盾牌
[01:28:42.000 --> 01:28:44.000]  左手边抓住沉重的盾牌
[01:28:44.000 --> 01:28:46.000]  左手边抓住沉重的盾牌
[01:28:46.000 --> 01:28:48.000]  左手边抓住沉重的盾牌
[01:28:48.000 --> 01:28:50.000]  左手边抓住沉重的盾牌
[01:28:50.000 --> 01:28:52.000]  左手边抓住沉重的盾牌
[01:28:52.000 --> 01:28:54.000]  左手边抓住沉重的盾牌
[01:28:54.000 --> 01:28:56.000]  左手边抓住沉重的盾牌
[01:28:56.000 --> 01:28:58.000]  左手边抓住沉重的盾牌
[01:28:58.000 --> 01:29:00.000]  左手边抓住沉重的盾牌
[01:29:00.000 --> 01:29:02.000]  左手边抓住沉重的盾牌
[01:29:02.000 --> 01:29:04.000]  左手边抓住沉重的盾牌
[01:29:04.000 --> 01:29:06.000]  左手边抓住沉重的盾牌
[01:29:06.000 --> 01:29:08.000]  左手边抓住沉重的盾牌
[01:29:08.000 --> 01:29:10.000]  左手边抓住沉重的盾牌
[01:29:10.000 --> 01:29:12.000]  左手边抓住沉重的盾牌
[01:29:12.000 --> 01:29:14.000]  左手边抓住沉重的盾牌
[01:29:14.000 --> 01:29:16.000]  左手边抓住沉重的盾牌
[01:29:16.000 --> 01:29:18.000]  左手边抓住沉重的盾牌
[01:29:18.000 --> 01:29:20.000]  左手边抓住沉重的盾牌
[01:29:20.000 --> 01:29:22.000]  左手边抓住沉重的盾牌
[01:29:22.000 --> 01:29:24.000]  左手边抓住沉重的盾牌
[01:29:24.000 --> 01:29:26.000]  左手边抓住沉重的盾牌
[01:29:26.000 --> 01:29:28.000]  左手边抓住沉重的盾牌
[01:29:28.000 --> 01:29:30.000]  左手边抓住沉重的盾牌
[01:29:30.000 --> 01:29:32.000]  左手边抓住沉重的盾牌
[01:29:32.000 --> 01:29:34.000]  左手边抓住沉重的盾牌
[01:29:34.000 --> 01:29:36.000]  左手边抓住沉重的盾牌
[01:29:36.000 --> 01:29:38.000]  左手边抓住沉重的盾牌
[01:29:38.000 --> 01:29:40.000]  左手边抓住沉重的盾牌
[01:29:40.000 --> 01:29:42.000]  左手边抓住沉重的盾牌
[01:29:42.000 --> 01:29:44.000]  左手边抓住沉重的盾牌
[01:29:44.000 --> 01:29:46.000]  左手边抓住沉重的盾牌
[01:29:46.000 --> 01:29:48.000]  左手边抓住沉重的盾牌
[01:29:48.000 --> 01:29:50.000]  左手边抓住沉重的盾牌
[01:29:50.000 --> 01:29:52.000]  左手边抓住沉重的盾牌
[01:29:52.000 --> 01:29:54.000]  左手边抓住沉重的盾牌
[01:29:54.000 --> 01:29:56.000]  左手边抓住沉重的盾牌
[01:29:56.000 --> 01:29:58.000]  左手边抓住沉重的盾牌
[01:29:58.000 --> 01:30:00.000]  左手边抓住沉重的盾牌
[01:30:00.000 --> 01:30:02.000]  左手边抓住沉重的盾牌
[01:30:02.000 --> 01:30:04.000]  左手边抓住沉重的盾牌
[01:30:04.000 --> 01:30:06.000]  左手边抓住沉重的盾牌
[01:30:06.000 --> 01:30:08.000]  左手边抓住沉重的盾牌
[01:30:08.000 --> 01:30:10.000]  左手边抓住沉重的盾牌
[01:30:10.000 --> 01:30:12.000]  左手边抓住沉重的盾牌
[01:30:12.000 --> 01:30:14.000]  左手边抓住沉重的盾牌
[01:30:14.000 --> 01:30:16.000]  左手边抓住沉重的盾牌
[01:30:16.000 --> 01:30:18.000]  左手边抓住沉重的盾牌
[01:30:18.000 --> 01:30:20.000]  左手边抓住沉重的盾牌
[01:30:20.000 --> 01:30:22.000]  左手边抓住沉重的盾牌
[01:30:22.000 --> 01:30:24.000]  左手边抓住沉重的盾牌
[01:30:24.000 --> 01:30:26.000]  左手边抓住沉重的盾牌
[01:30:26.000 --> 01:30:28.000]  左手边抓住沉重的盾牌
[01:30:28.000 --> 01:30:30.000]  左手边抓住沉重的盾牌
[01:30:30.000 --> 01:30:32.000]  左手边抓住沉重的盾牌
[01:30:32.000 --> 01:30:34.000]  左手边抓住沉重的盾牌
[01:30:34.000 --> 01:30:36.000]  左手边抓住沉重的盾牌
[01:30:36.000 --> 01:30:38.000]  左手边抓住沉重的盾牌
[01:30:38.000 --> 01:30:40.000]  左手边抓住沉重的盾牌
[01:30:40.000 --> 01:30:42.000]  左手边抓住沉重的盾牌
[01:30:42.000 --> 01:30:44.000]  左手边抓住沉重的盾牌
[01:30:44.000 --> 01:30:46.000]  左手边抓住沉重的盾牌
[01:30:46.000 --> 01:30:48.000]  左手边抓住沉重的盾牌
[01:30:48.000 --> 01:30:50.000]  左手边抓住沉重的盾牌
[01:30:50.000 --> 01:30:52.000]  左手边抓住沉重的盾牌
[01:30:52.000 --> 01:30:54.000]  左手边抓住沉重的盾牌
[01:30:54.000 --> 01:30:56.000]  左手边抓住沉重的盾牌
[01:30:56.000 --> 01:30:58.000]  左手边抓住沉重的盾牌
[01:30:58.000 --> 01:31:00.000]  左手边抓住沉重的盾牌
[01:31:00.000 --> 01:31:02.000]  左手边抓住沉重的盾牌
[01:31:02.000 --> 01:31:04.000]  左手边抓住沉重的盾牌
[01:31:04.000 --> 01:31:06.000]  左手边抓住沉重的盾牌
[01:31:06.000 --> 01:31:08.000]  左手边抓住沉重的盾牌
[01:31:08.000 --> 01:31:10.000]  左手边抓住沉重的盾牌
[01:31:10.000 --> 01:31:12.000]  左手边抓住沉重的盾牌
[01:31:12.000 --> 01:31:14.000]  左手边抓住沉重的盾牌
[01:31:14.000 --> 01:31:16.000]  左手边抓住沉重的盾牌
[01:31:16.000 --> 01:31:18.000]  左手边抓住沉重的盾牌
[01:31:18.000 --> 01:31:20.000]  左手边抓住沉重的盾牌
[01:31:20.000 --> 01:31:22.000]  左手边抓住沉重的盾牌
[01:31:22.000 --> 01:31:24.000]  左手边抓住沉重的盾牌
[01:31:24.000 --> 01:31:26.000]  左手边抓住沉重的盾牌
[01:31:26.000 --> 01:31:28.000]  左手边抓住沉重的盾牌
[01:31:28.000 --> 01:31:30.000]  左手边抓住沉重的盾牌
[01:31:30.000 --> 01:31:32.000]  左手边抓住沉重的盾牌
[01:31:32.000 --> 01:31:34.000]  左手边抓住沉重的盾牌
[01:31:34.000 --> 01:31:36.000]  左手边抓住沉重的盾牌
[01:31:36.000 --> 01:31:38.000]  左手边抓住沉重的盾牌
[01:31:38.000 --> 01:31:40.000]  左手边抓住沉重的盾牌
[01:31:40.000 --> 01:31:42.000]  左手边抓住沉重的盾牌
[01:31:42.000 --> 01:31:44.000]  左手边抓住沉重的盾牌
[01:31:44.000 --> 01:31:46.000]  左手边抓住沉重的盾牌
[01:31:46.000 --> 01:31:48.000]  左手边抓住沉重的盾牌
[01:31:48.000 --> 01:31:50.000]  左手边抓住沉重的盾牌
[01:31:50.000 --> 01:31:52.000]  左手边抓住沉重的盾牌
[01:31:52.000 --> 01:31:54.000]  左手边抓住沉重的盾牌
[01:31:54.000 --> 01:31:56.000]  左手边抓住沉重的盾牌
[01:31:56.000 --> 01:31:58.000]  左手边抓住沉重的盾牌
[01:31:58.000 --> 01:32:00.000]  左手边抓住沉重的盾牌
[01:32:00.000 --> 01:32:02.000]  左手边抓住沉重的盾牌
[01:32:02.000 --> 01:32:04.000]  左手边抓住沉重的盾牌
[01:32:04.000 --> 01:32:06.000]  左手边抓住沉重的盾牌
[01:32:06.000 --> 01:32:08.000]  左手边抓住沉重的盾牌
[01:32:08.000 --> 01:32:10.000]  左手边抓住沉重的盾牌
[01:32:10.000 --> 01:32:12.000]  左手边抓住沉重的盾牌
[01:32:12.000 --> 01:32:14.000]  左手边抓住沉重的盾牌
[01:32:14.000 --> 01:32:16.000]  左手边抓住沉重的盾牌
[01:32:16.000 --> 01:32:18.000]  左手边抓住沉重的盾牌
[01:32:18.000 --> 01:32:20.000]  右手边抓住沉重的盾牌
[01:32:20.000 --> 01:32:22.000]  左手边抓住沉重的盾牌
[01:32:22.000 --> 01:32:24.000]  左手边抓住沉重的盾牌
[01:32:24.000 --> 01:32:26.000]  左手边抓住沉重的盾牌
[01:32:26.000 --> 01:32:28.000]  左手边抓住沉重的盾牌
[01:32:28.000 --> 01:32:30.000]  右手边抓住沉重的盾牌
[01:32:30.000 --> 01:32:32.000]  右手边抓住沉重的盾牌
[01:32:32.000 --> 01:32:34.000]  右手边抓住沉重的盾牌
[01:32:34.000 --> 01:32:36.000]  右手边抓住沉重的盾牌
[01:32:36.000 --> 01:32:38.000]  右手边抓住沉重的盾牌
[01:32:38.000 --> 01:32:40.000]  右手边抓住沉重的盾牌
[01:32:40.000 --> 01:32:42.000]  右手边抓住沉重的盾牌
[01:32:42.000 --> 01:32:44.000]  右手边抓住沉重的盾牌
[01:32:44.000 --> 01:32:46.000]  右手边抓住沉重的盾牌
[01:32:46.000 --> 01:32:48.000]  右手边抓住沉重的盾牌
[01:32:48.000 --> 01:32:50.000]  右手边抓住沉重的盾牌
[01:32:50.000 --> 01:32:52.000]  右手边抓住沉重的盾牌
[01:32:52.000 --> 01:32:54.000]  右手边抓住沉重的盾牌
[01:32:54.000 --> 01:32:56.000]  右手边抓住沉重的盾牌
[01:32:56.000 --> 01:32:58.000]  右手边抓住沉重的盾牌
[01:32:58.000 --> 01:33:00.000]  右手边抓住沉重的盾牌
[01:33:00.000 --> 01:33:02.000]  右手边抓住沉重的盾牌
[01:33:02.000 --> 01:33:04.000]  右手边抓住沉重的盾牌
[01:33:04.000 --> 01:33:06.000]  右手边抓住沉重的盾牌
[01:33:06.000 --> 01:33:08.000]  右手边抓住沉重的盾牌
[01:33:08.000 --> 01:33:10.000]  右手边抓住沉重的盾牌
[01:33:10.000 --> 01:33:12.000]  右手边抓住沉重的盾牌
[01:33:12.000 --> 01:33:14.000]  右手边抓住沉重的盾牌
[01:33:14.000 --> 01:33:16.000]  右手边抓住沉重的盾牌
[01:33:16.000 --> 01:33:18.000]  右手边抓住沉重的盾牌
[01:33:18.000 --> 01:33:20.000]  右手边抓住沉重的盾牌
[01:33:20.000 --> 01:33:22.000]  右手边抓住沉重的盾牌
[01:33:22.000 --> 01:33:24.000]  右手边抓住沉重的盾牌
[01:33:24.000 --> 01:33:26.000]  右手边抓住沉重的盾牌
[01:33:26.000 --> 01:33:28.000]  右手边抓住沉重的盾牌
[01:33:28.000 --> 01:33:30.000]  右手边抓住沉重的盾牌
[01:33:30.000 --> 01:33:32.000]  右手边抓住沉重的盾牌
[01:33:32.000 --> 01:33:34.000]  右手边抓住沉重的盾牌
[01:33:34.000 --> 01:33:36.000]  右手边抓住沉重的盾牌
[01:33:36.000 --> 01:33:38.000]  右手边抓住沉重的盾牌
[01:33:38.000 --> 01:33:40.000]  右手边抓住沉重的盾牌
[01:33:40.000 --> 01:33:42.000]  右手边抓住沉重的盾牌
[01:33:42.000 --> 01:33:44.000]  右手边抓住沉重的盾牌
[01:33:44.000 --> 01:33:46.000]  右手边抓住沉重的盾牌
[01:33:46.000 --> 01:33:48.000]  右手边抓住沉重的盾牌
[01:33:48.000 --> 01:33:50.000]  右手边抓住沉重的盾牌
[01:33:50.000 --> 01:33:52.000]  右手边抓住沉重的盾牌
[01:33:52.000 --> 01:33:54.000]  右手边抓住沉重的盾牌
[01:33:54.000 --> 01:33:56.000]  右手边抓住沉重的盾牌
[01:33:56.000 --> 01:33:58.000]  右手边抓住沉重的盾牌
[01:33:58.000 --> 01:34:00.000]  右手边抓住沉重的盾牌
[01:34:00.000 --> 01:34:02.000]  右手边抓住沉重的盾牌
[01:34:02.000 --> 01:34:04.000]  右手边抓住沉重的盾牌
[01:34:04.000 --> 01:34:06.000]  右手边抓住沉重的盾牌
[01:34:06.000 --> 01:34:08.000]  右手边抓住沉重的盾牌
[01:34:08.000 --> 01:34:10.000]  右手边抓住沉重的盾牌
[01:34:10.000 --> 01:34:12.000]  右手边抓住沉重的盾牌
[01:34:12.000 --> 01:34:14.000]  右手边抓住沉重的盾牌
[01:34:14.000 --> 01:34:16.000]  右手边抓住沉重的盾牌
[01:34:16.000 --> 01:34:18.000]  右手边抓住沉重的盾牌
[01:34:18.000 --> 01:34:20.000]  右手边抓住沉重的盾牌
[01:34:20.000 --> 01:34:22.000]  右手边抓住沉重的盾牌
[01:34:22.000 --> 01:34:24.000]  右手边抓住沉重的盾牌
[01:34:24.000 --> 01:34:26.000]  右手边抓住沉重的盾牌
[01:34:26.000 --> 01:34:28.000]  右手边抓住沉重的盾牌
[01:34:28.000 --> 01:34:30.000]  右手边抓住沉重的盾牌
[01:34:30.000 --> 01:34:32.000]  右手边抓住沉重的盾牌
[01:34:32.000 --> 01:34:34.000]  右手边抓住沉重的盾牌
[01:34:34.000 --> 01:34:36.000]  右手边抓住沉重的盾牌
[01:34:36.000 --> 01:34:38.000]  右手边抓住沉重的盾牌
[01:34:38.000 --> 01:34:40.000]  右手边抓住沉重的盾牌
[01:34:40.000 --> 01:34:42.000]  右手边抓住沉重的盾牌
[01:34:42.000 --> 01:34:44.000]  右手边抓住沉重的盾牌
[01:34:44.000 --> 01:34:46.000]  右手边抓住沉重的盾牌
[01:34:46.000 --> 01:34:48.000]  右手边抓住沉重的盾牌
[01:34:48.000 --> 01:34:50.000]  右手边抓住沉重的盾牌
[01:34:50.000 --> 01:34:52.000]  右手边抓住沉重的盾牌
[01:34:52.000 --> 01:34:54.000]  右手边抓住沉重的盾牌
[01:34:54.000 --> 01:34:56.000]  右手边抓住沉重的盾牌
[01:34:56.000 --> 01:34:58.000]  右手边抓住沉重的盾牌
[01:34:58.000 --> 01:35:00.000]  右手边抓住沉重的盾牌
[01:35:00.000 --> 01:35:02.000]  右手边抓住沉重的盾牌
[01:35:02.000 --> 01:35:04.000]  右手边抓住沉重的盾牌
[01:35:04.000 --> 01:35:06.000]  右手边抓住沉重的盾牌
[01:35:06.000 --> 01:35:08.000]  右手边抓住沉重的盾牌
[01:35:08.000 --> 01:35:10.000]  右手边抓住沉重的盾牌
[01:35:10.000 --> 01:35:12.000]  右手边抓住沉重的盾牌
[01:35:12.000 --> 01:35:14.000]  右手边抓住沉重的盾牌
[01:35:14.000 --> 01:35:16.000]  右手边抓住沉重的盾牌
[01:35:16.000 --> 01:35:18.000]  右手边抓住沉重的盾牌
[01:35:18.000 --> 01:35:20.000]  右手边抓住沉重的盾牌
[01:35:20.000 --> 01:35:22.000]  右手边抓住沉重的盾牌
[01:35:22.000 --> 01:35:24.000]  右手边抓住沉重的盾牌
[01:35:24.000 --> 01:35:26.000]  右手边抓住沉重的盾牌
[01:35:26.000 --> 01:35:28.000]  右手边抓住沉重的盾牌
[01:35:28.000 --> 01:35:30.000]  右手边抓住沉重的盾牌
[01:35:30.000 --> 01:35:32.000]  右手边抓住沉重的盾牌
[01:35:32.000 --> 01:35:34.000]  右手边抓住沉重的盾牌
[01:35:34.000 --> 01:35:36.000]  右手边抓住沉重的盾牌
[01:35:36.000 --> 01:35:38.000]  右手边抓住沉重的盾牌
[01:35:38.000 --> 01:35:40.000]  右手边抓住沉重的盾牌
[01:35:40.000 --> 01:35:42.000]  右手边抓住沉重的盾牌
[01:35:42.000 --> 01:35:44.000]  右手边抓住沉重的盾牌
[01:35:44.000 --> 01:35:46.000]  右手边抓住沉重的盾牌
[01:35:46.000 --> 01:35:48.000]  右手边抓住沉重的盾牌
[01:35:48.000 --> 01:35:50.000]  右手边抓住沉重的盾牌
[01:35:50.000 --> 01:35:52.000]  右手边抓住沉重的盾牌
[01:35:52.000 --> 01:35:54.000]  右手边抓住沉重的盾牌
[01:35:54.000 --> 01:35:56.000]  右手边抓住沉重的盾牌
[01:35:56.000 --> 01:35:58.000]  右手边抓住沉重的盾牌
[01:35:58.000 --> 01:36:00.000]  右手边抓住沉重的盾牌
[01:36:00.000 --> 01:36:02.000]  右手边抓住沉重的盾牌
[01:36:02.000 --> 01:36:04.000]  右手边抓住沉重的盾牌
[01:36:04.000 --> 01:36:06.000]  右手边抓住沉重的盾牌
[01:36:06.000 --> 01:36:08.000]  右手边抓住沉重的盾牌
[01:36:08.000 --> 01:36:10.000]  右手边抓住沉重的盾牌
[01:36:10.000 --> 01:36:12.000]  右手边抓住沉重的盾牌
[01:36:12.000 --> 01:36:14.000]  右手边抓住沉重的盾牌
[01:36:14.000 --> 01:36:16.000]  右手边抓住沉重的盾牌
[01:36:16.000 --> 01:36:18.000]  右手边抓住沉重的盾牌
[01:36:18.000 --> 01:36:20.000]  右手边抓住沉重的盾牌
[01:36:20.000 --> 01:36:22.000]  右手边抓住沉重的盾牌
[01:36:22.000 --> 01:36:24.000]  右手边抓住沉重的盾牌
[01:36:24.000 --> 01:36:26.000]  右手边抓住沉重的盾牌
[01:36:26.000 --> 01:36:28.000]  右手边抓住沉重的盾牌
[01:36:28.000 --> 01:36:30.000]  右手边抓住沉重的盾牌
[01:36:30.000 --> 01:36:32.000]  右手边抓住沉重的盾牌
[01:36:32.000 --> 01:36:34.000]  右手边抓住沉重的盾牌
[01:36:34.000 --> 01:36:36.000]  右手边抓住沉重的盾牌
[01:36:36.000 --> 01:36:38.000]  右手边抓住沉重的盾牌
[01:36:38.000 --> 01:36:40.000]  右手边抓住沉重的盾牌
[01:36:40.000 --> 01:36:42.000]  右手边抓住沉重的盾牌
[01:36:42.000 --> 01:36:44.000]  右手边抓住沉重的盾牌
[01:36:44.000 --> 01:36:46.000]  右手边抓住沉重的盾牌
[01:36:46.000 --> 01:36:48.000]  右手边抓住沉重的盾牌
[01:36:48.000 --> 01:36:50.000]  右手边抓住沉重的盾牌
[01:36:50.000 --> 01:36:52.000]  右手边抓住沉重的盾牌
[01:36:52.000 --> 01:36:54.000]  右手边抓住沉重的盾牌
[01:36:54.000 --> 01:36:56.000]  右手边抓住沉重的盾牌
[01:36:56.000 --> 01:36:58.000]  右手边抓住沉重的盾牌
[01:36:58.000 --> 01:37:00.000]  右手边抓住沉重的盾牌
[01:37:00.000 --> 01:37:02.000]  右手边抓住沉重的盾牌
[01:37:02.000 --> 01:37:04.000]  右手边抓住沉重的盾牌
[01:37:04.000 --> 01:37:06.000]  右手边抓住沉重的盾牌
[01:37:06.000 --> 01:37:08.000]  右手边抓住沉重的盾牌
[01:37:08.000 --> 01:37:10.000]  右手边抓住沉重的盾牌
[01:37:10.000 --> 01:37:12.000]  右手边抓住沉重的盾牌
[01:37:12.000 --> 01:37:14.000]  右手边抓住沉重的盾牌
[01:37:14.000 --> 01:37:16.000]  右手边抓住沉重的盾牌
[01:37:16.000 --> 01:37:18.000]  右手边抓住沉重的盾牌
[01:37:18.000 --> 01:37:20.000]  右手边抓住沉重的盾牌
[01:37:20.000 --> 01:37:22.000]  右手边抓住沉重的盾牌
[01:37:22.000 --> 01:37:24.000]  右手边抓住沉重的盾牌
[01:37:24.000 --> 01:37:26.000]  右手边抓住沉重的盾牌
[01:37:26.000 --> 01:37:28.000]  右手边抓住沉重的盾牌
[01:37:28.000 --> 01:37:30.000]  右手边抓住沉重的盾牌
[01:37:30.000 --> 01:37:32.000]  右手边抓住沉重的盾牌
[01:37:32.000 --> 01:37:34.000]  右手边抓住沉重的盾牌
[01:37:34.000 --> 01:37:36.000]  右手边抓住沉重的盾牌
[01:37:36.000 --> 01:37:38.000]  右手边抓住沉重的盾牌
[01:37:38.000 --> 01:37:40.000]  右手边抓住沉重的盾牌
[01:37:40.000 --> 01:37:42.000]  右手边抓住沉重的盾牌
[01:37:42.000 --> 01:37:44.000]  右手边抓住沉重的盾牌
[01:37:44.000 --> 01:37:46.000]  右手边抓住沉重的盾牌
[01:37:46.000 --> 01:37:48.000]  右手边抓住沉重的盾牌
[01:37:48.000 --> 01:37:50.000]  右手边抓住沉重的盾牌
[01:37:50.000 --> 01:37:52.000]  右手边抓住沉重的盾牌
[01:37:52.000 --> 01:37:54.000]  右手边抓住沉重的盾牌
[01:37:54.000 --> 01:37:56.000]  右手边抓住沉重的盾牌
[01:37:56.000 --> 01:37:58.000]  右手边抓住沉重的盾牌
[01:37:58.000 --> 01:38:00.000]  右手边抓住沉重的盾牌
[01:38:00.000 --> 01:38:02.000]  右手边抓住沉重的盾牌
[01:38:02.000 --> 01:38:04.000]  右手边抓住沉重的盾牌
[01:38:04.000 --> 01:38:06.000]  右手边抓住沉重的盾牌
[01:38:06.000 --> 01:38:08.000]  右手边抓住沉重的盾牌
[01:38:08.000 --> 01:38:10.000]  右手边抓住沉重的盾牌
[01:38:10.000 --> 01:38:12.000]  右手边抓住沉重的盾牌
[01:38:12.000 --> 01:38:14.000]  右手边抓住沉重的盾牌
[01:38:14.000 --> 01:38:16.000]  右手边抓住沉重的盾牌
[01:38:16.000 --> 01:38:18.000]  右手边抓住沉重的盾牌
[01:38:18.000 --> 01:38:20.000]  右手边抓住沉重的盾牌
[01:38:20.000 --> 01:38:22.000]  右手边抓住沉重的盾牌
[01:38:22.000 --> 01:38:24.000]  右手边抓住沉重的盾牌
[01:38:24.000 --> 01:38:26.000]  右手边抓住沉重的盾牌
[01:38:26.000 --> 01:38:28.000]  右手边抓住沉重的盾牌
[01:38:28.000 --> 01:38:30.000]  右手边抓住沉重的盾牌
[01:38:30.000 --> 01:38:32.000]  右手边抓住沉重的盾牌
[01:38:32.000 --> 01:38:34.000]  右手边抓住沉重的盾牌
[01:38:34.000 --> 01:38:36.000]  右手边抓住沉重的盾牌
[01:38:36.000 --> 01:38:38.000]  右手边抓住沉重的盾牌
[01:38:38.000 --> 01:38:40.000]  右手边抓住沉重的盾牌
[01:38:40.000 --> 01:38:42.000]  右手边抓住沉重的盾牌
[01:38:42.000 --> 01:38:44.000]  右手边抓住沉重的盾牌
[01:38:44.000 --> 01:38:46.000]  右手边抓住沉重的盾牌
[01:38:46.000 --> 01:38:48.000]  右手边抓住沉重的盾牌
[01:38:48.000 --> 01:38:50.000]  右手边抓住沉重的盾牌
[01:38:50.000 --> 01:38:52.000]  右手边抓住沉重的盾牌
[01:38:52.000 --> 01:38:54.000]  右手边抓住沉重的盾牌
[01:38:54.000 --> 01:38:56.000]  右手边抓住沉重的盾牌
[01:38:56.000 --> 01:38:58.000]  右手边抓住沉重的盾牌
[01:38:58.000 --> 01:39:00.000]  右手边抓住沉重的盾牌
[01:39:00.000 --> 01:39:02.000]  右手边抓住沉重的盾牌
[01:39:02.000 --> 01:39:04.000]  右手边抓住沉重的盾牌
[01:39:04.000 --> 01:39:06.000]  右手边抓住沉重的盾牌
[01:39:06.000 --> 01:39:08.000]  右手边抓住沉重的盾牌
[01:39:08.000 --> 01:39:10.000]  右手边抓住沉重的盾牌
[01:39:10.000 --> 01:39:12.000]  右手边抓住沉重的盾牌
[01:39:12.000 --> 01:39:14.000]  右手边抓住沉重的盾牌
[01:39:14.000 --> 01:39:16.000]  右手边抓住沉重的盾牌
[01:39:16.000 --> 01:39:18.000]  右手边抓住沉重的盾牌
[01:39:18.000 --> 01:39:20.000]  右手边抓住沉重的盾牌
[01:39:20.000 --> 01:39:22.000]  右手边抓住沉重的盾牌
[01:39:22.000 --> 01:39:24.000]  右手边抓住沉重的盾牌
[01:39:24.000 --> 01:39:26.000]  右手边抓住沉重的盾牌
[01:39:26.000 --> 01:39:28.000]  右手边抓住沉重的盾牌
[01:39:28.000 --> 01:39:30.000]  右手边抓住沉重的盾牌
[01:39:30.000 --> 01:39:32.000]  右手边抓住沉重的盾牌
[01:39:32.000 --> 01:39:34.000]  右手边抓住沉重的盾牌
[01:39:34.000 --> 01:39:36.000]  右手边抓住沉重的盾牌
[01:39:36.000 --> 01:39:38.000]  右手边抓住沉重的盾牌
[01:39:38.000 --> 01:39:40.000]  右手边抓住沉重的盾牌
[01:39:40.000 --> 01:39:42.000]  右手边抓住沉重的盾牌
[01:39:42.000 --> 01:39:44.000]  右手边抓住沉重的盾牌
[01:39:44.000 --> 01:39:46.000]  右手边抓住沉重的盾牌
[01:39:46.000 --> 01:39:48.000]  右手边抓住沉重的盾牌
[01:39:48.000 --> 01:39:50.000]  右手边抓住沉重的盾牌
[01:39:50.000 --> 01:39:52.000]  右手边抓住沉重的盾牌
[01:39:52.000 --> 01:39:54.000]  右手边抓住沉重的盾牌
[01:39:54.000 --> 01:39:56.000]  右手边抓住沉重的盾牌
[01:39:56.000 --> 01:39:58.000]  右手边抓住沉重的盾牌
[01:39:58.000 --> 01:40:00.000]  右手边抓住沉重的盾牌
[01:40:00.000 --> 01:40:02.000]  右手边抓住沉重的盾牌
[01:40:02.000 --> 01:40:04.000]  右手边抓住沉重的盾牌
[01:40:04.000 --> 01:40:06.000]  右手边抓住沉重的盾牌
[01:40:06.000 --> 01:40:08.000]  右手边抓住沉重的盾牌
[01:40:08.000 --> 01:40:10.000]  右手边抓住沉重的盾牌
[01:40:10.000 --> 01:40:12.000]  右手边抓住沉重的盾牌
[01:40:12.000 --> 01:40:14.000]  右手边抓住沉重的盾牌
[01:40:14.000 --> 01:40:16.000]  右手边抓住沉重的盾牌
[01:40:16.000 --> 01:40:18.000]  右手边抓住沉重的盾牌
[01:40:18.000 --> 01:40:20.000]  右手边抓住沉重的盾牌
[01:40:20.000 --> 01:40:22.000]  右手边抓住沉重的盾牌
[01:40:22.000 --> 01:40:24.000]  右手边抓住沉重的盾牌
[01:40:24.000 --> 01:40:26.000]  右手边抓住沉重的盾牌
[01:40:26.000 --> 01:40:28.000]  右手边抓住沉重的盾牌
[01:40:28.000 --> 01:40:30.000]  右手边抓住沉重的盾牌
[01:40:30.000 --> 01:40:32.000]  右手边抓住沉重的盾牌
[01:40:32.000 --> 01:40:34.000]  右手边抓住沉重的盾牌
[01:40:34.000 --> 01:40:36.000]  右手边抓住沉重的盾牌
[01:40:36.000 --> 01:40:38.000]  右手边抓住沉重的盾牌
[01:40:38.000 --> 01:40:40.000]  右手边抓住沉重的盾牌
[01:40:40.000 --> 01:40:42.000]  右手边抓住沉重的盾牌
[01:40:42.000 --> 01:40:44.000]  右手边抓住沉重的盾牌
[01:40:44.000 --> 01:40:46.000]  右手边抓住沉重的盾牌
[01:40:46.000 --> 01:40:48.000]  右手边抓住沉重的盾牌
[01:40:48.000 --> 01:40:50.000]  右手边抓住沉重的盾牌
[01:40:50.000 --> 01:40:52.000]  右手边抓住沉重的盾牌
[01:40:52.000 --> 01:40:54.000]  右手边抓住沉重的盾牌
[01:40:54.000 --> 01:40:56.000]  右手边抓住沉重的盾牌
[01:40:56.000 --> 01:40:58.000]  右手边抓住沉重的盾牌
[01:40:58.000 --> 01:41:00.000]  右手边抓住沉重的盾牌
[01:41:00.000 --> 01:41:02.000]  右手边抓住沉重的盾牌
[01:41:02.000 --> 01:41:04.000]  右手边抓住沉重的盾牌
[01:41:04.000 --> 01:41:06.000]  右手边抓住沉重的盾牌
[01:41:06.000 --> 01:41:08.000]  右手边抓住沉重的盾牌
[01:41:08.000 --> 01:41:10.000]  右手边抓住沉重的盾牌
[01:41:10.000 --> 01:41:12.000]  右手边抓住沉重的盾牌
[01:41:12.000 --> 01:41:14.000]  右手边抓住沉重的盾牌
[01:41:14.000 --> 01:41:16.000]  右手边抓住沉重的盾牌
[01:41:16.000 --> 01:41:18.000]  右手边抓住沉重的盾牌
[01:41:18.000 --> 01:41:20.000]  右手边抓住沉重的盾牌
[01:41:20.000 --> 01:41:22.000]  右手边抓住沉重的盾牌
[01:41:22.000 --> 01:41:24.000]  右手边抓住沉重的盾牌
[01:41:24.000 --> 01:41:26.000]  右手边抓住沉重的盾牌
[01:41:26.000 --> 01:41:28.000]  右手边抓住沉重的盾牌
[01:41:28.000 --> 01:41:30.000]  右手边抓住沉重的盾牌
[01:41:30.000 --> 01:41:32.000]  右手边抓住沉重的盾牌
[01:41:32.000 --> 01:41:34.000]  右手边抓住沉重的盾牌
[01:41:34.000 --> 01:41:36.000]  右手边抓住沉重的盾牌
[01:41:36.000 --> 01:41:38.000]  右手边抓住沉重的盾牌
[01:41:38.000 --> 01:41:40.000]  右手边抓住沉重的盾牌
[01:41:40.000 --> 01:41:42.000]  右手边抓住沉重的盾牌
[01:41:42.000 --> 01:41:44.000]  右手边抓住沉重的盾牌
[01:41:44.000 --> 01:41:46.000]  右手边抓住沉重的盾牌
[01:41:46.000 --> 01:41:48.000]  右手边抓住沉重的盾牌
[01:41:48.000 --> 01:41:50.000]  右手边抓住沉重的盾牌
[01:41:50.000 --> 01:41:52.000]  右手边抓住沉重的盾牌
[01:41:52.000 --> 01:41:54.000]  右手边抓住沉重的盾牌
[01:41:54.000 --> 01:41:56.000]  右手边抓住沉重的盾牌
[01:41:56.000 --> 01:41:58.000]  右手边抓住沉重的盾牌
[01:41:58.000 --> 01:42:00.000]  右手边抓住沉重的盾牌
[01:42:00.000 --> 01:42:02.000]  右手边抓住沉重的盾牌
[01:42:02.000 --> 01:42:04.000]  右手边抓住沉重的盾牌
[01:42:04.000 --> 01:42:06.000]  右手边抓住沉重的盾牌
[01:42:06.000 --> 01:42:08.000]  右手边抓住沉重的盾牌
[01:42:08.000 --> 01:42:10.000]  右手边抓住沉重的盾牌
[01:42:10.000 --> 01:42:12.000]  右手边抓住沉重的盾牌
[01:42:12.000 --> 01:42:14.000]  右手边抓住沉重的盾牌
[01:42:14.000 --> 01:42:16.000]  右手边抓住沉重的盾牌
[01:42:16.000 --> 01:42:18.000]  右手边抓住沉重的盾牌
[01:42:18.000 --> 01:42:20.000]  右手边抓住沉重的盾牌
[01:42:20.000 --> 01:42:22.000]  右手边抓住沉重的盾牌
[01:42:22.000 --> 01:42:24.000]  右手边抓住沉重的盾牌
[01:42:24.000 --> 01:42:26.000]  右手边抓住沉重的盾牌
[01:42:26.000 --> 01:42:28.000]  右手边抓住沉重的盾牌
[01:42:28.000 --> 01:42:30.000]  右手边抓住沉重的盾牌
[01:42:30.000 --> 01:42:32.000]  右手边抓住沉重的盾牌
[01:42:32.000 --> 01:42:34.000]  右手边抓住沉重的盾牌
[01:42:34.000 --> 01:42:36.000]  右手边抓住沉重的盾牌
[01:42:36.000 --> 01:42:38.000]  右手边抓住沉重的盾牌
[01:42:38.000 --> 01:42:40.000]  右手边抓住沉重的盾牌
[01:42:40.000 --> 01:42:42.000]  右手边抓住沉重的盾牌
[01:42:42.000 --> 01:42:44.000]  右手边抓住沉重的盾牌
[01:42:44.000 --> 01:42:46.000]  右手边抓住沉重的盾牌
[01:42:46.000 --> 01:42:48.000]  右手边抓住沉重的盾牌
[01:42:48.000 --> 01:42:50.000]  右手边抓住沉重的盾牌
[01:42:50.000 --> 01:42:52.000]  右手边抓住沉重的盾牌
[01:42:52.000 --> 01:42:54.000]  右手边抓住沉重的盾牌
[01:42:54.000 --> 01:42:56.000]  右手边抓住沉重的盾牌
[01:42:56.000 --> 01:42:58.000]  右手边抓住沉重的盾牌
[01:42:58.000 --> 01:43:00.000]  右手边抓住沉重的盾牌
[01:43:00.000 --> 01:43:02.000]  右手边抓住沉重的盾牌
[01:43:02.000 --> 01:43:04.000]  右手边抓住沉重的盾牌
[01:43:04.000 --> 01:43:06.000]  右手边抓住沉重的盾牌
[01:43:06.000 --> 01:43:08.000]  右手边抓住沉重的盾牌
[01:43:08.000 --> 01:43:10.000]  右手边抓住沉重的盾牌
[01:43:10.000 --> 01:43:12.000]  右手边抓住沉重的盾牌
[01:43:12.000 --> 01:43:14.000]  右手边抓住沉重的盾牌
[01:43:14.000 --> 01:43:16.000]  右手边抓住沉重的盾牌
[01:43:16.000 --> 01:43:18.000]  右手边抓住沉重的盾牌
[01:43:18.000 --> 01:43:20.000]  右手边抓住沉重的盾牌
[01:43:20.000 --> 01:43:22.000]  右手边抓住沉重的盾牌
[01:43:22.000 --> 01:43:24.000]  右手边抓住沉重的盾牌
[01:43:24.000 --> 01:43:26.000]  右手边抓住沉重的盾牌
[01:43:26.000 --> 01:43:28.000]  右手边抓住沉重的盾牌
[01:43:28.000 --> 01:43:30.000]  右手边抓住沉重的盾牌
[01:43:30.000 --> 01:43:32.000]  右手边抓住沉重的盾牌
[01:43:32.000 --> 01:43:34.000]  右手边抓住沉重的盾牌
[01:43:34.000 --> 01:43:36.000]  右手边抓住沉重的盾牌
[01:43:36.000 --> 01:43:38.000]  右手边抓住沉重的盾牌
[01:43:38.000 --> 01:43:40.000]  右手边抓住沉重的盾牌
[01:43:40.000 --> 01:43:42.000]  右手边抓住沉重的盾牌
[01:43:42.000 --> 01:43:44.000]  右手边抓住沉重的盾牌
[01:43:44.000 --> 01:43:46.000]  右手边抓住沉重的盾牌
[01:43:46.000 --> 01:43:48.000]  右手边抓住沉重的盾牌
[01:43:48.000 --> 01:43:50.000]  右手边抓住沉重的盾牌
[01:43:50.000 --> 01:43:52.000]  右手边抓住沉重的盾牌
[01:43:52.000 --> 01:43:54.000]  右手边抓住沉重的盾牌
[01:43:54.000 --> 01:43:56.000]  右手边抓住沉重的盾牌
[01:43:56.000 --> 01:43:58.000]  右手边抓住沉重的盾牌
[01:43:58.000 --> 01:44:00.000]  右手边抓住沉重的盾牌
[01:44:00.000 --> 01:44:02.000]  右手边抓住沉重的盾牌
[01:44:02.000 --> 01:44:04.000]  右手边抓住沉重的盾牌
[01:44:04.000 --> 01:44:06.000]  右手边抓住沉重的盾牌
[01:44:06.000 --> 01:44:08.000]  右手边抓住沉重的盾牌
[01:44:08.000 --> 01:44:10.000]  右手边抓住沉重的盾牌
[01:44:10.000 --> 01:44:12.000]  右手边抓住沉重的盾牌
[01:44:12.000 --> 01:44:14.000]  右手边抓住沉重的盾牌
[01:44:14.000 --> 01:44:16.000]  右手边抓住沉重的盾牌
[01:44:16.000 --> 01:44:18.000]  右手边抓住沉重的盾牌
[01:44:18.000 --> 01:44:20.000]  右手边抓住沉重的盾牌
[01:44:20.000 --> 01:44:22.000]  右手边抓住沉重的盾牌
[01:44:22.000 --> 01:44:24.000]  右手边抓住沉重的盾牌
[01:44:24.000 --> 01:44:26.000]  右手边抓住沉重的盾牌
[01:44:26.000 --> 01:44:28.000]  右手边抓住沉重的盾牌
[01:44:28.000 --> 01:44:30.000]  右手边抓住沉重的盾牌
[01:44:30.000 --> 01:44:32.000]  右手边抓住沉重的盾牌
[01:44:32.000 --> 01:44:34.000]  右手边抓住沉重的盾牌
[01:44:34.000 --> 01:44:36.000]  右手边抓住沉重的盾牌
[01:44:36.000 --> 01:44:38.000]  右手边抓住沉重的盾牌
[01:44:38.000 --> 01:44:40.000]  右手边抓住沉重的盾牌
[01:44:40.000 --> 01:44:42.000]  右手边抓住沉重的盾牌
[01:44:42.000 --> 01:44:44.000]  右手边抓住沉重的盾牌
[01:44:44.000 --> 01:44:46.000]  右手边抓住沉重的盾牌
[01:44:46.000 --> 01:44:48.000]  右手边抓住沉重的盾牌
[01:44:48.000 --> 01:44:50.000]  右手边抓住沉重的盾牌
[01:44:50.000 --> 01:44:52.000]  右手边抓住沉重的盾牌
[01:44:52.000 --> 01:44:54.000]  右手边抓住沉重的盾牌
[01:44:54.000 --> 01:44:56.000]  右手边抓住沉重的盾牌
[01:44:56.000 --> 01:44:58.000]  右手边抓住沉重的盾牌
[01:44:58.000 --> 01:45:00.000]  右手边抓住沉重的盾牌
[01:45:00.000 --> 01:45:02.000]  右手边抓住沉重的盾牌
[01:45:02.000 --> 01:45:04.000]  右手边抓住沉重的盾牌
[01:45:04.000 --> 01:45:06.000]  右手边抓住沉重的盾牌
[01:45:06.000 --> 01:45:08.000]  右手边抓住沉重的盾牌
[01:45:08.000 --> 01:45:10.000]  右手边抓住沉重的盾牌
[01:45:10.000 --> 01:45:12.000]  右手边抓住沉重的盾牌
[01:45:12.000 --> 01:45:14.000]  右手边抓住沉重的盾牌
[01:45:14.000 --> 01:45:16.000]  右手边抓住沉重的盾牌
[01:45:16.000 --> 01:45:18.000]  右手边抓住沉重的盾牌
[01:45:18.000 --> 01:45:20.000]  右手边抓住沉重的盾牌
[01:45:20.000 --> 01:45:22.000]  右手边抓住沉重的盾牌
[01:45:22.000 --> 01:45:24.000]  右手边抓住沉重的盾牌
[01:45:24.000 --> 01:45:26.000]  右手边抓住沉重的盾牌
[01:45:26.000 --> 01:45:28.000]  右手边抓住沉重的盾牌
[01:45:28.000 --> 01:45:30.000]  右手边抓住沉重的盾牌
[01:45:30.000 --> 01:45:32.000]  右手边抓住沉重的盾牌
[01:45:32.000 --> 01:45:34.000]  右手边抓住沉重的盾牌
[01:45:34.000 --> 01:45:36.000]  右手边抓住沉重的盾牌
[01:45:36.000 --> 01:45:38.000]  右手边抓住沉重的盾牌
[01:45:38.000 --> 01:45:40.000]  右手边抓住沉重的盾牌
[01:45:40.000 --> 01:45:42.000]  右手边抓住沉重的盾牌
[01:45:42.000 --> 01:45:44.000]  右手边抓住沉重的盾牌
[01:45:44.000 --> 01:45:46.000]  右手边抓住沉重的盾牌
[01:45:46.000 --> 01:45:48.000]  右手边抓住沉重的盾牌
[01:45:48.000 --> 01:45:50.000]  右手边抓住沉重的盾牌
[01:45:50.000 --> 01:45:52.000]  右手边抓住沉重的盾牌
[01:45:52.000 --> 01:45:54.000]  右手边抓住沉重的盾牌
[01:45:54.000 --> 01:45:56.000]  右手边抓住沉重的盾牌
[01:45:56.000 --> 01:45:58.000]  右手边抓住沉重的盾牌
[01:45:58.000 --> 01:46:00.000]  右手边抓住沉重的盾牌
[01:46:00.000 --> 01:46:02.000]  右手边抓住沉重的盾牌
[01:46:02.000 --> 01:46:04.000]  右手边抓住沉重的盾牌
[01:46:04.000 --> 01:46:06.000]  右手边抓住沉重的盾牌
[01:46:06.000 --> 01:46:08.000]  右手边抓住沉重的盾牌
[01:46:08.000 --> 01:46:10.000]  右手边抓住沉重的盾牌
[01:46:10.000 --> 01:46:12.000]  右手边抓住沉重的盾牌
[01:46:12.000 --> 01:46:14.000]  右手边抓住沉重的盾牌
[01:46:14.000 --> 01:46:16.000]  右手边抓住沉重的盾牌
[01:46:16.000 --> 01:46:18.000]  右手边抓住沉重的盾牌
[01:46:18.000 --> 01:46:20.000]  右手边抓住沉重的盾牌
[01:46:20.000 --> 01:46:22.000]  右手边抓住沉重的盾牌
[01:46:22.000 --> 01:46:24.000]  右手边抓住沉重的盾牌
[01:46:24.000 --> 01:46:26.000]  右手边抓住沉重的盾牌
[01:46:26.000 --> 01:46:28.000]  右手边抓住沉重的盾牌
[01:46:28.000 --> 01:46:30.000]  右手边抓住沉重的盾牌
[01:46:30.000 --> 01:46:32.000]  右手边抓住沉重的盾牌
[01:46:32.000 --> 01:46:34.000]  右手边抓住沉重的盾牌
[01:46:34.000 --> 01:46:36.000]  右手边抓住沉重的盾牌
[01:46:36.000 --> 01:46:38.000]  右手边抓住沉重的盾牌
[01:46:38.000 --> 01:46:40.000]  右手边抓住沉重的盾牌
[01:46:40.000 --> 01:46:42.000]  右手边抓住沉重的盾牌
[01:46:42.000 --> 01:46:44.000]  右手边抓住沉重的盾牌
[01:46:44.000 --> 01:46:46.000]  右手边抓住沉重的盾牌
[01:46:46.000 --> 01:46:48.000]  右手边抓住沉重的盾牌
[01:46:48.000 --> 01:46:50.000]  右手边抓住沉重的盾牌
[01:46:50.000 --> 01:46:52.000]  右手边抓住沉重的盾牌
[01:46:52.000 --> 01:46:54.000]  右手边抓住沉重的盾牌
[01:46:54.000 --> 01:46:56.000]  右手边抓住沉重的盾牌
[01:46:56.000 --> 01:46:58.000]  右手边抓住沉重的盾牌
[01:46:58.000 --> 01:47:00.000]  右手边抓住沉重的盾牌
[01:47:00.000 --> 01:47:02.000]  右手边抓住沉重的盾牌
[01:47:02.000 --> 01:47:04.000]  右手边抓住沉重的盾牌
[01:47:04.000 --> 01:47:06.000]  右手边抓住沉重的盾牌
[01:47:06.000 --> 01:47:08.000]  右手边抓住沉重的盾牌
[01:47:08.000 --> 01:47:10.000]  右手边抓住沉重的盾牌
[01:47:10.000 --> 01:47:12.000]  右手边抓住沉重的盾牌
[01:47:12.000 --> 01:47:14.000]  右手边抓住沉重的盾牌
[01:47:14.000 --> 01:47:16.000]  右手边抓住沉重的盾牌
[01:47:16.000 --> 01:47:18.000]  右手边抓住沉重的盾牌
[01:47:18.000 --> 01:47:20.000]  右手边抓住沉重的盾牌
[01:47:20.000 --> 01:47:22.000]  右手边抓住沉重的盾牌
[01:47:22.000 --> 01:47:24.000]  右手边抓住沉重的盾牌
[01:47:24.000 --> 01:47:26.000]  右手边抓住沉重的盾牌
[01:47:26.000 --> 01:47:28.000]  右手边抓住沉重的盾牌
[01:47:28.000 --> 01:47:30.000]  右手边抓住沉重的盾牌
[01:47:30.000 --> 01:47:32.000]  右手边抓住沉重的盾牌
[01:47:32.000 --> 01:47:34.000]  右手边抓住沉重的盾牌
[01:47:34.000 --> 01:47:36.000]  右手边抓住沉重的盾牌
[01:47:36.000 --> 01:47:38.000]  右手边抓住沉重的盾牌
[01:47:38.000 --> 01:47:40.000]  右手边抓住沉重的盾牌
[01:47:40.000 --> 01:47:42.000]  右手边抓住沉重的盾牌
[01:47:42.000 --> 01:47:44.000]  右手边抓住沉重的盾牌
[01:47:44.000 --> 01:47:46.000]  右手边抓住沉重的盾牌
[01:47:46.000 --> 01:47:48.000]  右手边抓住沉重的盾牌
[01:47:48.000 --> 01:47:50.000]  右手边抓住沉重的盾牌
[01:47:50.000 --> 01:47:52.000]  右手边抓住沉重的盾牌
[01:47:52.000 --> 01:47:54.000]  右手边抓住沉重的盾牌
[01:47:54.000 --> 01:47:56.000]  右手边抓住沉重的盾牌
[01:47:56.000 --> 01:47:58.000]  右手边抓住沉重的盾牌
[01:47:58.000 --> 01:48:00.000]  右手边抓住沉重的盾牌
[01:48:00.000 --> 01:48:02.000]  右手边抓住沉重的盾牌
[01:48:02.000 --> 01:48:04.000]  右手边抓住沉重的盾牌
[01:48:04.000 --> 01:48:06.000]  右手边抓住沉重的盾牌
[01:48:06.000 --> 01:48:08.000]  右手边抓住沉重的盾牌
[01:48:08.000 --> 01:48:10.000]  右手边抓住沉重的盾牌
[01:48:10.000 --> 01:48:12.000]  右手边抓住沉重的盾牌
[01:48:12.000 --> 01:48:14.000]  右手边抓住沉重的盾牌
[01:48:14.000 --> 01:48:16.000]  右手边抓住沉重的盾牌
[01:48:16.000 --> 01:48:18.000]  右手边抓住沉重的盾牌
[01:48:18.000 --> 01:48:20.000]  右手边抓住沉重的盾牌
[01:48:20.000 --> 01:48:22.000]  右手边抓住沉重的盾牌
[01:48:22.000 --> 01:48:24.000]  右手边抓住沉重的盾牌
[01:48:24.000 --> 01:48:26.000]  右手边抓住沉重的盾牌
[01:48:26.000 --> 01:48:28.000]  右手边抓住沉重的盾牌
[01:48:28.000 --> 01:48:30.000]  右手边抓住沉重的盾牌
[01:48:30.000 --> 01:48:32.000]  右手边抓住沉重的盾牌
[01:48:32.000 --> 01:48:34.000]  右手边抓住沉重的盾牌
[01:48:34.000 --> 01:48:36.000]  右手边抓住沉重的盾牌
[01:48:36.000 --> 01:48:38.000]  右手边抓住沉重的盾牌
[01:48:38.000 --> 01:48:40.000]  右手边抓住沉重的盾牌
[01:48:40.000 --> 01:48:42.000]  右手边抓住沉重的盾牌
[01:48:42.000 --> 01:48:44.000]  右手边抓住沉重的盾牌
[01:48:44.000 --> 01:48:46.000]  右手边抓住沉重的盾牌
[01:48:46.000 --> 01:48:48.000]  右手边抓住沉重的盾牌
[01:48:48.000 --> 01:48:50.000]  右手边抓住沉重的盾牌
[01:48:50.000 --> 01:48:52.000]  右手边抓住沉重的盾牌
[01:48:52.000 --> 01:48:54.000]  右手边抓住沉重的盾牌
[01:48:54.000 --> 01:48:56.000]  右手边抓住沉重的盾牌
[01:48:56.000 --> 01:48:58.000]  右手边抓住沉重的盾牌
[01:48:58.000 --> 01:49:00.000]  右手边抓住沉重的盾牌
[01:49:00.000 --> 01:49:02.000]  右手边抓住沉重的盾牌
[01:49:02.000 --> 01:49:04.000]  右手边抓住沉重的盾牌
[01:49:04.000 --> 01:49:06.000]  右手边抓住沉重的盾牌
[01:49:06.000 --> 01:49:08.000]  右手边抓住沉重的盾牌
[01:49:08.000 --> 01:49:10.000]  右手边抓住沉重的盾牌
[01:49:10.000 --> 01:49:12.000]  右手边抓住沉重的盾牌
[01:49:12.000 --> 01:49:14.000]  右手边抓住沉重的盾牌
[01:49:14.000 --> 01:49:16.000]  右手边抓住沉重的盾牌
[01:49:16.000 --> 01:49:18.000]  右手边抓住沉重的盾牌
[01:49:18.000 --> 01:49:20.000]  右手边抓住沉重的盾牌
[01:49:20.000 --> 01:49:22.000]  右手边抓住沉重的盾牌
[01:49:22.000 --> 01:49:24.000]  右手边抓住沉重的盾牌
[01:49:24.000 --> 01:49:26.000]  右手边抓住沉重的盾牌
[01:49:26.000 --> 01:49:28.000]  右手边抓住沉重的盾牌
[01:49:28.000 --> 01:49:30.000]  右手边抓住沉重的盾牌
[01:49:30.000 --> 01:49:32.000]  右手边抓住沉重的盾牌
[01:49:32.000 --> 01:49:34.000]  右手边抓住沉重的盾牌
[01:49:34.000 --> 01:49:36.000]  右手边抓住沉重的盾牌
[01:49:36.000 --> 01:49:38.000]  右手边抓住沉重的盾牌
[01:49:38.000 --> 01:49:40.000]  右手边抓住沉重的盾牌
[01:49:40.000 --> 01:49:42.000]  右手边抓住沉重的盾牌
[01:49:42.000 --> 01:49:44.000]  右手边抓住沉重的盾牌
[01:49:44.000 --> 01:49:46.000]  右手边抓住沉重的盾牌
[01:49:46.000 --> 01:49:48.000]  右手边抓住沉重的盾牌
[01:49:48.000 --> 01:49:50.000]  右手边抓住沉重的盾牌
[01:49:50.000 --> 01:49:52.000]  右手边抓住沉重的盾牌
[01:49:52.000 --> 01:49:54.000]  右手边抓住沉重的盾牌
[01:49:54.000 --> 01:49:56.000]  右手边抓住沉重的盾牌
[01:49:56.000 --> 01:49:58.000]  右手边抓住沉重的盾牌
[01:49:58.000 --> 01:50:00.000]  右手边抓住沉重的盾牌
[01:50:00.000 --> 01:50:02.000]  右手边抓住沉重的盾牌
[01:50:02.000 --> 01:50:04.000]  右手边抓住沉重的盾牌
[01:50:04.000 --> 01:50:06.000]  右手边抓住沉重的盾牌
[01:50:06.000 --> 01:50:08.000]  右手边抓住沉重的盾牌
[01:50:08.000 --> 01:50:10.000]  右手边抓住沉重的盾牌
[01:50:10.000 --> 01:50:12.000]  右手边抓住沉重的盾牌
[01:50:12.000 --> 01:50:14.000]  右手边抓住沉重的盾牌
[01:50:14.000 --> 01:50:16.000]  右手边抓住沉重的盾牌
[01:50:16.000 --> 01:50:18.000]  右手边抓住沉重的盾牌
[01:50:18.000 --> 01:50:20.000]  右手边抓住沉重的盾牌
[01:50:20.000 --> 01:50:22.000]  右手边抓住沉重的盾牌
[01:50:22.000 --> 01:50:24.000]  右手边抓住沉重的盾牌
[01:50:24.000 --> 01:50:26.000]  右手边抓住沉重的盾牌
[01:50:26.000 --> 01:50:28.000]  右手边抓住沉重的盾牌
[01:50:28.000 --> 01:50:30.000]  右手边抓住沉重的盾牌
[01:50:30.000 --> 01:50:32.000]  右手边抓住沉重的盾牌
[01:50:32.000 --> 01:50:34.000]  右手边抓住沉重的盾牌
[01:50:34.000 --> 01:50:36.000]  右手边抓住沉重的盾牌
[01:50:36.000 --> 01:50:38.000]  右手边抓住沉重的盾牌
[01:50:38.000 --> 01:50:40.000]  我只想知道你到底是谁啊?
