
[00:00:00.000 --> 00:00:05.000]  因怨情仇論舊約
[00:00:05.000 --> 00:00:07.000]  李思敬博士主講
[00:00:07.000 --> 00:00:09.000]  第二講
[00:00:09.000 --> 00:00:11.000]  一切還須從頭說起
[00:00:11.000 --> 00:00:13.000]  創世紀提要
[00:00:13.000 --> 00:00:17.000]  一切還須從頭說起
[00:00:17.000 --> 00:00:23.000]  這是我們今晚舊約課程的第二課
[00:00:23.000 --> 00:00:29.000]  我們今晚會集中來看聖經的第一卷書
[00:00:29.000 --> 00:00:31.000]  創世紀
[00:00:31.000 --> 00:00:36.000]  如果我上一堂所推測的準確的話
[00:00:36.000 --> 00:00:39.000]  很多弟兄姊妹立志讀舊約聖經
[00:00:39.000 --> 00:00:41.000]  由創世紀開始讀
[00:00:41.000 --> 00:00:44.000]  不過總是過不了曠野
[00:00:44.000 --> 00:00:46.000]  根據這個推測
[00:00:46.000 --> 00:00:49.000]  創世紀應該是最熟悉的一卷舊約聖經
[00:00:49.000 --> 00:00:51.000]  因爲你時時都在那裏開始
[00:00:51.000 --> 00:00:53.000]  時時都在那裏結束
[00:00:53.000 --> 00:00:55.000]  其他的書卷呢
[00:00:55.000 --> 00:01:00.000]  是不會有那麼多機會從頭開始的
[00:01:00.000 --> 00:01:01.000]  沒錯
[00:01:01.000 --> 00:01:05.000]  在基督教會的二千年歷史裏
[00:01:05.000 --> 00:01:08.000]  有三卷舊約聖經的書卷
[00:01:08.000 --> 00:01:11.000]  是非常受到教會重視的
[00:01:11.000 --> 00:01:13.000]  不只是今天
[00:01:13.000 --> 00:01:15.000]  而是二千年來
[00:01:15.000 --> 00:01:17.000]  創世紀是第一本
[00:01:17.000 --> 00:01:19.000]  詩篇是第二本
[00:01:19.000 --> 00:01:21.000]  以塞亞書是第三本
[00:01:21.000 --> 00:01:23.000]  這個課程呢
[00:01:23.000 --> 00:01:25.000]  到處都會有特別一堂
[00:01:25.000 --> 00:01:27.000]  來專門去討論
[00:01:27.000 --> 00:01:31.000]  今晚我們就先從創世紀開始
[00:01:31.000 --> 00:01:33.000]  創世紀如果說是一卷
[00:01:33.000 --> 00:01:35.000]  最熟悉的舊約書卷呢
[00:01:35.000 --> 00:01:37.000]  大概也可以說是一卷
[00:01:37.000 --> 00:01:41.000]  最受誤解的舊約書卷
[00:01:41.000 --> 00:01:44.000]  人人都拿着不同的理想
[00:01:44.000 --> 00:01:46.000]  期望 問題 難題
[00:01:46.000 --> 00:01:49.000]  來打開創世紀閱讀
[00:01:49.000 --> 00:01:52.000]  而要求創世紀去回答
[00:01:52.000 --> 00:01:56.000]  讀者所想問的問題
[00:01:56.000 --> 00:01:59.000]  這個不僅是普羅大衆
[00:01:59.000 --> 00:02:01.000]  評訊圖如是
[00:02:01.000 --> 00:02:03.000]  在英國
[00:02:03.000 --> 00:02:07.000]  學生福音團契的出版社
[00:02:07.000 --> 00:02:09.000]  InterVarsity Press
[00:02:09.000 --> 00:02:11.000]  他們在八十年代呢
[00:02:11.000 --> 00:02:13.000]  就出版了一套書
[00:02:13.000 --> 00:02:15.000]  那套書呢
[00:02:15.000 --> 00:02:17.000]  是一套重書的名字
[00:02:17.000 --> 00:02:19.000]  不是逐卷書 逐本書的名稱
[00:02:19.000 --> 00:02:21.000]  是那套書的名字
[00:02:21.000 --> 00:02:22.000]  很有趣味
[00:02:22.000 --> 00:02:24.000]  那套書的名字呢
[00:02:24.000 --> 00:02:28.000]  稱爲When Christians Disagree
[00:02:28.000 --> 00:02:32.000]  當基督徒彼此不同意的時候
[00:02:32.000 --> 00:02:34.000]  我們今天看明報頭版
[00:02:34.000 --> 00:02:36.000]  我們看到的新聞
[00:02:36.000 --> 00:02:39.000]  兩位香港的教睦同工
[00:02:39.000 --> 00:02:41.000]  他們disagree
[00:02:41.000 --> 00:02:44.000]  他們不同意對方所做的
[00:02:44.000 --> 00:02:46.000]  以前一直以來呢
[00:02:46.000 --> 00:02:48.000]  當基督徒彼此不同意的時候呢
[00:02:48.000 --> 00:02:51.000]  借用中國一句革命的說話
[00:02:51.000 --> 00:02:53.000]  我們就無限上綱
[00:02:53.000 --> 00:02:56.000]  你不同意我的立場呢
[00:02:56.000 --> 00:02:57.000]  就是你不愛主
[00:02:57.000 --> 00:02:58.000]  你不愛主就沒得救
[00:02:58.000 --> 00:03:00.000]  沒得救就撒旦的服役
[00:03:00.000 --> 00:03:02.000]  一路推上去
[00:03:02.000 --> 00:03:03.000]  總是很難呢
[00:03:03.000 --> 00:03:06.000]  能夠平心靜氣的
[00:03:06.000 --> 00:03:09.000]  坐下來彼此聆聽
[00:03:09.000 --> 00:03:12.000]  互相明白對方
[00:03:12.000 --> 00:03:14.000]  爲什麼採取這樣的態度
[00:03:14.000 --> 00:03:16.000]  立場 看事情的方法
[00:03:16.000 --> 00:03:19.000]  又能夠互相溝通
[00:03:19.000 --> 00:03:20.000]  彼此批判
[00:03:20.000 --> 00:03:24.000]  到最後仍然互相不同意
[00:03:24.000 --> 00:03:28.000]  但是卻保持弟兄姊妹的關係
[00:03:28.000 --> 00:03:30.000]  我覺得香港的基督徒
[00:03:30.000 --> 00:03:34.000]  需要在這一點上多多的學習
[00:03:34.000 --> 00:03:36.000]  有很多次要的事情
[00:03:36.000 --> 00:03:38.000]  我們可以彼此不同意
[00:03:38.000 --> 00:03:40.000]  但是我們仍然是弟兄姊妹
[00:03:40.000 --> 00:03:42.000]  而事實上我們不應該
[00:03:42.000 --> 00:03:43.000]  照新約聖經的教訓
[00:03:43.000 --> 00:03:44.000]  我已經來一題了
[00:03:44.000 --> 00:03:46.000]  照新約的教訓
[00:03:46.000 --> 00:03:48.000]  基督徒的合一
[00:03:48.000 --> 00:03:50.000]  在主裏面的團契
[00:03:50.000 --> 00:03:55.000]  是重要過任何離開了福音真理之外
[00:03:55.000 --> 00:03:57.000]  問題的不同立場的
[00:03:57.000 --> 00:03:59.000]  所以在不同意的當中
[00:03:59.000 --> 00:04:01.000]  能夠彼此對談
[00:04:01.000 --> 00:04:04.000]  互相明白是很美麗的事情
[00:04:04.000 --> 00:04:05.000]  就算不同意
[00:04:05.000 --> 00:04:07.000]  仍然是基督徒
[00:04:07.000 --> 00:04:08.000]  是弟兄姊妹
[00:04:08.000 --> 00:04:10.000]  When Christians disagree
[00:04:10.000 --> 00:04:11.000]  我說回這套書
[00:04:11.000 --> 00:04:13.000]  這套書討論什麼問題呢
[00:04:13.000 --> 00:04:15.000]  戰爭與和平
[00:04:15.000 --> 00:04:18.000]  財富與貧窮
[00:04:18.000 --> 00:04:22.000]  婦女、穆跡問題
[00:04:22.000 --> 00:04:25.000]  應不應該按立姐妹做穆斯
[00:04:25.000 --> 00:04:27.000]  神蹟奇事的問題
[00:04:27.000 --> 00:04:29.000]  靈因運動
[00:04:29.000 --> 00:04:31.000]  其中一本書
[00:04:31.000 --> 00:04:33.000]  我今晚提出來的原因就是
[00:04:33.000 --> 00:04:36.000]  創造與進化
[00:04:36.000 --> 00:04:40.000]  這本書邀請了在英國大學裏面
[00:04:40.000 --> 00:04:45.000]  非常有身份有受人尊重的學者
[00:04:45.000 --> 00:04:48.000]  都是福音信仰的基督徒
[00:04:48.000 --> 00:04:53.000]  都是相信聖經是神的話的弟兄姊妹
[00:04:53.000 --> 00:04:56.000]  但他們對創造進化這個問題
[00:04:56.000 --> 00:04:58.000]  彼此有不同的見解
[00:04:58.000 --> 00:05:01.000]  於是他們坐在一起討論
[00:05:01.000 --> 00:05:02.000]  緝錄成書
[00:05:02.000 --> 00:05:04.000]  而且出版發表
[00:05:04.000 --> 00:05:06.000]  有興趣的就是
[00:05:06.000 --> 00:05:08.000]  當這本書來到結論的時候
[00:05:08.000 --> 00:05:13.000]  編輯的編輯就做了這樣的總結
[00:05:13.000 --> 00:05:15.000]  他說這個問題要解決
[00:05:15.000 --> 00:05:19.000]  我們還是要回到創世紀第一章
[00:05:19.000 --> 00:05:22.000]  看一下創世紀說了些什麼
[00:05:22.000 --> 00:05:25.000]  然後去決定
[00:05:25.000 --> 00:05:26.000]  乍聽之下
[00:05:26.000 --> 00:05:30.000]  這個結論是非常敬虔
[00:05:30.000 --> 00:05:35.000]  讓聖經的真理決定我們的立場
[00:05:35.000 --> 00:05:38.000]  但其實這樣的問題
[00:05:38.000 --> 00:05:42.000]  和很多人讀聖經或創世紀的出發點
[00:05:42.000 --> 00:05:44.000]  是沒有例外的
[00:05:44.000 --> 00:05:46.000]  就是說我有一個問題
[00:05:46.000 --> 00:05:50.000]  我想聖經回答我的問題
[00:05:50.000 --> 00:05:53.000]  創世紀成書的目的
[00:05:53.000 --> 00:05:56.000]  就是要先回答我的問題
[00:05:56.000 --> 00:05:59.000]  進化的問題
[00:05:59.000 --> 00:06:00.000]  其實大家都知道
[00:06:00.000 --> 00:06:03.000]  是十九世紀達爾文先生
[00:06:03.000 --> 00:06:07.000]  提出的物競天擇式者生存
[00:06:07.000 --> 00:06:11.000]  這個理論之後才產生的一個學說
[00:06:11.000 --> 00:06:14.000]  到今天仍然是一個假設而已
[00:06:14.000 --> 00:06:16.000]  十九世紀以前
[00:06:16.000 --> 00:06:19.000]  從來沒有人提出這個論調
[00:06:19.000 --> 00:06:26.000]  創世紀是不是爲了回答進化的問題而寫成的呢
[00:06:26.000 --> 00:06:32.000]  我好像把這個說法說得過分簡化了
[00:06:32.000 --> 00:06:35.000]  但是很多時候我們讀聖經
[00:06:35.000 --> 00:06:41.000]  我們的確是懷着很多的問題來讀
[00:06:41.000 --> 00:06:46.000]  而我們要求聖經回答我的問題
[00:06:46.000 --> 00:06:56.000]  我們很少有耐性去聽聖經本身想傳遞的信息
[00:06:56.000 --> 00:06:59.000]  有人說從書名
[00:06:59.000 --> 00:07:02.000]  你都知道創世紀是講創造的
[00:07:02.000 --> 00:07:04.000]  創世嘛
[00:07:04.000 --> 00:07:06.000]  我試過問我神學院的同學
[00:07:06.000 --> 00:07:12.000]  創世紀裏面有多少章的經文是講創造天地
[00:07:12.000 --> 00:07:14.000]  極其量兩章
[00:07:14.000 --> 00:07:23.000]  其餘的四十八章完全和創造扯不上任何的關係
[00:07:23.000 --> 00:07:27.000]  如果你瞭解舊約聖經
[00:07:27.000 --> 00:07:30.000]  不只是看中文聖經的話
[00:07:30.000 --> 00:07:32.000]  你要知道創世紀這個名稱
[00:07:32.000 --> 00:07:34.000]  其實中文才是這樣叫的
[00:07:34.000 --> 00:07:37.000]  希伯來文就已經不是這樣叫了
[00:07:37.000 --> 00:07:39.000]  希伯來文用它頭一個字
[00:07:39.000 --> 00:07:41.000]  上一堂我們都提過一點
[00:07:41.000 --> 00:07:43.000]  Veresith這個字
[00:07:43.000 --> 00:07:44.000]  起初
[00:07:44.000 --> 00:07:47.000]  所以英文的聖經說Genesis
[00:07:47.000 --> 00:07:50.000]  這個翻譯拉丁文翻譯希臘文的字
[00:07:50.000 --> 00:07:54.000]  就是起初開始的意思
[00:07:54.000 --> 00:08:01.000]  起初開始和創造可以重疊
[00:08:01.000 --> 00:08:04.000]  但是起初或者開始
[00:08:04.000 --> 00:08:09.000]  就不是一定講這個世界宇宙的起初
[00:08:09.000 --> 00:08:13.000]  可以講以色列歷史的開始
[00:08:13.000 --> 00:08:18.000]  可以講上帝拯救的歷史的開始
[00:08:18.000 --> 00:08:23.000]  可以講人怎樣認識上帝的起點
[00:08:23.000 --> 00:08:25.000]  我們將這個起初
[00:08:25.000 --> 00:08:29.000]  批犯在創造天地來讀
[00:08:29.000 --> 00:08:33.000]  或者不是創世紀原本的意思
[00:08:33.000 --> 00:08:35.000]  剛纔我提過
[00:08:35.000 --> 00:08:37.000]  五十章的經文擺在我們眼前
[00:08:37.000 --> 00:08:41.000]  要決定創世紀究竟講什麼
[00:08:41.000 --> 00:08:50.000]  其實最好是由這本書本身告訴我們
[00:08:50.000 --> 00:08:56.000]  除非我們相信聖經的經文
[00:08:56.000 --> 00:09:00.000]  是沒有意義地緝錄成書
[00:09:00.000 --> 00:09:03.000]  沒有意義地緝錄成書
[00:09:03.000 --> 00:09:05.000]  也不一定不好
[00:09:05.000 --> 00:09:09.000]  有時是故意沒有意義地緝錄的
[00:09:09.000 --> 00:09:11.000]  隨街訪問
[00:09:11.000 --> 00:09:13.000]  舉起咪就錄音
[00:09:13.000 --> 00:09:15.000]  那是真的
[00:09:15.000 --> 00:09:17.000]  所以不需要經過剪輯
[00:09:17.000 --> 00:09:20.000]  馬上播放的
[00:09:20.000 --> 00:09:24.000]  沒有經過事先的設計
[00:09:24.000 --> 00:09:27.000]  但是舊約聖經給我們看到的
[00:09:27.000 --> 00:09:32.000]  卻不是這樣的即詳求真
[00:09:32.000 --> 00:09:36.000]  沒有設計的方式
[00:09:36.000 --> 00:09:39.000]  而成爲一卷書卷
[00:09:39.000 --> 00:09:41.000]  詩篇是很好的例子
[00:09:41.000 --> 00:09:43.000]  讓我們跳幾堂
[00:09:43.000 --> 00:09:44.000]  先講少少詩篇
[00:09:44.000 --> 00:09:46.000]  你就會明白
[00:09:46.000 --> 00:09:48.000]  詩篇是人對神的禱告
[00:09:48.000 --> 00:09:50.000]  今天在華人教會
[00:09:50.000 --> 00:09:54.000]  大部份來自沒有禮儀的教會
[00:09:54.000 --> 00:09:55.000]  不要聽錯
[00:09:55.000 --> 00:09:57.000]  不是沒有禮貌的教會
[00:09:57.000 --> 00:09:59.000]  我們是free church
[00:09:59.000 --> 00:10:02.000]  我們的敬拜不需要公土書
[00:10:02.000 --> 00:10:04.000]  不需要特定的祈禱文
[00:10:04.000 --> 00:10:06.000]  我們沒有什麼節旗
[00:10:06.000 --> 00:10:08.000]  要讀什麼頌
[00:10:08.000 --> 00:10:10.000]  唱什麼榮
[00:10:10.000 --> 00:10:12.000]  我們很自然的
[00:10:12.000 --> 00:10:14.000]  我們強調的就是上來祈禱
[00:10:14.000 --> 00:10:15.000]  閉上眼睛就講了
[00:10:15.000 --> 00:10:17.000]  如果戴着帽子上去
[00:10:17.000 --> 00:10:19.000]  主日崇拜領土
[00:10:19.000 --> 00:10:21.000]  有時牧師都會說我們
[00:10:21.000 --> 00:10:23.000]  沒有心的要作的
[00:10:23.000 --> 00:10:25.000]  祈禱不是作文章
[00:10:25.000 --> 00:10:27.000]  詩篇剛好相反
[00:10:27.000 --> 00:10:30.000]  詩篇裏每一篇的祈禱文
[00:10:30.000 --> 00:10:32.000]  都非常有格式
[00:10:32.000 --> 00:10:35.000]  格式嚴謹到有時就好像我們
[00:10:35.000 --> 00:10:41.000]  讀中國文學的唐詩宋詞一樣
[00:10:41.000 --> 00:10:43.000]  是填上去的
[00:10:43.000 --> 00:10:47.000]  格式嚴謹到每一句說話
[00:10:47.000 --> 00:10:49.000]  要用一個字母開始
[00:10:49.000 --> 00:10:53.000]  ABCDE一路排22個希伯來文的字母
[00:10:53.000 --> 00:10:56.000]  第三句如果你不從GUMO開始
[00:10:56.000 --> 00:10:58.000]  就不合規格了
[00:10:58.000 --> 00:11:00.000]  搞盡腦汁
[00:11:00.000 --> 00:11:03.000]  第三句怎麼可以從這個字母開始呢
[00:11:03.000 --> 00:11:11.000]  格式、設計、結構和真實的感受的表達
[00:11:11.000 --> 00:11:14.000]  在聖經裏是沒有衝突的
[00:11:14.000 --> 00:11:15.000]  沒有衝突的
[00:11:15.000 --> 00:11:18.000]  這個我們留到詩篇那一堂
[00:11:18.000 --> 00:11:20.000]  我們可以再詳細的去探討
[00:11:20.000 --> 00:11:22.000]  回到創世紀
[00:11:22.000 --> 00:11:25.000]  我們就可以發現
[00:11:25.000 --> 00:11:33.000]  創世紀本身有一個很清楚的結構和格式
[00:11:33.000 --> 00:11:37.000]  其實只要我們真的開始讀創世紀
[00:11:37.000 --> 00:11:39.000]  我們就應該問這個問題
[00:11:39.000 --> 00:11:44.000]  當你在1月1號立志從創世紀第一章讀起
[00:11:44.000 --> 00:11:46.000]  你讀完第一章
[00:11:46.000 --> 00:11:48.000]  第二天你讀第二章
[00:11:48.000 --> 00:11:50.000]  你應該有這樣的感覺
[00:11:50.000 --> 00:11:55.000]  第二章後那幾節好像應該是播落第一章
[00:11:55.000 --> 00:11:59.000]  爲什麼會定了第二章第一節在那裏開始呢
[00:11:59.000 --> 00:12:01.000]  換一句說話說
[00:12:01.000 --> 00:12:05.000]  創世紀的第一章應該在哪裏結束呢
[00:12:05.000 --> 00:12:11.000]  不是由那個章數節數來決定的
[00:12:11.000 --> 00:12:19.000]  章節是後來加上去的一個系統
[00:12:19.000 --> 00:12:21.000]  幫助人找聖經
[00:12:21.000 --> 00:12:23.000]  能夠找回那一節出來
[00:12:23.000 --> 00:12:25.000]  這個是一些記號來的
[00:12:25.000 --> 00:12:27.000]  不是聖經的作者原本寫的時候
[00:12:27.000 --> 00:12:29.000]  他沒有分章節的
[00:12:29.000 --> 00:12:34.000]  我們怎麼知道創世紀第一章在哪裏結束呢
[00:12:34.000 --> 00:12:36.000]  我們有一個線索
[00:12:36.000 --> 00:12:41.000]  這個線索就是第二章第四節的頭一句說話
[00:12:41.000 --> 00:12:46.000]  創造天地的來歷
[00:12:46.000 --> 00:12:48.000]  當然這一算就會牽涉到
[00:12:48.000 --> 00:12:53.000]  舊約聖經原本用希伯來文寫成的事實
[00:12:53.000 --> 00:12:56.000]  所以在希伯來文裏面
[00:12:56.000 --> 00:13:01.000]  來歷這個字的音就是Tolado
[00:13:01.000 --> 00:13:07.000]  Tolado這個字是重複在創世紀裏面出現
[00:13:07.000 --> 00:13:13.000]  總共在五十章裏面出現了十一次
[00:13:13.000 --> 00:13:15.000]  很多了,十一次
[00:13:15.000 --> 00:13:17.000]  在這十一次出現
[00:13:17.000 --> 00:13:25.000]  每一次其實都是代表着一個新的段落開始的
[00:13:25.000 --> 00:13:32.000]  在第二章第四節創造天地的來歷
[00:13:32.000 --> 00:13:35.000]  是一個新的段落的開始
[00:13:35.000 --> 00:13:37.000]  第二次的出現
[00:13:37.000 --> 00:13:40.000]  第五章的第一節
[00:13:40.000 --> 00:13:44.000]  阿當的後代記載下面
[00:13:44.000 --> 00:13:47.000]  都沒有來歷這個字
[00:13:47.000 --> 00:13:54.000]  這裏中文就用了後代來翻譯Tolado這個字
[00:13:54.000 --> 00:14:00.000]  第五章第一節很明顯是一個新的段落的開始
[00:14:00.000 --> 00:14:03.000]  如果這樣看的時候
[00:14:03.000 --> 00:14:06.000]  我們就發現創世紀的第一章
[00:14:06.000 --> 00:14:12.000]  其實完結在二章第三節
[00:14:12.000 --> 00:14:15.000]  當我們讀到二章第三節的時候
[00:14:15.000 --> 00:14:17.000]  我們讀到第七天
[00:14:17.000 --> 00:14:20.000]  上帝六天創造天地
[00:14:20.000 --> 00:14:24.000]  第七天他安息
[00:14:24.000 --> 00:14:28.000]  一個星期就完完整整結束了
[00:14:28.000 --> 00:14:31.000]  停在二章第三節
[00:14:31.000 --> 00:14:36.000]  然後第四節創造天地的Tolado
[00:14:36.000 --> 00:14:40.000]  這個新的段落的開始
[00:14:40.000 --> 00:14:45.000]  當我們發現了這個線索之後
[00:14:45.000 --> 00:14:49.000]  我們就要很誠實跟着這個線索
[00:14:49.000 --> 00:14:53.000]  來將創世紀分段
[00:14:53.000 --> 00:14:55.000]  我意思是很誠實
[00:14:55.000 --> 00:14:58.000]  十一次就十一段了
[00:14:58.000 --> 00:15:01.000]  有時我看一些參考書
[00:15:01.000 --> 00:15:04.000]  就算是很出名的聖經學者都好
[00:15:04.000 --> 00:15:08.000]  在這一點上都濫貓
[00:15:08.000 --> 00:15:09.000]  什麼叫濫貓呢
[00:15:09.000 --> 00:15:10.000]  我不說出貓
[00:15:10.000 --> 00:15:11.000]  寫不到書
[00:15:11.000 --> 00:15:13.000]  濫貓就寫不到
[00:15:13.000 --> 00:15:18.000]  作弊還是孤衣糊塗
[00:15:18.000 --> 00:15:23.000]  十次就十全十美
[00:15:23.000 --> 00:15:27.000]  十一次就套用廣東話
[00:15:27.000 --> 00:15:29.000]  很硬心硬肺
[00:15:29.000 --> 00:15:32.000]  爲什麼十一次這麼伶仃呢
[00:15:32.000 --> 00:15:34.000]  所以不少的學者
[00:15:34.000 --> 00:15:37.000]  討論到這個Tolado這個字的時候
[00:15:37.000 --> 00:15:42.000]  都會強行說十次十段
[00:15:42.000 --> 00:15:44.000]  其中有一次是多餘的
[00:15:44.000 --> 00:15:45.000]  是重複的
[00:15:45.000 --> 00:15:47.000]  是沒有價值的
[00:15:47.000 --> 00:15:49.000]  是當它沒有到的
[00:15:49.000 --> 00:15:51.000]  這樣我稱爲濫貓
[00:15:51.000 --> 00:15:53.000]  我稱爲不是很誠實
[00:15:53.000 --> 00:15:55.000]  我稱爲孤衣糊塗
[00:15:55.000 --> 00:15:57.000]  你尊重聖經
[00:15:57.000 --> 00:15:59.000]  你是用這個線索
[00:15:59.000 --> 00:16:01.000]  你就要跟着這個線索去
[00:16:01.000 --> 00:16:03.000]  證明它是空手也好
[00:16:03.000 --> 00:16:05.000]  證明它不是空手也好
[00:16:05.000 --> 00:16:07.000]  你都要尊重那個線索
[00:16:07.000 --> 00:16:10.000]  而事實上當我們尊重聖經線索的時候
[00:16:10.000 --> 00:16:12.000]  我們找到的
[00:16:12.000 --> 00:16:14.000]  往往被我們假設
[00:16:14.000 --> 00:16:17.000]  是線線入爲主的
[00:16:17.000 --> 00:16:19.000]  是更加精彩的
[00:16:19.000 --> 00:16:22.000]  跟着這十一段的Tolado
[00:16:22.000 --> 00:16:24.000]  來到分的時候
[00:16:24.000 --> 00:16:26.000]  我們就立刻發現了
[00:16:26.000 --> 00:16:29.000]  一個非常整齊的結構
[00:16:29.000 --> 00:16:31.000]  出現在我們的眼前
[00:16:31.000 --> 00:16:35.000]  創世紀除了第一章
[00:16:35.000 --> 00:16:37.000]  一節到二章三節
[00:16:37.000 --> 00:16:40.000]  這個神創造天地
[00:16:40.000 --> 00:16:43.000]  既然它不是用Tolado開始
[00:16:43.000 --> 00:16:45.000]  我們可以將它擺在另外一格
[00:16:45.000 --> 00:16:47.000]  我稱它爲序言
[00:16:47.000 --> 00:16:49.000]  創世紀的序言第一個段落
[00:16:49.000 --> 00:16:51.000]  這個段落和以後的十一段
[00:16:51.000 --> 00:16:53.000]  是完全不同的
[00:16:53.000 --> 00:16:56.000]  它有另外的標題擺在第一
[00:16:56.000 --> 00:16:59.000]  但是跟着下來的十一段Tolado
[00:16:59.000 --> 00:17:04.000]  你就會發現是故事和名單
[00:17:04.000 --> 00:17:09.000]  那個交替的出現
[00:17:09.000 --> 00:17:12.000]  二章四節說天地的Tolado
[00:17:12.000 --> 00:17:15.000]  到四章的結尾
[00:17:15.000 --> 00:17:19.000]  我們立刻想起伊甸園的序述
[00:17:19.000 --> 00:17:23.000]  阿當 夏娃 戈隱 阿伯
[00:17:23.000 --> 00:17:26.000]  五章一節開始
[00:17:26.000 --> 00:17:28.000]  阿當的Tolado
[00:17:28.000 --> 00:17:31.000]  就是一個家譜的名單
[00:17:31.000 --> 00:17:35.000]  主要記載名字和數目字
[00:17:35.000 --> 00:17:37.000]  沒有什麼情節在裏面
[00:17:37.000 --> 00:17:39.000]  少數的情節
[00:17:39.000 --> 00:17:41.000]  進入第六章開頭的八節
[00:17:41.000 --> 00:17:43.000]  有個很簡單的故事
[00:17:43.000 --> 00:17:46.000]  但主要是一個名單
[00:17:46.000 --> 00:17:48.000]  後代的名單
[00:17:48.000 --> 00:17:51.000]  第六章第九節到九章二十九節
[00:17:51.000 --> 00:17:54.000]  羅亞的Tolado
[00:17:54.000 --> 00:17:58.000]  我們很清楚知道是洪水的序述
[00:17:58.000 --> 00:18:00.000]  情節來的
[00:18:00.000 --> 00:18:01.000]  沒有什麼人名
[00:18:01.000 --> 00:18:02.000]  都有很多數字
[00:18:02.000 --> 00:18:04.000]  四十日 一百五十日
[00:18:04.000 --> 00:18:05.000]  又七對又兩對
[00:18:05.000 --> 00:18:08.000]  那些數字都是情節的一部分
[00:18:08.000 --> 00:18:13.000]  然後十章第一節到十一章第九節
[00:18:13.000 --> 00:18:17.000]  閃含瓦弗的Tolado
[00:18:17.000 --> 00:18:19.000]  有少少的情節巴別塔
[00:18:19.000 --> 00:18:22.000]  但是這一章主要也是名字
[00:18:22.000 --> 00:18:26.000]  世界列國的名字
[00:18:26.000 --> 00:18:31.000]  奇怪的是這一章連續兩個名單出現
[00:18:31.000 --> 00:18:34.000]  十章一節閃含瓦弗的Tolado
[00:18:34.000 --> 00:18:40.000]  十一章十節又再寫閃含瓦弗的Tolado
[00:18:40.000 --> 00:18:42.000]  爲什麼這樣呢
[00:18:42.000 --> 00:18:44.000]  有原因的
[00:18:44.000 --> 00:18:45.000]  有意思的
[00:18:45.000 --> 00:18:48.000]  因爲下面是平衡的
[00:18:48.000 --> 00:18:50.000]  完了這兩個名單之後
[00:18:50.000 --> 00:18:52.000]  十一章二十七節
[00:18:52.000 --> 00:18:55.000]  塔拉的Tolado
[00:18:55.000 --> 00:18:57.000]  開始阿伯蘭
[00:18:57.000 --> 00:19:01.000]  後來改名爲阿伯拉罕的故事
[00:19:01.000 --> 00:19:03.000]  這一段是最長的
[00:19:03.000 --> 00:19:05.000]  十章到二十五章
[00:19:05.000 --> 00:19:07.000]  二十五章的十二節
[00:19:07.000 --> 00:19:12.000]  這已經是第七次出現了
[00:19:12.000 --> 00:19:14.000]  就是一個名單
[00:19:14.000 --> 00:19:16.000]  以實瑪利的後代
[00:19:16.000 --> 00:19:19.000]  和合本沒有翻譯Tolado的字
[00:19:19.000 --> 00:19:22.000]  在這次聖經裏提到以實瑪利
[00:19:22.000 --> 00:19:24.000]  如果你看希伯來文
[00:19:24.000 --> 00:19:27.000]  Tolado的字清清楚楚出現
[00:19:27.000 --> 00:19:31.000]  二十五章的十九節
[00:19:31.000 --> 00:19:33.000]  三十五章的二十九節
[00:19:33.000 --> 00:19:36.000]  以實的Tolado
[00:19:36.000 --> 00:19:38.000]  主角就不是以實
[00:19:38.000 --> 00:19:40.000]  就是他的小兒子雅各
[00:19:40.000 --> 00:19:45.000]  雅各的生平我們是很熟悉的
[00:19:45.000 --> 00:19:47.000]  三十六章第一到第八節
[00:19:47.000 --> 00:19:49.000]  另一個名單又出現
[00:19:49.000 --> 00:19:52.000]  以素的Tolado
[00:19:52.000 --> 00:19:55.000]  有趣的就是三十六章第九節
[00:19:55.000 --> 00:19:59.000]  又再出現以素的Tolado
[00:19:59.000 --> 00:20:01.000]  就平衡了上面
[00:20:01.000 --> 00:20:04.000]  閃含雅忽的Tolado
[00:20:04.000 --> 00:20:06.000]  閃的Tolado
[00:20:06.000 --> 00:20:09.000]  兩個名單這樣出現
[00:20:09.000 --> 00:20:11.000]  平衡的次序都合適
[00:20:11.000 --> 00:20:14.000]  故事名單故事兩個名單
[00:20:14.000 --> 00:20:17.000]  故事名單故事兩個名單
[00:20:17.000 --> 00:20:19.000]  交替這樣出現
[00:20:19.000 --> 00:20:21.000]  很有格式的很有規矩的
[00:20:21.000 --> 00:20:23.000]  不是隨便的不是糊塗的
[00:20:23.000 --> 00:20:26.000]  最後三十七章第二節
[00:20:26.000 --> 00:20:28.000]  雅各的Tolado
[00:20:28.000 --> 00:20:32.000]  在這一章和合本就用了第三個中文翻譯
[00:20:32.000 --> 00:20:35.000]  雅各的紀略如下
[00:20:35.000 --> 00:20:38.000]  這裏說若瑟的故事
[00:20:38.000 --> 00:20:42.000]  一直到五十章創世紀的結束
[00:20:42.000 --> 00:20:46.000]  所以如果我們這樣看的時候
[00:20:46.000 --> 00:20:49.000]  我們就很清楚
[00:20:49.000 --> 00:20:54.000]  看見創世紀其實不應該
[00:20:54.000 --> 00:21:00.000]  將它在十一章和十二章中間展開
[00:21:00.000 --> 00:21:04.000]  無論英文德文
[00:21:04.000 --> 00:21:08.000]  很多不同對創世紀的註釋書
[00:21:08.000 --> 00:21:10.000]  或者討論它的內容都好
[00:21:10.000 --> 00:21:15.000]  都習慣在十一章的結尾和十二章的開頭
[00:21:15.000 --> 00:21:19.000]  作爲上下集的分界線
[00:21:19.000 --> 00:21:21.000]  上集一至十一章
[00:21:21.000 --> 00:21:26.000]  學者稱爲上古的歷史
[00:21:26.000 --> 00:21:30.000]  這是初文的時期
[00:21:30.000 --> 00:21:32.000]  不是講以色列人的
[00:21:32.000 --> 00:21:34.000]  是講一般世界上的人
[00:21:34.000 --> 00:21:38.000]  阿邦、羅亞這羣人不是以色列人
[00:21:38.000 --> 00:21:40.000]  十二章開始爲什麼這麼重要呢
[00:21:40.000 --> 00:21:42.000]  因爲上帝呼召阿伯拉罕
[00:21:42.000 --> 00:21:45.000]  第一個以色列人的祖宗
[00:21:45.000 --> 00:21:47.000]  阿伯拉罕就出現了
[00:21:47.000 --> 00:21:51.000]  接着十二章到五十章稱爲列祖的時期
[00:21:51.000 --> 00:21:54.000]  稱爲族長的傳記
[00:21:54.000 --> 00:22:01.000]  這一個劃分有很重先入爲主的觀念
[00:22:01.000 --> 00:22:04.000]  這個先入爲主的觀念是
[00:22:04.000 --> 00:22:06.000]  二十世紀三十年代
[00:22:06.000 --> 00:22:10.000]  德國一位舊約學者紀哈爾法納提出來的
[00:22:10.000 --> 00:22:16.000]  他認爲摩西五經應該源於約書亞記
[00:22:16.000 --> 00:22:20.000]  而起點就是阿伯拉罕的蒙召
[00:22:20.000 --> 00:22:23.000]  所以創世紀一至十一章
[00:22:23.000 --> 00:22:27.000]  是一個額外加上去的資料
[00:22:27.000 --> 00:22:30.000]  普通人的資料就加在書的結尾
[00:22:30.000 --> 00:22:34.000]  不過這段資料是講創造開始的
[00:22:34.000 --> 00:22:37.000]  所以就加在書的前面
[00:22:37.000 --> 00:22:41.000]  這是一個很有趣的理論
[00:22:41.000 --> 00:22:44.000]  這個理論雖然流傳了超過五十年
[00:22:44.000 --> 00:22:47.000]  很多學者都不假思索接受了
[00:22:47.000 --> 00:22:53.000]  但是和創世紀本身的分段就顯得格格不入
[00:22:53.000 --> 00:22:58.000]  我們應該尊重的是經文本身的分段
[00:22:58.000 --> 00:23:00.000]  照經文本身的分段
[00:23:00.000 --> 00:23:07.000]  創世紀如果要分應該在第二章第三節和第四節中間分
[00:23:07.000 --> 00:23:11.000]  之前是罪孽之後是戲肉
[00:23:11.000 --> 00:23:16.000]  如果這樣看創世紀的重點就不在創造
[00:23:16.000 --> 00:23:19.000]  創造只是一個前言
[00:23:19.000 --> 00:23:21.000]  你有沒有去參加音樂會
[00:23:21.000 --> 00:23:24.000]  塞車遲到了站在大會堂音樂廳
[00:23:24.000 --> 00:23:26.000]  或者文化中心音樂廳的門口
[00:23:26.000 --> 00:23:29.000]  看着電視熒光幕
[00:23:29.000 --> 00:23:33.000]  裏面已經奏起了交響樂團已經開始演奏了
[00:23:33.000 --> 00:23:35.000]  你很定你不用怕五分鐘
[00:23:35.000 --> 00:23:39.000]  他演完五分鐘之後一定放你入場
[00:23:39.000 --> 00:23:41.000]  那五分鐘是前奏而已
[00:23:41.000 --> 00:23:43.000]  沒有拉入到戲肉
[00:23:43.000 --> 00:23:44.000]  等人的
[00:23:44.000 --> 00:23:46.000]  有時像教會唱短詩那樣
[00:23:46.000 --> 00:23:50.000]  創造天地的記錄
[00:23:50.000 --> 00:23:54.000]  在創世紀不過是這個等人的前奏
[00:23:54.000 --> 00:23:57.000]  這個前奏來的
[00:23:57.000 --> 00:23:59.000]  罪孽來的
[00:23:59.000 --> 00:24:01.000]  我們將所有的期望
[00:24:01.000 --> 00:24:03.000]  所有的重點
[00:24:03.000 --> 00:24:07.000]  放在這一張聖經裏面
[00:24:07.000 --> 00:24:10.000]  其實作者就會搖頭嘆息
[00:24:10.000 --> 00:24:13.000]  我戲肉在後面來
[00:24:13.000 --> 00:24:15.000]  你已經沒有興趣了
[00:24:15.000 --> 00:24:17.000]  你只是有興趣喫我頭盤
[00:24:17.000 --> 00:24:19.000]  喫完頭盤之後
[00:24:19.000 --> 00:24:21.000]  我煮菜都沒上
[00:24:21.000 --> 00:24:23.000]  你已經抹嘴走了
[00:24:23.000 --> 00:24:25.000]  創世紀的戲肉
[00:24:25.000 --> 00:24:27.000]  創世紀的高潮
[00:24:27.000 --> 00:24:29.000]  創世紀的內容
[00:24:29.000 --> 00:24:33.000]  如果我們看這個分段很清楚
[00:24:33.000 --> 00:24:39.000]  在這五段故事的人物的生平上
[00:24:39.000 --> 00:24:43.000]  這五段故事的人物
[00:24:43.000 --> 00:24:50.000]  亞當 羅亞 阿伯拉罕 雅各 約瑟
[00:24:50.000 --> 00:24:54.000]  他們之間有這些名單的穿插
[00:24:54.000 --> 00:24:56.000]  是很有意思的
[00:24:56.000 --> 00:25:00.000]  我小時候聽電臺的廣播劇
[00:25:00.000 --> 00:25:03.000]  男主角要去讀書了
[00:25:03.000 --> 00:25:06.000]  於是就和女主角話別
[00:25:06.000 --> 00:25:09.000]  哭得個個人在收音機旁邊都哭了
[00:25:09.000 --> 00:25:14.000]  序述就說一去就去了十幾年了
[00:25:14.000 --> 00:25:16.000]  當時的廣播劇
[00:25:16.000 --> 00:25:17.000]  我現在沒有聽
[00:25:17.000 --> 00:25:18.000]  所以我不知道現在怎麼做
[00:25:18.000 --> 00:25:20.000]  當時的廣播劇
[00:25:20.000 --> 00:25:22.000]  就會有段音樂
[00:25:22.000 --> 00:25:27.000]  好像人家入席喫飯之前打的那一下
[00:25:27.000 --> 00:25:29.000]  一聽那段音樂
[00:25:29.000 --> 00:25:32.000]  大家聽衆就知道過了很久了
[00:25:32.000 --> 00:25:34.000]  雖然只不過是三秒鐘
[00:25:34.000 --> 00:25:39.000]  但大家就知道事情已經過了幾十年了
[00:25:39.000 --> 00:25:41.000]  現在男主角拖着男大女回來
[00:25:41.000 --> 00:25:43.000]  撞上女主角
[00:25:43.000 --> 00:25:45.000]  大家已經步入中年了
[00:25:45.000 --> 00:25:48.000]  這些名單有這樣的作用
[00:25:48.000 --> 00:25:51.000]  他告訴你時間過得真快
[00:25:51.000 --> 00:25:54.000]  轉眼間已是數千年了
[00:25:54.000 --> 00:25:58.000]  用幾個名字 幾段的家譜
[00:25:58.000 --> 00:26:00.000]  幾個的數字
[00:26:00.000 --> 00:26:04.000]  馬土薩拉969歲
[00:26:04.000 --> 00:26:08.000]  這些數字名字名單的作用
[00:26:08.000 --> 00:26:11.000]  有些間長的味道
[00:26:11.000 --> 00:26:13.000]  讓你知道這些故事
[00:26:13.000 --> 00:26:15.000]  不是發生在兩個星期之內
[00:26:15.000 --> 00:26:16.000]  不是幾十年的
[00:26:16.000 --> 00:26:18.000]  很長的日子
[00:26:18.000 --> 00:26:19.000]  中間還有很多東西
[00:26:19.000 --> 00:26:20.000]  不過我們沒時間說了
[00:26:20.000 --> 00:26:21.000]  那些不重要的
[00:26:21.000 --> 00:26:24.000]  我們很快就拿幾個音符
[00:26:24.000 --> 00:26:26.000]  交代了過去
[00:26:26.000 --> 00:26:29.000]  那幾個名單就可以交代了過去
[00:26:29.000 --> 00:26:32.000]  創世紀不是資料
[00:26:32.000 --> 00:26:35.000]  沒有意義的堆砌
[00:26:35.000 --> 00:26:37.000]  其實坦白說
[00:26:37.000 --> 00:26:39.000]  你發覺今天在教會里面
[00:26:39.000 --> 00:26:40.000]  教主學
[00:26:40.000 --> 00:26:42.000]  最容易教都是創世紀
[00:26:42.000 --> 00:26:45.000]  從幼兒班開始
[00:26:45.000 --> 00:26:46.000]  我的女兒兩歲半
[00:26:46.000 --> 00:26:49.000]  她已經會聽阿伯拉罕的故事了
[00:26:49.000 --> 00:26:50.000]  有一次星期日早上
[00:26:50.000 --> 00:26:52.000]  我預備講道
[00:26:52.000 --> 00:26:53.000]  她走來跟我說
[00:26:53.000 --> 00:26:54.000]  爸爸跟我玩啦
[00:26:54.000 --> 00:26:56.000]  我預備講道在讀聖經
[00:26:56.000 --> 00:26:57.000]  不用啦
[00:26:57.000 --> 00:26:59.000]  你一會講理可善就行了
[00:26:59.000 --> 00:27:00.000]  她說不行
[00:27:00.000 --> 00:27:02.000]  她只講理不講聖經
[00:27:02.000 --> 00:27:04.000]  我講阿伯拉罕啦
[00:27:04.000 --> 00:27:05.000]  一個小孩子
[00:27:05.000 --> 00:27:08.000]  已經能夠明白創世紀了
[00:27:08.000 --> 00:27:09.000]  一個老人家
[00:27:09.000 --> 00:27:11.000]  也能夠明白創世紀
[00:27:11.000 --> 00:27:14.000]  我們中年也好
[00:27:14.000 --> 00:27:15.000]  年輕人也好
[00:27:15.000 --> 00:27:18.000]  無論在什麼人生階段
[00:27:18.000 --> 00:27:22.000]  創世紀這些人物的生平
[00:27:22.000 --> 00:27:27.000]  總是能夠進入我們的心思
[00:27:27.000 --> 00:27:29.000]  我們的思想
[00:27:29.000 --> 00:27:32.000]  和在我們的人生當中引起共鳴
[00:27:32.000 --> 00:27:35.000]  這是很高的技術
[00:27:35.000 --> 00:27:37.000]  很高的技術
[00:27:37.000 --> 00:27:38.000]  聖經不是一本
[00:27:38.000 --> 00:27:40.000]  一定要在中國神學研究院
[00:27:40.000 --> 00:27:42.000]  才能讀得明白的書
[00:27:42.000 --> 00:27:43.000]  你拿出去
[00:27:43.000 --> 00:27:45.000]  苦如皆懂
[00:27:45.000 --> 00:27:47.000]  創世紀不是用一些
[00:27:47.000 --> 00:27:50.000]  很高深莫測
[00:27:50.000 --> 00:27:52.000]  很玄妙
[00:27:52.000 --> 00:27:53.000]  要用很多英文
[00:27:53.000 --> 00:27:54.000]  很多拉丁文
[00:27:54.000 --> 00:27:55.000]  很多法文
[00:27:55.000 --> 00:27:56.000]  很多德文
[00:27:56.000 --> 00:27:57.000]  才能解釋得通
[00:27:57.000 --> 00:27:58.000]  不用的
[00:27:58.000 --> 00:28:00.000]  對着兩歲的小孩子
[00:28:00.000 --> 00:28:01.000]  講阿伯拉罕的故事
[00:28:01.000 --> 00:28:03.000]  對着二十歲的青年人
[00:28:03.000 --> 00:28:05.000]  查經查阿伯拉罕的故事
[00:28:05.000 --> 00:28:06.000]  對着一個婆婆
[00:28:06.000 --> 00:28:09.000]  和她討論阿伯拉罕的故事
[00:28:09.000 --> 00:28:11.000]  人人都聽得明白
[00:28:11.000 --> 00:28:13.000]  很高的技巧
[00:28:13.000 --> 00:28:16.000]  當我們打開創世紀的時候
[00:28:16.000 --> 00:28:18.000]  我們發覺
[00:28:18.000 --> 00:28:22.000]  創世紀有一個很謹慎
[00:28:22.000 --> 00:28:26.000]  很嚴謹的一個結構
[00:28:26.000 --> 00:28:30.000]  就是說它很緊張
[00:28:30.000 --> 00:28:32.000]  很小心
[00:28:32.000 --> 00:28:36.000]  要傳遞信息給讀者
[00:28:36.000 --> 00:28:39.000]  它要傳遞一個什麼信息呢
[00:28:39.000 --> 00:28:43.000]  如何能夠找出這個信息是什麼呢
[00:28:43.000 --> 00:28:45.000]  從結構入手
[00:28:45.000 --> 00:28:51.000]  從作者如何安排他的資料
[00:28:51.000 --> 00:28:54.000]  你就能夠聽得清楚
[00:28:54.000 --> 00:28:57.000]  他想講的到底是什麼事
[00:28:57.000 --> 00:29:02.000]  所以不可以抽其中一段出來
[00:29:02.000 --> 00:29:04.000]  沒有上下文
[00:29:04.000 --> 00:29:06.000]  這樣來讀創世紀
[00:29:06.000 --> 00:29:09.000]  不可以我只喜歡讀這段
[00:29:09.000 --> 00:29:13.000]  你不可以斷章取義
[00:29:13.000 --> 00:29:17.000]  你必須要全卷書擺在你眼前
[00:29:17.000 --> 00:29:19.000]  按作者的心意
[00:29:19.000 --> 00:29:24.000]  逐一逐一的來聽清楚
[00:29:24.000 --> 00:29:26.000]  所以由頭開始
[00:29:26.000 --> 00:29:28.000]  由頭開始的意思
[00:29:28.000 --> 00:29:29.000]  讓我們試一下
[00:29:29.000 --> 00:29:32.000]  由第一章第一節開始
[00:29:32.000 --> 00:29:37.000]  由他的序言頭一段開始
[00:29:37.000 --> 00:29:40.000]  這一段我們真的很熟悉
[00:29:40.000 --> 00:29:43.000]  不用你講什麼我也會解釋
[00:29:43.000 --> 00:29:44.000]  我試一下
[00:29:44.000 --> 00:29:48.000]  看看你的解法和我的解法有什麼相同
[00:29:48.000 --> 00:29:50.000]  或者有什麼不同
[00:29:50.000 --> 00:29:57.000]  起初神創造天地
[00:29:57.000 --> 00:30:00.000]  立刻有兩個可以很不同的解釋
[00:30:00.000 --> 00:30:05.000]  一個解釋是這已經是一句敘述
[00:30:05.000 --> 00:30:08.000]  去到第一節的結尾
[00:30:08.000 --> 00:30:10.000]  神就已經做了天地
[00:30:10.000 --> 00:30:14.000]  一句說話交代了整個創造的過程
[00:30:14.000 --> 00:30:18.000]  如果你有曾經聽過什麼叫夾縫理論
[00:30:18.000 --> 00:30:21.000]  或者我簡稱爲恐龍理論
[00:30:21.000 --> 00:30:24.000]  究竟上帝在創造天地之後
[00:30:24.000 --> 00:30:26.000]  發生了什麼事呢
[00:30:26.000 --> 00:30:28.000]  在創世紀第一章一節和二節中間
[00:30:28.000 --> 00:30:30.000]  有什麼事發生了呢
[00:30:30.000 --> 00:30:31.000]  最近好像有個專題講座
[00:30:31.000 --> 00:30:33.000]  用這個來做題目
[00:30:33.000 --> 00:30:36.000]  如果創世紀第一章第一節
[00:30:36.000 --> 00:30:38.000]  是一個敘述
[00:30:38.000 --> 00:30:40.000]  我們就可以假設
[00:30:40.000 --> 00:30:43.000]  或者在第一節和第二節中間
[00:30:43.000 --> 00:30:45.000]  有些東西沒有敘述
[00:30:45.000 --> 00:30:48.000]  如果創世紀第一章第一節不是敘述
[00:30:48.000 --> 00:30:50.000]  是標題
[00:30:50.000 --> 00:30:51.000]  好像你打開報紙
[00:30:51.000 --> 00:30:53.000]  頭條新聞兩行標題
[00:30:53.000 --> 00:30:55.000]  然後本報專訊
[00:30:55.000 --> 00:30:57.000]  然後講那件事
[00:30:57.000 --> 00:31:01.000]  你說在標題和本報專訊的報道中間
[00:31:01.000 --> 00:31:03.000]  有很多東西漏了
[00:31:03.000 --> 00:31:05.000]  你是不明白那個格式
[00:31:05.000 --> 00:31:08.000]  標題是未曾開始講任何的東西
[00:31:08.000 --> 00:31:11.000]  那個只不過是一個撮要
[00:31:11.000 --> 00:31:14.000]  一個能夠將我要講的話的重點
[00:31:14.000 --> 00:31:17.000]  用最簡潔的言語表達出來
[00:31:17.000 --> 00:31:19.000]  沒有東西漏了
[00:31:19.000 --> 00:31:21.000]  沒有東西加上去
[00:31:21.000 --> 00:31:25.000]  創世紀第一章第一節
[00:31:25.000 --> 00:31:27.000]  我們說是一個標題
[00:31:27.000 --> 00:31:29.000]  有什麼根據呢
[00:31:29.000 --> 00:31:33.000]  很簡單
[00:31:33.000 --> 00:31:37.000]  天地都不在第一節出現
[00:31:37.000 --> 00:31:42.000]  如果你睜大眼睛去讀
[00:31:42.000 --> 00:31:44.000]  你會讀到
[00:31:44.000 --> 00:31:47.000]  在第一章第八節
[00:31:47.000 --> 00:31:49.000]  天才出現
[00:31:49.000 --> 00:31:54.000]  神清空氣爲天
[00:31:54.000 --> 00:31:56.000]  地在哪裏出現呢
[00:31:56.000 --> 00:31:57.000]  還要遲一點
[00:31:57.000 --> 00:31:59.000]  第十節
[00:31:59.000 --> 00:32:03.000]  神清旱地爲地
[00:32:03.000 --> 00:32:06.000]  所以第一章第一節
[00:32:06.000 --> 00:32:08.000]  沒有意思告訴我們
[00:32:08.000 --> 00:32:10.000]  天地已經造成
[00:32:10.000 --> 00:32:13.000]  接着發生了恐龍故事
[00:32:13.000 --> 00:32:15.000]  接着發生了撒旦墮落
[00:32:15.000 --> 00:32:17.000]  這個我們一廂情願的解法
[00:32:17.000 --> 00:32:19.000]  很危險的
[00:32:19.000 --> 00:32:22.000]  還要說是在字裏行間
[00:32:22.000 --> 00:32:25.000]  聖經沒有講到的夾縫裏面出現
[00:32:25.000 --> 00:32:27.000]  更加危險
[00:32:27.000 --> 00:32:29.000]  聖經沒有意思
[00:32:29.000 --> 00:32:31.000]  讓我們這樣去解釋
[00:32:31.000 --> 00:32:33.000]  一章一節是一個標題
[00:32:33.000 --> 00:32:36.000]  二三四五六七
[00:32:36.000 --> 00:32:38.000]  天都未出現
[00:32:38.000 --> 00:32:40.000]  第八節天出現了
[00:32:40.000 --> 00:32:42.000]  第十節地出現了
[00:32:42.000 --> 00:32:46.000]  你說天地何時出現造成呢
[00:32:46.000 --> 00:32:47.000]  十一節
[00:32:47.000 --> 00:32:50.000]  天地纔在一起
[00:32:50.000 --> 00:32:52.000]  所以之前那個不是一個
[00:32:52.000 --> 00:32:56.000]  技術最術的句子
[00:32:56.000 --> 00:32:59.000]  是一個標題而言
[00:32:59.000 --> 00:33:01.000]  還有另外一個根據
[00:33:01.000 --> 00:33:03.000]  不過這個牽涉希伯來文
[00:33:03.000 --> 00:33:05.000]  我就不想在這一選
[00:33:05.000 --> 00:33:07.000]  詳細的來討論第二節
[00:33:07.000 --> 00:33:09.000]  那個句法的問題
[00:33:09.000 --> 00:33:12.000]  我們一會再回頭再看
[00:33:12.000 --> 00:33:16.000]  我們比較熟悉的
[00:33:16.000 --> 00:33:20.000]  就是那六日的創造
[00:33:20.000 --> 00:33:23.000]  很快我們就留意到
[00:33:23.000 --> 00:33:26.000]  上帝這六日創造天地
[00:33:26.000 --> 00:33:30.000]  那個記載是很重複的
[00:33:30.000 --> 00:33:35.000]  每一日開始都是神說
[00:33:35.000 --> 00:33:38.000]  神說開始
[00:33:38.000 --> 00:33:42.000]  上帝說事情就發生了
[00:33:42.000 --> 00:33:45.000]  神說有就有
[00:33:45.000 --> 00:33:47.000]  明立就立
[00:33:47.000 --> 00:33:52.000]  這個在耶穌生平有一件事情上
[00:33:52.000 --> 00:33:55.000]  是最能夠解釋得很透徹的
[00:33:55.000 --> 00:33:57.000]  記不記得有一個外邦人
[00:33:57.000 --> 00:33:59.000]  去找耶穌醫好他的兒子
[00:33:59.000 --> 00:34:02.000]  耶穌說好你帶我回去
[00:34:02.000 --> 00:34:05.000]  這個人就說不需要勞動夫子
[00:34:05.000 --> 00:34:08.000]  我是一個有權柄的人
[00:34:08.000 --> 00:34:09.000]  所以我說一聲
[00:34:09.000 --> 00:34:12.000]  我的僕人就去做了
[00:34:12.000 --> 00:34:15.000]  夫子你吩咐一聲
[00:34:15.000 --> 00:34:17.000]  我的兒子就好了
[00:34:17.000 --> 00:34:19.000]  好像和弗雷夫音的另外一個版本
[00:34:19.000 --> 00:34:21.000]  就是那個僕人好了
[00:34:21.000 --> 00:34:23.000]  你吩咐一聲
[00:34:23.000 --> 00:34:25.000]  那件事情就造成了
[00:34:25.000 --> 00:34:28.000]  意思不是說那件事情很容易做
[00:34:28.000 --> 00:34:30.000]  不費吹呼之力
[00:34:30.000 --> 00:34:31.000]  不一定的
[00:34:31.000 --> 00:34:33.000]  那個僕人做到身水身汗的
[00:34:33.000 --> 00:34:37.000]  那個有權柄的人他不需要去做
[00:34:37.000 --> 00:34:42.000]  他的權吩咐事情就成就
[00:34:42.000 --> 00:34:44.000]  這個去了解
[00:34:44.000 --> 00:34:45.000]  去了解創世紀
[00:34:45.000 --> 00:34:48.000]  講神說是很重要的
[00:34:48.000 --> 00:34:49.000]  很重要的
[00:34:49.000 --> 00:34:51.000]  上帝的權柄
[00:34:51.000 --> 00:34:53.000]  他是一個王
[00:34:53.000 --> 00:34:55.000]  他是一個統治者
[00:34:55.000 --> 00:34:57.000]  他掌管一切
[00:34:57.000 --> 00:35:01.000]  所以他吩咐事情就發生
[00:35:01.000 --> 00:35:04.000]  每一天都是用
[00:35:04.000 --> 00:35:06.000]  有晚上有早晨
[00:35:06.000 --> 00:35:08.000]  是第X日
[00:35:08.000 --> 00:35:10.000]  是第N日
[00:35:10.000 --> 00:35:12.000]  你填下去就行了
[00:35:12.000 --> 00:35:14.000]  我不需要解釋
[00:35:14.000 --> 00:35:15.000]  爲什麼由晚黑開始
[00:35:15.000 --> 00:35:17.000]  這個猶太人的計法
[00:35:17.000 --> 00:35:20.000]  到今天猶太教計算安息日
[00:35:20.000 --> 00:35:24.000]  都是由晚黑日落的時間開始計
[00:35:24.000 --> 00:35:26.000]  所以每個星期不同
[00:35:26.000 --> 00:35:28.000]  因爲太陽下山的時間
[00:35:28.000 --> 00:35:31.000]  每個星期都有轉變
[00:35:31.000 --> 00:35:33.000]  在這六天的創造裏
[00:35:33.000 --> 00:35:36.000]  我們需要留意的
[00:35:36.000 --> 00:35:42.000]  除了每一天裏面很有格式之外
[00:35:42.000 --> 00:35:48.000]  整體都是一個很嚴謹的結構
[00:35:48.000 --> 00:35:51.000]  我們不需要詳細去講
[00:35:51.000 --> 00:35:54.000]  一提大家就立刻很有印象
[00:35:54.000 --> 00:35:56.000]  因爲你自己讀過很多次
[00:35:56.000 --> 00:35:58.000]  聽講道聽過很多次
[00:35:58.000 --> 00:35:59.000]  查經查過很多次
[00:35:59.000 --> 00:36:02.000]  第一天上帝做光
[00:36:02.000 --> 00:36:06.000]  光就稱爲日頭
[00:36:06.000 --> 00:36:10.000]  黑暗就變成夜晚
[00:36:10.000 --> 00:36:14.000]  留心第四天上帝又回來做光
[00:36:14.000 --> 00:36:16.000]  這次不是隻講光
[00:36:16.000 --> 00:36:18.000]  是講光體
[00:36:18.000 --> 00:36:20.000]  這個光體的作用
[00:36:20.000 --> 00:36:24.000]  一樣是用來分晝夜作記號
[00:36:24.000 --> 00:36:26.000]  大的光管白晝
[00:36:26.000 --> 00:36:29.000]  小的光管夜晚
[00:36:29.000 --> 00:36:32.000]  他們能夠管理晝夜
[00:36:32.000 --> 00:36:36.000]  分別光明和黑暗
[00:36:36.000 --> 00:36:39.000]  這兩天的創造都是光
[00:36:39.000 --> 00:36:41.000]  所以我們很多時候
[00:36:41.000 --> 00:36:44.000]  就集中我們的思想在光那裏
[00:36:44.000 --> 00:36:47.000]  忽略了希伯來文
[00:36:47.000 --> 00:36:50.000]  其實和光一起出現的另外一個字
[00:36:50.000 --> 00:36:51.000]  一樣是很重要的
[00:36:51.000 --> 00:36:53.000]  就是暗的字
[00:36:53.000 --> 00:36:59.000]  做暗就比較少了一些恐怖的味道
[00:36:59.000 --> 00:37:01.000]  因爲本來應該是黑暗
[00:37:01.000 --> 00:37:03.000]  黑暗這個字
[00:37:03.000 --> 00:37:06.000]  特別在第一天的創造記載裏
[00:37:06.000 --> 00:37:08.000]  是很突出的
[00:37:08.000 --> 00:37:12.000]  因爲第一天345那三節聖經
[00:37:12.000 --> 00:37:15.000]  上帝一連串有幾個行動
[00:37:15.000 --> 00:37:19.000]  上帝說 上帝看 上帝分開
[00:37:19.000 --> 00:37:23.000]  上帝稱呼光爲白晝
[00:37:23.000 --> 00:37:26.000]  和合本稱暗爲夜
[00:37:26.000 --> 00:37:28.000]  稱光爲晝 稱暗爲夜
[00:37:28.000 --> 00:37:32.000]  八個字非常對稱 非常工整
[00:37:32.000 --> 00:37:34.000]  希伯來文剛剛相反
[00:37:34.000 --> 00:37:36.000]  來到這裏一點都不對稱
[00:37:36.000 --> 00:37:37.000]  一點都不工整
[00:37:37.000 --> 00:37:40.000]  神稱光爲晝
[00:37:40.000 --> 00:37:42.000]  希伯來文接着說
[00:37:42.000 --> 00:37:43.000]  那麼黑暗呢
[00:37:43.000 --> 00:37:46.000]  神就叫他做夜晚黑
[00:37:46.000 --> 00:37:49.000]  這個黑暗是很突出的
[00:37:49.000 --> 00:37:51.000]  就好像那個記載的人
[00:37:51.000 --> 00:37:53.000]  神稱光爲晝不是那麼重要的
[00:37:53.000 --> 00:37:55.000]  他在等着 很緊張要問的
[00:37:55.000 --> 00:37:57.000]  那麼黑暗在哪裏
[00:37:57.000 --> 00:37:58.000]  黑暗你搞成怎樣
[00:37:58.000 --> 00:38:01.000]  黑暗纔是問題的焦點
[00:38:01.000 --> 00:38:03.000]  去到第四天
[00:38:03.000 --> 00:38:05.000]  上帝做光體的時候
[00:38:05.000 --> 00:38:09.000]  也不斷提分開白晝夜晚
[00:38:09.000 --> 00:38:11.000]  管白晝管夜晚
[00:38:11.000 --> 00:38:14.000]  管你晝夜分別明暗
[00:38:14.000 --> 00:38:17.000]  黑暗是那個問題
[00:38:17.000 --> 00:38:22.000]  光將本來令人恐懼的
[00:38:22.000 --> 00:38:27.000]  產生這種很邪惡的味道的黑暗
[00:38:27.000 --> 00:38:30.000]  變成黑夜
[00:38:30.000 --> 00:38:33.000]  黑夜就是我們休息
[00:38:33.000 --> 00:38:40.000]  睡覺 安睡 平安 恬靜 靈脈
[00:38:40.000 --> 00:38:42.000]  你可以加很多形容詞上去
[00:38:42.000 --> 00:38:44.000]  希伯來文也有這個味道的
[00:38:44.000 --> 00:38:46.000]  黑暗的字是Hoshek
[00:38:46.000 --> 00:38:49.000]  尖的那些子音
[00:38:49.000 --> 00:38:51.000]  Hoshek
[00:38:51.000 --> 00:38:53.000]  夜晚黑Lila
[00:38:53.000 --> 00:38:56.000]  那些子音是很溫柔的
[00:38:56.000 --> 00:38:59.000]  兩個字的音都不同的
[00:38:59.000 --> 00:39:03.000]  上帝用光將本來的Hoshek
[00:39:03.000 --> 00:39:06.000]  黑暗 恐怖的 增靈的
[00:39:06.000 --> 00:39:09.000]  變爲夜晚黑Lila
[00:39:09.000 --> 00:39:12.000]  人可以在其中安睡 睡覺
[00:39:12.000 --> 00:39:13.000]  得到潔色
[00:39:13.000 --> 00:39:14.000]  第二天起牀
[00:39:14.000 --> 00:39:17.000]  有晚上就有早晨
[00:39:17.000 --> 00:39:23.000]  這個形容在《創世紀》第一章裏很清楚
[00:39:23.000 --> 00:39:30.000]  第二天我們有時候很難讀得透徹
[00:39:30.000 --> 00:39:36.000]  因爲宇宙的觀念和我們今天有很大的分別
[00:39:36.000 --> 00:39:38.000]  我們讀清楚一點
[00:39:38.000 --> 00:39:40.000]  第六節開始
[00:39:40.000 --> 00:39:45.000]  神說 諸水之間要有空氣
[00:39:45.000 --> 00:39:50.000]  將水分爲上下
[00:39:50.000 --> 00:39:55.000]  水怎麼分上下呢?
[00:39:55.000 --> 00:39:57.000]  神就做出空氣
[00:39:57.000 --> 00:40:00.000]  將空氣以下的水
[00:40:00.000 --> 00:40:04.000]  空氣以上的水就分開了
[00:40:04.000 --> 00:40:09.000]  然後神稱空氣爲天
[00:40:09.000 --> 00:40:11.000]  在說什麼呢?
[00:40:11.000 --> 00:40:14.000]  希伯來文這個空氣這個字
[00:40:14.000 --> 00:40:16.000]  Rakia這個字
[00:40:16.000 --> 00:40:20.000]  在詩篇十九篇第一節
[00:40:20.000 --> 00:40:23.000]  諸天說說神的榮耀
[00:40:23.000 --> 00:40:27.000]  窮瘡傳揚他的手段
[00:40:27.000 --> 00:40:29.000]  翻譯成窮瘡
[00:40:29.000 --> 00:40:31.000]  和天是平衡的
[00:40:31.000 --> 00:40:33.000]  是同義詞
[00:40:33.000 --> 00:40:37.000]  神稱空氣爲天
[00:40:37.000 --> 00:40:39.000]  用詩篇十九篇的翻譯
[00:40:39.000 --> 00:40:42.000]  神稱窮瘡爲天
[00:40:42.000 --> 00:40:43.000]  很清楚
[00:40:43.000 --> 00:40:44.000]  大氣層
[00:40:44.000 --> 00:40:46.000]  我很喜歡今天這麼說
[00:40:46.000 --> 00:40:47.000]  大氣層就很摩登
[00:40:47.000 --> 00:40:50.000]  因爲大氣層上沒有水
[00:40:50.000 --> 00:40:52.000]  我們的衛星射上去
[00:40:52.000 --> 00:40:53.000]  不需要防水
[00:40:53.000 --> 00:40:55.000]  沒有水沒有空氣
[00:40:55.000 --> 00:40:56.000]  什麼都沒有
[00:40:56.000 --> 00:40:58.000]  這裏所說的大氣層
[00:40:58.000 --> 00:40:59.000]  窮瘡
[00:40:59.000 --> 00:41:03.000]  天上有水
[00:41:03.000 --> 00:41:05.000]  記不記得洪水的故事
[00:41:05.000 --> 00:41:07.000]  說到下雨的時候
[00:41:07.000 --> 00:41:09.000]  聖經是怎麼說的呢?
[00:41:09.000 --> 00:41:10.000]  你有聖經在手嗎?
[00:41:10.000 --> 00:41:15.000]  我們讀一讀那兩節經文
[00:41:15.000 --> 00:41:18.000]  創世紀第七章第十一節
[00:41:18.000 --> 00:41:22.000]  朗雅六百歲二月十七日那一天
[00:41:22.000 --> 00:41:26.000]  大淵的泉源都裂開了
[00:41:26.000 --> 00:41:27.000]  留心下面那句話
[00:41:27.000 --> 00:41:32.000]  天上的窗戶也闖開了
[00:41:32.000 --> 00:41:34.000]  這裏不是馬拉基書
[00:41:34.000 --> 00:41:36.000]  這裏不是說十一奉獻
[00:41:36.000 --> 00:41:39.000]  神就將天上的窗戶打開
[00:41:39.000 --> 00:41:42.000]  傾覆於你們以至無處可容
[00:41:42.000 --> 00:41:44.000]  天上的窗戶打開之後
[00:41:44.000 --> 00:41:45.000]  下來的不是福氣
[00:41:45.000 --> 00:41:47.000]  是什麼呢?
[00:41:47.000 --> 00:41:50.000]  洪水
[00:41:50.000 --> 00:41:52.000]  大水
[00:41:52.000 --> 00:41:55.000]  在創造的時候的大水
[00:41:55.000 --> 00:41:59.000]  被上帝用他的泉並分開了
[00:41:59.000 --> 00:42:01.000]  上面有水
[00:42:01.000 --> 00:42:02.000]  下面有水
[00:42:02.000 --> 00:42:04.000]  洪水氾濫是什麼意思呢?
[00:42:04.000 --> 00:42:06.000]  不是靠下雨的
[00:42:06.000 --> 00:42:11.000]  是將分開大水的穹倉拆了
[00:42:11.000 --> 00:42:13.000]  上面的水下來
[00:42:13.000 --> 00:42:14.000]  下面的水湧上來
[00:42:14.000 --> 00:42:17.000]  整個宇宙就回復到
[00:42:17.000 --> 00:42:21.000]  起初上帝創造天地的那一刻
[00:42:21.000 --> 00:42:23.000]  就是這麼多
[00:42:23.000 --> 00:42:25.000]  洪水的描述
[00:42:25.000 --> 00:42:27.000]  天上的窗戶打開了
[00:42:27.000 --> 00:42:29.000]  暗示天上有水
[00:42:29.000 --> 00:42:33.000]  將水分開上下
[00:42:33.000 --> 00:42:36.000]  那就是一天了
[00:42:36.000 --> 00:42:37.000]  做這麼小的事
[00:42:37.000 --> 00:42:39.000]  很容易的
[00:42:39.000 --> 00:42:40.000]  那就是第二天了
[00:42:40.000 --> 00:42:43.000]  正如第一天上帝只是做光
[00:42:43.000 --> 00:42:46.000]  光、暗、黑夜、白晝一天
[00:42:46.000 --> 00:42:51.000]  第二天水和黑暗一樣厲害
[00:42:51.000 --> 00:42:52.000]  是一天
[00:42:52.000 --> 00:42:54.000]  上帝只是用一天
[00:42:54.000 --> 00:42:59.000]  用rakiak將大水分開
[00:42:59.000 --> 00:43:02.000]  在先知書或者詩篇
[00:43:02.000 --> 00:43:09.000]  比較神話的語言味道濃厚很多的
[00:43:09.000 --> 00:43:11.000]  這些詩歌題材的說法裏面
[00:43:11.000 --> 00:43:16.000]  就說上帝將拉哈伯剖開
[00:43:16.000 --> 00:43:19.000]  上帝將海怪
[00:43:19.000 --> 00:43:24.000]  迦南人所相信的代表邪惡的海
[00:43:24.000 --> 00:43:26.000]  將它剖開
[00:43:26.000 --> 00:43:30.000]  創世紀沒有了這些神話的味道
[00:43:30.000 --> 00:43:34.000]  遠離迦南文化這種迷信的色彩
[00:43:34.000 --> 00:43:39.000]  他用了一個挺實事求是的說法
[00:43:39.000 --> 00:43:45.000]  就是上帝用空氣將水分上下
[00:43:45.000 --> 00:43:47.000]  那就是第二天了
[00:43:47.000 --> 00:43:49.000]  第二天上帝只是對付水
[00:43:49.000 --> 00:43:52.000]  正如第一天上帝只是對付黑暗
[00:43:52.000 --> 00:43:55.000]  留心看第五天
[00:43:55.000 --> 00:43:59.000]  第五天就是創世紀第二十章開始
[00:43:59.000 --> 00:44:06.000]  神說水也是他心目中很重要的對象
[00:44:06.000 --> 00:44:10.000]  水要多多滋生有生命的物
[00:44:10.000 --> 00:44:17.000]  有雀鳥飛在地面以上天空之中
[00:44:17.000 --> 00:44:19.000]  所以第五天上帝做什麼呢?
[00:44:19.000 --> 00:44:23.000]  上帝做出大魚和水中所滋生各樣
[00:44:23.000 --> 00:44:25.000]  有生命的動物各種其類
[00:44:25.000 --> 00:44:29.000]  水裏面的水是指下面的水
[00:44:29.000 --> 00:44:31.000]  海洋的生物
[00:44:31.000 --> 00:44:35.000]  另外神又做出飛鳥各種其類
[00:44:35.000 --> 00:44:37.000]  飛鳥在哪裏?
[00:44:37.000 --> 00:44:40.000]  在天空之中在上面來的
[00:44:40.000 --> 00:44:46.000]  本來這個世界是大水的世界
[00:44:46.000 --> 00:44:50.000]  上帝將水分開上下
[00:44:50.000 --> 00:44:54.000]  本來是邪惡的汪洋
[00:44:54.000 --> 00:44:56.000]  爲什麼說是邪惡呢?
[00:44:56.000 --> 00:44:57.000]  海沒有什麼邪惡的
[00:44:57.000 --> 00:44:59.000]  有啊!你看啓示錄
[00:44:59.000 --> 00:45:03.000]  新天新地裏面海也不再有了
[00:45:03.000 --> 00:45:06.000]  上帝不是很憎恨海
[00:45:06.000 --> 00:45:09.000]  以至到新天新地的時候不要海
[00:45:09.000 --> 00:45:10.000]  這個是邪惡
[00:45:10.000 --> 00:45:14.000]  如果你回到迦南古代近東的文化裏
[00:45:14.000 --> 00:45:15.000]  不需要解釋的
[00:45:15.000 --> 00:45:16.000]  不需要解釋的
[00:45:16.000 --> 00:45:17.000]  正如今天
[00:45:17.000 --> 00:45:19.000]  如果我們做一個大頂尖尖的薄帽子
[00:45:19.000 --> 00:45:21.000]  長長的舌頭伸出來
[00:45:21.000 --> 00:45:23.000]  眼睛有些紅色的液體流出來
[00:45:23.000 --> 00:45:25.000]  牙齒尖尖的在前面兩下
[00:45:25.000 --> 00:45:28.000]  一出現不用解釋就知道是什麼
[00:45:28.000 --> 00:45:30.000]  不方便
[00:45:30.000 --> 00:45:35.000]  但是如果你搬去另外一個文化就要解釋了
[00:45:35.000 --> 00:45:39.000]  所以爲什麼我們中國人去到外國旅遊的時候
[00:45:39.000 --> 00:45:41.000]  那些鬼屋很無人的呢?
[00:45:41.000 --> 00:45:45.000]  因爲那些西方人的鬼的觀念和我們很不同
[00:45:45.000 --> 00:45:48.000]  那些骨頭在那裏晃動就很害怕
[00:45:48.000 --> 00:45:49.000]  我們不害怕
[00:45:49.000 --> 00:45:52.000]  我們是要看到那些牆牆才害怕
[00:45:52.000 --> 00:45:54.000]  這個文化很有關係
[00:45:54.000 --> 00:45:57.000]  海對我們中國人來說
[00:45:57.000 --> 00:45:59.000]  五湖四海
[00:45:59.000 --> 00:46:02.000]  四海之內皆兄弟也
[00:46:02.000 --> 00:46:07.000]  這些不是我們文化背景的東西
[00:46:07.000 --> 00:46:08.000]  但是在創世紀
[00:46:08.000 --> 00:46:11.000]  這個屬於古代近東迦南的文化
[00:46:11.000 --> 00:46:12.000]  在這個文化當中
[00:46:12.000 --> 00:46:17.000]  大水是一個邪惡的現象
[00:46:17.000 --> 00:46:19.000]  上帝對付它
[00:46:19.000 --> 00:46:24.000]  上帝吩咐用穹倉將大水掏開
[00:46:24.000 --> 00:46:29.000]  然後在本來大水的統治範圍裏
[00:46:29.000 --> 00:46:31.000]  上帝竟然造出小鱈
[00:46:31.000 --> 00:46:32.000]  造出水族
[00:46:32.000 --> 00:46:37.000]  成爲這些動物、飛鳥、飛禽、水族
[00:46:37.000 --> 00:46:40.000]  可以棲身的家園
[00:46:40.000 --> 00:46:46.000]  本來如果你要想象迦南的神話
[00:46:46.000 --> 00:46:49.000]  說海是怎麼邪惡的
[00:46:49.000 --> 00:46:50.000]  就是十號風球
[00:46:50.000 --> 00:46:52.000]  你去維多利亞海港
[00:46:52.000 --> 00:46:56.000]  看一下那個濁浪滔天的情況
[00:46:56.000 --> 00:46:58.000]  很恐怖的
[00:46:58.000 --> 00:47:00.000]  那些汪洋大水
[00:47:00.000 --> 00:47:02.000]  簡直不受控制
[00:47:02.000 --> 00:47:04.000]  現在你就明白詩篇裏面
[00:47:04.000 --> 00:47:05.000]  爲什麼說那些大水
[00:47:05.000 --> 00:47:07.000]  上帝經常要跟它劃界
[00:47:07.000 --> 00:47:09.000]  叫它不可以狂澳
[00:47:09.000 --> 00:47:12.000]  詩人經常說波浪洪塗
[00:47:12.000 --> 00:47:13.000]  漫過我身
[00:47:13.000 --> 00:47:14.000]  它不是潛水的時候
[00:47:14.000 --> 00:47:16.000]  突然間卡住了
[00:47:16.000 --> 00:47:19.000]  水是代表邪惡的力量
[00:47:19.000 --> 00:47:20.000]  罪惡的勢力
[00:47:20.000 --> 00:47:22.000]  令到它透不過氣來
[00:47:22.000 --> 00:47:23.000]  上帝你救我
[00:47:23.000 --> 00:47:26.000]  從深水當中將我拉上來
[00:47:26.000 --> 00:47:29.000]  從邪惡當中將我救出來
[00:47:29.000 --> 00:47:31.000]  創世紀第二天
[00:47:31.000 --> 00:47:32.000]  第五天
[00:47:32.000 --> 00:47:35.000]  上帝對付的是水
[00:47:35.000 --> 00:47:38.000]  我們還有些時間
[00:47:38.000 --> 00:47:40.000]  我們再看第三天
[00:47:40.000 --> 00:47:41.000]  第六天
[00:47:41.000 --> 00:47:44.000]  第三天
[00:47:44.000 --> 00:47:48.000]  這裏是第九節到第十三節
[00:47:48.000 --> 00:47:52.000]  上帝說天下的水要聚在一處
[00:47:52.000 --> 00:47:53.000]  就是下面的水
[00:47:53.000 --> 00:47:55.000]  於是有旱地出來
[00:47:55.000 --> 00:47:58.000]  這裏是第二個地字
[00:47:58.000 --> 00:48:01.000]  起初上帝創造天地
[00:48:01.000 --> 00:48:02.000]  這是第一個地字
[00:48:02.000 --> 00:48:04.000]  這裏是旱地
[00:48:04.000 --> 00:48:05.000]  中文聖經都幫我們了
[00:48:05.000 --> 00:48:07.000]  翻譯第二個字
[00:48:07.000 --> 00:48:08.000]  還有第三個地字
[00:48:08.000 --> 00:48:10.000]  不過下面我們再說
[00:48:10.000 --> 00:48:12.000]  旱地出現之後
[00:48:12.000 --> 00:48:14.000]  於是有地有海
[00:48:14.000 --> 00:48:18.000]  神就說地要生出各樣的植物
[00:48:18.000 --> 00:48:20.000]  於是十二節
[00:48:20.000 --> 00:48:22.000]  地就發生青草
[00:48:22.000 --> 00:48:24.000]  有結種子的菜蔬
[00:48:24.000 --> 00:48:26.000]  各從其類
[00:48:26.000 --> 00:48:28.000]  結果子的樹木
[00:48:28.000 --> 00:48:30.000]  各從其類
[00:48:30.000 --> 00:48:32.000]  其實第一個各從其類
[00:48:32.000 --> 00:48:35.000]  在上帝的說話裏面已經說了
[00:48:35.000 --> 00:48:37.000]  在第十一節的中間
[00:48:37.000 --> 00:48:39.000]  並結果子的樹木
[00:48:39.000 --> 00:48:41.000]  各從其類
[00:48:41.000 --> 00:48:43.000]  果子都包着核
[00:48:43.000 --> 00:48:45.000]  第六天二十四節
[00:48:45.000 --> 00:48:47.000]  神又說地了
[00:48:47.000 --> 00:48:51.000]  這兩天都是從地開始創造
[00:48:51.000 --> 00:48:53.000]  地要生出活物
[00:48:53.000 --> 00:48:55.000]  各從其類
[00:48:55.000 --> 00:48:56.000]  生出昆蟲野獸
[00:48:56.000 --> 00:48:58.000]  各從其類
[00:48:58.000 --> 00:48:59.000]  二十五節說
[00:48:59.000 --> 00:49:00.000]  於是神造野獸
[00:49:00.000 --> 00:49:02.000]  各從其類
[00:49:02.000 --> 00:49:04.000]  生出各從其類
[00:49:04.000 --> 00:49:05.000]  地上一切的昆蟲
[00:49:05.000 --> 00:49:07.000]  各從其類
[00:49:07.000 --> 00:49:09.000]  你們有沒有覺得比較合適
[00:49:09.000 --> 00:49:11.000]  用不着說那麼多
[00:49:11.000 --> 00:49:12.000]  一次說就行了
[00:49:12.000 --> 00:49:14.000]  神就造出野獸
[00:49:14.000 --> 00:49:15.000]  活物昆蟲
[00:49:15.000 --> 00:49:17.000]  蛤蟲等等
[00:49:17.000 --> 00:49:19.000]  各從其類就夠了
[00:49:19.000 --> 00:49:20.000]  爲什麼要野獸
[00:49:20.000 --> 00:49:21.000]  各從其類
[00:49:21.000 --> 00:49:23.000]  生出各從其類
[00:49:23.000 --> 00:49:25.000]  昆蟲各從其類
[00:49:25.000 --> 00:49:27.000]  很簡單
[00:49:27.000 --> 00:49:30.000]  重要的就說多幾次
[00:49:30.000 --> 00:49:32.000]  聖經的篇幅很寶貴
[00:49:32.000 --> 00:49:34.000]  上帝是說這麼多個字
[00:49:34.000 --> 00:49:37.000]  整本聖經就這麼多個字
[00:49:37.000 --> 00:49:39.000]  上帝浪費了這些字
[00:49:39.000 --> 00:49:41.000]  來說各從其類嗎
[00:49:41.000 --> 00:49:43.000]  沒有浪費
[00:49:43.000 --> 00:49:44.000]  重複
[00:49:44.000 --> 00:49:45.000]  一個很清楚很簡單
[00:49:45.000 --> 00:49:47.000]  你今天說的都是
[00:49:47.000 --> 00:49:48.000]  你認爲重要的
[00:49:48.000 --> 00:49:49.000]  你說很多次
[00:49:49.000 --> 00:49:50.000]  有些人聽不到
[00:49:50.000 --> 00:49:51.000]  聽得到你都說很多次
[00:49:51.000 --> 00:49:53.000]  重複表示重要
[00:49:53.000 --> 00:49:55.000]  所以這兩天的創造
[00:49:55.000 --> 00:49:59.000]  重要的是各從其類
[00:49:59.000 --> 00:50:01.000]  各從其類是什麼意思
[00:50:01.000 --> 00:50:03.000]  很有秩序
[00:50:03.000 --> 00:50:05.000]  不是亂來的
[00:50:05.000 --> 00:50:07.000]  每一個類別
[00:50:07.000 --> 00:50:09.000]  我們中國人說
[00:50:09.000 --> 00:50:11.000]  做學問開始是
[00:50:11.000 --> 00:50:13.000]  格物自知
[00:50:13.000 --> 00:50:15.000]  物格然後自知
[00:50:15.000 --> 00:50:17.000]  格物是什麼意思
[00:50:17.000 --> 00:50:19.000]  各從其類的意思
[00:50:19.000 --> 00:50:22.000]  你將一些事情歸類
[00:50:22.000 --> 00:50:23.000]  分開它
[00:50:23.000 --> 00:50:24.000]  搞清楚它的性質
[00:50:24.000 --> 00:50:26.000]  不要混亂它
[00:50:26.000 --> 00:50:27.000]  用英文說
[00:50:27.000 --> 00:50:29.000]  不要confuse它
[00:50:29.000 --> 00:50:30.000]  不要混亂它
[00:50:30.000 --> 00:50:35.000]  各從其類是和混亂對立的
[00:50:35.000 --> 00:50:41.000]  混亂是這兩天的創造
[00:50:41.000 --> 00:50:43.000]  要對付的問題
[00:50:43.000 --> 00:50:45.000]  爲什麼我們這麼說
[00:50:45.000 --> 00:50:48.000]  因爲其實這六天的創造
[00:50:48.000 --> 00:50:52.000]  我們發現是三天三天的平衡
[00:50:52.000 --> 00:50:56.000]  1 4 2 5 3 6
[00:50:56.000 --> 00:51:02.000]  所以這不是一個觀察報告
[00:51:02.000 --> 00:51:04.000]  不是一個見證人
[00:51:04.000 --> 00:51:06.000]  目擊證人的報告
[00:51:06.000 --> 00:51:09.000]  不是一個實驗室的記錄
[00:51:09.000 --> 00:51:14.000]  這是一個很有結構的表達方式
[00:51:14.000 --> 00:51:16.000]  每一件事說兩次
[00:51:16.000 --> 00:51:20.000]  而這六天裏面
[00:51:20.000 --> 00:51:22.000]  既然兩天兩天歸類
[00:51:22.000 --> 00:51:26.000]  歸類出來的三個問題
[00:51:26.000 --> 00:51:30.000]  原來在第二節上半節出現了
[00:51:30.000 --> 00:51:33.000]  創世紀一章的二節說
[00:51:33.000 --> 00:51:36.000]  地是空虛混沌
[00:51:36.000 --> 00:51:39.000]  鴛鴦黑暗
[00:51:39.000 --> 00:51:41.000]  黑暗不用我說
[00:51:41.000 --> 00:51:44.000]  你應該馬上醒水
[00:51:44.000 --> 00:51:46.000]  黑暗
[00:51:46.000 --> 00:51:48.000]  首先對付黑暗
[00:51:48.000 --> 00:51:49.000]  在第二節裏面
[00:51:49.000 --> 00:51:51.000]  黑暗是提到最後的
[00:51:51.000 --> 00:51:53.000]  現在先說
[00:51:53.000 --> 00:51:58.000]  然後第二天和第五天說大水
[00:51:58.000 --> 00:52:01.000]  就是第二節所說的深淵
[00:52:01.000 --> 00:52:04.000]  希伯來文這個字不是解一個坑
[00:52:04.000 --> 00:52:06.000]  不是解一個無底坑
[00:52:06.000 --> 00:52:10.000]  是解一個汪洋大水一片
[00:52:10.000 --> 00:52:12.000]  這樣的情況
[00:52:12.000 --> 00:52:17.000]  而第三天第六天各從其類
[00:52:17.000 --> 00:52:21.000]  對付的問題就是空虛混沌
[00:52:21.000 --> 00:52:25.000]  空虛混沌是一個疊詞
[00:52:25.000 --> 00:52:29.000]  希伯來文是tohu wabohu
[00:52:29.000 --> 00:52:32.000]  tohu wabohu兩個字是同音的
[00:52:32.000 --> 00:52:34.000]  壓韻的
[00:52:34.000 --> 00:52:37.000]  一起出現全本聖經三次
[00:52:37.000 --> 00:52:41.000]  創世紀一章第二節是第一次
[00:52:41.000 --> 00:52:44.000]  我和你看看另外那兩次
[00:52:44.000 --> 00:52:49.000]  到底空虛混沌tohu wabohu
[00:52:49.000 --> 00:52:51.000]  是在說什麼情況
[00:52:51.000 --> 00:52:56.000]  請你打開以塞雅書第三十四章
[00:52:56.000 --> 00:53:01.000]  以塞雅書第三十四章
[00:53:01.000 --> 00:53:05.000]  在第十一節
[00:53:05.000 --> 00:53:13.000]  就出現tohu wabohu雙重的形容
[00:53:13.000 --> 00:53:17.000]  這說耶和華必將空虛的準成
[00:53:17.000 --> 00:53:22.000]  混沌的線圖拉在其上
[00:53:22.000 --> 00:53:25.000]  這個地方是什麼地方
[00:53:25.000 --> 00:53:27.000]  如果我們看回頭
[00:53:27.000 --> 00:53:29.000]  由第八節開始看
[00:53:29.000 --> 00:53:32.000]  因爲耶和華有報仇之日
[00:53:32.000 --> 00:53:36.000]  爲石安的爭辯有報應之年
[00:53:36.000 --> 00:53:39.000]  以東的河水要變爲石油
[00:53:39.000 --> 00:53:41.000]  塵埃要變爲流黃
[00:53:41.000 --> 00:53:44.000]  地土成爲燒着的石油
[00:53:44.000 --> 00:53:46.000]  晝夜總不熄滅
[00:53:46.000 --> 00:53:48.000]  煙氣永遠上騰
[00:53:48.000 --> 00:53:51.000]  世世代代成爲荒廢
[00:53:51.000 --> 00:53:55.000]  永永遠遠無人經過
[00:53:55.000 --> 00:53:58.000]  記不記得海灣戰爭
[00:53:58.000 --> 00:54:01.000]  記不記得科威特的油田
[00:54:01.000 --> 00:54:04.000]  被伊拉克的軍隊燒着
[00:54:04.000 --> 00:54:06.000]  記不記得那套紀錄片
[00:54:06.000 --> 00:54:11.000]  講西方那些英勇的救火隊
[00:54:11.000 --> 00:54:13.000]  如何在那裏賺大錢
[00:54:13.000 --> 00:54:16.000]  撲滅油田的火災
[00:54:16.000 --> 00:54:18.000]  就是這裏所說的圖畫
[00:54:18.000 --> 00:54:21.000]  這幅圖畫絕對不是一個
[00:54:21.000 --> 00:54:25.000]  空無一物的空虛的圖畫
[00:54:25.000 --> 00:54:27.000]  不是我們所說的
[00:54:27.000 --> 00:54:31.000]  從無做有的creative ex nihilo
[00:54:31.000 --> 00:54:33.000]  那個虛無
[00:54:33.000 --> 00:54:34.000]  什麼都沒有
[00:54:34.000 --> 00:54:36.000]  我主要學這裏有個很大的引誘
[00:54:36.000 --> 00:54:37.000]  和小朋友說
[00:54:37.000 --> 00:54:39.000]  什麼叫做空虛混沌
[00:54:39.000 --> 00:54:40.000]  閉上眼睛
[00:54:40.000 --> 00:54:41.000]  看到些什麼
[00:54:41.000 --> 00:54:42.000]  什麼都看不到
[00:54:42.000 --> 00:54:43.000]  黑漆漆的
[00:54:43.000 --> 00:54:45.000]  那個就是空虛混沌
[00:54:45.000 --> 00:54:48.000]  科威特的油田燒着的時候
[00:54:48.000 --> 00:54:50.000]  絕對不是黑漆漆的
[00:54:50.000 --> 00:54:52.000]  那種混亂的情況
[00:54:52.000 --> 00:54:53.000]  油一直爆出來
[00:54:53.000 --> 00:54:55.000]  那些人全身都是油
[00:54:55.000 --> 00:54:58.000]  走過去要放炸彈
[00:54:58.000 --> 00:55:00.000]  然後救熄那些火
[00:55:00.000 --> 00:55:03.000]  那種混亂的情況
[00:55:03.000 --> 00:55:04.000]  沒有人居住
[00:55:04.000 --> 00:55:05.000]  沒有人居住
[00:55:05.000 --> 00:55:06.000]  荒廢還不是沒有嗎
[00:55:06.000 --> 00:55:07.000]  十一字講
[00:55:07.000 --> 00:55:08.000]  我不會讀那些字
[00:55:08.000 --> 00:55:09.000]  那裏有很多東西在那裏
[00:55:09.000 --> 00:55:10.000]  有戰豬
[00:55:10.000 --> 00:55:11.000]  有貓頭鷹
[00:55:11.000 --> 00:55:12.000]  有烏鴉
[00:55:12.000 --> 00:55:14.000]  然後講耶和華
[00:55:14.000 --> 00:55:17.000]  將屠戶的準城
[00:55:17.000 --> 00:55:19.000]  撥河的善陀
[00:55:19.000 --> 00:55:21.000]  雜亂無章
[00:55:21.000 --> 00:55:24.000]  亂七八糟的情況
[00:55:24.000 --> 00:55:28.000]  這個是以太亞書三十四章所講
[00:55:28.000 --> 00:55:31.000]  耶利米書第四章
[00:55:31.000 --> 00:55:37.000]  也有再用屠戶的形容
[00:55:37.000 --> 00:55:40.000]  耶利米書第四章二十三節
[00:55:40.000 --> 00:55:41.000]  先知說
[00:55:41.000 --> 00:55:43.000]  我觀看地
[00:55:43.000 --> 00:55:46.000]  不料地是空虛雲頓
[00:55:46.000 --> 00:55:49.000]  這個更接近創世紀第一章
[00:55:49.000 --> 00:55:52.000]  地是空虛雲頓
[00:55:52.000 --> 00:55:53.000]  我觀看天
[00:55:53.000 --> 00:55:55.000]  天也無光
[00:55:55.000 --> 00:55:57.000]  什麼都沒有
[00:55:57.000 --> 00:55:58.000]  連光都沒有
[00:55:58.000 --> 00:55:59.000]  不是
[00:55:59.000 --> 00:56:00.000]  二十四節
[00:56:00.000 --> 00:56:02.000]  我觀看大山
[00:56:02.000 --> 00:56:04.000]  有山在那裏
[00:56:04.000 --> 00:56:05.000]  還有小山
[00:56:05.000 --> 00:56:07.000]  小山也搖來搖去
[00:56:07.000 --> 00:56:08.000]  我觀看
[00:56:08.000 --> 00:56:09.000]  不料
[00:56:09.000 --> 00:56:10.000]  無人
[00:56:10.000 --> 00:56:11.000]  是無人
[00:56:11.000 --> 00:56:12.000]  空中的飛鳥都躲避
[00:56:12.000 --> 00:56:14.000]  肥田變爲荒地
[00:56:14.000 --> 00:56:16.000]  城邑都被拆毀
[00:56:16.000 --> 00:56:18.000]  全地荒涼
[00:56:18.000 --> 00:56:19.000]  地悲哀
[00:56:19.000 --> 00:56:21.000]  上天黑暗
[00:56:21.000 --> 00:56:24.000]  這是一個什麼圖畫
[00:56:24.000 --> 00:56:29.000]  這是一個劫後的圖畫
[00:56:30.000 --> 00:56:33.000]  這是一個戰爭之後的圖畫
[00:56:33.000 --> 00:56:35.000]  地震之後的圖畫
[00:56:35.000 --> 00:56:38.000]  一個頹緩敗瓦的圖畫
[00:56:38.000 --> 00:56:40.000]  這個不是虛無
[00:56:40.000 --> 00:56:42.000]  什麼都沒有的圖畫
[00:56:42.000 --> 00:56:43.000]  混亂
[00:56:43.000 --> 00:56:49.000]  如果看回創世紀的第一章
[00:56:49.000 --> 00:56:51.000]  我們就可以看到
[00:56:51.000 --> 00:56:52.000]  在這一章
[00:56:52.000 --> 00:56:54.000]  六日的創造
[00:56:54.000 --> 00:56:57.000]  其實那個種子
[00:56:57.000 --> 00:56:59.000]  就埋藏在第二節
[00:57:00.000 --> 00:57:01.000]  的上半節
[00:57:01.000 --> 00:57:04.000]  地是空虛混沌
[00:57:04.000 --> 00:57:07.000]  鴛鴦黑暗
[00:57:07.000 --> 00:57:09.000]  三個問題都點出來了
[00:57:09.000 --> 00:57:11.000]  上帝怎麼去對付他們呢?
[00:57:11.000 --> 00:57:14.000]  用六日一個程序
[00:57:14.000 --> 00:57:17.000]  上帝將黑暗變成黑夜
[00:57:17.000 --> 00:57:21.000]  將大水變成濁鳥
[00:57:21.000 --> 00:57:24.000]  和水族棲身的地方
[00:57:24.000 --> 00:57:33.000]  將空虛混沌變爲有秩序的各重其類
[00:57:33.000 --> 00:57:36.000]  第二節還有下半節
[00:57:36.000 --> 00:57:40.000]  神的靈運行在水面上
[00:57:40.000 --> 00:57:44.000]  我們休息之後再繼續看下去
[00:57:44.000 --> 00:57:47.000]  究竟這半節又讓我們看到些什麼呢?
[00:57:47.000 --> 00:57:49.000]  我們休息十分鐘
[00:57:49.000 --> 00:57:50.000]  然後我們繼續
[00:57:51.000 --> 00:57:55.000]  我們討論創世紀一章第二節
[00:57:55.000 --> 00:57:57.000]  如何去解釋
[00:57:57.000 --> 00:57:59.000]  之前我們說過
[00:57:59.000 --> 00:58:02.000]  這一節的句法其實有點特別
[00:58:02.000 --> 00:58:04.000]  這個句法特別的地方
[00:58:04.000 --> 00:58:05.000]  就好像剛纔我們說
[00:58:05.000 --> 00:58:08.000]  神清光爲晝
[00:58:08.000 --> 00:58:10.000]  黑暗呢
[00:58:10.000 --> 00:58:12.000]  祂稱爲夜晚黑
[00:58:12.000 --> 00:58:14.000]  突出了黑暗
[00:58:14.000 --> 00:58:17.000]  第二節其實也有這樣的味道
[00:58:17.000 --> 00:58:20.000]  起初神創造天地
[00:58:20.000 --> 00:58:26.000]  地本來是空虛混沌
[00:58:26.000 --> 00:58:29.000]  有大水有黑暗
[00:58:29.000 --> 00:58:34.000]  這一節不是承接上面的標題
[00:58:34.000 --> 00:58:36.000]  繼續的敘述
[00:58:36.000 --> 00:58:38.000]  它是一個開始
[00:58:38.000 --> 00:58:43.000]  討論在上帝創造天地的時候
[00:58:43.000 --> 00:58:45.000]  地未出現的
[00:58:45.000 --> 00:58:47.000]  到第十節纔出現的
[00:58:47.000 --> 00:58:49.000]  但是本來是怎樣的呢?
[00:58:49.000 --> 00:58:51.000]  三個很嚴重的問題
[00:58:51.000 --> 00:58:54.000]  空虛混沌、大水、黑暗
[00:58:54.000 --> 00:58:58.000]  都是邪惡的象徵
[00:58:58.000 --> 00:59:00.000]  第二節的下半節
[00:59:00.000 --> 00:59:06.000]  就提出神的靈運行在水面上
[00:59:06.000 --> 00:59:09.000]  有一些英文聖經的譯本
[00:59:09.000 --> 00:59:13.000]  在這裏就不譯神的靈
[00:59:13.000 --> 00:59:16.000]  就譯句風
[00:59:16.000 --> 00:59:19.000]  狂風、大風
[00:59:19.000 --> 00:59:21.000]  如果你不熟悉希伯來文
[00:59:21.000 --> 00:59:23.000]  你就會不知所措
[00:59:23.000 --> 00:59:26.000]  究竟是神的靈還是巨風
[00:59:26.000 --> 00:59:29.000]  風馬牛不相及
[00:59:29.000 --> 00:59:31.000]  中文完全不同
[00:59:31.000 --> 00:59:32.000]  英文也不同
[00:59:32.000 --> 00:59:36.000]  爲什麼會搞到兩個可能性都出現呢?
[00:59:36.000 --> 00:59:38.000]  其實你會的
[00:59:38.000 --> 00:59:41.000]  不過我們沒有從文字解釋過
[00:59:41.000 --> 00:59:44.000]  記不記得耶穌回答尼哥底毛
[00:59:44.000 --> 00:59:46.000]  風隨意是吹
[00:59:46.000 --> 00:59:48.000]  你們聽見風的響聲
[00:59:48.000 --> 00:59:50.000]  不知道它從哪裏來往哪裏去
[00:59:50.000 --> 00:59:53.000]  凡從靈生的也是如此
[00:59:53.000 --> 00:59:56.000]  不識希伯來文的人解釋這些聖經
[00:59:56.000 --> 01:00:00.000]  就只是用風的性質去解釋
[01:00:00.000 --> 01:00:02.000]  所以屬靈的人很虛無縹緲
[01:00:02.000 --> 01:00:03.000]  飄來飄去
[01:00:03.000 --> 01:00:05.000]  不知道哪裏來哪裏去
[01:00:05.000 --> 01:00:07.000]  不是的
[01:00:07.000 --> 01:00:10.000]  因爲無論是希伯來文還是希伯來文
[01:00:10.000 --> 01:00:14.000]  風和靈是同一個字來的
[01:00:14.000 --> 01:00:17.000]  以西節書三十七章
[01:00:17.000 --> 01:00:20.000]  枯骨復活的遺像
[01:00:20.000 --> 01:00:26.000]  在那裏上帝叫先知向風發愈言
[01:00:26.000 --> 01:00:29.000]  於是風從四方吹來
[01:00:29.000 --> 01:00:33.000]  吹入骸骨裏成爲氣息
[01:00:33.000 --> 01:00:37.000]  神的靈在骸骨中成爲極大的軍隊
[01:00:37.000 --> 01:00:40.000]  這幾個字中文是無法翻譯的
[01:00:40.000 --> 01:00:42.000]  因爲是同一個字來的
[01:00:42.000 --> 01:00:47.000]  又是風又是呼吸又是靈
[01:00:47.000 --> 01:00:51.000]  所以在這裏要處理的反而是神的靈
[01:00:51.000 --> 01:00:53.000]  神這個字
[01:00:53.000 --> 01:00:55.000]  如果要翻譯成神的風
[01:00:55.000 --> 01:00:58.000]  神這個字就沒什麼意思了
[01:00:58.000 --> 01:00:59.000]  什麼神風呢
[01:00:59.000 --> 01:01:01.000]  我們不是說日本的神風突擊隊
[01:01:01.000 --> 01:01:04.000]  神的風就是巨風
[01:01:04.000 --> 01:01:07.000]  例如在約拿書裏面說
[01:01:07.000 --> 01:01:08.000]  約拿去到裏裏尾城
[01:01:08.000 --> 01:01:12.000]  裏裏尾城中文聖經說是一個極大的城
[01:01:12.000 --> 01:01:16.000]  希伯來文說裏裏尾城是一個神
[01:01:16.000 --> 01:01:18.000]  看上去也是一個大的城
[01:01:18.000 --> 01:01:20.000]  對神來說是一個大城
[01:01:20.000 --> 01:01:26.000]  用神來代表那個極大的意思
[01:01:26.000 --> 01:01:29.000]  用英文來說就不止是一個comparative
[01:01:29.000 --> 01:01:35.000]  是一個superlative最好最大最高
[01:01:35.000 --> 01:01:38.000]  最大的風
[01:01:38.000 --> 01:01:41.000]  是不是第二次這裏所說的呢
[01:01:41.000 --> 01:01:44.000]  我們有很大的疑問
[01:01:44.000 --> 01:01:46.000]  因爲創世紀第一章
[01:01:46.000 --> 01:01:51.000]  用神這個字都很嚴格的
[01:01:51.000 --> 01:01:55.000]  神不是用來做一個形容詞的
[01:01:55.000 --> 01:01:57.000]  用來做一個superlative的
[01:01:57.000 --> 01:01:59.000]  做一個最大的意思
[01:01:59.000 --> 01:02:01.000]  神就是神
[01:02:01.000 --> 01:02:03.000]  在創世紀一開始
[01:02:03.000 --> 01:02:06.000]  第二次才提到神這個字
[01:02:06.000 --> 01:02:09.000]  突然間轉了變成一個形容詞
[01:02:09.000 --> 01:02:14.000]  有少少很突兀的感覺
[01:02:14.000 --> 01:02:18.000]  比較貫徹一致的讀法
[01:02:18.000 --> 01:02:20.000]  我們都應該讀它是神
[01:02:20.000 --> 01:02:22.000]  Elohim這個就是神
[01:02:22.000 --> 01:02:24.000]  神的Ruach不是它的風
[01:02:24.000 --> 01:02:26.000]  是它的靈
[01:02:26.000 --> 01:02:29.000]  更何況下面這個動詞
[01:02:29.000 --> 01:02:33.000]  運行在水面上
[01:02:33.000 --> 01:02:36.000]  運行這個希伯來的動詞
[01:02:36.000 --> 01:02:39.000]  在舊約聖經出現了兩次
[01:02:39.000 --> 01:02:41.000]  另外一次
[01:02:41.000 --> 01:02:45.000]  就是在新命紀三十二章第十一節
[01:02:45.000 --> 01:02:48.000]  在那裏摩西用了一首歌
[01:02:48.000 --> 01:02:55.000]  來解釋上帝和以色列的關係
[01:02:55.000 --> 01:02:58.000]  新命紀三十二章摩西的歌
[01:02:58.000 --> 01:03:05.000]  講到上主在曠野見到以色列
[01:03:05.000 --> 01:03:07.000]  十一節那裏怎麼說呢?
[01:03:07.000 --> 01:03:10.000]  就說上帝好像一隻鷹
[01:03:10.000 --> 01:03:13.000]  搞動巢窩
[01:03:13.000 --> 01:03:16.000]  鷹爲什麼要搞動巢窩呢?
[01:03:16.000 --> 01:03:21.000]  鷹巢是抓在懸崖之上
[01:03:21.000 --> 01:03:24.000]  小鷹要學飛
[01:03:24.000 --> 01:03:31.000]  母鷹一定要逼它離開溫暖的巢窩
[01:03:31.000 --> 01:03:35.000]  第一個做法就是在巢裏
[01:03:35.000 --> 01:03:40.000]  極力用翅膀像風機一樣
[01:03:40.000 --> 01:03:44.000]  把巢窩搞得很髒
[01:03:44.000 --> 01:03:47.000]  毛和糞便
[01:03:47.000 --> 01:03:48.000]  小鷹從來沒有出過外面
[01:03:48.000 --> 01:03:50.000]  沒有廁所在外面
[01:03:50.000 --> 01:03:53.000]  所以搞起巢窩是很混亂的
[01:03:53.000 --> 01:03:57.000]  大膽的鷹就應該飛走了
[01:03:57.000 --> 01:04:00.000]  小膽的鷹就不敢飛
[01:04:00.000 --> 01:04:04.000]  越是搞得厲害就越抓緊巢窩
[01:04:04.000 --> 01:04:10.000]  這是一個學者在二十世紀初
[01:04:10.000 --> 01:04:14.000]  去巴勒斯坦實地觀察報告
[01:04:14.000 --> 01:04:16.000]  在Journal of Biblical Literature
[01:04:16.000 --> 01:04:18.000]  聖經文學的期刊
[01:04:18.000 --> 01:04:20.000]  寫了兩篇文章
[01:04:20.000 --> 01:04:23.000]  解釋生命紀這一節
[01:04:23.000 --> 01:04:25.000]  用它的觀察來解釋
[01:04:25.000 --> 01:04:29.000]  母鷹見到搞動巢窩之後
[01:04:29.000 --> 01:04:32.000]  小鷹仍然不肯飛
[01:04:32.000 --> 01:04:35.000]  於是用第二個辦法
[01:04:35.000 --> 01:04:41.000]  聖經說在初鷹以上兩次扇剪
[01:04:41.000 --> 01:04:47.000]  接取初鷹背在兩翼之上
[01:04:47.000 --> 01:04:49.000]  有沒有看到這兩句話
[01:04:49.000 --> 01:04:51.000]  其實有些問題
[01:04:51.000 --> 01:04:53.000]  如果它要接取初鷹
[01:04:53.000 --> 01:04:57.000]  它不可以在鷹身上伸出翅膀
[01:04:57.000 --> 01:04:59.000]  接不到
[01:04:59.000 --> 01:05:01.000]  要在下面才接得到
[01:05:01.000 --> 01:05:03.000]  所以中間那句話是爲什麼呢
[01:05:03.000 --> 01:05:05.000]  一直很多學者都以爲
[01:05:05.000 --> 01:05:07.000]  指母鷹就接住初鷹
[01:05:07.000 --> 01:05:09.000]  扔它出去什麼都好
[01:05:09.000 --> 01:05:12.000]  這個見證人的報告
[01:05:12.000 --> 01:05:14.000]  就解釋中間這句話
[01:05:14.000 --> 01:05:18.000]  於是母鷹就離開鷹巢
[01:05:18.000 --> 01:05:20.000]  飛得很高
[01:05:20.000 --> 01:05:22.000]  一個黑點
[01:05:22.000 --> 01:05:24.000]  鷹仔以爲沒事
[01:05:24.000 --> 01:05:26.000]  頭額額很高興
[01:05:26.000 --> 01:05:28.000]  收拾好自己的皮鬥
[01:05:28.000 --> 01:05:30.000]  母鷹從上面衝下來
[01:05:30.000 --> 01:05:34.000]  母鷹就像撲擊獵物一樣
[01:05:34.000 --> 01:05:37.000]  向着小鷹衝下來
[01:05:37.000 --> 01:05:39.000]  時速多少裏我不知道
[01:05:39.000 --> 01:05:41.000]  昨晚好像電視說
[01:05:41.000 --> 01:05:43.000]  跳降落山頭7000尺
[01:05:43.000 --> 01:05:45.000]  時速二百多公里
[01:05:45.000 --> 01:05:47.000]  鷹很快
[01:05:47.000 --> 01:05:49.000]  小鷹突然間
[01:05:49.000 --> 01:05:51.000]  黑鷹越來越大地衝下來
[01:05:51.000 --> 01:05:53.000]  基於本能逃生
[01:05:53.000 --> 01:05:55.000]  你受襲擊
[01:05:55.000 --> 01:05:59.000]  於是連滾帶滾都好
[01:05:59.000 --> 01:06:01.000]  就吹出去巢外
[01:06:01.000 --> 01:06:05.000]  鷹巢足在懸崖之上
[01:06:05.000 --> 01:06:07.000]  所以它掉下去都要一段時間
[01:06:07.000 --> 01:06:11.000]  母鷹就在下面
[01:06:11.000 --> 01:06:13.000]  接取初鷹
[01:06:13.000 --> 01:06:15.000]  背在兩鷹之上
[01:06:15.000 --> 01:06:17.000]  所以中間那句話
[01:06:17.000 --> 01:06:19.000]  在初鷹以上
[01:06:19.000 --> 01:06:21.000]  它不是兩次扇剪
[01:06:21.000 --> 01:06:23.000]  這個動詞是運行
[01:06:23.000 --> 01:06:25.000]  神的靈運行
[01:06:25.000 --> 01:06:27.000]  那個動詞
[01:06:27.000 --> 01:06:29.000]  是什麼意思呢
[01:06:29.000 --> 01:06:31.000]  就是擴擊的意思
[01:06:31.000 --> 01:06:33.000]  這隻鷹撲下來
[01:06:33.000 --> 01:06:35.000]  小鷹逃走但不懂飛
[01:06:35.000 --> 01:06:37.000]  於是母鷹在下面接回它
[01:06:37.000 --> 01:06:41.000]  讓它上下在空氣中漂浮的經驗
[01:06:41.000 --> 01:06:45.000]  處女飛行就到此結束
[01:06:45.000 --> 01:06:47.000]  以後再大膽點再來過
[01:06:47.000 --> 01:06:51.000]  神的靈在水面上
[01:06:51.000 --> 01:06:55.000]  不是我們印第安人的創造神話
[01:06:55.000 --> 01:06:57.000]  在那裏撲一隻巨蛋
[01:06:57.000 --> 01:07:01.000]  於是生命就在上帝的靈的孵化之下
[01:07:01.000 --> 01:07:03.000]  好像母雞一樣
[01:07:03.000 --> 01:07:05.000]  神的靈在那裏撲着
[01:07:05.000 --> 01:07:09.000]  不是,這是一部挺暴力的圖畫
[01:07:09.000 --> 01:07:13.000]  神的靈和水在那裏爭鬥
[01:07:13.000 --> 01:07:16.000]  鶴擊在大水之上
[01:07:16.000 --> 01:07:19.000]  神的靈是祂的能力
[01:07:19.000 --> 01:07:23.000]  神的能力在創造的時候
[01:07:23.000 --> 01:07:28.000]  將邪惡的力量控制在祂的之下
[01:07:28.000 --> 01:07:35.000]  創造的過程將整個混亂黑暗大水的世界
[01:07:35.000 --> 01:07:41.000]  變成一個可以棲身,可以繁殖,可以生活
[01:07:41.000 --> 01:07:43.000]  井井有條
[01:07:43.000 --> 01:07:46.000]  你現在明白爲什麼神看着是好的
[01:07:46.000 --> 01:07:48.000]  神看着是好的
[01:07:48.000 --> 01:07:49.000]  神看着是好的
[01:07:49.000 --> 01:07:52.000]  神看着一切都甚好
[01:07:52.000 --> 01:07:56.000]  這個好的意思是一個勝利的意思
[01:07:56.000 --> 01:07:59.000]  這個好不是靚的意思
[01:07:59.000 --> 01:08:01.000]  神看着很靚
[01:08:01.000 --> 01:08:06.000]  行了,OK了,搞定了
[01:08:06.000 --> 01:08:08.000]  又贏了
[01:08:08.000 --> 01:08:13.000]  到最後,二章第一節到第三節
[01:08:13.000 --> 01:08:15.000]  我們讀到安息日
[01:08:15.000 --> 01:08:19.000]  我想跟你讀清楚這三節經文
[01:08:19.000 --> 01:08:23.000]  《歷史創世紀》說天地萬物都造齊了
[01:08:23.000 --> 01:08:27.000]  到第七日神造物的功已經完畢
[01:08:27.000 --> 01:08:32.000]  就在第七日揭了他一切的公安息了
[01:08:32.000 --> 01:08:35.000]  留心這一句沒有說他很累
[01:08:35.000 --> 01:08:39.000]  我見過在外國一個基督徒開的公司
[01:08:39.000 --> 01:08:41.000]  外面有個報告板
[01:08:41.000 --> 01:08:44.000]  他說神七日都要休息一天了
[01:08:44.000 --> 01:08:48.000]  何況我們,所以星期日關門
[01:08:48.000 --> 01:08:50.000]  意思是好的
[01:08:50.000 --> 01:08:53.000]  不過神不會疲倦的
[01:08:53.000 --> 01:08:57.000]  書四入章說,你豈不知道
[01:08:57.000 --> 01:09:01.000]  創造地極的主不會疲乏也不會睏倦
[01:09:01.000 --> 01:09:04.000]  上帝創造天地不是做了六天
[01:09:04.000 --> 01:09:07.000]  第七天不懂得起牀,鬧鐘沒響
[01:09:07.000 --> 01:09:11.000]  算了,今天休息吧
[01:09:11.000 --> 01:09:16.000]  這裏說他完畢,說他做完了
[01:09:16.000 --> 01:09:21.000]  完了,樣樣東西都已經做妥了
[01:09:21.000 --> 01:09:25.000]  上帝要做的,他已經成就了
[01:09:25.000 --> 01:09:28.000]  做完了就停了
[01:09:28.000 --> 01:09:32.000]  中文翻譯爲揭了,揭字有點問題
[01:09:32.000 --> 01:09:37.000]  揭就好像是衰揭,做到burn out,很累
[01:09:37.000 --> 01:09:39.000]  不是,沒有這個意思
[01:09:39.000 --> 01:09:42.000]  我赴作事,直到如今我也作事
[01:09:42.000 --> 01:09:45.000]  耶穌基督自己的說話,沒說累的
[01:09:45.000 --> 01:09:47.000]  沒說不做事的
[01:09:47.000 --> 01:09:50.000]  這裏不是上帝要休息
[01:09:50.000 --> 01:09:53.000]  這是上帝做完了,做完還不停
[01:09:53.000 --> 01:09:56.000]  好像講道一樣,說完了還沒停
[01:09:56.000 --> 01:09:59.000]  不需要的,做完就停了
[01:09:59.000 --> 01:10:01.000]  上帝已經贏了
[01:10:01.000 --> 01:10:04.000]  上帝對邪惡已經制克性了
[01:10:04.000 --> 01:10:07.000]  完了,第七天,他怎樣說
[01:10:07.000 --> 01:10:10.000]  神賜福給第七天,定爲聖日
[01:10:10.000 --> 01:10:13.000]  在這一天上帝停了,不要說揭了
[01:10:13.000 --> 01:10:16.000]  停了他一切創造的功
[01:10:16.000 --> 01:10:20.000]  Shabbat,希伯來文這個字,安息日這個字
[01:10:20.000 --> 01:10:23.000]  焦點不是休息這麼簡單
[01:10:23.000 --> 01:10:25.000]  對人來說是休息
[01:10:25.000 --> 01:10:30.000]  對上帝來說,這三次聖經從來沒有暗示他疲倦
[01:10:30.000 --> 01:10:33.000]  他需要休息,他需要休息
[01:10:33.000 --> 01:10:36.000]  他需要放假,半天也好,兩個小時也好
[01:10:36.000 --> 01:10:39.000]  就算是下午飯睡一場覺也好
[01:10:39.000 --> 01:10:41.000]  不是,上帝不需要休息
[01:10:41.000 --> 01:10:45.000]  是他已經成功了,他完成了
[01:10:45.000 --> 01:10:49.000]  現在這一天,大功告成
[01:10:49.000 --> 01:10:53.000]  大功告成,不做以前做的事了
[01:10:53.000 --> 01:10:58.000]  慶祝,宣佈神的旨意
[01:10:58.000 --> 01:11:01.000]  行在地上,如同行在天上
[01:11:01.000 --> 01:11:04.000]  一個勝利的停止
[01:11:04.000 --> 01:11:07.000]  一個勝利的結束
[01:11:07.000 --> 01:11:11.000]  猶太人一位學者,很幽默的說法就是
[01:11:11.000 --> 01:11:13.000]  上帝贏了
[01:11:13.000 --> 01:11:18.000]  所以他走開一天半天也沒有什麼事會發生
[01:11:18.000 --> 01:11:22.000]  你看那些廣告,電視都是這樣說
[01:11:22.000 --> 01:11:27.000]  爸爸媽媽留下房子給十多歲的兒子管理
[01:11:27.000 --> 01:11:29.000]  搞得一塌糊塗
[01:11:29.000 --> 01:11:32.000]  這個世界上帝做了下來
[01:11:32.000 --> 01:11:34.000]  人在當中管理
[01:11:34.000 --> 01:11:36.000]  上帝在安息日
[01:11:36.000 --> 01:11:38.000]  他走開一會兒
[01:11:38.000 --> 01:11:43.000]  他的勝利仍然是一個不爭的事實
[01:11:43.000 --> 01:11:48.000]  如果你這樣去讀《創世紀》第一章的時候
[01:11:48.000 --> 01:11:52.000]  你就發覺進化不是問題
[01:11:52.000 --> 01:11:57.000]  不是我們說聖經於是贊成進化論
[01:11:57.000 --> 01:11:59.000]  進化論也有兩個層次
[01:11:59.000 --> 01:12:04.000]  一個是達爾文所說的生物物種的起源
[01:12:04.000 --> 01:12:08.000]  你需要從化石,從很多證據去考慮
[01:12:08.000 --> 01:12:11.000]  另一個比較恐怖的
[01:12:11.000 --> 01:12:16.000]  假如生物世界是物競天擇,識者生存的話
[01:12:16.000 --> 01:12:20.000]  森林的規律同樣可以應用在人類的社會
[01:12:20.000 --> 01:12:24.000]  這個稱爲社會達爾文主義,Social Darwinism
[01:12:24.000 --> 01:12:28.000]  這個就是倫理的問題,不是生物學的問題
[01:12:28.000 --> 01:12:31.000]  基督徒要反對的是誰呢?
[01:12:31.000 --> 01:12:34.000]  Social Darwinism我們一定要反對
[01:12:34.000 --> 01:12:39.000]  人與人的相處不是由動物社會
[01:12:39.000 --> 01:12:43.000]  或者自然森林的規律去決定的
[01:12:43.000 --> 01:12:46.000]  下一堂我們要講人與人的關係
[01:12:46.000 --> 01:12:49.000]  是由上帝的誡命去決定的
[01:12:49.000 --> 01:12:52.000]  至於大自然這個世界是怎麼來的
[01:12:52.000 --> 01:12:55.000]  就讓科學家慢慢去發掘
[01:12:55.000 --> 01:12:59.000]  上帝從來都不會在聖經裏面將所有東西都開了谷
[01:12:59.000 --> 01:13:03.000]  以致我們什麼都沒了,不用讀書,全部都在聖經裏面
[01:13:03.000 --> 01:13:07.000]  你說97年香港會發達還是會經濟衰退
[01:13:07.000 --> 01:13:10.000]  讀一讀《依創下書》15章,你還沒讀嘛
[01:13:10.000 --> 01:13:13.000]  不是這樣的
[01:13:13.000 --> 01:13:16.000]  創世紀第一章有更重要的主題
[01:13:16.000 --> 01:13:19.000]  這個主題不是要滿足我們的好奇心
[01:13:19.000 --> 01:13:23.000]  哎呀,我如果能夠看看上帝怎麼創造天地就好了
[01:13:23.000 --> 01:13:26.000]  說真的,讓你看都看不明白
[01:13:26.000 --> 01:13:29.000]  現在那個瞎薄望遠鏡
[01:13:29.000 --> 01:13:32.000]  拍到那些星,有些氣層走出來
[01:13:32.000 --> 01:13:35.000]  你看得明白嗎?你都是靠別人解釋給你聽
[01:13:35.000 --> 01:13:38.000]  聽說那些天文科學家開會的時候
[01:13:38.000 --> 01:13:41.000]  沒有人明白對方說什麼,個個只明白自己說的
[01:13:41.000 --> 01:13:44.000]  何況我們這些普羅大衆
[01:13:44.000 --> 01:13:47.000]  我們要生活在這個世界上
[01:13:47.000 --> 01:13:51.000]  不是要靠這些最尖端的科學理論來支持的
[01:13:51.000 --> 01:13:58.000]  邪惡卻是我們每天要面對的問題
[01:13:58.000 --> 01:14:01.000]  創世紀要講的信息
[01:14:01.000 --> 01:14:06.000]  不是隻有少數科學家有興趣去討論的
[01:14:06.000 --> 01:14:13.000]  它是要講一個從小朋友有意識到什麼是真什麼是假
[01:14:13.000 --> 01:14:16.000]  懂得說大話的時候開始
[01:14:16.000 --> 01:14:19.000]  那個老人家飽經風霜
[01:14:19.000 --> 01:14:23.000]  嚐盡人間甜酸苦辣
[01:14:23.000 --> 01:14:28.000]  邪惡是一個賣身的問題
[01:14:28.000 --> 01:14:32.000]  上帝要啓示的換一句話說
[01:14:32.000 --> 01:14:35.000]  不是一些很高深的道理
[01:14:35.000 --> 01:14:40.000]  少數人、現代人、科學家能夠明白
[01:14:40.000 --> 01:14:42.000]  有時我們有一種好奇心
[01:14:42.000 --> 01:14:45.000]  越深奧的我們就越有興趣去查
[01:14:45.000 --> 01:14:51.000]  聖經將我們的好奇心打低、放低
[01:14:51.000 --> 01:14:57.000]  回到你的生活上平易近人
[01:14:57.000 --> 01:15:00.000]  實際的生活環境當中
[01:15:00.000 --> 01:15:02.000]  上帝在那裏有話說
[01:15:02.000 --> 01:15:07.000]  這個世界到底是邪惡掌權
[01:15:07.000 --> 01:15:10.000]  還是上帝掌權呢?
[01:15:10.000 --> 01:15:13.000]  當你逼地鐵的時候
[01:15:13.000 --> 01:15:17.000]  被人送了一針撞到心口痛的時候
[01:15:17.000 --> 01:15:19.000]  你立刻送一針過去
[01:15:19.000 --> 01:15:22.000]  或者拿着高跟鞋踩他一腳
[01:15:22.000 --> 01:15:26.000]  這個世界靠惡的
[01:15:26.000 --> 01:15:32.000]  於是你在你的行爲當中承認了邪惡掌權
[01:15:32.000 --> 01:15:35.000]  這個是很現實的問題
[01:15:35.000 --> 01:15:39.000]  以惡報惡天公地道
[01:15:39.000 --> 01:15:41.000]  邪惡掌權
[01:15:41.000 --> 01:15:43.000]  命運主宰一切
[01:15:43.000 --> 01:15:44.000]  沒得解釋的
[01:15:44.000 --> 01:15:45.000]  這個世界是這樣的
[01:15:45.000 --> 01:15:46.000]  是這麼混亂的
[01:15:46.000 --> 01:15:49.000]  (聽不清)
[01:15:49.000 --> 01:15:51.000]  是不是這樣呢?
[01:15:51.000 --> 01:15:53.000]  對一個基督徒來說
[01:15:53.000 --> 01:15:56.000]  你每天的生活開始
[01:15:56.000 --> 01:15:58.000]  創世紀Genesis
[01:15:58.000 --> 01:16:01.000]  你從哪裏開始的?
[01:16:01.000 --> 01:16:06.000]  起初上帝創造天地
[01:16:06.000 --> 01:16:08.000]  這個天地有上帝的
[01:16:08.000 --> 01:16:10.000]  有主宰的
[01:16:10.000 --> 01:16:12.000]  有是非的
[01:16:12.000 --> 01:16:14.000]  有人管的
[01:16:14.000 --> 01:16:15.000]  不是沒有網管的
[01:16:15.000 --> 01:16:17.000]  不是沒有真理的
[01:16:17.000 --> 01:16:19.000]  不是惡得就惡的
[01:16:19.000 --> 01:16:20.000]  不是欺負得就欺負的
[01:16:20.000 --> 01:16:23.000]  不是騙得就騙的
[01:16:23.000 --> 01:16:25.000]  這個不是森林來的
[01:16:25.000 --> 01:16:29.000]  這個是上帝天父的世界來的
[01:16:29.000 --> 01:16:31.000]  創世紀第一章說一個
[01:16:31.000 --> 01:16:35.000]  苦如皆懂的道理
[01:16:35.000 --> 01:16:40.000]  我們無需要將它轉變成爲
[01:16:40.000 --> 01:16:42.000]  只有少數科學家才能夠討論的
[01:16:42.000 --> 01:16:48.000]  很高深高妙的真理
[01:16:48.000 --> 01:16:52.000]  不過我們上一堂的時候
[01:16:52.000 --> 01:16:53.000]  就很強調說
[01:16:53.000 --> 01:16:55.000]  創世紀第一章
[01:16:55.000 --> 01:16:59.000]  只是創世紀的序言
[01:16:59.000 --> 01:17:01.000]  我們未入育
[01:17:01.000 --> 01:17:02.000]  未曾入育
[01:17:02.000 --> 01:17:05.000]  創世紀主要的內容
[01:17:05.000 --> 01:17:09.000]  是講五個人物的生命
[01:17:09.000 --> 01:17:11.000]  亞當
[01:17:11.000 --> 01:17:13.000]  亞當這個人名
[01:17:13.000 --> 01:17:16.000]  其實不一定是一個人名來的
[01:17:16.000 --> 01:17:17.000]  因爲在希伯來文
[01:17:17.000 --> 01:17:19.000]  它有個官詞的
[01:17:19.000 --> 01:17:21.000]  有個definite article
[01:17:21.000 --> 01:17:23.000]  用英文去翻譯的
[01:17:23.000 --> 01:17:25.000]  the man 哪人
[01:17:25.000 --> 01:17:29.000]  中文和學本有時翻譯成哪人
[01:17:29.000 --> 01:17:34.000]  亞當他所經歷的
[01:17:34.000 --> 01:17:37.000]  我們每個人都明白的
[01:17:37.000 --> 01:17:41.000]  問題不是他爲什麼一個人犯罪
[01:17:41.000 --> 01:17:43.000]  我們每個人都有罪
[01:17:43.000 --> 01:17:45.000]  不是
[01:17:45.000 --> 01:17:46.000]  聖經所記載的就是
[01:17:46.000 --> 01:17:48.000]  你在亞當的身上
[01:17:48.000 --> 01:17:50.000]  你看到你自己的
[01:17:50.000 --> 01:17:52.000]  他所做的
[01:17:52.000 --> 01:17:54.000]  你一樣會做的
[01:17:54.000 --> 01:17:55.000]  我不會喫蘋果的
[01:17:55.000 --> 01:17:56.000]  我不喜歡喫蘋果
[01:17:56.000 --> 01:17:58.000]  那不是蘋果
[01:17:58.000 --> 01:18:02.000]  你看看上帝整棵樹在害人
[01:18:02.000 --> 01:18:05.000]  如果伊甸園沒有那棵分別是惡樹
[01:18:05.000 --> 01:18:07.000]  一天都光了
[01:18:07.000 --> 01:18:09.000]  我經常說我們讀聖經
[01:18:09.000 --> 01:18:12.000]  不要有先入爲主的觀念
[01:18:12.000 --> 01:18:15.000]  你平心靜氣去讀
[01:18:15.000 --> 01:18:16.000]  讀清楚一點
[01:18:16.000 --> 01:18:18.000]  創世紀二章第四節
[01:18:18.000 --> 01:18:22.000]  開始創造天地的圖拿都
[01:18:22.000 --> 01:18:23.000]  我們說的圖拿都
[01:18:23.000 --> 01:18:24.000]  這個字在翻譯來歷
[01:18:24.000 --> 01:18:25.000]  其實有一些問題
[01:18:25.000 --> 01:18:26.000]  翻譯來歷
[01:18:26.000 --> 01:18:28.000]  就想着說創造天地
[01:18:28.000 --> 01:18:30.000]  其實不是創造天地
[01:18:30.000 --> 01:18:31.000]  圖拿都是說
[01:18:31.000 --> 01:18:33.000]  創造天地之後發生了什麼事
[01:18:33.000 --> 01:18:36.000]  塔拉的圖拿都
[01:18:36.000 --> 01:18:37.000]  不是說塔拉怎麼來的
[01:18:37.000 --> 01:18:39.000]  是說塔拉的後代
[01:18:39.000 --> 01:18:41.000]  阿伯拉罕的故事
[01:18:41.000 --> 01:18:43.000]  瓦國的圖拿都
[01:18:43.000 --> 01:18:44.000]  不是說瓦國的
[01:18:44.000 --> 01:18:46.000]  瓦國的紀略
[01:18:46.000 --> 01:18:48.000]  是說約瑟的兒子的事
[01:18:48.000 --> 01:18:50.000]  所以圖拿都是說之後的事
[01:18:50.000 --> 01:18:52.000]  不是說之前的事
[01:18:52.000 --> 01:18:54.000]  好了天地創造出來了
[01:18:54.000 --> 01:18:56.000]  之後又發生什麼事
[01:18:56.000 --> 01:18:58.000]  創世紀第二章開始
[01:18:58.000 --> 01:19:00.000]  不再說創造天地
[01:19:00.000 --> 01:19:04.000]  他說創造少少的過程
[01:19:04.000 --> 01:19:07.000]  但那不是第二個創造的故事
[01:19:07.000 --> 01:19:09.000]  你識少少就不要扮代表
[01:19:09.000 --> 01:19:11.000]  聽少少十九世紀
[01:19:11.000 --> 01:19:13.000]  那些舊約學者的討論
[01:19:13.000 --> 01:19:15.000]  就說兩個創造故事
[01:19:15.000 --> 01:19:17.000]  兩個有很多矛盾
[01:19:17.000 --> 01:19:19.000]  你不識讀聖經
[01:19:19.000 --> 01:19:21.000]  做到第二章第四節
[01:19:21.000 --> 01:19:23.000]  連上帝的名字都改了
[01:19:23.000 --> 01:19:26.000]  上帝的名字不叫神
[01:19:26.000 --> 01:19:29.000]  上帝的名字叫耶和華神
[01:19:29.000 --> 01:19:32.000]  另外一段新的開始
[01:19:32.000 --> 01:19:35.000]  由罪言進入到棄辱
[01:19:35.000 --> 01:19:37.000]  阿邦的生平
[01:19:37.000 --> 01:19:39.000]  在伊健園裏
[01:19:39.000 --> 01:19:41.000]  上帝做好一切
[01:19:41.000 --> 01:19:45.000]  給他管理看守
[01:19:45.000 --> 01:19:49.000]  園中有兩棵樹
[01:19:49.000 --> 01:19:51.000]  不是隻有一棵樹
[01:19:51.000 --> 01:19:56.000]  我們經常只記住那棵分別善惡樹
[01:19:56.000 --> 01:19:58.000]  還有另外一棵樹
[01:19:58.000 --> 01:20:00.000]  另外一棵樹叫什麼樹
[01:20:00.000 --> 01:20:02.000]  生命樹
[01:20:02.000 --> 01:20:04.000]  上帝怎麼說
[01:20:04.000 --> 01:20:06.000]  上帝和阿邦說
[01:20:06.000 --> 01:20:09.000]  園中各樣樹上的果子
[01:20:09.000 --> 01:20:11.000]  你可以隨意喫
[01:20:11.000 --> 01:20:15.000]  只是分別善惡樹上的果子
[01:20:15.000 --> 01:20:16.000]  你不可喫
[01:20:16.000 --> 01:20:21.000]  因爲你喫的日子必定死
[01:20:21.000 --> 01:20:25.000]  前面說園中有生命樹有分別善惡樹
[01:20:25.000 --> 01:20:26.000]  現在上帝說
[01:20:26.000 --> 01:20:29.000]  園中各樣樹上的果子
[01:20:29.000 --> 01:20:31.000]  你都可以隨意喫
[01:20:31.000 --> 01:20:35.000]  園中有生命樹有分別善惡樹
[01:20:35.000 --> 01:20:38.000]  園中樹上所有的果子
[01:20:38.000 --> 01:20:40.000]  你都可以隨意喫
[01:20:40.000 --> 01:20:42.000]  生命樹分別善惡樹
[01:20:42.000 --> 01:20:44.000]  園中樹上所有的果子
[01:20:44.000 --> 01:20:46.000]  你都可以喫
[01:20:46.000 --> 01:20:48.000]  分別善惡樹你不可以喫
[01:20:48.000 --> 01:20:50.000]  有生命樹有分別善惡樹
[01:20:50.000 --> 01:20:52.000]  所有的果子你隨意喫
[01:20:52.000 --> 01:20:54.000]  不要喫分別善惡樹的果子
[01:20:54.000 --> 01:20:56.000]  這棵是生命樹
[01:20:56.000 --> 01:20:58.000]  上帝在說什麼
[01:20:58.000 --> 01:21:00.000]  我經常說
[01:21:00.000 --> 01:21:03.000]  上帝沒有摘過生命樹的果子
[01:21:03.000 --> 01:21:04.000]  批好皮
[01:21:04.000 --> 01:21:06.000]  切開四塊
[01:21:06.000 --> 01:21:08.000]  遞到阿邦的面前
[01:21:08.000 --> 01:21:10.000]  喫吧
[01:21:10.000 --> 01:21:11.000]  不過你小孩子知道
[01:21:11.000 --> 01:21:12.000]  你這樣做完之後
[01:21:12.000 --> 01:21:14.000]  他就不喫了
[01:21:14.000 --> 01:21:16.000]  他就走了
[01:21:16.000 --> 01:21:18.000]  你要吊着纔會喫
[01:21:18.000 --> 01:21:22.000]  上帝不是在那裏害阿邦
[01:21:22.000 --> 01:21:24.000]  什麼是分別善惡樹
[01:21:24.000 --> 01:21:27.000]  如果你不明白這棵樹的意思
[01:21:27.000 --> 01:21:29.000]  好像你不明白海的意思
[01:21:29.000 --> 01:21:31.000]  你會誤會上帝
[01:21:31.000 --> 01:21:33.000]  分別善惡樹的意思不是說
[01:21:33.000 --> 01:21:35.000]  一個人喫這棵樹之前
[01:21:35.000 --> 01:21:37.000]  就沒有善惡分辨的能力
[01:21:37.000 --> 01:21:39.000]  分別這兩個字
[01:21:39.000 --> 01:21:41.000]  沒有出現在希伯來文
[01:21:41.000 --> 01:21:45.000]  希伯來文是說善惡知識的樹
[01:21:45.000 --> 01:21:48.000]  善惡知識是什麼一回事呢
[01:21:48.000 --> 01:21:50.000]  我和你試一下
[01:21:50.000 --> 01:21:55.000]  找另外一段經文來看一看
[01:21:55.000 --> 01:22:00.000]  撒姆爾記下第十四章
[01:22:00.000 --> 01:22:07.000]  這段是說大魏的兒子厄沙隆
[01:22:07.000 --> 01:22:13.000]  因爲不值得暗戀另外一個大魏的兒子
[01:22:13.000 --> 01:22:15.000]  侮辱了他馬
[01:22:15.000 --> 01:22:20.000]  這是很混亂的宮廷醜聞
[01:22:20.000 --> 01:22:24.000]  於是厄沙隆就殺了暗戀
[01:22:24.000 --> 01:22:26.000]  然後就逃亡
[01:22:26.000 --> 01:22:28.000]  大魏其實很喜歡厄沙隆
[01:22:28.000 --> 01:22:31.000]  不過表面就不敢做什麼
[01:22:31.000 --> 01:22:35.000]  壓壓元帥就知道大魏的心意
[01:22:35.000 --> 01:22:40.000]  於是就找一個提戈雅的女人來勸大魏
[01:22:40.000 --> 01:22:42.000]  勸得很有技巧的
[01:22:42.000 --> 01:22:44.000]  我們不詳細讀了
[01:22:44.000 --> 01:22:46.000]  我只是想和你讀他的結論
[01:22:46.000 --> 01:22:49.000]  這個婦人的兩句話
[01:22:49.000 --> 01:22:52.000]  是可以幫助我們明白
[01:22:52.000 --> 01:22:56.000]  善惡知識樹是一回什麼事
[01:22:56.000 --> 01:23:04.000]  撒姆爾記下第十四章第十七節
[01:23:05.000 --> 01:23:07.000]  這個婦人在大魏的面前
[01:23:07.000 --> 01:23:09.000]  被大魏揭穿了
[01:23:09.000 --> 01:23:11.000]  被壓派她來之後
[01:23:11.000 --> 01:23:14.000]  就拍大魏馬屁
[01:23:14.000 --> 01:23:15.000]  贊大魏王
[01:23:15.000 --> 01:23:17.000]  贊得很離譜的
[01:23:17.000 --> 01:23:19.000]  婢女又想
[01:23:19.000 --> 01:23:22.000]  我主我王的話必安慰我
[01:23:22.000 --> 01:23:25.000]  因爲我主我王能辨別是非
[01:23:25.000 --> 01:23:29.000]  如同神的使者一樣
[01:23:29.000 --> 01:23:31.000]  這個馬屁拍得很大
[01:23:31.000 --> 01:23:34.000]  皇帝你好像神的使者一樣
[01:23:34.000 --> 01:23:36.000]  每個人聽到都高興
[01:23:36.000 --> 01:23:37.000]  如同神的使者一樣
[01:23:37.000 --> 01:23:39.000]  你能夠辨別是非
[01:23:39.000 --> 01:23:41.000]  分別善惡
[01:23:41.000 --> 01:23:43.000]  看下一句
[01:23:43.000 --> 01:23:45.000]  對下去
[01:23:45.000 --> 01:23:47.000]  第二十節
[01:23:47.000 --> 01:23:49.000]  王的僕人若壓如此行
[01:23:49.000 --> 01:23:51.000]  都是這個女人說的話
[01:23:51.000 --> 01:23:53.000]  爲要挽回這件事
[01:23:53.000 --> 01:23:55.000]  我主大魏的智慧
[01:23:55.000 --> 01:23:59.000]  卻如神使者的智慧
[01:23:59.000 --> 01:24:03.000]  能知世上一切事
[01:24:03.000 --> 01:24:05.000]  聰明的你應該想到
[01:24:05.000 --> 01:24:07.000]  爲什麼我讀這兩支聖經
[01:24:07.000 --> 01:24:09.000]  什麼叫分別是非
[01:24:09.000 --> 01:24:12.000]  不是道德的辨別能力
[01:24:12.000 --> 01:24:15.000]  我王的智慧像神的使者一樣
[01:24:15.000 --> 01:24:17.000]  能夠辨別是非
[01:24:17.000 --> 01:24:18.000]  第一句的說話
[01:24:18.000 --> 01:24:21.000]  我王的智慧像神的使者一樣
[01:24:21.000 --> 01:24:25.000]  能夠知道世上一切的事
[01:24:25.000 --> 01:24:28.000]  這個是無所不知的意思
[01:24:28.000 --> 01:24:30.000]  分別善惡
[01:24:30.000 --> 01:24:33.000]  換一句話說不是道德分別能力
[01:24:33.000 --> 01:24:36.000]  而是能知世上一切的事
[01:24:36.000 --> 01:24:38.000]  這是神的智慧
[01:24:38.000 --> 01:24:41.000]  這棵樹所畫的界線
[01:24:41.000 --> 01:24:46.000]  就是做物主和被做者的界線
[01:24:46.000 --> 01:24:50.000]  你不可以過這條線
[01:24:50.000 --> 01:24:53.000]  你不是這個世界的主人
[01:24:53.000 --> 01:24:55.000]  神做人出來
[01:24:55.000 --> 01:24:57.000]  給他有神的形象
[01:24:57.000 --> 01:25:00.000]  代表上帝管理這個大地
[01:25:00.000 --> 01:25:03.000]  人卻不是神
[01:25:03.000 --> 01:25:05.000]  所以《創世紀》一章
[01:25:05.000 --> 01:25:08.000]  原在做人的場面
[01:25:08.000 --> 01:25:10.000]  將人捧得太高了
[01:25:10.000 --> 01:25:12.000]  上一堂課我們說過
[01:25:12.000 --> 01:25:14.000]  有三個地字在《創世紀》第一章
[01:25:14.000 --> 01:25:16.000]  第一個就是創造天地
[01:25:16.000 --> 01:25:18.000]  第二個就是旱地
[01:25:18.000 --> 01:25:23.000]  第三個地字是用在做人之前出現的
[01:25:23.000 --> 01:25:30.000]  在做人之前25字說地上一切的昆蟲
[01:25:30.000 --> 01:25:32.000]  這個地字是第三個字
[01:25:32.000 --> 01:25:34.000]  到這裏纔出現的
[01:25:34.000 --> 01:25:35.000]  這個地字很怪
[01:25:35.000 --> 01:25:38.000]  這個地字希伯來文讀法叫阿達瑪
[01:25:38.000 --> 01:25:41.000]  阿達瑪是阿當
[01:25:41.000 --> 01:25:43.000]  阿達瑪
[01:25:43.000 --> 01:25:46.000]  原諒我用中文去靈異解一解
[01:25:46.000 --> 01:25:48.000]  阿當的阿媽
[01:25:48.000 --> 01:25:53.000]  阿達瑪和阿當是很連在一起的
[01:25:53.000 --> 01:25:55.000]  人是屬地的
[01:25:55.000 --> 01:25:56.000]  人不是屬天的
[01:25:56.000 --> 01:25:58.000]  人不是神明
[01:25:58.000 --> 01:26:00.000]  人是上帝所做出來的
[01:26:00.000 --> 01:26:04.000]  從地、從泥土、從塵土所做出來的
[01:26:04.000 --> 01:26:06.000]  你本是塵土
[01:26:06.000 --> 01:26:09.000]  仍要歸回塵土
[01:26:09.000 --> 01:26:15.000]  這是聖灰日教會所行的圖灰禮所說的一句話
[01:26:15.000 --> 01:26:21.000]  人不能遷脫上帝的身份
[01:26:21.000 --> 01:26:24.000]  阿當在這裏所做的是一件這樣的事
[01:26:24.000 --> 01:26:26.000]  不是他想長大
[01:26:26.000 --> 01:26:28.000]  不是他想分辨是非
[01:26:28.000 --> 01:26:30.000]  上帝將他矇在鼓裏
[01:26:30.000 --> 01:26:33.000]  令他始終天真純潔
[01:26:33.000 --> 01:26:36.000]  這是現代人作的很美麗的故事
[01:26:36.000 --> 01:26:38.000]  希伯來文很清楚
[01:26:38.000 --> 01:26:40.000]  善惡知識殊
[01:26:40.000 --> 01:26:42.000]  能分辨是非
[01:26:42.000 --> 01:26:45.000]  就是能知世上一切的事情
[01:26:45.000 --> 01:26:48.000]  阿當、夏娃被逐出伊甸園
[01:26:48.000 --> 01:26:49.000]  你留心
[01:26:49.000 --> 01:26:55.000]  上帝在那裏用皮爲他們做衣服
[01:26:55.000 --> 01:26:56.000]  沒錯
[01:26:56.000 --> 01:27:02.000]  人違背了上帝的吩咐
[01:27:02.000 --> 01:27:06.000]  上帝不准他們再留在伊甸園
[01:27:06.000 --> 01:27:07.000]  還說了一個理由
[01:27:07.000 --> 01:27:09.000]  不想他們喫生命樹
[01:27:09.000 --> 01:27:12.000]  上帝還不是黑心
[01:27:12.000 --> 01:27:15.000]  你沒有猶太人的幽默感
[01:27:15.000 --> 01:27:19.000]  他喫了善惡知識殊
[01:27:19.000 --> 01:27:21.000]  得罪了上帝
[01:27:21.000 --> 01:27:24.000]  死亡是結局
[01:27:24.000 --> 01:27:27.000]  你給他生命樹是什麼意思?
[01:27:27.000 --> 01:27:29.000]  你給他生命樹的果子是什麼意思?
[01:27:29.000 --> 01:27:31.000]  讓他不用死?
[01:27:31.000 --> 01:27:34.000]  還是讓他一直活在死亡當中?
[01:27:34.000 --> 01:27:37.000]  這個時候生命樹對他沒有意義
[01:27:37.000 --> 01:27:42.000]  上帝對阿當、夏娃所做的
[01:27:42.000 --> 01:27:44.000]  我們暫時不明白
[01:27:44.000 --> 01:27:46.000]  去到該人的時候我們會明白
[01:27:46.000 --> 01:27:49.000]  但是在這裏起碼我們會看到一個事實
[01:27:49.000 --> 01:27:52.000]  就是在他們離開伊甸園之前
[01:27:52.000 --> 01:27:57.000]  上帝爲阿當和他妻子用皮紙做衣服
[01:27:57.000 --> 01:27:59.000]  吸他們泉
[01:27:59.000 --> 01:28:02.000]  我問過懂得做衣服的姐妹
[01:28:02.000 --> 01:28:05.000]  做一件衣服要多長時間?
[01:28:05.000 --> 01:28:10.000]  這裏上帝不是說要有衣服就有衣服
[01:28:10.000 --> 01:28:14.000]  這裏上帝做兩件衣服出來
[01:28:14.000 --> 01:28:16.000]  做了多久?
[01:28:16.000 --> 01:28:19.000]  做的時候上帝的樣子是怎樣的?
[01:28:19.000 --> 01:28:23.000]  阿當、夏娃站在旁邊看着上帝
[01:28:23.000 --> 01:28:25.000]  上帝一路走一路看着他們
[01:28:25.000 --> 01:28:27.000]  樣子是怎樣的?
[01:28:27.000 --> 01:28:31.000]  我想起我們有一首唐詩
[01:28:31.000 --> 01:28:37.000]  慈母守中善 由子身上衣
[01:28:37.000 --> 01:28:39.000]  有時創世紀講神的愛
[01:28:39.000 --> 01:28:41.000]  不是畫弓射畫出槍的
[01:28:41.000 --> 01:28:43.000]  上帝很愛他們
[01:28:43.000 --> 01:28:45.000]  是這樣講的一句話
[01:28:45.000 --> 01:28:48.000]  上帝用皮紙和他們做衣服
[01:28:48.000 --> 01:28:49.000]  不是讓他們出去威風
[01:28:49.000 --> 01:28:51.000]  開電單車
[01:28:51.000 --> 01:28:52.000]  不是
[01:28:52.000 --> 01:28:55.000]  慢慢一針一線縫起那件
[01:28:55.000 --> 01:28:57.000]  用繡皮做的衣服
[01:28:57.000 --> 01:28:59.000]  那個心意
[01:28:59.000 --> 01:29:00.000]  我們中國人就明白
[01:29:00.000 --> 01:29:03.000]  當媽媽不出聲在那邊聯針的時候
[01:29:03.000 --> 01:29:04.000]  兒子要出門
[01:29:04.000 --> 01:29:06.000]  是什麼一回事?
[01:29:06.000 --> 01:29:07.000]  是愛
[01:29:07.000 --> 01:29:10.000]  我們讀到該隱的記載就更加清楚
[01:29:10.000 --> 01:29:13.000]  該隱阿伯的事情我們很熟悉
[01:29:13.000 --> 01:29:15.000]  他們獻祭
[01:29:15.000 --> 01:29:17.000]  上帝預納阿伯
[01:29:17.000 --> 01:29:19.000]  就不預納該隱
[01:29:19.000 --> 01:29:21.000]  我們就說該隱衰
[01:29:21.000 --> 01:29:23.000]  上帝沒有這麼說
[01:29:23.000 --> 01:29:25.000]  你讀清楚聖經
[01:29:25.000 --> 01:29:26.000]  上帝問該隱
[01:29:26.000 --> 01:29:27.000]  你爲什麼發怒?
[01:29:27.000 --> 01:29:29.000]  你爲什麼變了臉色?
[01:29:29.000 --> 01:29:31.000]  你行得好
[01:29:31.000 --> 01:29:32.000]  你就會蒙越納
[01:29:32.000 --> 01:29:34.000]  你若行得不好
[01:29:34.000 --> 01:29:36.000]  罪伏在你的門前
[01:29:36.000 --> 01:29:38.000]  祂戀慕你
[01:29:38.000 --> 01:29:39.000]  你要祭服祂
[01:29:39.000 --> 01:29:41.000]  該隱未犯罪
[01:29:41.000 --> 01:29:43.000]  你不要說上帝因爲該隱犯了罪
[01:29:43.000 --> 01:29:45.000]  所以不約納祂的祭物
[01:29:45.000 --> 01:29:47.000]  不是的 今天都不是的
[01:29:47.000 --> 01:29:49.000]  兩個弟兄在教會里面
[01:29:49.000 --> 01:29:51.000]  大家都這麼熱心愛主
[01:29:51.000 --> 01:29:53.000]  一個有癌症
[01:29:53.000 --> 01:29:54.000]  一個沒有癌症
[01:29:54.000 --> 01:29:57.000]  你說是因爲他有罪所以有癌症嗎?
[01:29:57.000 --> 01:29:59.000]  兩個姐妹都是這麼愛主
[01:29:59.000 --> 01:30:01.000]  一個家裏很幸福
[01:30:01.000 --> 01:30:03.000]  兩個小孩子
[01:30:03.000 --> 01:30:04.000]  一對活寶貝
[01:30:04.000 --> 01:30:06.000]  另外一個很多坎坷
[01:30:06.000 --> 01:30:07.000]  很多災難
[01:30:07.000 --> 01:30:09.000]  丈夫又不生性
[01:30:09.000 --> 01:30:11.000]  你說是因爲他犯罪嗎?
[01:30:11.000 --> 01:30:13.000]  有時我們有很多
[01:30:13.000 --> 01:30:16.000]  該隱亞伯的例子在我們身邊
[01:30:16.000 --> 01:30:18.000]  上帝好像只是約納這個
[01:30:18.000 --> 01:30:20.000]  另外一個做很多事
[01:30:20.000 --> 01:30:22.000]  上帝不祝福他
[01:30:22.000 --> 01:30:24.000]  我們要留心上帝說這段話
[01:30:24.000 --> 01:30:26.000]  上帝說你爲什麼要生氣?
[01:30:26.000 --> 01:30:28.000]  爲什麼你要鼓鼓聲?
[01:30:28.000 --> 01:30:30.000]  爲什麼你要比較?
[01:30:30.000 --> 01:30:31.000]  你自己的事
[01:30:31.000 --> 01:30:32.000]  你行得好
[01:30:32.000 --> 01:30:34.000]  神約納你
[01:30:34.000 --> 01:30:35.000]  你行得不好
[01:30:35.000 --> 01:30:37.000]  沒有說你已經行得不好
[01:30:37.000 --> 01:30:38.000]  你若行得不好
[01:30:38.000 --> 01:30:40.000]  讀清楚聖經
[01:30:40.000 --> 01:30:42.000]  罪是伏在門前
[01:30:42.000 --> 01:30:43.000]  你還可以制服他
[01:30:43.000 --> 01:30:45.000]  那個人沒有犯罪
[01:30:45.000 --> 01:30:47.000]  那個人如果接受
[01:30:47.000 --> 01:30:49.000]  人生當中有很多制御
[01:30:49.000 --> 01:30:51.000]  不可以馬上解釋得到
[01:30:51.000 --> 01:30:53.000]  上帝好像沒有約納到我
[01:30:53.000 --> 01:30:54.000]  接受了他
[01:30:54.000 --> 01:30:55.000]  我仍然行得正
[01:30:55.000 --> 01:30:57.000]  上帝說你仍然是蒙約納
[01:30:57.000 --> 01:30:59.000]  偏偏我們就不是
[01:30:59.000 --> 01:31:00.000]  我們比較
[01:31:00.000 --> 01:31:02.000]  比較完之後我們不生氣
[01:31:02.000 --> 01:31:03.000]  於是我們去犯罪
[01:31:03.000 --> 01:31:05.000]  那個人跟着去殺了亞伯
[01:31:05.000 --> 01:31:06.000]  上帝追問他
[01:31:06.000 --> 01:31:08.000]  他還要很死硬地說
[01:31:08.000 --> 01:31:10.000]  我不是看守我弟兄
[01:31:10.000 --> 01:31:13.000]  上帝還做了一個記號
[01:31:13.000 --> 01:31:15.000]  這個記號是什麼意思?
[01:31:15.000 --> 01:31:18.000]  這個不是我們看西部牛仔片那些
[01:31:18.000 --> 01:31:22.000]  那些死囚放俗去沙漠那裏
[01:31:22.000 --> 01:31:25.000]  全部拿個印在那裏
[01:31:25.000 --> 01:31:27.000]  那個人的記號是保護他的
[01:31:27.000 --> 01:31:29.000]  你留心看一下
[01:31:29.000 --> 01:31:32.000]  那個人說我的刑罰太重
[01:31:32.000 --> 01:31:34.000]  人家一定要殺我
[01:31:34.000 --> 01:31:36.000]  你不要先問有沒有人
[01:31:36.000 --> 01:31:38.000]  那些我們很喜歡問的問題
[01:31:38.000 --> 01:31:39.000]  你聽故事
[01:31:39.000 --> 01:31:41.000]  你要跟着故事下去
[01:31:41.000 --> 01:31:42.000]  上帝說好
[01:31:42.000 --> 01:31:43.000]  你害怕嘛
[01:31:43.000 --> 01:31:45.000]  我就保護你
[01:31:45.000 --> 01:31:46.000]  立了個記號
[01:31:46.000 --> 01:31:49.000]  那個人值不值得保護?
[01:31:49.000 --> 01:31:52.000]  亞當夏娃值不值得
[01:31:52.000 --> 01:31:55.000]  上帝這樣用被子和她做衣服?
[01:31:55.000 --> 01:31:57.000]  就由得她用樹葉
[01:31:57.000 --> 01:31:59.000]  吹了一吹就醜死怪了
[01:31:59.000 --> 01:32:01.000]  抵她 她自己拿來的
[01:32:01.000 --> 01:32:03.000]  這個不是上帝
[01:32:03.000 --> 01:32:06.000]  你讀這些故事的時候
[01:32:06.000 --> 01:32:08.000]  你讀到什麼出來?
[01:32:08.000 --> 01:32:10.000]  好在乎你先入爲主
[01:32:10.000 --> 01:32:12.000]  在問什麼問題
[01:32:12.000 --> 01:32:14.000]  你要問聖經難題
[01:32:14.000 --> 01:32:16.000]  就整本《創世紀》開頭那幾章
[01:32:16.000 --> 01:32:18.000]  全部都是難題
[01:32:18.000 --> 01:32:19.000]  是不是?
[01:32:19.000 --> 01:32:21.000]  由那棵樹開始
[01:32:21.000 --> 01:32:22.000]  到那條蛇
[01:32:22.000 --> 01:32:24.000]  什麼都是難題
[01:32:24.000 --> 01:32:26.000]  先放下
[01:32:26.000 --> 01:32:29.000]  你放下你先入爲主的問題
[01:32:29.000 --> 01:32:33.000]  你去聽聽經文說什麼
[01:32:33.000 --> 01:32:36.000]  亞當的記載
[01:32:36.000 --> 01:32:38.000]  讓我們見到
[01:32:38.000 --> 01:32:41.000]  人背叛上帝
[01:32:41.000 --> 01:32:43.000]  上帝呢
[01:32:43.000 --> 01:32:47.000]  上帝仍然對人有很深的恩情
[01:32:47.000 --> 01:32:50.000]  像諾雅一樣
[01:32:50.000 --> 01:32:52.000]  在那個年代
[01:32:52.000 --> 01:32:55.000]  人的罪惡鋪天
[01:32:55.000 --> 01:32:57.000]  惡貫滿盈
[01:32:57.000 --> 01:32:59.000]  我們經常都不值得
[01:32:59.000 --> 01:33:00.000]  我們經常都說上帝很嚴厲
[01:33:00.000 --> 01:33:02.000]  上帝經常都要審判
[01:33:02.000 --> 01:33:04.000]  我們遲些會再說這個問題
[01:33:04.000 --> 01:33:06.000]  要麼上帝就有資格審判
[01:33:06.000 --> 01:33:09.000]  他審判就一定不好受
[01:33:09.000 --> 01:33:11.000]  正如一個對父母
[01:33:11.000 --> 01:33:14.000]  要麼你說他沒資格去打兒子
[01:33:14.000 --> 01:33:16.000]  今天有些西方國家是這樣
[01:33:16.000 --> 01:33:18.000]  在荷蘭可以告父母
[01:33:18.000 --> 01:33:20.000]  兒子可以告父母
[01:33:20.000 --> 01:33:22.000]  要麼你說他有資格這樣做
[01:33:22.000 --> 01:33:24.000]  他有這樣判斷的能力
[01:33:24.000 --> 01:33:27.000]  審判
[01:33:27.000 --> 01:33:31.000]  行公義的主
[01:33:31.000 --> 01:33:33.000]  阿伯拉罕對上帝
[01:33:33.000 --> 01:33:36.000]  要滅所多瑪爾摩拉的時候
[01:33:36.000 --> 01:33:38.000]  審判全地的主
[01:33:38.000 --> 01:33:41.000]  豈不行公義嗎
[01:33:41.000 --> 01:33:43.000]  上帝行公義的
[01:33:43.000 --> 01:33:45.000]  所以他要審判的時候是公正的
[01:33:45.000 --> 01:33:48.000]  用洪水毀滅這個世界
[01:33:48.000 --> 01:33:50.000]  是上帝聖經第一次
[01:33:50.000 --> 01:33:53.000]  用一個很厲害的字眼
[01:33:53.000 --> 01:33:58.000]  來形容上帝的後悔
[01:33:58.000 --> 01:34:00.000]  舊約沒有被忌妒
[01:34:00.000 --> 01:34:02.000]  用一個情感豐富到
[01:34:02.000 --> 01:34:05.000]  你都不敢用在上帝身上的字眼
[01:34:05.000 --> 01:34:06.000]  來形容上帝的心情
[01:34:06.000 --> 01:34:09.000]  上帝施行公義審判
[01:34:09.000 --> 01:34:11.000]  剩下羅亞一家八口
[01:34:11.000 --> 01:34:13.000]  方舟動民
[01:34:13.000 --> 01:34:17.000]  神的恩典保存聖明
[01:34:17.000 --> 01:34:21.000]  然後與大地立約
[01:34:21.000 --> 01:34:26.000]  羅亞故事不是阿當故事的翻版
[01:34:26.000 --> 01:34:30.000]  正如阿伯拉罕不是羅亞的翻版
[01:34:30.000 --> 01:34:33.000]  雅各不是阿伯拉罕的翻版
[01:34:33.000 --> 01:34:36.000]  約瑟又不是雅各的翻版
[01:34:36.000 --> 01:34:39.000]  早孫三代
[01:34:39.000 --> 01:34:43.000]  阿伯拉罕四代 雅各跳了以撒
[01:34:43.000 --> 01:34:44.000]  然後說約瑟
[01:34:44.000 --> 01:34:47.000]  是三個很不同性格的人物
[01:34:47.000 --> 01:34:51.000]  阿伯拉罕是一個
[01:34:51.000 --> 01:34:53.000]  生出來就是領袖的人物
[01:34:53.000 --> 01:34:55.000]  胸襟很廣闊
[01:34:55.000 --> 01:34:58.000]  羅德和他的僕人相爭
[01:34:58.000 --> 01:35:00.000]  他可以給一個侄子
[01:35:00.000 --> 01:35:03.000]  你要去哪裏我讓給你
[01:35:03.000 --> 01:35:06.000]  阿伯拉罕有很大的長處
[01:35:06.000 --> 01:35:09.000]  對人非常大方
[01:35:09.000 --> 01:35:11.000]  對人很真誠
[01:35:11.000 --> 01:35:13.000]  也有他的短處
[01:35:13.000 --> 01:35:17.000]  一些偉大的領袖總有些短處
[01:35:17.000 --> 01:35:19.000]  他的短處就是怕死
[01:35:19.000 --> 01:35:24.000]  到埃及做陳世美不認太太
[01:35:24.000 --> 01:35:26.000]  聖經描述這些人物
[01:35:26.000 --> 01:35:29.000]  全部是有血有肉的
[01:35:29.000 --> 01:35:33.000]  不是屬靈的典範
[01:35:33.000 --> 01:35:37.000]  不是一些見證的榜樣
[01:35:37.000 --> 01:35:41.000]  是我們很多時候將他變成榜樣
[01:35:41.000 --> 01:35:45.000]  將他的缺點都變成優點
[01:35:45.000 --> 01:35:48.000]  特別約瑟就是一個很清楚的例子
[01:35:48.000 --> 01:35:51.000]  約瑟是十個哥哥
[01:35:51.000 --> 01:35:53.000]  要賣他的時候
[01:35:53.000 --> 01:35:54.000]  沒有一個敢說
[01:35:54.000 --> 01:35:56.000]  喂 這個是弟弟
[01:35:56.000 --> 01:35:58.000]  個個都恨不得賣了他
[01:35:58.000 --> 01:36:00.000]  這樣的弟弟你又很好的嗎
[01:36:00.000 --> 01:36:02.000]  沒有理由賣他的
[01:36:02.000 --> 01:36:04.000]  你試試有個弟弟
[01:36:04.000 --> 01:36:06.000]  由早到晚跟出跟入
[01:36:06.000 --> 01:36:08.000]  然後晚晚喫飯就和爸爸說
[01:36:08.000 --> 01:36:11.000]  你今天做了什麼錯事
[01:36:11.000 --> 01:36:14.000]  是個壞小子
[01:36:14.000 --> 01:36:16.000]  沒有義氣請你喫雪糕
[01:36:16.000 --> 01:36:20.000]  還要說站在那邊變價
[01:36:20.000 --> 01:36:22.000]  約瑟是很正氣
[01:36:22.000 --> 01:36:24.000]  面對波提弗太太的引誘
[01:36:24.000 --> 01:36:26.000]  毫不動心
[01:36:26.000 --> 01:36:28.000]  這個人正氣到
[01:36:28.000 --> 01:36:31.000]  沒有人喜歡走到他身邊
[01:36:31.000 --> 01:36:33.000]  他和雅各就很不一樣
[01:36:33.000 --> 01:36:35.000]  雅各出世就鬼骨
[01:36:35.000 --> 01:36:37.000]  一生人就靠自己騙回來
[01:36:37.000 --> 01:36:39.000]  是個千上千
[01:36:39.000 --> 01:36:41.000]  可惜遇到個大老千
[01:36:41.000 --> 01:36:42.000]  他岳父
[01:36:42.000 --> 01:36:44.000]  於是你讀創世紀
[01:36:44.000 --> 01:36:47.000]  那是個香港電影橋段
[01:36:47.000 --> 01:36:49.000]  碰到世界仔
[01:36:49.000 --> 01:36:51.000]  鬥千
[01:36:51.000 --> 01:36:53.000]  然後回頭的時候
[01:36:53.000 --> 01:36:56.000]  你有沒有看到他回去建議掃那一場
[01:36:56.000 --> 01:36:59.000]  雅各想到絕
[01:36:59.000 --> 01:37:01.000]  雞腿先走
[01:37:01.000 --> 01:37:02.000]  很多禮物
[01:37:02.000 --> 01:37:03.000]  很多牛羊
[01:37:03.000 --> 01:37:04.000]  很多駱駝
[01:37:04.000 --> 01:37:06.000]  那些僕人吩咐他
[01:37:06.000 --> 01:37:07.000]  以素問起
[01:37:07.000 --> 01:37:09.000]  就說是你的僕人
[01:37:09.000 --> 01:37:11.000]  雅各送給你的禮物
[01:37:11.000 --> 01:37:14.000]  如果以素要來殺
[01:37:14.000 --> 01:37:17.000]  他的氣就先殺給他自己的禮物
[01:37:17.000 --> 01:37:19.000]  反正都是給他的
[01:37:19.000 --> 01:37:21.000]  你要生要死你自己決定
[01:37:21.000 --> 01:37:23.000]  殺完禮物
[01:37:23.000 --> 01:37:26.000]  如果以素還是怒氣衝衝
[01:37:26.000 --> 01:37:29.000]  跟着找些妾侍的兒子走
[01:37:29.000 --> 01:37:31.000]  殺了那些不要緊
[01:37:31.000 --> 01:37:35.000]  跟着找個尼雅的兒子走
[01:37:35.000 --> 01:37:38.000]  最後約瑟同便雅文
[01:37:38.000 --> 01:37:39.000]  他最疼的
[01:37:39.000 --> 01:37:40.000]  你留心
[01:37:40.000 --> 01:37:42.000]  雅各真是個壞仔
[01:37:42.000 --> 01:37:44.000]  他自己還沒去
[01:37:44.000 --> 01:37:47.000]  全部的兒子都去了
[01:37:47.000 --> 01:37:49.000]  他留在河裏
[01:37:49.000 --> 01:37:51.000]  有沒有這樣的男人
[01:37:51.000 --> 01:37:52.000]  是不是男人
[01:37:52.000 --> 01:37:55.000]  聰明到這樣
[01:37:55.000 --> 01:37:57.000]  如果要到生死關頭
[01:37:57.000 --> 01:38:00.000]  就連約瑟便雅文都可以犧牲
[01:38:00.000 --> 01:38:02.000]  他自己留在最後
[01:38:02.000 --> 01:38:03.000]  還在想
[01:38:03.000 --> 01:38:05.000]  還有沒有什麼留在呢
[01:38:05.000 --> 01:38:07.000]  還有沒有什麼可以保證
[01:38:07.000 --> 01:38:08.000]  以素不會殺我呢
[01:38:08.000 --> 01:38:09.000]  在那一晚
[01:38:09.000 --> 01:38:12.000]  他和神的使者摔跤
[01:38:12.000 --> 01:38:14.000]  他一生人在那裏
[01:38:14.000 --> 01:38:17.000]  用他的雙手製造財富
[01:38:17.000 --> 01:38:19.000]  用他的計謀
[01:38:19.000 --> 01:38:22.000]  來拿他要得到的東西
[01:38:22.000 --> 01:38:23.000]  到那一晚
[01:38:23.000 --> 01:38:26.000]  他仍然在需要拿他得到的東西
[01:38:26.000 --> 01:38:28.000]  叫他拿不到
[01:38:28.000 --> 01:38:30.000]  他跛了
[01:38:30.000 --> 01:38:32.000]  這個是他人生的轉捩點
[01:38:32.000 --> 01:38:34.000]  在那一晚他改名
[01:38:34.000 --> 01:38:36.000]  有人問我一個問題
[01:38:36.000 --> 01:38:38.000]  爲什麼雅各這麼壞仔
[01:38:38.000 --> 01:38:40.000]  上帝仍然祝福他
[01:38:40.000 --> 01:38:42.000]  叫他做我的Darling
[01:38:42.000 --> 01:38:44.000]  以色列的名字意思就是我的Darling
[01:38:44.000 --> 01:38:46.000]  我所心愛的
[01:38:46.000 --> 01:38:48.000]  我的答案就是
[01:38:48.000 --> 01:38:50.000]  好啊你讀到雅各壞仔
[01:38:50.000 --> 01:38:53.000]  你沒有帶着什麼榜樣
[01:38:53.000 --> 01:38:55.000]  什麼屬靈偉人去讀他
[01:38:55.000 --> 01:38:56.000]  你讀得對聖經
[01:38:56.000 --> 01:38:58.000]  你漏了那個場合
[01:38:58.000 --> 01:39:00.000]  雅各改名的場合
[01:39:00.000 --> 01:39:02.000]  不是他還在壞的時候改的
[01:39:02.000 --> 01:39:07.000]  是上帝讓他碰到他人生盡頭的時候
[01:39:07.000 --> 01:39:09.000]  他跛了
[01:39:09.000 --> 01:39:11.000]  在那一刻
[01:39:11.000 --> 01:39:12.000]  在比努伊勒的地方
[01:39:12.000 --> 01:39:14.000]  他改名
[01:39:14.000 --> 01:39:18.000]  他的生命經歷了完全不同的改變
[01:39:18.000 --> 01:39:20.000]  這些不是樣板人物
[01:39:20.000 --> 01:39:22.000]  這些不是革命樣板戲
[01:39:22.000 --> 01:39:24.000]  這些不是個個都是同樣的
[01:39:24.000 --> 01:39:27.000]  信主、愛主、侍奉主
[01:39:27.000 --> 01:39:28.000]  不是的
[01:39:28.000 --> 01:39:32.000]  每一個人都不同的
[01:39:32.000 --> 01:39:34.000]  好像你和我一樣
[01:39:34.000 --> 01:39:37.000]  有人可能是阿巴拉罕
[01:39:37.000 --> 01:39:40.000]  站出來是公衆人物領袖
[01:39:40.000 --> 01:39:42.000]  大家都很欽佩他
[01:39:42.000 --> 01:39:43.000]  有些軟弱
[01:39:43.000 --> 01:39:46.000]  這些軟弱站出來做領袖
[01:39:46.000 --> 01:39:48.000]  這些是無所謂的
[01:39:48.000 --> 01:39:49.000]  有些人好像雅各那樣
[01:39:49.000 --> 01:39:50.000]  衰仔
[01:39:50.000 --> 01:39:51.000]  衰到貼地
[01:39:51.000 --> 01:39:53.000]  不過很多女人都喜歡他
[01:39:53.000 --> 01:39:55.000]  上帝能不能用得到他呢?
[01:39:55.000 --> 01:39:56.000]  上帝能不能改得到他呢?
[01:39:56.000 --> 01:39:57.000]  要問得更加貼切一點
[01:39:57.000 --> 01:39:59.000]  上帝是不是不要他呢?
[01:39:59.000 --> 01:40:01.000]  你讀創世紀的時候
[01:40:01.000 --> 01:40:03.000]  你說我想認識上帝
[01:40:03.000 --> 01:40:06.000]  我想問我信的上帝是怎樣的上帝
[01:40:06.000 --> 01:40:07.000]  上帝是你啓示你自己
[01:40:07.000 --> 01:40:09.000]  讓我看看
[01:40:09.000 --> 01:40:11.000]  上帝不是帶你上天堂遊一個卡
[01:40:11.000 --> 01:40:13.000]  讓你看看他睡覺在哪裏
[01:40:13.000 --> 01:40:15.000]  他喫早餐喫什麼
[01:40:15.000 --> 01:40:16.000]  不是
[01:40:16.000 --> 01:40:20.000]  上帝讓你看他在這幾個人的生命當中
[01:40:20.000 --> 01:40:22.000]  做過些什麼
[01:40:22.000 --> 01:40:26.000]  然後他問你是誰
[01:40:26.000 --> 01:40:28.000]  你是阿伯拉罕
[01:40:28.000 --> 01:40:30.000]  上帝要找你獻以殺
[01:40:30.000 --> 01:40:32.000]  你是雅各
[01:40:32.000 --> 01:40:34.000]  上帝和你摔跤
[01:40:34.000 --> 01:40:35.000]  你是約瑟
[01:40:35.000 --> 01:40:39.000]  上帝要你最後能夠說出一個原諒人的說話
[01:40:39.000 --> 01:40:41.000]  你是誰都好
[01:40:41.000 --> 01:40:44.000]  上帝的恩典臨到你
[01:40:44.000 --> 01:40:46.000]  上帝改變你
[01:40:46.000 --> 01:40:50.000]  這個是聖經裏面介紹給我們看的上帝
[01:40:50.000 --> 01:40:52.000]  所以有時我很憤怒
[01:40:52.000 --> 01:40:53.000]  我見到有些基督徒
[01:40:53.000 --> 01:40:54.000]  他很愛上帝
[01:40:54.000 --> 01:40:56.000]  他很緊張和上帝的關係
[01:40:56.000 --> 01:40:58.000]  但是他出來做見證
[01:40:58.000 --> 01:41:02.000]  他擺明我不想轉我自己
[01:41:02.000 --> 01:41:05.000]  如果上帝要愛我
[01:41:05.000 --> 01:41:06.000]  他不可以碰我的
[01:41:06.000 --> 01:41:08.000]  他不可以改變我的
[01:41:08.000 --> 01:41:10.000]  不通的
[01:41:10.000 --> 01:41:13.000]  你回去聖經裏面讀
[01:41:13.000 --> 01:41:15.000]  上帝是一個怎樣的上帝
[01:41:15.000 --> 01:41:17.000]  阿伯拉罕他一樣肉
[01:41:17.000 --> 01:41:18.000]  羅亞他一樣肉
[01:41:18.000 --> 01:41:19.000]  亞當不用說
[01:41:19.000 --> 01:41:20.000]  該隱不用說
[01:41:20.000 --> 01:41:22.000]  約瑟這麼正氣的
[01:41:22.000 --> 01:41:23.000]  一樣肉
[01:41:23.000 --> 01:41:24.000]  改變你
[01:41:24.000 --> 01:41:29.000]  神的恩典在我們的生命當中叫作王
[01:41:29.000 --> 01:41:31.000]  羅馬書第五章裏面所講的
[01:41:31.000 --> 01:41:33.000]  你要認識的這位上帝
[01:41:33.000 --> 01:41:35.000]  不是你的偶像
[01:41:35.000 --> 01:41:37.000]  你要他安慰你
[01:41:37.000 --> 01:41:38.000]  你要他祝福你
[01:41:38.000 --> 01:41:40.000]  你要他和你一起經過死刃的幽谷
[01:41:40.000 --> 01:41:42.000]  你要他使你一無所缺
[01:41:42.000 --> 01:41:43.000]  你要他
[01:41:43.000 --> 01:41:45.000]  他是你的阿拉丁神燈
[01:41:45.000 --> 01:41:46.000]  眼燈不靚了
[01:41:46.000 --> 01:41:47.000]  沒電了
[01:41:47.000 --> 01:41:48.000]  扔了他
[01:41:48.000 --> 01:41:50.000]  阿拉丁神燈不會罵我的
[01:41:50.000 --> 01:41:51.000]  不會責備我
[01:41:51.000 --> 01:41:52.000]  會的
[01:41:52.000 --> 01:41:54.000]  上帝來的
[01:41:54.000 --> 01:41:58.000]  是你要改變
[01:41:58.000 --> 01:42:02.000]  不是上帝要就你而改變他自己
[01:42:02.000 --> 01:42:06.000]  創世紀換一句話說
[01:42:06.000 --> 01:42:09.000]  讓我們看到從頭開始
[01:42:09.000 --> 01:42:11.000]  上帝是怎樣的上帝
[01:42:12.000 --> 01:42:14.000]  他和邪惡勢不兩立
[01:42:14.000 --> 01:42:16.000]  沒得談
[01:42:16.000 --> 01:42:18.000]  下一臺我們繼續講下去
[01:42:18.000 --> 01:42:20.000]  要保守的
[01:42:20.000 --> 01:42:23.000]  要謹慎的
[01:42:23.000 --> 01:42:27.000]  不一定是信仰的觀念的問題
[01:42:27.000 --> 01:42:31.000]  而是和邪惡不要妥協的問題
[01:42:31.000 --> 01:42:36.000]  是生命在神的光當中
[01:42:36.000 --> 01:42:40.000]  不要成爲邪惡力量的工具
[01:42:40.000 --> 01:42:44.000]  上帝的恩典臨到我們的時候
[01:42:44.000 --> 01:42:47.000]  他不是因爲我們犯罪
[01:42:47.000 --> 01:42:51.000]  他就好像對付邪惡一樣對付我們
[01:42:51.000 --> 01:42:54.000]  他用另外一個完全不同的方式
[01:42:54.000 --> 01:42:56.000]  你看他怎麼對邪惡和他怎麼對人
[01:42:56.000 --> 01:42:58.000]  兩幅完全不同的圖畫
[01:42:58.000 --> 01:43:01.000]  他對人是慢慢的改變他
[01:43:01.000 --> 01:43:03.000]  阿伯拉罕一生的
[01:43:03.000 --> 01:43:04.000]  雅各一生的
[01:43:04.000 --> 01:43:06.000]  約瑟一生的
[01:43:06.000 --> 01:43:08.000]  慢慢來的
[01:43:08.000 --> 01:43:10.000]  你和我很心急
[01:43:10.000 --> 01:43:11.000]  耶穌說的比喻
[01:43:11.000 --> 01:43:13.000]  見到在田裏有些畢子
[01:43:13.000 --> 01:43:15.000]  我們立刻就去拔
[01:43:15.000 --> 01:43:17.000]  主人說不要拔
[01:43:17.000 --> 01:43:19.000]  留着給機會
[01:43:19.000 --> 01:43:21.000]  我們見到一棵無花果樹不結果子
[01:43:21.000 --> 01:43:23.000]  立刻就要斬
[01:43:23.000 --> 01:43:25.000]  且留多一年
[01:43:25.000 --> 01:43:27.000]  再撕些肥
[01:43:27.000 --> 01:43:29.000]  再修理乾淨
[01:43:29.000 --> 01:43:31.000]  再給機會
[01:43:31.000 --> 01:43:34.000]  一個有恩情的上帝
[01:43:34.000 --> 01:43:36.000]  對我們不同的人
[01:43:36.000 --> 01:43:38.000]  不同的生命
[01:43:38.000 --> 01:43:40.000]  創世紀將這五個人物
[01:43:40.000 --> 01:43:42.000]  擺在我們的眼前
[01:43:42.000 --> 01:43:44.000]  他不是叫我們學他們
[01:43:44.000 --> 01:43:46.000]  他不是答應我們可以變成他們這樣
[01:43:46.000 --> 01:43:48.000]  不是典範的問題
[01:43:48.000 --> 01:43:50.000]  不是做我們的榜樣的問題
[01:43:50.000 --> 01:43:52.000]  是要讓我們見到上帝
[01:43:52.000 --> 01:43:56.000]  讓我們見到上帝是一位怎樣的上帝
[01:43:56.000 --> 01:43:58.000]  不是說抽象的道理
[01:43:58.000 --> 01:44:00.000]  創造天地的上帝
[01:44:00.000 --> 01:44:03.000]  是能夠將黑暗變成夜晚黑
[01:44:03.000 --> 01:44:05.000]  細蚊仔都明白是什麼意思
[01:44:05.000 --> 01:44:07.000]  不需要說拉丁文
[01:44:07.000 --> 01:44:09.000]  Creatio ex nihilo
[01:44:09.000 --> 01:44:10.000]  什麼來的?
[01:44:10.000 --> 01:44:12.000]  解釋什麼是虛無
[01:44:12.000 --> 01:44:14.000]  那個有那個價值
[01:44:14.000 --> 01:44:16.000]  但聖經用很直接的說話
[01:44:16.000 --> 01:44:18.000]  介紹上帝
[01:44:18.000 --> 01:44:19.000]  你要明白上帝
[01:44:19.000 --> 01:44:21.000]  你要認識上帝
[01:44:21.000 --> 01:44:23.000]  不用走到七重天
[01:44:23.000 --> 01:44:26.000]  去探究三位一體的奧祕
[01:44:26.000 --> 01:44:28.000]  是一回什麼事
[01:44:28.000 --> 01:44:31.000]  你在這個有血有肉的人的生命上
[01:44:31.000 --> 01:44:33.000]  你看
[01:44:33.000 --> 01:44:35.000]  你讀
[01:44:35.000 --> 01:44:37.000]  你投入下去
[01:44:37.000 --> 01:44:38.000]  你經歷
[01:44:38.000 --> 01:44:39.000]  你體會
[01:44:39.000 --> 01:44:44.000]  上帝能夠連雅各這樣的人都修復得到
[01:44:44.000 --> 01:44:45.000]  我和你
[01:44:45.000 --> 01:44:47.000]  他能夠搞定的
[01:44:47.000 --> 01:44:48.000]  是不是?
[01:44:48.000 --> 01:44:50.000]  沒有說不可能的
[01:44:50.000 --> 01:44:53.000]  上帝好像藥室這麼正氣的人
[01:44:53.000 --> 01:44:57.000]  都仍然有地方需要修理他的生命的
[01:44:57.000 --> 01:44:59.000]  你和我叻得去哪裏
[01:44:59.000 --> 01:45:01.000]  上帝一樣在我們的生命當中
[01:45:01.000 --> 01:45:04.000]  要改變我們
[01:45:04.000 --> 01:45:06.000]  認識上帝
[01:45:06.000 --> 01:45:09.000]  從生命開始
[01:45:09.000 --> 01:45:12.000]  不是從道理開始
[01:45:12.000 --> 01:45:14.000]  不是從哲學開始
[01:45:14.000 --> 01:45:16.000]  這是創世紀的信息
[01:45:16.000 --> 01:45:18.000]  從求開始
[01:45:18.000 --> 01:45:20.000]  在哪裏開始
[01:45:20.000 --> 01:45:22.000]  聖經有一句說話很好的
[01:45:22.000 --> 01:45:23.000]  他說
[01:45:23.000 --> 01:45:25.000]  神的真理不是遠在天邊
[01:45:25.000 --> 01:45:27.000]  不知道誰給我們拿回來
[01:45:27.000 --> 01:45:28.000]  不是在海外
[01:45:28.000 --> 01:45:31.000]  你現在知道海的意思是什麼
[01:45:31.000 --> 01:45:32.000]  沒有人給我們拿回來
[01:45:32.000 --> 01:45:34.000]  他就在我們的心中
[01:45:34.000 --> 01:45:35.000]  就在我們的中間
[01:45:35.000 --> 01:45:37.000]  在我們的生命上
[01:45:37.000 --> 01:45:39.000]  上帝有他的作爲
[01:45:39.000 --> 01:45:41.000]  在我們自己我們解釋不了
[01:45:41.000 --> 01:45:42.000]  在聖經
[01:45:42.000 --> 01:45:45.000]  聖經這一連串人物的生命
[01:45:45.000 --> 01:45:47.000]  展示出來的
[01:45:47.000 --> 01:45:49.000]  不單單是這幾個人
[01:45:49.000 --> 01:45:51.000]  是上帝本身
[01:45:51.000 --> 01:45:53.000]  上帝自己
[01:45:53.000 --> 01:45:56.000]  介紹他自己的時候
[01:45:56.000 --> 01:45:59.000]  他介紹他的朋友給我們認識
[01:45:59.000 --> 01:46:01.000]  他介紹他的朋友
[01:46:01.000 --> 01:46:03.000]  你從我朋友的生命當中
[01:46:03.000 --> 01:46:05.000]  去看看我是怎樣的上帝
[01:46:05.000 --> 01:46:07.000]  今天我們都是一樣
[01:46:07.000 --> 01:46:08.000]  我們要介紹上帝
[01:46:08.000 --> 01:46:10.000]  給我們周圍的人認識
[01:46:10.000 --> 01:46:12.000]  如何將上帝講得清楚
[01:46:12.000 --> 01:46:13.000]  不用
[01:46:13.000 --> 01:46:15.000]  由我們自己的生命
[01:46:15.000 --> 01:46:17.000]  你們看一下
[01:46:17.000 --> 01:46:19.000]  很多人信耶穌
[01:46:19.000 --> 01:46:20.000]  他的見證都是說
[01:46:20.000 --> 01:46:23.000]  我見到一羣基督徒
[01:46:23.000 --> 01:46:25.000]  所以我信耶穌
[01:46:25.000 --> 01:46:26.000]  不用見到耶穌
[01:46:26.000 --> 01:46:28.000]  他見到我們
[01:46:28.000 --> 01:46:29.000]  在我們的生命上
[01:46:29.000 --> 01:46:31.000]  他認識上帝
[01:46:31.000 --> 01:46:34.000]  創世紀肯定
[01:46:34.000 --> 01:46:37.000]  這個信仰的起點
[01:46:37.000 --> 01:46:40.000]  下一次我們會繼續
[01:46:40.000 --> 01:46:43.000]  討論摩世五經其他的部分
[01:46:43.000 --> 01:46:45.000]  我們今天就停在這裏
[01:46:55.000 --> 01:46:57.000]  謝謝大家
[01:46:57.000 --> 01:46:59.000]  謝謝大家
[01:46:59.000 --> 01:47:01.000]  謝謝大家
[01:47:01.000 --> 01:47:03.000]  謝謝大家
[01:47:03.000 --> 01:47:05.000]  謝謝大家
[01:47:05.000 --> 01:47:07.000]  謝謝大家
