
[00:00:00.000 --> 00:00:05.000]  因怨情仇論舊約
[00:00:05.000 --> 00:00:07.000]  李思敬博士主講
[00:00:07.000 --> 00:00:11.000]  第四講 究竟誰是負心的人
[00:00:11.000 --> 00:00:13.000]  歷史書幾實
[00:00:13.000 --> 00:00:16.000]  我們今晚這一堂開始
[00:00:16.000 --> 00:00:20.000]  就離開了摩西五經
[00:00:20.000 --> 00:00:24.000]  雖然摩西五經是我們很難的開始
[00:00:24.000 --> 00:00:29.000]  不過比較起舊約的其他部分來講
[00:00:29.000 --> 00:00:34.000]  摩西五經算是最有規矩的
[00:00:34.000 --> 00:00:39.000]  在舊約聖經的目錄排列上
[00:00:39.000 --> 00:00:43.000]  頭五遠書幾時都是排頭
[00:00:43.000 --> 00:00:47.000]  離開了摩西五經之後
[00:00:47.000 --> 00:00:54.000]  排列分類就有不同的意義
[00:00:54.000 --> 00:01:00.000]  所以今晚我們進入到舊約聖經第二部分
[00:01:00.000 --> 00:01:05.000]  這一部分我們稍後都需要加以解釋
[00:01:05.000 --> 00:01:10.000]  到舊約聖經除了我們發覺
[00:01:10.000 --> 00:01:15.000]  對於上帝的描寫
[00:01:15.000 --> 00:01:20.000]  好像令我們產生很多疑惑
[00:01:20.000 --> 00:01:23.000]  舊約的上帝很殘忍之類的問題
[00:01:23.000 --> 00:01:26.000]  我們屢見不鮮
[00:01:26.000 --> 00:01:33.000]  但其實舊約聖經的人物都構成一定的困難
[00:01:33.000 --> 00:01:37.000]  我們所習慣的
[00:01:37.000 --> 00:01:43.000]  對於一些我們尊敬的人物來說
[00:01:43.000 --> 00:01:49.000]  我們是有意無意之間會將他們完美化
[00:01:49.000 --> 00:01:55.000]  如果我們發覺一個我們認爲應該很受尊敬的人物
[00:01:55.000 --> 00:01:59.000]  突然間被我們找到他有少少的瑕疵
[00:01:59.000 --> 00:02:03.000]  或者有軟弱甚至有罪惡
[00:02:03.000 --> 00:02:08.000]  我們對這個人物的尊敬就會一落千丈
[00:02:08.000 --> 00:02:11.000]  甚至是完全沒有尊敬
[00:02:11.000 --> 00:02:13.000]  就是爲了一件很小的事
[00:02:13.000 --> 00:02:16.000]  你想想你和牧師的關係
[00:02:16.000 --> 00:02:20.000]  很多時候都是迴盪在這兩個極端中間
[00:02:20.000 --> 00:02:22.000]  沒有中間只有兩個極端
[00:02:22.000 --> 00:02:24.000]  要麼我尊敬他
[00:02:24.000 --> 00:02:28.000]  他是十全十美全香港教會最好的牧者
[00:02:28.000 --> 00:02:30.000]  要麼衰到貼地
[00:02:30.000 --> 00:02:32.000]  假冒爲善
[00:02:32.000 --> 00:02:37.000]  這樣那樣你可以增加十個八個不同的形容詞
[00:02:37.000 --> 00:02:43.000]  舊約聖經的人物不是這樣的
[00:02:43.000 --> 00:02:46.000]  記得第一堂的時候我們都講過
[00:02:46.000 --> 00:02:50.000]  他們是有血有肉的人物
[00:02:50.000 --> 00:02:54.000]  他們不是典型不是樣板
[00:02:54.000 --> 00:02:59.000]  什麼叫典型什麼叫樣板呢
[00:02:59.000 --> 00:03:03.000]  是好人就由頭到尾都是好人
[00:03:03.000 --> 00:03:08.000]  是衰人壞人由頭到尾都是衰人壞人奸人
[00:03:08.000 --> 00:03:13.000]  如果你看電影看卡通片
[00:03:13.000 --> 00:03:15.000]  我的女兒都已經開始會看了
[00:03:15.000 --> 00:03:18.000]  白雪公主一出現就知道這個是好人
[00:03:18.000 --> 00:03:20.000]  壞人什麼時候出現
[00:03:20.000 --> 00:03:25.000]  每一個人物出現第一眼就要問這個是好還是壞
[00:03:25.000 --> 00:03:29.000]  這是典型這是樣板
[00:03:29.000 --> 00:03:35.000]  典型和樣板有它的作用
[00:03:35.000 --> 00:03:40.000]  在教育的開端的時候
[00:03:40.000 --> 00:03:49.000]  我們總是會找一些沒有爭論性的舉例來解釋一些事物
[00:03:49.000 --> 00:03:55.000]  一些沒有爭論性的例子就是樣板就是典型
[00:03:55.000 --> 00:04:02.000]  但是生命人生就不是樣板和典型
[00:04:02.000 --> 00:04:07.000]  因爲我們離開了這個道理的開端
[00:04:07.000 --> 00:04:12.000]  我們進入到一個成熟的信仰的時候
[00:04:12.000 --> 00:04:17.000]  我們說過舊約聖經不是給未信的人看
[00:04:17.000 --> 00:04:20.000]  介紹他們怎麼相信耶穌基督
[00:04:20.000 --> 00:04:23.000]  舊約聖經都不是給初信的人看
[00:04:23.000 --> 00:04:27.000]  初信的基督徒應該多看新約聖經
[00:04:27.000 --> 00:04:33.000]  舊約聖經是給那些信了十年八年自以爲是的基督徒看的
[00:04:33.000 --> 00:04:37.000]  以爲全部懂了以爲ABC掌握了
[00:04:37.000 --> 00:04:41.000]  以爲所有的典型都不外如是
[00:04:41.000 --> 00:04:45.000]  或者用廣東話說重重複復三幅被
[00:04:45.000 --> 00:04:56.000]  舊約聖經給我們揭開了人性人生生命的真實面貌
[00:04:56.000 --> 00:05:01.000]  所以舊約人物有時候很難定性
[00:05:01.000 --> 00:05:04.000]  定他是好還是壞呢
[00:05:04.000 --> 00:05:07.000]  往往是我們選擇
[00:05:07.000 --> 00:05:11.000]  於是選擇的時候我們就說到他很好
[00:05:11.000 --> 00:05:19.000]  大衛合神心意的人犯罪的時候都會強調他的悔改
[00:05:19.000 --> 00:05:24.000]  看看詩篇51篇他公開悔改
[00:05:24.000 --> 00:05:27.000]  不好的人 掃羅
[00:05:27.000 --> 00:05:32.000]  他是不合神心意的王
[00:05:32.000 --> 00:05:34.000]  他不聽上帝的命令
[00:05:34.000 --> 00:05:39.000]  於是他一生所有的東西都變成反面的教材
[00:05:39.000 --> 00:05:44.000]  這個是我們很多時候講解舊約的人物
[00:05:44.000 --> 00:05:49.000]  就採用了典型的進路
[00:05:49.000 --> 00:05:55.000]  舊約聖經記載這些人物不是用這樣的方法
[00:05:55.000 --> 00:06:01.000]  而這一點是一個很重要的神學的真理
[00:06:01.000 --> 00:06:08.000]  我們希望今晚這一堂帶大家看舊約聖經的第二部分
[00:06:08.000 --> 00:06:11.000]  約書亞記到列王紀
[00:06:11.000 --> 00:06:13.000]  我們通常稱它爲歷史書
[00:06:13.000 --> 00:06:17.000]  猶太人稱它爲Navi'im
[00:06:17.000 --> 00:06:20.000]  我們講過不應該讀先知書
[00:06:20.000 --> 00:06:22.000]  一會兒我們會再解釋
[00:06:22.000 --> 00:06:28.000]  這部分經卷所傳遞一個很重要的信息
[00:06:28.000 --> 00:06:31.000]  我們和神的關係
[00:06:31.000 --> 00:06:33.000]  我們的人性
[00:06:33.000 --> 00:06:38.000]  我們的生命到底是一回什麼事
[00:06:38.000 --> 00:06:42.000]  所以如果這些人物不是用來做樣板的
[00:06:42.000 --> 00:06:45.000]  如果舊約所記載的每一個人物
[00:06:45.000 --> 00:06:49.000]  不是用來做榜樣或者做尷尬的
[00:06:49.000 --> 00:06:52.000]  這些榜樣和尷尬的功能
[00:06:52.000 --> 00:06:56.000]  不過是我們今天要求它去扮演
[00:06:56.000 --> 00:06:59.000]  每次在講臺上講舊約聖經就講人物
[00:06:59.000 --> 00:07:02.000]  講人物就講榜樣或者講尷尬
[00:07:02.000 --> 00:07:06.000]  這是我們所定的計劃
[00:07:06.000 --> 00:07:08.000]  記得我們從創世紀開始已經強調
[00:07:08.000 --> 00:07:10.000]  我們可以定我們的計劃
[00:07:10.000 --> 00:07:14.000]  我們可以要求聖經講我們喜歡它講的東西
[00:07:14.000 --> 00:07:18.000]  從愛國民主到環保到創造進化
[00:07:18.000 --> 00:07:20.000]  我們可以列出一大堆問題
[00:07:20.000 --> 00:07:22.000]  正如今天你還會寫一些問題
[00:07:22.000 --> 00:07:26.000]  想要問究竟舊約聖經爲什麼是這樣的
[00:07:26.000 --> 00:07:31.000]  舊約聖經沒有責任沒有義務去回答我們的問題
[00:07:31.000 --> 00:07:34.000]  相反它有很多東西要和我們講
[00:07:34.000 --> 00:07:36.000]  我們聽不聽得到
[00:07:36.000 --> 00:07:39.000]  如果我們肯放下我們的要求
[00:07:39.000 --> 00:07:42.000]  放下我們的問題
[00:07:42.000 --> 00:07:45.000]  放下我們的議程開會的計劃
[00:07:45.000 --> 00:07:49.000]  我們聽一下舊約聖經自己怎麼講
[00:07:49.000 --> 00:07:52.000]  如果舊約的人物我再講
[00:07:52.000 --> 00:07:57.000]  不是典型不是榜樣不是尷尬
[00:07:57.000 --> 00:08:00.000]  那他是正還是邪呢
[00:08:00.000 --> 00:08:02.000]  就不是那麼重要
[00:08:02.000 --> 00:08:05.000]  應該問的是他是不是真實的
[00:08:05.000 --> 00:08:09.000]  他是不是和你和我一樣這樣的人
[00:08:09.000 --> 00:08:12.000]  新約聖經有一句話我很喜歡
[00:08:12.000 --> 00:08:18.000]  他說以利亞本來是與我們一樣盛情
[00:08:18.000 --> 00:08:20.000]  誰是以利亞
[00:08:20.000 --> 00:08:25.000]  以利亞是舊約聖經裏面頂偉大的人物之一
[00:08:25.000 --> 00:08:28.000]  耶穌登山變像的時候
[00:08:28.000 --> 00:08:33.000]  站在他左右兩旁的就是摩西和以利亞
[00:08:33.000 --> 00:08:37.000]  有學者認爲這個就是代表了律法和先知
[00:08:37.000 --> 00:08:40.000]  代表先知的不是以塞亞
[00:08:40.000 --> 00:08:42.000]  聖經沒有印錯名
[00:08:42.000 --> 00:08:45.000]  不是印錯了以塞亞變成以利亞
[00:08:45.000 --> 00:08:48.000]  以利亞是先知的代表
[00:08:48.000 --> 00:08:52.000]  以利亞這個在加密山頂
[00:08:52.000 --> 00:08:58.000]  叱吒風雲上帝的使者和我們一樣
[00:08:58.000 --> 00:09:02.000]  這個是新約聖經所肯定和我們一樣
[00:09:02.000 --> 00:09:04.000]  他一樣有我們的軟弱
[00:09:04.000 --> 00:09:06.000]  一樣有我們的長處
[00:09:06.000 --> 00:09:08.000]  他不是一個典型
[00:09:08.000 --> 00:09:10.000]  他不是一個模範
[00:09:10.000 --> 00:09:13.000]  他不是一個革命樣板
[00:09:13.000 --> 00:09:17.000]  不過我們要開始的時候
[00:09:17.000 --> 00:09:19.000]  我們要先講清楚
[00:09:19.000 --> 00:09:23.000]  究竟我們所討論的這幾卷書
[00:09:23.000 --> 00:09:26.000]  我們離開了摩西五經之後
[00:09:26.000 --> 00:09:29.000]  這幾卷書的性質
[00:09:29.000 --> 00:09:31.000]  我們需要搞清楚一點
[00:09:31.000 --> 00:09:38.000]  我們提過歷史在東方
[00:09:38.000 --> 00:09:40.000]  特別在古代
[00:09:40.000 --> 00:09:45.000]  不是和我們今天20世紀
[00:09:45.000 --> 00:09:48.000]  西方特別自從文藝復興
[00:09:48.000 --> 00:09:50.000]  啓蒙運動以後
[00:09:50.000 --> 00:09:53.000]  對歷史的瞭解
[00:09:53.000 --> 00:09:55.000]  歷史學的瞭解
[00:09:55.000 --> 00:10:00.000]  不是去找出事實原本的面貌
[00:10:00.000 --> 00:10:04.000]  這個關心是很近代
[00:10:04.000 --> 00:10:11.000]  甚至是有電視直播之後纔可能
[00:10:11.000 --> 00:10:14.000]  否則一個記者去現場採訪
[00:10:14.000 --> 00:10:16.000]  回來寫篇稿
[00:10:16.000 --> 00:10:19.000]  再經過編輯刪改之後
[00:10:19.000 --> 00:10:21.000]  出來的已經不是原本的面貌
[00:10:21.000 --> 00:10:24.000]  唯有將鏡頭直擊訪問
[00:10:24.000 --> 00:10:28.000]  對着現場完全沒有刪剪
[00:10:28.000 --> 00:10:30.000]  直接出街
[00:10:30.000 --> 00:10:33.000]  現場歷史的實況
[00:10:33.000 --> 00:10:36.000]  只是看你的鏡頭在哪裏拍
[00:10:36.000 --> 00:10:38.000]  六四的時候在北京
[00:10:38.000 --> 00:10:40.000]  你的鏡頭放在哪裏很重要
[00:10:40.000 --> 00:10:44.000]  有沒有死人似乎是地點來決定
[00:10:44.000 --> 00:10:53.000]  歷史不是爲了記錄當時發生的真相
[00:10:53.000 --> 00:10:56.000]  歷史很大程度上
[00:10:56.000 --> 00:11:01.000]  是要成爲後人的一個教訓
[00:11:01.000 --> 00:11:06.000]  所以我們引用了中國的觀念
[00:11:06.000 --> 00:11:09.000]  以銅爲鏡
[00:11:09.000 --> 00:11:14.000]  可以知道自己的衣冠是否整齊清潔
[00:11:14.000 --> 00:11:17.000]  以歷史作爲一個借鑑
[00:11:17.000 --> 00:11:19.000]  好像一面鏡子一樣
[00:11:19.000 --> 00:11:23.000]  可以幫助做統治者的
[00:11:23.000 --> 00:11:27.000]  懂得治國平天下
[00:11:27.000 --> 00:11:34.000]  歷史的意義在於他對今天的教訓
[00:11:34.000 --> 00:11:42.000]  不在於他保存昔日那件事的實況有多準確
[00:11:42.000 --> 00:11:48.000]  孔子山春秋亂臣拆子巨
[00:11:48.000 --> 00:11:52.000]  孔夫子寫歷史的時候
[00:11:52.000 --> 00:11:58.000]  他不是爲了保存事實的經過真相
[00:11:58.000 --> 00:12:04.000]  容許後人能夠有一個可靠的資料來做研究
[00:12:04.000 --> 00:12:08.000]  他山春秋的結果
[00:12:08.000 --> 00:12:13.000]  就是令當時在位的人
[00:12:13.000 --> 00:12:16.000]  知道什麼是善什麼是惡
[00:12:16.000 --> 00:12:20.000]  本來不知道的暴露了他醜惡的面貌
[00:12:20.000 --> 00:12:27.000]  亂臣拆子因爲歷史的鏡照出他的面貌
[00:12:27.000 --> 00:12:29.000]  這是歷史的意義
[00:12:29.000 --> 00:12:33.000]  所以這幾卷所謂歷史書
[00:12:33.000 --> 00:12:38.000]  與其我們將它看爲過去發生的事情
[00:12:38.000 --> 00:12:40.000]  這個是我們講過
[00:12:40.000 --> 00:12:43.000]  今天我們中文聖經的目錄
[00:12:43.000 --> 00:12:45.000]  十七卷歷史書
[00:12:45.000 --> 00:12:48.000]  由創世紀到以斯帖紀
[00:12:48.000 --> 00:12:51.000]  很容易給我們一個錯覺
[00:12:51.000 --> 00:12:55.000]  以爲往者已矣 逝者如斯
[00:12:55.000 --> 00:12:58.000]  過了就過了
[00:12:58.000 --> 00:13:01.000]  不是 當它是歷史
[00:13:01.000 --> 00:13:06.000]  只有對歷史有某種癖好的人才有興趣去讀它
[00:13:06.000 --> 00:13:08.000]  我們這些不是對歷史有興趣
[00:13:08.000 --> 00:13:10.000]  我們是對劇集有興趣
[00:13:10.000 --> 00:13:12.000]  這些書裏面有很多劇集
[00:13:12.000 --> 00:13:14.000]  爲什麼你對劇集有興趣呢
[00:13:14.000 --> 00:13:18.000]  因爲一樣性情 看完它就看完我
[00:13:18.000 --> 00:13:21.000]  舊約聖經這些歷史的書卷
[00:13:21.000 --> 00:13:28.000]  不是對過去對故子堆有什麼特殊的癖好或者興趣
[00:13:28.000 --> 00:13:30.000]  它的目的是教導
[00:13:30.000 --> 00:13:34.000]  是對今天的人說話
[00:13:34.000 --> 00:13:37.000]  所以我們講過
[00:13:37.000 --> 00:13:43.000]  猶太人將這些歷史的書卷分類的時候
[00:13:43.000 --> 00:13:46.000]  他們沒有稱它們爲歷史書
[00:13:46.000 --> 00:13:51.000]  相反他們稱它們爲Naviim
[00:13:51.000 --> 00:13:53.000]  我們用過希伯來文這個字
[00:13:53.000 --> 00:14:00.000]  Naviim這個字通常跟着希臘文的翻譯
[00:14:00.000 --> 00:14:03.000]  最早的舊約聖經的譯本
[00:14:03.000 --> 00:14:06.000]  就譯作先知書
[00:14:06.000 --> 00:14:14.000]  英文我們說Prophets這個字就是希臘文的音譯
[00:14:14.000 --> 00:14:16.000]  希臘文是Prophetes
[00:14:16.000 --> 00:14:22.000]  先知和歷史就真是南轅北轍
[00:14:22.000 --> 00:14:24.000]  有這麼遠距離這麼遠
[00:14:24.000 --> 00:14:26.000]  我們心目中的先知是講將來的事
[00:14:26.000 --> 00:14:28.000]  歷史是講過去的事
[00:14:28.000 --> 00:14:32.000]  於是很多人對這些歷史書卷
[00:14:32.000 --> 00:14:34.000]  約書雅記到列王紀這些書卷
[00:14:34.000 --> 00:14:37.000]  爲什麼會稱爲先知書
[00:14:37.000 --> 00:14:41.000]  有人提出因爲他們的作者是先知
[00:14:41.000 --> 00:14:45.000]  例如列王紀有人提出作者是耶利米先知
[00:14:45.000 --> 00:14:48.000]  有人說我們不知道誰是作者
[00:14:48.000 --> 00:14:50.000]  我們只有傳統的傳說
[00:14:50.000 --> 00:14:52.000]  這個傳統不是教會傳統
[00:14:52.000 --> 00:14:54.000]  這個傳統是猶太教的傳統
[00:14:54.000 --> 00:14:58.000]  是他們拉比詩經集的傳統
[00:14:58.000 --> 00:15:03.000]  Talmud他們口頭的律法書的傳統
[00:15:03.000 --> 00:15:05.000]  他們傳統裏面有的
[00:15:05.000 --> 00:15:06.000]  每一本書有作者的
[00:15:06.000 --> 00:15:08.000]  這個傳統是傳統
[00:15:08.000 --> 00:15:12.000]  這個不是聖經本身有個作者簽名
[00:15:12.000 --> 00:15:15.000]  我舉另一個例子或者更加清楚
[00:15:15.000 --> 00:15:17.000]  你讀詩篇
[00:15:17.000 --> 00:15:21.000]  如果你揭開現代中文譯本
[00:15:21.000 --> 00:15:25.000]  有很多公仔有線條畫的新譯本
[00:15:25.000 --> 00:15:27.000]  你會發現詩篇的標題
[00:15:27.000 --> 00:15:30.000]  大衛的詩那類標題全部沒有出現
[00:15:30.000 --> 00:15:33.000]  現代中文譯本當那些標題
[00:15:33.000 --> 00:15:35.000]  不是聖經經文的一部分
[00:15:35.000 --> 00:15:37.000]  所以完全不包括在內
[00:15:37.000 --> 00:15:39.000]  和合本就有了
[00:15:39.000 --> 00:15:42.000]  這些標題我們讀到詩篇23篇
[00:15:42.000 --> 00:15:45.000]  大衛的詩
[00:15:45.000 --> 00:15:48.000]  然後耶和華是我的牧者
[00:15:48.000 --> 00:15:55.000]  大衛的詩出現在我們希伯來文的抄本上
[00:15:55.000 --> 00:16:01.000]  如果我沒記錯應該是七十多首
[00:16:01.000 --> 00:16:03.000]  有一半左右
[00:16:03.000 --> 00:16:07.000]  但是去到猶太教的傳統
[00:16:07.000 --> 00:16:11.000]  150首的詩篇都是大衛的詩
[00:16:11.000 --> 00:16:15.000]  所以作者不是一個可靠的傳統
[00:16:15.000 --> 00:16:19.000]  這個只不過是猶太教有一個傾向
[00:16:19.000 --> 00:16:23.000]  所有的律法 戒命 盜跪摩西 摩西律法
[00:16:23.000 --> 00:16:26.000]  所有的詩篇都歸大衛
[00:16:26.000 --> 00:16:28.000]  大衛的詩
[00:16:28.000 --> 00:16:31.000]  所有的智慧針研歸誰呢
[00:16:31.000 --> 00:16:32.000]  所羅門
[00:16:32.000 --> 00:16:34.000]  所羅門三千句針研
[00:16:34.000 --> 00:16:36.000]  數來數去都數不夠
[00:16:36.000 --> 00:16:38.000]  所有都是他寫的
[00:16:38.000 --> 00:16:40.000]  這個是猶太教的傳統
[00:16:40.000 --> 00:16:43.000]  所以作者不能夠決定這些書卷
[00:16:43.000 --> 00:16:45.000]  爲什麼稱爲Naviim
[00:16:45.000 --> 00:16:49.000]  有人說是內容 主角 人文
[00:16:49.000 --> 00:16:54.000]  你看看這些歷史書裏面記載很多先知的
[00:16:54.000 --> 00:16:56.000]  他們的生平
[00:16:56.000 --> 00:16:58.000]  他們的工作
[00:16:58.000 --> 00:17:00.000]  他們的神蹟奇事
[00:17:00.000 --> 00:17:02.000]  這些都是推測而言
[00:17:02.000 --> 00:17:06.000]  這個推測始終都是停留在
[00:17:06.000 --> 00:17:09.000]  對Naviim這個希伯來文字
[00:17:09.000 --> 00:17:12.000]  是解釋爲Prophetate
[00:17:12.000 --> 00:17:14.000]  用希臘文去解釋
[00:17:14.000 --> 00:17:16.000]  希臘文這個字就很清楚是先知
[00:17:16.000 --> 00:17:19.000]  不是知 是先講
[00:17:19.000 --> 00:17:21.000]  Pro就是之前
[00:17:21.000 --> 00:17:22.000]  一件事情未曾發生
[00:17:22.000 --> 00:17:24.000]  之前 Pro
[00:17:24.000 --> 00:17:27.000]  Prolog 如果用英文來說
[00:17:27.000 --> 00:17:29.000]  一本書開頭
[00:17:29.000 --> 00:17:30.000]  未曾正式開始
[00:17:30.000 --> 00:17:32.000]  有個序言 Prolog
[00:17:32.000 --> 00:17:34.000]  Pro是之前
[00:17:34.000 --> 00:17:37.000]  非微這個動詞
[00:17:37.000 --> 00:17:40.000]  在希臘文就是解算講
[00:17:40.000 --> 00:17:42.000]  事情未發生
[00:17:42.000 --> 00:17:43.000]  他就講了
[00:17:43.000 --> 00:17:45.000]  在希臘的社會上
[00:17:45.000 --> 00:17:48.000]  我們知道這個先知
[00:17:48.000 --> 00:17:51.000]  是很普遍的
[00:17:51.000 --> 00:17:54.000]  你讀希臘的故事
[00:17:54.000 --> 00:17:56.000]  你讀他們的歷史
[00:17:56.000 --> 00:17:58.000]  讀他們的戰爭的記載
[00:17:58.000 --> 00:18:02.000]  你知道這個先知扮演很重的角色
[00:18:02.000 --> 00:18:05.000]  在一場仗要打沒打的時候
[00:18:05.000 --> 00:18:09.000]  將軍通常會去召一個先知來
[00:18:09.000 --> 00:18:15.000]  要問他究竟我們做這件事成不成功
[00:18:15.000 --> 00:18:17.000]  這個先知就有很多辦法
[00:18:17.000 --> 00:18:20.000]  來告訴將軍
[00:18:20.000 --> 00:18:22.000]  他要成功還是失敗
[00:18:22.000 --> 00:18:24.000]  有些是剖開一隻動物
[00:18:24.000 --> 00:18:25.000]  看看內臟
[00:18:25.000 --> 00:18:27.000]  好像我們中國人燒裂龜殼
[00:18:27.000 --> 00:18:29.000]  看看裂痕是怎樣
[00:18:29.000 --> 00:18:31.000]  有不同的做法
[00:18:31.000 --> 00:18:34.000]  占卜 未卜先知
[00:18:34.000 --> 00:18:40.000]  我們說在希伯來的聖經裏面
[00:18:40.000 --> 00:18:42.000]  我們去了解這個字
[00:18:42.000 --> 00:18:45.000]  就不一定
[00:18:45.000 --> 00:18:50.000]  或者說基本的意思不是未卜先知
[00:18:50.000 --> 00:18:51.000]  我們第一堂提過
[00:18:51.000 --> 00:18:53.000]  我們想再強調
[00:18:53.000 --> 00:18:55.000]  聖明紀十八章十八節
[00:18:55.000 --> 00:18:59.000]  當摩西要離開世界的時候
[00:18:59.000 --> 00:19:01.000]  上帝安慰他
[00:19:01.000 --> 00:19:05.000]  上帝說我要在你們的弟兄當中
[00:19:05.000 --> 00:19:08.000]  興起一位先知
[00:19:08.000 --> 00:19:11.000]  已經翻譯成Navi這個字
[00:19:11.000 --> 00:19:12.000]  做先知
[00:19:12.000 --> 00:19:14.000]  要用原本希伯來文說的
[00:19:14.000 --> 00:19:16.000]  要興起一位Navi
[00:19:16.000 --> 00:19:18.000]  好像你摩西一樣
[00:19:18.000 --> 00:19:20.000]  摩西是不是每一天
[00:19:20.000 --> 00:19:22.000]  要用八個小時在那裏占卜呢
[00:19:22.000 --> 00:19:23.000]  不是
[00:19:23.000 --> 00:19:24.000]  我們知道不是
[00:19:24.000 --> 00:19:27.000]  摩西大部分的時間用在什麼事情上
[00:19:27.000 --> 00:19:28.000]  你知道嗎
[00:19:28.000 --> 00:19:30.000]  爲什麼他回不了家喫晚飯
[00:19:30.000 --> 00:19:32.000]  爲什麼太太抱怨他
[00:19:32.000 --> 00:19:34.000]  聖經沒有記住他太太抱怨他
[00:19:34.000 --> 00:19:36.000]  誰走出來告訴摩西
[00:19:36.000 --> 00:19:37.000]  你做得太辛苦了
[00:19:37.000 --> 00:19:38.000]  是誰
[00:19:38.000 --> 00:19:40.000]  他外父
[00:19:40.000 --> 00:19:43.000]  爲什麼外父會知道呢
[00:19:43.000 --> 00:19:47.000]  女兒說話多數都是
[00:19:47.000 --> 00:19:50.000]  葉剔羅提醒摩西
[00:19:50.000 --> 00:19:52.000]  你整天坐在那裏
[00:19:52.000 --> 00:19:56.000]  判斷百姓的是非
[00:19:56.000 --> 00:19:57.000]  你做不完
[00:19:57.000 --> 00:20:00.000]  要設立長老
[00:20:00.000 --> 00:20:03.000]  於是摩西就聽外父的意見
[00:20:03.000 --> 00:20:06.000]  就分工
[00:20:06.000 --> 00:20:10.000]  將他的權力下放
[00:20:10.000 --> 00:20:13.000]  摩西不是在那裏占卜的事情
[00:20:13.000 --> 00:20:15.000]  他做的是教導
[00:20:15.000 --> 00:20:17.000]  他做的是將神的誡命
[00:20:17.000 --> 00:20:18.000]  律例典章
[00:20:18.000 --> 00:20:22.000]  應用在百姓日常的生活上
[00:20:22.000 --> 00:20:24.000]  上一堂我們提過
[00:20:24.000 --> 00:20:28.000]  約書出埃及的二十章到二十三章
[00:20:28.000 --> 00:20:32.000]  內容就是羣體的生活
[00:20:32.000 --> 00:20:34.000]  起衝突的時候
[00:20:34.000 --> 00:20:37.000]  應該如何處理
[00:20:37.000 --> 00:20:41.000]  這些事情是摩西基本的責任
[00:20:41.000 --> 00:20:44.000]  律法傳歸摩西是有意思的
[00:20:44.000 --> 00:20:47.000]  摩西本身要做的
[00:20:47.000 --> 00:20:49.000]  他有另外一個身份很重要
[00:20:49.000 --> 00:20:57.000]  就是在西乃山以色列民在山腳聽耶和華上帝說話的時候
[00:20:57.000 --> 00:21:00.000]  如果你看回出埃及的第十九章
[00:21:00.000 --> 00:21:05.000]  你就發覺山上密雲雷光閃電
[00:21:05.000 --> 00:21:08.000]  上帝發聲和摩西說話
[00:21:08.000 --> 00:21:11.000]  摩西回答百姓站在山下
[00:21:11.000 --> 00:21:14.000]  非常恐懼
[00:21:14.000 --> 00:21:16.000]  於是百姓就和摩西說
[00:21:16.000 --> 00:21:20.000]  耶和華上帝和你說話就行了
[00:21:20.000 --> 00:21:22.000]  我們不需要聽
[00:21:22.000 --> 00:21:24.000]  他和你說
[00:21:24.000 --> 00:21:25.000]  你和我們說
[00:21:25.000 --> 00:21:28.000]  你的聲音我們習慣聽
[00:21:28.000 --> 00:21:30.000]  於是摩西就上山
[00:21:30.000 --> 00:21:32.000]  上帝和摩西說話
[00:21:32.000 --> 00:21:33.000]  摩西下山
[00:21:33.000 --> 00:21:35.000]  摩西就和百姓說話
[00:21:35.000 --> 00:21:37.000]  摩西的角色是什麼呢
[00:21:37.000 --> 00:21:42.000]  就是這個中間傳遞說話的人物
[00:21:42.000 --> 00:21:46.000]  摩西是上帝的發言人
[00:21:46.000 --> 00:21:49.000]  摩西聽見上帝的吩咐
[00:21:49.000 --> 00:21:52.000]  下山就說給百姓聽
[00:21:52.000 --> 00:21:57.000]  這個身份就是新明紀十八章十八節所強調的
[00:21:57.000 --> 00:21:59.000]  摩西現在要死了
[00:21:59.000 --> 00:22:06.000]  哪一個人能夠成爲神和以色列中間的發言人
[00:22:06.000 --> 00:22:08.000]  傳話者的使者呢
[00:22:08.000 --> 00:22:10.000]  上帝說你不用擔心
[00:22:10.000 --> 00:22:12.000]  我必定在你的弟兄當中
[00:22:12.000 --> 00:22:14.000]  興起一個人好像你
[00:22:14.000 --> 00:22:16.000]  他的責任是什麼呢
[00:22:16.000 --> 00:22:18.000]  我們第一堂都說過了
[00:22:18.000 --> 00:22:20.000]  他的職位描述就是
[00:22:20.000 --> 00:22:23.000]  凡上帝吩咐他的
[00:22:23.000 --> 00:22:27.000]  他就傳給百姓聽
[00:22:27.000 --> 00:22:33.000]  另外一節的聖經是更加活潑
[00:22:33.000 --> 00:22:35.000]  或者說活生生的
[00:22:35.000 --> 00:22:39.000]  將這個Navi的身份說出來
[00:22:39.000 --> 00:22:42.000]  可惜中文聖經沒有翻譯成Navi
[00:22:42.000 --> 00:22:44.000]  中文聖經就解釋了出來
[00:22:44.000 --> 00:22:46.000]  解釋得非常好
[00:22:46.000 --> 00:22:49.000]  春埃及紀第七章第一節
[00:22:49.000 --> 00:22:55.000]  第一節是記載摩西去見法老
[00:22:55.000 --> 00:22:59.000]  你知道摩西和上帝說他絕口笨舌
[00:22:59.000 --> 00:23:06.000]  所以他不適合去做上帝的差遣
[00:23:06.000 --> 00:23:10.000]  去領以色列出埃及的領袖
[00:23:10.000 --> 00:23:12.000]  他不懂得說話
[00:23:12.000 --> 00:23:14.000]  上帝又很幽默
[00:23:14.000 --> 00:23:16.000]  你還沒出生就知道你有這個毛病
[00:23:16.000 --> 00:23:18.000]  早就知道你有這個藉口
[00:23:18.000 --> 00:23:20.000]  所以你有個哥哥叫阿倫
[00:23:20.000 --> 00:23:23.000]  你哥哥能言善道
[00:23:23.000 --> 00:23:25.000]  你不需要出聲
[00:23:25.000 --> 00:23:27.000]  你是上帝
[00:23:27.000 --> 00:23:29.000]  在法老的面前
[00:23:29.000 --> 00:23:31.000]  你代表上帝
[00:23:31.000 --> 00:23:34.000]  阿倫你的哥哥幫你說話
[00:23:34.000 --> 00:23:36.000]  第七章第一節就是這樣說
[00:23:36.000 --> 00:23:38.000]  耶和華對摩西說
[00:23:38.000 --> 00:23:42.000]  我使你在法老面前代替神
[00:23:42.000 --> 00:23:45.000]  代替其實代表更加清楚
[00:23:45.000 --> 00:23:49.000]  我想是當時白話文聖經翻譯用字的問題
[00:23:49.000 --> 00:23:52.000]  你在法老面前代表上帝
[00:23:52.000 --> 00:23:54.000]  你的哥哥阿倫
[00:23:54.000 --> 00:23:56.000]  和合本中文的翻譯就是
[00:23:56.000 --> 00:23:59.000]  是契你說話的
[00:23:59.000 --> 00:24:01.000]  希伯來文就是
[00:24:01.000 --> 00:24:05.000]  你哥哥阿倫是你的Navi
[00:24:05.000 --> 00:24:07.000]  很清楚
[00:24:07.000 --> 00:24:09.000]  是你的Navi
[00:24:09.000 --> 00:24:11.000]  阿倫不是在那裏占卜算命
[00:24:11.000 --> 00:24:13.000]  阿倫不是在那裏說語言
[00:24:13.000 --> 00:24:16.000]  阿倫在那裏摩西小小聲在耳邊說些什麼
[00:24:16.000 --> 00:24:18.000]  他就宣佈出來
[00:24:18.000 --> 00:24:19.000]  甚至不用摩西說
[00:24:19.000 --> 00:24:20.000]  摩西不出聲的
[00:24:20.000 --> 00:24:22.000]  皺下眉頭
[00:24:22.000 --> 00:24:23.000]  摁下頭
[00:24:23.000 --> 00:24:24.000]  阿倫幫他說出來
[00:24:24.000 --> 00:24:27.000]  阿倫是他的發言人
[00:24:27.000 --> 00:24:31.000]  所以這幾本書
[00:24:31.000 --> 00:24:34.000]  我們稱爲歷史
[00:24:34.000 --> 00:24:39.000]  猶太人將它收入Naviim
[00:24:39.000 --> 00:24:41.000]  的這一部分
[00:24:41.000 --> 00:24:44.000]  就不是將來或過去的問題
[00:24:44.000 --> 00:24:48.000]  不是作者是否那批先知的問題
[00:24:48.000 --> 00:24:53.000]  又不是主角人物是否先知的問題
[00:24:53.000 --> 00:24:55.000]  意思其實很清楚
[00:24:55.000 --> 00:24:59.000]  上帝說話
[00:24:59.000 --> 00:25:05.000]  上帝說話就不是好似摩門教的經典
[00:25:05.000 --> 00:25:09.000]  有些金片埋在某個神祕地方
[00:25:09.000 --> 00:25:11.000]  於是天使報夢
[00:25:11.000 --> 00:25:14.000]  於是Joseph Smith就去挖出來
[00:25:14.000 --> 00:25:15.000]  看不明白
[00:25:15.000 --> 00:25:18.000]  於是要戴着眼鏡就看得到
[00:25:18.000 --> 00:25:20.000]  於是就會翻譯
[00:25:20.000 --> 00:25:22.000]  這個說話就很直接
[00:25:22.000 --> 00:25:25.000]  但舊約聖經上帝不是這樣說話
[00:25:25.000 --> 00:25:30.000]  上帝透過一些Navi來說話
[00:25:30.000 --> 00:25:34.000]  透過他的發言人來說話
[00:25:34.000 --> 00:25:35.000]  下一堂開始
[00:25:35.000 --> 00:25:37.000]  我們有兩堂會說
[00:25:37.000 --> 00:25:39.000]  通常稱爲先知書的書卷
[00:25:39.000 --> 00:25:41.000]  以塞亞阿摩斯
[00:25:41.000 --> 00:25:43.000]  透過一些人物來說話
[00:25:43.000 --> 00:25:45.000]  但現在呢
[00:25:45.000 --> 00:25:47.000]  在這幾本歷史書裏
[00:25:47.000 --> 00:25:51.000]  我們發覺上帝是透過歷史來說話
[00:25:51.000 --> 00:25:58.000]  所以這些歷史成爲上帝說話的媒介
[00:25:58.000 --> 00:26:02.000]  上帝透過這些事件來說話
[00:26:02.000 --> 00:26:05.000]  上帝透過這一段歷史
[00:26:05.000 --> 00:26:07.000]  無論所發生的事情
[00:26:07.000 --> 00:26:08.000]  前因後果
[00:26:08.000 --> 00:26:13.000]  看歷史就看到上帝要說什麼
[00:26:13.000 --> 00:26:17.000]  所以歷史書被納入爲
[00:26:17.000 --> 00:26:23.000]  信息上帝要說的話的內容的一部分
[00:26:23.000 --> 00:26:25.000]  這些歷史的價值
[00:26:25.000 --> 00:26:29.000]  不是在保存昔日那件事情
[00:26:29.000 --> 00:26:32.000]  真相到底如何
[00:26:32.000 --> 00:26:36.000]  這些書卷的價值不是提供歷史的材料
[00:26:36.000 --> 00:26:40.000]  給歷史學者去研究大魏王朝
[00:26:40.000 --> 00:26:43.000]  到底當時的社會經濟如何
[00:26:43.000 --> 00:26:45.000]  它可以有這樣的副作用
[00:26:45.000 --> 00:26:48.000]  不過始終是副作用
[00:26:48.000 --> 00:26:50.000]  它正的作用是什麼呢
[00:26:50.000 --> 00:26:52.000]  它主要的作用
[00:26:52.000 --> 00:26:54.000]  它原本的作用是
[00:26:54.000 --> 00:26:59.000]  上帝透過歷史來說話
[00:26:59.000 --> 00:27:03.000]  記載這些歷史的一個目的
[00:27:03.000 --> 00:27:07.000]  就是對神的子民說話
[00:27:07.000 --> 00:27:10.000]  寫作這些歷史的人
[00:27:10.000 --> 00:27:12.000]  編輯這些歷史書卷的人
[00:27:12.000 --> 00:27:16.000]  他們是上帝的發言人
[00:27:16.000 --> 00:27:19.000]  上帝和他們說話
[00:27:19.000 --> 00:27:23.000]  他們將他們從上帝那裏領受到的信息
[00:27:23.000 --> 00:27:25.000]  傳給百姓
[00:27:25.000 --> 00:27:27.000]  這些信息的內容是什麼
[00:27:27.000 --> 00:27:29.000]  不是哲學
[00:27:29.000 --> 00:27:31.000]  不是理論
[00:27:31.000 --> 00:27:33.000]  甚至不是神學
[00:27:33.000 --> 00:27:35.000]  不是教義
[00:27:35.000 --> 00:27:37.000]  不是仕途信經
[00:27:37.000 --> 00:27:39.000]  是歷史
[00:27:39.000 --> 00:27:42.000]  上一堂我們也說過
[00:27:42.000 --> 00:27:46.000]  歷史是我們覺得最難發現上帝的地方
[00:27:46.000 --> 00:27:48.000]  所以我們退休
[00:27:48.000 --> 00:27:50.000]  都要離開歷史的塵世
[00:27:50.000 --> 00:27:56.000]  去到一些稍微安靜脫俗的退休環境
[00:27:56.000 --> 00:27:58.000]  例如長洲鮑斯高
[00:27:58.000 --> 00:28:00.000]  或者梅窩衛理園
[00:28:00.000 --> 00:28:02.000]  對着大自然
[00:28:02.000 --> 00:28:05.000]  我們都好像覺得和上帝比較親近
[00:28:05.000 --> 00:28:11.000]  不是的,上帝從來都沒有這樣的吩咐
[00:28:11.000 --> 00:28:15.000]  上帝就在旺角和你相遇
[00:28:15.000 --> 00:28:19.000]  歷史的事實裏面
[00:28:19.000 --> 00:28:22.000]  事實本身是複雜的
[00:28:22.000 --> 00:28:25.000]  事實本身是含糊的
[00:28:25.000 --> 00:28:27.000]  事實本身是血腥的
[00:28:27.000 --> 00:28:31.000]  事實本身是正邪難分的
[00:28:31.000 --> 00:28:36.000]  都成爲肉身住在我們中間
[00:28:36.000 --> 00:28:38.000]  他不是呼召我們上到山頂
[00:28:38.000 --> 00:28:41.000]  離開人世,離開羣衆,離開香港
[00:28:41.000 --> 00:28:43.000]  去到有草地的地方
[00:28:43.000 --> 00:28:45.000]  在那裏敬拜上帝
[00:28:45.000 --> 00:28:47.000]  歷史
[00:28:47.000 --> 00:28:52.000]  上帝透過歷史對我們說話
[00:28:52.000 --> 00:28:56.000]  這就是爲什麼舊約的歷史書
[00:28:56.000 --> 00:29:01.000]  被稱爲Naviim的最清楚最主要的原因
[00:29:01.000 --> 00:29:05.000]  因爲他是上帝說話的媒介
[00:29:05.000 --> 00:29:09.000]  上帝透過什麼說話
[00:29:09.000 --> 00:29:11.000]  上帝透過歷史的事件說話
[00:29:11.000 --> 00:29:14.000]  透過歷史裏面真實的人物說話
[00:29:14.000 --> 00:29:17.000]  不是故事,不是比喻
[00:29:17.000 --> 00:29:20.000]  上帝都可以透過故事說話
[00:29:20.000 --> 00:29:22.000]  都可以透過比喻說話
[00:29:22.000 --> 00:29:25.000]  但是正如耶穌基督來到這個世界上
[00:29:25.000 --> 00:29:28.000]  他不是放套幻燈給你看
[00:29:28.000 --> 00:29:31.000]  Metamorphosis,70年代很流行
[00:29:31.000 --> 00:29:35.000]  不是,有個真真正正的人出現在我們中間
[00:29:35.000 --> 00:29:38.000]  這個是上帝的啓示的高峯
[00:29:38.000 --> 00:29:40.000]  在舊約聖經裏面
[00:29:40.000 --> 00:29:46.000]  這些歷史書是上帝說話的媒介
[00:29:46.000 --> 00:29:49.000]  是上帝說話的內容
[00:29:49.000 --> 00:29:52.000]  希伯來的聖經
[00:29:52.000 --> 00:29:56.000]  這個信息這一部分
[00:29:56.000 --> 00:29:59.000]  我們第一堂講過分上下兩部分
[00:29:59.000 --> 00:30:05.000]  信息的上策
[00:30:05.000 --> 00:30:10.000]  這裏包括了四卷的歷史書
[00:30:10.000 --> 00:30:14.000]  約書雅紀、時詩紀、撒慕爾紀
[00:30:14.000 --> 00:30:15.000]  沒有分上下
[00:30:15.000 --> 00:30:18.000]  列王紀也沒有分上下
[00:30:18.000 --> 00:30:20.000]  用中文聖經來看就是六卷書
[00:30:20.000 --> 00:30:24.000]  我們講過三個五加兩打
[00:30:24.000 --> 00:30:27.000]  我們那個十二卷歷史書是一打
[00:30:27.000 --> 00:30:29.000]  另外還有六本在哪裏呢
[00:30:29.000 --> 00:30:32.000]  努德紀、歷代至上下
[00:30:32.000 --> 00:30:35.000]  以斯拉紀、尼西米紀、以斯帖紀
[00:30:35.000 --> 00:30:40.000]  另外六本全部都留到
[00:30:40.000 --> 00:30:43.000]  希伯來聖經的第三部分
[00:30:43.000 --> 00:30:45.000]  我們稱爲Catufim
[00:30:45.000 --> 00:30:51.000]  在第三部分著作纔出現
[00:30:51.000 --> 00:30:55.000]  所以他們就不進入Naviim的部分
[00:30:55.000 --> 00:30:57.000]  如果我們用中文聖經去看
[00:30:57.000 --> 00:30:59.000]  我們可能會有些混亂
[00:30:59.000 --> 00:31:00.000]  我們第一堂也解釋過
[00:31:00.000 --> 00:31:04.000]  爲什麼我們想採用希伯來聖經的分類
[00:31:04.000 --> 00:31:08.000]  因爲這個分類能夠將經文本來的
[00:31:08.000 --> 00:31:13.000]  體裁和目的表達得更加清楚
[00:31:13.000 --> 00:31:15.000]  這裏不是講過去的歷史
[00:31:15.000 --> 00:31:18.000]  這裏是講上帝的訓練
[00:31:18.000 --> 00:31:20.000]  正如我們讀摩西五經
[00:31:20.000 --> 00:31:22.000]  當它是歷史那樣讀
[00:31:22.000 --> 00:31:25.000]  那些界命的規條全部都可以扔掉
[00:31:25.000 --> 00:31:27.000]  那些不是歷史的一部分
[00:31:27.000 --> 00:31:28.000]  那些是沒有發生的
[00:31:28.000 --> 00:31:30.000]  那些是猶太人才要遵守的
[00:31:30.000 --> 00:31:33.000]  它是上帝的訓練來的
[00:31:33.000 --> 00:31:34.000]  上帝的教訓來的
[00:31:34.000 --> 00:31:36.000]  Torah來的
[00:31:36.000 --> 00:31:38.000]  Torah是上帝的教訓
[00:31:38.000 --> 00:31:41.000]  上帝的教訓不只是講事件如何發生
[00:31:41.000 --> 00:31:43.000]  不只是講故事
[00:31:43.000 --> 00:31:45.000]  上帝的教訓不只是講救恩歷史
[00:31:45.000 --> 00:31:49.000]  上帝的教訓包括界命律例典章
[00:31:49.000 --> 00:31:54.000]  所以從Torah這個名稱入手讀摩西五經
[00:31:54.000 --> 00:31:58.000]  你就不能扔掉很重要的一半
[00:31:58.000 --> 00:32:00.000]  就是那些界命
[00:32:00.000 --> 00:32:03.000]  現在我們來讀歷史書的時候
[00:32:03.000 --> 00:32:05.000]  如果我們用歷史的角度去看
[00:32:05.000 --> 00:32:07.000]  我們問很多歷史的問題
[00:32:07.000 --> 00:32:09.000]  我們很喜歡看考古的發現
[00:32:09.000 --> 00:32:12.000]  我們很喜歡研究那些年份如何解決
[00:32:12.000 --> 00:32:15.000]  到底這個人物是真還是假
[00:32:15.000 --> 00:32:17.000]  他不是關心這些東西
[00:32:17.000 --> 00:32:21.000]  他關心的是透過歷史
[00:32:21.000 --> 00:32:24.000]  上帝對我們有什麼說話
[00:32:24.000 --> 00:32:27.000]  這四卷的書卷
[00:32:27.000 --> 00:32:31.000]  約書亞紀、士司紀、撒慕爾紀到列王紀
[00:32:31.000 --> 00:32:36.000]  是上帝說話的所在
[00:32:36.000 --> 00:32:39.000]  說些什麼呢?
[00:32:39.000 --> 00:32:42.000]  怎麼去發現上帝要說些什麼呢?
[00:32:42.000 --> 00:32:46.000]  讓我們由內容入手
[00:32:46.000 --> 00:32:53.000]  由分段結構來看一看
[00:32:53.000 --> 00:32:57.000]  所以下面我們很快就去看一看
[00:32:57.000 --> 00:32:59.000]  這六卷書
[00:32:59.000 --> 00:33:01.000]  如果分上下就六卷
[00:33:01.000 --> 00:33:03.000]  如果不分上下就四卷
[00:33:03.000 --> 00:33:05.000]  究竟內容是什麼
[00:33:05.000 --> 00:33:08.000]  我懷疑很多時候我們在主要學裏
[00:33:08.000 --> 00:33:09.000]  聽不聽得懂
[00:33:09.000 --> 00:33:12.000]  習兩堂硬教或者缺席兩堂
[00:33:12.000 --> 00:33:14.000]  所以都很零碎
[00:33:14.000 --> 00:33:17.000]  如果你一氣呵成地看一看
[00:33:17.000 --> 00:33:19.000]  可能有些新發現也不一定
[00:33:19.000 --> 00:33:23.000]  正如有時候我們看回自己生命的過去
[00:33:23.000 --> 00:33:25.000]  我們總是很片段地看
[00:33:25.000 --> 00:33:26.000]  有時候睡不着覺
[00:33:26.000 --> 00:33:29.000]  想着拍拖那幾次真的很甜蜜
[00:33:29.000 --> 00:33:32.000]  如果你去退休營
[00:33:32.000 --> 00:33:35.000]  老師會叫你重新看一看
[00:33:35.000 --> 00:33:37.000]  你生命當中過去
[00:33:37.000 --> 00:33:39.000]  10至7歲如何
[00:33:39.000 --> 00:33:41.000]  8至14歲又怎麼樣
[00:33:41.000 --> 00:33:43.000]  15歲到21歲有什麼事發生
[00:33:43.000 --> 00:33:45.000]  一段一段看的時候
[00:33:45.000 --> 00:33:46.000]  看多了很多東西
[00:33:46.000 --> 00:33:48.000]  我們試下這樣看一看
[00:33:48.000 --> 00:33:53.000]  究竟這幾卷的歷史書裏面說些什麼
[00:33:53.000 --> 00:33:55.000]  我不會很詳細
[00:33:55.000 --> 00:34:00.000]  慢慢的來到細節上去解釋
[00:34:00.000 --> 00:34:04.000]  假設這一段你大概有些印象
[00:34:04.000 --> 00:34:08.000]  所以提起來你應該記得
[00:34:08.000 --> 00:34:09.000]  如果你不記得
[00:34:09.000 --> 00:34:11.000]  你回家要看
[00:34:11.000 --> 00:34:13.000]  我已經說過很多次
[00:34:13.000 --> 00:34:17.000]  這十堂不是幫你看舊約聖經
[00:34:17.000 --> 00:34:21.000]  只是給你路線地圖
[00:34:21.000 --> 00:34:23.000]  你真的要行寬街
[00:34:23.000 --> 00:34:24.000]  你自己要行纔行
[00:34:24.000 --> 00:34:25.000]  你要行女人街
[00:34:25.000 --> 00:34:26.000]  你自己要行纔行
[00:34:26.000 --> 00:34:27.000]  不可以去地圖
[00:34:27.000 --> 00:34:30.000]  沒有去過的
[00:34:30.000 --> 00:34:31.000]  賣些什麼衣服你不知道
[00:34:31.000 --> 00:34:33.000]  什麼CD你不知道
[00:34:33.000 --> 00:34:34.000]  如果你沒看過的話
[00:34:34.000 --> 00:34:37.000]  你要找時間去看
[00:34:37.000 --> 00:34:39.000]  約書雅記
[00:34:39.000 --> 00:34:42.000]  第一章到十二章
[00:34:42.000 --> 00:34:44.000]  是講打仗
[00:34:44.000 --> 00:34:48.000]  所以你發覺一開始就講剛強壯膽
[00:34:48.000 --> 00:34:50.000]  爲什麼剛強壯膽要打仗
[00:34:50.000 --> 00:34:53.000]  如果要睡覺或者要去行公園
[00:34:53.000 --> 00:34:54.000]  不用剛強壯膽
[00:34:54.000 --> 00:34:56.000]  如果行公園都要剛強壯膽
[00:34:56.000 --> 00:34:58.000]  就是因爲治安不好
[00:34:58.000 --> 00:35:00.000]  要預備有敵人
[00:35:00.000 --> 00:35:04.000]  所以約書雅記開始血腥
[00:35:04.000 --> 00:35:07.000]  入迦南的過程是戰爭
[00:35:07.000 --> 00:35:09.000]  鏈長的大戰
[00:35:09.000 --> 00:35:11.000]  十二章聖經
[00:35:11.000 --> 00:35:14.000]  有人說約書雅記是一個很好的軍事家
[00:35:14.000 --> 00:35:18.000]  這些就是進入歷史的研究
[00:35:18.000 --> 00:35:20.000]  興趣有些副作用
[00:35:20.000 --> 00:35:22.000]  約書雅記不是教你打仗的
[00:35:22.000 --> 00:35:24.000]  約書雅記是上帝有些東西和我們說
[00:35:24.000 --> 00:35:26.000]  說些什麼我們要留心看
[00:35:26.000 --> 00:35:32.000]  約書雅記開始說他們入迦南過約旦河
[00:35:32.000 --> 00:35:34.000]  耶利哥城第一場仗
[00:35:34.000 --> 00:35:36.000]  留心第一場仗不是他們自己打的
[00:35:36.000 --> 00:35:38.000]  從來都沒有人這麼打仗的
[00:35:38.000 --> 00:35:44.000]  好像March for Jesus一樣遊行
[00:35:44.000 --> 00:35:46.000]  都不是打仗的
[00:35:46.000 --> 00:35:47.000]  這個很重要的
[00:35:47.000 --> 00:35:48.000]  告訴以色列人聽
[00:35:48.000 --> 00:35:51.000]  入迦南是他們厲害的
[00:35:51.000 --> 00:35:55.000]  他們好像炸猛一樣
[00:35:55.000 --> 00:35:57.000]  我們說螳臂擋鋸
[00:35:57.000 --> 00:35:59.000]  在舊約聖經有個典故
[00:35:59.000 --> 00:36:03.000]  城牆高大到那些人好像巨人一樣
[00:36:03.000 --> 00:36:05.000]  這個誇大的說法
[00:36:05.000 --> 00:36:06.000]  都是那些人
[00:36:06.000 --> 00:36:08.000]  不過他們的確是人強馬壯
[00:36:08.000 --> 00:36:12.000]  而且迦南的文化是相當先進的
[00:36:12.000 --> 00:36:17.000]  你不要以爲以色列人入迦南
[00:36:17.000 --> 00:36:19.000]  是好像我們回家鄉一樣
[00:36:19.000 --> 00:36:21.000]  相反以色列人入迦南
[00:36:21.000 --> 00:36:23.000]  就好像一個新移民
[00:36:23.000 --> 00:36:27.000]  來到中環看着高樓大廈
[00:36:27.000 --> 00:36:30.000]  那個城牆甚高
[00:36:30.000 --> 00:36:32.000]  是那種感覺
[00:36:32.000 --> 00:36:33.000]  反過來說
[00:36:33.000 --> 00:36:36.000]  所以這個進去的過程
[00:36:36.000 --> 00:36:38.000]  是上帝幫助他們
[00:36:38.000 --> 00:36:40.000]  以色列人有一種說法
[00:36:40.000 --> 00:36:43.000]  在生命記裏面是很幽默的
[00:36:43.000 --> 00:36:45.000]  他說上帝差遣一些黃蜂
[00:36:45.000 --> 00:36:47.000]  飛在他們前面
[00:36:47.000 --> 00:36:49.000]  針對敵人
[00:36:49.000 --> 00:36:51.000]  敵人就走了
[00:36:51.000 --> 00:36:52.000]  不用他們打
[00:36:52.000 --> 00:36:54.000]  他們跟着黃蜂就可以了
[00:36:54.000 --> 00:36:56.000]  這個是很幽默的說法
[00:36:56.000 --> 00:36:58.000]  這個是小朋友都明白的說法
[00:36:58.000 --> 00:37:00.000]  不是他們打回來的
[00:37:00.000 --> 00:37:02.000]  西美記說得很清楚
[00:37:02.000 --> 00:37:05.000]  這些作好的水井
[00:37:05.000 --> 00:37:07.000]  這些種好的葡萄園
[00:37:07.000 --> 00:37:11.000]  這個迦南的流奶與蜜之地
[00:37:11.000 --> 00:37:13.000]  完全不是你們做出來的
[00:37:13.000 --> 00:37:16.000]  是上帝賞賜給你們
[00:37:16.000 --> 00:37:18.000]  十三到二十二章
[00:37:18.000 --> 00:37:20.000]  就很詳細記載了
[00:37:20.000 --> 00:37:25.000]  約書亞如何分迦南的地
[00:37:25.000 --> 00:37:27.000]  給十二個支派
[00:37:27.000 --> 00:37:30.000]  有些地是他們已經打回來的
[00:37:30.000 --> 00:37:32.000]  有些地是未曾打得到的
[00:37:32.000 --> 00:37:34.000]  約書亞見時日無多
[00:37:34.000 --> 00:37:40.000]  他的壽命不容許他再上陣打仗
[00:37:40.000 --> 00:37:43.000]  於是他就預先分定
[00:37:43.000 --> 00:37:45.000]  趁還有權威
[00:37:45.000 --> 00:37:48.000]  第一代革命長征老幹部
[00:37:48.000 --> 00:37:50.000]  出埃及到現在
[00:37:50.000 --> 00:37:52.000]  除了加勒之外
[00:37:52.000 --> 00:37:54.000]  沒有第二代有他那麼老資格
[00:37:54.000 --> 00:37:57.000]  所以他說是就是
[00:37:57.000 --> 00:37:59.000]  他說話纔算數
[00:37:59.000 --> 00:38:01.000]  摩西沒有做到這件事
[00:38:01.000 --> 00:38:03.000]  雖然文書記有記載分地
[00:38:03.000 --> 00:38:06.000]  最詳細的分地是約書亞記
[00:38:06.000 --> 00:38:08.000]  十三到二十二章
[00:38:08.000 --> 00:38:11.000]  然後二十三二十四章
[00:38:11.000 --> 00:38:13.000]  就是一個結束
[00:38:13.000 --> 00:38:16.000]  結束不是約書亞記的結束
[00:38:16.000 --> 00:38:18.000]  是約書亞生命的結束
[00:38:18.000 --> 00:38:20.000]  結束很有意思
[00:38:20.000 --> 00:38:24.000]  結束是約書亞和一羣百姓一起立約
[00:38:24.000 --> 00:38:26.000]  這個立約很特別
[00:38:26.000 --> 00:38:28.000]  這個立約讓我們看到
[00:38:28.000 --> 00:38:31.000]  在以色列民中間
[00:38:31.000 --> 00:38:34.000]  有很多不同的人
[00:38:34.000 --> 00:38:37.000]  這個事實我們不能忽略
[00:38:37.000 --> 00:38:40.000]  以色列人出埃及的時候
[00:38:40.000 --> 00:38:42.000]  出埃及記載
[00:38:42.000 --> 00:38:45.000]  他們當中中文和合本的翻譯
[00:38:45.000 --> 00:38:47.000]  就是有些閒雜人
[00:38:47.000 --> 00:38:49.000]  我不知道你讀醒經有沒有留意到這個說法
[00:38:49.000 --> 00:38:50.000]  什麼意思呢
[00:38:50.000 --> 00:38:52.000]  是不是出埃及的時候很多人看熱鬧
[00:38:52.000 --> 00:38:53.000]  好像遊行
[00:38:53.000 --> 00:38:55.000]  於是就下去走一會
[00:38:55.000 --> 00:38:56.000]  不過我是去喝茶而已
[00:38:56.000 --> 00:38:58.000]  我不是去示威的
[00:38:58.000 --> 00:39:00.000]  這個閒雜人不是這個意思
[00:39:00.000 --> 00:39:01.000]  這個意思就是說
[00:39:01.000 --> 00:39:03.000]  其實從出埃及開始
[00:39:03.000 --> 00:39:05.000]  他們就在他們當中
[00:39:05.000 --> 00:39:08.000]  不只是雅各十二個兒子孫
[00:39:08.000 --> 00:39:13.000]  只是他們自己血統的以色列人
[00:39:13.000 --> 00:39:15.000]  從求一日開始
[00:39:15.000 --> 00:39:18.000]  就是說在西乃立約的時候
[00:39:18.000 --> 00:39:20.000]  有閒雜人在那裏
[00:39:20.000 --> 00:39:22.000]  現在來到約書亞的結束
[00:39:22.000 --> 00:39:25.000]  你留心讀約書亞和他們說
[00:39:25.000 --> 00:39:26.000]  很有趣的
[00:39:26.000 --> 00:39:28.000]  約書亞又再提醒他們
[00:39:28.000 --> 00:39:33.000]  要將大河那邊的神偶像放下
[00:39:33.000 --> 00:39:35.000]  如果他們是經過出埃及
[00:39:35.000 --> 00:39:37.000]  經過在曠野四十年的
[00:39:37.000 --> 00:39:40.000]  就沒有需要提這個吩咐
[00:39:40.000 --> 00:39:42.000]  我們看到約書亞的確
[00:39:42.000 --> 00:39:45.000]  在嘉南有些人歸附了他們
[00:39:45.000 --> 00:39:48.000]  起碼拉合妓女一家
[00:39:48.000 --> 00:39:51.000]  在耶利哥城全城覆沒的時候
[00:39:51.000 --> 00:39:52.000]  他們得請求
[00:39:52.000 --> 00:39:56.000]  我們知道有一些人騙他們
[00:39:56.000 --> 00:39:59.000]  假裝是很遠的地方和他們講和
[00:39:59.000 --> 00:40:01.000]  結果發現原來是隔離街
[00:40:01.000 --> 00:40:02.000]  又不殺他
[00:40:02.000 --> 00:40:03.000]  因爲已經講和了
[00:40:03.000 --> 00:40:05.000]  承信的問題
[00:40:05.000 --> 00:40:08.000]  當時的情況很複雜
[00:40:08.000 --> 00:40:10.000]  所以後來的學者研究
[00:40:10.000 --> 00:40:12.000]  說這個入嘉南的過程
[00:40:12.000 --> 00:40:14.000]  是否只是靠戰爭呢
[00:40:14.000 --> 00:40:16.000]  學者提出不同的見解
[00:40:16.000 --> 00:40:18.000]  有些人說是農民革命
[00:40:18.000 --> 00:40:21.000]  嘉南地有些人裏應外合
[00:40:21.000 --> 00:40:24.000]  有這樣的資料出現在我們聖經裏
[00:40:24.000 --> 00:40:26.000]  有些人說有某些人
[00:40:26.000 --> 00:40:28.000]  加入以色列的信仰羣體
[00:40:28.000 --> 00:40:29.000]  沒有經過出埃及
[00:40:29.000 --> 00:40:30.000]  可能的
[00:40:30.000 --> 00:40:33.000]  約書亞這個立約的經文背後
[00:40:33.000 --> 00:40:35.000]  有很多不同的人在
[00:40:35.000 --> 00:40:39.000]  這羣人現在在嘉南的地圖上
[00:40:39.000 --> 00:40:42.000]  再一次同心合意
[00:40:42.000 --> 00:40:44.000]  和耶和華神立約
[00:40:44.000 --> 00:40:46.000]  不再侍奉別神
[00:40:46.000 --> 00:40:48.000]  只是侍奉耶和華
[00:40:48.000 --> 00:40:50.000]  記不記得約書亞那句話
[00:40:50.000 --> 00:40:52.000]  至於我和我家
[00:40:52.000 --> 00:40:55.000]  我們必定侍奉耶和華
[00:40:55.000 --> 00:40:57.000]  這是一個選擇
[00:40:57.000 --> 00:41:01.000]  你們可以選擇敬畏其他神
[00:41:01.000 --> 00:41:03.000]  至於我和我家
[00:41:03.000 --> 00:41:05.000]  我們侍奉耶和華
[00:41:05.000 --> 00:41:07.000]  衆百姓都說我們一樣侍奉耶和華
[00:41:07.000 --> 00:41:08.000]  立約
[00:41:08.000 --> 00:41:10.000]  約書亞的結束
[00:41:10.000 --> 00:41:12.000]  約書亞生命的結束
[00:41:12.000 --> 00:41:14.000]  不是約書亞的結束的原因
[00:41:14.000 --> 00:41:17.000]  是因爲士司祭的開頭
[00:41:17.000 --> 00:41:18.000]  是很清楚的
[00:41:18.000 --> 00:41:21.000]  接着約書亞的講下去
[00:41:21.000 --> 00:41:25.000]  是接着約書亞死了
[00:41:25.000 --> 00:41:27.000]  約書亞不在他們中間
[00:41:27.000 --> 00:41:30.000]  但還有很多地還沒有得到
[00:41:30.000 --> 00:41:32.000]  於是不同的支派
[00:41:32.000 --> 00:41:34.000]  現在就自己出去打仗
[00:41:34.000 --> 00:41:36.000]  你讀士司祭的開場白
[00:41:36.000 --> 00:41:38.000]  第一章第二章
[00:41:38.000 --> 00:41:40.000]  有些成功有些失敗
[00:41:40.000 --> 00:41:42.000]  他們很清楚記載
[00:41:42.000 --> 00:41:44.000]  哪些人成功哪些人失敗
[00:41:44.000 --> 00:41:48.000]  現在不再是一個領袖帶着他們
[00:41:48.000 --> 00:41:50.000]  現在各個支派
[00:41:50.000 --> 00:41:51.000]  用我們廣東話說
[00:41:51.000 --> 00:41:52.000]  要自己找工作
[00:41:52.000 --> 00:41:54.000]  要自己出去打仗
[00:41:54.000 --> 00:41:56.000]  有些成功有些失敗
[00:41:56.000 --> 00:42:00.000]  於是士司祭就進入到
[00:42:00.000 --> 00:42:03.000]  我們很清楚也很熟悉的
[00:42:03.000 --> 00:42:06.000]  所謂的士司的時代
[00:42:06.000 --> 00:42:09.000]  士司這個名字也很文雅
[00:42:09.000 --> 00:42:13.000]  我沒有在其他中文的寫作裏
[00:42:13.000 --> 00:42:14.000]  碰過這個名稱
[00:42:14.000 --> 00:42:16.000]  所以只是去過禮拜堂的人
[00:42:16.000 --> 00:42:18.000]  才知道什麼是士司
[00:42:18.000 --> 00:42:19.000]  英文的聖經就說
[00:42:19.000 --> 00:42:21.000]  Judges 審判官
[00:42:21.000 --> 00:42:24.000]  這羣人又不只是審判
[00:42:24.000 --> 00:42:26.000]  這羣人沒錯坐在城門口
[00:42:26.000 --> 00:42:29.000]  爲百姓判斷是非
[00:42:29.000 --> 00:42:34.000]  城門口就不是人民入境事務處
[00:42:34.000 --> 00:42:36.000]  將來報國籍的地方
[00:42:36.000 --> 00:42:39.000]  城門口就是法庭
[00:42:39.000 --> 00:42:43.000]  就是他們要判決是非的地方
[00:42:43.000 --> 00:42:48.000]  這羣士司一方面是幫助百姓
[00:42:48.000 --> 00:42:52.000]  好像摩西一樣判斷是非
[00:42:52.000 --> 00:42:55.000]  這羣士司我們最清楚記得的那幾個人物
[00:42:55.000 --> 00:42:59.000]  參孫 基甸 耶烏他
[00:42:59.000 --> 00:43:03.000]  這羣人是民族的英雄
[00:43:03.000 --> 00:43:08.000]  是當他們受到迦南人欺負的時候
[00:43:08.000 --> 00:43:14.000]  將他們拯救脫離水火的民族救星
[00:43:14.000 --> 00:43:19.000]  這羣人其實是以色列的民間
[00:43:19.000 --> 00:43:23.000]  傳頌不已的英雄人物
[00:43:23.000 --> 00:43:29.000]  他們的傳記不是着眼於他們的私人生活
[00:43:29.000 --> 00:43:32.000]  他們的傳記是着眼於他們
[00:43:32.000 --> 00:43:36.000]  如何拯救以色列脫離敵人的手
[00:43:36.000 --> 00:43:39.000]  包括參孫的生平在內
[00:43:39.000 --> 00:43:42.000]  雖然參孫的生平是跟女人的關係
[00:43:42.000 --> 00:43:45.000]  但每件事都是到最後
[00:43:45.000 --> 00:43:48.000]  上帝如何透過敗壞人的生命
[00:43:48.000 --> 00:43:53.000]  令到非利士人不能夠爲所欲爲
[00:43:53.000 --> 00:43:58.000]  是從這個角度來寫這一批所謂士司
[00:43:58.000 --> 00:44:00.000]  他們的生平事蹟
[00:44:00.000 --> 00:44:03.000]  我們所熟悉的當然是一個循環
[00:44:03.000 --> 00:44:06.000]  百姓離開上帝
[00:44:06.000 --> 00:44:09.000]  於是他們就受到外族的壓迫
[00:44:09.000 --> 00:44:10.000]  於是他們哀求上帝
[00:44:10.000 --> 00:44:12.000]  上帝就興起士司
[00:44:12.000 --> 00:44:14.000]  士司就拯救他們
[00:44:14.000 --> 00:44:16.000]  於是國中太平四十年
[00:44:16.000 --> 00:44:17.000]  於是他們又離開上帝
[00:44:17.000 --> 00:44:19.000]  於是又有外族興起
[00:44:19.000 --> 00:44:20.000]  又壓迫他們
[00:44:20.000 --> 00:44:21.000]  於是他們又哀求上帝
[00:44:21.000 --> 00:44:22.000]  上帝又興起士司
[00:44:22.000 --> 00:44:24.000]  士司又拯救他們
[00:44:24.000 --> 00:44:26.000]  於是國中又太平四十年
[00:44:26.000 --> 00:44:27.000]  真的
[00:44:27.000 --> 00:44:28.000]  真的
[00:44:28.000 --> 00:44:30.000]  從第二章開始
[00:44:30.000 --> 00:44:31.000]  第二章十一節開始
[00:44:31.000 --> 00:44:34.000]  一直到第十六章
[00:44:34.000 --> 00:44:37.000]  都是一個這樣不斷的循環
[00:44:37.000 --> 00:44:42.000]  十七章到二十一章就更慘
[00:44:42.000 --> 00:44:45.000]  如果你說前面很混亂
[00:44:45.000 --> 00:44:48.000]  就最後那幾章更混亂
[00:44:48.000 --> 00:44:51.000]  前面那幾章還分得到
[00:44:51.000 --> 00:44:53.000]  誰是敵人誰是自己人
[00:44:53.000 --> 00:44:55.000]  以色列人是自己人
[00:44:55.000 --> 00:44:57.000]  打起鑼打起鼓
[00:44:57.000 --> 00:44:59.000]  大家都要放下手頭上的工作
[00:44:59.000 --> 00:45:00.000]  出去打仗
[00:45:00.000 --> 00:45:01.000]  敵人是誰呢
[00:45:01.000 --> 00:45:02.000]  摩厄人
[00:45:02.000 --> 00:45:03.000]  敵人是誰呢
[00:45:03.000 --> 00:45:04.000]  米殿人
[00:45:04.000 --> 00:45:05.000]  敵人是誰呢
[00:45:05.000 --> 00:45:06.000]  菲律斯人
[00:45:06.000 --> 00:45:08.000]  十七到二十一章
[00:45:08.000 --> 00:45:09.000]  如果你真的讀過
[00:45:09.000 --> 00:45:11.000]  很少人會讀這幾章聖經
[00:45:11.000 --> 00:45:13.000]  因爲太混亂了
[00:45:13.000 --> 00:45:15.000]  太沒有意義了
[00:45:15.000 --> 00:45:18.000]  如果我們用耶穌的說法
[00:45:18.000 --> 00:45:19.000]  不是國攻打國
[00:45:19.000 --> 00:45:20.000]  是民攻打民
[00:45:20.000 --> 00:45:22.000]  是自己人打自己人
[00:45:22.000 --> 00:45:24.000]  以色列的支派
[00:45:24.000 --> 00:45:26.000]  自己自相殘殺
[00:45:26.000 --> 00:45:28.000]  用中文的成語
[00:45:28.000 --> 00:45:30.000]  兄弟一場
[00:45:30.000 --> 00:45:33.000]  自己主鬥言鬥機
[00:45:33.000 --> 00:45:35.000]  兄弟相殘
[00:45:35.000 --> 00:45:37.000]  甚至去到一個地步
[00:45:37.000 --> 00:45:40.000]  其中一個族差點滅族
[00:45:40.000 --> 00:45:43.000]  整個支派差點沒後繼
[00:45:43.000 --> 00:45:45.000]  於是要強行找些人
[00:45:45.000 --> 00:45:48.000]  幫他們想辦法延續下去
[00:45:48.000 --> 00:45:49.000]  不然就變成十一支派
[00:45:49.000 --> 00:45:51.000]  不是十二支派了
[00:45:51.000 --> 00:45:52.000]  這段日子
[00:45:52.000 --> 00:45:55.000]  這幾章聖經有個金句
[00:45:55.000 --> 00:45:56.000]  金句就是
[00:45:56.000 --> 00:45:59.000]  那時以色列中沒有王
[00:45:59.000 --> 00:46:02.000]  各人任意而行
[00:46:02.000 --> 00:46:03.000]  各人任意而行
[00:46:03.000 --> 00:46:05.000]  這個翻譯就是解釋
[00:46:05.000 --> 00:46:08.000]  希伯來文的說法是
[00:46:08.000 --> 00:46:11.000]  各人行自己眼中
[00:46:11.000 --> 00:46:13.000]  認爲對的事
[00:46:13.000 --> 00:46:16.000]  這個翻譯很小心
[00:46:16.000 --> 00:46:19.000]  各人眼中認爲對的事
[00:46:19.000 --> 00:46:21.000]  可以是對的
[00:46:21.000 --> 00:46:23.000]  沒人規定我什麼是對
[00:46:23.000 --> 00:46:24.000]  什麼是錯
[00:46:24.000 --> 00:46:26.000]  甚至這句話可以解釋爲
[00:46:26.000 --> 00:46:29.000]  當時沒有一個暴君在上面
[00:46:29.000 --> 00:46:31.000]  怎麼控制我們
[00:46:31.000 --> 00:46:32.000]  要我們納稅
[00:46:32.000 --> 00:46:33.000]  排污費
[00:46:33.000 --> 00:46:34.000]  加三倍
[00:46:34.000 --> 00:46:35.000]  沒有
[00:46:35.000 --> 00:46:38.000]  各人自己做自己的事
[00:46:38.000 --> 00:46:41.000]  自己安定地生活
[00:46:41.000 --> 00:46:43.000]  當然這句話可以解釋
[00:46:43.000 --> 00:46:44.000]  但不是這樣解釋
[00:46:44.000 --> 00:46:45.000]  當時用的時候
[00:46:45.000 --> 00:46:46.000]  十七到二十一章
[00:46:46.000 --> 00:46:49.000]  這幾章聖經很混亂
[00:46:49.000 --> 00:46:51.000]  所以這個暗語
[00:46:51.000 --> 00:46:52.000]  開頭結尾都是說
[00:46:52.000 --> 00:46:55.000]  那時候以色列沒有王
[00:46:55.000 --> 00:46:57.000]  所以時詩紀的結束
[00:46:57.000 --> 00:46:59.000]  又不是一個真正的結束
[00:46:59.000 --> 00:47:01.000]  在結束最後那幾章
[00:47:01.000 --> 00:47:03.000]  鋪定路告訴你
[00:47:03.000 --> 00:47:06.000]  有王就好了
[00:47:06.000 --> 00:47:08.000]  有個王就不同了
[00:47:08.000 --> 00:47:10.000]  地方就沒那麼亂
[00:47:10.000 --> 00:47:12.000]  我們有政府
[00:47:12.000 --> 00:47:15.000]  這個時詩紀很自然
[00:47:15.000 --> 00:47:18.000]  引入到撒姆爾紀
[00:47:18.000 --> 00:47:20.000]  撒姆爾紀上的開始
[00:47:20.000 --> 00:47:23.000]  當然就是撒姆爾這個主角
[00:47:23.000 --> 00:47:26.000]  雖然撒姆爾紀有上下卷
[00:47:26.000 --> 00:47:29.000]  撒姆爾卻佔了
[00:47:29.000 --> 00:47:34.000]  頂多是撒姆爾紀上一半的篇幅
[00:47:34.000 --> 00:47:38.000]  開頭他是主角
[00:47:38.000 --> 00:47:40.000]  撒姆爾是時詩
[00:47:40.000 --> 00:47:43.000]  他是最後的一個時詩
[00:47:43.000 --> 00:47:45.000]  撒姆爾是一個先知
[00:47:45.000 --> 00:47:47.000]  甚至撒姆爾是一個祭司
[00:47:47.000 --> 00:47:49.000]  一生兼三職
[00:47:49.000 --> 00:47:52.000]  國家主席 黨委總書記
[00:47:52.000 --> 00:47:54.000]  還有第三個
[00:47:54.000 --> 00:47:59.000]  軍委主席 中國近代歷史
[00:47:59.000 --> 00:48:01.000]  忠臣教出來的
[00:48:01.000 --> 00:48:06.000]  撒姆爾是這樣的人物
[00:48:06.000 --> 00:48:08.000]  但他是一個轉接的人物
[00:48:08.000 --> 00:48:12.000]  出現的時候已經很清楚了
[00:48:12.000 --> 00:48:14.000]  當時的祭司
[00:48:14.000 --> 00:48:18.000]  以利勳容年紀老邁
[00:48:18.000 --> 00:48:20.000]  縱容兩個兒子
[00:48:20.000 --> 00:48:23.000]  在聖所裏作惡多端
[00:48:23.000 --> 00:48:27.000]  撒姆爾在他的生平當中
[00:48:27.000 --> 00:48:30.000]  百姓要求立王
[00:48:30.000 --> 00:48:35.000]  他說撒姆爾你這樣就是不要我
[00:48:35.000 --> 00:48:37.000]  上帝你不用那麼生氣
[00:48:37.000 --> 00:48:39.000]  他其實是不要上帝不是不要你
[00:48:39.000 --> 00:48:42.000]  很多衝突的環境
[00:48:42.000 --> 00:48:47.000]  將時詩的那種內憂外患
[00:48:47.000 --> 00:48:52.000]  推到一個沒法不改變的地步
[00:48:52.000 --> 00:48:57.000]  所以在撒姆爾的生平當中
[00:48:57.000 --> 00:49:06.000]  王國就開始在那裏出現
[00:49:06.000 --> 00:49:12.000]  慢慢形成一個需要
[00:49:12.000 --> 00:49:16.000]  這個需要沒有人能夠制止
[00:49:16.000 --> 00:49:19.000]  在這段記載裏有些說話
[00:49:19.000 --> 00:49:22.000]  已經講得很隱晦
[00:49:22.000 --> 00:49:24.000]  百姓要求立王的時候
[00:49:24.000 --> 00:49:25.000]  他們這樣說
[00:49:25.000 --> 00:49:27.000]  我們要有一個王
[00:49:27.000 --> 00:49:31.000]  好像其他的國家一樣
[00:49:31.000 --> 00:49:33.000]  這句話聽起來沒什麼
[00:49:33.000 --> 00:49:35.000]  但是很大的忌諱
[00:49:35.000 --> 00:49:39.000]  因爲以色列在西乃和上帝立約
[00:49:39.000 --> 00:49:42.000]  就正正是要在萬民中
[00:49:42.000 --> 00:49:45.000]  屬於上帝的子民
[00:49:45.000 --> 00:49:48.000]  就不是好像其他國家一樣
[00:49:48.000 --> 00:49:51.000]  所以現在立王的呼聲
[00:49:51.000 --> 00:49:56.000]  在一路籌備的過程中
[00:49:56.000 --> 00:49:58.000]  這句口號就是
[00:49:58.000 --> 00:50:02.000]  爲什麼聖經說他們拒絕上帝
[00:50:02.000 --> 00:50:08.000]  上帝要求他們和其他國家分別出來
[00:50:08.000 --> 00:50:14.000]  現在他們正式要求和其他國家一樣
[00:50:14.000 --> 00:50:16.000]  教會也是
[00:50:16.000 --> 00:50:17.000]  上帝呼召我們出來
[00:50:17.000 --> 00:50:20.000]  要和社會有分別
[00:50:20.000 --> 00:50:21.000]  但慢慢發現
[00:50:21.000 --> 00:50:24.000]  在教會開會的時候
[00:50:24.000 --> 00:50:28.000]  我們要好像外面工商管理一樣
[00:50:28.000 --> 00:50:31.000]  我們要像外面這樣的做法
[00:50:31.000 --> 00:50:32.000]  要有budgeting
[00:50:32.000 --> 00:50:34.000]  要有財政預算
[00:50:34.000 --> 00:50:37.000]  要有問責的制度
[00:50:37.000 --> 00:50:39.000]  向誰學習
[00:50:39.000 --> 00:50:44.000]  向那些MBA工商管理碩士的課程學習
[00:50:44.000 --> 00:50:48.000]  要送我們的牧師去讀一下管理學
[00:50:48.000 --> 00:50:51.000]  這個學不學像不像的問題
[00:50:51.000 --> 00:50:52.000]  不是今天才出現的
[00:50:52.000 --> 00:50:55.000]  在當時已經出現了
[00:50:55.000 --> 00:50:58.000]  第八章開始我們讀到蘇羅
[00:50:58.000 --> 00:51:04.000]  蘇羅是第一個的君王
[00:51:04.000 --> 00:51:08.000]  他在位的日子其實不短
[00:51:08.000 --> 00:51:12.000]  不過你發現聖經的記載很快
[00:51:12.000 --> 00:51:17.000]  就將他成爲了配角
[00:51:17.000 --> 00:51:22.000]  其實他一直到薩姆爾紀結束的時候才死的
[00:51:22.000 --> 00:51:24.000]  整卷的薩姆爾紀
[00:51:24.000 --> 00:51:26.000]  其實應該是薩姆爾
[00:51:26.000 --> 00:51:27.000]  然後就是蘇羅
[00:51:27.000 --> 00:51:30.000]  薩姆爾是頭七章
[00:51:30.000 --> 00:51:32.000]  由第八章開始蘇羅出現
[00:51:32.000 --> 00:51:33.000]  一直到三十一章
[00:51:33.000 --> 00:51:34.000]  蘇羅都在
[00:51:34.000 --> 00:51:37.000]  不過十六章開始
[00:51:37.000 --> 00:51:39.000]  就殺出大魏
[00:51:39.000 --> 00:51:42.000]  蘇羅違背上帝的命令之後
[00:51:42.000 --> 00:51:45.000]  上帝厭棄他作王
[00:51:45.000 --> 00:51:49.000]  上帝就透過薩姆爾去告耶穌
[00:51:49.000 --> 00:51:51.000]  最小的兒子大魏
[00:51:51.000 --> 00:51:53.000]  於是由十六章開始
[00:51:53.000 --> 00:51:57.000]  大魏就成爲了主角人物
[00:51:57.000 --> 00:51:59.000]  這個偷天換日
[00:51:59.000 --> 00:52:01.000]  本來蘇羅是主角的
[00:52:01.000 --> 00:52:03.000]  突然間大魏上場
[00:52:03.000 --> 00:52:05.000]  即刻搶了主角來做
[00:52:05.000 --> 00:52:07.000]  最清楚的就是他打仗
[00:52:07.000 --> 00:52:09.000]  打完哥利亞回來
[00:52:09.000 --> 00:52:11.000]  那些婦女唱歌
[00:52:11.000 --> 00:52:13.000]  蘇羅殺死千千
[00:52:13.000 --> 00:52:15.000]  蘇羅很高興
[00:52:15.000 --> 00:52:18.000]  大英雄大魏殺死萬萬
[00:52:18.000 --> 00:52:19.000]  有沒有搞錯
[00:52:19.000 --> 00:52:21.000]  他殺死了哥利亞
[00:52:21.000 --> 00:52:22.000]  爲什麼這麼唱他呢
[00:52:22.000 --> 00:52:24.000]  爲什麼這麼贊他呢
[00:52:24.000 --> 00:52:27.000]  主角已經轉人了
[00:52:27.000 --> 00:52:30.000]  於是十六章到三十一章
[00:52:30.000 --> 00:52:33.000]  其實就是蘇羅追殺大魏
[00:52:33.000 --> 00:52:36.000]  大魏又如何逃避蘇羅
[00:52:36.000 --> 00:52:39.000]  直到最後蘇羅陣亡
[00:52:39.000 --> 00:52:44.000]  撒姆爾紀下才是大魏正式有機會
[00:52:44.000 --> 00:52:47.000]  先在猶大登基
[00:52:47.000 --> 00:52:50.000]  然後再在以色列登基
[00:52:50.000 --> 00:52:55.000]  然後再將國都遷移到耶路撒冷
[00:52:55.000 --> 00:52:59.000]  所以撒姆爾紀上和下中間沒有斷
[00:52:59.000 --> 00:53:02.000]  正如約書亞紀到時斯紀
[00:53:02.000 --> 00:53:04.000]  時斯紀到撒姆爾紀
[00:53:04.000 --> 00:53:07.000]  撒姆爾紀上下根本不應該分
[00:53:07.000 --> 00:53:09.000]  其實是一氣呵成的
[00:53:09.000 --> 00:53:11.000]  大魏逃避逃避逃避
[00:53:11.000 --> 00:53:12.000]  到最後蘇羅死了
[00:53:12.000 --> 00:53:14.000]  他鬆了口氣
[00:53:14.000 --> 00:53:17.000]  他真的現在沒有人和他搶鏡頭
[00:53:17.000 --> 00:53:25.000]  他可以成爲聯合王國唯一的君主
[00:53:25.000 --> 00:53:27.000]  但是大魏的生平呢
[00:53:27.000 --> 00:53:31.000]  如果你說撒姆爾紀主要是以大魏爲人物
[00:53:31.000 --> 00:53:33.000]  我不反對
[00:53:33.000 --> 00:53:36.000]  他的生平也不是一面倒的
[00:53:36.000 --> 00:53:43.000]  十六到三十一章是他顛沛流離的階段
[00:53:43.000 --> 00:53:46.000]  時時都要逃避有殺身之禍
[00:53:46.000 --> 00:53:49.000]  甚至有時候避無可避
[00:53:49.000 --> 00:53:56.000]  要假裝瘋在阿吉菲利士的王面前
[00:53:56.000 --> 00:53:58.000]  很淒涼
[00:53:58.000 --> 00:54:01.000]  第一章到第八章是他
[00:54:01.000 --> 00:54:04.000]  籌儲滿志出來做皇帝的開始
[00:54:04.000 --> 00:54:06.000]  很快就在第九章開始
[00:54:06.000 --> 00:54:14.000]  記載他自己的兒子的叛亂壓沙龍
[00:54:14.000 --> 00:54:19.000]  壓沙龍的叛亂根就很遠了
[00:54:19.000 --> 00:54:21.000]  一路追上去
[00:54:21.000 --> 00:54:26.000]  大魏家的不和就很深
[00:54:26.000 --> 00:54:30.000]  在背景上
[00:54:30.000 --> 00:54:35.000]  大魏一生不是平平安安
[00:54:35.000 --> 00:54:38.000]  所以到他要建聖殿的時候
[00:54:38.000 --> 00:54:41.000]  上帝告訴他不要管建了
[00:54:41.000 --> 00:54:43.000]  留給所羅門
[00:54:43.000 --> 00:54:46.000]  因爲你流血太多
[00:54:46.000 --> 00:54:51.000]  你的一生是戰爭爲主
[00:54:51.000 --> 00:54:54.000]  這個戰爭不單單是和敵人
[00:54:54.000 --> 00:54:56.000]  外敵菲利士的戰爭
[00:54:56.000 --> 00:54:58.000]  和蘇羅的戰爭
[00:54:58.000 --> 00:55:01.000]  現在是他自己家庭裏面的戰爭
[00:55:01.000 --> 00:55:03.000]  很血腥的
[00:55:03.000 --> 00:55:07.000]  以前是大家出鄉入隊的死黨
[00:55:07.000 --> 00:55:11.000]  在這些叛亂當中變成敵俄
[00:55:11.000 --> 00:55:14.000]  有時候教會也有這樣的經歷
[00:55:14.000 --> 00:55:15.000]  少年團契的時候
[00:55:15.000 --> 00:55:17.000]  大家一起打天下
[00:55:17.000 --> 00:55:19.000]  現在上到執事會
[00:55:19.000 --> 00:55:21.000]  竟然變成兩派
[00:55:21.000 --> 00:55:23.000]  一派是保皇黨
[00:55:23.000 --> 00:55:25.000]  一派是民主黨
[00:55:25.000 --> 00:55:28.000]  戴維加出現這樣的情況
[00:55:28.000 --> 00:55:30.000]  聖經如實記錄
[00:55:30.000 --> 00:55:33.000]  他們的勇士如何分裂
[00:55:33.000 --> 00:55:36.000]  他們的元帥如何你殺我我殺你
[00:55:36.000 --> 00:55:39.000]  在宮廷的鬥爭
[00:55:39.000 --> 00:55:42.000]  不讓我們現在看什麼祕文
[00:55:42.000 --> 00:55:45.000]  前流氓又說英國
[00:55:45.000 --> 00:55:47.000]  一會又說中國
[00:55:47.000 --> 00:55:50.000]  一樣是這麼黑暗
[00:55:50.000 --> 00:55:53.000]  一樣是這麼莽撞
[00:55:53.000 --> 00:55:56.000]  戴維的晚年賽姆爾記下
[00:55:56.000 --> 00:55:59.000]  21章到24章
[00:55:59.000 --> 00:56:02.000]  這是一般學者的分段
[00:56:02.000 --> 00:56:06.000]  其實21章22章都是說叛亂的尾聲
[00:56:06.000 --> 00:56:10.000]  21章是說除了他的家庭之外
[00:56:10.000 --> 00:56:13.000]  皇子還有其他的敵人
[00:56:13.000 --> 00:56:15.000]  他如何平定了
[00:56:15.000 --> 00:56:22.000]  22章是戴維自己的回顧他一生
[00:56:22.000 --> 00:56:24.000]  他寫了一首詩
[00:56:24.000 --> 00:56:26.000]  這首詩是詩篇18篇
[00:56:26.000 --> 00:56:29.000]  在賽姆爾記下第22章
[00:56:29.000 --> 00:56:31.000]  就轉載了過來
[00:56:31.000 --> 00:56:33.000]  終結戴維的一生
[00:56:33.000 --> 00:56:36.000]  他如何在戰亂當中
[00:56:36.000 --> 00:56:38.000]  上帝幫助他
[00:56:38.000 --> 00:56:40.000]  戴維的晚年並沒有完
[00:56:40.000 --> 00:56:43.000]  在賽姆爾記下的24章
[00:56:43.000 --> 00:56:46.000]  你打開列王紀上第一第二章
[00:56:46.000 --> 00:56:49.000]  也是說戴維的晚年
[00:56:49.000 --> 00:56:51.000]  其實那裏是由戴維說起的
[00:56:51.000 --> 00:56:53.000]  戴維年老的時候
[00:56:53.000 --> 00:56:58.000]  他如何交代所羅門繼承他的王位
[00:56:58.000 --> 00:57:00.000]  所羅門登位
[00:57:00.000 --> 00:57:02.000]  其實不是列王紀上第一章
[00:57:02.000 --> 00:57:04.000]  是第三章
[00:57:04.000 --> 00:57:06.000]  所以接觸也很緊密
[00:57:06.000 --> 00:57:09.000]  賽姆爾記不是完就完
[00:57:09.000 --> 00:57:11.000]  列王紀就另外開過
[00:57:11.000 --> 00:57:13.000]  又不是現在拍電影
[00:57:13.000 --> 00:57:15.000]  Die Hard拍完之後收得
[00:57:15.000 --> 00:57:16.000]  Die Hard 2
[00:57:16.000 --> 00:57:18.000]  從頭想過
[00:57:18.000 --> 00:57:20.000]  同一個主角
[00:57:20.000 --> 00:57:22.000]  他真的一直連續下去
[00:57:22.000 --> 00:57:26.000]  分析書卷是後來的事
[00:57:26.000 --> 00:57:29.000]  之前那個一氣呵成地說下去
[00:57:29.000 --> 00:57:32.000]  所以勉強切開了戴維的晚年
[00:57:32.000 --> 00:57:34.000]  其實切不開列王紀上
[00:57:34.000 --> 00:57:36.000]  一開始繼續說戴維的晚年
[00:57:36.000 --> 00:57:38.000]  但就引到所羅門
[00:57:38.000 --> 00:57:40.000]  首十一章說所羅門
[00:57:40.000 --> 00:57:43.000]  他的自衛
[00:57:43.000 --> 00:57:46.000]  從機騙求自衛
[00:57:46.000 --> 00:57:49.000]  審案起聖殿
[00:57:49.000 --> 00:57:53.000]  這是所羅門王光輝的一面
[00:57:53.000 --> 00:57:56.000]  這十一章聖經也沒有隱瞞
[00:57:56.000 --> 00:58:00.000]  聯合王國戴維家的王朝
[00:58:00.000 --> 00:58:03.000]  其實也有內憂外患
[00:58:03.000 --> 00:58:05.000]  在這些建築
[00:58:05.000 --> 00:58:07.000]  這些大興土木的背後
[00:58:07.000 --> 00:58:10.000]  民生被犧牲
[00:58:10.000 --> 00:58:12.000]  人民做苦工
[00:58:12.000 --> 00:58:16.000]  所以視乎你從什麼角度去看
[00:58:16.000 --> 00:58:18.000]  如果你從一個很積極的角度去看
[00:58:18.000 --> 00:58:21.000]  當然看到聖殿感恩崇拜
[00:58:21.000 --> 00:58:24.000]  如果你的兒子在那場建築當中
[00:58:24.000 --> 00:58:26.000]  因公受傷死亡
[00:58:26.000 --> 00:58:28.000]  沒有賠償
[00:58:28.000 --> 00:58:31.000]  感恩的日子你不會去參加
[00:58:31.000 --> 00:58:33.000]  在那段期間
[00:58:33.000 --> 00:58:36.000]  積壓了很多民怨
[00:58:36.000 --> 00:58:38.000]  剛纔我們提到
[00:58:38.000 --> 00:58:41.000]  所羅門王的辭後
[00:58:41.000 --> 00:58:46.000]  雖然好像是黃金的時期
[00:58:46.000 --> 00:58:48.000]  最富強
[00:58:48.000 --> 00:58:50.000]  最繁盛
[00:58:50.000 --> 00:58:52.000]  最安定繁榮
[00:58:52.000 --> 00:58:57.000]  但事實上隱憂是很清楚的
[00:58:57.000 --> 00:58:59.000]  所以到了第十二章
[00:58:59.000 --> 00:59:01.000]  所羅門死了之後
[00:59:01.000 --> 00:59:03.000]  他的兒子羅邦安繼位
[00:59:03.000 --> 00:59:06.000]  百姓就開始不安
[00:59:06.000 --> 00:59:08.000]  這個不安就是
[00:59:08.000 --> 00:59:11.000]  戴維和他的兒子都已經不在了
[00:59:11.000 --> 00:59:13.000]  現在到孫子
[00:59:13.000 --> 00:59:16.000]  在那種富庶的環境
[00:59:16.000 --> 00:59:19.000]  祖宗的任避之下
[00:59:19.000 --> 00:59:21.000]  長大的羅邦安是一個怎樣的人呢
[00:59:21.000 --> 00:59:23.000]  你都想象得到
[00:59:23.000 --> 00:59:25.000]  那些叫二世祖
[00:59:25.000 --> 00:59:27.000]  所以羅邦安不識治國
[00:59:27.000 --> 00:59:31.000]  而且他不肯聽老年人的說話
[00:59:31.000 --> 00:59:34.000]  結果國家就分裂
[00:59:34.000 --> 00:59:36.000]  留心這個國家的分裂
[00:59:36.000 --> 00:59:38.000]  第一
[00:59:38.000 --> 00:59:42.000]  事實上聯合一起的時間
[00:59:42.000 --> 00:59:45.000]  是很短的
[00:59:45.000 --> 00:59:50.000]  戴維登基的經文記載很特別
[00:59:50.000 --> 00:59:55.000]  是記載戴維先做猶大的王
[00:59:55.000 --> 01:00:01.000]  然後再做猶大和以色列的王
[01:00:01.000 --> 01:00:05.000]  這個是在撒慕爾記下第五章
[01:00:05.000 --> 01:00:08.000]  第五節那裏的記載
[01:00:08.000 --> 01:00:10.000]  戴維登基第四節
[01:00:10.000 --> 01:00:13.000]  是說戴維登基的時候年三十歲
[01:00:13.000 --> 01:00:15.000]  在位四十年
[01:00:15.000 --> 01:00:18.000]  在希伯倫做猶大王七年零六個月
[01:00:18.000 --> 01:00:22.000]  在耶路撒冷做以色列和猶大王三十三年
[01:00:22.000 --> 01:00:25.000]  猶大在南邊
[01:00:25.000 --> 01:00:30.000]  北邊是以法連爲主最大的支派
[01:00:30.000 --> 01:00:32.000]  約瑟加
[01:00:32.000 --> 01:00:35.000]  這兩個南北的勢力
[01:00:35.000 --> 01:00:39.000]  是分的時間長過合的時間
[01:00:39.000 --> 01:00:42.000]  合在一起就是大魏所羅門這兩個王的時間
[01:00:42.000 --> 01:00:46.000]  之前是支派各自爲政的時候
[01:00:46.000 --> 01:00:49.000]  之後南北又再分開
[01:00:49.000 --> 01:00:52.000]  猶大和貶雅門在一起
[01:00:52.000 --> 01:00:54.000]  仍然歸順大魏家
[01:00:54.000 --> 01:00:57.000]  很長的日子四百多年
[01:00:57.000 --> 01:01:02.000]  北國以色列以法連約瑟加爲主
[01:01:02.000 --> 01:01:06.000]  第二我們留意的除了這個事實之外
[01:01:06.000 --> 01:01:11.000]  就是耶羅邦安尼伯的兒子耶羅邦安
[01:01:11.000 --> 01:01:16.000]  聖經通常用父親的名字作人的姓
[01:01:16.000 --> 01:01:19.000]  所以不是西方人說耶羅邦安一世
[01:01:19.000 --> 01:01:21.000]  耶羅邦安二世
[01:01:21.000 --> 01:01:24.000]  這是西方的叫法
[01:01:24.000 --> 01:01:26.000]  聖經的說法是用他爸爸的名字
[01:01:26.000 --> 01:01:28.000]  亂的兒子 弱孫
[01:01:28.000 --> 01:01:32.000]  所以耶穌和彼得說話
[01:01:32.000 --> 01:01:36.000]  約翰的兒子西門
[01:01:36.000 --> 01:01:38.000]  西門巴約拿
[01:01:38.000 --> 01:01:41.000]  約翰是約拿 約翰是希臘文
[01:01:41.000 --> 01:01:43.000]  約拿是希伯來文
[01:01:43.000 --> 01:01:45.000]  用爸爸的名字叫他
[01:01:45.000 --> 01:01:47.000]  這是聖經裏的習慣
[01:01:47.000 --> 01:01:51.000]  耶羅邦安第一個以色列的君王
[01:01:51.000 --> 01:01:54.000]  尼伯的兒子耶羅邦安
[01:01:54.000 --> 01:01:56.000]  後來有另一個耶羅邦安
[01:01:56.000 --> 01:01:58.000]  在阿摩斯的時候
[01:01:58.000 --> 01:02:00.000]  在約拿先知約拿的時候
[01:02:00.000 --> 01:02:02.000]  約阿斯的兒子耶羅邦安
[01:02:02.000 --> 01:02:04.000]  尼伯的兒子耶羅邦安
[01:02:04.000 --> 01:02:07.000]  他本來是所羅門一個神僕
[01:02:07.000 --> 01:02:10.000]  一個大概很出色的神僕
[01:02:10.000 --> 01:02:15.000]  他是受先知的吩咐
[01:02:15.000 --> 01:02:19.000]  而起來叛變
[01:02:19.000 --> 01:02:24.000]  所以北國以色列的開始
[01:02:24.000 --> 01:02:27.000]  不是作反這麼簡單
[01:02:27.000 --> 01:02:29.000]  而是他有他的傳統
[01:02:29.000 --> 01:02:31.000]  他的傳統是什麼傳統
[01:02:31.000 --> 01:02:33.000]  就是士師紀的傳統
[01:02:33.000 --> 01:02:36.000]  神的靈落在誰的身上
[01:02:36.000 --> 01:02:41.000]  神揀選誰就有資格做領袖
[01:02:41.000 --> 01:02:43.000]  這個士師的傳統
[01:02:43.000 --> 01:02:48.000]  不是父親傳給兒子的傳統
[01:02:48.000 --> 01:02:50.000]  不是世襲的
[01:02:50.000 --> 01:02:52.000]  南國猶大
[01:02:52.000 --> 01:02:54.000]  大魏家 大魏的後裔
[01:02:54.000 --> 01:02:56.000]  大魏的子孫
[01:02:56.000 --> 01:02:58.000]  這是世襲的傳統
[01:02:58.000 --> 01:03:02.000]  北國 以法聯 約瑟加
[01:03:02.000 --> 01:03:04.000]  以色列這十個支派
[01:03:04.000 --> 01:03:06.000]  不承認這樣的制度
[01:03:06.000 --> 01:03:08.000]  他們要復古
[01:03:08.000 --> 01:03:11.000]  他們要回到基本的制度
[01:03:11.000 --> 01:03:13.000]  他們是基要派
[01:03:13.000 --> 01:03:15.000]  他們是基本派
[01:03:15.000 --> 01:03:17.000]  他們回到士師的時候
[01:03:17.000 --> 01:03:19.000]  上帝的揀選
[01:03:19.000 --> 01:03:21.000]  透過先知的高納
[01:03:21.000 --> 01:03:23.000]  掃羅是這樣高納出來的
[01:03:23.000 --> 01:03:25.000]  大魏是這樣高納出來的
[01:03:25.000 --> 01:03:27.000]  現在有先知高納耶羅邦安
[01:03:27.000 --> 01:03:30.000]  開始北國以色列
[01:03:30.000 --> 01:03:34.000]  所以由聯王紀上十二章開始記載
[01:03:34.000 --> 01:03:37.000]  很快記載了南北分裂之後
[01:03:37.000 --> 01:03:39.000]  初初是你打我我打你
[01:03:39.000 --> 01:03:40.000]  分開當然是這樣
[01:03:40.000 --> 01:03:41.000]  經常想統一
[01:03:41.000 --> 01:03:42.000]  兩邊都叫統一
[01:03:42.000 --> 01:03:43.000]  一個以色列
[01:03:43.000 --> 01:03:45.000]  當然叫這些口號
[01:03:45.000 --> 01:03:48.000]  到第十七章開始
[01:03:48.000 --> 01:03:50.000]  焦點就轉移了
[01:03:50.000 --> 01:03:53.000]  第十七章開始的時候
[01:03:53.000 --> 01:03:55.000]  是記載阿哈王
[01:03:55.000 --> 01:03:58.000]  阿哈王其實他父親
[01:03:58.000 --> 01:04:01.000]  是一個鼎鼎大名的皇帝
[01:04:01.000 --> 01:04:03.000]  暗歷
[01:04:03.000 --> 01:04:05.000]  暗歷爲什麼這麼出名呢
[01:04:05.000 --> 01:04:08.000]  聖經裏面六節聖經就講完了
[01:04:08.000 --> 01:04:09.000]  沒錯
[01:04:09.000 --> 01:04:12.000]  在聯王紀上對暗歷
[01:04:12.000 --> 01:04:14.000]  完全沒有好東西講
[01:04:14.000 --> 01:04:20.000]  十六章第二十一節開始記載暗歷
[01:04:20.000 --> 01:04:24.000]  二十八節就記載完了
[01:04:24.000 --> 01:04:26.000]  頭尾八節聖經不是六節
[01:04:26.000 --> 01:04:27.000]  我講錯了
[01:04:27.000 --> 01:04:29.000]  但是這個人的名字
[01:04:29.000 --> 01:04:33.000]  卻是出現在考古的石碑上
[01:04:33.000 --> 01:04:37.000]  就是當時古代近東
[01:04:37.000 --> 01:04:40.000]  怎麼稱呼以色列北國呢
[01:04:40.000 --> 01:04:42.000]  稱他爲暗歷王朝
[01:04:42.000 --> 01:04:44.000]  暗歷家
[01:04:44.000 --> 01:04:46.000]  就等於今天在海外
[01:04:46.000 --> 01:04:48.000]  那些人怎麼稱呼我們中國人呢
[01:04:48.000 --> 01:04:50.000]  唐人
[01:04:50.000 --> 01:04:51.000]  漢人
[01:04:51.000 --> 01:04:53.000]  那個名氣很大
[01:04:53.000 --> 01:04:59.000]  暗歷王朝是以色列北國的中興時期
[01:04:59.000 --> 01:05:02.000]  國土很偉大
[01:05:02.000 --> 01:05:05.000]  實力很厲害
[01:05:05.000 --> 01:05:07.000]  阿哈王是他的兒子
[01:05:07.000 --> 01:05:09.000]  阿哈王不是一個簡單的人
[01:05:09.000 --> 01:05:11.000]  在這段時間裏面
[01:05:11.000 --> 01:05:13.000]  雖然有很多問題出現
[01:05:13.000 --> 01:05:17.000]  但是皇帝統治了以色列很久
[01:05:17.000 --> 01:05:20.000]  同時又是另一個人物
[01:05:20.000 --> 01:05:21.000]  搶了鏡頭
[01:05:21.000 --> 01:05:23.000]  就是先知以利亞
[01:05:23.000 --> 01:05:25.000]  所以在這一段的記載
[01:05:25.000 --> 01:05:27.000]  17到22章
[01:05:27.000 --> 01:05:29.000]  以阿哈王爲主
[01:05:29.000 --> 01:05:33.000]  但是先知以利亞是時時在他背後出現的人物
[01:05:33.000 --> 01:05:35.000]  阿哈做着做着
[01:05:35.000 --> 01:05:37.000]  先知以利亞就出現了
[01:05:37.000 --> 01:05:40.000]  這段記載沒有在列王紀上22章
[01:05:40.000 --> 01:05:44.000]  阿哈陣亡的事情上結束
[01:05:44.000 --> 01:05:48.000]  列王紀下的第一章到13章
[01:05:48.000 --> 01:05:51.000]  就轉爲以以利沙爲主
[01:05:51.000 --> 01:05:53.000]  皇帝就在背後
[01:05:53.000 --> 01:05:56.000]  但是仍然是暗歷王朝的延續
[01:05:56.000 --> 01:05:58.000]  直到耶穌
[01:05:58.000 --> 01:06:02.000]  就是暗歷王朝的邊疆大將軍
[01:06:02.000 --> 01:06:03.000]  造反
[01:06:03.000 --> 01:06:06.000]  就回來血洗撒瑪利亞
[01:06:06.000 --> 01:06:11.000]  將阿哈王的太太耶細別都殺了
[01:06:11.000 --> 01:06:17.000]  清洗以色列的暗歷加所有的人
[01:06:17.000 --> 01:06:19.000]  這段是很血腥的歷史
[01:06:19.000 --> 01:06:21.000]  在這段歷史裏
[01:06:21.000 --> 01:06:23.000]  先知以利亞
[01:06:23.000 --> 01:06:24.000]  以利沙
[01:06:24.000 --> 01:06:26.000]  我們不要用先知這個名字
[01:06:26.000 --> 01:06:28.000]  這個名字有些誤導
[01:06:28.000 --> 01:06:30.000]  他們不是在那裏占卜算命
[01:06:30.000 --> 01:06:32.000]  他們在那裏參與政治
[01:06:32.000 --> 01:06:34.000]  以利沙
[01:06:34.000 --> 01:06:38.000]  爲什麼阿蘭國每次打仗都輸呢
[01:06:38.000 --> 01:06:41.000]  有人說因爲以利沙的緣故
[01:06:41.000 --> 01:06:43.000]  以利沙知道你的行軍佈陣
[01:06:43.000 --> 01:06:45.000]  他那些間諜那麼厲害
[01:06:45.000 --> 01:06:47.000]  他不是一個神人
[01:06:47.000 --> 01:06:49.000]  你在睡房裏說的話
[01:06:49.000 --> 01:06:51.000]  他全部都知道
[01:06:51.000 --> 01:06:53.000]  沒有政教分離這回事
[01:06:53.000 --> 01:06:55.000]  這個先知
[01:06:55.000 --> 01:06:56.000]  這個神的僕人
[01:06:56.000 --> 01:06:57.000]  這個神的使者
[01:06:57.000 --> 01:06:58.000]  神的發言人
[01:06:58.000 --> 01:07:00.000]  他說的話
[01:07:00.000 --> 01:07:02.000]  是和政治有關
[01:07:02.000 --> 01:07:05.000]  以利亞臨離開世界
[01:07:05.000 --> 01:07:06.000]  他沒有死
[01:07:06.000 --> 01:07:08.000]  火車火馬接他昇天
[01:07:08.000 --> 01:07:11.000]  上帝給他三個任命
[01:07:11.000 --> 01:07:13.000]  只有一個是宗教的任命
[01:07:13.000 --> 01:07:15.000]  高立以利沙做他的繼承人
[01:07:15.000 --> 01:07:18.000]  另外兩個都是政治的任命
[01:07:18.000 --> 01:07:20.000]  高立兩個人做皇帝
[01:07:20.000 --> 01:07:22.000]  在這段日子裏
[01:07:22.000 --> 01:07:24.000]  列王紀上由第十七章
[01:07:24.000 --> 01:07:26.000]  到列王紀下第十三章
[01:07:26.000 --> 01:07:28.000]  暗利王朝的日子
[01:07:28.000 --> 01:07:31.000]  兩個鼎鼎大名的先知
[01:07:31.000 --> 01:07:33.000]  以利亞和以利沙出現
[01:07:33.000 --> 01:07:35.000]  所以列王紀沒有在那裏分割
[01:07:35.000 --> 01:07:37.000]  沒有在列王紀上二十二章停
[01:07:37.000 --> 01:07:40.000]  列王紀下十四章到十七章
[01:07:40.000 --> 01:07:45.000]  就交代北國亡的經過
[01:07:45.000 --> 01:07:49.000]  然後十八章到二十五章
[01:07:49.000 --> 01:07:53.000]  就記載南國猶大的復興
[01:07:53.000 --> 01:07:55.000]  北國亡了之後
[01:07:55.000 --> 01:08:00.000]  猶大經歷了兩個很出色的皇帝
[01:08:00.000 --> 01:08:02.000]  一個比較長的年日
[01:08:02.000 --> 01:08:03.000]  就是希西加
[01:08:03.000 --> 01:08:05.000]  有驚無險
[01:08:05.000 --> 01:08:07.000]  亞述的軍隊兵臨城下
[01:08:07.000 --> 01:08:09.000]  去到耶路撒冷圍困住他
[01:08:09.000 --> 01:08:11.000]  後來無功而退
[01:08:11.000 --> 01:08:13.000]  另一個比較短的
[01:08:13.000 --> 01:08:15.000]  但也一樣很出色的皇帝
[01:08:15.000 --> 01:08:16.000]  就是約西亞
[01:08:16.000 --> 01:08:19.000]  他的宗教改革文明到今天
[01:08:19.000 --> 01:08:22.000]  雖然這兩個皇帝
[01:08:22.000 --> 01:08:26.000]  是相當出色的皇帝
[01:08:26.000 --> 01:08:28.000]  但是猶大國的歷史
[01:08:28.000 --> 01:08:30.000]  也都來到結束
[01:08:30.000 --> 01:08:32.000]  亡在巴比倫
[01:08:32.000 --> 01:08:34.000]  不是亡在亞述
[01:08:34.000 --> 01:08:36.000]  我這樣說的時候
[01:08:36.000 --> 01:08:41.000]  其實我們已經進入第四個分段
[01:08:41.000 --> 01:08:46.000]  就是說到這四卷或者六卷的書卷
[01:08:46.000 --> 01:08:48.000]  我們叫歷史書也好
[01:08:48.000 --> 01:08:50.000]  我們叫它Naviim
[01:08:50.000 --> 01:08:52.000]  信息的卷相也好
[01:08:52.000 --> 01:08:54.000]  其實它們是很連貫的
[01:08:54.000 --> 01:08:56.000]  那個分卷
[01:08:56.000 --> 01:08:58.000]  分開什麼史詩記
[01:08:58.000 --> 01:08:59.000]  什麼約西亞記
[01:08:59.000 --> 01:09:01.000]  什麼撒姆爾記上下
[01:09:01.000 --> 01:09:05.000]  我懷疑很可能是因爲皮卷的長短來分的
[01:09:05.000 --> 01:09:07.000]  篇幅所限
[01:09:07.000 --> 01:09:09.000]  在內容上
[01:09:09.000 --> 01:09:11.000]  它一氣呵成地下
[01:09:11.000 --> 01:09:15.000]  這個連貫性
[01:09:15.000 --> 01:09:17.000]  實在是很重要的
[01:09:17.000 --> 01:09:20.000]  因爲當我們要找出主題的時候
[01:09:20.000 --> 01:09:22.000]  我們就需要去決定
[01:09:22.000 --> 01:09:25.000]  究竟這幾卷書
[01:09:25.000 --> 01:09:29.000]  或者這一卷很長的歷史書
[01:09:29.000 --> 01:09:32.000]  這些寫作
[01:09:32.000 --> 01:09:35.000]  究竟是在什麼情況下寫的呢
[01:09:35.000 --> 01:09:37.000]  爲什麼人而寫的呢
[01:09:37.000 --> 01:09:39.000]  寫來做什麼的呢
[01:09:39.000 --> 01:09:41.000]  這些問題是分不開的
[01:09:41.000 --> 01:09:43.000]  我們特別留意到的
[01:09:43.000 --> 01:09:45.000]  就是很特別的
[01:09:45.000 --> 01:09:49.000]  去到列王紀下第十七章
[01:09:49.000 --> 01:09:54.000]  當北國以色列國亡的時候
[01:09:54.000 --> 01:09:58.000]  竟然有很大段的經文
[01:09:58.000 --> 01:10:00.000]  就是列王紀下十七章
[01:10:00.000 --> 01:10:03.000]  由第七節開始
[01:10:03.000 --> 01:10:06.000]  一直到第十八節
[01:10:06.000 --> 01:10:08.000]  就是在那裡解釋
[01:10:08.000 --> 01:10:12.000]  爲什麼北國以色列會亡
[01:10:12.000 --> 01:10:14.000]  這個就不是寫歷史
[01:10:14.000 --> 01:10:17.000]  剛纔我們很強調我們有個教訓
[01:10:17.000 --> 01:10:22.000]  這裏不是由鏡頭拍攝事實
[01:10:22.000 --> 01:10:24.000]  這裏有個評述員出來
[01:10:24.000 --> 01:10:26.000]  訪問九十年代總編輯李怡先生
[01:10:26.000 --> 01:10:28.000]  怎樣看最近這件事
[01:10:28.000 --> 01:10:30.000]  那個人出來說話
[01:10:30.000 --> 01:10:32.000]  那個是一個解釋
[01:10:32.000 --> 01:10:35.000]  這個解釋是在列王紀下十七章
[01:10:35.000 --> 01:10:37.000]  很清楚的
[01:10:37.000 --> 01:10:40.000]  在這個大的事件發生
[01:10:40.000 --> 01:10:42.000]  北國以色列亡
[01:10:42.000 --> 01:10:44.000]  亡國而已
[01:10:44.000 --> 01:10:45.000]  國家興亡
[01:10:45.000 --> 01:10:46.000]  時時都有的
[01:10:46.000 --> 01:10:48.000]  這個亡那個興
[01:10:48.000 --> 01:10:50.000]  這個是神的選民亡國
[01:10:50.000 --> 01:10:51.000]  你要記得
[01:10:51.000 --> 01:10:55.000]  這個是保護的國家
[01:10:55.000 --> 01:10:58.000]  這個是上帝和他們立了約
[01:10:58.000 --> 01:11:00.000]  答應了他們
[01:11:00.000 --> 01:11:03.000]  將他們從埃及帶出來
[01:11:03.000 --> 01:11:05.000]  要他們成爲祭司的國度
[01:11:05.000 --> 01:11:07.000]  聖潔的國民
[01:11:07.000 --> 01:11:10.000]  單單屬於耶和華上帝
[01:11:10.000 --> 01:11:13.000]  可以亡國的嗎
[01:11:13.000 --> 01:11:14.000]  你有沒有想象
[01:11:14.000 --> 01:11:16.000]  真的全世界的基督教教會
[01:11:16.000 --> 01:11:18.000]  突然間一夜之間全部收了
[01:11:18.000 --> 01:11:20.000]  全蓋了
[01:11:20.000 --> 01:11:22.000]  不要緊我們家庭聚會
[01:11:22.000 --> 01:11:24.000]  家庭都沒得聚
[01:11:24.000 --> 01:11:26.000]  沒可能的
[01:11:26.000 --> 01:11:29.000]  你開始明白心情
[01:11:29.000 --> 01:11:31.000]  爲什麼要出來解釋
[01:11:31.000 --> 01:11:32.000]  爲什麼要訪問李怡先生
[01:11:32.000 --> 01:11:33.000]  這麼大件事
[01:11:33.000 --> 01:11:34.000]  你怎麼看
[01:11:34.000 --> 01:11:36.000]  評述一下
[01:11:36.000 --> 01:11:38.000]  現在作者編者
[01:11:38.000 --> 01:11:40.000]  跳出來說話
[01:11:40.000 --> 01:11:42.000]  對那段歷史有個解釋
[01:11:42.000 --> 01:11:44.000]  教你怎麼看歷史
[01:11:44.000 --> 01:11:46.000]  原因是什麼
[01:11:46.000 --> 01:11:47.000]  背景是什麼
[01:11:47.000 --> 01:11:50.000]  他不是從地理
[01:11:50.000 --> 01:11:55.000]  政治經濟軍事的角度去評論
[01:11:55.000 --> 01:11:59.000]  其實可以從政治經濟軍事的角度去評論
[01:11:59.000 --> 01:12:01.000]  爲什麼不可以
[01:12:01.000 --> 01:12:08.000]  巴勒斯坦位居當時兩大洲的通渠帶度
[01:12:08.000 --> 01:12:11.000]  非洲和亞洲
[01:12:11.000 --> 01:12:13.000]  非洲以埃及
[01:12:13.000 --> 01:12:16.000]  這個古代帝國四大文明古國之一
[01:12:16.000 --> 01:12:20.000]  爲代表當時的埃及等於今天的美國
[01:12:20.000 --> 01:12:24.000]  而當時亞洲的超級強國
[01:12:24.000 --> 01:12:26.000]  就是亞述或者巴比倫
[01:12:26.000 --> 01:12:28.000]  馬達波斯還沒興起
[01:12:28.000 --> 01:12:30.000]  用遠一點
[01:12:30.000 --> 01:12:32.000]  右法拉底河兩河流域
[01:12:32.000 --> 01:12:33.000]  米索波大米
[01:12:33.000 --> 01:12:35.000]  這個字的意思就是兩河流域
[01:12:35.000 --> 01:12:38.000]  這一處的強國和埃及的強國
[01:12:38.000 --> 01:12:41.000]  這兩個強國的中間就是巴勒斯坦
[01:12:41.000 --> 01:12:45.000]  所以當亞述巴比倫的勢力
[01:12:45.000 --> 01:12:47.000]  要入侵
[01:12:47.000 --> 01:12:53.000]  要影響埃及這個國家的影響力的時候
[01:12:53.000 --> 01:12:56.000]  巴勒斯坦就是那個戰場
[01:12:56.000 --> 01:13:00.000]  於是你會看見亞述的軍隊
[01:13:00.000 --> 01:13:02.000]  要攻佔巴勒斯坦
[01:13:02.000 --> 01:13:03.000]  他不可以打橫過
[01:13:03.000 --> 01:13:05.000]  因爲中間是沙漠
[01:13:05.000 --> 01:13:06.000]  他一定要在上面過
[01:13:06.000 --> 01:13:07.000]  在上面下來
[01:13:07.000 --> 01:13:08.000]  第一個國家是阿蘭
[01:13:08.000 --> 01:13:10.000]  等於今天的敘利亞
[01:13:10.000 --> 01:13:11.000]  阿蘭國亡了
[01:13:11.000 --> 01:13:13.000]  第二個國家就是以色列
[01:13:13.000 --> 01:13:14.000]  以色列亡了
[01:13:14.000 --> 01:13:15.000]  第三個國家是猶大
[01:13:15.000 --> 01:13:17.000]  所以是這樣一個次序亡國的
[01:13:17.000 --> 01:13:18.000]  解決了
[01:13:18.000 --> 01:13:20.000]  這個九十年代講完了
[01:13:20.000 --> 01:13:21.000]  訪問完畢
[01:13:21.000 --> 01:13:23.000]  聖經不是這樣解釋
[01:13:23.000 --> 01:13:28.000]  聖經是從上帝和以色列的關係去解釋
[01:13:28.000 --> 01:13:31.000]  這個解釋很奇怪
[01:13:31.000 --> 01:13:36.000]  這個解釋不單止在以色列亡的時候
[01:13:36.000 --> 01:13:38.000]  出現在列王紀下第十七章
[01:13:38.000 --> 01:13:42.000]  我們用這個主題去找的時候
[01:13:42.000 --> 01:13:47.000]  我們發覺之前都出現過很多次
[01:13:47.000 --> 01:13:50.000]  對上的是所羅門
[01:13:50.000 --> 01:13:52.000]  當他建好聖殿之後
[01:13:52.000 --> 01:13:55.000]  他在聖殿有個祈禱
[01:13:55.000 --> 01:13:56.000]  很長的
[01:13:56.000 --> 01:13:57.000]  你千萬不要學
[01:13:57.000 --> 01:13:58.000]  講道那麼長
[01:13:58.000 --> 01:13:59.000]  祈禱那麼長
[01:13:59.000 --> 01:14:01.000]  皇帝祈禱
[01:14:01.000 --> 01:14:03.000]  總統就職演詞
[01:14:03.000 --> 01:14:06.000]  二仙又要發表了
[01:14:06.000 --> 01:14:09.000]  所羅門的祈禱很奇怪
[01:14:09.000 --> 01:14:11.000]  祈禱的主題是什麼呢
[01:14:11.000 --> 01:14:14.000]  如果我得罪你上帝
[01:14:14.000 --> 01:14:16.000]  我們流浪而亡
[01:14:16.000 --> 01:14:18.000]  我們亡國備老
[01:14:18.000 --> 01:14:20.000]  爲什麼講這些
[01:14:20.000 --> 01:14:24.000]  大魏所羅門的皇朝是極黃金的時期
[01:14:24.000 --> 01:14:25.000]  只有他打人
[01:14:25.000 --> 01:14:26.000]  沒有人打他
[01:14:26.000 --> 01:14:28.000]  所羅門的祈禱
[01:14:28.000 --> 01:14:33.000]  已經包含了列王紀下十七章亡國的主題
[01:14:33.000 --> 01:14:36.000]  再對上去
[01:14:36.000 --> 01:14:40.000]  撒姆爾退休的時候
[01:14:40.000 --> 01:14:43.000]  當王國成立開始的時候
[01:14:43.000 --> 01:14:45.000]  撒姆爾退休的時候十二章
[01:14:45.000 --> 01:14:47.000]  撒姆爾很明文地講
[01:14:47.000 --> 01:14:49.000]  但是侍女行家也暗示
[01:14:49.000 --> 01:14:50.000]  你們不要違背
[01:14:50.000 --> 01:14:52.000]  你違背的時候
[01:14:52.000 --> 01:14:54.000]  你的下場收場很慘
[01:14:54.000 --> 01:14:57.000]  約書亞剛纔我們講過
[01:14:57.000 --> 01:15:01.000]  他臨終之前和百姓立約
[01:15:01.000 --> 01:15:03.000]  約書亞的二十三二十四章
[01:15:03.000 --> 01:15:05.000]  又是講同一個主題
[01:15:05.000 --> 01:15:08.000]  又是講他們違背上帝的時候
[01:15:08.000 --> 01:15:09.000]  他們的遭遇
[01:15:09.000 --> 01:15:12.000]  下場就是亡國被捕
[01:15:12.000 --> 01:15:21.000]  所以說其實貫穿這幾卷書的主題
[01:15:21.000 --> 01:15:23.000]  一個提醒最低限度
[01:15:23.000 --> 01:15:25.000]  就是內不內
[01:15:25.000 --> 01:15:29.000]  在一些時代的轉折過程裏面
[01:15:29.000 --> 01:15:31.000]  就會有一個人
[01:15:31.000 --> 01:15:33.000]  他會站出來說一番話
[01:15:33.000 --> 01:15:36.000]  這番話的焦點很有趣
[01:15:36.000 --> 01:15:40.000]  就是告訴他們你們會亡國
[01:15:40.000 --> 01:15:42.000]  這些人當時沒有這件事
[01:15:42.000 --> 01:15:45.000]  這不是當時的問題
[01:15:45.000 --> 01:15:47.000]  這個問題是以後纔會發生
[01:15:47.000 --> 01:15:50.000]  但竟然一直在講這件事
[01:15:50.000 --> 01:15:52.000]  而最特別的是
[01:15:52.000 --> 01:15:57.000]  最早講被捕亡國的都不是約書亞
[01:15:57.000 --> 01:15:59.000]  其實是摩西
[01:15:59.000 --> 01:16:00.000]  摩西在哪裏講呢
[01:16:00.000 --> 01:16:01.000]  新明記
[01:16:01.000 --> 01:16:03.000]  如果說一個重要的人物
[01:16:03.000 --> 01:16:05.000]  在重要的時刻
[01:16:05.000 --> 01:16:07.000]  站出來說一番話
[01:16:07.000 --> 01:16:09.000]  約書亞退休很重要
[01:16:09.000 --> 01:16:13.000]  由入迦南轉下去到士司的時期
[01:16:13.000 --> 01:16:15.000]  撒姆爾退休很重要
[01:16:15.000 --> 01:16:18.000]  由士司的時期轉入到王國的時期
[01:16:18.000 --> 01:16:21.000]  所羅門的祈禱很重要
[01:16:21.000 --> 01:16:23.000]  是他們王國時期的頂峯
[01:16:23.000 --> 01:16:26.000]  聖殿被建立在石安山
[01:16:26.000 --> 01:16:27.000]  亡國
[01:16:27.000 --> 01:16:30.000]  北國以色列亡列王幾下十七章很重要
[01:16:30.000 --> 01:16:35.000]  但摩西的新明記的講道
[01:16:35.000 --> 01:16:37.000]  也是一個歷史的轉折
[01:16:37.000 --> 01:16:40.000]  就是由抗野要入迦南的時候
[01:16:40.000 --> 01:16:42.000]  一代的偉人
[01:16:42.000 --> 01:16:44.000]  如果你讀新明記最後那一章
[01:16:44.000 --> 01:16:47.000]  以後再沒有人像摩西那樣
[01:16:47.000 --> 01:16:50.000]  他和耶和華上帝是面對面聊天的
[01:16:50.000 --> 01:16:52.000]  所謂面對面的意思
[01:16:52.000 --> 01:16:54.000]  如果你看清楚聖埃及記
[01:16:54.000 --> 01:16:55.000]  其實都不是面對面
[01:16:55.000 --> 01:16:56.000]  他想見下上帝
[01:16:56.000 --> 01:16:58.000]  他和上帝說我想見下你
[01:16:58.000 --> 01:17:00.000]  聖經說 上帝說OK
[01:17:00.000 --> 01:17:01.000]  那怎麼見呢
[01:17:01.000 --> 01:17:03.000]  上帝說你轉身
[01:17:03.000 --> 01:17:04.000]  用布蓋住你
[01:17:04.000 --> 01:17:05.000]  然後我經過
[01:17:05.000 --> 01:17:06.000]  不過你要躲在洞裏面
[01:17:06.000 --> 01:17:08.000]  這樣叫面對面
[01:17:08.000 --> 01:17:10.000]  上帝是很威嚴聖潔的
[01:17:10.000 --> 01:17:13.000]  不是隨便可以親近
[01:17:13.000 --> 01:17:17.000]  摩西是一個一代的屬靈偉人
[01:17:17.000 --> 01:17:19.000]  在他離世之前
[01:17:19.000 --> 01:17:21.000]  很長的講章
[01:17:21.000 --> 01:17:23.000]  一整卷的新明記
[01:17:23.000 --> 01:17:26.000]  所以聖經的學者就提出
[01:17:26.000 --> 01:17:29.000]  一個這樣的假設
[01:17:29.000 --> 01:17:30.000]  這個是假設
[01:17:30.000 --> 01:17:32.000]  完全沒有證據
[01:17:32.000 --> 01:17:37.000]  假設就是這四卷的歷史書
[01:17:37.000 --> 01:17:40.000]  列王紀下的結束
[01:17:40.000 --> 01:17:42.000]  終點
[01:17:42.000 --> 01:17:45.000]  起點其實不是約書亞記
[01:17:45.000 --> 01:17:48.000]  起點可以鋪上新明記
[01:17:48.000 --> 01:17:52.000]  如果你把新明記最後那張抽出來
[01:17:52.000 --> 01:17:53.000]  一直鋪下去讀
[01:17:53.000 --> 01:17:55.000]  其實約書亞記都不是開頭
[01:17:55.000 --> 01:17:58.000]  約書亞記是鋪着新明記
[01:17:58.000 --> 01:18:00.000]  新明記纔是開頭
[01:18:00.000 --> 01:18:02.000]  我說沒有什麼證據的意思
[01:18:02.000 --> 01:18:04.000]  就是我們沒有摩西寫的遺囑
[01:18:04.000 --> 01:18:06.000]  就說新明記是這樣寫出來的
[01:18:06.000 --> 01:18:08.000]  我們沒有這些證據
[01:18:08.000 --> 01:18:10.000]  我們有的小小的證據是什麼
[01:18:10.000 --> 01:18:14.000]  譬如在摩西的五經
[01:18:14.000 --> 01:18:16.000]  昌埃及記裏面說
[01:18:16.000 --> 01:18:19.000]  是西乃上帝頒佈律法
[01:18:19.000 --> 01:18:22.000]  由新明記一直到先知書
[01:18:22.000 --> 01:18:24.000]  就沒有西乃山這個名字
[01:18:24.000 --> 01:18:26.000]  就變成賀列
[01:18:26.000 --> 01:18:28.000]  聖經學者這兩個名字是一個名字
[01:18:28.000 --> 01:18:30.000]  爲什麼有兩個名字
[01:18:30.000 --> 01:18:31.000]  一個地方爲什麼有兩個名字
[01:18:31.000 --> 01:18:32.000]  兩個不同的傳統
[01:18:32.000 --> 01:18:35.000]  如果要用這些蛛絲馬跡來分
[01:18:35.000 --> 01:18:37.000]  新明記的題材
[01:18:37.000 --> 01:18:39.000]  這個講道的題材
[01:18:39.000 --> 01:18:40.000]  說話的題材
[01:18:40.000 --> 01:18:43.000]  又是和這些歷史書裏面
[01:18:43.000 --> 01:18:45.000]  約書亞的講道
[01:18:45.000 --> 01:18:47.000]  撒慕爾的講道
[01:18:47.000 --> 01:18:50.000]  所羅門那篇祈禱的講道
[01:18:50.000 --> 01:18:55.000]  到作者在列王紀下十七章忍不住自己跳出來講篇道
[01:18:55.000 --> 01:18:57.000]  是一貫的
[01:18:57.000 --> 01:18:58.000]  是連接的
[01:18:58.000 --> 01:19:04.000]  而且列王紀裏面評論不同的君王
[01:19:04.000 --> 01:19:11.000]  是用新明記裏面所記載的誡命來評他們的
[01:19:11.000 --> 01:19:17.000]  所以學者提出這個新典歷史的假設
[01:19:17.000 --> 01:19:21.000]  就是說其實這幾本書有頭有尾
[01:19:21.000 --> 01:19:22.000]  開頭是新明記
[01:19:22.000 --> 01:19:24.000]  結尾是列王紀
[01:19:24.000 --> 01:19:26.000]  不過後來入正典的時候
[01:19:26.000 --> 01:19:28.000]  因爲新明記是屬摩西的
[01:19:28.000 --> 01:19:30.000]  一切誡命歸於摩西
[01:19:30.000 --> 01:19:33.000]  所以新明記就搶了出來
[01:19:33.000 --> 01:19:35.000]  本來由開頭的那本書
[01:19:35.000 --> 01:19:37.000]  現在就變成結尾的那本書
[01:19:37.000 --> 01:19:38.000]  你明白我的意思嗎
[01:19:38.000 --> 01:19:42.000]  本來應該是歷史的開始
[01:19:42.000 --> 01:19:45.000]  一路新明記 約書亞記 時詩記
[01:19:45.000 --> 01:19:46.000]  一路到列王紀
[01:19:46.000 --> 01:19:49.000]  現在新明記搬回去和摩西五經一起
[01:19:49.000 --> 01:19:52.000]  所以就創出利民生
[01:19:52.000 --> 01:19:53.000]  這個只是假設
[01:19:53.000 --> 01:19:55.000]  我說給大家聽的意思就是
[01:19:55.000 --> 01:20:01.000]  當我們去問這些歷史書的寫作主題的時候
[01:20:01.000 --> 01:20:05.000]  我們的確發現它和新明記有很密切的關係
[01:20:05.000 --> 01:20:11.000]  這些歷史的評論的着眼點
[01:20:11.000 --> 01:20:14.000]  評論一個皇帝的好與壞
[01:20:14.000 --> 01:20:16.000]  用什麼來評論
[01:20:16.000 --> 01:20:20.000]  不是用軍事 不是用經濟 不是用社會
[01:20:20.000 --> 01:20:24.000]  是用新明記裏面的誡命
[01:20:24.000 --> 01:20:27.000]  整個歷史的回顧
[01:20:27.000 --> 01:20:30.000]  根基是在新明記
[01:20:30.000 --> 01:20:35.000]  所以這一連串的回顧歷史
[01:20:35.000 --> 01:20:39.000]  是有一個主題的
[01:20:39.000 --> 01:20:41.000]  怎麼找出這個主題呢
[01:20:41.000 --> 01:20:44.000]  他自己沒有說得很清楚
[01:20:44.000 --> 01:20:48.000]  我們只能從他的開頭結尾來看
[01:20:48.000 --> 01:20:54.000]  如果我們可以接受這幾本書是連貫的
[01:20:54.000 --> 01:20:57.000]  如果我們甚至可以大膽的假設
[01:20:57.000 --> 01:21:00.000]  新明記是這幾本書的開首
[01:21:00.000 --> 01:21:03.000]  就算不是 由約書雅記開始
[01:21:03.000 --> 01:21:06.000]  我們就會發覺一個很特別的事實
[01:21:06.000 --> 01:21:11.000]  就是這幾本書所包括的時間
[01:21:11.000 --> 01:21:17.000]  我們不可以用皇國時期這四個字去概括
[01:21:17.000 --> 01:21:21.000]  因爲起碼約書雅記和時詩記還沒有進入皇國時期
[01:21:21.000 --> 01:21:26.000]  所以這裏不是在講皇國的重要性
[01:21:26.000 --> 01:21:30.000]  相反這裏是用地來決定的
[01:21:30.000 --> 01:21:34.000]  就是開頭的時候他們準備進入神的英許美地
[01:21:34.000 --> 01:21:37.000]  結束的時候就離開了
[01:21:37.000 --> 01:21:40.000]  又在英許美地之外
[01:21:40.000 --> 01:21:42.000]  這個開頭和結束
[01:21:42.000 --> 01:21:44.000]  如果你連貫的看
[01:21:44.000 --> 01:21:47.000]  你不是逐卷書去找主題
[01:21:47.000 --> 01:21:50.000]  你一氣呵成讀完歷史的回顧
[01:21:50.000 --> 01:21:54.000]  你發覺起點和終點是一樣的
[01:21:54.000 --> 01:21:56.000]  就是在迦南之外
[01:21:56.000 --> 01:21:59.000]  在神的英許的地之外
[01:21:59.000 --> 01:22:01.000]  所以在這裏我們就看到
[01:22:01.000 --> 01:22:05.000]  主題其實就是他們在問這個問題
[01:22:05.000 --> 01:22:10.000]  當他們被撈流亡離開了迦南之後
[01:22:10.000 --> 01:22:13.000]  他們問爲什麼
[01:22:13.000 --> 01:22:18.000]  爲什麼我們會落到這樣的田地
[01:22:18.000 --> 01:22:24.000]  照當時一般的說法很容易解釋
[01:22:24.000 --> 01:22:26.000]  就是耶和華上帝輸了
[01:22:26.000 --> 01:22:32.000]  他的力量不夠巴比倫的神馬杜克的力量那麼偉大
[01:22:32.000 --> 01:22:34.000]  所以輸了
[01:22:34.000 --> 01:22:37.000]  另外一種說法也很合情合理
[01:22:37.000 --> 01:22:41.000]  就是上帝現在不再理我們了
[01:22:41.000 --> 01:22:45.000]  兩種說法我們都見到出現在舊約聖經
[01:22:45.000 --> 01:22:47.000]  例如在耶利米書
[01:22:47.000 --> 01:22:53.000]  耶利米勸猶太人臨到兵臨城下的時候
[01:22:53.000 --> 01:22:56.000]  仍然敬畏耶和華
[01:22:56.000 --> 01:22:59.000]  猶太人說我們都敬畏耶和華那麼久了
[01:22:59.000 --> 01:23:01.000]  你看我們搞成什麼樣
[01:23:01.000 --> 01:23:03.000]  耶和華如果真的幫到我們
[01:23:03.000 --> 01:23:05.000]  一早就應該顯靈
[01:23:05.000 --> 01:23:07.000]  所以現在我們去拜天后
[01:23:07.000 --> 01:23:10.000]  這是耶利米書結尾的時候說的
[01:23:10.000 --> 01:23:13.000]  另外一種說法就是詩篇
[01:23:13.000 --> 01:23:15.000]  耶利米哀歌
[01:23:15.000 --> 01:23:17.000]  這些詩篇裏面提出的就是
[01:23:17.000 --> 01:23:20.000]  上帝爲什麼你拋棄了我們
[01:23:20.000 --> 01:23:25.000]  在這裏作那些失戀的歌曲
[01:23:25.000 --> 01:23:28.000]  有人說過有一段時間香港流行的歌
[01:23:28.000 --> 01:23:31.000]  百分之九十都是失戀的
[01:23:31.000 --> 01:23:33.000]  爲什麼你會拋棄了我
[01:23:33.000 --> 01:23:36.000]  爲什麼你會變心
[01:23:36.000 --> 01:23:44.000]  整個選民落到亡國的情況下
[01:23:44.000 --> 01:23:48.000]  是一定會問這些問題的
[01:23:48.000 --> 01:23:51.000]  這個問題不單單是政治的問題
[01:23:51.000 --> 01:23:54.000]  不單單是社會經濟的問題
[01:23:54.000 --> 01:23:58.000]  不單單是國家和國家之間
[01:23:58.000 --> 01:24:00.000]  誰強誰弱的問題
[01:24:00.000 --> 01:24:02.000]  這個其實是信仰的問題
[01:24:02.000 --> 01:24:06.000]  他們所信的上帝和他們立約的上帝
[01:24:06.000 --> 01:24:08.000]  現在是不是不管他們
[01:24:08.000 --> 01:24:12.000]  是不是理不了他們
[01:24:12.000 --> 01:24:18.000]  以色列神的子民怎麼繼續生存下去
[01:24:18.000 --> 01:24:22.000]  其實不是身體有沒有溫飽
[01:24:22.000 --> 01:24:26.000]  其實不是他們有沒有安定的生活
[01:24:26.000 --> 01:24:28.000]  能夠寄人籬下
[01:24:28.000 --> 01:24:30.000]  可以做些小本生意
[01:24:30.000 --> 01:24:33.000]  慢慢又重振雄風
[01:24:33.000 --> 01:24:35.000]  其實是他們的信仰
[01:24:35.000 --> 01:24:37.000]  你看中國近代的歷史
[01:24:37.000 --> 01:24:40.000]  如果一個民族的信仰破產
[01:24:40.000 --> 01:24:42.000]  是很恐怖的
[01:24:42.000 --> 01:24:44.000]  如果沒有信念
[01:24:44.000 --> 01:24:46.000]  得過且過
[01:24:46.000 --> 01:24:48.000]  今天我有酒就今早醉
[01:24:48.000 --> 01:24:50.000]  我不理別人的死活
[01:24:50.000 --> 01:24:53.000]  以色列落到這個階段
[01:24:53.000 --> 01:24:59.000]  他們是絕對有理由放棄一切的信仰
[01:24:59.000 --> 01:25:02.000]  然後過一個非常差的人生
[01:25:02.000 --> 01:25:06.000]  然後說反正上帝都不理我們了
[01:25:06.000 --> 01:25:08.000]  我們就不如像浮士德那樣
[01:25:08.000 --> 01:25:10.000]  賣給魔鬼
[01:25:10.000 --> 01:25:12.000]  以色列神的選民
[01:25:12.000 --> 01:25:16.000]  沒有落到這樣的絕望的田地
[01:25:16.000 --> 01:25:22.000]  而相反經過這場被撈亡國的浩劫
[01:25:22.000 --> 01:25:25.000]  他們能夠復興過來
[01:25:25.000 --> 01:25:32.000]  是很在乎當時就有這批神的僕人
[01:25:32.000 --> 01:25:34.000]  這批神的僕人
[01:25:34.000 --> 01:25:37.000]  在這幾卷歷史書裏我們看到
[01:25:37.000 --> 01:25:41.000]  他們從歷史去找答案
[01:25:41.000 --> 01:25:44.000]  他們從歷史去找答案
[01:25:44.000 --> 01:25:48.000]  他們回顧回選民的歷史
[01:25:48.000 --> 01:25:53.000]  他們發覺一個很清楚的事實
[01:25:53.000 --> 01:25:57.000]  這個事實叫他們可以回答
[01:25:57.000 --> 01:26:02.000]  他們今天所面對信仰的危機
[01:26:02.000 --> 01:26:04.000]  他們發覺一個什麼事實
[01:26:04.000 --> 01:26:08.000]  他們發覺不是上帝離開他們
[01:26:08.000 --> 01:26:12.000]  他們發覺在他們的歷史回顧當中
[01:26:12.000 --> 01:26:16.000]  上帝其實一早在摩西的時候開始
[01:26:16.000 --> 01:26:25.000]  已經將選擇和和福生和死
[01:26:25.000 --> 01:26:27.000]  擺在他們的面前
[01:26:27.000 --> 01:26:31.000]  一早上帝已經說清楚給他們聽
[01:26:31.000 --> 01:26:35.000]  如果他們遵行神的誡命
[01:26:35.000 --> 01:26:37.000]  他們的結果是怎麼樣
[01:26:37.000 --> 01:26:38.000]  我們今天都會背的
[01:26:38.000 --> 01:26:41.000]  要孝敬父母使你得福在世長壽
[01:26:41.000 --> 01:26:43.000]  這個在世長壽很多時候我們會問問題
[01:26:43.000 --> 01:26:45.000]  是不是孝敬父母就可以長命不用死呢
[01:26:45.000 --> 01:26:47.000]  有些翻譯的問題
[01:26:47.000 --> 01:26:49.000]  如果你讀回舊約聖經
[01:26:49.000 --> 01:26:55.000]  使你在耶和華所賜你爲業的地上得以長久
[01:26:55.000 --> 01:26:57.000]  不是說一個人的生命
[01:26:57.000 --> 01:26:59.000]  是你遵行神的誡命
[01:26:59.000 --> 01:27:04.000]  你就可以在應許的土地上繼續生活下去
[01:27:04.000 --> 01:27:06.000]  你不遵行神的誡命
[01:27:06.000 --> 01:27:09.000]  敵人要將你奴歸
[01:27:09.000 --> 01:27:10.000]  你要亡國
[01:27:10.000 --> 01:27:12.000]  這是上帝一早就已經說了
[01:27:12.000 --> 01:27:15.000]  所以變的不是上帝
[01:27:15.000 --> 01:27:16.000]  上帝沒有變過
[01:27:16.000 --> 01:27:18.000]  上帝從頭一天開始
[01:27:18.000 --> 01:27:21.000]  就已經說清楚那些東西給你聽
[01:27:21.000 --> 01:27:23.000]  現在變的是我們
[01:27:23.000 --> 01:27:27.000]  是我們選擇違背神的誡命
[01:27:27.000 --> 01:27:30.000]  是我們選擇離棄神
[01:27:30.000 --> 01:27:33.000]  是我們在每一個歷史的關頭
[01:27:33.000 --> 01:27:35.000]  我們選擇我們走自己的路
[01:27:35.000 --> 01:27:38.000]  一路看歷史一路看回頭
[01:27:38.000 --> 01:27:42.000]  每一次你發覺我們的選擇
[01:27:42.000 --> 01:27:44.000]  是我們離棄神
[01:27:44.000 --> 01:27:48.000]  就這樣聽好像很老土
[01:27:48.000 --> 01:27:50.000]  當然是人離開上帝
[01:27:50.000 --> 01:27:53.000]  其實深一層想這個發現很重要
[01:27:53.000 --> 01:27:55.000]  第一這個發現不是理論
[01:27:55.000 --> 01:27:57.000]  這個是歷史的回顧
[01:27:57.000 --> 01:27:59.000]  是經驗
[01:27:59.000 --> 01:28:01.000]  這個不是一個道理
[01:28:01.000 --> 01:28:03.000]  不是一個邏輯
[01:28:03.000 --> 01:28:05.000]  這個是一個事實放在眼前
[01:28:05.000 --> 01:28:09.000]  這個事實也帶來第二個事實
[01:28:09.000 --> 01:28:11.000]  就是上一堂我們說過
[01:28:11.000 --> 01:28:14.000]  如果你知道是你變了
[01:28:14.000 --> 01:28:16.000]  那你回頭嗎
[01:28:16.000 --> 01:28:18.000]  如果是上帝變了
[01:28:18.000 --> 01:28:20.000]  那上帝回頭
[01:28:20.000 --> 01:28:21.000]  上帝是上帝
[01:28:21.000 --> 01:28:23.000]  他這麼兇他這麼高高在上
[01:28:23.000 --> 01:28:25.000]  我怎麼能夠叫他回頭
[01:28:25.000 --> 01:28:26.000]  當然我不能叫他回頭
[01:28:26.000 --> 01:28:28.000]  死心了
[01:28:28.000 --> 01:28:30.000]  如果是上帝變了
[01:28:30.000 --> 01:28:32.000]  我們沒辦法
[01:28:32.000 --> 01:28:34.000]  現在不是
[01:28:34.000 --> 01:28:36.000]  現在歷史的事實告訴我們
[01:28:36.000 --> 01:28:39.000]  你試一下在你的人生過去
[01:28:39.000 --> 01:28:41.000]  你試一下看回頭
[01:28:41.000 --> 01:28:42.000]  你問一下自己
[01:28:42.000 --> 01:28:44.000]  是你改變還是上帝改變
[01:28:44.000 --> 01:28:47.000]  有時我們片段的回憶
[01:28:47.000 --> 01:28:51.000]  我們就很容易去指責上帝
[01:28:51.000 --> 01:28:53.000]  有個很出名的海報
[01:28:53.000 --> 01:28:55.000]  說沙灘上的竹印
[01:28:55.000 --> 01:28:57.000]  我想你很熟悉
[01:28:57.000 --> 01:28:59.000]  每次去到艱難的日子
[01:28:59.000 --> 01:29:01.000]  一行竹印
[01:29:01.000 --> 01:29:04.000]  第一個反應就是上帝離開了我們
[01:29:04.000 --> 01:29:07.000]  那海報的詩寫得很好
[01:29:07.000 --> 01:29:08.000]  不是啊
[01:29:08.000 --> 01:29:10.000]  上帝抱着你走
[01:29:10.000 --> 01:29:11.000]  所以那一行竹印是上帝的
[01:29:11.000 --> 01:29:12.000]  不是你的
[01:29:12.000 --> 01:29:14.000]  你根本走不動
[01:29:14.000 --> 01:29:15.000]  你看回頭
[01:29:15.000 --> 01:29:17.000]  不是上帝離開
[01:29:17.000 --> 01:29:18.000]  是我們離開
[01:29:18.000 --> 01:29:19.000]  如果我們離開
[01:29:19.000 --> 01:29:21.000]  很簡單,你回頭
[01:29:21.000 --> 01:29:23.000]  就是這麼簡單
[01:29:23.000 --> 01:29:24.000]  你走開了
[01:29:24.000 --> 01:29:25.000]  你差
[01:29:25.000 --> 01:29:26.000]  你悔改,你回頭
[01:29:26.000 --> 01:29:28.000]  所以這個亡國,這個祕魯
[01:29:28.000 --> 01:29:31.000]  不是世界末日
[01:29:31.000 --> 01:29:35.000]  不是上帝和他的子民的關係結束
[01:29:35.000 --> 01:29:39.000]  而只不過是上帝的子民背叛
[01:29:39.000 --> 01:29:41.000]  背叛到一個程度
[01:29:41.000 --> 01:29:44.000]  上帝要出重手
[01:29:44.000 --> 01:29:47.000]  來警告他的子民
[01:29:47.000 --> 01:29:50.000]  你背叛上帝的後果
[01:29:50.000 --> 01:29:52.000]  你要知道是很嚴重的
[01:29:52.000 --> 01:29:56.000]  你知道了,你回頭
[01:29:56.000 --> 01:29:58.000]  這個歷史的回顧
[01:29:58.000 --> 01:30:02.000]  回答了他們信仰上一個很重要的問題
[01:30:02.000 --> 01:30:05.000]  就是在祕魯流亡的期間
[01:30:05.000 --> 01:30:10.000]  他們不需要什麼都放棄
[01:30:10.000 --> 01:30:13.000]  如果是上帝放棄他們
[01:30:13.000 --> 01:30:15.000]  那他們就什麼都放棄了
[01:30:15.000 --> 01:30:16.000]  沒有希望了
[01:30:16.000 --> 01:30:19.000]  現在不是,上帝沒有放棄他們
[01:30:19.000 --> 01:30:23.000]  落在上帝的審判當中
[01:30:23.000 --> 01:30:27.000]  是最有希望的
[01:30:27.000 --> 01:30:29.000]  希伯來書是這麼說
[01:30:29.000 --> 01:30:31.000]  羅馬書也是這麼說
[01:30:31.000 --> 01:30:34.000]  上帝愛的,他管教
[01:30:34.000 --> 01:30:37.000]  上帝任憑他的
[01:30:37.000 --> 01:30:39.000]  那些是上帝不愛的
[01:30:39.000 --> 01:30:41.000]  所以你離開上帝
[01:30:41.000 --> 01:30:43.000]  如果沒有什麼後果
[01:30:43.000 --> 01:30:45.000]  任由他都是這樣
[01:30:45.000 --> 01:30:47.000]  你反而害怕
[01:30:47.000 --> 01:30:48.000]  你離開上帝
[01:30:48.000 --> 01:30:50.000]  上帝管教臨到
[01:30:50.000 --> 01:30:52.000]  在那個黑暗的情況當中
[01:30:52.000 --> 01:30:54.000]  不是世界末日
[01:30:54.000 --> 01:30:56.000]  不是上帝走開了
[01:30:56.000 --> 01:30:59.000]  是你要回頭
[01:30:59.000 --> 01:31:03.000]  神的子民在這個祕魯的時間
[01:31:03.000 --> 01:31:06.000]  他們面對信仰的危機
[01:31:06.000 --> 01:31:09.000]  他們當中有一羣神的僕人
[01:31:09.000 --> 01:31:11.000]  沒有名字的
[01:31:11.000 --> 01:31:13.000]  我們不知道是誰
[01:31:13.000 --> 01:31:15.000]  不一定要認識他們
[01:31:15.000 --> 01:31:16.000]  很偉大的人物
[01:31:16.000 --> 01:31:18.000]  拿出來誰都不認識
[01:31:18.000 --> 01:31:19.000]  你不認識他就很大有限
[01:31:19.000 --> 01:31:21.000]  不認識的,真的不認識的
[01:31:21.000 --> 01:31:27.000]  這羣人回顧他們的歷史
[01:31:27.000 --> 01:31:32.000]  他們將事實寫出來
[01:31:32.000 --> 01:31:38.000]  他們的同胞讀到,明白,悔改
[01:31:38.000 --> 01:31:39.000]  所以你留意到
[01:31:39.000 --> 01:31:44.000]  以斯拉紀,尼希米基,但爾裏書
[01:31:44.000 --> 01:31:47.000]  這些祕魯之後的記載
[01:31:47.000 --> 01:31:52.000]  每一次以色列民在神的面前悔改
[01:31:52.000 --> 01:31:54.000]  他們數歷史
[01:31:54.000 --> 01:31:56.000]  你讀但爾裏書第九章
[01:31:56.000 --> 01:31:58.000]  你讀尼希米基第九章
[01:31:58.000 --> 01:32:00.000]  他們每一次來到神的面前
[01:32:00.000 --> 01:32:02.000]  認罪悔改的時候
[01:32:02.000 --> 01:32:04.000]  他講歷史,很特別的
[01:32:04.000 --> 01:32:06.000]  這個講歷史的悔改
[01:32:06.000 --> 01:32:10.000]  其實藍箱的起點就在歷史書裏
[01:32:10.000 --> 01:32:14.000]  他們從歷史裏看到
[01:32:14.000 --> 01:32:16.000]  事實上改變了的
[01:32:16.000 --> 01:32:19.000]  歸附了上帝的是我們
[01:32:19.000 --> 01:32:21.000]  不是上帝歸附我們
[01:32:21.000 --> 01:32:22.000]  不是上帝變了心
[01:32:22.000 --> 01:32:24.000]  不是上帝拋棄我們
[01:32:24.000 --> 01:32:26.000]  如果上帝拋棄我們就完蛋了
[01:32:26.000 --> 01:32:28.000]  如果是我們改變的話
[01:32:28.000 --> 01:32:29.000]  還有希望
[01:32:29.000 --> 01:32:30.000]  因爲上帝沒有改變
[01:32:30.000 --> 01:32:31.000]  你什麼時候回來
[01:32:31.000 --> 01:32:35.000]  慈愛的父親仍然歡迎你
[01:32:35.000 --> 01:32:36.000]  是他的遺志
[01:32:36.000 --> 01:32:38.000]  上帝沒有改變
[01:32:38.000 --> 01:32:41.000]  這個是信息的第一部分
[01:32:41.000 --> 01:32:44.000]  Naviyim的第一部分的主題
[01:32:44.000 --> 01:32:45.000]  下一堂開始我們看
[01:32:45.000 --> 01:32:47.000]  還有第二部分
[01:32:47.000 --> 01:32:50.000]  這個亡國被撈的教訓
[01:32:50.000 --> 01:32:53.000]  不單止是消極的警告
[01:32:53.000 --> 01:32:56.000]  還是積極的拯救
[01:32:56.000 --> 01:32:59.000]  這個是下一部分我們要看的
[01:32:59.000 --> 01:33:01.000]  那十五位的先知
[01:33:01.000 --> 01:33:02.000]  我們稱他爲Navi
[01:33:02.000 --> 01:33:04.000]  那十五位神的使者
[01:33:04.000 --> 01:33:06.000]  他怎麼去解釋
[01:33:06.000 --> 01:33:09.000]  這個被撈流亡的事件
[01:33:09.000 --> 01:33:12.000]  在這裏我們再停下來
[01:33:12.000 --> 01:33:14.000]  再走深一層
[01:33:14.000 --> 01:33:16.000]  我們已經找到主題了
[01:33:16.000 --> 01:33:17.000]  就收檔吧
[01:33:17.000 --> 01:33:18.000]  九中散會
[01:33:18.000 --> 01:33:20.000]  多留你十五分鐘
[01:33:20.000 --> 01:33:23.000]  想教你再看深一層
[01:33:23.000 --> 01:33:25.000]  在被撈的時候
[01:33:25.000 --> 01:33:28.000]  歷史書的編輯
[01:33:28.000 --> 01:33:32.000]  不是憑空創作這些故事出來的
[01:33:32.000 --> 01:33:35.000]  請問這些故事是從哪裏來的
[01:33:35.000 --> 01:33:37.000]  我們去圖書館找資料
[01:33:37.000 --> 01:33:39.000]  好像我們今天做研究
[01:33:39.000 --> 01:33:42.000]  離開耶路撒冷大學
[01:33:42.000 --> 01:33:44.000]  在巴比倫那裏
[01:33:44.000 --> 01:33:46.000]  查一查以色列的檔案
[01:33:46.000 --> 01:33:47.000]  一本書在那裏
[01:33:47.000 --> 01:33:49.000]  以色列失敗史
[01:33:49.000 --> 01:33:51.000]  哪有得找呢
[01:33:51.000 --> 01:33:54.000]  古代的歷史故事
[01:33:54.000 --> 01:33:57.000]  不是記載在文獻上面的
[01:33:57.000 --> 01:34:00.000]  記載在哪裏
[01:34:00.000 --> 01:34:03.000]  記憶裏面
[01:34:03.000 --> 01:34:06.000]  我們中國也有些說書先生
[01:34:06.000 --> 01:34:08.000]  你去廟街聽
[01:34:08.000 --> 01:34:10.000]  故事很好聽
[01:34:10.000 --> 01:34:11.000]  真的不捨得走
[01:34:11.000 --> 01:34:13.000]  他一講到最精彩的地方
[01:34:13.000 --> 01:34:16.000]  就拿筆出來收錢
[01:34:16.000 --> 01:34:18.000]  歷史的故事
[01:34:18.000 --> 01:34:20.000]  是在民間保存的
[01:34:20.000 --> 01:34:22.000]  所以這一幫的編輯
[01:34:22.000 --> 01:34:24.000]  當他們在神的感動之下
[01:34:24.000 --> 01:34:25.000]  他們回顧歷史
[01:34:25.000 --> 01:34:27.000]  他們的材料是從哪裏來的
[01:34:27.000 --> 01:34:32.000]  我們講了兩重不同的層次
[01:34:32.000 --> 01:34:34.000]  我們已經講了
[01:34:34.000 --> 01:34:36.000]  這一幫神的僕人
[01:34:36.000 --> 01:34:38.000]  他們在被捕的時候
[01:34:38.000 --> 01:34:41.000]  他們回顧過去幾百年的歷史
[01:34:41.000 --> 01:34:43.000]  他們發現了一個主題
[01:34:43.000 --> 01:34:46.000]  我們違背了上帝
[01:34:46.000 --> 01:34:49.000]  所以我們落到這樣的田地
[01:34:49.000 --> 01:34:51.000]  既然是我們改變了
[01:34:51.000 --> 01:34:53.000]  讓我們悔改
[01:34:53.000 --> 01:34:54.000]  回到神那裏
[01:34:54.000 --> 01:34:56.000]  這個是他們的信息
[01:34:56.000 --> 01:34:58.000]  但是這些材料
[01:34:58.000 --> 01:35:00.000]  這些故事
[01:35:00.000 --> 01:35:04.000]  在神的子民的歷史裏邊
[01:35:04.000 --> 01:35:06.000]  一路流傳的時候
[01:35:06.000 --> 01:35:08.000]  未到被捕的
[01:35:08.000 --> 01:35:10.000]  未到亡國的
[01:35:10.000 --> 01:35:12.000]  一路流傳的時候
[01:35:12.000 --> 01:35:14.000]  他們本身有什麼信息呢
[01:35:14.000 --> 01:35:16.000]  有沒有問過這個問題
[01:35:16.000 --> 01:35:19.000]  他本身一定有信息的
[01:35:19.000 --> 01:35:21.000]  這些故事
[01:35:21.000 --> 01:35:23.000]  可以單獨的流傳
[01:35:23.000 --> 01:35:25.000]  以利亞加密山的故事
[01:35:25.000 --> 01:35:27.000]  我相信流傳得很久了
[01:35:27.000 --> 01:35:29.000]  喫完飯之後
[01:35:29.000 --> 01:35:30.000]  小孩就會說
[01:35:30.000 --> 01:35:32.000]  爸爸講個故事給我聽
[01:35:32.000 --> 01:35:33.000]  我女兒現在也是
[01:35:33.000 --> 01:35:34.000]  臨睡之前
[01:35:34.000 --> 01:35:36.000]  喫完瓶奶她就要講故事
[01:35:36.000 --> 01:35:37.000]  你講什麼故事給她聽
[01:35:37.000 --> 01:35:39.000]  講阿巴拉罕
[01:35:39.000 --> 01:35:42.000]  很多的故事
[01:35:42.000 --> 01:35:44.000]  在以色列的民間流傳
[01:35:44.000 --> 01:35:46.000]  流傳的當中
[01:35:46.000 --> 01:35:48.000]  他們講的一個什麼信息
[01:35:48.000 --> 01:35:50.000]  我想帶大家看一看
[01:35:50.000 --> 01:35:52.000]  有幾個故事
[01:35:52.000 --> 01:35:54.000]  不知道你熟不熟悉
[01:35:54.000 --> 01:35:56.000]  自己下第五章
[01:35:56.000 --> 01:36:01.000]  乃曼元帥得到大麻封
[01:36:01.000 --> 01:36:03.000]  我不詳細跟你讀了
[01:36:03.000 --> 01:36:05.000]  十五分鐘讀了多少
[01:36:05.000 --> 01:36:06.000]  你很熟悉這個故事
[01:36:06.000 --> 01:36:08.000]  應該很熟悉的
[01:36:08.000 --> 01:36:10.000]  阿蘭王的元帥
[01:36:10.000 --> 01:36:12.000]  剛剛和以色列打完仗
[01:36:12.000 --> 01:36:15.000]  撈了一批俘虜回來
[01:36:15.000 --> 01:36:17.000]  正是等着升官發財
[01:36:17.000 --> 01:36:20.000]  突然發覺自己大麻封
[01:36:20.000 --> 01:36:22.000]  然後就是一個
[01:36:22.000 --> 01:36:26.000]  撈回來的以色列女子
[01:36:26.000 --> 01:36:29.000]  在他家服侍他太太
[01:36:29.000 --> 01:36:31.000]  就說了一句話
[01:36:31.000 --> 01:36:33.000]  你猜我們的主人
[01:36:33.000 --> 01:36:36.000]  懂不懂得在我們以色列國
[01:36:36.000 --> 01:36:39.000]  有個神人爾利沙呢
[01:36:39.000 --> 01:36:42.000]  這個女子我們不知道叫什麼名字
[01:36:42.000 --> 01:36:44.000]  我們都不知道
[01:36:44.000 --> 01:36:46.000]  她說這句話的時候
[01:36:46.000 --> 01:36:49.000]  究竟有多迫切
[01:36:49.000 --> 01:36:51.000]  這裏沒有說她傳福音
[01:36:51.000 --> 01:36:53.000]  這裏沒有說她爲上帝做見證
[01:36:53.000 --> 01:36:54.000]  她只不過是
[01:36:54.000 --> 01:36:57.000]  就這樣說了一句話
[01:36:57.000 --> 01:36:59.000]  於是乃曼就
[01:36:59.000 --> 01:37:01.000]  喫烏龜都要試的
[01:37:01.000 --> 01:37:03.000]  是不是這麼說
[01:37:03.000 --> 01:37:04.000]  你試過患了絕症
[01:37:04.000 --> 01:37:07.000]  你知道什麼古靈精怪藥方都要試
[01:37:07.000 --> 01:37:08.000]  有個神人
[01:37:08.000 --> 01:37:09.000]  多大都試
[01:37:09.000 --> 01:37:12.000]  於是透過政治外交途徑
[01:37:12.000 --> 01:37:14.000]  就皇帝出信
[01:37:14.000 --> 01:37:17.000]  帶着封信去找以色列的皇帝
[01:37:17.000 --> 01:37:19.000]  以色列的皇帝
[01:37:19.000 --> 01:37:21.000]  看完封信就說
[01:37:21.000 --> 01:37:22.000]  找郊外
[01:37:22.000 --> 01:37:23.000]  艾瑪豐就是艾滋病
[01:37:23.000 --> 01:37:25.000]  誰醫得好的
[01:37:25.000 --> 01:37:27.000]  找郊外
[01:37:27.000 --> 01:37:28.000]  有人就說
[01:37:28.000 --> 01:37:30.000]  你就叫他去看看
[01:37:30.000 --> 01:37:34.000]  看看有沒有得醫
[01:37:34.000 --> 01:37:37.000]  爾利沙就叫他去
[01:37:37.000 --> 01:37:40.000]  最重要的人物是爾利沙
[01:37:40.000 --> 01:37:42.000]  但他沒有出現
[01:37:42.000 --> 01:37:43.000]  你留心聖經說
[01:37:43.000 --> 01:37:45.000]  乃曼去到他的門口
[01:37:45.000 --> 01:37:48.000]  爾利沙就只是叫一個侍者出來
[01:37:48.000 --> 01:37:50.000]  就和乃曼說
[01:37:50.000 --> 01:37:51.000]  洗七次澡吧
[01:37:51.000 --> 01:37:53.000]  在約旦河那裏
[01:37:53.000 --> 01:37:56.000]  乃曼就很生氣
[01:37:56.000 --> 01:37:58.000]  第二個關鍵
[01:37:58.000 --> 01:38:00.000]  第一個關鍵是那個女孩
[01:38:00.000 --> 01:38:02.000]  第二個關鍵
[01:38:02.000 --> 01:38:06.000]  乃曼當中有一個僕人
[01:38:06.000 --> 01:38:08.000]  這個僕人走出來
[01:38:08.000 --> 01:38:12.000]  說一句非常實際的說話
[01:38:12.000 --> 01:38:13.000]  他說
[01:38:13.000 --> 01:38:15.000]  先知如果叫你做件大事
[01:38:15.000 --> 01:38:16.000]  你都會做
[01:38:16.000 --> 01:38:19.000]  何況叫你做件這麼小的事呢
[01:38:19.000 --> 01:38:21.000]  聖經是說了這麼多
[01:38:21.000 --> 01:38:22.000]  你可以反駁下去
[01:38:22.000 --> 01:38:24.000]  做完之後不行
[01:38:24.000 --> 01:38:26.000]  回來再殺他不就遲了嗎
[01:38:26.000 --> 01:38:28.000]  爲什麼不試呢
[01:38:28.000 --> 01:38:30.000]  沒有喫虧的
[01:38:30.000 --> 01:38:33.000]  這些是旺角街邊都會說的話
[01:38:33.000 --> 01:38:35.000]  於是乃曼就去試
[01:38:35.000 --> 01:38:39.000]  果然痊癒
[01:38:39.000 --> 01:38:42.000]  整個故事一直說的時候
[01:38:42.000 --> 01:38:45.000]  英雄全部不是英雄
[01:38:45.000 --> 01:38:49.000]  上帝的旨意成就的時候
[01:38:49.000 --> 01:38:52.000]  是那兩個不見經傳的
[01:38:52.000 --> 01:38:54.000]  侍女和僕人
[01:38:54.000 --> 01:38:58.000]  成就了一件大事
[01:38:58.000 --> 01:39:01.000]  列王紀充滿着這樣的故事
[01:39:01.000 --> 01:39:03.000]  每一次講完之後
[01:39:03.000 --> 01:39:05.000]  當你坐下來默想
[01:39:05.000 --> 01:39:08.000]  你會看見那裏對人
[01:39:08.000 --> 01:39:11.000]  有什麼樣的評價呢
[01:39:11.000 --> 01:39:14.000]  另外一段應該很熟悉
[01:39:14.000 --> 01:39:17.000]  就是列王紀上第22章
[01:39:17.000 --> 01:39:19.000]  約沙伐
[01:39:19.000 --> 01:39:21.000]  猶大王和阿哈王
[01:39:21.000 --> 01:39:23.000]  以色列的王一起打仗
[01:39:23.000 --> 01:39:25.000]  這次是聯盟
[01:39:25.000 --> 01:39:28.000]  上陣之前先問一下先知
[01:39:28.000 --> 01:39:31.000]  於是阿哈王叫他的先知出來
[01:39:31.000 --> 01:39:32.000]  先知說上去吧
[01:39:32.000 --> 01:39:34.000]  一定贏的
[01:39:34.000 --> 01:39:38.000]  約沙伐說你有沒有真的先知
[01:39:38.000 --> 01:39:39.000]  有
[01:39:39.000 --> 01:39:41.000]  不過我不喜歡聽他講話
[01:39:41.000 --> 01:39:44.000]  我把他關在監獄裏面
[01:39:44.000 --> 01:39:46.000]  叫他出來
[01:39:46.000 --> 01:39:48.000]  約沙伐說一定贏的
[01:39:48.000 --> 01:39:50.000]  阿哈王說我警告你
[01:39:50.000 --> 01:39:53.000]  講真話不要講假話
[01:39:53.000 --> 01:39:55.000]  約沙伐說你叫我講
[01:39:55.000 --> 01:39:57.000]  我告訴你真相
[01:39:57.000 --> 01:40:02.000]  上帝民怎麼能騙你上去殺死你
[01:40:02.000 --> 01:40:03.000]  聽了
[01:40:03.000 --> 01:40:04.000]  上不上去
[01:40:04.000 --> 01:40:05.000]  照上
[01:40:05.000 --> 01:40:07.000]  阿哈王怕
[01:40:07.000 --> 01:40:10.000]  於是改換了裝束
[01:40:10.000 --> 01:40:12.000]  陣上有一個弓箭手
[01:40:12.000 --> 01:40:15.000]  試一下他的弓能不能彈
[01:40:15.000 --> 01:40:17.000]  隨意開弓
[01:40:17.000 --> 01:40:25.000]  那些箭就在阿哈王的盔甲夾縫裏面射死他
[01:40:25.000 --> 01:40:29.000]  整個記載很諷刺性
[01:40:29.000 --> 01:40:31.000]  我每次讀的時候就想起
[01:40:31.000 --> 01:40:32.000]  有些弟兄姊妹
[01:40:32.000 --> 01:40:34.000]  問一個牧師
[01:40:34.000 --> 01:40:36.000]  信和不信的拍拖行不行
[01:40:36.000 --> 01:40:37.000]  不行
[01:40:37.000 --> 01:40:40.000]  問第二個牧師行不行
[01:40:40.000 --> 01:40:41.000]  不行
[01:40:41.000 --> 01:40:43.000]  第三個牧師行不行
[01:40:43.000 --> 01:40:46.000]  那段信又不是說拍拖的
[01:40:46.000 --> 01:40:48.000]  行行行
[01:40:48.000 --> 01:40:52.000]  嚇到聽錄音帶的人
[01:40:52.000 --> 01:40:55.000]  是這樣
[01:40:55.000 --> 01:40:57.000]  你明知道不行
[01:40:57.000 --> 01:40:58.000]  你問
[01:40:58.000 --> 01:41:00.000]  問完之後你都知道不行
[01:41:00.000 --> 01:41:01.000]  你照照做
[01:41:01.000 --> 01:41:03.000]  阿哈王就是這樣的情況
[01:41:03.000 --> 01:41:08.000]  對人性的寫照非常真實
[01:41:08.000 --> 01:41:09.000]  不要笑他
[01:41:09.000 --> 01:41:11.000]  根本就是我們
[01:41:11.000 --> 01:41:12.000]  根本就是我們
[01:41:12.000 --> 01:41:15.000]  聖經完全沒有隱瞞
[01:41:15.000 --> 01:41:20.000]  聖經對這些人物的處理
[01:41:20.000 --> 01:41:21.000]  真實到一個程度
[01:41:21.000 --> 01:41:23.000]  我們害怕
[01:41:23.000 --> 01:41:25.000]  大衛
[01:41:25.000 --> 01:41:28.000]  你說他年輕的時候
[01:41:28.000 --> 01:41:31.000]  犯罪姦淫殺人
[01:41:31.000 --> 01:41:33.000]  年輕的時候
[01:41:33.000 --> 01:41:35.000]  三十歲做王
[01:41:35.000 --> 01:41:36.000]  算他吧
[01:41:36.000 --> 01:41:38.000]  晚年他應該很虔誠吧
[01:41:38.000 --> 01:41:41.000]  你讀一下列王紀上第一章
[01:41:41.000 --> 01:41:43.000]  列王紀上第一章開始說
[01:41:43.000 --> 01:41:46.000]  他老到一個地步
[01:41:46.000 --> 01:41:50.000]  他去宮廷找個女孩去服侍他
[01:41:50.000 --> 01:41:52.000]  找個女孩和他一起睡
[01:41:52.000 --> 01:41:55.000]  他都沒有能力
[01:41:55.000 --> 01:41:58.000]  去和這個女孩有性的關係
[01:41:58.000 --> 01:42:00.000]  老到這麼猛
[01:42:00.000 --> 01:42:01.000]  已經很差了
[01:42:01.000 --> 01:42:04.000]  但是你留心看他臨死前
[01:42:04.000 --> 01:42:09.000]  吩咐所羅門的那段話
[01:42:09.000 --> 01:42:13.000]  仍然是一個老奸巨猾的政治家
[01:42:13.000 --> 01:42:16.000]  他說我生前答應過幾個人
[01:42:16.000 --> 01:42:18.000]  我不殺他
[01:42:18.000 --> 01:42:19.000]  你查一下
[01:42:19.000 --> 01:42:22.000]  當時他衆目睽睽之下
[01:42:22.000 --> 01:42:26.000]  他是賢德的皇帝大位
[01:42:26.000 --> 01:42:27.000]  所以他很大方
[01:42:27.000 --> 01:42:28.000]  赦免你
[01:42:28.000 --> 01:42:29.000]  不追究你
[01:42:29.000 --> 01:42:30.000]  你這樣辱罵我
[01:42:30.000 --> 01:42:32.000]  是神吩咐你來辱罵我
[01:42:32.000 --> 01:42:34.000]  看到這些經文嗎
[01:42:34.000 --> 01:42:35.000]  臨死的那一刻
[01:42:35.000 --> 01:42:36.000]  他說我兒啊
[01:42:36.000 --> 01:42:38.000]  這個人這樣對我
[01:42:38.000 --> 01:42:40.000]  我答應過不殺他
[01:42:40.000 --> 01:42:42.000]  我答應不殺他
[01:42:42.000 --> 01:42:45.000]  你識做啊
[01:42:45.000 --> 01:42:48.000]  然後大位還有一句話
[01:42:48.000 --> 01:42:49.000]  真的很精彩
[01:42:49.000 --> 01:42:52.000]  他說你是個聰明的人
[01:42:52.000 --> 01:42:53.000]  學媽
[01:42:53.000 --> 01:42:56.000]  希伯來文就是所羅門的智慧
[01:42:56.000 --> 01:42:57.000]  你是個智慧人
[01:42:57.000 --> 01:42:59.000]  你識怎樣做
[01:42:59.000 --> 01:43:00.000]  果然
[01:43:00.000 --> 01:43:03.000]  所羅門就照着父皇的吩咐
[01:43:03.000 --> 01:43:06.000]  逐一剷除這些政敵
[01:43:06.000 --> 01:43:09.000]  這個是臨死的大位
[01:43:09.000 --> 01:43:11.000]  這個應該是
[01:43:11.000 --> 01:43:13.000]  靈性登峯造極
[01:43:13.000 --> 01:43:16.000]  我且要住在耶和華的殿中
[01:43:16.000 --> 01:43:19.000]  直到永遠的大位
[01:43:19.000 --> 01:43:21.000]  這個不是他三十多歲
[01:43:21.000 --> 01:43:22.000]  血氣方剛
[01:43:22.000 --> 01:43:25.000]  看見拔士巴的大位
[01:43:25.000 --> 01:43:28.000]  聖經可以這樣描寫大位
[01:43:28.000 --> 01:43:30.000]  絕對沒有說
[01:43:30.000 --> 01:43:32.000]  這個是合神心意的王
[01:43:32.000 --> 01:43:34.000]  所以他一切所行的
[01:43:34.000 --> 01:43:36.000]  都合乎律法
[01:43:36.000 --> 01:43:37.000]  他是我們的榜樣
[01:43:37.000 --> 01:43:39.000]  他是我們的典範
[01:43:39.000 --> 01:43:40.000]  要書有七十七次
[01:43:40.000 --> 01:43:42.000]  沒有的
[01:43:42.000 --> 01:43:46.000]  對人性的描寫
[01:43:46.000 --> 01:43:48.000]  非常真實
[01:43:48.000 --> 01:43:50.000]  真實到一個程度
[01:43:50.000 --> 01:43:52.000]  是你和我
[01:43:52.000 --> 01:43:54.000]  不想接受
[01:43:54.000 --> 01:43:56.000]  我在筆記裏寫希西加
[01:43:56.000 --> 01:43:57.000]  一句說完
[01:43:57.000 --> 01:43:59.000]  希西加是一個好的皇帝
[01:43:59.000 --> 01:44:01.000]  在聯王紀上記載
[01:44:01.000 --> 01:44:03.000]  他從大位以來
[01:44:03.000 --> 01:44:04.000]  再沒有第二個皇帝
[01:44:04.000 --> 01:44:05.000]  像他那麼好
[01:44:05.000 --> 01:44:08.000]  行瑤眼中看爲正的事
[01:44:08.000 --> 01:44:10.000]  很虔誠
[01:44:10.000 --> 01:44:12.000]  他最後說什麼
[01:44:12.000 --> 01:44:13.000]  你記不記得
[01:44:13.000 --> 01:44:15.000]  巴比倫的侍者來
[01:44:15.000 --> 01:44:17.000]  他高興得太多
[01:44:17.000 --> 01:44:19.000]  帶他參觀自己所有的東西
[01:44:19.000 --> 01:44:22.000]  於是就種下殺雞
[01:44:22.000 --> 01:44:24.000]  人家看到你夾着多少錢
[01:44:24.000 --> 01:44:26.000]  還不來謀你
[01:44:26.000 --> 01:44:27.000]  於是就警告他
[01:44:27.000 --> 01:44:29.000]  你做了一件錯事
[01:44:29.000 --> 01:44:31.000]  所以上帝會令到你
[01:44:31.000 --> 01:44:33.000]  死了之後
[01:44:33.000 --> 01:44:36.000]  你的國家就會亡在巴比倫的手上
[01:44:36.000 --> 01:44:38.000]  希西加怎麼說
[01:44:38.000 --> 01:44:40.000]  我到現在都不懂得解決這句話
[01:44:40.000 --> 01:44:41.000]  希西加說
[01:44:41.000 --> 01:44:42.000]  好吧
[01:44:42.000 --> 01:44:44.000]  起碼我自己也有安慰的日子過
[01:44:44.000 --> 01:44:48.000]  這是領袖所說的嗎
[01:44:48.000 --> 01:44:50.000]  這麼自私的嗎
[01:44:50.000 --> 01:44:52.000]  是啊
[01:44:52.000 --> 01:44:54.000]  這個是希西加來的
[01:44:54.000 --> 01:44:58.000]  如果你將一切的希望
[01:44:58.000 --> 01:45:04.000]  是擺在人的修行修爲上面
[01:45:04.000 --> 01:45:07.000]  你就不可以接受人是這樣的了
[01:45:07.000 --> 01:45:09.000]  因爲這樣你就絕望了
[01:45:09.000 --> 01:45:11.000]  聖經不是
[01:45:11.000 --> 01:45:13.000]  聖經沒有將一切的希望
[01:45:13.000 --> 01:45:15.000]  孤注一擲地擺在你
[01:45:15.000 --> 01:45:17.000]  修身齊家治國平天下身上
[01:45:17.000 --> 01:45:19.000]  你收不到的
[01:45:19.000 --> 01:45:21.000]  你練不到的
[01:45:21.000 --> 01:45:23.000]  你的人性的醜惡
[01:45:23.000 --> 01:45:26.000]  是任何時間都是保羅說的最真實的
[01:45:26.000 --> 01:45:27.000]  我在罪人當中
[01:45:27.000 --> 01:45:28.000]  我是一個罪魁
[01:45:28.000 --> 01:45:29.000]  我蒙了憐憫
[01:45:29.000 --> 01:45:30.000]  馬丁路德說
[01:45:30.000 --> 01:45:32.000]  我是一個蒙恩的罪人
[01:45:32.000 --> 01:45:34.000]  這個事實沒有改變
[01:45:34.000 --> 01:45:36.000]  在舊有聖經的人物身上
[01:45:36.000 --> 01:45:38.000]  這是一個很清楚的事實
[01:45:38.000 --> 01:45:39.000]  所以你看他
[01:45:39.000 --> 01:45:40.000]  你找他做榜樣的時候
[01:45:40.000 --> 01:45:42.000]  這些東西是虛無全清的
[01:45:42.000 --> 01:45:44.000]  這些東西沒有看
[01:45:44.000 --> 01:45:45.000]  只是看他好的地方
[01:45:45.000 --> 01:45:47.000]  不真實的
[01:45:47.000 --> 01:45:49.000]  你將一個這樣的典範
[01:45:49.000 --> 01:45:51.000]  擺在今天任何一個人身上
[01:45:51.000 --> 01:45:53.000]  於是你就不可以接納到
[01:45:53.000 --> 01:45:55.000]  哎呀某某人原來也有軟弱的
[01:45:55.000 --> 01:45:57.000]  你自己也有
[01:45:57.000 --> 01:45:59.000]  我當然是
[01:45:59.000 --> 01:46:00.000]  我沒那麼威風
[01:46:00.000 --> 01:46:01.000]  我沒那麼出名
[01:46:01.000 --> 01:46:03.000]  出名和不出名
[01:46:03.000 --> 01:46:04.000]  以利亞夠出名的
[01:46:04.000 --> 01:46:06.000]  與我們一樣性情
[01:46:06.000 --> 01:46:08.000]  聖經怎麼看一個人
[01:46:08.000 --> 01:46:10.000]  聖經看他的敗壞
[01:46:10.000 --> 01:46:12.000]  聖經看他的墮落
[01:46:12.000 --> 01:46:13.000]  聖經看得很清楚
[01:46:13.000 --> 01:46:16.000]  希望不是在我們自己的身上
[01:46:16.000 --> 01:46:18.000]  希望不是在選民的身上
[01:46:18.000 --> 01:46:20.000]  希望在神那裏
[01:46:20.000 --> 01:46:22.000]  所以你不需要
[01:46:22.000 --> 01:46:24.000]  對着這樣的人的時候
[01:46:24.000 --> 01:46:26.000]  哎呀那死了
[01:46:26.000 --> 01:46:28.000]  那誰才能夠得救呢
[01:46:28.000 --> 01:46:30.000]  正是每個人都不行
[01:46:30.000 --> 01:46:31.000]  正是沒有二人
[01:46:31.000 --> 01:46:33.000]  連一個也沒有
[01:46:33.000 --> 01:46:35.000]  這個事實出現在我們眼前的時候
[01:46:35.000 --> 01:46:37.000]  連我們那幾個
[01:46:37.000 --> 01:46:39.000]  少數的所謂聖人
[01:46:39.000 --> 01:46:41.000]  都拆了的時候
[01:46:41.000 --> 01:46:42.000]  我們害怕
[01:46:42.000 --> 01:46:44.000]  那個正是馬丁努德所說的
[01:46:44.000 --> 01:46:46.000]  是一個悔改的開始
[01:46:46.000 --> 01:46:47.000]  你不行嘛
[01:46:47.000 --> 01:46:50.000]  照出我們的本相
[01:46:50.000 --> 01:46:54.000]  希望不在我們自己的身上
[01:46:54.000 --> 01:46:56.000]  但是在這一點上
[01:46:56.000 --> 01:46:59.000]  舊約聖經也很清楚說明
[01:46:59.000 --> 01:47:02.000]  你是可以改變的
[01:47:02.000 --> 01:47:05.000]  你是可以悔改的
[01:47:05.000 --> 01:47:07.000]  你不是定型的
[01:47:07.000 --> 01:47:10.000]  你不是被命運所操縱的
[01:47:10.000 --> 01:47:11.000]  希伯來的聖經
[01:47:11.000 --> 01:47:12.000]  舊約的聖經
[01:47:12.000 --> 01:47:13.000]  和希臘的神話
[01:47:13.000 --> 01:47:14.000]  希臘的悲劇
[01:47:14.000 --> 01:47:16.000]  最大的分別
[01:47:16.000 --> 01:47:18.000]  猶太人的學者指出
[01:47:18.000 --> 01:47:19.000]  就是希臘的悲劇
[01:47:19.000 --> 01:47:22.000]  就是人是受命運所操縱的
[01:47:22.000 --> 01:47:24.000]  於是我們看星座
[01:47:24.000 --> 01:47:26.000]  看我是哪類的人
[01:47:26.000 --> 01:47:27.000]  我是人馬座的
[01:47:27.000 --> 01:47:30.000]  我今天一定會墮入愛河的
[01:47:30.000 --> 01:47:31.000]  不是的
[01:47:31.000 --> 01:47:32.000]  聖經裏面說
[01:47:32.000 --> 01:47:35.000]  我們是神所造的
[01:47:35.000 --> 01:47:37.000]  神造我們的時候
[01:47:37.000 --> 01:47:40.000]  是賦予我們一個自由的選擇
[01:47:40.000 --> 01:47:43.000]  我們的生命是沒有預定的
[01:47:43.000 --> 01:47:44.000]  你自己選擇
[01:47:44.000 --> 01:47:45.000]  你要做好做壞
[01:47:45.000 --> 01:47:46.000]  你自己選擇
[01:47:46.000 --> 01:47:47.000]  你要負責任
[01:47:47.000 --> 01:47:49.000]  所以你可以選擇做壞
[01:47:49.000 --> 01:47:54.000]  爲什麼你不可以選擇悔改呢
[01:47:54.000 --> 01:47:56.000]  舊約聖經描寫這些人物的時候
[01:47:56.000 --> 01:47:58.000]  這些故事一直流傳的時候
[01:47:58.000 --> 01:48:02.000]  那個信息是很深沉的
[01:48:02.000 --> 01:48:04.000]  不是很表面的
[01:48:04.000 --> 01:48:06.000]  不是很膚淺的
[01:48:06.000 --> 01:48:11.000]  他一方面看通了人性的敗壞
[01:48:11.000 --> 01:48:13.000]  一方面也告訴我們
[01:48:13.000 --> 01:48:15.000]  你是可以變的
[01:48:15.000 --> 01:48:18.000]  你沒有定了社會的錯
[01:48:18.000 --> 01:48:21.000]  我沒有辦法能夠反抗
[01:48:21.000 --> 01:48:23.000]  我一定要逼着走這條路
[01:48:23.000 --> 01:48:24.000]  人在江湖身不由己
[01:48:24.000 --> 01:48:26.000]  沒有這首歌唱的
[01:48:26.000 --> 01:48:28.000]  你是可以決定
[01:48:28.000 --> 01:48:30.000]  你不聽神的話
[01:48:30.000 --> 01:48:32.000]  也就是說你也可以決定
[01:48:32.000 --> 01:48:39.000]  反過來悔改的可能性是真實的
[01:48:39.000 --> 01:48:42.000]  神和我們的關係
[01:48:42.000 --> 01:48:46.000]  一方面不是建立在我們身上
[01:48:46.000 --> 01:48:48.000]  但也另外一方面
[01:48:48.000 --> 01:48:56.000]  我們要選擇正確的路線
[01:48:56.000 --> 01:48:58.000]  兩樣都很重要
[01:48:58.000 --> 01:49:00.000]  聖經沒有隻是偏重一樣東西
[01:49:00.000 --> 01:49:02.000]  全部都是上帝的作爲
[01:49:02.000 --> 01:49:03.000]  你就翹起手
[01:49:03.000 --> 01:49:05.000]  等上帝抬你上天堂吧
[01:49:05.000 --> 01:49:08.000]  上帝不抬我是他預定我不能救的
[01:49:08.000 --> 01:49:09.000]  那些是神學
[01:49:09.000 --> 01:49:11.000]  那些不是聖經
[01:49:11.000 --> 01:49:13.000]  聖經從來沒有這樣說
[01:49:13.000 --> 01:49:15.000]  是不用靠你
[01:49:15.000 --> 01:49:17.000]  你是敗壞的
[01:49:17.000 --> 01:49:22.000]  聖經非常忠實地記載了我們人性的敗壞
[01:49:22.000 --> 01:49:24.000]  但聖經同時讓我們看到
[01:49:24.000 --> 01:49:29.000]  每一個人活在神的創造之下
[01:49:29.000 --> 01:49:32.000]  我們是可以選擇
[01:49:32.000 --> 01:49:34.000]  我們選上帝
[01:49:34.000 --> 01:49:39.000]  這個雙重的信息是很重要的
[01:49:39.000 --> 01:49:42.000]  對以色列人在流亡
[01:49:42.000 --> 01:49:45.000]  在被撈亡國的慘痛當中
[01:49:45.000 --> 01:49:48.000]  他發覺希望不在他自己身上
[01:49:48.000 --> 01:49:51.000]  他同時發覺他能夠回頭
[01:49:51.000 --> 01:49:53.000]  不是註定的
[01:49:53.000 --> 01:49:55.000]  不是無法反抗的
[01:49:55.000 --> 01:49:57.000]  不是宿命論
[01:49:57.000 --> 01:50:01.000]  不要換了外衣
[01:50:01.000 --> 01:50:05.000]  神的旨意命定了我在這幾年輸了
[01:50:05.000 --> 01:50:07.000]  哪有這樣的東西
[01:50:07.000 --> 01:50:09.000]  是你的通勝說的
[01:50:09.000 --> 01:50:11.000]  不是聖經所說的
[01:50:11.000 --> 01:50:13.000]  你隨時回頭
[01:50:13.000 --> 01:50:15.000]  上帝連民
[01:50:15.000 --> 01:50:17.000]  不是靠你自己
[01:50:17.000 --> 01:50:18.000]  上帝的恩典
[01:50:18.000 --> 01:50:20.000]  你能夠選擇的
[01:50:20.000 --> 01:50:22.000]  雙重的真理
[01:50:22.000 --> 01:50:24.000]  不可以只拿着一面
[01:50:24.000 --> 01:50:27.000]  這是歷史書裏的教導
[01:50:27.000 --> 01:50:29.000]  讓我們看到的
[01:50:29.000 --> 01:50:32.000]  整體全部來看
[01:50:32.000 --> 01:50:36.000]  對以色列在流亡被撈的時候的信息是這樣
[01:50:36.000 --> 01:50:39.000]  個別對我們每一個人
[01:50:39.000 --> 01:50:43.000]  我們的生命的信息也是這樣
[01:50:43.000 --> 01:50:45.000]  我們讀的時候
[01:50:45.000 --> 01:50:47.000]  我們看到一個大的主題
[01:50:47.000 --> 01:50:49.000]  我們看到個別的故事
[01:50:49.000 --> 01:50:51.000]  看到一些細微的地方
[01:50:51.000 --> 01:50:54.000]  我們只是講了一個很大的概略
[01:50:54.000 --> 01:50:56.000]  真的要去讀這些經文
[01:50:56.000 --> 01:50:59.000]  留給你在你靈脩的時候
[01:50:59.000 --> 01:51:01.000]  慢慢去體會
[01:51:01.000 --> 01:51:03.000]  好,我們今晚停在這裏
[01:51:21.000 --> 01:51:23.000]  我只想知道你到底是誰啊?
