
[00:00:00.000 --> 00:00:07.000]  「恩怨情仇論舊約」李思敬博士主講
[00:00:07.000 --> 00:00:12.000]  第五講「我們怎樣獲罪於天」亞摩斯書蓋述
[00:00:12.000 --> 00:00:18.000]  好像很快我們來到課程的第五課
[00:00:18.000 --> 00:00:25.000]  上兩課我們都是用了中覽的方式
[00:00:25.000 --> 00:00:30.000]  一課我們看了摩西五經的其中四卷
[00:00:30.000 --> 00:00:34.000]  由將埃及記到生命記
[00:00:34.000 --> 00:00:38.000]  我們特別留意裡面的誡命、律例、典章
[00:00:38.000 --> 00:00:41.000]  這些所謂律法的部分
[00:00:41.000 --> 00:00:47.000]  上一課我們很快就看了四卷或者六卷
[00:00:47.000 --> 00:00:49.000]  我們通常稱為歷史書
[00:00:49.000 --> 00:00:57.000]  但是希伯來的聖經稱他們為先知書
[00:00:57.000 --> 00:01:01.000]  我們討論過先知的翻譯不是很恰當
[00:01:01.000 --> 00:01:04.000]  或者稱為信息
[00:01:04.000 --> 00:01:12.000]  上帝透過他的僕人使者對我們有什麼信息
[00:01:12.000 --> 00:01:15.000]  是要傳達、要我們明白的
[00:01:15.000 --> 00:01:20.000]  這一課和下一課我們就來到
[00:01:20.000 --> 00:01:26.000]  我們通常所熟悉的所謂先知書的部分
[00:01:26.000 --> 00:01:30.000]  在我們的中文聖經裡
[00:01:30.000 --> 00:01:35.000]  我們習慣稱呼他們為大小先知書
[00:01:35.000 --> 00:01:41.000]  大先知書就是以賽亞書、耶利米書
[00:01:41.000 --> 00:01:47.000]  耶利米、哀戈、以西傑書、但爾利書
[00:01:47.000 --> 00:01:52.000]  十二卷的小先知書不知道你背不背得出來
[00:01:52.000 --> 00:01:54.000]  如果用簡單的背法
[00:01:54.000 --> 00:01:58.000]  荷爾摩、俄蘭尼、紅俠、梵、蓋、阿瑪
[00:01:58.000 --> 00:02:00.000]  有一首歌唱的
[00:02:00.000 --> 00:02:03.000]  你找聖經就找得快一點
[00:02:03.000 --> 00:02:10.000]  加上十七卷的大小先知書
[00:02:10.000 --> 00:02:16.000]  其實翻譯上比我們覺得有些重要一點
[00:02:16.000 --> 00:02:18.000]  有些沒那麼重要
[00:02:18.000 --> 00:02:20.000]  大先知嘛
[00:02:20.000 --> 00:02:23.000]  當然不是指體重、身形
[00:02:23.000 --> 00:02:28.000]  重要性來說是大先知、小先知
[00:02:28.000 --> 00:02:37.000]  其實所謂大先知或者指他的篇幅比較長
[00:02:37.000 --> 00:02:40.000]  以賽亞書六十六章
[00:02:40.000 --> 00:02:43.000]  耶利米書五十二章
[00:02:43.000 --> 00:02:46.000]  這些是長的先知書
[00:02:46.000 --> 00:02:51.000]  相對之下小先知書好像比較短
[00:02:51.000 --> 00:02:55.000]  例如俄巴底亞書一章
[00:02:55.000 --> 00:03:01.000]  例如今天我們要看的阿摩斯書九章
[00:03:01.000 --> 00:03:08.000]  不過嚴格用篇幅的長短來分大小先知書
[00:03:08.000 --> 00:03:09.000]  其實都不是很準確
[00:03:09.000 --> 00:03:14.000]  因為耶利米哀歌是很薄的一卷書
[00:03:14.000 --> 00:03:16.000]  只有五章
[00:03:16.000 --> 00:03:20.000]  撒加利亞書十四章一定比他長
[00:03:20.000 --> 00:03:23.000]  其實這個所謂大小先知書
[00:03:23.000 --> 00:03:27.000]  我懷疑都是用來平衡我們當初說過
[00:03:27.000 --> 00:03:29.000]  五本摩西的律法書
[00:03:29.000 --> 00:03:32.000]  五本詩歌智慧書
[00:03:32.000 --> 00:03:35.000]  於是有五本所謂的大先知書
[00:03:35.000 --> 00:03:38.000]  其實哀歌就有點硬了
[00:03:38.000 --> 00:03:41.000]  希伯來的聖經如何分類呢?
[00:03:41.000 --> 00:03:46.000]  這部分他們稱為後先知書
[00:03:46.000 --> 00:03:50.000]  我比較喜歡的翻譯是信息的下冊
[00:03:50.000 --> 00:03:52.000]  上冊是歷史書
[00:03:52.000 --> 00:03:58.000]  四卷約書雅、士詩記、薩姆爾、列王紀
[00:03:58.000 --> 00:04:02.000]  後先知書或者下冊的信息
[00:04:02.000 --> 00:04:05.000]  這個Naviim的下半部分
[00:04:05.000 --> 00:04:09.000]  其實都是四卷的書
[00:04:09.000 --> 00:04:12.000]  以賽亞、耶利米、以西傑
[00:04:12.000 --> 00:04:16.000]  然後十二卷所謂小先知書
[00:04:16.000 --> 00:04:17.000]  合併本
[00:04:17.000 --> 00:04:24.000]  長短和前面那三卷不分上下
[00:04:24.000 --> 00:04:26.000]  大家都有差不多的長度
[00:04:26.000 --> 00:04:30.000]  所以哀歌就不入這部分了
[00:04:30.000 --> 00:04:33.000]  這個我們要留待再過幾課之後
[00:04:33.000 --> 00:04:36.000]  我們讀到著作的部分
[00:04:36.000 --> 00:04:38.000]  文學的部分我們再提
[00:04:38.000 --> 00:04:42.000]  但以理書我們很深愛的一卷
[00:04:42.000 --> 00:04:43.000]  關於主在內
[00:04:43.000 --> 00:04:46.000]  我們時時和啟示錄一起炒的書卷
[00:04:46.000 --> 00:04:48.000]  也不入這一部分
[00:04:48.000 --> 00:04:53.000]  但以理書既然時時和啟示錄相提並論
[00:04:53.000 --> 00:04:56.000]  可知道他們是相同的題材
[00:04:56.000 --> 00:04:59.000]  在聖經的研究上是別具一格
[00:04:59.000 --> 00:05:02.000]  我們要留待稍後再討論
[00:05:02.000 --> 00:05:09.000]  在討論這一類所謂先知書的時候
[00:05:09.000 --> 00:05:13.000]  我們必須先放下大小的分別
[00:05:13.000 --> 00:05:19.000]  不要以為他們有重要不重要之分
[00:05:19.000 --> 00:05:25.000]  其實如果用希伯來聖經的分卷
[00:05:25.000 --> 00:05:27.000]  這裡有十五位
[00:05:27.000 --> 00:05:29.000]  可能甚至多過十五位
[00:05:29.000 --> 00:05:31.000]  但以書卷來分
[00:05:31.000 --> 00:05:33.000]  十五卷
[00:05:33.000 --> 00:05:35.000]  神的僕人
[00:05:35.000 --> 00:05:37.000]  神的使者
[00:05:37.000 --> 00:05:40.000]  代表上帝講說話
[00:05:40.000 --> 00:05:45.000]  傳遞神的信息
[00:05:45.000 --> 00:05:52.000]  讓以色列選民知道明白神的心意
[00:05:52.000 --> 00:05:57.000]  我們看過歷史書是透過歷史的回顧
[00:05:57.000 --> 00:06:00.000]  來傳遞神的信息
[00:06:00.000 --> 00:06:06.000]  這十五卷所謂先知書的書卷
[00:06:06.000 --> 00:06:13.000]  又用什麼來傳遞上帝的信息的內容
[00:06:13.000 --> 00:06:20.000]  我們可以有一個選擇
[00:06:20.000 --> 00:06:26.000]  就是歸納這十五卷所謂先知書
[00:06:26.000 --> 00:06:33.000]  然後訂出一些大家都共同的話題內容
[00:06:33.000 --> 00:06:39.000]  來介紹這幾卷所謂先知書
[00:06:39.000 --> 00:06:44.000]  這樣的做法一定是比較籠統
[00:06:44.000 --> 00:06:51.000]  而且會將個別神的使者
[00:06:51.000 --> 00:06:53.000]  神的僕人
[00:06:53.000 --> 00:06:55.000]  或者用舊約的稱呼
[00:06:55.000 --> 00:06:57.000]  神人
[00:06:57.000 --> 00:06:59.000]  H Elohim
[00:06:59.000 --> 00:07:00.000]  神人
[00:07:00.000 --> 00:07:02.000]  這一班神所特別
[00:07:02.000 --> 00:07:03.000]  簡選
[00:07:03.000 --> 00:07:04.000]  呼召
[00:07:04.000 --> 00:07:06.000]  他們每個人都不同
[00:07:06.000 --> 00:07:08.000]  所以他們留下來的書卷
[00:07:08.000 --> 00:07:10.000]  都很不同
[00:07:10.000 --> 00:07:13.000]  我們所熟悉的約拿書
[00:07:13.000 --> 00:07:15.000]  在十二小先知當中
[00:07:15.000 --> 00:07:17.000]  可能我們最熟悉的
[00:07:17.000 --> 00:07:19.000]  多德那條大魚
[00:07:19.000 --> 00:07:22.000]  約拿書和一般我們心目中的
[00:07:22.000 --> 00:07:24.000]  所謂先知書很不同
[00:07:24.000 --> 00:07:26.000]  因為它不是講論什麼
[00:07:26.000 --> 00:07:29.000]  它是講故事出來
[00:07:29.000 --> 00:07:31.000]  你要歸納的時候
[00:07:31.000 --> 00:07:35.000]  大部分歸納都會犧牲約拿書
[00:07:35.000 --> 00:07:41.000]  它不是普遍其餘十幾個人
[00:07:41.000 --> 00:07:43.000]  寫書的格式
[00:07:43.000 --> 00:07:45.000]  當然被犧牲
[00:07:45.000 --> 00:07:47.000]  少數服從多數
[00:07:47.000 --> 00:07:49.000]  所以一個這樣的總結
[00:07:49.000 --> 00:07:51.000]  一個中覽的方式
[00:07:51.000 --> 00:07:56.000]  歸納所有先知書的共同話題
[00:07:56.000 --> 00:08:01.000]  其實可能會傳遞一個錯誤的印象給我們
[00:08:01.000 --> 00:08:07.000]  即是今天我們討論中國文化這個題目
[00:08:07.000 --> 00:08:10.000]  何謂中國文化呢?
[00:08:10.000 --> 00:08:14.000]  是中國大陸裏面的文化呢?
[00:08:14.000 --> 00:08:19.000]  還是海外華人華僑社會裏面的文化呢?
[00:08:19.000 --> 00:08:23.000]  海外來說是香港的文化呢?
[00:08:23.000 --> 00:08:25.000]  還是台灣的文化呢?
[00:08:25.000 --> 00:08:28.000]  還是北美三藩市多倫多
[00:08:28.000 --> 00:08:32.000]  那裏的華人社區的文化呢?
[00:08:32.000 --> 00:08:36.000]  還是總其成將它加起來除開
[00:08:36.000 --> 00:08:40.000]  那些共同的特徵就是中國文化呢?
[00:08:40.000 --> 00:08:45.000]  大陸裏面是沿海的省份還是內陸呢?
[00:08:45.000 --> 00:08:48.000]  士大夫、讀書人、知識份子
[00:08:48.000 --> 00:08:52.000]  還是農村社會那些目不識丁
[00:08:52.000 --> 00:08:56.000]  甚至近乎文盲的農民的文化呢?
[00:08:56.000 --> 00:09:01.000]  我不是否定歸納的重要
[00:09:01.000 --> 00:09:04.000]  因為始終討論這些問題的時候
[00:09:04.000 --> 00:09:07.000]  我們有一些情況下需要歸納
[00:09:07.000 --> 00:09:11.000]  不過我只是想說歸納不是唯一的方式
[00:09:11.000 --> 00:09:16.000]  如果你想認識中國文化
[00:09:16.000 --> 00:09:20.000]  當然你可以選一本這樣的書來看
[00:09:20.000 --> 00:09:25.000]  它和你歸納了一般普遍中國人文化的現象
[00:09:25.000 --> 00:09:29.000]  另一個通常都幾好的做法
[00:09:29.000 --> 00:09:32.000]  就是介紹你認識一家中國人
[00:09:32.000 --> 00:09:36.000]  於是你搬進去他家裏和他一起住
[00:09:36.000 --> 00:09:40.000]  看他早上未刷牙未晾口前已經有很多話說
[00:09:40.000 --> 00:09:45.000]  看他吃飯的時候如何沒有規矩地夾菜夾到對面
[00:09:45.000 --> 00:09:49.000]  說話很大聲又不是吵架
[00:09:49.000 --> 00:09:53.000]  這個親身的體驗有它的局限
[00:09:53.000 --> 00:09:56.000]  它不可以代表所有的中國人
[00:09:56.000 --> 00:09:59.000]  但起碼他是真正的中國人
[00:09:59.000 --> 00:10:03.000]  是真實的具體的有血有肉的
[00:10:03.000 --> 00:10:05.000]  我就選擇了用這個方法
[00:10:05.000 --> 00:10:08.000]  來和大家用兩堂的時間
[00:10:08.000 --> 00:10:13.000]  去看兩卷我們所謂的先知書
[00:10:13.000 --> 00:10:15.000]  我經常說所謂先知書
[00:10:15.000 --> 00:10:18.000]  就是先知不是未卜先知
[00:10:18.000 --> 00:10:21.000]  這裡我們不是看劉伯溫燒餅哥
[00:10:21.000 --> 00:10:25.000]  我們不是在看什麼末世的大預言
[00:10:25.000 --> 00:10:32.000]  我們在讀的是神的使者要傳遞屬靈的訊息
[00:10:32.000 --> 00:10:38.000]  我們選擇以賽亞書和阿摩斯書
[00:10:38.000 --> 00:10:42.000]  次序就反過來我們先看阿摩斯書
[00:10:42.000 --> 00:10:46.000]  然後下一堂我們就讀以賽亞書
[00:10:46.000 --> 00:10:50.000]  我解釋一下為什麼我選擇這兩卷書
[00:10:50.000 --> 00:10:52.000]  當然最簡單的答案是我比較熟悉
[00:10:52.000 --> 00:10:57.000]  阿摩斯書是我大學時期第一個讀經營
[00:10:57.000 --> 00:10:59.000]  我們就查考阿摩斯書
[00:10:59.000 --> 00:11:04.000]  這本書改變了我對信仰的看法
[00:11:04.000 --> 00:11:06.000]  我對上帝的認識
[00:11:06.000 --> 00:11:10.000]  我自己的形容就是看完阿摩斯書之後
[00:11:10.000 --> 00:11:12.000]  立體化了很多
[00:11:12.000 --> 00:11:15.000]  以前好像看卡通片那樣平面的
[00:11:15.000 --> 00:11:20.000]  突然間整個信仰很立體的呈現在我眼前
[00:11:20.000 --> 00:11:22.000]  以賽亞書也是我比較熟悉的
[00:11:22.000 --> 00:11:28.000]  我的博士論文研究是以賽亞書中間40到55章的部分
[00:11:28.000 --> 00:11:31.000]  除了這一點之外
[00:11:31.000 --> 00:11:33.000]  這是個人主觀因素
[00:11:33.000 --> 00:11:39.000]  客觀的因素就是這兩卷書在先知文學當中
[00:11:39.000 --> 00:11:41.000]  都佔了一個很重要的位置
[00:11:41.000 --> 00:11:44.000]  以賽亞書就不用說了
[00:11:44.000 --> 00:11:54.000]  我提過是舊約三卷被新約聖經和基督教教會引用得最多
[00:11:54.000 --> 00:11:56.000]  記不記得是哪三卷?
[00:11:56.000 --> 00:12:00.000]  創世紀、詩篇、以賽亞書
[00:12:00.000 --> 00:12:09.000]  特別講到基督、以賽亞書和詩篇是經常被引用的
[00:12:09.000 --> 00:12:14.000]  在Naviim這個部分
[00:12:14.000 --> 00:12:18.000]  後先知書,不算歷史書
[00:12:18.000 --> 00:12:20.000]  以賽亞書走在前面
[00:12:20.000 --> 00:12:29.000]  以賽亞書可以說是總括了先知文學的三個大時期
[00:12:29.000 --> 00:12:35.000]  就是用當時古代近東的三個帝國來劃分
[00:12:35.000 --> 00:12:39.000]  亞述的時期、巴比倫的時期
[00:12:39.000 --> 00:12:42.000]  然後就是馬代波斯的時期
[00:12:42.000 --> 00:12:45.000]  這些名字聽起來很古老
[00:12:45.000 --> 00:12:47.000]  其實都是現代我們所熟悉的
[00:12:47.000 --> 00:12:49.000]  早一陣子海灣戰爭的時候
[00:12:49.000 --> 00:12:51.000]  伊拉克很出名
[00:12:51.000 --> 00:12:58.000]  伊拉克的統治者以古巴比倫的尼布甲尼薩王自居
[00:12:58.000 --> 00:13:04.000]  因為他的前身追上去就是巴比倫的帝國
[00:13:04.000 --> 00:13:09.000]  馬代波斯聽起來像地毯的名字
[00:13:09.000 --> 00:13:13.000]  還有貓的名字,有些人可能喜歡貓
[00:13:13.000 --> 00:13:16.000]  其實他是伊朗的前身
[00:13:16.000 --> 00:13:18.000]  所以不要混淆伊朗和伊拉克
[00:13:18.000 --> 00:13:23.000]  兩個完全不同來源的古國
[00:13:23.000 --> 00:13:27.000]  亞摩斯書有什麼重要呢?
[00:13:27.000 --> 00:13:38.000]  亞摩斯書可以說是我們手上有神人著作的第一本
[00:13:38.000 --> 00:13:43.000]  如果你有上過主學或神學課程
[00:13:43.000 --> 00:13:53.000]  你會聽過先知會分類成寫作先知和不寫作先知
[00:13:53.000 --> 00:13:56.000]  什麼是不寫作的先知呢?
[00:13:56.000 --> 00:14:00.000]  例如:以利亞、以利沙、拿丹先知
[00:14:00.000 --> 00:14:04.000]  這些在歷史書中出現的先知
[00:14:04.000 --> 00:14:07.000]  他們沒有留下任何作品
[00:14:07.000 --> 00:14:11.000]  我們只是讀到關於他們的生平故事
[00:14:11.000 --> 00:14:16.000]  寫作先知就是我們在先知書中遇到的
[00:14:16.000 --> 00:14:20.000]  俄巴底亞、拿紅、尼加
[00:14:20.000 --> 00:14:27.000]  亞摩斯可以說是寫作先知當中最早的一卷
[00:14:27.000 --> 00:14:30.000]  這個很有價值
[00:14:30.000 --> 00:14:36.000]  因為他開始一個這樣的做法
[00:14:36.000 --> 00:14:40.000]  就是他寫下、留下了一些他的說話
[00:14:40.000 --> 00:14:43.000]  這裡要留頭心的是
[00:14:43.000 --> 00:14:48.000]  古時的社會並不是以寫作為主
[00:14:48.000 --> 00:14:56.000]  古時的社會是以口頭的說話為主
[00:14:56.000 --> 00:15:00.000]  其實所謂古時也不用太遠
[00:15:00.000 --> 00:15:02.000]  不需要回到舊樣
[00:15:02.000 --> 00:15:06.000]  只是想像一下耶穌的生平
[00:15:06.000 --> 00:15:09.000]  我們讀的福音書不是他寫的
[00:15:09.000 --> 00:15:14.000]  他出名的教訓是一些短篇的故事
[00:15:14.000 --> 00:15:16.000]  一聽就記得了
[00:15:16.000 --> 00:15:21.000]  保薩瑪利亞人、浪子回頭、財主和拉薩路
[00:15:21.000 --> 00:15:27.000]  這些不需要寫下來像長篇連載小說
[00:15:27.000 --> 00:15:31.000]  是口頭說就記得
[00:15:31.000 --> 00:15:34.000]  在古代的社會
[00:15:34.000 --> 00:15:40.000]  一個成功、出色的傳道者不是靠寫作的
[00:15:40.000 --> 00:15:44.000]  印刷術不通行、文字不通行
[00:15:44.000 --> 00:15:47.000]  不是每個人都懂得看書
[00:15:47.000 --> 00:15:49.000]  以塞瓦也遇到這個毛病
[00:15:49.000 --> 00:15:51.000]  他寫下了一些東西給別人看
[00:15:51.000 --> 00:15:53.000]  理直氣壯地說我不懂得看
[00:15:53.000 --> 00:15:55.000]  懂得看的又不看
[00:15:55.000 --> 00:15:57.000]  當然這是另一個問題
[00:15:57.000 --> 00:15:59.000]  所以口頭說話是重要的
[00:15:59.000 --> 00:16:02.000]  口頭的教導是重要的
[00:16:02.000 --> 00:16:04.000]  以前的人記性好很多
[00:16:04.000 --> 00:16:06.000]  現在的記性不是不好
[00:16:06.000 --> 00:16:08.000]  記一些很骯髒的東西
[00:16:08.000 --> 00:16:14.000]  我們忘記了,靠那些電子日記
[00:16:14.000 --> 00:16:16.000]  在舊約的時候
[00:16:16.000 --> 00:16:22.000]  這群神的僕人將他們的信息寫下來
[00:16:22.000 --> 00:16:26.000]  阿摩斯是第一個
[00:16:26.000 --> 00:16:30.000]  所以我們嘗試從阿摩斯書入手
[00:16:30.000 --> 00:16:40.000]  希望可以介紹給大家一個有血有肉的希伯來納維
[00:16:40.000 --> 00:16:43.000]  介紹給你認識他
[00:16:43.000 --> 00:16:50.000]  不要加什麼龜男、鐘男、過濾
[00:16:50.000 --> 00:16:53.000]  你就是面對面的聽他說
[00:16:53.000 --> 00:17:00.000]  我覺得這樣去認識這部份舊約的書卷是很重要的
[00:17:00.000 --> 00:17:10.000]  可以避免很多先入為主的錯誤觀念
[00:17:10.000 --> 00:17:14.000]  譬如我們經常有個觀念認為
[00:17:14.000 --> 00:17:17.000]  阿摩斯是講公義的
[00:17:17.000 --> 00:17:20.000]  荷西亞就很不同了
[00:17:20.000 --> 00:17:23.000]  他是講慈愛的
[00:17:23.000 --> 00:17:25.000]  上帝一會有公義一會有慈愛
[00:17:25.000 --> 00:17:28.000]  於是他的公義和慈愛就搏鬥
[00:17:28.000 --> 00:17:32.000]  上帝自己都搞不定自己想怎樣
[00:17:32.000 --> 00:17:35.000]  這些是先入為主的觀念
[00:17:35.000 --> 00:17:37.000]  阿摩斯書裏面說
[00:17:37.000 --> 00:17:39.000]  為願公平如大水滾滾
[00:17:39.000 --> 00:17:41.000]  公義如江河滔滔
[00:17:41.000 --> 00:17:45.000]  阿摩斯書有九章
[00:17:45.000 --> 00:17:48.000]  不是只有五章第二十幾節
[00:17:48.000 --> 00:17:50.000]  不是只有一節聖經
[00:17:50.000 --> 00:17:53.000]  為什麼我們不先聽阿摩斯講什麼呢
[00:17:53.000 --> 00:17:55.000]  你直接去認識他
[00:17:55.000 --> 00:18:00.000]  你去決定到底他所傳的訊息是不是講公義的呢
[00:18:00.000 --> 00:18:03.000]  他的上帝是不是鐵面無私的呢
[00:18:03.000 --> 00:18:05.000]  你要輪到荷西亞出來打圓場
[00:18:05.000 --> 00:18:06.000]  好像媽媽和爸爸一樣
[00:18:06.000 --> 00:18:08.000]  一個黑面一個白面
[00:18:08.000 --> 00:18:14.000]  阿摩斯書是一個很具體的書卷放在我們面前
[00:18:14.000 --> 00:18:18.000]  今堂我們學會了讀一卷短的先知書
[00:18:18.000 --> 00:18:19.000]  九章而已
[00:18:19.000 --> 00:18:23.000]  希望可以兩個小時內搞定
[00:18:23.000 --> 00:18:26.000]  下一堂就是讀卷最長的
[00:18:26.000 --> 00:18:28.000]  66章怎樣讀呢
[00:18:28.000 --> 00:18:36.000]  你有些經驗可以幫助你處理一個比較困難的例子
[00:18:36.000 --> 00:18:41.000]  阿摩斯書的第一章第一節
[00:18:42.000 --> 00:18:44.000]  聖經這樣說
[00:18:44.000 --> 00:18:50.000]  當猶大王烏西亞以色列王約阿斯的兒子耶羅安在位的時候
[00:18:50.000 --> 00:18:53.000]  大地震前二年
[00:18:53.000 --> 00:18:59.000]  提高阿穆人中的阿摩斯得默示論以色列
[00:18:59.000 --> 00:19:03.000]  通常大部分
[00:19:03.000 --> 00:19:06.000]  我又在講歸納性的說話
[00:19:06.000 --> 00:19:07.000]  我都應該要戒掉
[00:19:07.000 --> 00:19:11.000]  通常大部分的先知書歸納性的說話
[00:19:11.000 --> 00:19:13.000]  不應該這樣說
[00:19:13.000 --> 00:19:17.000]  都有一節開頭的標題
[00:19:17.000 --> 00:19:20.000]  例外約拿書是例外的
[00:19:20.000 --> 00:19:25.000]  很短的一個夜話的話
[00:19:25.000 --> 00:19:29.000]  臨到亞米泰的兒子約拿
[00:19:29.000 --> 00:19:34.000]  在這一節我們得到一些很重要的線索
[00:19:34.000 --> 00:19:40.000]  譬如我們剛才說的第一卷寫作先知的作品
[00:19:40.000 --> 00:19:43.000]  就是從這裡我們得到資料的
[00:19:43.000 --> 00:19:50.000]  阿摩斯是什麼年間做神的發言人呢?
[00:19:50.000 --> 00:19:58.000]  我們大概可以將他放在公元前八世紀四十年代
[00:19:58.000 --> 00:20:04.000]  公元前現在在聖經研究上用英文來說就是BCE
[00:20:04.000 --> 00:20:07.000]  就是Before the Common Era
[00:20:07.000 --> 00:20:12.000]  以前我們中學讀BCAD就是Before Christ
[00:20:12.000 --> 00:20:16.000]  AD就是拉丁文來的主後主前
[00:20:16.000 --> 00:20:19.000]  但是因為舊約聖經要和猶太的學者
[00:20:19.000 --> 00:20:23.000]  以色列的學者一起研究寫文章
[00:20:23.000 --> 00:20:26.000]  你總是口口聲聲說基督又主前
[00:20:26.000 --> 00:20:28.000]  他們是不服氣的
[00:20:28.000 --> 00:20:33.000]  所以大家就協議用了公元這個稱呼
[00:20:33.000 --> 00:20:35.000]  就是Common Era
[00:20:35.000 --> 00:20:40.000]  所以我們寫的770BCE就不是多了一個E字
[00:20:40.000 --> 00:20:44.000]  這個是現在通行的說法
[00:20:44.000 --> 00:20:46.000]  中文我們早就這樣說了
[00:20:46.000 --> 00:20:48.000]  公元我們很少說主前的
[00:20:48.000 --> 00:20:50.000]  中國人不是基督教國家
[00:20:50.000 --> 00:20:56.000]  所以你不可能在政府的文件上發現主前主後的稱呼
[00:20:56.000 --> 00:21:00.000]  公元前是倒數的
[00:21:00.000 --> 00:21:06.000]  即是770年會比740年早
[00:21:06.000 --> 00:21:11.000]  以色列國亡於721年BCE
[00:21:11.000 --> 00:21:15.000]  721比770遲
[00:21:15.000 --> 00:21:17.000]  很混亂的倒數
[00:21:17.000 --> 00:21:22.000]  用拍羊在中國人史綱的做法
[00:21:22.000 --> 00:21:26.000]  公元前八世紀都是用我們今天習慣的計法
[00:21:26.000 --> 00:21:30.000]  第幾個年代40年代
[00:21:30.000 --> 00:21:33.000]  我們知道是770到760之間
[00:21:33.000 --> 00:21:38.000]  這一段時間大概是我們中國什麼時候呢
[00:21:38.000 --> 00:21:40.000]  給你一個印象
[00:21:40.000 --> 00:21:44.000]  不是唐宋元明清那些朝代的時候
[00:21:44.000 --> 00:21:47.000]  早很多東周的時期
[00:21:47.000 --> 00:21:49.000]  什麼東周都不懂
[00:21:49.000 --> 00:21:51.000]  只懂周公
[00:21:51.000 --> 00:21:53.000]  春秋戰國你聽過了吧
[00:21:53.000 --> 00:21:58.000]  剛剛香港電視做完孔子這個劇集
[00:21:58.000 --> 00:22:01.000]  這個還要早過春秋的時代
[00:22:01.000 --> 00:22:04.000]  春秋時代的前夕
[00:22:04.000 --> 00:22:10.000]  阿摩斯是早過孔子的年代的人物
[00:22:10.000 --> 00:22:12.000]  你有一點印象
[00:22:12.000 --> 00:22:14.000]  不過你的中史可能給你沒什麼印象
[00:22:14.000 --> 00:22:16.000]  那就等於沒說
[00:22:16.000 --> 00:22:22.000]  這個年份是猶大和以色列
[00:22:22.000 --> 00:22:27.000]  兩個國家都很太平盛世的人子
[00:22:27.000 --> 00:22:31.000]  因為我們有兩個王的名字可以做參考
[00:22:31.000 --> 00:22:36.000]  烏西亞和約阿斯的兒子耶羅邦安
[00:22:36.000 --> 00:22:38.000]  上一堂我們解釋過
[00:22:38.000 --> 00:22:39.000]  有兩個耶羅邦安
[00:22:39.000 --> 00:22:42.000]  第一個耶羅邦安叫尼伯的兒子耶羅邦安
[00:22:42.000 --> 00:22:45.000]  這個就是以色列北國的第一任君王
[00:22:45.000 --> 00:22:47.000]  西方的學者稱為耶羅邦安
[00:22:47.000 --> 00:22:50.000]  一世希伯來文從來都不會這樣叫
[00:22:50.000 --> 00:22:52.000]  先用父親的名字
[00:22:52.000 --> 00:22:54.000]  現在這個耶羅邦安是第二個
[00:22:54.000 --> 00:23:00.000]  這個是殺了阿哈王全家的邊疆大臣
[00:23:00.000 --> 00:23:05.000]  耶護的第四代君主
[00:23:05.000 --> 00:23:07.000]  他的父親是約阿斯
[00:23:07.000 --> 00:23:10.000]  約阿斯的兒子耶羅邦安
[00:23:10.000 --> 00:23:14.000]  這兩個王在位的時間非常太平
[00:23:14.000 --> 00:23:18.000]  甚至我們讀獵王紀的經文
[00:23:18.000 --> 00:23:21.000]  可以讀到約拿先知在那個時候
[00:23:21.000 --> 00:23:25.000]  宣告耶和華藉耶羅邦安的手
[00:23:25.000 --> 00:23:30.000]  將以色列拯救脫離他的仇敵
[00:23:30.000 --> 00:23:32.000]  以至以色列的國界
[00:23:32.000 --> 00:23:35.000]  可以媲美所羅門王金的時期
[00:23:35.000 --> 00:23:38.000]  這個可以說我們用中國歷史的觀念
[00:23:38.000 --> 00:23:40.000]  是一個中興的時期
[00:23:40.000 --> 00:23:43.000]  通常朝代開始很威猛
[00:23:43.000 --> 00:23:44.000]  後來很差
[00:23:44.000 --> 00:23:46.000]  中間有段時間會很好
[00:23:46.000 --> 00:23:50.000]  大概阿摩斯在這段時期
[00:23:50.000 --> 00:23:52.000]  他代表上帝說話
[00:23:52.000 --> 00:23:56.000]  阿摩斯本身是一個什麼人物呢?
[00:23:56.000 --> 00:23:58.000]  時時引起誤會
[00:23:58.000 --> 00:24:02.000]  因為這書介紹他是提哥亞的木人
[00:24:02.000 --> 00:24:05.000]  他自己也是這樣介紹自己
[00:24:05.000 --> 00:24:08.000]  在阿摩斯書的第七章
[00:24:08.000 --> 00:24:14.000]  當他和祭司阿瑪謝對話的時候
[00:24:14.000 --> 00:24:15.000]  七章十四節
[00:24:15.000 --> 00:24:18.000]  阿摩斯說我是木人
[00:24:18.000 --> 00:24:21.000]  又是修理桑樹的
[00:24:21.000 --> 00:24:25.000]  聖經啟導本介紹阿摩斯書的前言
[00:24:25.000 --> 00:24:31.000]  阿摩斯是南國一個比較窮困的牧羊人
[00:24:31.000 --> 00:24:35.000]  所以他要修理桑樹去幫補家計
[00:24:35.000 --> 00:24:40.000]  這個解釋是絕對錯誤的
[00:24:40.000 --> 00:24:42.000]  為什麼我們可以肯定呢?
[00:24:42.000 --> 00:24:49.000]  因為第一章提哥亞的木人這個字
[00:24:49.000 --> 00:24:53.000]  和第七章十四節的木人這個字是不同的
[00:24:53.000 --> 00:24:57.000]  七章十四節的木人這個字就是職業
[00:24:57.000 --> 00:24:59.000]  一個牧羊人
[00:24:59.000 --> 00:25:04.000]  第一章第一節提哥亞的木人這個字
[00:25:04.000 --> 00:25:08.000]  如果你讀列王記下三章第八節
[00:25:08.000 --> 00:25:15.000]  同一個字用來形容摩訶的王
[00:25:15.000 --> 00:25:17.000]  他是一個牧人
[00:25:17.000 --> 00:25:20.000]  他牧養數十萬的羊群
[00:25:20.000 --> 00:25:24.000]  這是一個萬元戶
[00:25:24.000 --> 00:25:27.000]  這是一個小資產階級
[00:25:27.000 --> 00:25:30.000]  這是一個專業人士
[00:25:30.000 --> 00:25:32.000]  小生意中產階級
[00:25:32.000 --> 00:25:35.000]  他不是一個貧窮的鄉下人
[00:25:35.000 --> 00:25:38.000]  日日捱耕底野看養
[00:25:38.000 --> 00:25:40.000]  不抵得不得你的繁榮
[00:25:40.000 --> 00:25:42.000]  於是大罵一頓
[00:25:42.000 --> 00:25:44.000]  他很有學問
[00:25:44.000 --> 00:25:46.000]  中等的背景
[00:25:46.000 --> 00:25:48.000]  有自己的生意
[00:25:48.000 --> 00:25:51.000]  有自己的事業
[00:25:51.000 --> 00:25:55.000]  修理桑樹不是苦工
[00:25:55.000 --> 00:25:58.000]  不是搬來做地盤
[00:25:58.000 --> 00:26:00.000]  人人都可以做的
[00:26:00.000 --> 00:26:02.000]  總之有力氣就可以
[00:26:02.000 --> 00:26:06.000]  Green fingers 懂不懂這個英文字
[00:26:06.000 --> 00:26:09.000]  這是一個專門的行業
[00:26:09.000 --> 00:26:12.000]  你要懂得做這件事
[00:26:12.000 --> 00:26:14.000]  要有專業的訓練
[00:26:14.000 --> 00:26:17.000]  有專門的知識
[00:26:17.000 --> 00:26:23.000]  阿摩斯肯定來自一個相當好的背景
[00:26:23.000 --> 00:26:26.000]  他肯定有很多空閒的時間
[00:26:26.000 --> 00:26:28.000]  他可以進修
[00:26:28.000 --> 00:26:31.000]  好像你們一樣來讀課程
[00:26:31.000 --> 00:26:33.000]  他有他的專業
[00:26:33.000 --> 00:26:35.000]  有他的事業
[00:26:35.000 --> 00:26:38.000]  他以牧羊為生意
[00:26:38.000 --> 00:26:41.000]  但同時他有另外一個專業
[00:26:41.000 --> 00:26:43.000]  就像我們日間打份政府工
[00:26:43.000 --> 00:26:45.000]  晚上我Chartered Accountant
[00:26:45.000 --> 00:26:47.000]  幫人看數
[00:26:47.000 --> 00:26:49.000]  Double income
[00:26:49.000 --> 00:26:51.000]  如果是Double income no kids
[00:26:51.000 --> 00:26:53.000]  那就最好了
[00:26:53.000 --> 00:26:55.000]  相當不錯
[00:26:55.000 --> 00:26:57.000]  阿摩斯絕對不是一個窮人
[00:26:57.000 --> 00:27:01.000]  你從介紹他的字眼可以看到
[00:27:01.000 --> 00:27:03.000]  第二我們知道
[00:27:03.000 --> 00:27:05.000]  阿摩斯不是一個神學院畢業
[00:27:05.000 --> 00:27:07.000]  的宗教職業人士
[00:27:07.000 --> 00:27:10.000]  他的正職不是宗教
[00:27:10.000 --> 00:27:12.000]  他是一個平信徒領袖
[00:27:12.000 --> 00:27:14.000]  用今天的說話來說
[00:27:14.000 --> 00:27:16.000]  一個Layman
[00:27:16.000 --> 00:27:17.000]  他不是神學院出身
[00:27:17.000 --> 00:27:18.000]  所以在第七章
[00:27:18.000 --> 00:27:20.000]  剛才我們讀十四節
[00:27:20.000 --> 00:27:21.000]  我沒有讀上半節
[00:27:21.000 --> 00:27:22.000]  上半節阿摩斯說
[00:27:22.000 --> 00:27:27.000]  原不是先知 也不是先知的門徒
[00:27:27.000 --> 00:27:29.000]  原民作兒子
[00:27:29.000 --> 00:27:31.000]  和諧本加上這個很清楚的解釋
[00:27:31.000 --> 00:27:32.000]  我不是先知
[00:27:32.000 --> 00:27:34.000]  我又不是先知的兒子
[00:27:34.000 --> 00:27:36.000]  意思不是他爸爸是先知
[00:27:36.000 --> 00:27:40.000]  如果我們參考薩姆爾的上第十章
[00:27:40.000 --> 00:27:41.000]  十二節
[00:27:41.000 --> 00:27:45.000]  薩姆爾手下有一群先知
[00:27:45.000 --> 00:27:49.000]  人們就問這群先知的父親是誰
[00:27:49.000 --> 00:27:52.000]  不是問他們育身的父母
[00:27:52.000 --> 00:27:56.000]  而是問他們的負責人是誰
[00:27:56.000 --> 00:27:59.000]  當時這些先知有學校的
[00:27:59.000 --> 00:28:01.000]  有個校長的
[00:28:01.000 --> 00:28:04.000]  薩姆爾是做過先知學校的校長
[00:28:04.000 --> 00:28:05.000]  神學院的院長
[00:28:05.000 --> 00:28:07.000]  以利沙 以利亞
[00:28:07.000 --> 00:28:09.000]  都有群先知的門徒
[00:28:09.000 --> 00:28:12.000]  先知的兒子們跟著他們
[00:28:12.000 --> 00:28:16.000]  阿摩斯很清楚在這裏解釋
[00:28:16.000 --> 00:28:20.000]  他不是先知學校訓練出來的畢業生
[00:28:20.000 --> 00:28:22.000]  他不是神學院畢業的
[00:28:22.000 --> 00:28:25.000]  他不是一個全時間的傳道人
[00:28:25.000 --> 00:28:27.000]  他是一個專業人士
[00:28:27.000 --> 00:28:29.000]  一個平信圖的領袖
[00:28:29.000 --> 00:28:31.000]  上帝揀選他
[00:28:31.000 --> 00:28:35.000]  叫他做上帝的發言人
[00:28:35.000 --> 00:28:36.000]  阿摩斯說
[00:28:36.000 --> 00:28:41.000]  獅子嘲叫 誰不懼怕
[00:28:41.000 --> 00:28:42.000]  用這個做比喻
[00:28:42.000 --> 00:28:46.000]  你聽見獅子在你背後嘩一聲
[00:28:46.000 --> 00:28:47.000]  你怕不怕
[00:28:47.000 --> 00:28:49.000]  我不怕 你當然不怕
[00:28:49.000 --> 00:28:51.000]  你和我都沒見過獅子
[00:28:51.000 --> 00:28:52.000]  每次見都是在動物園裏面
[00:28:52.000 --> 00:28:56.000]  在那些馬戲團裏面
[00:28:56.000 --> 00:28:58.000]  我們今天不會怕獅子的
[00:28:58.000 --> 00:29:00.000]  所以我經常說要將這個說法調轉了
[00:29:00.000 --> 00:29:02.000]  半夜一點鐘
[00:29:02.000 --> 00:29:04.000]  你回家
[00:29:04.000 --> 00:29:06.000]  走到電梯門口
[00:29:06.000 --> 00:29:08.000]  突然間有個黑影飄出來
[00:29:08.000 --> 00:29:09.000]  截住你的電梯門
[00:29:09.000 --> 00:29:11.000]  你怕不怕
[00:29:11.000 --> 00:29:13.000]  你懂得怕
[00:29:13.000 --> 00:29:14.000]  阿摩斯說
[00:29:14.000 --> 00:29:17.000]  主耶和華發命令
[00:29:17.000 --> 00:29:19.000]  誰敢不做才知道
[00:29:19.000 --> 00:29:21.000]  誰敢不代表他說話
[00:29:21.000 --> 00:29:23.000]  身不由己的
[00:29:23.000 --> 00:29:25.000]  上帝的呼召
[00:29:25.000 --> 00:29:26.000]  上帝的揀選
[00:29:26.000 --> 00:29:29.000]  他不是自己好像以賽亞那樣
[00:29:29.000 --> 00:29:31.000]  自告奮勇
[00:29:31.000 --> 00:29:33.000]  我在這裏請差遣我
[00:29:33.000 --> 00:29:35.000]  不是
[00:29:35.000 --> 00:29:37.000]  阿摩斯不想做的
[00:29:37.000 --> 00:29:39.000]  他是一個專業人士
[00:29:39.000 --> 00:29:41.000]  上帝揀選他
[00:29:41.000 --> 00:29:43.000]  揀選他做什麼
[00:29:43.000 --> 00:29:45.000]  第一章這幾個字說
[00:29:45.000 --> 00:29:47.000]  他得麥氏
[00:29:47.000 --> 00:29:49.000]  論以色列
[00:29:49.000 --> 00:29:51.000]  這幾個字需要解釋一下
[00:29:51.000 --> 00:29:53.000]  第一什麼叫得麥氏呢
[00:29:53.000 --> 00:29:55.000]  說得好像很神秘
[00:29:55.000 --> 00:29:57.000]  原本希伯來文
[00:29:57.000 --> 00:29:59.000]  就不是神秘
[00:29:59.000 --> 00:30:01.000]  就有一點點噁心
[00:30:01.000 --> 00:30:03.000]  原本希伯來文的標題就說
[00:30:03.000 --> 00:30:05.000]  阿摩斯的話
[00:30:05.000 --> 00:30:07.000]  阿摩斯的說話
[00:30:07.000 --> 00:30:11.000]  這本書是記載阿摩斯的說話
[00:30:11.000 --> 00:30:13.000]  說話是聽的
[00:30:13.000 --> 00:30:15.000]  是說的
[00:30:15.000 --> 00:30:17.000]  但標題就說
[00:30:17.000 --> 00:30:21.000]  是阿摩斯看見的
[00:30:21.000 --> 00:30:23.000]  看見他的說話
[00:30:23.000 --> 00:30:25.000]  很特別
[00:30:25.000 --> 00:30:27.000]  不是阿摩斯聽見
[00:30:27.000 --> 00:30:29.000]  我們照道理
[00:30:29.000 --> 00:30:31.000]  照常識
[00:30:31.000 --> 00:30:33.000]  阿摩斯的說話
[00:30:33.000 --> 00:30:35.000]  他是聽見上帝和他說
[00:30:35.000 --> 00:30:37.000]  上帝不是和他說話
[00:30:37.000 --> 00:30:39.000]  上帝是給他看東西
[00:30:39.000 --> 00:30:41.000]  給他看到一些東西
[00:30:41.000 --> 00:30:43.000]  所以以下所記載的
[00:30:43.000 --> 00:30:45.000]  是阿摩斯的說話
[00:30:45.000 --> 00:30:47.000]  是他看見的
[00:30:47.000 --> 00:30:49.000]  看見什麼
[00:30:49.000 --> 00:30:51.000]  看見論以色列
[00:30:51.000 --> 00:30:53.000]  其實原本希伯來文
[00:30:53.000 --> 00:30:55.000]  的論字
[00:30:55.000 --> 00:30:57.000]  不是動詞
[00:30:57.000 --> 00:30:59.000]  不是談論
[00:30:59.000 --> 00:31:01.000]  只是一個前置詞
[00:31:01.000 --> 00:31:03.000]  這個前置詞應該譯為
[00:31:03.000 --> 00:31:05.000]  針對以色列
[00:31:05.000 --> 00:31:07.000]  針對這個中文
[00:31:07.000 --> 00:31:09.000]  有點含糊
[00:31:09.000 --> 00:31:11.000]  關於以色列
[00:31:11.000 --> 00:31:13.000]  你可以說針對他
[00:31:13.000 --> 00:31:15.000]  是對他不利的
[00:31:15.000 --> 00:31:17.000]  阿摩斯要說什麼
[00:31:17.000 --> 00:31:19.000]  是他所見到的呢?
[00:31:19.000 --> 00:31:23.000]  阿摩斯書
[00:31:23.000 --> 00:31:25.000]  去到最後的
[00:31:25.000 --> 00:31:27.000]  三分一
[00:31:27.000 --> 00:31:29.000]  第七章、第八章、第九章
[00:31:29.000 --> 00:31:31.000]  才記錄了
[00:31:31.000 --> 00:31:33.000]  阿摩斯所見到的
[00:31:33.000 --> 00:31:35.000]  五個
[00:31:35.000 --> 00:31:37.000]  情景
[00:31:37.000 --> 00:31:39.000]  我們今天通常翻譯為異象
[00:31:39.000 --> 00:31:41.000]  異象這個說法
[00:31:41.000 --> 00:31:43.000]  好像很奇怪,其實一點都不奇怪
[00:31:43.000 --> 00:31:45.000]  阿摩斯見到的東西很普通
[00:31:45.000 --> 00:31:47.000]  但這些東西有訊息
[00:31:47.000 --> 00:31:49.000]  在裡面,剛才我們說過
[00:31:49.000 --> 00:31:51.000]  前先之書
[00:31:51.000 --> 00:31:53.000]  拿比閹的歷史書
[00:31:53.000 --> 00:31:55.000]  用歷史做內容
[00:31:55.000 --> 00:31:57.000]  現在上帝給阿摩斯看的東西
[00:31:57.000 --> 00:31:59.000]  這些東西本身
[00:31:59.000 --> 00:32:01.000]  有訊息
[00:32:01.000 --> 00:32:03.000]  這個訊息是針對
[00:32:03.000 --> 00:32:05.000]  以色列不獲的
[00:32:05.000 --> 00:32:07.000]  阿摩斯見到這些東西
[00:32:07.000 --> 00:32:09.000]  不是他自己想見的
[00:32:09.000 --> 00:32:11.000]  第七章第一節
[00:32:11.000 --> 00:32:13.000]  主耶和華
[00:32:13.000 --> 00:32:15.000]  指示我一件事
[00:32:15.000 --> 00:32:17.000]  第七章第七節
[00:32:17.000 --> 00:32:19.000]  他又指示我一件事
[00:32:19.000 --> 00:32:21.000]  我跳了第四節
[00:32:21.000 --> 00:32:23.000]  主耶和華
[00:32:23.000 --> 00:32:25.000]  又指示我一件事
[00:32:25.000 --> 00:32:27.000]  第八章第一節
[00:32:27.000 --> 00:32:29.000]  主耶和華又指示我一件事
[00:32:29.000 --> 00:32:31.000]  主耶和華又指示我一件事
[00:32:31.000 --> 00:32:33.000]  中文翻譯是
[00:32:33.000 --> 00:32:35.000]  上帝使我看見一件事
[00:32:35.000 --> 00:32:37.000]  上帝使我看見一件事
[00:32:37.000 --> 00:32:39.000]  這個看見
[00:32:39.000 --> 00:32:41.000]  就是第一章第一節
[00:32:41.000 --> 00:32:43.000]  阿摩斯的說話是他看見的
[00:32:43.000 --> 00:32:45.000]  阿摩斯的說話是他看見的
[00:32:45.000 --> 00:32:47.000]  舊約聖經在薩姆二記解釋過
[00:32:47.000 --> 00:32:49.000]  舊約聖經在薩姆二記解釋過
[00:32:49.000 --> 00:32:51.000]  先知拿比
[00:32:51.000 --> 00:32:53.000]  以前在古時稱為先見
[00:32:53.000 --> 00:32:55.000]  以前在古時稱為先見
[00:32:55.000 --> 00:32:57.000]  有沒有印象這個聖經
[00:32:57.000 --> 00:32:59.000]  先見就是漢見
[00:32:59.000 --> 00:33:01.000]  這個動詞成為了名詞
[00:33:01.000 --> 00:33:03.000]  傳遞上帝的訊息的人
[00:33:03.000 --> 00:33:05.000]  傳遞上帝的訊息的人
[00:33:05.000 --> 00:33:07.000]  他們是看到一些上帝給他們看到的東西
[00:33:07.000 --> 00:33:09.000]  他們是看到一些上帝給他們看到的東西
[00:33:09.000 --> 00:33:11.000]  是別人看不到的
[00:33:11.000 --> 00:33:13.000]  他們有一個屬靈的洞察力
[00:33:13.000 --> 00:33:15.000]  他們有一個屬靈的洞察力
[00:33:15.000 --> 00:33:17.000]  不是他們自己聰明
[00:33:17.000 --> 00:33:19.000]  不是他們看時事
[00:33:19.000 --> 00:33:21.000]  看到背後發生什麼
[00:33:21.000 --> 00:33:23.000]  不是看水晶球
[00:33:23.000 --> 00:33:25.000]  今天很喜歡說的那些
[00:33:25.000 --> 00:33:27.000]  Psychic power
[00:33:27.000 --> 00:33:29.000]  陰陽眼
[00:33:29.000 --> 00:33:31.000]  第六感
[00:33:31.000 --> 00:33:33.000]  超級感覺
[00:33:33.000 --> 00:33:35.000]  很簡單一個事實
[00:33:35.000 --> 00:33:37.000]  是神令他看見
[00:33:37.000 --> 00:33:39.000]  是神令他看見
[00:33:39.000 --> 00:33:41.000]  他看見的時候
[00:33:41.000 --> 00:33:43.000]  他知道裡面有一個訊息
[00:33:43.000 --> 00:33:45.000]  這個訊息
[00:33:45.000 --> 00:33:47.000]  是交付給他
[00:33:47.000 --> 00:33:49.000]  他要告訴
[00:33:49.000 --> 00:33:51.000]  上帝要他告訴
[00:33:51.000 --> 00:33:53.000]  對阿摩斯來說
[00:33:53.000 --> 00:33:55.000]  他一年看了
[00:33:55.000 --> 00:33:57.000]  五件事
[00:33:57.000 --> 00:33:59.000]  這五件事是他要
[00:33:59.000 --> 00:34:01.000]  和他的百姓
[00:34:01.000 --> 00:34:03.000]  以色列的人說的
[00:34:03.000 --> 00:34:05.000]  我們先看看這五件事
[00:34:05.000 --> 00:34:07.000]  是什麼
[00:34:07.000 --> 00:34:09.000]  我們不依阿摩斯書的次序
[00:34:09.000 --> 00:34:11.000]  因為這個才是最重要的地方
[00:34:11.000 --> 00:34:13.000]  標題說
[00:34:13.000 --> 00:34:15.000]  阿摩斯就是上帝吩咐他
[00:34:15.000 --> 00:34:17.000]  看到的東西出來說
[00:34:17.000 --> 00:34:19.000]  第七章開始就說了
[00:34:19.000 --> 00:34:21.000]  我們先從這裡入手
[00:34:21.000 --> 00:34:23.000]  第一
[00:34:23.000 --> 00:34:25.000]  第七章第一到第三節
[00:34:25.000 --> 00:34:27.000]  他看到蝗蟲
[00:34:27.000 --> 00:34:29.000]  蝗蟲我們今天
[00:34:29.000 --> 00:34:31.000]  不是很熟悉的
[00:34:31.000 --> 00:34:33.000]  我們只懂得吃
[00:34:33.000 --> 00:34:35.000]  蝗蟲在現代
[00:34:35.000 --> 00:34:37.000]  就算在現代的社會
[00:34:37.000 --> 00:34:39.000]  非洲久不久就傳出
[00:34:39.000 --> 00:34:41.000]  這樣的消息
[00:34:41.000 --> 00:34:43.000]  就是災害
[00:34:43.000 --> 00:34:45.000]  蝗蟲不是一兩隻
[00:34:45.000 --> 00:34:47.000]  是很多很多
[00:34:47.000 --> 00:34:49.000]  多到什麼程度呢
[00:34:49.000 --> 00:34:51.000]  我看過魏匡先生
[00:34:51.000 --> 00:34:53.000]  他有一本書
[00:34:53.000 --> 00:34:55.000]  所介紹在中國
[00:34:55.000 --> 00:34:57.000]  看到蝗蟲的情況
[00:34:57.000 --> 00:34:59.000]  他說當蝗蟲飛來的時候
[00:34:59.000 --> 00:35:01.000]  天黑了
[00:35:01.000 --> 00:35:03.000]  看不到太陽
[00:35:03.000 --> 00:35:05.000]  整個天被他遮住
[00:35:05.000 --> 00:35:07.000]  然後一片綠油油的
[00:35:07.000 --> 00:35:09.000]  山林也好
[00:35:09.000 --> 00:35:11.000]  樹木也好草地也好
[00:35:11.000 --> 00:35:13.000]  蝗蟲飛下來之後
[00:35:13.000 --> 00:35:15.000]  一會兒蝗蟲再飛走
[00:35:15.000 --> 00:35:17.000]  就全部綠色的東西
[00:35:17.000 --> 00:35:19.000]  全部沒有了
[00:35:19.000 --> 00:35:21.000]  蝗蟲最慘的
[00:35:21.000 --> 00:35:23.000]  就是牠一邊吃一邊生蛋
[00:35:23.000 --> 00:35:25.000]  所以
[00:35:25.000 --> 00:35:27.000]  牠走了不等於沒有
[00:35:27.000 --> 00:35:29.000]  就不知道什麼時候
[00:35:29.000 --> 00:35:31.000]  蝗蟲就在泥土裡冒出來
[00:35:31.000 --> 00:35:33.000]  你又不知道牠飛去哪裡
[00:35:33.000 --> 00:35:35.000]  所以很多時候大家就束手無策
[00:35:35.000 --> 00:35:37.000]  等牠飛來
[00:35:37.000 --> 00:35:39.000]  吃掉所有青綠的植物
[00:35:39.000 --> 00:35:41.000]  等牠飛走 但不知道什麼時候
[00:35:41.000 --> 00:35:43.000]  田裡又會冒出新的一批蝗蟲
[00:35:43.000 --> 00:35:45.000]  怎樣可以毀滅牠們呢
[00:35:45.000 --> 00:35:47.000]  照倪匡先生的介紹
[00:35:47.000 --> 00:35:49.000]  你要推測
[00:35:49.000 --> 00:35:51.000]  牠飛行的路線
[00:35:51.000 --> 00:35:53.000]  在古代社會不容易
[00:35:53.000 --> 00:35:55.000]  推測之後你要通知
[00:35:55.000 --> 00:35:57.000]  牠將會
[00:35:57.000 --> 00:35:59.000]  飛去的地方
[00:35:59.000 --> 00:36:01.000]  在那個地方
[00:36:01.000 --> 00:36:03.000]  預備一些易燃的物品
[00:36:03.000 --> 00:36:05.000]  等牠一瀑下來的時候
[00:36:05.000 --> 00:36:07.000]  就放火
[00:36:07.000 --> 00:36:09.000]  那就可以燒掉
[00:36:09.000 --> 00:36:11.000]  你想想在古代通訊
[00:36:11.000 --> 00:36:13.000]  那麼發達的時候
[00:36:13.000 --> 00:36:15.000]  蝗蟲根本沒有辦法
[00:36:15.000 --> 00:36:17.000]  可以控制
[00:36:17.000 --> 00:36:19.000]  阿摩斯看到蝗蟲的時間
[00:36:19.000 --> 00:36:21.000]  第七章第一節介紹
[00:36:21.000 --> 00:36:23.000]  是為王
[00:36:23.000 --> 00:36:25.000]  割菜之後
[00:36:25.000 --> 00:36:27.000]  這幾個中文翻譯得
[00:36:27.000 --> 00:36:29.000]  好像很有趣
[00:36:29.000 --> 00:36:31.000]  為王割菜
[00:36:31.000 --> 00:36:33.000]  納粹之後就很簡單
[00:36:33.000 --> 00:36:35.000]  農作物
[00:36:35.000 --> 00:36:37.000]  有兩次的收成
[00:36:37.000 --> 00:36:39.000]  第一次的收成
[00:36:39.000 --> 00:36:41.000]  是給皇帝的
[00:36:41.000 --> 00:36:43.000]  任何的社會都是這樣
[00:36:43.000 --> 00:36:45.000]  第二次
[00:36:45.000 --> 00:36:47.000]  是你的收入
[00:36:47.000 --> 00:36:49.000]  是你的本錢
[00:36:49.000 --> 00:36:51.000]  是你過冬的糧食
[00:36:51.000 --> 00:36:53.000]  是你明年
[00:36:53.000 --> 00:36:55.000]  再開始耕作的種子
[00:36:55.000 --> 00:36:57.000]  所以
[00:36:57.000 --> 00:36:59.000]  第一次如果蝗蟲來
[00:36:59.000 --> 00:37:01.000]  皇帝就不幸了
[00:37:01.000 --> 00:37:03.000]  沒有睡覺
[00:37:03.000 --> 00:37:05.000]  這次不是
[00:37:05.000 --> 00:37:07.000]  是第二造的農作物
[00:37:07.000 --> 00:37:09.000]  出生的時候
[00:37:09.000 --> 00:37:11.000]  主創造
[00:37:11.000 --> 00:37:13.000]  蝗蟲
[00:37:13.000 --> 00:37:15.000]  所以這個蝗蟲就是針對百姓
[00:37:15.000 --> 00:37:17.000]  讓他們
[00:37:17.000 --> 00:37:19.000]  沒有收成
[00:37:19.000 --> 00:37:21.000]  第一造的收成
[00:37:21.000 --> 00:37:23.000]  交上去做納粹
[00:37:23.000 --> 00:37:25.000]  這個冬天就是饑荒
[00:37:25.000 --> 00:37:27.000]  這個饑荒會蔓延到
[00:37:27.000 --> 00:37:29.000]  下一個耕作的季節
[00:37:29.000 --> 00:37:31.000]  沒有種子
[00:37:31.000 --> 00:37:33.000]  所以很嚴重的災害
[00:37:35.000 --> 00:37:37.000]  亞摩斯就祈禱
[00:37:37.000 --> 00:37:39.000]  主耶和華求你
[00:37:39.000 --> 00:37:41.000]  赦免
[00:37:41.000 --> 00:37:43.000]  耶和華後悔
[00:37:43.000 --> 00:37:45.000]  就說這個災
[00:37:45.000 --> 00:37:47.000]  可以免了
[00:37:47.000 --> 00:37:49.000]  這是亞摩斯見到的第一件事
[00:37:49.000 --> 00:37:51.000]  七章第四節
[00:37:51.000 --> 00:37:53.000]  到第六節
[00:37:53.000 --> 00:37:55.000]  神又使他
[00:37:55.000 --> 00:37:57.000]  見到第二件事
[00:37:57.000 --> 00:37:59.000]  就是上帝
[00:37:59.000 --> 00:38:01.000]  吩咐有火
[00:38:01.000 --> 00:38:03.000]  來燒以熄滅
[00:38:03.000 --> 00:38:05.000]  這個火
[00:38:05.000 --> 00:38:07.000]  不是普通的火
[00:38:07.000 --> 00:38:09.000]  這個火是先吞滅
[00:38:09.000 --> 00:38:11.000]  深淵
[00:38:11.000 --> 00:38:13.000]  然後就燒來
[00:38:13.000 --> 00:38:15.000]  大地那裡
[00:38:15.000 --> 00:38:17.000]  這個說法就幾乎回到創世紀的說法
[00:38:17.000 --> 00:38:19.000]  神從
[00:38:19.000 --> 00:38:21.000]  大水當中
[00:38:21.000 --> 00:38:23.000]  造出綠地
[00:38:23.000 --> 00:38:25.000]  這個火是整個
[00:38:25.000 --> 00:38:27.000]  宇宙燒來的
[00:38:27.000 --> 00:38:29.000]  所以先燒乾了大水
[00:38:29.000 --> 00:38:31.000]  燒乾了海
[00:38:31.000 --> 00:38:33.000]  現在逼近綠地
[00:38:33.000 --> 00:38:35.000]  在這麼危急的時候
[00:38:35.000 --> 00:38:37.000]  亞摩斯又祈禱
[00:38:37.000 --> 00:38:39.000]  這個火
[00:38:39.000 --> 00:38:41.000]  不是有人不小心
[00:38:41.000 --> 00:38:43.000]  打死了火水佬
[00:38:43.000 --> 00:38:45.000]  沒得救的
[00:38:45.000 --> 00:38:47.000]  這是上帝的審判
[00:38:47.000 --> 00:38:49.000]  上帝的烈怒
[00:38:49.000 --> 00:38:51.000]  是祂的憤怒
[00:38:51.000 --> 00:38:53.000]  所以亞摩斯
[00:38:53.000 --> 00:38:55.000]  解靈還須繫靈人
[00:38:55.000 --> 00:38:57.000]  回到上帝面前
[00:38:57.000 --> 00:38:59.000]  主耶和華
[00:38:59.000 --> 00:39:01.000]  求祢止息
[00:39:01.000 --> 00:39:03.000]  雅各微弱
[00:39:03.000 --> 00:39:05.000]  他捱不住的
[00:39:05.000 --> 00:39:07.000]  上帝說OK
[00:39:07.000 --> 00:39:09.000]  這個災可以免了
[00:39:09.000 --> 00:39:11.000]  險個剃頭
[00:39:11.000 --> 00:39:13.000]  兩次
[00:39:13.000 --> 00:39:15.000]  第七節
[00:39:15.000 --> 00:39:17.000]  三個異象
[00:39:17.000 --> 00:39:19.000]  接二連三的發生
[00:39:19.000 --> 00:39:21.000]  神又指示我一件事
[00:39:21.000 --> 00:39:23.000]  第三次了
[00:39:23.000 --> 00:39:25.000]  這次見到什麼
[00:39:25.000 --> 00:39:27.000]  中文聖經的翻譯
[00:39:27.000 --> 00:39:29.000]  阿蘭文聖經的翻譯
[00:39:29.000 --> 00:39:31.000]  因為這裡有一個字
[00:39:31.000 --> 00:39:33.000]  傳本舊約聖經
[00:39:33.000 --> 00:39:35.000]  只是出現在這裡
[00:39:35.000 --> 00:39:37.000]  那個字就是
[00:39:37.000 --> 00:39:39.000]  準繩
[00:39:39.000 --> 00:39:41.000]  這個字沒有人懂得解
[00:39:41.000 --> 00:39:43.000]  所以猶太的傳統
[00:39:43.000 --> 00:39:45.000]  的識經就解作準繩
[00:39:45.000 --> 00:39:47.000]  於是後來所有的譯本
[00:39:47.000 --> 00:39:49.000]  都跟著譯準繩
[00:39:49.000 --> 00:39:51.000]  沒有人知道這個字的意思
[00:39:51.000 --> 00:39:53.000]  亞摩斯見到
[00:39:53.000 --> 00:39:55.000]  有一道牆
[00:39:55.000 --> 00:39:57.000]  準繩建築
[00:39:57.000 --> 00:39:59.000]  主手拿準繩
[00:39:59.000 --> 00:40:01.000]  站在其上
[00:40:01.000 --> 00:40:03.000]  然後上帝就問他
[00:40:03.000 --> 00:40:05.000]  你見到什麼
[00:40:05.000 --> 00:40:07.000]  亞摩斯就答準繩
[00:40:07.000 --> 00:40:09.000]  原文沒有漢建那兩個字
[00:40:09.000 --> 00:40:11.000]  於是主就說
[00:40:11.000 --> 00:40:13.000]  我要吊起準繩
[00:40:13.000 --> 00:40:15.000]  在我文以色列中間
[00:40:15.000 --> 00:40:17.000]  我不會再寬恕他們
[00:40:17.000 --> 00:40:21.000]  很多解釋聖經的學者
[00:40:21.000 --> 00:40:23.000]  都認為這個準繩是什麼意思呢
[00:40:23.000 --> 00:40:25.000]  這是一個標準
[00:40:25.000 --> 00:40:27.000]  因為建築用準繩
[00:40:27.000 --> 00:40:29.000]  就是量度牆是否直
[00:40:29.000 --> 00:40:31.000]  這是一個標準
[00:40:31.000 --> 00:40:33.000]  上帝將公義的標準
[00:40:33.000 --> 00:40:35.000]  放在這裡
[00:40:35.000 --> 00:40:37.000]  上帝要審判以色列
[00:40:37.000 --> 00:40:39.000]  看他合不合格
[00:40:39.000 --> 00:40:41.000]  他不合格就應罰他
[00:40:41.000 --> 00:40:43.000]  這是完全基於
[00:40:43.000 --> 00:40:45.000]  對這個字翻譯成為準繩
[00:40:45.000 --> 00:40:47.000]  作為基礎
[00:40:47.000 --> 00:40:49.000]  來解釋這段聖經
[00:40:49.000 --> 00:40:51.000]  近二十年來
[00:40:51.000 --> 00:40:53.000]  學者有很多資料
[00:40:53.000 --> 00:40:55.000]  來研究
[00:40:55.000 --> 00:40:57.000]  特別豐富的是
[00:40:57.000 --> 00:40:59.000]  從古代近東
[00:40:59.000 --> 00:41:01.000]  其他的文字
[00:41:01.000 --> 00:41:03.000]  來研究
[00:41:03.000 --> 00:41:05.000]  就發現這個字
[00:41:05.000 --> 00:41:07.000]  其實在古代近東的
[00:41:07.000 --> 00:41:09.000]  雅甲文
[00:41:09.000 --> 00:41:11.000]  我們不詳細交代這些背景
[00:41:11.000 --> 00:41:13.000]  聽過就算了
[00:41:13.000 --> 00:41:15.000]  在古代近東的一種文字
[00:41:15.000 --> 00:41:17.000]  雅甲文
[00:41:17.000 --> 00:41:19.000]  亞述巴比倫帝國所用的文字
[00:41:19.000 --> 00:41:21.000]  在雅甲文
[00:41:21.000 --> 00:41:23.000]  這個字的音的意思
[00:41:23.000 --> 00:41:25.000]  不是準繩的意思
[00:41:25.000 --> 00:41:27.000]  是石
[00:41:27.000 --> 00:41:29.000]  是一種金屬的名稱
[00:41:29.000 --> 00:41:31.000]  而這種金屬我們知道
[00:41:31.000 --> 00:41:33.000]  在古代社會是用來製造
[00:41:33.000 --> 00:41:35.000]  很先進的
[00:41:35.000 --> 00:41:37.000]  武器的
[00:41:37.000 --> 00:41:39.000]  元素
[00:41:39.000 --> 00:41:41.000]  有些意思就等於說
[00:41:41.000 --> 00:41:43.000]  上帝拿著
[00:41:43.000 --> 00:41:45.000]  核子彈
[00:41:45.000 --> 00:41:47.000]  站在一大堆
[00:41:47.000 --> 00:41:49.000]  核的能源之上
[00:41:49.000 --> 00:41:51.000]  我要將這個核子彈
[00:41:51.000 --> 00:41:53.000]  扔在以色列中間
[00:41:53.000 --> 00:41:55.000]  你馬上明白是甚麼意思
[00:41:55.000 --> 00:41:57.000]  這個是一個武器
[00:41:57.000 --> 00:41:59.000]  這個不是審判
[00:41:59.000 --> 00:42:01.000]  這是一個懲罰
[00:42:01.000 --> 00:42:03.000]  好像蝗蟲
[00:42:03.000 --> 00:42:05.000]  好像火一樣
[00:42:05.000 --> 00:42:07.000]  這個字的翻譯
[00:42:07.000 --> 00:42:09.000]  沒有翻譯出意思
[00:42:09.000 --> 00:42:11.000]  暗示
[00:42:11.000 --> 00:42:13.000]  這個刑罰
[00:42:13.000 --> 00:42:15.000]  這個戰爭武器來自外國
[00:42:15.000 --> 00:42:17.000]  本來應該拿著
[00:42:17.000 --> 00:42:19.000]  這些武器的是外國人
[00:42:19.000 --> 00:42:21.000]  亞述人
[00:42:21.000 --> 00:42:23.000]  巴比倫人
[00:42:23.000 --> 00:42:25.000]  現在竟然拿著這些武器的是
[00:42:25.000 --> 00:42:27.000]  耶和華上帝自己
[00:42:27.000 --> 00:42:29.000]  這個本來要幫我們的
[00:42:29.000 --> 00:42:31.000]  我們的神原來是來攻擊我們的
[00:42:31.000 --> 00:42:33.000]  亞述是耶和華手中的形象
[00:42:33.000 --> 00:42:35.000]  那個管教
[00:42:35.000 --> 00:42:37.000]  雞毛掃
[00:42:37.000 --> 00:42:39.000]  打下來的那一下
[00:42:39.000 --> 00:42:41.000]  這個是很特別的情況
[00:42:41.000 --> 00:42:43.000]  所以阿摩斯見到的時候
[00:42:43.000 --> 00:42:45.000]  他都不敢相信
[00:42:45.000 --> 00:42:47.000]  回答沒有頭兩次
[00:42:47.000 --> 00:42:49.000]  文章般出口
[00:42:49.000 --> 00:42:51.000]  整句般出口
[00:42:51.000 --> 00:42:53.000]  他只會說出
[00:42:53.000 --> 00:42:55.000]  那個東西是甚麼
[00:42:55.000 --> 00:42:57.000]  他不敢相信自己的眼睛
[00:42:57.000 --> 00:42:59.000]  見到耶和華上帝
[00:42:59.000 --> 00:43:01.000]  拿起這麼厲害的武器
[00:43:01.000 --> 00:43:03.000]  對付自己的選民
[00:43:03.000 --> 00:43:05.000]  他沒辦法相信
[00:43:05.000 --> 00:43:07.000]  也不懂得怎樣反應
[00:43:07.000 --> 00:43:09.000]  呆在那裏
[00:43:09.000 --> 00:43:11.000]  而上帝宣佈
[00:43:11.000 --> 00:43:13.000]  我的審判
[00:43:13.000 --> 00:43:15.000]  我的刑罰一定要臨到以色列
[00:43:15.000 --> 00:43:19.000]  這種陰逆的方式
[00:43:19.000 --> 00:43:21.000]  其實今天在中文有很多情況出現
[00:43:21.000 --> 00:43:23.000]  我們無論是廣東話
[00:43:23.000 --> 00:43:25.000]  無論是國語
[00:43:25.000 --> 00:43:27.000]  都有的
[00:43:27.000 --> 00:43:29.000]  譬如我們今天會說坦克
[00:43:29.000 --> 00:43:31.000]  這個是英文的Tank
[00:43:31.000 --> 00:43:33.000]  我們說坦克
[00:43:33.000 --> 00:43:35.000]  我們是陰逆了一個
[00:43:35.000 --> 00:43:37.000]  外語的名詞
[00:43:37.000 --> 00:43:39.000]  不是和武器有關
[00:43:39.000 --> 00:43:41.000]  我們說巴士
[00:43:41.000 --> 00:43:43.000]  我們說的士
[00:43:43.000 --> 00:43:45.000]  我們說梳化
[00:43:45.000 --> 00:43:47.000]  甚至批評的批字都是英文
[00:43:47.000 --> 00:43:49.000]  很多情況
[00:43:49.000 --> 00:43:51.000]  其實我們生活在一個
[00:43:51.000 --> 00:43:53.000]  華洋雜處的社會
[00:43:53.000 --> 00:43:55.000]  很多外來語
[00:43:55.000 --> 00:43:57.000]  我們翻譯了音
[00:43:57.000 --> 00:43:59.000]  以色列是當時
[00:43:59.000 --> 00:44:01.000]  國際商業通道
[00:44:01.000 --> 00:44:03.000]  的那個
[00:44:03.000 --> 00:44:05.000]  很多國際的來往
[00:44:05.000 --> 00:44:07.000]  這一類的字眼
[00:44:07.000 --> 00:44:09.000]  我們都不陌生
[00:44:09.000 --> 00:44:11.000]  第四個異象
[00:44:11.000 --> 00:44:13.000]  第八章
[00:44:13.000 --> 00:44:15.000]  第一節
[00:44:15.000 --> 00:44:17.000]  主耶和華又使我看見一件事
[00:44:17.000 --> 00:44:19.000]  看見什麼呢
[00:44:19.000 --> 00:44:21.000]  就是我看見了
[00:44:21.000 --> 00:44:23.000]  夏天的果子
[00:44:23.000 --> 00:44:25.000]  夏天的果子
[00:44:25.000 --> 00:44:27.000]  希伯來文字的音
[00:44:27.000 --> 00:44:29.000]  和下面
[00:44:29.000 --> 00:44:31.000]  上帝說
[00:44:31.000 --> 00:44:33.000]  我們以色列的結局
[00:44:33.000 --> 00:44:35.000]  結局的字
[00:44:35.000 --> 00:44:37.000]  和下面的音
[00:44:37.000 --> 00:44:39.000]  是很相似的
[00:44:39.000 --> 00:44:41.000]  都是這樣串法
[00:44:41.000 --> 00:44:43.000]  所以這是一個
[00:44:43.000 --> 00:44:45.000]  諧音的圖畫
[00:44:45.000 --> 00:44:47.000]  上帝問他
[00:44:47.000 --> 00:44:49.000]  你看見什麼
[00:44:49.000 --> 00:44:51.000]  他說我看見了一籃夏天的果子
[00:44:51.000 --> 00:44:53.000]  上帝說不是夏天的果子
[00:44:53.000 --> 00:44:55.000]  是以色列人的下場
[00:44:55.000 --> 00:44:57.000]  結果
[00:44:57.000 --> 00:44:59.000]  以色列的結局
[00:44:59.000 --> 00:45:01.000]  來臨
[00:45:01.000 --> 00:45:03.000]  惡貫滿盈的時候
[00:45:03.000 --> 00:45:05.000]  最後
[00:45:05.000 --> 00:45:07.000]  第九章
[00:45:07.000 --> 00:45:09.000]  第一節
[00:45:09.000 --> 00:45:11.000]  我看見
[00:45:11.000 --> 00:45:13.000]  主站在祭壇旁邊
[00:45:13.000 --> 00:45:15.000]  你看見
[00:45:15.000 --> 00:45:17.000]  先知的角色
[00:45:17.000 --> 00:45:19.000]  是愈來愈
[00:45:19.000 --> 00:45:21.000]  我們用英文講
[00:45:21.000 --> 00:45:23.000]  being sidelined
[00:45:23.000 --> 00:45:25.000]  初頭他和上帝對話
[00:45:25.000 --> 00:45:27.000]  他可以求上帝
[00:45:27.000 --> 00:45:29.000]  上帝聽他祈禱
[00:45:29.000 --> 00:45:31.000]  就說這災可以免了
[00:45:31.000 --> 00:45:33.000]  第二次
[00:45:33.000 --> 00:45:35.000]  第三第四次他看見
[00:45:35.000 --> 00:45:37.000]  上帝還在和他說話
[00:45:37.000 --> 00:45:39.000]  阿摩斯你看見了什麼
[00:45:39.000 --> 00:45:41.000]  他不敢再祈禱
[00:45:41.000 --> 00:45:43.000]  他只能認我看見了什麼
[00:45:43.000 --> 00:45:45.000]  上帝宣佈
[00:45:45.000 --> 00:45:47.000]  第五個異象
[00:45:47.000 --> 00:45:49.000]  上帝根本不和他說話
[00:45:49.000 --> 00:45:51.000]  也不是上帝洗他漢奸
[00:45:51.000 --> 00:45:53.000]  他自己在旁邊偷偷地看到
[00:45:53.000 --> 00:45:55.000]  你看那個異象
[00:45:55.000 --> 00:45:57.000]  一路一路
[00:45:57.000 --> 00:45:59.000]  嚴重
[00:45:59.000 --> 00:46:01.000]  不但不可以祈禱
[00:46:01.000 --> 00:46:03.000]  現在連對話機會都沒有
[00:46:03.000 --> 00:46:05.000]  他看見上帝站在祭壇旁邊
[00:46:05.000 --> 00:46:07.000]  對
[00:46:07.000 --> 00:46:09.000]  上帝應該站在祭壇旁邊
[00:46:09.000 --> 00:46:11.000]  今天你來到教會
[00:46:11.000 --> 00:46:13.000]  上帝應該站在港台
[00:46:13.000 --> 00:46:15.000]  十字架
[00:46:15.000 --> 00:46:17.000]  不會站在廁所
[00:46:17.000 --> 00:46:19.000]  在正正出現的地方
[00:46:19.000 --> 00:46:21.000]  大家敬拜他的時候
[00:46:21.000 --> 00:46:23.000]  他出現在祭壇上
[00:46:23.000 --> 00:46:25.000]  你記不記得參宣的父母
[00:46:25.000 --> 00:46:27.000]  見到耶和華的使者
[00:46:27.000 --> 00:46:29.000]  出現得很正確
[00:46:29.000 --> 00:46:31.000]  但是上帝說什麼
[00:46:31.000 --> 00:46:33.000]  上帝不是預納他們的敬拜
[00:46:33.000 --> 00:46:35.000]  上帝說要擊打這個聖殿
[00:46:35.000 --> 00:46:37.000]  柱頂
[00:46:37.000 --> 00:46:39.000]  使這個聖殿的門檻震動
[00:46:39.000 --> 00:46:41.000]  打碎柱頂
[00:46:41.000 --> 00:46:43.000]  落在那些敬拜的人身上
[00:46:43.000 --> 00:46:47.000]  有哪些人如果能夠逃脫的話
[00:46:47.000 --> 00:46:49.000]  上帝說我要用刀
[00:46:49.000 --> 00:46:51.000]  去殺死他們
[00:46:51.000 --> 00:46:53.000]  沒有一個人能夠逃脫
[00:46:53.000 --> 00:46:55.000]  他們雖然滑頭陰間
[00:46:55.000 --> 00:46:57.000]  我的手把他們拉出來
[00:46:57.000 --> 00:46:59.000]  爬上天上
[00:46:59.000 --> 00:47:01.000]  我又拿下他們
[00:47:01.000 --> 00:47:03.000]  藏在加密山頂
[00:47:03.000 --> 00:47:05.000]  我搜尋捉出他們
[00:47:05.000 --> 00:47:07.000]  藏在海底
[00:47:07.000 --> 00:47:09.000]  我就命令海蛇去咬他們
[00:47:09.000 --> 00:47:11.000]  被仇敵佬去刀劍
[00:47:11.000 --> 00:47:13.000]  都要殺戮他們
[00:47:13.000 --> 00:47:15.000]  這段話
[00:47:15.000 --> 00:47:17.000]  你如果熟悉聖經一定會想得起
[00:47:17.000 --> 00:47:19.000]  詩篇139篇
[00:47:19.000 --> 00:47:21.000]  我往哪裡去逃避你的面
[00:47:21.000 --> 00:47:23.000]  去哪裡逃避你的靈
[00:47:23.000 --> 00:47:25.000]  我若升到天上你在哪裡
[00:47:25.000 --> 00:47:27.000]  我若下塔在陰間
[00:47:27.000 --> 00:47:29.000]  你也在哪裡
[00:47:29.000 --> 00:47:31.000]  詩人在詩篇裏
[00:47:31.000 --> 00:47:33.000]  讚美耶和華的
[00:47:33.000 --> 00:47:35.000]  無所不在
[00:47:35.000 --> 00:47:37.000]  去到哪裡上帝都包圍著我
[00:47:37.000 --> 00:47:39.000]  黑暗不能遮蓋我
[00:47:39.000 --> 00:47:41.000]  黑夜與白日在你看來都是一樣
[00:47:41.000 --> 00:47:43.000]  講上帝和他的親切
[00:47:43.000 --> 00:47:45.000]  阿摩斯書拿了過來
[00:47:45.000 --> 00:47:47.000]  講上帝的審判
[00:47:47.000 --> 00:47:49.000]  到一個地步
[00:47:49.000 --> 00:47:51.000]  你躲到哪裡都逃不掉
[00:47:51.000 --> 00:47:53.000]  很出奇的異象
[00:47:53.000 --> 00:47:55.000]  很出奇的說話
[00:47:55.000 --> 00:47:57.000]  怎樣說
[00:47:57.000 --> 00:47:59.000]  你就這樣走出來
[00:47:59.000 --> 00:48:01.000]  我昨晚做夢
[00:48:01.000 --> 00:48:03.000]  見到這樣的東西
[00:48:03.000 --> 00:48:05.000]  誰聽你
[00:48:05.000 --> 00:48:07.000]  阿摩斯不是傻子
[00:48:07.000 --> 00:48:09.000]  他不是那些
[00:48:09.000 --> 00:48:11.000]  我們今天可以全副音
[00:48:11.000 --> 00:48:13.000]  我講了你不聽你的事
[00:48:13.000 --> 00:48:15.000]  我良心安樂
[00:48:15.000 --> 00:48:17.000]  將來審判台前你沒得賴我
[00:48:17.000 --> 00:48:19.000]  我講了你沒空聽
[00:48:19.000 --> 00:48:21.000]  不是的
[00:48:21.000 --> 00:48:23.000]  作為上帝的發言人
[00:48:23.000 --> 00:48:25.000]  如果你要全副音
[00:48:25.000 --> 00:48:27.000]  你要講到你的對象
[00:48:27.000 --> 00:48:29.000]  聽到為止
[00:48:29.000 --> 00:48:31.000]  這是上帝講說話的方式
[00:48:31.000 --> 00:48:33.000]  上帝不是
[00:48:33.000 --> 00:48:35.000]  我在天上講了一次兩次三次
[00:48:35.000 --> 00:48:37.000]  講完了聽不到你自己的事
[00:48:37.000 --> 00:48:39.000]  將來你自己負責
[00:48:39.000 --> 00:48:41.000]  上帝講說話
[00:48:41.000 --> 00:48:43.000]  就講到你聽到為止
[00:48:43.000 --> 00:48:45.000]  所以他的僕人阿摩斯想
[00:48:45.000 --> 00:48:47.000]  這樣的訊息
[00:48:47.000 --> 00:48:49.000]  審判的訊息
[00:48:49.000 --> 00:48:51.000]  怎樣傳給我的百姓聽
[00:48:51.000 --> 00:48:53.000]  怎樣能夠
[00:48:53.000 --> 00:48:55.000]  講到他們聽得明
[00:48:55.000 --> 00:48:57.000]  聽得清楚
[00:48:57.000 --> 00:48:59.000]  沒聽錯
[00:48:59.000 --> 00:49:01.000]  肯聽都是一個問題
[00:49:01.000 --> 00:49:03.000]  我試過
[00:49:03.000 --> 00:49:05.000]  講到開場
[00:49:05.000 --> 00:49:07.000]  頭十分鐘我講得很嚴厲
[00:49:07.000 --> 00:49:09.000]  有人起身走過去
[00:49:09.000 --> 00:49:11.000]  我明白我用不著聽你這麼多間教會聚集
[00:49:11.000 --> 00:49:13.000]  我來到聚集
[00:49:13.000 --> 00:49:15.000]  我都是想得安慰
[00:49:15.000 --> 00:49:17.000]  想得到別人
[00:49:17.000 --> 00:49:19.000]  上帝愛你
[00:49:19.000 --> 00:49:21.000]  平平安安
[00:49:21.000 --> 00:49:23.000]  以後不要犯罪
[00:49:23.000 --> 00:49:25.000]  你責備他
[00:49:25.000 --> 00:49:27.000]  你說上帝審判
[00:49:27.000 --> 00:49:29.000]  我為甚麼要貼錢
[00:49:29.000 --> 00:49:31.000]  買爛手
[00:49:31.000 --> 00:49:33.000]  我走開去別的教會聚集
[00:49:33.000 --> 00:49:35.000]  人家多鞠躬作孽
[00:49:35.000 --> 00:49:37.000]  歡迎新來賓請登記
[00:49:37.000 --> 00:49:39.000]  阿摩斯要
[00:49:39.000 --> 00:49:41.000]  弄清楚
[00:49:41.000 --> 00:49:43.000]  上帝給他這五個
[00:49:43.000 --> 00:49:45.000]  異象
[00:49:45.000 --> 00:49:47.000]  那個訊息
[00:49:47.000 --> 00:49:49.000]  真是能夠
[00:49:49.000 --> 00:49:51.000]  傳到給
[00:49:51.000 --> 00:49:53.000]  以色列人聽
[00:49:53.000 --> 00:49:55.000]  他想得很辛苦
[00:49:55.000 --> 00:49:57.000]  所以你開始明白
[00:49:57.000 --> 00:49:59.000]  為甚麼他放到第七章
[00:49:59.000 --> 00:50:01.000]  才講
[00:50:01.000 --> 00:50:03.000]  他不是一開始就講
[00:50:03.000 --> 00:50:05.000]  一開始講你不聽
[00:50:05.000 --> 00:50:07.000]  沒可能的
[00:50:07.000 --> 00:50:09.000]  上帝不是這樣
[00:50:09.000 --> 00:50:11.000]  都是上帝來的
[00:50:11.000 --> 00:50:13.000]  你眼花眼瞓
[00:50:13.000 --> 00:50:15.000]  很多東西講
[00:50:15.000 --> 00:50:17.000]  上帝不會這麼絕
[00:50:17.000 --> 00:50:19.000]  一開始就打打殺殺
[00:50:19.000 --> 00:50:21.000]  我們上帝有恩典有憐憫
[00:50:21.000 --> 00:50:23.000]  不輕而發怒
[00:50:23.000 --> 00:50:25.000]  後悔他要降的災
[00:50:25.000 --> 00:50:29.000]  你做阿摩斯
[00:50:29.000 --> 00:50:31.000]  你本來是一個專業人士
[00:50:31.000 --> 00:50:33.000]  上帝呼召你
[00:50:33.000 --> 00:50:35.000]  揀選你要做他的發言人
[00:50:35.000 --> 00:50:37.000]  你講甚麼
[00:50:37.000 --> 00:50:39.000]  上帝是這樣
[00:50:39.000 --> 00:50:41.000]  看見看見看見
[00:50:41.000 --> 00:50:43.000]  看完你擦擦自己的眼
[00:50:43.000 --> 00:50:45.000]  你都不相信你所看見的東西
[00:50:45.000 --> 00:50:49.000]  阿摩斯很想講這些
[00:50:49.000 --> 00:50:51.000]  有時我們先入為主的錯覺
[00:50:51.000 --> 00:50:53.000]  我們以為先知很兇
[00:50:53.000 --> 00:50:55.000]  很喜歡罵人
[00:50:55.000 --> 00:50:57.000]  沒人罵就很亂
[00:50:57.000 --> 00:50:59.000]  所以今天牧師講道
[00:50:59.000 --> 00:51:01.000]  講得兇一點
[00:51:01.000 --> 00:51:03.000]  我們就嚇先知講道
[00:51:03.000 --> 00:51:05.000]  不是的,阿摩斯完全不是這樣的心情
[00:51:05.000 --> 00:51:07.000]  阿摩斯看見的時候
[00:51:07.000 --> 00:51:09.000]  他求上帝
[00:51:09.000 --> 00:51:11.000]  不要啊,不要這樣做
[00:51:11.000 --> 00:51:13.000]  他求得來沒甚麼理由
[00:51:13.000 --> 00:51:17.000]  上帝做的是公正的
[00:51:17.000 --> 00:51:19.000]  阿摩斯心知肚明
[00:51:19.000 --> 00:51:21.000]  阿摩斯找了一個不是理由的理由出來
[00:51:21.000 --> 00:51:23.000]  瓦國微弱
[00:51:23.000 --> 00:51:25.000]  他捱不住
[00:51:25.000 --> 00:51:27.000]  這句不是理由
[00:51:27.000 --> 00:51:29.000]  這句不是理由
[00:51:29.000 --> 00:51:31.000]  你罰他這麼重
[00:51:31.000 --> 00:51:33.000]  他捱不住
[00:51:33.000 --> 00:51:35.000]  不是他捱不捱得住
[00:51:35.000 --> 00:51:37.000]  他做了甚麼事才決定要刑罰
[00:51:37.000 --> 00:51:39.000]  阿摩斯都捱
[00:51:39.000 --> 00:51:41.000]  連續兩次上帝給
[00:51:41.000 --> 00:51:43.000]  到第三次第四次
[00:51:43.000 --> 00:51:45.000]  阿摩斯不敢出聲
[00:51:45.000 --> 00:51:47.000]  到第五次對話都沒有機會
[00:51:47.000 --> 00:51:49.000]  上帝的刑罰
[00:51:49.000 --> 00:51:51.000]  審判臨到
[00:51:51.000 --> 00:51:53.000]  阿摩斯只有一個看字
[00:51:53.000 --> 00:51:55.000]  聲都沒得聲
[00:51:55.000 --> 00:51:57.000]  他怎麼開始
[00:51:57.000 --> 00:51:59.000]  你要看他怎麼開始講
[00:51:59.000 --> 00:52:01.000]  你回到第一章
[00:52:01.000 --> 00:52:03.000]  阿摩斯書的第一章
[00:52:03.000 --> 00:52:05.000]  第二章
[00:52:05.000 --> 00:52:07.000]  到第三章
[00:52:07.000 --> 00:52:09.000]  第八節
[00:52:09.000 --> 00:52:11.000]  阿摩斯想了很久
[00:52:11.000 --> 00:52:13.000]  他想到了
[00:52:13.000 --> 00:52:15.000]  他想到了
[00:52:15.000 --> 00:52:17.000]  他想到這樣講法
[00:52:17.000 --> 00:52:19.000]  以色列人一定聽
[00:52:19.000 --> 00:52:21.000]  一定聽
[00:52:21.000 --> 00:52:23.000]  他怎麼說
[00:52:23.000 --> 00:52:25.000]  他說上帝好像
[00:52:25.000 --> 00:52:27.000]  一個獅子
[00:52:27.000 --> 00:52:29.000]  這幅圖畫
[00:52:29.000 --> 00:52:31.000]  一點都不陌生
[00:52:31.000 --> 00:52:33.000]  我不讀舊約聖經
[00:52:33.000 --> 00:52:35.000]  所以覺得陌生
[00:52:35.000 --> 00:52:37.000]  何西雅用過
[00:52:37.000 --> 00:52:39.000]  其他人都用過
[00:52:39.000 --> 00:52:41.000]  上帝發威
[00:52:41.000 --> 00:52:43.000]  上帝發怒
[00:52:43.000 --> 00:52:45.000]  對他的選民來說
[00:52:45.000 --> 00:52:47.000]  是一件好事
[00:52:47.000 --> 00:52:49.000]  因為在舊約聖經
[00:52:49.000 --> 00:52:51.000]  我們知道以色列人
[00:52:51.000 --> 00:52:53.000]  日日在聖殿裡祈禱
[00:52:53.000 --> 00:52:55.000]  求上帝發怒
[00:52:55.000 --> 00:52:57.000]  求上帝發威
[00:52:57.000 --> 00:52:59.000]  他們被周圍的人欺負
[00:52:59.000 --> 00:53:01.000]  欺負到
[00:53:01.000 --> 00:53:03.000]  聲音都沒了
[00:53:03.000 --> 00:53:05.000]  於是只有來到聖殿裡哀求
[00:53:05.000 --> 00:53:07.000]  你讀一讀詩篇
[00:53:07.000 --> 00:53:09.000]  上帝求你興起
[00:53:09.000 --> 00:53:11.000]  以色列的聖者
[00:53:11.000 --> 00:53:13.000]  求你發出亮光
[00:53:13.000 --> 00:53:15.000]  你一興起
[00:53:15.000 --> 00:53:17.000]  仇敵就四散
[00:53:17.000 --> 00:53:19.000]  所以阿摩斯用這個主題先講
[00:53:19.000 --> 00:53:21.000]  一開始宣佈題目
[00:53:21.000 --> 00:53:23.000]  上帝思考
[00:53:23.000 --> 00:53:25.000]  一聽人家都知道
[00:53:25.000 --> 00:53:27.000]  每個人都知道他講什麼
[00:53:27.000 --> 00:53:30.000]  這是上帝拯救我們的訊息
[00:53:30.000 --> 00:53:33.000]  這是上帝為我們伸冤的訊息
[00:53:33.000 --> 00:53:35.000]  這個講儀一定是告訴我們
[00:53:35.000 --> 00:53:37.000]  上帝要怎樣對付我們的敵人
[00:53:37.000 --> 00:53:39.000]  上帝幫助我們
[00:53:39.000 --> 00:53:41.000]  上帝現在來拯救我們
[00:53:41.000 --> 00:53:43.000]  你看耶羅邦邦這個世界
[00:53:43.000 --> 00:53:45.000]  你看我們今天的國家
[00:53:45.000 --> 00:53:47.000]  我們就是在上帝的幫助下
[00:53:47.000 --> 00:53:49.000]  我們收回失地
[00:53:49.000 --> 00:53:51.000]  我們的國土和所羅門一樣偉大
[00:53:51.000 --> 00:53:53.000]  這一次要來聽
[00:53:53.000 --> 00:53:55.000]  對不對
[00:53:55.000 --> 00:53:57.000]  正正是時代的訊息
[00:53:57.000 --> 00:53:59.000]  阿摩斯真是一開講
[00:53:59.000 --> 00:54:01.000]  上去講講什麼
[00:54:01.000 --> 00:54:03.000]  你讀下阿摩斯書第一章第三節
[00:54:03.000 --> 00:54:05.000]  耶和華如此說
[00:54:05.000 --> 00:54:07.000]  Koama Adonai
[00:54:07.000 --> 00:54:09.000]  嘩!很正的開頭
[00:54:09.000 --> 00:54:11.000]  不是我講的
[00:54:11.000 --> 00:54:12.000]  是上帝講的
[00:54:12.000 --> 00:54:15.000]  Amen! Hallelujah! Praise the Lord!
[00:54:15.000 --> 00:54:17.000]  下面的人就會這樣反應
[00:54:17.000 --> 00:54:19.000]  上帝開口了
[00:54:19.000 --> 00:54:21.000]  上帝不再沉睡了
[00:54:21.000 --> 00:54:23.000]  上帝為我們伸冤了
[00:54:23.000 --> 00:54:25.000]  上帝發怒了
[00:54:25.000 --> 00:54:29.000]  大馬斯三番四次犯罪
[00:54:29.000 --> 00:54:31.000]  第六節
[00:54:31.000 --> 00:54:34.000]  加薩菲利斯三番四次犯罪
[00:54:34.000 --> 00:54:35.000]  第九節
[00:54:35.000 --> 00:54:37.000]  推羅三番四次犯罪
[00:54:37.000 --> 00:54:39.000]  十一節
[00:54:39.000 --> 00:54:41.000]  以東三番四次犯罪
[00:54:41.000 --> 00:54:42.000]  十三節
[00:54:42.000 --> 00:54:44.000]  阿滿三番四次犯罪
[00:54:44.000 --> 00:54:45.000]  第二章第一節
[00:54:45.000 --> 00:54:48.000]  摩訶三番四次犯罪
[00:54:48.000 --> 00:54:50.000]  這些全部是
[00:54:50.000 --> 00:54:54.000]  以色列的深仇舊怨
[00:54:54.000 --> 00:54:56.000]  每一個國家
[00:54:56.000 --> 00:55:02.000]  都是以色列邊境周圍的鄰邦
[00:55:02.000 --> 00:55:06.000]  每一個都有筆帳要算
[00:55:06.000 --> 00:55:08.000]  阿摩斯這樣說
[00:55:08.000 --> 00:55:11.000]  肯定叫阻
[00:55:11.000 --> 00:55:12.000]  一定爆棚
[00:55:12.000 --> 00:55:14.000]  比二十一課程還要好玩
[00:55:14.000 --> 00:55:16.000]  一定喜歡聽
[00:55:16.000 --> 00:55:19.000]  我們只需要這樣愛國的信息
[00:55:19.000 --> 00:55:22.000]  我們只需要打這支強心針
[00:55:22.000 --> 00:55:23.000]  下令會的訊息
[00:55:23.000 --> 00:55:24.000]  粉兄的訊息
[00:55:24.000 --> 00:55:26.000]  上帝在我們中間
[00:55:26.000 --> 00:55:28.000]  施行祂的大能
[00:55:28.000 --> 00:55:29.000]  祂的作為
[00:55:29.000 --> 00:55:32.000]  我們見到祂為我們伸冤的訊息
[00:55:32.000 --> 00:55:34.000]  感謝上帝
[00:55:34.000 --> 00:55:36.000]  阿摩斯一流的講員
[00:55:36.000 --> 00:55:38.000]  我們用心聽
[00:55:38.000 --> 00:55:40.000]  拍爛手掌去聽
[00:55:40.000 --> 00:55:43.000]  阿摩斯到底在說什麼
[00:55:43.000 --> 00:55:46.000]  很多人在這裡研究
[00:55:46.000 --> 00:55:50.000]  舊約聖經對國際間
[00:55:50.000 --> 00:55:54.000]  戰爭論理的問題
[00:55:54.000 --> 00:55:57.000]  上帝怎樣主持國際間的公道
[00:55:57.000 --> 00:56:01.000]  阿摩斯真的在說國際的問題嗎
[00:56:01.000 --> 00:56:04.000]  不是
[00:56:04.000 --> 00:56:06.000]  不是
[00:56:06.000 --> 00:56:12.000]  剛才因為時間的關係
[00:56:12.000 --> 00:56:17.000]  要要斬了阿摩斯的精心預備的講章
[00:56:17.000 --> 00:56:19.000]  是很不幸的事
[00:56:19.000 --> 00:56:23.000]  其實阿摩斯第一章一開始
[00:56:23.000 --> 00:56:30.000]  一連串對以色列國鄰近的國家
[00:56:30.000 --> 00:56:34.000]  這樣宣佈上帝的刑罰
[00:56:34.000 --> 00:56:37.000]  是真是精心炮製的
[00:56:37.000 --> 00:56:40.000]  他每一個講法都有格式
[00:56:40.000 --> 00:56:42.000]  三番四次的犯罪
[00:56:42.000 --> 00:56:46.000]  上帝說我不會免去他的刑罰
[00:56:46.000 --> 00:56:49.000]  上帝接著說他的罪行
[00:56:49.000 --> 00:56:51.000]  阿蘭這個大馬式的首都
[00:56:51.000 --> 00:56:53.000]  等於今天敘利亞大馬士革
[00:56:53.000 --> 00:56:57.000]  以色列北部整天欺負他們
[00:56:57.000 --> 00:56:59.000]  阿蘭他們說
[00:56:59.000 --> 00:57:02.000]  阿摩斯指出他在基列那裡
[00:57:02.000 --> 00:57:05.000]  是怎樣欺負那裡的百姓
[00:57:05.000 --> 00:57:08.000]  用很殘酷的手段
[00:57:08.000 --> 00:57:13.000]  來虐待殺戮那邊境的居民
[00:57:13.000 --> 00:57:17.000]  如果說阿蘭的手段很狠辣
[00:57:17.000 --> 00:57:20.000]  對菲利士的責罰
[00:57:20.000 --> 00:57:23.000]  上帝就指出他們為了利益
[00:57:23.000 --> 00:57:25.000]  什麼都肯做
[00:57:25.000 --> 00:57:28.000]  擄掠眾民、交給異動
[00:57:28.000 --> 00:57:31.000]  擄那些人民用來做買賣
[00:57:31.000 --> 00:57:33.000]  奴隸販賣
[00:57:33.000 --> 00:57:35.000]  他們利欲分心
[00:57:35.000 --> 00:57:41.000]  推羅明明本來和以色列有弟兄的盟約
[00:57:41.000 --> 00:57:45.000]  但是也是為了利益的緣故
[00:57:45.000 --> 00:57:48.000]  不背棄了他的信用
[00:57:48.000 --> 00:57:51.000]  以東的問題
[00:57:51.000 --> 00:57:55.000]  以東他拿刀追趕兄弟
[00:57:55.000 --> 00:57:57.000]  毫無憐憫
[00:57:57.000 --> 00:57:59.000]  兇殘暴戾
[00:57:59.000 --> 00:58:01.000]  打仗不是問題
[00:58:01.000 --> 00:58:03.000]  打仗也有打仗的規矩
[00:58:03.000 --> 00:58:09.000]  不是可以對無辜的人隨便殺戮
[00:58:09.000 --> 00:58:11.000]  阿滿人也是這個問題
[00:58:11.000 --> 00:58:15.000]  為了擴張自己的境界
[00:58:15.000 --> 00:58:19.000]  否開激烈的孕婦
[00:58:19.000 --> 00:58:21.000]  滅族
[00:58:21.000 --> 00:58:24.000]  連胎兒都不放過
[00:58:24.000 --> 00:58:31.000]  當然也有一種以殘殺為取樂的味道
[00:58:31.000 --> 00:58:34.000]  最難解釋的可能是摩訶第二章
[00:58:34.000 --> 00:58:39.000]  他將以東王的骸骨焚燒成灰
[00:58:39.000 --> 00:58:42.000]  似乎這個仇恨不是和以色列結的
[00:58:42.000 --> 00:58:44.000]  什麼叫將人的骸骨
[00:58:44.000 --> 00:58:47.000]  將皇帝的骸骨焚燒成灰呢?
[00:58:47.000 --> 00:58:49.000]  試過有人問過我
[00:58:49.000 --> 00:58:52.000]  是不是聖經這裡不贊成火葬呢?
[00:58:52.000 --> 00:58:54.000]  這個大概完全沒有關係
[00:58:54.000 --> 00:58:55.000]  我們不是很知道
[00:58:55.000 --> 00:58:58.000]  不過這說就是用人的骨頭
[00:58:58.000 --> 00:59:00.000]  用來燒成石灰
[00:59:00.000 --> 00:59:06.000]  這種手段我稱之為趕盡殺絕
[00:59:06.000 --> 00:59:09.000]  連骸骨都不放過
[00:59:09.000 --> 00:59:14.000]  死人安葬在古代社會
[00:59:14.000 --> 00:59:15.000]  今日的社會也很重要
[00:59:15.000 --> 00:59:17.000]  特別是東方的社會
[00:59:17.000 --> 00:59:19.000]  連骨頭都不放過
[00:59:19.000 --> 00:59:22.000]  今天我們說法就是開棺鞭屍
[00:59:22.000 --> 00:59:25.000]  這是一個很絕的做法
[00:59:25.000 --> 00:59:29.000]  我們說摩斯的說話沒有停在這裡
[00:59:29.000 --> 00:59:33.000]  他的焦點不是外邦的國家
[00:59:33.000 --> 00:59:35.000]  他說這一連串的說話
[00:59:35.000 --> 00:59:39.000]  為了贏取以色列人肯聽他說話
[00:59:39.000 --> 00:59:41.000]  越聽越好玩
[00:59:41.000 --> 00:59:45.000]  越聽越過癮
[00:59:45.000 --> 00:59:51.000]  越聽越心裡忍不住要回應
[00:59:51.000 --> 00:59:53.000]  對呀!說得好呀!
[00:59:53.000 --> 00:59:54.000]  你試想像一下
[00:59:54.000 --> 00:59:57.000]  我們中國一直以來受到這麼多的欺負
[00:59:57.000 --> 01:00:00.000]  現在有一個神的僕人站出來數
[01:00:00.000 --> 01:00:04.000]  以前帝國主義對我們不對
[01:00:04.000 --> 01:00:08.000]  然後數蘇聯背信棄義
[01:00:08.000 --> 01:00:09.000]  印度又不對
[01:00:09.000 --> 01:00:11.000]  越南又是壞蛋
[01:00:11.000 --> 01:00:13.000]  一直數下去
[01:00:13.000 --> 01:00:16.000]  非常強烈的民族主義
[01:00:16.000 --> 01:00:18.000]  再加上宗教的信仰
[01:00:18.000 --> 01:00:22.000]  神要追討他們的罪孽
[01:00:22.000 --> 01:00:28.000]  阿摩斯沒有停在外國的鄰邦身上
[01:00:28.000 --> 01:00:29.000]  第二章第四節
[01:00:29.000 --> 01:00:33.000]  他講到猶大三番四次的犯罪
[01:00:33.000 --> 01:00:35.000]  阿摩斯本身是提哥亞人
[01:00:35.000 --> 01:00:40.000]  提哥亞我們知道是猶大的國境裡的一個城市
[01:00:40.000 --> 01:00:41.000]  換句話說
[01:00:41.000 --> 01:00:44.000]  阿摩斯是一個南國猶大的子民
[01:00:44.000 --> 01:00:46.000]  他去到北國以色列
[01:00:46.000 --> 01:00:48.000]  來講這番說話
[01:00:48.000 --> 01:00:50.000]  北國有十個支派
[01:00:50.000 --> 01:00:51.000]  南國只有兩個支派
[01:00:51.000 --> 01:00:53.000]  南國就說是大衛王朝
[01:00:53.000 --> 01:00:55.000]  忠於大衛家
[01:00:55.000 --> 01:00:59.000]  北國就以士師的神靈感動誰
[01:00:59.000 --> 01:01:00.000]  先知高立誰
[01:01:00.000 --> 01:01:02.000]  誰就可以做王
[01:01:02.000 --> 01:01:03.000]  大家是兄弟
[01:01:03.000 --> 01:01:05.000]  但大家很不對
[01:01:05.000 --> 01:01:07.000]  有點像我們中國近代的歷史
[01:01:07.000 --> 01:01:10.000]  台灣和北京
[01:01:10.000 --> 01:01:13.000]  現在台灣有一個神的僕人去到北京
[01:01:13.000 --> 01:01:15.000]  還罵台灣
[01:01:15.000 --> 01:01:16.000]  罵什麼
[01:01:16.000 --> 01:01:18.000]  罵他離京半道
[01:01:18.000 --> 01:01:20.000]  真的罵得很厲害
[01:01:20.000 --> 01:01:24.000]  以正統自居的大衛王朝
[01:01:24.000 --> 01:01:26.000]  現在阿摩斯說他們離京半道
[01:01:26.000 --> 01:01:29.000]  他們嫌棄耶和華的憤悔
[01:01:29.000 --> 01:01:31.000]  不遵守神的律例
[01:01:31.000 --> 01:01:34.000]  他們祖宗一直跟著的是虛假的偶像
[01:01:34.000 --> 01:01:36.000]  真的罵得很厲害
[01:01:36.000 --> 01:01:41.000]  在以色列的聽眾拍手的時候
[01:01:41.000 --> 01:01:43.000]  阿摩斯沒有停下來
[01:01:43.000 --> 01:01:45.000]  沒有半場休息地停下來
[01:01:45.000 --> 01:01:47.000]  他繼續講下去
[01:01:47.000 --> 01:01:48.000]  第二章第六節
[01:01:48.000 --> 01:01:50.000]  耶和華如此說
[01:01:50.000 --> 01:01:54.000]  以色列人三番四次犯罪
[01:01:54.000 --> 01:01:57.000]  你聽了上面一連串
[01:01:57.000 --> 01:01:59.000]  你聽開了頭
[01:01:59.000 --> 01:02:02.000]  現在你都沒有回過
[01:02:02.000 --> 01:02:05.000]  高興地拍手
[01:02:05.000 --> 01:02:07.000]  都沒有回過氣來
[01:02:07.000 --> 01:02:10.000]  阿摩斯就一氣呵成
[01:02:10.000 --> 01:02:11.000]  不用吞口水
[01:02:11.000 --> 01:02:13.000]  就繼續講下去
[01:02:13.000 --> 01:02:16.000]  以色列三番四次犯罪
[01:02:18.000 --> 01:02:20.000]  你聽開了頭
[01:02:20.000 --> 01:02:22.000]  那個momentum
[01:02:22.000 --> 01:02:24.000]  你一直聽下去
[01:02:24.000 --> 01:02:26.000]  你收不回的
[01:02:26.000 --> 01:02:27.000]  來到這裡的時候
[01:02:27.000 --> 01:02:29.000]  你不知道怎樣反應
[01:02:29.000 --> 01:02:30.000]  聽吧 阿摩斯說
[01:02:30.000 --> 01:02:32.000]  以色列三番四次犯罪
[01:02:32.000 --> 01:02:33.000]  怎樣犯罪
[01:02:33.000 --> 01:02:35.000]  為銀紙賣義人
[01:02:35.000 --> 01:02:38.000]  為一雙鞋賣窮人
[01:02:38.000 --> 01:02:41.000]  他們見窮人頭上蒙的灰
[01:02:41.000 --> 01:02:43.000]  都流口水了
[01:02:43.000 --> 01:02:45.000]  阻礙謙卑人的道路
[01:02:45.000 --> 01:02:48.000]  父子同一個女子行淫竊讀我的聖名
[01:02:48.000 --> 01:02:52.000]  在祭壇旁邊鋪出人左蕩的衣服
[01:02:52.000 --> 01:02:53.000]  躺在上面
[01:02:53.000 --> 01:02:58.000]  在神的殿中喝受罰之人的酒
[01:02:58.000 --> 01:03:03.000]  這本中文神廟的廟字有點過份
[01:03:03.000 --> 01:03:05.000]  這裡不是說他們拜偶像
[01:03:05.000 --> 01:03:08.000]  這裡是說敬拜耶和華神的殿
[01:03:08.000 --> 01:03:11.000]  這一班以色列人
[01:03:11.000 --> 01:03:13.000]  他們犯了什麼罪
[01:03:13.000 --> 01:03:17.000]  以至先知阿摩斯要這樣指責他們
[01:03:17.000 --> 01:03:19.000]  歸根究底
[01:03:19.000 --> 01:03:20.000]  一件事
[01:03:20.000 --> 01:03:25.000]  他們欺負他們當中弱小的人
[01:03:25.000 --> 01:03:26.000]  欺負什麼人
[01:03:26.000 --> 01:03:28.000]  欺負窮人
[01:03:28.000 --> 01:03:30.000]  欺負義人
[01:03:30.000 --> 01:03:32.000]  欺負那些謙卑的人
[01:03:32.000 --> 01:03:34.000]  欺負那些女孩子
[01:03:34.000 --> 01:03:37.000]  欺負那些犯了法的人
[01:03:37.000 --> 01:03:42.000]  名下欺凌弱小
[01:03:42.000 --> 01:03:44.000]  上帝接著說
[01:03:44.000 --> 01:03:45.000]  阿摩斯說
[01:03:45.000 --> 01:03:47.000]  當你們弱小的時候
[01:03:47.000 --> 01:03:48.000]  以色列你記不記得
[01:03:48.000 --> 01:03:50.000]  你們在埃及做奴隸的時候
[01:03:50.000 --> 01:03:52.000]  當你們被人欺負的時候
[01:03:52.000 --> 01:03:53.000]  我怎麼對你們
[01:03:53.000 --> 01:03:56.000]  由第九節到第十一節
[01:03:56.000 --> 01:03:59.000]  上帝一連提了五個行動
[01:03:59.000 --> 01:04:03.000]  上帝當時五個行動都是幫他們的
[01:04:03.000 --> 01:04:06.000]  上帝為他們為以色列人
[01:04:06.000 --> 01:04:08.000]  除滅阿摩利人
[01:04:08.000 --> 01:04:12.000]  上帝將他們從埃及領上來
[01:04:12.000 --> 01:04:14.000]  在曠野引渡他們
[01:04:14.000 --> 01:04:19.000]  將阿摩利人這個迦南地賜給他們為業
[01:04:19.000 --> 01:04:22.000]  又為他們興起神的僕人
[01:04:22.000 --> 01:04:24.000]  來帶領他們
[01:04:24.000 --> 01:04:28.000]  上帝對著他們這群弱小的以色列人
[01:04:28.000 --> 01:04:29.000]  就是幫助他們
[01:04:29.000 --> 01:04:30.000]  輔助他們
[01:04:30.000 --> 01:04:33.000]  現在這群以色列人調過頭來
[01:04:33.000 --> 01:04:35.000]  當他們強壯的時候
[01:04:35.000 --> 01:04:38.000]  他們反而欺負他們當中的弱小的人
[01:04:38.000 --> 01:04:42.000]  以色列所犯的罪
[01:04:42.000 --> 01:04:47.000]  比起剛才所數的那些國家所犯的罪
[01:04:47.000 --> 01:04:50.000]  如出一轍
[01:04:50.000 --> 01:04:53.000]  激烈邊界的居民手無寸鐵
[01:04:53.000 --> 01:04:56.000]  所以被阿蘭的軍兵玩到盡
[01:04:56.000 --> 01:04:58.000]  激烈的孕婦手無寸鐵
[01:04:58.000 --> 01:05:00.000]  所以被阿摩利人去宰他們的肚子
[01:05:00.000 --> 01:05:04.000]  一樣是強的欺負弱的
[01:05:04.000 --> 01:05:06.000]  雖然方式不同
[01:05:06.000 --> 01:05:08.000]  沒那麼血腥
[01:05:08.000 --> 01:05:10.000]  沒有流血的欺負
[01:05:10.000 --> 01:05:13.000]  但性質完全沒有分別
[01:05:13.000 --> 01:05:18.000]  阿摩斯一開始所說的焦點
[01:05:18.000 --> 01:05:22.000]  不是在這些阿蘭、菲利士、推羅、阿滿、摩亞
[01:05:22.000 --> 01:05:23.000]  這些人的身上
[01:05:23.000 --> 01:05:25.000]  是在以色列的身上
[01:05:25.000 --> 01:05:27.000]  你看見這一段
[01:05:27.000 --> 01:05:30.000]  二章第六節到十六節是最長的
[01:05:30.000 --> 01:05:33.000]  上帝數他們的罪行
[01:05:33.000 --> 01:05:34.000]  數得很清楚
[01:05:34.000 --> 01:05:37.000]  解釋為什麼是犯罪
[01:05:37.000 --> 01:05:40.000]  上帝的刑罰也很清楚
[01:05:40.000 --> 01:05:41.000]  地震
[01:05:41.000 --> 01:05:45.000]  他們當中的勇士也不能逃脫
[01:05:45.000 --> 01:05:47.000]  這一場地震
[01:05:47.000 --> 01:05:50.000]  激烈到去到撒加利亞書的時候
[01:05:50.000 --> 01:05:53.000]  隔了很久很久之後
[01:05:53.000 --> 01:05:56.000]  仍然被提出來
[01:05:56.000 --> 01:06:01.000]  就是烏西亞年間那場地震
[01:06:01.000 --> 01:06:02.000]  二百多年之後
[01:06:02.000 --> 01:06:04.000]  在撒加利亞書
[01:06:04.000 --> 01:06:11.000]  如果你想寫下章節十四章第五節
[01:06:11.000 --> 01:06:14.000]  仍然提到這一場的戰爭
[01:06:14.000 --> 01:06:15.000]  上帝生氣了
[01:06:15.000 --> 01:06:17.000]  上帝的選民
[01:06:17.000 --> 01:06:20.000]  不單止和外邦沒有分別
[01:06:20.000 --> 01:06:24.000]  還是吃碗面反碗底
[01:06:24.000 --> 01:06:25.000]  可以這樣說嗎
[01:06:25.000 --> 01:06:28.000]  領受上帝的恩典
[01:06:28.000 --> 01:06:31.000]  反過來正正在這件事上得罪上帝
[01:06:31.000 --> 01:06:35.000]  阿摩斯說上帝不會放過我們
[01:06:35.000 --> 01:06:41.000]  怎麼證明以色列的百姓聽得見呢
[01:06:41.000 --> 01:06:43.000]  這裡沒有說
[01:06:43.000 --> 01:06:45.000]  這裡沒有記載回應
[01:06:45.000 --> 01:06:47.000]  現在我們很流行回應講完
[01:06:47.000 --> 01:06:50.000]  阿摩斯書第二章結尾沒有回應
[01:06:50.000 --> 01:06:53.000]  說我們犯罪得罪上帝
[01:06:53.000 --> 01:06:55.000]  當然不是這樣的回應
[01:06:55.000 --> 01:07:00.000]  試想想你被人提醒的時候
[01:07:00.000 --> 01:07:03.000]  你的反應是怎樣
[01:07:03.000 --> 01:07:06.000]  自慰機能
[01:07:06.000 --> 01:07:08.000]  當然是解釋不是呀
[01:07:08.000 --> 01:07:09.000]  沒有呀
[01:07:09.000 --> 01:07:11.000]  你被人罵的時候
[01:07:11.000 --> 01:07:13.000]  第一句反應是不是呀
[01:07:13.000 --> 01:07:15.000]  不是呀是個保護
[01:07:15.000 --> 01:07:17.000]  總之什麼都賴不認
[01:07:17.000 --> 01:07:20.000]  我們知道以色列聽得到
[01:07:20.000 --> 01:07:22.000]  是因為第三章的開頭
[01:07:22.000 --> 01:07:25.000]  第三章的開頭
[01:07:25.000 --> 01:07:27.000]  阿摩斯說以色列人
[01:07:27.000 --> 01:07:30.000]  你們全家是我從埃及地領上來的
[01:07:30.000 --> 01:07:34.000]  當聽耀華攻擊你們的說話
[01:07:34.000 --> 01:07:37.000]  沒錯在地上的萬族當中
[01:07:37.000 --> 01:07:39.000]  我只是認識你們
[01:07:39.000 --> 01:07:41.000]  從這一句說話我們可以知道
[01:07:41.000 --> 01:07:45.000]  在阿摩斯講完第二章十六節
[01:07:45.000 --> 01:07:47.000]  開場白之後
[01:07:47.000 --> 01:07:49.000]  百姓有反應
[01:07:49.000 --> 01:07:51.000]  你有沒有搞錯阿摩斯
[01:07:51.000 --> 01:07:53.000]  你知不知道你忘記了我們的身份
[01:07:53.000 --> 01:07:56.000]  我們是神的選民
[01:07:56.000 --> 01:07:59.000]  今天我們也懂得問這些舊約難題
[01:07:59.000 --> 01:08:00.000]  為什麼上帝這麼偏心
[01:08:00.000 --> 01:08:03.000]  選擇以色列人而不選擇我們中國人
[01:08:03.000 --> 01:08:05.000]  問這個問題背後的假設就是
[01:08:05.000 --> 01:08:08.000]  上帝選擇以色列人就全部疼愛他們
[01:08:08.000 --> 01:08:09.000]  對不對
[01:08:09.000 --> 01:08:11.000]  不然你不用這樣問
[01:08:11.000 --> 01:08:13.000]  因為上帝偏袒他們
[01:08:13.000 --> 01:08:15.000]  所以上帝選擇他們做選民
[01:08:15.000 --> 01:08:17.000]  以色列人自己也是這樣想的
[01:08:17.000 --> 01:08:19.000]  阿摩斯你搞錯了
[01:08:19.000 --> 01:08:20.000]  我們是上帝的選民
[01:08:20.000 --> 01:08:22.000]  地上萬族當中
[01:08:22.000 --> 01:08:24.000]  上帝只是認識我們
[01:08:24.000 --> 01:08:26.000]  上帝會這樣對我們
[01:08:26.000 --> 01:08:27.000]  不是
[01:08:27.000 --> 01:08:28.000]  上帝幫我們
[01:08:28.000 --> 01:08:30.000]  隻眼開隻眼閉幫我們
[01:08:30.000 --> 01:08:32.000]  人家上帝就會認罰
[01:08:32.000 --> 01:08:33.000]  你的信息搞錯了
[01:08:33.000 --> 01:08:35.000]  阿摩斯說我沒有搞錯
[01:08:35.000 --> 01:08:36.000]  沒錯
[01:08:36.000 --> 01:08:37.000]  在地上萬族中
[01:08:37.000 --> 01:08:40.000]  我只是認識你們
[01:08:40.000 --> 01:08:42.000]  後果呢
[01:08:42.000 --> 01:08:43.000]  因和果
[01:08:43.000 --> 01:08:48.000]  因此我必追討你們的一切罪孽
[01:08:48.000 --> 01:08:51.000]  揀選的意思
[01:08:51.000 --> 01:08:53.000]  不是一個特權
[01:08:53.000 --> 01:08:55.000]  不是上帝偏心
[01:08:55.000 --> 01:08:57.000]  明明你錯都說你對
[01:08:57.000 --> 01:08:59.000]  這是人的揀選
[01:08:59.000 --> 01:09:01.000]  神的揀選
[01:09:01.000 --> 01:09:03.000]  因為你是選民
[01:09:03.000 --> 01:09:05.000]  罰雙倍
[01:09:05.000 --> 01:09:07.000]  你聽過班長罰雙倍這句話嗎
[01:09:07.000 --> 01:09:09.000]  你做老師你明白的
[01:09:09.000 --> 01:09:11.000]  你做學生都明白的
[01:09:11.000 --> 01:09:13.000]  人家聊天就罰這麼多
[01:09:13.000 --> 01:09:15.000]  你是班長
[01:09:15.000 --> 01:09:17.000]  罰雙倍
[01:09:17.000 --> 01:09:19.000]  選民是班長
[01:09:19.000 --> 01:09:21.000]  不是一個特權
[01:09:21.000 --> 01:09:23.000]  而是一個責任
[01:09:23.000 --> 01:09:25.000]  上帝說沒錯我選了你做班長
[01:09:25.000 --> 01:09:27.000]  所以我罰你雙倍
[01:09:27.000 --> 01:09:29.000]  這些罪行在別人的國家裏面
[01:09:29.000 --> 01:09:31.000]  我可以隻眼開隻眼閉
[01:09:31.000 --> 01:09:33.000]  對你不行
[01:09:33.000 --> 01:09:35.000]  因為你是選民
[01:09:35.000 --> 01:09:37.000]  你還問不問你的問題
[01:09:37.000 --> 01:09:39.000]  上帝為什麼你選以色列不選我們中國
[01:09:39.000 --> 01:09:41.000]  你感謝上帝不切
[01:09:41.000 --> 01:09:43.000]  上帝幸好你沒有選我們中國
[01:09:43.000 --> 01:09:47.000]  我們中國民族的災難已經夠深夠重
[01:09:47.000 --> 01:09:49.000]  你看猶太人所受的災難
[01:09:49.000 --> 01:09:51.000]  多深多重
[01:09:51.000 --> 01:09:53.000]  上帝鍛鍊他們
[01:09:53.000 --> 01:09:55.000]  那個嚴格的程度
[01:09:55.000 --> 01:09:57.000]  是比萬民都高
[01:09:57.000 --> 01:09:59.000]  這個是選選的意思
[01:09:59.000 --> 01:10:01.000]  不要搞錯
[01:10:01.000 --> 01:10:03.000]  我們經常搞錯
[01:10:03.000 --> 01:10:05.000]  先入為主
[01:10:05.000 --> 01:10:07.000]  上帝選他們偏心
[01:10:07.000 --> 01:10:09.000]  上帝選班長會偏心
[01:10:09.000 --> 01:10:11.000]  因為只有一個班長
[01:10:11.000 --> 01:10:13.000]  上帝選了中國人
[01:10:13.000 --> 01:10:15.000]  猶太人可以這樣祈禱
[01:10:15.000 --> 01:10:17.000]  為什麼你偏心選中國人不選我們
[01:10:17.000 --> 01:10:19.000]  當你見到班長佛相配的時候
[01:10:19.000 --> 01:10:21.000]  你就很慶幸心中沾沾自喜
[01:10:21.000 --> 01:10:23.000]  幸好我沒有做班長
[01:10:23.000 --> 01:10:25.000]  當然不是這個意思
[01:10:25.000 --> 01:10:27.000]  但是這裡很清楚
[01:10:27.000 --> 01:10:29.000]  三章二節
[01:10:29.000 --> 01:10:31.000]  以色列聽到阿摩斯的訊息
[01:10:31.000 --> 01:10:33.000]  有回應反駁
[01:10:33.000 --> 01:10:35.000]  保護自己
[01:10:35.000 --> 01:10:37.000]  不會的
[01:10:37.000 --> 01:10:39.000]  上帝幫我們上帝選我們的
[01:10:39.000 --> 01:10:41.000]  阿摩斯說沒錯
[01:10:41.000 --> 01:10:43.000]  你說上半句對下半句你搞錯了
[01:10:43.000 --> 01:10:45.000]  上帝選了你
[01:10:45.000 --> 01:10:47.000]  上帝的責任
[01:10:47.000 --> 01:10:49.000]  追究你的罪孽
[01:10:49.000 --> 01:10:51.000]  這個是揀選所帶來的後果
[01:10:51.000 --> 01:10:53.000]  然後
[01:10:53.000 --> 01:10:55.000]  阿摩斯第三章
[01:10:55.000 --> 01:10:57.000]  第三節一路說
[01:10:57.000 --> 01:10:59.000]  二人若不同心豈能同行
[01:10:59.000 --> 01:11:01.000]  獅子若無捉到獵物
[01:11:01.000 --> 01:11:03.000]  又怎會哮叫
[01:11:03.000 --> 01:11:05.000]  因果因果的
[01:11:05.000 --> 01:11:07.000]  我們稱為智慧的真言
[01:11:07.000 --> 01:11:09.000]  還掛得掛
[01:11:09.000 --> 01:11:11.000]  還抖得抖
[01:11:11.000 --> 01:11:13.000]  其實說到最後一句
[01:11:13.000 --> 01:11:15.000]  阿摩斯在解釋
[01:11:15.000 --> 01:11:17.000]  這個訊息
[01:11:17.000 --> 01:11:19.000]  你以為我喜歡說的嗎
[01:11:19.000 --> 01:11:21.000]  如果不是主耶和華
[01:11:21.000 --> 01:11:23.000]  發命令
[01:11:23.000 --> 01:11:25.000]  我不會說的
[01:11:25.000 --> 01:11:27.000]  我不是想說這樣的訊息
[01:11:27.000 --> 01:11:29.000]  我看見的時候
[01:11:29.000 --> 01:11:31.000]  我都不敢相信
[01:11:31.000 --> 01:11:33.000]  我都不敢接受
[01:11:33.000 --> 01:11:35.000]  但正因為訊息這麼重要
[01:11:35.000 --> 01:11:37.000]  訊息這麼重要
[01:11:37.000 --> 01:11:39.000]  在這個危急
[01:11:39.000 --> 01:11:41.000]  存亡的關頭上
[01:11:41.000 --> 01:11:43.000]  我不敢不說
[01:11:43.000 --> 01:11:45.000]  你們不要誤會
[01:11:45.000 --> 01:11:47.000]  我不是針對你們
[01:11:47.000 --> 01:11:49.000]  不是出自我
[01:11:49.000 --> 01:11:51.000]  這個訊息是出自上帝
[01:11:51.000 --> 01:11:53.000]  上帝要我說
[01:11:53.000 --> 01:11:55.000]  我不能不說
[01:11:55.000 --> 01:11:57.000]  所以去到第三章第八節
[01:11:57.000 --> 01:11:59.000]  從第一章第二節
[01:11:59.000 --> 01:12:01.000]  獅子哮叫
[01:12:01.000 --> 01:12:03.000]  現在回到獅子哮叫
[01:12:03.000 --> 01:12:05.000]  又回到起點
[01:12:05.000 --> 01:12:07.000]  阿摩斯這個開場白
[01:12:07.000 --> 01:12:09.000]  的確打開了
[01:12:09.000 --> 01:12:11.000]  以色列
[01:12:11.000 --> 01:12:13.000]  聽眾的耳朵
[01:12:13.000 --> 01:12:15.000]  他們聽見
[01:12:15.000 --> 01:12:17.000]  他們懂得反問
[01:12:17.000 --> 01:12:19.000]  他們懂得反駁
[01:12:19.000 --> 01:12:21.000]  有時候講完道之後
[01:12:21.000 --> 01:12:23.000]  最慘的反應就是
[01:12:23.000 --> 01:12:25.000]  每個人都去喝茶
[01:12:25.000 --> 01:12:27.000]  沒有人會計較
[01:12:27.000 --> 01:12:29.000]  你講過什麼
[01:12:29.000 --> 01:12:31.000]  根本已經聽不見
[01:12:31.000 --> 01:12:33.000]  有人出來罵你
[01:12:33.000 --> 01:12:35.000]  不同意你的講法
[01:12:35.000 --> 01:12:37.000]  和你爭論到三更半夜
[01:12:37.000 --> 01:12:39.000]  而且對他有震撼
[01:12:39.000 --> 01:12:41.000]  影響他的看法
[01:12:41.000 --> 01:12:43.000]  他覺得很不舒服
[01:12:43.000 --> 01:12:45.000]  所以他要問問題
[01:12:45.000 --> 01:12:47.000]  有時候講完都寧願這樣
[01:12:47.000 --> 01:12:49.000]  當然最好就是謝謝你
[01:12:49.000 --> 01:12:51.000]  很感謝主
[01:12:51.000 --> 01:12:53.000]  那些是很鼓勵性的
[01:12:53.000 --> 01:12:55.000]  但最慘的就是沒有反應
[01:12:55.000 --> 01:12:57.000]  阿摩斯在這裏
[01:12:57.000 --> 01:12:59.000]  講完他的開場白
[01:12:59.000 --> 01:13:01.000]  很有反應
[01:13:01.000 --> 01:13:05.000]  這個反應維持了多久
[01:13:07.000 --> 01:13:09.000]  阿摩斯書中間的部分
[01:13:09.000 --> 01:13:13.000]  由第三章第九節
[01:13:13.000 --> 01:13:17.000]  到第六章的十四節
[01:13:17.000 --> 01:13:21.000]  這個部分一直以來
[01:13:21.000 --> 01:13:23.000]  舊約的聖經學者
[01:13:23.000 --> 01:13:25.000]  都覺得很雜亂無章
[01:13:25.000 --> 01:13:29.000]  先知書給人的印象是這樣
[01:13:29.000 --> 01:13:31.000]  東港一執
[01:13:31.000 --> 01:13:33.000]  西港一執
[01:13:33.000 --> 01:13:35.000]  都不知道怎麼串在一起
[01:13:35.000 --> 01:13:37.000]  一會兒講一下這個
[01:13:37.000 --> 01:13:39.000]  一會兒講一下那個
[01:13:39.000 --> 01:13:41.000]  由七十年代開始
[01:13:41.000 --> 01:13:43.000]  學者對於
[01:13:43.000 --> 01:13:45.000]  阿摩斯書中間的
[01:13:45.000 --> 01:13:47.000]  這三章聖經
[01:13:47.000 --> 01:13:49.000]  有一個很不同的看法
[01:13:49.000 --> 01:13:51.000]  我現在說三章半聖經
[01:13:51.000 --> 01:13:53.000]  因為由第三章第九節開始
[01:13:53.000 --> 01:13:57.000]  學者在這裏發現到
[01:13:57.000 --> 01:13:59.000]  阿摩斯的信息
[01:13:59.000 --> 01:14:01.000]  我們可以說是一個線形的組合
[01:14:01.000 --> 01:14:03.000]  線就是指一把中國線
[01:14:03.000 --> 01:14:05.000]  才子皆仁
[01:14:05.000 --> 01:14:07.000]  在線上提字
[01:14:07.000 --> 01:14:09.000]  打打開句
[01:14:09.000 --> 01:14:11.000]  線形的意思就是
[01:14:11.000 --> 01:14:13.000]  有一個軸心
[01:14:13.000 --> 01:14:15.000]  向兩邊散開
[01:14:15.000 --> 01:14:17.000]  所以如果你看看
[01:14:17.000 --> 01:14:19.000]  接下來的經文
[01:14:19.000 --> 01:14:21.000]  其實有一個軸心
[01:14:21.000 --> 01:14:23.000]  阿摩斯書中間的部分
[01:14:23.000 --> 01:14:25.000]  那個格式
[01:14:25.000 --> 01:14:27.000]  那個結構是很嚴謹的
[01:14:27.000 --> 01:14:29.000]  它的核心是第五章
[01:14:29.000 --> 01:14:31.000]  第一節到第十七節
[01:14:31.000 --> 01:14:33.000]  在這個核心的部分
[01:14:33.000 --> 01:14:35.000]  向兩旁散開
[01:14:35.000 --> 01:14:37.000]  你看看筆記
[01:14:37.000 --> 01:14:39.000]  可以追回經文
[01:14:39.000 --> 01:14:41.000]  第五章的十八節到二十節
[01:14:41.000 --> 01:14:43.000]  是對照
[01:14:43.000 --> 01:14:45.000]  四章的六節到十三節
[01:14:45.000 --> 01:14:49.000]  第五章的二十一到二十七節
[01:14:49.000 --> 01:14:51.000]  是對照四章四至五節
[01:14:51.000 --> 01:14:53.000]  如此類推
[01:14:53.000 --> 01:14:55.000]  這個線形的組合
[01:14:55.000 --> 01:14:57.000]  如果用字母來表達
[01:14:57.000 --> 01:14:59.000]  ABCDE
[01:14:59.000 --> 01:15:01.000]  反過來
[01:15:01.000 --> 01:15:03.000]  DCBA
[01:15:03.000 --> 01:15:05.000]  這樣的組合
[01:15:05.000 --> 01:15:07.000]  是很精心的安排
[01:15:07.000 --> 01:15:09.000]  到現在我告訴你
[01:15:09.000 --> 01:15:11.000]  阿摩斯不是滿腳牛屎的老粗
[01:15:11.000 --> 01:15:13.000]  你開始應該
[01:15:13.000 --> 01:15:15.000]  會意多很多
[01:15:15.000 --> 01:15:17.000]  它的開場白
[01:15:17.000 --> 01:15:19.000]  搞盡腦汁
[01:15:19.000 --> 01:15:21.000]  中間的部分一樣非常有設計
[01:15:21.000 --> 01:15:25.000]  這個線形組合
[01:15:25.000 --> 01:15:27.000]  不但這三章半的經文是這樣
[01:15:27.000 --> 01:15:29.000]  連核心的部分
[01:15:29.000 --> 01:15:31.000]  第五章
[01:15:31.000 --> 01:15:33.000]  第一到第十七節
[01:15:33.000 --> 01:15:35.000]  裏面有第二重
[01:15:35.000 --> 01:15:37.000]  的線形組合
[01:15:37.000 --> 01:15:39.000]  雙重的線形組合
[01:15:39.000 --> 01:15:41.000]  雙重的線形組合
[01:15:41.000 --> 01:15:43.000]  這些經文不是偶然地串起來
[01:15:43.000 --> 01:15:45.000]  這些經文不是偶然地串起來
[01:15:45.000 --> 01:15:47.000]  線形組合有什麼作用呢
[01:15:47.000 --> 01:15:49.000]  有兩個作用
[01:15:49.000 --> 01:15:51.000]  第一個作用
[01:15:51.000 --> 01:15:53.000]  就是給你一個印象
[01:15:53.000 --> 01:15:55.000]  說了很多東西
[01:15:55.000 --> 01:15:57.000]  到起點
[01:15:57.000 --> 01:15:59.000]  這個已經在第一段是這樣的
[01:15:59.000 --> 01:16:01.000]  獅子叩叫開頭
[01:16:01.000 --> 01:16:03.000]  獅子叩叫結尾
[01:16:03.000 --> 01:16:05.000]  打回原形
[01:16:05.000 --> 01:16:07.000]  我用英文說back to square one
[01:16:07.000 --> 01:16:09.000]  你很辛苦計劃很多東西
[01:16:09.000 --> 01:16:11.000]  想很多東西
[01:16:11.000 --> 01:16:13.000]  結果發現樣樣東西都沒有用
[01:16:13.000 --> 01:16:15.000]  打回原形回到起點
[01:16:15.000 --> 01:16:17.000]  線形組合這三章半的經文
[01:16:17.000 --> 01:16:19.000]  說了很多東西
[01:16:19.000 --> 01:16:21.000]  但結果是什麼
[01:16:21.000 --> 01:16:23.000]  沒用
[01:16:23.000 --> 01:16:25.000]  沒改變到任何的情況
[01:16:25.000 --> 01:16:27.000]  沒改變到任何的情況
[01:16:27.000 --> 01:16:29.000]  所以說這麼多東西是浪費的
[01:16:29.000 --> 01:16:31.000]  是浪費的
[01:16:31.000 --> 01:16:33.000]  是人們聽了但沒有反應的
[01:16:33.000 --> 01:16:35.000]  是人們聽了但沒有反應的
[01:16:35.000 --> 01:16:37.000]  這是線形組合的一個效果
[01:16:37.000 --> 01:16:39.000]  這是線形組合的一個效果
[01:16:39.000 --> 01:16:41.000]  一直去ABCDE
[01:16:41.000 --> 01:16:43.000]  去到很遠
[01:16:43.000 --> 01:16:45.000]  誰知道DCBA回頭
[01:16:45.000 --> 01:16:47.000]  回到原本開始的說
[01:16:47.000 --> 01:16:49.000]  第三章第九節開始說
[01:16:49.000 --> 01:16:51.000]  以色列人建大屋
[01:16:51.000 --> 01:16:53.000]  建很多很漂亮的屋
[01:16:53.000 --> 01:16:55.000]  過冬過夏的房屋
[01:16:55.000 --> 01:16:57.000]  賺很多錢
[01:16:57.000 --> 01:16:59.000]  當然是從他們那種
[01:16:59.000 --> 01:17:01.000]  經營的手法裏
[01:17:01.000 --> 01:17:03.000]  他們賺很多錢
[01:17:03.000 --> 01:17:05.000]  去到第六章結尾的時候
[01:17:05.000 --> 01:17:07.000]  又回到這些屋那裏
[01:17:07.000 --> 01:17:09.000]  這些屋上帝
[01:17:09.000 --> 01:17:11.000]  發了誓要打碎
[01:17:11.000 --> 01:17:13.000]  back to square one
[01:17:13.000 --> 01:17:15.000]  第二個功效
[01:17:15.000 --> 01:17:17.000]  線形的組合
[01:17:17.000 --> 01:17:19.000]  就會將你的注意力
[01:17:19.000 --> 01:17:21.000]  放在核心那裏
[01:17:21.000 --> 01:17:23.000]  就是唯一沒有相對的經文
[01:17:23.000 --> 01:17:25.000]  就是五章一至十七節
[01:17:25.000 --> 01:17:27.000]  就是五章一至十七節
[01:17:27.000 --> 01:17:29.000]  中間那部份
[01:17:29.000 --> 01:17:31.000]  這部份是一首幻歌
[01:17:31.000 --> 01:17:33.000]  這部份是一首幻歌
[01:17:33.000 --> 01:17:35.000]  什麼叫幻歌
[01:17:35.000 --> 01:17:37.000]  去死人哭喪的時候
[01:17:37.000 --> 01:17:39.000]  你唱的歌
[01:17:39.000 --> 01:17:41.000]  今天我們不流行
[01:17:41.000 --> 01:17:43.000]  今天是西方的禮節
[01:17:43.000 --> 01:17:45.000]  去到殯儀館我們很安靜
[01:17:45.000 --> 01:17:47.000]  這個不是東方的禮節
[01:17:47.000 --> 01:17:49.000]  我有一次在外國
[01:17:49.000 --> 01:17:51.000]  撞了板
[01:17:51.000 --> 01:17:53.000]  因為我侍奉的教會在唐人街
[01:17:53.000 --> 01:17:55.000]  所以很多機會去殯儀館
[01:17:55.000 --> 01:17:57.000]  主持非基督徒的喪禮
[01:17:57.000 --> 01:17:59.000]  有一次我去到
[01:17:59.000 --> 01:18:01.000]  發覺喪家
[01:18:01.000 --> 01:18:03.000]  那個事主很淒涼
[01:18:03.000 --> 01:18:05.000]  我唱詩他又哭
[01:18:05.000 --> 01:18:07.000]  我祈禱他又哭
[01:18:07.000 --> 01:18:09.000]  我讀聖經他又哭
[01:18:09.000 --> 01:18:11.000]  我說了那麼久他哭了那麼久
[01:18:11.000 --> 01:18:13.000]  很大聲的
[01:18:13.000 --> 01:18:15.000]  我真的很不忍心
[01:18:15.000 --> 01:18:17.000]  我就安慰他兩句
[01:18:17.000 --> 01:18:19.000]  誰知去到墳場
[01:18:19.000 --> 01:18:21.000]  落葬之後一秒鐘之間
[01:18:21.000 --> 01:18:23.000]  不哭開始說很多話
[01:18:23.000 --> 01:18:25.000]  吩咐他罵那個
[01:18:25.000 --> 01:18:27.000]  吵那個
[01:18:27.000 --> 01:18:29.000]  原來那些哭是禮貌
[01:18:29.000 --> 01:18:31.000]  東方人
[01:18:31.000 --> 01:18:33.000]  很重視這些
[01:18:33.000 --> 01:18:35.000]  哭喪的場合
[01:18:35.000 --> 01:18:37.000]  所以唱一首幻歌
[01:18:37.000 --> 01:18:39.000]  是很合禮貌的
[01:18:39.000 --> 01:18:41.000]  你去到不出聲是沒有情的
[01:18:41.000 --> 01:18:43.000]  你去到要哭
[01:18:43.000 --> 01:18:45.000]  在神堂前面
[01:18:45.000 --> 01:18:47.000]  諸葛亮去吊周瑜的時候
[01:18:47.000 --> 01:18:49.000]  真心也好假意也好
[01:18:49.000 --> 01:18:51.000]  都哭得
[01:18:51.000 --> 01:18:53.000]  東吳的人說
[01:18:53.000 --> 01:18:55.000]  你看看諸葛亮多關心周瑜
[01:18:55.000 --> 01:18:57.000]  這是禮貌
[01:18:57.000 --> 01:18:59.000]  五章一至十七節
[01:18:59.000 --> 01:19:01.000]  是去吊現
[01:19:01.000 --> 01:19:03.000]  以色列的喪禮
[01:19:03.000 --> 01:19:07.000]  這個核心
[01:19:07.000 --> 01:19:09.000]  很特別很突出
[01:19:09.000 --> 01:19:11.000]  什麼以色列死了
[01:19:11.000 --> 01:19:13.000]  怎麼會
[01:19:13.000 --> 01:19:15.000]  正正是太平盛世
[01:19:15.000 --> 01:19:17.000]  正正是
[01:19:17.000 --> 01:19:19.000]  安定繁榮
[01:19:19.000 --> 01:19:21.000]  耶羅幫國界比美所羅門的時候
[01:19:21.000 --> 01:19:23.000]  你說他死了
[01:19:23.000 --> 01:19:25.000]  你出一段
[01:19:25.000 --> 01:19:27.000]  副文出來
[01:19:27.000 --> 01:19:29.000]  你宣佈大家可以來
[01:19:29.000 --> 01:19:31.000]  拜祭以色列
[01:19:31.000 --> 01:19:33.000]  沒可能的
[01:19:33.000 --> 01:19:35.000]  核心很重要
[01:19:35.000 --> 01:19:37.000]  核心傳第一個訊息
[01:19:37.000 --> 01:19:39.000]  以色列死定了
[01:19:39.000 --> 01:19:41.000]  用香港的
[01:19:41.000 --> 01:19:43.000]  術語說死定了
[01:19:43.000 --> 01:19:45.000]  這個沒法翻譯
[01:19:45.000 --> 01:19:47.000]  這是我們香港的俗語
[01:19:47.000 --> 01:19:49.000]  大客
[01:19:49.000 --> 01:19:55.000]  第五章
[01:19:55.000 --> 01:19:57.000]  第五章
[01:19:57.000 --> 01:19:59.000]  在這個幻歌裏面
[01:19:59.000 --> 01:20:01.000]  在這個幻歌裏面
[01:20:01.000 --> 01:20:03.000]  第六節
[01:20:03.000 --> 01:20:05.000]  要尋求耶和華
[01:20:05.000 --> 01:20:07.000]  就必存活
[01:20:07.000 --> 01:20:09.000]  就必存活
[01:20:09.000 --> 01:20:11.000]  你明白
[01:20:11.000 --> 01:20:13.000]  背景就明白
[01:20:13.000 --> 01:20:15.000]  這句說話多重要
[01:20:15.000 --> 01:20:17.000]  你去到
[01:20:17.000 --> 01:20:19.000]  殯儀館
[01:20:19.000 --> 01:20:21.000]  預算是死了
[01:20:21.000 --> 01:20:23.000]  原來還有一線生機
[01:20:23.000 --> 01:20:25.000]  未去到殯儀館
[01:20:25.000 --> 01:20:27.000]  不過是急症室門口
[01:20:27.000 --> 01:20:29.000]  還有一線生機
[01:20:29.000 --> 01:20:31.000]  第十四節
[01:20:31.000 --> 01:20:33.000]  五章第十四節
[01:20:33.000 --> 01:20:35.000]  你們要求善
[01:20:35.000 --> 01:20:37.000]  不要求惡
[01:20:37.000 --> 01:20:39.000]  就必存活
[01:20:39.000 --> 01:20:43.000]  如果你翻譯成就必活下去
[01:20:43.000 --> 01:20:45.000]  就更加清楚
[01:20:45.000 --> 01:20:47.000]  有機會可以活下去
[01:20:47.000 --> 01:20:49.000]  以色列不一定要亡
[01:20:49.000 --> 01:20:51.000]  但你要改變
[01:20:51.000 --> 01:20:53.000]  你要悔改
[01:20:53.000 --> 01:20:55.000]  尋求耶和華
[01:20:55.000 --> 01:20:57.000]  不是在於在不達利獻祭
[01:20:57.000 --> 01:20:59.000]  是要求善不要求惡
[01:20:59.000 --> 01:21:01.000]  十五節
[01:21:01.000 --> 01:21:03.000]  在城門口秉公行義
[01:21:03.000 --> 01:21:05.000]  或者
[01:21:05.000 --> 01:21:07.000]  耶和華萬軍之神
[01:21:07.000 --> 01:21:09.000]  向約瑟的愚民
[01:21:09.000 --> 01:21:11.000]  施恩
[01:21:11.000 --> 01:21:13.000]  這個或者
[01:21:13.000 --> 01:21:15.000]  真是或者得好
[01:21:15.000 --> 01:21:17.000]  還有機會
[01:21:17.000 --> 01:21:19.000]  或者可以
[01:21:19.000 --> 01:21:21.000]  沒有十成的把握
[01:21:21.000 --> 01:21:23.000]  已經去到盡了
[01:21:23.000 --> 01:21:25.000]  表面看不到
[01:21:25.000 --> 01:21:27.000]  耶羅邦安的時期
[01:21:27.000 --> 01:21:29.000]  距離以色列亡國
[01:21:29.000 --> 01:21:31.000]  五十年
[01:21:31.000 --> 01:21:33.000]  五十年很久了
[01:21:33.000 --> 01:21:35.000]  所以我們香港才會得到
[01:21:35.000 --> 01:21:37.000]  一個韻樂
[01:21:37.000 --> 01:21:39.000]  五十年不變
[01:21:39.000 --> 01:21:41.000]  什麼叫五十年不變
[01:21:41.000 --> 01:21:43.000]  你現在怕變的人
[01:21:43.000 --> 01:21:45.000]  到變的時候都不會在
[01:21:45.000 --> 01:21:47.000]  什麼叫五十年不變
[01:21:47.000 --> 01:21:49.000]  你想想五十年之後你在哪
[01:21:49.000 --> 01:21:51.000]  我一定不在
[01:21:51.000 --> 01:21:53.000]  你呢你不要笑
[01:21:53.000 --> 01:21:55.000]  你都未必在
[01:21:55.000 --> 01:21:57.000]  五十年不變很簡單
[01:21:57.000 --> 01:21:59.000]  為什麼新華社說陳方安生
[01:21:59.000 --> 01:22:01.000]  很容易
[01:22:01.000 --> 01:22:03.000]  變的時候你不在
[01:22:03.000 --> 01:22:05.000]  五十年很長
[01:22:05.000 --> 01:22:07.000]  是不是很長很快
[01:22:07.000 --> 01:22:09.000]  你想想五十年前
[01:22:09.000 --> 01:22:11.000]  是什麼日子
[01:22:11.000 --> 01:22:13.000]  1946
[01:22:13.000 --> 01:22:15.000]  大戰剛剛結束
[01:22:15.000 --> 01:22:17.000]  不是很久的事
[01:22:17.000 --> 01:22:19.000]  五十年
[01:22:19.000 --> 01:22:21.000]  對當時的人來說可以醉心悟死一世
[01:22:21.000 --> 01:22:23.000]  對阿摩斯來說
[01:22:23.000 --> 01:22:25.000]  這個是最後悔改的機會
[01:22:25.000 --> 01:22:27.000]  懂不懂悔改
[01:22:27.000 --> 01:22:29.000]  不懂悔改
[01:22:29.000 --> 01:22:31.000]  在阿摩斯書中間這一段
[01:22:31.000 --> 01:22:33.000]  阿摩斯對
[01:22:33.000 --> 01:22:35.000]  不同的人說話
[01:22:35.000 --> 01:22:37.000]  這些人全部沒有反應
[01:22:37.000 --> 01:22:39.000]  對那些商人說話
[01:22:39.000 --> 01:22:41.000]  要求他們不要只顧賺錢
[01:22:41.000 --> 01:22:43.000]  沒有反應
[01:22:43.000 --> 01:22:45.000]  對那些領袖說話
[01:22:45.000 --> 01:22:47.000]  要求他們要小心
[01:22:47.000 --> 01:22:49.000]  上帝的警告
[01:22:49.000 --> 01:22:51.000]  你要為你的百姓憂慮
[01:22:51.000 --> 01:22:53.000]  為國家憂心
[01:22:53.000 --> 01:22:55.000]  沒有反應
[01:22:55.000 --> 01:22:57.000]  阿摩斯
[01:22:57.000 --> 01:22:59.000]  所說的話
[01:22:59.000 --> 01:23:01.000]  特別在五章第一到十七字
[01:23:01.000 --> 01:23:03.000]  中間這一段
[01:23:03.000 --> 01:23:05.000]  如果你用希伯來文去讀的時候
[01:23:05.000 --> 01:23:07.000]  你發覺在中間有幾句說話
[01:23:07.000 --> 01:23:09.000]  讀下去
[01:23:09.000 --> 01:23:11.000]  令你有種
[01:23:11.000 --> 01:23:13.000]  冷冰的感覺
[01:23:13.000 --> 01:23:15.000]  中文很難翻譯出來
[01:23:15.000 --> 01:23:17.000]  所以中文翻譯得很通順
[01:23:17.000 --> 01:23:19.000]  你們怎樣你們怎樣
[01:23:19.000 --> 01:23:21.000]  原文是用了一些
[01:23:21.000 --> 01:23:23.000]  英文文化說
[01:23:23.000 --> 01:23:25.000]  阿摩斯在這裏
[01:23:25.000 --> 01:23:27.000]  很緊張地說
[01:23:27.000 --> 01:23:29.000]  你們要尋求上帝
[01:23:29.000 --> 01:23:31.000]  或者可以活下去
[01:23:31.000 --> 01:23:33.000]  很緊張
[01:23:33.000 --> 01:23:35.000]  他們照常買賣
[01:23:35.000 --> 01:23:37.000]  照常醉生夢死
[01:23:37.000 --> 01:23:39.000]  照常做他們做的事
[01:23:39.000 --> 01:23:41.000]  那兩幅圖畫的對照
[01:23:41.000 --> 01:23:43.000]  令你從心裏面
[01:23:43.000 --> 01:23:45.000]  有種寒意冒上來
[01:23:45.000 --> 01:23:47.000]  一邊是神的僕人
[01:23:47.000 --> 01:23:49.000]  在那裏歇斯底里
[01:23:49.000 --> 01:23:51.000]  在那裏探望
[01:23:51.000 --> 01:23:53.000]  悔改
[01:23:53.000 --> 01:23:55.000]  回頭
[01:23:55.000 --> 01:23:57.000]  一方面照常
[01:23:57.000 --> 01:23:59.000]  照九萬五
[01:23:59.000 --> 01:24:01.000]  什麼改變都沒有
[01:24:01.000 --> 01:24:03.000]  你用希伯來文去讀的時候
[01:24:03.000 --> 01:24:05.000]  你的感受很深
[01:24:05.000 --> 01:24:07.000]  在中間這一部份
[01:24:07.000 --> 01:24:09.000]  不是上帝一出就出重手
[01:24:09.000 --> 01:24:11.000]  不是上帝第一下
[01:24:11.000 --> 01:24:13.000]  就扮下去
[01:24:13.000 --> 01:24:15.000]  打死為止
[01:24:15.000 --> 01:24:17.000]  如果你讀第四章
[01:24:17.000 --> 01:24:19.000]  第四章那裏記載
[01:24:19.000 --> 01:24:21.000]  很多警告
[01:24:21.000 --> 01:24:23.000]  以色列人
[01:24:23.000 --> 01:24:27.000]  一點都沒有領會
[01:24:27.000 --> 01:24:31.000]  在這樣的情況下
[01:24:31.000 --> 01:24:35.000]  上帝的審判終於臨到
[01:24:35.000 --> 01:24:39.000]  連先知都無話可說
[01:24:39.000 --> 01:24:45.000]  阿摩斯不是不想為他的百姓求情
[01:24:45.000 --> 01:24:47.000]  不要誤會阿摩斯
[01:24:47.000 --> 01:24:51.000]  阿摩斯不是幸災樂禍的旁觀者
[01:24:51.000 --> 01:24:55.000]  今天你要做一個先知
[01:24:55.000 --> 01:24:57.000]  我不是要微卜先知
[01:24:57.000 --> 01:24:59.000]  我不是要和弟兄姊妹尖掛算命
[01:24:59.000 --> 01:25:01.000]  恭喜你
[01:25:01.000 --> 01:25:03.000]  我要為上帝做發言人
[01:25:03.000 --> 01:25:05.000]  指責罪惡
[01:25:05.000 --> 01:25:07.000]  小心
[01:25:07.000 --> 01:25:09.000]  你是個旁觀者嗎
[01:25:09.000 --> 01:25:11.000]  你不是個旁觀者
[01:25:11.000 --> 01:25:15.000]  如果你以一個旁觀者幸災樂禍的態度
[01:25:15.000 --> 01:25:19.000]  你沒有資格做上帝的發言人
[01:25:19.000 --> 01:25:21.000]  阿摩斯不是這樣的人
[01:25:21.000 --> 01:25:23.000]  阿摩斯找到沒有理由的時候
[01:25:23.000 --> 01:25:25.000]  還要找個理由出來和人求情
[01:25:25.000 --> 01:25:27.000]  但最後他閉嘴
[01:25:27.000 --> 01:25:29.000]  他試過
[01:25:29.000 --> 01:25:31.000]  他看到那個反應
[01:25:31.000 --> 01:25:35.000]  他知道上帝做得有道理
[01:25:35.000 --> 01:25:39.000]  上帝不是一開始就喊打喊殺
[01:25:39.000 --> 01:25:43.000]  上帝先派他的僕人來警告
[01:25:43.000 --> 01:25:45.000]  警告警告
[01:25:45.000 --> 01:25:48.000]  用很多災禍警告再警告
[01:25:48.000 --> 01:25:50.000]  提到他們聽得明白
[01:25:50.000 --> 01:25:52.000]  沒有反應
[01:25:52.000 --> 01:25:54.000]  抵不抵打
[01:25:54.000 --> 01:25:56.000]  沒有聲音
[01:25:56.000 --> 01:25:58.000]  所以你讀阿摩斯書的時候
[01:25:58.000 --> 01:26:00.000]  你會發覺他的結構很重要
[01:26:00.000 --> 01:26:04.000]  他指出以色列人
[01:26:04.000 --> 01:26:10.000]  在他們那種繁榮安定的當中
[01:26:10.000 --> 01:26:15.000]  他們以什麼為最重要呢?
[01:26:15.000 --> 01:26:19.000]  在第八章
[01:26:19.000 --> 01:26:24.000]  第四節到第六節
[01:26:24.000 --> 01:26:28.000]  這是最後一段的指責
[01:26:28.000 --> 01:26:30.000]  我讀給你聽
[01:26:30.000 --> 01:26:33.000]  你們這些要吞吃窮乏人
[01:26:33.000 --> 01:26:35.000]  使困苦人衰敗的
[01:26:35.000 --> 01:26:37.000]  當聽我的話
[01:26:37.000 --> 01:26:40.000]  留心我上文下理
[01:26:40.000 --> 01:26:42.000]  阿摩斯看到那些異象
[01:26:42.000 --> 01:26:44.000]  已經看到夏天的果子
[01:26:44.000 --> 01:26:46.000]  結局已經來了
[01:26:46.000 --> 01:26:48.000]  阿摩斯不甘心
[01:26:48.000 --> 01:26:51.000]  再聽最後一次
[01:26:51.000 --> 01:26:55.000]  你們說月朔何時過去
[01:26:55.000 --> 01:26:56.000]  我們好賣糧
[01:26:56.000 --> 01:26:58.000]  安息日何時過去
[01:26:58.000 --> 01:27:00.000]  我們好擺開墨紙
[01:27:00.000 --> 01:27:03.000]  賣出用小星斗
[01:27:03.000 --> 01:27:05.000]  收銀用大星紙
[01:27:05.000 --> 01:27:07.000]  用鬼榨的天秤欺凶人
[01:27:07.000 --> 01:27:09.000]  好用銀紙買貧寒人
[01:27:09.000 --> 01:27:11.000]  用一雙鞋換窮乏人
[01:27:11.000 --> 01:27:15.000]  將壞料的墨紙賣給人
[01:27:15.000 --> 01:27:17.000]  首先要澄清
[01:27:17.000 --> 01:27:19.000]  不是將壞料的墨紙賣給人
[01:27:19.000 --> 01:27:21.000]  這裡的翻譯
[01:27:21.000 --> 01:27:23.000]  令你對那些以色列人
[01:27:23.000 --> 01:27:25.000]  有些很壞的印象
[01:27:25.000 --> 01:27:28.000]  這節聖經我會譯為
[01:27:28.000 --> 01:27:31.000]  將墨康賣給人
[01:27:31.000 --> 01:27:35.000]  墨康是沒用的東西
[01:27:35.000 --> 01:27:37.000]  把墨打掉
[01:27:37.000 --> 01:27:39.000]  剩下的康
[01:27:39.000 --> 01:27:41.000]  他們也有辦法賣
[01:27:41.000 --> 01:27:42.000]  有人肯賣
[01:27:42.000 --> 01:27:44.000]  多厲害做生意
[01:27:44.000 --> 01:27:46.000]  跟我們中國人沒分上下
[01:27:46.000 --> 01:27:49.000]  早期我們去到外國
[01:27:49.000 --> 01:27:51.000]  買些魚頭
[01:27:51.000 --> 01:27:52.000]  買些內臟
[01:27:52.000 --> 01:27:53.000]  買些雞腳
[01:27:53.000 --> 01:27:54.000]  不用錢的
[01:27:54.000 --> 01:27:55.000]  拿就行了
[01:27:55.000 --> 01:27:56.000]  這些都值錢的
[01:27:56.000 --> 01:27:57.000]  賣吧
[01:27:57.000 --> 01:27:59.000]  很會做生意
[01:27:59.000 --> 01:28:02.000]  第二除了鬼咋的天平
[01:28:02.000 --> 01:28:03.000]  這句話之外
[01:28:03.000 --> 01:28:06.000]  其餘所有的都合法的
[01:28:06.000 --> 01:28:09.000]  第一他們不是在安息日做買賣
[01:28:09.000 --> 01:28:13.000]  他們說安息日幾時過去
[01:28:13.000 --> 01:28:15.000]  他們做禮拜的
[01:28:15.000 --> 01:28:18.000]  他們十一點到十二點半坐在那裡
[01:28:18.000 --> 01:28:19.000]  不過十二點三十一分
[01:28:19.000 --> 01:28:21.000]  他就開始望標了
[01:28:21.000 --> 01:28:23.000]  崇拜幾時過去
[01:28:23.000 --> 01:28:25.000]  我就開鋪了
[01:28:25.000 --> 01:28:26.000]  是一個這樣的心情
[01:28:26.000 --> 01:28:27.000]  他沒有做錯事的
[01:28:27.000 --> 01:28:30.000]  安息日他從頭到尾坐在那裡
[01:28:30.000 --> 01:28:32.000]  他心裡在想什麼呢
[01:28:32.000 --> 01:28:36.000]  然後用銀紙買貧寒人
[01:28:36.000 --> 01:28:39.000]  用一雙鞋換窮乏人
[01:28:39.000 --> 01:28:42.000]  這裡的說法跟二章的說法很不同
[01:28:42.000 --> 01:28:44.000]  二章說什麼呢
[01:28:44.000 --> 01:28:49.000]  就說他們因為銀紙就賣二人
[01:28:49.000 --> 01:28:52.000]  因為一雙鞋就賣窮人
[01:28:52.000 --> 01:28:53.000]  這裡說買
[01:28:53.000 --> 01:28:54.000]  那裡說賣
[01:28:54.000 --> 01:28:55.000]  前後呼應的
[01:28:55.000 --> 01:28:57.000]  賣的意思很清楚
[01:28:57.000 --> 01:29:00.000]  他欠你一點點錢還不起
[01:29:00.000 --> 01:29:01.000]  你不肯過他
[01:29:01.000 --> 01:29:02.000]  你賣了他
[01:29:02.000 --> 01:29:04.000]  對的合法的
[01:29:04.000 --> 01:29:06.000]  你說一雙鞋這麼小的價值
[01:29:06.000 --> 01:29:08.000]  你就賣了窮乏人
[01:29:08.000 --> 01:29:10.000]  將他賣為奴隸
[01:29:10.000 --> 01:29:11.000]  你很狠心
[01:29:11.000 --> 01:29:14.000]  第八章這裡說不是你去賣
[01:29:14.000 --> 01:29:16.000]  是你去撿平價貨
[01:29:16.000 --> 01:29:18.000]  你來買
[01:29:18.000 --> 01:29:20.000]  女人家有便宜的
[01:29:20.000 --> 01:29:23.000]  一雙鞋就可以買到奴隸回來
[01:29:23.000 --> 01:29:25.000]  你買不買
[01:29:25.000 --> 01:29:26.000]  我沒有犯法
[01:29:26.000 --> 01:29:27.000]  不是我去賣
[01:29:27.000 --> 01:29:28.000]  不是我狠心
[01:29:28.000 --> 01:29:31.000]  事實是有個人要買他
[01:29:31.000 --> 01:29:33.000]  我撿到寶
[01:29:33.000 --> 01:29:36.000]  我們教會買到很便宜的單位
[01:29:36.000 --> 01:29:37.000]  你買不買
[01:29:37.000 --> 01:29:39.000]  你不買人家都去買
[01:29:39.000 --> 01:29:40.000]  你買不買
[01:29:40.000 --> 01:29:46.000]  第八章說經濟的考慮永遠行先
[01:29:46.000 --> 01:29:50.000]  這個社會跟香港沒什麼分別
[01:29:50.000 --> 01:29:54.000]  為了安定繁榮
[01:29:54.000 --> 01:29:57.000]  所有的價值可以放在一邊
[01:29:57.000 --> 01:30:01.000]  只要商業活動繼續下去
[01:30:01.000 --> 01:30:02.000]  做好的生意
[01:30:02.000 --> 01:30:03.000]  精明的生意
[01:30:03.000 --> 01:30:06.000]  就是我們香港能夠繁榮的基礎
[01:30:06.000 --> 01:30:08.000]  香港是一個轉口港
[01:30:08.000 --> 01:30:10.000]  用便宜的價錢買進來
[01:30:10.000 --> 01:30:12.000]  用貴的價錢賣出去
[01:30:12.000 --> 01:30:16.000]  中間那一部分就是香港人所賺到應得的利益
[01:30:16.000 --> 01:30:18.000]  摩斯書怎麼說
[01:30:18.000 --> 01:30:22.000]  摩斯書在第八章
[01:30:22.000 --> 01:30:25.000]  在這一書第七節說
[01:30:25.000 --> 01:30:29.000]  耶和華指著雅各的榮耀起誓說
[01:30:29.000 --> 01:30:31.000]  他們的一切行為
[01:30:31.000 --> 01:30:35.000]  我便永遠不忘
[01:30:35.000 --> 01:30:40.000]  他們怎麼得罪上帝
[01:30:40.000 --> 01:30:43.000]  不是他們十分一奉獻不夠
[01:30:43.000 --> 01:30:45.000]  不是他們獻祭不夠
[01:30:45.000 --> 01:30:49.000]  是他們平日的生活
[01:30:49.000 --> 01:30:52.000]  是他們的價值觀念
[01:30:52.000 --> 01:30:54.000]  在這些事情上
[01:30:54.000 --> 01:30:57.000]  上帝咬牙切齒的話
[01:30:57.000 --> 01:30:59.000]  我不會忘記
[01:30:59.000 --> 01:31:00.000]  留心
[01:31:00.000 --> 01:31:04.000]  摩斯不是指責一個不認識神的社會
[01:31:04.000 --> 01:31:06.000]  所以我說香港不是很公道
[01:31:06.000 --> 01:31:08.000]  香港大部分的人不認識上帝
[01:31:08.000 --> 01:31:11.000]  摩斯所指責的是神的子民
[01:31:11.000 --> 01:31:16.000]  如果要用一個對稱的說法
[01:31:16.000 --> 01:31:18.000]  就是今天教會
[01:31:18.000 --> 01:31:20.000]  屬神的兒女
[01:31:20.000 --> 01:31:21.000]  認識神的
[01:31:21.000 --> 01:31:22.000]  有神的誡命
[01:31:22.000 --> 01:31:23.000]  有神的律法
[01:31:23.000 --> 01:31:26.000]  有神的真理的一群人
[01:31:26.000 --> 01:31:29.000]  我們的生活都是這樣的
[01:31:29.000 --> 01:31:32.000]  上帝說我指著雅各的榮耀起誓
[01:31:32.000 --> 01:31:35.000]  他們的行為我不會忘記
[01:31:35.000 --> 01:31:38.000]  在這一連串的指責當中
[01:31:38.000 --> 01:31:41.000]  還有一段是很突出的
[01:31:41.000 --> 01:31:43.000]  或者會引起問題的
[01:31:43.000 --> 01:31:45.000]  不過你們都未曾問過
[01:31:45.000 --> 01:31:47.000]  我講完你應該知道問題在哪裡
[01:31:47.000 --> 01:31:50.000]  就是摩斯對亞馬遮的那番說話
[01:31:50.000 --> 01:31:53.000]  一直以來這些指責都是對著
[01:31:53.000 --> 01:31:55.000]  以色列的領袖
[01:31:55.000 --> 01:31:57.000]  對著那班家主
[01:31:57.000 --> 01:31:59.000]  或者用第六章第一節所說的
[01:31:59.000 --> 01:32:01.000]  國家的領袖們
[01:32:01.000 --> 01:32:04.000]  所說的指責的說話
[01:32:04.000 --> 01:32:06.000]  第七章中間這一段
[01:32:06.000 --> 01:32:09.000]  就特別指責亞馬遮
[01:32:09.000 --> 01:32:11.000]  這個不得理的祭司
[01:32:11.000 --> 01:32:13.000]  很多人就說
[01:32:13.000 --> 01:32:14.000]  亞馬遮活該
[01:32:14.000 --> 01:32:15.000]  抓阿摩斯
[01:32:15.000 --> 01:32:16.000]  你看清楚一點
[01:32:16.000 --> 01:32:17.000]  不是的
[01:32:17.000 --> 01:32:19.000]  亞馬遮打發人
[01:32:19.000 --> 01:32:23.000]  去報告給以色列王耶羅邦安聽
[01:32:23.000 --> 01:32:26.000]  他說阿摩斯第七章第十節
[01:32:26.000 --> 01:32:30.000]  在以色列家圖謀背叛你
[01:32:30.000 --> 01:32:32.000]  他說什麼呢?
[01:32:32.000 --> 01:32:34.000]  他說耶羅邦安必被刀殺
[01:32:34.000 --> 01:32:35.000]  以色列民定被擄去
[01:32:35.000 --> 01:32:37.000]  離開本地
[01:32:37.000 --> 01:32:40.000]  他沒砌阿摩斯生豬肉
[01:32:40.000 --> 01:32:41.000]  是不是?
[01:32:41.000 --> 01:32:43.000]  你對上前面第七章第九節
[01:32:43.000 --> 01:32:44.000]  第八節第九節
[01:32:44.000 --> 01:32:47.000]  上帝阿摩斯就說
[01:32:47.000 --> 01:32:49.000]  以撒的休譚要砌糧
[01:32:49.000 --> 01:32:51.000]  以色列的聖所要荒廢
[01:32:51.000 --> 01:32:52.000]  上帝說我要興起
[01:32:52.000 --> 01:32:54.000]  用刀攻擊耶羅邦安的家
[01:32:54.000 --> 01:32:57.000]  亞馬遮這個祭司
[01:32:57.000 --> 01:32:59.000]  聽見阿摩斯不得理地說
[01:32:59.000 --> 01:33:01.000]  他有責任要報告給皇帝聽
[01:33:01.000 --> 01:33:03.000]  他盡責
[01:33:04.000 --> 01:33:06.000]  這個人破壞安定繁榮
[01:33:06.000 --> 01:33:11.000]  傳一些危言聳聽的信息
[01:33:11.000 --> 01:33:13.000]  亞馬遮的心底是怎樣?
[01:33:13.000 --> 01:33:14.000]  讀下去
[01:33:14.000 --> 01:33:15.000]  十二節
[01:33:15.000 --> 01:33:17.000]  亞馬遮又對阿摩斯說
[01:33:17.000 --> 01:33:18.000]  你這仙見
[01:33:18.000 --> 01:33:20.000]  逃往猶大地去吧
[01:33:20.000 --> 01:33:21.000]  在那裡糊口
[01:33:21.000 --> 01:33:22.000]  在那裡說預言
[01:33:22.000 --> 01:33:24.000]  不要再不得理地說預言
[01:33:24.000 --> 01:33:26.000]  因為這裡有王的聖所
[01:33:26.000 --> 01:33:28.000]  有王的宮殿
[01:33:28.000 --> 01:33:32.000]  亞馬遮勸阿摩斯逃走
[01:33:33.000 --> 01:33:36.000]  如果他有心要捉阿摩斯去領功
[01:33:36.000 --> 01:33:37.000]  他已經捉了
[01:33:37.000 --> 01:33:38.000]  他不用勸他逃走
[01:33:38.000 --> 01:33:44.000]  不但要去撒瑪利亞通知耶羅邦安
[01:33:44.000 --> 01:33:47.000]  又等耶羅邦安派兵來捉
[01:33:47.000 --> 01:33:49.000]  阿摩斯前後三天
[01:33:49.000 --> 01:33:51.000]  大概吧
[01:33:51.000 --> 01:33:52.000]  有人偷懶
[01:33:52.000 --> 01:33:53.000]  在這三天內
[01:33:53.000 --> 01:33:55.000]  亞馬遮可以一聲不出
[01:33:55.000 --> 01:34:00.000]  等著救人來就捉阿摩斯
[01:34:00.000 --> 01:34:01.000]  阿摩斯還在那裡指手畫腳
[01:34:01.000 --> 01:34:02.000]  說話的時候
[01:34:02.000 --> 01:34:03.000]  我不用捉住他
[01:34:03.000 --> 01:34:04.000]  很容易的
[01:34:04.000 --> 01:34:05.000]  亞馬遮不是這樣的人
[01:34:05.000 --> 01:34:09.000]  亞馬遮這一邊盡責通知皇帝
[01:34:09.000 --> 01:34:11.000]  這一邊暗中和阿摩斯說
[01:34:11.000 --> 01:34:12.000]  喂!好走了
[01:34:12.000 --> 01:34:15.000]  你不明白這裡的politics
[01:34:15.000 --> 01:34:18.000]  你不明白你得罪了什麼人
[01:34:18.000 --> 01:34:20.000]  這是王的聖所
[01:34:20.000 --> 01:34:22.000]  是王的宮殿
[01:34:22.000 --> 01:34:24.000]  你說的那些是對的
[01:34:24.000 --> 01:34:26.000]  不過離遠一點說吧
[01:34:26.000 --> 01:34:27.000]  回去猶大講
[01:34:27.000 --> 01:34:28.000]  那裡沒問題
[01:34:28.000 --> 01:34:30.000]  那裡不是耶羅邦安的勢力範圍之內
[01:34:31.000 --> 01:34:32.000]  亞馬遮是一片好心的
[01:34:32.000 --> 01:34:34.000]  一片好心
[01:34:34.000 --> 01:34:36.000]  他兩邊做好人
[01:34:36.000 --> 01:34:38.000]  很圓滑
[01:34:38.000 --> 01:34:39.000]  很識做
[01:34:39.000 --> 01:34:41.000]  他不敢得罪皇帝
[01:34:41.000 --> 01:34:42.000]  因為他飯碗
[01:34:42.000 --> 01:34:43.000]  你不要煩班主
[01:34:43.000 --> 01:34:45.000]  他也沒有得罪阿摩斯
[01:34:45.000 --> 01:34:46.000]  他是神的僕人
[01:34:46.000 --> 01:34:48.000]  他勸他
[01:34:48.000 --> 01:34:49.000]  給他機會
[01:34:49.000 --> 01:34:50.000]  三天後
[01:34:50.000 --> 01:34:51.000]  你沒命了
[01:34:51.000 --> 01:34:52.000]  你快點走
[01:34:52.000 --> 01:34:54.000]  如果你這樣了解的話
[01:34:54.000 --> 01:34:55.000]  你就會發覺
[01:34:55.000 --> 01:34:57.000]  為什麼阿摩斯對亞馬遮
[01:34:57.000 --> 01:34:59.000]  說這麼嚴厲的話
[01:35:00.000 --> 01:35:01.000]  十六節
[01:35:01.000 --> 01:35:02.000]  亞馬遮
[01:35:02.000 --> 01:35:04.000]  現在你要聽耶和華的話
[01:35:04.000 --> 01:35:06.000]  你說不要向以色列說預言
[01:35:06.000 --> 01:35:08.000]  所以耶和華如此說
[01:35:08.000 --> 01:35:11.000]  你的妻子在城中要做妓女
[01:35:11.000 --> 01:35:13.000]  你的兒女倒在刀下
[01:35:13.000 --> 01:35:16.000]  你的地有人用繩梁去分
[01:35:16.000 --> 01:35:18.000]  你自己死在污穢的地方
[01:35:18.000 --> 01:35:21.000]  不,是祭司死在污穢的地方
[01:35:21.000 --> 01:35:23.000]  是很殘忍的事
[01:35:23.000 --> 01:35:27.000]  以色列民一定要被擄
[01:35:28.000 --> 01:35:31.000]  我不知道你會不會替亞馬遮不值
[01:35:31.000 --> 01:35:32.000]  一個這麼好的人
[01:35:32.000 --> 01:35:34.000]  這麼面面俱圓的人
[01:35:34.000 --> 01:35:35.000]  這個在今日社會
[01:35:35.000 --> 01:35:37.000]  我們會稱讚他識做
[01:35:37.000 --> 01:35:41.000]  為什麼阿摩斯會像宗教狂熱分子
[01:35:41.000 --> 01:35:43.000]  罵到他這麼絕
[01:35:43.000 --> 01:35:46.000]  如果你這樣讀聖經是對的
[01:35:46.000 --> 01:35:48.000]  你應該問這些問題
[01:35:48.000 --> 01:35:49.000]  你不問這些問題
[01:35:49.000 --> 01:35:50.000]  就是你沒有想事
[01:35:50.000 --> 01:35:51.000]  正如我剛才說
[01:35:51.000 --> 01:35:53.000]  聽完道之後就只顧著喝茶
[01:35:53.000 --> 01:35:55.000]  你問證明你開始有反應
[01:35:56.000 --> 01:35:58.000]  你不問就找不到真理
[01:35:58.000 --> 01:36:00.000]  你問下去就找到真理
[01:36:00.000 --> 01:36:01.000]  有答案的
[01:36:01.000 --> 01:36:05.000]  第一,阿摩斯所說的情況
[01:36:05.000 --> 01:36:09.000]  不是單單針對亞馬遮個人的報仇
[01:36:09.000 --> 01:36:11.000]  其實阿摩斯所說的情況
[01:36:11.000 --> 01:36:12.000]  是一個很現實的圖畫
[01:36:12.000 --> 01:36:15.000]  就是我所說的是真的
[01:36:15.000 --> 01:36:17.000]  以色列這樣下去會亡國
[01:36:17.000 --> 01:36:20.000]  亡國的情況就是
[01:36:20.000 --> 01:36:22.000]  你的太太會被人強姦
[01:36:22.000 --> 01:36:24.000]  你的兒女會被人殺戮
[01:36:24.000 --> 01:36:26.000]  你自己會被流放
[01:36:26.000 --> 01:36:28.000]  放逐到異邦
[01:36:28.000 --> 01:36:31.000]  以色列被擄的情況就是這樣
[01:36:31.000 --> 01:36:34.000]  這幅圖畫太現實了
[01:36:34.000 --> 01:36:37.000]  太現實了
[01:36:37.000 --> 01:36:40.000]  上帝的審判那幅圖畫
[01:36:40.000 --> 01:36:42.000]  有時候我們說得太屬靈了
[01:36:42.000 --> 01:36:46.000]  太沒有人間煙火味了
[01:36:46.000 --> 01:36:50.000]  當先知阿摩斯很現實地
[01:36:50.000 --> 01:36:53.000]  將神的審判說出來的時候
[01:36:53.000 --> 01:36:55.000]  我們受不了
[01:36:55.000 --> 01:36:57.000]  我們覺得他太過份了
[01:36:57.000 --> 01:36:59.000]  屬靈的人不說這些話
[01:36:59.000 --> 01:37:01.000]  這是上帝的審判
[01:37:01.000 --> 01:37:03.000]  以色列亡國的時候
[01:37:03.000 --> 01:37:06.000]  很多個亞馬遮會出現
[01:37:06.000 --> 01:37:09.000]  很多個家庭會像他的家庭那樣
[01:37:09.000 --> 01:37:11.000]  關鍵在這裏
[01:37:11.000 --> 01:37:12.000]  真理在這裏
[01:37:12.000 --> 01:37:14.000]  誰現實呢
[01:37:14.000 --> 01:37:17.000]  亞馬遮認為他很現實
[01:37:17.000 --> 01:37:19.000]  你和我如果同情亞馬遮
[01:37:19.000 --> 01:37:21.000]  我們都是很現實的
[01:37:21.000 --> 01:37:22.000]  我們做基督徒
[01:37:22.000 --> 01:37:24.000]  那些牧師是不現實的
[01:37:24.000 --> 01:37:26.000]  經常說上帝的審判
[01:37:26.000 --> 01:37:28.000]  經常說這麼高深的話
[01:37:28.000 --> 01:37:30.000]  我們要找飯吃的
[01:37:30.000 --> 01:37:32.000]  我們在這個世界上
[01:37:32.000 --> 01:37:34.000]  人在江湖身不由己
[01:37:34.000 --> 01:37:36.000]  我們認為我們很現實
[01:37:36.000 --> 01:37:37.000]  亞馬遮認為他很現實
[01:37:37.000 --> 01:37:38.000]  兩邊都討好
[01:37:38.000 --> 01:37:40.000]  兩邊可以面面俱圓
[01:37:40.000 --> 01:37:42.000]  既不得罪耶羅邦安
[01:37:42.000 --> 01:37:44.000]  也不會開罪神人阿摩斯
[01:37:44.000 --> 01:37:47.000]  其實他一點都不現實
[01:37:47.000 --> 01:37:49.000]  他閉上眼睛
[01:37:49.000 --> 01:37:51.000]  不肯看弱失家的苦難
[01:37:52.000 --> 01:37:55.000]  他不肯面對上帝是真的
[01:37:55.000 --> 01:37:57.000]  上帝這個審判
[01:37:57.000 --> 01:37:58.000]  是一定會臨到的
[01:37:58.000 --> 01:37:59.000]  臨到的時候
[01:37:59.000 --> 01:38:00.000]  那幅圖畫
[01:38:00.000 --> 01:38:01.000]  那個現實
[01:38:01.000 --> 01:38:03.000]  是他不想去面對的
[01:38:03.000 --> 01:38:05.000]  他是那個逃避主義者
[01:38:05.000 --> 01:38:08.000]  阿摩斯才是那個現實
[01:38:08.000 --> 01:38:10.000]  的神的僕人
[01:38:10.000 --> 01:38:12.000]  他看到以色列的社會
[01:38:12.000 --> 01:38:14.000]  這樣下去的結果是甚麼
[01:38:14.000 --> 01:38:16.000]  你得罪上帝
[01:38:16.000 --> 01:38:17.000]  沒有好結果的
[01:38:17.000 --> 01:38:19.000]  你這樣在罪惡當中
[01:38:19.000 --> 01:38:20.000]  繼續下去沒有好結果的
[01:38:20.000 --> 01:38:22.000]  縱容你
[01:38:22.000 --> 01:38:23.000]  任由你
[01:38:23.000 --> 01:38:24.000]  拍拍背脊
[01:38:24.000 --> 01:38:25.000]  貓衣無信獵
[01:38:25.000 --> 01:38:26.000]  我不知道國語怎麼說
[01:38:26.000 --> 01:38:27.000]  貓衣無信獵
[01:38:27.000 --> 01:38:30.000]  就是樣樣東西都相信你的
[01:38:30.000 --> 01:38:32.000]  這樣牧羊教會很興旺的
[01:38:32.000 --> 01:38:34.000]  但這樣是最不現實的
[01:38:34.000 --> 01:38:38.000]  是不肯面對上帝的真實的
[01:38:38.000 --> 01:38:40.000]  你想想
[01:38:40.000 --> 01:38:44.000]  阿瑪喆表面我們很同情他
[01:38:44.000 --> 01:38:46.000]  事實上害死人的是他
[01:38:46.000 --> 01:38:48.000]  不是阿摩斯
[01:38:48.000 --> 01:38:50.000]  平安
[01:38:50.000 --> 01:38:52.000]  他完全沒有平安
[01:38:52.000 --> 01:38:53.000]  假的
[01:38:53.000 --> 01:38:55.000]  這樣的神的僕人
[01:38:55.000 --> 01:38:56.000]  這樣的祭司
[01:38:56.000 --> 01:38:59.000]  你說應不應該受這樣的審判
[01:38:59.000 --> 01:39:02.000]  他不只是連累自己
[01:39:02.000 --> 01:39:04.000]  他是連累全國的人
[01:39:04.000 --> 01:39:06.000]  他作為不得你的祭司
[01:39:06.000 --> 01:39:09.000]  他有責任為全國守望的
[01:39:09.000 --> 01:39:12.000]  他應該起來說阿摩斯這番話的
[01:39:12.000 --> 01:39:13.000]  他不說
[01:39:13.000 --> 01:39:16.000]  他兩邊做好人
[01:39:17.000 --> 01:39:20.000]  這樣做神的僕人法
[01:39:20.000 --> 01:39:22.000]  害死街坊
[01:39:22.000 --> 01:39:25.000]  所以看你站在哪邊
[01:39:25.000 --> 01:39:27.000]  如果你站在阿瑪喆那邊
[01:39:27.000 --> 01:39:31.000]  你就明白問題很多
[01:39:31.000 --> 01:39:33.000]  你沒有反應就無所謂
[01:39:33.000 --> 01:39:34.000]  聖經就是這樣
[01:39:34.000 --> 01:39:36.000]  上帝說話都是咬牙切齒
[01:39:36.000 --> 01:39:38.000]  說話都是這麼絕的
[01:39:38.000 --> 01:39:39.000]  不是的
[01:39:39.000 --> 01:39:41.000]  你看清楚一點
[01:39:41.000 --> 01:39:43.000]  真相是什麼
[01:39:43.000 --> 01:39:44.000]  騙人的
[01:39:44.000 --> 01:39:46.000]  阿摩斯沒有騙人
[01:39:46.000 --> 01:39:48.000]  是阿瑪喆在騙人
[01:39:48.000 --> 01:39:52.000]  一個神的僕人作為大祭司
[01:39:52.000 --> 01:39:54.000]  一國之首
[01:39:54.000 --> 01:39:56.000]  他這樣的做法
[01:39:56.000 --> 01:40:00.000]  你說他應該得到什麼報應
[01:40:00.000 --> 01:40:06.000]  上帝有權去審判
[01:40:06.000 --> 01:40:10.000]  所以最後我們提出
[01:40:10.000 --> 01:40:12.000]  阿摩斯所傳的信息
[01:40:12.000 --> 01:40:18.000]  其實和我們今天有很密切的關係
[01:40:18.000 --> 01:40:20.000]  讓我們從頭說起
[01:40:20.000 --> 01:40:24.000]  第一我們提過揀選的問題
[01:40:24.000 --> 01:40:29.000]  今天你和我是上帝所揀選的
[01:40:29.000 --> 01:40:33.000]  今天的選民不只是猶太人
[01:40:33.000 --> 01:40:35.000]  是教會
[01:40:35.000 --> 01:40:36.000]  你和我
[01:40:36.000 --> 01:40:39.000]  上帝揀選了你和我
[01:40:39.000 --> 01:40:42.000]  我們不要有僥倖的心態
[01:40:42.000 --> 01:40:45.000]  剛好相反
[01:40:45.000 --> 01:40:48.000]  上帝在我們身上
[01:40:48.000 --> 01:40:51.000]  有更高的要求
[01:40:51.000 --> 01:40:53.000]  多給誰
[01:40:53.000 --> 01:40:55.000]  向誰多取
[01:40:55.000 --> 01:40:56.000]  多託誰
[01:40:56.000 --> 01:40:58.000]  向誰多要
[01:40:58.000 --> 01:41:01.000]  作為神的子民
[01:41:01.000 --> 01:41:04.000]  我們在一個不認識神的地方
[01:41:04.000 --> 01:41:06.000]  城市社會
[01:41:06.000 --> 01:41:08.000]  我們的責任是重的
[01:41:08.000 --> 01:41:10.000]  不是輕的
[01:41:10.000 --> 01:41:13.000]  我們不是能夠逃避患難
[01:41:13.000 --> 01:41:15.000]  因為上帝保佑
[01:41:15.000 --> 01:41:18.000]  這是拜偶像的心態
[01:41:18.000 --> 01:41:23.000]  上帝有要求於我們
[01:41:23.000 --> 01:41:25.000]  我們有責任做祂的子民
[01:41:25.000 --> 01:41:27.000]  為祂做見證
[01:41:27.000 --> 01:41:29.000]  我們不做見證
[01:41:29.000 --> 01:41:31.000]  我們和普通人一樣
[01:41:31.000 --> 01:41:32.000]  這樣生活
[01:41:32.000 --> 01:41:34.000]  我們屈往正直
[01:41:34.000 --> 01:41:36.000]  欺凌弱小
[01:41:36.000 --> 01:41:39.000]  我們在這個經濟掛帥的社會裡
[01:41:39.000 --> 01:41:41.000]  一樣是賺錢至上
[01:41:41.000 --> 01:41:44.000]  上帝說我要追究
[01:41:44.000 --> 01:41:47.000]  這個揀選的身份
[01:41:47.000 --> 01:41:51.000]  帶來的是領袖的責任
[01:41:51.000 --> 01:41:54.000]  阿摩斯的信息是針對領袖的
[01:41:54.000 --> 01:41:57.000]  不是針對平民老百姓
[01:41:57.000 --> 01:41:58.000]  事實上
[01:41:58.000 --> 01:42:02.000]  我邀請你去讀其他的先知書
[01:42:02.000 --> 01:42:05.000]  每一卷書都是針對領袖的
[01:42:06.000 --> 01:42:08.000]  不是針對平民老百姓
[01:42:08.000 --> 01:42:10.000]  換句話說
[01:42:10.000 --> 01:42:12.000]  你今天在教會當中
[01:42:12.000 --> 01:42:14.000]  擔起重要的職責
[01:42:14.000 --> 01:42:16.000]  你做信徒的領袖
[01:42:16.000 --> 01:42:18.000]  你做主學的老師
[01:42:18.000 --> 01:42:20.000]  你做團契的導師
[01:42:20.000 --> 01:42:22.000]  你是領袖
[01:42:22.000 --> 01:42:25.000]  領袖有領袖的職責
[01:42:25.000 --> 01:42:28.000]  他不履行他的責任
[01:42:28.000 --> 01:42:29.000]  他不單害自己
[01:42:29.000 --> 01:42:31.000]  他害他周圍的人
[01:42:31.000 --> 01:42:34.000]  所以上帝是特別緊張的
[01:42:34.000 --> 01:42:37.000]  這個領袖的責任
[01:42:37.000 --> 01:42:39.000]  不要疏忽
[01:42:39.000 --> 01:42:40.000]  第三
[01:42:40.000 --> 01:42:44.000]  阿摩斯書的焦點告訴我們
[01:42:44.000 --> 01:42:47.000]  尋求上帝
[01:42:47.000 --> 01:42:50.000]  上帝所關心的不是星期日
[01:42:50.000 --> 01:42:51.000]  我們的活動
[01:42:51.000 --> 01:42:54.000]  是星期一到星期六我們的活動
[01:42:54.000 --> 01:42:56.000]  是我們在這個
[01:42:56.000 --> 01:42:59.000]  這麼現實的世界和社會當中
[01:42:59.000 --> 01:43:00.000]  我們怎樣做人
[01:43:00.000 --> 01:43:02.000]  怎樣上班
[01:43:02.000 --> 01:43:04.000]  怎樣對上司
[01:43:04.000 --> 01:43:05.000]  怎樣對下屬
[01:43:05.000 --> 01:43:08.000]  怎樣對弱過我們的人
[01:43:08.000 --> 01:43:10.000]  如果你家裡請了一個菲傭
[01:43:10.000 --> 01:43:12.000]  你怎樣對菲傭
[01:43:12.000 --> 01:43:14.000]  怎樣對越南船民
[01:43:14.000 --> 01:43:16.000]  怎樣對新移民
[01:43:16.000 --> 01:43:18.000]  怎樣對那些在你手下
[01:43:18.000 --> 01:43:20.000]  可以任你糟蹋
[01:43:20.000 --> 01:43:21.000]  任你魚肉的
[01:43:21.000 --> 01:43:23.000]  你們的下級
[01:43:23.000 --> 01:43:25.000]  這個是上帝關心的
[01:43:25.000 --> 01:43:27.000]  上帝說你被人壓迫的時候
[01:43:27.000 --> 01:43:28.000]  我幫助你
[01:43:28.000 --> 01:43:30.000]  你現在呢
[01:43:30.000 --> 01:43:33.000]  所以上帝不是問你回來教會的時候怎麼樣
[01:43:33.000 --> 01:43:35.000]  不是問你祈禱會在不在
[01:43:35.000 --> 01:43:38.000]  上帝不是關心你有沒有唱詩班
[01:43:38.000 --> 01:43:39.000]  有沒有奉獻
[01:43:39.000 --> 01:43:42.000]  上帝關心的是星期一到星期六
[01:43:42.000 --> 01:43:44.000]  我們的生活
[01:43:44.000 --> 01:43:46.000]  剛才我說過
[01:43:46.000 --> 01:43:48.000]  上帝的審判很現實的
[01:43:48.000 --> 01:43:50.000]  審判不是一件好玩的事情
[01:43:50.000 --> 01:43:52.000]  審判臨到的時候
[01:43:52.000 --> 01:43:54.000]  不是我們想面對的
[01:43:54.000 --> 01:43:56.000]  於是很多時候我們質問上帝
[01:43:56.000 --> 01:43:59.000]  我們經常說舊約聖經很殘忍的
[01:43:59.000 --> 01:44:02.000]  上帝時時都很兇的
[01:44:02.000 --> 01:44:05.000]  要不然我們就說
[01:44:05.000 --> 01:44:08.000]  上帝都沒有資格審判
[01:44:08.000 --> 01:44:11.000]  逢審判必錯的
[01:44:11.000 --> 01:44:12.000]  不行的
[01:44:12.000 --> 01:44:13.000]  我們不可以這樣說的
[01:44:13.000 --> 01:44:16.000]  我們不可以這樣說的
[01:44:16.000 --> 01:44:19.000]  那種說法就是說罪惡就玩完了
[01:44:19.000 --> 01:44:21.000]  什麼事都靠惡的
[01:44:21.000 --> 01:44:23.000]  林子祥一首歌這樣唱的
[01:44:23.000 --> 01:44:24.000]  不是的
[01:44:24.000 --> 01:44:25.000]  這個世界不是靠惡的
[01:44:25.000 --> 01:44:27.000]  不是靠勢力的
[01:44:27.000 --> 01:44:30.000]  是有公道有主宰的
[01:44:30.000 --> 01:44:32.000]  有一位主要審判
[01:44:32.000 --> 01:44:34.000]  是上帝有資格審判
[01:44:34.000 --> 01:44:35.000]  為什麼呢
[01:44:35.000 --> 01:44:37.000]  阿伯拉罕說得好
[01:44:37.000 --> 01:44:40.000]  審判全地的主是一定施行公義的
[01:44:40.000 --> 01:44:43.000]  其實那段聖經根本不是說公義
[01:44:43.000 --> 01:44:44.000]  是說慈愛
[01:44:44.000 --> 01:44:47.000]  因為阿伯拉罕不斷叫上帝放水
[01:44:47.000 --> 01:44:49.000]  五十個義人減到十個義人
[01:44:49.000 --> 01:44:50.000]  上帝都說OK
[01:44:50.000 --> 01:44:51.000]  儘管有沒有
[01:44:51.000 --> 01:44:52.000]  沒有
[01:44:52.000 --> 01:44:55.000]  結果到了天火焚成的時候
[01:44:55.000 --> 01:44:58.000]  僅有的四個義人
[01:44:58.000 --> 01:45:00.000]  上帝一樣救他們
[01:45:00.000 --> 01:45:04.000]  絕沒有冤枉到正直的人
[01:45:04.000 --> 01:45:05.000]  公義的
[01:45:05.000 --> 01:45:09.000]  公義的上帝施行審判的時候
[01:45:09.000 --> 01:45:11.000]  是對的
[01:45:11.000 --> 01:45:13.000]  我們不要忽略這件事
[01:45:13.000 --> 01:45:16.000]  我有時覺得我們很多時候
[01:45:16.000 --> 01:45:19.000]  好像干涉上帝
[01:45:19.000 --> 01:45:21.000]  等於有時我們聽見
[01:45:21.000 --> 01:45:23.000]  隔壁左右打個細蚊仔
[01:45:23.000 --> 01:45:27.000]  你走過去勸父母不要打他
[01:45:27.000 --> 01:45:29.000]  你先弄清楚這個父母是否愛細蚊仔
[01:45:29.000 --> 01:45:31.000]  他是虐待還是管教
[01:45:31.000 --> 01:45:33.000]  是很不同的
[01:45:33.000 --> 01:45:36.000]  上帝管教的時候
[01:45:36.000 --> 01:45:37.000]  審判臨到
[01:45:37.000 --> 01:45:38.000]  他有權這樣做
[01:45:38.000 --> 01:45:40.000]  他是公正的這樣做
[01:45:40.000 --> 01:45:41.000]  他這樣做的時候
[01:45:41.000 --> 01:45:44.000]  趙阿摩斯書第四章
[01:45:44.000 --> 01:45:46.000]  我們很熟悉的一節聖經
[01:45:46.000 --> 01:45:48.000]  十二十三節
[01:45:48.000 --> 01:45:49.000]  那裡怎麼說
[01:45:49.000 --> 01:45:52.000]  以色列我必向你如此行
[01:45:52.000 --> 01:45:54.000]  以色列我必這樣行
[01:45:54.000 --> 01:45:57.000]  你當預備迎見你的神
[01:45:57.000 --> 01:45:59.000]  你當預備迎見你的神
[01:45:59.000 --> 01:46:01.000]  是我們經常開下令會的主題
[01:46:01.000 --> 01:46:03.000]  這裡說審判
[01:46:03.000 --> 01:46:05.000]  我要向你這樣行
[01:46:05.000 --> 01:46:07.000]  這裡說審判
[01:46:07.000 --> 01:46:08.000]  你要預備好
[01:46:08.000 --> 01:46:09.000]  怎麼預備
[01:46:09.000 --> 01:46:10.000]  第十三節
[01:46:10.000 --> 01:46:13.000]  那創山造峰將心意指示人
[01:46:13.000 --> 01:46:15.000]  使神光變為幽暗
[01:46:15.000 --> 01:46:17.000]  腳踏在地之高處
[01:46:17.000 --> 01:46:21.000]  的他的名是耶和華萬鈞之神
[01:46:21.000 --> 01:46:24.000]  這裡是讚美上帝
[01:46:24.000 --> 01:46:30.000]  阿干在艾城偷了當滅之物
[01:46:30.000 --> 01:46:35.000]  被約書亞姚簽抽了出來之後
[01:46:35.000 --> 01:46:36.000]  約書亞跟他說
[01:46:36.000 --> 01:46:39.000]  你要歸榮耀給上帝
[01:46:39.000 --> 01:46:41.000]  要不就不讀聖經
[01:46:41.000 --> 01:46:42.000]  讀到這裡一定不明白
[01:46:42.000 --> 01:46:43.000]  為什麼
[01:46:43.000 --> 01:46:45.000]  審判為什麼要將榮耀歸給上帝
[01:46:45.000 --> 01:46:47.000]  當然要
[01:46:47.000 --> 01:46:50.000]  因為上帝是主持天地之間
[01:46:50.000 --> 01:46:53.000]  公道的上帝
[01:46:53.000 --> 01:46:56.000]  我們看包青天的劇集
[01:46:56.000 --> 01:46:58.000]  為什麼這麼大塊人心
[01:46:58.000 --> 01:47:02.000]  弱質女子哭倒在包公面前
[01:47:02.000 --> 01:47:05.000]  還小女子一個公道
[01:47:05.000 --> 01:47:08.000]  天地有沒有公道
[01:47:08.000 --> 01:47:09.000]  有
[01:47:09.000 --> 01:47:12.000]  上帝是主持公道的上帝
[01:47:12.000 --> 01:47:14.000]  上帝要審判的時候
[01:47:14.000 --> 01:47:17.000]  是公道彰顯的時候
[01:47:17.000 --> 01:47:19.000]  你要將榮耀歸給上帝
[01:47:19.000 --> 01:47:22.000]  我們不習慣這樣
[01:47:22.000 --> 01:47:24.000]  所以我們的詩集裏
[01:47:24.000 --> 01:47:27.000]  我們歌頌上帝是歌頌祂的慈愛
[01:47:27.000 --> 01:47:29.000]  我要唱耶和華的慈愛
[01:47:29.000 --> 01:47:30.000]  到永遠到永遠
[01:47:30.000 --> 01:47:33.000]  我要唱我要唱耶和華的慈愛
[01:47:33.000 --> 01:47:35.000]  我抄遍這麼多本詩
[01:47:35.000 --> 01:47:37.000]  我抄不到有一首
[01:47:37.000 --> 01:47:40.000]  是我要唱耶和華的審判
[01:47:40.000 --> 01:47:43.000]  我要歌頌祂的認罰
[01:47:43.000 --> 01:47:44.000]  哎呀
[01:47:44.000 --> 01:47:46.000]  這樣很慘
[01:47:46.000 --> 01:47:48.000]  先入為主
[01:47:48.000 --> 01:47:51.000]  我們經常以為上帝的刑罰
[01:47:51.000 --> 01:47:52.000]  上帝的審判
[01:47:52.000 --> 01:47:54.000]  是打我們落十八層地獄
[01:47:54.000 --> 01:47:56.000]  其實不是
[01:47:56.000 --> 01:47:58.000]  你讀亞摩斯書的結束
[01:47:58.000 --> 01:48:02.000]  九章十一到十五節
[01:48:02.000 --> 01:48:06.000]  上帝的審判是為了復興以色列
[01:48:06.000 --> 01:48:10.000]  上帝的刑罰是為了練正他們的罪惡
[01:48:10.000 --> 01:48:14.000]  這個罪惡不是他自己能夠處理的
[01:48:14.000 --> 01:48:20.000]  是上帝動手
[01:48:20.000 --> 01:48:22.000]  有一個童話故事
[01:48:22.000 --> 01:48:24.000]  是英國一位基督徒文學家
[01:48:24.000 --> 01:48:26.000]  C.S.Lewis所寫的
[01:48:26.000 --> 01:48:28.000]  那裡亞的七個故事集
[01:48:28.000 --> 01:48:30.000]  有機會你都可以看看
[01:48:30.000 --> 01:48:33.000]  很好的聖經的神學的預導故事
[01:48:33.000 --> 01:48:35.000]  其中有一段講到一個小孩子
[01:48:35.000 --> 01:48:36.000]  變了一條恐龍
[01:48:36.000 --> 01:48:38.000]  所以童話故事就是這樣
[01:48:38.000 --> 01:48:40.000]  小孩子在現實世界不會變成恐龍
[01:48:40.000 --> 01:48:41.000]  是神話故事
[01:48:41.000 --> 01:48:43.000]  童話故事裏面會
[01:48:43.000 --> 01:48:45.000]  於是他很不開心
[01:48:45.000 --> 01:48:49.000]  代表耶穌基督的獅子出現
[01:48:49.000 --> 01:48:51.000]  阿斯蘭跟他說
[01:48:51.000 --> 01:48:53.000]  你自己刮一層皮出來
[01:48:53.000 --> 01:48:55.000]  你刮掉一層皮
[01:48:55.000 --> 01:48:57.000]  你就可以變回小孩子
[01:48:57.000 --> 01:48:59.000]  那隻恐龍盡力刮自己
[01:48:59.000 --> 01:49:01.000]  刮完一層又一層
[01:49:01.000 --> 01:49:03.000]  那些腥臭的恐龍皮
[01:49:03.000 --> 01:49:04.000]  和那些鱗的甲
[01:49:04.000 --> 01:49:06.000]  刮完之後仍然是隻恐龍
[01:49:06.000 --> 01:49:08.000]  那隻獅子說你不行了
[01:49:08.000 --> 01:49:10.000]  讓我來吧
[01:49:10.000 --> 01:49:12.000]  鋒利的獅爪
[01:49:12.000 --> 01:49:14.000]  刮進去恐龍的皮肉
[01:49:14.000 --> 01:49:16.000]  痛到他不得了
[01:49:16.000 --> 01:49:21.000]  刮完之後又重又腥又髒
[01:49:21.000 --> 01:49:24.000]  又骯髒的一層厚厚的皮出來
[01:49:24.000 --> 01:49:26.000]  這條恐龍跳進水裏面
[01:49:26.000 --> 01:49:29.000]  洗完上來變回小孩子
[01:49:29.000 --> 01:49:31.000]  這裏不是講童話故事
[01:49:31.000 --> 01:49:33.000]  是講成性是甚麼
[01:49:33.000 --> 01:49:35.000]  上帝的管教
[01:49:35.000 --> 01:49:37.000]  上帝的審判
[01:49:37.000 --> 01:49:39.000]  不是要害我們
[01:49:39.000 --> 01:49:41.000]  所以應該歸榮耀給上帝
[01:49:41.000 --> 01:49:43.000]  約翰加爾文
[01:49:43.000 --> 01:49:45.000]  這位改教運動的神學家
[01:49:45.000 --> 01:49:47.000]  講得好
[01:49:47.000 --> 01:49:49.000]  他說上帝的管教
[01:49:49.000 --> 01:49:51.000]  上帝的審判有兩種
[01:49:51.000 --> 01:49:52.000]  看對甚麼人
[01:49:52.000 --> 01:49:54.000]  對那些不信服他的人
[01:49:54.000 --> 01:49:55.000]  抗拒他的人
[01:49:55.000 --> 01:49:57.000]  這個審判是定罪的
[01:49:57.000 --> 01:49:59.000]  但對那些信服
[01:49:59.000 --> 01:50:01.000]  懂得悔改的人
[01:50:01.000 --> 01:50:03.000]  這個管教是帶來拯救
[01:50:03.000 --> 01:50:05.000]  帶來復興
[01:50:05.000 --> 01:50:07.000]  帶來新生
[01:50:07.000 --> 01:50:10.000]  以色列經過被擄這個階段
[01:50:10.000 --> 01:50:13.000]  結果他們回到耶路撒冷
[01:50:13.000 --> 01:50:16.000]  重新做神的子民
[01:50:16.000 --> 01:50:18.000]  摒棄偶像
[01:50:18.000 --> 01:50:21.000]  遵行神的誡命
[01:50:21.000 --> 01:50:25.000]  在一個好像是死亡的刑罰當中
[01:50:25.000 --> 01:50:28.000]  新的以色列誕生
[01:50:28.000 --> 01:50:31.000]  下一課我們就要看這個主題
[01:50:31.000 --> 01:50:33.000]  其實是兩個主題
[01:50:33.000 --> 01:50:36.000]  神的審判和神的拯救
[01:50:36.000 --> 01:50:38.000]  是一件事來的
[01:50:38.000 --> 01:50:41.000]  我們都是先知書
[01:50:41.000 --> 01:50:44.000]  一個很重要的基本訊息
[01:50:44.000 --> 01:50:47.000]  以塞瓦書說這個主題
[01:50:47.000 --> 01:50:49.000]  這個雙重的主題
[01:50:49.000 --> 01:50:51.000]  說得淋漓盡致
[01:50:51.000 --> 01:50:54.000]  阿摩斯書不過是開場白
[01:50:54.000 --> 01:50:55.000]  比較之下
[01:50:55.000 --> 01:50:59.000]  大先知的確有大先知的風範
[01:50:59.000 --> 01:51:02.000]  下一課我們看以塞瓦書
[01:51:08.000 --> 01:51:10.000]  阿摩斯書的主題
[01:51:10.000 --> 01:51:12.000]  是神的拯救
[01:51:12.000 --> 01:51:15.000]  在一個好像是死亡的刑罰當中
[01:51:15.000 --> 01:51:18.000]  新的以色列經過被擄這個階段
[01:51:18.000 --> 01:51:21.000]  結果他們回到耶路撒冷
[01:51:21.000 --> 01:51:24.000]  重新做神的子民
[01:51:24.000 --> 01:51:26.000]  摒棄偶像
[01:51:26.000 --> 01:51:28.000]  遵行神的誡命
[01:51:28.000 --> 01:51:31.000]  在一個好像是死亡的刑罰當中
[01:51:31.000 --> 01:51:34.000]  下一課我們就要看這個主題
[01:51:34.000 --> 01:51:38.000]  說得淋漓盡致
[01:51:38.000 --> 01:51:40.000]  阿摩斯書的主題
[01:51:40.000 --> 01:51:42.000]  是神的拯救
[01:51:42.000 --> 01:51:45.000]  在一個好像是死亡的刑罰當中
