
[00:00:00.000 --> 00:00:07.000]  「因怨情仇论旧约」李思敬博士主讲
[00:00:07.000 --> 00:00:10.320]  第六讲:如何面对上主审判
[00:00:10.320 --> 00:00:12.320]  以塞亚书中南
[00:00:12.320 --> 00:00:17.360]  在这堂课中我们会集中看《以塞亚书》
[00:00:17.360 --> 00:00:19.960]  看《以塞亚书》也是作为
[00:00:19.960 --> 00:00:24.000]  我们通常在旧约圣经称为「先知书」的一个代表
[00:00:24.000 --> 00:00:26.360]  所以我们不仅会看《以塞亚书》
[00:00:26.360 --> 00:00:32.200]  我们还会看这部份旧约的经卷
[00:00:32.200 --> 00:00:35.600]  以及以色列的历史
[00:00:35.600 --> 00:00:39.600]  以至以色列的信仰
[00:00:39.600 --> 00:00:44.400]  如何经历一个更新
[00:00:44.400 --> 00:00:49.000]  或者用我们中国人的说法「脱胎换骨」
[00:00:49.000 --> 00:00:53.520]  用西方神话的说法「火凤凰的再生」
[00:00:53.520 --> 00:00:58.280]  这是与《以塞亚书》有很密切的关系
[00:00:58.280 --> 00:01:00.200]  不过提起《以塞亚书》
[00:01:00.200 --> 00:01:03.360]  大概我们就先要处理一个
[00:01:03.360 --> 00:01:08.440]  都挺重要的问题
[00:01:08.440 --> 00:01:10.640]  就是作者的问题
[00:01:10.640 --> 00:01:13.680]  之所以重要的原因是因为
[00:01:13.680 --> 00:01:16.320]  二十世纪初期
[00:01:16.320 --> 00:01:21.840]  在美国一群信仰保守的学者
[00:01:21.840 --> 00:01:28.000]  曾经以《以塞亚书》作为判决判断
[00:01:28.000 --> 00:01:32.200]  一个人的信仰是否纯正的标准之一
[00:01:32.200 --> 00:01:34.880]  所谓「基要主义」
[00:01:34.880 --> 00:01:38.200]  在北美产生的时候
[00:01:38.200 --> 00:01:43.040]  这个名字是来自一连串的文件
[00:01:43.040 --> 00:01:47.280]  或者当时的宣传小册子
[00:01:47.280 --> 00:01:52.760]  每一篇讨论一个基要信仰的问题
[00:01:52.760 --> 00:01:56.640]  这些小册子现在有合并本的英文
[00:01:56.640 --> 00:01:58.240]  叫做《The Fundamentals》
[00:01:58.240 --> 00:02:00.240]  基要的信仰
[00:02:00.240 --> 00:02:03.640]  其中一个问题就是《以塞亚书》作者的问题
[00:02:03.640 --> 00:02:06.240]  就是说当时如果你不相信
[00:02:06.240 --> 00:02:08.560]  你不接受《以塞亚书》
[00:02:08.560 --> 00:02:12.360]  是耶路撒冷阿摩斯的儿子
[00:02:12.360 --> 00:02:16.840]  以塞亚所写的一章至六十六章
[00:02:16.840 --> 00:02:24.000]  都是在主前犹大南国的先知
[00:02:24.000 --> 00:02:27.960]  他所作的预言
[00:02:27.960 --> 00:02:30.120]  或者他所说的预言
[00:02:30.120 --> 00:02:33.200]  你的信仰就不得纯正了
[00:02:33.200 --> 00:02:36.200]  当时有当时的背景
[00:02:36.200 --> 00:02:39.200]  当时是圣经研究
[00:02:39.200 --> 00:02:44.760]  在十九世纪影响到英语的世界
[00:02:44.760 --> 00:02:51.480]  从德国从欧洲开始研究圣经的方法
[00:02:51.480 --> 00:02:53.760]  特别从历史入手
[00:02:53.760 --> 00:02:56.760]  影响到北美洲正是十九世纪末
[00:02:56.760 --> 00:02:58.760]  二十世纪初期的时候
[00:02:58.760 --> 00:03:00.760]  很多神后院都分裂
[00:03:00.760 --> 00:03:06.080]  很多派系之间的斗争
[00:03:06.080 --> 00:03:09.600]  所以《以塞亚书》被牵入漩涡
[00:03:09.600 --> 00:03:12.920]  都是很难避免的
[00:03:12.920 --> 00:03:14.920]  另外一本书就是《弹尔里书》
[00:03:14.920 --> 00:03:16.920]  如果你不接受
[00:03:16.920 --> 00:03:21.160]  《弹尔里书》是在巴比伦时期所写的
[00:03:21.160 --> 00:03:25.160]  你说它是希腊后期所写的
[00:03:25.160 --> 00:03:27.160]  你的信仰又不是很纯正了
[00:03:27.160 --> 00:03:31.800]  这个争论到今天已经不是那么热烈了
[00:03:31.800 --> 00:03:33.800]  不过还有些余波
[00:03:33.800 --> 00:03:35.800]  还有些尾巴
[00:03:35.800 --> 00:03:41.800]  就是如果我们不接受先知书是预言的话
[00:03:41.800 --> 00:03:43.800]  我们的信仰就不纯正了
[00:03:43.800 --> 00:03:45.800]  这是一个很大的误会
[00:03:45.800 --> 00:03:49.800]  我想过去几堂课我们都尝试澄清
[00:03:49.800 --> 00:03:51.800]  第一在旧约圣经里面
[00:03:51.800 --> 00:03:56.800]  Navi 基本的责任不是讲预言
[00:03:56.800 --> 00:04:00.800]  它是代表上帝发言
[00:04:00.800 --> 00:04:03.800]  我时时说上帝要讲将来的事
[00:04:03.800 --> 00:04:07.800]  作为他的僕人就讲将来的事
[00:04:07.800 --> 00:04:09.800]  上帝要讲过去的事
[00:04:09.800 --> 00:04:11.800]  作为他的发言人
[00:04:11.800 --> 00:04:13.800]  不可以说上帝我喜欢讲将来
[00:04:13.800 --> 00:04:15.800]  将来多些人听
[00:04:15.800 --> 00:04:19.800]  这个做发言人的是没有权选择的
[00:04:19.800 --> 00:04:23.800]  所以不是上帝能不能够预知将来的问题
[00:04:23.800 --> 00:04:25.800]  这个问题太渺小了
[00:04:25.800 --> 00:04:27.800]  上帝之所以是上帝
[00:04:27.800 --> 00:04:29.800]  因为他是未book的先知
[00:04:29.800 --> 00:04:31.800]  我们看得上帝太渺小了
[00:04:31.800 --> 00:04:34.800]  有本英文书叫Your God is Too Small
[00:04:34.800 --> 00:04:36.800]  你的上帝太渺小了
[00:04:36.800 --> 00:04:40.800]  上帝有没有讲到将来的事情
[00:04:40.800 --> 00:04:42.800]  有 当然有
[00:04:42.800 --> 00:04:44.800]  上帝讲将来的事情
[00:04:44.800 --> 00:04:46.800]  是我先讲给你听
[00:04:46.800 --> 00:04:48.800]  到时候你懂得来找我了
[00:04:48.800 --> 00:04:50.800]  是不是这样呢
[00:04:50.800 --> 00:04:54.800]  这个我们要看实际上圣经里面的记载来决定
[00:04:54.800 --> 00:04:58.800]  当我们真的尊重圣经的权威
[00:04:58.800 --> 00:05:01.800]  我们没有先入为主的假设
[00:05:01.800 --> 00:05:06.800]  我们就是以平常心打开圣经来读的时候
[00:05:06.800 --> 00:05:11.800]  我们发觉这十几卷旧约里面的先知书
[00:05:11.800 --> 00:05:16.800]  内容大部分是讲当时的社会
[00:05:16.800 --> 00:05:20.800]  也有涉及到旧恩的历史
[00:05:20.800 --> 00:05:24.800]  也有涉及到将来到哪一天
[00:05:24.800 --> 00:05:27.800]  上一堂我们看阿摩斯书就很清楚了
[00:05:27.800 --> 00:05:30.800]  阿摩斯作为上帝的发言人
[00:05:30.800 --> 00:05:32.800]  不是他选择的
[00:05:32.800 --> 00:05:37.800]  他代表上帝讲他不想讲的东西
[00:05:37.800 --> 00:05:39.800]  他发觉很难讲的
[00:05:39.800 --> 00:05:41.800]  讲出来没有人喜欢听的
[00:05:41.800 --> 00:05:43.800]  和我们今天的想法是相反的
[00:05:43.800 --> 00:05:45.800]  我们一会儿会再提到这个问题
[00:05:45.800 --> 00:05:48.800]  先知不受尊重
[00:05:48.800 --> 00:05:50.800]  他要讲
[00:05:50.800 --> 00:05:52.800]  如果用耶利米的说法
[00:05:52.800 --> 00:05:53.800]  就是如果他不讲
[00:05:53.800 --> 00:05:55.800]  他闭口不言
[00:05:55.800 --> 00:05:57.800]  心里就好像火烧一样
[00:05:57.800 --> 00:05:59.800]  这个上帝的发言人
[00:05:59.800 --> 00:06:01.800]  他没有选择的权利
[00:06:01.800 --> 00:06:05.800]  他讲的是上帝吩咐他讲的
[00:06:05.800 --> 00:06:10.800]  所以我们看回这些书卷的内容
[00:06:10.800 --> 00:06:13.800]  我们发觉预言与否
[00:06:13.800 --> 00:06:18.800]  不是最重要的关键所在
[00:06:18.800 --> 00:06:20.800]  作者的问题
[00:06:20.800 --> 00:06:24.800]  很多时候我们有一个印象
[00:06:24.800 --> 00:06:26.800]  都叫做以赛亚书
[00:06:26.800 --> 00:06:29.800]  还不是以赛亚写的
[00:06:29.800 --> 00:06:34.800]  我们将一些现代的版权观念
[00:06:34.800 --> 00:06:37.800]  搬回古代
[00:06:37.800 --> 00:06:42.800]  所以偶然有些初信或未信的朋友
[00:06:42.800 --> 00:06:47.800]  读到以赛亚书36789
[00:06:47.800 --> 00:06:49.800]  那四张圣经
[00:06:49.800 --> 00:06:51.800]  不知道你记不记得了
[00:06:51.800 --> 00:06:52.800]  可能你都没那么熟
[00:06:52.800 --> 00:06:53.800]  你都没读过
[00:06:53.800 --> 00:06:54.800]  他偶然掀到
[00:06:54.800 --> 00:06:57.800]  列王几下
[00:06:57.800 --> 00:06:59.800]  我没记错
[00:06:59.800 --> 00:07:01.800]  应该是十八章开始
[00:07:01.800 --> 00:07:03.800]  你回去检查一下
[00:07:03.800 --> 00:07:05.800]  关于西那基勒
[00:07:05.800 --> 00:07:09.800]  亚述帝国兵临耶路撒冷城下
[00:07:09.800 --> 00:07:13.800]  然后希西加将战书
[00:07:13.800 --> 00:07:16.800]  带到圣殿祈祷
[00:07:16.800 --> 00:07:19.800]  以赛亚向希西加宣布
[00:07:19.800 --> 00:07:21.800]  请救的信息
[00:07:21.800 --> 00:07:26.800]  神迹地亚述大军一夜之间退去
[00:07:26.800 --> 00:07:28.800]  后来希西加病
[00:07:28.800 --> 00:07:30.800]  很出名的神迹
[00:07:30.800 --> 00:07:35.800]  叫日规向后倒退十度
[00:07:35.800 --> 00:07:37.800]  这一轮的记载
[00:07:37.800 --> 00:07:40.800]  出现在以赛亚书36到39章
[00:07:40.800 --> 00:07:44.800]  又一字不漏地出现在列王几下
[00:07:44.800 --> 00:07:46.800]  我的确曾经被人问过
[00:07:46.800 --> 00:07:50.800]  是谁抄谁
[00:07:50.800 --> 00:07:52.800]  这个问题本身
[00:07:52.800 --> 00:07:54.800]  怎么回答都错了
[00:07:54.800 --> 00:07:56.800]  问题是谁抄谁
[00:07:56.800 --> 00:08:00.800]  抄袭是今天很严重的罪行
[00:08:00.800 --> 00:08:04.800]  如果在大学里抄袭别人的作品
[00:08:04.800 --> 00:08:06.800]  无论你是学生还是教授
[00:08:06.800 --> 00:08:10.800]  这是很严重的学术罪行
[00:08:10.800 --> 00:08:13.800]  今天说知识版权
[00:08:13.800 --> 00:08:17.800]  所以中美贸易战牵扯到版权的问题
[00:08:17.800 --> 00:08:23.800]  抄袭是一个受到唾弃的做法
[00:08:23.800 --> 00:08:26.800]  如果圣经里有抄袭的情况出现
[00:08:26.800 --> 00:08:27.800]  不得了啊
[00:08:27.800 --> 00:08:29.800]  圣经不是圣洁的书卷吗
[00:08:29.800 --> 00:08:32.800]  怎么会出现这些罪行呢
[00:08:32.800 --> 00:08:35.800]  用英文说就很anachronistic
[00:08:35.800 --> 00:08:37.800]  用中文来说
[00:08:37.800 --> 00:08:40.800]  将今天的标准读回头
[00:08:40.800 --> 00:08:43.800]  其实不需要去到以色列
[00:08:43.800 --> 00:08:44.800]  不需要去到圣经
[00:08:44.800 --> 00:08:46.800]  不需要去到古代近东那么遥远
[00:08:46.800 --> 00:08:53.800]  就拿回中国在辛亥革命之前
[00:08:53.800 --> 00:08:57.800]  清朝还是科举制度的时候
[00:08:57.800 --> 00:09:00.800]  那时候不是考中学会考
[00:09:00.800 --> 00:09:02.800]  不是考大学入学试
[00:09:02.800 --> 00:09:04.800]  不是考什么O level A level
[00:09:04.800 --> 00:09:06.800]  那时候是考状元
[00:09:06.800 --> 00:09:09.800]  现在你在电视剧里大概还能看到
[00:09:09.800 --> 00:09:11.800]  三日三夜的躲在一个房间里
[00:09:11.800 --> 00:09:12.800]  很窄的
[00:09:12.800 --> 00:09:13.800]  很小的
[00:09:13.800 --> 00:09:15.800]  坐得下的人就几乎站不起来
[00:09:15.800 --> 00:09:18.800]  考状元的试题
[00:09:18.800 --> 00:09:20.800]  由头到尾不要求
[00:09:20.800 --> 00:09:25.800]  也不准许你发表你个人的意见
[00:09:25.800 --> 00:09:31.800]  如果你用今天西方研究学术的态度
[00:09:31.800 --> 00:09:36.800]  让我坐下来写篇研究孔子翻案的
[00:09:36.800 --> 00:09:40.800]  非常有独特独到的创建的文章
[00:09:40.800 --> 00:09:45.800]  你肥噶 广东话肥噶就是不合格
[00:09:45.800 --> 00:09:51.800]  昔日考科举你是为圣人立言
[00:09:51.800 --> 00:09:56.800]  就是你将你读过的先圣先贤的说话
[00:09:56.800 --> 00:09:58.800]  抄在一大堆
[00:09:58.800 --> 00:10:00.800]  放在你的文章里
[00:10:00.800 --> 00:10:04.800]  抄得最多最好的那个就是状元
[00:10:04.800 --> 00:10:06.800]  没有所谓版权
[00:10:06.800 --> 00:10:09.800]  没有所谓作者的问题
[00:10:09.800 --> 00:10:13.800]  你不抄你作反而不合格
[00:10:13.800 --> 00:10:16.800]  这个是观念的倒转
[00:10:16.800 --> 00:10:20.800]  在一个传统集体的社会里
[00:10:20.800 --> 00:10:25.800]  没有个人独创的空间
[00:10:25.800 --> 00:10:28.800]  在一个很个人的社会里
[00:10:28.800 --> 00:10:34.800]  以个人达出的表现作为衡量成败的准则
[00:10:34.800 --> 00:10:36.800]  是两个完全不同的世界
[00:10:36.800 --> 00:10:39.800]  我们很多时候有意无意之间
[00:10:39.800 --> 00:10:42.800]  是用了今天的标准
[00:10:42.800 --> 00:10:45.800]  来读入古代的社会里
[00:10:45.800 --> 00:10:49.800]  早几堂我们讲过历史的观念
[00:10:49.800 --> 00:10:52.800]  今天的历史真相
[00:10:52.800 --> 00:10:55.800]  这个观念是很重要的
[00:10:55.800 --> 00:10:59.800]  你的摄影机放在什么角度拍摄那件事情
[00:10:59.800 --> 00:11:01.800]  那件事情是没有剪接
[00:11:01.800 --> 00:11:03.800]  就直接播出的
[00:11:03.800 --> 00:11:05.800]  这个是历史真相
[00:11:05.800 --> 00:11:08.800]  古代社会不紧张这件事
[00:11:08.800 --> 00:11:10.800]  紧张的是历史的教训
[00:11:10.800 --> 00:11:12.800]  历史的意义
[00:11:12.800 --> 00:11:14.800]  今天我们讲作者的问题
[00:11:14.800 --> 00:11:17.800]  古代的社会不紧张是谁作的
[00:11:17.800 --> 00:11:23.800]  所以旧约圣经的书卷大部分是匿名的
[00:11:23.800 --> 00:11:26.800]  谁知道创世纪是谁写的
[00:11:26.800 --> 00:11:30.800]  呼音书有说过耶稣说摩西的荆棘篇
[00:11:30.800 --> 00:11:32.800]  是出埃及记来的
[00:11:32.800 --> 00:11:36.800]  上帝在荆棘向摩西显现
[00:11:36.800 --> 00:11:40.800]  从来没有任何地方告诉我们
[00:11:40.800 --> 00:11:43.800]  创世纪作者摩西
[00:11:43.800 --> 00:11:51.800]  大部分的旧约经卷是很满意于
[00:11:51.800 --> 00:11:53.800]  你不知道是谁作的
[00:11:53.800 --> 00:11:55.800]  他没有兴趣告诉你是谁作的
[00:11:55.800 --> 00:11:58.800]  传统很紧张讲这件事
[00:11:58.800 --> 00:12:00.800]  包括教会的传统
[00:12:00.800 --> 00:12:02.800]  包括犹太人的传统
[00:12:02.800 --> 00:12:04.800]  其实教会的传统来自犹太人
[00:12:04.800 --> 00:12:06.800]  拉比很紧张讲这件事
[00:12:06.800 --> 00:12:11.800]  他们的紧张需要当时
[00:12:11.800 --> 00:12:15.800]  或者在他们中间的规矩了解
[00:12:15.800 --> 00:12:17.800]  所谓紧张的意思
[00:12:17.800 --> 00:12:19.800]  不是说要根根计较
[00:12:19.800 --> 00:12:23.800]  考察研究出真相到底是谁
[00:12:23.800 --> 00:12:28.800]  拉比讨论这些过去的事件
[00:12:28.800 --> 00:12:31.800]  他们很宽松
[00:12:31.800 --> 00:12:35.800]  他们有时候的创作和事实是混在一起的
[00:12:35.800 --> 00:12:40.800]  他们对于道德伦理的教训很重视
[00:12:40.800 --> 00:12:42.800]  很小心很谨慎
[00:12:42.800 --> 00:12:44.800]  打烂沙盘问道读
[00:12:44.800 --> 00:12:47.800]  但对于事件的敍述
[00:12:47.800 --> 00:12:49.800]  故事的重复
[00:12:49.800 --> 00:12:52.800]  他们有很多个版本
[00:12:52.800 --> 00:12:54.800]  他们会很有创意地
[00:12:54.800 --> 00:13:00.800]  说一些大家都知道是搞笑的性质的话
[00:13:00.800 --> 00:13:03.800]  在当中的尺度是很不同的
[00:13:03.800 --> 00:13:07.800]  不是用今天的历史真相的尺度
[00:13:07.800 --> 00:13:10.800]  来讨论作者的问题
[00:13:10.800 --> 00:13:14.800]  当然我们今天拿起这本圣经的时候
[00:13:14.800 --> 00:13:16.800]  我们有权问这些问题
[00:13:16.800 --> 00:13:18.800]  谁作的 什么时候作的
[00:13:18.800 --> 00:13:20.800]  事实上这些问题都很重要
[00:13:20.800 --> 00:13:22.800]  一会儿我们讨论以上下书的时候
[00:13:22.800 --> 00:13:25.800]  我们都不能够避免这些问题
[00:13:25.800 --> 00:13:26.800]  不过我们要记得
[00:13:26.800 --> 00:13:30.800]  我们手头上的资料很有限
[00:13:30.800 --> 00:13:35.800]  我们从经文本身去推测
[00:13:35.800 --> 00:13:38.800]  写作的过程
[00:13:38.800 --> 00:13:42.800]  有时候可以差得很远
[00:13:42.800 --> 00:13:45.800]  特别如果作者还在生的话
[00:13:45.800 --> 00:13:48.800]  有时候会闹大笑话
[00:13:48.800 --> 00:13:51.800]  但我们没有其他的选择
[00:13:51.800 --> 00:13:55.800]  我们都需要尝试去推敲一下
[00:13:55.800 --> 00:14:00.800]  书卷写成的过程究竟是怎么样
[00:14:00.800 --> 00:14:02.800]  但是做这些功夫的时候
[00:14:02.800 --> 00:14:03.800]  我们必须要记得
[00:14:03.800 --> 00:14:08.800]  我们不可以用今天的社会背景
[00:14:08.800 --> 00:14:12.800]  摆在昔日的社会背景里
[00:14:12.800 --> 00:14:16.800]  这个无论在观念上 主观 客观
[00:14:16.800 --> 00:14:19.800]  都有很大的距离
[00:14:19.800 --> 00:14:26.800]  所以以作者来衡量一个人的信仰
[00:14:26.800 --> 00:14:30.800]  有时候就有点小题大做
[00:14:30.800 --> 00:14:32.800]  当然我们刚才解释过
[00:14:32.800 --> 00:14:33.800]  这个不是作者的问题
[00:14:33.800 --> 00:14:37.800]  这个是信不信得过上帝会讲预言的问题
[00:14:37.800 --> 00:14:39.800]  那焦点就搞错了
[00:14:39.800 --> 00:14:41.800]  不是上帝会不会讲
[00:14:41.800 --> 00:14:43.800]  而是上帝究竟有没有讲过
[00:14:43.800 --> 00:14:45.800]  一个是教义的问题
[00:14:45.800 --> 00:14:48.800]  另外一个是历史事实的问题
[00:14:48.800 --> 00:14:51.800]  这个历史事实很容易去决定
[00:14:51.800 --> 00:14:53.800]  打开圣经读就可以了
[00:14:53.800 --> 00:14:55.800]  在经文里面我们可以确定
[00:14:55.800 --> 00:14:57.800]  有多少是预言讲将来
[00:14:57.800 --> 00:14:58.800]  有多少是讲过去
[00:14:58.800 --> 00:15:00.800]  有多少是讲现在
[00:15:00.800 --> 00:15:02.800]  所以关于作者的问题
[00:15:02.800 --> 00:15:05.800]  我们稍微加以澄清
[00:15:05.800 --> 00:15:10.800]  我们发觉不是一个很简单的问题
[00:15:10.800 --> 00:15:14.800]  不简单的原因其实很清楚
[00:15:14.800 --> 00:15:21.800]  古代的社会写作不是很流行的事
[00:15:21.800 --> 00:15:24.800]  写作不流行有两个因素
[00:15:24.800 --> 00:15:30.800]  客观的因素就是印刷术未曾普及
[00:15:30.800 --> 00:15:36.800]  所以没有三毫子本的小说在街上卖
[00:15:36.800 --> 00:15:41.800]  书籍如果你说以前在中国是竹简
[00:15:41.800 --> 00:15:45.800]  搬两栋书已经可以气喘气喘
[00:15:45.800 --> 00:15:47.800]  因为很厚很重
[00:15:47.800 --> 00:15:49.800]  不方便的
[00:15:49.800 --> 00:15:53.800]  你看孔子的电视剧集片头
[00:15:53.800 --> 00:15:55.800]  他坐在柴房里
[00:15:55.800 --> 00:15:57.800]  那些不是柴是书
[00:15:57.800 --> 00:15:59.800]  一卷卷的竹简
[00:15:59.800 --> 00:16:01.800]  看上去好像柴一样
[00:16:01.800 --> 00:16:06.800]  你以为他坐在冷气地毡的computer前面吗
[00:16:06.800 --> 00:16:09.800]  你又将今日时光倒流了很久
[00:16:09.800 --> 00:16:13.800]  那些书不是在图书馆的图书架上
[00:16:13.800 --> 00:16:16.800]  印刷术普及之后
[00:16:16.800 --> 00:16:19.800]  写作就普及了
[00:16:19.800 --> 00:16:22.800]  因为你写了有人印才有人看
[00:16:22.800 --> 00:16:25.800]  如果你写的是一本
[00:16:25.800 --> 00:16:26.800]  你的首抄本
[00:16:26.800 --> 00:16:28.800]  当然你出了名之后就很值钱
[00:16:28.800 --> 00:16:30.800]  你没出名以前一点值钱都没有
[00:16:30.800 --> 00:16:31.800]  你的日记而已
[00:16:31.800 --> 00:16:32.800]  你自己看吧
[00:16:32.800 --> 00:16:34.800]  一点都不普及
[00:16:34.800 --> 00:16:37.800]  所以你要传递一个信息
[00:16:37.800 --> 00:16:39.800]  印刷术未普及之前
[00:16:39.800 --> 00:16:41.800]  就不是靠写作
[00:16:41.800 --> 00:16:45.800]  今日就是马克思先生
[00:16:45.800 --> 00:16:48.800]  在他穷愁老倒的时候
[00:16:48.800 --> 00:16:50.800]  卖头写资本论
[00:16:50.800 --> 00:16:51.800]  印刷了出来
[00:16:51.800 --> 00:16:52.800]  一纸奉行
[00:16:52.800 --> 00:16:56.800]  于是立刻成为了影响二十世纪的一个意识形态
[00:16:56.800 --> 00:16:58.800]  但昔日呢
[00:16:58.800 --> 00:17:01.800]  你不是这样去宣传一个思想的
[00:17:01.800 --> 00:17:02.800]  你要宣传吗
[00:17:02.800 --> 00:17:04.800]  就好像在英国海德公园
[00:17:04.800 --> 00:17:07.800]  拿个木箱站起来
[00:17:07.800 --> 00:17:08.800]  不要那么远了
[00:17:08.800 --> 00:17:09.800]  港庙街
[00:17:09.800 --> 00:17:10.800]  香港
[00:17:10.800 --> 00:17:11.800]  站起来
[00:17:11.800 --> 00:17:13.800]  有群人围着你们说
[00:17:13.800 --> 00:17:14.800]  靠嘴巴
[00:17:14.800 --> 00:17:15.800]  靠嘴巴
[00:17:15.800 --> 00:17:18.800]  不是靠文字
[00:17:18.800 --> 00:17:20.800]  当然还有一个主观的原因
[00:17:20.800 --> 00:17:21.800]  除了客观的印刷术之外
[00:17:21.800 --> 00:17:24.800]  主观的就是读书写字
[00:17:24.800 --> 00:17:27.800]  在教育未普及之前
[00:17:27.800 --> 00:17:29.800]  是很奢侈的事
[00:17:29.800 --> 00:17:31.800]  读书写字是赚不到钱的
[00:17:31.800 --> 00:17:34.800]  它不是生财的工具
[00:17:34.800 --> 00:17:37.800]  它只不过是资讯的工具
[00:17:37.800 --> 00:17:39.800]  所以以前的农业社会
[00:17:39.800 --> 00:17:41.800]  财富就是田产
[00:17:41.800 --> 00:17:43.800]  就是动物
[00:17:43.800 --> 00:17:44.800]  养个儿子
[00:17:44.800 --> 00:17:45.800]  养大他
[00:17:45.800 --> 00:17:46.800]  懂得耕田
[00:17:46.800 --> 00:17:47.800]  懂得看养
[00:17:47.800 --> 00:17:48.800]  他就赚到钱了
[00:17:48.800 --> 00:17:50.800]  懂得写字是没用的
[00:17:50.800 --> 00:17:52.800]  工业革命之后呢
[00:17:52.800 --> 00:17:54.800]  叫他去工厂做做工
[00:17:54.800 --> 00:17:57.800]  他能够由一个小工人
[00:17:57.800 --> 00:17:59.800]  一路升级升到做厂长
[00:17:59.800 --> 00:18:01.800]  集资本
[00:18:01.800 --> 00:18:03.800]  拥有机器
[00:18:03.800 --> 00:18:05.800]  他在制造财富
[00:18:05.800 --> 00:18:06.800]  是到今天
[00:18:06.800 --> 00:18:08.800]  二十世纪
[00:18:08.800 --> 00:18:11.800]  资讯革命之后
[00:18:11.800 --> 00:18:13.800]  懂得写字才那么重要
[00:18:13.800 --> 00:18:15.800]  今天就不是懂得写字
[00:18:15.800 --> 00:18:17.800]  懂得玩电脑
[00:18:17.800 --> 00:18:19.800]  在国际网络上
[00:18:19.800 --> 00:18:21.800]  懂得去找资料
[00:18:21.800 --> 00:18:22.800]  这个值钱
[00:18:22.800 --> 00:18:24.800]  你卖你的身家
[00:18:24.800 --> 00:18:26.800]  用你的资讯
[00:18:26.800 --> 00:18:29.800]  去出卖你的价值
[00:18:29.800 --> 00:18:32.800]  这个是很近代的事
[00:18:32.800 --> 00:18:34.800]  以前的社会
[00:18:34.800 --> 00:18:36.800]  不需要懂得写字
[00:18:36.800 --> 00:18:38.800]  不需要懂得写字
[00:18:38.800 --> 00:18:40.800]  最近一本回忆录
[00:18:40.800 --> 00:18:45.800]  是蒋介石夫人的一个秘书
[00:18:45.800 --> 00:18:47.800]  叫张子觉先生
[00:18:47.800 --> 00:18:49.800]  他写了一本回忆录
[00:18:49.800 --> 00:18:52.800]  叫我在送你零身边的日子
[00:18:52.800 --> 00:18:53.800]  我不是说他
[00:18:53.800 --> 00:18:54.800]  我是说他爸爸
[00:18:54.800 --> 00:18:56.800]  在回忆录开始的时候
[00:18:56.800 --> 00:18:57.800]  说他爸爸
[00:18:57.800 --> 00:18:58.800]  他爸爸是一个字都不懂的
[00:18:58.800 --> 00:19:01.800]  小时候跟一个帐房先生
[00:19:01.800 --> 00:19:03.800]  做针茶递水
[00:19:03.800 --> 00:19:05.800]  是一个大钱庄的帐房先生
[00:19:05.800 --> 00:19:06.800]  是一个大钱庄的帐房先生
[00:19:06.800 --> 00:19:07.800]  是一个大钱庄的帐房先生
[00:19:07.800 --> 00:19:08.800]  有一天这个帐房先生
[00:19:08.800 --> 00:19:10.800]  突然暴毙
[00:19:10.800 --> 00:19:12.800]  于是老板来查数
[00:19:12.800 --> 00:19:13.800]  一查发现
[00:19:13.800 --> 00:19:15.800]  数捕上的全部都是
[00:19:15.800 --> 00:19:17.800]  芝麻绿豆的帐
[00:19:17.800 --> 00:19:19.800]  没理由这么大间钱庄
[00:19:19.800 --> 00:19:21.800]  大生意都是芝麻绿豆
[00:19:21.800 --> 00:19:22.800]  一问之下
[00:19:22.800 --> 00:19:23.800]  发现原来帐房先生
[00:19:23.800 --> 00:19:25.800]  靠记忆的
[00:19:25.800 --> 00:19:27.800]  大数不写下的
[00:19:27.800 --> 00:19:28.800]  全部在这里
[00:19:28.800 --> 00:19:30.800]  死了你怎么追债
[00:19:30.800 --> 00:19:32.800]  钱庄就是金融银行
[00:19:32.800 --> 00:19:34.800]  全部和客户的借贷
[00:19:34.800 --> 00:19:37.800]  全部是帐房的经理人
[00:19:37.800 --> 00:19:39.800]  在脑子里
[00:19:39.800 --> 00:19:41.800]  认得他就肯还
[00:19:41.800 --> 00:19:43.800]  不认得他连张纸都没有
[00:19:43.800 --> 00:19:46.800]  张先生的父亲
[00:19:46.800 --> 00:19:48.800]  针茶递水
[00:19:48.800 --> 00:19:50.800]  在他身边
[00:19:50.800 --> 00:19:52.800]  他说他可以写出来
[00:19:52.800 --> 00:19:54.800]  他的记忆力一样惊人
[00:19:54.800 --> 00:19:56.800]  于是这个老板就
[00:19:56.800 --> 00:19:57.800]  好你写得出
[00:19:57.800 --> 00:19:58.800]  我给你做帐房先生
[00:19:58.800 --> 00:20:00.800]  三日三夜关上门
[00:20:00.800 --> 00:20:01.800]  写出来
[00:20:01.800 --> 00:20:03.800]  拿着那些记录
[00:20:03.800 --> 00:20:04.800]  去找债主
[00:20:04.800 --> 00:20:05.800]  个个都噏头
[00:20:05.800 --> 00:20:06.800]  没错的确是
[00:20:06.800 --> 00:20:08.800]  没记错数
[00:20:08.800 --> 00:20:10.800]  所以那个写字
[00:20:10.800 --> 00:20:12.800]  不是那么重要
[00:20:12.800 --> 00:20:14.800]  记性很重要
[00:20:14.800 --> 00:20:16.800]  所以我们以前古人说
[00:20:16.800 --> 00:20:18.800]  一落千金
[00:20:18.800 --> 00:20:19.800]  说过就是了
[00:20:19.800 --> 00:20:21.800]  今天在法律上
[00:20:21.800 --> 00:20:22.800]  common law
[00:20:22.800 --> 00:20:24.800]  习惯法都是这样说过
[00:20:24.800 --> 00:20:25.800]  我没有签过契
[00:20:25.800 --> 00:20:27.800]  你说过有证人就是了
[00:20:27.800 --> 00:20:29.800]  这个是古代的社会
[00:20:29.800 --> 00:20:31.800]  那个运作的方式
[00:20:31.800 --> 00:20:33.800]  不是要上律师楼签字的
[00:20:33.800 --> 00:20:35.800]  签名都不会签的
[00:20:35.800 --> 00:20:37.800]  画个十字
[00:20:37.800 --> 00:20:39.800]  画个圆圈
[00:20:39.800 --> 00:20:41.800]  又当是识字了
[00:20:41.800 --> 00:20:43.800]  记不记得黄土地那个电影
[00:20:43.800 --> 00:20:45.800]  在陕北
[00:20:45.800 --> 00:20:47.800]  那些贫瘠的农村
[00:20:47.800 --> 00:20:49.800]  贴对联
[00:20:49.800 --> 00:20:51.800]  对联上面写着什么
[00:20:51.800 --> 00:20:53.800]  大包大包大包
[00:20:53.800 --> 00:20:55.800]  贴十几个圆圈在门口
[00:20:55.800 --> 00:20:57.800]  他自己不识字
[00:20:57.800 --> 00:20:59.800]  全条村没人识字
[00:20:59.800 --> 00:21:01.800]  但对联很重要
[00:21:01.800 --> 00:21:03.800]  所以圈几个圈上去
[00:21:03.800 --> 00:21:05.800]  都是重要的
[00:21:05.800 --> 00:21:07.800]  写字读书是很奢侈的事
[00:21:07.800 --> 00:21:09.800]  普及教育
[00:21:09.800 --> 00:21:11.800]  在这个世纪才是
[00:21:11.800 --> 00:21:13.800]  出现在很多社会上
[00:21:13.800 --> 00:21:15.800]  特别女性
[00:21:15.800 --> 00:21:17.800]  接受大学教育
[00:21:17.800 --> 00:21:19.800]  为什么今天那么多失业呢
[00:21:19.800 --> 00:21:21.800]  因为女性出来抢饭碗
[00:21:21.800 --> 00:21:23.800]  以前的社会很安乐
[00:21:23.800 --> 00:21:25.800]  男人找工作很容易
[00:21:25.800 --> 00:21:27.800]  因为大把工作
[00:21:27.800 --> 00:21:29.800]  现在突然
[00:21:29.800 --> 00:21:31.800]  顶着半边天的妇女
[00:21:31.800 --> 00:21:33.800]  跑出来抢饭碗
[00:21:33.800 --> 00:21:35.800]  个个都大学毕业
[00:21:35.800 --> 00:21:37.800]  很多女强人
[00:21:37.800 --> 00:21:39.800]  这是很近很近发生的事
[00:21:39.800 --> 00:21:41.800]  我们看回圣经的时候
[00:21:41.800 --> 00:21:43.800]  如果我们用
[00:21:43.800 --> 00:21:45.800]  今天的观念
[00:21:45.800 --> 00:21:47.800]  一个传道人
[00:21:47.800 --> 00:21:49.800]  他讲道很受欢迎
[00:21:49.800 --> 00:21:51.800]  于是他就说我现在又不教神学了
[00:21:51.800 --> 00:21:53.800]  我现在又不讲道了
[00:21:53.800 --> 00:21:55.800]  我闭上门写书
[00:21:55.800 --> 00:21:57.800]  写些书就更多人看了
[00:21:57.800 --> 00:21:59.800]  这是二十世纪的事
[00:21:59.800 --> 00:22:01.800]  十六世纪开始
[00:22:01.800 --> 00:22:03.800]  马丁路德改革运动
[00:22:03.800 --> 00:22:05.800]  是很受印刷术的帮忙
[00:22:05.800 --> 00:22:07.800]  所以他躲在古堡里
[00:22:07.800 --> 00:22:09.800]  他所写的小册子
[00:22:09.800 --> 00:22:11.800]  就封杏整个德国
[00:22:11.800 --> 00:22:13.800]  但回到先知的年代
[00:22:13.800 --> 00:22:15.800]  回到以塞雅的年代
[00:22:15.800 --> 00:22:17.800]  完全不是这样的一回事
[00:22:17.800 --> 00:22:19.800]  我不是说以塞雅不识字
[00:22:19.800 --> 00:22:21.800]  我不是这么说
[00:22:21.800 --> 00:22:23.800]  这一帮
[00:22:23.800 --> 00:22:25.800]  我们上一堂讲过
[00:22:25.800 --> 00:22:27.800]  阿摩斯在内
[00:22:27.800 --> 00:22:29.800]  不是满脚牛屎的乡下人
[00:22:29.800 --> 00:22:31.800]  虽然他是牧羊人
[00:22:31.800 --> 00:22:33.800]  但我们讲过
[00:22:33.800 --> 00:22:35.800]  他和摩压王一样
[00:22:35.800 --> 00:22:37.800]  可以有数十万的羊群
[00:22:37.800 --> 00:22:39.800]  以他们所表达
[00:22:39.800 --> 00:22:41.800]  那个信息的内容
[00:22:41.800 --> 00:22:43.800]  和技巧来说
[00:22:43.800 --> 00:22:45.800]  他们在当时的社会
[00:22:45.800 --> 00:22:47.800]  可以说是属于中上阶层
[00:22:47.800 --> 00:22:49.800]  有传统说
[00:22:49.800 --> 00:22:51.800]  以塞雅是
[00:22:51.800 --> 00:22:53.800]  皇室贵族的人士
[00:22:53.800 --> 00:22:55.800]  这个说法是怎么来的呢
[00:22:55.800 --> 00:22:57.800]  不是在《赐经》里
[00:22:57.800 --> 00:22:59.800]  发现了什么秘密资料
[00:22:59.800 --> 00:23:01.800]  或者考古考到
[00:23:01.800 --> 00:23:03.800]  以塞雅的相片
[00:23:03.800 --> 00:23:05.800]  和皇帝一起拍的
[00:23:05.800 --> 00:23:07.800]  只是在以塞雅书的
[00:23:07.800 --> 00:23:09.800]  记载里面
[00:23:09.800 --> 00:23:11.800]  发现他很容易接近皇帝
[00:23:11.800 --> 00:23:13.800]  你有没有留意到
[00:23:13.800 --> 00:23:15.800]  阿摩斯从来没有接近皇帝
[00:23:15.800 --> 00:23:17.800]  耶罗伯安不认识他
[00:23:17.800 --> 00:23:19.800]  是要靠亚马祭通风报信
[00:23:19.800 --> 00:23:21.800]  以塞雅就不同了
[00:23:21.800 --> 00:23:23.800]  有什么风吹草动
[00:23:23.800 --> 00:23:25.800]  他直接去和皇帝说话
[00:23:25.800 --> 00:23:27.800]  什么人在古代社会
[00:23:27.800 --> 00:23:29.800]  才可以这样直接见到皇帝呢
[00:23:29.800 --> 00:23:31.800]  肯定不是泛夫走卒
[00:23:31.800 --> 00:23:33.800]  肯定不是普通的人
[00:23:33.800 --> 00:23:35.800]  能够这样
[00:23:35.800 --> 00:23:37.800]  你记得以斯帖的故事吗
[00:23:37.800 --> 00:23:39.800]  皇后去见皇帝
[00:23:39.800 --> 00:23:41.800]  没有蒙皇帝宣召
[00:23:41.800 --> 00:23:43.800]  都是死罪
[00:23:43.800 --> 00:23:45.800]  以斯帖见到皇帝的时候
[00:23:45.800 --> 00:23:47.800]  皇帝第一件事就是立刻找金像
[00:23:47.800 --> 00:23:49.800]  伸给他
[00:23:49.800 --> 00:23:51.800]  我见到你来我召你
[00:23:51.800 --> 00:23:53.800]  其实不是他召他
[00:23:53.800 --> 00:23:55.800]  很重要的礼节
[00:23:55.800 --> 00:23:57.800]  以塞雅能够这么直接
[00:23:57.800 --> 00:23:59.800]  去见皇帝
[00:23:59.800 --> 00:24:01.800]  大概因为他是皇帝的亲戚
[00:24:01.800 --> 00:24:03.800]  表哥
[00:24:03.800 --> 00:24:05.800]  那就没事了
[00:24:05.800 --> 00:24:07.800]  没有这样的推理
[00:24:07.800 --> 00:24:09.800]  所以有这样的传统
[00:24:09.800 --> 00:24:11.800]  华尔塞雅是皇室的一份子
[00:24:11.800 --> 00:24:13.800]  我们没有任何的证据
[00:24:13.800 --> 00:24:15.800]  在当时
[00:24:15.800 --> 00:24:17.800]  先知
[00:24:17.800 --> 00:24:19.800]  不是说他不识字
[00:24:19.800 --> 00:24:21.800]  但他如果要
[00:24:21.800 --> 00:24:23.800]  代表上帝说话
[00:24:23.800 --> 00:24:25.800]  他不是靠写字的
[00:24:25.800 --> 00:24:27.800]  他不是靠写字的
[00:24:27.800 --> 00:24:29.800]  他是靠
[00:24:29.800 --> 00:24:31.800]  口说
[00:24:31.800 --> 00:24:33.800]  他是不是一个字都不写呢
[00:24:33.800 --> 00:24:35.800]  不需要一个字都不写
[00:24:35.800 --> 00:24:37.800]  不过就算有学者说得好
[00:24:37.800 --> 00:24:39.800]  就算他写出
[00:24:39.800 --> 00:24:41.800]  他的讲章
[00:24:41.800 --> 00:24:43.800]  写出来的讲章
[00:24:43.800 --> 00:24:45.800]  都不是为了出版的
[00:24:45.800 --> 00:24:47.800]  是为了讲稿
[00:24:47.800 --> 00:24:49.800]  那很不同
[00:24:49.800 --> 00:24:51.800]  你如果写过这两种文章
[00:24:51.800 --> 00:24:53.800]  你知道很不同
[00:24:53.800 --> 00:24:55.800]  时代论坛约稿
[00:24:55.800 --> 00:24:57.800]  写篇文章
[00:24:57.800 --> 00:24:59.800]  你的写法和现在
[00:24:59.800 --> 00:25:01.800]  教会请你站起来
[00:25:01.800 --> 00:25:03.800]  讲堂道
[00:25:03.800 --> 00:25:05.800]  写个讲章
[00:25:05.800 --> 00:25:07.800]  很不同的写法
[00:25:07.800 --> 00:25:09.800]  这群神的发言人
[00:25:09.800 --> 00:25:11.800]  他们读书写字
[00:25:11.800 --> 00:25:13.800]  尔塞雅曾经为这个题目
[00:25:13.800 --> 00:25:15.800]  讲过几篇道
[00:25:15.800 --> 00:25:17.800]  他说你们会写字的
[00:25:17.800 --> 00:25:19.800]  都喝醉了
[00:25:19.800 --> 00:25:21.800]  读书的都看不通
[00:25:21.800 --> 00:25:23.800]  找到清醒的人读
[00:25:23.800 --> 00:25:25.800]  他说我不识字
[00:25:25.800 --> 00:25:27.800]  对不起
[00:25:27.800 --> 00:25:29.800]  尔塞雅自己说完之后
[00:25:29.800 --> 00:25:31.800]  上帝吩咐他
[00:25:31.800 --> 00:25:33.800]  写下这件事
[00:25:33.800 --> 00:25:35.800]  好好收藏文件
[00:25:35.800 --> 00:25:37.800]  在格曼里面
[00:25:37.800 --> 00:25:39.800]  不是说格曼
[00:25:39.800 --> 00:25:41.800]  为后世留下一个证据
[00:25:41.800 --> 00:25:45.800]  有写字的活动
[00:25:45.800 --> 00:25:47.800]  有成书的活动
[00:25:47.800 --> 00:25:49.800]  我们知道耶利米有个书记
[00:25:49.800 --> 00:25:51.800]  叫巴鲁帮他记下
[00:25:51.800 --> 00:25:53.800]  他所讲过的
[00:25:53.800 --> 00:25:55.800]  整本书交给皇帝
[00:25:55.800 --> 00:25:57.800]  皇帝看都不看
[00:25:57.800 --> 00:25:59.800]  就烧了
[00:25:59.800 --> 00:26:01.800]  然后上帝说
[00:26:01.800 --> 00:26:03.800]  耶利米你再写多一本
[00:26:03.800 --> 00:26:05.800]  耶利米自己没有执笔
[00:26:05.800 --> 00:26:07.800]  是他的书记巴鲁帮他执笔
[00:26:07.800 --> 00:26:09.800]  甚至去到保罗的时候
[00:26:09.800 --> 00:26:11.800]  你都知道
[00:26:11.800 --> 00:26:13.800]  保罗在他的书信里
[00:26:13.800 --> 00:26:15.800]  不是他自己执笔写的
[00:26:15.800 --> 00:26:17.800]  有时候执笔的人会加句说话
[00:26:17.800 --> 00:26:19.800]  我这个执笔的人又问安
[00:26:19.800 --> 00:26:21.800]  另外一卷书
[00:26:21.800 --> 00:26:23.800]  我们知道保罗去到那里
[00:26:23.800 --> 00:26:25.800]  抢了一支笔过来
[00:26:25.800 --> 00:26:27.800]  我写的字多大
[00:26:27.800 --> 00:26:29.800]  有人说保罗的根刺
[00:26:29.800 --> 00:26:31.800]  是眼睛有问题
[00:26:31.800 --> 00:26:33.800]  是这样推断出来的
[00:26:33.800 --> 00:26:35.800]  他写字很大
[00:26:35.800 --> 00:26:37.800]  眼睛有问题
[00:26:37.800 --> 00:26:39.800]  根刺
[00:26:39.800 --> 00:26:41.800]  我们没有什么考古资料
[00:26:41.800 --> 00:26:43.800]  找到保罗眼科医生的病历
[00:26:43.800 --> 00:26:45.800]  不过我们留意到
[00:26:45.800 --> 00:26:47.800]  在这些书卷里
[00:26:47.800 --> 00:26:49.800]  每一次要写下的时候
[00:26:49.800 --> 00:26:51.800]  都是上帝特别吩咐的
[00:26:51.800 --> 00:26:53.800]  以上亚如是
[00:26:53.800 --> 00:26:55.800]  哈巴菊如是
[00:26:55.800 --> 00:26:57.800]  那就是说
[00:26:57.800 --> 00:26:59.800]  通常是不用写下的
[00:26:59.800 --> 00:27:01.800]  要写下是例外的
[00:27:01.800 --> 00:27:03.800]  我们有一个这样的推断在这里
[00:27:03.800 --> 00:27:05.800]  通常这些神的发言人
[00:27:05.800 --> 00:27:07.800]  讲道的时候
[00:27:07.800 --> 00:27:09.800]  目的是口头说出去
[00:27:09.800 --> 00:27:13.800]  这个都是当时社会的一个习惯
[00:27:13.800 --> 00:27:17.800]  因为我们再三讲
[00:27:17.800 --> 00:27:19.800]  这群是发言人
[00:27:19.800 --> 00:27:21.800]  不是他们自己有话说
[00:27:21.800 --> 00:27:23.800]  现在不是
[00:27:23.800 --> 00:27:25.800]  阿摩斯的儿子以赛亚
[00:27:25.800 --> 00:27:27.800]  阿摩斯这个名字和上一堂
[00:27:27.800 --> 00:27:29.800]  我们讲的阿摩斯是两个不同的串法
[00:27:29.800 --> 00:27:31.800]  虽然音是一样
[00:27:31.800 --> 00:27:33.800]  中文很多字都一样
[00:27:33.800 --> 00:27:35.800]  不是同一个人
[00:27:35.800 --> 00:27:37.800]  是阿摩斯的儿子
[00:27:37.800 --> 00:27:39.800]  上一堂讲的爸爸
[00:27:39.800 --> 00:27:41.800]  这一堂讲的儿子
[00:27:41.800 --> 00:27:43.800]  两个完全不同的人物
[00:27:43.800 --> 00:27:45.800]  名字很相似
[00:27:45.800 --> 00:27:47.800]  阿摩斯的儿子以赛亚
[00:27:47.800 --> 00:27:49.800]  不是说他有话要说
[00:27:49.800 --> 00:27:51.800]  阿摩斯书的标题
[00:27:51.800 --> 00:27:53.800]  都是他所见到的异象
[00:27:53.800 --> 00:27:55.800]  上帝给他信息
[00:27:55.800 --> 00:27:57.800]  他出来传讲
[00:27:57.800 --> 00:27:59.800]  这个在古代的社会里
[00:27:59.800 --> 00:28:01.800]  就是那个
[00:28:01.800 --> 00:28:03.800]  侍者的
[00:28:03.800 --> 00:28:05.800]  那个习惯
[00:28:05.800 --> 00:28:07.800]  我有东西要讲
[00:28:07.800 --> 00:28:09.800]  我想讲给你听
[00:28:09.800 --> 00:28:11.800]  我就找一个人传递我的消息
[00:28:11.800 --> 00:28:13.800]  为什么我不直接和他说话呢
[00:28:13.800 --> 00:28:15.800]  有很多原因的
[00:28:15.800 --> 00:28:17.800]  路途遥远
[00:28:17.800 --> 00:28:19.800]  如果两个国家在打仗
[00:28:19.800 --> 00:28:21.800]  两边的统帅
[00:28:21.800 --> 00:28:23.800]  不会随时一起去宵夜
[00:28:23.800 --> 00:28:25.800]  隔很多重
[00:28:25.800 --> 00:28:27.800]  但要通消息
[00:28:27.800 --> 00:28:29.800]  找侍者
[00:28:29.800 --> 00:28:31.800]  这个侍者很重要
[00:28:31.800 --> 00:28:33.800]  我们中国人的传统
[00:28:33.800 --> 00:28:35.800]  都有这样说过
[00:28:35.800 --> 00:28:37.800]  两军交战不斩来使
[00:28:37.800 --> 00:28:39.800]  为什么不斩侍者呢
[00:28:39.800 --> 00:28:41.800]  侍者本身就是一个信息
[00:28:41.800 --> 00:28:43.800]  他有什么要说呢
[00:28:43.800 --> 00:28:45.800]  在他的脑子里
[00:28:45.800 --> 00:28:47.800]  在他的脑子里
[00:28:47.800 --> 00:28:49.800]  他不是带封信去的
[00:28:49.800 --> 00:28:51.800]  所以你如果拍古代战争历史片
[00:28:51.800 --> 00:28:53.800]  你的考据功夫
[00:28:53.800 --> 00:28:55.800]  都要做得足点
[00:28:55.800 --> 00:28:57.800]  去到银封信出来
[00:28:57.800 --> 00:28:59.800]  就拿封信来砍你
[00:28:59.800 --> 00:29:01.800]  你要说话就在封信里
[00:29:01.800 --> 00:29:03.800]  不是的
[00:29:03.800 --> 00:29:05.800]  我是侍者
[00:29:05.800 --> 00:29:07.800]  所以站起来说
[00:29:07.800 --> 00:29:09.800]  我的主人这么说
[00:29:09.800 --> 00:29:11.800]  先知陷难地说话
[00:29:11.800 --> 00:29:15.800]  你永远不知道他说完了没有
[00:29:15.800 --> 00:29:17.800]  还有没有东西要说
[00:29:17.800 --> 00:29:19.800]  他的命就靠这样保住
[00:29:19.800 --> 00:29:21.800]  你砍了他
[00:29:21.800 --> 00:29:23.800]  就不知道全部的信息
[00:29:23.800 --> 00:29:25.800]  你不敢砍他
[00:29:25.800 --> 00:29:27.800]  你给他很好的酒菜
[00:29:27.800 --> 00:29:29.800]  给他上宾的待遇
[00:29:29.800 --> 00:29:31.800]  还有没有东西要说
[00:29:31.800 --> 00:29:33.800]  当然你要去刺探军情
[00:29:33.800 --> 00:29:35.800]  孔明和司马懿
[00:29:35.800 --> 00:29:37.800]  那个侍者
[00:29:37.800 --> 00:29:39.800]  司马懿问他
[00:29:39.800 --> 00:29:41.800]  最近吃多少东西
[00:29:41.800 --> 00:29:43.800]  做多少东西
[00:29:43.800 --> 00:29:45.800]  他都不得长命
[00:29:45.800 --> 00:29:47.800]  这些很重要的情报来源
[00:29:47.800 --> 00:29:49.800]  但最主要的都是
[00:29:49.800 --> 00:29:51.800]  那个侍者
[00:29:51.800 --> 00:29:53.800]  身上没有文献
[00:29:53.800 --> 00:29:57.800]  没有书写的记录
[00:29:57.800 --> 00:29:59.800]  是全靠他的记性
[00:29:59.800 --> 00:30:01.800]  将他要说的话
[00:30:01.800 --> 00:30:03.800]  背得滚瓜烂熟
[00:30:03.800 --> 00:30:05.800]  然后随机应变
[00:30:05.800 --> 00:30:07.800]  说多少
[00:30:07.800 --> 00:30:09.800]  你敌意深的
[00:30:09.800 --> 00:30:11.800]  就做戏
[00:30:11.800 --> 00:30:13.800]  又炸地自杀
[00:30:13.800 --> 00:30:15.800]  你要很尊重他
[00:30:15.800 --> 00:30:17.800]  他会说多点给你听
[00:30:17.800 --> 00:30:19.800]  临走还会有东西没说
[00:30:19.800 --> 00:30:21.800]  这样才能保住自己的命
[00:30:21.800 --> 00:30:23.800]  这个是古代社会的风气
[00:30:23.800 --> 00:30:25.800]  和今天很不一样
[00:30:25.800 --> 00:30:27.800]  你电邮
[00:30:27.800 --> 00:30:29.800]  按两个按钮就去了
[00:30:29.800 --> 00:30:31.800]  完全是两个世界
[00:30:31.800 --> 00:30:33.800]  所以你不可以想象
[00:30:33.800 --> 00:30:35.800]  一个神的僕人
[00:30:35.800 --> 00:30:37.800]  在以赛雅书的作者
[00:30:37.800 --> 00:30:39.800]  坐在书房
[00:30:39.800 --> 00:30:41.800]  开着灯
[00:30:41.800 --> 00:30:43.800]  看着吐露港公路
[00:30:43.800 --> 00:30:45.800]  拿着一杯黑咖啡
[00:30:45.800 --> 00:30:47.800]  今天我写什么呢
[00:30:47.800 --> 00:30:49.800]  那个是杨牧菊牧师
[00:30:49.800 --> 00:30:51.800]  那个不是以赛雅
[00:30:51.800 --> 00:30:53.800]  不同世纪不同时代
[00:30:53.800 --> 00:30:55.800]  这个神的僕人
[00:30:55.800 --> 00:30:57.800]  在当时
[00:30:57.800 --> 00:30:59.800]  他所关心的不是写什么
[00:30:59.800 --> 00:31:01.800]  是说什么
[00:31:01.800 --> 00:31:03.800]  所以你读
[00:31:03.800 --> 00:31:05.800]  所谓先知书的时候
[00:31:05.800 --> 00:31:07.800]  第一样你要记得的
[00:31:07.800 --> 00:31:09.800]  就是这个背景
[00:31:09.800 --> 00:31:11.800]  这个背景不是
[00:31:11.800 --> 00:31:13.800]  坐下一本书写到尾
[00:31:13.800 --> 00:31:15.800]  你试一下
[00:31:15.800 --> 00:31:17.800]  站起来找一堂崇拜
[00:31:17.800 --> 00:31:19.800]  读以赛雅书一至六十六章
[00:31:19.800 --> 00:31:21.800]  你读第六章
[00:31:21.800 --> 00:31:23.800]  那些人就走了
[00:31:23.800 --> 00:31:25.800]  是不是
[00:31:25.800 --> 00:31:27.800]  只是讲第六章就不同了
[00:31:27.800 --> 00:31:29.800]  十几节
[00:31:29.800 --> 00:31:31.800]  有高潮
[00:31:31.800 --> 00:31:33.800]  有疑
[00:31:33.800 --> 00:31:35.800]  有问题有答案
[00:31:35.800 --> 00:31:37.800]  一个很短的篇幅
[00:31:37.800 --> 00:31:39.800]  耶稣所讲的故事
[00:31:39.800 --> 00:31:41.800]  从来都不是
[00:31:41.800 --> 00:31:43.800]  弱失生平那么长
[00:31:43.800 --> 00:31:45.800]  有没有留意到
[00:31:45.800 --> 00:31:47.800]  好萨玛利亚人也好
[00:31:47.800 --> 00:31:49.800]  浪子回头也好
[00:31:49.800 --> 00:31:51.800]  甚至有些学者还研究过
[00:31:51.800 --> 00:31:53.800]  出场的人物从来不会多过两个
[00:31:53.800 --> 00:31:55.800]  多过两个就乱了
[00:31:55.800 --> 00:31:57.800]  这个是口讲的技巧
[00:31:57.800 --> 00:31:59.800]  两个人对话
[00:31:59.800 --> 00:32:01.800]  你很清楚
[00:32:01.800 --> 00:32:03.800]  多过莫扎特的歌剧
[00:32:03.800 --> 00:32:05.800]  七八个人合唱
[00:32:05.800 --> 00:32:07.800]  不可能的
[00:32:07.800 --> 00:32:09.800]  音乐可以
[00:32:09.800 --> 00:32:11.800]  口头的说法
[00:32:11.800 --> 00:32:13.800]  两个人
[00:32:13.800 --> 00:32:15.800]  长篇的故事讲不到
[00:32:15.800 --> 00:32:17.800]  一定要写的
[00:32:17.800 --> 00:32:19.800]  所以短的
[00:32:19.800 --> 00:32:21.800]  先知书里面这些短的段落
[00:32:21.800 --> 00:32:23.800]  很重要的
[00:32:23.800 --> 00:32:25.800]  因为段落和段落之间
[00:32:25.800 --> 00:32:27.800]  有什么关系呢
[00:32:27.800 --> 00:32:29.800]  不一定那么明显
[00:32:29.800 --> 00:32:31.800]  他一气呵成地写
[00:32:31.800 --> 00:32:33.800]  你就知道第一章第二章
[00:32:33.800 --> 00:32:35.800]  第三章一直起承转合
[00:32:35.800 --> 00:32:37.800]  如果他今天
[00:32:37.800 --> 00:32:39.800]  所讲的和
[00:32:39.800 --> 00:32:41.800]  七年之后所讲的
[00:32:41.800 --> 00:32:43.800]  两段讲章
[00:32:43.800 --> 00:32:45.800]  放在一起
[00:32:45.800 --> 00:32:47.800]  这两段的关系就几乎等于零
[00:32:47.800 --> 00:32:49.800]  可能因为大家都在讲
[00:32:49.800 --> 00:32:51.800]  同一个问题
[00:32:51.800 --> 00:32:53.800]  有人死了之后收集他的
[00:32:53.800 --> 00:32:55.800]  讲章录音带和他出书
[00:32:55.800 --> 00:32:57.800]  怎么出发呢
[00:32:57.800 --> 00:32:59.800]  我们神学院曾经
[00:32:59.800 --> 00:33:01.800]  有一个同工在他
[00:33:01.800 --> 00:33:03.800]  编辑之后在序言
[00:33:03.800 --> 00:33:05.800]  说过很头痛
[00:33:05.800 --> 00:33:07.800]  我要编辑一本文摘
[00:33:07.800 --> 00:33:09.800]  将
[00:33:09.800 --> 00:33:11.800]  作者的文章
[00:33:11.800 --> 00:33:13.800]  放在前面
[00:33:13.800 --> 00:33:15.800]  怎么整理呢
[00:33:15.800 --> 00:33:17.800]  你有什么提议
[00:33:17.800 --> 00:33:19.800]  时间次序
[00:33:19.800 --> 00:33:21.800]  这是他中学时期所讲的
[00:33:21.800 --> 00:33:23.800]  大学时期
[00:33:23.800 --> 00:33:25.800]  这个畢业了
[00:33:25.800 --> 00:33:27.800]  做了执事
[00:33:27.800 --> 00:33:31.800]  跟着年份的次序
[00:33:31.800 --> 00:33:33.800]  看到他的思想有没有改变
[00:33:33.800 --> 00:33:35.800]  看到他的人有没有成熟
[00:33:35.800 --> 00:33:37.800]  这是一个方法
[00:33:37.800 --> 00:33:39.800]  第二个方法
[00:33:39.800 --> 00:33:41.800]  专题
[00:33:41.800 --> 00:33:43.800]  他所讲有关
[00:33:43.800 --> 00:33:45.800]  教会问题的文章
[00:33:45.800 --> 00:33:47.800]  编在一起
[00:33:47.800 --> 00:33:49.800]  他所讲关于香港社会的文章
[00:33:49.800 --> 00:33:51.800]  编在一起
[00:33:51.800 --> 00:33:53.800]  经的文章也在一起
[00:33:53.800 --> 00:33:55.800]  随口说
[00:33:55.800 --> 00:33:57.800]  也有很多不同的方法
[00:33:57.800 --> 00:33:59.800]  将
[00:33:59.800 --> 00:34:01.800]  讲过的资料
[00:34:01.800 --> 00:34:03.800]  编在一起
[00:34:03.800 --> 00:34:05.800]  我不管编辑的人
[00:34:05.800 --> 00:34:07.800]  是作者本身
[00:34:07.800 --> 00:34:09.800]  还是另外一个人
[00:34:09.800 --> 00:34:11.800]  你也发现有很多不同的方法
[00:34:11.800 --> 00:34:13.800]  可以编辑
[00:34:13.800 --> 00:34:15.800]  你读福音书的时候
[00:34:15.800 --> 00:34:17.800]  你发现马太福音和路加福音
[00:34:17.800 --> 00:34:19.800]  编辑耶稣的教训是不同的原则
[00:34:19.800 --> 00:34:21.800]  马太是按
[00:34:21.800 --> 00:34:23.800]  那个
[00:34:23.800 --> 00:34:25.800]  题目来编辑
[00:34:25.800 --> 00:34:27.800]  路加就多些顾念年份
[00:34:27.800 --> 00:34:29.800]  很不同
[00:34:29.800 --> 00:34:31.800]  耶稣好像讲这句话
[00:34:31.800 --> 00:34:33.800]  很早讲的
[00:34:33.800 --> 00:34:35.800]  为什么突然间出现这么迟呢
[00:34:35.800 --> 00:34:37.800]  不是早和迟的问题
[00:34:37.800 --> 00:34:39.800]  是两个不同的原则
[00:34:39.800 --> 00:34:41.800]  你读先知书
[00:34:41.800 --> 00:34:43.800]  如果你当它是一本书
[00:34:43.800 --> 00:34:45.800]  好像你看今天的作者
[00:34:45.800 --> 00:34:47.800]  作一本书
[00:34:47.800 --> 00:34:49.800]  因为它不是这样的一本书
[00:34:49.800 --> 00:34:51.800]  它的源起
[00:34:51.800 --> 00:34:53.800]  那个来源
[00:34:53.800 --> 00:34:55.800]  那个过程
[00:34:55.800 --> 00:34:57.800]  完全不是今天的作者
[00:34:57.800 --> 00:34:59.800]  坐下来开灯
[00:34:59.800 --> 00:35:01.800]  打开窗口
[00:35:01.800 --> 00:35:03.800]  倒杯咖啡这样写的
[00:35:03.800 --> 00:35:05.800]  不是的
[00:35:05.800 --> 00:35:07.800]  是很多资料
[00:35:07.800 --> 00:35:09.800]  很多讲的内容
[00:35:09.800 --> 00:35:11.800]  将它编辑在一起
[00:35:11.800 --> 00:35:13.800]  那个基本的处境
[00:35:13.800 --> 00:35:15.800]  primary situation
[00:35:15.800 --> 00:35:17.800]  不是书房
[00:35:17.800 --> 00:35:19.800]  是人群
[00:35:19.800 --> 00:35:21.800]  在人群当中
[00:35:21.800 --> 00:35:23.800]  其实等于什么呢
[00:35:23.800 --> 00:35:25.800]  等于你试下尝试帮你的牧师
[00:35:25.800 --> 00:35:27.800]  出一本他的港道集
[00:35:27.800 --> 00:35:29.800]  这个牧师
[00:35:29.800 --> 00:35:31.800]  在教会里面
[00:35:31.800 --> 00:35:33.800]  25年侍奉
[00:35:33.800 --> 00:35:35.800]  每个礼拜有录音的
[00:35:35.800 --> 00:35:37.800]  现在我们庆祝他
[00:35:37.800 --> 00:35:39.800]  不要说他离开世界纪念他
[00:35:39.800 --> 00:35:41.800]  他荣优
[00:35:41.800 --> 00:35:43.800]  我们给他出一本文集
[00:35:43.800 --> 00:35:45.800]  他的港道集
[00:35:45.800 --> 00:35:47.800]  你头痛吗
[00:35:47.800 --> 00:35:49.800]  你是按年份
[00:35:49.800 --> 00:35:51.800]  25年逐年52篇去
[00:35:51.800 --> 00:35:53.800]  很闷的
[00:35:53.800 --> 00:35:55.800]  有时候不知为什么会说这些
[00:35:55.800 --> 00:35:57.800]  如果每个礼拜都要出
[00:35:57.800 --> 00:35:59.800]  好又出衰又出
[00:35:59.800 --> 00:36:01.800]  不要用年份了
[00:36:01.800 --> 00:36:03.800]  专题吧
[00:36:03.800 --> 00:36:05.800]  很多种选择很多可能
[00:36:05.800 --> 00:36:07.800]  但你要记得
[00:36:07.800 --> 00:36:09.800]  这个背景是决定了
[00:36:09.800 --> 00:36:11.800]  那本书的性质
[00:36:11.800 --> 00:36:13.800]  你没有这个背景
[00:36:13.800 --> 00:36:15.800]  去读先知书的时候
[00:36:15.800 --> 00:36:17.800]  你就不明白性质是这样的
[00:36:17.800 --> 00:36:19.800]  打开以上下书
[00:36:19.800 --> 00:36:21.800]  跳的东西
[00:36:21.800 --> 00:36:23.800]  突然间什么原因会放在一起
[00:36:23.800 --> 00:36:25.800]  在书房里写东西这么乱
[00:36:25.800 --> 00:36:27.800]  你都误会了
[00:36:27.800 --> 00:36:29.800]  你不要怪责他
[00:36:29.800 --> 00:36:31.800]  那是一个完全不同的背景
[00:36:31.800 --> 00:36:33.800]  单元很重要
[00:36:33.800 --> 00:36:35.800]  所以今天
[00:36:35.800 --> 00:36:37.800]  学者研究
[00:36:37.800 --> 00:36:39.800]  这些书卷的时候
[00:36:39.800 --> 00:36:41.800]  第一个要做的功夫
[00:36:41.800 --> 00:36:43.800]  就是将这些单元
[00:36:43.800 --> 00:36:45.800]  分开出来
[00:36:45.800 --> 00:36:47.800]  所以有时候如果看一些英文的
[00:36:47.800 --> 00:36:49.800]  注释书你会遇到
[00:36:49.800 --> 00:36:51.800]  这个字
[00:36:51.800 --> 00:36:53.800]  希腊文来的
[00:36:53.800 --> 00:36:55.800]  用英文读都是用希腊文的方式读
[00:36:55.800 --> 00:36:57.800]  中数就不是
[00:36:57.800 --> 00:36:59.800]  pericope
[00:36:59.800 --> 00:37:01.800]  你遇到这个字
[00:37:01.800 --> 00:37:03.800]  什么意思你查不到英文字典
[00:37:03.800 --> 00:37:05.800]  因为它不是英文来的
[00:37:05.800 --> 00:37:07.800]  是希腊文来的
[00:37:07.800 --> 00:37:11.800]  一个口头的宣讲
[00:37:11.800 --> 00:37:13.800]  在哪里开始
[00:37:13.800 --> 00:37:15.800]  在哪里结束
[00:37:15.800 --> 00:37:17.800]  路加福音记载
[00:37:17.800 --> 00:37:19.800]  那些比喻很清楚
[00:37:19.800 --> 00:37:21.800]  耶稣就写一个比喻
[00:37:21.800 --> 00:37:23.800]  就开始了
[00:37:23.800 --> 00:37:25.800]  说完了就很清楚了
[00:37:25.800 --> 00:37:27.800]  约翰福音就没那么容易了
[00:37:27.800 --> 00:37:29.800]  你只是拿约翰福音
[00:37:29.800 --> 00:37:31.800]  三章十六节
[00:37:31.800 --> 00:37:33.800]  神爱世人
[00:37:33.800 --> 00:37:35.800]  这句话是耶稣说的还是约翰说的
[00:37:35.800 --> 00:37:37.800]  pericope不清楚
[00:37:37.800 --> 00:37:39.800]  耶稣说的
[00:37:39.800 --> 00:37:41.800]  尼哥底姆的对话
[00:37:41.800 --> 00:37:43.800]  说着说着就像约翰
[00:37:43.800 --> 00:37:45.800]  接着说下去
[00:37:45.800 --> 00:37:47.800]  作者的
[00:37:47.800 --> 00:37:49.800]  案语
[00:37:49.800 --> 00:37:51.800]  这种功夫不容易
[00:37:51.800 --> 00:37:53.800]  需要很小心的去做
[00:37:53.800 --> 00:37:55.800]  做的时候
[00:37:55.800 --> 00:37:57.800]  背景就因为我们知道
[00:37:57.800 --> 00:37:59.800]  古时候写作
[00:37:59.800 --> 00:38:01.800]  不是一气呵成地写的
[00:38:01.800 --> 00:38:03.800]  是在一个
[00:38:03.800 --> 00:38:05.800]  宣讲的处境
[00:38:05.800 --> 00:38:07.800]  里面的资料
[00:38:07.800 --> 00:38:09.800]  保留下来
[00:38:09.800 --> 00:38:11.800]  然后编辑成为
[00:38:11.800 --> 00:38:13.800]  一本书
[00:38:13.800 --> 00:38:15.800]  所以这个过程我们要回到
[00:38:15.800 --> 00:38:17.800]  最基本的单元
[00:38:17.800 --> 00:38:19.800]  就是他开始说话了
[00:38:19.800 --> 00:38:21.800]  什么时候结束呢
[00:38:21.800 --> 00:38:23.800]  这个很重要
[00:38:23.800 --> 00:38:25.800]  阿摩斯书的上一堂
[00:38:25.800 --> 00:38:27.800]  我和你看的时候都会顾及到
[00:38:27.800 --> 00:38:29.800]  异象三节圣经
[00:38:29.800 --> 00:38:31.800]  说完了
[00:38:31.800 --> 00:38:33.800]  阿摩斯和阿玛舍的对话
[00:38:33.800 --> 00:38:35.800]  是另一个单元
[00:38:35.800 --> 00:38:37.800]  这两个单元的关系
[00:38:37.800 --> 00:38:39.800]  不一定是时间上
[00:38:39.800 --> 00:38:41.800]  可能是主题上
[00:38:41.800 --> 00:38:43.800]  也可能是第三个原则
[00:38:43.800 --> 00:38:45.800]  我们未曾发现
[00:38:45.800 --> 00:38:47.800]  另外
[00:38:47.800 --> 00:38:49.800]  又多一个
[00:38:49.800 --> 00:38:51.800]  复杂的因素
[00:38:51.800 --> 00:38:53.800]  就是
[00:38:53.800 --> 00:38:55.800]  这群神的僕人
[00:38:55.800 --> 00:38:57.800]  站起来说话的时候
[00:38:57.800 --> 00:38:59.800]  不同于今天
[00:38:59.800 --> 00:39:01.800]  我们这个课堂
[00:39:01.800 --> 00:39:03.800]  一开始我要和
[00:39:03.800 --> 00:39:05.800]  录音的弟兄打个招呼
[00:39:05.800 --> 00:39:07.800]  录吧
[00:39:07.800 --> 00:39:09.800]  昔日以赛雅站起来说话
[00:39:09.800 --> 00:39:11.800]  没有人录音
[00:39:11.800 --> 00:39:13.800]  当然第一没有录音机
[00:39:13.800 --> 00:39:15.800]  第二没有速记员
[00:39:15.800 --> 00:39:17.800]  第三也没有
[00:39:17.800 --> 00:39:19.800]  有人有纸有笔坐在那里
[00:39:19.800 --> 00:39:21.800]  听着他说在那里写
[00:39:21.800 --> 00:39:23.800]  所以
[00:39:23.800 --> 00:39:25.800]  他说完之后
[00:39:25.800 --> 00:39:27.800]  如果他有底稿就最好了
[00:39:27.800 --> 00:39:29.800]  如果他的底稿塞了
[00:39:29.800 --> 00:39:31.800]  或者没有了
[00:39:31.800 --> 00:39:33.800]  或者根本没有底稿
[00:39:33.800 --> 00:39:35.800]  那听的人回去
[00:39:35.800 --> 00:39:37.800]  就记得多少多少
[00:39:37.800 --> 00:39:39.800]  你试一下做一个实验
[00:39:39.800 --> 00:39:41.800]  星期天听完之后
[00:39:41.800 --> 00:39:43.800]  喝茶的时候
[00:39:43.800 --> 00:39:45.800]  你就围着围台十个八个人
[00:39:45.800 --> 00:39:47.800]  个个说今天牧师说了些什么
[00:39:47.800 --> 00:39:49.800]  你可能有十篇讲章
[00:39:49.800 --> 00:39:51.800]  是吧
[00:39:51.800 --> 00:39:53.800]  究竟他说哪个先哪个后
[00:39:53.800 --> 00:39:55.800]  都咬到面红耳绿
[00:39:55.800 --> 00:39:57.800]  所以有时候
[00:39:57.800 --> 00:39:59.800]  你发现耶稣的讲论
[00:39:59.800 --> 00:40:01.800]  为什么同一句说话
[00:40:01.800 --> 00:40:03.800]  会出现两次三次
[00:40:03.800 --> 00:40:05.800]  好像有些不同有些同
[00:40:05.800 --> 00:40:07.800]  这个是凭记忆
[00:40:07.800 --> 00:40:09.800]  太宝贵了
[00:40:09.800 --> 00:40:11.800]  这个资料不是太多
[00:40:11.800 --> 00:40:13.800]  尤其是年份越久远
[00:40:13.800 --> 00:40:15.800]  记得的人就越少
[00:40:15.800 --> 00:40:17.800]  而且可能是
[00:40:17.800 --> 00:40:19.800]  多重的传递之后
[00:40:19.800 --> 00:40:21.800]  记忆的剩余
[00:40:21.800 --> 00:40:23.800]  我再说一次
[00:40:23.800 --> 00:40:25.800]  很复杂的英文中文
[00:40:25.800 --> 00:40:27.800]  阿爷听了
[00:40:27.800 --> 00:40:29.800]  说给阿爸听
[00:40:29.800 --> 00:40:31.800]  阿爸听完说给叔叔听
[00:40:31.800 --> 00:40:33.800]  现在叔叔凭记忆
[00:40:33.800 --> 00:40:35.800]  说回他的兄弟
[00:40:35.800 --> 00:40:37.800]  怎么说他阿爸
[00:40:37.800 --> 00:40:39.800]  怎么听到以太亚说过些什么
[00:40:39.800 --> 00:40:41.800]  你想想很复杂的
[00:40:41.800 --> 00:40:43.800]  但是仅有的资料
[00:40:43.800 --> 00:40:45.800]  我们现在不是有很多
[00:40:45.800 --> 00:40:47.800]  以太亚说过的说话做资料
[00:40:47.800 --> 00:40:49.800]  你要不要
[00:40:49.800 --> 00:40:51.800]  要啊 多大都要
[00:40:51.800 --> 00:40:53.800]  复杂性在哪里呢
[00:40:53.800 --> 00:40:55.800]  复杂性就是当时
[00:40:55.800 --> 00:40:57.800]  这群神的僕人说话的时候
[00:40:57.800 --> 00:40:59.800]  是没有人喜欢听的
[00:40:59.800 --> 00:41:01.800]  刚才我们说过
[00:41:01.800 --> 00:41:03.800]  皇帝收到耶利米的讲章
[00:41:03.800 --> 00:41:05.800]  哎呀 好了
[00:41:05.800 --> 00:41:07.800]  大仙之耶利米签个名
[00:41:07.800 --> 00:41:09.800]  送本书给我
[00:41:09.800 --> 00:41:11.800]  立刻将他珍藏
[00:41:11.800 --> 00:41:13.800]  他的反应是什么
[00:41:13.800 --> 00:41:15.800]  神经病
[00:41:15.800 --> 00:41:17.800]  放在火炉里烧了
[00:41:17.800 --> 00:41:19.800]  你今天收到杨牧师
[00:41:19.800 --> 00:41:21.800]  送本书给你
[00:41:21.800 --> 00:41:23.800]  你都不会烧了吧
[00:41:23.800 --> 00:41:25.800]  你不看就放在书架上
[00:41:25.800 --> 00:41:27.800]  可见当时皇帝
[00:41:27.800 --> 00:41:29.800]  对耶利米的说话
[00:41:29.800 --> 00:41:31.800]  那个鄙视的程度
[00:41:31.800 --> 00:41:35.800]  这个不是街边的黑衣
[00:41:35.800 --> 00:41:39.800]  这个是犹大国的王来的
[00:41:39.800 --> 00:41:41.800]  是当时最有教养
[00:41:41.800 --> 00:41:43.800]  当时最熟悉圣经
[00:41:43.800 --> 00:41:47.800]  当时最有领导的位置
[00:41:47.800 --> 00:41:51.800]  如果听得懂耶利米的说话
[00:41:51.800 --> 00:41:53.800]  应该是他
[00:41:53.800 --> 00:41:55.800]  这个人对耶利米的说话
[00:41:55.800 --> 00:41:57.800]  一点都不看重
[00:41:57.800 --> 00:41:59.800]  而且还讨厌
[00:41:59.800 --> 00:42:01.800]  立刻烧了他
[00:42:01.800 --> 00:42:03.800]  先知
[00:42:03.800 --> 00:42:05.800]  不单在本地不受尊敬
[00:42:05.800 --> 00:42:07.800]  这句话是耶稣的生平
[00:42:07.800 --> 00:42:09.800]  我们碰过
[00:42:09.800 --> 00:42:11.800]  先知在当时的世代
[00:42:11.800 --> 00:42:13.800]  没有一个受尊敬
[00:42:13.800 --> 00:42:15.800]  没有一个
[00:42:15.800 --> 00:42:17.800]  没有一个
[00:42:17.800 --> 00:42:21.800]  他们是不受欢迎的人物
[00:42:21.800 --> 00:42:25.800]  这就有考古的根据
[00:42:25.800 --> 00:42:28.800]  不仅有圣经的根据
[00:42:28.800 --> 00:42:31.800]  我们发现在以色列
[00:42:31.800 --> 00:42:33.800]  一些书信往来上
[00:42:33.800 --> 00:42:35.800]  一个镇守边关的将军
[00:42:35.800 --> 00:42:37.800]  写信给耶路撒冷的皇帝
[00:42:37.800 --> 00:42:39.800]  是大魏的子孙
[00:42:39.800 --> 00:42:41.800]  圣经历史的时代
[00:42:41.800 --> 00:42:43.800]  将军报告奉耶稣的名
[00:42:43.800 --> 00:42:45.800]  问祢安
[00:42:45.800 --> 00:42:47.800]  我们这里太平
[00:42:47.800 --> 00:42:49.800]  军事力量很强大
[00:42:49.800 --> 00:42:51.800]  祢放心只管快乐吧
[00:42:51.800 --> 00:42:53.800]  最后PS
[00:42:53.800 --> 00:42:55.800]  附诸除了很坏的先知
[00:42:55.800 --> 00:42:57.800]  Navi
[00:42:57.800 --> 00:42:59.800]  有个Navi在说的话
[00:42:59.800 --> 00:43:01.800]  令到我们军心震动
[00:43:01.800 --> 00:43:03.800]  有人就说
[00:43:03.800 --> 00:43:05.800]  这是不是耶利米呢
[00:43:05.800 --> 00:43:07.800]  你看到有外证的
[00:43:07.800 --> 00:43:09.800]  当时这群人说的话
[00:43:09.800 --> 00:43:11.800]  是不受尊敬
[00:43:11.800 --> 00:43:13.800]  还是唱反调的
[00:43:13.800 --> 00:43:15.800]  有人说要这样做
[00:43:15.800 --> 00:43:17.800]  他独排众议
[00:43:17.800 --> 00:43:19.800]  他说的话
[00:43:19.800 --> 00:43:21.800]  和当时的爱国
[00:43:21.800 --> 00:43:23.800]  当时大家团结一致
[00:43:23.800 --> 00:43:25.800]  不同的看法
[00:43:25.800 --> 00:43:27.800]  所以这群人
[00:43:27.800 --> 00:43:29.800]  所说的话
[00:43:29.800 --> 00:43:31.800]  在当时来说是不受重视的
[00:43:31.800 --> 00:43:33.800]  没有人会为他们
[00:43:33.800 --> 00:43:35.800]  著书立说的
[00:43:35.800 --> 00:43:37.800]  没有人会将他们的录音带
[00:43:37.800 --> 00:43:39.800]  存起来又录像传递
[00:43:39.800 --> 00:43:41.800]  当时可能是对的
[00:43:41.800 --> 00:43:43.800]  没有人这样做的
[00:43:43.800 --> 00:43:45.800]  听了当耳边风
[00:43:45.800 --> 00:43:47.800]  我们现在安定繁荣
[00:43:47.800 --> 00:43:49.800]  你说些危言耸听的说话
[00:43:49.800 --> 00:43:51.800]  我们现在正是
[00:43:51.800 --> 00:43:53.800]  蒙上帝祝福
[00:43:53.800 --> 00:43:55.800]  你说他要审判我们
[00:43:55.800 --> 00:43:57.800]  你说我们要被捕
[00:43:57.800 --> 00:43:59.800]  我们要亡国
[00:43:59.800 --> 00:44:01.800]  放你到监狱里
[00:44:01.800 --> 00:44:03.800]  阿哈王我和你说过
[00:44:03.800 --> 00:44:05.800]  米戈瓦的例子
[00:44:05.800 --> 00:44:07.800]  他知道他是真正的耶和华发言人
[00:44:07.800 --> 00:44:09.800]  他宁愿听那群
[00:44:09.800 --> 00:44:11.800]  喜欢听说话的人
[00:44:11.800 --> 00:44:13.800]  他不听这个
[00:44:13.800 --> 00:44:15.800]  这个他知道是真的
[00:44:15.800 --> 00:44:17.800]  就把他放到监狱里
[00:44:17.800 --> 00:44:19.800]  这个背景就再多一层
[00:44:19.800 --> 00:44:23.800]  令到先知的信息的保存
[00:44:23.800 --> 00:44:25.800]  受到很大的折扣
[00:44:25.800 --> 00:44:29.800]  意思就是
[00:44:29.800 --> 00:44:31.800]  到什么时候
[00:44:31.800 --> 00:44:33.800]  神的子民才开始珍惜
[00:44:33.800 --> 00:44:37.800]  懂得当是宝
[00:44:37.800 --> 00:44:39.800]  他们所说的话
[00:44:39.800 --> 00:44:41.800]  真是上帝差遣他们来说
[00:44:41.800 --> 00:44:43.800]  到什么时候才发现
[00:44:43.800 --> 00:44:45.800]  亡了国
[00:44:45.800 --> 00:44:47.800]  这群神的僕人
[00:44:47.800 --> 00:44:49.800]  所说的话应验了
[00:44:49.800 --> 00:44:51.800]  不是灵验
[00:44:51.800 --> 00:44:53.800]  不是说
[00:44:53.800 --> 00:44:55.800]  几时几日几日有个将军出现在我门口
[00:44:55.800 --> 00:44:57.800]  杀了我两个妹
[00:44:57.800 --> 00:44:59.800]  不是说那些
[00:44:59.800 --> 00:45:01.800]  不是铁板神算
[00:45:01.800 --> 00:45:03.800]  上帝竟然会
[00:45:03.800 --> 00:45:05.800]  向自己的子民
[00:45:05.800 --> 00:45:07.800]  向大卫的子孙
[00:45:07.800 --> 00:45:09.800]  施行审判
[00:45:09.800 --> 00:45:11.800]  令犹大亡国
[00:45:11.800 --> 00:45:13.800]  令耶路撒冷
[00:45:13.800 --> 00:45:15.800]  败在外邦的
[00:45:15.800 --> 00:45:17.800]  军队手下
[00:45:17.800 --> 00:45:19.800]  这件事不能自信
[00:45:19.800 --> 00:45:21.800]  现在竟然发生
[00:45:21.800 --> 00:45:23.800]  发生的时候就很大件事
[00:45:23.800 --> 00:45:25.800]  为什么会这样
[00:45:25.800 --> 00:45:27.800]  你读圣经
[00:45:27.800 --> 00:45:29.800]  都会读到耶利米哀歌
[00:45:29.800 --> 00:45:31.800]  到诗篇好像是八十篇
[00:45:31.800 --> 00:45:33.800]  八十九篇这一类的经文
[00:45:33.800 --> 00:45:35.800]  就是表达出当时
[00:45:35.800 --> 00:45:37.800]  亡国的那一辈
[00:45:37.800 --> 00:45:39.800]  的犹太人
[00:45:39.800 --> 00:45:41.800]  他们的心情
[00:45:41.800 --> 00:45:43.800]  不只是数那个
[00:45:43.800 --> 00:45:45.800]  情绪上的激动
[00:45:45.800 --> 00:45:47.800]  而是信仰上的怀疑
[00:45:47.800 --> 00:45:49.800]  为什么
[00:45:49.800 --> 00:45:51.800]  上帝会这样
[00:45:51.800 --> 00:45:53.800]  为什么上帝会容许一些这样的事情
[00:45:53.800 --> 00:45:55.800]  淋到他的百姓
[00:45:55.800 --> 00:45:57.800]  我们和上帝立约
[00:45:57.800 --> 00:45:59.800]  约到了哪里
[00:45:59.800 --> 00:46:01.800]  上帝为什么现在不理我们
[00:46:01.800 --> 00:46:03.800]  这一连串的问题
[00:46:03.800 --> 00:46:05.800]  问出来的时候
[00:46:05.800 --> 00:46:07.800]  就一定有人会在旁边说
[00:46:07.800 --> 00:46:09.800]  小小声好大大声好我不知道
[00:46:09.800 --> 00:46:11.800]  其实这些事情
[00:46:11.800 --> 00:46:13.800]  我以前听过
[00:46:13.800 --> 00:46:15.800]  谁谁谁说过
[00:46:15.800 --> 00:46:17.800]  不是我直接听
[00:46:17.800 --> 00:46:19.800]  是我爸爸的爸爸听到
[00:46:19.800 --> 00:46:21.800]  刚才我和你说的几层的传递
[00:46:21.800 --> 00:46:23.800]  找他出来说
[00:46:23.800 --> 00:46:25.800]  在那个时候
[00:46:25.800 --> 00:46:27.800]  他们绝望
[00:46:27.800 --> 00:46:29.800]  所以拿到
[00:46:29.800 --> 00:46:31.800]  拿到多少就多少
[00:46:31.800 --> 00:46:33.800]  上帝真的说过
[00:46:33.800 --> 00:46:35.800]  真的有人这样
[00:46:35.800 --> 00:46:37.800]  曾经说过叫他出来说
[00:46:37.800 --> 00:46:39.800]  叫不到已经死了很久
[00:46:39.800 --> 00:46:41.800]  没可能
[00:46:41.800 --> 00:46:43.800]  他有些门徒在
[00:46:43.800 --> 00:46:45.800]  他有些听众
[00:46:45.800 --> 00:46:47.800]  在
[00:46:47.800 --> 00:46:49.800]  我听谁说
[00:46:49.800 --> 00:46:51.800]  在被捞的时候
[00:46:51.800 --> 00:46:53.800]  先知的说话
[00:46:53.800 --> 00:46:55.800]  就开始受重视
[00:46:55.800 --> 00:46:59.800]  之前一点都不受重视
[00:46:59.800 --> 00:47:01.800]  越繁荣越安定的社会
[00:47:01.800 --> 00:47:03.800]  越不喜欢听这样的说话
[00:47:03.800 --> 00:47:05.800]  这些是亡党亡国的说话
[00:47:05.800 --> 00:47:07.800]  现在真的亡了
[00:47:07.800 --> 00:47:09.800]  以色列犹大都亡了
[00:47:09.800 --> 00:47:11.800]  有人在很久以前
[00:47:11.800 --> 00:47:13.800]  说过这些说话
[00:47:13.800 --> 00:47:15.800]  谁说过
[00:47:15.800 --> 00:47:17.800]  阿摩斯说过
[00:47:17.800 --> 00:47:19.800]  荷西亚说过
[00:47:19.800 --> 00:47:21.800]  尼加说过
[00:47:21.800 --> 00:47:23.800]  这些人的说话
[00:47:23.800 --> 00:47:25.800]  是这样
[00:47:25.800 --> 00:47:27.800]  在选民当中
[00:47:27.800 --> 00:47:29.800]  受到重视
[00:47:29.800 --> 00:47:33.800]  很悲痛的
[00:47:33.800 --> 00:47:37.800]  有耳可听的
[00:47:37.800 --> 00:47:39.800]  就应当听这句说话
[00:47:39.800 --> 00:47:41.800]  背景应该是这样
[00:47:41.800 --> 00:47:43.800]  要听的时候不肯听
[00:47:43.800 --> 00:47:45.800]  没得听的时候
[00:47:45.800 --> 00:47:47.800]  阿摩斯其中有一句说话
[00:47:47.800 --> 00:47:49.800]  他们要饥饿
[00:47:49.800 --> 00:47:51.800]  口渴不是因为没有水
[00:47:51.800 --> 00:47:53.800]  是没有上帝的说话
[00:47:53.800 --> 00:47:55.800]  上帝不说话
[00:47:55.800 --> 00:47:57.800]  不是上帝不说话
[00:47:57.800 --> 00:47:59.800]  上帝说了你不听
[00:47:59.800 --> 00:48:01.800]  现在你要听就辛苦了
[00:48:01.800 --> 00:48:03.800]  你要挖出来
[00:48:03.800 --> 00:48:05.800]  可能经过很多重视
[00:48:05.800 --> 00:48:07.800]  我以前曾经有这种印象
[00:48:07.800 --> 00:48:09.800]  不过都不是直接听
[00:48:09.800 --> 00:48:11.800]  转了很多重视
[00:48:11.800 --> 00:48:13.800]  这个背景令到
[00:48:13.800 --> 00:48:15.800]  先知书
[00:48:15.800 --> 00:48:17.800]  我们今天通常说
[00:48:17.800 --> 00:48:19.800]  这十多卷的先知书
[00:48:19.800 --> 00:48:21.800]  成书的过程
[00:48:21.800 --> 00:48:23.800]  是很复杂的
[00:48:23.800 --> 00:48:25.800]  你一路这样
[00:48:25.800 --> 00:48:27.800]  追的时候你会发觉
[00:48:27.800 --> 00:48:29.800]  和一个人
[00:48:29.800 --> 00:48:31.800]  坐在书房里面
[00:48:31.800 --> 00:48:33.800]  摊开一壶茶
[00:48:33.800 --> 00:48:35.800]  开些音乐
[00:48:35.800 --> 00:48:37.800]  调暗眼灯
[00:48:37.800 --> 00:48:39.800]  抄几本书
[00:48:39.800 --> 00:48:41.800]  打打打
[00:48:41.800 --> 00:48:43.800]  完全不是一幅图画
[00:48:43.800 --> 00:48:45.800]  这个过程本身
[00:48:45.800 --> 00:48:47.800]  是令到为什么
[00:48:47.800 --> 00:48:49.800]  我们在课堂读先知书
[00:48:49.800 --> 00:48:51.800]  好像吃煲汤之后的骨头
[00:48:51.800 --> 00:48:53.800]  不知道哪里咬下手
[00:48:53.800 --> 00:48:55.800]  真的
[00:48:55.800 --> 00:48:57.800]  他的经过过程
[00:48:57.800 --> 00:48:59.800]  令到他里面的信息
[00:48:59.800 --> 00:49:01.800]  有时候是很浓缩的
[00:49:01.800 --> 00:49:03.800]  因为所得来的资料不容易
[00:49:03.800 --> 00:49:05.800]  小小一句都要记下来
[00:49:05.800 --> 00:49:07.800]  不要塞了它
[00:49:07.800 --> 00:49:09.800]  宁愿有在书
[00:49:09.800 --> 00:49:11.800]  第二天再看看怎么明白它
[00:49:11.800 --> 00:49:13.800]  塞了就没有了
[00:49:13.800 --> 00:49:15.800]  第二个因素是
[00:49:15.800 --> 00:49:17.800]  我们读这些书卷的时候
[00:49:17.800 --> 00:49:19.800]  我们要很谦卑
[00:49:19.800 --> 00:49:21.800]  承认
[00:49:21.800 --> 00:49:23.800]  我们有太多
[00:49:23.800 --> 00:49:25.800]  不清楚的因素
[00:49:25.800 --> 00:49:27.800]  令到我们
[00:49:27.800 --> 00:49:29.800]  去读先知书的时候
[00:49:29.800 --> 00:49:31.800]  会有一定的困难
[00:49:31.800 --> 00:49:33.800]  所以
[00:49:33.800 --> 00:49:35.800]  在教会一路以来
[00:49:35.800 --> 00:49:37.800]  所谓easy way out
[00:49:37.800 --> 00:49:39.800]  用了一个
[00:49:39.800 --> 00:49:41.800]  容易的方法读先知书
[00:49:41.800 --> 00:49:43.800]  就是背金句
[00:49:43.800 --> 00:49:45.800]  背一些和尼赛雅有关的金句
[00:49:45.800 --> 00:49:47.800]  背一些和以赤雅书
[00:49:47.800 --> 00:49:49.800]  必有同类为人生子
[00:49:49.800 --> 00:49:51.800]  贪名清为奇妙
[00:49:51.800 --> 00:49:53.800]  贪毛鸡营美容
[00:49:53.800 --> 00:49:55.800]  整本以赤雅书66章
[00:49:55.800 --> 00:49:57.800]  是三句金句
[00:49:57.800 --> 00:49:59.800]  easy way out
[00:49:59.800 --> 00:50:01.800]  我可以忘记整本以赤雅书
[00:50:01.800 --> 00:50:03.800]  我只是
[00:50:03.800 --> 00:50:05.800]  拿几节金句出来
[00:50:05.800 --> 00:50:07.800]  圣诞节布鲁天印出来
[00:50:07.800 --> 00:50:09.800]  受苦节读一次
[00:50:09.800 --> 00:50:11.800]  53章第一节不是起头
[00:50:11.800 --> 00:50:13.800]  是52章13节开始
[00:50:13.800 --> 00:50:15.800]  我们不计较
[00:50:15.800 --> 00:50:17.800]  反正读了算了
[00:50:17.800 --> 00:50:19.800]  聚完就出去喝茶
[00:50:19.800 --> 00:50:21.800]  又一次
[00:50:21.800 --> 00:50:23.800]  先知不受尊重
[00:50:23.800 --> 00:50:25.800]  这就不是
[00:50:25.800 --> 00:50:27.800]  当时的环境
[00:50:27.800 --> 00:50:29.800]  这是今天公理的社会
[00:50:29.800 --> 00:50:31.800]  这些说什么呢
[00:50:31.800 --> 00:50:33.800]  应该受尊重
[00:50:33.800 --> 00:50:35.800]  因为上帝
[00:50:35.800 --> 00:50:37.800]  透过他的发言人
[00:50:37.800 --> 00:50:39.800]  所说的话
[00:50:39.800 --> 00:50:41.800]  内容很重要
[00:50:41.800 --> 00:50:43.800]  我们不听
[00:50:43.800 --> 00:50:45.800]  是我们的损失
[00:50:45.800 --> 00:50:47.800]  我们今晚想尝试
[00:50:47.800 --> 00:50:49.800]  看看究竟
[00:50:49.800 --> 00:50:51.800]  以赤雅书说了些什么
[00:50:51.800 --> 00:50:53.800]  刚才一连串
[00:50:53.800 --> 00:50:55.800]  好像说了很多
[00:50:55.800 --> 00:50:57.800]  其实都是我自己
[00:50:57.800 --> 00:50:59.800]  道歉的方式
[00:50:59.800 --> 00:51:01.800]  我们很多事不知道
[00:51:01.800 --> 00:51:03.800]  代表旧约圣经学者道歉
[00:51:03.800 --> 00:51:05.800]  太多事我们不知道
[00:51:05.800 --> 00:51:07.800]  当时作为信徒
[00:51:07.800 --> 00:51:09.800]  我们要清清楚楚
[00:51:09.800 --> 00:51:11.800]  知道神的话是怎么来的
[00:51:11.800 --> 00:51:13.800]  以赤雅书66章都是以赤雅写的
[00:51:13.800 --> 00:51:15.800]  我差不多要用广东话
[00:51:15.800 --> 00:51:17.800]  告诉大佬
[00:51:17.800 --> 00:51:19.800]  不可能的
[00:51:19.800 --> 00:51:21.800]  做不到的
[00:51:21.800 --> 00:51:23.800]  我们有太多事不知道
[00:51:23.800 --> 00:51:25.800]  可幸的
[00:51:25.800 --> 00:51:27.800]  不断圣经学者仍然
[00:51:27.800 --> 00:51:29.800]  鍥而不舍
[00:51:29.800 --> 00:51:31.800]  在努力中
[00:51:31.800 --> 00:51:33.800]  以赤雅书是90年代
[00:51:33.800 --> 00:51:35.800]  西方的圣经学者
[00:51:35.800 --> 00:51:37.800]  研究的重点
[00:51:37.800 --> 00:51:39.800]  美国的
[00:51:39.800 --> 00:51:41.800]  Society of
[00:51:41.800 --> 00:51:43.800]  Biblical Literature
[00:51:43.800 --> 00:51:45.800]  圣经文学会
[00:51:45.800 --> 00:51:47.800]  他们有一个
[00:51:47.800 --> 00:51:49.800]  小组
[00:51:49.800 --> 00:51:51.800]  所谓小组
[00:51:51.800 --> 00:51:53.800]  其实已经说少了
[00:51:53.800 --> 00:51:55.800]  可能很多人
[00:51:55.800 --> 00:51:57.800]  是各个不同的
[00:51:57.800 --> 00:51:59.800]  神学院和大学里的
[00:51:59.800 --> 00:52:01.800]  旧约学者组成
[00:52:01.800 --> 00:52:03.800]  每年都会发表专文
[00:52:03.800 --> 00:52:05.800]  在他们的年会上
[00:52:05.800 --> 00:52:07.800]  报告研究什么
[00:52:07.800 --> 00:52:09.800]  研究以赤雅书
[00:52:09.800 --> 00:52:11.800]  现在是旧约研究的
[00:52:11.800 --> 00:52:13.800]  重点的前线
[00:52:13.800 --> 00:52:15.800]  最近很多本书
[00:52:15.800 --> 00:52:17.800]  不停出版
[00:52:17.800 --> 00:52:19.800]  讨论以赤雅书
[00:52:19.800 --> 00:52:21.800]  讨论就不是讨论作者问题
[00:52:21.800 --> 00:52:23.800]  这个不是一个问题
[00:52:23.800 --> 00:52:25.800]  讨论的是
[00:52:25.800 --> 00:52:27.800]  如何解释以赤雅书
[00:52:27.800 --> 00:52:29.800]  如何分割
[00:52:29.800 --> 00:52:31.800]  那些单元
[00:52:31.800 --> 00:52:33.800]  单元和单元之间
[00:52:33.800 --> 00:52:35.800]  有什么关系
[00:52:35.800 --> 00:52:37.800]  我们如何解释
[00:52:37.800 --> 00:52:39.800]  以赤雅书
[00:52:39.800 --> 00:52:41.800]  才能误解
[00:52:41.800 --> 00:52:43.800]  全部都是很单纯的动机
[00:52:43.800 --> 00:52:45.800]  不是说要去拆圣经
[00:52:45.800 --> 00:52:47.800]  不是说要诋毁圣经
[00:52:47.800 --> 00:52:49.800]  要诋毁要拆
[00:52:49.800 --> 00:52:51.800]  没有时间做这些
[00:52:51.800 --> 00:52:53.800]  打高尔夫球度假赚钱
[00:52:53.800 --> 00:52:55.800]  真的研究圣经很有心
[00:52:55.800 --> 00:52:57.800]  但是有很多困难
[00:52:57.800 --> 00:52:59.800]  刚才我说了这么久
[00:52:59.800 --> 00:53:01.800]  没有人讲以赤雅书
[00:53:01.800 --> 00:53:03.800]  如果我太早讲以赤雅书
[00:53:03.800 --> 00:53:05.800]  你有个印象会以为很容易
[00:53:05.800 --> 00:53:07.800]  你以为很容易
[00:53:07.800 --> 00:53:09.800]  我就想先用半堂的时间
[00:53:09.800 --> 00:53:11.800]  讲给你听
[00:53:11.800 --> 00:53:13.800]  很难的
[00:53:13.800 --> 00:53:15.800]  你仅有的资料
[00:53:15.800 --> 00:53:17.800]  你懂得宝贵
[00:53:17.800 --> 00:53:19.800]  你不会说很少
[00:53:19.800 --> 00:53:21.800]  有时候PHD
[00:53:21.800 --> 00:53:23.800]  读完博士论文
[00:53:23.800 --> 00:53:25.800]  回来发表他的结论
[00:53:25.800 --> 00:53:27.800]  通常学生会说
[00:53:27.800 --> 00:53:29.800]  这么少
[00:53:29.800 --> 00:53:31.800]  李远哲教授
[00:53:31.800 --> 00:53:33.800]  台湾中央研究院院长
[00:53:33.800 --> 00:53:35.800]  在去年或前年明报预刊
[00:53:35.800 --> 00:53:37.800]  发表了一篇访问
[00:53:37.800 --> 00:53:39.800]  大学生崇拜他的老师
[00:53:39.800 --> 00:53:41.800]  他的老师通天晓
[00:53:41.800 --> 00:53:43.800]  什么都懂
[00:53:43.800 --> 00:53:45.800]  上堂时滔滔不绝
[00:53:45.800 --> 00:53:47.800]  真的有这种印象
[00:53:47.800 --> 00:53:49.800]  我在实行学院教延伸课程
[00:53:49.800 --> 00:53:51.800]  同学写回应问卷
[00:53:51.800 --> 00:53:53.800]  回来说很佩服老师
[00:53:53.800 --> 00:53:55.800]  能够讲了两小时
[00:53:55.800 --> 00:53:57.800]  不停
[00:53:57.800 --> 00:53:59.800]  一上到研究院就不是了
[00:53:59.800 --> 00:54:01.800]  上到研究院
[00:54:01.800 --> 00:54:03.800]  学生来问教授
[00:54:03.800 --> 00:54:05.800]  每样东西教授都说我不知道
[00:54:05.800 --> 00:54:07.800]  你去研究下
[00:54:07.800 --> 00:54:09.800]  你可能懂得多过我
[00:54:09.800 --> 00:54:11.800]  于是学生大失所望
[00:54:11.800 --> 00:54:13.800]  学术沉沦
[00:54:13.800 --> 00:54:15.800]  殊不知李教授说
[00:54:15.800 --> 00:54:17.800]  那才是学问的起点
[00:54:17.800 --> 00:54:19.800]  从不知道开始
[00:54:19.800 --> 00:54:21.800]  所以我想告诉你
[00:54:21.800 --> 00:54:23.800]  这本书的研究
[00:54:23.800 --> 00:54:25.800]  对这本书的研究
[00:54:25.800 --> 00:54:27.800]  今天的起点
[00:54:27.800 --> 00:54:29.800]  还是很生硬
[00:54:29.800 --> 00:54:31.800]  这么多年了
[00:54:31.800 --> 00:54:33.800]  你读来读去
[00:54:33.800 --> 00:54:35.800]  谁跟你怀孕生子就读这么多年
[00:54:35.800 --> 00:54:37.800]  你整本书去读
[00:54:37.800 --> 00:54:39.800]  你试试整本书去读
[00:54:39.800 --> 00:54:41.800]  怎么解释
[00:54:41.800 --> 00:54:43.800]  那真的是不容易的一个过程
[00:54:43.800 --> 00:54:45.800]  但很重要的
[00:54:45.800 --> 00:54:47.800]  所以我们多么艰难
[00:54:47.800 --> 00:54:49.800]  举步维艰
[00:54:49.800 --> 00:54:51.800]  尽量尝试在当中去学习
[00:54:51.800 --> 00:54:53.800]  这是我们唯一的态度
[00:54:53.800 --> 00:54:55.800]  只能够
[00:54:55.800 --> 00:54:57.800]  艰难我艰险我奋进
[00:54:57.800 --> 00:54:59.800]  困乏我多存
[00:54:59.800 --> 00:55:01.800]  新亚的校歌
[00:55:01.800 --> 00:55:03.800]  这都是我们读圣经
[00:55:03.800 --> 00:55:05.800]  研究圣经的精神
[00:55:05.800 --> 00:55:07.800]  做得多少就多少
[00:55:07.800 --> 00:55:09.800]  究竟我们
[00:55:09.800 --> 00:55:11.800]  对以赛亚书
[00:55:11.800 --> 00:55:13.800]  知道多少呢
[00:55:13.800 --> 00:55:15.800]  下半堂
[00:55:15.800 --> 00:55:17.800]  我们尝试回答这个问题
[00:55:17.800 --> 00:55:19.800]  第一我们知道
[00:55:19.800 --> 00:55:21.800]  以赛亚书
[00:55:21.800 --> 00:55:23.800]  是排在这十多卷
[00:55:23.800 --> 00:55:25.800]  所谓Naviim
[00:55:25.800 --> 00:55:27.800]  先知书
[00:55:27.800 --> 00:55:29.800]  的开头
[00:55:29.800 --> 00:55:33.800]  其实都是
[00:55:33.800 --> 00:55:35.800]  实至名归
[00:55:35.800 --> 00:55:37.800]  除了它是最长的一卷之外
[00:55:37.800 --> 00:55:39.800]  它所包括的
[00:55:39.800 --> 00:55:41.800]  历史年代
[00:55:41.800 --> 00:55:43.800]  也都是
[00:55:43.800 --> 00:55:45.800]  整个
[00:55:45.800 --> 00:55:47.800]  以色列
[00:55:47.800 --> 00:55:49.800]  所谓Navi的运动
[00:55:49.800 --> 00:55:51.800]  Navi的Movement
[00:55:51.800 --> 00:55:53.800]  运动不是一个很好的
[00:55:53.800 --> 00:55:55.800]  翻译方法
[00:55:55.800 --> 00:55:57.800]  这群人不是想搞些什么出来的
[00:55:57.800 --> 00:55:59.800]  出现了神的使者
[00:55:59.800 --> 00:56:01.800]  这样说话的
[00:56:01.800 --> 00:56:03.800]  如果我们用
[00:56:03.800 --> 00:56:05.800]  中国的说法
[00:56:05.800 --> 00:56:07.800]  诸子百家
[00:56:07.800 --> 00:56:09.800]  百家争鸣
[00:56:09.800 --> 00:56:11.800]  不同的人
[00:56:11.800 --> 00:56:13.800]  说不同的东西
[00:56:13.800 --> 00:56:15.800]  的确
[00:56:15.800 --> 00:56:17.800]  包括了三个
[00:56:17.800 --> 00:56:19.800]  古代近东的帝国
[00:56:19.800 --> 00:56:21.800]  的时间
[00:56:21.800 --> 00:56:23.800]  亚述
[00:56:23.800 --> 00:56:25.800]  巴比伦和马代波斯
[00:56:25.800 --> 00:56:27.800]  以赛亚书
[00:56:27.800 --> 00:56:29.800]  一至三十九章
[00:56:29.800 --> 00:56:31.800]  大致上是说
[00:56:31.800 --> 00:56:33.800]  亚述帝国时期
[00:56:33.800 --> 00:56:35.800]  然后四十到五十五章
[00:56:35.800 --> 00:56:37.800]  是巴比伦帝国的时期
[00:56:37.800 --> 00:56:39.800]  五十六到六十六
[00:56:39.800 --> 00:56:41.800]  是马代波斯的时期
[00:56:41.800 --> 00:56:43.800]  所以
[00:56:43.800 --> 00:56:45.800]  十九世纪的时候
[00:56:45.800 --> 00:56:47.800]  一位德国的旧有学者
[00:56:47.800 --> 00:56:49.800]  Bernard Duhm
[00:56:49.800 --> 00:56:51.800]  这位学者
[00:56:51.800 --> 00:56:53.800]  他写了一本《以赛亚诗》的注释
[00:56:53.800 --> 00:56:55.800]  他提出有三个的作者
[00:56:55.800 --> 00:56:57.800]  有第一《以赛亚》
[00:56:57.800 --> 00:56:59.800]  一至三十九章
[00:56:59.800 --> 00:57:01.800]  这个是亚述时期的《以赛亚》
[00:57:01.800 --> 00:57:03.800]  第二《以赛亚》
[00:57:03.800 --> 00:57:05.800]  他不是叫《以赛亚》
[00:57:05.800 --> 00:57:07.800]  我们不知道他叫什么名字
[00:57:07.800 --> 00:57:09.800]  这个是被老流亡在巴比伦时代
[00:57:09.800 --> 00:57:11.800]  的一个神的僕人
[00:57:11.800 --> 00:57:13.800]  他的说话
[00:57:13.800 --> 00:57:15.800]  四十到五十五章
[00:57:15.800 --> 00:57:17.800]  就连接起
[00:57:17.800 --> 00:57:19.800]  第一《以赛亚》
[00:57:19.800 --> 00:57:21.800]  耶路撒冷阿摩斯的儿子
[00:57:21.800 --> 00:57:23.800]  的说话一至三十九章
[00:57:23.800 --> 00:57:25.800]  所以我们称之为第二《以赛亚》
[00:57:25.800 --> 00:57:27.800]  然后五十六到六十六
[00:57:27.800 --> 00:57:29.800]  马代波斯的年代又隔了一段时间
[00:57:29.800 --> 00:57:31.800]  有第三个作者
[00:57:31.800 --> 00:57:33.800]  第三《以赛亚》
[00:57:33.800 --> 00:57:35.800]  这些全部是学术上的名称
[00:57:35.800 --> 00:57:37.800]  并没有一个人的身份证里面写着第二《以赛亚》
[00:57:37.800 --> 00:57:39.800]  和第三《以赛亚》
[00:57:39.800 --> 00:57:41.800]  第一《以赛亚》也不是这样写的
[00:57:41.800 --> 00:57:43.800]  阿摩斯的儿子《以赛亚》
[00:57:43.800 --> 00:57:45.800]  你明白我的意思吗
[00:57:45.800 --> 00:57:47.800]  一个年代久远
[00:57:47.800 --> 00:57:49.800]  常识告诉我们
[00:57:49.800 --> 00:57:51.800]  没有一个作者可以
[00:57:51.800 --> 00:57:53.800]  生存那么久
[00:57:53.800 --> 00:57:55.800]  事实上
[00:57:55.800 --> 00:57:57.800]  介绍《以赛亚》的时候
[00:57:57.800 --> 00:57:59.800]  都是说他是乌西亚约坦阿哈斯
[00:57:59.800 --> 00:58:01.800]  到希西加
[00:58:01.800 --> 00:58:03.800]  这四代犹大王的时候
[00:58:03.800 --> 00:58:05.800]  《以赛亚》
[00:58:05.800 --> 00:58:07.800]  是得到默示
[00:58:07.800 --> 00:58:09.800]  全部是
[00:58:09.800 --> 00:58:11.800]  亚述时期的
[00:58:11.800 --> 00:58:13.800]  皇帝
[00:58:13.800 --> 00:58:15.800]  到巴比伦的时候已经亡了
[00:58:15.800 --> 00:58:17.800]  耶路撒冷的《以赛亚》
[00:58:17.800 --> 00:58:19.800]  没有长命
[00:58:19.800 --> 00:58:21.800]  上帝没有维持他的性命
[00:58:21.800 --> 00:58:23.800]  所以在十九世纪
[00:58:23.800 --> 00:58:25.800]  二十世纪初的时候
[00:58:25.800 --> 00:58:27.800]  基本信仰的问题就是他讲寓言
[00:58:27.800 --> 00:58:29.800]  他在耶路撒冷的时候
[00:58:29.800 --> 00:58:31.800]  讲完人们不喜欢听
[00:58:31.800 --> 00:58:33.800]  他闭上门在家里讲寓言
[00:58:33.800 --> 00:58:35.800]  那你看那个四十到五十五章
[00:58:35.800 --> 00:58:37.800]  就没有这个印象
[00:58:37.800 --> 00:58:39.800]  不特意
[00:58:39.800 --> 00:58:41.800]  一会儿我们会看一段圣经
[00:58:41.800 --> 00:58:43.800]  四十到五十五章
[00:58:43.800 --> 00:58:45.800]  第三到第八节
[00:58:45.800 --> 00:58:47.800]  是特别否定一个这样的看法
[00:58:47.800 --> 00:58:49.800]  我们一会儿会看那段圣经
[00:58:49.800 --> 00:58:51.800]  不过我们今天
[00:58:51.800 --> 00:58:53.800]  现在先来讨论
[00:58:53.800 --> 00:58:55.800]  就是用帝国
[00:58:55.800 --> 00:58:57.800]  来将《以赛亚书》
[00:58:57.800 --> 00:58:59.800]  划分成为
[00:58:59.800 --> 00:59:01.800]  一二三部分
[00:59:01.800 --> 00:59:03.800]  就比较过分简单了
[00:59:03.800 --> 00:59:05.800]  过分简单的地方
[00:59:05.800 --> 00:59:07.800]  不是在第二第三部分
[00:59:07.800 --> 00:59:09.800]  四十到五十五章
[00:59:09.800 --> 00:59:11.800]  五十六到六十六章
[00:59:11.800 --> 00:59:13.800]  可以这样归类
[00:59:13.800 --> 00:59:15.800]  一会儿我们会再讲
[00:59:15.800 --> 00:59:17.800]  主要简化了的
[00:59:17.800 --> 00:59:19.800]  就是所谓第一、二赛亚那部分
[00:59:19.800 --> 00:59:21.800]  就是一至三十九章
[00:59:21.800 --> 00:59:23.800]  事实上
[00:59:23.800 --> 00:59:25.800]  一至三十九章的内容很复杂
[00:59:25.800 --> 00:59:27.800]  里面有
[00:59:27.800 --> 00:59:29.800]  很多的资料
[00:59:29.800 --> 00:59:31.800]  我们看到
[00:59:31.800 --> 00:59:33.800]  写作的背景
[00:59:33.800 --> 00:59:35.800]  都不是在
[00:59:35.800 --> 00:59:37.800]  犹大国上传的时候
[00:59:37.800 --> 00:59:39.800]  的说话
[00:59:39.800 --> 00:59:41.800]  所以这样的分类
[00:59:41.800 --> 00:59:43.800]  给我们一个错觉
[00:59:43.800 --> 00:59:45.800]  以为一至三十九章
[00:59:45.800 --> 00:59:47.800]  就好像四十至五十五
[00:59:47.800 --> 00:59:49.800]  或者五十六至六十六
[00:59:49.800 --> 00:59:51.800]  是一个单元
[00:59:51.800 --> 00:59:53.800]  一个很整齐的部分
[00:59:53.800 --> 00:59:55.800]  事实上我们再看清楚一点
[00:59:55.800 --> 00:59:57.800]  我们发觉《以赛亚书》的分段
[00:59:57.800 --> 00:59:59.800]  在第一部分比较复杂
[00:59:59.800 --> 01:00:01.800]  第一章
[01:00:01.800 --> 01:00:03.800]  是自成一个段落
[01:00:03.800 --> 01:00:05.800]  因为它有一个开场
[01:00:05.800 --> 01:00:07.800]  一个标题
[01:00:07.800 --> 01:00:09.800]  就是一章一节
[01:00:09.800 --> 01:00:11.800]  而二章第一节
[01:00:11.800 --> 01:00:13.800]  我们就发现有另一个标题
[01:00:13.800 --> 01:00:15.800]  二章第一节说
[01:00:15.800 --> 01:00:17.800]  阿摩斯的儿子以赛亚德默时
[01:00:17.800 --> 01:00:19.800]  论道犹大王耶路撒冷
[01:00:19.800 --> 01:00:21.800]  夹在这两个标题中间
[01:00:21.800 --> 01:00:23.800]  就是《以赛亚书》第一章
[01:00:23.800 --> 01:00:25.800]  第二节到三十一节
[01:00:25.800 --> 01:00:27.800]  三十节的经文
[01:00:27.800 --> 01:00:29.800]  是一个序言
[01:00:29.800 --> 01:00:31.800]  是整本书的序言
[01:00:31.800 --> 01:00:33.800]  所以这一章很重要
[01:00:33.800 --> 01:00:35.800]  我们一会儿用点时间
[01:00:35.800 --> 01:00:37.800]  要看一看这一章说什么
[01:00:37.800 --> 01:00:39.800]  你今天交篇论文
[01:00:39.800 --> 01:00:41.800]  有一个abstract
[01:00:41.800 --> 01:00:43.800]  有一个撮要
[01:00:43.800 --> 01:00:45.800]  这一章是不是《以赛亚书》的撮要呢
[01:00:45.800 --> 01:00:47.800]  最后那个编者
[01:00:47.800 --> 01:00:49.800]  将六十五章都看过了
[01:00:49.800 --> 01:00:51.800]  然后他将撮要
[01:00:51.800 --> 01:00:53.800]  放在开头
[01:00:53.800 --> 01:00:55.800]  这一章的位置很特别
[01:00:55.800 --> 01:00:57.800]  第二章一节
[01:00:57.800 --> 01:00:59.800]  有一个新的标题
[01:00:59.800 --> 01:01:01.800]  说明是论犹大和耶路撒冷
[01:01:01.800 --> 01:01:03.800]  我们一路看下去
[01:01:03.800 --> 01:01:05.800]  二章到十二章
[01:01:05.800 --> 01:01:07.800]  都有一个历史的背景
[01:01:07.800 --> 01:01:09.800]  这个历史的背景就是
[01:01:09.800 --> 01:01:11.800]  耳马来历的金句
[01:01:11.800 --> 01:01:13.800]  的背景
[01:01:13.800 --> 01:01:15.800]  就是以色列北国
[01:01:15.800 --> 01:01:17.800]  和阿兰
[01:01:17.800 --> 01:01:19.800]  即今天的叙利亚
[01:01:19.800 --> 01:01:21.800]  联合一起
[01:01:21.800 --> 01:01:23.800]  要逼犹大
[01:01:23.800 --> 01:01:25.800]  南国加入
[01:01:25.800 --> 01:01:27.800]  他们造反
[01:01:27.800 --> 01:01:29.800]  反抗
[01:01:29.800 --> 01:01:31.800]  亚述帝国
[01:01:31.800 --> 01:01:33.800]  犹大
[01:01:33.800 --> 01:01:35.800]  如果不肯
[01:01:35.800 --> 01:01:37.800]  以色列和阿兰
[01:01:37.800 --> 01:01:39.800]  就要出兵
[01:01:39.800 --> 01:01:41.800]  来推翻
[01:01:41.800 --> 01:01:43.800]  犹大
[01:01:43.800 --> 01:01:45.800]  的皇军王
[01:01:45.800 --> 01:01:47.800]  就要另立
[01:01:47.800 --> 01:01:49.800]  一个傀儡政府
[01:01:49.800 --> 01:01:51.800]  在这场
[01:01:51.800 --> 01:01:53.800]  战争的威胁当中
[01:01:53.800 --> 01:01:55.800]  以色列才知道
[01:01:55.800 --> 01:01:57.800]  耳马来历的金句
[01:01:57.800 --> 01:01:59.800]  鼎鼎大鸣
[01:01:59.800 --> 01:02:01.800]  在这样的背景下出现
[01:02:01.800 --> 01:02:03.800]  他改两个儿子的名字
[01:02:03.800 --> 01:02:07.800]  努力促致
[01:02:07.800 --> 01:02:09.800]  全是这个背景
[01:02:09.800 --> 01:02:11.800]  耶路撒冷全城的人
[01:02:11.800 --> 01:02:13.800]  都很不安乐很害怕
[01:02:13.800 --> 01:02:15.800]  以色列说不用害怕
[01:02:15.800 --> 01:02:17.800]  这两个国家的军队
[01:02:17.800 --> 01:02:19.800]  是没烟的火把
[01:02:19.800 --> 01:02:21.800]  火都没有
[01:02:21.800 --> 01:02:23.800]  只有烟
[01:02:23.800 --> 01:02:25.800]  你不动自然就熄了
[01:02:25.800 --> 01:02:27.800]  你根本不用动
[01:02:27.800 --> 01:02:29.800]  当时犹大的皇上
[01:02:29.800 --> 01:02:31.800]  想怎么动呢
[01:02:31.800 --> 01:02:33.800]  想去亚述求助
[01:02:33.800 --> 01:02:35.800]  耳上说不需要
[01:02:35.800 --> 01:02:37.800]  这个背景
[01:02:37.800 --> 01:02:39.800]  控制了第二章
[01:02:39.800 --> 01:02:41.800]  到十二章的经文
[01:02:41.800 --> 01:02:43.800]  十三到二十七章
[01:02:43.800 --> 01:02:45.800]  长短差不多
[01:02:45.800 --> 01:02:47.800]  和第一部分
[01:02:47.800 --> 01:02:49.800]  完全不是说
[01:02:49.800 --> 01:02:51.800]  以色列
[01:02:51.800 --> 01:02:53.800]  也不是说犹大
[01:02:53.800 --> 01:02:55.800]  是说一些外邦的国家
[01:02:55.800 --> 01:02:57.800]  包括巴比伦
[01:02:57.800 --> 01:02:59.800]  推罗
[01:02:59.800 --> 01:03:01.800]  埃及
[01:03:01.800 --> 01:03:03.800]  这些不认识神的国家
[01:03:03.800 --> 01:03:05.800]  这一连串的经文
[01:03:05.800 --> 01:03:07.800]  都是一些审判性的经文
[01:03:07.800 --> 01:03:09.800]  以外邦为主
[01:03:09.800 --> 01:03:11.800]  第一段当然是
[01:03:11.800 --> 01:03:13.800]  以耶路撒冷为主
[01:03:13.800 --> 01:03:15.800]  以色列和叙利亚
[01:03:15.800 --> 01:03:17.800]  发动战争的矛头
[01:03:17.800 --> 01:03:19.800]  是直指耶路撒冷
[01:03:19.800 --> 01:03:21.800]  第三段
[01:03:21.800 --> 01:03:23.800]  二十八章
[01:03:23.800 --> 01:03:25.800]  开始到三十九章
[01:03:25.800 --> 01:03:27.800]  另外一场战争
[01:03:27.800 --> 01:03:29.800]  是历史的背景
[01:03:29.800 --> 01:03:31.800]  这个就是我们说的
[01:03:31.800 --> 01:03:33.800]  西拿基勒
[01:03:33.800 --> 01:03:35.800]  亚述的军队
[01:03:35.800 --> 01:03:37.800]  那时已经隔了很久
[01:03:37.800 --> 01:03:39.800]  如果第一个历史背景
[01:03:39.800 --> 01:03:41.800]  是阿哈斯
[01:03:41.800 --> 01:03:43.800]  乌西亚约坦
[01:03:43.800 --> 01:03:45.800]  阿哈斯希西加
[01:03:45.800 --> 01:03:47.800]  现在来到希西加最后的时候
[01:03:47.800 --> 01:03:49.800]  亚述的军队已经
[01:03:49.800 --> 01:03:51.800]  殲灭了
[01:03:51.800 --> 01:03:53.800]  阿兰最北的国家
[01:03:53.800 --> 01:03:55.800]  以色列也亡了
[01:03:55.800 --> 01:03:57.800]  现在来到公元前
[01:03:57.800 --> 01:03:59.800]  七百零一年左右
[01:03:59.800 --> 01:04:01.800]  以色列在七二一公元前
[01:04:01.800 --> 01:04:03.800]  七二一年也就是二十年前已经亡了
[01:04:03.800 --> 01:04:05.800]  犹大现在只剩下自己一个
[01:04:05.800 --> 01:04:07.800]  孤零零在那里
[01:04:07.800 --> 01:04:09.800]  亚述的军队南下
[01:04:09.800 --> 01:04:11.800]  将所有
[01:04:11.800 --> 01:04:13.800]  整个犹大的地方
[01:04:13.800 --> 01:04:15.800]  都拿了
[01:04:15.800 --> 01:04:17.800]  只剩下耶路撒冷
[01:04:17.800 --> 01:04:19.800]  在这样的情况下
[01:04:19.800 --> 01:04:21.800]  以塞亚希西加
[01:04:21.800 --> 01:04:23.800]  如何依靠上帝呢
[01:04:23.800 --> 01:04:25.800]  二十八章到
[01:04:25.800 --> 01:04:27.800]  三十九章
[01:04:27.800 --> 01:04:29.800]  就是这一段
[01:04:29.800 --> 01:04:31.800]  历史背景下
[01:04:31.800 --> 01:04:33.800]  的经文
[01:04:33.800 --> 01:04:35.800]  焦点当然也是耶路撒冷
[01:04:37.800 --> 01:04:39.800]  如果第一段分开了
[01:04:39.800 --> 01:04:41.800]  三个部分
[01:04:41.800 --> 01:04:43.800]  看的时候就
[01:04:43.800 --> 01:04:45.800]  似乎
[01:04:45.800 --> 01:04:47.800]  以塞亚书的内容
[01:04:47.800 --> 01:04:49.800]  都很工整
[01:04:49.800 --> 01:04:51.800]  你会留意到
[01:04:51.800 --> 01:04:53.800]  一三五
[01:04:53.800 --> 01:04:55.800]  以叙战争
[01:04:55.800 --> 01:04:57.800]  二章十二章
[01:04:57.800 --> 01:04:59.800]  二十八到三十九
[01:04:59.800 --> 01:05:01.800]  亚述的军队
[01:05:01.800 --> 01:05:03.800]  围困耶路撒冷
[01:05:03.800 --> 01:05:05.800]  五十六到六十六
[01:05:05.800 --> 01:05:07.800]  回来重建耶路撒冷
[01:05:07.800 --> 01:05:09.800]  焦点
[01:05:09.800 --> 01:05:11.800]  也是耶路撒冷
[01:05:11.800 --> 01:05:13.800]  中间那两段
[01:05:13.800 --> 01:05:15.800]  十三到二十七是针对外邦
[01:05:15.800 --> 01:05:17.800]  四十到五十五
[01:05:17.800 --> 01:05:19.800]  是神的选民
[01:05:19.800 --> 01:05:21.800]  散居
[01:05:21.800 --> 01:05:23.800]  在外邦
[01:05:23.800 --> 01:05:25.800]  如何回归
[01:05:25.800 --> 01:05:27.800]  背景不是耶路撒冷
[01:05:27.800 --> 01:05:29.800]  背景是外邦
[01:05:29.800 --> 01:05:31.800]  有少许
[01:05:31.800 --> 01:05:33.800]  对称的意味在此
[01:05:35.800 --> 01:05:37.800]  这样来划分
[01:05:37.800 --> 01:05:39.800]  其实有一些
[01:05:39.800 --> 01:05:41.800]  假设在此
[01:05:41.800 --> 01:05:43.800]  也有一些研究
[01:05:43.800 --> 01:05:45.800]  作为背景
[01:05:45.800 --> 01:05:47.800]  当然我们可以
[01:05:47.800 --> 01:05:49.800]  相信耶路撒冷
[01:05:49.800 --> 01:05:51.800]  的以塞亚
[01:05:51.800 --> 01:05:53.800]  在他有生之年
[01:05:53.800 --> 01:05:55.800]  写了六十六章圣经
[01:05:55.800 --> 01:05:57.800]  订名以塞亚书
[01:05:57.800 --> 01:05:59.800]  有封面封底
[01:05:59.800 --> 01:06:01.800]  签了个名
[01:06:01.800 --> 01:06:03.800]  交给他的孙子
[01:06:03.800 --> 01:06:05.800]  然后去世
[01:06:05.800 --> 01:06:07.800]  完全有可能
[01:06:07.800 --> 01:06:09.800]  如果上帝要这样做
[01:06:09.800 --> 01:06:11.800]  绝对有可能
[01:06:11.800 --> 01:06:13.800]  现在的问题是上帝有没有这样做
[01:06:13.800 --> 01:06:15.800]  不是上帝可不可能这样做
[01:06:15.800 --> 01:06:17.800]  照经文的内容
[01:06:17.800 --> 01:06:19.800]  来看似乎上帝没有这样做
[01:06:19.800 --> 01:06:21.800]  为什么呢
[01:06:21.800 --> 01:06:23.800]  因为
[01:06:23.800 --> 01:06:25.800]  四十到五十五章
[01:06:25.800 --> 01:06:27.800]  本身有一个
[01:06:27.800 --> 01:06:29.800]  非常特别的结构
[01:06:29.800 --> 01:06:31.800]  这个结构
[01:06:31.800 --> 01:06:33.800]  好像我们看
[01:06:33.800 --> 01:06:35.800]  阿摩斯书一样
[01:06:35.800 --> 01:06:37.800]  是一个很整齐的结构
[01:06:37.800 --> 01:06:39.800]  即是说中间这十六章的圣经
[01:06:39.800 --> 01:06:41.800]  出现的时候
[01:06:41.800 --> 01:06:43.800]  不是凌乱的
[01:06:43.800 --> 01:06:45.800]  刚才我们说过
[01:06:45.800 --> 01:06:47.800]  我们不知道很多东西
[01:06:47.800 --> 01:06:49.800]  但我们看得到的
[01:06:49.800 --> 01:06:51.800]  资料告诉我们
[01:06:51.800 --> 01:06:53.800]  就是在被捞的时期
[01:06:53.800 --> 01:06:55.800]  犹太亡了国
[01:06:55.800 --> 01:06:57.800]  大部分的精英
[01:06:57.800 --> 01:06:59.800]  好像弹尔利这群人
[01:06:59.800 --> 01:07:01.800]  努力去了巴比伦的首都
[01:07:01.800 --> 01:07:03.800]  但有其他人
[01:07:03.800 --> 01:07:05.800]  没有去到巴比伦
[01:07:05.800 --> 01:07:07.800]  譬如你读耶利米诗的结束
[01:07:07.800 --> 01:07:09.800]  你知道有些人去了埃及
[01:07:09.800 --> 01:07:11.800]  想叫耶利米去
[01:07:11.800 --> 01:07:13.800]  耶利米不肯去
[01:07:13.800 --> 01:07:15.800]  也有些人留在巴勒斯坦
[01:07:15.800 --> 01:07:17.800]  没有走
[01:07:17.800 --> 01:07:19.800]  有些人逃去了旁边的国家
[01:07:19.800 --> 01:07:21.800]  以东这些地方
[01:07:21.800 --> 01:07:23.800]  所以不只是巴比伦一个地方
[01:07:23.800 --> 01:07:25.800]  而以塞亚四十到五十五章
[01:07:25.800 --> 01:07:27.800]  就是宣布
[01:07:27.800 --> 01:07:29.800]  上帝扭转
[01:07:29.800 --> 01:07:31.800]  整个的局势
[01:07:31.800 --> 01:07:33.800]  让选民
[01:07:33.800 --> 01:07:35.800]  可以从地的四方八面
[01:07:35.800 --> 01:07:37.800]  东南西北
[01:07:37.800 --> 01:07:39.800]  回到耶路撒冷
[01:07:39.800 --> 01:07:41.800]  这个扭转局势
[01:07:41.800 --> 01:07:43.800]  事后孔明
[01:07:43.800 --> 01:07:45.800]  我们就说得
[01:07:45.800 --> 01:07:47.800]  好像没什么特别
[01:07:47.800 --> 01:07:49.800]  因为帝国的殖民政策改变
[01:07:49.800 --> 01:07:51.800]  亚述用的政策
[01:07:51.800 --> 01:07:53.800]  回归到耶路撒冷
[01:07:53.800 --> 01:07:55.800]  是这样的
[01:07:55.800 --> 01:07:57.800]  亚述用的政策
[01:07:57.800 --> 01:07:59.800]  和巴比伦不同
[01:07:59.800 --> 01:08:01.800]  巴比伦用的政策和马达波斯不同
[01:08:01.800 --> 01:08:03.800]  他们都学到教训
[01:08:03.800 --> 01:08:05.800]  亚述用什么政策
[01:08:05.800 --> 01:08:07.800]  亚述用一个恐吓的政策
[01:08:07.800 --> 01:08:09.800]  用残暴的政策
[01:08:09.800 --> 01:08:11.800]  所以他们军队
[01:08:11.800 --> 01:08:13.800]  所到之处是血腥的
[01:08:13.800 --> 01:08:15.800]  今天还在考古
[01:08:15.800 --> 01:08:17.800]  发掘出来
[01:08:17.800 --> 01:08:19.800]  那些浮雕
[01:08:19.800 --> 01:08:21.800]  城墙上画的画
[01:08:21.800 --> 01:08:23.800]  刻出来的画
[01:08:23.800 --> 01:08:25.800]  亚述的军人
[01:08:25.800 --> 01:08:27.800]  将他的俘虏剥皮
[01:08:27.800 --> 01:08:29.800]  用这种手法
[01:08:29.800 --> 01:08:31.800]  来吓唬敌人
[01:08:31.800 --> 01:08:33.800]  然后将他们不同的人
[01:08:33.800 --> 01:08:35.800]  互相对调
[01:08:35.800 --> 01:08:37.800]  所以北国以色列
[01:08:37.800 --> 01:08:39.800]  亡了之后
[01:08:39.800 --> 01:08:41.800]  到新约的时候
[01:08:41.800 --> 01:08:43.800]  撒玛利亚人
[01:08:43.800 --> 01:08:45.800]  犹太人当他们是杂种
[01:08:45.800 --> 01:08:47.800]  因为他们在亡国之后
[01:08:47.800 --> 01:08:49.800]  亚述将其他
[01:08:49.800 --> 01:08:51.800]  人民搬来撒玛利亚
[01:08:51.800 --> 01:08:53.800]  混婚
[01:08:53.800 --> 01:08:55.800]  所以就没有
[01:08:55.800 --> 01:08:57.800]  以色列人
[01:08:57.800 --> 01:08:59.800]  巴比伦的做法有点不同
[01:08:59.800 --> 01:09:01.800]  巴比伦的做法就是将精英
[01:09:01.800 --> 01:09:03.800]  全部带到巴比伦
[01:09:03.800 --> 01:09:05.800]  不是困住他们
[01:09:05.800 --> 01:09:07.800]  不要搞错
[01:09:07.800 --> 01:09:09.800]  你读大义的书就知道
[01:09:09.800 --> 01:09:11.800]  是训练他们
[01:09:11.800 --> 01:09:13.800]  做AO
[01:09:13.800 --> 01:09:15.800]  做政务官
[01:09:15.800 --> 01:09:17.800]  所以大义一直坐在宰相的职位
[01:09:17.800 --> 01:09:19.800]  他是一个犹太人
[01:09:19.800 --> 01:09:21.800]  你读圣经
[01:09:21.800 --> 01:09:23.800]  你会发觉
[01:09:23.800 --> 01:09:25.800]  尼希米
[01:09:25.800 --> 01:09:27.800]  这群人在外国的地方
[01:09:27.800 --> 01:09:29.800]  当他们要回耶路撒冷的时候
[01:09:29.800 --> 01:09:31.800]  他们是政府里面的高官
[01:09:31.800 --> 01:09:33.800]  在外邦的政府
[01:09:33.800 --> 01:09:35.800]  巴比伦的政策就是
[01:09:35.800 --> 01:09:37.800]  拿你最好的人才
[01:09:37.800 --> 01:09:39.800]  收为己用
[01:09:39.800 --> 01:09:41.800]  偏收你
[01:09:41.800 --> 01:09:43.800]  收服你 用你
[01:09:43.800 --> 01:09:45.800]  马代波斯又不同
[01:09:45.800 --> 01:09:47.800]  古列王
[01:09:47.800 --> 01:09:49.800]  打下巴比伦帝国之后
[01:09:49.800 --> 01:09:51.800]  他的做法就是
[01:09:51.800 --> 01:09:53.800]  港人治港
[01:09:53.800 --> 01:09:55.800]  你是犹太人
[01:09:55.800 --> 01:09:57.800]  你回到自己的国家
[01:09:57.800 --> 01:09:59.800]  大家各归各成
[01:09:59.800 --> 01:10:01.800]  以至到每个人自己
[01:10:01.800 --> 01:10:03.800]  管自己的事
[01:10:03.800 --> 01:10:05.800]  安定繁荣
[01:10:05.800 --> 01:10:07.800]  现在说回来很容易
[01:10:07.800 --> 01:10:09.800]  昔日如果你是
[01:10:09.800 --> 01:10:11.800]  置身于当时的历史时间
[01:10:11.800 --> 01:10:13.800]  你不知道在发生什么事
[01:10:13.800 --> 01:10:15.800]  这些帝国
[01:10:15.800 --> 01:10:17.800]  这些帝国
[01:10:17.800 --> 01:10:19.800]  几十年之间就换了
[01:10:19.800 --> 01:10:21.800]  每一次换的时候
[01:10:21.800 --> 01:10:23.800]  你不知道是杀戮的开始
[01:10:23.800 --> 01:10:25.800]  抑或是什么是祸是福
[01:10:25.800 --> 01:10:27.800]  没有人知道 多数是祸
[01:10:27.800 --> 01:10:29.800]  战争是连长的
[01:10:29.800 --> 01:10:31.800]  事实上你和我今天生活在香港
[01:10:31.800 --> 01:10:33.800]  这几十年
[01:10:33.800 --> 01:10:35.800]  是在战争的夹缝当中
[01:10:35.800 --> 01:10:37.800]  我们不知道下一次什么时候打仗
[01:10:37.800 --> 01:10:39.800]  这次的夹缝好像很久
[01:10:39.800 --> 01:10:41.800]  由1945年到现在1996
[01:10:41.800 --> 01:10:43.800]  如果在长远的历史来说
[01:10:43.800 --> 01:10:45.800]  半个世纪很短的时间
[01:10:45.800 --> 01:10:47.800]  你看回中国近代的历史
[01:10:47.800 --> 01:10:49.800]  战争是不断发生的
[01:10:49.800 --> 01:10:51.800]  昔日也是
[01:10:51.800 --> 01:10:53.800]  在当时对犹太人来说
[01:10:53.800 --> 01:10:55.800]  他们散居在海外
[01:10:55.800 --> 01:10:57.800]  现在
[01:10:57.800 --> 01:10:59.800]  马代波斯古列兴起
[01:10:59.800 --> 01:11:01.800]  是祸还是福呢
[01:11:01.800 --> 01:11:03.800]  《以上下书》
[01:11:03.800 --> 01:11:05.800]  40到55章就宣告
[01:11:05.800 --> 01:11:07.800]  这个是上帝
[01:11:07.800 --> 01:11:09.800]  兴起使他们
[01:11:09.800 --> 01:11:11.800]  能够翻耶路撒冷
[01:11:11.800 --> 01:11:13.800]  的一个原因
[01:11:13.800 --> 01:11:15.800]  这件事情
[01:11:15.800 --> 01:11:17.800]  在当时来说
[01:11:17.800 --> 01:11:19.800]  是不可置信的
[01:11:19.800 --> 01:11:21.800]  是很难明白的
[01:11:21.800 --> 01:11:23.800]  在当时
[01:11:23.800 --> 01:11:25.800]  没什么人有反应的
[01:11:25.800 --> 01:11:27.800]  每个人都是存疑的
[01:11:27.800 --> 01:11:29.800]  是不是真的
[01:11:29.800 --> 01:11:31.800]  所以你不要以为回归耶路撒冷
[01:11:31.800 --> 01:11:33.800]  是好庆贺的
[01:11:33.800 --> 01:11:35.800]  不是的
[01:11:35.800 --> 01:11:37.800]  每个人都安顿了
[01:11:37.800 --> 01:11:39.800]  所谓第二代
[01:11:39.800 --> 01:11:41.800]  已经在唐人街
[01:11:41.800 --> 01:11:43.800]  离开了洗衣店和餐馆
[01:11:43.800 --> 01:11:45.800]  已经变成了
[01:11:45.800 --> 01:11:47.800]  专业人士了
[01:11:47.800 --> 01:11:49.800]  坐在巴士后面说英文
[01:11:49.800 --> 01:11:51.800]  都认不出你是中国人
[01:11:51.800 --> 01:11:53.800]  你又要回中国
[01:11:53.800 --> 01:11:55.800]  回唐山
[01:11:55.800 --> 01:11:57.800]  又有两辆车又有间大屋
[01:11:57.800 --> 01:11:59.800]  这一段经文
[01:11:59.800 --> 01:12:01.800]  40到55章
[01:12:01.800 --> 01:12:03.800]  是很有结构的
[01:12:03.800 --> 01:12:05.800]  在《以上下书》
[01:12:05.800 --> 01:12:07.800]  里面
[01:12:07.800 --> 01:12:09.800]  而56到66章
[01:12:09.800 --> 01:12:11.800]  学者也都
[01:12:11.800 --> 01:12:13.800]  找出了
[01:12:13.800 --> 01:12:15.800]  一个相似的结构
[01:12:15.800 --> 01:12:17.800]  这些结构
[01:12:17.800 --> 01:12:19.800]  在《阿摩斯书》里面
[01:12:19.800 --> 01:12:21.800]  是线型的结构
[01:12:21.800 --> 01:12:23.800]  前后对称的
[01:12:23.800 --> 01:12:25.800]  这些经文
[01:12:25.800 --> 01:12:27.800]  背后有一个作者
[01:12:27.800 --> 01:12:29.800]  一个编者在
[01:12:29.800 --> 01:12:31.800]  很小心的将经文
[01:12:31.800 --> 01:12:33.800]  整理排列
[01:12:33.800 --> 01:12:35.800]  然后不只是说
[01:12:35.800 --> 01:12:37.800]  可以写出来
[01:12:37.800 --> 01:12:39.800]  这些结构不写出来是没有意思的
[01:12:39.800 --> 01:12:41.800]  是听不到的
[01:12:41.800 --> 01:12:43.800]  是要看才看得到的
[01:12:43.800 --> 01:12:45.800]  那就是说
[01:12:45.800 --> 01:12:47.800]  《以上下书》成书的背景
[01:12:47.800 --> 01:12:49.800]  就不是耶路撒冷
[01:12:49.800 --> 01:12:51.800]  而是在秘鲁的时候
[01:12:51.800 --> 01:12:53.800]  这个信息
[01:12:53.800 --> 01:12:55.800]  对
[01:12:55.800 --> 01:12:57.800]  秘鲁流亡的
[01:12:57.800 --> 01:12:59.800]  犹太人提出一个
[01:12:59.800 --> 01:13:01.800]  请求的信息
[01:13:01.800 --> 01:13:03.800]  是《以上下书》的核心
[01:13:03.800 --> 01:13:05.800]  我刚才说过
[01:13:05.800 --> 01:13:07.800]  很多学者在研究《以上下书》
[01:13:07.800 --> 01:13:09.800]  就是尝试在
[01:13:09.800 --> 01:13:11.800]  第一到三十九章里面
[01:13:11.800 --> 01:13:13.800]  去找结构
[01:13:13.800 --> 01:13:15.800]  那不容易的
[01:13:15.800 --> 01:13:17.800]  很多尝试失败
[01:13:17.800 --> 01:13:19.800]  你提出一个意见
[01:13:19.800 --> 01:13:21.800]  乱来的
[01:13:21.800 --> 01:13:23.800]  反复讨论很多
[01:13:23.800 --> 01:13:25.800]  刚刚我看到
[01:13:25.800 --> 01:13:27.800]  美国
[01:13:27.800 --> 01:13:29.800]  一个出版社宣布
[01:13:29.800 --> 01:13:31.800]  今年暑假会出一本书
[01:13:31.800 --> 01:13:33.800]  作者答应在这本书里
[01:13:33.800 --> 01:13:35.800]  他会宣布
[01:13:35.800 --> 01:13:37.800]  《以上下书》二到十二章
[01:13:37.800 --> 01:13:39.800]  有一个线形结构
[01:13:39.800 --> 01:13:41.800]  是以马来历
[01:13:41.800 --> 01:13:43.800]  这句话为核心的
[01:13:43.800 --> 01:13:45.800]  我很兴奋,我马上写信给他
[01:13:45.800 --> 01:13:47.800]  这些是现在
[01:13:47.800 --> 01:13:49.800]  在做的功夫,所以我说给你听的时候
[01:13:49.800 --> 01:13:51.800]  可能有很多讨论在进行
[01:13:51.800 --> 01:13:53.800]  有没有定论呢?没有定论
[01:13:53.800 --> 01:13:55.800]  但是这个方向
[01:13:55.800 --> 01:13:57.800]  是很正确的,就是发觉到
[01:13:57.800 --> 01:13:59.800]  其实与其
[01:13:59.800 --> 01:14:01.800]  好像十九世纪的印象
[01:14:01.800 --> 01:14:03.800]  先有耶路撒冷的
[01:14:03.800 --> 01:14:05.800]  以塞亚
[01:14:05.800 --> 01:14:07.800]  写了一本书叫
[01:14:07.800 --> 01:14:09.800]  一至三十九章
[01:14:09.800 --> 01:14:11.800]  一轮
[01:14:11.800 --> 01:14:13.800]  第二以塞亚接着
[01:14:13.800 --> 01:14:15.800]  看完一至三十九章之后
[01:14:15.800 --> 01:14:17.800]  写四十到五十五章
[01:14:17.800 --> 01:14:19.800]  然后有第三以塞亚
[01:14:19.800 --> 01:14:21.800]  现在不是这么看了
[01:14:21.800 --> 01:14:23.800]  从经文的内容我们发觉
[01:14:23.800 --> 01:14:25.800]  以塞亚书的确是核心
[01:14:25.800 --> 01:14:27.800]  中间那部分
[01:14:27.800 --> 01:14:29.800]  四十到五十五章
[01:14:29.800 --> 01:14:31.800]  四十到五十五章说什么呢?
[01:14:31.800 --> 01:14:33.800]  以塞亚书的信息
[01:14:33.800 --> 01:14:35.800]  在中间
[01:14:35.800 --> 01:14:37.800]  这十六章里面
[01:14:37.800 --> 01:14:39.800]  其中经常出现的
[01:14:39.800 --> 01:14:41.800]  两句说话
[01:14:41.800 --> 01:14:43.800]  就是先前的事
[01:14:43.800 --> 01:14:45.800]  和末后的事
[01:14:45.800 --> 01:14:49.800]  我给了一些经文的
[01:14:49.800 --> 01:14:51.800]  经节给你,但是我们没有时间
[01:14:51.800 --> 01:14:53.800]  逐一的去看
[01:14:53.800 --> 01:14:55.800]  你可以自己回去的时候
[01:14:55.800 --> 01:14:57.800]  慢慢来参考
[01:14:57.800 --> 01:14:59.800]  这十六章提到先前的事
[01:14:59.800 --> 01:15:01.800]  和末后的事
[01:15:01.800 --> 01:15:03.800]  很有趣
[01:15:03.800 --> 01:15:05.800]  我们看看其中一段
[01:15:05.800 --> 01:15:07.800]  四十八章
[01:15:07.800 --> 01:15:09.800]  很重要的经文
[01:15:09.800 --> 01:15:11.800]  在以塞亚书四十八章
[01:15:11.800 --> 01:15:13.800]  第三节开始
[01:15:13.800 --> 01:15:15.800]  主说
[01:15:15.800 --> 01:15:17.800]  先前的事
[01:15:17.800 --> 01:15:19.800]  我从古时说明
[01:15:19.800 --> 01:15:21.800]  已经出了我的口
[01:15:21.800 --> 01:15:23.800]  也是我所指示的
[01:15:23.800 --> 01:15:25.800]  我忽然间行作
[01:15:25.800 --> 01:15:27.800]  我忽然间做这件事
[01:15:27.800 --> 01:15:29.800]  事情便成就
[01:15:29.800 --> 01:15:31.800]  这里说得很清楚
[01:15:31.800 --> 01:15:33.800]  先前那件事
[01:15:33.800 --> 01:15:35.800]  上帝一早就说了
[01:15:35.800 --> 01:15:37.800]  所以到他做的时候
[01:15:37.800 --> 01:15:39.800]  那件事成就
[01:15:39.800 --> 01:15:41.800]  大家应该知道
[01:15:41.800 --> 01:15:43.800]  因为他一早说了
[01:15:43.800 --> 01:15:45.800]  为什么他要说了先做呢?
[01:15:45.800 --> 01:15:47.800]  第四节
[01:15:47.800 --> 01:15:49.800]  因为我素来知道你是还耿的
[01:15:49.800 --> 01:15:51.800]  你的颈项是铁的
[01:15:51.800 --> 01:15:53.800]  你的额是铜的
[01:15:53.800 --> 01:15:55.800]  所以我从古时
[01:15:55.800 --> 01:15:57.800]  将这事给你说明
[01:15:57.800 --> 01:15:59.800]  在未成以前
[01:15:59.800 --> 01:16:01.800]  只是你免得你说
[01:16:01.800 --> 01:16:03.800]  这些事
[01:16:03.800 --> 01:16:05.800]  是我的偶像所行的
[01:16:05.800 --> 01:16:07.800]  是我雕刻的偶像
[01:16:07.800 --> 01:16:09.800]  和我铸造的偶像
[01:16:09.800 --> 01:16:11.800]  所命定的
[01:16:11.800 --> 01:16:13.800]  你已经听见
[01:16:13.800 --> 01:16:15.800]  现在要看见这一切
[01:16:15.800 --> 01:16:17.800]  你不说明吗?
[01:16:17.800 --> 01:16:19.800]  这里已经是一个段落
[01:16:19.800 --> 01:16:21.800]  在第六节的中间
[01:16:21.800 --> 01:16:23.800]  所以我刚才说的
[01:16:23.800 --> 01:16:25.800]  很重要的
[01:16:25.800 --> 01:16:27.800]  第六节不可以直读
[01:16:27.800 --> 01:16:29.800]  这里上帝说的一件事
[01:16:29.800 --> 01:16:31.800]  就是以前的事情
[01:16:31.800 --> 01:16:33.800]  我一早就说了
[01:16:33.800 --> 01:16:35.800]  古时不是说摩西不是说阿伯拉罕
[01:16:35.800 --> 01:16:37.800]  我一早就说了
[01:16:37.800 --> 01:16:39.800]  事情未发生我宣布
[01:16:39.800 --> 01:16:41.800]  免得我知道你心硬
[01:16:41.800 --> 01:16:43.800]  免得那件事发生的时候
[01:16:43.800 --> 01:16:45.800]  你就说是偶像
[01:16:45.800 --> 01:16:47.800]  什么事情会引起这样的反应
[01:16:47.800 --> 01:16:49.800]  亡国
[01:16:49.800 --> 01:16:51.800]  以色列亡国
[01:16:51.800 --> 01:16:53.800]  犹太亡国
[01:16:53.800 --> 01:16:55.800]  你心硬就会说要打输仗
[01:16:55.800 --> 01:16:57.800]  马杜克厉害了
[01:16:57.800 --> 01:16:59.800]  巴比伦的神
[01:16:59.800 --> 01:17:01.800]  赢了
[01:17:01.800 --> 01:17:03.800]  你不可以这么说
[01:17:03.800 --> 01:17:05.800]  因为未曾发生之前
[01:17:05.800 --> 01:17:07.800]  我已经派我的僕人
[01:17:07.800 --> 01:17:09.800]  一早就说我会使你们亡国
[01:17:09.800 --> 01:17:11.800]  我会使你们被捕
[01:17:11.800 --> 01:17:13.800]  是我做的
[01:17:13.800 --> 01:17:15.800]  我未做之前就已经宣布
[01:17:15.800 --> 01:17:17.800]  到我做的时候你就知道
[01:17:17.800 --> 01:17:19.800]  事情我已经说清楚了
[01:17:19.800 --> 01:17:21.800]  这是先前的事
[01:17:21.800 --> 01:17:23.800]  未完没
[01:17:23.800 --> 01:17:25.800]  第六节下半节
[01:17:25.800 --> 01:17:27.800]  从今以后我将身事抹后的事
[01:17:27.800 --> 01:17:29.800]  就是你所不知道的隐秘事
[01:17:29.800 --> 01:17:31.800]  只是你
[01:17:31.800 --> 01:17:33.800]  这是现今做的
[01:17:33.800 --> 01:17:35.800]  并非从古就有
[01:17:35.800 --> 01:17:37.800]  在今日已先
[01:17:37.800 --> 01:17:39.800]  你也未曾听见
[01:17:39.800 --> 01:17:41.800]  为什么
[01:17:41.800 --> 01:17:43.800]  免得你说
[01:17:43.800 --> 01:17:45.800]  我早已知道
[01:17:45.800 --> 01:17:47.800]  你未曾听见
[01:17:47.800 --> 01:17:49.800]  未曾知道
[01:17:49.800 --> 01:17:51.800]  你的耳朵从来未曾开通
[01:17:51.800 --> 01:17:53.800]  我知道你行事诡诈
[01:17:53.800 --> 01:17:55.800]  从出胎以来
[01:17:55.800 --> 01:17:57.800]  就是称为搏役
[01:17:57.800 --> 01:17:59.800]  这个抹后的身事是指什么
[01:17:59.800 --> 01:18:01.800]  如果你归纳经文来看
[01:18:01.800 --> 01:18:03.800]  只有一件事
[01:18:03.800 --> 01:18:05.800]  就是上帝请求他们回归
[01:18:05.800 --> 01:18:07.800]  很奇怪
[01:18:07.800 --> 01:18:09.800]  先知的信息说
[01:18:09.800 --> 01:18:11.800]  上帝以前没有说这件事
[01:18:11.800 --> 01:18:13.800]  耶利米一早就说了
[01:18:13.800 --> 01:18:15.800]  70年了
[01:18:15.800 --> 01:18:17.800]  这件事不是很多人相信
[01:18:17.800 --> 01:18:19.800]  以塞尔瓦的说法
[01:18:19.800 --> 01:18:21.800]  大部分人都没有这个想法
[01:18:21.800 --> 01:18:23.800]  正如今天你读福音书
[01:18:23.800 --> 01:18:25.800]  你会觉得耶稣钉十字架
[01:18:25.800 --> 01:18:27.800]  每个门徒都在数手指
[01:18:27.800 --> 01:18:29.800]  数着祂复活
[01:18:29.800 --> 01:18:31.800]  不是的
[01:18:31.800 --> 01:18:33.800]  虽然耶稣说了很多次
[01:18:33.800 --> 01:18:35.800]  但到祂死了之后
[01:18:35.800 --> 01:18:37.800]  那些门徒一个都不会相信
[01:18:37.800 --> 01:18:39.800]  祂会复活
[01:18:39.800 --> 01:18:41.800]  福音书记载彼得和约翰
[01:18:41.800 --> 01:18:43.800]  去到坟墓那里
[01:18:43.800 --> 01:18:45.800]  约翰年轻跑得快
[01:18:45.800 --> 01:18:47.800]  冲进去,不敢进去
[01:18:47.800 --> 01:18:49.800]  站在坟墓门口
[01:18:49.800 --> 01:18:51.800]  不敢进去
[01:18:51.800 --> 01:18:53.800]  彼得年纪大走得慢
[01:18:53.800 --> 01:18:55.800]  来到的时候
[01:18:55.800 --> 01:18:57.800]  进去了没有
[01:18:57.800 --> 01:18:59.800]  妇女说不见了尸体
[01:18:59.800 --> 01:19:01.800]  约翰说你进去吧
[01:19:01.800 --> 01:19:03.800]  彼得很爱主
[01:19:03.800 --> 01:19:05.800]  你可以看片培灵讲道
[01:19:05.800 --> 01:19:07.800]  冲进去,发觉真的不见了主的尸体
[01:19:07.800 --> 01:19:09.800]  圣经记载
[01:19:09.800 --> 01:19:11.800]  祂出来就变信了
[01:19:11.800 --> 01:19:13.800]  你不要以为
[01:19:13.800 --> 01:19:15.800]  祂信耶稣复活
[01:19:15.800 --> 01:19:17.800]  上文下
[01:19:17.800 --> 01:19:19.800]  祂才信那群女人不是乱说的
[01:19:19.800 --> 01:19:23.800]  是这个意思
[01:19:23.800 --> 01:19:25.800]  所以你今天读回来
[01:19:25.800 --> 01:19:27.800]  有时你读多了东西进去
[01:19:27.800 --> 01:19:29.800]  那些门徒等着耶稣复活
[01:19:29.800 --> 01:19:31.800]  不是,犹太人等着那群犹太人
[01:19:31.800 --> 01:19:33.800]  一点都不是
[01:19:33.800 --> 01:19:35.800]  这里的经文说
[01:19:35.800 --> 01:19:37.800]  是今天才知道的
[01:19:37.800 --> 01:19:39.800]  是今天才宣布的
[01:19:39.800 --> 01:19:41.800]  以前从来没有告诉他们
[01:19:41.800 --> 01:19:43.800]  为什么不说
[01:19:43.800 --> 01:19:45.800]  免得他们说
[01:19:45.800 --> 01:19:47.800]  上帝宅打
[01:19:47.800 --> 01:19:49.800]  又必前果
[01:19:49.800 --> 01:19:51.800]  上帝打伤我们又会医治我们
[01:19:51.800 --> 01:19:53.800]  对那个审判的
[01:19:53.800 --> 01:19:55.800]  管教就轻忽从事
[01:19:55.800 --> 01:19:57.800]  荷西亚书
[01:19:57.800 --> 01:19:59.800]  六章那里念口旺
[01:19:59.800 --> 01:20:01.800]  这样说出来
[01:20:01.800 --> 01:20:03.800]  不是,审判是严厉的
[01:20:03.800 --> 01:20:05.800]  被捞是刻骨铭心的
[01:20:05.800 --> 01:20:07.800]  那个拯救
[01:20:07.800 --> 01:20:09.800]  反而是一件新的事情
[01:20:09.800 --> 01:20:11.800]  所以
[01:20:11.800 --> 01:20:13.800]  从这个角度来看
[01:20:13.800 --> 01:20:15.800]  我们有理由去推论
[01:20:15.800 --> 01:20:17.800]  只是推论,没有百分之一百的证据
[01:20:17.800 --> 01:20:19.800]  以赛亚书的成书
[01:20:19.800 --> 01:20:21.800]  事实上
[01:20:21.800 --> 01:20:23.800]  是从四十到五十五章开始
[01:20:23.800 --> 01:20:25.800]  在被捞的时候
[01:20:25.800 --> 01:20:27.800]  神兴起
[01:20:27.800 --> 01:20:29.800]  他的使者
[01:20:29.800 --> 01:20:31.800]  向犹太人
[01:20:31.800 --> 01:20:33.800]  宣布
[01:20:33.800 --> 01:20:35.800]  上帝要使他们回归耶路撒冷
[01:20:35.800 --> 01:20:37.800]  古列刚刚兴起
[01:20:37.800 --> 01:20:39.800]  你读这十六章的圣经
[01:20:39.800 --> 01:20:41.800]  古列刚刚开始赢
[01:20:41.800 --> 01:20:43.800]  大家都震惊
[01:20:43.800 --> 01:20:45.800]  为什么突然有一个将军
[01:20:45.800 --> 01:20:47.800]  对巴比伦帝国
[01:20:47.800 --> 01:20:49.800]  构成这么大的威胁
[01:20:49.800 --> 01:20:51.800]  到底这个对世界局势
[01:20:51.800 --> 01:20:53.800]  是祸是福,大家都不敢想
[01:20:53.800 --> 01:20:55.800]  神的僕人
[01:20:55.800 --> 01:20:57.800]  站起来说
[01:20:57.800 --> 01:20:59.800]  这是上帝使我们回归
[01:20:59.800 --> 01:21:01.800]  的兆头
[01:21:01.800 --> 01:21:03.800]  是上帝的作为
[01:21:03.800 --> 01:21:05.800]  没有人敢相信
[01:21:05.800 --> 01:21:07.800]  没有人敢相信
[01:21:07.800 --> 01:21:09.800]  这个说法的前因
[01:21:09.800 --> 01:21:11.800]  先前的事
[01:21:11.800 --> 01:21:13.800]  就是他们亡国
[01:21:13.800 --> 01:21:15.800]  亡国的事情,谁说得很清楚
[01:21:15.800 --> 01:21:17.800]  耶路撒冷的以赛亚
[01:21:17.800 --> 01:21:19.800]  在刚才我们分的段落里
[01:21:19.800 --> 01:21:21.800]  以赛亚不断警告他们
[01:21:21.800 --> 01:21:23.800]  你们不相信上帝
[01:21:23.800 --> 01:21:25.800]  你们不信任上帝
[01:21:25.800 --> 01:21:27.800]  你们不依靠上帝
[01:21:27.800 --> 01:21:29.800]  你们就会亡国
[01:21:29.800 --> 01:21:31.800]  所以到了被捕的时候
[01:21:31.800 --> 01:21:33.800]  先前的事,上帝说得很清楚
[01:21:33.800 --> 01:21:35.800]  一早说了
[01:21:35.800 --> 01:21:37.800]  证据,以赛亚的说话
[01:21:37.800 --> 01:21:39.800]  一至三十九章
[01:21:39.800 --> 01:21:41.800]  摆在你的眼前,看一看,读一看
[01:21:41.800 --> 01:21:43.800]  这个就是先前
[01:21:43.800 --> 01:21:45.800]  上帝说了
[01:21:45.800 --> 01:21:47.800]  应验了,上帝所说的
[01:21:47.800 --> 01:21:49.800]  的确照他僕人所说的
[01:21:49.800 --> 01:21:51.800]  是这样发生
[01:21:51.800 --> 01:21:53.800]  不过,另外一节的圣经
[01:21:53.800 --> 01:21:55.800]  是很特别的
[01:21:55.800 --> 01:21:59.800]  在第四十三章
[01:21:59.800 --> 01:22:03.800]  第十八十九节
[01:22:03.800 --> 01:22:05.800]  以上下书四十三章
[01:22:05.800 --> 01:22:07.800]  十八十九节
[01:22:07.800 --> 01:22:09.800]  耶和说
[01:22:09.800 --> 01:22:11.800]  如此说,你们不要
[01:22:11.800 --> 01:22:13.800]  纪念从前的事
[01:22:13.800 --> 01:22:15.800]  也不要思想
[01:22:15.800 --> 01:22:17.800]  古时的事
[01:22:17.800 --> 01:22:19.800]  看啊,我要作一件新事
[01:22:19.800 --> 01:22:21.800]  如今要发现
[01:22:21.800 --> 01:22:23.800]  你们岂不
[01:22:23.800 --> 01:22:25.800]  知道吗
[01:22:25.800 --> 01:22:27.800]  圣经学者对这两节圣经
[01:22:27.800 --> 01:22:29.800]  是摇头的
[01:22:29.800 --> 01:22:31.800]  如果他不是肯定
[01:22:31.800 --> 01:22:33.800]  先前的事是指被捕
[01:22:33.800 --> 01:22:35.800]  末后的事是指拯救
[01:22:35.800 --> 01:22:37.800]  这个不是人人都同意的
[01:22:37.800 --> 01:22:39.800]  这个解释很多人有不同的解法
[01:22:39.800 --> 01:22:41.800]  其中一个解法是先前的事
[01:22:41.800 --> 01:22:43.800]  是指出埃及
[01:22:43.800 --> 01:22:45.800]  为何上帝会说
[01:22:45.800 --> 01:22:47.800]  你不要纪念出埃及了
[01:22:47.800 --> 01:22:49.800]  我现在做的事情更加伟大
[01:22:49.800 --> 01:22:51.800]  这才是
[01:22:51.800 --> 01:22:53.800]  夸张的
[01:22:53.800 --> 01:22:55.800]  他们要纪念出埃及
[01:22:55.800 --> 01:22:57.800]  不过现在发生的事情
[01:22:57.800 --> 01:22:59.800]  是比起第二个
[01:22:59.800 --> 01:23:01.800]  出埃及,被捕回归
[01:23:01.800 --> 01:23:03.800]  所以更加荣耀
[01:23:03.800 --> 01:23:05.800]  相对之下
[01:23:05.800 --> 01:23:07.800]  你们不要纪念了
[01:23:07.800 --> 01:23:09.800]  这样的解释
[01:23:09.800 --> 01:23:11.800]  是很昂贵的
[01:23:11.800 --> 01:23:13.800]  兜很大圈
[01:23:13.800 --> 01:23:15.800]  为了确定
[01:23:15.800 --> 01:23:17.800]  先前的事是出埃及
[01:23:17.800 --> 01:23:19.800]  如果你试下了解先前的事
[01:23:19.800 --> 01:23:21.800]  是被捕,是上帝的审判
[01:23:21.800 --> 01:23:23.800]  就很简单了
[01:23:23.800 --> 01:23:25.800]  上帝审判你们,上帝使你们亡国
[01:23:25.800 --> 01:23:27.800]  你们一天在巴比伦
[01:23:27.800 --> 01:23:29.800]  一天就暗暗沉沉
[01:23:29.800 --> 01:23:31.800]  我们在巴比伦的河边,将我们的琴挂在柳树上
[01:23:31.800 --> 01:23:33.800]  我们不能唱歌
[01:23:33.800 --> 01:23:35.800]  我们很凄凉
[01:23:35.800 --> 01:23:37.800]  耶路撒冷
[01:23:37.800 --> 01:23:39.800]  不要暗沉了
[01:23:39.800 --> 01:23:41.800]  不要只顾着亡国的事
[01:23:41.800 --> 01:23:43.800]  那件事发生了
[01:23:43.800 --> 01:23:45.800]  过去了
[01:23:45.800 --> 01:23:47.800]  现在我要做一件新的事情
[01:23:47.800 --> 01:23:49.800]  发生的时候,你们要注意
[01:23:49.800 --> 01:23:51.800]  现在,不是过去
[01:23:51.800 --> 01:23:53.800]  所以
[01:23:53.800 --> 01:23:55.800]  以赤雅书让我们看到
[01:23:55.800 --> 01:23:57.800]  这样的次序
[01:23:57.800 --> 01:23:59.800]  先前审判的事情
[01:23:59.800 --> 01:24:01.800]  现在上帝的拯救
[01:24:01.800 --> 01:24:03.800]  所以
[01:24:03.800 --> 01:24:05.800]  分段都是这样的
[01:24:05.800 --> 01:24:07.800]  以前的事情
[01:24:07.800 --> 01:24:09.800]  上帝一早说得很清楚,在哪里说
[01:24:09.800 --> 01:24:11.800]  以赤雅先知已经说得很清楚了
[01:24:11.800 --> 01:24:13.800]  但那不是重点
[01:24:13.800 --> 01:24:15.800]  重点是今天
[01:24:15.800 --> 01:24:17.800]  上帝要做一件新的事情
[01:24:17.800 --> 01:24:19.800]  上帝要带你们回耶路撒冷
[01:24:19.800 --> 01:24:21.800]  耶路撒冷是他的核心
[01:24:21.800 --> 01:24:23.800]  耶路撒冷是他的焦点
[01:24:23.800 --> 01:24:25.800]  现在,大家要回去相信
[01:24:25.800 --> 01:24:27.800]  上帝的命令
[01:24:27.800 --> 01:24:29.800]  第二个的主题
[01:24:29.800 --> 01:24:31.800]  和这个信息
[01:24:31.800 --> 01:24:33.800]  也很有关系
[01:24:33.800 --> 01:24:35.800]  就是,我们会很记得
[01:24:35.800 --> 01:24:37.800]  上两堂,我都说过
[01:24:37.800 --> 01:24:39.800]  以赤雅蒙召的时候
[01:24:39.800 --> 01:24:41.800]  上帝告诉他
[01:24:41.800 --> 01:24:43.800]  你去和这群百姓
[01:24:43.800 --> 01:24:45.800]  说话
[01:24:45.800 --> 01:24:47.800]  这群百姓是眼睛昏迷
[01:24:47.800 --> 01:24:49.800]  耳朵发沉
[01:24:49.800 --> 01:24:51.800]  又蒙了心
[01:24:51.800 --> 01:24:53.800]  看事要看见,却不明白
[01:24:53.800 --> 01:24:55.800]  听事要听见,却不晓得
[01:24:55.800 --> 01:24:57.800]  听事要听见,却不晓得
[01:24:57.800 --> 01:24:59.800]  我们说过,这几句说话
[01:24:59.800 --> 01:25:01.800]  很重要,耶稣出来传道的时候
[01:25:01.800 --> 01:25:03.800]  都引用的经文
[01:25:03.800 --> 01:25:05.800]  耳聋和
[01:25:05.800 --> 01:25:07.800]  眼瞎的象征
[01:25:07.800 --> 01:25:09.800]  是贯通整卷
[01:25:09.800 --> 01:25:11.800]  以赤雅书的
[01:25:11.800 --> 01:25:13.800]  我们只读第六章
[01:25:13.800 --> 01:25:15.800]  读到的味道就是审判的味道
[01:25:15.800 --> 01:25:17.800]  这群人
[01:25:17.800 --> 01:25:19.800]  第一,自己不肯听
[01:25:19.800 --> 01:25:21.800]  所以
[01:25:21.800 --> 01:25:23.800]  上帝差遣他的
[01:25:23.800 --> 01:25:25.800]  服人来
[01:25:25.800 --> 01:25:27.800]  加强他们的
[01:25:27.800 --> 01:25:29.800]  环境
[01:25:29.800 --> 01:25:31.800]  审判来的
[01:25:31.800 --> 01:25:33.800]  但是这个耳聋和
[01:25:33.800 --> 01:25:35.800]  黑眼出现在
[01:25:35.800 --> 01:25:37.800]  以赤雅书其他的部分
[01:25:37.800 --> 01:25:39.800]  特别如果你读
[01:25:39.800 --> 01:25:41.800]  第六一两节
[01:25:41.800 --> 01:25:43.800]  二十九章
[01:25:43.800 --> 01:25:45.800]  第十八节
[01:25:45.800 --> 01:25:47.800]  那时
[01:25:47.800 --> 01:25:49.800]  聋子必听见
[01:25:49.800 --> 01:25:51.800]  这书上的话
[01:25:51.800 --> 01:25:53.800]  瞎子的眼
[01:25:53.800 --> 01:25:55.800]  必从迷蒙黑暗中
[01:25:55.800 --> 01:25:57.800]  得以看见
[01:25:57.800 --> 01:25:59.800]  谦卑人因耶和华
[01:25:59.800 --> 01:26:01.800]  增添欢喜
[01:26:01.800 --> 01:26:03.800]  人间贫穷的
[01:26:03.800 --> 01:26:05.800]  必因以色列的圣者快乐
[01:26:05.800 --> 01:26:07.800]  这里说耳聋和
[01:26:07.800 --> 01:26:09.800]  黑眼就完全不是
[01:26:09.800 --> 01:26:11.800]  审判的味道
[01:26:11.800 --> 01:26:13.800]  是拯救
[01:26:13.800 --> 01:26:15.800]  聋的要能够听见
[01:26:15.800 --> 01:26:17.800]  黑眼的在黑暗中
[01:26:17.800 --> 01:26:19.800]  能够看见
[01:26:19.800 --> 01:26:21.800]  三十五章
[01:26:21.800 --> 01:26:23.800]  第五节
[01:26:23.800 --> 01:26:25.800]  那时
[01:26:25.800 --> 01:26:27.800]  瞎子的眼必睁开
[01:26:27.800 --> 01:26:29.800]  聋子的耳必开通
[01:26:29.800 --> 01:26:31.800]  那时
[01:26:31.800 --> 01:26:33.800]  瞿子必跳跃像鹿
[01:26:33.800 --> 01:26:35.800]  雅巴的舌头必能歌唱
[01:26:35.800 --> 01:26:37.800]  荡野有水发出
[01:26:37.800 --> 01:26:39.800]  沙漠有河涌流
[01:26:39.800 --> 01:26:41.800]  这是上帝的拯救
[01:26:41.800 --> 01:26:43.800]  耳聋
[01:26:43.800 --> 01:26:45.800]  黑眼是审判
[01:26:45.800 --> 01:26:47.800]  还是拯救呢
[01:26:47.800 --> 01:26:49.800]  去到第四十二章
[01:26:49.800 --> 01:26:51.800]  回来我们说
[01:26:51.800 --> 01:26:53.800]  耳塞耳书的核心
[01:26:53.800 --> 01:26:55.800]  中间的十六章
[01:26:55.800 --> 01:26:57.800]  两个意思一起出现
[01:26:57.800 --> 01:26:59.800]  四十二章
[01:26:59.800 --> 01:27:01.800]  第七节
[01:27:01.800 --> 01:27:03.800]  开瞿子的眼
[01:27:03.800 --> 01:27:05.800]  领被囚的出牢狱
[01:27:05.800 --> 01:27:07.800]  领在黑暗的出监牢
[01:27:07.800 --> 01:27:09.800]  我们说
[01:27:09.800 --> 01:27:11.800]  这个瞿子不是说
[01:27:11.800 --> 01:27:13.800]  他真是肉身的眼睛
[01:27:13.800 --> 01:27:15.800]  瞎了
[01:27:15.800 --> 01:27:17.800]  是指他在黑牢当中
[01:27:17.800 --> 01:27:19.800]  坐了很久监
[01:27:19.800 --> 01:27:21.800]  以致不习惯看见阳光
[01:27:21.800 --> 01:27:23.800]  是这样的一个
[01:27:23.800 --> 01:27:25.800]  被囚禁的象征的说法
[01:27:25.800 --> 01:27:27.800]  在第十六节
[01:27:27.800 --> 01:27:29.800]  又说这些
[01:27:29.800 --> 01:27:31.800]  我要引瞿子行不认识的道
[01:27:31.800 --> 01:27:33.800]  领他们走
[01:27:33.800 --> 01:27:35.800]  不知道的路
[01:27:35.800 --> 01:27:37.800]  在他们面前使黑暗
[01:27:37.800 --> 01:27:39.800]  变为光明
[01:27:39.800 --> 01:27:41.800]  使弯曲变为平直
[01:27:41.800 --> 01:27:43.800]  这些事我都要行
[01:27:43.800 --> 01:27:45.800]  并不离弃他们
[01:27:45.800 --> 01:27:47.800]  上帝的拯救
[01:27:47.800 --> 01:27:49.800]  说完没有
[01:27:49.800 --> 01:27:51.800]  十八节继续说下去
[01:27:51.800 --> 01:27:53.800]  你们这个耳聋的要听
[01:27:53.800 --> 01:27:55.800]  眼黑的要看
[01:27:55.800 --> 01:27:57.800]  谁被我的僕人
[01:27:57.800 --> 01:27:59.800]  眼黑呢
[01:27:59.800 --> 01:28:01.800]  神的僕人
[01:28:01.800 --> 01:28:03.800]  竟然耳聋眼黑是什么意思
[01:28:03.800 --> 01:28:05.800]  被巴比伦囚禁
[01:28:05.800 --> 01:28:07.800]  选民被掳
[01:28:07.800 --> 01:28:09.800]  这个事实是清楚的
[01:28:09.800 --> 01:28:11.800]  但也有另外一个意思
[01:28:11.800 --> 01:28:13.800]  就是第六章所说的意思
[01:28:13.800 --> 01:28:15.800]  二十节
[01:28:15.800 --> 01:28:17.800]  你看见许多事情却不领会
[01:28:17.800 --> 01:28:19.800]  耳朵开通却不听见
[01:28:19.800 --> 01:28:21.800]  这个主题
[01:28:21.800 --> 01:28:23.800]  贯穿以色列书
[01:28:23.800 --> 01:28:25.800]  既是审判
[01:28:25.800 --> 01:28:27.800]  又是请求
[01:28:27.800 --> 01:28:29.800]  你不可以只选择其中一样
[01:28:29.800 --> 01:28:31.800]  正如刚才说的
[01:28:31.800 --> 01:28:33.800]  先前的事是审判
[01:28:33.800 --> 01:28:35.800]  末后的事情新的事情是请求
[01:28:35.800 --> 01:28:37.800]  你不可以只选择一样的
[01:28:37.800 --> 01:28:39.800]  贯穿以色列书的主题
[01:28:39.800 --> 01:28:41.800]  审判
[01:28:41.800 --> 01:28:43.800]  和请求一起出现
[01:28:43.800 --> 01:28:45.800]  第三点也是很重要的
[01:28:45.800 --> 01:28:47.800]  在这个核心的部分
[01:28:47.800 --> 01:28:49.800]  这十六章圣经里就说
[01:28:49.800 --> 01:28:51.800]  创造
[01:28:51.800 --> 01:28:53.800]  创造我们先由为主
[01:28:53.800 --> 01:28:55.800]  想着就是上帝做天地
[01:28:55.800 --> 01:28:57.800]  但是
[01:28:57.800 --> 01:28:59.800]  在四十三章
[01:28:59.800 --> 01:29:01.800]  一节和第七节
[01:29:01.800 --> 01:29:03.800]  就说到
[01:29:03.800 --> 01:29:05.800]  雅各亚
[01:29:05.800 --> 01:29:07.800]  创造你的耶和华
[01:29:07.800 --> 01:29:09.800]  第七节的说话
[01:29:09.800 --> 01:29:11.800]  我为自己的荣耀
[01:29:11.800 --> 01:29:13.800]  创造
[01:29:13.800 --> 01:29:15.800]  作成造作
[01:29:15.800 --> 01:29:17.800]  三个希伯来文的动词
[01:29:17.800 --> 01:29:19.800]  都是说上帝创造
[01:29:19.800 --> 01:29:21.800]  不是创造天地
[01:29:21.800 --> 01:29:23.800]  是创造以色列
[01:29:23.800 --> 01:29:25.800]  学者
[01:29:25.800 --> 01:29:27.800]  有不同的意见
[01:29:27.800 --> 01:29:29.800]  有人认为这是上帝
[01:29:29.800 --> 01:29:31.800]  最先挑选以色列
[01:29:31.800 --> 01:29:33.800]  从埃及拯救出来
[01:29:33.800 --> 01:29:35.800]  创造他的子民
[01:29:35.800 --> 01:29:37.800]  有人说不是
[01:29:37.800 --> 01:29:39.800]  这是指他被老回归
[01:29:39.800 --> 01:29:41.800]  上帝现在创造
[01:29:41.800 --> 01:29:43.800]  他的子民经过审判
[01:29:43.800 --> 01:29:45.800]  亡国之后重新再造国
[01:29:45.800 --> 01:29:47.800]  这两个的说法
[01:29:47.800 --> 01:29:49.800]  都是基于
[01:29:49.800 --> 01:29:51.800]  对创造的动词
[01:29:51.800 --> 01:29:53.800]  有一个新的开始
[01:29:53.800 --> 01:29:55.800]  这样的观念
[01:29:55.800 --> 01:29:57.800]  所以以色列
[01:29:57.800 --> 01:29:59.800]  第一次出现,出埃及
[01:29:59.800 --> 01:30:01.800]  以色列亡国了,再一次出现
[01:30:01.800 --> 01:30:03.800]  新的开始,创造
[01:30:03.800 --> 01:30:05.800]  但是如果我们留意
[01:30:05.800 --> 01:30:07.800]  在43章第七节
[01:30:07.800 --> 01:30:09.800]  这个一连串的
[01:30:09.800 --> 01:30:11.800]  创造的字眼
[01:30:11.800 --> 01:30:13.800]  三个动词一起用
[01:30:13.800 --> 01:30:15.800]  这个情况
[01:30:15.800 --> 01:30:17.800]  在45章第五节到第七节
[01:30:17.800 --> 01:30:19.800]  又重新出现
[01:30:19.800 --> 01:30:21.800]  中文翻译
[01:30:21.800 --> 01:30:23.800]  不是很
[01:30:23.800 --> 01:30:25.800]  consistent,不是很
[01:30:25.800 --> 01:30:27.800]  贯彻,所以你看不到
[01:30:27.800 --> 01:30:29.800]  那三个创造的
[01:30:29.800 --> 01:30:31.800]  动词,意思你之后会看到
[01:30:31.800 --> 01:30:33.800]  45章第
[01:30:33.800 --> 01:30:35.800]  七节
[01:30:35.800 --> 01:30:37.800]  就是那三个动词
[01:30:37.800 --> 01:30:39.800]  出现的地方
[01:30:39.800 --> 01:30:41.800]  我做光,又做暗
[01:30:41.800 --> 01:30:43.800]  我做平安
[01:30:43.800 --> 01:30:45.800]  中文译是思平安
[01:30:45.800 --> 01:30:47.800]  创造的字
[01:30:47.800 --> 01:30:49.800]  又降灾祸
[01:30:49.800 --> 01:30:51.800]  降又是创造的
[01:30:51.800 --> 01:30:53.800]  动词,造作
[01:30:53.800 --> 01:30:55.800]  这一切的是我耶和华
[01:30:55.800 --> 01:30:57.800]  这里就不是
[01:30:57.800 --> 01:30:59.800]  讲新的开始
[01:30:59.800 --> 01:31:01.800]  这里是讲上帝
[01:31:01.800 --> 01:31:03.800]  负责一切
[01:31:03.800 --> 01:31:05.800]  无论是亡国
[01:31:05.800 --> 01:31:07.800]  无论是回归
[01:31:07.800 --> 01:31:09.800]  无论是光
[01:31:09.800 --> 01:31:11.800]  是暗,无论是平安
[01:31:11.800 --> 01:31:13.800]  是灾祸,都是
[01:31:13.800 --> 01:31:15.800]  上帝负责
[01:31:15.800 --> 01:31:17.800]  上帝是以色列的
[01:31:17.800 --> 01:31:19.800]  创造主,即是说
[01:31:19.800 --> 01:31:21.800]  你不可以将发生在
[01:31:21.800 --> 01:31:23.800]  以色列身上的事情
[01:31:23.800 --> 01:31:25.800]  归咎
[01:31:25.800 --> 01:31:27.800]  或者归功于
[01:31:27.800 --> 01:31:29.800]  任何其他的神明
[01:31:29.800 --> 01:31:31.800]  这个创造
[01:31:31.800 --> 01:31:33.800]  的说话和你看
[01:31:33.800 --> 01:31:35.800]  45章第五节对六节
[01:31:35.800 --> 01:31:37.800]  除我以外没有
[01:31:37.800 --> 01:31:39.800]  别臣,耶和华
[01:31:39.800 --> 01:31:41.800]  在我以外没有别臣
[01:31:41.800 --> 01:31:43.800]  你不可以将这些事情
[01:31:43.800 --> 01:31:45.800]  发生的时候
[01:31:45.800 --> 01:31:47.800]  赖在另外的神明
[01:31:47.800 --> 01:31:49.800]  或者
[01:31:49.800 --> 01:31:51.800]  归功于另外的神明
[01:31:51.800 --> 01:31:53.800]  和刚才我们讲先前的事
[01:31:53.800 --> 01:31:55.800]  现今的事,新的事情一样
[01:31:55.800 --> 01:31:57.800]  上帝一早告诉你
[01:31:57.800 --> 01:31:59.800]  让你不要归荣要给偶像
[01:31:59.800 --> 01:32:01.800]  上帝的创造表示
[01:32:01.800 --> 01:32:03.800]  祂的主权
[01:32:03.800 --> 01:32:05.800]  在五十四章十六节
[01:32:05.800 --> 01:32:07.800]  你自己看,我不和你读了
[01:32:07.800 --> 01:32:09.800]  在那里上帝一年
[01:32:09.800 --> 01:32:11.800]  用了两次创造
[01:32:11.800 --> 01:32:13.800]  创造以色列的敌人
[01:32:13.800 --> 01:32:15.800]  攻击
[01:32:15.800 --> 01:32:17.800]  以色列的人是我所创造
[01:32:17.800 --> 01:32:19.800]  上帝和他们
[01:32:19.800 --> 01:32:21.800]  有个新的开始
[01:32:21.800 --> 01:32:23.800]  和敌人有个新的关系
[01:32:23.800 --> 01:32:25.800]  上帝管理
[01:32:25.800 --> 01:32:27.800]  连他的敌人都管理
[01:32:27.800 --> 01:32:29.800]  上帝的权并
[01:32:29.800 --> 01:32:31.800]  在以色列的敌人身上
[01:32:31.800 --> 01:32:33.800]  没错,以色列亡国的时候
[01:32:33.800 --> 01:32:35.800]  犹大亡国的时候
[01:32:35.800 --> 01:32:37.800]  亚述是我手中的形象
[01:32:37.800 --> 01:32:39.800]  形象不是image
[01:32:39.800 --> 01:32:41.800]  打你的藤条
[01:32:41.800 --> 01:32:43.800]  刑罚的像
[01:32:43.800 --> 01:32:45.800]  刑罚的工具
[01:32:45.800 --> 01:32:47.800]  上帝有权
[01:32:47.800 --> 01:32:49.800]  令以色列的敌人
[01:32:49.800 --> 01:32:51.800]  完成
[01:32:51.800 --> 01:32:53.800]  神的心意
[01:32:53.800 --> 01:32:55.800]  现在上帝有权
[01:32:55.800 --> 01:32:57.800]  使古列完成
[01:32:57.800 --> 01:32:59.800]  回归
[01:32:59.800 --> 01:33:01.800]  重建的心意
[01:33:01.800 --> 01:33:03.800]  这一切都是在
[01:33:03.800 --> 01:33:05.800]  上帝的创造
[01:33:05.800 --> 01:33:07.800]  的权并下
[01:33:07.800 --> 01:33:09.800]  这个创造
[01:33:09.800 --> 01:33:11.800]  包括审判
[01:33:11.800 --> 01:33:13.800]  包括拯救
[01:33:13.800 --> 01:33:15.800]  我做光又做暗
[01:33:15.800 --> 01:33:17.800]  我施平安
[01:33:17.800 --> 01:33:19.800]  又降灾祸
[01:33:19.800 --> 01:33:21.800]  一一贯彻
[01:33:21.800 --> 01:33:23.800]  这个主题仍然
[01:33:23.800 --> 01:33:25.800]  在《以赤雅书》当中
[01:33:25.800 --> 01:33:27.800]  第四
[01:33:27.800 --> 01:33:29.800]  我们都记得
[01:33:29.800 --> 01:33:31.800]  《以赤雅书》中间这部分
[01:33:31.800 --> 01:33:33.800]  有几首所谓拂人之歌
[01:33:33.800 --> 01:33:35.800]  最出名的就是
[01:33:35.800 --> 01:33:37.800]  我们刚才说过受苦时
[01:33:37.800 --> 01:33:39.800]  读《以赤雅书》53章
[01:33:39.800 --> 01:33:41.800]  贪慕皆认美容
[01:33:41.800 --> 01:33:43.800]  读多了就
[01:33:43.800 --> 01:33:45.800]  贪慕皆认美容,第二句都不懂
[01:33:45.800 --> 01:33:47.800]  于是我们就说
[01:33:47.800 --> 01:33:49.800]  这里是预言耶稣基督
[01:33:49.800 --> 01:33:51.800]  你读来读去
[01:33:51.800 --> 01:33:53.800]  《以赤雅书》
[01:33:53.800 --> 01:33:55.800]  很清楚的
[01:33:55.800 --> 01:33:57.800]  由41章第8节
[01:33:57.800 --> 01:33:59.800]  开始,我又不跟你读了
[01:33:59.800 --> 01:34:01.800]  你可以跟着这里的经文
[01:34:01.800 --> 01:34:03.800]  自己来看
[01:34:03.800 --> 01:34:05.800]  这一次上帝都解释得很清楚
[01:34:05.800 --> 01:34:07.800]  以色列是我的拂人
[01:34:07.800 --> 01:34:11.800]  而且在这些经文当中
[01:34:11.800 --> 01:34:13.800]  经文并没有
[01:34:13.800 --> 01:34:15.800]  迴避一个事实
[01:34:15.800 --> 01:34:17.800]  就是这个拂人是犯过罪的
[01:34:17.800 --> 01:34:19.800]  这个拂人是眼黑的
[01:34:19.800 --> 01:34:21.800]  是耳聋的
[01:34:21.800 --> 01:34:23.800]  这个拂人不是完全的
[01:34:23.800 --> 01:34:25.800]  甚至去到一些经文
[01:34:25.800 --> 01:34:27.800]  好像提到这个拂人
[01:34:27.800 --> 01:34:29.800]  是另外一个
[01:34:29.800 --> 01:34:31.800]  49章
[01:34:31.800 --> 01:34:33.800]  如果你看49章
[01:34:33.800 --> 01:34:35.800]  第1到第7节
[01:34:35.800 --> 01:34:37.800]  你有时可能会有个错觉
[01:34:37.800 --> 01:34:39.800]  这里说的拂人就是基督
[01:34:39.800 --> 01:34:41.800]  第5节那句话
[01:34:41.800 --> 01:34:43.800]  耶和华从我出胎
[01:34:43.800 --> 01:34:45.800]  造就我
[01:34:45.800 --> 01:34:47.800]  创造的动词
[01:34:47.800 --> 01:34:49.800]  作他的拂人
[01:34:49.800 --> 01:34:51.800]  要使雅各归向他
[01:34:51.800 --> 01:34:53.800]  指耶和华
[01:34:53.800 --> 01:34:55.800]  使以色列到他那里聚集
[01:34:55.800 --> 01:34:57.800]  原来耶和华看我
[01:34:57.800 --> 01:34:59.800]  他的拂人为尊贵
[01:34:59.800 --> 01:35:01.800]  他为我的神成为我的力量
[01:35:01.800 --> 01:35:03.800]  现在他说你作我的拂人
[01:35:03.800 --> 01:35:05.800]  使雅各众支派复兴
[01:35:05.800 --> 01:35:07.800]  使以色列忠德
[01:35:07.800 --> 01:35:09.800]  保全的归回尚为小事
[01:35:09.800 --> 01:35:11.800]  我还要使你作外邦人的光
[01:35:11.800 --> 01:35:13.800]  叫你施行我的救恩
[01:35:13.800 --> 01:35:15.800]  直到地极
[01:35:15.800 --> 01:35:17.800]  这个还不是说基督
[01:35:17.800 --> 01:35:19.800]  你看回49章
[01:35:19.800 --> 01:35:21.800]  第3节
[01:35:21.800 --> 01:35:23.800]  你看回第3节
[01:35:23.800 --> 01:35:25.800]  对我说你是我的拂人
[01:35:25.800 --> 01:35:27.800]  下面那三个字
[01:35:27.800 --> 01:35:29.800]  下面那三个字
[01:35:29.800 --> 01:35:31.800]  以色列
[01:35:31.800 --> 01:35:33.800]  连一段
[01:35:33.800 --> 01:35:35.800]  5至第7节那么像
[01:35:35.800 --> 01:35:37.800]  是说一个
[01:35:37.800 --> 01:35:39.800]  完美的拂人
[01:35:39.800 --> 01:35:41.800]  他使以色列回归
[01:35:41.800 --> 01:35:43.800]  就早两节
[01:35:43.800 --> 01:35:45.800]  一气呵成的一段经文里面
[01:35:45.800 --> 01:35:47.800]  清清楚楚
[01:35:47.800 --> 01:35:49.800]  告诉我们这个拂人是以色列
[01:35:49.800 --> 01:35:51.800]  这个我们不明白的
[01:35:51.800 --> 01:35:53.800]  因为我们容易有条走火通道
[01:35:53.800 --> 01:35:55.800]  就说了耶稣基督去
[01:35:55.800 --> 01:35:57.800]  耶稣基督
[01:35:57.800 --> 01:35:59.800]  所以我们完全不用面对事实
[01:35:59.800 --> 01:36:01.800]  在以塞亚书里面
[01:36:01.800 --> 01:36:03.800]  这个拂人是以色列
[01:36:03.800 --> 01:36:05.800]  这个拂人受苦
[01:36:05.800 --> 01:36:07.800]  为什么他受苦
[01:36:07.800 --> 01:36:09.800]  当然因为他自己的罪
[01:36:09.800 --> 01:36:11.800]  上帝审判他
[01:36:11.800 --> 01:36:13.800]  但是去到53章
[01:36:13.800 --> 01:36:15.800]  这个拂人不是因为自己的罪受苦
[01:36:15.800 --> 01:36:17.800]  这个拂人的受苦是为了代替别人的罪
[01:36:17.800 --> 01:36:19.800]  这个拂人的受苦是为了代替别人的罪
[01:36:19.800 --> 01:36:21.800]  这个除了耶稣之外
[01:36:21.800 --> 01:36:23.800]  还可以解到以色列那里
[01:36:23.800 --> 01:36:25.800]  原来的经文是这个意思
[01:36:25.800 --> 01:36:27.800]  这个不是我们作下去的
[01:36:27.800 --> 01:36:29.800]  应用在耶稣的身上
[01:36:29.800 --> 01:36:31.800]  反而是一个
[01:36:31.800 --> 01:36:33.800]  一个引申的应用
[01:36:33.800 --> 01:36:35.800]  原本一气呵成
[01:36:35.800 --> 01:36:37.800]  在这十六章的经文里面
[01:36:37.800 --> 01:36:39.800]  这个拂人是以色列
[01:36:39.800 --> 01:36:41.800]  这个拂人受苦没错
[01:36:41.800 --> 01:36:43.800]  因为他耳聋眼瞎
[01:36:43.800 --> 01:36:45.800]  他是应该受上帝的审判
[01:36:45.800 --> 01:36:47.800]  但是上帝的审判没停在那里
[01:36:47.800 --> 01:36:49.800]  他的受苦没停在
[01:36:49.800 --> 01:36:51.800]  审判的意义上
[01:36:51.800 --> 01:36:53.800]  这个是以色列书伟大的地方
[01:36:53.800 --> 01:36:55.800]  以色列书宣布一个信息
[01:36:55.800 --> 01:36:57.800]  以色列书宣布一个信息
[01:36:57.800 --> 01:36:59.800]  就是在你的受苦当中
[01:36:59.800 --> 01:37:01.800]  假如你信服上帝的话
[01:37:01.800 --> 01:37:03.800]  你的受苦不单止是一个刑罚
[01:37:03.800 --> 01:37:05.800]  不单止是一个审判
[01:37:05.800 --> 01:37:07.800]  你的受苦带来请求
[01:37:07.800 --> 01:37:09.800]  你的受苦会成为外邦人的祝福
[01:37:09.800 --> 01:37:11.800]  你的受苦会成为外邦人的祝福
[01:37:11.800 --> 01:37:13.800]  你的受苦在上帝的手中
[01:37:13.800 --> 01:37:15.800]  成为别人的祝福
[01:37:15.800 --> 01:37:17.800]  想都不敢想的
[01:37:17.800 --> 01:37:19.800]  想都没想过的
[01:37:19.800 --> 01:37:21.800]  我们经常都义分的
[01:37:21.800 --> 01:37:23.800]  审判就是审判
[01:37:23.800 --> 01:37:25.800]  请求就是请求
[01:37:25.800 --> 01:37:27.800]  上帝审判就罚到我们打到十八层地狱
[01:37:27.800 --> 01:37:29.800]  这个不是圣经的教导
[01:37:29.800 --> 01:37:31.800]  没错
[01:37:31.800 --> 01:37:33.800]  神的僕人以色列
[01:37:33.800 --> 01:37:35.800]  刚才我们每一个主题的焦点都说过
[01:37:35.800 --> 01:37:37.800]  他们罪有应得
[01:37:37.800 --> 01:37:39.800]  该受审判
[01:37:39.800 --> 01:37:41.800]  但是审判的目的
[01:37:41.800 --> 01:37:43.800]  和请求是分不开的
[01:37:43.800 --> 01:37:45.800]  在这个受苦的主题上
[01:37:45.800 --> 01:37:47.800]  又再一次出来
[01:37:47.800 --> 01:37:49.800]  从先前的事抹后的事
[01:37:49.800 --> 01:37:51.800]  从以龙眼核的主题
[01:37:51.800 --> 01:37:53.800]  从创造的权能
[01:37:53.800 --> 01:37:55.800]  现在从受苦的事实
[01:37:55.800 --> 01:37:57.800]  现在从受苦的事实
[01:37:57.800 --> 01:37:59.800]  以色列在被流亡过的时期
[01:37:59.800 --> 01:38:01.800]  流亡的当中
[01:38:01.800 --> 01:38:03.800]  受很多的苦
[01:38:03.800 --> 01:38:05.800]  是他们罪有应得
[01:38:05.800 --> 01:38:07.800]  他们违背上帝
[01:38:07.800 --> 01:38:09.800]  记不记得我们讲历史书的回顾
[01:38:09.800 --> 01:38:11.800]  是他们离开上帝
[01:38:11.800 --> 01:38:13.800]  所以他们受到上帝这样的责担
[01:38:13.800 --> 01:38:15.800]  所以他们受到上帝这样的责担
[01:38:15.800 --> 01:38:17.800]  以色列书给一个新的眼光
[01:38:17.800 --> 01:38:19.800]  以色列书给一个新的眼光
[01:38:19.800 --> 01:38:21.800]  新的水平线
[01:38:21.800 --> 01:38:23.800]  新的空间去看受苦
[01:38:23.800 --> 01:38:25.800]  新的空间去看受苦
[01:38:25.800 --> 01:38:27.800]  如果你在受苦的当中
[01:38:27.800 --> 01:38:29.800]  你信服上帝
[01:38:29.800 --> 01:38:31.800]  你做神的僕人
[01:38:31.800 --> 01:38:33.800]  你的受苦
[01:38:33.800 --> 01:38:35.800]  可以在上帝的手中
[01:38:35.800 --> 01:38:37.800]  变成为请求的祝福
[01:38:37.800 --> 01:38:39.800]  上帝的能力
[01:38:39.800 --> 01:38:41.800]  化腐朽为神奇
[01:38:41.800 --> 01:38:43.800]  不是你受苦有什么益处
[01:38:43.800 --> 01:38:45.800]  不是你找苦来生
[01:38:45.800 --> 01:38:47.800]  这样我们多点受苦
[01:38:47.800 --> 01:38:49.800]  好像某些修道主义
[01:38:49.800 --> 01:38:51.800]  一定要逼自己去受苦
[01:38:51.800 --> 01:38:53.800]  不是
[01:38:53.800 --> 01:38:55.800]  你在神的旨意权并当中
[01:38:55.800 --> 01:38:57.800]  你接受祂的审判
[01:38:57.800 --> 01:38:59.800]  你接受祂的管教
[01:38:59.800 --> 01:39:01.800]  你接受祂的管教
[01:39:01.800 --> 01:39:03.800]  这个管教审判所带来的痛苦
[01:39:03.800 --> 01:39:05.800]  这个管教审判所带来的痛苦
[01:39:05.800 --> 01:39:07.800]  竟然可以变成祝福
[01:39:07.800 --> 01:39:09.800]  对外邦人的光
[01:39:09.800 --> 01:39:11.800]  对外邦人的光
[01:39:11.800 --> 01:39:13.800]  是很特别的经文
[01:39:13.800 --> 01:39:15.800]  但这个主题
[01:39:15.800 --> 01:39:17.800]  审判与请求是分不开的
[01:39:17.800 --> 01:39:19.800]  所以如果我们看完
[01:39:19.800 --> 01:39:21.800]  这些在以赤雅书的核心部分
[01:39:21.800 --> 01:39:23.800]  这些在以赤雅书的核心部分
[01:39:23.800 --> 01:39:25.800]  40到55章我们看到的主题
[01:39:25.800 --> 01:39:27.800]  我们再回去看第一章
[01:39:27.800 --> 01:39:29.800]  记得我们说的第一章很特别
[01:39:29.800 --> 01:39:31.800]  它是整本书的一个引言
[01:39:31.800 --> 01:39:33.800]  在第一章里面说什么呢
[01:39:33.800 --> 01:39:35.800]  在第一章里面说什么呢
[01:39:35.800 --> 01:39:37.800]  第一章可以分开六个段落
[01:39:37.800 --> 01:39:39.800]  第一章可以分开六个段落
[01:39:39.800 --> 01:39:41.800]  我们的希伯来文手抄本
[01:39:41.800 --> 01:39:43.800]  都记录了这六个段落
[01:39:43.800 --> 01:39:45.800]  都记录了这六个段落
[01:39:45.800 --> 01:39:47.800]  他们读经的时候有些符号
[01:39:47.800 --> 01:39:49.800]  将这六个段落分开
[01:39:49.800 --> 01:39:51.800]  将这六个段落分开
[01:39:51.800 --> 01:39:53.800]  第二至第三节
[01:39:53.800 --> 01:39:55.800]  上帝有个感叹
[01:39:55.800 --> 01:39:57.800]  上帝有个感叹
[01:39:57.800 --> 01:39:59.800]  天啊要停地啊则义而停
[01:39:59.800 --> 01:40:01.800]  而我话说我养育儿女将他们养大
[01:40:01.800 --> 01:40:03.800]  而我话说我养育儿女将他们养大
[01:40:03.800 --> 01:40:05.800]  他们竟然搏抑我
[01:40:05.800 --> 01:40:07.800]  这个罪是一个背叛的罪
[01:40:07.800 --> 01:40:09.800]  是一个背叛的罪
[01:40:09.800 --> 01:40:11.800]  不是不合格
[01:40:11.800 --> 01:40:13.800]  不是射箭不中红心
[01:40:13.800 --> 01:40:15.800]  有一个正常的关系
[01:40:15.800 --> 01:40:17.800]  现在违反了
[01:40:17.800 --> 01:40:19.800]  是我的儿女来的
[01:40:19.800 --> 01:40:21.800]  现在竟然反面不认人
[01:40:21.800 --> 01:40:23.800]  现在竟然反面不认人
[01:40:23.800 --> 01:40:25.800]  第三节是一个讽刺
[01:40:25.800 --> 01:40:27.800]  牛认识主人
[01:40:27.800 --> 01:40:29.800]  鹿认识主人的草
[01:40:29.800 --> 01:40:31.800]  这个不是平衡来的
[01:40:31.800 --> 01:40:33.800]  这个是有进一步的讽刺
[01:40:33.800 --> 01:40:35.800]  牛很聪明的
[01:40:35.800 --> 01:40:37.800]  所以见到主人
[01:40:37.800 --> 01:40:39.800]  他就会不像狗摆尾
[01:40:39.800 --> 01:40:41.800]  他都会走过去
[01:40:41.800 --> 01:40:43.800]  你知道他是主人
[01:40:43.800 --> 01:40:45.800]  鹿是很蠢的
[01:40:45.800 --> 01:40:47.800]  鹿不认得主人
[01:40:47.800 --> 01:40:49.800]  鹿不认得主人
[01:40:49.800 --> 01:40:51.800]  他蠢他都认得草
[01:40:51.800 --> 01:40:53.800]  主人喂他吃东西的兜
[01:40:53.800 --> 01:40:55.800]  我的百姓
[01:40:55.800 --> 01:40:57.800]  以色列连兜都不认得
[01:40:57.800 --> 01:40:59.800]  不要说主人
[01:40:59.800 --> 01:41:01.800]  不要说主人
[01:41:01.800 --> 01:41:03.800]  是这样骂他们的
[01:41:03.800 --> 01:41:05.800]  两句平衡的说话
[01:41:05.800 --> 01:41:07.800]  然后第四节
[01:41:07.800 --> 01:41:09.800]  到第九节
[01:41:09.800 --> 01:41:11.800]  这里不是说
[01:41:11.800 --> 01:41:13.800]  国家的罪行
[01:41:13.800 --> 01:41:15.800]  这里是说百姓
[01:41:15.800 --> 01:41:17.800]  所受的刑罚
[01:41:17.800 --> 01:41:19.800]  这里是用
[01:41:19.800 --> 01:41:21.800]  很多象征的说法
[01:41:21.800 --> 01:41:23.800]  一个人受伤
[01:41:23.800 --> 01:41:25.800]  由头到脚都是伤口
[01:41:25.800 --> 01:41:27.800]  一个田地
[01:41:27.800 --> 01:41:29.800]  剩下一座棚
[01:41:29.800 --> 01:41:31.800]  在中间
[01:41:31.800 --> 01:41:33.800]  所有城都被敌人拿走
[01:41:33.800 --> 01:41:35.800]  现在耶路撒冷
[01:41:35.800 --> 01:41:37.800]  石果紧存
[01:41:37.800 --> 01:41:39.800]  好像是一个瓜田
[01:41:39.800 --> 01:41:41.800]  一个葡萄园当中的草棚
[01:41:41.800 --> 01:41:43.800]  第十节
[01:41:43.800 --> 01:41:45.800]  到第十七节是第三段
[01:41:45.800 --> 01:41:47.800]  这里的对象
[01:41:47.800 --> 01:41:49.800]  不是国家的人民
[01:41:49.800 --> 01:41:51.800]  而是官长
[01:41:51.800 --> 01:41:53.800]  第十节说索多玛的官长
[01:41:53.800 --> 01:41:55.800]  俄摩拉的百姓
[01:41:55.800 --> 01:41:57.800]  这里所指的是
[01:41:57.800 --> 01:41:59.800]  特出了官长领袖的阶层
[01:41:59.800 --> 01:42:01.800]  阿摩斯书说过
[01:42:01.800 --> 01:42:03.800]  使神的僕人说话
[01:42:03.800 --> 01:42:05.800]  是针对领袖
[01:42:05.800 --> 01:42:07.800]  这群人在他们的
[01:42:07.800 --> 01:42:09.800]  敬拜生活当中
[01:42:09.800 --> 01:42:11.800]  大大的得罪神
[01:42:11.800 --> 01:42:13.800]  原因是什么
[01:42:13.800 --> 01:42:15.800]  他们没有在他们的孤儿寡妇当中
[01:42:15.800 --> 01:42:17.800]  行公义
[01:42:17.800 --> 01:42:19.800]  只是靠这些宗教的礼仪
[01:42:19.800 --> 01:42:21.800]  上帝说
[01:42:21.800 --> 01:42:23.800]  这不是我教你们的
[01:42:23.800 --> 01:42:25.800]  阿摩斯书说过了
[01:42:25.800 --> 01:42:27.800]  所以我们不需要再多说
[01:42:27.800 --> 01:42:29.800]  第四段
[01:42:29.800 --> 01:42:31.800]  十八到二十节
[01:42:31.800 --> 01:42:33.800]  这是我们熟悉的经文
[01:42:33.800 --> 01:42:35.800]  你的罪衰将朱红
[01:42:35.800 --> 01:42:37.800]  要不要唱一首圣诗
[01:42:37.800 --> 01:42:39.800]  报道会经常都献的
[01:42:39.800 --> 01:42:41.800]  你的罪衰将朱红
[01:42:41.800 --> 01:42:43.800]  朱红又不是我们认识的
[01:42:43.800 --> 01:42:45.800]  广东话就是
[01:42:45.800 --> 01:42:47.800]  这些谐音的问题
[01:42:47.800 --> 01:42:49.800]  这里的意思
[01:42:49.800 --> 01:42:51.800]  其实你读完十九节二十节
[01:42:51.800 --> 01:42:53.800]  就不是一个正面
[01:42:53.800 --> 01:42:55.800]  我们唱诗的意思
[01:42:55.800 --> 01:42:57.800]  那个意思在文法上可行
[01:42:57.800 --> 01:42:59.800]  但上文下理就有些不同
[01:42:59.800 --> 01:43:01.800]  上文下理给我们的印象
[01:43:01.800 --> 01:43:03.800]  就是你要选择
[01:43:03.800 --> 01:43:05.800]  十九节二十节
[01:43:05.800 --> 01:43:07.800]  他讲得很清楚
[01:43:07.800 --> 01:43:09.800]  你甘心听和你不听
[01:43:09.800 --> 01:43:11.800]  你要选择
[01:43:11.800 --> 01:43:13.800]  你不要以为听和不听都一样
[01:43:13.800 --> 01:43:15.800]  你不要以为有罪
[01:43:15.800 --> 01:43:17.800]  都可以变为没有罪
[01:43:17.800 --> 01:43:19.800]  你的罪
[01:43:19.800 --> 01:43:21.800]  如果红到像朱砂一样
[01:43:21.800 --> 01:43:23.800]  可不可以变成雪白
[01:43:23.800 --> 01:43:25.800]  红到像丹颜一样
[01:43:25.800 --> 01:43:27.800]  可不可以变回像羊毛一样白
[01:43:27.800 --> 01:43:31.800]  不可以混乱是非黑白
[01:43:31.800 --> 01:43:33.800]  你要选择
[01:43:33.800 --> 01:43:35.800]  你有机会你要选择
[01:43:35.800 --> 01:43:37.800]  你听耶和华的命令
[01:43:37.800 --> 01:43:39.800]  你不听十八到二十节
[01:43:39.800 --> 01:43:41.800]  然后
[01:43:41.800 --> 01:43:43.800]  二十一到
[01:43:43.800 --> 01:43:45.800]  二十三节
[01:43:45.800 --> 01:43:47.800]  这里说到耶路撒冷这个城
[01:43:47.800 --> 01:43:49.800]  没有公义
[01:43:49.800 --> 01:43:51.800]  上帝要审判他们
[01:43:51.800 --> 01:43:53.800]  最后一段
[01:43:53.800 --> 01:43:55.800]  二十四到三十一节
[01:43:55.800 --> 01:43:57.800]  上帝的审判
[01:43:57.800 --> 01:43:59.800]  果然临到的时候
[01:43:59.800 --> 01:44:01.800]  这个审判是什么审判
[01:44:01.800 --> 01:44:03.800]  留心看
[01:44:03.800 --> 01:44:05.800]  第二十六节
[01:44:05.800 --> 01:44:07.800]  我必复还你的审判官
[01:44:07.800 --> 01:44:09.800]  复还你的谋士
[01:44:09.800 --> 01:44:11.800]  像喜仙一样像喜钗一样
[01:44:11.800 --> 01:44:13.800]  然后你必称为公义之成
[01:44:13.800 --> 01:44:15.800]  忠信之入
[01:44:15.800 --> 01:44:17.800]  石安恩公平德蒙救赎
[01:44:17.800 --> 01:44:19.800]  石安恩公平德蒙救赎
[01:44:19.800 --> 01:44:21.800]  其中归正的人
[01:44:21.800 --> 01:44:23.800]  必因公义得蒙救赎
[01:44:23.800 --> 01:44:25.800]  必因公义得蒙救赎
[01:44:25.800 --> 01:44:27.800]  原来审判的目标
[01:44:27.800 --> 01:44:29.800]  原来审判的目标
[01:44:29.800 --> 01:44:31.800]  审判的结果是救赎
[01:44:31.800 --> 01:44:33.800]  上帝的审判不是要
[01:44:33.800 --> 01:44:35.800]  将耶路撒冷除名
[01:44:35.800 --> 01:44:37.800]  断绝关系
[01:44:37.800 --> 01:44:39.800]  将他们打落十八层地狱
[01:44:39.800 --> 01:44:41.800]  打落十八层地狱
[01:44:41.800 --> 01:44:43.800]  打落十八层地狱
[01:44:43.800 --> 01:44:45.800]  打落十八层地狱
[01:44:45.800 --> 01:44:47.800]  上帝不想你一个人沉沦
[01:44:47.800 --> 01:44:49.800]  打落十八层地狱
[01:44:49.800 --> 01:44:51.800]  打落十八层地狱
[01:44:51.800 --> 01:44:53.800]  不是上帝想的
[01:44:53.800 --> 01:44:55.800]  上帝的审判的目的
[01:44:55.800 --> 01:44:57.800]  是拯救你
[01:44:57.800 --> 01:44:59.800]  从第一章开始
[01:44:59.800 --> 01:45:01.800]  已经讲得很清楚
[01:45:01.800 --> 01:45:03.800]  好像一个医生
[01:45:03.800 --> 01:45:05.800]  他告诉你患了绝症
[01:45:05.800 --> 01:45:07.800]  这个比喻不足够
[01:45:07.800 --> 01:45:09.800]  因为医生摇头
[01:45:09.800 --> 01:45:11.800]  你喜欢吃什么就吃什么
[01:45:11.800 --> 01:45:13.800]  绝望
[01:45:13.800 --> 01:45:15.800]  上帝这个医生
[01:45:15.800 --> 01:45:17.800]  出你的病审判你
[01:45:17.800 --> 01:45:19.800]  他能够医治你
[01:45:19.800 --> 01:45:21.800]  他能够改变你
[01:45:21.800 --> 01:45:23.800]  他能够更新你
[01:45:23.800 --> 01:45:25.800]  《依创亚书》
[01:45:25.800 --> 01:45:27.800]  从来都没有将
[01:45:27.800 --> 01:45:30.800]  审判和拯救分开来讲
[01:45:30.800 --> 01:45:32.800]  是我们的神学
[01:45:32.800 --> 01:45:34.800]  时时将这两样东西分开
[01:45:34.800 --> 01:45:36.800]  《使徒信经》
[01:45:36.800 --> 01:45:38.800]  如果你读过上一堂
[01:45:38.800 --> 01:45:40.800]  你都会留意到耶稣基督
[01:45:40.800 --> 01:45:42.800]  再来的审判
[01:45:42.800 --> 01:45:44.800]  是放在中间那一段
[01:45:44.800 --> 01:45:46.800]  是耶稣的工作
[01:45:46.800 --> 01:45:49.800]  基督拯救的工作
[01:45:49.800 --> 01:45:51.800]  最后的完成
[01:45:51.800 --> 01:45:53.800]  是他将来还要再来
[01:45:53.800 --> 01:45:55.800]  审判会有人死人
[01:45:55.800 --> 01:45:58.800]  这个审判不是放在第三段
[01:45:58.800 --> 01:46:00.800]  身体复活
[01:46:00.800 --> 01:46:03.800]  然后白色大宝座审判
[01:46:03.800 --> 01:46:05.800]  不是
[01:46:05.800 --> 01:46:08.800]  审判和拯救分不开
[01:46:08.800 --> 01:46:10.800]  约翰加二文讲得好
[01:46:10.800 --> 01:46:13.800]  对拒绝上帝的人来讲
[01:46:13.800 --> 01:46:15.800]  上帝的审判
[01:46:15.800 --> 01:46:17.800]  是最后的结局
[01:46:17.800 --> 01:46:19.800]  懂得回应
[01:46:19.800 --> 01:46:21.800]  对上帝的子民
[01:46:21.800 --> 01:46:23.800]  懂得回应上帝的审判
[01:46:23.800 --> 01:46:25.800]  这个是拯救
[01:46:25.800 --> 01:46:27.800]  这个是管教
[01:46:27.800 --> 01:46:29.800]  希伯来书十二十三章说到
[01:46:29.800 --> 01:46:31.800]  上帝爱他的儿子
[01:46:31.800 --> 01:46:33.800]  就一定会管教他
[01:46:33.800 --> 01:46:35.800]  上帝不爱你
[01:46:35.800 --> 01:46:37.800]  师生子
[01:46:37.800 --> 01:46:39.800]  希伯来书的说法是
[01:46:39.800 --> 01:46:41.800]  任凭你
[01:46:41.800 --> 01:46:43.800]  这个不是好事
[01:46:43.800 --> 01:46:45.800]  上帝的审判
[01:46:45.800 --> 01:46:47.800]  的目的是
[01:46:47.800 --> 01:46:49.800]  管教带来更新
[01:46:49.800 --> 01:46:51.800]  在这个主题下
[01:46:51.800 --> 01:46:53.800]  我们再回来
[01:46:53.800 --> 01:46:55.800]  看回
[01:46:55.800 --> 01:46:57.800]  被老流亡的
[01:46:57.800 --> 01:46:59.800]  历史阶段
[01:46:59.800 --> 01:47:01.800]  这个不是以色列失败
[01:47:01.800 --> 01:47:03.800]  的时刻
[01:47:03.800 --> 01:47:05.800]  这个是以色列再生
[01:47:05.800 --> 01:47:07.800]  的机会
[01:47:07.800 --> 01:47:09.800]  在被老流亡
[01:47:09.800 --> 01:47:11.800]  的七十年当中
[01:47:11.800 --> 01:47:13.800]  不同的神的子民
[01:47:13.800 --> 01:47:15.800]  有不同的反省
[01:47:15.800 --> 01:47:17.800]  譬如我们说过
[01:47:17.800 --> 01:47:19.800]  摩西五经
[01:47:19.800 --> 01:47:21.800]  Torah
[01:47:21.800 --> 01:47:23.800]  以色列带着Torah
[01:47:23.800 --> 01:47:25.800]  回耶路撒冷
[01:47:25.800 --> 01:47:27.800]  这个Torah就是整理了
[01:47:27.800 --> 01:47:29.800]  从摩西的时期开始
[01:47:29.800 --> 01:47:31.800]  上帝
[01:47:31.800 --> 01:47:33.800]  对选民的诫命
[01:47:33.800 --> 01:47:35.800]  不只是吩咐
[01:47:35.800 --> 01:47:37.800]  律例,不只是说规矩
[01:47:37.800 --> 01:47:39.800]  不只是说做什么不做什么
[01:47:39.800 --> 01:47:41.800]  也包括上帝的
[01:47:41.800 --> 01:47:43.800]  请求,上帝的应许
[01:47:43.800 --> 01:47:45.800]  这个是
[01:47:45.800 --> 01:47:47.800]  祭司对
[01:47:47.800 --> 01:47:49.800]  对
[01:47:49.800 --> 01:47:51.800]  被老流亡的
[01:47:51.800 --> 01:47:53.800]  回应,痛定思痛
[01:47:53.800 --> 01:47:55.800]  我们以前
[01:47:55.800 --> 01:47:57.800]  没有好好教导百姓
[01:47:57.800 --> 01:47:59.800]  上帝的诫命
[01:47:59.800 --> 01:48:01.800]  现在滴起心肝
[01:48:01.800 --> 01:48:03.800]  以色列是最好的
[01:48:03.800 --> 01:48:05.800]  例子,他回到去
[01:48:05.800 --> 01:48:07.800]  只是做一件事
[01:48:07.800 --> 01:48:09.800]  讲解摩西的律法
[01:48:09.800 --> 01:48:11.800]  历史书我们讲过
[01:48:11.800 --> 01:48:13.800]  当他回顾
[01:48:13.800 --> 01:48:15.800]  整个以色列的历史的时候
[01:48:15.800 --> 01:48:17.800]  他发现
[01:48:17.800 --> 01:48:19.800]  得罪上帝的是
[01:48:19.800 --> 01:48:21.800]  选民
[01:48:21.800 --> 01:48:23.800]  不是上帝离开我们,是我们离开上帝
[01:48:23.800 --> 01:48:25.800]  所以现在需要
[01:48:25.800 --> 01:48:27.800]  悔改的是我们
[01:48:27.800 --> 01:48:29.800]  是我们走开了,现在我们回头
[01:48:29.800 --> 01:48:33.800]  到先知书
[01:48:33.800 --> 01:48:35.800]  传统的说法,以塞尔
[01:48:35.800 --> 01:48:37.800]  阿摩斯这群人
[01:48:37.800 --> 01:48:39.800]  后先知书
[01:48:39.800 --> 01:48:41.800]  十五卷的先知书
[01:48:41.800 --> 01:48:43.800]  他们所讲的再深一层
[01:48:43.800 --> 01:48:45.800]  原来上帝
[01:48:45.800 --> 01:48:47.800]  容许
[01:48:47.800 --> 01:48:49.800]  审判临到
[01:48:49.800 --> 01:48:51.800]  是有个很积极的目的
[01:48:51.800 --> 01:48:53.800]  就好像一个父亲
[01:48:53.800 --> 01:48:55.800]  管教孩子一样
[01:48:55.800 --> 01:48:57.800]  管教本身
[01:48:57.800 --> 01:48:59.800]  就是要他回转
[01:48:59.800 --> 01:49:01.800]  的关键
[01:49:01.800 --> 01:49:03.800]  没有管教,不懂得回转
[01:49:03.800 --> 01:49:05.800]  有管教
[01:49:05.800 --> 01:49:07.800]  就懂得回转,所以上帝
[01:49:07.800 --> 01:49:09.800]  不是那个站在
[01:49:09.800 --> 01:49:11.800]  家门口
[01:49:11.800 --> 01:49:13.800]  等孩子回来
[01:49:13.800 --> 01:49:15.800]  的父亲
[01:49:15.800 --> 01:49:17.800]  上帝是那个拿着藤条
[01:49:17.800 --> 01:49:19.800]  去到猪烂,赶孩子
[01:49:19.800 --> 01:49:21.800]  回家的
[01:49:21.800 --> 01:49:23.800]  管教随着他的子民
[01:49:23.800 --> 01:49:25.800]  目的不是叫他们离开
[01:49:25.800 --> 01:49:27.800]  上帝,目的是要
[01:49:27.800 --> 01:49:29.800]  挽回他们
[01:49:29.800 --> 01:49:31.800]  所以最重要的
[01:49:31.800 --> 01:49:33.800]  关键所在就是
[01:49:33.800 --> 01:49:35.800]  我们懂不懂得回应
[01:49:35.800 --> 01:49:37.800]  上帝的管教
[01:49:37.800 --> 01:49:39.800]  因为一直以来我们的印象就是
[01:49:39.800 --> 01:49:41.800]  上帝管教不好的,上帝管教
[01:49:41.800 --> 01:49:43.800]  是令到我们没有
[01:49:43.800 --> 01:49:45.800]  绝望的,打开了十八层
[01:49:45.800 --> 01:49:47.800]  地狱的,所以我们假扮上帝
[01:49:47.800 --> 01:49:49.800]  不会管教我们
[01:49:49.800 --> 01:49:51.800]  我们个个都是好人
[01:49:51.800 --> 01:49:53.800]  我们个个都很属灵的,我们个个都是
[01:49:53.800 --> 01:49:55.800]  爱主的,没可能的
[01:49:55.800 --> 01:49:57.800]  我们的生命根本里面
[01:49:57.800 --> 01:49:59.800]  有很多的败坏,就像以色列
[01:49:59.800 --> 01:50:01.800]  一样,需要经过
[01:50:01.800 --> 01:50:03.800]  上帝的修剪
[01:50:03.800 --> 01:50:05.800]  《约翰福音》十四章说
[01:50:05.800 --> 01:50:07.800]  知子要结果子
[01:50:07.800 --> 01:50:09.800]  更多
[01:50:09.800 --> 01:50:11.800]  这个
[01:50:11.800 --> 01:50:13.800]  葡萄园的主人
[01:50:13.800 --> 01:50:15.800]  这个修理的人
[01:50:15.800 --> 01:50:17.800]  就一定要剪
[01:50:17.800 --> 01:50:19.800]  这个修剪的功夫
[01:50:19.800 --> 01:50:21.800]  是审判来的
[01:50:21.800 --> 01:50:23.800]  所以《九有圣经》里面我们读
[01:50:23.800 --> 01:50:25.800]  阿摩斯书我们讲过,你当预备迎见
[01:50:25.800 --> 01:50:27.800]  上帝的审判临到
[01:50:27.800 --> 01:50:29.800]  然后《九有圣经》是赞美上帝
[01:50:29.800 --> 01:50:31.800]  你懂不懂得
[01:50:31.800 --> 01:50:33.800]  在上帝管教你的时候
[01:50:33.800 --> 01:50:35.800]  赞美他呢
[01:50:35.800 --> 01:50:37.800]  还是你在上帝
[01:50:37.800 --> 01:50:39.800]  管教的时候
[01:50:39.800 --> 01:50:41.800]  你就抬出增子出来
[01:50:41.800 --> 01:50:43.800]  小将则受,大将则走
[01:50:43.800 --> 01:50:45.800]  你管教我
[01:50:45.800 --> 01:50:47.800]  教会纪律处分我
[01:50:47.800 --> 01:50:49.800]  我就走咯,不要走
[01:50:49.800 --> 01:50:51.800]  不要走
[01:50:51.800 --> 01:50:53.800]  你应该欢迎上帝
[01:50:53.800 --> 01:50:55.800]  在你的生命当中的管教
[01:50:55.800 --> 01:50:57.800]  上帝爱你
[01:50:57.800 --> 01:50:59.800]  他才管你
[01:50:59.800 --> 01:51:01.800]  上帝痛你
[01:51:01.800 --> 01:51:03.800]  他才鞭你
[01:51:03.800 --> 01:51:05.800]  管教
[01:51:05.800 --> 01:51:07.800]  照以赛亚
[01:51:07.800 --> 01:51:09.800]  阿摩斯这群神的僕人的了解
[01:51:09.800 --> 01:51:11.800]  这个痛苦
[01:51:11.800 --> 01:51:13.800]  这个苦难
[01:51:13.800 --> 01:51:15.800]  这个刑罚
[01:51:15.800 --> 01:51:17.800]  是生机的开始
[01:51:17.800 --> 01:51:19.800]  是新生的起点
[01:51:19.800 --> 01:51:21.800]  以色列
[01:51:21.800 --> 01:51:23.800]  以色列经历了被捞的阶段之后
[01:51:23.800 --> 01:51:25.800]  以色列经历了被捞的阶段之后
[01:51:25.800 --> 01:51:27.800]  他们才懂得敬畏独一的上帝
[01:51:27.800 --> 01:51:29.800]  他们才懂得敬畏独一的上帝
[01:51:29.800 --> 01:51:31.800]  他们才懂得敬畏独一的上帝
[01:51:31.800 --> 01:51:33.800]  新闻记录将四节歌迎讯以色列
[01:51:33.800 --> 01:51:35.800]  新闻记录将四节歌迎讯以色列
[01:51:35.800 --> 01:51:37.800]  你要听耶和华我们的神是独一的主
[01:51:37.800 --> 01:51:39.800]  你要听耶和华我们的神是独一的主
[01:51:39.800 --> 01:51:41.800]  这个真理是被捞之后
[01:51:41.800 --> 01:51:43.800]  才成为犹太人每日早上的祈祷
[01:51:43.800 --> 01:51:45.800]  才成为犹太人每日早上的祈祷
[01:51:45.800 --> 01:51:47.800]  这个被捞的时间
[01:51:47.800 --> 01:51:51.800]  也是旧约圣经成为正典的历史时刻
[01:51:51.800 --> 01:51:53.800]  也是旧约圣经成为正典的历史时刻
[01:51:53.800 --> 01:51:55.800]  《律法书》出现了
[01:51:55.800 --> 01:51:57.800]  《律法书》出现了
[01:51:57.800 --> 01:51:59.800]  《摩西五经》出现了
[01:51:59.800 --> 01:52:01.800]  《先知书成形》
[01:52:01.800 --> 01:52:03.800]  上帝透过他的仆人所说的话
[01:52:03.800 --> 01:52:05.800]  上帝透过他的仆人所说的话
[01:52:05.800 --> 01:52:07.800]  历史的回顾
[01:52:07.800 --> 01:52:09.800]  历史的回顾
[01:52:09.800 --> 01:52:11.800]  这些不同的神的仆人所发表的宣讲
[01:52:11.800 --> 01:52:13.800]  这些不同的神的仆人所发表的宣讲
[01:52:13.800 --> 01:52:15.800]  旧约圣经慢慢成形
[01:52:15.800 --> 01:52:17.800]  不是在出埃及的时候
[01:52:17.800 --> 01:52:19.800]  不是在王国大魏耶路撒冷的圣殿的时候
[01:52:19.800 --> 01:52:21.800]  不是在王国大魏耶路撒冷的圣殿的时候
[01:52:21.800 --> 01:52:23.800]  是什么时候?是被捞的时候
[01:52:23.800 --> 01:52:25.800]  是在管教的当中
[01:52:25.800 --> 01:52:27.800]  这个管教是很积极的
[01:52:27.800 --> 01:52:29.800]  在你的生命当中
[01:52:29.800 --> 01:52:31.800]  上帝管教你的时候
[01:52:31.800 --> 01:52:33.800]  你的反应是什么?
[01:52:33.800 --> 01:52:35.800]  应该是感谢他
[01:52:35.800 --> 01:52:37.800]  应该是感谢他
[01:52:37.800 --> 01:52:39.800]  不过正如我常常说
[01:52:39.800 --> 01:52:41.800]  很可惜我们在圣诗里找不到任何一首圣诗
[01:52:41.800 --> 01:52:43.800]  很可惜我们在圣诗里找不到任何一首圣诗
[01:52:43.800 --> 01:52:45.800]  是没有完美上帝的管教
[01:52:45.800 --> 01:52:47.800]  所以要感谢
[01:52:47.800 --> 01:52:49.800]  没有诗歌好唱
[01:52:49.800 --> 01:52:51.800]  唱着都是上帝的祝福
[01:52:51.800 --> 01:52:53.800]  上帝保守、上帝帮助
[01:52:53.800 --> 01:52:55.800]  是好的
[01:52:55.800 --> 01:52:57.800]  一起唱新歌的弟兄姊妹
[01:52:57.800 --> 01:52:59.800]  组几首
[01:52:59.800 --> 01:53:01.800]  感谢上帝管教
[01:53:01.800 --> 01:53:03.800]  感谢上帝鞭策
[01:53:03.800 --> 01:53:05.800]  感谢上帝的审判
[01:53:05.800 --> 01:53:07.800]  审判是带来新生
[01:53:07.800 --> 01:53:09.800]  这是我们读二圣雅书
[01:53:09.800 --> 01:53:11.800]  我们发觉不能逃避
[01:53:11.800 --> 01:53:13.800]  这是一个主题
[01:53:13.800 --> 01:53:15.800]  好了,我们今天就停在这里
[01:53:15.800 --> 01:53:17.800]  下一次我们就进入第三部分著作
