
[00:00:00.000 --> 00:00:03.760]  都會來看我們做物理治療
[00:00:03.760 --> 00:00:07.560]  所以我們最重要最基本的基礎要先打好
[00:00:07.560 --> 00:00:10.400]  我們要有很核心的力量
[00:00:10.400 --> 00:00:14.640]  之後再訓練我們手腳的協調和平衡力
[00:00:14.640 --> 00:00:22.200]  下一個就是綜合功能訓練
[00:00:22.200 --> 00:00:24.360]  這個是Priometric exercise
[00:00:24.360 --> 00:00:28.400]  這個是配合身體不同的關節
[00:00:28.400 --> 00:00:31.440]  而去做這個訓練
[00:00:31.440 --> 00:00:35.480]  很多時候我們去做健身的時候
[00:00:35.480 --> 00:00:36.760]  我們見到有人舉重
[00:00:36.760 --> 00:00:38.680]  舉十下都很重
[00:00:38.680 --> 00:00:39.440]  ok
[00:00:39.440 --> 00:00:40.760]  他很厲害
[00:00:40.760 --> 00:00:45.480]  但很多時候如果我們平時去拿
[00:00:45.480 --> 00:00:47.000]  譬如我們在廚房拿東西
[00:00:47.000 --> 00:00:48.720]  我們不會這樣拿的
[00:00:48.720 --> 00:00:51.680]  我們去廚房要很自然
[00:00:51.680 --> 00:00:52.920]  要順手這樣拿
[00:00:52.920 --> 00:00:58.240]  所以這些運動綜合功能性
[00:00:58.240 --> 00:01:01.280]  是配合了我們身體不同的關節
[00:01:01.280 --> 00:01:03.440]  而去做那個動作
[00:01:03.440 --> 00:01:10.120]  是幫助到我們日常生活中很多不同的功能
[00:01:10.120 --> 00:01:10.800]  ok
[00:01:10.800 --> 00:01:11.600]  如果不是的話
[00:01:11.600 --> 00:01:14.320]  譬如他說我想做腳
[00:01:14.320 --> 00:01:15.040]  手有力一點
[00:01:15.040 --> 00:01:16.120]  你做十次這樣
[00:01:16.120 --> 00:01:18.040]  但你的肩膀原來是沒有力的
[00:01:18.040 --> 00:01:19.440]  你原來做十次
[00:01:19.440 --> 00:01:20.960]  你的小老鼠很有力
[00:01:20.960 --> 00:01:23.640]  但原來肩膀拿高你都拿不起
[00:01:23.640 --> 00:01:25.000]  這樣就不行了
[00:01:25.000 --> 00:01:29.000]  我們要評估你的身體狀況
[00:01:29.000 --> 00:01:30.880]  哪裡有缺陷的時候
[00:01:30.880 --> 00:01:34.600]  我們要設計一些特別的運動
[00:01:34.600 --> 00:01:37.200]  去幫助你在日常生活中
[00:01:37.200 --> 00:01:41.120]  生活中都是沒有問題的
[00:01:41.120 --> 00:01:45.240]  我們這裡說到
[00:01:45.240 --> 00:01:50.440]  世衛組織建議我們每人每週
[00:01:50.440 --> 00:01:53.240]  做150分鐘的運動
[00:01:53.240 --> 00:01:54.840]  如果我們拆開來
[00:01:54.840 --> 00:01:57.960]  我當你一個星期做五天
[00:01:57.960 --> 00:01:58.800]  五三十五
[00:01:58.800 --> 00:02:01.600]  就是每天做30分鐘運動
[00:02:01.600 --> 00:02:03.680]  你說我做30分鐘
[00:02:03.680 --> 00:02:08.480]  怎樣去界定我30分鐘做什麼運動呢
[00:02:08.480 --> 00:02:10.880]  它有細拆分開的
[00:02:10.880 --> 00:02:13.600]  譬如我每天做30分鐘
[00:02:13.600 --> 00:02:17.840]  譬如我是做中等強度有氧的運動
[00:02:17.840 --> 00:02:20.320]  譬如我們剛才說
[00:02:20.320 --> 00:02:21.960]  我出去散步
[00:02:21.960 --> 00:02:24.760]  我們要計劃我每天一至五
[00:02:24.760 --> 00:02:29.560]  我有30分鐘出去走路
[00:02:29.560 --> 00:02:32.800]  或者是高強度去跑步
[00:02:32.800 --> 00:02:33.840]  都可以
[00:02:33.840 --> 00:02:36.280]  但時間上可以調整一下
[00:02:36.280 --> 00:02:39.760]  就不需要做到很強烈
[00:02:39.760 --> 00:02:43.280]  但當中我們最少有兩天
[00:02:43.280 --> 00:02:49.360]  是要針對你的肌肉做一個強化的訓練
[00:02:49.360 --> 00:02:53.280]  譬如我們星期一要做上半身
[00:02:53.280 --> 00:02:54.320]  我要舉重的
[00:02:54.320 --> 00:02:56.480]  增強上半身的力量
[00:02:56.480 --> 00:02:58.040]  或者我第二天
[00:02:58.040 --> 00:02:59.920]  或者星期三隔一天
[00:02:59.920 --> 00:03:01.400]  我要做下半身
[00:03:01.400 --> 00:03:03.880]  我要強化我的腳的力量
[00:03:03.880 --> 00:03:13.600]  研究指出
[00:03:13.600 --> 00:03:17.840]  不單做運動可以增強我們的肌肉耐力
[00:03:17.840 --> 00:03:18.840]  心肺功能
[00:03:18.840 --> 00:03:24.080]  更加可以幫助我們壓力的釋放
[00:03:24.080 --> 00:03:25.880]  或者焦慮的釋放
[00:03:25.880 --> 00:03:30.000]  更加會增加我們的睡眠質素
[00:03:30.000 --> 00:03:32.720]  為什麼可以增加睡眠質素呢
[00:03:32.720 --> 00:03:38.480]  就是我們身體會分泌一種汗耳蒙出來
[00:03:38.480 --> 00:03:41.200]  我們俗稱為快樂的汗耳蒙
[00:03:41.200 --> 00:03:43.040]  我們有時候做完運動之後
[00:03:43.040 --> 00:03:46.800]  我們會很放鬆
[00:03:46.800 --> 00:03:48.080]  很開心
[00:03:48.080 --> 00:03:50.760]  從而減輕我們的焦慮和壓力
[00:03:50.760 --> 00:03:54.240]  也可以增加我們的團隊合作
[00:03:54.240 --> 00:03:56.480]  或者社交的圈子
[00:03:56.480 --> 00:03:59.400]  跟一大班人出去做運動
[00:03:59.400 --> 00:04:02.160]  或者有一些團隊合作一起做運動
[00:04:02.160 --> 00:04:13.160]  我講了前面最簡單的做運動的定義
[00:04:13.160 --> 00:04:16.880]  我們現在開始我們的運動計劃
[00:04:16.880 --> 00:04:19.800]  我們怎樣去計劃做這些運動呢
[00:04:19.800 --> 00:04:24.600]  我舉了一些例子給大家
[00:04:24.600 --> 00:04:31.560]  我常常聽到客戶問我有沒有做運動
[00:04:31.560 --> 00:04:32.720]  他們都會說
[00:04:32.720 --> 00:04:35.160]  「我有啊,我有空就會做」
[00:04:35.160 --> 00:04:37.800]  或者「我偶爾也會做的」
[00:04:37.800 --> 00:04:39.120]  「OK」
[00:04:39.120 --> 00:04:40.440]  我聽了之後就說「OK」
[00:04:40.440 --> 00:04:42.440]  即是沒有做了
[00:04:42.440 --> 00:04:47.960]  我們第一個例子就是
[00:04:47.960 --> 00:04:49.840]  有些人想要變健康
[00:04:49.840 --> 00:04:53.880]  要立志做更多運動
[00:04:53.880 --> 00:04:59.320]  其實很廣,很虛幻
[00:04:59.320 --> 00:05:01.120]  我們要計劃
[00:05:01.120 --> 00:05:03.880]  例如星期一、星期三、星期五
[00:05:03.880 --> 00:05:05.360]  我們下班之後
[00:05:05.360 --> 00:05:10.000]  我要決定計劃接下來半年或一年的時間
[00:05:10.000 --> 00:05:12.680]  我都要去游泳三十分鐘
[00:05:12.680 --> 00:05:14.800]  或者我出去散步
[00:05:14.800 --> 00:05:18.320]  吃完飯我一定要出去走三十分鐘才回來
[00:05:18.320 --> 00:05:19.560]  你要計劃
[00:05:19.560 --> 00:05:21.680]  即是你逢星期幾、星期幾、星期幾
[00:05:21.680 --> 00:05:23.320]  你要很具體的
[00:05:23.320 --> 00:05:27.480]  你的目的是做運動是為了做什麼
[00:05:27.480 --> 00:05:28.480]  OK
[00:05:28.480 --> 00:05:30.200]  第二個例子就是
[00:05:30.200 --> 00:05:31.480]  我有空出去跑步
[00:05:31.480 --> 00:05:34.920]  不是的,你要計劃好
[00:05:34.920 --> 00:05:37.080]  我每逢星期二、星期四早上七點
[00:05:37.080 --> 00:05:40.040]  我都會在公園慢慢走二十分鐘
[00:05:40.040 --> 00:05:41.880]  或者慢慢跑二十分鐘
[00:05:41.880 --> 00:05:43.840]  或者我要吃健康點的東西
[00:05:43.840 --> 00:05:45.440]  今年我決定要減肥
[00:05:45.440 --> 00:05:47.800]  但你只有一個「港」字
[00:05:47.800 --> 00:05:49.480]  但年尾之後
[00:05:49.480 --> 00:05:52.400]  下一年我又要減肥
[00:05:52.400 --> 00:05:54.440]  每年都要減肥
[00:05:54.440 --> 00:05:59.360]  但實質你要行動要做出來
[00:05:59.360 --> 00:06:05.560]  表現出你想要完成的目標
[00:06:05.560 --> 00:06:08.880]  譬如我們每天吃飯
[00:06:08.880 --> 00:06:12.120]  多吃蔬菜或者少吃澱粉質
[00:06:12.120 --> 00:06:21.920]  下一個我們都要記錄
[00:06:21.920 --> 00:06:24.880]  我們所做的運動做了多少
[00:06:24.880 --> 00:06:27.480]  譬如我們今天
[00:06:27.480 --> 00:06:30.640]  我們說今天我走了路
[00:06:30.640 --> 00:06:32.280]  我今天走多了
[00:06:32.280 --> 00:06:34.680]  但不是的,我想你記錄下來
[00:06:34.680 --> 00:06:37.040]  寫下我今天走了多少步
[00:06:37.040 --> 00:06:39.280]  或者走了多遠
[00:06:39.280 --> 00:06:41.360]  我們現在有些智能手錶
[00:06:41.360 --> 00:06:44.120]  可以記錄你一天走了多少步
[00:06:44.120 --> 00:06:46.480]  譬如你說我一天要走一萬步
[00:06:46.480 --> 00:06:49.680]  我們就每天記錄自己
[00:06:49.680 --> 00:06:53.600]  看看我們今天有沒有走到一百步
[00:06:53.600 --> 00:06:57.120]  不是,走到一萬步
[00:06:57.120 --> 00:07:00.080]  另外譬如我們做運動
[00:07:00.080 --> 00:07:05.080]  我決定今天要做運動
[00:07:05.080 --> 00:07:06.040]  我要去舉重
[00:07:06.040 --> 00:07:07.760]  今天我舉重
[00:07:07.760 --> 00:07:11.400]  我進去看到今天好像不太好
[00:07:11.400 --> 00:07:13.200]  我隨便舉幾下
[00:07:13.200 --> 00:07:19.120]  這樣就沒有了結構和結構
[00:07:19.120 --> 00:07:22.000]  就很難追蹤到自己有沒有進步
[00:07:22.000 --> 00:07:25.280]  譬如我們今天舉十磅
[00:07:25.280 --> 00:07:27.320]  我舉三組十二下
[00:07:27.320 --> 00:07:28.280]  我記錄下來
[00:07:28.280 --> 00:07:31.200]  我自己做運動也有記錄下來
[00:07:31.200 --> 00:07:35.400]  然後下一次我覺得還可以
[00:07:35.400 --> 00:07:37.360]  下一次我舉十五磅
[00:07:37.360 --> 00:07:39.320]  但重了
[00:07:39.320 --> 00:07:40.880]  但我可以減輕
[00:07:40.880 --> 00:07:42.520]  譬如我做三組
[00:07:42.520 --> 00:07:44.120]  但這次我做八下
[00:07:44.120 --> 00:07:46.680]  就不做十二下那麼多了
[00:07:46.680 --> 00:07:49.400]  我們也要聽自己的身體告訴你
[00:07:49.400 --> 00:07:53.600]  究竟你自己可不可以進步
[00:07:53.600 --> 00:07:56.800]  可不可以增加多一點
[00:07:56.800 --> 00:07:59.560]  每一次做運動
[00:07:59.560 --> 00:08:02.920]  可不可以每次多一點
[00:08:02.920 --> 00:08:05.560]  最後一個就是
[00:08:05.560 --> 00:08:09.720]  三個月內要減2%的脂肪
[00:08:09.720 --> 00:08:14.880]  你就要有個磅去記錄自己的數據
[00:08:14.880 --> 00:08:22.160]  我們可以追蹤得到的
[00:08:22.160 --> 00:08:26.160]  另外我們要實現得到的
[00:08:26.160 --> 00:08:28.360]  譬如我們聽完今天的講座
[00:08:28.360 --> 00:08:29.720]  很興致勃勃
[00:08:29.720 --> 00:08:33.800]  我今年馬上去參加跑馬拉松
[00:08:33.800 --> 00:08:34.640]  這樣就不行了
[00:08:34.640 --> 00:08:37.760]  因為如果你沒有一個正確的訓練
[00:08:37.760 --> 00:08:41.040]  或者運動的習慣
[00:08:41.040 --> 00:08:42.320]  你根本就
[00:08:42.320 --> 00:08:44.760]  你設定一些目標那麼短時間內
[00:08:44.760 --> 00:08:46.600]  你是根本完成不了的
[00:08:46.600 --> 00:08:49.280]  其實那些就是不好的示範
[00:08:49.280 --> 00:08:51.120]  譬如我們剛剛開始做運動
[00:08:51.120 --> 00:08:52.360]  我們要循序漸進
[00:08:52.360 --> 00:08:54.040]  我們要做簡單一點的
[00:08:54.040 --> 00:08:55.760]  譬如我今天聽完的講座
[00:08:55.760 --> 00:08:57.840]  對運動開始想做了
[00:08:57.840 --> 00:09:00.440]  你可以由簡單開始做起
[00:09:00.440 --> 00:09:03.680]  譬如我們今天吃完飯之後
[00:09:03.680 --> 00:09:05.920]  晚上我們去走兩個圈
[00:09:05.920 --> 00:09:07.760]  或者記住我們走5分鐘
[00:09:07.760 --> 00:09:08.960]  或者走10分鐘
[00:09:08.960 --> 00:09:09.920]  自己記錄下來
[00:09:09.920 --> 00:09:13.880]  是自己可以達到得到的
[00:09:13.880 --> 00:09:17.120]  另外就是一天我要挑戰做100下
[00:09:17.120 --> 00:09:18.880]  做深蹲
[00:09:18.880 --> 00:09:20.600]  不要一下子做100下
[00:09:20.600 --> 00:09:23.440]  可能做10下10下10下
[00:09:23.440 --> 00:09:25.280]  或者10下不行不要緊
[00:09:25.280 --> 00:09:26.440]  你做5下
[00:09:26.440 --> 00:09:29.160]  你終有一天就會做到10下
[00:09:29.160 --> 00:09:31.560]  10下之後你終有一天就會做到15下
[00:09:31.560 --> 00:09:33.840]  是要慢慢做上去的
[00:09:33.840 --> 00:09:37.120]  又或者無緣無故沒有訓練
[00:09:37.120 --> 00:09:39.200]  你就每天去跑一個小時
[00:09:39.200 --> 00:09:41.080]  目標要設定短一點
[00:09:41.080 --> 00:09:43.120]  而不要設定得那麼厲害
[00:09:43.120 --> 00:09:44.240]  OK
[00:09:44.240 --> 00:09:45.800]  是可以實現得到的
[00:09:45.800 --> 00:09:47.720]  另外也要有相關性
[00:09:47.720 --> 00:09:49.480]  就是你很重要
[00:09:49.480 --> 00:09:51.640]  我們做運動的
[00:09:51.640 --> 00:09:52.920]  你自己做運動
[00:09:52.920 --> 00:09:57.600]  對你自己你們每一個的目的
[00:09:57.600 --> 00:09:59.160]  是為了什麼呢
[00:09:59.160 --> 00:10:00.840]  有些人跟我說
[00:10:00.840 --> 00:10:02.080]  我見那個人做
[00:10:02.080 --> 00:10:03.520]  我就跟著他做
[00:10:03.520 --> 00:10:04.240]  他做得很好
[00:10:04.240 --> 00:10:06.160]  你看他的腳放上去很厲害
[00:10:06.160 --> 00:10:07.840]  我又想跟他一樣
[00:10:07.840 --> 00:10:11.120]  但是為了什麼呢
[00:10:11.120 --> 00:10:12.680]  你為了只是跟他一樣
[00:10:12.680 --> 00:10:15.360]  但你永遠不會跟你們每一個人
[00:10:15.360 --> 00:10:16.880]  我們永遠都不會一樣的
[00:10:16.880 --> 00:10:18.400]  因為每個人都不同
[00:10:18.400 --> 00:10:23.240]  可能譬如我想抱孫子
[00:10:23.240 --> 00:10:26.120]  我就要訓練我的核心力量
[00:10:26.120 --> 00:10:28.680]  以及腳的力量或者手部力量
[00:10:28.680 --> 00:10:32.400]  我的目的是為了每天可以抱到我的孫子
[00:10:32.400 --> 00:10:34.400]  又或者我想降低
[00:10:34.400 --> 00:10:35.840]  去完醫生檢查
[00:10:35.840 --> 00:10:38.480]  我要降低膽固醇或者要降低血壓
[00:10:38.480 --> 00:10:41.240]  我們要做一些有氧的運動
[00:10:41.240 --> 00:10:46.640]  從而改善我自己身體裡面的血壓或者血糖
[00:10:46.640 --> 00:10:49.040]  又或者我們坐得久腰痛
[00:10:49.040 --> 00:10:52.440]  平時我們上班我經常都腰痛
[00:10:52.440 --> 00:10:55.480]  我想做一些運動去改善我的腰痛
[00:10:55.480 --> 00:10:59.560]  對你自己本人是要有幫助才行的
[00:10:59.560 --> 00:11:01.200]  以及你要對你自己有關
[00:11:01.200 --> 00:11:03.600]  而不是說跟誰誰這樣做
[00:11:03.600 --> 00:11:05.080]  我就跟著他這樣做
[00:11:05.080 --> 00:11:06.680]  但你不知道為什麼要這樣做
[00:11:06.680 --> 00:11:07.360]  是不是
[00:11:07.360 --> 00:11:08.000]  OK
[00:11:08.000 --> 00:11:11.440]  還有這個
[00:11:11.440 --> 00:11:13.080]  還有要有一個時間限制
[00:11:13.080 --> 00:11:14.360]  我們要設定好
[00:11:14.360 --> 00:11:19.120]  譬如我要在這三個月內達成
[00:11:19.120 --> 00:11:22.080]  我可以連續跑到30分鐘
[00:11:22.080 --> 00:11:24.360]  或者走到30分鐘的路
[00:11:24.360 --> 00:11:26.800]  你自己設定好這三個月
[00:11:26.800 --> 00:11:28.440]  怎樣循序漸進
[00:11:28.440 --> 00:11:30.600]  在這三個月內去達成
[00:11:30.600 --> 00:11:35.320]  又或者我要在年底之內完成我的物理治療
[00:11:35.320 --> 00:11:39.000]  或者我去做好我們肌肉的訓練
[00:11:39.000 --> 00:11:42.080]  你自己有一個時間的限制
[00:11:42.080 --> 00:11:44.080]  又或者我在未來半年當中
[00:11:44.080 --> 00:11:45.760]  我要提升我的規律
[00:11:45.760 --> 00:11:47.440]  我要運動的時候
[00:11:47.440 --> 00:11:52.760]  我們要一個星期可以做到三次或者四次
[00:11:52.760 --> 00:11:55.800]  你自己有一個時間限制給自己
[00:11:55.800 --> 00:11:59.760]  下一個就是
[00:11:59.760 --> 00:12:03.240]  運動的安全守則
[00:12:03.240 --> 00:12:08.200]  這個是血壓
[00:12:08.200 --> 00:12:11.520]  如果你本身有血壓的問題
[00:12:11.520 --> 00:12:14.160]  當然你一定要遵從醫生的指示
[00:12:14.160 --> 00:12:18.320]  你要準時去服用你的血壓藥
[00:12:18.320 --> 00:12:21.480]  我們做運動之前
[00:12:21.480 --> 00:12:23.640]  都可以量一量自己的血壓
[00:12:23.640 --> 00:12:25.440]  看看你自己的血壓
[00:12:25.440 --> 00:12:31.040]  當時是一個什麼程度
[00:12:31.040 --> 00:12:32.560]  正常的血壓
[00:12:32.560 --> 00:12:36.080]  這個是很標準的指標
[00:12:36.080 --> 00:12:37.080]  正常血壓
[00:12:37.080 --> 00:12:38.960]  如果120上壓
[00:12:38.960 --> 00:12:40.360]  80下壓
[00:12:40.360 --> 00:12:43.040]  以下是屬於正常的
[00:12:43.040 --> 00:12:46.360]  如果你130上壓
[00:12:46.360 --> 00:12:48.000]  80下壓
[00:12:48.000 --> 00:12:50.360]  屬於高血壓的第一期
[00:12:50.360 --> 00:12:51.560]  都可以做運動
[00:12:51.560 --> 00:12:57.520]  但盡量避免不要做過度激烈的運動
[00:12:57.520 --> 00:13:00.360]  如果140、90
[00:13:00.360 --> 00:13:02.640]  其實你的血壓都高了
[00:13:02.640 --> 00:13:06.320]  需要在一個安全的環境
[00:13:06.320 --> 00:13:10.400]  和一個專業的人指導下做運動
[00:13:10.400 --> 00:13:13.640]  如果你上壓180下壓120
[00:13:13.640 --> 00:13:16.040]  我們就立刻不會做任何運動
[00:13:16.040 --> 00:13:18.280]  可能立刻要找出原因
[00:13:18.280 --> 00:13:19.240]  為什麼你的血壓這麼高
[00:13:19.240 --> 00:13:26.120]  以及立刻要去尋求醫生的幫助
[00:13:26.120 --> 00:13:27.920]  氧氣
[00:13:27.920 --> 00:13:31.600]  我們做物理治療都會量度
[00:13:31.600 --> 00:13:33.640]  當時你的氧氣是多少
[00:13:33.640 --> 00:13:36.320]  正常95-100是正常的
[00:13:36.320 --> 00:13:41.280]  如果肺部沒有任何疾病的時候
[00:13:41.280 --> 00:13:42.880]  我們95-100
[00:13:42.880 --> 00:13:46.440]  90以上都屬於安全做運動的
[00:13:46.440 --> 00:13:48.760]  但我們都要觀察著
[00:13:48.760 --> 00:13:50.560]  如果跌低於90
[00:13:50.560 --> 00:13:54.280]  我們都要立刻停止運動
[00:13:54.280 --> 00:13:57.720]  我們要找出為什麼你的氧氣這麼低
[00:13:57.720 --> 00:13:59.480]  如果長期低於90
[00:13:59.480 --> 00:14:03.880]  很多時候我們都會去醫生的檢查
[00:14:03.880 --> 00:14:05.280]  然後醫生都會建議
[00:14:05.280 --> 00:14:08.840]  看你需不需要帶一些氧氣
[00:14:08.840 --> 00:14:11.720]  去維持你自己身體的機能
[00:14:11.720 --> 00:14:15.400]  氧氣是90以上的
[00:14:15.400 --> 00:14:16.760]  我們心跳
[00:14:16.760 --> 00:14:18.200]  我們心跳平時
[00:14:18.200 --> 00:14:20.920]  我們現在坐下來沒有做任何事情
[00:14:20.920 --> 00:14:25.080]  應該是維持在60-100之間
[00:14:25.080 --> 00:14:27.800]  這要視乎你今天的心情
[00:14:27.800 --> 00:14:30.400]  如果你現在聽到很生氣
[00:14:30.400 --> 00:14:33.560]  可能你現在升到80-90
[00:14:33.560 --> 00:14:36.080]  如果你聽到很睏
[00:14:36.080 --> 00:14:40.200]  可能你的心跳應該都很低
[00:14:40.200 --> 00:14:41.720]  靜止的狀態下
[00:14:41.720 --> 00:14:43.920]  我們60-100是正常的
[00:14:43.920 --> 00:14:45.800]  如果我們靜止的狀態下
[00:14:45.800 --> 00:14:49.360]  你的心跳長期都低於60
[00:14:49.360 --> 00:14:51.920]  都不是有很大問題
[00:14:51.920 --> 00:14:55.160]  如果你有吃血壓藥
[00:14:55.160 --> 00:14:57.960]  有些血壓藥是降低你的心跳
[00:14:57.960 --> 00:14:59.720]  都屬於OK的
[00:14:59.720 --> 00:15:02.120]  50-60
[00:15:02.120 --> 00:15:03.960]  當然如果你說我沒有吃血壓藥
[00:15:03.960 --> 00:15:05.400]  但我長期低於60
[00:15:05.400 --> 00:15:06.560]  我都不年輕了
[00:15:06.560 --> 00:15:08.120]  除非你說你是運動員
[00:15:08.120 --> 00:15:09.720]  可能你靜止的狀態下
[00:15:09.720 --> 00:15:11.640]  可能長期低於60
[00:15:11.640 --> 00:15:14.040]  但我都不是運動員又不年輕
[00:15:14.040 --> 00:15:15.640]  我長期低於60
[00:15:15.640 --> 00:15:17.800]  可能有時候40-50
[00:15:17.800 --> 00:15:21.640]  那些時間可能都要去醫生做檢查
[00:15:21.640 --> 00:15:24.200]  看你心臟是不是不夠力
[00:15:24.200 --> 00:15:26.600]  為什麼跳得這麼慢
[00:15:26.600 --> 00:15:28.520]  然後如果你坐下來
[00:15:28.520 --> 00:15:29.520]  沒有什麼事
[00:15:29.520 --> 00:15:31.680]  很靜止的狀態下
[00:15:31.680 --> 00:15:33.520]  你的心跳高於100
[00:15:33.520 --> 00:15:35.200]  那就有問題了
[00:15:35.200 --> 00:15:37.720]  我們通常都不會建議做運動
[00:15:37.720 --> 00:15:39.200]  如果你靜止狀態下
[00:15:39.200 --> 00:15:40.680]  心跳高於100
[00:15:40.680 --> 00:15:45.480]  有可能你會有一個脫水的狀態
[00:15:45.480 --> 00:15:46.800]  或者身體不舒服
[00:15:46.800 --> 00:15:49.920]  你的心跳就會超過100
[00:15:49.920 --> 00:15:54.960]  那你說我們平時做運動
[00:15:54.960 --> 00:15:58.760]  心跳會維持在什麼狀態下才是最好
[00:15:58.760 --> 00:16:00.040]  我們旁邊有一個表格
[00:16:00.040 --> 00:16:01.600]  有一個年齡
[00:16:01.600 --> 00:16:04.480]  我們配合自己的年齡
[00:16:04.480 --> 00:16:09.200]  我們計算最大心率的估值公式
[00:16:09.200 --> 00:16:12.920]  就是220減你的年齡
[00:16:12.920 --> 00:16:15.680]  譬如我現在是30歲
[00:16:15.680 --> 00:16:18.480]  我不是30歲
[00:16:18.480 --> 00:16:20.880]  但我報小一點,我30歲
[00:16:20.880 --> 00:16:23.240]  我減220減30
[00:16:23.240 --> 00:16:26.920]  我最大心率可以達到190
[00:16:26.920 --> 00:16:28.240]  都算是OK的
[00:16:28.240 --> 00:16:31.440]  但我們不會每次運動都要100%
[00:16:31.440 --> 00:16:34.240]  我要到190
[00:16:34.240 --> 00:16:38.520]  其實長時間處於最大心率是不行的
[00:16:38.520 --> 00:16:43.080]  我們建議都是維持在50%至85%
[00:16:43.080 --> 00:16:45.440]  視乎你做什麼運動
[00:16:45.440 --> 00:16:47.680]  譬如我做一些很簡單的
[00:16:47.680 --> 00:16:48.520]  比較輕鬆的
[00:16:48.520 --> 00:16:50.640]  我其實維持在50%
[00:16:50.640 --> 00:16:56.360]  譬如我190除以95
[00:16:56.360 --> 00:16:58.120]  我們自己有個表格
[00:16:58.120 --> 00:17:00.160]  有心跳測試
[00:17:00.160 --> 00:17:01.800]  可能在95%當中
[00:17:01.800 --> 00:17:04.120]  或者一百多都可以
[00:17:04.120 --> 00:17:06.720]  我們就可以因應自己的年齡
[00:17:06.720 --> 00:17:08.400]  去看一看我們自己
[00:17:08.400 --> 00:17:10.880]  不要超過你的最大心率
[00:17:10.880 --> 00:17:13.320]  如果超過就有危險了
[00:17:13.320 --> 00:17:17.720]  還有我見我的病人超過這麼高的時候
[00:17:17.720 --> 00:17:19.800]  我都要馬上停下來
[00:17:19.800 --> 00:17:21.240]  讓他休息一下
[00:17:21.240 --> 00:17:22.600]  以及找出原因
[00:17:22.600 --> 00:17:23.720]  如果還是不行
[00:17:23.720 --> 00:17:25.800]  我們就要跟醫生談一談
[00:17:25.800 --> 00:17:31.440]  另外一個就是
[00:17:31.440 --> 00:17:32.440]  怎樣去衡量
[00:17:32.440 --> 00:17:34.400]  我們剛才有提到
[00:17:34.400 --> 00:17:36.800]  怎樣去為之輕微的運動
[00:17:36.800 --> 00:17:38.960]  中等運動或者高強度的運動
[00:17:38.960 --> 00:17:45.480]  我們怎樣去界定這些運動的性質
[00:17:45.480 --> 00:17:49.320]  或者強度是怎樣界定的
[00:17:49.320 --> 00:17:50.800]  其實每個人都不一樣
[00:17:50.800 --> 00:17:52.440]  你的中等運動
[00:17:52.440 --> 00:17:54.200]  和我的中等運動不一樣
[00:17:54.200 --> 00:17:55.920]  或者你的高強度運動
[00:17:55.920 --> 00:17:58.520]  和我的高強度運動都不一樣
[00:17:58.520 --> 00:18:05.680]  很視乎你自己身體怎樣去反應
[00:18:05.680 --> 00:18:06.640]  如果我做運動
[00:18:06.640 --> 00:18:08.440]  我是有一點點氣喘的
[00:18:08.440 --> 00:18:09.880]  有一點點氣喘的
[00:18:09.880 --> 00:18:12.160]  但是我還可以說話的
[00:18:12.160 --> 00:18:14.680]  可能就為之中等的強度
[00:18:14.680 --> 00:18:16.480]  或者4至6
[00:18:16.480 --> 00:18:18.160]  如果你說我做到差不多
[00:18:18.160 --> 00:18:19.520]  我都說不了話
[00:18:19.520 --> 00:18:20.560]  你說不要跟我說話
[00:18:20.560 --> 00:18:21.560]  我說不行了
[00:18:21.560 --> 00:18:24.280]  可能去到7和8
[00:18:24.280 --> 00:18:26.520]  如果你說我簡直說不了話
[00:18:26.520 --> 00:18:27.280]  可能去到9
[00:18:27.280 --> 00:18:28.280]  或者你躺在那裡
[00:18:28.280 --> 00:18:30.040]  可能去到10
[00:18:30.040 --> 00:18:34.600]  那些你自己知道自己做什麼運動
[00:18:34.600 --> 00:18:36.640]  強度做到多少的時候
[00:18:36.640 --> 00:18:42.200]  你是要不要超過你自己應該做的強度
[00:18:42.200 --> 00:18:44.800]  如果你勉強推動自己太厲害的話
[00:18:44.800 --> 00:18:45.800]  去到10
[00:18:45.800 --> 00:18:49.200]  那很容易就會躺在那裡
[00:18:49.200 --> 00:18:50.400]  是的
[00:18:50.400 --> 00:18:53.520]  好了
[00:18:53.520 --> 00:18:55.920]  大家聽到很悶了
[00:18:55.920 --> 00:18:56.640]  OK
[00:18:56.640 --> 00:18:59.960]  我們有些測試給大家做一做
[00:18:59.960 --> 00:19:04.280]  我們有些病毒研究的指引
[00:19:04.280 --> 00:19:06.760]  或者一些測試測試一下
[00:19:06.760 --> 00:19:09.160]  我們腳趾夠不夠力
[00:19:09.160 --> 00:19:11.320]  或者你有沒有機會跌倒
[00:19:11.320 --> 00:19:12.560]  我們現在
[00:19:12.560 --> 00:19:14.440]  我看看
[00:19:14.440 --> 00:19:20.320]  如果你們現在有任何的不舒服
[00:19:20.320 --> 00:19:22.880]  你們都可以不需要嘗試這個動作
[00:19:22.880 --> 00:19:24.280]  但是都很容易
[00:19:24.280 --> 00:19:27.240]  我現在計時30秒鐘
[00:19:27.240 --> 00:19:28.160]  OK
[00:19:28.160 --> 00:19:30.720]  大家可以站起來坐下
[00:19:30.720 --> 00:19:31.640]  沒問題的
[00:19:31.640 --> 00:19:32.040]  是不是
[00:19:32.040 --> 00:19:33.640]  如果有問題的話就不要做了
[00:19:33.640 --> 00:19:34.400]  OK
[00:19:34.400 --> 00:19:35.600]  30秒
[00:19:35.600 --> 00:19:37.360]  站起來坐下
[00:19:37.360 --> 00:19:40.200]  你自己計算一下自己做到多少次
[00:19:40.200 --> 00:19:40.920]  還沒開始
[00:19:40.920 --> 00:19:41.560]  我還沒開始
[00:19:41.560 --> 00:19:43.160]  OK
[00:19:43.160 --> 00:19:44.960]  如果不是不準確的
[00:19:44.960 --> 00:19:47.080]  等我開始了大家再做
[00:19:47.080 --> 00:19:48.000]  OK
[00:19:48.000 --> 00:19:51.160]  大家是不是準備好了
[00:19:51.160 --> 00:19:51.760]  OK
[00:19:51.760 --> 00:19:53.160]  準備好就起來坐下
[00:19:53.160 --> 00:19:55.000]  但是不要貪快
[00:19:55.000 --> 00:19:56.920]  或者安全是最重要的
[00:19:56.920 --> 00:19:57.440]  OK
[00:19:57.440 --> 00:19:59.200]  在安全的情況下
[00:19:59.200 --> 00:20:00.160]  起來坐下
[00:20:00.160 --> 00:20:01.520]  看看自己做到多少次
[00:20:01.520 --> 00:20:02.160]  OK
[00:20:02.160 --> 00:20:02.640]  準備了
[00:20:02.640 --> 00:20:03.640]  1
[00:20:03.640 --> 00:20:05.760]  2
[00:20:05.760 --> 00:20:07.080]  等一下
[00:20:07.080 --> 00:20:09.720]  我要設定一個
[00:20:09.720 --> 00:20:10.560]  30秒
[00:20:10.560 --> 00:20:11.000]  OK
[00:20:11.000 --> 00:20:11.400]  準備
[00:20:11.400 --> 00:20:12.000]  OK
[00:20:12.000 --> 00:20:12.880]  3
[00:20:12.880 --> 00:20:13.400]  2
[00:20:13.400 --> 00:20:13.760]  1
[00:20:13.760 --> 00:20:15.760]  開始了
[00:20:15.760 --> 00:20:16.440]  你自己計算一下
[00:20:16.440 --> 00:20:17.240]  我看不到那麼多
[00:20:17.240 --> 00:20:18.560]  我數不了
[00:20:18.560 --> 00:20:20.560]  你自己計算一下自己做到多少次
[00:20:33.160 --> 00:20:33.480]  好了
[00:20:33.480 --> 00:20:34.200]  還有10秒
[00:20:34.200 --> 00:20:34.880]  10秒
[00:20:34.880 --> 00:20:35.880]  OK
[00:20:35.880 --> 00:20:45.320]  OK
[00:20:45.320 --> 00:20:46.520]  可以停了
[00:20:46.520 --> 00:20:46.920]  OK
[00:20:46.920 --> 00:20:47.560]  沒得做了
[00:20:47.560 --> 00:20:48.280]  OK
[00:20:48.280 --> 00:20:49.600]  不要再做了
[00:20:49.600 --> 00:20:50.080]  OK
[00:20:50.080 --> 00:20:52.440]  大家知道自己做了多少次了
[00:20:52.440 --> 00:20:53.280]  是不是
[00:20:53.280 --> 00:20:53.600]  OK
[00:20:53.600 --> 00:20:57.440]  我們大家現在看看自己的表格
[00:20:57.440 --> 00:20:58.240]  看看你幾歲了
[00:20:58.240 --> 00:21:00.240]  如果你還沒到60歲
[00:21:00.240 --> 00:21:01.120]  那你做
[00:21:01.120 --> 00:21:02.960]  先看看
[00:21:02.960 --> 00:21:05.800]  因為這個是測試一下
[00:21:05.800 --> 00:21:06.520]  你跌倒了
[00:21:06.520 --> 00:21:08.280]  那你還沒到60歲
[00:21:08.280 --> 00:21:10.200]  你應該沒有機會跌倒的
[00:21:10.200 --> 00:21:10.920]  OK
[00:21:10.920 --> 00:21:12.240]  你應該是很有力的
[00:21:12.240 --> 00:21:13.120]  OK
[00:21:13.120 --> 00:21:15.960]  但是也不代表
[00:21:15.960 --> 00:21:17.560]  如果你還沒到60歲
[00:21:17.560 --> 00:21:19.400]  你都做不到14次
[00:21:19.400 --> 00:21:21.120]  那你要練一練了
[00:21:21.120 --> 00:21:22.120]  OK
[00:21:22.120 --> 00:21:23.920]  基本上
[00:21:23.920 --> 00:21:25.960]  如果男性
[00:21:25.960 --> 00:21:28.480]  男性60歲以下
[00:21:28.480 --> 00:21:31.480]  你最少應該做到14次
[00:21:31.480 --> 00:21:32.120]  OK
[00:21:32.120 --> 00:21:33.880]  如果你做不到14次
[00:21:33.880 --> 00:21:37.560]  我又不會說你馬上會有問題
[00:21:37.560 --> 00:21:40.080]  只不過可能你平時沒有鍛鍊
[00:21:40.080 --> 00:21:42.320]  那你鍛鍊一下一定可以做到的
[00:21:42.320 --> 00:21:43.720]  如果你60歲以下
[00:21:43.720 --> 00:21:47.120]  你最少會做到14次
[00:21:47.120 --> 00:21:52.440]  好問題
[00:21:52.440 --> 00:21:54.640]  你有沒有75到80
[00:21:54.640 --> 00:21:57.040]  那你當80以下
[00:21:57.040 --> 00:22:00.480]  你80歲以下最少應該要做到10次
[00:22:00.480 --> 00:22:02.120]  OK
[00:22:02.120 --> 00:22:04.520]  是的
[00:22:04.520 --> 00:22:05.360]  是的
[00:22:05.360 --> 00:22:07.960]  80歲以下你最少
[00:22:07.960 --> 00:22:09.600]  男性你最少做到10次
[00:22:09.600 --> 00:22:12.440]  女性你最少做到9次
[00:22:12.440 --> 00:22:13.480]  是的
[00:22:13.480 --> 00:22:14.600]  嗯
[00:22:14.600 --> 00:22:14.880]  是的
[00:22:14.880 --> 00:22:16.160]  如果你80歲
[00:22:16.160 --> 00:22:16.520]  是的
[00:22:16.520 --> 00:22:18.240]  那總之你跟著這個表
[00:22:18.240 --> 00:22:19.800]  你知道自己可不可以了
[00:22:19.800 --> 00:22:20.640]  OK
[00:22:20.640 --> 00:22:21.040]  好
[00:22:21.040 --> 00:22:21.760]  那下一個
[00:22:21.760 --> 00:22:22.840]  另外一個測試了
[00:22:22.840 --> 00:22:23.240]  OK
[00:22:23.240 --> 00:22:24.480]  就沒有限時的
[00:22:24.480 --> 00:22:26.160]  那我們隔離那個測試了
[00:22:26.160 --> 00:22:28.240]  那我們就單腳
[00:22:28.240 --> 00:22:30.160]  那你自己主導的那隻腳
[00:22:30.160 --> 00:22:30.920]  OK
[00:22:30.920 --> 00:22:33.000]  譬如我的右腳
[00:22:33.000 --> 00:22:35.200]  我是踢球踢右腳的
[00:22:35.200 --> 00:22:37.320]  很多人都是右腳或者右腰
[00:22:37.320 --> 00:22:38.040]  OK
[00:22:38.040 --> 00:22:39.400]  那我們右邊
[00:22:39.400 --> 00:22:41.080]  我們試一下單腳
[00:22:41.080 --> 00:22:42.680]  但你可以扶著一點
[00:22:42.680 --> 00:22:45.360]  但不是叫你整個身體壓著下去
[00:22:45.360 --> 00:22:46.760]  那找些東西扶著
[00:22:46.760 --> 00:22:47.680]  那小心一點
[00:22:47.680 --> 00:22:49.400]  那我可能輕輕輕著
[00:22:49.400 --> 00:22:51.360]  那我挾高腳跟
[00:22:51.360 --> 00:22:51.920]  OK
[00:22:51.920 --> 00:22:52.520]  拎腳
[00:22:52.520 --> 00:22:53.160]  拎腳
[00:22:53.160 --> 00:22:54.120]  是的
[00:22:54.120 --> 00:22:56.520]  好了 挾高腳跟
[00:22:56.520 --> 00:22:57.120]  是的
[00:22:57.120 --> 00:22:59.200]  那我們沒有限時的
[00:22:59.200 --> 00:23:01.880]  那看看你可以維持到多少次
[00:23:01.880 --> 00:23:02.320]  OK
[00:23:02.320 --> 00:23:03.920]  那我們試一下做這個
[00:23:03.920 --> 00:23:04.240]  OK
[00:23:04.240 --> 00:23:05.480]  讓大家醒一醒
[00:23:05.480 --> 00:23:06.280]  OK
[00:23:06.280 --> 00:23:06.600]  是的
[00:23:06.600 --> 00:23:08.400]  那大家完成
[00:23:08.400 --> 00:23:09.800]  完成了可以坐下了
[00:23:09.800 --> 00:23:10.120]  OK
[00:23:10.120 --> 00:23:11.320]  你覺得做不到
[00:23:11.320 --> 00:23:11.560]  OK
[00:23:11.560 --> 00:23:12.720]  那坐下就可以了
[00:23:12.720 --> 00:23:15.320]  那你自己數一下你自己做到多少次
[00:23:15.320 --> 00:23:15.960]  OK
[00:23:15.960 --> 00:23:16.200]  好了
[00:23:16.200 --> 00:23:16.560]  準備
[00:23:16.560 --> 00:23:17.040]  3
[00:23:17.040 --> 00:23:17.240]  2
[00:23:17.240 --> 00:23:17.440]  1
[00:23:17.440 --> 00:23:18.160]  沒有限時的
[00:23:18.160 --> 00:23:19.440]  那你們自己做到多少次
[00:23:19.440 --> 00:23:20.480]  做到做不到
[00:23:20.480 --> 00:23:21.480]  你坐下就可以了
[00:23:21.480 --> 00:23:22.840]  OK
[00:23:22.840 --> 00:23:23.280]  是的
[00:23:23.280 --> 00:23:25.600]  那看看你自己數一下你自己做到多少次
[00:23:25.600 --> 00:23:28.840]  開始了
[00:23:28.840 --> 00:23:29.680]  沒有問題
[00:23:29.680 --> 00:23:31.320]  沒有計時的
[00:23:31.320 --> 00:23:33.640]  你總之自己做到多少次
[00:23:33.640 --> 00:23:34.280]  做完了
[00:23:34.280 --> 00:23:35.840]  那你就慢慢坐下就可以了
[00:23:35.840 --> 00:23:48.920]  做一隻腳就可以了
[00:23:48.920 --> 00:23:49.400]  OK
[00:23:49.400 --> 00:23:51.480]  那你自己數一下你自己剛才做了多少次
[00:23:54.280 --> 00:23:56.640]  是的
[00:23:56.640 --> 00:23:58.280]  這個是一個參考而已
[00:23:58.280 --> 00:23:59.040]  OK
[00:23:59.040 --> 00:24:02.680]  那當然如果你平時還沒開始鍛鍊的
[00:24:02.680 --> 00:24:03.960]  那你做不到不要緊
[00:24:03.960 --> 00:24:05.080]  那你有機會
[00:24:05.080 --> 00:24:06.520]  這個是你的目標了
[00:24:06.520 --> 00:24:06.840]  OK
[00:24:06.840 --> 00:24:10.840]  你說我今次年底前我要做到這麼多次
[00:24:10.840 --> 00:24:13.440]  那我要回到平均的那裡
[00:24:13.440 --> 00:24:16.440]  那去增加我的平衡力
[00:24:16.440 --> 00:24:18.240]  或者我的腳的力量
[00:24:18.240 --> 00:24:20.840]  不是跳
[00:24:20.840 --> 00:24:21.760]  不用跳的
[00:24:21.760 --> 00:24:22.680]  OK
[00:24:22.680 --> 00:24:23.880]  就是按著腳就可以了
[00:24:23.880 --> 00:24:24.920]  不是跳
[00:24:24.920 --> 00:24:26.480]  那這個已經是很厲害了
[00:24:26.480 --> 00:24:27.960]  可以跳的話
[00:24:27.960 --> 00:24:29.400]  是的
[00:24:29.400 --> 00:24:30.280]  應該很厲害了
[00:24:30.280 --> 00:24:31.680]  如果你可以按著來跳
[00:24:31.680 --> 00:24:40.600]  好
[00:24:40.600 --> 00:24:44.000]  那應該大部分的人都知道自己做了多少次了
[00:24:44.000 --> 00:24:44.600]  OK
[00:24:44.600 --> 00:24:46.760]  那這個就是給大家一個參考
[00:24:46.760 --> 00:24:50.640]  就是知道自己現在的程度去到哪裡
[00:24:50.640 --> 00:24:55.360]  那大家如果想去進一步改善自己
[00:24:55.360 --> 00:24:59.520]  都可以用這個指數去做一個目標
[00:24:59.520 --> 00:25:05.160]  那希望自己去強化自己身體的能力
[00:25:05.160 --> 00:25:07.480]  好
[00:25:07.480 --> 00:25:09.560]  那這個圖很重要了
[00:25:09.560 --> 00:25:13.000]  那有很多我們平時都聽到說
[00:25:13.000 --> 00:25:14.560]  有沒有人經常都說
[00:25:14.560 --> 00:25:17.240]  我一退休了
[00:25:17.240 --> 00:25:18.560]  那要怎麼辦
[00:25:18.560 --> 00:25:20.360]  那些病就出來了
[00:25:20.360 --> 00:25:21.280]  是吧
[00:25:21.280 --> 00:25:22.240]  那我們很常見說
[00:25:22.240 --> 00:25:23.640]  我不退休的
[00:25:23.640 --> 00:25:26.080]  我要做到多少就做多少
[00:25:26.080 --> 00:25:26.560]  是吧
[00:25:26.560 --> 00:25:27.560]  OK
[00:25:27.560 --> 00:25:31.520]  那為什麼我們有一個迷思
[00:25:31.520 --> 00:25:33.440]  或者有一個問題就是
[00:25:33.440 --> 00:25:35.200]  為什麼一退休
[00:25:35.200 --> 00:25:36.760]  我的病痛就出來了
[00:25:36.760 --> 00:25:38.760]  或者我聽誰誰說
[00:25:38.760 --> 00:25:39.520]  千萬不要退休
[00:25:39.520 --> 00:25:40.760]  一退休就不行了
[00:25:40.760 --> 00:25:41.440]  是吧
[00:25:41.440 --> 00:25:42.440]  那我就繼續做了
[00:25:42.440 --> 00:25:44.280]  做到八十歲、九十歲
[00:25:44.280 --> 00:25:44.840]  是吧
[00:25:44.840 --> 00:25:45.520]  那不是吧
[00:25:45.520 --> 00:25:46.360]  胡楓也很厲害
[00:25:46.360 --> 00:25:47.920]  九十五歲還開演唱會
[00:25:47.920 --> 00:25:48.360]  是吧
[00:25:48.360 --> 00:25:49.840]  都OK的
[00:25:49.840 --> 00:25:52.360]  那但是這個表就告訴大家
[00:25:52.360 --> 00:25:54.760]  有做運動和沒有做運動
[00:25:54.760 --> 00:25:59.680]  我們的身體的年齡和肌肉的現象
[00:25:59.680 --> 00:26:03.120]  衰退的現象是怎麼樣了
[00:26:03.120 --> 00:26:07.640]  那藍色線上面那個就是有做運動的
[00:26:07.640 --> 00:26:08.560]  OK
[00:26:08.560 --> 00:26:12.040]  那還有下面那個紅色線就是沒有做運動的
[00:26:12.040 --> 00:26:14.520]  那大家我們見到最頂尖的那個點
[00:26:14.520 --> 00:26:16.840]  就是差不多在二十歲那個
[00:26:16.840 --> 00:26:18.000]  二十歲
[00:26:18.000 --> 00:26:21.760]  二十歲是肌肉量最高峰的時間
[00:26:21.760 --> 00:26:22.440]  OK
[00:26:22.440 --> 00:26:26.320]  那相信現在除了我們這些BB之外
[00:26:26.320 --> 00:26:28.360]  我們大家都過了二十歲了
[00:26:28.360 --> 00:26:29.400]  OK
[00:26:29.400 --> 00:26:30.840]  那過了二十歲
[00:26:30.840 --> 00:26:33.640]  其實二十至三十歲的期間都OK
[00:26:33.640 --> 00:26:34.800]  都不是說跌得很多而已
[00:26:34.800 --> 00:26:35.920]  這樣都OK
[00:26:35.920 --> 00:26:40.280]  但是一到可能四十至五十歲
[00:26:40.280 --> 00:26:45.520]  那我們那個跌下來的肌肉流失的力量
[00:26:45.520 --> 00:26:52.920]  就開始每年以0.5%至1.2%的速度開始流失了
[00:26:52.920 --> 00:26:54.480]  那做運動都會流失
[00:26:54.480 --> 00:26:55.680]  不做運動都會流失
[00:26:55.680 --> 00:26:57.920]  但是你見到不做運動
[00:26:57.920 --> 00:26:59.920]  一流失過了那條虛線
[00:26:59.920 --> 00:27:04.000]  那條虛線就代表一個Disability Threshold
[00:27:04.000 --> 00:27:06.760]  就是你失能的
[00:27:06.760 --> 00:27:08.400]  我中文不知道叫什麼直
[00:27:08.400 --> 00:27:09.080]  OK
[00:27:09.080 --> 00:27:11.520]  失能的那條線
[00:27:11.520 --> 00:27:13.920]  你一跌超過那條線
[00:27:13.920 --> 00:27:15.480]  這個很general
[00:27:15.480 --> 00:27:16.040]  就是告訴你
[00:27:16.040 --> 00:27:17.760]  如果你跌超過那條線
[00:27:17.760 --> 00:27:21.240]  你身體的機能就開始有問題了
[00:27:21.240 --> 00:27:22.720]  就會出現一些
[00:27:22.720 --> 00:27:27.240]  譬如我們說關節炎也好
[00:27:27.240 --> 00:27:28.560]  坐骨神經痛也好
[00:27:28.560 --> 00:27:29.680]  什麼痛也好
[00:27:29.680 --> 00:27:32.880]  那個時間是最容易會有問題出現的
[00:27:32.880 --> 00:27:37.080]  那我們看看那個紅色線和虛線的中間
[00:27:37.080 --> 00:27:37.960]  跌下來
[00:27:37.960 --> 00:27:44.160]  其實可能55或者56歲的時候
[00:27:44.160 --> 00:27:46.480]  就開始跌超過那條線了
[00:27:46.480 --> 00:27:49.800]  如果你那時候還不做一些運動
[00:27:49.800 --> 00:27:53.640]  去強化你的肌肉的時候
[00:27:53.640 --> 00:27:55.960]  你就越跌越下的時候
[00:27:55.960 --> 00:27:57.360]  很多時候60歲
[00:27:57.360 --> 00:27:59.000]  我們現在退休多少歲
[00:27:59.000 --> 00:28:00.920]  65
[00:28:00.920 --> 00:28:02.760]  65
[00:28:02.760 --> 00:28:03.320]  66
[00:28:03.320 --> 00:28:04.480]  67好像
[00:28:04.480 --> 00:28:08.160]  要拿十成的話可能要67歲了
[00:28:08.160 --> 00:28:11.040]  可能到我那時候要70歲才可以拿到十成
[00:28:11.040 --> 00:28:11.960]  退休
[00:28:11.960 --> 00:28:12.800]  那就慘了
[00:28:12.800 --> 00:28:14.760]  我們看看那個表
[00:28:14.760 --> 00:28:16.120]  可能還沒退休的時候
[00:28:16.120 --> 00:28:19.000]  我們都跌超過那個直了
[00:28:19.000 --> 00:28:21.040]  但是我們當然我們說
[00:28:21.040 --> 00:28:23.680]  所以那些人說我們要保持工作
[00:28:23.680 --> 00:28:24.400]  就是做工
[00:28:24.400 --> 00:28:25.560]  我不退休
[00:28:25.560 --> 00:28:26.320]  是OK的
[00:28:26.320 --> 00:28:27.520]  因為你保持
[00:28:27.520 --> 00:28:29.800]  我們剛才說工作是屬於什麼
[00:28:29.800 --> 00:28:33.200]  是屬於體能活動的其中一種
[00:28:33.200 --> 00:28:34.000]  是不是
[00:28:34.000 --> 00:28:35.920]  我們保持有體能活動都OK的
[00:28:35.920 --> 00:28:38.560]  但是有些很多時候我們退了休
[00:28:38.560 --> 00:28:41.520]  生活就沒有了規律
[00:28:41.520 --> 00:28:42.600]  或者我已經是
[00:28:42.600 --> 00:28:44.520]  我喜歡睡到幾點就幾點
[00:28:44.520 --> 00:28:48.480]  我喜歡去哪裡吃東西就吃東西
[00:28:48.480 --> 00:28:49.840]  我少了
[00:28:49.840 --> 00:28:52.520]  連體能活動都少了
[00:28:52.520 --> 00:28:53.920]  就是我連出去走
[00:28:53.920 --> 00:28:56.800]  或者我去做工以前的運動量
[00:28:56.800 --> 00:28:59.480]  比以前做工的時候的運動還要低
[00:28:59.480 --> 00:29:01.760]  那條線就跌得越來越快了
[00:29:01.760 --> 00:29:04.400]  所以很多時候就是這樣的原因
[00:29:04.400 --> 00:29:05.560]  一退了休
[00:29:05.560 --> 00:29:07.000]  你生活沒有了規律
[00:29:07.000 --> 00:29:08.920]  而你又沒有做運動
[00:29:08.920 --> 00:29:11.520]  那就一跌就跌得很快了
[00:29:11.520 --> 00:29:17.600]  但是這個不是一個終點
[00:29:17.600 --> 00:29:19.640]  就是糟了我已經退了休
[00:29:19.640 --> 00:29:20.480]  我又沒有做運動
[00:29:20.480 --> 00:29:22.240]  那我現在已經跌超過那條線
[00:29:22.240 --> 00:29:23.160]  那沒辦法了
[00:29:23.160 --> 00:29:23.600]  是不是
[00:29:23.600 --> 00:29:24.520]  不是的
[00:29:24.520 --> 00:29:26.120]  這個可以逆轉的
[00:29:26.120 --> 00:29:27.160]  這條線可以
[00:29:27.160 --> 00:29:29.760]  你慢慢可以回到上面
[00:29:29.760 --> 00:29:32.920]  就是做運動那條線上面
[00:29:32.920 --> 00:29:34.320]  但是我們就不可以說
[00:29:34.320 --> 00:29:36.520]  一下子我今天做運動就回到上面
[00:29:36.520 --> 00:29:37.800]  那條線是不行的
[00:29:37.800 --> 00:29:39.440]  我們真的要每一天
[00:29:39.440 --> 00:29:41.080]  就是我們剛才所說的
[00:29:41.080 --> 00:29:43.040]  有規律有結構性
[00:29:43.040 --> 00:29:45.160]  去計劃我們自己的運動
[00:29:45.160 --> 00:29:46.800]  希望我們將下面那條線
[00:29:46.800 --> 00:29:48.600]  你可以升回去上面
[00:29:48.600 --> 00:29:51.280]  變成做了運動那條線上面
[00:29:51.280 --> 00:29:52.800]  那我們慢慢
[00:29:52.800 --> 00:29:54.360]  我們將那條線升回去
[00:29:54.360 --> 00:29:56.680]  希望我們到70歲
[00:29:56.680 --> 00:29:57.200]  80歲
[00:29:57.200 --> 00:29:58.160]  90歲的時候
[00:29:58.160 --> 00:30:00.560]  我們都可以自己去生活
[00:30:00.560 --> 00:30:01.680]  自己去自理
[00:30:01.680 --> 00:30:03.800]  而不會說去了那條
[00:30:03.800 --> 00:30:05.280]  disability(不適)的那條線
[00:30:05.280 --> 00:30:06.520]  OK
[00:30:06.520 --> 00:30:08.160]  好
[00:30:08.160 --> 00:30:10.400]  我給一些研究
[00:30:10.400 --> 00:30:13.600]  就是大家去支持一下我們的論點
[00:30:13.600 --> 00:30:16.480]  我們有時候
[00:30:16.480 --> 00:30:17.640]  臥床休息
[00:30:17.640 --> 00:30:21.400]  譬如我們去醫院那裡做完手術之後
[00:30:21.400 --> 00:30:22.480]  我們可能
[00:30:22.480 --> 00:30:26.600]  可能有些人要睡一個兩個星期的醫院
[00:30:26.600 --> 00:30:30.880]  可能你那時候會覺得
[00:30:30.880 --> 00:30:33.160]  如果那時候沒有人和你做運動
[00:30:33.160 --> 00:30:36.000]  如果那間醫院沒有派物理治療師和你做
[00:30:36.000 --> 00:30:37.560]  你就有問題了
[00:30:37.560 --> 00:30:38.560]  OK
[00:30:38.560 --> 00:30:43.000]  你的肌肉的力量
[00:30:43.000 --> 00:30:45.680]  在頭那五天
[00:30:45.680 --> 00:30:46.760]  我一會兒後再說
[00:30:46.760 --> 00:30:47.680]  頭那五天
[00:30:47.680 --> 00:30:51.440]  你會馬上感覺到沒有力氣了
[00:30:51.440 --> 00:30:51.840]  OK
[00:30:51.840 --> 00:30:53.000]  如果你睡在床上面
[00:30:53.000 --> 00:30:53.920]  什麼都不動
[00:30:53.920 --> 00:30:54.560]  OK
[00:30:54.560 --> 00:30:55.920]  或者你動不了
[00:30:55.920 --> 00:30:56.760]  OK,有些問題
[00:30:56.760 --> 00:30:58.520]  做完手術你真的動不了
[00:30:58.520 --> 00:31:02.480]  那你會感覺到整個人沒有力氣了
[00:31:02.480 --> 00:31:05.720]  是比你看到你的肌肉開始縮小
[00:31:05.720 --> 00:31:07.600]  是快兩至三倍的
[00:31:07.600 --> 00:31:08.360]  OK
[00:31:08.360 --> 00:31:09.640]  頭那兩個星期
[00:31:09.640 --> 00:31:13.400]  肌肉量和力量是流失得最快的時間
[00:31:13.400 --> 00:31:14.720]  所以很多時候
[00:31:14.720 --> 00:31:16.600]  你一做完手術
[00:31:16.600 --> 00:31:18.000]  如果許可的時候
[00:31:18.000 --> 00:31:22.400]  醫生都會派物理治療師在你的病床上面
[00:31:22.400 --> 00:31:23.880]  已經要叫你做運動了
[00:31:23.880 --> 00:31:26.360]  或者已經要幫你做運動了
[00:31:26.360 --> 00:31:28.320]  現在很多時候
[00:31:28.320 --> 00:31:30.680]  大家聽到做膝蓋替換
[00:31:30.680 --> 00:31:33.480]  就是膝蓋換了膝蓋
[00:31:33.480 --> 00:31:35.480]  他說換完膝蓋是大手術
[00:31:35.480 --> 00:31:39.800]  其實我有試過觀察一個手術
[00:31:39.800 --> 00:31:41.320]  之後早上
[00:31:41.320 --> 00:31:45.360]  下午我就要回到病房的病人那裡
[00:31:45.360 --> 00:31:47.440]  我就要叫他起床走了
[00:31:47.440 --> 00:31:49.240]  就是早上七點做完手術
[00:31:49.240 --> 00:31:51.440]  我十二點就要叫他起床走了
[00:31:51.440 --> 00:31:52.040]  OK
[00:31:52.040 --> 00:31:54.640]  所以是很重要的
[00:31:54.640 --> 00:31:56.080]  要馬上做運動
[00:31:56.080 --> 00:31:57.760]  你不可以睡床
[00:31:57.760 --> 00:31:59.640]  就是臥床臥床那麼久
[00:31:59.640 --> 00:32:03.480]  我們剛才說短短五天
[00:32:03.480 --> 00:32:06.040]  肌肉或者沒力的情況
[00:32:06.040 --> 00:32:08.040]  功能退化是會很快的
[00:32:08.040 --> 00:32:08.920]  OK
[00:32:08.920 --> 00:32:12.160]  當然如果是
[00:32:12.160 --> 00:32:15.320]  尤其是年紀
[00:32:15.320 --> 00:32:16.960]  老年人比年輕人
[00:32:16.960 --> 00:32:20.080]  更難將肌肉去鍛鍊
[00:32:20.080 --> 00:32:22.800]  年輕人當然容易恢復
[00:32:22.800 --> 00:32:24.640]  很多時候老人家都說
[00:32:24.640 --> 00:32:27.120]  我老了
[00:32:27.120 --> 00:32:31.520]  我沒力做不到或者恢復不了
[00:32:31.520 --> 00:32:34.600]  其實很多時候
[00:32:34.600 --> 00:32:41.760]  我覺得這是大家的誤解
[00:32:41.760 --> 00:32:45.600]  其實也不關年齡的問題
[00:32:45.600 --> 00:32:47.640]  也有一點關係
[00:32:47.640 --> 00:32:49.320]  老年人康復的速度
[00:32:49.320 --> 00:32:50.800]  當然比年輕人慢
[00:32:50.800 --> 00:32:53.120]  但不代表你是康復不了
[00:32:53.120 --> 00:32:55.880]  或者不代表你是訓練不了
[00:32:55.880 --> 00:32:56.720]  OK
[00:32:56.720 --> 00:33:00.520]  所以這個大家都可以記住
[00:33:00.520 --> 00:33:02.800]  其實我們每個人只要肯去做
[00:33:02.800 --> 00:33:04.600]  都會恢復得到
[00:33:04.600 --> 00:33:06.600]  是OK的
[00:33:06.600 --> 00:33:07.680]  那怎樣去恢復呢
[00:33:07.680 --> 00:33:10.640]  我們想強化我們的肌肉
[00:33:10.640 --> 00:33:12.800]  你說我的肌肉已經退化了
[00:33:12.800 --> 00:33:13.560]  或者真的沒力
[00:33:13.560 --> 00:33:15.960]  或者我最近都沒做過運動
[00:33:15.960 --> 00:33:19.440]  我們一定要做運動的時候
[00:33:19.440 --> 00:33:25.400]  我們一定要有漸進式的負荷
[00:33:25.400 --> 00:33:26.920]  即是Progressive Overload
[00:33:26.920 --> 00:33:29.400]  我不可以只是拿著五磅的啞鈴
[00:33:29.400 --> 00:33:30.480]  天天做一百下
[00:33:30.480 --> 00:33:32.760]  或者三個月都是做五磅
[00:33:32.760 --> 00:33:33.880]  這樣是不行的
[00:33:33.880 --> 00:33:37.480]  我一定要讓肌肉或者骨頭
[00:33:37.480 --> 00:33:39.320]  有一個重量
[00:33:39.320 --> 00:33:42.720]  慢慢增長的時候
[00:33:42.720 --> 00:33:47.600]  你的肌肉和骨頭才會慢慢進展
[00:33:47.600 --> 00:33:49.080]  會有進步
[00:33:49.080 --> 00:33:51.680]  如果你說我做了這麼久都沒有進步
[00:33:51.680 --> 00:33:53.400]  可能你的方式
[00:33:53.400 --> 00:33:57.680]  或者你沒有用到Progressive Overload的原則
[00:33:57.680 --> 00:33:58.720]  去做運動
[00:33:58.720 --> 00:34:01.760]  可能你做不夠健碩
[00:34:01.760 --> 00:34:04.440]  也有很多其他因素
[00:34:04.440 --> 00:34:06.200]  我們稍後也會說
[00:34:06.200 --> 00:34:07.760]  下一個就是
[00:34:07.760 --> 00:34:08.840]  我怎樣增加呢
[00:34:08.840 --> 00:34:11.120]  剛才我也有一點提過
[00:34:11.120 --> 00:34:16.840]  就是重量和組的數量和次數
[00:34:16.840 --> 00:34:19.560]  去增強你的肌肉
[00:34:19.560 --> 00:34:21.280]  譬如我今天拿五磅
[00:34:21.280 --> 00:34:22.840]  下次我拿十磅
[00:34:22.840 --> 00:34:25.000]  但是我的次數做少一點
[00:34:25.000 --> 00:34:26.440]  又或者我拿著五磅
[00:34:26.440 --> 00:34:29.760]  但是我這次做的組數和次數就做多一點
[00:34:29.760 --> 00:34:31.480]  其中一個升高
[00:34:31.480 --> 00:34:33.480]  每一次這樣就可以了
[00:34:33.480 --> 00:34:37.680]  這樣讓肌肉和骨頭有一個刺激性
[00:34:37.680 --> 00:34:44.640]  這樣就可以慢慢增強你的肌肉和增加你的骨頭的密度
[00:34:44.640 --> 00:34:49.040]  你問我做多久才有變化
[00:34:49.040 --> 00:34:51.320]  頭四個星期就是一個月
[00:34:51.320 --> 00:34:54.640]  就好像我們上網一樣
[00:34:54.640 --> 00:34:58.320]  我們的神經其實是連著我們的肌肉
[00:34:58.320 --> 00:35:00.440]  如果你的神經沒有做運動
[00:35:00.440 --> 00:35:03.200]  就好像我們以前56K一樣
[00:35:03.200 --> 00:35:04.360]  是不是56K
[00:35:04.360 --> 00:35:05.080]  就是上網
[00:35:05.080 --> 00:35:06.080]  對了
[00:35:06.080 --> 00:35:07.880]  可能有些人不知道
[00:35:07.880 --> 00:35:09.160]  什麼叫56K
[00:35:09.160 --> 00:35:10.400]  就是上網很慢
[00:35:10.400 --> 00:35:11.760]  連接不到
[00:35:11.760 --> 00:35:15.160]  你的神經或者連接不到你的肌肉
[00:35:15.160 --> 00:35:19.240]  在腦裡面傳送訊息經過神經
[00:35:19.240 --> 00:35:20.840]  傳送得很慢
[00:35:20.840 --> 00:35:23.960]  所以你做多久都好像手沒力
[00:35:23.960 --> 00:35:25.480]  肌肉沒力
[00:35:25.480 --> 00:35:29.280]  但是如果我們要頭四個星期
[00:35:29.280 --> 00:35:31.600]  我們的力量主要增加
[00:35:31.600 --> 00:35:32.960]  變成寬頻了
[00:35:32.960 --> 00:35:34.400]  四個星期
[00:35:34.400 --> 00:35:35.280]  一個月後
[00:35:35.280 --> 00:35:39.880]  你的神經開始傳送的速度越來越快
[00:35:39.880 --> 00:35:42.440]  控制你的肌肉就越來越好了
[00:35:42.440 --> 00:35:44.520]  最少要一個月的時間
[00:35:44.520 --> 00:35:47.120]  如果我們有結構上的改變
[00:35:47.120 --> 00:35:49.120]  我要練大隻一點
[00:35:49.120 --> 00:35:51.800]  或者我的肌肉開始要見到有力
[00:35:51.800 --> 00:35:52.880]  或者要實了
[00:35:52.880 --> 00:36:00.360]  或者我們最少要兩個月至三個月的時間
[00:36:00.360 --> 00:36:06.440]  我們才會見到我們的肌肉慢慢開始大或者有力或者實了
[00:36:06.440 --> 00:36:10.560]  所以我們做運動切記操之過急
[00:36:10.560 --> 00:36:15.320]  不可以說我想一個月內我要將肌肉飆屈
[00:36:15.320 --> 00:36:15.960]  是不行的
[00:36:15.960 --> 00:36:18.920]  一個月內最多你可以控制你的肌肉好一點
[00:36:18.920 --> 00:36:21.640]  但是不可以令到你的肌肉變強壯
[00:36:21.640 --> 00:36:23.120]  最少三個月的時間
[00:36:23.120 --> 00:36:26.960]  我們做運動的時候都要注意我們正確的姿勢
[00:36:26.960 --> 00:36:29.200]  如果我們想著這次要做多一點
[00:36:29.200 --> 00:36:32.360]  但是我們的姿勢有時候抵銷了我們的身體
[00:36:32.360 --> 00:36:34.760]  姿勢不正確抵銷了身體
[00:36:34.760 --> 00:36:38.240]  很容易就會受傷
[00:36:38.240 --> 00:36:39.960]  所以不可以貪快
[00:36:39.960 --> 00:36:47.040]  所以最少都要兩至三個月的時間
[00:36:47.040 --> 00:36:49.200]  我們四十歲之後
[00:36:49.200 --> 00:36:52.840]  我們剛才那個表也略略帶過
[00:36:52.840 --> 00:36:59.440]  就是如果我們沒有阻力的訓練就是沒有重量的訓練的時候
[00:36:59.440 --> 00:37:03.520]  我們四十歲之後其實我們骨質的密度每年
[00:37:03.520 --> 00:37:06.760]  很普遍的不是每個人都是這樣
[00:37:06.760 --> 00:37:12.000]  大概會流失1%的速度會流失的我們的骨
[00:37:12.000 --> 00:37:20.040]  我們做運動強化重量或者阻力帶做運動的時候
[00:37:20.040 --> 00:37:23.280]  我們就刺激到肌肉和骨
[00:37:23.280 --> 00:37:27.320]  從而我們對骨裡面的Osteobrass
[00:37:27.320 --> 00:37:32.600]  就是骨裡面有些細胞會建立你的骨
[00:37:32.600 --> 00:37:34.960]  就是增加你的骨的密度
[00:37:34.960 --> 00:37:39.240]  但是我們一定要做阻力的訓練或者重量的訓練
[00:37:39.240 --> 00:37:44.480]  才可以增強你自己骨的密度
[00:37:44.480 --> 00:37:45.360]  這個很重要
[00:37:45.360 --> 00:37:49.920]  一定要有阻力訓練
[00:37:49.920 --> 00:37:54.080]  我們當中如果舉重的時候或者做阻力訓練的時候
[00:37:54.080 --> 00:37:59.400]  我們都幫助到我們特定的關節去強化我們的關節
[00:37:59.400 --> 00:38:00.600]  例如我們跌倒的時候
[00:38:00.600 --> 00:38:04.560]  很多老人家跌倒就是盤骨會骨折
[00:38:04.560 --> 00:38:05.920]  或者腰骨會骨折
[00:38:05.920 --> 00:38:07.560]  脊椎或者手腕會骨折
[00:38:07.560 --> 00:38:11.960]  我們做一些舉重的時候或者用橡筋帶做的時候
[00:38:11.960 --> 00:38:13.640]  我們就是訓練關節
[00:38:13.640 --> 00:38:16.640]  讓關節穩定一些和有力一些
[00:38:16.640 --> 00:38:21.600]  我們是要做中等強度或者高強度
[00:38:21.600 --> 00:38:24.520]  從而當然可以減少
[00:38:24.520 --> 00:38:27.000]  更加可以減少你如果有關節炎
[00:38:27.000 --> 00:38:29.600]  或者骨質疏鬆都可以減少你痛
[00:38:29.600 --> 00:38:31.880]  或者提升你的密度
[00:38:31.880 --> 00:38:34.920]  另外我略略大一點
[00:38:34.920 --> 00:38:36.840]  我們剛才說做運動很重要
[00:38:36.840 --> 00:38:37.960]  營養也很重要
[00:38:37.960 --> 00:38:39.960]  當然我不是營養師
[00:38:39.960 --> 00:38:43.520]  我這幾個slide略略讓大家知道
[00:38:43.520 --> 00:38:48.320]  營養在運動或者康復當中
[00:38:48.320 --> 00:38:50.600]  都很重要的一個角色
[00:38:50.600 --> 00:38:51.720]  例如我們蛋白質
[00:38:51.720 --> 00:38:54.120]  我們最少成年人
[00:38:54.120 --> 00:38:57.960]  每公斤體重
[00:38:57.960 --> 00:39:01.720]  你最少要攝取1.6至2克的蛋白質
[00:39:01.720 --> 00:39:03.360]  計算如果60公斤
[00:39:03.360 --> 00:39:06.920]  可能你要攝取96至120克的蛋白質
[00:39:06.920 --> 00:39:09.680]  才可以維持我們的肌肉量
[00:39:09.680 --> 00:39:12.520]  如果你沒有攝取足夠的蛋白質
[00:39:12.520 --> 00:39:14.000]  而你做運動
[00:39:14.000 --> 00:39:14.680]  你做完運動
[00:39:14.680 --> 00:39:16.240]  但你沒有攝取足夠的
[00:39:16.240 --> 00:39:17.920]  補充一些營養
[00:39:17.920 --> 00:39:21.560]  你的肌肉是很難去康復得到的
[00:39:21.560 --> 00:39:25.640]  另外水分很重要
[00:39:25.640 --> 00:39:26.480]  一定要喝水
[00:39:26.480 --> 00:39:27.520]  要有足夠的水分
[00:39:27.520 --> 00:39:28.680]  如果沒有水的時候
[00:39:28.680 --> 00:39:29.960]  剛才我們說過
[00:39:29.960 --> 00:39:30.960]  如果脫水的狀態
[00:39:30.960 --> 00:39:33.040]  你的心跳會高過100
[00:39:33.040 --> 00:39:35.880]  我們知道你可能有一個脫水的狀態
[00:39:35.880 --> 00:39:38.680]  可能會引致中暑的狀態
[00:39:38.680 --> 00:39:40.000]  或者抽筋
[00:39:40.000 --> 00:39:42.080]  我們要補充足夠的水分
[00:39:42.080 --> 00:39:43.480]  和電解質
[00:39:43.480 --> 00:39:45.080]  碳水化合物也很重要
[00:39:45.080 --> 00:39:46.440]  因為我們剛才說過
[00:39:46.440 --> 00:39:48.040]  就算我們坐著呼吸
[00:39:48.040 --> 00:39:49.040]  或者睡覺的時候
[00:39:49.040 --> 00:39:50.440]  我們需要能量
[00:39:50.440 --> 00:39:53.280]  我們普通需要葡萄糖
[00:39:53.280 --> 00:39:55.120]  我們身體吃的東西都是糖分
[00:39:55.120 --> 00:39:58.200]  我們在血液當中有葡萄糖
[00:39:58.200 --> 00:40:00.560]  去做一個能量
[00:40:00.560 --> 00:40:02.600]  如果你不夠糖分
[00:40:02.600 --> 00:40:03.720]  如果你做運動
[00:40:03.720 --> 00:40:05.360]  如果你有糖尿病
[00:40:05.360 --> 00:40:06.160]  你驗血糖
[00:40:06.160 --> 00:40:07.480]  如果你的血糖低的時候
[00:40:07.480 --> 00:40:09.560]  你還是不要做那麼多運動
[00:40:09.560 --> 00:40:12.720]  你一定要維持血糖正常的時候
[00:40:12.720 --> 00:40:14.480]  你去做運動才會安全
[00:40:14.480 --> 00:40:16.440]  否則你會覺得很暈
[00:40:16.440 --> 00:40:18.480]  或者冒冷汗
[00:40:18.480 --> 00:40:19.560]  血糖也很重要
[00:40:19.560 --> 00:40:25.240]  一定要攝取健康的碳水化合物
[00:40:25.240 --> 00:40:30.560]  另外,休息在恢復當中也很重要
[00:40:30.560 --> 00:40:31.960]  如果你說我做很多運動
[00:40:31.960 --> 00:40:34.320]  但我每天只能睡兩三個小時
[00:40:34.320 --> 00:40:37.400]  你身體不夠休息的時候
[00:40:37.400 --> 00:40:41.600]  你的身體會分泌一種叫做皮質醇
[00:40:41.600 --> 00:40:43.440]  壓力的汗耳毛分泌
[00:40:43.440 --> 00:40:47.240]  令到你體重不但沒有減
[00:40:47.240 --> 00:40:49.000]  反而會增加
[00:40:49.000 --> 00:40:50.680]  所以有些人說減多少也減不到
[00:40:50.680 --> 00:40:51.960]  或者肚腩也在
[00:40:51.960 --> 00:40:53.280]  我也在
[00:40:53.280 --> 00:40:55.040]  所以是很難減的
[00:40:55.040 --> 00:40:56.560]  有足夠的睡眠
[00:40:56.560 --> 00:40:59.680]  就可以幫助到你肌肉的修復
[00:40:59.680 --> 00:41:02.960]  另外,做完運動有機會
[00:41:02.960 --> 00:41:04.600]  譬如你之前沒有做過運動
[00:41:04.600 --> 00:41:09.520]  現在做的話,有機會出現延遲性肌肉酸痛
[00:41:09.520 --> 00:41:16.240]  就是這個叫做延遲性肌肉酸痛
[00:41:16.240 --> 00:41:18.160]  我們要懂得分辨
[00:41:18.160 --> 00:41:21.640]  哪些是做完運動的酸痛和受傷的痛
[00:41:21.640 --> 00:41:24.720]  我們要懂得分辨清楚
[00:41:24.720 --> 00:41:27.280]  做完運動會有一點酸痛也不要緊
[00:41:27.280 --> 00:41:29.280]  可能兩三天就沒問題
[00:41:29.280 --> 00:41:33.760]  但如果你受傷,很痛就有問題了
[00:41:33.760 --> 00:41:36.320]  我們要懂得分辨清楚哪些是酸痛
[00:41:36.320 --> 00:41:39.560]  和哪些是受傷的痛
[00:41:39.560 --> 00:41:43.040]  而且要一致,要有毅力
[00:41:43.040 --> 00:41:46.360]  不可以一下子就要很高強度的訓練
[00:41:46.360 --> 00:41:49.280]  是不可以的
[00:41:49.280 --> 00:41:52.960]  我們站起來坐下來也很重要
[00:41:52.960 --> 00:41:53.800]  站起來坐下來
[00:41:53.800 --> 00:41:57.120]  我們平時如果姿勢不正確的時候
[00:41:57.120 --> 00:42:00.000]  很多病人或者老人家
[00:42:00.000 --> 00:42:02.320]  他們站起來坐下來的時候
[00:42:02.320 --> 00:42:05.200]  他們自己也不知道
[00:42:05.200 --> 00:42:06.520]  他們站起來坐下來的時候
[00:42:06.520 --> 00:42:08.960]  有些人的腳會夾緊
[00:42:08.960 --> 00:42:10.960]  有沒有人是這樣站起來坐下來的
[00:42:10.960 --> 00:42:11.680]  你可以看看
[00:42:11.680 --> 00:42:13.160]  有些人站起來坐下來是這樣的
[00:42:13.160 --> 00:42:14.680]  很自然的
[00:42:14.680 --> 00:42:17.600]  其實這個也是不對的
[00:42:17.600 --> 00:42:21.280]  我們就要改善我們站起來坐下來的姿勢
[00:42:21.280 --> 00:42:24.640]  一定是膝蓋和腳尖要對正
[00:42:24.640 --> 00:42:25.920]  我們不可以歪
[00:42:25.920 --> 00:42:27.400]  或者有些是痛的
[00:42:27.400 --> 00:42:30.600]  他說痛的,所以我靠著一邊站起來
[00:42:30.600 --> 00:42:32.400]  有些人這樣站起來
[00:42:32.400 --> 00:42:34.280]  是因為他那隻腳痛
[00:42:34.280 --> 00:42:35.200]  他用不到力
[00:42:35.200 --> 00:42:36.840]  你叫我怎樣兩隻腳一起
[00:42:36.840 --> 00:42:39.240]  但如果你長時間這樣站起來的時候
[00:42:39.240 --> 00:42:42.640]  就會導致有另外一些問題出現
[00:42:42.640 --> 00:42:44.440]  所以我們也要改善
[00:42:44.440 --> 00:42:47.360]  很簡單的站起來坐下來的姿勢
[00:42:47.360 --> 00:42:49.080]  這很重要
[00:42:49.080 --> 00:42:51.280]  另外就是深蹲
[00:42:51.280 --> 00:42:52.280]  很多人
[00:42:52.280 --> 00:42:54.000]  我聽老人家說
[00:42:54.000 --> 00:42:54.800]  我跟著他做
[00:42:54.800 --> 00:42:58.120]  每天拿著欄杆這樣站起來坐下來
[00:42:58.120 --> 00:43:00.000]  不是,蹲下來站起來
[00:43:00.000 --> 00:43:01.720]  我每天都有做這個運動
[00:43:01.720 --> 00:43:03.560]  這樣好不好
[00:43:03.560 --> 00:43:05.920]  是不好的,因為你做錯了
[00:43:05.920 --> 00:43:08.760]  我們的膝蓋過了腳尖的時候
[00:43:08.760 --> 00:43:12.200]  我們的膝蓋承受的壓力是很大的
[00:43:12.200 --> 00:43:13.760]  尤其是我們年長的時候
[00:43:13.760 --> 00:43:15.200]  我們的關節已經不好
[00:43:15.200 --> 00:43:18.160]  你再重複性地做這麼多的時候
[00:43:18.160 --> 00:43:20.160]  令到你的關節越來越痛
[00:43:20.160 --> 00:43:24.240]  從而令到你的關節炎越來越嚴重
[00:43:24.240 --> 00:43:26.560]  所以我們一般上建議
[00:43:26.560 --> 00:43:29.800]  如果你做深蹲想蹲低一點的時候
[00:43:29.800 --> 00:43:32.920]  其實一般上我不建議老人家蹲這麼低
[00:43:32.920 --> 00:43:34.240]  如果你有椅子的時候
[00:43:34.240 --> 00:43:36.680]  你的臀部坐在椅子上站起來
[00:43:36.680 --> 00:43:40.440]  其實跟你蹲很低的動作
[00:43:40.440 --> 00:43:42.680]  訓練的肌肉其實是一樣的
[00:43:42.680 --> 00:43:44.680]  所以為什麼不做安全一點的動作
[00:43:44.680 --> 00:43:47.160]  而你跟著那個人做那個動作呢
[00:43:47.160 --> 00:43:49.000]  那個人可能很好
[00:43:49.000 --> 00:43:51.520]  他很柔軟
[00:43:51.520 --> 00:43:53.800]  或者他以前年輕時做體操
[00:43:53.800 --> 00:43:55.200]  你不知道的
[00:43:55.200 --> 00:43:57.320]  他做得到,不是你做得到
[00:43:57.320 --> 00:43:59.800]  而他做的動作是OK,沒問題
[00:43:59.800 --> 00:44:01.240]  我這樣做都OK,沒問題
[00:44:01.240 --> 00:44:03.440]  但不代表是正確的
[00:44:03.440 --> 00:44:07.120]  所以我們要知道正確的深蹲動作
[00:44:07.120 --> 00:44:10.160]  不要跟著其他人這樣做
[00:44:10.160 --> 00:44:11.640]  撿東西
[00:44:11.640 --> 00:44:12.400]  撿東西的時候
[00:44:12.400 --> 00:44:14.000]  很多時候我們很貪方便
[00:44:14.000 --> 00:44:15.480]  我們就這樣撿
[00:44:15.480 --> 00:44:16.800]  很簡單的
[00:44:16.800 --> 00:44:19.360]  有袋米就這樣撿
[00:44:19.360 --> 00:44:20.200]  很多時候
[00:44:20.200 --> 00:44:21.320]  我們剛才也說過
[00:44:21.320 --> 00:44:23.600]  沒有一個很好的核心動作
[00:44:23.600 --> 00:44:25.320]  核心的力量的時候
[00:44:25.320 --> 00:44:26.600]  而你又發力
[00:44:26.600 --> 00:44:27.880]  很多時候就是這些情況
[00:44:27.880 --> 00:44:29.760]  令到你的腰有問題
[00:44:29.760 --> 00:44:31.320]  就是你的監盤椎凸出
[00:44:31.320 --> 00:44:32.640]  壓住了神經
[00:44:32.640 --> 00:44:34.360]  因為太重的力量
[00:44:34.360 --> 00:44:35.040]  壓住了
[00:44:35.040 --> 00:44:37.600]  逼著你的監盤椎凸出
[00:44:37.600 --> 00:44:39.000]  壓住了神經
[00:44:39.000 --> 00:44:40.120]  你就會突然之間
[00:44:40.120 --> 00:44:42.000]  好像被電擊中一樣
[00:44:42.000 --> 00:44:44.360]  一痛就痛到腳上
[00:44:44.360 --> 00:44:45.720]  正確就是很簡單
[00:44:45.720 --> 00:44:47.040]  譬如撿東西的時候
[00:44:47.040 --> 00:44:48.960]  我們可以單腳慢慢
[00:44:48.960 --> 00:44:51.400]  可以維持腰是直的
[00:44:51.400 --> 00:44:52.600]  然後這樣撿東西
[00:44:52.600 --> 00:44:54.200]  或者可以扶著東西
[00:44:54.200 --> 00:44:56.120]  然後這樣慢慢去撿
[00:44:56.120 --> 00:44:59.080]  就不要扶著腰這樣去撿
[00:44:59.080 --> 00:45:02.920]  另外發力的時候
[00:45:02.920 --> 00:45:05.080]  譬如我們有袋子很重的
[00:45:05.080 --> 00:45:07.360]  我又方便這樣撿
[00:45:07.360 --> 00:45:08.720]  我這樣撿的時候
[00:45:08.720 --> 00:45:09.440]  我也是
[00:45:09.440 --> 00:45:11.120]  我離得太遠的時候
[00:45:11.120 --> 00:45:12.560]  我又用了
[00:45:12.560 --> 00:45:14.480]  手的重量很重
[00:45:14.480 --> 00:45:17.080]  但是我的核心力量不夠
[00:45:17.080 --> 00:45:18.160]  我一用力的時候
[00:45:18.160 --> 00:45:19.640]  又扭傷了腰
[00:45:19.640 --> 00:45:22.200]  很多時候
[00:45:22.200 --> 00:45:23.560]  體能物理治療師
[00:45:23.560 --> 00:45:25.720]  就是有這些問題出現
[00:45:25.720 --> 00:45:27.280]  我們就要找出原因
[00:45:27.280 --> 00:45:29.080]  為什麼你有這個問題
[00:45:29.080 --> 00:45:30.520]  而去改善
[00:45:30.520 --> 00:45:32.640]  而不是治療你的症狀
[00:45:32.640 --> 00:45:33.840]  治療症狀很重要
[00:45:33.840 --> 00:45:35.440]  但是我們要避免下一次
[00:45:35.440 --> 00:45:38.200]  再重複性地發生
[00:45:38.200 --> 00:45:41.440]  而我們基本上要改善
[00:45:41.440 --> 00:45:43.960]  正確的姿勢和用力的技巧
[00:45:43.960 --> 00:45:45.600]  這樣才可以防止
[00:45:45.600 --> 00:45:48.000]  下一次的問題再發生
[00:45:48.000 --> 00:45:49.880]  適當的裝備也很重要
[00:45:49.880 --> 00:45:52.520]  就是做運動的裝備
[00:45:52.520 --> 00:45:54.640]  然後我們穿鞋也很重要
[00:45:54.640 --> 00:45:56.080]  我們一定要穿一些鞋
[00:45:56.080 --> 00:45:57.920]  是適合自己的腳形
[00:45:57.920 --> 00:45:59.880]  如果我們有高足
[00:45:59.880 --> 00:46:02.000]  或者扁平足的時候
[00:46:02.000 --> 00:46:04.400]  如果你沒有一個合適的鞋
[00:46:04.400 --> 00:46:06.040]  就會令到你
[00:46:06.040 --> 00:46:06.880]  譬如我說
[00:46:06.880 --> 00:46:08.080]  那個人說走三十分鐘
[00:46:08.080 --> 00:46:09.240]  我就每天走三十分鐘
[00:46:09.240 --> 00:46:10.320]  但是我越走越痛
[00:46:10.320 --> 00:46:11.760]  我的腳怎麼辦
[00:46:11.760 --> 00:46:13.200]  我們也要評估一下
[00:46:13.200 --> 00:46:14.160]  為什麼你痛
[00:46:14.160 --> 00:46:15.400]  很多時候我們找出一個原因
[00:46:15.400 --> 00:46:17.400]  就是很多時候我們有高足
[00:46:17.400 --> 00:46:18.920]  或者扁平足的時候
[00:46:18.920 --> 00:46:21.080]  你穿對鞋又不合適你
[00:46:21.080 --> 00:46:23.240]  而你沒有合適的鞋墊
[00:46:23.240 --> 00:46:25.520]  去支撐著你的足的時候
[00:46:25.520 --> 00:46:26.960]  你走的時候
[00:46:26.960 --> 00:46:29.680]  很自然你的腳就會掉下去
[00:46:29.680 --> 00:46:31.120]  很細微的動作
[00:46:31.120 --> 00:46:32.520]  重複性三十分鐘
[00:46:32.520 --> 00:46:34.040]  這樣掉下去的時候
[00:46:34.040 --> 00:46:36.560]  你膝蓋旁邊
[00:46:36.560 --> 00:46:38.840]  這條IT鞋就開始緊了
[00:46:38.840 --> 00:46:42.480]  導致你膝蓋越走越痛
[00:46:42.480 --> 00:46:44.200]  而你沒有矯正的時候
[00:46:44.200 --> 00:46:45.280]  走著走著
[00:46:45.280 --> 00:46:47.120]  你就會變成O字腳
[00:46:47.120 --> 00:46:49.520]  因為你補償那個動作
[00:46:49.520 --> 00:46:50.800]  你慢慢越走越
[00:46:50.800 --> 00:46:53.440]  你看到有些人就O字腳地走
[00:46:53.440 --> 00:46:56.040]  一變形就很難改變
[00:46:56.040 --> 00:46:57.600]  可能醫生會建議你做
[00:46:57.600 --> 00:47:01.280]  膝蓋補償的手術
[00:47:01.280 --> 00:47:02.800]  最後記住
[00:47:02.800 --> 00:47:06.360]  我們做運動是一個雙面刃
[00:47:06.360 --> 00:47:08.840]  正確的指導和觀念帶來健康
[00:47:08.840 --> 00:47:11.720]  但是我們忽略了安全的原則
[00:47:11.720 --> 00:47:15.480]  和忽略了我們個人體能的差別
[00:47:15.480 --> 00:47:17.560]  就會造成傷害
[00:47:17.560 --> 00:47:19.680]  我們保持規律
[00:47:19.680 --> 00:47:22.960]  還有我們要聽自己身體的聲音
[00:47:22.960 --> 00:47:24.920]  告訴你何時停下來
[00:47:24.920 --> 00:47:27.320]  或者何時不行
[00:47:27.320 --> 00:47:32.000]  我們去到問答環節
[00:47:32.000 --> 00:47:33.880]  可能最後那裡說得快了一點
[00:47:33.880 --> 00:47:35.280]  因為時間的關係
[00:47:35.280 --> 00:47:39.080]  不過我們現在問答環節
[00:47:39.080 --> 00:47:47.360]  有沒有人有問題可以發問
[00:47:47.360 --> 00:47:52.040]  Noah在開始這個工作室之前
[00:47:52.040 --> 00:47:54.920]  也有四條問題有人問了我
[00:47:54.920 --> 00:47:57.720]  我想先解答現場有沒有問題
[00:47:57.720 --> 00:47:58.440]  如果沒有的話
[00:47:58.440 --> 00:48:02.480]  我就解答之前有朋友發給Noah的問題
[00:48:18.360 --> 00:48:19.960]  (如果我們不夠5分鐘
[00:48:19.960 --> 00:48:22.600]  每天上午做15分鐘
[00:48:22.600 --> 00:48:24.040]  下午做15分鐘
[00:48:24.040 --> 00:48:26.120]  那不就少了半個小時嗎)
[00:48:26.120 --> 00:48:28.400]  對的
[00:48:28.400 --> 00:48:30.960]  如果是時間上的問題
[00:48:30.960 --> 00:48:32.160]  你可以拆開來
[00:48:32.160 --> 00:48:32.840]  半個小時
[00:48:32.840 --> 00:48:34.280]  我早上做10分鐘
[00:48:34.280 --> 00:48:35.400]  下午做10分鐘
[00:48:35.400 --> 00:48:36.680]  和晚上做10分鐘
[00:48:36.680 --> 00:48:38.120]  加起來30分鐘
[00:48:38.120 --> 00:48:40.440]  效果和你一次做30分鐘
[00:48:40.440 --> 00:48:42.440]  都是一樣的
[00:48:42.440 --> 00:48:43.920]  所以是可以的
[00:48:48.280 --> 00:48:50.080]  (因為有一次)
[00:48:50.080 --> 00:48:51.520]  (我做了一個手術)
[00:48:51.520 --> 00:48:54.720]  (醫生叫我不要太重的藥物)
[00:48:54.720 --> 00:48:55.800]  (不要太重的藥物)
[00:48:55.800 --> 00:48:57.880]  (但是他叫我撿起來)
[00:48:57.880 --> 00:48:59.400]  (不要彎腰地撿起來)
[00:48:59.400 --> 00:49:01.680]  (他就叫我蹲下來撿起來)
[00:49:01.680 --> 00:49:02.360]  (是不是)
[00:49:02.360 --> 00:49:05.680]  (但是我蹲下來都不能站起來)
[00:49:05.680 --> 00:49:07.160]  是的
[00:49:07.160 --> 00:49:10.360]  (那應該是要怎樣撿才對呢)
[00:49:10.360 --> 00:49:12.440]  是的
[00:49:12.440 --> 00:49:14.560]  如果有金撿我也要撿起來
[00:49:14.560 --> 00:49:16.080]  沒理由有錢不撿起來
[00:49:16.080 --> 00:49:19.840]  我一定要學會怎樣正確去撿東西
[00:49:19.840 --> 00:49:26.160]  真的很因應你們每個人的身體情況
[00:49:26.160 --> 00:49:27.400]  剛才醫生建議
[00:49:27.400 --> 00:49:29.120]  我剛才也說過不要這樣撿
[00:49:29.120 --> 00:49:30.720]  當然是不要這樣撿
[00:49:30.720 --> 00:49:32.560]  另外一個就是你說蹲下來
[00:49:32.560 --> 00:49:34.160]  如果你說蹲不下來
[00:49:34.160 --> 00:49:35.720]  另外也是有問題
[00:49:35.720 --> 00:49:37.040]  也不適合
[00:49:37.040 --> 00:49:38.680]  另外一個方法就是
[00:49:38.680 --> 00:49:41.520]  如果你可以單膝
[00:49:41.520 --> 00:49:42.320]  腰直
[00:49:42.320 --> 00:49:44.200]  然後撿起來
[00:49:44.200 --> 00:49:46.440]  然後慢慢扶著東西起來
[00:49:46.440 --> 00:49:47.160]  其實這樣
[00:49:47.160 --> 00:49:49.560]  你看到我的腰也是直的
[00:49:49.560 --> 00:49:51.560]  而且要視乎你那樣東西
[00:49:51.560 --> 00:49:53.080]  如果真的是金的話
[00:49:53.080 --> 00:49:54.520]  你很重的
[00:49:54.520 --> 00:49:56.880]  那你自己當然也不要撿起來
[00:49:56.880 --> 00:50:00.400]  你可以打電話叫我幫你撿起來
[00:50:00.400 --> 00:50:02.040]  但是如果是10元、20元
[00:50:02.040 --> 00:50:05.280]  就不要叫我撿起來
[00:50:05.280 --> 00:50:08.960]  另外如果半膝也不行
[00:50:08.960 --> 00:50:10.880]  你可以買一些夾子
[00:50:10.880 --> 00:50:13.440]  我知道有很多很長的夾子
[00:50:13.440 --> 00:50:14.720]  有時候跌在地上
[00:50:14.720 --> 00:50:16.520]  你可以用夾子夾起來
[00:50:16.520 --> 00:50:18.080]  有些人真的不能蹲下來
[00:50:18.080 --> 00:50:19.320]  或者跪下來也不行
[00:50:19.320 --> 00:50:22.440]  或者怎樣也不可以落地
[00:50:22.440 --> 00:50:24.760]  是的
[00:50:24.760 --> 00:50:27.240]  (那些夾子又不怕跌下來)
[00:50:27.240 --> 00:50:29.440]  哦,好的
[00:50:29.440 --> 00:50:33.440]  或者…
[00:50:33.440 --> 00:50:35.080]  就是我剛才的方法
[00:50:35.080 --> 00:50:37.320]  試一下看行不行
[00:50:37.320 --> 00:50:38.320]  如果也不行的話
[00:50:38.320 --> 00:50:40.120]  當然就要想其他方法
[00:50:40.120 --> 00:50:41.600]  可能要叫其他人
[00:50:41.600 --> 00:50:43.960]  OK,幫忙
[00:50:43.960 --> 00:50:48.240]  (現在我們很多時候拿著手機在掃)
[00:50:48.240 --> 00:50:49.920]  (我相信大約一天)
[00:50:49.920 --> 00:50:53.960]  (或者也有十多二十個小時在掃手機)
[00:50:53.960 --> 00:51:00.360]  (對頸椎或者上臉會有很大的受損)
[00:51:00.360 --> 00:51:02.920]  (有什麼提議做什麼運動)
[00:51:02.920 --> 00:51:06.120]  (或者去強化頸部)
[00:51:06.120 --> 00:51:10.480]  (或者甚至乎有什麼可以解決這個問題)
[00:51:10.480 --> 00:51:12.960]  是的,解決這個問題
[00:51:12.960 --> 00:51:16.000]  當然就是用少一點電話
[00:51:16.000 --> 00:51:17.160]  用少一點電話
[00:51:17.160 --> 00:51:18.320]  不要經常看電話
[00:51:18.320 --> 00:51:21.040]  我太太經常罵我看電話
[00:51:21.040 --> 00:51:22.400]  不要看這麼多電話
[00:51:22.400 --> 00:51:24.160]  但是沒有辦法
[00:51:24.160 --> 00:51:26.440]  但是我們要強化
[00:51:26.440 --> 00:51:30.240]  接下來我們完成這個Q&A的時間
[00:51:30.240 --> 00:51:32.280]  我們會和大家做一些運動
[00:51:32.280 --> 00:51:34.080]  當中也會覆蓋
[00:51:34.080 --> 00:51:36.920]  有一點也會覆蓋背部的運動
[00:51:36.920 --> 00:51:38.600]  如果我們很簡單
[00:51:38.600 --> 00:51:39.800]  我們現在很快地說一說
[00:51:39.800 --> 00:51:42.120]  如果我們拿一條橡筋帶的時候
[00:51:42.120 --> 00:51:44.640]  待會我們給大家一條橡筋帶
[00:51:44.640 --> 00:51:45.560]  在家裡的時候
[00:51:45.560 --> 00:51:46.320]  可以打一個裂
[00:51:46.320 --> 00:51:48.120]  然後放在門上
[00:51:48.120 --> 00:51:51.920]  然後我們兩邊夾
[00:51:51.920 --> 00:51:55.000]  我們用肩胛骨去夾住後面
[00:51:55.000 --> 00:51:57.080]  我們最主要是強化頸部
[00:51:57.080 --> 00:51:59.800]  和我們背部的背肌
[00:51:59.800 --> 00:52:01.200]  去夾有力
[00:52:01.200 --> 00:52:05.120]  平時我們就可以改善我們的頸部
[00:52:05.120 --> 00:52:09.360]  或者肩膀不夠力的情況
[00:52:09.360 --> 00:52:11.960]  改善了我們的姿勢也會的
[00:52:11.960 --> 00:52:14.960]  我們待會也會覆蓋一些運動
[00:52:14.960 --> 00:52:24.520]  有一個問題就是
[00:52:24.520 --> 00:52:27.080]  做運動我們知道是有益的
[00:52:27.080 --> 00:52:30.840]  但是當生活節奏很隨意的時候
[00:52:30.840 --> 00:52:37.440]  我們想知道哪個時間做運動是最適合的
[00:52:37.440 --> 00:52:40.600]  尤其是每天都希望做半個小時
[00:52:40.600 --> 00:52:43.840]  早上吃早餐之後
[00:52:43.840 --> 00:52:46.160]  或者吃了下午之後
[00:52:46.160 --> 00:52:49.400]  哪個時候的效果是最好的
[00:52:49.400 --> 00:52:53.720]  其實效果我們剛才也說過
[00:52:53.720 --> 00:52:56.280]  如果你早上 下午 晚上
[00:52:56.280 --> 00:52:58.640]  分開做的效果也是可以的
[00:52:58.640 --> 00:53:00.840]  但是如果你說
[00:53:00.840 --> 00:53:03.000]  視乎你做什麼運動
[00:53:03.000 --> 00:53:07.480]  譬如說我想做一些很簡單的
[00:53:07.480 --> 00:53:11.040]  或者有氧運動或者無氧運動
[00:53:11.040 --> 00:53:16.120]  那就要視乎你睡覺之前
[00:53:16.120 --> 00:53:19.600]  你做得太多運動或者很強烈的運動
[00:53:19.600 --> 00:53:21.960]  都會影響到你的腦袋
[00:53:21.960 --> 00:53:23.360]  好像關不了機一樣
[00:53:23.360 --> 00:53:25.360]  做完之後很興奮
[00:53:25.360 --> 00:53:29.000]  但是身體休息不了
[00:53:29.000 --> 00:53:30.600]  那就盡量避免
[00:53:30.600 --> 00:53:32.160]  如果你有些情況出現
[00:53:32.160 --> 00:53:35.480]  當然就不可以睡覺之前做這些運動
[00:53:35.480 --> 00:53:38.040]  但是如果你說很簡單的運動
[00:53:38.040 --> 00:53:40.800]  我當然建議大家
[00:53:40.800 --> 00:53:42.920]  如果你經常許可
[00:53:42.920 --> 00:53:44.960]  都是有空的
[00:53:44.960 --> 00:53:47.360]  可能有時候吃完早餐
[00:53:47.360 --> 00:53:50.040]  確保你自己有足夠的糖分
[00:53:50.040 --> 00:53:51.680]  不會低血壓
[00:53:51.680 --> 00:53:53.800]  不是 不會低血糖
[00:53:53.800 --> 00:53:56.160]  之後可能吃完一點東西的時候
[00:53:56.160 --> 00:53:57.800]  可能半個小時 一個小時之後
[00:53:57.800 --> 00:53:59.400]  才開始做運動
[00:53:59.400 --> 00:54:02.160]  下午一樣 千萬不要一吃完飯
[00:54:02.160 --> 00:54:04.280]  當然就不要馬上做運動
[00:54:04.280 --> 00:54:06.880]  那當然你會不舒服
[00:54:06.880 --> 00:54:09.160]  除非你說我只是散步是可以的
[00:54:09.160 --> 00:54:13.240]  但是要視乎你做什麼運動
[00:54:13.240 --> 00:54:19.600]  另外有時候譬如做完運動之後
[00:54:19.600 --> 00:54:24.200]  都要補充一些電解質和碳水化合物
[00:54:24.200 --> 00:54:26.120]  所以你說我哪段時間做
[00:54:26.120 --> 00:54:28.520]  其實效果都OK 都一樣
[00:54:28.520 --> 00:54:33.120]  就視乎你有沒有影響到自己的生活
[00:54:33.120 --> 00:54:36.600]  是否影響到你睡眠質素
[00:54:36.600 --> 00:54:38.960]  有些人做完之後睡不著
[00:54:38.960 --> 00:54:40.320]  那你就不要晚上做
[00:54:40.320 --> 00:54:42.000]  可能下午或者早上起床
[00:54:42.000 --> 00:54:44.280]  最精神的時候去做
[00:54:44.280 --> 00:54:47.320]  或者我整天上完班很累
[00:54:47.320 --> 00:54:49.920]  那我晚上根本就沒有精神去做
[00:54:49.920 --> 00:54:51.440]  那我就早點起床
[00:54:51.440 --> 00:54:54.320]  我早上做完運動才去上班
[00:54:54.320 --> 00:54:57.000]  視乎每個人都不一樣
[00:54:57.000 --> 00:54:59.000]  是的 好
[00:54:59.000 --> 00:55:07.920]  是的
[00:55:07.920 --> 00:55:14.400]  我們要回到剛才我們解釋的那幾個slide
[00:55:14.400 --> 00:55:16.920]  我早上帶隻狗去做運動
[00:55:16.920 --> 00:55:20.240]  如果你是有計劃性規劃地
[00:55:20.240 --> 00:55:23.720]  我每天早上七點鐘帶隻狗去做
[00:55:23.720 --> 00:55:25.320]  十五分鐘走路
[00:55:25.320 --> 00:55:30.240]  那你可以說為了增強你自己的活動關節
[00:55:30.240 --> 00:55:31.560]  或者身體功能
[00:55:31.560 --> 00:55:35.760]  那你要視乎你自己有沒有規劃了這件事
[00:55:35.760 --> 00:55:36.760]  如果你說不是
[00:55:36.760 --> 00:55:38.640]  我偶爾帶牠出去走走
[00:55:38.640 --> 00:55:39.640]  有空就帶牠出去
[00:55:39.640 --> 00:55:41.080]  那就不是叫做運動
[00:55:41.080 --> 00:55:42.960]  那些叫做體能活動
[00:55:42.960 --> 00:55:45.960]  如果你要當是一個
[00:55:45.960 --> 00:55:47.840]  是的 就好像做家務一樣
[00:55:47.840 --> 00:55:49.840]  你為了完成那個工作
[00:55:49.840 --> 00:55:51.320]  但如果你是有目的性的
[00:55:51.320 --> 00:55:55.040]  我為了增強我自己的腳的靈活性
[00:55:55.040 --> 00:55:56.280]  或者心肺功能
[00:55:56.280 --> 00:55:58.480]  那我每天帶隻狗出去走十五分鐘
[00:55:58.480 --> 00:55:59.480]  三十分鐘
[00:55:59.480 --> 00:56:03.400]  那這個就是對你來說是一個運動
[00:56:03.400 --> 00:56:06.280]  是的 視乎你自己的目的
[00:56:06.280 --> 00:56:07.200]  你有沒有記住
[00:56:07.200 --> 00:56:10.080]  為什麼你要帶隻狗去走路
[00:56:10.080 --> 00:56:11.080]  是的
[00:56:11.080 --> 00:56:12.320]  是的
[00:56:12.320 --> 00:56:13.320]  就是這樣
[00:56:13.320 --> 00:56:14.720]  是的
[00:56:14.720 --> 00:56:16.600]  好 還有沒有其他問題
[00:56:16.600 --> 00:56:17.600]  有
[00:56:17.600 --> 00:56:23.160]  問完時間我就想再問一下
[00:56:23.160 --> 00:56:32.520]  如果一個星期最少要做多少次
[00:56:32.520 --> 00:56:35.000]  例如一個星期七天
[00:56:35.000 --> 00:56:37.720]  做三天或者做四天
[00:56:37.720 --> 00:56:42.160]  在健身室做一半個小時
[00:56:42.160 --> 00:56:48.400]  哪個次數是至少會有效呢
[00:56:48.400 --> 00:56:49.200]  是的
[00:56:49.200 --> 00:56:52.680]  我們如果說有效
[00:56:52.680 --> 00:56:54.360]  我們之前都說過
[00:56:54.360 --> 00:56:55.680]  如果你要有效性
[00:56:55.680 --> 00:56:58.640]  看到有實質的進展
[00:56:58.640 --> 00:57:01.160]  最少要兩至三個月的時間
[00:57:01.160 --> 00:57:02.800]  然後次數方面
[00:57:02.800 --> 00:57:04.160]  最少
[00:57:04.160 --> 00:57:05.560]  剛才我們有一個slide
[00:57:05.560 --> 00:57:07.320]  就是說次數 重量
[00:57:07.320 --> 00:57:11.120]  和rep和set
[00:57:11.120 --> 00:57:15.040]  次數通常是視乎你做的運動
[00:57:15.040 --> 00:57:16.440]  例如我最基本的
[00:57:16.440 --> 00:57:17.320]  就是最簡單
[00:57:17.320 --> 00:57:19.280]  我一開始做運動的時候
[00:57:19.280 --> 00:57:22.080]  可能我做十下 做三次
[00:57:22.080 --> 00:57:23.640]  就是最簡單
[00:57:23.640 --> 00:57:27.280]  之後你說我要增強
[00:57:27.280 --> 00:57:30.080]  可能又是同一個重量
[00:57:30.080 --> 00:57:32.760]  但我這次做四組
[00:57:32.760 --> 00:57:34.000]  就是做十次
[00:57:34.000 --> 00:57:35.960]  加多做一組
[00:57:35.960 --> 00:57:41.920]  其實最常見就是三至四組
[00:57:41.920 --> 00:57:43.600]  然後做的次數
[00:57:43.600 --> 00:57:45.760]  就視乎你有沒有加重量
[00:57:45.760 --> 00:57:46.800]  如果你加了重量
[00:57:46.800 --> 00:57:48.920]  我就減輕次數
[00:57:48.920 --> 00:57:52.200]  例如我自己的基本是做十下
[00:57:52.200 --> 00:57:53.280]  我加重了
[00:57:53.280 --> 00:57:55.360]  下一次我做八下
[00:57:55.360 --> 00:57:56.440]  我又再加重了
[00:57:56.440 --> 00:57:58.000]  我下次做六下
[00:57:58.000 --> 00:57:59.320]  如果你加重了重量
[00:57:59.320 --> 00:58:00.760]  你覺得我做十下都可以
[00:58:00.760 --> 00:58:01.920]  那你就做十下
[00:58:01.920 --> 00:58:05.560]  下次次數就再增加
[00:58:05.560 --> 00:58:08.320]  慢慢去增加上去
[00:58:08.320 --> 00:58:11.040]  次數可能三至四組
[00:58:11.040 --> 00:58:13.640]  每組做十次左右
[00:58:19.920 --> 00:58:21.760]  有個問題想問一下
[00:58:21.760 --> 00:58:23.800]  如果一個星期
[00:58:23.800 --> 00:58:25.200]  我不是分開五天做
[00:58:25.200 --> 00:58:26.720]  我只是一個星期做一天
[00:58:26.720 --> 00:58:28.200]  做150分鐘
[00:58:28.200 --> 00:58:29.440]  這樣行不行呢
[00:58:29.440 --> 00:58:34.600]  我們有個簡稱叫Weekend Warrior
[00:58:34.600 --> 00:58:39.760]  即是你是一個周末的戰士
[00:58:39.760 --> 00:58:41.720]  我將所有的運動
[00:58:41.720 --> 00:58:43.320]  都谷在同一天做
[00:58:43.320 --> 00:58:47.000]  當然這個我都是不建議的
[00:58:47.000 --> 00:58:50.600]  因為平時一至六的時間
[00:58:50.600 --> 00:58:53.200]  你沒有做那麼多運動的時候
[00:58:53.200 --> 00:58:54.400]  剛才我們說過
[00:58:54.400 --> 00:58:56.240]  例如臥床五天
[00:58:56.240 --> 00:58:58.080]  你的力量和肌肉
[00:58:58.080 --> 00:59:00.120]  就開始覺得沒什麼力氣
[00:59:00.120 --> 00:59:03.320]  如果你隔七天才做一次運動
[00:59:03.320 --> 00:59:10.400]  其實對你身體的適應性會不好
[00:59:10.400 --> 00:59:15.720]  你會很難慢慢加重量
[00:59:15.720 --> 00:59:17.200]  你是無法加上去的
[00:59:17.200 --> 00:59:18.400]  因為隔了七天
[00:59:18.400 --> 00:59:20.280]  你下次做又會很累
[00:59:20.280 --> 00:59:21.360]  你隔了七天之後
[00:59:21.360 --> 00:59:23.040]  下次做又會很累
[00:59:23.040 --> 00:59:24.760]  但如果你循序漸進
[00:59:24.760 --> 00:59:27.360]  你一、三、五分開
[00:59:27.360 --> 00:59:29.240]  每次做30分鐘
[00:59:29.240 --> 00:59:31.760]  你每次就可以加一點
[00:59:31.760 --> 00:59:35.360]  這樣對你身體的肌肉或骨
[00:59:35.360 --> 00:59:37.240]  才會慢慢適應
[00:59:37.240 --> 00:59:40.480]  如果我說我一個月才做一次
[00:59:40.480 --> 00:59:41.880]  每次做三個小時
[00:59:41.880 --> 00:59:43.920]  這樣更加不行
[00:59:43.920 --> 00:59:48.000]  我覺得一個星期也不是太好
[00:59:48.000 --> 00:59:50.360]  而且有機會受傷
[00:59:50.360 --> 00:59:52.600]  因為你一個星期沒有做運動
[00:59:52.600 --> 00:59:54.680]  突然間做那麼高強烈
[00:59:54.680 --> 00:59:56.720]  或者那麼高時間的運動
[00:59:56.720 --> 01:00:02.520]  有機會令到你的關節容易受傷
[01:00:02.520 --> 01:00:06.680]  所以我不建議儲起來一次過做
[01:00:06.680 --> 01:00:10.480]  另外有一個問題
[01:00:10.480 --> 01:00:12.520]  另外有一個問題就是
[01:00:12.520 --> 01:00:16.240]  如果腳抽筋後適不適合做運動
[01:00:16.240 --> 01:00:18.680]  你是說抽筋後馬上做運動
[01:00:18.680 --> 01:00:23.840]  還是抽筋後還感覺到痛
[01:00:23.840 --> 01:00:27.760]  看你抽筋的原因是甚麼
[01:00:27.760 --> 01:00:33.000]  如果你當時已經做了15分鐘強烈運動
[01:00:33.000 --> 01:00:33.960]  即是流汗了
[01:00:33.960 --> 01:00:36.240]  然後抽筋了
[01:00:36.240 --> 01:00:38.840]  你痊癒了一點
[01:00:38.840 --> 01:00:40.440]  但仍然覺得抽筋的時候
[01:00:40.440 --> 01:00:42.880]  我建議你還是休息一下
[01:00:42.880 --> 01:00:44.720]  或者做拉筋的運動
[01:00:44.720 --> 01:00:46.320]  你要選擇做甚麼運動
[01:00:46.320 --> 01:00:47.400]  對了,拉筋
[01:00:47.400 --> 01:00:50.080]  為甚麼你突然間抽筋呢
[01:00:50.080 --> 01:00:51.480]  就是因為你身體
[01:00:51.480 --> 01:00:52.600]  剛才我們說過
[01:00:52.600 --> 01:00:54.960]  水分,你不夠水分的時候
[01:00:54.960 --> 01:00:56.480]  你身體就會抽筋
[01:00:56.480 --> 01:00:58.400]  還有你不夠電解質的時候
[01:00:58.400 --> 01:00:59.920]  你身體就會抽筋
[01:00:59.920 --> 01:01:02.240]  其實最適當的時候
[01:01:02.240 --> 01:01:05.240]  抽筋的處理方法就是一定要拉筋
[01:01:05.240 --> 01:01:07.280]  放鬆肌肉
[01:01:07.280 --> 01:01:11.840]  然後補充水分和電解質
[01:01:11.840 --> 01:01:14.720]  如非必要就不要繼續
[01:01:14.720 --> 01:01:16.200]  或者你說我可以繼續
[01:01:16.200 --> 01:01:18.000]  但要遷就一下
[01:01:18.000 --> 01:01:21.240]  不要做很強烈的運動
[01:01:21.240 --> 01:01:24.240]  為甚麼別人跑馬拉松的時候
[01:01:24.240 --> 01:01:26.040]  那麼多人遞香蕉給他
[01:01:26.040 --> 01:01:27.280]  那麼多人遞電解質
[01:01:27.280 --> 01:01:28.600]  別人喝完一杯就扔掉
[01:01:28.600 --> 01:01:29.720]  吃一條香蕉就扔掉
[01:01:29.720 --> 01:01:33.880]  當中流失水分和電解質實在太多
[01:01:33.880 --> 01:01:35.240]  所以他們過程當中
[01:01:35.240 --> 01:01:39.400]  一定要不停補充電解質和香蕉的鴿子
[01:01:39.400 --> 01:01:41.360]  補充鴿子在身體上
[01:01:41.360 --> 01:01:44.840]  防止抽筋和有脫水的狀態
[01:01:44.840 --> 01:01:48.280]  還有要注意你的心跳是否過快
[01:01:48.280 --> 01:01:50.680]  如果過不了太快
[01:01:50.680 --> 01:01:54.840]  有機會是一個中暑的狀態
[01:01:54.840 --> 01:01:57.720]  所以這個都要小心
[01:01:57.720 --> 01:02:03.440]  我想問到吃蛋白質的補充
[01:02:03.440 --> 01:02:07.280]  現在我知道很多人吃雞蛋
[01:02:07.280 --> 01:02:09.240]  一隻雞蛋大概是多少
[01:02:09.240 --> 01:02:13.040]  5至6克的蛋白質
[01:02:13.040 --> 01:02:14.240]  我不是營養師
[01:02:14.240 --> 01:02:17.640]  這是我個人的建議
[01:02:17.640 --> 01:02:21.000]  我自己都是一天吃幾隻雞蛋
[01:02:21.000 --> 01:02:25.280]  一隻雞蛋含蛋黃有5至6克的蛋白質
[01:02:25.280 --> 01:02:26.640]  如果你不吃蛋黃
[01:02:26.640 --> 01:02:28.520]  可能只剩下2至3克的蛋白質
[01:02:28.520 --> 01:02:30.040]  如果吃蛋白的話
[01:02:30.040 --> 01:02:31.840]  還是說一句
[01:02:31.840 --> 01:02:33.240]  我不是營養師
[01:02:33.240 --> 01:02:35.840]  這是我個人的心得
[01:02:35.840 --> 01:02:40.520]  一隻雞蛋含蛋黃有5至6克的蛋白質
[01:02:40.520 --> 01:02:50.760]  大家還有其他問題嗎
[01:02:50.760 --> 01:02:52.000]  有
[01:02:52.000 --> 01:02:57.640]  我想問
[01:02:57.640 --> 01:03:03.440]  現在說了這麼多,我們過了這個講座之後
[01:03:03.440 --> 01:03:08.720]  有沒有資料或視頻可以給我們看看
[01:03:08.720 --> 01:03:14.440]  之後如果遇到有什麼問題或可以去諮詢
[01:03:14.440 --> 01:03:15.840]  除了問你之外
[01:03:15.840 --> 01:03:21.640]  你這個問題是
[01:03:21.640 --> 01:03:23.840]  你如果完了這個講座之後
[01:03:23.840 --> 01:03:26.640]  有什麼身體上的問題
[01:03:26.640 --> 01:03:29.440]  即是疾病上的問題
[01:03:29.440 --> 01:03:30.440]  做運動
[01:03:30.440 --> 01:03:46.640]  當然每個人的需要做的運動都不一樣
[01:03:46.640 --> 01:03:50.840]  所以很難說我有一套的
[01:03:50.840 --> 01:03:54.840]  每個人玩主玩,跟著那套做就萬能
[01:03:54.840 --> 01:03:56.040]  這就不是
[01:03:56.040 --> 01:04:02.240]  當然如果你想制定一個如何適合自己
[01:04:02.240 --> 01:04:06.840]  當然要有一個評估自己身體的狀態
[01:04:06.840 --> 01:04:08.440]  需要什麼
[01:04:08.440 --> 01:04:10.840]  或者你自己有個目標
[01:04:10.840 --> 01:04:13.440]  我想強壯哪個位置
[01:04:13.440 --> 01:04:14.840]  或者哪裡不舒服
[01:04:14.840 --> 01:04:17.040]  我想令那裡舒服
[01:04:17.040 --> 01:04:19.040]  針對你那個部位
[01:04:19.040 --> 01:04:23.840]  例如你剛才說的頸、肩膀、緊、痛
[01:04:23.840 --> 01:04:27.840]  可能你就可以去做一些
[01:04:27.840 --> 01:04:31.440]  當然你要有一個健身教練
[01:04:31.440 --> 01:04:33.440]  或者專業的物理治療師
[01:04:33.440 --> 01:04:37.040]  去設定一些適合你自己的運動
[01:04:37.040 --> 01:04:43.040]  我很難說你上網自己搜尋
[01:04:43.040 --> 01:04:46.440]  做那些就對了
[01:04:46.440 --> 01:04:48.440]  因為沒有跟你做過評估
[01:04:48.440 --> 01:04:51.240]  很難知道那些運動究竟是否適合你
[01:04:51.240 --> 01:04:54.040]  因為很多人都是…我現在有很多視頻
[01:04:54.040 --> 01:04:55.240]  或者我用不著聽你說
[01:04:55.240 --> 01:04:57.840]  但我的視頻有很多八段錦
[01:04:57.840 --> 01:04:59.640]  或者打那些什麼都可以
[01:04:59.640 --> 01:05:01.040]  我用不著聽你說
[01:05:01.040 --> 01:05:02.640]  其實都可以
[01:05:02.640 --> 01:05:04.040]  如果你覺得有幫助的話
[01:05:04.040 --> 01:05:07.640]  但如果你本身身體有其他問題的時候
[01:05:07.640 --> 01:05:09.240]  而你做了那件事
[01:05:09.240 --> 01:05:11.840]  會令你身體本身的問題惡化
[01:05:11.840 --> 01:05:13.640]  我就建議不要這樣
[01:05:13.640 --> 01:05:18.640]  一定要跟一個專業的治療師有個評估
[01:05:18.640 --> 01:05:22.240]  為你去制定一個很好的運動計劃
[01:05:22.240 --> 01:05:24.240]  這樣才可以
[01:05:24.240 --> 01:05:27.440]  當然如果你有什麼問題
[01:05:27.440 --> 01:05:28.640]  隨時都可以問我
[01:05:28.640 --> 01:05:30.440]  我都可以說幾個運動給你做
[01:05:30.440 --> 01:05:32.440]  都沒有問題
[01:05:32.440 --> 01:05:37.240]  到我又有一個切身一點的問題
[01:05:37.240 --> 01:05:40.040]  我年輕的時候很勤力工作
[01:05:40.040 --> 01:05:43.240]  不知道為什麼肩膀很痛
[01:05:43.240 --> 01:05:47.040]  現在我去做健身的時候
[01:05:47.040 --> 01:05:51.040]  希望像你的手臂可以好很多
[01:05:51.040 --> 01:05:53.040]  但每次我加重
[01:05:53.040 --> 01:05:56.840]  好像剛才你說的頭頭五磅
[01:05:56.840 --> 01:05:59.040]  這樣做開始
[01:05:59.040 --> 01:06:01.040]  當我一加重
[01:06:01.040 --> 01:06:05.040]  這條肌肉又痛
[01:06:05.040 --> 01:06:07.640]  可能是很久了
[01:06:07.640 --> 01:06:10.040]  沒辦法加重
[01:06:10.040 --> 01:06:16.640]  有什麼運動還可以令肌肉大一點
[01:06:16.640 --> 01:06:22.040]  有很多人都問我
[01:06:22.040 --> 01:06:25.040]  有沒有一些藥吃了馬上有效
[01:06:25.040 --> 01:06:27.040]  或者有什麼東西吃了馬上沒問題
[01:06:27.040 --> 01:06:29.040]  我都是說
[01:06:29.040 --> 01:06:32.040]  你其實要找一個原因
[01:06:32.040 --> 01:06:37.040]  為什麼加重之後那個位置會痛一點
[01:06:37.040 --> 01:06:40.040]  可能你要從那方面入手
[01:06:40.040 --> 01:06:42.040]  然後找出你痛的原因
[01:06:42.040 --> 01:06:46.040]  我剛才其中一個slide都說
[01:06:46.040 --> 01:06:49.040]  有很多問題是因為你沒拉筋
[01:06:49.040 --> 01:06:51.040]  或者有些舊患
[01:06:51.040 --> 01:06:54.040]  令到你的關節位不夠靈活
[01:06:54.040 --> 01:06:56.040]  從而你做那個動作的時候
[01:06:56.040 --> 01:06:58.040]  你那個有些restriction
[01:06:58.040 --> 01:07:00.040]  有些限制了你的時候
[01:07:00.040 --> 01:07:02.040]  就會令到你那個位置加重的時候
[01:07:02.040 --> 01:07:03.040]  就會痛很多
[01:07:03.040 --> 01:07:06.040]  所以我們通常要先找出原因
[01:07:06.040 --> 01:07:07.040]  然後對症下藥
[01:07:07.040 --> 01:07:11.040]  原來你這條頸後面的肌肉有點緊
[01:07:11.040 --> 01:07:13.040]  你要放鬆拉筋
[01:07:13.040 --> 01:07:15.040]  或者做按摩幫你舒緩
[01:07:15.040 --> 01:07:18.040]  然後再循序漸進
[01:07:18.040 --> 01:07:20.040]  加重量
[01:07:20.040 --> 01:07:23.040]  讓你慢慢可以做到那個動作
[01:07:23.040 --> 01:07:25.040]  當然同一個動作有很多不同的運動
[01:07:25.040 --> 01:07:27.040]  都可以做到那個肌肉
[01:07:27.040 --> 01:07:30.040]  但是我覺得你那個問題是
[01:07:30.040 --> 01:07:34.040]  要處理你為什麼加重的時候那個位置痛
[01:07:34.040 --> 01:07:36.040]  而不是說我做第二個動作
[01:07:36.040 --> 01:07:37.040]  我那個位置不痛
[01:07:37.040 --> 01:07:39.040]  我就可以不斷加重
[01:07:39.040 --> 01:07:40.040]  就不會的
[01:07:40.040 --> 01:07:41.040]  可能你做第二個動作的時候
[01:07:41.040 --> 01:07:43.040]  你那個位置加重都會痛
[01:07:43.040 --> 01:07:46.040]  所以你要先解決痛的原因
[01:07:46.040 --> 01:07:49.040]  之後才加重去做那個訓練
[01:07:49.040 --> 01:07:50.040]  如果不是的話
[01:07:50.040 --> 01:07:55.040]  你急於肌肉增大的時候
[01:07:55.040 --> 01:07:56.040]  你不斷加重
[01:07:56.040 --> 01:07:58.040]  或者做其他運動加重的時候
[01:07:58.040 --> 01:08:02.040]  令到你的傷患會越來越惡化
[01:08:02.040 --> 01:08:06.040]  所以我都是會建議你
[01:08:06.040 --> 01:08:08.040]  處理了你傷痛之後
[01:08:08.040 --> 01:08:11.040]  才會再加重那個就會好一點
[01:08:11.040 --> 01:08:13.040]  因為時間關係
[01:08:13.040 --> 01:08:16.040]  所以是最後一個問題
[01:08:16.040 --> 01:08:18.040]  然後林廣就會去解答
[01:08:18.040 --> 01:08:21.040]  一早遞了進來的問題
[01:08:21.040 --> 01:08:24.040]  如果沒有的話就麻煩你
[01:08:24.040 --> 01:08:30.040]  Nora之前發了四條問題給我
[01:08:30.040 --> 01:08:32.040]  第一個問題就是
[01:08:32.040 --> 01:08:34.040]  60歲、70歲、80歲、90歲
[01:08:34.040 --> 01:08:38.040]  不同年齡層的人適合做什麼運動
[01:08:38.040 --> 01:08:42.040]  希望今天我們完結講座
[01:08:42.040 --> 01:08:44.040]  其實已經解答了你的問題
[01:08:44.040 --> 01:08:47.040]  其實年齡不是一個數字
[01:08:47.040 --> 01:08:49.040]  只是一個參考
[01:08:49.040 --> 01:08:51.040]  有些可能80歲或者70歲
[01:08:51.040 --> 01:08:53.040]  都可能比我還要大力
[01:08:53.040 --> 01:08:56.040]  所以其實適合做什麼運動
[01:08:56.040 --> 01:09:00.040]  都不太關乎年紀
[01:09:00.040 --> 01:09:06.040]  但都很在乎你個人的體質是什麼狀態
[01:09:06.040 --> 01:09:10.040]  如果是60歲的
[01:09:10.040 --> 01:09:14.040]  我會建議我們剛才所說的
[01:09:14.040 --> 01:09:18.040]  做重量訓練、阻力訓練
[01:09:18.040 --> 01:09:24.040]  我們的目的性是要增強肌肉量和骨質密度
[01:09:24.040 --> 01:09:26.040]  不要讓它那麼容易流失
[01:09:26.040 --> 01:09:28.040]  我們60歲的人士
[01:09:28.040 --> 01:09:31.040]  希望繼續增加我們的力量
[01:09:31.040 --> 01:09:36.040]  我們剛才看到不做運動和做運動線的分別是多少
[01:09:36.040 --> 01:09:39.040]  60歲就可以開始做多點運動
[01:09:39.040 --> 01:09:42.040]  強化重量的運動才有效
[01:09:42.040 --> 01:09:46.040]  70歲我們通常都OK
[01:09:46.040 --> 01:09:48.040]  70歲都不算老
[01:09:48.040 --> 01:09:50.040]  70歲都很OK
[01:09:50.040 --> 01:09:57.040]  但建議另外的重點是要做多點平衡的動作
[01:09:57.040 --> 01:09:59.040]  核心的動作
[01:09:59.040 --> 01:10:03.040]  剛才我們說過如果沒有很好的核心力量
[01:10:03.040 --> 01:10:07.040]  可能你70歲再想運動多點
[01:10:07.040 --> 01:10:10.040]  很容易會令你的腰骨受傷
[01:10:10.040 --> 01:10:12.040]  腰痛很常見
[01:10:12.040 --> 01:10:16.040]  70歲可以做多點核心或平衡的動作
[01:10:16.040 --> 01:10:22.040]  80歲開始我們都不會推動得很厲害
[01:10:22.040 --> 01:10:26.040]  可能80歲以上可以做些很輕的重量訓練
[01:10:26.040 --> 01:10:32.040]  我們的目的不是要舉100磅或200磅
[01:10:32.040 --> 01:10:35.040]  我們的目的是可以維持日常生活
[01:10:35.040 --> 01:10:37.040]  可以自理得到
[01:10:37.040 --> 01:10:39.040]  還可以起床坐下
[01:10:39.040 --> 01:10:42.040]  80歲運動要專注在姿勢
[01:10:42.040 --> 01:10:45.040]  即是你自己的姿勢的問題
[01:10:45.040 --> 01:10:48.040]  如果我們開始不注意自己的姿勢
[01:10:48.040 --> 01:10:51.040]  剛才我們說起床坐下的姿勢不好
[01:10:51.040 --> 01:10:53.040]  我們的鞋不適合的時候
[01:10:53.040 --> 01:10:56.040]  隨之而來很多病痛都會出現
[01:10:56.040 --> 01:10:58.040]  90歲呢
[01:10:58.040 --> 01:11:02.040]  其實我現在有個病人是103歲
[01:11:02.040 --> 01:11:05.040]  我都是和他做多點起床坐下
[01:11:05.040 --> 01:11:08.040]  平衡的訓練和走路
[01:11:08.040 --> 01:11:12.040]  我們就不會叫他做很多舉重的運動
[01:11:12.040 --> 01:11:16.040]  因為我們要知道90到100歲
[01:11:16.040 --> 01:11:20.040]  其實我們最重要都是不要讓他跌倒
[01:11:20.040 --> 01:11:23.040]  一跌倒大家都知道有什麼事
[01:11:23.040 --> 01:11:27.040]  所以平衡和日常還可以走路
[01:11:27.040 --> 01:11:30.040]  其實已經是一個很好的訓練練習
[01:11:30.040 --> 01:11:32.040]  讓我們帶他走多點
[01:11:32.040 --> 01:11:38.040]  另外一個就是長期臥床的人又怎樣做運動呢
[01:11:38.040 --> 01:11:43.040]  如果你有家人要照顧他長期臥床
[01:11:43.040 --> 01:11:44.040]  沒辦法
[01:11:44.040 --> 01:11:46.040]  我們的目的就要轉一轉
[01:11:46.040 --> 01:11:48.040]  我們的目的不是
[01:11:48.040 --> 01:11:50.040]  讓他可以康復
[01:11:50.040 --> 01:11:52.040]  或者有機會可以走路
[01:11:52.040 --> 01:11:54.040]  我們當然要帶他坐多點
[01:11:54.040 --> 01:11:55.040]  走多點
[01:11:55.040 --> 01:11:56.040]  站多點
[01:11:56.040 --> 01:11:58.040]  但我不知道你的問題
[01:11:58.040 --> 01:12:00.040]  你的人是怎樣
[01:12:00.040 --> 01:12:03.040]  如果你的家人只是臥床
[01:12:03.040 --> 01:12:04.040]  他真的動不了
[01:12:04.040 --> 01:12:08.040]  我們可以專注多點和他活動關節
[01:12:08.040 --> 01:12:10.040]  因為我們剛才說過
[01:12:10.040 --> 01:12:12.040]  如果我們長期臥床的人
[01:12:12.040 --> 01:12:15.040]  我們的肌肉開始流失得多的時候
[01:12:15.040 --> 01:12:16.040]  他的肌肉就會收縮
[01:12:16.040 --> 01:12:17.040]  一收縮的時候
[01:12:17.040 --> 01:12:19.040]  你的關節就會變緊
[01:12:19.040 --> 01:12:21.040]  長期臥床的人
[01:12:21.040 --> 01:12:23.040]  他的關節是很緊的
[01:12:23.040 --> 01:12:24.040]  所以我們上到去
[01:12:24.040 --> 01:12:28.040]  都是幫他動動手和腳
[01:12:28.040 --> 01:12:30.040]  去靈活他們的關節
[01:12:30.040 --> 01:12:33.040]  當中可以出眾他的血液循環
[01:12:33.040 --> 01:12:36.040]  和可以避免他有些叫做back sore
[01:12:36.040 --> 01:12:40.040]  即是屁股會爛
[01:12:40.040 --> 01:12:41.040]  即是有些傷口
[01:12:41.040 --> 01:12:44.040]  即是長期臥床你不和他轉身
[01:12:44.040 --> 01:12:46.040]  他就會有這些back sore出來
[01:12:46.040 --> 01:12:48.040]  會爛
[01:12:48.040 --> 01:12:52.040]  就會和他做多些床上的運動
[01:12:52.040 --> 01:12:54.040]  如果他還可以活動的話
[01:12:54.040 --> 01:12:56.040]  一定要叫他活動多點
[01:12:56.040 --> 01:13:00.040]  和活動多點增加血液循環
[01:13:00.040 --> 01:13:02.040]  避免血管閉塞
[01:13:02.040 --> 01:13:04.040]  這個都很重要
[01:13:04.040 --> 01:13:06.040]  第二個問題就是
[01:13:06.040 --> 01:13:10.040]  我膝蓋痛和腫了
[01:13:10.040 --> 01:13:11.040]  即是腫了我的膝蓋
[01:13:11.040 --> 01:13:13.040]  我還可不可以做運動呢
[01:13:13.040 --> 01:13:14.040]  是可以的
[01:13:14.040 --> 01:13:16.040]  但我們都是那一句
[01:13:16.040 --> 01:13:17.040]  我們要搞清楚什麼原因
[01:13:17.040 --> 01:13:20.040]  為什麼你膝蓋痛和腫了
[01:13:20.040 --> 01:13:22.040]  如果你說
[01:13:22.040 --> 01:13:24.040]  檢查過原來我的腳
[01:13:24.040 --> 01:13:26.040]  是有些韌帶撕裂
[01:13:26.040 --> 01:13:28.040]  或者半月板撕裂
[01:13:28.040 --> 01:13:31.040]  導致你腫或者痛
[01:13:31.040 --> 01:13:33.040]  當然這個一定要在醫生那裡
[01:13:33.040 --> 01:13:35.040]  做一些專業的評估
[01:13:35.040 --> 01:13:38.040]  或者看有沒有需要做手術的治療
[01:13:38.040 --> 01:13:40.040]  才去做運動
[01:13:40.040 --> 01:13:42.040]  但如果不是我沒有這些
[01:13:42.040 --> 01:13:44.040]  或者我照顧過就沒事
[01:13:44.040 --> 01:13:46.040]  我的膝蓋經常都腫
[01:13:46.040 --> 01:13:48.040]  醫生可能說是風濕關節
[01:13:48.040 --> 01:13:50.040]  偶爾就腫了
[01:13:50.040 --> 01:13:52.040]  那些問題
[01:13:52.040 --> 01:13:54.040]  我們都是要
[01:13:54.040 --> 01:13:56.040]  首先處理了腫的問題
[01:13:56.040 --> 01:13:58.040]  腳腫的時候
[01:13:58.040 --> 01:13:59.040]  我們第一件事
[01:13:59.040 --> 01:14:01.040]  一定就不可以浸熱水
[01:14:01.040 --> 01:14:03.040]  有很多老人家很喜歡浸熱水
[01:14:03.040 --> 01:14:04.040]  但如果我的腳腫
[01:14:04.040 --> 01:14:05.040]  或者膝蓋腫
[01:14:05.040 --> 01:14:07.040]  我還敷一些熱的東西上去
[01:14:07.040 --> 01:14:08.040]  或者貼一些癌貼
[01:14:08.040 --> 01:14:09.040]  或者一些止痛貼
[01:14:09.040 --> 01:14:10.040]  發熱那些
[01:14:10.040 --> 01:14:14.040]  那就更加令到你的腫脹的情況
[01:14:14.040 --> 01:14:15.040]  越來越嚴重
[01:14:15.040 --> 01:14:17.040]  一般上如果腫的時候
[01:14:17.040 --> 01:14:18.040]  一定要用冰
[01:14:18.040 --> 01:14:21.040]  用凍去消了腫
[01:14:21.040 --> 01:14:24.040]  或者配合醫生的消炎止痛藥
[01:14:24.040 --> 01:14:26.040]  消了腫了
[01:14:26.040 --> 01:14:28.040]  或者消了腫
[01:14:28.040 --> 01:14:31.040]  沒有繼續發炎的情況下
[01:14:31.040 --> 01:14:33.040]  就可以做一些
[01:14:33.040 --> 01:14:39.040]  做什麼運動都很在乎那個人的狀態
[01:14:39.040 --> 01:14:40.040]  所以我很難說
[01:14:40.040 --> 01:14:43.040]  他適合做什麼運動
[01:14:43.040 --> 01:14:47.040]  但最重要是解決了他為什麼痛
[01:14:47.040 --> 01:14:49.040]  找清楚原因為什麼痛和腫
[01:14:49.040 --> 01:14:51.040]  之後再配合其他運動
[01:14:51.040 --> 01:14:52.040]  那就會好一點
[01:14:52.040 --> 01:14:54.040]  而不是說我腫痛都要做
[01:14:54.040 --> 01:14:56.040]  這樣就不對了
[01:14:56.040 --> 01:14:58.040]  我們要先找清楚原因
[01:14:58.040 --> 01:15:01.040]  第三個問題
[01:15:01.040 --> 01:15:03.040]  就是我坐著蹬的動作
[01:15:03.040 --> 01:15:05.040]  但做完之後
[01:15:05.040 --> 01:15:07.040]  我腰痛
[01:15:07.040 --> 01:15:09.040]  我已經放了一個氣墊
[01:15:09.040 --> 01:15:12.040]  去支撐我的腰骨
[01:15:12.040 --> 01:15:14.040]  我有什麼做錯了呢
[01:15:14.040 --> 01:15:22.040]  因為我看不到你怎樣做那個動作
[01:15:22.040 --> 01:15:26.040]  我很難去評估你有什麼做錯
[01:15:26.040 --> 01:15:32.040]  我待會會有一些動作一起做
[01:15:32.040 --> 01:15:35.040]  這個我不知道你怎樣做
[01:15:35.040 --> 01:15:37.040]  我當你做運動的時候
[01:15:37.040 --> 01:15:40.040]  做得對或者全部都對
[01:15:40.040 --> 01:15:41.040]  或者第一
[01:15:41.040 --> 01:15:44.040]  有機會你做錯了那個動作
[01:15:44.040 --> 01:15:45.040]  第二
[01:15:45.040 --> 01:15:46.040]  有可能我剛才說過
[01:15:46.040 --> 01:15:48.040]  你核心的力量不夠
[01:15:48.040 --> 01:15:51.040]  而你做腳的運動的時候
[01:15:51.040 --> 01:15:53.040]  就會拉到你的腰會有痛
[01:15:53.040 --> 01:15:55.040]  就是發力的時候
[01:15:55.040 --> 01:15:56.040]  第三
[01:15:56.040 --> 01:15:59.040]  如果我們坐著的運動的時候
[01:15:59.040 --> 01:16:01.040]  平時如果我們坐得太多的時候
[01:16:01.040 --> 01:16:03.040]  我們其中一個肌肉
[01:16:03.040 --> 01:16:05.040]  iliopsoas或者hip flexor
[01:16:05.040 --> 01:16:06.040]  那些肌肉
[01:16:06.040 --> 01:16:11.040]  我們是連著大腿前面和我們的腰骨
[01:16:11.040 --> 01:16:13.040]  那個肌肉的動作
[01:16:13.040 --> 01:16:16.040]  就是幫助我們做這個動作
[01:16:16.040 --> 01:16:18.040]  如果這個動作緊的時候
[01:16:18.040 --> 01:16:20.040]  我再重複這樣做的時候
[01:16:20.040 --> 01:16:23.040]  這裡會拉扯我的腰
[01:16:23.040 --> 01:16:25.040]  導致我的腰越做越痛
[01:16:25.040 --> 01:16:27.040]  所以這個問題
[01:16:27.040 --> 01:16:28.040]  如果有些人
[01:16:28.040 --> 01:16:31.040]  你看到如果他的腰是彎彎的
[01:16:31.040 --> 01:16:32.040]  這樣走路的
[01:16:32.040 --> 01:16:34.040]  可能他這裡很緊
[01:16:34.040 --> 01:16:36.040]  扯到他的腰彎了
[01:16:36.040 --> 01:16:40.040]  所以我們一定要將這個位置拉鬆
[01:16:40.040 --> 01:16:42.040]  或者盆骨向前傾
[01:16:42.040 --> 01:16:45.040]  有些人的臀部好像翹起了
[01:16:45.040 --> 01:16:47.040]  因為他的盆骨向前傾
[01:16:47.040 --> 01:16:49.040]  因為這裡肌肉太緊
[01:16:49.040 --> 01:16:51.040]  拉到盆骨向前傾
[01:16:51.040 --> 01:16:53.040]  你再做那些運動的時候
[01:16:53.040 --> 01:16:54.040]  不停做的時候
[01:16:54.040 --> 01:16:55.040]  就越來越前
[01:16:55.040 --> 01:16:57.040]  這裡的位置越來越緊
[01:16:57.040 --> 01:17:00.040]  拉到他的腰越來越痛
[01:17:00.040 --> 01:17:02.040]  所以我剛才所說
[01:17:02.040 --> 01:17:03.040]  我這麼多年的經驗
[01:17:03.040 --> 01:17:05.040]  都是一定要找出原因
[01:17:05.040 --> 01:17:08.040]  為什麼你做的動作痛
[01:17:08.040 --> 01:17:11.040]  然後可能有些肌肉不平衡的時候
[01:17:11.040 --> 01:17:12.040]  就好像天秤一樣
[01:17:12.040 --> 01:17:13.040]  一邊太緊
[01:17:13.040 --> 01:17:16.040]  就會扯到你的身體失平衡
[01:17:16.040 --> 01:17:18.040]  這些痛症就會出來了
[01:17:18.040 --> 01:17:20.040]  可能都要配合拉筋
[01:17:20.040 --> 01:17:22.040]  拉鬆前面這裡的肌肉
[01:17:22.040 --> 01:17:25.040]  不要扯到腰
[01:17:25.040 --> 01:17:28.040]  之後才做坐椅的動作
[01:17:28.040 --> 01:17:29.040]  可能就會好一點
[01:17:29.040 --> 01:17:31.040]  可能就會不痛了
[01:17:31.040 --> 01:17:33.040]  最後一個
[01:17:33.040 --> 01:17:35.040]  我剛才略略說了一點
[01:17:35.040 --> 01:17:37.040]  我做完運動之後覺得痛
[01:17:37.040 --> 01:17:38.040]  但我怎樣知道
[01:17:38.040 --> 01:17:40.040]  運動之後是肌肉痠痛
[01:17:40.040 --> 01:17:42.040]  還是我自己弄傷自己呢
[01:17:42.040 --> 01:17:43.040]  我剛才也說過
[01:17:43.040 --> 01:17:44.040]  肌肉痠痛
[01:17:44.040 --> 01:17:45.040]  做完之後
[01:17:45.040 --> 01:17:47.040]  我們做那些動作的時候
[01:17:47.040 --> 01:17:49.040]  我好像做完三組四組的時候
[01:17:49.040 --> 01:17:51.040]  這些位置好像有點痠痛
[01:17:51.040 --> 01:17:53.040]  是正常的
[01:17:53.040 --> 01:17:54.040]  那怎樣分呢
[01:17:54.040 --> 01:17:56.040]  我們痠痛是正常的
[01:17:56.040 --> 01:17:59.040]  還有你的關節靈活也會動的
[01:17:59.040 --> 01:18:01.040]  雖然有一點痠痛
[01:18:01.040 --> 01:18:03.040]  但你的關節也是可以動的
[01:18:03.040 --> 01:18:06.040]  你不是說我做完之後痠痛
[01:18:06.040 --> 01:18:07.040]  動不了
[01:18:07.040 --> 01:18:09.040]  痠痛通常馬上
[01:18:09.040 --> 01:18:10.040]  或者過一陣子的時候
[01:18:10.040 --> 01:18:11.040]  你會有感覺
[01:18:11.040 --> 01:18:12.040]  或者你睡醒之後
[01:18:12.040 --> 01:18:15.040]  24到72小時之內
[01:18:15.040 --> 01:18:16.040]  你都會有感覺
[01:18:16.040 --> 01:18:17.040]  都會有一些痠痛的感覺
[01:18:17.040 --> 01:18:18.040]  是正常的
[01:18:18.040 --> 01:18:20.040]  但如果你說我怎樣分
[01:18:20.040 --> 01:18:21.040]  是弄傷了自己
[01:18:21.040 --> 01:18:22.040]  真的痛了
[01:18:22.040 --> 01:18:23.040]  拉傷了
[01:18:23.040 --> 01:18:24.040]  那你馬上
[01:18:24.040 --> 01:18:25.040]  我做那個動作
[01:18:25.040 --> 01:18:29.040]  譬如我做拉拉拉的動作的時候
[01:18:29.040 --> 01:18:30.040]  一拉
[01:18:30.040 --> 01:18:31.040]  一聲
[01:18:31.040 --> 01:18:33.040]  那很明顯你已經是斷了
[01:18:33.040 --> 01:18:35.040]  或者裂了
[01:18:35.040 --> 01:18:38.040]  那很明顯知道這個是受傷的痛
[01:18:38.040 --> 01:18:40.040]  另外你說我沒有聽到聲音
[01:18:40.040 --> 01:18:42.040]  但做完之後那個位置
[01:18:42.040 --> 01:18:44.040]  這樣都可以
[01:18:44.040 --> 01:18:45.040]  但再動多幾下
[01:18:45.040 --> 01:18:47.040]  開始動不了
[01:18:47.040 --> 01:18:48.040]  那就有問題了
[01:18:48.040 --> 01:18:49.040]  你如果痠痛那些
[01:18:49.040 --> 01:18:51.040]  你都可以動到一些關節位
[01:18:51.040 --> 01:18:53.040]  但你如果動不了關節位
[01:18:53.040 --> 01:18:56.040]  或者我的頸都轉不了
[01:18:56.040 --> 01:18:59.040]  那些的時候可能已經弄傷了
[01:18:59.040 --> 01:19:02.040]  某個組織或者某個部位
[01:19:02.040 --> 01:19:03.040]  或者你做完之後
[01:19:03.040 --> 01:19:04.040]  馬上瘀了
[01:19:04.040 --> 01:19:05.040]  這裡有一塊
[01:19:05.040 --> 01:19:07.040]  那你就知道那些位置拉傷了
[01:19:07.040 --> 01:19:08.040]  或者腫了
[01:19:08.040 --> 01:19:10.040]  或者扭傷了腳
[01:19:10.040 --> 01:19:11.040]  或者動的時候
[01:19:11.040 --> 01:19:14.040]  腳已經特別
[01:19:14.040 --> 01:19:17.040]  如果有些很明顯知道你是受傷的
[01:19:17.040 --> 01:19:19.040]  那你就不要再做運動了
[01:19:19.040 --> 01:19:23.040]  一定要找專業的醫生去做評估
[01:19:23.040 --> 01:19:25.040]  然後再對症下藥
[01:19:25.040 --> 01:19:30.040]  看怎樣去做一個康復的治療
[01:19:30.040 --> 01:19:34.040]  就是這四個問題
[01:19:34.040 --> 01:19:44.040]  希望今天大家都學到一些東西
[01:19:44.040 --> 01:19:49.040]  大家有沒有覺得很累
[01:19:49.040 --> 01:19:51.040]  要不要給大家一點時間休息一下
[01:19:51.040 --> 01:19:55.040]  可能我給大家五分鐘時間休息
[01:19:55.040 --> 01:19:57.040]  那Nora和Brenda
[01:19:57.040 --> 01:20:01.040]  就會派發運動帶給大家
[01:20:01.040 --> 01:20:02.040]  有兩種顏色
[01:20:02.040 --> 01:20:08.040]  綠色就是比較有抵抗力
[01:20:08.040 --> 01:20:11.040]  紅色就比較輕
[01:20:11.040 --> 01:20:13.040]  但也有重量
[01:20:13.040 --> 01:20:16.040]  所以大家可以因應自己覺得
[01:20:16.040 --> 01:20:17.040]  可以做到什麼
[01:20:17.040 --> 01:20:19.040]  就可以拿一條
[01:20:19.040 --> 01:20:21.040]  休息的大家
[01:20:21.040 --> 01:20:25.040]  Nora和Brenda都會分發給大家
[01:20:43.040 --> 01:21:03.040]  因為數量有限
[01:21:03.040 --> 01:21:05.040]  如果你們大家一家人
[01:21:05.040 --> 01:21:07.040]  或者你們一起
[01:21:07.040 --> 01:21:09.040]  可能暫時先拿一條
[01:21:09.040 --> 01:21:12.040]  如果之後再有多的時候
[01:21:12.040 --> 01:21:14.040]  我們再分發給大家
[01:21:14.040 --> 01:21:16.040]  因為我不清楚夠不夠
[01:21:16.040 --> 01:21:44.040]  分發給大家
[01:21:46.040 --> 01:22:06.040]  看夠不夠
[01:22:06.040 --> 01:22:08.040]  我們綠色應該還有一盒
[01:22:08.040 --> 01:22:12.040]  如果不夠我們應該可以再剪
[01:22:12.040 --> 01:22:14.040]  我們要再剪
[01:22:14.040 --> 01:22:21.040]  如果你們要多一盒綠色
[01:22:21.040 --> 01:22:26.040]  要量度一下長度
[01:22:26.040 --> 01:22:28.040]  在我的袋子裏面
[01:22:28.040 --> 01:22:30.040]  Katrina呢
[01:22:30.040 --> 01:22:40.040]  在袋子裏面
[01:22:40.040 --> 01:22:42.040]  我們大家休息一下
[01:22:42.040 --> 01:22:44.040]  或者喝一下水
[01:22:44.040 --> 01:22:46.040]  如果大家需要喝水的時候
[01:22:46.040 --> 01:22:51.040]  我們確保每個人都有足夠
[01:22:51.040 --> 01:23:01.040]  兩盒都剪完
[01:23:01.040 --> 01:23:04.040]  這裡還有
[01:23:04.040 --> 01:23:08.040]  我拿了出來
[01:23:08.040 --> 01:23:10.040]  還有很多綠色
[01:23:10.040 --> 01:23:14.040]  如果誰還有需要可以拿綠色
[01:23:40.040 --> 01:23:54.040]  還有很多綠色的
[01:23:54.040 --> 01:24:23.040]  還有很多綠色的
[01:24:23.040 --> 01:24:29.040]  還有很多綠色的
[01:24:54.040 --> 01:24:56.040]  還有沒有人有需要
[01:24:56.040 --> 01:24:57.040]  我們還有
[01:24:57.040 --> 01:24:58.040]  是不是還有一條
[01:24:58.040 --> 01:25:00.040]  還有一條綠色
[01:25:00.040 --> 01:25:03.040]  還有一條綠色
[01:25:03.040 --> 01:25:05.040]  一條綠色一條紅色
[01:25:05.040 --> 01:25:07.040]  OK
[01:25:07.040 --> 01:25:09.040]  現在大家都可以拿了
[01:25:09.040 --> 01:25:12.040]  是不是每個人都有了
[01:25:12.040 --> 01:25:36.040]  OK
[01:25:36.040 --> 01:25:38.040]  OK 是不是每個人都有了
[01:25:38.040 --> 01:25:43.040]  我們現在找一個位置
[01:25:43.040 --> 01:25:46.040]  打開手不會碰到隔壁那個
[01:25:46.040 --> 01:25:48.040]  如果你碰到隔壁那個
[01:25:48.040 --> 01:25:50.040]  可能要移開一點
[01:25:50.040 --> 01:25:53.040]  你們的位置
[01:25:53.040 --> 01:25:54.040]  如果有需要坐下
[01:25:54.040 --> 01:25:56.040]  都可以找張椅子坐
[01:25:56.040 --> 01:25:58.040]  但最好跟隔壁那個人
[01:25:58.040 --> 01:26:01.040]  有一個手的距離
[01:26:01.040 --> 01:26:06.040]  不要打到隔壁那個人
[01:26:06.040 --> 01:26:17.040]  我們剛才說到做運動要有目的性
[01:26:17.040 --> 01:26:20.040]  要知道自己為什麼要做運動
[01:26:20.040 --> 01:26:24.040]  但我們現在做這些運動
[01:26:24.040 --> 01:26:32.040]  是很簡單和強化上半身和下半身的力量
[01:26:32.040 --> 01:26:34.040]  這個就是我們的目的
[01:26:34.040 --> 01:26:38.040]  我們做運動都有分次序
[01:26:38.040 --> 01:26:41.040]  譬如我們吃晚飯的時候
[01:26:41.040 --> 01:26:43.040]  我們要吃前菜
[01:26:43.040 --> 01:26:45.040]  然後才吃主菜
[01:26:45.040 --> 01:26:47.040]  最後才是甜品
[01:26:47.040 --> 01:26:51.040]  我們不可以一下子就吃主菜
[01:26:51.040 --> 01:26:54.040]  所以我們可以先放下繩子
[01:26:54.040 --> 01:26:57.040]  繩子是主菜
[01:26:57.040 --> 01:26:59.040]  我們先不要吃主菜
[01:26:59.040 --> 01:27:03.040]  我們做運動要分開熱身
[01:27:03.040 --> 01:27:06.040]  我們一定要先做熱身運動
[01:27:06.040 --> 01:27:09.040]  之後才做強化運動
[01:27:09.040 --> 01:27:16.040]  最後才做一個冷卻的運動
[01:27:16.040 --> 01:27:19.040]  我們熱身運動怎樣熱身呢
[01:27:19.040 --> 01:27:24.040]  通常我們不會先做拉筋動作
[01:27:24.040 --> 01:27:27.040]  拉筋動作是做完運動才拉筋
[01:27:27.040 --> 01:27:31.040]  我們開始的時候做熱身運動
[01:27:31.040 --> 01:27:35.040]  當我們今天做了多少時間
[01:27:35.040 --> 01:27:38.040]  可以有多少時間
[01:27:38.040 --> 01:27:41.040]  其實看大家
[01:27:41.040 --> 01:27:43.040]  不過大家這麼踴躍
[01:27:43.040 --> 01:27:44.040]  有這麼多問題的時候
[01:27:44.040 --> 01:27:46.040]  我想都可以的
[01:27:46.040 --> 01:27:48.040]  15分鐘你會不會太短
[01:27:48.040 --> 01:27:51.040]  如果我們做15分鐘的運動
[01:27:51.040 --> 01:27:53.040]  我們就要分開了
[01:27:53.040 --> 01:27:57.040]  10分鐘很短
[01:27:57.040 --> 01:28:01.040]  15分鐘很短
[01:28:01.040 --> 01:28:07.040]  我當現在是15分鐘
[01:28:07.040 --> 01:28:09.040]  15分鐘 20分鐘
[01:28:09.040 --> 01:28:11.040]  有沒有人大一點
[01:28:11.040 --> 01:28:12.040]  20分鐘 第一次
[01:28:12.040 --> 01:28:14.040]  20分鐘 30分鐘
[01:28:14.040 --> 01:28:20.040]  30分鐘 20分鐘
[01:28:20.040 --> 01:28:21.040]  20分鐘成交
[01:28:21.040 --> 01:28:23.040]  我們做20分鐘
[01:28:23.040 --> 01:28:33.040]  我們做5分鐘的熱身運動
[01:28:33.040 --> 01:28:35.040]  然後做10分鐘的橡筋帶
[01:28:35.040 --> 01:28:38.040]  最後做5分鐘的冷卻
[01:28:38.040 --> 01:28:40.040]  我們計時了
[01:28:40.040 --> 01:28:41.040]  我們做5分鐘
[01:28:41.040 --> 01:28:43.040]  大家跟著我做就可以了
[01:28:43.040 --> 01:28:44.040]  很簡單
[01:28:44.040 --> 01:28:48.040]  因為今天給大家試一下水溫
[01:28:48.040 --> 01:28:49.040]  很簡單
[01:28:49.040 --> 01:28:51.040]  不會影響到大家很多
[01:28:51.040 --> 01:28:53.040]  5分鐘我們開始了
[01:28:53.040 --> 01:28:57.040]  第一個動作很簡單
[01:28:57.040 --> 01:29:01.040]  可能就將手向後
[01:29:01.040 --> 01:29:03.040]  我們將手向後
[01:29:03.040 --> 01:29:06.040]  我們將手向後打圈
[01:29:06.040 --> 01:29:08.040]  不要打到旁邊的人
[01:29:08.040 --> 01:29:11.040]  我們做30下
[01:29:11.040 --> 01:29:13.040]  我忘記了數了
[01:29:13.040 --> 01:29:19.040]  15 16 17 18 19
[01:29:19.040 --> 01:29:21.040]  跟著自己
[01:29:21.040 --> 01:29:32.040]  20 21 22 23 24 25 26 27 28 29 30
[01:29:32.040 --> 01:29:34.040]  然後向前
[01:29:34.040 --> 01:29:35.040]  這次我們向前
[01:29:35.040 --> 01:29:58.040]  1 2 3 4 5 6 7 8 9 10 11 12 13 14 15 16 17 18 19 20
[01:29:58.040 --> 01:30:08.040]  21 22 23 24 25 26 27 28 29 30
[01:30:08.040 --> 01:30:09.040]  好
[01:30:09.040 --> 01:30:10.040]  大家累了
[01:30:10.040 --> 01:30:12.040]  這是熱身
[01:30:12.040 --> 01:30:14.040]  沒理由累
[01:30:14.040 --> 01:30:19.040]  這次我們將肩胛骨向後拉
[01:30:19.040 --> 01:30:32.040]  1 2 3 4 5 6 7 8 9
[01:30:32.040 --> 01:30:35.040]  盡量用肩胛骨向後
[01:30:35.040 --> 01:30:57.040]  12 13 14 15 16 17 18 19 20 21 22 23 24 25 26 27 28 29 30
[01:30:57.040 --> 01:30:58.040]  好
[01:30:58.040 --> 01:31:01.040]  我們第三個動作就是坐下起身
[01:31:01.040 --> 01:31:03.040]  我們這次做10次
[01:31:03.040 --> 01:31:05.040]  不用做太多
[01:31:05.040 --> 01:31:06.040]  做10下
[01:31:06.040 --> 01:31:07.040]  起身坐下做10下
[01:31:07.040 --> 01:31:09.040]  你自己數著
[01:31:09.040 --> 01:31:11.040]  準備
[01:31:11.040 --> 01:31:23.040]  1 2 3 4 5 6
[01:31:23.040 --> 01:31:28.040]  注意我們剛才說的腳不要夾起來
[01:31:32.040 --> 01:31:34.040]  手你喜歡怎麼放都可以
[01:31:34.040 --> 01:31:38.040]  手沒問題
[01:31:38.040 --> 01:31:40.040]  做10下
[01:31:40.040 --> 01:31:42.040]  然後很簡單
[01:31:42.040 --> 01:31:43.040]  你可以坐著做也可以
[01:31:43.040 --> 01:31:44.040]  站著做也可以
[01:31:44.040 --> 01:31:46.040]  就是腳跟腳跟
[01:31:46.040 --> 01:31:48.040]  這樣做10下
[01:31:48.040 --> 01:32:03.040]  1 2 3 4 5 6 7 8 9 10
[01:32:03.040 --> 01:32:04.040]  然後反過來
[01:32:04.040 --> 01:32:06.040]  這個有點難
[01:32:06.040 --> 01:32:09.040]  這次腳趾提高
[01:32:09.040 --> 01:32:11.040]  如果平衡不好
[01:32:11.040 --> 01:32:13.040]  可以坐下或者碰著東西都可以
[01:32:13.040 --> 01:32:26.040]  1 2 3 4 5 6 7 8 9 10
[01:32:26.040 --> 01:32:28.040]  很簡單10下
[01:32:28.040 --> 01:32:32.040]  然後另一個就是我們向橫向走一步
[01:32:32.040 --> 01:32:48.040]  1 2 3 4 5 6 7 8 9 10
[01:32:48.040 --> 01:32:50.040]  很簡單10下
[01:32:50.040 --> 01:32:52.040]  另外我們可以做提膝
[01:32:52.040 --> 01:32:54.040]  這樣踏步
[01:32:54.040 --> 01:33:12.040]  1 2 3 4 5 6 7 8 9 10
[01:33:12.040 --> 01:33:14.040]  然後我們可以做踢腳
[01:33:14.040 --> 01:33:16.040]  踢到旁邊不要踢到旁邊的人
[01:33:16.040 --> 01:33:28.040]  1 2 3 4 5 6 7 8 9 10
[01:33:28.040 --> 01:33:29.040]  然後另一隻腳
[01:33:29.040 --> 01:33:43.040]  1 2 3 4 5 6 7 8 9 10
[01:33:43.040 --> 01:33:45.040]  差不多5分鐘
[01:33:45.040 --> 01:33:47.040]  我們下一個
[01:33:47.040 --> 01:33:48.040]  我們熱身完
[01:33:48.040 --> 01:33:49.040]  大家OK嗎
[01:33:49.040 --> 01:33:50.040]  有沒有流汗
[01:33:50.040 --> 01:33:51.040]  有啊
[01:33:51.040 --> 01:33:52.040]  我也有流汗
[01:33:52.040 --> 01:33:53.040]  不知道為什麼
[01:33:53.040 --> 01:33:54.040]  可能這裡太熱
[01:33:54.040 --> 01:33:56.040]  我也有流汗
[01:33:56.040 --> 01:33:59.040]  OK
[01:33:59.040 --> 01:34:03.040]  現在我們就可以拿條帶
[01:34:03.040 --> 01:34:05.040]  我們拿條帶
[01:34:05.040 --> 01:34:07.040]  我們大家可以
[01:34:07.040 --> 01:34:10.040]  綁個裂
[01:34:10.040 --> 01:34:12.040]  就好像有個圓圈
[01:34:12.040 --> 01:34:16.040]  OK
[01:34:16.040 --> 01:34:25.040]  圈不要太小
[01:34:25.040 --> 01:34:26.040]  圈不要太小
[01:34:26.040 --> 01:34:28.040]  因為我們做這個
[01:34:28.040 --> 01:34:31.040]  我們要先做腳
[01:34:31.040 --> 01:34:34.040]  可能這麼大
[01:34:34.040 --> 01:34:36.040]  如果圈太大的時候
[01:34:36.040 --> 01:34:39.040]  待會做腳步運動的時候
[01:34:39.040 --> 01:34:41.040]  可能你會覺得沒什麼力
[01:34:41.040 --> 01:34:43.040]  即是條帶不夠力
[01:34:43.040 --> 01:34:46.040]  即是綁短一點
[01:34:46.040 --> 01:34:59.040]  當大家綁好之後
[01:34:59.040 --> 01:35:09.040]  我們就坐下
[01:35:09.040 --> 01:35:11.040]  我們十分鐘的時間就開始
[01:35:11.040 --> 01:35:13.040]  我們用條橡筋帶做
[01:35:13.040 --> 01:35:15.040]  我們首先做腳
[01:35:15.040 --> 01:35:17.040]  我們將一個橡筋帶
[01:35:17.040 --> 01:35:19.040]  綁住腳
[01:35:19.040 --> 01:35:21.040]  踩住
[01:35:21.040 --> 01:35:23.040]  我們先踩住
[01:35:23.040 --> 01:35:25.040]  然後我們伸第二隻腳進去
[01:35:25.040 --> 01:35:27.040]  伸第二隻腳進去
[01:35:27.040 --> 01:35:29.040]  我現在伸另一隻腳進去
[01:35:29.040 --> 01:35:34.040]  那條帶已經在大腿上面
[01:35:34.040 --> 01:35:35.040]  一隻腳踩住
[01:35:35.040 --> 01:35:42.040]  但另一隻腳不是踩住條帶
[01:35:42.040 --> 01:35:45.040]  對了
[01:35:45.040 --> 01:35:47.040]  大家看到嗎
[01:35:47.040 --> 01:35:48.040]  看到嗎
[01:35:48.040 --> 01:35:49.040]  對了
[01:35:49.040 --> 01:35:50.040]  我們準備了
[01:35:50.040 --> 01:35:56.040]  我們大腿的繩的腳就拿起來
[01:35:56.040 --> 01:36:00.040]  1 2 3
[01:36:00.040 --> 01:36:03.040]  我們4 5
[01:36:03.040 --> 01:36:04.040]  不要彎腰
[01:36:04.040 --> 01:36:06.040]  嘗試伸直腰
[01:36:06.040 --> 01:36:12.040]  7 8 9 10
[01:36:12.040 --> 01:36:20.040]  11 12 13 14 15 16
[01:36:20.040 --> 01:36:25.040]  17 18 19 20
[01:36:25.040 --> 01:36:26.040]  累了
[01:36:26.040 --> 01:36:38.040]  21 22 23 24 25 26 27 28 29 30
[01:36:38.040 --> 01:36:40.040]  我都累了
[01:36:40.040 --> 01:36:42.040]  累是對的
[01:36:42.040 --> 01:36:44.040]  證明你有用到肌肉
[01:36:44.040 --> 01:36:46.040]  以及對你有作用
[01:36:46.040 --> 01:36:48.040]  會有少少酸酸固固
[01:36:48.040 --> 01:36:50.040]  這些就叫酸痛
[01:36:50.040 --> 01:36:52.040]  不是叫弄傷
[01:36:52.040 --> 01:36:53.040]  這個不是弄傷
[01:36:53.040 --> 01:36:55.040]  這個叫酸酸痛痛
[01:36:55.040 --> 01:36:59.040]  平時如果你覺得條帶太緊
[01:36:59.040 --> 01:37:00.040]  你可以弄鬆一點
[01:37:00.040 --> 01:37:03.040]  用力的時候就不會太累
[01:37:03.040 --> 01:37:06.040]  但如果你想要有力一點
[01:37:06.040 --> 01:37:07.040]  就綁短一點就可以了
[01:37:07.040 --> 01:37:10.040]  之後你拿條繩上來
[01:37:10.040 --> 01:37:12.040]  轉另一隻腳
[01:37:12.040 --> 01:37:15.040]  這次我左腳踩住條帶
[01:37:15.040 --> 01:37:19.040]  右腳的條帶就在大腿上面
[01:37:19.040 --> 01:37:21.040]  你反轉就可以了
[01:37:21.040 --> 01:37:25.040]  我們現在做另一隻腳
[01:37:25.040 --> 01:37:27.040]  準備開始
[01:37:27.040 --> 01:37:30.040]  1 2 3
[01:37:30.040 --> 01:37:32.040]  腰部不要向前傾
[01:37:32.040 --> 01:37:34.040]  或者要直
[01:37:34.040 --> 01:37:36.040]  盡量不要用腰部發力
[01:37:36.040 --> 01:37:38.040]  用腳來發力
[01:37:38.040 --> 01:38:05.040]  10 11 12 13 14 15 16 17 18 19 20 21 22 23 24 25 26 27 28 29 30
[01:38:05.040 --> 01:38:10.040]  我們做這個動作要知道為什麼
[01:38:10.040 --> 01:38:12.040]  他說叫我做就做
[01:38:12.040 --> 01:38:13.040]  我就跟著做
[01:38:13.040 --> 01:38:14.040]  也是對的
[01:38:14.040 --> 01:38:18.040]  我們做這個動作要訓練大腿前面
[01:38:18.040 --> 01:38:20.040]  剛才我說了
[01:38:20.040 --> 01:38:22.040]  我們坐得久的時候
[01:38:22.040 --> 01:38:25.040]  剛才你酸痛的肌肉
[01:38:25.040 --> 01:38:27.040]  就是我們坐得太久太緊
[01:38:27.040 --> 01:38:29.040]  緊的時候就會發不了力
[01:38:29.040 --> 01:38:31.040]  所以有時候你們發不了力
[01:38:31.040 --> 01:38:33.040]  或者會影響到你走路
[01:38:33.040 --> 01:38:35.040]  平時我們走路
[01:38:35.040 --> 01:38:37.040]  很多人都抬不起腳
[01:38:37.040 --> 01:38:39.040]  就拖著腳來走
[01:38:39.040 --> 01:38:41.040]  就是因為你這個肌肉不夠力
[01:38:41.040 --> 01:38:42.040]  和太緊
[01:38:42.040 --> 01:38:43.040]  緊的時候
[01:38:43.040 --> 01:38:46.040]  如果我們做物理治療
[01:38:46.040 --> 01:38:49.040]  就要拉筋之後才做這些運動
[01:38:49.040 --> 01:38:51.040]  現在就是強化
[01:38:51.040 --> 01:38:54.040]  我們做這個目的
[01:38:54.040 --> 01:38:56.040]  就是希望我們走路的時候
[01:38:56.040 --> 01:38:58.040]  我們可以提起腳
[01:38:58.040 --> 01:38:59.040]  有力
[01:38:59.040 --> 01:39:00.040]  和沒那麼容易緊
[01:39:00.040 --> 01:39:02.040]  你肌肉有力的時候
[01:39:02.040 --> 01:39:04.040]  就沒那麼容易緊
[01:39:04.040 --> 01:39:06.040]  下一個
[01:39:06.040 --> 01:39:12.040]  最好
[01:39:12.040 --> 01:39:14.040]  如果做這些動作的時候
[01:39:14.040 --> 01:39:16.040]  盡量腰直就不要靠著
[01:39:16.040 --> 01:39:17.040]  因為靠著做的時候
[01:39:17.040 --> 01:39:19.040]  你會用腰來發力
[01:39:19.040 --> 01:39:21.040]  這樣就做得不對了
[01:39:21.040 --> 01:39:23.040]  當然如果你說我真的不夠力
[01:39:23.040 --> 01:39:25.040]  你可以用輕一點的帶
[01:39:25.040 --> 01:39:27.040]  但如果你說我又痛
[01:39:27.040 --> 01:39:31.040]  也是要在乎你的情況
[01:39:31.040 --> 01:39:34.040]  但正常我們就不要靠著腰直
[01:39:34.040 --> 01:39:36.040]  這樣坐下就可以了
[01:39:36.040 --> 01:39:38.040]  這樣做這些動作
[01:39:38.040 --> 01:39:39.040]  是
[01:39:39.040 --> 01:39:42.040]  你坐在這裡
[01:39:42.040 --> 01:39:44.040]  為甚麼還要扶著walker呢
[01:39:44.040 --> 01:39:49.040]  當然可以
[01:39:49.040 --> 01:39:50.040]  如果你覺得安全的話
[01:39:50.040 --> 01:39:52.040]  也可以扶著
[01:39:52.040 --> 01:39:53.040]  是
[01:39:53.040 --> 01:39:54.040]  是
[01:39:59.040 --> 01:40:01.040]  最好你坐在這裡的時候
[01:40:01.040 --> 01:40:03.040]  你的膝蓋要90度
[01:40:03.040 --> 01:40:06.040]  如果你家裡的椅子太矮
[01:40:06.040 --> 01:40:07.040]  做這些動作是不行的
[01:40:07.040 --> 01:40:09.040]  一定要把椅子
[01:40:09.040 --> 01:40:11.040]  你看到你的腳是90度
[01:40:11.040 --> 01:40:13.040]  可能這張椅子就很好
[01:40:13.040 --> 01:40:15.040]  所以UV的椅子很好
[01:40:15.040 --> 01:40:20.040]  接著下一個
[01:40:20.040 --> 01:40:22.040]  我們把腳像我這樣
[01:40:22.040 --> 01:40:25.040]  把橡筋帶放在我們這裡
[01:40:25.040 --> 01:40:29.040]  然後我們如果覺得橡筋帶太長
[01:40:29.040 --> 01:40:30.040]  我們把
[01:40:30.040 --> 01:40:32.040]  譬如我現在的左腳在外面
[01:40:32.040 --> 01:40:33.040]  我左腳的時候
[01:40:33.040 --> 01:40:36.040]  我把橡筋帶打個交叉
[01:40:36.040 --> 01:40:38.040]  然後圈著套著我的腳
[01:40:38.040 --> 01:40:39.040]  ok
[01:40:39.040 --> 01:40:41.040]  套著它
[01:40:41.040 --> 01:40:45.040]  看誰有需要
[01:40:45.040 --> 01:40:47.040]  Brenda可以幫忙
[01:40:47.040 --> 01:40:53.040]  我們首先
[01:40:53.040 --> 01:40:54.040]  我再做一次
[01:40:54.040 --> 01:40:59.040]  我們把橡筋帶放在我們兩隻腳那裡
[01:40:59.040 --> 01:41:02.040]  然後我們先做左腳
[01:41:02.040 --> 01:41:04.040]  我們左腳打個交叉
[01:41:04.040 --> 01:41:07.040]  套著我們的腳的前面
[01:41:07.040 --> 01:41:10.040]  如果太闊
[01:41:10.040 --> 01:41:12.040]  你就多打幾個交叉
[01:41:12.040 --> 01:41:14.040]  扭多幾次
[01:41:14.040 --> 01:41:16.040]  讓繩子有些力
[01:41:16.040 --> 01:41:19.040]  不是
[01:41:19.040 --> 01:41:21.040]  待會看你能不能做到那個動作就知道了
[01:41:21.040 --> 01:41:22.040]  如果太闊的話
[01:41:22.040 --> 01:41:25.040]  你就會覺得沒效
[01:41:25.040 --> 01:41:26.040]  好像沒力似的
[01:41:26.040 --> 01:41:27.040]  那你就太闊了
[01:41:27.040 --> 01:41:28.040]  ok
[01:41:28.040 --> 01:41:29.040]  也不要太緊
[01:41:29.040 --> 01:41:30.040]  太緊的話
[01:41:30.040 --> 01:41:31.040]  你就會做得很辛苦
[01:41:31.040 --> 01:41:32.040]  ok
[01:41:32.040 --> 01:41:33.040]  好了
[01:41:33.040 --> 01:41:38.040]  我們現在把兩隻腳放在平排
[01:41:38.040 --> 01:41:41.040]  即是一前一後的位置差不多
[01:41:41.040 --> 01:41:42.040]  ok
[01:41:42.040 --> 01:41:47.040]  然後我們慢慢把套著腳的腳伸前
[01:41:47.040 --> 01:41:50.040]  然後膝蓋用力
[01:41:50.040 --> 01:41:52.040]  然後慢慢放下來
[01:41:52.040 --> 01:41:53.040]  對了
[01:41:53.040 --> 01:41:56.040]  可能太小了
[01:41:56.040 --> 01:41:57.040]  不過沒關係
[01:41:57.040 --> 01:41:59.040]  不是沒關係
[01:41:59.040 --> 01:42:00.040]  你踢下去
[01:42:00.040 --> 01:42:02.040]  感覺就有力一點
[01:42:02.040 --> 01:42:04.040]  我們踢上來的時候
[01:42:04.040 --> 01:42:05.040]  腳尖指向天
[01:42:05.040 --> 01:42:07.040]  腳尖指向天
[01:42:07.040 --> 01:42:09.040]  然後踢
[01:42:09.040 --> 01:42:11.040]  可能這個大家沒做過的時候
[01:42:11.040 --> 01:42:13.040]  這個是練習我們的quadriceps
[01:42:13.040 --> 01:42:15.040]  即是腳的四頭肌
[01:42:15.040 --> 01:42:17.040]  膝蓋上面的肌肉
[01:42:17.040 --> 01:42:18.040]  這個很重要
[01:42:18.040 --> 01:42:20.040]  如果膝蓋的肌肉不夠力
[01:42:20.040 --> 01:42:22.040]  我們走路的時候
[01:42:22.040 --> 01:42:24.040]  有些人的膝蓋會向後傾
[01:42:24.040 --> 01:42:26.040]  或者你的knee會不夠高
[01:42:26.040 --> 01:42:27.040]  即是你走路的時候
[01:42:27.040 --> 01:42:29.040]  腳會跪下來的時候
[01:42:29.040 --> 01:42:32.040]  可能你這個肌肉不夠力
[01:42:32.040 --> 01:42:35.040]  我們可能做十下
[01:42:35.040 --> 01:42:36.040]  對了
[01:42:36.040 --> 01:42:38.040]  然後
[01:42:38.040 --> 01:42:39.040]  做十下
[01:42:39.040 --> 01:42:40.040]  可能就ok了
[01:42:40.040 --> 01:42:42.040]  然後可能
[01:42:42.040 --> 01:42:44.040]  先看看
[01:42:44.040 --> 01:42:45.040]  我們要快一點
[01:42:45.040 --> 01:42:46.040]  我們做了兩個動作
[01:42:46.040 --> 01:42:47.040]  ok
[01:42:47.040 --> 01:42:49.040]  我們可能就示範這個
[01:42:49.040 --> 01:42:50.040]  這樣就ok了
[01:42:50.040 --> 01:42:53.040]  另外一個腳也是這樣做
[01:42:53.040 --> 01:42:55.040]  這樣我們就ok了
[01:42:55.040 --> 01:42:56.040]  好
[01:42:56.040 --> 01:42:58.040]  下一個
[01:42:58.040 --> 01:43:00.040]  下一個也很簡單
[01:43:00.040 --> 01:43:02.040]  我們將帶子放上來
[01:43:02.040 --> 01:43:03.040]  可能我們每個動作
[01:43:03.040 --> 01:43:05.040]  示範一點給大家就ok了
[01:43:05.040 --> 01:43:07.040]  不用做足
[01:43:07.040 --> 01:43:09.040]  因為時間的關係
[01:43:09.040 --> 01:43:11.040]  下一個就是這樣
[01:43:11.040 --> 01:43:13.040]  我們將帶子放在大腿上
[01:43:13.040 --> 01:43:15.040]  然後你拿緊
[01:43:15.040 --> 01:43:17.040]  拿緊
[01:43:17.040 --> 01:43:19.040]  然後打開收起來
[01:43:19.040 --> 01:43:21.040]  這樣就ok了
[01:43:21.040 --> 01:43:26.040]  這個是練習我們大腿寬關節的力量
[01:43:26.040 --> 01:43:28.040]  對了
[01:43:28.040 --> 01:43:30.040]  為了我們平時走路
[01:43:30.040 --> 01:43:32.040]  或者上樓下樓梯
[01:43:32.040 --> 01:43:33.040]  都有力
[01:43:33.040 --> 01:43:35.040]  還有我們腳不要向內拗的時候
[01:43:35.040 --> 01:43:37.040]  我就要練一下腳
[01:43:37.040 --> 01:43:41.040]  寬關節外的肌肉
[01:43:41.040 --> 01:43:42.040]  對了
[01:43:42.040 --> 01:43:44.040]  這樣就ok了
[01:43:44.040 --> 01:43:46.040]  可能做十下休息
[01:43:46.040 --> 01:43:49.040]  我們可能在家做三次十下
[01:43:49.040 --> 01:43:50.040]  這樣就ok了
[01:43:50.040 --> 01:43:55.040]  也可以
[01:43:55.040 --> 01:43:56.040]  如果你可以的話
[01:43:56.040 --> 01:43:58.040]  你可以連續做三十下也沒問題
[01:43:58.040 --> 01:43:59.040]  ok
[01:43:59.040 --> 01:44:07.040]  然後我們做了三個腳的動作
[01:44:07.040 --> 01:44:09.040]  我們將繩子拿出來
[01:44:09.040 --> 01:44:12.040]  我們很快做手部的運動
[01:44:12.040 --> 01:44:14.040]  做手部的
[01:44:14.040 --> 01:44:19.040]  我們解開繩子
[01:44:19.040 --> 01:44:21.040]  解開繩子
[01:44:21.040 --> 01:44:37.040]  解開繩子之後
[01:44:37.040 --> 01:44:42.040]  我們將兩個手這樣放
[01:44:42.040 --> 01:44:45.040]  我們手臂都是呈90度
[01:44:45.040 --> 01:44:49.040]  然後我們剛才熱身的時候
[01:44:49.040 --> 01:44:51.040]  做了夾的動作
[01:44:51.040 --> 01:44:54.040]  我們這次將兩個手指向外
[01:44:54.040 --> 01:44:56.040]  然後
[01:44:56.040 --> 01:44:58.040]  你看到手肘是不動的
[01:44:58.040 --> 01:45:00.040]  我們手肘是貼著身體
[01:45:00.040 --> 01:45:01.040]  對了
[01:45:01.040 --> 01:45:05.040]  然後用我們的肩關節向外拗
[01:45:05.040 --> 01:45:07.040]  對了
[01:45:07.040 --> 01:45:08.040]  這樣拉出去
[01:45:08.040 --> 01:45:10.040]  坐著做也可以
[01:45:10.040 --> 01:45:11.040]  不用站著
[01:45:11.040 --> 01:45:12.040]  ok
[01:45:12.040 --> 01:45:18.040]  你剛剛開始做的時候
[01:45:18.040 --> 01:45:19.040]  你不夠力的時候
[01:45:19.040 --> 01:45:21.040]  可能做十下休息
[01:45:21.040 --> 01:45:23.040]  然後做三次十下
[01:45:23.040 --> 01:45:26.040]  盡量手肘不要向外拗
[01:45:26.040 --> 01:45:28.040]  夾住
[01:45:28.040 --> 01:45:32.040]  然後用肩在後面用力
[01:45:32.040 --> 01:45:34.040]  向外拗
[01:45:35.040 --> 01:45:36.040]  也會累的
[01:45:36.040 --> 01:45:38.040]  可能做十下就休息
[01:45:38.040 --> 01:45:39.040]  ok
[01:45:39.040 --> 01:45:42.040]  這個也可以鍛鍊一下
[01:45:42.040 --> 01:45:44.040]  下一個
[01:45:44.040 --> 01:45:46.040]  將我們的肩帶向前
[01:45:46.040 --> 01:45:48.040]  然後拉開
[01:45:48.040 --> 01:45:50.040]  對了
[01:45:50.040 --> 01:45:52.040]  但我們不要縮肩膊
[01:45:52.040 --> 01:45:53.040]  肩膊要放鬆
[01:45:53.040 --> 01:45:55.040]  然後用我們的肩後面
[01:45:55.040 --> 01:45:58.040]  剛才我們說肩胛骨夾緊的時候
[01:45:58.040 --> 01:46:00.040]  然後打開
[01:46:00.040 --> 01:46:06.040]  我們的手背向天
[01:46:06.040 --> 01:46:08.040]  即是手板向下
[01:46:08.040 --> 01:46:10.040]  然後拉在胸口
[01:46:10.040 --> 01:46:12.040]  拉向前就對了
[01:46:12.040 --> 01:46:13.040]  對了
[01:46:13.040 --> 01:46:14.040]  慢慢打開
[01:46:14.040 --> 01:46:15.040]  收緊
[01:46:15.040 --> 01:46:17.040]  夾緊你的肩胛位向後
[01:46:17.040 --> 01:46:19.040]  然後向前
[01:46:19.040 --> 01:46:20.040]  向後
[01:46:20.040 --> 01:46:21.040]  向前
[01:46:21.040 --> 01:46:25.040]  這個就是我們剛才Calvin問的問題
[01:46:25.040 --> 01:46:26.040]  我們平時玩手機
[01:46:26.040 --> 01:46:28.040]  後面的背部怎樣練習
[01:46:28.040 --> 01:46:30.040]  就是我們剛才的兩個動作
[01:46:30.040 --> 01:46:33.040]  將我們後面的背肌鍛鍊有力
[01:46:33.040 --> 01:46:38.040]  然後頸部要維持在正中
[01:46:38.040 --> 01:46:39.040]  我們慢慢
[01:46:39.040 --> 01:46:41.040]  背肌有力的時候
[01:46:41.040 --> 01:46:45.040]  我們就不會這麼容易頸痛
[01:46:45.040 --> 01:46:47.040]  或者肩膊痛
[01:46:47.040 --> 01:46:48.040]  對了
[01:46:48.040 --> 01:46:51.040]  等等
[01:46:51.040 --> 01:46:52.040]  我先做完這個
[01:46:52.040 --> 01:46:53.040]  對了
[01:46:53.040 --> 01:46:54.040]  ok
[01:46:54.040 --> 01:46:55.040]  最後一個
[01:46:55.040 --> 01:46:56.040]  最後一個
[01:46:56.040 --> 01:46:57.040]  我們做個很簡單的
[01:46:57.040 --> 01:47:00.040]  我們做個打交叉
[01:47:00.040 --> 01:47:01.040]  ok
[01:47:01.040 --> 01:47:02.040]  這邊收緊
[01:47:02.040 --> 01:47:03.040]  合緊
[01:47:03.040 --> 01:47:04.040]  打交叉
[01:47:04.040 --> 01:47:05.040]  剛才我們說過
[01:47:05.040 --> 01:47:06.040]  我們平時做的那些
[01:47:06.040 --> 01:47:09.040]  這個是more on functional的
[01:47:09.040 --> 01:47:13.040]  我們的肩胛位和關節位
[01:47:13.040 --> 01:47:15.040]  打開
[01:47:15.040 --> 01:47:19.040]  練習肩膊的力量
[01:47:19.040 --> 01:47:21.040]  都是可以坐下也可以
[01:47:21.040 --> 01:47:23.040]  站著做也可以
[01:47:23.040 --> 01:47:24.040]  這樣做十下
[01:47:24.040 --> 01:47:25.040]  然後另一邊
[01:47:25.040 --> 01:47:27.040]  另一邊也是做十下
[01:47:27.040 --> 01:47:28.040]  對了
[01:47:28.040 --> 01:47:29.040]  然後休息
[01:47:29.040 --> 01:47:31.040]  做完每邊十下
[01:47:31.040 --> 01:47:35.040]  每個做三組
[01:47:35.040 --> 01:47:37.040]  這樣做十次
[01:47:37.040 --> 01:47:38.040]  如果太緊
[01:47:38.040 --> 01:47:40.040]  你可以拿開一點
[01:47:40.040 --> 01:47:41.040]  ok
[01:47:41.040 --> 01:47:42.040]  如果太輕鬆的時候
[01:47:42.040 --> 01:47:44.040]  你就拿近一點
[01:47:44.040 --> 01:47:47.040]  遷就自己的力量
[01:47:47.040 --> 01:47:48.040]  這樣做完兩邊
[01:47:48.040 --> 01:47:50.040]  每邊就好像
[01:47:50.040 --> 01:47:51.040]  好像我也熱了
[01:47:51.040 --> 01:47:52.040]  流太汗了
[01:47:52.040 --> 01:47:53.040]  ok
[01:47:53.040 --> 01:47:56.040]  好
[01:47:56.040 --> 01:48:00.040]  我們做完左肋帶訓練
[01:48:00.040 --> 01:48:03.040]  還有很多不同的運動可以做
[01:48:03.040 --> 01:48:06.040]  很難一次過教大家
[01:48:06.040 --> 01:48:08.040]  大家如果可以上網
[01:48:08.040 --> 01:48:10.040]  可以搜尋一下
[01:48:10.040 --> 01:48:12.040]  彈力帶左肋訓練
[01:48:12.040 --> 01:48:14.040]  可能上網有很多不同的
[01:48:14.040 --> 01:48:17.040]  教你如何做這些運動
[01:48:17.040 --> 01:48:18.040]  最後
[01:48:18.040 --> 01:48:20.040]  我們花一點時間
[01:48:20.040 --> 01:48:21.040]  最後五分鐘
[01:48:21.040 --> 01:48:23.040]  做一些拉筋動作
[01:48:23.040 --> 01:48:24.040]  我們剛才說過
[01:48:24.040 --> 01:48:25.040]  拉筋也很重要
[01:48:25.040 --> 01:48:27.040]  ok
[01:48:27.040 --> 01:48:29.040]  第一個動作
[01:48:29.040 --> 01:48:31.040]  我們可能就坐著做
[01:48:31.040 --> 01:48:32.040]  ok
[01:48:32.040 --> 01:48:34.040]  我們不要靠牆
[01:48:34.040 --> 01:48:35.040]  我們坐著做
[01:48:35.040 --> 01:48:36.040]  我們旁邊
[01:48:36.040 --> 01:48:39.040]  如果可以拿到椅子
[01:48:39.040 --> 01:48:41.040]  有點困難
[01:48:41.040 --> 01:48:42.040]  我們轉另一個
[01:48:42.040 --> 01:48:43.040]  很簡單的
[01:48:43.040 --> 01:48:45.040]  就是我們坐著
[01:48:45.040 --> 01:48:47.040]  我們雙手靠著大腿
[01:48:47.040 --> 01:48:50.040]  然後我們慢慢將腳
[01:48:50.040 --> 01:48:52.040]  屁股舉起來
[01:48:52.040 --> 01:48:54.040]  雙腳伸直
[01:48:54.040 --> 01:48:55.040]  你會感覺到
[01:48:55.040 --> 01:48:57.040]  你會小心
[01:48:57.040 --> 01:48:58.040]  你會感覺到
[01:48:58.040 --> 01:49:01.040]  兩邊大腿後面有一點扯緊
[01:49:01.040 --> 01:49:03.040]  我們保持著
[01:49:03.040 --> 01:49:06.040]  只是屁股和膝蓋
[01:49:06.040 --> 01:49:07.040]  站起來
[01:49:07.040 --> 01:49:11.040]  大家感覺到你的大腿
[01:49:11.040 --> 01:49:12.040]  有一點拉緊嗎
[01:49:12.040 --> 01:49:15.040]  後面
[01:49:15.040 --> 01:49:17.040]  這個不是站起來
[01:49:17.040 --> 01:49:21.040]  這個只是動膝蓋
[01:49:21.040 --> 01:49:25.040]  屁股向後
[01:49:25.040 --> 01:49:28.040]  可以靠著大腿
[01:49:28.040 --> 01:49:38.040]  然後舉起屁股
[01:49:38.040 --> 01:49:39.040]  這樣你就會感覺到
[01:49:39.040 --> 01:49:41.040]  後面這裡扯緊了
[01:49:41.040 --> 01:49:42.040]  ok
[01:49:42.040 --> 01:49:44.040]  可能這個
[01:49:44.040 --> 01:49:45.040]  如果這個太難
[01:49:45.040 --> 01:49:48.040]  大家如果有多一張椅子在旁邊
[01:49:48.040 --> 01:49:50.040]  你可以伸直腳
[01:49:50.040 --> 01:49:51.040]  ok
[01:49:51.040 --> 01:49:52.040]  試試伸直腳
[01:49:52.040 --> 01:49:53.040]  這個簡單一點
[01:49:53.040 --> 01:49:56.040]  然後慢慢將身體壓下去
[01:49:56.040 --> 01:49:57.040]  但不是彎
[01:49:57.040 --> 01:49:58.040]  不是彎腰
[01:49:58.040 --> 01:50:00.040]  我們保持著腰要直
[01:50:00.040 --> 01:50:02.040]  然後慢慢將身體壓下去
[01:50:02.040 --> 01:50:05.040]  你感覺到大腿開始緊了
[01:50:05.040 --> 01:50:07.040]  膝蓋要伸直
[01:50:07.040 --> 01:50:08.040]  膝蓋伸直
[01:50:08.040 --> 01:50:11.040]  然後慢慢將身體壓下去
[01:50:11.040 --> 01:50:16.040]  然後我們保持著30秒
[01:50:16.040 --> 01:50:18.040]  不用勉強要碰到前面
[01:50:18.040 --> 01:50:19.040]  你摸著前面
[01:50:19.040 --> 01:50:21.040]  你感覺到有緊就停
[01:50:21.040 --> 01:50:25.040]  不用勉強要碰到很前
[01:50:25.040 --> 01:50:27.040]  然後慢慢保持著30秒
[01:50:27.040 --> 01:50:30.040]  然後每邊做三次
[01:50:30.040 --> 01:50:34.040]  我們就拉到後面大腿的筋
[01:50:34.040 --> 01:50:39.040]  因為我們剛才有做過坐下站起來
[01:50:39.040 --> 01:50:40.040]  腳部的運動
[01:50:40.040 --> 01:50:42.040]  我們做完的運動
[01:50:42.040 --> 01:50:45.040]  都要鬆一鬆肌肉
[01:50:45.040 --> 01:50:53.040]  然後做完一隻腳
[01:50:53.040 --> 01:50:55.040]  可以做另外一隻腳
[01:51:10.040 --> 01:51:20.040]  就不要兩隻腳一起
[01:51:20.040 --> 01:51:22.040]  我們就一隻一隻腳做
[01:51:22.040 --> 01:51:24.040]  不要兩隻腳一起放上去
[01:51:24.040 --> 01:51:26.040]  因為如果兩隻腳一起放上去
[01:51:26.040 --> 01:51:31.040]  我們會連腰盆骨向前
[01:51:31.040 --> 01:51:36.040]  就達不到我們想拉肌肉的效果
[01:51:36.040 --> 01:51:38.040]  我們一隻腳一隻腳這樣做
[01:51:38.040 --> 01:51:39.040]  我們做完這個
[01:51:39.040 --> 01:51:41.040]  另外一個很簡單
[01:51:41.040 --> 01:51:43.040]  我們就將腳屈上來
[01:51:43.040 --> 01:51:44.040]  大家屈到嗎
[01:51:44.040 --> 01:51:47.040]  屈不到不要勉強屈上去
[01:51:47.040 --> 01:51:49.040]  慢慢屈上去
[01:51:49.040 --> 01:51:53.040]  這個動作是很常見的
[01:51:53.040 --> 01:51:59.040]  對付坐屈神經痛的動作
[01:51:59.040 --> 01:52:00.040]  我們翹上去之後
[01:52:00.040 --> 01:52:05.040]  慢慢將膝蓋按下去
[01:52:05.040 --> 01:52:07.040]  如果感覺到已經有點緊
[01:52:07.040 --> 01:52:09.040]  就可以停下來
[01:52:09.040 --> 01:52:11.040]  但如果按下去就沒事
[01:52:11.040 --> 01:52:15.040]  然後可以慢慢將身體壓前
[01:52:15.040 --> 01:52:17.040]  向下靠一點
[01:52:17.040 --> 01:52:19.040]  你應該感覺到
[01:52:19.040 --> 01:52:22.040]  你翹著腳後臀部的髖關節
[01:52:22.040 --> 01:52:24.040]  有拉緊的動作
[01:52:24.040 --> 01:52:27.040]  拉緊的感覺
[01:52:27.040 --> 01:52:29.040]  這樣維持住
[01:52:29.040 --> 01:52:31.040]  可能停住30秒
[01:52:31.040 --> 01:52:34.040]  我們每邊做三次
[01:52:34.040 --> 01:52:36.040]  不要太勉強
[01:52:36.040 --> 01:52:38.040]  感覺到有一點緊就可以了
[01:52:38.040 --> 01:52:40.040]  不用太勉強
[01:52:40.040 --> 01:52:44.040]  最重要是姿勢要正確
[01:52:44.040 --> 01:52:47.040]  腰直慢慢壓下去
[01:52:47.040 --> 01:52:50.040]  我現在這樣已經感覺到緊了
[01:52:50.040 --> 01:52:52.040]  不用太勉強
[01:52:52.040 --> 01:52:56.040]  除非你有做拉筋或瑜伽
[01:52:56.040 --> 01:53:00.040]  靈活一點可能下得比較好
[01:53:00.040 --> 01:53:03.040]  我就下不了這麼多
[01:53:03.040 --> 01:53:08.040]  另一隻腳又翹上來
[01:53:08.040 --> 01:53:11.040]  然後又慢慢按下去
[01:53:11.040 --> 01:53:12.040]  你可能感覺到
[01:53:12.040 --> 01:53:15.040]  兩邊拉的感覺有點不同
[01:53:15.040 --> 01:53:16.040]  可能一邊緊一點
[01:53:16.040 --> 01:53:17.040]  一邊沒那麼緊
[01:53:17.040 --> 01:53:22.040]  你就知道原來有一邊腳的位置緊一點
[01:53:22.040 --> 01:53:25.040]  盡量將那個位置放鬆
[01:53:25.040 --> 01:53:26.040]  拉多一點筋
[01:53:26.040 --> 01:53:29.040]  盡量避免坐屈神經痛
[01:53:29.040 --> 01:53:34.040]  或者肌肉緊而壓住了神經
[01:53:34.040 --> 01:53:37.040]  引致坐屈神經痛
[01:53:37.040 --> 01:53:42.040]  最後一個動作
[01:53:42.040 --> 01:53:44.040]  最後一個動作也很簡單
[01:53:44.040 --> 01:53:45.040]  又是拉筋
[01:53:45.040 --> 01:53:48.040]  我們將踏起來的腳
[01:53:48.040 --> 01:53:51.040]  慢慢拉上胸口
[01:53:51.040 --> 01:53:57.040]  然後身體轉向腳
[01:53:57.040 --> 01:54:04.040]  感覺到今次大腿的寬關節拉緊了
[01:54:04.040 --> 01:54:10.040]  這也是放鬆我們平時坐屈神經的肌肉
[01:54:10.040 --> 01:54:13.040]  讓它不要壓住神經
[01:54:13.040 --> 01:54:17.040]  然後放鬆那個位置
[01:54:17.040 --> 01:54:21.040]  我們也可以令到寬關節的關節靈活一點
[01:54:21.040 --> 01:54:24.040]  我們走起來就會輕鬆一點
[01:54:24.040 --> 01:54:26.040]  就不會很緊
[01:54:26.040 --> 01:54:29.040]  由另一隻腳踏上去
[01:54:29.040 --> 01:54:33.040]  然後將腳拉向另一邊
[01:54:33.040 --> 01:54:39.040]  然後身體轉向腳的方向
[01:54:39.040 --> 01:54:43.040]  通常拉筋的動作可以維持30秒
[01:54:43.040 --> 01:54:46.040]  每個動作可以做三次
[01:54:46.040 --> 01:54:48.040]  每隻腳
[01:54:48.040 --> 01:54:50.040]  這樣就可以了
[01:54:57.040 --> 01:54:59.040]  因為時間的關係
[01:54:59.040 --> 01:55:01.040]  我們很快已經做了很多
[01:55:01.040 --> 01:55:03.040]  做了很久
[01:55:03.040 --> 01:55:07.040]  做運動一開始
[01:55:07.040 --> 01:55:09.040]  做下去
[01:55:09.040 --> 01:55:12.040]  眨眼已經20分鐘了
[01:55:12.040 --> 01:55:15.040]  大家都不覺得已經做了20分鐘
[01:55:15.040 --> 01:55:19.040]  所以希望大家經過今天的講座之後
[01:55:19.040 --> 01:55:23.040]  大家可以養成一個健康又安全
[01:55:23.040 --> 01:55:27.040]  又規劃個人的運動
[01:55:27.040 --> 01:55:30.040]  多謝大家的時間
[01:55:30.040 --> 01:55:35.040]  多謝林講今天用了時間
[01:55:35.040 --> 01:55:37.040]  也多謝你們參與
[01:55:37.040 --> 01:55:40.040]  因為看到大家都很緊張
[01:55:40.040 --> 01:55:42.040]  或者很希望自己的健康
[01:55:42.040 --> 01:55:44.040]  可以令到自己的生活
[01:55:44.040 --> 01:55:46.040]  或者你的家人
[01:55:46.040 --> 01:55:48.040]  都有一個質素的生活
[01:55:48.040 --> 01:55:50.040]  首先我們代表UV
[01:55:50.040 --> 01:55:51.040]  歡迎大家
[01:55:51.040 --> 01:55:53.040]  我知道中間有些新的朋友
[01:55:53.040 --> 01:55:55.040]  在我們當中
[01:55:55.040 --> 01:55:59.040]  Amanda會派送禮物
[01:55:59.040 --> 01:56:00.040]  歡迎你們
[01:56:00.040 --> 01:56:02.040]  因為是第一次參加
[01:56:02.040 --> 01:56:04.040]  我們UV的一些活動
[01:56:04.040 --> 01:56:06.040]  麻煩Amanda了
[01:56:06.040 --> 01:56:11.040]  後面我們有些很精美的禮物
[01:56:11.040 --> 01:56:12.040]  想提提大家
[01:56:12.040 --> 01:56:13.040]  明天是星期日
[01:56:13.040 --> 01:56:14.040]  我們有聚會
[01:56:14.040 --> 01:56:15.040]  就是10點
[01:56:15.040 --> 01:56:17.040]  但是另外一個很重要的
[01:56:17.040 --> 01:56:19.040]  就是明天是世界盃總決賽
[01:56:19.040 --> 01:56:21.040]  是不是
[01:56:21.040 --> 01:56:25.040]  無論你們是捧哪隊
[01:56:25.040 --> 01:56:27.040]  或者你捧那隊進不了決賽
[01:56:27.040 --> 01:56:28.040]  也不要緊
[01:56:28.040 --> 01:56:29.040]  我們有一個很好的活動
[01:56:29.040 --> 01:56:31.040]  就是明天一起看世界盃
[01:56:31.040 --> 01:56:32.040]  就在這裡
[01:56:32.040 --> 01:56:34.040]  1點半開始
[01:56:34.040 --> 01:56:35.040]  來的時候
[01:56:35.040 --> 01:56:36.040]  如果你們可以的時候
[01:56:36.040 --> 01:56:38.040]  就可能帶一些零食來
[01:56:38.040 --> 01:56:40.040]  大家一起分享
[01:56:40.040 --> 01:56:42.040]  所以都希望明天的聚會
[01:56:42.040 --> 01:56:44.040]  或者世界盃的聚會
[01:56:44.040 --> 01:56:45.040]  見到你們大家
[01:56:45.040 --> 01:56:46.040]  大家一起
[01:56:46.040 --> 01:56:49.040]  為你們自己支持的那隊Cheer up
[01:56:49.040 --> 01:56:52.040]  另外最後很歡迎
[01:56:52.040 --> 01:56:54.040]  我想你們要多謝自己
[01:56:54.040 --> 01:56:56.040]  首先你們肯踏出這一步
[01:56:56.040 --> 01:57:00.040]  無論你們在健康的運動過程當中
[01:57:00.040 --> 01:57:01.040]  在哪裡
[01:57:01.040 --> 01:57:03.040]  我想最重要就是開始
[01:57:03.040 --> 01:57:05.040]  堅持和大家有Support
[01:57:05.040 --> 01:57:07.040]  希望大家見到大家
[01:57:07.040 --> 01:57:09.040]  除了問候大家之外
[01:57:09.040 --> 01:57:11.040]  都希望大家彼此的鼓勵
[01:57:11.040 --> 01:57:14.040]  我也知道有些朋友
[01:57:14.040 --> 01:57:16.040]  你可能為你的家人
[01:57:16.040 --> 01:57:17.040]  來聽這些講座
[01:57:17.040 --> 01:57:18.040]  希望你的家人會做
[01:57:18.040 --> 01:57:20.040]  但我很希望提醒大家
[01:57:20.040 --> 01:57:22.040]  陪伴是很重要的
[01:57:22.040 --> 01:57:25.040]  不是叫你爸爸做
[01:57:25.040 --> 01:57:26.040]  叫你媽媽做
[01:57:26.040 --> 01:57:28.040]  然後你自己就什麼都不做
[01:57:28.040 --> 01:57:29.040]  和她一起做
[01:57:29.040 --> 01:57:30.040]  一起健康
[01:57:30.040 --> 01:57:32.040]  一起走這條旅程
[01:57:32.040 --> 01:57:35.040]  另外因為今天講健康
[01:57:35.040 --> 01:57:40.040]  所以我們外面有打了的蔬果汁
[01:57:40.040 --> 01:57:43.040]  給大家一點飲用
[01:57:43.040 --> 01:57:45.040]  我知道大家
[01:57:45.040 --> 01:57:46.040]  應該有一半的人
[01:57:46.040 --> 01:57:47.040]  是不喜歡喝這些東西
[01:57:47.040 --> 01:57:50.040]  因為覺得很難喝
[01:57:50.040 --> 01:57:52.040]  我的樣子很醜
[01:57:52.040 --> 01:57:54.040]  但凡是健康的東西
[01:57:54.040 --> 01:57:56.040]  都不是很好看
[01:57:56.040 --> 01:57:59.040]  但我肯定這些東西是好喝的
[01:57:59.040 --> 01:58:01.040]  所以大家一起出去試試
[01:58:01.040 --> 01:58:03.040]  有提醒大家
[01:58:03.040 --> 01:58:05.040]  我們加了一些薑在裡面
[01:58:05.040 --> 01:58:06.040]  所以不怕寒
[01:58:06.040 --> 01:58:08.040]  因為大家都可能擔心
[01:58:08.040 --> 01:58:10.040]  生的食物會寒
[01:58:10.040 --> 01:58:11.040]  給大家試試
[01:58:11.040 --> 01:58:12.040]  如果大家有興趣
[01:58:12.040 --> 01:58:13.040]  可以詢問一下
[01:58:13.040 --> 01:58:16.040]  我們外面的朋友
[01:58:16.040 --> 01:58:17.040]  Joyce 她們
[01:58:17.040 --> 01:58:18.040]  她們用什麼打的
[01:58:18.040 --> 01:58:19.040]  大家如果有興趣回來
[01:58:19.040 --> 01:58:21.040]  可以照樣試試
[01:58:21.040 --> 01:58:22.040]  自己隨意
[01:58:22.040 --> 01:58:24.040]  很感謝大家
[01:58:24.040 --> 01:58:25.040]  再一次感謝大家
[01:58:25.040 --> 01:58:26.040]  你們今天的時間
[01:58:26.040 --> 01:58:28.040]  我知道過了你們的午餐時間
[01:58:28.040 --> 01:58:30.040]  希望這件事
[01:58:30.040 --> 01:58:33.040]  成為大家一生受用的東西
[01:58:33.040 --> 01:58:35.040]  再一次感謝大家
[01:58:35.040 --> 01:58:37.040]  歡迎大家來
[01:58:42.040 --> 01:58:44.040]  (字幕製作:貝爾)
