
[00:00:00.000 --> 00:00:02.000]  弟兄姊妹萬安
[00:00:02.000 --> 00:00:05.000]  好多謝漢語聖經協會的邀請
[00:00:05.000 --> 00:00:08.000]  讓我有機會在大家中間分享
[00:00:08.000 --> 00:00:11.000]  異創下書的一些訊息
[00:00:11.000 --> 00:00:15.000]  亦都好感謝漢語聖經協會
[00:00:15.000 --> 00:00:16.000]  透過這個講座
[00:00:16.000 --> 00:00:17.000]  我都是第一次
[00:00:17.000 --> 00:00:22.000]  應用新漢語譯本的異創下書的翻譯
[00:00:22.000 --> 00:00:24.000]  所以大家手上的筆記
[00:00:24.000 --> 00:00:25.000]  其實最珍貴的
[00:00:25.000 --> 00:00:28.000]  並不是我一些簡單的comment
[00:00:28.000 --> 00:00:36.000]  而是你會得到那幾張新漢語聖經譯本的經文
[00:00:36.000 --> 00:00:39.000]  這個應該大家未接觸過
[00:00:39.000 --> 00:00:44.000]  我都知道仍然有微小的修訂
[00:00:44.000 --> 00:00:47.000]  都是暫時的定稿
[00:00:47.000 --> 00:00:49.000]  基本上未公開
[00:00:49.000 --> 00:00:53.000]  都是第一批人去看到
[00:00:53.000 --> 00:00:56.000]  大家有機會第一次看到
[00:00:56.000 --> 00:00:59.000]  新漢語聖經譯本
[00:00:59.000 --> 00:01:01.000]  今日和大家分享異創下書
[00:01:01.000 --> 00:01:04.000]  我在香港神學院教書
[00:01:04.000 --> 00:01:07.000]  主要是教舊約科
[00:01:07.000 --> 00:01:09.000]  先知書和歷史書為主
[00:01:09.000 --> 00:01:11.000]  所以異創下書是其中一個
[00:01:11.000 --> 00:01:14.000]  我都幾專門處理的書卷
[00:01:14.000 --> 00:01:17.000]  而中間和大家選擇的題目就是
[00:01:17.000 --> 00:01:19.000]  僕人之歌
[00:01:19.000 --> 00:01:21.000]  大家都知道異創下書很長
[00:01:21.000 --> 00:01:22.000]  66章
[00:01:22.000 --> 00:01:25.000]  所以今日一個半小時的時間
[00:01:25.000 --> 00:01:27.000]  不可能全部說完
[00:01:27.000 --> 00:01:28.000]  要我選擇的時候
[00:01:28.000 --> 00:01:32.000]  於是和漢語聖經協會的同工傾談的時候
[00:01:32.000 --> 00:01:33.000]  其中一個就是
[00:01:33.000 --> 00:01:36.000]  不如我選擇僕人之歌來分享
[00:01:36.000 --> 00:01:39.000]  僕人之歌大家都熟悉的可能
[00:01:39.000 --> 00:01:44.000]  因為最多什麼時候你會聽到?
[00:01:44.000 --> 00:01:46.000]  壽難節的時候
[00:01:46.000 --> 00:01:48.000]  你就會聽到這四首僕人之歌
[00:01:48.000 --> 00:01:49.000]  當你壽難節聽的時候
[00:01:49.000 --> 00:01:50.000]  換句話說
[00:01:50.000 --> 00:01:51.000]  這四首僕人之歌
[00:01:51.000 --> 00:01:54.000]  你覺得主要是形容誰?
[00:01:54.000 --> 00:01:55.000]  就是耶穌
[00:01:55.000 --> 00:01:58.000]  耶穌基督的受苦、受難
[00:01:58.000 --> 00:02:03.000]  他在面對審判遇到的迫不及待
[00:02:03.000 --> 00:02:05.000]  各樣都是我們覺得
[00:02:05.000 --> 00:02:08.000]  這幾首詩歌最能夠形容耶穌基督
[00:02:08.000 --> 00:02:10.000]  不過今日想和大家嘗試
[00:02:10.000 --> 00:02:12.000]  跳多一個角度去看
[00:02:12.000 --> 00:02:14.000]  為什麼這幾首歌
[00:02:14.000 --> 00:02:17.000]  會這麼特別用來形容耶穌基督呢?
[00:02:17.000 --> 00:02:19.000]  甚至再遠一點
[00:02:19.000 --> 00:02:22.000]  當初最初在舊約寫成的時候
[00:02:22.000 --> 00:02:24.000]  他的想法是怎樣的呢?
[00:02:24.000 --> 00:02:28.000]  以致後來會被用來形容耶穌基督呢?
[00:02:28.000 --> 00:02:33.000]  所以今日和大家分享幾首僕人之歌的內容
[00:02:33.000 --> 00:02:37.000]  先說僕人之歌之前
[00:02:37.000 --> 00:02:40.000]  和大家看看整卷二刷書
[00:02:40.000 --> 00:02:41.000]  其實因為很長
[00:02:41.000 --> 00:02:42.000]  66章
[00:02:42.000 --> 00:02:44.000]  如果你試過一口氣看完
[00:02:44.000 --> 00:02:45.000]  不過都很困難
[00:02:45.000 --> 00:02:49.000]  因為看到後面都不記得前面
[00:02:49.000 --> 00:02:50.000]  這麼長的經文
[00:02:50.000 --> 00:02:52.000]  但你看的時候
[00:02:52.000 --> 00:02:56.000]  你會發現裡面好像說很多不同類型的訊息
[00:02:56.000 --> 00:02:57.000]  很多不同類型的訊息
[00:02:57.000 --> 00:03:00.000]  何解會有這麼多不同類型的訊息呢?
[00:03:00.000 --> 00:03:01.000]  其中一個
[00:03:01.000 --> 00:03:04.000]  學者們都有一個比較大的共識
[00:03:04.000 --> 00:03:06.000]  就是整個66章
[00:03:06.000 --> 00:03:08.000]  其實裡面針對的時期
[00:03:08.000 --> 00:03:10.000]  可能是幾不同的時期
[00:03:10.000 --> 00:03:12.000]  1至39章
[00:03:12.000 --> 00:03:15.000]  這是一個很粗略很粗略的劃分
[00:03:15.000 --> 00:03:16.000]  當然很仔細
[00:03:16.000 --> 00:03:19.000]  是不是整個1至39章都是同一個處境
[00:03:19.000 --> 00:03:20.000]  當然不是
[00:03:20.000 --> 00:03:22.000]  但是一個很粗略來說
[00:03:22.000 --> 00:03:24.000]  很多時候都會說1至39章
[00:03:24.000 --> 00:03:26.000]  是形容一個亞述時期
[00:03:26.000 --> 00:03:27.000]  所謂亞述時期
[00:03:27.000 --> 00:03:31.000]  即是說猶大國還未亡國的時候
[00:03:31.000 --> 00:03:34.000]  猶大國還未亡國的時候
[00:03:34.000 --> 00:03:35.000]  即是說
[00:03:35.000 --> 00:03:36.000]  希西加王
[00:03:36.000 --> 00:03:39.000]  那些皇帝還在的時期
[00:03:39.000 --> 00:03:40.000]  如果大家熟悉
[00:03:40.000 --> 00:03:42.000]  希西加王做皇帝的時候
[00:03:42.000 --> 00:03:44.000]  正正是以賽亞先知做先知的時候
[00:03:44.000 --> 00:03:46.000]  那些時期
[00:03:46.000 --> 00:03:48.000]  我們稱之為亞述時期
[00:03:48.000 --> 00:03:50.000]  但是去到40章之後
[00:03:50.000 --> 00:03:52.000]  很多時候就會有一個想法
[00:03:52.000 --> 00:03:56.000]  就是裡面的經文所說的處境很不同
[00:03:56.000 --> 00:03:58.000]  在王國時期的處境
[00:03:58.000 --> 00:04:01.000]  今天特別會說這個部分
[00:04:01.000 --> 00:04:04.000]  裡面很多關乎秘魯的信息
[00:04:04.000 --> 00:04:07.000]  很多關乎回歸的信息
[00:04:07.000 --> 00:04:08.000]  於是學者會覺得
[00:04:08.000 --> 00:04:10.000]  這段經文會不會有一個處境
[00:04:10.000 --> 00:04:12.000]  是在巴比倫的時期
[00:04:12.000 --> 00:04:13.000]  即是秘魯
[00:04:13.000 --> 00:04:15.000]  猶大國已經亡國之後
[00:04:15.000 --> 00:04:17.000]  甚至在我的理解裡面
[00:04:17.000 --> 00:04:20.000]  我甚至將它定為巴比倫的末期
[00:04:20.000 --> 00:04:22.000]  什麼叫末期?
[00:04:22.000 --> 00:04:25.000]  即是不是剛剛猶大國亡國
[00:04:25.000 --> 00:04:27.000]  秘魯去初期的時間
[00:04:27.000 --> 00:04:29.000]  是秘魯去多少年?
[00:04:29.000 --> 00:04:31.000]  很多時候我們都說70年
[00:04:31.000 --> 00:04:35.000]  即是說去到70年差不多結束
[00:04:35.000 --> 00:04:38.000]  甚至是結束的前後階段
[00:04:38.000 --> 00:04:41.000]  亦都是巴比倫亡國的階段
[00:04:41.000 --> 00:04:43.000]  不是猶大國亡國
[00:04:43.000 --> 00:04:45.000]  是輪到巴比倫亡國的時候
[00:04:45.000 --> 00:04:48.000]  去到第55章之後
[00:04:48.000 --> 00:04:50.000]  由56至66
[00:04:50.000 --> 00:04:52.000]  我們會很多時候將它分成
[00:04:52.000 --> 00:04:56.000]  巴比倫亡國之後到哪個帝國?
[00:04:56.000 --> 00:04:57.000]  波斯
[00:04:57.000 --> 00:04:59.000]  所以稱為波斯時期
[00:04:59.000 --> 00:05:01.000]  而波斯時期
[00:05:01.000 --> 00:05:04.000]  猶大人、秘魯人可以怎樣?
[00:05:04.000 --> 00:05:05.000]  已經回歸了
[00:05:05.000 --> 00:05:07.000]  所以這段信息
[00:05:07.000 --> 00:05:09.000]  你會發現很有趣
[00:05:09.000 --> 00:05:11.000]  中間那段部分沒有提到聖殿
[00:05:11.000 --> 00:05:14.000]  去到後面的部分又提到聖殿
[00:05:14.000 --> 00:05:16.000]  為什麼?
[00:05:16.000 --> 00:05:18.000]  因為回歸之後會做什麼?
[00:05:18.000 --> 00:05:19.000]  重建聖殿
[00:05:19.000 --> 00:05:20.000]  所以又再提到聖殿
[00:05:20.000 --> 00:05:21.000]  提到祭祀
[00:05:21.000 --> 00:05:23.000]  這是其中一個可能
[00:05:23.000 --> 00:05:25.000]  其中一個理解
[00:05:25.000 --> 00:05:27.000]  我借助這個理解
[00:05:27.000 --> 00:05:29.000]  今天和大家看看
[00:05:29.000 --> 00:05:31.000]  究竟四首暴人之歌
[00:05:31.000 --> 00:05:33.000]  在哪個範圍?
[00:05:33.000 --> 00:05:38.000]  四首暴人之歌在哪個範圍?
[00:05:38.000 --> 00:05:41.000]  四首都在中間這個範圍
[00:05:41.000 --> 00:05:43.000]  並不是在1至39
[00:05:43.000 --> 00:05:46.000]  亦都不是在56至66
[00:05:46.000 --> 00:05:49.000]  而是全部在40至55
[00:05:49.000 --> 00:05:51.000]  在這裏所說
[00:05:51.000 --> 00:05:53.000]  秘魯的末期這個時間
[00:05:53.000 --> 00:05:57.000]  在這個處境之下去寫成
[00:05:57.000 --> 00:05:59.000]  四首暴人之歌
[00:05:59.000 --> 00:06:03.000]  如果我們在這裏做一個簡單的分佈
[00:06:03.000 --> 00:06:04.000]  你會看到
[00:06:04.000 --> 00:06:06.000]  第一首在42章
[00:06:06.000 --> 00:06:07.000]  第二首在49章
[00:06:07.000 --> 00:06:08.000]  然後50章
[00:06:08.000 --> 00:06:11.000]  而最後那首就是52至53
[00:06:11.000 --> 00:06:13.000]  當然對每一首歌
[00:06:13.000 --> 00:06:15.000]  究竟是否1至12節
[00:06:15.000 --> 00:06:17.000]  有不同學者有不同看法
[00:06:17.000 --> 00:06:19.000]  會有一兩節多
[00:06:19.000 --> 00:06:20.000]  有些少一兩節
[00:06:20.000 --> 00:06:21.000]  這些差異
[00:06:21.000 --> 00:06:23.000]  我今天不和大家詳細討論
[00:06:23.000 --> 00:06:25.000]  大體上大家都認同
[00:06:25.000 --> 00:06:27.000]  總之有四首在這四個位置
[00:06:27.000 --> 00:06:30.000]  在這四首放在這個位置的時候
[00:06:30.000 --> 00:06:31.000]  我特別給你看到
[00:06:31.000 --> 00:06:35.000]  其實整個中間這個40至55章
[00:06:35.000 --> 00:06:38.000]  又可以劃分成上下半
[00:06:38.000 --> 00:06:42.000]  在這麼大的十幾章裏
[00:06:42.000 --> 00:06:43.000]  又可以分成上下半
[00:06:43.000 --> 00:06:46.000]  上半就是第40至48章
[00:06:46.000 --> 00:06:48.000]  下半就是49至55章
[00:06:48.000 --> 00:06:51.000]  第一首暴人之歌是在上半
[00:06:51.000 --> 00:06:53.000]  其他三首都是在下半
[00:06:53.000 --> 00:06:54.000]  不是很平均
[00:06:54.000 --> 00:06:56.000]  但中間有一個位置
[00:06:56.000 --> 00:06:59.000]  第48章結束的時候
[00:06:59.000 --> 00:07:00.000]  經文特別有一句
[00:07:00.000 --> 00:07:03.000]  就是你們要從巴比倫出來
[00:07:03.000 --> 00:07:05.000]  所以這是其中一個
[00:07:05.000 --> 00:07:09.000]  為什麼說這麼大段的經文
[00:07:09.000 --> 00:07:12.000]  都是關乎一個秘魯末期的處境
[00:07:12.000 --> 00:07:15.000]  因為裏面說到要從巴比倫出來
[00:07:15.000 --> 00:07:17.000]  巴比倫出來
[00:07:17.000 --> 00:07:21.000]  究竟為什麼會界分了前後這幾首詩
[00:07:21.000 --> 00:07:23.000]  一會和大家一起看一看
[00:07:23.000 --> 00:07:26.000]  四首暴人之歌
[00:07:26.000 --> 00:07:27.000]  我們很多時候都覺得
[00:07:27.000 --> 00:07:28.000]  以前的理解
[00:07:28.000 --> 00:07:32.000]  形容耶穌是一個很合適的形容
[00:07:32.000 --> 00:07:34.000]  但如果仔細去看這四首歌
[00:07:34.000 --> 00:07:43.000]  你會發現中間有些很微妙的差異
[00:07:43.000 --> 00:07:45.000]  先說一些疑問
[00:07:45.000 --> 00:07:47.000]  四首歌有不同學者
[00:07:47.000 --> 00:07:48.000]  有些學者會認為
[00:07:48.000 --> 00:07:52.000]  其實四首歌原本是自己成為一個詩集
[00:07:52.000 --> 00:07:54.000]  自己一本
[00:07:54.000 --> 00:07:57.000]  到後來才加插到二冊二書
[00:07:57.000 --> 00:07:59.000]  即是二冊二書歸二冊二書
[00:07:59.000 --> 00:08:01.000]  四首暴人之歌歸四首暴人之歌
[00:08:01.000 --> 00:08:02.000]  後來就加插
[00:08:02.000 --> 00:08:03.000]  這是其中一個看法
[00:08:03.000 --> 00:08:05.000]  但亦有些看法是
[00:08:05.000 --> 00:08:09.000]  其實四首歌從一開始就在經文周圍
[00:08:09.000 --> 00:08:12.000]  即是和前前後經文連成一體
[00:08:12.000 --> 00:08:14.000]  究竟是還是不是
[00:08:14.000 --> 00:08:16.000]  未必有很多時間討論
[00:08:16.000 --> 00:08:19.000]  不過可能有少許我們會碰到
[00:08:19.000 --> 00:08:21.000]  第二
[00:08:21.000 --> 00:08:24.000]  無論它是原本獨立一個文本
[00:08:24.000 --> 00:08:27.000]  還是一開始已經放在裏面
[00:08:27.000 --> 00:08:30.000]  究竟四首歌有沒有關係
[00:08:30.000 --> 00:08:32.000]  四首歌是各自獨立
[00:08:32.000 --> 00:08:34.000]  你歸你 我歸我
[00:08:34.000 --> 00:08:36.000]  即是好像你今日打開詩集
[00:08:36.000 --> 00:08:38.000]  即使你打開一本詩集
[00:08:38.000 --> 00:08:40.000]  有第一首詩 第二首詩 第三首詩
[00:08:40.000 --> 00:08:42.000]  全部都放在同一個詩集
[00:08:42.000 --> 00:08:45.000]  但第一首和第二首有沒有關係
[00:08:45.000 --> 00:08:47.000]  可以是
[00:08:47.000 --> 00:08:49.000]  沒有關係 不同人作
[00:08:49.000 --> 00:08:50.000]  就算同一個人作
[00:08:50.000 --> 00:08:52.000]  可能都不同時間作
[00:08:52.000 --> 00:08:53.000]  不一定有連繫
[00:08:53.000 --> 00:08:56.000]  於是就會說
[00:08:56.000 --> 00:08:58.000]  究竟這四首歌是否獨立解釋
[00:08:58.000 --> 00:09:01.000]  你解第一首便解第一首
[00:09:01.000 --> 00:09:03.000]  你解第二首便解第二首
[00:09:03.000 --> 00:09:04.000]  不需要想
[00:09:04.000 --> 00:09:06.000]  我解第二首要想甚麼
[00:09:06.000 --> 00:09:08.000]  想第一首然後才知道第二首說甚麼
[00:09:08.000 --> 00:09:10.000]  會否是這樣 獨立的
[00:09:10.000 --> 00:09:13.000]  還是互相關連
[00:09:13.000 --> 00:09:16.000]  即是到我解第三首的時候
[00:09:16.000 --> 00:09:18.000]  我要想第一二首說甚麼
[00:09:18.000 --> 00:09:20.000]  我才解到第三首
[00:09:20.000 --> 00:09:22.000]  會否有這樣的情況
[00:09:22.000 --> 00:09:25.000]  今日會花多少少時間和大家看這個
[00:09:25.000 --> 00:09:27.000]  最後 最關鍵
[00:09:27.000 --> 00:09:32.000]  究竟四首歌裏所說的僕人
[00:09:32.000 --> 00:09:34.000]  是誰呢
[00:09:34.000 --> 00:09:38.000]  是否同一個僕人呢
[00:09:38.000 --> 00:09:41.000]  是否四首都指同一個僕人呢
[00:09:41.000 --> 00:09:43.000]  還是指不同的僕人呢
[00:09:43.000 --> 00:09:45.000]  這是一個很有趣的問題
[00:09:45.000 --> 00:09:48.000]  為何會衍生這些問題呢
[00:09:48.000 --> 00:09:50.000]  和大家看一個
[00:09:50.000 --> 00:09:52.000]  四首歌之間很微妙的差異
[00:09:52.000 --> 00:09:54.000]  我們很多時候都覺得
[00:09:54.000 --> 00:09:55.000]  四首僕人之歌
[00:09:55.000 --> 00:09:57.000]  便是僕人之歌
[00:09:57.000 --> 00:09:59.000]  便是說一個上主的僕人
[00:09:59.000 --> 00:10:02.000]  但仔細看的時候
[00:10:02.000 --> 00:10:04.000]  我在這裏和大家界分
[00:10:04.000 --> 00:10:06.000]  當你看「發言者」
[00:10:06.000 --> 00:10:08.000]  即是說究竟那首歌
[00:10:08.000 --> 00:10:11.000]  是以甚麼的一個主角
[00:10:11.000 --> 00:10:14.000]  來說出 唱出這首歌的時候
[00:10:14.000 --> 00:10:16.000]  原來四首歌是不同的
[00:10:16.000 --> 00:10:21.000]  第一首歌是以上主做發言者
[00:10:21.000 --> 00:10:25.000]  上主作為第一身來說出這個僕人
[00:10:25.000 --> 00:10:27.000]  於是在這首歌裏
[00:10:27.000 --> 00:10:28.000]  你會看到他的稱呼
[00:10:28.000 --> 00:10:31.000]  就是稱呼這個僕人為「我的僕人」
[00:10:31.000 --> 00:10:33.000]  又或者「他」
[00:10:33.000 --> 00:10:35.000]  這就是上主稱呼他的
[00:10:35.000 --> 00:10:37.000]  整首歌都是這樣
[00:10:37.000 --> 00:10:39.000]  但到了第二首歌
[00:10:39.000 --> 00:10:40.000]  很有趣
[00:10:40.000 --> 00:10:41.000]  竟然發言者
[00:10:41.000 --> 00:10:43.000]  即是唱這首歌的人
[00:10:43.000 --> 00:10:46.000]  不只是上主
[00:10:46.000 --> 00:10:49.000]  反而是一個僕人更多的篇幅
[00:10:49.000 --> 00:10:53.000]  即是說僕人自己做了唱歌的人
[00:10:53.000 --> 00:10:54.000]  做了第一身
[00:10:54.000 --> 00:10:55.000]  所以這首歌
[00:10:55.000 --> 00:10:56.000]  如果你有讀過
[00:10:56.000 --> 00:10:57.000]  一會兒我們會看
[00:10:57.000 --> 00:10:59.000]  裏面經常出現「我」字
[00:10:59.000 --> 00:11:02.000]  「我是…」
[00:11:02.000 --> 00:11:04.000]  和第一首很不同
[00:11:04.000 --> 00:11:06.000]  第一首是上主稱呼他
[00:11:06.000 --> 00:11:08.000]  但第二首是甚麼
[00:11:08.000 --> 00:11:10.000]  那個僕人說「我」
[00:11:10.000 --> 00:11:14.000]  當然中間亦有上主的發言
[00:11:14.000 --> 00:11:16.000]  不過往往都是這個僕人說
[00:11:16.000 --> 00:11:18.000]  上主說
[00:11:18.000 --> 00:11:23.000]  所以將他演繹出來
[00:11:23.000 --> 00:11:24.000]  「我的僕人」怎樣
[00:11:24.000 --> 00:11:26.000]  複述的形式
[00:11:26.000 --> 00:11:30.000]  到了第三首就更加
[00:11:30.000 --> 00:11:34.000]  整首歌都是僕人自己的發言
[00:11:34.000 --> 00:11:37.000]  全部都是「我…」
[00:11:37.000 --> 00:11:40.000]  到了第四首
[00:11:40.000 --> 00:11:41.000]  第四首
[00:11:41.000 --> 00:11:42.000]  你會看到這個更加有趣
[00:11:42.000 --> 00:11:44.000]  竟然出現一個甚麼
[00:11:44.000 --> 00:11:45.000]  「我們」
[00:11:45.000 --> 00:11:46.000]  你很熟悉那句
[00:11:46.000 --> 00:11:50.000]  「我們所傳的有誰信」
[00:11:50.000 --> 00:11:51.000]  記不記得這句
[00:11:51.000 --> 00:11:53.000]  突然間出現「我們」
[00:11:53.000 --> 00:11:54.000]  為甚麼會有「我們」
[00:11:54.000 --> 00:11:56.000]  上主要還上主
[00:11:56.000 --> 00:11:57.000]  那個僕人就叫「我」
[00:11:57.000 --> 00:12:00.000]  為甚麼突然間多了個「我們」
[00:12:00.000 --> 00:12:01.000]  突然間有班「我們」出現
[00:12:01.000 --> 00:12:02.000]  於是這班「我們」
[00:12:02.000 --> 00:12:04.000]  稱呼那個僕人做「他」
[00:12:04.000 --> 00:12:06.000]  又不是說自己
[00:12:06.000 --> 00:12:08.000]  就叫那個僕人做「他」
[00:12:08.000 --> 00:12:09.000]  當你這樣留意的時候
[00:12:09.000 --> 00:12:11.000]  原來這四首歌
[00:12:11.000 --> 00:12:16.000]  不是真的一模一樣
[00:12:16.000 --> 00:12:19.000]  它裏面用了很多不同的角度
[00:12:19.000 --> 00:12:22.000]  或角色去演繹
[00:12:22.000 --> 00:12:24.000]  中間有甚麼顯示呢
[00:12:24.000 --> 00:12:28.000]  我們接下來就逐首逐首看看
[00:12:28.000 --> 00:12:29.000]  第一首
[00:12:29.000 --> 00:12:30.000]  第一首僕人之歌
[00:12:30.000 --> 00:12:32.000]  四十二章一至十二節
[00:12:32.000 --> 00:12:35.000]  我給你看一個很簡單的分段
[00:12:35.000 --> 00:12:38.000]  大體上可以分成三段
[00:12:38.000 --> 00:12:40.000]  為甚麼會給你看這個分段呢
[00:12:40.000 --> 00:12:42.000]  因為接下來第二首
[00:12:42.000 --> 00:12:44.000]  第三首 第四首
[00:12:44.000 --> 00:12:48.000]  後面有些詩歌竟然用同一樣的分段
[00:12:48.000 --> 00:12:50.000]  這樣顯示一些意思
[00:12:50.000 --> 00:12:52.000]  當兩首歌竟然是同一個分段的時候
[00:12:52.000 --> 00:12:56.000]  即是說這兩首歌的關係是很密切
[00:12:56.000 --> 00:12:58.000]  所以第一首歌分成三段
[00:12:58.000 --> 00:12:59.000]  第一段就是
[00:12:59.000 --> 00:13:01.000]  上主以第一身
[00:13:01.000 --> 00:13:02.000]  上主出聲
[00:13:02.000 --> 00:13:03.000]  上主以第一身
[00:13:03.000 --> 00:13:04.000]  就說我選擇的僕人
[00:13:04.000 --> 00:13:07.000]  和我選擇他要達成甚麼目標
[00:13:07.000 --> 00:13:08.000]  第二
[00:13:08.000 --> 00:13:11.000]  他透過這個僕人要成就甚麼工作
[00:13:11.000 --> 00:13:14.000]  目標和工作大體你可以想像
[00:13:14.000 --> 00:13:17.000]  目標是比較高層次一點
[00:13:17.000 --> 00:13:18.000]  一個大的方向
[00:13:18.000 --> 00:13:20.000]  實際做些甚麼
[00:13:20.000 --> 00:13:21.000]  就是一些工作
[00:13:21.000 --> 00:13:22.000]  就在第二段說
[00:13:22.000 --> 00:13:23.000]  然後最後有一個結束
[00:13:23.000 --> 00:13:26.000]  就是幾個讚美的說話
[00:13:26.000 --> 00:13:27.000]  讚美上主
[00:13:27.000 --> 00:13:28.000]  好了
[00:13:28.000 --> 00:13:30.000]  逐段我們看一看
[00:13:30.000 --> 00:13:32.000]  大家很熟悉的
[00:13:32.000 --> 00:13:34.000]  當然現在這個經文
[00:13:34.000 --> 00:13:35.000]  大家第一次見
[00:13:35.000 --> 00:13:38.000]  就是新刊於日本的經文
[00:13:38.000 --> 00:13:42.000]  「看!我的僕人我緊握他
[00:13:42.000 --> 00:13:43.000]  我揀選的
[00:13:43.000 --> 00:13:45.000]  我心靈所閱立的
[00:13:45.000 --> 00:13:48.000]  我已把我的靈賜給他
[00:13:48.000 --> 00:13:52.000]  他必把正義傳出道列國
[00:13:52.000 --> 00:13:53.000]  他不呼喊
[00:13:53.000 --> 00:13:54.000]  不揚聲
[00:13:54.000 --> 00:13:56.000]  也不讓街上聽見大力聲音」
[00:13:56.000 --> 00:13:58.000]  大家都應該記得那幾句經文
[00:13:58.000 --> 00:13:59.000]  應該很熟悉
[00:13:59.000 --> 00:14:02.000]  「壓傷的奴為他不折斷
[00:14:02.000 --> 00:14:05.000]  均淡的燈芯他不熄滅
[00:14:05.000 --> 00:14:08.000]  他要憑信實把正義傳出
[00:14:08.000 --> 00:14:10.000]  他必不分尋
[00:14:10.000 --> 00:14:11.000]  也不被壓傷
[00:14:11.000 --> 00:14:14.000]  直到他在地上設置公義」
[00:14:14.000 --> 00:14:16.000]  因為篇幅有限
[00:14:16.000 --> 00:14:18.000]  我後面不詳細再讀下去
[00:14:18.000 --> 00:14:19.000]  好了
[00:14:19.000 --> 00:14:21.000]  我這裡用紅色highlight了甚麼呢
[00:14:21.000 --> 00:14:24.000]  就是整首歌說的僕人
[00:14:24.000 --> 00:14:27.000]  不斷都是他他他他
[00:14:27.000 --> 00:14:29.000]  用他來形容
[00:14:29.000 --> 00:14:30.000]  我的僕人
[00:14:30.000 --> 00:14:33.000]  這首歌是以上主作為第一身
[00:14:33.000 --> 00:14:34.000]  來說的
[00:14:34.000 --> 00:14:37.000]  好了
[00:14:37.000 --> 00:14:39.000]  當整首看這幾節的時候
[00:14:39.000 --> 00:14:41.000]  你會發現
[00:14:41.000 --> 00:14:43.000]  上主說他要這個僕人
[00:14:43.000 --> 00:14:46.000]  要達成甚麼目標呢
[00:14:46.000 --> 00:14:48.000]  最簡單的就是
[00:14:48.000 --> 00:14:52.000]  要把正義傳出道列國
[00:14:52.000 --> 00:14:53.000]  第三節
[00:14:53.000 --> 00:14:56.000]  最後說他要憑信實把正義傳出
[00:14:56.000 --> 00:14:57.000]  第四節再說
[00:14:57.000 --> 00:15:00.000]  「直到他在地上設置正義」
[00:15:00.000 --> 00:15:02.000]  連續幾節
[00:15:02.000 --> 00:15:04.000]  每一節都說甚麼呢
[00:15:04.000 --> 00:15:05.000]  正義
[00:15:05.000 --> 00:15:07.000]  所以這是一個很清楚的目標
[00:15:07.000 --> 00:15:08.000]  他要這個僕人
[00:15:08.000 --> 00:15:12.000]  他在地上傳出正義
[00:15:12.000 --> 00:15:13.000]  即是帶出正義
[00:15:13.000 --> 00:15:15.000]  建立正義在地上
[00:15:15.000 --> 00:15:18.000]  這是一個很重要的目標
[00:15:18.000 --> 00:15:19.000]  好了
[00:15:19.000 --> 00:15:22.000]  但是他怎樣去達成這件事呢
[00:15:22.000 --> 00:15:23.000]  在這裡描述的過程
[00:15:23.000 --> 00:15:28.000]  有沒有說出他怎樣做事呢
[00:15:28.000 --> 00:15:30.000]  其中一個當然就是
[00:15:30.000 --> 00:15:31.000]  似乎是說
[00:15:31.000 --> 00:15:34.000]  「吾呼喊揚聲」
[00:15:34.000 --> 00:15:35.000]  即是比較靜
[00:15:35.000 --> 00:15:36.000]  第二
[00:15:36.000 --> 00:15:38.000]  他說壓傷的蘆薈是甚麼呢
[00:15:38.000 --> 00:15:39.000]  「他不截斷」
[00:15:39.000 --> 00:15:41.000]  似乎是對一些很脆弱
[00:15:41.000 --> 00:15:43.000]  受傷軟弱的群體
[00:15:43.000 --> 00:15:45.000]  他又怎樣呢
[00:15:45.000 --> 00:15:46.000]  特別呵護
[00:15:46.000 --> 00:15:47.000]  「他不截斷」
[00:15:47.000 --> 00:15:51.000]  「暗淡的燈芯他不熄」
[00:15:51.000 --> 00:15:52.000]  他遇到這些情況
[00:15:52.000 --> 00:15:54.000]  遇到這些壓傷的蘆薈
[00:15:54.000 --> 00:15:56.000]  暗淡的燈芯
[00:15:56.000 --> 00:15:57.000]  然後說他自己
[00:15:57.000 --> 00:15:59.000]  「必不分塵也不被壓傷」
[00:15:59.000 --> 00:16:00.000]  好了
[00:16:00.000 --> 00:16:04.000]  似乎好像很簡單的描述
[00:16:04.000 --> 00:16:07.000]  不過想大家留意一下
[00:16:07.000 --> 00:16:11.000]  究竟這個僕人是誰呢
[00:16:11.000 --> 00:16:14.000]  然後蘆薈和燈芯又是誰呢
[00:16:14.000 --> 00:16:17.000]  那個僕人上帝給他一個使命
[00:16:17.000 --> 00:16:19.000]  而他似乎遇到甚麼
[00:16:19.000 --> 00:16:22.000]  那些壓傷的蘆薈
[00:16:22.000 --> 00:16:24.000]  暗淡的燈芯
[00:16:24.000 --> 00:16:27.000]  然後他要很呵護他們
[00:16:27.000 --> 00:16:30.000]  究竟那些蘆薈和燈芯是甚麼呢
[00:16:30.000 --> 00:16:34.000]  純粹說姿態一定是有所指的
[00:16:34.000 --> 00:16:35.000]  好了
[00:16:35.000 --> 00:16:37.000]  通常我們對這首詩的理解就是
[00:16:37.000 --> 00:16:38.000]  僕人歸僕人
[00:16:38.000 --> 00:16:40.000]  蘆薈歸蘆薈
[00:16:40.000 --> 00:16:43.000]  蘆薈在一邊
[00:16:43.000 --> 00:16:45.000]  如果我們說這個僕人
[00:16:45.000 --> 00:16:47.000]  我們以前很多時候都理解
[00:16:47.000 --> 00:16:49.000]  如果這個是耶穌基督的話
[00:16:49.000 --> 00:16:52.000]  那些蘆薈燈芯就是誰呢
[00:16:52.000 --> 00:16:55.000]  就是一般受傷的人
[00:16:55.000 --> 00:16:58.000]  有時你拿這句經文都說自己
[00:16:58.000 --> 00:17:01.000]  我就是一個壓傷的蘆薈
[00:17:01.000 --> 00:17:02.000]  很辛苦
[00:17:02.000 --> 00:17:05.000]  然後上帝耶穌基督不截斷我
[00:17:05.000 --> 00:17:06.000]  呵護我
[00:17:06.000 --> 00:17:09.000]  這兩個個體分開
[00:17:09.000 --> 00:17:11.000]  兩個個體
[00:17:11.000 --> 00:17:14.000]  這首詩一般的翻譯給我們理解
[00:17:14.000 --> 00:17:16.000]  是這樣的
[00:17:16.000 --> 00:17:17.000]  我就問
[00:17:17.000 --> 00:17:19.000]  究竟是指誰呢
[00:17:19.000 --> 00:17:20.000]  好
[00:17:20.000 --> 00:17:22.000]  看多一點
[00:17:22.000 --> 00:17:23.000]  看多一點就是
[00:17:23.000 --> 00:17:26.000]  如果有讀過希伯來文
[00:17:26.000 --> 00:17:27.000]  你會知道多一點
[00:17:27.000 --> 00:17:28.000]  不過就算你沒有讀
[00:17:28.000 --> 00:17:29.000]  我現在告訴你都可以
[00:17:29.000 --> 00:17:30.000]  就是
[00:17:30.000 --> 00:17:33.000]  為甚麼我們會覺得壓傷的蘆薈和僕人
[00:17:33.000 --> 00:17:35.000]  他是兩個個體呢
[00:17:35.000 --> 00:17:36.000]  因為在我們中文理解
[00:17:36.000 --> 00:17:39.000]  壓傷的蘆薈是一個死物
[00:17:39.000 --> 00:17:40.000]  死物他
[00:17:40.000 --> 00:17:41.000]  OK
[00:17:41.000 --> 00:17:44.000]  而後面說他不截斷的他是一個甚麼他
[00:17:44.000 --> 00:17:46.000]  這個還不是
[00:17:46.000 --> 00:17:47.000]  他不截斷的那個
[00:17:47.000 --> 00:17:48.000]  男生他
[00:17:48.000 --> 00:17:50.000]  所以一個死物
[00:17:50.000 --> 00:17:51.000]  一個男士
[00:17:51.000 --> 00:17:53.000]  所以很清楚兩個個體
[00:17:53.000 --> 00:17:56.000]  但希伯來文其實
[00:17:56.000 --> 00:17:59.000]  很多物件都是有性別的
[00:17:59.000 --> 00:18:02.000]  而蘆薈的性別是甚麼
[00:18:02.000 --> 00:18:04.000]  男性
[00:18:04.000 --> 00:18:06.000]  蘆薈的性別是男性
[00:18:06.000 --> 00:18:08.000]  所以壓傷的蘆薈他不截斷
[00:18:08.000 --> 00:18:11.000]  兩個都是男性他
[00:18:11.000 --> 00:18:14.000]  後面的燈芯似乎分得清楚一點
[00:18:14.000 --> 00:18:16.000]  燈芯是女性他
[00:18:16.000 --> 00:18:18.000]  然後有個男性他不熄滅他
[00:18:18.000 --> 00:18:20.000]  似乎這個分得清楚一點
[00:18:20.000 --> 00:18:22.000]  但下一句就麻煩了
[00:18:22.000 --> 00:18:25.000]  下一句生物譯本很大膽地將它譯出來
[00:18:25.000 --> 00:18:28.000]  因為如果你看和學本或和修本
[00:18:28.000 --> 00:18:30.000]  不是這樣譯的
[00:18:30.000 --> 00:18:31.000]  我一會兒再給你看
[00:18:31.000 --> 00:18:32.000]  究竟有甚麼分別
[00:18:32.000 --> 00:18:33.000]  他這裏譯甚麼呢
[00:18:33.000 --> 00:18:36.000]  他必不分尋也不被甚麼
[00:18:36.000 --> 00:18:39.000]  壓傷
[00:18:39.000 --> 00:18:42.000]  那個僕人會被壓傷嗎
[00:18:42.000 --> 00:18:45.000]  上一節說壓傷的是誰
[00:18:45.000 --> 00:18:47.000]  蘆薈
[00:18:47.000 --> 00:18:50.000]  為何他不被壓傷
[00:18:50.000 --> 00:18:52.000]  這兩個字是同一個字
[00:18:52.000 --> 00:18:54.000]  在粵文是同一個字
[00:18:54.000 --> 00:18:57.000]  和學本和和修本都沒有將它譯成一樣
[00:18:57.000 --> 00:18:59.000]  但新漢語就譯成一樣
[00:18:59.000 --> 00:19:01.000]  壓傷的蘆薈
[00:19:01.000 --> 00:19:03.000]  下面那句話也不被壓傷
[00:19:03.000 --> 00:19:07.000]  下面那句他是說誰
[00:19:07.000 --> 00:19:09.000]  第二
[00:19:09.000 --> 00:19:10.000]  分尋
[00:19:10.000 --> 00:19:11.000]  你知不知道分尋這個字
[00:19:11.000 --> 00:19:13.000]  即是上面那一個字
[00:19:13.000 --> 00:19:14.000]  暗淡
[00:19:14.000 --> 00:19:16.000]  不過有些差異
[00:19:16.000 --> 00:19:18.000]  為何他不譯成一樣呢
[00:19:18.000 --> 00:19:21.000]  暗淡是形容詞
[00:19:21.000 --> 00:19:23.000]  分尋是動詞
[00:19:23.000 --> 00:19:26.000]  但兩個是同字根
[00:19:26.000 --> 00:19:28.000]  即是下面那個分尋
[00:19:28.000 --> 00:19:29.000]  你大概可以理解意思
[00:19:29.000 --> 00:19:32.000]  就是不會變得越來越暗
[00:19:32.000 --> 00:19:34.000]  上面的意思是暗淡
[00:19:34.000 --> 00:19:37.000]  下面的動詞其實是不會越來越暗淡
[00:19:37.000 --> 00:19:39.000]  不會變得越來越暗淡
[00:19:39.000 --> 00:19:40.000]  這個就是動詞
[00:19:40.000 --> 00:19:42.000]  所以他用了分尋
[00:19:42.000 --> 00:19:44.000]  當然分尋可以是形容人
[00:19:44.000 --> 00:19:47.000]  但他真的可以形容燈芯
[00:19:47.000 --> 00:19:49.000]  咦
[00:19:49.000 --> 00:19:51.000]  即是下面那個
[00:19:51.000 --> 00:19:53.000]  他必不分尋也不被壓傷
[00:19:53.000 --> 00:19:55.000]  究竟指誰
[00:19:55.000 --> 00:19:58.000]  是指獨人還是指甚麼
[00:19:58.000 --> 00:20:00.000]  蘆薈
[00:20:00.000 --> 00:20:04.000]  但是燈芯是女生
[00:20:04.000 --> 00:20:07.000]  但為何下面分尋的是誰
[00:20:07.000 --> 00:20:09.000]  是男生
[00:20:09.000 --> 00:20:12.000]  這些是有另一些要處理的問題
[00:20:12.000 --> 00:20:14.000]  來到這裡我想給大家看看
[00:20:14.000 --> 00:20:16.000]  原來這兩節的經文
[00:20:16.000 --> 00:20:19.000]  當你仔細去看背後的原文的時候
[00:20:19.000 --> 00:20:22.000]  裡面的角色是否分得那麼清楚
[00:20:22.000 --> 00:20:24.000]  是有些含糊的
[00:20:24.000 --> 00:20:29.000]  我給你看看和收版是怎樣
[00:20:29.000 --> 00:20:30.000]  和收版是將他譯作
[00:20:30.000 --> 00:20:31.000]  大家很熟悉的
[00:20:31.000 --> 00:20:33.000]  他不灰心也不甚麼
[00:20:33.000 --> 00:20:34.000]  喪膽
[00:20:34.000 --> 00:20:35.000]  是否大家很熟悉
[00:20:35.000 --> 00:20:38.000]  但這個譯法很明顯地覺得
[00:20:38.000 --> 00:20:40.000]  是指誰
[00:20:40.000 --> 00:20:42.000]  是指獨人他
[00:20:42.000 --> 00:20:45.000]  你完全不會覺得這個其實是指蘆薈和燈芯
[00:20:45.000 --> 00:20:47.000]  因為譯了另一個字
[00:20:47.000 --> 00:20:50.000]  但實際其實是同一個字
[00:20:50.000 --> 00:20:52.000]  如果是這樣的話
[00:20:52.000 --> 00:20:54.000]  所以見到這個很厲害
[00:20:54.000 --> 00:20:57.000]  陳漢宇終於肯譯他做一樣
[00:20:57.000 --> 00:21:03.000]  他做一樣那帶來甚麼解釋呢
[00:21:03.000 --> 00:21:05.000]  如果我說
[00:21:05.000 --> 00:21:06.000]  我有建議
[00:21:06.000 --> 00:21:11.000]  如果其實壓箱的蘆薈那個他
[00:21:11.000 --> 00:21:14.000]  就是後面不截斷的他
[00:21:14.000 --> 00:21:15.000]  即是怎樣說
[00:21:15.000 --> 00:21:17.000]  壓箱的蘆薈
[00:21:17.000 --> 00:21:19.000]  他不截斷過他說誰
[00:21:19.000 --> 00:21:21.000]  說他蘆薈
[00:21:21.000 --> 00:21:22.000]  壓箱的蘆薈
[00:21:22.000 --> 00:21:23.000]  他是不會截斷的
[00:21:23.000 --> 00:21:25.000]  暗彈的燈芯
[00:21:25.000 --> 00:21:26.000]  他是不會熄滅的
[00:21:26.000 --> 00:21:28.000]  然後下面再說一次
[00:21:28.000 --> 00:21:29.000]  他不會變得越來越暗
[00:21:29.000 --> 00:21:31.000]  他不會被壓箱
[00:21:31.000 --> 00:21:34.000]  即是說整節說來說去都是說誰
[00:21:34.000 --> 00:21:38.000]  就是說那班受傷的群體
[00:21:38.000 --> 00:21:39.000]  可以嗎
[00:21:39.000 --> 00:21:40.000]  可以這樣理解
[00:21:40.000 --> 00:21:44.000]  當然這個唯一最難解決的是誰
[00:21:44.000 --> 00:21:47.000]  只差誰解決不了
[00:21:47.000 --> 00:21:48.000]  就是女孩子她
[00:21:48.000 --> 00:21:49.000]  燈芯
[00:21:49.000 --> 00:21:51.000]  燈芯解決不了
[00:21:51.000 --> 00:21:53.000]  但這個解決不了
[00:21:53.000 --> 00:21:54.000]  你想清楚一點
[00:21:54.000 --> 00:21:57.000]  上面說暗彈的燈芯是女孩子
[00:21:57.000 --> 00:21:59.000]  下面他必不分塵
[00:21:59.000 --> 00:22:02.000]  為甚麼變成了男孩子
[00:22:02.000 --> 00:22:03.000]  是同一個字
[00:22:03.000 --> 00:22:06.000]  分塵和暗彈是同一個字
[00:22:06.000 --> 00:22:09.000]  為甚麼會變成不同
[00:22:09.000 --> 00:22:11.000]  於是我們看看
[00:22:11.000 --> 00:22:15.000]  我又多說一點給大家聽
[00:22:15.000 --> 00:22:17.000]  我們今天用的希伯來文聖經
[00:22:17.000 --> 00:22:19.000]  大體上我們說參考字
[00:22:19.000 --> 00:22:22.000]  有一個古抄本叫馬索拉抄本
[00:22:22.000 --> 00:22:26.000]  由這個抄本的希伯來文聖經製作
[00:22:26.000 --> 00:22:31.000]  但後期我們今天再發現了死海孤卷
[00:22:31.000 --> 00:22:35.000]  死海孤卷裏面也有一個很完整的二綽號書
[00:22:35.000 --> 00:22:40.000]  它裏面和我們今天馬索拉抄本用的二綽號書
[00:22:40.000 --> 00:22:42.000]  大部份都相同
[00:22:42.000 --> 00:22:44.000]  但有些微差異
[00:22:44.000 --> 00:22:46.000]  這裏想告訴大家
[00:22:46.000 --> 00:22:47.000]  差異是甚麼
[00:22:47.000 --> 00:22:50.000]  原來馬索拉抄本
[00:22:50.000 --> 00:22:53.000]  「他不識滅暗彈的燈芯」
[00:22:53.000 --> 00:22:55.000]  「他不識滅」後面還有一個甚麼
[00:22:55.000 --> 00:22:57.000]  「女仔他」
[00:22:57.000 --> 00:22:58.000]  「他不識滅他」
[00:22:58.000 --> 00:23:04.000]  所以馬索拉抄本很清楚分開男仔他和女仔他
[00:23:04.000 --> 00:23:06.000]  但死海孤卷
[00:23:06.000 --> 00:23:10.000]  估計死海孤卷這個版本是更早期的
[00:23:10.000 --> 00:23:15.000]  因為他發掘的年份是更早期
[00:23:15.000 --> 00:23:19.000]  這個更早期的版本竟然沒有女仔他
[00:23:19.000 --> 00:23:21.000]  只說暗彈的燈芯
[00:23:21.000 --> 00:23:23.000]  「他不識滅」
[00:23:23.000 --> 00:23:26.000]  於是有可能
[00:23:26.000 --> 00:23:28.000]  馬索拉抄本的「女仔他」
[00:23:28.000 --> 00:23:30.000]  「他不識滅他」的「他」
[00:23:30.000 --> 00:23:33.000]  是後來的文字可能加上去
[00:23:33.000 --> 00:23:35.000]  為甚麼要加
[00:23:35.000 --> 00:23:39.000]  因為看著這句經文似乎有甚麼
[00:23:39.000 --> 00:23:41.000]  不清楚
[00:23:41.000 --> 00:23:44.000]  究竟是誰不識滅
[00:23:44.000 --> 00:23:47.000]  究竟是暗彈的燈芯不識滅
[00:23:47.000 --> 00:23:50.000]  還是僕人不識滅
[00:23:50.000 --> 00:23:53.000]  於是似乎馬索拉選擇
[00:23:53.000 --> 00:23:55.000]  將它變成補充一個字
[00:23:55.000 --> 00:23:56.000]  這樣就很清楚了
[00:23:56.000 --> 00:24:00.000]  弄清楚一個男仔他不識滅女仔他
[00:24:00.000 --> 00:24:03.000]  但當這樣的時候仍然解決不了
[00:24:03.000 --> 00:24:07.000]  為甚麼第四節會突然變回男仔他
[00:24:07.000 --> 00:24:10.000]  還有一個剛才沒有給大家看
[00:24:10.000 --> 00:24:14.000]  和修版張殘的燈火「他不」甚麼
[00:24:14.000 --> 00:24:15.000]  「催滅」
[00:24:15.000 --> 00:24:19.000]  「亦催滅」表達甚麼意思
[00:24:19.000 --> 00:24:22.000]  是我去催息他
[00:24:22.000 --> 00:24:25.000]  但其實那個字只不過是識滅
[00:24:25.000 --> 00:24:27.000]  識滅可以是甚麼
[00:24:27.000 --> 00:24:29.000]  可以是他自己識滅
[00:24:29.000 --> 00:24:31.000]  亦可以是我整息他
[00:24:31.000 --> 00:24:33.000]  所以這個字是比較含糊的
[00:24:33.000 --> 00:24:37.000]  但當然很明顯和修版就做了一個選擇
[00:24:37.000 --> 00:24:42.000]  我講了這麼久想講甚麼呢
[00:24:42.000 --> 00:24:47.000]  似乎這兩節經文裏面是一個含糊性
[00:24:47.000 --> 00:24:51.000]  究竟「壓傷的蘆葦他不自斷」究竟是指甚麼意思呢
[00:24:51.000 --> 00:24:56.000]  這是我嘗試給大家的一個想法
[00:24:56.000 --> 00:25:02.000]  「壓傷的蘆葦他不自斷」其實是合併在一起
[00:25:02.000 --> 00:25:04.000]  兩個他在一起
[00:25:04.000 --> 00:25:07.000]  「壓傷的蘆葦他不自斷」
[00:25:07.000 --> 00:25:09.000]  「暗淡的燈芯不識滅」
[00:25:09.000 --> 00:25:12.000]  為何後來轉為「男仔他」
[00:25:12.000 --> 00:25:16.000]  「他不分尋也不被壓傷」
[00:25:16.000 --> 00:25:21.000]  這是希伯來文看他的詩詞時間中出現的情況
[00:25:21.000 --> 00:25:26.000]  他不是寫敘事文而是寫詩詞時
[00:25:26.000 --> 00:25:29.000]  有時因為壓韻的原因
[00:25:29.000 --> 00:25:33.000]  會不尊重男女性別
[00:25:33.000 --> 00:25:35.000]  為了要夾韻
[00:25:35.000 --> 00:25:37.000]  他寧願把男性變成女性
[00:25:37.000 --> 00:25:39.000]  把女性變成男性這樣寫都試過
[00:25:39.000 --> 00:25:41.000]  這是間中我們在詩篇
[00:25:41.000 --> 00:25:43.000]  一些先知書裏面的經文都見到
[00:25:43.000 --> 00:25:45.000]  會否這是其中一個原因
[00:25:45.000 --> 00:25:49.000]  他剛好在那裏寫到
[00:25:49.000 --> 00:25:51.000]  因為燈芯本身是女性
[00:25:51.000 --> 00:25:53.000]  那沒有辦法
[00:25:53.000 --> 00:25:56.000]  但後面其實一直都想說他
[00:25:56.000 --> 00:25:57.000]  在說那個僕人
[00:25:57.000 --> 00:26:00.000]  在這裏我做出一個假設
[00:26:00.000 --> 00:26:04.000]  其實會否這個僕人就是蘆葦
[00:26:04.000 --> 00:26:06.000]  亦是燈芯亦是他呢
[00:26:06.000 --> 00:26:09.000]  即是說看我的僕人
[00:26:09.000 --> 00:26:11.000]  我把我的靈賜給他
[00:26:11.000 --> 00:26:13.000]  他要把正義傳出去裂過
[00:26:13.000 --> 00:26:15.000]  他不呼喊揚聲
[00:26:15.000 --> 00:26:22.000]  不過同時間這個僕人都是一個很脆弱受傷的僕人
[00:26:22.000 --> 00:26:24.000]  他是一個壓傷的蘆葦
[00:26:24.000 --> 00:26:27.000]  但上帝說他是不會折斷的
[00:26:27.000 --> 00:26:29.000]  鵪鶉的燈芯
[00:26:29.000 --> 00:26:31.000]  但他不會倖免
[00:26:31.000 --> 00:26:33.000]  他不會分沉
[00:26:33.000 --> 00:26:36.000]  不會壓傷直到他在地上設置公寓
[00:26:36.000 --> 00:26:38.000]  會否有這樣的可能
[00:26:38.000 --> 00:26:40.000]  為何我會說這個可能呢
[00:26:40.000 --> 00:26:42.000]  讓大家再進一步看
[00:26:42.000 --> 00:26:45.000]  究竟這個僕人是指誰
[00:26:45.000 --> 00:26:48.000]  其實這一章剛才我們看的四字
[00:26:48.000 --> 00:26:49.000]  沒有說到那個僕人是誰
[00:26:49.000 --> 00:26:51.000]  只是說我的僕人
[00:26:51.000 --> 00:26:54.000]  但在42章的前一章
[00:26:54.000 --> 00:26:56.000]  42章的後面那兩章
[00:26:56.000 --> 00:26:59.000]  都一直有說
[00:26:59.000 --> 00:27:01.000]  除非我們將42章抽出來
[00:27:01.000 --> 00:27:03.000]  跟前後是甚麼
[00:27:03.000 --> 00:27:04.000]  沒有關係
[00:27:04.000 --> 00:27:05.000]  如果你覺得有關係
[00:27:05.000 --> 00:27:07.000]  你知不知道前一章說甚麼
[00:27:07.000 --> 00:27:10.000]  41章八節說甚麼
[00:27:10.000 --> 00:27:13.000]  「唯你以色列我的僕人」
[00:27:13.000 --> 00:27:15.000]  「雅各我揀選」
[00:27:15.000 --> 00:27:18.000]  剛才有沒有出現「我揀選」這個字
[00:27:18.000 --> 00:27:20.000]  「我揀選的」
[00:27:20.000 --> 00:27:24.000]  「我揀選了你成為我朋友阿伯拉罕的後裔」
[00:27:24.000 --> 00:27:25.000]  44章又說甚麼
[00:27:25.000 --> 00:27:27.000]  「現在要聽雅各我的僕人」
[00:27:27.000 --> 00:27:30.000]  「以色列我揀選了你」
[00:27:30.000 --> 00:27:31.000]  44章廿一節
[00:27:31.000 --> 00:27:33.000]  「要思念者是雅各和以色列」
[00:27:33.000 --> 00:27:35.000]  「你是我的僕人」
[00:27:35.000 --> 00:27:37.000]  「我做了你成為我的僕人」
[00:27:37.000 --> 00:27:41.000]  「唯你以色列你不會被我忘記」
[00:27:41.000 --> 00:27:45.000]  其實42章的前前後後都包圍著說
[00:27:45.000 --> 00:27:47.000]  這個僕人是誰
[00:27:47.000 --> 00:27:48.000]  以色列
[00:27:48.000 --> 00:27:51.000]  是唯獨42章裏面沒有寫
[00:27:51.000 --> 00:27:53.000]  那會不會足夠理由
[00:27:53.000 --> 00:27:56.000]  告訴我們其實是在說以色列呢
[00:27:56.000 --> 00:27:58.000]  如果是在說以色列
[00:27:58.000 --> 00:28:00.000]  我就會問
[00:28:00.000 --> 00:28:04.000]  這首詩剛才的理解似乎有點道理
[00:28:04.000 --> 00:28:08.000]  因為當時的以色列遇到一個秘魯的處境
[00:28:08.000 --> 00:28:10.000]  秘魯幾十年的處境
[00:28:10.000 --> 00:28:14.000]  你覺得它是很剛強還是很脆弱
[00:28:14.000 --> 00:28:16.000]  很脆弱
[00:28:16.000 --> 00:28:18.000]  暗淡的燈芯
[00:28:18.000 --> 00:28:20.000]  快要熄滅了
[00:28:20.000 --> 00:28:22.000]  秘魯幾十年
[00:28:22.000 --> 00:28:25.000]  我們今天知道秘魯幾十年後可以回去
[00:28:25.000 --> 00:28:26.000]  他們不知道
[00:28:26.000 --> 00:28:28.000]  他們當時還以為還要等多久
[00:28:28.000 --> 00:28:30.000]  會不會完全消失
[00:28:30.000 --> 00:28:33.000]  所以他們會覺得自己是壓傷的路位
[00:28:33.000 --> 00:28:35.000]  暗淡的燈芯
[00:28:35.000 --> 00:28:37.000]  為什麼他不呼喊揚聲
[00:28:37.000 --> 00:28:40.000]  街上聽不到他的聲音
[00:28:40.000 --> 00:28:44.000]  他實在太脆弱
[00:28:44.000 --> 00:28:46.000]  別人已經聽不到
[00:28:46.000 --> 00:28:48.000]  所以會不會有這樣的情況呢
[00:28:48.000 --> 00:28:50.000]  如果會的話
[00:28:50.000 --> 00:28:52.000]  這首詩帶出一個很有趣的訊息
[00:28:52.000 --> 00:28:54.000]  上帝要選一個僕人
[00:28:54.000 --> 00:28:56.000]  這個僕人由始至終都是誰
[00:28:56.000 --> 00:28:57.000]  以色列
[00:28:57.000 --> 00:28:59.000]  但是以色列今天的光景是什麼
[00:28:59.000 --> 00:29:01.000]  很脆弱
[00:29:01.000 --> 00:29:03.000]  很軟弱
[00:29:03.000 --> 00:29:07.000]  但是對著這麼軟弱的群體
[00:29:07.000 --> 00:29:11.000]  上帝仍然說你是我的僕人
[00:29:11.000 --> 00:29:13.000]  你仍然是我的僕人
[00:29:13.000 --> 00:29:16.000]  我仍然要將我的使命交給你
[00:29:16.000 --> 00:29:20.000]  要將正義傳出道理國
[00:29:20.000 --> 00:29:23.000]  直到他在地上設置正義
[00:29:23.000 --> 00:29:26.000]  到第六節的時候
[00:29:26.000 --> 00:29:27.000]  我們再看多一點
[00:29:27.000 --> 00:29:29.000]  究竟他要做些什麼
[00:29:29.000 --> 00:29:31.000]  這個進一步再說清楚一點
[00:29:31.000 --> 00:29:32.000]  我是上主
[00:29:32.000 --> 00:29:34.000]  我按公義呼召你
[00:29:34.000 --> 00:29:35.000]  我必抓緊你的手
[00:29:35.000 --> 00:29:37.000]  我必守護你
[00:29:37.000 --> 00:29:39.000]  給你作眾民的約
[00:29:39.000 --> 00:29:41.000]  列國的光
[00:29:41.000 --> 00:29:43.000]  在這裡你看到他緊抓他的手
[00:29:43.000 --> 00:29:45.000]  要守護他
[00:29:45.000 --> 00:29:47.000]  其實你聽到這兩個字
[00:29:47.000 --> 00:29:51.000]  如果聯想起原來以色列身處的處境是什麼
[00:29:51.000 --> 00:29:54.000]  很脆弱 被擄幾十年
[00:29:54.000 --> 00:29:57.000]  你就會覺得這兩個字很重要
[00:29:57.000 --> 00:29:58.000]  上帝就告訴你
[00:29:58.000 --> 00:29:59.000]  你很脆弱
[00:29:59.000 --> 00:30:02.000]  不過我仍然會捉緊你
[00:30:02.000 --> 00:30:03.000]  我守護你
[00:30:03.000 --> 00:30:05.000]  我不放棄
[00:30:05.000 --> 00:30:07.000]  你也不要放棄
[00:30:07.000 --> 00:30:09.000]  而上帝給一個很大的使命
[00:30:09.000 --> 00:30:12.000]  他們說你們要做眾民的約
[00:30:12.000 --> 00:30:14.000]  列國的光
[00:30:14.000 --> 00:30:21.000]  但上一部分才說他們是暗淡的燈芯
[00:30:21.000 --> 00:30:23.000]  一個暗淡的燈芯
[00:30:23.000 --> 00:30:25.000]  可不可以做列國的光
[00:30:25.000 --> 00:30:27.000]  很難的
[00:30:27.000 --> 00:30:29.000]  你怎麼做到
[00:30:29.000 --> 00:30:32.000]  說要打開核子的眼
[00:30:32.000 --> 00:30:36.000]  領出囚犯離開囚牢
[00:30:36.000 --> 00:30:39.000]  領出坐在黑暗裡的離開監獄
[00:30:39.000 --> 00:30:43.000]  這幾句的描述其實是說同一件事情
[00:30:43.000 --> 00:30:51.000]  黑暗坐牢
[00:30:51.000 --> 00:30:52.000]  為什麼呢
[00:30:52.000 --> 00:30:57.000]  在古代監獄是怎樣的
[00:30:57.000 --> 00:31:00.000]  不會有欄杆的
[00:31:00.000 --> 00:31:01.000]  現代才有
[00:31:01.000 --> 00:31:05.000]  以前的監獄是怎樣的
[00:31:05.000 --> 00:31:07.000]  掘一個洞又怎樣
[00:31:07.000 --> 00:31:08.000]  就扔人下去
[00:31:08.000 --> 00:31:11.000]  上面蓋一塊板就當監獄
[00:31:11.000 --> 00:31:13.000]  或者是山洞
[00:31:13.000 --> 00:31:14.000]  掘一個山洞
[00:31:14.000 --> 00:31:16.000]  關進去封住前面
[00:31:16.000 --> 00:31:17.000]  這樣就是監獄
[00:31:17.000 --> 00:31:19.000]  所以監獄是沒有槍的
[00:31:19.000 --> 00:31:21.000]  沒有槍是什麼意思
[00:31:21.000 --> 00:31:24.000]  核文文
[00:31:24.000 --> 00:31:29.000]  你身處監獄等於是一個什麼人
[00:31:29.000 --> 00:31:32.000]  還沒去到死人
[00:31:32.000 --> 00:31:34.000]  看不看到東西
[00:31:34.000 --> 00:31:36.000]  核子
[00:31:36.000 --> 00:31:39.000]  所以這裡說開核子的眼
[00:31:39.000 --> 00:31:41.000]  令囚犯離開囚牢
[00:31:41.000 --> 00:31:44.000]  領坐在黑暗裡的離開監獄
[00:31:44.000 --> 00:31:46.000]  說同一件事
[00:31:46.000 --> 00:31:48.000]  所以開核子的眼固然
[00:31:48.000 --> 00:31:49.000]  在我們身上了解
[00:31:49.000 --> 00:31:51.000]  真是行神蹟
[00:31:51.000 --> 00:31:52.000]  開核子的眼
[00:31:52.000 --> 00:31:55.000]  但是其實也有一個寓意
[00:31:55.000 --> 00:31:59.000]  就是將一些人從黑暗裡帶出來
[00:31:59.000 --> 00:32:00.000]  這個就是
[00:32:00.000 --> 00:32:04.000]  為什麼會說囚犯離開囚牢呢
[00:32:04.000 --> 00:32:06.000]  有很多不同的理解
[00:32:06.000 --> 00:32:09.000]  其中一個理解比較簡單
[00:32:09.000 --> 00:32:11.000]  其實秘魯的處境
[00:32:11.000 --> 00:32:14.000]  他們經常形容是什麼
[00:32:14.000 --> 00:32:17.000]  一個坐監獄的處境
[00:32:17.000 --> 00:32:18.000]  因為秘魯的處境就是
[00:32:18.000 --> 00:32:20.000]  讓不讓你回去
[00:32:20.000 --> 00:32:22.000]  就是不讓你回去
[00:32:22.000 --> 00:32:24.000]  離開了你自己的家鄉
[00:32:24.000 --> 00:32:26.000]  去到一個秘魯的處境
[00:32:26.000 --> 00:32:29.000]  所以這個經常用來形容
[00:32:29.000 --> 00:32:30.000]  秘魯的情況
[00:32:30.000 --> 00:32:32.000]  坐監獄
[00:32:32.000 --> 00:32:34.000]  在黑暗裡
[00:32:34.000 --> 00:32:37.000]  但是上主要這個僕人
[00:32:37.000 --> 00:32:39.000]  做這件事情
[00:32:39.000 --> 00:32:40.000]  但是這個核子
[00:32:40.000 --> 00:32:41.000]  這個囚犯
[00:32:41.000 --> 00:32:42.000]  這個坐黑暗裡的
[00:32:42.000 --> 00:32:44.000]  正正就是誰
[00:32:44.000 --> 00:32:46.000]  就是以色列人
[00:32:46.000 --> 00:32:47.000]  他們在秘魯的處境
[00:32:47.000 --> 00:32:49.000]  就是這個情況
[00:32:49.000 --> 00:32:50.000]  所以很有趣的
[00:32:50.000 --> 00:32:51.000]  整首詩
[00:32:51.000 --> 00:32:53.000]  以色列人身處這樣的處境
[00:32:53.000 --> 00:32:54.000]  但是上主說
[00:32:54.000 --> 00:32:55.000]  你是我僕人
[00:32:55.000 --> 00:32:57.000]  你就是要打開核子的眼
[00:32:57.000 --> 00:32:59.000]  令囚犯出囚牢
[00:32:59.000 --> 00:33:00.000]  怎樣成就呢
[00:33:00.000 --> 00:33:01.000]  並且你要成為
[00:33:01.000 --> 00:33:04.000]  中文的若獵國的光
[00:33:04.000 --> 00:33:05.000]  去到中文的若獵國的光
[00:33:05.000 --> 00:33:08.000]  就再大一點
[00:33:08.000 --> 00:33:09.000]  他怎樣可以成為
[00:33:09.000 --> 00:33:11.000]  中文的若獵國的光呢
[00:33:11.000 --> 00:33:13.000]  獵國的光換句話說
[00:33:13.000 --> 00:33:16.000]  即是獵國都身處什麼裡面
[00:33:16.000 --> 00:33:17.000]  黑暗裡面
[00:33:17.000 --> 00:33:21.000]  你才可以叫獵國的光照下去
[00:33:21.000 --> 00:33:25.000]  為什麼獵國都身處黑暗裡面
[00:33:25.000 --> 00:33:26.000]  當時秘魯的
[00:33:26.000 --> 00:33:29.000]  是不是只有以色列人
[00:33:29.000 --> 00:33:31.000]  當巴比倫征服了
[00:33:31.000 --> 00:33:33.000]  當時整個近東的時候
[00:33:33.000 --> 00:33:36.000]  所有被他征服的地方都怎樣
[00:33:36.000 --> 00:33:39.000]  都互相擄來擄去
[00:33:39.000 --> 00:33:41.000]  所以不止以色列人
[00:33:41.000 --> 00:33:44.000]  是秘魯的群體
[00:33:44.000 --> 00:33:45.000]  整個近東
[00:33:45.000 --> 00:33:46.000]  被巴比倫征服的
[00:33:46.000 --> 00:33:48.000]  都是成為秘魯的群體
[00:33:48.000 --> 00:33:50.000]  只不過不是秘魯的以色列人
[00:33:50.000 --> 00:33:52.000]  秘魯的不同人
[00:33:52.000 --> 00:33:55.000]  他們都是坐在黑暗裡面
[00:33:55.000 --> 00:33:58.000]  都是坐在囚牢裡面
[00:33:58.000 --> 00:33:59.000]  如果是這樣的話
[00:33:59.000 --> 00:34:03.000]  這裡就說你要成為獵國的光
[00:34:03.000 --> 00:34:05.000]  你可以怎樣做獵國的光
[00:34:05.000 --> 00:34:09.000]  約是一種保證或者憑據
[00:34:09.000 --> 00:34:10.000]  即是什麼叫約
[00:34:10.000 --> 00:34:12.000]  簽了一個合約
[00:34:12.000 --> 00:34:14.000]  好像下了訂
[00:34:14.000 --> 00:34:16.000]  下了訂就代表什麼
[00:34:16.000 --> 00:34:22.000]  之後就會滿足後面的批文
[00:34:22.000 --> 00:34:23.000]  以色列人
[00:34:23.000 --> 00:34:26.000]  現在上帝其實整個中間這個部分
[00:34:26.000 --> 00:34:28.000]  以色列的地方的經文
[00:34:28.000 --> 00:34:30.000]  都不斷去挑戰他們
[00:34:30.000 --> 00:34:33.000]  請你們回歸以色列
[00:34:33.000 --> 00:34:35.000]  回歸故土
[00:34:35.000 --> 00:34:38.000]  若然你肯回歸
[00:34:38.000 --> 00:34:40.000]  你就成為了第一班
[00:34:40.000 --> 00:34:44.000]  在整個近東地方
[00:34:44.000 --> 00:34:46.000]  獵國面前證明
[00:34:46.000 --> 00:34:48.000]  真的可以回去
[00:34:48.000 --> 00:34:50.000]  真的可以回歸
[00:34:50.000 --> 00:34:53.000]  真的可以從黑暗離開
[00:34:53.000 --> 00:34:55.000]  見光明的一班人
[00:34:55.000 --> 00:34:58.000]  成為了獵國的憑據
[00:34:58.000 --> 00:35:01.000]  原來真的有一班人可以做到
[00:35:01.000 --> 00:35:02.000]  他成為第一班人
[00:35:02.000 --> 00:35:06.000]  也成為其他人的憑據和引路燈
[00:35:06.000 --> 00:35:10.000]  這個是一個可以這樣理解
[00:35:10.000 --> 00:35:12.000]  我是上主者時
[00:35:12.000 --> 00:35:15.000]  我的榮耀我必不交給其他的神
[00:35:15.000 --> 00:35:19.000]  我的讚美我必不交給其他的偶像
[00:35:19.000 --> 00:35:20.000]  這裡很有趣
[00:35:20.000 --> 00:35:22.000]  突然間為什麼會說
[00:35:22.000 --> 00:35:24.000]  不把我的榮耀交給那些
[00:35:24.000 --> 00:35:27.000]  現在有人把上帝的榮耀
[00:35:27.000 --> 00:35:30.000]  搶來給其他偶像
[00:35:30.000 --> 00:35:32.000]  下面又說那先前的
[00:35:32.000 --> 00:35:33.000]  漢夏已經來到
[00:35:33.000 --> 00:35:35.000]  新的我要宣明
[00:35:35.000 --> 00:35:37.000]  這個先前和新
[00:35:37.000 --> 00:35:40.000]  如果你看第四十章至五十五章
[00:35:40.000 --> 00:35:43.000]  是經常出現的一對說話
[00:35:43.000 --> 00:35:46.000]  是說當時他們發生的處境
[00:35:46.000 --> 00:35:47.000]  才挑戰他們
[00:35:47.000 --> 00:35:50.000]  你看看之前的事發生了
[00:35:50.000 --> 00:35:52.000]  接下來還有新的事上帝要帶來
[00:35:52.000 --> 00:35:55.000]  這件之前的事是什麼事呢
[00:35:55.000 --> 00:35:58.000]  估計我們看完整個十幾章之後
[00:35:58.000 --> 00:36:00.000]  大體估計到的處境就是
[00:36:00.000 --> 00:36:02.000]  在巴比倫的末期
[00:36:02.000 --> 00:36:05.000]  波斯帝國興起
[00:36:05.000 --> 00:36:09.000]  波斯帝國的勢力威脅著巴比倫
[00:36:09.000 --> 00:36:13.000]  很有機會會將巴比倫打敗
[00:36:13.000 --> 00:36:15.000]  上帝要說
[00:36:15.000 --> 00:36:17.000]  這件就是先前我要告訴你
[00:36:17.000 --> 00:36:19.000]  將要成就的事情
[00:36:19.000 --> 00:36:21.000]  新的事情是什麼
[00:36:21.000 --> 00:36:22.000]  新的事情就是
[00:36:22.000 --> 00:36:24.000]  究竟如果巴比倫被征服
[00:36:24.000 --> 00:36:27.000]  會發生什麼新事呢
[00:36:27.000 --> 00:36:30.000]  一個帝國根提究竟會發生什麼事呢
[00:36:30.000 --> 00:36:33.000]  其中一件就是有回歸的事情
[00:36:33.000 --> 00:36:35.000]  這個就是新的事情
[00:36:35.000 --> 00:36:39.000]  上帝在這一大段的經文
[00:36:39.000 --> 00:36:40.000]  嘗試去挑戰你
[00:36:40.000 --> 00:36:42.000]  你看看先前的
[00:36:42.000 --> 00:36:45.000]  巴比倫要被波斯征服這件事
[00:36:45.000 --> 00:36:46.000]  已經來到了
[00:36:46.000 --> 00:36:50.000]  已經快要發生或者已經發生了
[00:36:50.000 --> 00:36:53.000]  你會怎樣看待這件事情呢
[00:36:53.000 --> 00:36:54.000]  而上面說
[00:36:54.000 --> 00:36:57.000]  我不將我的榮耀交給那些神
[00:36:57.000 --> 00:36:59.000]  其他神的那些偶像
[00:36:59.000 --> 00:37:02.000]  主要的原因是
[00:37:02.000 --> 00:37:04.000]  究竟巴比倫被波斯征服
[00:37:04.000 --> 00:37:09.000]  會被看成是哪位神的作為呢
[00:37:09.000 --> 00:37:10.000]  我們今天讀了很久聖經
[00:37:10.000 --> 00:37:13.000]  我們當然知道哪位神的作為
[00:37:13.000 --> 00:37:17.000]  上主耶和華的作為
[00:37:17.000 --> 00:37:19.000]  但在當時的人
[00:37:19.000 --> 00:37:21.000]  他們會不會覺得是
[00:37:21.000 --> 00:37:23.000]  以色列的神的作為呢
[00:37:23.000 --> 00:37:24.000]  不一定的
[00:37:24.000 --> 00:37:27.000]  所以現在就要挑戰他們
[00:37:27.000 --> 00:37:30.000]  你們率先回歸
[00:37:30.000 --> 00:37:32.000]  向周圍的人宣告
[00:37:32.000 --> 00:37:34.000]  是你們的神
[00:37:34.000 --> 00:37:36.000]  去引發這件事情
[00:37:36.000 --> 00:37:38.000]  去帶來這個拯救
[00:37:38.000 --> 00:37:40.000]  為什麼會這樣說呢
[00:37:40.000 --> 00:37:43.000]  因為以色列的第一章
[00:37:43.000 --> 00:37:44.000]  突然間大家跳了一跳
[00:37:44.000 --> 00:37:45.000]  以色列的第一章
[00:37:45.000 --> 00:37:47.000]  大家應該可能都聽過
[00:37:47.000 --> 00:37:50.000]  波斯王居魯士下詔書通告全國
[00:37:50.000 --> 00:37:52.000]  上主天上的神
[00:37:52.000 --> 00:37:55.000]  已將地上萬國賜給我
[00:37:55.000 --> 00:37:57.000]  又委派我在猶太的耶路撒冷
[00:37:57.000 --> 00:37:58.000]  為他建造電馭
[00:37:58.000 --> 00:38:00.000]  你們中間凡是去指紋的
[00:38:00.000 --> 00:38:02.000]  就可以上去猶太的耶路撒冷
[00:38:02.000 --> 00:38:04.000]  所以回去重建聖殿
[00:38:04.000 --> 00:38:06.000]  這是以色列的
[00:38:06.000 --> 00:38:09.000]  大家在這裡熟悉嗎
[00:38:09.000 --> 00:38:10.000]  但你們知不知道
[00:38:10.000 --> 00:38:13.000]  波斯王居魯士下的這個詔書
[00:38:13.000 --> 00:38:16.000]  是否只有這一款
[00:38:16.000 --> 00:38:18.000]  有些零頭你們知道
[00:38:18.000 --> 00:38:20.000]  在考古已經找到
[00:38:20.000 --> 00:38:22.000]  居魯士圓筒
[00:38:22.000 --> 00:38:24.000]  Cylinder of Cyrus
[00:38:24.000 --> 00:38:26.000]  就是上面記載了
[00:38:26.000 --> 00:38:29.000]  居魯士釋放秘魯的人的預旨
[00:38:29.000 --> 00:38:31.000]  可以嗎
[00:38:31.000 --> 00:38:34.000]  那些預旨很厲害
[00:38:34.000 --> 00:38:36.000]  和以色列所說的一樣
[00:38:36.000 --> 00:38:38.000]  但誰知
[00:38:38.000 --> 00:38:41.000]  當將這些文字翻譯出來之後
[00:38:41.000 --> 00:38:45.000]  這是我找其中一個參考書
[00:38:45.000 --> 00:38:49.000]  我引幾節他的翻譯出來給大家看
[00:38:49.000 --> 00:38:52.000]  Cylinder上面所寫
[00:38:52.000 --> 00:38:54.000]  I am Cyrus
[00:38:54.000 --> 00:38:57.000]  King of the world
[00:38:57.000 --> 00:38:59.000]  我是居魯士
[00:38:59.000 --> 00:39:01.000]  世界的王
[00:39:01.000 --> 00:39:03.000]  在哪裡的王
[00:39:03.000 --> 00:39:05.000]  去到第32行
[00:39:05.000 --> 00:39:10.000]  我將神像歸還給各個民族
[00:39:10.000 --> 00:39:11.000]  因為當時巴比倫
[00:39:11.000 --> 00:39:15.000]  拿了他們的神像回來
[00:39:15.000 --> 00:39:16.000]  以色列人沒有神像
[00:39:16.000 --> 00:39:19.000]  在聖殿拿了器皿回去
[00:39:19.000 --> 00:39:21.000]  拿了很多器皿
[00:39:21.000 --> 00:39:24.000]  所以我現在要將他們歸還給他們
[00:39:24.000 --> 00:39:27.000]  I gathered all their inhabitants
[00:39:27.000 --> 00:39:31.000]  and returned to them their dwellings
[00:39:31.000 --> 00:39:35.000]  我將他們的居民
[00:39:35.000 --> 00:39:36.000]  法還
[00:39:36.000 --> 00:39:38.000]  釋放他們讓他們可以回原地
[00:39:38.000 --> 00:39:41.000]  這個正正是這裡所說的事情
[00:39:41.000 --> 00:39:43.000]  你們是做他的子民
[00:39:43.000 --> 00:39:46.000]  你們可以回去了
[00:39:46.000 --> 00:39:49.000]  但是這個Cylinder
[00:39:49.000 --> 00:39:51.000]  一開始不是這樣說
[00:39:51.000 --> 00:39:54.000]  究竟是哪個神造成這件事呢?
[00:39:54.000 --> 00:39:55.000]  Marduk
[00:39:55.000 --> 00:39:59.000]  Marduk是巴比倫的主神
[00:39:59.000 --> 00:40:00.000]  換句話說
[00:40:00.000 --> 00:40:02.000]  這個Cylinder裏面所寫的
[00:40:02.000 --> 00:40:06.000]  並不是以色列的神造成這件事
[00:40:06.000 --> 00:40:08.000]  是Marduk
[00:40:08.000 --> 00:40:09.000]  巴比倫的神
[00:40:09.000 --> 00:40:11.000]  他還說什麼呢?
[00:40:11.000 --> 00:40:14.000]  He took our righteousness king
[00:40:14.000 --> 00:40:17.000]  his favorite by the hand
[00:40:17.000 --> 00:40:19.000]  He called out his name
[00:40:19.000 --> 00:40:21.000]  這幾句英文
[00:40:21.000 --> 00:40:24.000]  像不像我們剛才讀的經文呢?
[00:40:24.000 --> 00:40:27.000]  緊抓他的手
[00:40:27.000 --> 00:40:30.000]  是我的喜悅
[00:40:30.000 --> 00:40:33.000]  很像的經文
[00:40:33.000 --> 00:40:36.000]  但是這裡說的是Marduk
[00:40:36.000 --> 00:40:37.000]  換句話說
[00:40:37.000 --> 00:40:43.000]  原來當時波斯帝國擊敗巴比倫
[00:40:43.000 --> 00:40:45.000]  不同的民族可能就理解
[00:40:45.000 --> 00:40:48.000]  是不同的神靈所為
[00:40:48.000 --> 00:40:51.000]  但是耶和華說什麼呢?
[00:40:51.000 --> 00:40:53.000]  這個是我的榮耀
[00:40:53.000 --> 00:40:54.000]  我的讚美
[00:40:54.000 --> 00:40:55.000]  我成就的事
[00:40:55.000 --> 00:40:57.000]  不能夠將它交給其他神
[00:40:57.000 --> 00:40:59.000]  不能夠交給其他偶像
[00:40:59.000 --> 00:41:01.000]  所以你們作為我的子民
[00:41:01.000 --> 00:41:03.000]  不該要快些什麼呢?
[00:41:03.000 --> 00:41:04.000]  回歸
[00:41:04.000 --> 00:41:05.000]  你不敢做
[00:41:05.000 --> 00:41:06.000]  而其他民族先做了
[00:41:06.000 --> 00:41:08.000]  那就是什麼呢?
[00:41:08.000 --> 00:41:11.000]  那就是其他民族宣稱是他們的神所做
[00:41:11.000 --> 00:41:14.000]  這是一個很有趣的事情
[00:41:14.000 --> 00:41:18.000]  時間關係我不能夠慢慢說了
[00:41:18.000 --> 00:41:22.000]  這裡是這首詩最後的部分
[00:41:22.000 --> 00:41:23.000]  暫未上止
[00:41:23.000 --> 00:41:25.000]  就是說到從地的盡頭
[00:41:25.000 --> 00:41:26.000]  下海
[00:41:26.000 --> 00:41:27.000]  海中所充滿的
[00:41:27.000 --> 00:41:28.000]  中海島
[00:41:28.000 --> 00:41:29.000]  抗耶基達人
[00:41:29.000 --> 00:41:30.000]  西拉山頂
[00:41:30.000 --> 00:41:31.000]  簡單來說就是
[00:41:31.000 --> 00:41:36.000]  當如果以色列人達成這個目標的時候
[00:41:36.000 --> 00:41:39.000]  他能夠讓周圍的人都看到
[00:41:39.000 --> 00:41:41.000]  真的可以金字塔釋放
[00:41:41.000 --> 00:41:43.000]  於是天涯海角的人
[00:41:43.000 --> 00:41:45.000]  都會向上主佛說讚美
[00:41:45.000 --> 00:41:49.000]  這首詩是第一首詩要做的
[00:41:49.000 --> 00:41:51.000]  我今天會問
[00:41:51.000 --> 00:41:53.000]  昔日以色列人
[00:41:53.000 --> 00:41:55.000]  他們在極大的困難裏面
[00:41:55.000 --> 00:41:57.000]  秘魯的處境
[00:41:57.000 --> 00:41:58.000]  受壓
[00:41:58.000 --> 00:42:00.000]  但仍然上帝說
[00:42:00.000 --> 00:42:01.000]  你做我的僕人
[00:42:01.000 --> 00:42:02.000]  你要宣告正義
[00:42:02.000 --> 00:42:04.000]  你要向周圍人告訴他們
[00:42:04.000 --> 00:42:05.000]  你回歸我
[00:42:05.000 --> 00:42:07.000]  成為眾民國
[00:42:07.000 --> 00:42:13.000]  今日教會群體的處境困不困難?
[00:42:13.000 --> 00:42:15.000]  都很困難
[00:42:15.000 --> 00:42:18.000]  像不像壓傷的路位?
[00:42:18.000 --> 00:42:22.000]  像不像暗淡的燈芯?
[00:42:22.000 --> 00:42:24.000]  但如果是的話
[00:42:24.000 --> 00:42:25.000]  我想告訴你
[00:42:25.000 --> 00:42:26.000]  這首詩歌告訴我們
[00:42:26.000 --> 00:42:27.000]  上帝仍然會告訴我們
[00:42:27.000 --> 00:42:30.000]  你是我的僕人
[00:42:30.000 --> 00:42:32.000]  縱然香港教會今天
[00:42:32.000 --> 00:42:35.000]  你會發現很多困難脆弱
[00:42:35.000 --> 00:42:37.000]  但我們仍然是上帝的僕人
[00:42:37.000 --> 00:42:40.000]  除非我們放棄
[00:42:40.000 --> 00:42:41.000]  如果不是
[00:42:41.000 --> 00:42:43.000]  壓傷的路位會不會截斷?
[00:42:43.000 --> 00:42:45.000]  不截斷
[00:42:45.000 --> 00:42:48.000]  暗淡的燈火不熄滅
[00:42:48.000 --> 00:42:51.000]  因為這是上帝所緊抓
[00:42:51.000 --> 00:42:54.000]  所扶持保護的僕人
[00:42:54.000 --> 00:42:56.000]  當我們能夠繼續這樣做
[00:42:56.000 --> 00:43:00.000]  這首詩成為了我們的鼓勵
[00:43:00.000 --> 00:43:02.000]  這是第一首詩
[00:43:02.000 --> 00:43:03.000]  在第一首詩裏
[00:43:03.000 --> 00:43:05.000]  我簡單的總結
[00:43:05.000 --> 00:43:07.000]  裏面我的看法
[00:43:07.000 --> 00:43:09.000]  我一直演繹給大家聽
[00:43:09.000 --> 00:43:12.000]  我認為僕人是指以色列
[00:43:12.000 --> 00:43:13.000]  而整首詩的內容是
[00:43:13.000 --> 00:43:15.000]  上帝要以色列成為他的僕人
[00:43:15.000 --> 00:43:18.000]  回歸成為列國之國
[00:43:18.000 --> 00:43:20.000]  這個很簡單
[00:43:20.000 --> 00:43:22.000]  我們跳到第二首詩
[00:43:22.000 --> 00:43:26.000]  第二首詩十三節多一節
[00:43:26.000 --> 00:43:28.000]  但同樣分三部份
[00:43:28.000 --> 00:43:29.000]  而三部份你會發現
[00:43:29.000 --> 00:43:34.000]  與剛才第一首詩很相似
[00:43:34.000 --> 00:43:36.000]  又是上主的揀選和目標
[00:43:36.000 --> 00:43:38.000]  上主要透過僕人成就的工作
[00:43:38.000 --> 00:43:41.000]  最後又有幾節讚美上主
[00:43:41.000 --> 00:43:46.000]  兩首詩刻意做到一模一樣的格式
[00:43:46.000 --> 00:43:48.000]  但唯一不同的地方是
[00:43:48.000 --> 00:43:50.000]  你見我一開始寫
[00:43:50.000 --> 00:43:52.000]  上主的揀選和目標
[00:43:52.000 --> 00:43:54.000]  不是上主做第一身講
[00:43:54.000 --> 00:43:56.000]  而是誰?
[00:43:56.000 --> 00:44:00.000]  是僕人做第一身自述
[00:44:00.000 --> 00:44:02.000]  但這個分別就大了
[00:44:02.000 --> 00:44:04.000]  為什麼呢?
[00:44:04.000 --> 00:44:05.000]  這裏是
[00:44:05.000 --> 00:44:06.000]  其實給大家看到比較
[00:44:06.000 --> 00:44:08.000]  三段其實很相似
[00:44:08.000 --> 00:44:12.000]  經文是這樣說的
[00:44:12.000 --> 00:44:13.000]  我不能說完
[00:44:13.000 --> 00:44:15.000]  我抽部分
[00:44:15.000 --> 00:44:16.000]  在子宮裏
[00:44:16.000 --> 00:44:17.000]  上主亦呼召我
[00:44:17.000 --> 00:44:19.000]  在我母親腹中
[00:44:19.000 --> 00:44:20.000]  祂已提說我的名
[00:44:20.000 --> 00:44:22.000]  祂使我口像鋒利的刀
[00:44:22.000 --> 00:44:24.000]  把我藏在祂手的任下
[00:44:24.000 --> 00:44:26.000]  祂使我成為無理的箭
[00:44:26.000 --> 00:44:29.000]  把我隱藏在祂的箭內中
[00:44:29.000 --> 00:44:31.000]  祂對我說
[00:44:31.000 --> 00:44:33.000]  你是我的僕人
[00:44:33.000 --> 00:44:34.000]  是誰?
[00:44:34.000 --> 00:44:35.000]  以色列
[00:44:35.000 --> 00:44:37.000]  很清楚是講以色列
[00:44:37.000 --> 00:44:38.000]  但是
[00:44:38.000 --> 00:44:41.000]  僕人是否仍然是以色列呢?
[00:44:41.000 --> 00:44:42.000]  為什麼我有這個疑問?
[00:44:42.000 --> 00:44:44.000]  第一
[00:44:44.000 --> 00:44:50.000]  祂用母親的子宮來表達
[00:44:50.000 --> 00:44:52.000]  很個人
[00:44:52.000 --> 00:44:53.000]  很一個人
[00:44:53.000 --> 00:44:56.000]  而不是一個國家民族的感覺
[00:44:56.000 --> 00:44:57.000]  當然
[00:44:57.000 --> 00:45:00.000]  上帝可否用母覆子宮來形容
[00:45:00.000 --> 00:45:02.000]  祂生出以色列群體?
[00:45:02.000 --> 00:45:03.000]  當然可以
[00:45:03.000 --> 00:45:05.000]  但更多時候不是這樣
[00:45:05.000 --> 00:45:11.000]  有誰先知曾經這樣形容過自己?
[00:45:11.000 --> 00:45:12.000]  耶利米
[00:45:12.000 --> 00:45:15.000]  耶利米曾經這樣形容自己
[00:45:15.000 --> 00:45:17.000]  用子宮和母覆很個人
[00:45:17.000 --> 00:45:18.000]  為什麼這麼個人呢?
[00:45:18.000 --> 00:45:19.000]  第二
[00:45:19.000 --> 00:45:22.000]  祂使我口像鋒利的刀
[00:45:22.000 --> 00:45:23.000]  簡單來說
[00:45:23.000 --> 00:45:25.000]  這個先知擅長什麼?
[00:45:25.000 --> 00:45:27.000]  你的嘴巴
[00:45:27.000 --> 00:45:30.000]  像刀一樣鋒利
[00:45:30.000 --> 00:45:32.000]  這麼厲害
[00:45:32.000 --> 00:45:36.000]  為什麼這個僕人要擅長嘴巴呢?
[00:45:36.000 --> 00:45:37.000]  好了
[00:45:37.000 --> 00:45:38.000]  祂說你是我的僕人
[00:45:38.000 --> 00:45:39.000]  以色列好像很簡單
[00:45:39.000 --> 00:45:41.000]  看下一節吧
[00:45:41.000 --> 00:45:44.000]  不斷說「我」
[00:45:44.000 --> 00:45:46.000]  我勞碌是虛妄的
[00:45:46.000 --> 00:45:50.000]  我盡了我的能力也是混沌虛空
[00:45:50.000 --> 00:45:51.000]  我很努力做很多事
[00:45:51.000 --> 00:45:53.000]  但結果是什麼?
[00:45:53.000 --> 00:45:54.000]  成不成功?
[00:45:54.000 --> 00:45:55.000]  不成功
[00:45:55.000 --> 00:45:56.000]  好了
[00:45:56.000 --> 00:45:58.000]  現在上主說
[00:45:58.000 --> 00:46:00.000]  《新漢曰本》做得很好
[00:46:00.000 --> 00:46:03.000]  用了兩個破節
[00:46:03.000 --> 00:46:05.000]  因為現在上主說
[00:46:05.000 --> 00:46:08.000]  之後那句不是上主說的經文
[00:46:08.000 --> 00:46:10.000]  是補充形容一下這位上主
[00:46:10.000 --> 00:46:12.000]  就是那位上主
[00:46:12.000 --> 00:46:15.000]  就是那位在子宮裡做就愛做的僕人
[00:46:15.000 --> 00:46:16.000]  使亞各迴轉
[00:46:16.000 --> 00:46:19.000]  使以色列被召聚歸向他
[00:46:19.000 --> 00:46:22.000]  到了第六節才真正說什麼
[00:46:22.000 --> 00:46:23.000]  就是祂說
[00:46:23.000 --> 00:46:25.000]  「這可學為興」
[00:46:25.000 --> 00:46:27.000]  所以這裡比較準確
[00:46:27.000 --> 00:46:30.000]  進一步形容上主是哪位上主
[00:46:30.000 --> 00:46:33.000]  然後才說祂說什麼
[00:46:33.000 --> 00:46:37.000]  這是舊約經常用的手法
[00:46:37.000 --> 00:46:39.000]  好了
[00:46:39.000 --> 00:46:41.000]  來到這裡我很有趣
[00:46:41.000 --> 00:46:43.000]  上主說
[00:46:43.000 --> 00:46:45.000]  這個僕人叫以色列
[00:46:45.000 --> 00:46:47.000]  但他的工作之一是什麼?
[00:46:47.000 --> 00:46:48.000]  目標是什麼?
[00:46:48.000 --> 00:46:54.000]  使亞各迴轉向他
[00:46:54.000 --> 00:46:55.000]  使什麼?
[00:46:55.000 --> 00:46:59.000]  使以色列被召聚歸向他
[00:46:59.000 --> 00:47:00.000]  咦?
[00:47:00.000 --> 00:47:03.000]  究竟現在誰是以色列?
[00:47:03.000 --> 00:47:05.000]  你的僕人就是以色列
[00:47:05.000 --> 00:47:06.000]  但你要做什麼?
[00:47:06.000 --> 00:47:08.000]  你要使以色列歸向他
[00:47:08.000 --> 00:47:11.000]  究竟是誰是以色列?
[00:47:11.000 --> 00:47:12.000]  你明白我說什麼嗎?
[00:47:12.000 --> 00:47:13.000]  是不是很奇怪?
[00:47:13.000 --> 00:47:14.000]  你是以色列
[00:47:14.000 --> 00:47:17.000]  但你的工作就是使以色列迴轉
[00:47:17.000 --> 00:47:19.000]  究竟我是做什麼的呢?
[00:47:19.000 --> 00:47:20.000]  「他說這可學為興」
[00:47:20.000 --> 00:47:22.000]  「你做我僕人」
[00:47:22.000 --> 00:47:23.000]  又再說一次
[00:47:23.000 --> 00:47:26.000]  是要使亞各眾志不起來
[00:47:26.000 --> 00:47:30.000]  使以色列忠蒙守護的迴轉
[00:47:30.000 --> 00:47:33.000]  究竟為什麼他叫以色列
[00:47:33.000 --> 00:47:36.000]  又要使以色列歸向上帝呢?
[00:47:36.000 --> 00:47:38.000]  這個僕人做了什麼
[00:47:38.000 --> 00:47:42.000]  勞碌、警示、虛妄、混沌、虛空呢?
[00:47:42.000 --> 00:47:44.000]  好了
[00:47:44.000 --> 00:47:46.000]  我想在這裡給大家看看
[00:47:46.000 --> 00:47:49.000]  大家知不知道秘魯七十年後的人
[00:47:49.000 --> 00:47:52.000]  是怎樣的人?
[00:47:52.000 --> 00:47:57.000]  你猜他們是不是很想回耶路撒冷?
[00:47:57.000 --> 00:47:59.000]  開始有點頭暈
[00:47:59.000 --> 00:48:01.000]  以前我們讀以斯拉基里希米記
[00:48:01.000 --> 00:48:03.000]  印象是什麼?
[00:48:03.000 --> 00:48:04.000]  很想回去
[00:48:04.000 --> 00:48:06.000]  一有得回就馬上回去
[00:48:06.000 --> 00:48:07.000]  去建什麼?
[00:48:07.000 --> 00:48:11.000]  建聖殿、建城牆
[00:48:11.000 --> 00:48:14.000]  你今天明白很多
[00:48:14.000 --> 00:48:18.000]  你有朋友去了外國七十年
[00:48:18.000 --> 00:48:23.000]  你猜七十年後他想不想回來?
[00:48:23.000 --> 00:48:24.000]  首先第一
[00:48:24.000 --> 00:48:27.000]  七十年後他都不知道
[00:48:27.000 --> 00:48:29.000]  所謂七十年回來的人
[00:48:29.000 --> 00:48:32.000]  其實是在哪裡出生的?
[00:48:32.000 --> 00:48:34.000]  在那裡出生的
[00:48:34.000 --> 00:48:36.000]  第二代甚至已經是什麼?
[00:48:36.000 --> 00:48:38.000]  第三代了
[00:48:38.000 --> 00:48:41.000]  他們回過鄉下沒有?
[00:48:41.000 --> 00:48:43.000]  叫他們回耶路撒冷
[00:48:43.000 --> 00:48:46.000]  他聽過的
[00:48:46.000 --> 00:48:47.000]  見過又怎樣?
[00:48:47.000 --> 00:48:48.000]  沒見過
[00:48:48.000 --> 00:48:51.000]  他想不想回去?
[00:48:51.000 --> 00:48:52.000]  所以其實當時
[00:48:52.000 --> 00:48:55.000]  七十年後宣佈回歸
[00:48:55.000 --> 00:48:58.000]  不是這麼多人想回
[00:48:58.000 --> 00:49:00.000]  不是這麼多人想回
[00:49:00.000 --> 00:49:02.000]  在以斯拉基看到
[00:49:02.000 --> 00:49:04.000]  他們很踴躍回去建城牆、建聖殿
[00:49:04.000 --> 00:49:05.000]  是有的
[00:49:05.000 --> 00:49:07.000]  不過的確是部分
[00:49:07.000 --> 00:49:09.000]  有更多是沒有回
[00:49:09.000 --> 00:49:10.000]  舉一個例子
[00:49:10.000 --> 00:49:12.000]  有一本書就是說沒有回
[00:49:12.000 --> 00:49:14.000]  耳屎什麼?
[00:49:14.000 --> 00:49:15.000]  鐵
[00:49:15.000 --> 00:49:17.000]  耳屎貼有沒有回?
[00:49:17.000 --> 00:49:19.000]  耳屎貼沒了就沒有回
[00:49:19.000 --> 00:49:22.000]  有回就不可以做皇后
[00:49:22.000 --> 00:49:24.000]  所以有更多人沒有回
[00:49:24.000 --> 00:49:26.000]  有更多人沒有回
[00:49:26.000 --> 00:49:28.000]  所以秘魯七十年後
[00:49:28.000 --> 00:49:30.000]  不是每個人都想回
[00:49:30.000 --> 00:49:32.000]  他沒有經歷過亡國
[00:49:32.000 --> 00:49:34.000]  他在移民化的地方出生
[00:49:34.000 --> 00:49:36.000]  沒有回過耶路撒冷
[00:49:36.000 --> 00:49:40.000]  反而耶路撒冷的印象是什麼?
[00:49:40.000 --> 00:49:42.000]  荒蕪
[00:49:42.000 --> 00:49:43.000]  邊疆
[00:49:43.000 --> 00:49:45.000]  我現在住在巴比倫隔離
[00:49:45.000 --> 00:49:47.000]  巴比倫是什麼?
[00:49:47.000 --> 00:49:49.000]  首都
[00:49:49.000 --> 00:49:51.000]  雖然是秘魯的身份
[00:49:51.000 --> 00:49:53.000]  雖然可能辛苦
[00:49:53.000 --> 00:49:56.000]  但是一說到回去
[00:49:56.000 --> 00:49:59.000]  是否真的要回去?
[00:49:59.000 --> 00:50:01.000]  有這樣的疑問
[00:50:01.000 --> 00:50:03.000]  他們的確信奉上主
[00:50:03.000 --> 00:50:05.000]  但是你猜他們在巴比倫
[00:50:05.000 --> 00:50:08.000]  是否經歷過很多上主?
[00:50:08.000 --> 00:50:10.000]  可能都不是很多
[00:50:10.000 --> 00:50:11.000]  他生活在巴比倫
[00:50:11.000 --> 00:50:14.000]  反而經常見到巴比倫人拜什麼?
[00:50:14.000 --> 00:50:16.000]  拜巴比倫的主神
[00:50:16.000 --> 00:50:18.000]  巴比倫有很多神
[00:50:18.000 --> 00:50:19.000]  而他們拜的神
[00:50:19.000 --> 00:50:21.000]  竟然巴比倫人好什麼?
[00:50:21.000 --> 00:50:23.000]  很繁華
[00:50:23.000 --> 00:50:26.000]  究竟誰比較厲害?
[00:50:26.000 --> 00:50:28.000]  他們有很多疑問
[00:50:28.000 --> 00:50:30.000]  所以在第二冊書40章
[00:50:30.000 --> 00:50:31.000]  其實有這句說話
[00:50:31.000 --> 00:50:34.000]  是很表達到他們的心情
[00:50:34.000 --> 00:50:37.000]  就是「阿哥格你為何說我的道路向上帝隱藏
[00:50:37.000 --> 00:50:40.000]  以色列你為何言我的冤屈神並不查問」
[00:50:40.000 --> 00:50:42.000]  是否很熟悉這兩句說話?
[00:50:42.000 --> 00:50:44.000]  他們就是這樣的心情
[00:50:44.000 --> 00:50:46.000]  我秘魯這麼久
[00:50:46.000 --> 00:50:49.000]  上帝有沒有查問過?
[00:50:49.000 --> 00:50:51.000]  我生活在巴比倫這麼久
[00:50:51.000 --> 00:50:53.000]  上帝是否好像隱藏一樣?
[00:50:53.000 --> 00:50:55.000]  他們會有這樣的心情
[00:50:55.000 --> 00:51:00.000]  所以這個僕人說我勞碌虛妄
[00:51:00.000 --> 00:51:03.000]  我盡了我的能力混沌虛空
[00:51:03.000 --> 00:51:06.000]  這個僕人自述他承擔了
[00:51:06.000 --> 00:51:08.000]  我會說現在這個僕人自述他承擔了
[00:51:08.000 --> 00:51:12.000]  原本以色列群體做神僕人的角色
[00:51:12.000 --> 00:51:15.000]  因為秘魯的以色列群體
[00:51:15.000 --> 00:51:17.000]  原來不願意回去
[00:51:17.000 --> 00:51:21.000]  第一首詩上帝說你以色列是我僕人
[00:51:21.000 --> 00:51:23.000]  你們現在要回去
[00:51:23.000 --> 00:51:26.000]  但是很可能很多人都不想回去
[00:51:26.000 --> 00:51:28.000]  當很多人不想回去的時候
[00:51:28.000 --> 00:51:32.000]  那位受上帝所差遣勸他們的先知
[00:51:32.000 --> 00:51:33.000]  勸他們的先知
[00:51:33.000 --> 00:51:35.000]  上帝現在跟他們說什麼?
[00:51:35.000 --> 00:51:36.000]  你是我僕人
[00:51:36.000 --> 00:51:37.000]  誰?
[00:51:37.000 --> 00:51:38.000]  以色列
[00:51:38.000 --> 00:51:44.000]  你頂替了原先我給以色列做僕人的角色
[00:51:44.000 --> 00:51:47.000]  你的工作就是做什麼?
[00:51:47.000 --> 00:51:49.000]  就是使以色列什麼?
[00:51:49.000 --> 00:51:50.000]  回歸
[00:51:50.000 --> 00:51:52.000]  你的工作就是使以色列回歸
[00:51:52.000 --> 00:51:54.000]  使亞國回轉
[00:51:54.000 --> 00:51:57.000]  使亞國重之敗起來
[00:51:57.000 --> 00:51:58.000]  讓以色列回來
[00:51:58.000 --> 00:52:01.000]  秘魯的以色列群體不願意回歸
[00:52:01.000 --> 00:52:03.000]  做不到上帝的僕人
[00:52:03.000 --> 00:52:05.000]  而同時間這首歌繼續說什麼?
[00:52:05.000 --> 00:52:06.000]  我還要你
[00:52:06.000 --> 00:52:08.000]  因為上面說什麼?
[00:52:08.000 --> 00:52:09.000]  這項為輕
[00:52:09.000 --> 00:52:11.000]  上帝給一個任務他
[00:52:11.000 --> 00:52:12.000]  你要使以色列回來
[00:52:12.000 --> 00:52:13.000]  幫我勸他們回來
[00:52:13.000 --> 00:52:16.000]  不過這只不過是一個小任務
[00:52:16.000 --> 00:52:18.000]  更大的任務是什麼?
[00:52:18.000 --> 00:52:20.000]  作烈火的光
[00:52:20.000 --> 00:52:21.000]  剛才我們見過
[00:52:21.000 --> 00:52:26.000]  所以之前交給以色列群體的任務
[00:52:26.000 --> 00:52:29.000]  轉移到這位僕人身上
[00:52:29.000 --> 00:52:30.000]  而我的理解是
[00:52:30.000 --> 00:52:34.000]  這位僕人應該是之前一直勸他們的先知
[00:52:34.000 --> 00:52:36.000]  受上帝差遣勸他們的先知
[00:52:36.000 --> 00:52:37.000]  我必守護你
[00:52:37.000 --> 00:52:39.000]  給你作文的藥
[00:52:39.000 --> 00:52:43.000]  使對那些被囚的說什麼出來
[00:52:43.000 --> 00:52:46.000]  對那些在黑暗的說顯露
[00:52:46.000 --> 00:52:48.000]  用了不同的文字
[00:52:48.000 --> 00:52:50.000]  但其實都是在說同一件事
[00:52:50.000 --> 00:52:52.000]  下面就說得更加清楚
[00:52:52.000 --> 00:52:54.000]  在道路上他們必得慰藥
[00:52:54.000 --> 00:52:56.000]  在什麼道路?
[00:52:56.000 --> 00:52:58.000]  因為他們出來是要做什麼?
[00:52:58.000 --> 00:52:59.000]  回去耶路撒冷
[00:52:59.000 --> 00:53:01.000]  在這裡回去的道路上
[00:53:01.000 --> 00:53:04.000]  他們會得到上帝的慰藥
[00:53:04.000 --> 00:53:06.000]  這個僕人的工作
[00:53:06.000 --> 00:53:08.000]  和原先以色列人的僕人工作幾乎一樣
[00:53:08.000 --> 00:53:11.000]  所以兩首詩的格式是怎樣?
[00:53:11.000 --> 00:53:12.000]  一模一樣
[00:53:12.000 --> 00:53:14.000]  三段
[00:53:14.000 --> 00:53:15.000]  一模一樣
[00:53:15.000 --> 00:53:19.000]  但裡面的僕人的身份不同了
[00:53:19.000 --> 00:53:24.000]  由一個群體變成我一個個人
[00:53:24.000 --> 00:53:25.000]  好了
[00:53:25.000 --> 00:53:27.000]  究竟這位僕人是什麼呢?
[00:53:27.000 --> 00:53:28.000]  我剛才說了
[00:53:28.000 --> 00:53:31.000]  可能是秘魯末期的一位先知
[00:53:31.000 --> 00:53:35.000]  他一直勞碌勸以色列群體回歸上主
[00:53:35.000 --> 00:53:38.000]  所以為什麼他的口要什麼?
[00:53:38.000 --> 00:53:40.000]  好像利刀一樣
[00:53:40.000 --> 00:53:41.000]  他就是靠口才
[00:53:41.000 --> 00:53:43.000]  他就是死剩什麼?
[00:53:43.000 --> 00:53:44.000]  嘴巴
[00:53:44.000 --> 00:53:46.000]  就是三寸不爛之舌
[00:53:46.000 --> 00:53:48.000]  就是要去勸他們
[00:53:48.000 --> 00:53:50.000]  但以色列群體不勸
[00:53:50.000 --> 00:53:52.000]  以致先知勞碌
[00:53:52.000 --> 00:53:54.000]  去忙去紅
[00:53:54.000 --> 00:53:55.000]  我花了很多嘗試
[00:53:55.000 --> 00:53:56.000]  做了努力
[00:53:56.000 --> 00:53:57.000]  不行
[00:53:57.000 --> 00:53:59.000]  但上主轉移
[00:53:59.000 --> 00:54:01.000]  要這位先知承擔以色列人
[00:54:01.000 --> 00:54:03.000]  上主僕人的角色
[00:54:03.000 --> 00:54:05.000]  去勸以色列群體
[00:54:05.000 --> 00:54:07.000]  亦都成為眾民的弱
[00:54:07.000 --> 00:54:09.000]  好了
[00:54:09.000 --> 00:54:12.000]  為什麼第二首會變成這樣呢?
[00:54:12.000 --> 00:54:15.000]  我現在給大家看這個位置
[00:54:15.000 --> 00:54:16.000]  我剛才不是說
[00:54:16.000 --> 00:54:19.000]  後面的三位詩聚在後半部嗎?
[00:54:19.000 --> 00:54:21.000]  一個主要原因
[00:54:21.000 --> 00:54:25.000]  因為第一首上半完了之後
[00:54:25.000 --> 00:54:27.000]  中間那位48章結束的時候
[00:54:27.000 --> 00:54:29.000]  就是叫他們什麼?
[00:54:29.000 --> 00:54:32.000]  你們要從巴比倫出來
[00:54:32.000 --> 00:54:34.000]  他們出來嗎?
[00:54:34.000 --> 00:54:35.000]  不出來
[00:54:35.000 --> 00:54:36.000]  所以去到第49章
[00:54:36.000 --> 00:54:38.000]  上帝就唯有
[00:54:38.000 --> 00:54:41.000]  先知你是我僕人以色列
[00:54:41.000 --> 00:54:43.000]  你幫我繼續勸以色列
[00:54:43.000 --> 00:54:45.000]  帶他們回來
[00:54:45.000 --> 00:54:46.000]  這個是
[00:54:46.000 --> 00:54:47.000]  我這樣嘗試去做
[00:54:47.000 --> 00:54:48.000]  如果這樣說
[00:54:48.000 --> 00:54:51.000]  第一首和第二首有沒有關係?
[00:54:51.000 --> 00:54:52.000]  有些關係的
[00:54:52.000 --> 00:54:54.000]  單獨看第二首
[00:54:54.000 --> 00:54:55.000]  不知道第一首
[00:54:55.000 --> 00:54:57.000]  就沒有那麼
[00:54:57.000 --> 00:54:59.000]  後面豐富的處境
[00:54:59.000 --> 00:55:01.000]  給你理解
[00:55:01.000 --> 00:55:03.000]  好了
[00:55:03.000 --> 00:55:05.000]  於是如果這樣看的話
[00:55:05.000 --> 00:55:06.000]  我會說
[00:55:06.000 --> 00:55:08.000]  第二首詩透視一件很有趣的事情
[00:55:08.000 --> 00:55:10.000]  當群體未能發揮
[00:55:10.000 --> 00:55:12.000]  他的僕人角色的時候
[00:55:12.000 --> 00:55:14.000]  上帝竟然會興起什麼?
[00:55:14.000 --> 00:55:19.000]  一個個人去承擔這個僕人的角色
[00:55:19.000 --> 00:55:24.000]  包括令這個群體回歸這個僕人的角色
[00:55:24.000 --> 00:55:26.000]  我有時想這個其實是一個
[00:55:26.000 --> 00:55:29.000]  很令人感動的事情
[00:55:29.000 --> 00:55:31.000]  因為先知
[00:55:31.000 --> 00:55:33.000]  當他見到整個群體
[00:55:33.000 --> 00:55:36.000]  不願意回應上帝的時候
[00:55:36.000 --> 00:55:38.000]  他就怎樣?
[00:55:38.000 --> 00:55:42.000]  他代替群體去回應上帝
[00:55:42.000 --> 00:55:44.000]  有時我會想
[00:55:44.000 --> 00:55:46.000]  我們的教會群體
[00:55:46.000 --> 00:55:49.000]  是否每一個教會群體都很回應上帝?
[00:55:49.000 --> 00:55:51.000]  我不知道
[00:55:51.000 --> 00:55:53.000]  如果你身處的教會群體是
[00:55:53.000 --> 00:55:55.000]  我會為你感恩
[00:55:55.000 --> 00:55:57.000]  但有時可能你身處的群體是
[00:55:57.000 --> 00:56:00.000]  為何他們好像不太回應上帝?
[00:56:00.000 --> 00:56:02.000]  身處這樣的環境我們可能會覺得
[00:56:02.000 --> 00:56:04.000]  你們真的不對
[00:56:04.000 --> 00:56:05.000]  於是我要怎樣?
[00:56:05.000 --> 00:56:06.000]  我走
[00:56:06.000 --> 00:56:07.000]  我離開
[00:56:07.000 --> 00:56:09.000]  固然這是一個選擇
[00:56:09.000 --> 00:56:13.000]  但會否有另一個選擇?
[00:56:13.000 --> 00:56:15.000]  上帝感動你
[00:56:15.000 --> 00:56:20.000]  承擔原先這個群體要有的責任
[00:56:20.000 --> 00:56:24.000]  去勸去帶這個群體怎樣?
[00:56:24.000 --> 00:56:29.000]  回到上帝那裡
[00:56:29.000 --> 00:56:31.000]  這是一個我覺得
[00:56:31.000 --> 00:56:35.000]  這首詩給我一個很感動的地方
[00:56:35.000 --> 00:56:38.000]  第二首詩
[00:56:38.000 --> 00:56:39.000]  僕人是誰?
[00:56:39.000 --> 00:56:41.000]  可能已經去了先知
[00:56:41.000 --> 00:56:43.000]  他先知承擔了僕人的角色
[00:56:43.000 --> 00:56:45.000]  要領以色列回歸
[00:56:45.000 --> 00:56:47.000]  可以嗎?
[00:56:47.000 --> 00:56:49.000]  我想問問現在幾點鐘?
[00:56:49.000 --> 00:56:50.000]  有鐘看嗎?
[00:56:50.000 --> 00:56:52.000]  原來這裡有鐘看
[00:56:52.000 --> 00:56:54.000]  已經說了一個鐘
[00:56:54.000 --> 00:56:55.000]  還有半個鐘
[00:56:55.000 --> 00:56:59.000]  第三首很快
[00:56:59.000 --> 00:57:02.000]  第三首50張
[00:57:02.000 --> 00:57:04.000]  整首歌都是僕人
[00:57:04.000 --> 00:57:05.000]  格式很不同
[00:57:05.000 --> 00:57:08.000]  僕人自述他面對的反對和幫助
[00:57:08.000 --> 00:57:12.000]  然後對聽從和不聽從人的評語
[00:57:12.000 --> 00:57:14.000]  這裡我可能有少許跳動
[00:57:14.000 --> 00:57:16.000]  因為想追回時間
[00:57:16.000 --> 00:57:19.000]  這首詩大家不最熟悉
[00:57:19.000 --> 00:57:21.000]  因為不是很長
[00:57:21.000 --> 00:57:23.000]  還有裡面的經文
[00:57:23.000 --> 00:57:25.000]  不是大家經常聽的經文
[00:57:25.000 --> 00:57:29.000]  但是他很淋漓盡致去說僕人面對的情況
[00:57:29.000 --> 00:57:31.000]  如果沒有第一二首詩
[00:57:31.000 --> 00:57:32.000]  你看完這首詩
[00:57:32.000 --> 00:57:34.000]  你是不知道發生什麼事
[00:57:34.000 --> 00:57:36.000]  因為他一開始就說
[00:57:36.000 --> 00:57:40.000]  主上主賜我受教者的舌頭
[00:57:40.000 --> 00:57:44.000]  讓我知道怎樣向被罰的人說俠義的話
[00:57:44.000 --> 00:57:46.000]  你是不是多了少許資歷
[00:57:46.000 --> 00:57:47.000]  現在在說什麼?
[00:57:47.000 --> 00:57:48.000]  為什麼他要說俠義的話?
[00:57:48.000 --> 00:57:50.000]  為什麼要有舌頭?
[00:57:50.000 --> 00:57:54.000]  每個早晨我都喚醒我的耳朵
[00:57:54.000 --> 00:57:56.000]  使我聽從像受教者一樣
[00:57:56.000 --> 00:57:58.000]  他要聽誰?
[00:57:58.000 --> 00:57:59.000]  聽上主的話
[00:57:59.000 --> 00:58:01.000]  然後要跟誰說?
[00:58:01.000 --> 00:58:03.000]  跟那些以色列人說
[00:58:03.000 --> 00:58:06.000]  所以他的擅長就是言語和聆聽
[00:58:06.000 --> 00:58:08.000]  如果你要做這個僕人
[00:58:08.000 --> 00:58:10.000]  你都要擅長這件事
[00:58:10.000 --> 00:58:12.000]  你要聽到上帝說什麼
[00:58:12.000 --> 00:58:14.000]  然後你說到上帝要你說的話
[00:58:14.000 --> 00:58:16.000]  但是當他這樣做的時候
[00:58:16.000 --> 00:58:17.000]  他發生一件事情
[00:58:17.000 --> 00:58:20.000]  我的背 我高級擊打的人
[00:58:20.000 --> 00:58:22.000]  我的腮下 高級拔鬍鬚的人
[00:58:22.000 --> 00:58:26.000]  我的面 我不因羞辱和逃退而隱藏
[00:58:26.000 --> 00:58:28.000]  然而主上主必幫助我
[00:58:28.000 --> 00:58:31.000]  所以我必不蒙羞受辱
[00:58:31.000 --> 00:58:34.000]  所以我板起我的面像塊堅實
[00:58:34.000 --> 00:58:36.000]  我知道我必不自羞愧
[00:58:36.000 --> 00:58:39.000]  才面對什麼問題?
[00:58:39.000 --> 00:58:44.000]  羞辱 拒絕 甚至是擊打
[00:58:44.000 --> 00:58:46.000]  所以無端端只看這首詩
[00:58:46.000 --> 00:58:48.000]  你不知道為什麼突然間說
[00:58:48.000 --> 00:58:53.000]  他面對擊打 羞辱 逃退 拔鬍鬚
[00:58:53.000 --> 00:58:55.000]  但如果你知道他現在的處境
[00:58:55.000 --> 00:58:58.000]  可能就像剛才那兩首詩累積起來
[00:58:58.000 --> 00:58:59.000]  他要勸那班人
[00:58:59.000 --> 00:59:01.000]  而那班人聽不聽?
[00:59:01.000 --> 00:59:04.000]  不聽不止 還要怎樣?
[00:59:04.000 --> 00:59:05.000]  還要這樣對他
[00:59:05.000 --> 00:59:07.000]  為什麼要這樣對他呢?
[00:59:07.000 --> 00:59:09.000]  當然跟他說的訊息有關
[00:59:09.000 --> 00:59:11.000]  因為今天我沒有跟大家看
[00:59:11.000 --> 00:59:13.000]  在這幾首詩之外的經文
[00:59:13.000 --> 00:59:15.000]  說的是什麼?
[00:59:15.000 --> 00:59:16.000]  這些經文其實是說
[00:59:16.000 --> 00:59:18.000]  包括這個僕人告訴他們
[00:59:18.000 --> 00:59:20.000]  你們住在巴比倫嗎?
[00:59:20.000 --> 00:59:22.000]  巴比倫快要滅亡了
[00:59:22.000 --> 00:59:24.000]  你們繼續這樣跟隨他們
[00:59:24.000 --> 00:59:25.000]  你們拜他們的偶像嗎?
[00:59:25.000 --> 00:59:27.000]  上帝會懲罰的
[00:59:27.000 --> 00:59:29.000]  聽到這些
[00:59:29.000 --> 00:59:31.000]  他們喜歡嗎?
[00:59:31.000 --> 00:59:32.000]  不喜歡
[00:59:32.000 --> 00:59:33.000]  你說巴比倫會亡?
[00:59:33.000 --> 00:59:35.000]  這些煩什麼的?
[00:59:35.000 --> 00:59:37.000]  是吧?
[00:59:37.000 --> 00:59:38.000]  煩不煩的?
[00:59:38.000 --> 00:59:40.000]  煩的啊 是吧?
[00:59:40.000 --> 00:59:41.000]  怎麼會不打?
[00:59:41.000 --> 00:59:42.000]  怎麼會不拔鬍鬚?
[00:59:42.000 --> 00:59:44.000]  怎麼會不對待他?
[00:59:44.000 --> 00:59:46.000]  他面對很難的處境
[00:59:46.000 --> 00:59:48.000]  實在是這樣
[00:59:48.000 --> 00:59:50.000]  稱我為異的近鳥
[00:59:50.000 --> 00:59:51.000]  誰敢與我爭辯
[00:59:51.000 --> 00:59:53.000]  讓我一同站立
[00:59:53.000 --> 00:59:54.000]  誰是我的對頭
[00:59:54.000 --> 00:59:57.000]  讓他靠近嗎?
[00:59:57.000 --> 01:00:00.000]  他不斷要遇到跟別人爭辯
[01:00:00.000 --> 01:00:01.000]  跟他唱反調
[01:00:01.000 --> 01:00:04.000]  不同意他的說話的人
[01:00:04.000 --> 01:00:05.000]  看主上主幫助我
[01:00:05.000 --> 01:00:06.000]  誰能定我的罪呢?
[01:00:06.000 --> 01:00:08.000]  那群人要怎樣?
[01:00:08.000 --> 01:00:09.000]  定他的罪
[01:00:09.000 --> 01:00:11.000]  因為你說這些話
[01:00:11.000 --> 01:00:13.000]  還不是要定你的罪?
[01:00:13.000 --> 01:00:14.000]  是吧?
[01:00:14.000 --> 01:00:16.000]  看他們全都穿一件衣服
[01:00:16.000 --> 01:00:17.000]  知道嗎?
[01:00:17.000 --> 01:00:18.000]  破爛
[01:00:18.000 --> 01:00:19.000]  與人爭辯
[01:00:19.000 --> 01:00:20.000]  與人爭辯
[01:00:20.000 --> 01:00:21.000]  爭辯什麼呢?
[01:00:21.000 --> 01:00:22.000]  今天因為沒有機會
[01:00:22.000 --> 01:00:24.000]  和大家看其他經文
[01:00:24.000 --> 01:00:26.000]  我的另一個研究就是
[01:00:26.000 --> 01:00:27.000]  第四十至四十八章
[01:00:27.000 --> 01:00:28.000]  這個上半章
[01:00:28.000 --> 01:00:30.000]  除了第一首《捕人之歌》之外
[01:00:30.000 --> 01:00:32.000]  其實其他的經文內容
[01:00:32.000 --> 01:00:35.000]  全部都是爭辯的內容
[01:00:35.000 --> 01:00:38.000]  而裡面是有十組的爭辯
[01:00:38.000 --> 01:00:39.000]  十組
[01:00:39.000 --> 01:00:40.000]  這十組的爭辯
[01:00:40.000 --> 01:00:44.000]  其實是用了很相似的提問方法
[01:00:44.000 --> 01:00:45.000]  下一章就說了
[01:00:45.000 --> 01:00:46.000]  由第四十章開始
[01:00:46.000 --> 01:00:47.000]  去到第四十八章
[01:00:47.000 --> 01:00:49.000]  十組
[01:00:49.000 --> 01:00:50.000]  我這裡簡化了
[01:00:50.000 --> 01:00:52.000]  你們將誰給神
[01:00:52.000 --> 01:00:53.000]  你們將誰與我相比
[01:00:53.000 --> 01:00:55.000]  誰從東方興起人
[01:00:55.000 --> 01:00:56.000]  可以聲明發生什麼事
[01:00:56.000 --> 01:00:57.000]  誰從起初聲明
[01:00:57.000 --> 01:00:58.000]  都一路說
[01:00:58.000 --> 01:01:00.000]  我不再細說了
[01:01:00.000 --> 01:01:02.000]  如果你平時讀
[01:01:02.000 --> 01:01:03.000]  單獨讀
[01:01:03.000 --> 01:01:05.000]  你只會讀一組的內容
[01:01:05.000 --> 01:01:08.000]  但其實他們是一個整體
[01:01:08.000 --> 01:01:09.000]  是一個整體
[01:01:09.000 --> 01:01:10.000]  是說這個捕人
[01:01:10.000 --> 01:01:13.000]  一路要與那班以色列人
[01:01:13.000 --> 01:01:15.000]  去挑戰他們
[01:01:15.000 --> 01:01:16.000]  與他們辯論
[01:01:16.000 --> 01:01:17.000]  質問他們
[01:01:17.000 --> 01:01:19.000]  究竟你們將誰給上帝
[01:01:19.000 --> 01:01:22.000]  究竟誰從東方興起人
[01:01:22.000 --> 01:01:24.000]  即是誰興起古列
[01:01:24.000 --> 01:01:26.000]  波斯帝國這件事情
[01:01:26.000 --> 01:01:29.000]  所以很多爭辯
[01:01:29.000 --> 01:01:31.000]  所以趙經文說
[01:01:31.000 --> 01:01:34.000]  誰敢與我爭辯
[01:01:34.000 --> 01:01:37.000]  最後這個我就不詳細說了
[01:01:37.000 --> 01:01:39.000]  因為時間關係就跳了
[01:01:39.000 --> 01:01:41.000]  就是聽從和不聽從
[01:01:41.000 --> 01:01:45.000]  第三首捕人之歌
[01:01:45.000 --> 01:01:48.000]  很快就結束了
[01:01:48.000 --> 01:01:51.000]  因為主要是說這個捕人
[01:01:51.000 --> 01:01:53.000]  原來在他承擔了
[01:01:53.000 --> 01:01:55.000]  新的職任之後
[01:01:55.000 --> 01:01:56.000]  他去勸的過程
[01:01:56.000 --> 01:01:58.000]  遇到很多激打
[01:01:58.000 --> 01:02:02.000]  很多不好的對待
[01:02:02.000 --> 01:02:04.000]  這個也讓我們深刻地思考
[01:02:04.000 --> 01:02:06.000]  剛才當下鼓勵大家
[01:02:06.000 --> 01:02:08.000]  你身處的群體
[01:02:08.000 --> 01:02:09.000]  不能回應上帝的時候
[01:02:09.000 --> 01:02:10.000]  你去回應
[01:02:10.000 --> 01:02:12.000]  你勸他們回應
[01:02:12.000 --> 01:02:14.000]  勸他們回歸上帝
[01:02:14.000 --> 01:02:18.000]  但你可能會面對什麼
[01:02:18.000 --> 01:02:20.000]  不同意
[01:02:20.000 --> 01:02:22.000]  你可能面對反對
[01:02:22.000 --> 01:02:26.000]  你可能面對困難
[01:02:26.000 --> 01:02:30.000]  你敢不敢繼續勸下去
[01:02:30.000 --> 01:02:32.000]  但你在這裡同時
[01:02:32.000 --> 01:02:35.000]  他得到上帝的肯定幫助
[01:02:35.000 --> 01:02:39.000]  他說這首詩讓我們看到
[01:02:39.000 --> 01:02:42.000]  第三首詩如果這樣說
[01:02:42.000 --> 01:02:43.000]  繼續是先知
[01:02:43.000 --> 01:02:45.000]  而先知勸以色列回歸
[01:02:45.000 --> 01:02:47.000]  就面對很大的反對
[01:02:47.000 --> 01:02:49.000]  去到第四首
[01:02:49.000 --> 01:02:51.000]  是我們最熟悉的那一首
[01:02:51.000 --> 01:02:55.000]  就是「因他受的」
[01:02:55.000 --> 01:02:56.000]  就是那一首
[01:02:56.000 --> 01:02:58.000]  很熟悉
[01:02:58.000 --> 01:03:00.000]  第四首捕人之歌
[01:03:00.000 --> 01:03:03.000]  這裡用了三個段落
[01:03:03.000 --> 01:03:06.000]  由尾都是上主對捕人的評價
[01:03:06.000 --> 01:03:09.000]  然後中間出現一段很怪的經文
[01:03:09.000 --> 01:03:11.000]  但是我們很熟悉的經文
[01:03:11.000 --> 01:03:13.000]  就是一段「我們」的獨白
[01:03:13.000 --> 01:03:15.000]  「我們」
[01:03:15.000 --> 01:03:16.000]  什麼來的呢?
[01:03:16.000 --> 01:03:19.000]  我先說一下上主對捕人的評價
[01:03:19.000 --> 01:03:20.000]  一開始的時候
[01:03:20.000 --> 01:03:21.000]  「看下我的捕人通達」
[01:03:21.000 --> 01:03:23.000]  「他必高聲備高舉」
[01:03:23.000 --> 01:03:25.000]  「崇高極甚」
[01:03:25.000 --> 01:03:27.000]  「正如許多人因你而驚嚇」
[01:03:27.000 --> 01:03:30.000]  「他的容貌如此比人憔悴」
[01:03:30.000 --> 01:03:33.000]  「他的外形比使人枯骨」
[01:03:33.000 --> 01:03:37.000]  「照樣他要使許多國民震驚」
[01:03:37.000 --> 01:03:39.000]  「縱橫要因他合上他們的後」
[01:03:39.000 --> 01:03:40.000]  「因為他」
[01:03:40.000 --> 01:03:42.000]  「因為那未向他們講述的」
[01:03:42.000 --> 01:03:43.000]  「他們要看見」
[01:03:43.000 --> 01:03:44.000]  「他們說未聽見的」
[01:03:44.000 --> 01:03:46.000]  「他們要明白」
[01:03:46.000 --> 01:03:48.000]  我不會很詳細去解釋這個經文
[01:03:48.000 --> 01:03:50.000]  因為我會多說一點後面
[01:03:50.000 --> 01:03:51.000]  但是大體上
[01:03:51.000 --> 01:03:52.000]  這裡讓我們看到
[01:03:52.000 --> 01:03:55.000]  就是在上主對捕人評價的時候
[01:03:55.000 --> 01:03:56.000]  講出兩件事情
[01:03:56.000 --> 01:03:58.000]  第一件事情就是
[01:03:58.000 --> 01:04:01.000]  上主說這個捕人好什麼?
[01:04:01.000 --> 01:04:03.000]  「潮水」
[01:04:03.000 --> 01:04:05.000]  為什麼會這麼潮水?
[01:04:05.000 --> 01:04:07.000]  一開口就說他潮水
[01:04:07.000 --> 01:04:09.000]  不過如果你看回上面那幾首詩
[01:04:09.000 --> 01:04:11.000]  你就開始知道為什麼潮水
[01:04:11.000 --> 01:04:13.000]  為什麼潮水?
[01:04:13.000 --> 01:04:14.000]  搞成這樣
[01:04:14.000 --> 01:04:15.000]  又被人密戶騷
[01:04:15.000 --> 01:04:16.000]  又被人擊打
[01:04:16.000 --> 01:04:17.000]  當然是潮水
[01:04:17.000 --> 01:04:19.000]  但同時間上帝說
[01:04:19.000 --> 01:04:22.000]  他也使許多人震驚
[01:04:22.000 --> 01:04:24.000]  因為他講的說話
[01:04:24.000 --> 01:04:25.000]  他講述的
[01:04:25.000 --> 01:04:27.000]  他們未曾聽過
[01:04:27.000 --> 01:04:29.000]  竟然上帝要興起波斯尼
[01:04:29.000 --> 01:04:30.000]  滅巴比倫
[01:04:30.000 --> 01:04:32.000]  竟然上帝要他們回歸
[01:04:32.000 --> 01:04:33.000]  復興以色列
[01:04:33.000 --> 01:04:36.000]  這些令他們很震驚
[01:04:36.000 --> 01:04:37.000]  亦都上帝說
[01:04:37.000 --> 01:04:39.000]  我要令他們高聲高舉
[01:04:39.000 --> 01:04:40.000]  好了
[01:04:40.000 --> 01:04:41.000]  不詳細講這個
[01:04:41.000 --> 01:04:42.000]  大體突出了
[01:04:42.000 --> 01:04:44.000]  這個捕人做的事情
[01:04:44.000 --> 01:04:46.000]  沒錯很艱難
[01:04:46.000 --> 01:04:48.000]  但很不受歡迎
[01:04:48.000 --> 01:04:49.000]  但同時間
[01:04:49.000 --> 01:04:51.000]  他做的仍然都能夠令人震驚
[01:04:51.000 --> 01:04:53.000]  得到上帝的認同
[01:04:53.000 --> 01:04:55.000]  好了
[01:04:55.000 --> 01:04:57.000]  接下來第五十章
[01:04:57.000 --> 01:04:59.000]  講我們的獨白
[01:04:59.000 --> 01:05:03.000]  《新外遇》的翻譯是
[01:05:03.000 --> 01:05:06.000]  誰信守於我們的消息
[01:05:06.000 --> 01:05:07.000]  給大家少許印象
[01:05:07.000 --> 01:05:10.000]  即是和合本的哪一句
[01:05:10.000 --> 01:05:13.000]  我們所傳的有誰信呢
[01:05:13.000 --> 01:05:14.000]  就是這個
[01:05:14.000 --> 01:05:17.000]  所傳的亦有做消息
[01:05:17.000 --> 01:05:19.000]  就是一個消息
[01:05:19.000 --> 01:05:22.000]  《新外遇》亦更加忠誠
[01:05:22.000 --> 01:05:25.000]  和提供的可能更多
[01:05:25.000 --> 01:05:27.000]  因為當和合本譯
[01:05:27.000 --> 01:05:30.000]  我們所傳的有誰信的時候
[01:05:30.000 --> 01:05:33.000]  很明顯是我們去傳一些東西
[01:05:33.000 --> 01:05:35.000]  不過如果有看過和合本
[01:05:35.000 --> 01:05:37.000]  你應該知道後面括了一句
[01:05:37.000 --> 01:05:39.000]  就是可以有另一個譯法
[01:05:39.000 --> 01:05:40.000]  就是譯做什麼
[01:05:40.000 --> 01:05:43.000]  所傳予我們的有誰信呢
[01:05:43.000 --> 01:05:44.000]  有沒有見過那個
[01:05:44.000 --> 01:05:46.000]  所以究竟那個信息是
[01:05:46.000 --> 01:05:48.000]  我們傳還是什麼
[01:05:48.000 --> 01:05:50.000]  所傳予給我們的呢
[01:05:50.000 --> 01:05:52.000]  《新外遇》就是嘗試在這裏
[01:05:52.000 --> 01:05:54.000]  做一個比較中間的做法
[01:05:54.000 --> 01:05:56.000]  就是直譯了它當時的意思
[01:05:56.000 --> 01:05:58.000]  誰信守於我們的消息
[01:05:58.000 --> 01:05:59.000]  我們的消息
[01:05:59.000 --> 01:06:01.000]  什麼叫我們的消息
[01:06:01.000 --> 01:06:04.000]  是不是一定是我們講的
[01:06:04.000 --> 01:06:05.000]  可以是
[01:06:05.000 --> 01:06:06.000]  這個消息是我講的
[01:06:06.000 --> 01:06:07.000]  但亦都可以是
[01:06:07.000 --> 01:06:10.000]  發生在我們身上的消息
[01:06:10.000 --> 01:06:12.000]  可以嗎
[01:06:12.000 --> 01:06:16.000]  發生在一個群體身上的消息
[01:06:16.000 --> 01:06:17.000]  就是那個群體的消息
[01:06:17.000 --> 01:06:19.000]  即是雲福縣的消息
[01:06:19.000 --> 01:06:21.000]  是不是雲福縣的人講的消息
[01:06:21.000 --> 01:06:22.000]  不一定是
[01:06:22.000 --> 01:06:24.000]  就是發生在雲福縣身上
[01:06:24.000 --> 01:06:26.000]  這個屋邨上的消息
[01:06:26.000 --> 01:06:28.000]  可以是兩講的
[01:06:28.000 --> 01:06:29.000]  這個翻譯
[01:06:29.000 --> 01:06:30.000]  好了
[01:06:30.000 --> 01:06:32.000]  現在這段是由
[01:06:32.000 --> 01:06:34.000]  不是僕人的獨白
[01:06:34.000 --> 01:06:35.000]  不是我
[01:06:35.000 --> 01:06:36.000]  而是什麼
[01:06:36.000 --> 01:06:37.000]  我們
[01:06:37.000 --> 01:06:39.000]  而這個我們就是說誰
[01:06:39.000 --> 01:06:41.000]  就是說他
[01:06:41.000 --> 01:06:44.000]  他說誰信守於我們的消息
[01:06:44.000 --> 01:06:46.000]  這個消息和上主的能力
[01:06:46.000 --> 01:06:47.000]  顯然有關
[01:06:47.000 --> 01:06:49.000]  因為上主的蚌臂對著誰顯露
[01:06:49.000 --> 01:06:51.000]  這兩句是平行句
[01:06:51.000 --> 01:06:53.000]  所以這個消息亦都是
[01:06:53.000 --> 01:06:56.000]  反了上主的能力的一個消息
[01:06:56.000 --> 01:06:58.000]  現在這個消息的焦點是誰
[01:06:58.000 --> 01:06:59.000]  他
[01:06:59.000 --> 01:07:01.000]  他在上主面前伸張優雅
[01:07:01.000 --> 01:07:05.000]  又好像跟從江巷之地而出
[01:07:05.000 --> 01:07:08.000]  而這個我們的消息是關於誰
[01:07:08.000 --> 01:07:09.000]  關於他
[01:07:09.000 --> 01:07:11.000]  如果這個他就是僕人
[01:07:11.000 --> 01:07:12.000]  即是說
[01:07:12.000 --> 01:07:15.000]  這次又不是僕人自述自己講自己
[01:07:15.000 --> 01:07:17.000]  但又不是上帝講他
[01:07:17.000 --> 01:07:19.000]  而是什麼
[01:07:19.000 --> 01:07:21.000]  而是一班人叫我們
[01:07:21.000 --> 01:07:23.000]  那班我們去講他
[01:07:23.000 --> 01:07:25.000]  突然間又跳了第三班人出來
[01:07:25.000 --> 01:07:26.000]  行不行
[01:07:26.000 --> 01:07:27.000]  這是一個非常有趣的事
[01:07:27.000 --> 01:07:29.000]  究竟發生什麼事
[01:07:29.000 --> 01:07:30.000]  好了
[01:07:30.000 --> 01:07:32.000]  先講一下這個消息
[01:07:32.000 --> 01:07:33.000]  就是講這個僕人
[01:07:33.000 --> 01:07:35.000]  這個僕人是怎樣
[01:07:35.000 --> 01:07:37.000]  沒有外形
[01:07:37.000 --> 01:07:38.000]  伸張如嫩芽
[01:07:38.000 --> 01:07:39.000]  即是說
[01:07:39.000 --> 01:07:40.000]  他很脆弱
[01:07:40.000 --> 01:07:41.000]  簡單來說
[01:07:41.000 --> 01:07:43.000]  在江巷之地的根
[01:07:43.000 --> 01:07:45.000]  你都知道
[01:07:45.000 --> 01:07:47.000]  這條根
[01:07:47.000 --> 01:07:49.000]  都不是很理想
[01:07:49.000 --> 01:07:50.000]  沒什麼水級
[01:07:50.000 --> 01:07:52.000]  他都很殘的
[01:07:52.000 --> 01:07:53.000]  他沒有外形
[01:07:53.000 --> 01:07:54.000]  沒有光輝可以注視他
[01:07:54.000 --> 01:07:57.000]  沒有容貌可以讓我們學武他
[01:07:57.000 --> 01:07:59.000]  他不榮耀的
[01:07:59.000 --> 01:08:00.000]  他不榮耀的
[01:08:00.000 --> 01:08:02.000]  並且他被輕看
[01:08:02.000 --> 01:08:04.000]  眾人唾棄
[01:08:04.000 --> 01:08:06.000]  是個痛苦的人
[01:08:06.000 --> 01:08:08.000]  熟知病患
[01:08:08.000 --> 01:08:11.000]  正如人們掩藏臉面離開他一樣
[01:08:11.000 --> 01:08:14.000]  他被輕看我們都不尊重他
[01:08:14.000 --> 01:08:15.000]  簡單來說
[01:08:15.000 --> 01:08:16.000]  這班我們
[01:08:16.000 --> 01:08:18.000]  怎樣看這個僕人
[01:08:18.000 --> 01:08:20.000]  正面還是負面
[01:08:20.000 --> 01:08:21.000]  負面
[01:08:21.000 --> 01:08:23.000]  他又沒有樣子
[01:08:23.000 --> 01:08:25.000]  又痛苦
[01:08:25.000 --> 01:08:27.000]  又病患
[01:08:27.000 --> 01:08:28.000]  我們都不尊重他
[01:08:28.000 --> 01:08:31.000]  不過我說這是一個過去的看法
[01:08:31.000 --> 01:08:33.000]  因為如果這班我們
[01:08:33.000 --> 01:08:34.000]  這麼看低這個僕人
[01:08:34.000 --> 01:08:37.000]  就不會寫手詩
[01:08:37.000 --> 01:08:38.000]  不過他就說
[01:08:38.000 --> 01:08:40.000]  過去他們是這樣看他的
[01:08:40.000 --> 01:08:41.000]  好了
[01:08:41.000 --> 01:08:43.000]  確實
[01:08:43.000 --> 01:08:46.000]  我們的疾患親自擔負了
[01:08:46.000 --> 01:08:50.000]  我們的痛苦背負了他們
[01:08:50.000 --> 01:08:54.000]  你有沒有留意病患痛苦這兩個字
[01:08:54.000 --> 01:08:56.000]  在上一道
[01:08:56.000 --> 01:08:58.000]  痛苦的病患是誰
[01:08:58.000 --> 01:09:00.000]  疾患是誰
[01:09:00.000 --> 01:09:02.000]  這個僕人是自己的
[01:09:02.000 --> 01:09:04.000]  他是個痛苦的人
[01:09:04.000 --> 01:09:07.000]  熟知病患經常病
[01:09:07.000 --> 01:09:10.000]  去到下一次就說
[01:09:10.000 --> 01:09:12.000]  疾患痛苦其實是誰的
[01:09:12.000 --> 01:09:15.000]  是我們的
[01:09:15.000 --> 01:09:17.000]  有一個轉向
[01:09:17.000 --> 01:09:21.000]  之前這班我們覺得這個人很差
[01:09:21.000 --> 01:09:23.000]  去到後來就說
[01:09:23.000 --> 01:09:25.000]  確實
[01:09:25.000 --> 01:09:26.000]  他是病患
[01:09:26.000 --> 01:09:28.000]  不過那些病患是誰的
[01:09:28.000 --> 01:09:29.000]  其實是我們
[01:09:29.000 --> 01:09:31.000]  是他幫我們
[01:09:31.000 --> 01:09:32.000]  擔負了
[01:09:32.000 --> 01:09:34.000]  那些痛苦是誰的
[01:09:34.000 --> 01:09:35.000]  其實原本應該是我們的
[01:09:35.000 --> 01:09:37.000]  不過現在是誰幫我們
[01:09:37.000 --> 01:09:39.000]  他幫我們
[01:09:39.000 --> 01:09:40.000]  而他這樣做的時候
[01:09:40.000 --> 01:09:43.000]  我們兩個強調
[01:09:43.000 --> 01:09:45.000]  我們也可以這樣做
[01:09:45.000 --> 01:09:48.000]  我們確實竟然以為
[01:09:48.000 --> 01:09:51.000]  他被責打被神擊打
[01:09:51.000 --> 01:09:53.000]  以為是誰不對
[01:09:53.000 --> 01:09:55.000]  以為是他不對
[01:09:55.000 --> 01:09:58.000]  抵他死是上帝罰他
[01:09:58.000 --> 01:09:59.000]  但其實他就說
[01:09:59.000 --> 01:10:01.000]  其實是我們的事
[01:10:01.000 --> 01:10:03.000]  然而他被刺頭是為誰
[01:10:03.000 --> 01:10:05.000]  為我們的過犯
[01:10:05.000 --> 01:10:06.000]  被壓碎是為誰
[01:10:06.000 --> 01:10:08.000]  為我們的罪孽
[01:10:08.000 --> 01:10:11.000]  因他身上的刑罰我們得平安
[01:10:11.000 --> 01:10:14.000]  因他的鞭傷我們得意志
[01:10:14.000 --> 01:10:15.000]  我們
[01:10:15.000 --> 01:10:18.000]  這班我們過去覺得這個僕人
[01:10:18.000 --> 01:10:20.000]  是一個痛苦疾患的人
[01:10:20.000 --> 01:10:22.000]  現在他們看到
[01:10:22.000 --> 01:10:24.000]  其實他擔負的是我們的痛苦疾患
[01:10:24.000 --> 01:10:26.000]  不是他們的
[01:10:26.000 --> 01:10:28.000]  你看他這麼痛苦
[01:10:28.000 --> 01:10:30.000]  其實不應該是他的
[01:10:30.000 --> 01:10:32.000]  那些痛苦其實是誰的
[01:10:32.000 --> 01:10:33.000]  是我們的
[01:10:33.000 --> 01:10:35.000]  是我們弄成這樣
[01:10:35.000 --> 01:10:36.000]  可以嗎
[01:10:36.000 --> 01:10:38.000]  好了
[01:10:38.000 --> 01:10:41.000]  過去認為他遭遇是神罰他
[01:10:41.000 --> 01:10:43.000]  但其實現在就說
[01:10:43.000 --> 01:10:45.000]  那些責打擊打
[01:10:45.000 --> 01:10:48.000]  就是後面那些刑罰鞭傷
[01:10:48.000 --> 01:10:51.000]  過犯罪孽其實是誰的
[01:10:51.000 --> 01:10:52.000]  是我們的
[01:10:52.000 --> 01:10:54.000]  其實是我們的過犯
[01:10:54.000 --> 01:10:55.000]  是不是
[01:10:55.000 --> 01:10:57.000]  他不應該被人打
[01:10:57.000 --> 01:10:59.000]  我們覺得他是被神擊打
[01:10:59.000 --> 01:11:00.000]  其實是我們的過犯
[01:11:00.000 --> 01:11:01.000]  我們的罪孽
[01:11:01.000 --> 01:11:03.000]  去到這裡我們仍然很清楚
[01:11:03.000 --> 01:11:05.000]  這些很適合形容誰
[01:11:05.000 --> 01:11:08.000]  耶穌基督
[01:11:08.000 --> 01:11:09.000]  好了
[01:11:09.000 --> 01:11:10.000]  不過當你一直聽我說的時候
[01:11:10.000 --> 01:11:12.000]  知道前面有幾首歌的時候
[01:11:12.000 --> 01:11:13.000]  你開始想
[01:11:13.000 --> 01:11:14.000]  這個僕人
[01:11:14.000 --> 01:11:16.000]  這些形容適不適合他
[01:11:16.000 --> 01:11:18.000]  這個勸他們才知道
[01:11:18.000 --> 01:11:20.000]  都有些適合
[01:11:20.000 --> 01:11:24.000]  他就是遭受他們這樣的傷害
[01:11:24.000 --> 01:11:27.000]  當然一句說話
[01:11:27.000 --> 01:11:29.000]  因他身上的刑罰我們得平安
[01:11:29.000 --> 01:11:31.000]  因他的鞭傷我們得醫治
[01:11:31.000 --> 01:11:33.000]  似乎現在這班我們
[01:11:33.000 --> 01:11:36.000]  有些反省
[01:11:36.000 --> 01:11:38.000]  有些轉變
[01:11:38.000 --> 01:11:40.000]  以前這樣看現在怎樣
[01:11:40.000 --> 01:11:42.000]  轉了看法
[01:11:42.000 --> 01:11:44.000]  不過我會問一個問題
[01:11:44.000 --> 01:11:46.000]  什麼一個人
[01:11:46.000 --> 01:11:50.000]  他受罰可以令其他人得平安醫治嗎
[01:11:50.000 --> 01:11:53.000]  耶穌是可以的
[01:11:53.000 --> 01:11:56.000]  其實耶穌為什麼可以
[01:11:56.000 --> 01:11:58.000]  你有沒有想過
[01:11:58.000 --> 01:12:00.000]  耶穌死令我們得到救恩
[01:12:00.000 --> 01:12:01.000]  我們明白
[01:12:01.000 --> 01:12:04.000]  但耶穌得到刑罰我們得到醫治
[01:12:04.000 --> 01:12:07.000]  有沒有關係
[01:12:07.000 --> 01:12:09.000]  都不問這個問題
[01:12:09.000 --> 01:12:10.000]  有沒有可能一個人
[01:12:10.000 --> 01:12:11.000]  一個普通人
[01:12:11.000 --> 01:12:12.000]  他受到刑罰
[01:12:12.000 --> 01:12:14.000]  令其他人得平安醫治
[01:12:14.000 --> 01:12:16.000]  應該不行
[01:12:16.000 --> 01:12:20.000]  有沒有例子是類似的
[01:12:20.000 --> 01:12:23.000]  大家有沒有小朋友
[01:12:23.000 --> 01:12:25.000]  如果你有小朋友
[01:12:25.000 --> 01:12:27.000]  如果小朋友試過小時候
[01:12:27.000 --> 01:12:29.000]  可能因為他大意
[01:12:29.000 --> 01:12:31.000]  做錯事
[01:12:31.000 --> 01:12:34.000]  例如他衝出馬路
[01:12:34.000 --> 01:12:36.000]  你在旁邊見到
[01:12:36.000 --> 01:12:38.000]  馬上會做什麼事
[01:12:38.000 --> 01:12:41.000]  衝出去抱回來
[01:12:41.000 --> 01:12:43.000]  在這個過程可能他沒事
[01:12:43.000 --> 01:12:46.000]  而誰有事
[01:12:46.000 --> 01:12:48.000]  你有事
[01:12:48.000 --> 01:12:50.000]  一個人受到刑罰
[01:12:50.000 --> 01:12:53.000]  為什麼會被車撞到
[01:12:53.000 --> 01:12:55.000]  誰做錯事
[01:12:55.000 --> 01:12:57.000]  小朋友做錯事
[01:12:57.000 --> 01:12:59.000]  但你為了救他
[01:12:59.000 --> 01:13:01.000]  誰受刑罰
[01:13:01.000 --> 01:13:02.000]  你受刑罰
[01:13:02.000 --> 01:13:07.000]  而你受刑罰後誰得到平安
[01:13:07.000 --> 01:13:09.000]  明白我的意思嗎
[01:13:09.000 --> 01:13:11.000]  所以當我們這樣想的時候
[01:13:11.000 --> 01:13:12.000]  沒錯
[01:13:12.000 --> 01:13:14.000]  這件事固然在屬靈上
[01:13:14.000 --> 01:13:17.000]  我們理解耶穌基督是對我們的拯救
[01:13:17.000 --> 01:13:20.000]  但在日常生活裡
[01:13:20.000 --> 01:13:22.000]  不要去到屬靈的拯救
[01:13:22.000 --> 01:13:24.000]  日常生活的平安醫治
[01:13:24.000 --> 01:13:27.000]  都可以發生在一般人身上
[01:13:27.000 --> 01:13:33.000]  我們全都像羊迷了路
[01:13:33.000 --> 01:13:35.000]  我們轉了身各往自己的路
[01:13:35.000 --> 01:13:37.000]  上主使我們所有的罪業
[01:13:37.000 --> 01:13:39.000]  都歸到他們身上
[01:13:39.000 --> 01:13:41.000]  這裡說
[01:13:41.000 --> 01:13:44.000]  上主使我們的罪業歸到他們身上
[01:13:44.000 --> 01:13:45.000]  這個的確是困難
[01:13:45.000 --> 01:13:50.000]  因為不可能將其他人的罪歸到一個人身上
[01:13:50.000 --> 01:13:54.000]  關鍵是這個「歸」這個字的翻譯很難教
[01:13:54.000 --> 01:13:55.000]  很難教
[01:13:55.000 --> 01:13:58.000]  這個「歸」字是否真的要做「歸」呢
[01:13:58.000 --> 01:13:59.000]  是一個很複雜的問題
[01:13:59.000 --> 01:14:02.000]  因為同一個字在這一章出現過
[01:14:02.000 --> 01:14:05.000]  在十二字出現過
[01:14:05.000 --> 01:14:06.000]  他許多人的罪
[01:14:06.000 --> 01:14:07.000]  他擔負了
[01:14:07.000 --> 01:14:09.000]  又為背叛者什麼
[01:14:09.000 --> 01:14:12.000]  代求同一個字
[01:14:12.000 --> 01:14:16.000]  代求和「歸」是同一個字
[01:14:16.000 --> 01:14:19.000]  所以是否真的要做「歸」呢
[01:14:19.000 --> 01:14:20.000]  大家都知道
[01:14:20.000 --> 01:14:22.000]  新學員都很努力的
[01:14:22.000 --> 01:14:25.000]  這個也是很大部分學者的看法
[01:14:25.000 --> 01:14:26.000]  但是否必然是這樣呢
[01:14:26.000 --> 01:14:27.000]  我想告訴你
[01:14:27.000 --> 01:14:30.000]  這個字可能可以有什麼不同的翻譯
[01:14:30.000 --> 01:14:31.000]  他可以翻譯成
[01:14:31.000 --> 01:14:33.000]  上主使我們所有的罪業
[01:14:33.000 --> 01:14:36.000]  淋到他身上
[01:14:36.000 --> 01:14:40.000]  那就不同了
[01:14:40.000 --> 01:14:43.000]  容讓我們所有的罪業都擊打在他身上
[01:14:43.000 --> 01:14:46.000]  他不是使是容讓
[01:14:46.000 --> 01:14:50.000]  而是上帝容讓
[01:14:50.000 --> 01:14:53.000]  容讓我們的罪業都擊打在他身上
[01:14:53.000 --> 01:14:55.000]  甚至剛才我說代求
[01:14:55.000 --> 01:14:56.000]  就可以翻譯成
[01:14:56.000 --> 01:14:58.000]  為我們所有的罪業向他代求
[01:14:58.000 --> 01:14:59.000]  當然這是有些奇怪的
[01:14:59.000 --> 01:15:01.000]  為什麼會向他代求呢
[01:15:01.000 --> 01:15:03.000]  這是另一個翻譯
[01:15:03.000 --> 01:15:04.000]  上主在他身上
[01:15:04.000 --> 01:15:06.000]  預見了我們所有的罪業
[01:15:06.000 --> 01:15:08.000]  這個字可以解作「預見」
[01:15:08.000 --> 01:15:12.000]  當他不是歇斯底里的詞態的時候
[01:15:12.000 --> 01:15:14.000]  但是很多時候
[01:15:14.000 --> 01:15:15.000]  你讀過希伯來文會就知道
[01:15:15.000 --> 01:15:16.000]  有時即使是希伯來文會
[01:15:16.000 --> 01:15:21.000]  都可以用卡爾的詞態去解釋
[01:15:21.000 --> 01:15:22.000]  如果是這樣的話
[01:15:22.000 --> 01:15:24.000]  他就可以做「預見」
[01:15:24.000 --> 01:15:25.000]  你說上主在他身上
[01:15:25.000 --> 01:15:28.000]  預不預見我們的罪啊
[01:15:28.000 --> 01:15:29.000]  什麼意思啊
[01:15:29.000 --> 01:15:32.000]  當人們這麼惡待這個人的時候
[01:15:32.000 --> 01:15:33.000]  上帝看著這個人
[01:15:33.000 --> 01:15:35.000]  就是看到什麼
[01:15:35.000 --> 01:15:37.000]  看到周圍人的罪啊
[01:15:37.000 --> 01:15:38.000]  對不對
[01:15:38.000 --> 01:15:41.000]  在他身上預見我們的罪
[01:15:41.000 --> 01:15:42.000]  淋到
[01:15:42.000 --> 01:15:45.000]  好了 姑勿論哪個解釋
[01:15:45.000 --> 01:15:47.000]  坦白說我也定不了案
[01:15:47.000 --> 01:15:48.000]  因為這個太難了
[01:15:48.000 --> 01:15:49.000]  但無論如何
[01:15:49.000 --> 01:15:50.000]  在上主看來
[01:15:50.000 --> 01:15:53.000]  僕人受苦都簡單來說
[01:15:53.000 --> 01:15:56.000]  起碼一個一定可以的解釋就是
[01:15:56.000 --> 01:15:57.000]  是不是關僕人的罪啊
[01:15:57.000 --> 01:15:59.000]  不是 是誰的罪啊
[01:15:59.000 --> 01:16:01.000]  眾人的罪
[01:16:01.000 --> 01:16:02.000]  是不是
[01:16:02.000 --> 01:16:03.000]  好了
[01:16:03.000 --> 01:16:05.000]  他被壓迫受惡待
[01:16:05.000 --> 01:16:07.000]  卻從不開口
[01:16:07.000 --> 01:16:10.000]  長一頭羊羔被牽到宰殺之地
[01:16:10.000 --> 01:16:12.000]  如同一個無羊
[01:16:12.000 --> 01:16:13.000]  無面羊
[01:16:13.000 --> 01:16:15.000]  在子母的人手下
[01:16:15.000 --> 01:16:17.000]  面前不作聲
[01:16:17.000 --> 01:16:19.000]  他就是從不開他的口
[01:16:19.000 --> 01:16:21.000]  好了 這個我們知道了
[01:16:21.000 --> 01:16:23.000]  因拘禁眾
[01:16:23.000 --> 01:16:25.000]  在審判下
[01:16:25.000 --> 01:16:26.000]  他被搶走
[01:16:26.000 --> 01:16:29.000]  新漢語今次專門翻譯為
[01:16:29.000 --> 01:16:30.000]  拘禁
[01:16:30.000 --> 01:16:32.000]  這個字在和合本不是這樣翻譯的
[01:16:32.000 --> 01:16:35.000]  但我覺得這個翻譯也很適合
[01:16:35.000 --> 01:16:37.000]  這個更反映
[01:16:37.000 --> 01:16:39.000]  這個僕人面對什麼情況
[01:16:39.000 --> 01:16:43.000]  牢獄的問題
[01:16:43.000 --> 01:16:45.000]  他說一些不中聽的話
[01:16:45.000 --> 01:16:47.000]  結果要怎樣
[01:16:47.000 --> 01:16:49.000]  被人抓去坐牢
[01:16:49.000 --> 01:16:51.000]  是不是
[01:16:51.000 --> 01:16:53.000]  在審判下
[01:16:53.000 --> 01:16:54.000]  對不對
[01:16:54.000 --> 01:16:56.000]  他被搶走
[01:16:56.000 --> 01:16:58.000]  至於他的命運誰會思量呢
[01:16:58.000 --> 01:17:01.000]  因為他從活人之地被什麼
[01:17:01.000 --> 01:17:03.000]  剪除
[01:17:03.000 --> 01:17:05.000]  是因誰的國法
[01:17:05.000 --> 01:17:06.000]  因我子母的國法
[01:17:06.000 --> 01:17:08.000]  禍難歸到他
[01:17:08.000 --> 01:17:10.000]  這班我們原來最終說到這裡
[01:17:10.000 --> 01:17:13.000]  他們知道這個僕人好
[01:17:13.000 --> 01:17:14.000]  知道原來他所受的
[01:17:14.000 --> 01:17:16.000]  都是因為我們以前的不對
[01:17:16.000 --> 01:17:18.000]  但到最後他竟然見證這個僕人
[01:17:18.000 --> 01:17:21.000]  最終從活人之地被什麼
[01:17:21.000 --> 01:17:23.000]  剪除
[01:17:23.000 --> 01:17:25.000]  漏了個「從」字
[01:17:25.000 --> 01:17:27.000]  從活人之地被剪除
[01:17:27.000 --> 01:17:30.000]  你明不明白為什麼這首詩
[01:17:30.000 --> 01:17:32.000]  不是一個僕人自述
[01:17:32.000 --> 01:17:36.000]  而是一班我們自述
[01:17:36.000 --> 01:17:38.000]  明白我說什麼嗎
[01:17:38.000 --> 01:17:40.000]  為什麼不是一個僕人自述
[01:17:40.000 --> 01:17:46.000]  因為他都被剪除了
[01:17:46.000 --> 01:17:50.000]  他的命可能都已經犧牲了
[01:17:50.000 --> 01:17:54.000]  幸好有一班什麼
[01:17:54.000 --> 01:17:57.000]  有一班我們
[01:17:57.000 --> 01:17:59.000]  肯說回這件事
[01:17:59.000 --> 01:18:02.000]  這班我們走出來去見證這個僕人
[01:18:02.000 --> 01:18:03.000]  你可以想像這班我們
[01:18:03.000 --> 01:18:06.000]  其實原本都是什麼
[01:18:06.000 --> 01:18:08.000]  原本聽不聽話
[01:18:08.000 --> 01:18:11.000]  原本都是以色列人不肯聽的
[01:18:11.000 --> 01:18:13.000]  所以他說我們以前都不尊重他
[01:18:13.000 --> 01:18:15.000]  都覺得他該死
[01:18:15.000 --> 01:18:19.000]  但這班我們肯聽
[01:18:19.000 --> 01:18:22.000]  終於有一班人聽
[01:18:22.000 --> 01:18:23.000]  終於有一班人聽
[01:18:23.000 --> 01:18:25.000]  所以這班我們寫出來
[01:18:25.000 --> 01:18:29.000]  就說因他受的變相
[01:18:29.000 --> 01:18:30.000]  好了
[01:18:30.000 --> 01:18:32.000]  他說回他被犧牲了
[01:18:32.000 --> 01:18:34.000]  他也是為我們反被犧牲
[01:18:34.000 --> 01:18:36.000]  這句是最難解的一句
[01:18:36.000 --> 01:18:40.000]  因為上主喜悅把他壓碎
[01:18:40.000 --> 01:18:42.000]  視他受傷
[01:18:42.000 --> 01:18:45.000]  若你自他的性命作贖獻祭
[01:18:45.000 --> 01:18:46.000]  他必看見效益
[01:18:46.000 --> 01:18:47.000]  日子已延長
[01:18:47.000 --> 01:18:49.000]  上主所喜悅的
[01:18:49.000 --> 01:18:51.000]  必在他手中行動
[01:18:51.000 --> 01:18:54.000]  這句經文我們一直都知道
[01:18:54.000 --> 01:18:56.000]  上帝在和學本也說
[01:18:56.000 --> 01:19:01.000]  你以他的生命為贖罪祭
[01:19:01.000 --> 01:19:03.000]  所以我們知道這句很適合耶和耶穌
[01:19:03.000 --> 01:19:06.000]  因為耶穌才可以做贖罪祭
[01:19:06.000 --> 01:19:08.000]  其他人做不做得到
[01:19:08.000 --> 01:19:09.000]  不做得到
[01:19:09.000 --> 01:19:10.000]  你和我就算多大犧牲
[01:19:10.000 --> 01:19:11.000]  都不會做到贖罪祭
[01:19:11.000 --> 01:19:12.000]  你放心
[01:19:12.000 --> 01:19:17.000]  所以這句無理由是說這個僕人
[01:19:17.000 --> 01:19:19.000]  但新漢語真是厲害
[01:19:19.000 --> 01:19:21.000]  因為他這次專門翻譯了
[01:19:21.000 --> 01:19:23.000]  一個和學本和修館都不肯翻譯的字
[01:19:23.000 --> 01:19:25.000]  若
[01:19:25.000 --> 01:19:27.000]  什麼叫若
[01:19:27.000 --> 01:19:31.000]  如果
[01:19:31.000 --> 01:19:32.000]  什麼叫如果
[01:19:32.000 --> 01:19:35.000]  什麼叫假如
[01:19:35.000 --> 01:19:37.000]  是否真的發生了
[01:19:37.000 --> 01:19:40.000]  可能不一定
[01:19:40.000 --> 01:19:42.000]  你看清楚這句經文說什麼
[01:19:42.000 --> 01:19:45.000]  我將它拆開兩部分
[01:19:45.000 --> 01:19:47.000]  上主喜悅把他壓碎
[01:19:47.000 --> 01:19:48.000]  使他受傷
[01:19:48.000 --> 01:19:49.000]  而最下面是什麼
[01:19:49.000 --> 01:19:50.000]  上主所喜悅的
[01:19:50.000 --> 01:19:52.000]  必在他手中行動
[01:19:52.000 --> 01:19:54.000]  其實你讀這句經文也奇怪
[01:19:54.000 --> 01:19:57.000]  其實上主會否喜悅把一個人壓碎
[01:19:57.000 --> 01:19:58.000]  使他受傷
[01:19:58.000 --> 01:20:00.000]  我們覺得不合理
[01:20:00.000 --> 01:20:02.000]  雖然在耶穌身上我們見到
[01:20:02.000 --> 01:20:07.000]  但是否上帝喜悅壓碎耶穌
[01:20:07.000 --> 01:20:10.000]  都好像很難這樣說得出
[01:20:10.000 --> 01:20:12.000]  所以上帝竟然喜悅這些
[01:20:12.000 --> 01:20:14.000]  但下面就說
[01:20:14.000 --> 01:20:16.000]  其實上主所喜悅的是什麼
[01:20:16.000 --> 01:20:17.000]  在他手中亨通
[01:20:17.000 --> 01:20:18.000]  是什麼事
[01:20:18.000 --> 01:20:21.000]  去看見後日子延長
[01:20:21.000 --> 01:20:22.000]  但上面就說
[01:20:22.000 --> 01:20:24.000]  他的生命做了贖罪者
[01:20:24.000 --> 01:20:25.000]  即是犧牲了
[01:20:25.000 --> 01:20:28.000]  所以這裡其實是在說一件事
[01:20:28.000 --> 01:20:33.000]  他在比較兩種喜悅
[01:20:33.000 --> 01:20:34.000]  究竟上主是喜悅
[01:20:34.000 --> 01:20:36.000]  把他壓碎受傷
[01:20:36.000 --> 01:20:39.000]  還是上主喜悅
[01:20:39.000 --> 01:20:41.000]  在他手中亨通
[01:20:41.000 --> 01:20:42.000]  究竟兩種生命
[01:20:42.000 --> 01:20:44.000]  一個是生命作為贖罪者
[01:20:44.000 --> 01:20:48.000]  還是去看見後日子延長
[01:20:48.000 --> 01:20:50.000]  好像在做一個比較
[01:20:50.000 --> 01:20:52.000]  好了
[01:20:52.000 --> 01:20:53.000]  上主真正喜悅
[01:20:53.000 --> 01:20:54.000]  是上面那一部分
[01:20:54.000 --> 01:20:55.000]  還是下面那一部分
[01:20:55.000 --> 01:20:57.000]  我就嘗試和你問這個問題
[01:20:57.000 --> 01:20:58.000]  然後我再告訴你
[01:20:58.000 --> 01:21:00.000]  這個約是什麼意思
[01:21:00.000 --> 01:21:02.000]  我將兩句說話連在一起
[01:21:02.000 --> 01:21:03.000]  這樣讀語氣
[01:21:03.000 --> 01:21:05.000]  看你覺得會不會是這樣
[01:21:05.000 --> 01:21:07.000]  上主喜悅把他壓碎
[01:21:07.000 --> 01:21:09.000]  使他受傷
[01:21:09.000 --> 01:21:12.000]  如果可以置他的生命
[01:21:12.000 --> 01:21:15.000]  做贖罪者的話
[01:21:15.000 --> 01:21:16.000]  明白我說什麼嗎
[01:21:16.000 --> 01:21:18.000]  即是說如果這個人
[01:21:18.000 --> 01:21:19.000]  真的可以做贖罪者
[01:21:19.000 --> 01:21:21.000]  那上主就是什麼
[01:21:21.000 --> 01:21:23.000]  上主就可以將他壓傷
[01:21:23.000 --> 01:21:26.000]  因為壓傷他就可以做贖罪者
[01:21:26.000 --> 01:21:28.000]  但是可不可以呢
[01:21:28.000 --> 01:21:30.000]  他不可以
[01:21:30.000 --> 01:21:32.000]  所以上主是否真是喜悅
[01:21:32.000 --> 01:21:34.000]  所以他就約
[01:21:34.000 --> 01:21:36.000]  而真正上主喜悅的是什麼
[01:21:36.000 --> 01:21:39.000]  去看見後日子延長
[01:21:39.000 --> 01:21:41.000]  喜悅的事在他手中亨通
[01:21:41.000 --> 01:21:43.000]  這個是我的解讀
[01:21:43.000 --> 01:21:46.000]  我不敢說一定是對
[01:21:46.000 --> 01:21:47.000]  但我就會
[01:21:47.000 --> 01:21:48.000]  看到這個時候
[01:21:48.000 --> 01:21:49.000]  再加上
[01:21:49.000 --> 01:21:51.000]  其實本身這句說話的翻譯
[01:21:51.000 --> 01:21:52.000]  是很有問題的
[01:21:52.000 --> 01:21:54.000]  不關漢院士的事
[01:21:54.000 --> 01:21:55.000]  因為他已經翻譯了
[01:21:55.000 --> 01:21:57.000]  「約」字出來已經很厲害
[01:21:57.000 --> 01:22:03.000]  因為你置他生命
[01:22:03.000 --> 01:22:05.000]  上面是約你置他的生命
[01:22:05.000 --> 01:22:06.000]  做贖罪者
[01:22:06.000 --> 01:22:09.000]  那個「置」這個動詞
[01:22:09.000 --> 01:22:11.000]  在希伯來文
[01:22:11.000 --> 01:22:12.000]  每一個動詞都有
[01:22:12.000 --> 01:22:14.000]  他是什麼性別的
[01:22:14.000 --> 01:22:16.000]  和第幾身的
[01:22:16.000 --> 01:22:18.000]  一定是我們他做的這個字
[01:22:18.000 --> 01:22:20.000]  是講明的
[01:22:20.000 --> 01:22:24.000]  在希伯來文原文不是「你」
[01:22:24.000 --> 01:22:26.000]  但是為什麼會譯成「你」
[01:22:26.000 --> 01:22:29.000]  因為七十事亦本亦可做「你」
[01:22:29.000 --> 01:22:31.000]  所以很多學者都會參考
[01:22:31.000 --> 01:22:32.000]  七十事亦本亦做「你」
[01:22:32.000 --> 01:22:33.000]  那就譯成「你」
[01:22:33.000 --> 01:22:34.000]  好像比較合理
[01:22:34.000 --> 01:22:35.000]  這樣解得通
[01:22:35.000 --> 01:22:39.000]  他原本是一個女性
[01:22:39.000 --> 01:22:41.000]  女性他
[01:22:41.000 --> 01:22:43.000]  是一個女性他置他的生命
[01:22:43.000 --> 01:22:45.000]  做贖罪者
[01:22:45.000 --> 01:22:48.000]  誰突然間彈了一個女性出來
[01:22:48.000 --> 01:22:52.000]  我後面再括一個女性字
[01:22:52.000 --> 01:22:53.000]  在這句說話中
[01:22:53.000 --> 01:22:55.000]  哪個字是女性字
[01:22:55.000 --> 01:22:57.000]  這個字是女性字
[01:22:57.000 --> 01:23:00.000]  所以這句說話其實可以譯做
[01:23:00.000 --> 01:23:05.000]  如果他的生命可以置為贖罪者
[01:23:05.000 --> 01:23:06.000]  即是說
[01:23:06.000 --> 01:23:08.000]  如果他的生命可以置為贖罪者
[01:23:08.000 --> 01:23:10.000]  那上主就喜悅巴他
[01:23:10.000 --> 01:23:12.000]  亞瑞士他受傷
[01:23:12.000 --> 01:23:16.000]  這是不同的翻譯可能出現的效果
[01:23:16.000 --> 01:23:19.000]  這個純粹是我的個人看法
[01:23:19.000 --> 01:23:21.000]  給大家參考一下
[01:23:21.000 --> 01:23:23.000]  但我大體想說的是
[01:23:23.000 --> 01:23:25.000]  上主真正喜悅的是
[01:23:25.000 --> 01:23:29.000]  他成就使命見到侯睿
[01:23:29.000 --> 01:23:32.000]  而我們明白僕人無白白犧牲
[01:23:32.000 --> 01:23:33.000]  是帶來改變
[01:23:33.000 --> 01:23:36.000]  這個「我們」是誰呢
[01:23:36.000 --> 01:23:38.000]  好了
[01:23:38.000 --> 01:23:41.000]  我要跳這個經文
[01:23:41.000 --> 01:23:43.000]  最後
[01:23:43.000 --> 01:23:44.000]  第四首僕人之歌
[01:23:44.000 --> 01:23:45.000]  這個「我們」是誰呢
[01:23:45.000 --> 01:23:47.000]  我說有很多可能性
[01:23:47.000 --> 01:23:48.000]  會不會第一個可能性
[01:23:48.000 --> 01:23:50.000]  有不同的學者寫這個可能性
[01:23:50.000 --> 01:23:52.000]  他就說這個會不會是
[01:23:52.000 --> 01:23:54.000]  僕人的門徒
[01:23:54.000 --> 01:23:56.000]  可能是
[01:23:56.000 --> 01:23:59.000]  但亦都可以是他的跟隨者
[01:23:59.000 --> 01:24:00.000]  或者是一班
[01:24:00.000 --> 01:24:03.000]  願意接受僕人勸告的一班人
[01:24:03.000 --> 01:24:05.000]  因為你看到這首詩裏面
[01:24:05.000 --> 01:24:06.000]  很明顯就是說
[01:24:06.000 --> 01:24:08.000]  這班「我們」原先都不信
[01:24:08.000 --> 01:24:09.000]  原先都不尊重
[01:24:09.000 --> 01:24:11.000]  但後來才尊重
[01:24:11.000 --> 01:24:12.000]  所以一個這樣的轉變
[01:24:12.000 --> 01:24:14.000]  他們就接受勸告的一班人
[01:24:14.000 --> 01:24:16.000]  而他們在僕人遭害之後
[01:24:16.000 --> 01:24:17.000]  向僕人解釋
[01:24:17.000 --> 01:24:20.000]  僕人遭遇不是他的罪
[01:24:20.000 --> 01:24:23.000]  他接觸了僕人的任務去勸他們
[01:24:23.000 --> 01:24:25.000]  所以
[01:24:25.000 --> 01:24:27.000]  受先知勸的一班「我們」
[01:24:27.000 --> 01:24:29.000]  講述已經犧牲的先知
[01:24:29.000 --> 01:24:31.000]  可以嗎
[01:24:31.000 --> 01:24:34.000]  這個是四首僕人之歌的解讀
[01:24:34.000 --> 01:24:35.000]  當然
[01:24:35.000 --> 01:24:36.000]  為什麼今天我們會將這首歌
[01:24:36.000 --> 01:24:38.000]  用在耶穌基督身上呢
[01:24:38.000 --> 01:24:40.000]  我在這裏這樣說
[01:24:40.000 --> 01:24:41.000]  在舊約
[01:24:41.000 --> 01:24:42.000]  原來如果真的這樣說
[01:24:42.000 --> 01:24:44.000]  有位先知成為上帝僕人
[01:24:44.000 --> 01:24:48.000]  獻上自己勸以色列人回歸上帝
[01:24:48.000 --> 01:24:50.000]  而在新約我們就見到哪一個
[01:24:50.000 --> 01:24:54.000]  耶穌基督成為最圓滿的上帝僕人
[01:24:54.000 --> 01:24:55.000]  是不是
[01:24:55.000 --> 01:24:59.000]  他就是親身下來要勸世人跟上帝和好
[01:24:59.000 --> 01:25:01.000]  他甚至犧牲什麼
[01:25:01.000 --> 01:25:02.000]  自己的性命
[01:25:02.000 --> 01:25:04.000]  他就真的做到贖罪制
[01:25:04.000 --> 01:25:05.000]  是不是
[01:25:05.000 --> 01:25:08.000]  來使世人跟上帝和好
[01:25:08.000 --> 01:25:11.000]  所以這首歌很適合
[01:25:11.000 --> 01:25:12.000]  但如果是這樣的話
[01:25:12.000 --> 01:25:14.000]  即是說這四首歌原來不只是
[01:25:14.000 --> 01:25:17.000]  應用在耶穌身上
[01:25:17.000 --> 01:25:20.000]  也可以應用在古代一個先知身上
[01:25:20.000 --> 01:25:21.000]  我就會問
[01:25:21.000 --> 01:25:26.000]  可不可以應用在今天
[01:25:26.000 --> 01:25:30.000]  你和我願意成為上帝僕人
[01:25:30.000 --> 01:25:34.000]  去勸色列人回歸上帝的一個人
[01:25:34.000 --> 01:25:36.000]  當然我們能不能做到贖罪制
[01:25:36.000 --> 01:25:37.000]  做不到你不用想了
[01:25:37.000 --> 01:25:38.000]  我們都未必做到
[01:25:38.000 --> 01:25:41.000]  好像這個僕人所說犧牲這麼大
[01:25:41.000 --> 01:25:44.000]  但我們都盡可能有盡我們的能力
[01:25:44.000 --> 01:25:48.000]  在周圍的人不願意回歸上帝的時候
[01:25:48.000 --> 01:25:51.000]  我們代替接替僕人的工作
[01:25:51.000 --> 01:25:54.000]  令他們成為上主的僕人
[01:25:54.000 --> 01:25:55.000]  好
[01:25:55.000 --> 01:25:57.000]  在我筆記最後還有第五首僕人之歌
[01:25:57.000 --> 01:25:59.000]  那我當然唯有不說了
[01:25:59.000 --> 01:26:00.000]  因為時間已經到了
[01:26:00.000 --> 01:26:01.000]  二十九分了
[01:26:01.000 --> 01:26:02.000]  有第五首僕人之歌
[01:26:02.000 --> 01:26:03.000]  這個是有學者說過的
[01:26:03.000 --> 01:26:05.000]  如果你有看過神話書
[01:26:05.000 --> 01:26:07.000]  其中一個王樂
[01:26:07.000 --> 01:26:10.000]  曾經說過有第五首僕人之歌
[01:26:10.000 --> 01:26:11.000]  第六十一章
[01:26:11.000 --> 01:26:14.000]  其實因為如果去到第五十五章尾
[01:26:14.000 --> 01:26:16.000]  就是回歸耶路撒冷
[01:26:16.000 --> 01:26:17.000]  第五十六章開始
[01:26:17.000 --> 01:26:19.000]  就是回到去之後的情況
[01:26:19.000 --> 01:26:20.000]  那哪一幫人回去了
[01:26:20.000 --> 01:26:23.000]  就是肯聽回去的那幫人
[01:26:23.000 --> 01:26:25.000]  那幫人就在回歸的地方上
[01:26:25.000 --> 01:26:27.000]  繼續僕人的使命
[01:26:27.000 --> 01:26:30.000]  甚至我想這幫會不會就是那幫我們呢
[01:26:30.000 --> 01:26:33.000]  所以有第五首僕人之歌
[01:26:33.000 --> 01:26:35.000]  而第五首
[01:26:35.000 --> 01:26:39.000]  在第五十六至六十六章裏面的僕人
[01:26:39.000 --> 01:26:41.000]  如果你看英文你會知道多一點
[01:26:41.000 --> 01:26:42.000]  看中文你未必看到
[01:26:42.000 --> 01:26:45.000]  那些僕人全部都是眾數
[01:26:45.000 --> 01:26:46.000]  不再是單獨一個僕人
[01:26:46.000 --> 01:26:48.000]  全部都是僕人們
[01:26:48.000 --> 01:26:51.000]  因為他們已經是一幫人了
[01:26:51.000 --> 01:26:53.000]  好了
[01:26:53.000 --> 01:26:55.000]  這首詩就是大家很熟悉的
[01:26:55.000 --> 01:26:58.000]  上主的靈在我身上
[01:26:58.000 --> 01:26:59.000]  因為上主高我
[01:26:59.000 --> 01:27:02.000]  差我去報好上司給困苦人
[01:27:02.000 --> 01:27:04.000]  去包扎收心碎的人
[01:27:04.000 --> 01:27:06.000]  向被擄的宣告自由
[01:27:06.000 --> 01:27:09.000]  又向被囚的宣告全釋放
[01:27:09.000 --> 01:27:11.000]  是不是又是那個僕人的使命
[01:27:11.000 --> 01:27:13.000]  又是類似的使命
[01:27:13.000 --> 01:27:15.000]  又是繼續
[01:27:15.000 --> 01:27:24.000]  不說了這幾節
[01:27:24.000 --> 01:27:26.000]  所以有第五首
[01:27:26.000 --> 01:27:27.000]  我會覺得
[01:27:27.000 --> 01:27:29.000]  他更全神去表達
[01:27:29.000 --> 01:27:31.000]  這幫我們在第四首之後
[01:27:31.000 --> 01:27:33.000]  會不會他們回歸之後
[01:27:33.000 --> 01:27:36.000]  繼續承傳這個任務
[01:27:36.000 --> 01:27:37.000]  可以嗎
[01:27:37.000 --> 01:27:38.000]  好
[01:27:38.000 --> 01:27:40.000]  所以我今天的題目的確是
[01:27:40.000 --> 01:27:41.000]  作為僕人之歌
[01:27:41.000 --> 01:27:42.000]  我真的有個副題
[01:27:42.000 --> 01:27:43.000]  副題就是
[01:27:43.000 --> 01:27:46.000]  誰是今天的上主僕人
[01:27:46.000 --> 01:27:49.000]  今天誰願意承傳這個使命
[01:27:49.000 --> 01:27:58.000]  繼續去侍奉
[01:27:58.000 --> 01:28:00.000]  阿伯父你在不同的時代
[01:28:00.000 --> 01:28:05.000]  你都呼召人起力去侍奉你
[01:28:05.000 --> 01:28:07.000]  每一個時代都困難
[01:28:07.000 --> 01:28:08.000]  我們今天這個時代
[01:28:08.000 --> 01:28:10.000]  都同樣困難
[01:28:10.000 --> 01:28:12.000]  大眾也是這麼困難
[01:28:12.000 --> 01:28:14.000]  我們是這麼軟弱
[01:28:14.000 --> 01:28:15.000]  但在你眼中
[01:28:15.000 --> 01:28:18.000]  你都仍然會說
[01:28:18.000 --> 01:28:19.000]  我們願意的話
[01:28:19.000 --> 01:28:23.000]  我們都可以成為你的僕人
[01:28:23.000 --> 01:28:24.000]  求你在我們心中工作
[01:28:24.000 --> 01:28:25.000]  開開我們的眼睛
[01:28:25.000 --> 01:28:26.000]  讓我們看到
[01:28:26.000 --> 01:28:28.000]  我們是微小
[01:28:28.000 --> 01:28:31.000]  但我們能夠為你擺相
[01:28:31.000 --> 01:28:33.000]  在我們身處的群體
[01:28:33.000 --> 01:28:35.000]  在香港這個地方
[01:28:35.000 --> 01:28:40.000]  繼續讓被露的得釋放
[01:28:40.000 --> 01:28:43.000]  讓在黑暗裏面的見到光明
[01:28:43.000 --> 01:28:45.000]  讓未認識你的
[01:28:45.000 --> 01:28:48.000]  能夠尋得到你
[01:28:48.000 --> 01:28:51.000]  在這個地上成為眾民的光
[01:28:51.000 --> 01:28:53.000]  萬民的藥
[01:28:53.000 --> 01:28:57.000]  成為人和神中間的橋樑
[01:28:57.000 --> 01:28:58.000]  主要求你幫助我們
[01:28:58.000 --> 01:28:59.000]  使用我們
[01:28:59.000 --> 01:29:00.000]  堅固我們
[01:29:00.000 --> 01:29:02.000]  讓我們看到在前面有困難
[01:29:02.000 --> 01:29:06.000]  有很多可能令我們很難受的事情
[01:29:06.000 --> 01:29:09.000]  但無論過去
[01:29:09.000 --> 01:29:11.000]  甚至去到耶穌時代
[01:29:11.000 --> 01:29:13.000]  去到今天
[01:29:13.000 --> 01:29:16.000]  都一樣可以堅固我們
[01:29:16.000 --> 01:29:18.000]  聽我禱告奉主耶穌基督的名義
[01:29:18.000 --> 01:29:19.000]  阿門
