
[00:00:00.000 --> 00:00:05.800]  很感恩弟兄姊妹午餐後都有這個特別的聚會去參加
[00:00:05.800 --> 00:00:09.600]  這個題目其實都吸引的
[00:00:09.600 --> 00:00:12.240]  吸引的地方是我們應該怎樣去看
[00:00:12.240 --> 00:00:16.400]  跟我們的宗派有少許不同的神學上
[00:00:16.400 --> 00:00:18.080]  到底它是異端?
[00:00:18.080 --> 00:00:20.680]  它是有什麼極端的問題?
[00:00:20.680 --> 00:00:22.680]  還是我們有問題?
[00:00:22.680 --> 00:00:24.480]  我們都要去了解
[00:00:24.480 --> 00:00:27.680]  所以今天很開心有廖炳棠牧師
[00:00:27.680 --> 00:00:30.400]  他在這個課題有沒有二十年?
[00:00:30.400 --> 00:00:31.800]  這方面的研究
[00:00:31.800 --> 00:00:35.800]  真的他一直跟靈因的牧者有對話
[00:00:35.800 --> 00:00:38.480]  直接的對話其實是更加寶貴
[00:00:38.480 --> 00:00:41.880]  所以我們就把這個時間交給廖炳棠牧師
[00:00:41.880 --> 00:00:53.280]  洪恩棠弟兄姊妹平安
[00:00:53.280 --> 00:00:56.200]  很開心今天下午有機會跟大家見面
[00:00:56.200 --> 00:01:00.600]  星期日下午都會回來聽講座
[00:01:00.600 --> 00:01:02.000]  我通常有一個概念
[00:01:02.000 --> 00:01:03.800]  就是應該是比較愛主的弟兄姊妹
[00:01:03.800 --> 00:01:06.800]  認真信仰的人
[00:01:06.800 --> 00:01:14.000]  所以講之前想知道一下大家
[00:01:14.000 --> 00:01:17.800]  有多少人你接觸的朋友或者認識的人當中
[00:01:17.800 --> 00:01:21.600]  有人是你覺得他在參加靈因的教會的?
[00:01:21.600 --> 00:01:23.400]  有沒有?有沒有人接觸?
[00:01:23.400 --> 00:01:25.000]  都不少
[00:01:25.000 --> 00:01:27.400]  另外第二個問題想知道大家接觸的
[00:01:27.400 --> 00:01:30.000]  你們自己覺得有沒有參加過某些聚會
[00:01:30.000 --> 00:01:31.000]  是有一些靈因成份
[00:01:31.000 --> 00:01:34.600]  或者是靈因的機構他們舉辦的聚會?
[00:01:34.600 --> 00:01:35.200]  有沒有人?
[00:01:35.200 --> 00:01:36.400]  都很多
[00:01:36.400 --> 00:01:39.000]  這個都是不奇怪
[00:01:39.000 --> 00:01:43.000]  因為我想靈因運動其實在人數上面
[00:01:43.000 --> 00:01:45.000]  就是1998年之後
[00:01:45.000 --> 00:01:47.400]  就已經是超越了傳統的方信仰
[00:01:47.400 --> 00:01:49.400]  就是全世界的統計
[00:01:49.400 --> 00:01:52.400]  估計是六億至七億左右
[00:01:52.400 --> 00:01:56.200]  傳統的方信仰現在大概是三億多
[00:01:56.200 --> 00:01:59.400]  就是說他們可能是一倍
[00:01:59.400 --> 00:02:04.000]  所以去全世界其實他們是多數
[00:02:04.000 --> 00:02:07.600]  當然多數就不一定他們走在聖經裏面
[00:02:07.600 --> 00:02:11.000]  如果偏差的多數都可能是一個很擔心的現象
[00:02:11.000 --> 00:02:11.800]  都不一定的
[00:02:11.800 --> 00:02:14.000]  我們一會慢慢談
[00:02:14.000 --> 00:02:19.200]  今天下午就會講的題目就是講靈因運動
[00:02:19.200 --> 00:02:22.200]  但是題目就是講聖靈充滿
[00:02:22.200 --> 00:02:23.200]  我收到
[00:02:23.200 --> 00:02:26.200]  會嘗試從正面去講
[00:02:26.200 --> 00:02:28.200]  什麼是聖靈充滿?
[00:02:28.200 --> 00:02:30.200]  然後就是靈因運動
[00:02:30.200 --> 00:02:33.200]  或者一個正式的名字叫五秦宗及靈因運動
[00:02:33.200 --> 00:02:34.200]  一會解釋一下
[00:02:34.200 --> 00:02:37.200]  這個時候就是
[00:02:37.200 --> 00:02:42.200]  可以說是一個比較有一點點偏差的一種追求聖靈充滿的方法
[00:02:42.200 --> 00:02:45.200]  所以我們先講我們自己方信仰怎樣追求
[00:02:45.200 --> 00:02:47.200]  和是一件什麼事情
[00:02:47.200 --> 00:02:50.200]  然後我們才講它的偏差
[00:02:50.200 --> 00:02:52.200]  今天會反過來講
[00:02:52.200 --> 00:02:55.200]  我來之前
[00:02:55.200 --> 00:02:59.200]  以前我看到講道
[00:02:59.200 --> 00:03:02.200]  講過CP139或者其他的經文
[00:03:02.200 --> 00:03:07.200]  都提過我們崇拜
[00:03:07.200 --> 00:03:09.200]  或者是聽講座都是
[00:03:09.200 --> 00:03:12.200]  最重要就是帶著耶穌一起
[00:03:12.200 --> 00:03:14.200]  我不知道大家還記不記得
[00:03:14.200 --> 00:03:15.200]  就是說你回來崇拜
[00:03:15.200 --> 00:03:18.200]  第一件事就是和弟兄姊妹打完招呼之後
[00:03:18.200 --> 00:03:21.200]  跟耶穌打招呼
[00:03:21.200 --> 00:03:22.200]  心裏面
[00:03:22.200 --> 00:03:25.200]  告訴你我是來敬拜你的
[00:03:25.200 --> 00:03:29.200]  所以就是和大家都講過
[00:03:29.200 --> 00:03:30.200]  崇拜的時候
[00:03:30.200 --> 00:03:32.200]  如果我們心裏面知道耶穌基督在
[00:03:32.200 --> 00:03:35.200]  所以一會就算唱那些詩歌
[00:03:35.200 --> 00:03:37.200]  我喜不喜歡聽都不要緊
[00:03:37.200 --> 00:03:39.200]  你喜歡聽就可以了
[00:03:39.200 --> 00:03:40.200]  最重要就是
[00:03:40.200 --> 00:03:41.200]  反而我們唱的時候
[00:03:41.200 --> 00:03:43.200]  真是口唱心和
[00:03:43.200 --> 00:03:45.200]  想起和多謝耶穌的事情
[00:03:45.200 --> 00:03:48.200]  我們就真是變成崇拜
[00:03:48.200 --> 00:03:52.200]  但如果你心裏沒有耶穌基督
[00:03:52.200 --> 00:03:55.200]  那你唱歌就沒有了對象
[00:03:55.200 --> 00:03:58.200]  你分到自己崇拜還是唱歌
[00:03:58.200 --> 00:03:59.200]  你明白嗎
[00:03:59.200 --> 00:04:01.200]  你可以唱歌是沒有敬拜過神
[00:04:01.200 --> 00:04:03.200]  因為你沒有運用過你的信心
[00:04:03.200 --> 00:04:05.200]  聽講座也是一樣
[00:04:05.200 --> 00:04:08.200]  其實你可以憑著自己的經驗
[00:04:08.200 --> 00:04:10.200]  知識去聽
[00:04:10.200 --> 00:04:12.200]  又可以和耶穌一起聽
[00:04:12.200 --> 00:04:15.200]  你可以透過今天下午
[00:04:15.200 --> 00:04:17.200]  無論是講完的分享
[00:04:17.200 --> 00:04:19.200]  或者是弟兄姊妹的提問
[00:04:19.200 --> 00:04:22.200]  分享你對我的說話
[00:04:22.200 --> 00:04:26.200]  除了讓我認識這個課題多些之外
[00:04:26.200 --> 00:04:28.200]  懂得面對這些朋友
[00:04:28.200 --> 00:04:30.200]  弟兄姊妹之外
[00:04:30.200 --> 00:04:33.200]  我自己怎樣去追求聖靈充滿呢
[00:04:33.200 --> 00:04:35.200]  如果你有這樣的心的時候
[00:04:35.200 --> 00:04:38.200]  你聽這個講座就很不同了
[00:04:38.200 --> 00:04:39.200]  你明白嗎
[00:04:39.200 --> 00:04:41.200]  這樣解釋聖靈充滿
[00:04:41.200 --> 00:04:45.200]  其實也是你這方面的一個學習
[00:04:45.200 --> 00:04:47.200]  充滿就是讓耶穌
[00:04:47.200 --> 00:04:49.200]  時時刻刻成為我們生命的主
[00:04:49.200 --> 00:04:51.200]  而不是一句口號
[00:04:51.200 --> 00:04:54.200]  你聽講座可以有耶穌和你一起聽
[00:04:54.200 --> 00:04:55.200]  可以沒有
[00:04:55.200 --> 00:04:58.200]  你回來崇拜可以唱一首歌
[00:04:58.200 --> 00:05:00.200]  可以唱給耶穌聽
[00:05:00.200 --> 00:05:01.200]  可以有兩種
[00:05:01.200 --> 00:05:02.200]  你唱給耶穌聽
[00:05:02.200 --> 00:05:04.200]  那你就是敬拜了祂
[00:05:04.200 --> 00:05:06.200]  你唱歌只是唱歌
[00:05:06.200 --> 00:05:07.200]  那就是唱了歌
[00:05:07.200 --> 00:05:08.200]  你知道分別嗎
[00:05:08.200 --> 00:05:10.200]  所以可以很大
[00:05:10.200 --> 00:05:14.200]  分別就是我們自己有沒有運用信心
[00:05:14.200 --> 00:05:16.200]  就是耶穌基督現在和我們同在
[00:05:16.200 --> 00:05:19.200]  和我自己有沒有屬靈上的開放
[00:05:19.200 --> 00:05:22.200]  就是你教我屬靈功課
[00:05:22.200 --> 00:05:24.200]  我等候你
[00:05:24.200 --> 00:05:26.200]  我們一起祈禱
[00:05:26.200 --> 00:05:30.200]  應該我們也有背誦《小道信經》
[00:05:30.200 --> 00:05:33.200]  我們一起起立
[00:05:33.200 --> 00:05:36.200]  我們慢慢背誦《小道信經》
[00:05:36.200 --> 00:05:38.200]  提醒我們三位一體的上帝
[00:05:38.200 --> 00:05:40.200]  時刻和我們同在
[00:05:40.200 --> 00:05:41.200]  我們背誦完之後
[00:05:41.200 --> 00:05:43.200]  我們每人有半分鐘的時間
[00:05:43.200 --> 00:05:45.200]  去向神去求
[00:05:45.200 --> 00:05:46.200]  就是這個下午
[00:05:46.200 --> 00:05:48.200]  你自己想有屬靈上有什麼得著
[00:05:48.200 --> 00:05:49.200]  你自己向祂求
[00:05:49.200 --> 00:05:51.200]  我們一起慢慢背誦
[00:05:51.200 --> 00:05:52.200]  預備起
[00:05:52.200 --> 00:05:56.200]  我信上帝全能的父
[00:05:56.200 --> 00:05:58.200]  創造天地的主
[00:05:58.200 --> 00:06:01.200]  我信我主耶穌基督
[00:06:01.200 --> 00:06:03.200]  上帝獨生的子
[00:06:03.200 --> 00:06:05.200]  因聖靈感恩
[00:06:05.200 --> 00:06:08.200]  由童貞女瑪利亞所生
[00:06:08.200 --> 00:06:12.200]  在本雕彼拉多手下受難
[00:06:12.200 --> 00:06:14.200]  被釘於十字架
[00:06:14.200 --> 00:06:16.200]  受死埋葬
[00:06:16.200 --> 00:06:18.200]  當在陰間
[00:06:18.200 --> 00:06:21.200]  第三天從死人中復活
[00:06:21.200 --> 00:06:26.200]  聖天坐在全能父上帝的右邊
[00:06:26.200 --> 00:06:29.200]  將來必從那裡降臨
[00:06:29.200 --> 00:06:32.200]  審判活人死人
[00:06:32.200 --> 00:06:35.200]  我信聖靈
[00:06:35.200 --> 00:06:37.200]  我信聖兒公之教會
[00:06:37.200 --> 00:06:39.200]  我信聖徒相通
[00:06:39.200 --> 00:06:41.200]  我信聚得赦免
[00:06:41.200 --> 00:06:43.200]  我信身體復活
[00:06:43.200 --> 00:06:45.200]  我信永生
[00:06:45.200 --> 00:06:46.200]  阿門
[00:06:46.200 --> 00:06:49.200]  我們每個人都可以有自己向神祈禱的時間
[00:07:02.200 --> 00:07:27.200]  [音樂停止]
[00:07:27.200 --> 00:07:29.200]  天父我們同心來到你面前
[00:07:29.200 --> 00:07:30.200]  我們去多謝你
[00:07:30.200 --> 00:07:32.200]  因為你是愛我們的主
[00:07:32.200 --> 00:07:34.200]  因為愛創造了我們出來
[00:07:34.200 --> 00:07:37.200]  當你死在罪惡的國泛裡面的時候
[00:07:37.200 --> 00:07:38.200]  你就猜拍耶穌基督
[00:07:38.200 --> 00:07:40.200]  完成了你的救恩
[00:07:40.200 --> 00:07:42.200]  今天我們可以重新被你接納
[00:07:42.200 --> 00:07:44.200]  重新和好
[00:07:44.200 --> 00:07:48.200]  可以恢復那個互動的關係
[00:07:48.200 --> 00:07:49.200]  你讓耶穌基督
[00:07:49.200 --> 00:07:51.200]  透過聖靈住在我們心裡面
[00:07:51.200 --> 00:07:53.200]  每天與我們同在
[00:07:53.200 --> 00:07:54.200]  帶領我們走人生的路
[00:07:54.200 --> 00:07:56.200]  求主幫助我們
[00:07:56.200 --> 00:07:59.200]  不單得罪一套荒謬的真理
[00:07:59.200 --> 00:08:00.200]  而且在真理背後
[00:08:00.200 --> 00:08:02.200]  是一位復活的主
[00:08:02.200 --> 00:08:03.200]  每天與我們同行
[00:08:03.200 --> 00:08:04.200]  我們多謝你
[00:08:04.200 --> 00:08:07.200]  我們願意在一時的時間裡
[00:08:07.200 --> 00:08:10.200]  我們求我們的主親自教導我們
[00:08:10.200 --> 00:08:11.200]  讓我們明白
[00:08:11.200 --> 00:08:13.200]  我們如何能夠在生活上
[00:08:13.200 --> 00:08:15.200]  被聖靈所充滿
[00:08:15.200 --> 00:08:17.200]  以致我們能夠更加有力的
[00:08:17.200 --> 00:08:20.200]  去對付我們自己裡面的私慾
[00:08:20.200 --> 00:08:21.200]  也更加有力的
[00:08:21.200 --> 00:08:23.200]  可以更加愛神、愛人
[00:08:23.200 --> 00:08:26.200]  我們求你自己恩待
[00:08:26.200 --> 00:08:28.200]  就在這一刻與我們同在
[00:08:28.200 --> 00:08:29.200]  也給我們有信心
[00:08:29.200 --> 00:08:31.200]  聽到你如何透過
[00:08:31.200 --> 00:08:33.200]  今天下午的講座
[00:08:33.200 --> 00:08:34.200]  對我們個人的需要
[00:08:34.200 --> 00:08:36.200]  特別是靈性上
[00:08:36.200 --> 00:08:37.200]  一個很重要的提醒
[00:08:37.200 --> 00:08:39.200]  我們有望主的教導
[00:08:39.200 --> 00:08:41.200]  奉耶穌基督的名祈求
[00:08:41.200 --> 00:08:42.200]  阿門
[00:08:42.200 --> 00:08:43.200]  好,請坐
[00:08:43.200 --> 00:08:51.200]  好,先講聖靈充滿的部分
[00:08:51.200 --> 00:08:52.200]  不好意思
[00:08:52.200 --> 00:08:54.200]  Notes那裡可以看下面
[00:08:54.200 --> 00:08:55.200]  1.2.1那裡
[00:08:55.200 --> 00:08:57.200]  聖靈充滿的本質那裡
[00:08:57.200 --> 00:09:02.200]  我上兩次來的時候
[00:09:02.200 --> 00:09:04.200]  其中一個就講過詩篇139篇
[00:09:04.200 --> 00:09:06.200]  我不知道大家有沒有人還記得
[00:09:06.200 --> 00:09:13.200]  其實講到原來我們崇拜
[00:09:13.200 --> 00:09:14.200]  回來教會
[00:09:14.200 --> 00:09:16.200]  也有時候會忘記神
[00:09:16.200 --> 00:09:17.200]  簡單來說
[00:09:17.200 --> 00:09:20.200]  我們可能都不會運用我們的信心
[00:09:20.200 --> 00:09:21.200]  我們相信主
[00:09:21.200 --> 00:09:22.200]  我們對神應該有信心
[00:09:22.200 --> 00:09:24.200]  否則你也不會做第一次
[00:09:24.200 --> 00:09:26.200]  得救的祈禱
[00:09:26.200 --> 00:09:27.200]  你有信心
[00:09:27.200 --> 00:09:29.200]  但是你是不是每天都運用你的信心
[00:09:29.200 --> 00:09:31.200]  這個就很關鍵
[00:09:31.200 --> 00:09:33.200]  你回來聚會
[00:09:33.200 --> 00:09:34.200]  可以唱完歌
[00:09:34.200 --> 00:09:37.200]  然後做完一切動作
[00:09:37.200 --> 00:09:38.200]  然後你離開了
[00:09:38.200 --> 00:09:41.200]  其實心裡面不覺得耶穌基督在
[00:09:41.200 --> 00:09:42.200]  你明白嗎?
[00:09:42.200 --> 00:09:43.200]  我們沒有信心
[00:09:43.200 --> 00:09:45.200]  或者信心很模糊
[00:09:45.200 --> 00:09:47.200]  所以我們可能很多年
[00:09:47.200 --> 00:09:49.200]  在教會裡面聚會
[00:09:49.200 --> 00:09:52.200]  都是靈命不是很大的成長
[00:09:52.200 --> 00:09:56.200]  跟神的關係不是很親密
[00:09:56.200 --> 00:09:58.200]  或者越來越清晰
[00:09:58.200 --> 00:10:02.200]  我們跟神的關係
[00:10:02.200 --> 00:10:04.200]  這個信心
[00:10:04.200 --> 00:10:05.200]  你知道
[00:10:05.200 --> 00:10:09.200]  其實就是神信主的時候賜給我們的
[00:10:09.200 --> 00:10:12.200]  我在這裡講到也有提過
[00:10:12.200 --> 00:10:14.200]  不是聖靈感動我們
[00:10:14.200 --> 00:10:17.200]  沒有人能夠可以克服我們的偏見
[00:10:17.200 --> 00:10:19.200]  沒有人可以這麼開放自己
[00:10:19.200 --> 00:10:21.200]  在別人面前認自己是一個罪人
[00:10:21.200 --> 00:10:23.200]  你現在怎麼做決字祈禱?
[00:10:23.200 --> 00:10:24.200]  是不是?
[00:10:24.200 --> 00:10:27.200]  因為真的很體會到耶穌的愛
[00:10:27.200 --> 00:10:29.200]  你願意將生命交給祂
[00:10:29.200 --> 00:10:31.200]  接受祂做救主和主
[00:10:31.200 --> 00:10:33.200]  不是聖靈的感動
[00:10:33.200 --> 00:10:35.200]  沒有人能夠稱呼耶穌為主
[00:10:35.200 --> 00:10:37.200]  哥林多前書十二章
[00:10:37.200 --> 00:10:39.200]  第三節說到
[00:10:39.200 --> 00:10:41.200]  所以我們
[00:10:41.200 --> 00:10:43.200]  其實要聖靈充滿
[00:10:43.200 --> 00:10:45.200]  你也很容易想到
[00:10:45.200 --> 00:10:49.200]  其實是說我們跟耶穌的關係越來越清晰
[00:10:49.200 --> 00:10:51.200]  跟祂的互動越來越明確
[00:10:51.200 --> 00:10:53.200]  越來越對祂有信心
[00:10:53.200 --> 00:10:56.200]  從一個得救初步的信心開始
[00:10:56.200 --> 00:10:58.200]  然後越來越成熟的信心
[00:10:58.200 --> 00:11:00.200]  越來越在生活裡面見到祂
[00:11:00.200 --> 00:11:03.200]  我不是只是回教會才想起祂
[00:11:03.200 --> 00:11:06.200]  我帶著耶穌上班
[00:11:06.200 --> 00:11:10.200]  休息的時候我帶著耶穌休息
[00:11:10.200 --> 00:11:14.200]  所以我去做什麼娛樂
[00:11:14.200 --> 00:11:16.200]  怎樣花錢
[00:11:16.200 --> 00:11:18.200]  我都會跟耶穌商量
[00:11:18.200 --> 00:11:20.200]  會不會
[00:11:20.200 --> 00:11:22.200]  我想探討一下
[00:11:22.200 --> 00:11:24.200]  想看一看劇集
[00:11:24.200 --> 00:11:26.200]  Netflix很多人在看
[00:11:26.200 --> 00:11:28.200]  我選哪一套戲
[00:11:28.200 --> 00:11:30.200]  會不會跟耶穌商量
[00:11:30.200 --> 00:11:31.200]  這一套應該看這一套
[00:11:31.200 --> 00:11:32.200]  可能不太適合我看
[00:11:32.200 --> 00:11:34.200]  諸如此類
[00:11:34.200 --> 00:11:36.200]  會不會有時候我們休息的時候
[00:11:36.200 --> 00:11:38.200]  就是道德放假
[00:11:38.200 --> 00:11:39.200]  都放鬆了
[00:11:39.200 --> 00:11:41.200]  某些時刻其實沒有
[00:11:41.200 --> 00:11:43.200]  當耶穌不在
[00:11:43.200 --> 00:11:45.200]  但你知道你看Netflix的時候
[00:11:45.200 --> 00:11:47.200]  其實耶穌在哪裡
[00:11:47.200 --> 00:11:49.200]  在你客廳
[00:11:49.200 --> 00:11:51.200]  無論你有沒有那塊牌匾
[00:11:51.200 --> 00:11:53.200]  耶穌都是我一家之主
[00:11:53.200 --> 00:11:54.200]  祂都是你一家之主
[00:11:54.200 --> 00:11:56.200]  但你當不當祂是一家之主
[00:11:56.200 --> 00:11:58.200]  我們在神學上說
[00:11:58.200 --> 00:12:00.200]  神的無所不在是
[00:12:00.200 --> 00:12:02.200]  神無法不在
[00:12:02.200 --> 00:12:03.200]  神為什麼不在
[00:12:03.200 --> 00:12:05.200]  在哪裡會不在
[00:12:05.200 --> 00:12:07.200]  你上班的公司
[00:12:07.200 --> 00:12:09.200]  祂不會不在公司
[00:12:09.200 --> 00:12:12.200]  你沒理由只是回教會才見到祂
[00:12:12.200 --> 00:12:14.200]  你明白嗎
[00:12:14.200 --> 00:12:16.200]  我們慢慢去
[00:12:16.200 --> 00:12:19.200]  在生活中可以經歷到這個真理
[00:12:19.200 --> 00:12:23.200]  這是今天要和大家說的事情
[00:12:23.200 --> 00:12:24.200]  聖靈充滿
[00:12:24.200 --> 00:12:27.200]  很明顯就是說耶穌的道理充滿我們
[00:12:27.200 --> 00:12:30.200]  或者是祂自己掌管我們的生命
[00:12:30.200 --> 00:12:32.200]  當祂的說話充滿我們
[00:12:32.200 --> 00:12:36.200]  就是說我們根據祂的教導去生活
[00:12:36.200 --> 00:12:37.200]  我們能夠根據祂的教導去生活
[00:12:37.200 --> 00:12:39.200]  我們其實尊重耶穌基督
[00:12:39.200 --> 00:12:40.200]  因為那些是祂的教導
[00:12:40.200 --> 00:12:42.200]  在聖經裡面
[00:12:42.200 --> 00:12:44.200]  我很簡單去說一說
[00:12:44.200 --> 00:12:46.200]  1.2.1
[00:12:46.200 --> 00:12:47.200]  不是下面那個
[00:12:47.200 --> 00:12:49.200]  1.2.1
[00:12:49.200 --> 00:12:51.200]  聖靈充滿
[00:12:51.200 --> 00:12:52.200]  大家有經文
[00:12:52.200 --> 00:12:54.200]  如果你有聖經
[00:12:54.200 --> 00:12:56.200]  打開它
[00:12:56.200 --> 00:13:00.200]  就是這個
[00:13:00.200 --> 00:13:20.200]  已乏所書第五章的地方
[00:13:20.200 --> 00:13:23.200]  今天講座會多一點知識性的東西
[00:13:23.200 --> 00:13:25.200]  希望大家學了之後
[00:13:25.200 --> 00:13:27.200]  不單止幫到自己
[00:13:27.200 --> 00:13:29.200]  也幫到其他弟兄姊妹
[00:13:29.200 --> 00:13:34.200]  因為我相信很多弟兄姊妹都遇到類似的問題
[00:13:34.200 --> 00:13:35.200]  第五章
[00:13:35.200 --> 00:13:40.200]  我在這裡用和學本的修訂本讀給大家聽
[00:13:40.200 --> 00:13:42.200]  這裡說你們要謹慎行事
[00:13:42.200 --> 00:13:44.200]  不要仗無知的人
[00:13:44.200 --> 00:13:46.200]  第五章十五節
[00:13:46.200 --> 00:13:47.200]  要把握時機
[00:13:47.200 --> 00:13:49.200]  因為現今的世代邪惡
[00:13:49.200 --> 00:13:50.200]  不要作糊塗人
[00:13:50.200 --> 00:13:53.200]  要明白主的旨意如何
[00:13:53.200 --> 00:13:54.200]  不要醉酒
[00:13:54.200 --> 00:13:55.200]  酒能使人放蕩
[00:13:55.200 --> 00:13:58.200]  要被聖靈充滿
[00:13:58.200 --> 00:14:00.200]  被聖靈充滿後果的表現
[00:14:00.200 --> 00:14:02.200]  就是要用詩篇
[00:14:02.200 --> 00:14:04.200]  讚美詩靈歌彼此對說
[00:14:04.200 --> 00:14:06.200]  口唱心和讚美主
[00:14:06.200 --> 00:14:09.200]  凡事要奉我們主耶穌的名
[00:14:09.200 --> 00:14:10.200]  常常感謝父神
[00:14:10.200 --> 00:14:11.200]  然後有一節
[00:14:11.200 --> 00:14:14.200]  要傳敬畏基督的心彼此馴服
[00:14:14.200 --> 00:14:18.200]  下面說了三種馴服的關係
[00:14:18.200 --> 00:14:19.200]  妻子和丈夫
[00:14:19.200 --> 00:14:21.200]  兒女和父母
[00:14:21.200 --> 00:14:24.200]  然後主人和僕人
[00:14:24.200 --> 00:14:30.200]  長話短說五章十八節
[00:14:30.200 --> 00:14:32.200]  是聖經裡唯一
[00:14:32.200 --> 00:14:33.200]  唯一
[00:14:33.200 --> 00:14:35.200]  教導性的經文
[00:14:35.200 --> 00:14:38.200]  是關於要被聖靈充滿
[00:14:38.200 --> 00:14:40.200]  其他所說的經文
[00:14:40.200 --> 00:14:42.200]  都是敘事性
[00:14:42.200 --> 00:14:44.200]  或者叫做記序的問題
[00:14:44.200 --> 00:14:48.200]  在《路加福音》和《士徒行傳》
[00:14:48.200 --> 00:14:50.200]  最多出現
[00:14:50.200 --> 00:14:52.200]  記序性的問題
[00:14:52.200 --> 00:14:53.200]  只是告訴你有些事例
[00:14:53.200 --> 00:14:55.200]  在歷史裡
[00:14:55.200 --> 00:14:56.200]  有些人被聖靈充滿
[00:14:56.200 --> 00:14:58.200]  有這樣的表現
[00:14:58.200 --> 00:14:59.200]  在《士徒行傳》裡
[00:14:59.200 --> 00:15:01.200]  有些人有時會有神跡歧視
[00:15:01.200 --> 00:15:02.200]  譬如說方言
[00:15:02.200 --> 00:15:03.200]  這是有的
[00:15:03.200 --> 00:15:05.200]  第二章那裡
[00:15:05.200 --> 00:15:06.200]  但有些場合聖靈充滿
[00:15:06.200 --> 00:15:07.200]  就不說方言
[00:15:07.200 --> 00:15:09.200]  只不過他們彼此相愛
[00:15:09.200 --> 00:15:12.200]  或者很有勇氣傳福音
[00:15:12.200 --> 00:15:13.200]  又不是超自然的
[00:15:13.200 --> 00:15:16.200]  所謂in a sense
[00:15:16.200 --> 00:15:18.200]  歷史的經文
[00:15:18.200 --> 00:15:20.200]  這些歷史記載性的經文
[00:15:20.200 --> 00:15:24.200]  大家知道不是原則性的經文
[00:15:24.200 --> 00:15:28.200]  也就是說不是我們去效法的對象
[00:15:28.200 --> 00:15:30.200]  因為有些東西是無法效法的
[00:15:30.200 --> 00:15:32.200]  歷史的東西就是歷史
[00:15:32.200 --> 00:15:33.200]  你知道歷史裡
[00:15:33.200 --> 00:15:35.200]  有一次過紅海
[00:15:35.200 --> 00:15:36.200]  摩西過紅海
[00:15:36.200 --> 00:15:37.200]  你讀完之後
[00:15:37.200 --> 00:15:40.200]  不是代表你一生裡有一次機會
[00:15:40.200 --> 00:15:42.200]  可能要過紅海
[00:15:42.200 --> 00:15:43.200]  你明白吧
[00:15:43.200 --> 00:15:44.200]  我在長洲偶爾上班
[00:15:44.200 --> 00:15:45.200]  我沒理由有一次想
[00:15:45.200 --> 00:15:46.200]  不用坐船
[00:15:46.200 --> 00:15:48.200]  就這樣走過去
[00:15:48.200 --> 00:15:50.200]  如果上帝要做當然可以
[00:15:50.200 --> 00:15:53.200]  但我不會因為聖經記載了這件事
[00:15:53.200 --> 00:15:56.200]  我就成為我一生追求的一個原則
[00:15:56.200 --> 00:15:57.200]  你知道嗎
[00:15:57.200 --> 00:15:59.200]  是我會經歷到的東西
[00:15:59.200 --> 00:16:01.200]  這個就是靈感運動五秦中
[00:16:01.200 --> 00:16:03.200]  最主要的毛病
[00:16:03.200 --> 00:16:04.200]  就是將一些記載的經文
[00:16:04.200 --> 00:16:07.200]  當成原則去讀
[00:16:07.200 --> 00:16:08.200]  就是這樣的原則
[00:16:08.200 --> 00:16:09.200]  就是這個問題
[00:16:09.200 --> 00:16:11.200]  很簡單
[00:16:11.200 --> 00:16:13.200]  所以其實是記載性的經文
[00:16:13.200 --> 00:16:15.200]  只是說神在歷史裡做過這樣的事
[00:16:15.200 --> 00:16:17.200]  但為什麼那個歷史時空做這件事
[00:16:17.200 --> 00:16:21.200]  而在其他歷史的時空裡不再做
[00:16:21.200 --> 00:16:22.200]  一定有它的理由
[00:16:22.200 --> 00:16:25.200]  耶穌基督死而復活是一次
[00:16:25.200 --> 00:16:27.200]  不會每個世代死一次
[00:16:27.200 --> 00:16:30.200]  所以死而復活只是在歷史裡發生一次
[00:16:30.200 --> 00:16:33.200]  我們相信是歷史真實的事
[00:16:33.200 --> 00:16:35.200]  但不代表它的原則是真的
[00:16:35.200 --> 00:16:37.200]  我們要去跟從
[00:16:37.200 --> 00:16:38.200]  你明白嗎
[00:16:38.200 --> 00:16:40.200]  真的要跟從的經文
[00:16:40.200 --> 00:16:42.200]  就是原則性的經文
[00:16:42.200 --> 00:16:43.200]  就是教導性的經文
[00:16:43.200 --> 00:16:45.200]  就是這裡
[00:16:45.200 --> 00:16:47.200]  所以這個東西很容易學的
[00:16:47.200 --> 00:16:49.200]  什麼叫做要被聖靈充滿
[00:16:49.200 --> 00:16:51.200]  所以不要一聽到聖靈充滿
[00:16:51.200 --> 00:16:55.200]  我們很快就想起超自然的方言
[00:16:55.200 --> 00:16:57.200]  或者是神蹟騎士的充滿
[00:16:57.200 --> 00:16:59.200]  因為最主要就是因為這百多年
[00:16:59.200 --> 00:17:01.200]  靈感運動的興起
[00:17:01.200 --> 00:17:03.200]  就令到保守的教會
[00:17:03.200 --> 00:17:05.200]  就不提這件事
[00:17:05.200 --> 00:17:08.200]  他們佔據了這個話語權
[00:17:08.200 --> 00:17:09.200]  就是用現在的說話來說
[00:17:09.200 --> 00:17:11.200]  就是因為太多人這樣說
[00:17:11.200 --> 00:17:13.200]  聖靈充滿就會說方言
[00:17:13.200 --> 00:17:15.200]  或者是碌地
[00:17:15.200 --> 00:17:16.200]  或者是靈偶
[00:17:16.200 --> 00:17:18.200]  現在有很多這些現象
[00:17:18.200 --> 00:17:20.200]  你要相信那些超自然的東西
[00:17:20.200 --> 00:17:22.200]  這樣才是聖靈充滿
[00:17:22.200 --> 00:17:25.200]  以前保守的教會
[00:17:25.200 --> 00:17:26.200]  保守在於什麼呢
[00:17:26.200 --> 00:17:28.200]  就是你們說你們是邪的
[00:17:28.200 --> 00:17:29.200]  你們是錯的
[00:17:29.200 --> 00:17:31.200]  我就不提聖靈
[00:17:31.200 --> 00:17:34.200]  三位體裡面很少說聖靈
[00:17:34.200 --> 00:17:35.200]  所以我們大家都知道
[00:17:35.200 --> 00:17:37.200]  然後就全部說耶穌基督
[00:17:37.200 --> 00:17:39.200]  或者說天父
[00:17:39.200 --> 00:17:42.200]  當然我們現在慢慢教會成熟
[00:17:42.200 --> 00:17:45.200]  或者神學院裡面的研究成熟
[00:17:45.200 --> 00:17:46.200]  我們就沒有理由
[00:17:46.200 --> 00:17:48.200]  因為別人這樣做我們就不做
[00:17:48.200 --> 00:17:49.200]  你明不明白
[00:17:49.200 --> 00:17:52.200]  我們說一些正確的聖靈充滿
[00:17:52.200 --> 00:17:55.200]  就是那個佛教徒跪下去祈禱
[00:17:55.200 --> 00:17:58.200]  基督徒就不可以跪下去祈禱
[00:17:58.200 --> 00:17:59.200]  你明不明白
[00:17:59.200 --> 00:18:01.200]  你不要因為別人做的那件事
[00:18:01.200 --> 00:18:02.200]  因為他是錯的
[00:18:02.200 --> 00:18:03.200]  所以我就不跪下去祈禱
[00:18:03.200 --> 00:18:05.200]  不過我不會向佛祈禱
[00:18:05.200 --> 00:18:06.200]  我不會向觀音祈禱
[00:18:06.200 --> 00:18:07.200]  但我向神祈禱
[00:18:07.200 --> 00:18:10.200]  聖經裡面有教跪下去祈禱
[00:18:10.200 --> 00:18:12.200]  暫時就是這個問題
[00:18:12.200 --> 00:18:14.200]  所以避不是一個方法
[00:18:14.200 --> 00:18:16.200]  而是我們學得更加合聖經
[00:18:16.200 --> 00:18:18.200]  這個是最好的回應方法
[00:18:18.200 --> 00:18:21.200]  不只是你錯我對
[00:18:21.200 --> 00:18:23.200]  所以曾牧師一開始才說得很好
[00:18:23.200 --> 00:18:26.200]  如果另一個問題是別人有沒有偏差
[00:18:26.200 --> 00:18:27.200]  我們要留意
[00:18:27.200 --> 00:18:29.200]  但會不會是其實我們自己都有問題
[00:18:29.200 --> 00:18:31.200]  當我們這樣回應的時候
[00:18:31.200 --> 00:18:33.200]  我們又從一個極端變成另一個極端
[00:18:33.200 --> 00:18:36.200]  所以我們都不知道聖靈充滿了什麼
[00:18:36.200 --> 00:18:39.200]  所以到今天你們還要問這個問題
[00:18:39.200 --> 00:18:42.200]  所以希望大家學完之後
[00:18:42.200 --> 00:18:43.200]  自己認識之外
[00:18:43.200 --> 00:18:45.200]  幫助一下很多弟兄姊妹
[00:18:45.200 --> 00:18:48.200]  因為這個是聖經裡面很重要的教導
[00:18:48.200 --> 00:18:49.200]  因為聖靈住在我們裡面
[00:18:49.200 --> 00:18:51.200]  我們每個人信著一定有聖靈內在
[00:18:51.200 --> 00:18:53.200]  不然就不是基督徒
[00:18:53.200 --> 00:18:55.200]  我猜大家都知道
[00:18:55.200 --> 00:18:59.200]  他最主要的目的就是每天要帶領我們進入真理
[00:18:59.200 --> 00:19:02.200]  約翰福音十六章說進入真理
[00:19:02.200 --> 00:19:04.200]  進入真理就是明白真理之後
[00:19:04.200 --> 00:19:06.200]  又實踐真理
[00:19:06.200 --> 00:19:07.200]  應用真理
[00:19:07.200 --> 00:19:09.200]  他這樣做的時候
[00:19:09.200 --> 00:19:11.200]  而當我們最愛主
[00:19:11.200 --> 00:19:12.200]  最愛耶穌基督
[00:19:12.200 --> 00:19:15.200]  最實踐耶穌基督的教訓的時候
[00:19:15.200 --> 00:19:17.200]  聖靈就最掌管我們生命
[00:19:17.200 --> 00:19:19.200]  其實這個就是充滿
[00:19:19.200 --> 00:19:22.200]  我慢慢解釋
[00:19:22.200 --> 00:19:23.200]  所以你留意一下
[00:19:23.200 --> 00:19:26.200]  第一就是這裡的聖靈充滿是在說什麼
[00:19:26.200 --> 00:19:28.200]  你很容易知道
[00:19:28.200 --> 00:19:31.200]  你解經上面
[00:19:31.200 --> 00:19:33.200]  第一你十八節那裡
[00:19:33.200 --> 00:19:35.200]  大家學一些解經
[00:19:35.200 --> 00:19:38.200]  因為你們不只是學這段經文
[00:19:38.200 --> 00:19:41.200]  簡單來說就是你看到是對比的
[00:19:41.200 --> 00:19:43.200]  他說不要不要和要
[00:19:43.200 --> 00:19:45.200]  不要醉酒
[00:19:45.200 --> 00:19:46.200]  酒能使人放蕩
[00:19:46.200 --> 00:19:48.200]  要被聖靈充滿
[00:19:48.200 --> 00:19:51.200]  所以聖靈充滿和醉酒是相反的
[00:19:51.200 --> 00:19:53.200]  酒就是你失控
[00:19:53.200 --> 00:19:55.200]  你喝了酒之後理性失控
[00:19:55.200 --> 00:19:57.200]  又亂說話
[00:19:57.200 --> 00:19:58.200]  行為又失控
[00:19:58.200 --> 00:20:00.200]  思想又混亂
[00:20:00.200 --> 00:20:02.200]  要被聖靈充滿
[00:20:02.200 --> 00:20:04.200]  其實是相反
[00:20:04.200 --> 00:20:07.200]  但是五傳宗裡面的解釋
[00:20:07.200 --> 00:20:09.200]  就不是覺得是相反
[00:20:09.200 --> 00:20:10.200]  是平衡
[00:20:10.200 --> 00:20:14.200]  因為他們覺得你不要被酒控制你
[00:20:14.200 --> 00:20:16.200]  你應該被聖靈控制你
[00:20:16.200 --> 00:20:18.200]  而當酒控制你的時候
[00:20:18.200 --> 00:20:20.200]  你的人好像失控的狀態
[00:20:20.200 --> 00:20:21.200]  聖靈控制你
[00:20:21.200 --> 00:20:23.200]  都好像有一點失控
[00:20:23.200 --> 00:20:24.200]  因為他用舊約
[00:20:24.200 --> 00:20:26.200]  一些神蹟其實就是
[00:20:26.200 --> 00:20:29.200]  當以西傑或者是一些先知遇到神
[00:20:29.200 --> 00:20:31.200]  好像整個軟了
[00:20:31.200 --> 00:20:34.200]  所以聖靈擊倒
[00:20:34.200 --> 00:20:36.200]  或者好像觸電
[00:20:36.200 --> 00:20:39.200]  好像遇到一個超自然的能力
[00:20:39.200 --> 00:20:41.200]  所以整個會失控
[00:20:41.200 --> 00:20:43.200]  他就說不要被酒控制你
[00:20:43.200 --> 00:20:44.200]  被聖靈控制你
[00:20:44.200 --> 00:20:46.200]  就是說你會失控
[00:20:46.200 --> 00:20:49.200]  但是這個解釋很明顯是錯的
[00:20:49.200 --> 00:20:51.200]  為什麼呢?
[00:20:51.200 --> 00:20:54.200]  大家去平衡去看經文
[00:20:54.200 --> 00:20:56.200]  就是哥羅西書
[00:20:56.200 --> 00:20:57.200]  你去看哥羅西書
[00:20:57.200 --> 00:20:59.200]  三章的十六節
[00:20:59.200 --> 00:21:00.200]  大家知道哥羅西書
[00:21:00.200 --> 00:21:02.200]  在菲律賓書後面
[00:21:02.200 --> 00:21:05.200]  三章的十六節
[00:21:05.200 --> 00:21:10.200]  你留意到哥羅西書
[00:21:10.200 --> 00:21:11.200]  是有一個平衡經文
[00:21:11.200 --> 00:21:13.200]  是幫助我們解釋
[00:21:13.200 --> 00:21:15.200]  什麼叫聖靈充滿
[00:21:15.200 --> 00:21:17.200]  是非常準確的
[00:21:17.200 --> 00:21:19.200]  可以肯定是這樣解釋的
[00:21:19.200 --> 00:21:21.200]  就是三章十六節說什麼呢?
[00:21:21.200 --> 00:21:23.200]  就是當用各樣的智慧
[00:21:23.200 --> 00:21:24.200]  將基督的道理
[00:21:24.200 --> 00:21:26.200]  豐豐富富存在心裡面
[00:21:26.200 --> 00:21:29.200]  你看到這個不是說聖靈充滿
[00:21:29.200 --> 00:21:31.200]  是基督的道充滿
[00:21:31.200 --> 00:21:32.200]  是不是一樣?
[00:21:32.200 --> 00:21:33.200]  意思是一樣的
[00:21:33.200 --> 00:21:35.200]  但是後面又是一樣的
[00:21:35.200 --> 00:21:37.200]  後果表現就是
[00:21:37.200 --> 00:21:40.200]  用詩篇讚美斯靈哥彼此教導
[00:21:40.200 --> 00:21:41.200]  是不是很熟悉?
[00:21:41.200 --> 00:21:43.200]  跟剛才那一段一樣的
[00:21:43.200 --> 00:21:45.200]  然後你們無論做什麼事
[00:21:45.200 --> 00:21:47.200]  都要奉主的名去感謝上帝
[00:21:47.200 --> 00:21:48.200]  一樣的
[00:21:48.200 --> 00:21:51.200]  然後下面你們要彼此馴服
[00:21:51.200 --> 00:21:55.200]  妻子、丈夫、僕人、主人
[00:21:55.200 --> 00:21:58.200]  就是兒女和父母
[00:21:58.200 --> 00:21:59.200]  完全一樣的
[00:21:59.200 --> 00:22:00.200]  下面那些是
[00:22:00.200 --> 00:22:03.200]  那你知道原因是什麼嗎?
[00:22:03.200 --> 00:22:06.200]  是因為兩卷都是監獄書信
[00:22:06.200 --> 00:22:07.200]  保羅坐牢的時候
[00:22:07.200 --> 00:22:10.200]  是同一個弟兄帶出去的
[00:22:10.200 --> 00:22:11.200]  所以其實
[00:22:11.200 --> 00:22:13.200]  以弗所書和哥羅西書的內容
[00:22:13.200 --> 00:22:14.200]  是非常相似
[00:22:14.200 --> 00:22:17.200]  不過以弗所和哥羅西
[00:22:17.200 --> 00:22:21.200]  是兩個隔離區
[00:22:21.200 --> 00:22:23.200]  以弗所面對的問題
[00:22:23.200 --> 00:22:25.200]  是教會內部的問題
[00:22:25.200 --> 00:22:26.200]  所以他很強調
[00:22:26.200 --> 00:22:27.200]  整個以弗所書
[00:22:27.200 --> 00:22:30.200]  就是耶穌基督是教會的元首
[00:22:30.200 --> 00:22:31.200]  而哥羅西書
[00:22:31.200 --> 00:22:35.200]  是說耶穌基督是宇宙萬物的元首
[00:22:35.200 --> 00:22:40.200]  因為哥羅西書是拜邪靈的
[00:22:40.200 --> 00:22:44.200]  所以將耶穌基督的掌權說大一點
[00:22:44.200 --> 00:22:47.200]  以及避免說靈這個字
[00:22:47.200 --> 00:22:48.200]  聖靈這個字
[00:22:48.200 --> 00:22:50.200]  因為他好像中國人一樣
[00:22:50.200 --> 00:22:52.200]  一說到靈就想起那些
[00:22:52.200 --> 00:22:53.200]  很恐怖的那些
[00:22:53.200 --> 00:22:55.200]  風神榜那些
[00:22:55.200 --> 00:22:57.200]  殭屍那些
[00:22:57.200 --> 00:22:59.200]  我們民間的傳說
[00:22:59.200 --> 00:23:01.200]  一說到靈就很邪門
[00:23:01.200 --> 00:23:04.200]  好像伏羈那些
[00:23:04.200 --> 00:23:07.200]  所以他避免用靈這個字去說
[00:23:07.200 --> 00:23:10.200]  他用基督的角度說同一樣東西
[00:23:10.200 --> 00:23:12.200]  所以你看到其實
[00:23:12.200 --> 00:23:14.200]  當他說聖靈充滿
[00:23:14.200 --> 00:23:15.200]  其實是說什麼充滿呢?
[00:23:15.200 --> 00:23:17.200]  就是基督的道理的充滿
[00:23:17.200 --> 00:23:19.200]  很明顯這兩件事是很有關係
[00:23:19.200 --> 00:23:21.200]  而結果的後果是一樣
[00:23:21.200 --> 00:23:22.200]  所以很明顯
[00:23:22.200 --> 00:23:26.200]  第一我們在這裡做一個簡單的結論
[00:23:26.200 --> 00:23:30.200]  聖靈充滿就不是超自然的恩賜的充滿
[00:23:30.200 --> 00:23:33.200]  無論講方言或者神蹟騎士
[00:23:33.200 --> 00:23:34.200]  上下文根本沒有這個意思
[00:23:34.200 --> 00:23:36.200]  完全沒有
[00:23:36.200 --> 00:23:38.200]  你看到下面那三個表現都不是這些
[00:23:38.200 --> 00:23:41.200]  很日常的就是口唱心和讚美主
[00:23:41.200 --> 00:23:43.200]  你崇拜不要只是唱歌
[00:23:43.200 --> 00:23:44.200]  要唱給耶穌基督聽
[00:23:44.200 --> 00:23:46.200]  是想一下你生活的事件
[00:23:46.200 --> 00:23:48.200]  這樣唱
[00:23:48.200 --> 00:23:50.200]  然後接著無論順境逆境
[00:23:50.200 --> 00:23:53.200]  都奉主的名去感謝神
[00:23:53.200 --> 00:23:57.200]  第三就是在生活上彼此尊重順服
[00:23:57.200 --> 00:24:00.200]  將別人擺優先
[00:24:00.200 --> 00:24:02.200]  別人的需要擺優先
[00:24:02.200 --> 00:24:04.200]  自己的需要
[00:24:04.200 --> 00:24:07.200]  這些都不是超自然的東西
[00:24:07.200 --> 00:24:09.200]  所以簡單來說就是
[00:24:09.200 --> 00:24:13.200]  聖靈充滿就是神的道的充滿
[00:24:13.200 --> 00:24:14.200]  你再看上文
[00:24:14.200 --> 00:24:15.200]  你肯定是這樣解釋的
[00:24:15.200 --> 00:24:16.200]  十五節
[00:24:16.200 --> 00:24:19.200]  已忽所書的五章十五節
[00:24:19.200 --> 00:24:20.200]  順便說解經那些
[00:24:20.200 --> 00:24:23.200]  因為大家都是有心的弟兄姊妹
[00:24:23.200 --> 00:24:25.200]  又是要和不要
[00:24:25.200 --> 00:24:26.200]  要是什麼呢
[00:24:26.200 --> 00:24:28.200]  就是謹慎行事
[00:24:28.200 --> 00:24:30.200]  要仗有智慧的人
[00:24:30.200 --> 00:24:32.200]  要把握時機
[00:24:32.200 --> 00:24:35.200]  要明白主的旨意
[00:24:35.200 --> 00:24:36.200]  我問一下
[00:24:36.200 --> 00:24:38.200]  如果你要明白主的旨意
[00:24:38.200 --> 00:24:41.200]  那些要全部都是很清醒的思想
[00:24:41.200 --> 00:24:45.200]  知道自己是不是走在神的教導裡面生活
[00:24:45.200 --> 00:24:47.200]  就不是那些失控的思想
[00:24:47.200 --> 00:24:50.200]  你現在不要被酒佔據了你
[00:24:50.200 --> 00:24:51.200]  你被聖靈佔據你
[00:24:51.200 --> 00:24:54.200]  於是你就好像觸電一樣掉到地上
[00:24:54.200 --> 00:24:55.200]  就好像一個人沒有理性
[00:24:55.200 --> 00:24:57.200]  控制不了自己的手腳
[00:24:57.200 --> 00:24:58.200]  你明白嗎
[00:24:58.200 --> 00:24:59.200]  不是一種失控的狀態
[00:24:59.200 --> 00:25:01.200]  是一種很清醒的狀態
[00:25:01.200 --> 00:25:03.200]  因為上面全部都要都是清醒的
[00:25:03.200 --> 00:25:05.200]  相反就是無知
[00:25:05.200 --> 00:25:06.200]  不要無知
[00:25:06.200 --> 00:25:09.200]  不要亂用你的時間
[00:25:09.200 --> 00:25:10.200]  要計劃得好一點
[00:25:10.200 --> 00:25:12.200]  時間計劃
[00:25:12.200 --> 00:25:15.200]  然後不要糊塗
[00:25:15.200 --> 00:25:16.200]  所以你明白嗎
[00:25:16.200 --> 00:25:17.200]  整件事很明顯
[00:25:17.200 --> 00:25:18.200]  因為基督的道理充滿了
[00:25:18.200 --> 00:25:20.200]  你怎麼會糊里糊塗掉
[00:25:20.200 --> 00:25:22.200]  那一刻不是聖靈充滿
[00:25:22.200 --> 00:25:23.200]  他不是說這種掉到地上
[00:25:23.200 --> 00:25:27.200]  歷史上就算有先知掉到地上
[00:25:27.200 --> 00:25:29.200]  不代表你要學他掉到地上
[00:25:29.200 --> 00:25:31.200]  那個不是教導
[00:25:31.200 --> 00:25:33.200]  你明白怎麼處理這些經文嗎
[00:25:33.200 --> 00:25:35.200]  將來你聽到他講的時候
[00:25:35.200 --> 00:25:39.200]  所以做一個總結
[00:25:39.200 --> 00:25:45.200]  包括我以前講過兩三次關於聖靈的工作
[00:25:45.200 --> 00:25:48.200]  聖靈是幫我們提醒
[00:25:48.200 --> 00:25:51.200]  神的說話是很重要
[00:25:51.200 --> 00:25:52.200]  神的說話重要
[00:25:52.200 --> 00:25:55.200]  因為他是神的說話
[00:25:55.200 --> 00:25:56.200]  他不只是一些說話
[00:25:56.200 --> 00:26:01.200]  聖經不只是一些有益的教導
[00:26:01.200 --> 00:26:04.200]  他是耶穌基督的教導
[00:26:04.200 --> 00:26:06.200]  所以我們最重要就是讀聖經的時候
[00:26:06.200 --> 00:26:09.200]  要依靠神
[00:26:09.200 --> 00:26:10.200]  崇拜聽道
[00:26:10.200 --> 00:26:12.200]  依靠神
[00:26:12.200 --> 00:26:15.200]  所以我也有提過
[00:26:15.200 --> 00:26:17.200]  每次跟耶穌基督打招呼
[00:26:17.200 --> 00:26:19.200]  然後唱詩唱給他聽
[00:26:19.200 --> 00:26:20.200]  聽到的時候
[00:26:20.200 --> 00:26:22.200]  無論是誰講道
[00:26:22.200 --> 00:26:24.200]  只要他講聖經
[00:26:24.200 --> 00:26:26.200]  就算是很熟悉的道
[00:26:26.200 --> 00:26:27.200]  都要有謙卑開放的心
[00:26:27.200 --> 00:26:30.200]  耶穌基督,我聽,我想學
[00:26:30.200 --> 00:26:32.200]  我有提過
[00:26:32.200 --> 00:26:35.200]  其實我們要成長的話
[00:26:35.200 --> 00:26:38.200]  每一句聖經都要學一輩子
[00:26:38.200 --> 00:26:39.200]  你要控制你的脾氣
[00:26:39.200 --> 00:26:42.200]  不是說我馬上不再說話
[00:26:42.200 --> 00:26:43.200]  這樣就學完了
[00:26:43.200 --> 00:26:46.200]  你是怎樣學講造就別人的話
[00:26:46.200 --> 00:26:48.200]  這些要學一輩子
[00:26:48.200 --> 00:26:53.200]  你發覺很多要改變的東西
[00:26:53.200 --> 00:26:56.200]  都不是容易一兩次就可以改變
[00:26:56.200 --> 00:27:00.200]  而是時時刻刻依靠著耶穌基督去改變
[00:27:00.200 --> 00:27:02.200]  當你發覺你不懂得關心別人
[00:27:02.200 --> 00:27:05.200]  慢慢發覺完全不是一個性格
[00:27:05.200 --> 00:27:06.200]  內向的問題
[00:27:06.200 --> 00:27:08.200]  你根本不太理會別人
[00:27:08.200 --> 00:27:11.200]  可能你從小到大都是這樣
[00:27:11.200 --> 00:27:13.200]  你要改變的時候
[00:27:13.200 --> 00:27:16.200]  要花氣力依靠著基督
[00:27:16.200 --> 00:27:19.200]  不斷地改變
[00:27:19.200 --> 00:27:25.200]  因為每一句聖經
[00:27:25.200 --> 00:27:29.200]  都是我們要學習的方向
[00:27:29.200 --> 00:27:32.200]  我們要長期依靠耶穌基督
[00:27:32.200 --> 00:27:35.200]  耶穌基督同在的意識很重要
[00:27:35.200 --> 00:27:38.200]  你聽到 神啊
[00:27:38.200 --> 00:27:40.200]  不要因為聽得多
[00:27:40.200 --> 00:27:42.200]  或者剛剛這個講完
[00:27:42.200 --> 00:27:45.200]  沒有那麼多笑話或者悶一點
[00:27:45.200 --> 00:27:47.200]  馬上就關掉
[00:27:47.200 --> 00:27:49.200]  神啊 你超越他
[00:27:49.200 --> 00:27:51.200]  這個講完對我來說
[00:27:51.200 --> 00:27:52.200]  很難聽得明白
[00:27:52.200 --> 00:27:54.200]  有些講得很混亂
[00:27:54.200 --> 00:27:56.200]  但是我都想聽到你
[00:27:56.200 --> 00:27:58.200]  都是聖經你可不可以幫我呢
[00:27:58.200 --> 00:28:00.200]  你試一下這樣祈禱
[00:28:00.200 --> 00:28:02.200]  你會發覺神可以透過一些
[00:28:02.200 --> 00:28:06.200]  不算是很有口才的人
[00:28:06.200 --> 00:28:08.200]  都可以對你提一些
[00:28:08.200 --> 00:28:10.200]  很重要的數靈功課
[00:28:10.200 --> 00:28:12.200]  這個是你的心可不可以放給神
[00:28:12.200 --> 00:28:14.200]  還有神在這個聚會裏面
[00:28:14.200 --> 00:28:16.200]  我都說
[00:28:16.200 --> 00:28:18.200]  神在教會裏面設立牧師和教師
[00:28:18.200 --> 00:28:20.200]  這個是他安排的
[00:28:20.200 --> 00:28:22.200]  但是從來那些現實上
[00:28:22.200 --> 00:28:24.200]  沒有一個牧師和教師是完美的
[00:28:24.200 --> 00:28:26.200]  個個都有自己的性格
[00:28:26.200 --> 00:28:28.200]  個個都有自己的盲點
[00:28:28.200 --> 00:28:31.200]  他只是盡力將神的道告訴你
[00:28:31.200 --> 00:28:35.200]  所以簡單來說
[00:28:35.200 --> 00:28:37.200]  你帶著耶穌基督
[00:28:37.200 --> 00:28:41.200]  真的去聽道
[00:28:41.200 --> 00:28:43.200]  去學聖經
[00:28:43.200 --> 00:28:45.200]  所以上次提了
[00:28:45.200 --> 00:28:47.200]  其實簡單來說
[00:28:47.200 --> 00:28:49.200]  你回去聽道
[00:28:49.200 --> 00:28:51.200]  你聽講座
[00:28:51.200 --> 00:28:53.200]  你早上靈修第一件事
[00:28:53.200 --> 00:28:55.200]  祈禱
[00:28:55.200 --> 00:28:57.200]  耶穌基督
[00:28:57.200 --> 00:28:59.200]  現在我聽道
[00:28:59.200 --> 00:29:01.200]  你自己靈修
[00:29:01.200 --> 00:29:03.200]  你現在和我在一起
[00:29:03.200 --> 00:29:05.200]  帶著耶穌去靈修
[00:29:05.200 --> 00:29:07.200]  然後就算你讀的那些經文
[00:29:07.200 --> 00:29:09.200]  是一些道德性教訓的經文
[00:29:09.200 --> 00:29:11.200]  我們每天靈修的經文
[00:29:11.200 --> 00:29:13.200]  很少
[00:29:13.200 --> 00:29:15.200]  可能只有幾節
[00:29:15.200 --> 00:29:17.200]  他叫你不可含怒到日落
[00:29:17.200 --> 00:29:19.200]  可能你剛剛的脾氣比較暴躁
[00:29:19.200 --> 00:29:23.200]  或者容易被人勒著
[00:29:23.200 --> 00:29:25.200]  很多時候是衝口而出的
[00:29:25.200 --> 00:29:27.200]  你要學
[00:29:27.200 --> 00:29:31.200]  你就和神說
[00:29:31.200 --> 00:29:33.200]  你要求得到的
[00:29:33.200 --> 00:29:35.200]  雖然對我來說很困難
[00:29:35.200 --> 00:29:37.200]  不要說愛仇敵那些
[00:29:37.200 --> 00:29:39.200]  但是我願意學的
[00:29:39.200 --> 00:29:41.200]  因為你不只是叫我自己
[00:29:41.200 --> 00:29:43.200]  咬著牙根
[00:29:43.200 --> 00:29:45.200]  靠我意志去實踐聖經
[00:29:45.200 --> 00:29:47.200]  而是你會幫我
[00:29:47.200 --> 00:29:49.200]  讀聖經第一件事
[00:29:49.200 --> 00:29:55.200]  什麼叫依靠聖靈去讀聖經呢?
[00:29:55.200 --> 00:29:57.200]  道充滿就是有神的道充滿
[00:29:57.200 --> 00:29:59.200]  就是依靠聖靈去讀聖經
[00:29:59.200 --> 00:30:01.200]  然後依靠聖靈去實踐聖經
[00:30:01.200 --> 00:30:03.200]  依靠聖靈去讀聖經就是說
[00:30:03.200 --> 00:30:05.200]  耶穌基督
[00:30:05.200 --> 00:30:07.200]  你教得我的
[00:30:07.200 --> 00:30:09.200]  我看這個是一個教導性的經文
[00:30:09.200 --> 00:30:11.200]  但是你記住舊約新約
[00:30:11.200 --> 00:30:13.200]  都是福音來的
[00:30:13.200 --> 00:30:15.200]  是因為有耶穌的救恩
[00:30:15.200 --> 00:30:17.200]  所以你才能實踐
[00:30:17.200 --> 00:30:19.200]  意思就是說救恩就是耶穌和你現在
[00:30:19.200 --> 00:30:21.200]  有一個不離不棄的關係
[00:30:21.200 --> 00:30:23.200]  耶穌要求得一定會幫你做到
[00:30:23.200 --> 00:30:25.200]  不過你實踐聖經的時候
[00:30:25.200 --> 00:30:27.200]  你不要被聖經打沉
[00:30:27.200 --> 00:30:29.200]  我不知道你明不明白我的意思
[00:30:29.200 --> 00:30:31.200]  認真的基督徒
[00:30:31.200 --> 00:30:33.200]  不認真的我們要教他認真
[00:30:33.200 --> 00:30:35.200]  讀聖經要實踐
[00:30:35.200 --> 00:30:37.200]  認真的基督徒
[00:30:37.200 --> 00:30:39.200]  就是一讀了
[00:30:39.200 --> 00:30:41.200]  覺得自己做不到
[00:30:41.200 --> 00:30:43.200]  愛仇敵
[00:30:43.200 --> 00:30:45.200]  馬上想起有幾個自己
[00:30:45.200 --> 00:30:47.200]  不要說仇敵
[00:30:47.200 --> 00:30:49.200]  很難相處的弟兄姊妹
[00:30:49.200 --> 00:30:51.200]  某次一起合作侍奉
[00:30:51.200 --> 00:30:53.200]  出事了
[00:30:53.200 --> 00:30:55.200]  性格巨昇一句得過來
[00:30:55.200 --> 00:30:57.200]  以後都不知道怎樣和他相處
[00:30:57.200 --> 00:30:59.200]  見到他都避開
[00:30:59.200 --> 00:31:01.200]  馬上想起的時候很難忍受
[00:31:01.200 --> 00:31:03.200]  就沉了
[00:31:03.200 --> 00:31:05.200]  其實我們很多時候都靠自己去做
[00:31:05.200 --> 00:31:07.200]  你告訴神
[00:31:07.200 --> 00:31:09.200]  我按自己的本性
[00:31:09.200 --> 00:31:11.200]  我就很憎這個人
[00:31:11.200 --> 00:31:13.200]  你可以很坦誠和誠求
[00:31:13.200 --> 00:31:15.200]  見到他就想繞路走
[00:31:15.200 --> 00:31:17.200]  但又不幸和他同一間教會
[00:31:17.200 --> 00:31:19.200]  他又沒有想過轉會
[00:31:19.200 --> 00:31:21.200]  大家不知道怎麼辦
[00:31:21.200 --> 00:31:23.200]  但我願意
[00:31:23.200 --> 00:31:25.200]  你說學到這個功課
[00:31:25.200 --> 00:31:27.200]  你幫我怎樣學到
[00:31:27.200 --> 00:31:29.200]  你為祈禱
[00:31:29.200 --> 00:31:31.200]  你起碼第一步
[00:31:31.200 --> 00:31:33.200]  我那次講到都有提過
[00:31:33.200 --> 00:31:35.200]  第一次見他起碼都打個招呼
[00:31:35.200 --> 00:31:37.200]  不要給黑面人看
[00:31:37.200 --> 00:31:39.200]  因為你給黑面人看
[00:31:39.200 --> 00:31:41.200]  他以為你又生氣了
[00:31:41.200 --> 00:31:43.200]  他又給黑面人看
[00:31:43.200 --> 00:31:45.200]  是不是都打個招呼
[00:31:45.200 --> 00:31:47.200]  然後幾個禮拜再遇到的時候
[00:31:47.200 --> 00:31:49.200]  早晨
[00:31:49.200 --> 00:31:51.200]  你試試每次走一步
[00:31:51.200 --> 00:31:53.200]  然後經歷一下耶穌基督會不會幫你
[00:31:53.200 --> 00:31:55.200]  大家可以把隔膜拿走
[00:31:55.200 --> 00:31:57.200]  可能某一次
[00:31:57.200 --> 00:31:59.200]  你說很難
[00:31:59.200 --> 00:32:01.200]  怎樣和祂講早晨
[00:32:01.200 --> 00:32:03.200]  可能祂反過來和你講早晨
[00:32:03.200 --> 00:32:05.200]  你就會發覺
[00:32:05.200 --> 00:32:07.200]  耶穌基督要介入整件事
[00:32:07.200 --> 00:32:09.200]  不只是要你
[00:32:09.200 --> 00:32:11.200]  改變你
[00:32:11.200 --> 00:32:13.200]  當然神很多時候都會加力量給我們去面對
[00:32:13.200 --> 00:32:15.200]  有時候會改變對方
[00:32:15.200 --> 00:32:17.200]  我試過和我太太怎樣相處
[00:32:17.200 --> 00:32:19.200]  都用過這個方法
[00:32:19.200 --> 00:32:21.200]  是有效的
[00:32:21.200 --> 00:32:23.200]  你試試耶穌基督會這樣幫我們
[00:32:23.200 --> 00:32:25.200]  你不要想著
[00:32:25.200 --> 00:32:27.200]  讀完聖經要自己咬著牙根
[00:32:27.200 --> 00:32:29.200]  靠意志去實踐
[00:32:29.200 --> 00:32:31.200]  你覺得很奇怪
[00:32:31.200 --> 00:32:33.200]  我這樣講
[00:32:33.200 --> 00:32:35.200]  但你想想我們實際上怎樣讀聖經
[00:32:35.200 --> 00:32:37.200]  很多人早上讀聖經覺得靈修很大壓力
[00:32:37.200 --> 00:32:39.200]  是因為覺得自己做不到
[00:32:39.200 --> 00:32:43.200]  但在這個世界只是做到和做不到
[00:32:45.200 --> 00:32:47.200]  部份是因為我們這些講員
[00:32:47.200 --> 00:32:49.200]  我自己都要承認
[00:32:49.200 --> 00:32:51.200]  因為我們只有半小時講到
[00:32:51.200 --> 00:32:53.200]  將一些很複雜的
[00:32:53.200 --> 00:32:55.200]  要學的數人功夫很簡單
[00:32:55.200 --> 00:32:57.200]  只有兩條路
[00:32:57.200 --> 00:32:59.200]  一條路是有信心一條路是沒有信心
[00:32:59.200 --> 00:33:01.200]  最後大家要信神
[00:33:01.200 --> 00:33:03.200]  但現實上
[00:33:03.200 --> 00:33:05.200]  我們有些信心又不是完全有信心
[00:33:05.200 --> 00:33:07.200]  有些做到
[00:33:07.200 --> 00:33:09.200]  有些做不到
[00:33:09.200 --> 00:33:11.200]  永遠都是一個過程
[00:33:11.200 --> 00:33:13.200]  我是教靈修
[00:33:13.200 --> 00:33:15.200]  永遠都是一個過程
[00:33:15.200 --> 00:33:17.200]  只要你今個星期好過上個星期
[00:33:17.200 --> 00:33:19.200]  只要你和神一起走一條路
[00:33:19.200 --> 00:33:21.200]  向前
[00:33:21.200 --> 00:33:23.200]  每個星期走一步
[00:33:23.200 --> 00:33:25.200]  你就發覺上帝會幫你走另一步
[00:33:25.200 --> 00:33:27.200]  然後你就走第三步
[00:33:27.200 --> 00:33:29.200]  是和他一起互動
[00:33:29.200 --> 00:33:31.200]  然後一路成長
[00:33:31.200 --> 00:33:35.200]  所以聖靈充滿就不是完全聖靈充滿
[00:33:35.200 --> 00:33:37.200]  或者沒有聖靈充滿
[00:33:37.200 --> 00:33:39.200]  這個又是一個
[00:33:39.200 --> 00:33:41.200]  錯誤的想法
[00:33:41.200 --> 00:33:43.200]  因為在這裡
[00:33:43.200 --> 00:33:45.200]  原文的時式
[00:33:45.200 --> 00:33:47.200]  是現在進行式
[00:33:47.200 --> 00:33:49.200]  第一句是被動詞passive
[00:33:49.200 --> 00:33:51.200]  你不是自己去
[00:33:51.200 --> 00:33:53.200]  令到聖靈可以充滿你的
[00:33:53.200 --> 00:33:55.200]  你是打開自己
[00:33:55.200 --> 00:33:57.200]  你是想
[00:33:57.200 --> 00:33:59.200]  被上帝掌管你的生命
[00:33:59.200 --> 00:34:01.200]  所謂充滿其實是掌管你的生命
[00:34:01.200 --> 00:34:03.200]  而他的進行式
[00:34:03.200 --> 00:34:05.200]  你知道
[00:34:05.200 --> 00:34:07.200]  Present Continuous Tense
[00:34:07.200 --> 00:34:09.200]  你是要逐步被聖靈充滿
[00:34:11.200 --> 00:34:13.200]  意思是
[00:34:13.200 --> 00:34:15.200]  原來我們每個人
[00:34:15.200 --> 00:34:17.200]  在日常生活裡
[00:34:17.200 --> 00:34:19.200]  根本都有被聖靈充滿的時刻
[00:34:19.200 --> 00:34:23.200]  是漸進式的
[00:34:23.200 --> 00:34:25.200]  可能你今天下午
[00:34:25.200 --> 00:34:27.200]  我不知道你有沒有掙扎
[00:34:27.200 --> 00:34:29.200]  來這個講座
[00:34:29.200 --> 00:34:31.200]  下午應該去陪家人
[00:34:31.200 --> 00:34:33.200]  可能去
[00:34:33.200 --> 00:34:35.200]  自己也想輕鬆玩玩
[00:34:35.200 --> 00:34:37.200]  或者去看劇
[00:34:37.200 --> 00:34:39.200]  有套劇未看完
[00:34:39.200 --> 00:34:41.200]  很多原因
[00:34:41.200 --> 00:34:43.200]  很多事都可以做
[00:34:43.200 --> 00:34:45.200]  但你又覺得回來有些意思
[00:34:45.200 --> 00:34:47.200]  有些事要學習
[00:34:47.200 --> 00:34:49.200]  你掙扎
[00:34:49.200 --> 00:34:51.200]  當你放下自己
[00:34:51.200 --> 00:34:53.200]  我不是不喜歡看電視劇
[00:34:53.200 --> 00:34:55.200]  不過可以不看
[00:34:55.200 --> 00:34:57.200]  因為下午先聽了講座
[00:34:57.200 --> 00:34:59.200]  你為神走了一步
[00:34:59.200 --> 00:35:01.200]  其實你的決定已經是一個馴服的決定
[00:35:01.200 --> 00:35:03.200]  你因為愛主
[00:35:03.200 --> 00:35:05.200]  多於愛你自己的心意
[00:35:05.200 --> 00:35:07.200]  這已經是一個小的
[00:35:07.200 --> 00:35:09.200]  聖靈充滿
[00:35:09.200 --> 00:35:11.200]  你明不明
[00:35:11.200 --> 00:35:13.200]  我們要做的
[00:35:13.200 --> 00:35:15.200]  不要只是一件事
[00:35:15.200 --> 00:35:17.200]  在日常生活裡
[00:35:17.200 --> 00:35:19.200]  每一件事
[00:35:19.200 --> 00:35:21.200]  大的事一定要依靠主
[00:35:21.200 --> 00:35:23.200]  我轉不轉工
[00:35:23.200 --> 00:35:25.200]  我明年做不做團體職員
[00:35:25.200 --> 00:35:27.200]  怎麼用我的時間
[00:35:27.200 --> 00:35:29.200]  是不是應該多些進修
[00:35:29.200 --> 00:35:31.200]  在信仰上學習
[00:35:31.200 --> 00:35:33.200]  每年都做些好計劃
[00:35:33.200 --> 00:35:35.200]  這些當然要依靠主
[00:35:35.200 --> 00:35:37.200]  然後在日常生活裡
[00:35:37.200 --> 00:35:39.200]  回到教會
[00:35:39.200 --> 00:35:41.200]  發覺自己不想和頂尖打招呼
[00:35:41.200 --> 00:35:43.200]  心裡馬上和耶穌求救
[00:35:43.200 --> 00:35:45.200]  然後神啊
[00:35:45.200 --> 00:35:47.200]  你問我
[00:35:47.200 --> 00:35:49.200]  我沒有能力走過去
[00:35:49.200 --> 00:35:51.200]  但是神你幫我
[00:35:51.200 --> 00:35:53.200]  你時時帶著耶穌基督一起
[00:35:53.200 --> 00:35:55.200]  又時時記住了
[00:35:55.200 --> 00:35:57.200]  聖經的教導
[00:35:57.200 --> 00:35:59.200]  是靠著耶穌實踐
[00:35:59.200 --> 00:36:01.200]  所以你靈修
[00:36:01.200 --> 00:36:03.200]  或者聽道
[00:36:03.200 --> 00:36:05.200]  先不要聽道德教訓
[00:36:05.200 --> 00:36:07.200]  先不要說對和錯
[00:36:07.200 --> 00:36:09.200]  你先要知道
[00:36:09.200 --> 00:36:11.200]  上帝所要求的
[00:36:11.200 --> 00:36:13.200]  上帝一定有方法幫我們做到
[00:36:13.200 --> 00:36:15.200]  但你要時時用著你的信心
[00:36:15.200 --> 00:36:17.200]  黏著它
[00:36:17.200 --> 00:36:19.200]  不知你明不明
[00:36:19.200 --> 00:36:21.200]  我們是relational先moral
[00:36:21.200 --> 00:36:23.200]  我講了幾次
[00:36:23.200 --> 00:36:25.200]  重點是告訴你
[00:36:25.200 --> 00:36:27.200]  因為很多時候我們以為
[00:36:27.200 --> 00:36:29.200]  信了主之後我讀聖經
[00:36:29.200 --> 00:36:31.200]  所以很大壓力
[00:36:31.200 --> 00:36:33.200]  每天早上都有很多要求
[00:36:33.200 --> 00:36:35.200]  這裡叫我往普天下傳福音
[00:36:35.200 --> 00:36:37.200]  真的很大件事
[00:36:37.200 --> 00:36:39.200]  今天早上
[00:36:39.200 --> 00:36:41.200]  上班的壓力還沒處理
[00:36:41.200 --> 00:36:43.200]  要和老闆交代project
[00:36:43.200 --> 00:36:45.200]  今天早上沒有安慰聖經
[00:36:45.200 --> 00:36:47.200]  還突然說往普天下去
[00:36:47.200 --> 00:36:49.200]  誰有空想往普天下去呢
[00:36:49.200 --> 00:36:51.200]  我也舉過這個例子
[00:36:51.200 --> 00:36:53.200]  因為我們是神學生
[00:36:53.200 --> 00:36:55.200]  或者我自己
[00:36:55.200 --> 00:36:57.200]  希臘文
[00:36:57.200 --> 00:36:59.200]  我究竟還讀希臘文
[00:36:59.200 --> 00:37:01.200]  7點半靈修
[00:37:01.200 --> 00:37:03.200]  這半個小時不溫習
[00:37:03.200 --> 00:37:05.200]  我都忘記了
[00:37:05.200 --> 00:37:07.200]  我們每次都背20個生字
[00:37:07.200 --> 00:37:09.200]  很難受
[00:37:09.200 --> 00:37:11.200]  神啊可不可以遲一點才靈修
[00:37:11.200 --> 00:37:13.200]  我背了半個小時
[00:37:13.200 --> 00:37:15.200]  都忘記了
[00:37:15.200 --> 00:37:17.200]  還有讀了那一節又不關事
[00:37:17.200 --> 00:37:19.200]  那你怎麼辦呢
[00:37:19.200 --> 00:37:21.200]  所以我那次也有提過
[00:37:21.200 --> 00:37:23.200]  你可不可以和神說
[00:37:23.200 --> 00:37:25.200]  神啊我也願意往普天下去
[00:37:25.200 --> 00:37:27.200]  關心宣教事
[00:37:27.200 --> 00:37:29.200]  但可不可以我先和你說希臘文的壓力
[00:37:29.200 --> 00:37:33.200]  你可不可以讓我有聰明智慧
[00:37:33.200 --> 00:37:35.200]  待會應付了
[00:37:35.200 --> 00:37:37.200]  我考完希臘文回來再靈修
[00:37:37.200 --> 00:37:39.200]  和你說那些
[00:37:39.200 --> 00:37:41.200]  我那次提過一件事
[00:37:41.200 --> 00:37:43.200]  如果你真的不行
[00:37:43.200 --> 00:37:45.200]  不如和神說
[00:37:45.200 --> 00:37:47.200]  你先說你想和神說的
[00:37:47.200 --> 00:37:49.200]  神是很看出我們
[00:37:49.200 --> 00:37:51.200]  但我們又給神說
[00:37:51.200 --> 00:37:53.200]  你不要經常說自己的要求
[00:37:53.200 --> 00:37:55.200]  上帝想和你說普天下去
[00:37:55.200 --> 00:37:57.200]  你什麼時候都沒空
[00:37:57.200 --> 00:37:59.200]  今天不是這件事,明天是那件事
[00:37:59.200 --> 00:38:01.200]  你什麼時候學的
[00:38:01.200 --> 00:38:03.200]  我們又給上帝空間
[00:38:03.200 --> 00:38:05.200]  兩個都是主體
[00:38:05.200 --> 00:38:07.200]  神是讓我們主動
[00:38:07.200 --> 00:38:09.200]  你想怎麼樣
[00:38:09.200 --> 00:38:11.200]  我們有些需要真的克服不了
[00:38:11.200 --> 00:38:13.200]  我願意告訴神
[00:38:13.200 --> 00:38:15.200]  你幫我
[00:38:15.200 --> 00:38:17.200]  而被聖靈充滿
[00:38:17.200 --> 00:38:19.200]  就是漸進式
[00:38:19.200 --> 00:38:23.200]  你開始帶著耶穌的生活
[00:38:23.200 --> 00:38:25.200]  然後在每一件細節上
[00:38:25.200 --> 00:38:27.200]  都留意
[00:38:27.200 --> 00:38:29.200]  我今天的狀態
[00:38:29.200 --> 00:38:31.200]  今天早上起床可能很累
[00:38:31.200 --> 00:38:33.200]  很不想上班
[00:38:33.200 --> 00:38:35.200]  上帝你給我
[00:38:35.200 --> 00:38:37.200]  不要面對別人情緒上
[00:38:37.200 --> 00:38:39.200]  我有這些壓力你幫我承擔
[00:38:39.200 --> 00:38:41.200]  你不絕好過
[00:38:41.200 --> 00:38:43.200]  保持和神的關係
[00:38:43.200 --> 00:38:45.200]  這個靠著聖靈去讀聖經
[00:38:45.200 --> 00:38:47.200]  將聖經讀成福音
[00:38:47.200 --> 00:38:51.200]  不要當律法這樣讀
[00:38:51.200 --> 00:38:53.200]  我的概念就是
[00:38:53.200 --> 00:38:55.200]  律法只是讀到要求
[00:38:55.200 --> 00:38:57.200]  就不見了耶穌基督
[00:38:57.200 --> 00:38:59.200]  靈修不是一個複雜的方法
[00:38:59.200 --> 00:39:01.200]  對我來說
[00:39:01.200 --> 00:39:03.200]  很多方法都很有效
[00:39:03.200 --> 00:39:05.200]  但如果你沒有信心
[00:39:05.200 --> 00:39:07.200]  沒有神的同在意識
[00:39:07.200 --> 00:39:09.200]  什麼方法都沒有用
[00:39:09.200 --> 00:39:11.200]  不是方法的問題
[00:39:11.200 --> 00:39:13.200]  將聖經讀十次
[00:39:13.200 --> 00:39:15.200]  看哪兩個字飛出來
[00:39:15.200 --> 00:39:17.200]  很有印象很深刻
[00:39:17.200 --> 00:39:19.200]  不要相信那些方法
[00:39:19.200 --> 00:39:21.200]  是領受出來的
[00:39:21.200 --> 00:39:23.200]  領受是你自己靠著聖靈
[00:39:23.200 --> 00:39:25.200]  耶穌基督現在和我一起讀聖經
[00:39:25.200 --> 00:39:27.200]  祂要求我的
[00:39:27.200 --> 00:39:29.200]  一定對我好的
[00:39:29.200 --> 00:39:31.200]  每一個聖經我都願意學
[00:39:31.200 --> 00:39:33.200]  我不會有一個聖經不用學
[00:39:33.200 --> 00:39:35.200]  我願意開放
[00:39:35.200 --> 00:39:37.200]  然後神提醒我
[00:39:37.200 --> 00:39:39.200]  我自己不行的
[00:39:39.200 --> 00:39:41.200]  神你加力給我
[00:39:41.200 --> 00:39:43.200]  我就更多依靠著祂
[00:39:43.200 --> 00:39:45.200]  當我們這樣漸進式
[00:39:45.200 --> 00:39:47.200]  由生活一兩件事
[00:39:47.200 --> 00:39:49.200]  順服主
[00:39:49.200 --> 00:39:51.200]  到很多件事都順服主
[00:39:51.200 --> 00:39:53.200]  到大部份的事都順服主
[00:39:53.200 --> 00:39:55.200]  起碼在我意識裏能夠順服主
[00:39:55.200 --> 00:39:57.200]  我都跟著祂走
[00:39:57.200 --> 00:39:59.200]  向著這個方向
[00:39:59.200 --> 00:40:01.200]  這就是聖靈充滿
[00:40:01.200 --> 00:40:03.200]  祂在說這種聖靈充滿
[00:40:03.200 --> 00:40:05.200]  因為祂的時式
[00:40:05.200 --> 00:40:07.200]  是這樣的時候
[00:40:07.200 --> 00:40:09.200]  假設已乏所的弟兄姊妹
[00:40:09.200 --> 00:40:11.200]  有若干被聖靈充滿的經驗
[00:40:11.200 --> 00:40:13.200]  不過你要繼續
[00:40:13.200 --> 00:40:15.200]  更多更深入的被聖靈充滿
[00:40:15.200 --> 00:40:17.200]  即是被聖靈掌管你的生命
[00:40:17.200 --> 00:40:21.200]  能夠以基督為你的主
[00:40:21.200 --> 00:40:27.200]  這就是聖靈充滿的主要意思
[00:40:27.200 --> 00:40:29.200]  我不知道
[00:40:29.200 --> 00:40:31.200]  先停一停
[00:40:31.200 --> 00:40:33.200]  讓大家可以問問問題
[00:40:33.200 --> 00:40:35.200]  請說
[00:40:45.200 --> 00:40:49.200]  要以各樣智慧
[00:40:49.200 --> 00:40:51.200]  可否詮釋一下
[00:40:51.200 --> 00:40:53.200]  智慧是甚麼的智慧
[00:40:53.200 --> 00:40:55.200]  非常好
[00:40:55.200 --> 00:40:57.200]  我先看看經文
[00:40:57.200 --> 00:41:01.200]  當用各樣智慧
[00:41:01.200 --> 00:41:03.200]  智慧可否解釋給我們聽
[00:41:03.200 --> 00:41:07.200]  智慧是甚麼
[00:41:07.200 --> 00:41:09.200]  真的問得好
[00:41:09.200 --> 00:41:11.200]  解經上這個很重要
[00:41:11.200 --> 00:41:13.200]  你看已乏所書五章十五節
[00:41:13.200 --> 00:41:15.200]  你有沒有留意
[00:41:15.200 --> 00:41:17.200]  同一樣
[00:41:17.200 --> 00:41:19.200]  你們要謹慎行事
[00:41:19.200 --> 00:41:21.200]  要像無知人
[00:41:21.200 --> 00:41:23.200]  要像智慧的人
[00:41:23.200 --> 00:41:25.200]  智慧很簡單
[00:41:25.200 --> 00:41:27.200]  針研就是其中一個
[00:41:27.200 --> 00:41:29.200]  智慧是甚麼
[00:41:29.200 --> 00:41:31.200]  是屬靈的智慧
[00:41:31.200 --> 00:41:33.200]  IQ很高
[00:41:33.200 --> 00:41:35.200]  但SQ很低
[00:41:35.200 --> 00:41:37.200]  屬靈智慧很低
[00:41:37.200 --> 00:41:39.200]  例如甚麼
[00:41:39.200 --> 00:41:41.200]  現在的廣告
[00:41:41.200 --> 00:41:45.200]  信用卡易借易還
[00:41:45.200 --> 00:41:47.200]  其實很誤導
[00:41:47.200 --> 00:41:49.200]  程序很容易還
[00:41:49.200 --> 00:41:51.200]  和有沒有錢還是兩回事
[00:41:51.200 --> 00:41:53.200]  你沒有錢就很難還
[00:41:53.200 --> 00:41:55.200]  不是因為程序按一個按鈕
[00:41:55.200 --> 00:41:57.200]  很快就過數給你
[00:41:57.200 --> 00:41:59.200]  你按一個按鈕就過數給他
[00:41:59.200 --> 00:42:01.200]  這樣就很容易還
[00:42:01.200 --> 00:42:03.200]  而且廣告告訴你
[00:42:03.200 --> 00:42:05.200]  有時買一件衣服
[00:42:05.200 --> 00:42:07.200]  紅色那件又喜歡
[00:42:07.200 --> 00:42:09.200]  綠色那件又喜歡
[00:42:09.200 --> 00:42:11.200]  那就買吧
[00:42:11.200 --> 00:42:13.200]  如果你沒有錢
[00:42:13.200 --> 00:42:15.200]  為何要買那麼多件
[00:42:15.200 --> 00:42:17.200]  那些人現在
[00:42:17.200 --> 00:42:19.200]  IQ很高
[00:42:19.200 --> 00:42:21.200]  但SQ很低
[00:42:21.200 --> 00:42:23.200]  做得很傻
[00:42:23.200 --> 00:42:25.200]  要相信
[00:42:25.200 --> 00:42:27.200]  簡單來說
[00:42:27.200 --> 00:42:29.200]  甚麼是智慧
[00:42:29.200 --> 00:42:31.200]  聖經裏面是摩西律法是原則
[00:42:31.200 --> 00:42:33.200]  一個人到你在生活裏
[00:42:33.200 --> 00:42:35.200]  遇到一個場景
[00:42:35.200 --> 00:42:37.200]  你會想起哪些聖經
[00:42:37.200 --> 00:42:39.200]  和這個場景最有關係
[00:42:39.200 --> 00:42:41.200]  上帝想你很具體
[00:42:41.200 --> 00:42:43.200]  在這個特定的場景裏面
[00:42:43.200 --> 00:42:45.200]  怎樣回應這件事
[00:42:45.200 --> 00:42:47.200]  這種智慧綜合了所有聖經教導
[00:42:47.200 --> 00:42:51.200]  譬如我用一個最簡單的例子
[00:42:51.200 --> 00:42:53.200]  大家明白
[00:42:53.200 --> 00:42:55.200]  開會裏面
[00:42:55.200 --> 00:42:57.200]  一個弟兄姐妹贊成
[00:42:57.200 --> 00:42:59.200]  有些弟兄姐妹贊成
[00:42:59.200 --> 00:43:01.200]  有些人反對
[00:43:01.200 --> 00:43:03.200]  究竟我這次為這件事
[00:43:03.200 --> 00:43:05.200]  要顧念那些人的感受
[00:43:05.200 --> 00:43:07.200]  或是要鼓勵大家做這件事
[00:43:07.200 --> 00:43:09.200]  還是要顧念那些人
[00:43:09.200 --> 00:43:11.200]  這件事很難決定
[00:43:11.200 --> 00:43:13.200]  就好像你教兒子
[00:43:13.200 --> 00:43:15.200]  我一個兒子一個女兒
[00:43:15.200 --> 00:43:17.200]  現在都長大了
[00:43:17.200 --> 00:43:19.200]  究竟你那個時候硬些再鼓勵他
[00:43:19.200 --> 00:43:21.200]  還是我這次先放他
[00:43:21.200 --> 00:43:23.200]  放他一馬
[00:43:23.200 --> 00:43:25.200]  然後用軟的方法去哄他
[00:43:25.200 --> 00:43:27.200]  解釋給他聽
[00:43:27.200 --> 00:43:29.200]  你是很難拿捏的
[00:43:29.200 --> 00:43:31.200]  這種顧人先令顧
[00:43:31.200 --> 00:43:33.200]  因為兩人都是聖經教導
[00:43:33.200 --> 00:43:35.200]  這是要你時時刻刻帶著耶穌基督
[00:43:35.200 --> 00:43:37.200]  而你刻意
[00:43:37.200 --> 00:43:39.200]  我好想遵守所有教導
[00:43:39.200 --> 00:43:41.200]  然後求神給我一個智慧
[00:43:41.200 --> 00:43:43.200]  這個時候如何圓滑處理整件事
[00:43:43.200 --> 00:43:45.200]  最好又能夠照顧人的感受
[00:43:45.200 --> 00:43:47.200]  又能夠做到那件事
[00:43:47.200 --> 00:43:49.200]  可能我想到這個時候
[00:43:49.200 --> 00:43:51.200]  下次開會再談
[00:43:51.200 --> 00:43:53.200]  或者我們這件事先做一半
[00:43:53.200 --> 00:43:55.200]  我要推行一個讀經計劃
[00:43:55.200 --> 00:43:57.200]  你說不好就好了
[00:43:57.200 --> 00:43:59.200]  我們可能只是團計做
[00:43:59.200 --> 00:44:01.200]  這個團計先試點
[00:44:01.200 --> 00:44:03.200]  但又可以試一試
[00:44:03.200 --> 00:44:05.200]  神給你有智慧
[00:44:05.200 --> 00:44:07.200]  能夠圓滑
[00:44:07.200 --> 00:44:09.200]  同一時間遵守所有原則
[00:44:09.200 --> 00:44:11.200]  但又能夠圓滑處理整件事
[00:44:11.200 --> 00:44:13.200]  因為應用聖經的智慧
[00:44:13.200 --> 00:44:15.200]  在具體的生活環境
[00:44:15.200 --> 00:44:17.200]  智慧
[00:44:17.200 --> 00:44:19.200]  其實在這裡就是說
[00:44:19.200 --> 00:44:21.200]  我們一個人
[00:44:21.200 --> 00:44:23.200]  如果被神的道充滿
[00:44:23.200 --> 00:44:25.200]  就不只是學了一堆聖經
[00:44:25.200 --> 00:44:27.200]  而是你真的遇到
[00:44:27.200 --> 00:44:29.200]  好像剛才幾個例子
[00:44:29.200 --> 00:44:31.200]  你回來見到頂尖會
[00:44:31.200 --> 00:44:33.200]  其實你不想和他聊天
[00:44:33.200 --> 00:44:35.200]  你馬上就知道現在耶穌基督
[00:44:35.200 --> 00:44:39.200]  如何去學習這方面的成長
[00:44:39.200 --> 00:44:41.200]  或者你下次回到崇拜的時候
[00:44:41.200 --> 00:44:43.200]  發覺是
[00:44:43.200 --> 00:44:45.200]  我和頂尖會打完招呼之後
[00:44:45.200 --> 00:44:47.200]  原來我一向都沒有想過耶穌基督真的存在
[00:44:47.200 --> 00:44:49.200]  那我就學這件事
[00:44:49.200 --> 00:44:51.200]  這樣就完全不同了
[00:44:51.200 --> 00:44:53.200]  你不只是靈修的時候才去想聖經
[00:44:53.200 --> 00:44:55.200]  你是生活的時候才去想聖經
[00:44:55.200 --> 00:44:57.200]  你是生活的場景裡面
[00:44:57.200 --> 00:44:59.200]  你在聖經教什麼
[00:44:59.200 --> 00:45:01.200]  你不能夠在聖經裡面
[00:45:01.200 --> 00:45:03.200]  每次學一句聖經去應用一句聖經
[00:45:03.200 --> 00:45:05.200]  你明不明白我們學東西的方法
[00:45:05.200 --> 00:45:07.200]  現在還是在一種
[00:45:07.200 --> 00:45:09.200]  中小學的方式來學東西
[00:45:09.200 --> 00:45:11.200]  一個聖經就想一個實踐方法
[00:45:11.200 --> 00:45:13.200]  聖經叫我去
[00:45:13.200 --> 00:45:15.200]  關心宣教士
[00:45:15.200 --> 00:45:17.200]  往好些下去
[00:45:17.200 --> 00:45:19.200]  這次我應用就是去關心宣教士
[00:45:19.200 --> 00:45:21.200]  奉獻一些錢給他
[00:45:21.200 --> 00:45:23.200]  這樣就做完了
[00:45:23.200 --> 00:45:25.200]  我們聖經當然是逐步逐步學的
[00:45:25.200 --> 00:45:27.200]  但學到差不多的時候
[00:45:27.200 --> 00:45:29.200]  你人長大了
[00:45:29.200 --> 00:45:31.200]  高中和大學你要將所有學過的知識
[00:45:31.200 --> 00:45:33.200]  在一個場景裡面就要全部出來
[00:45:33.200 --> 00:45:35.200]  那種就是智慧 屬靈的智慧
[00:45:35.200 --> 00:45:37.200]  他其實是在說
[00:45:37.200 --> 00:45:39.200]  聖靈充滿其實就是智慧充滿
[00:45:39.200 --> 00:45:41.200]  就是在另一個角度
[00:45:41.200 --> 00:45:43.200]  就是在《士徒行傳》第六章
[00:45:43.200 --> 00:45:45.200]  你記得那些執事選出來的時候
[00:45:45.200 --> 00:45:47.200]  他們
[00:45:47.200 --> 00:45:49.200]  聖靈充滿他們滿有智慧
[00:45:49.200 --> 00:45:51.200]  所以
[00:45:51.200 --> 00:45:53.200]  屬靈的智慧充滿的人
[00:45:53.200 --> 00:45:55.200]  即是神的道充滿
[00:45:55.200 --> 00:45:57.200]  其實不單止是要熟悉聖經
[00:45:57.200 --> 00:45:59.200]  而且是要應用得很純熟
[00:45:59.200 --> 00:46:01.200]  到你在生活一個具體的場景裡面
[00:46:01.200 --> 00:46:03.200]  你想起所有的聖經
[00:46:03.200 --> 00:46:05.200]  而且有形式都跟你同在去實踐那些聖經
[00:46:05.200 --> 00:46:07.200]  那這種就是那種智慧
[00:46:07.200 --> 00:46:09.200]  好清楚 麻煩你
[00:46:09.200 --> 00:46:11.200]  剛才你提到SQIQSQ
[00:46:11.200 --> 00:46:13.200]  那你S不就是Spirit
[00:46:13.200 --> 00:46:15.200]  Spirit
[00:46:15.200 --> 00:46:17.200]  謝謝牧師
[00:46:17.200 --> 00:46:19.200]  好 謝謝你的問題
[00:46:19.200 --> 00:46:21.200]  好
[00:46:21.200 --> 00:46:23.200]  有什麼想起的嗎
[00:46:23.200 --> 00:46:29.200]  好
[00:46:29.200 --> 00:46:33.200]  因為我上網那裡要renew才看到那個slider
[00:46:33.200 --> 00:46:35.200]  有沒有人打進去
[00:46:35.200 --> 00:46:37.200]  如果有人幫我看看
[00:46:37.200 --> 00:46:39.200]  幫我看看有沒有其他的問題
[00:46:39.200 --> 00:46:41.200]  我可以回答
[00:46:41.200 --> 00:46:43.200]  好 那我接著說靈感運動那部分
[00:46:43.200 --> 00:46:47.200]  明了正式
[00:46:47.200 --> 00:46:49.200]  就是我們正確怎樣追求
[00:46:49.200 --> 00:46:51.200]  聖靈充滿就是讓基督掌管我們的生命
[00:46:51.200 --> 00:46:53.200]  因為聖靈就是要榮耀基督
[00:46:53.200 --> 00:46:55.200]  如果你記得我之前
[00:46:55.200 --> 00:46:57.200]  講的《約翰福音》十六章
[00:46:57.200 --> 00:46:59.200]  十二至十五節
[00:46:59.200 --> 00:47:01.200]  聖靈是令到我們會追求神的道
[00:47:01.200 --> 00:47:03.200]  就是基督的教導
[00:47:03.200 --> 00:47:05.200]  然後我們靠著基督
[00:47:05.200 --> 00:47:07.200]  實踐神的道
[00:47:07.200 --> 00:47:09.200]  也榮耀基督 所以我們簡單來說
[00:47:09.200 --> 00:47:11.200]  就是with God
[00:47:11.200 --> 00:47:13.200]  或者with Jesus Christ
[00:47:13.200 --> 00:47:15.200]  我們想為主而活
[00:47:15.200 --> 00:47:17.200]  就一定要和主一起活
[00:47:17.200 --> 00:47:19.200]  with Jesus Christ
[00:47:19.200 --> 00:47:21.200]  你不時時刻刻和主一起活
[00:47:21.200 --> 00:47:23.200]  你是沒有辦法為他而活
[00:47:23.200 --> 00:47:25.200]  因為我們不是靠自己那種意志
[00:47:25.200 --> 00:47:27.200]  去實踐到聖經
[00:47:27.200 --> 00:47:29.200]  這個明了
[00:47:29.200 --> 00:47:31.200]  好 靈感運動
[00:47:31.200 --> 00:47:33.200]  大家都基本上有些認識
[00:47:33.200 --> 00:47:35.200]  它全名就是五秦宗及靈感運動
[00:47:35.200 --> 00:47:37.200]  因為有三波
[00:47:37.200 --> 00:47:39.200]  在歷史上有三個階段
[00:47:39.200 --> 00:47:41.200]  很粗略的分類
[00:47:41.200 --> 00:47:43.200]  1900年就是第一波開始
[00:47:43.200 --> 00:47:45.200]  就叫五秦宗運動
[00:47:45.200 --> 00:47:47.200]  就是現在的五秦節
[00:47:47.200 --> 00:47:49.200]  宗派
[00:47:49.200 --> 00:47:51.200]  譬如五秦節聖結會
[00:47:51.200 --> 00:47:53.200]  神召會是最大的
[00:47:53.200 --> 00:47:55.200]  差不多佔了八成至九成
[00:47:55.200 --> 00:47:57.200]  然後有其他
[00:47:57.200 --> 00:47:59.200]  使徒信心會 四方方會
[00:47:59.200 --> 00:48:01.200]  這些傳統第一波的
[00:48:01.200 --> 00:48:03.200]  宗派
[00:48:03.200 --> 00:48:05.200]  你一聽名字就知道
[00:48:05.200 --> 00:48:07.200]  所謂五秦宗教會
[00:48:07.200 --> 00:48:09.200]  主要是基層
[00:48:09.200 --> 00:48:11.200]  在美國開始
[00:48:11.200 --> 00:48:13.200]  然後去到全世界
[00:48:13.200 --> 00:48:15.200]  宣教士
[00:48:15.200 --> 00:48:17.200]  它的特色就是
[00:48:17.200 --> 00:48:19.200]  他們覺得聖靈充滿
[00:48:19.200 --> 00:48:21.200]  一定要講方言
[00:48:21.200 --> 00:48:23.200]  這是他們的教導
[00:48:23.200 --> 00:48:25.200]  直至今天
[00:48:25.200 --> 00:48:27.200]  都是他們主要的教導
[00:48:27.200 --> 00:48:29.200]  第二波就是1960年
[00:48:29.200 --> 00:48:31.200]  也在美國
[00:48:31.200 --> 00:48:33.200]  開始
[00:48:33.200 --> 00:48:35.200]  開始所謂靈感運動
[00:48:35.200 --> 00:48:37.200]  第二波 為什麼叫靈感運動呢
[00:48:37.200 --> 00:48:39.200]  因為
[00:48:39.200 --> 00:48:41.200]  有些傳統教會牧師
[00:48:41.200 --> 00:48:43.200]  先是聖公會
[00:48:43.200 --> 00:48:45.200]  然後是信義會
[00:48:45.200 --> 00:48:47.200]  然後有其他我們一般的
[00:48:47.200 --> 00:48:49.200]  非靈恩的五秦節的宗派
[00:48:49.200 --> 00:48:51.200]  譬如浸信會 什麼都有
[00:48:51.200 --> 00:48:53.200]  就是有些牧者
[00:48:53.200 --> 00:48:55.200]  覺得自己經歷到
[00:48:55.200 --> 00:48:57.200]  聖靈充滿 講了方言
[00:48:57.200 --> 00:48:59.200]  因為在1960年之前
[00:48:59.200 --> 00:49:01.200]  都要
[00:49:01.200 --> 00:49:03.200]  留不到在自己的教會
[00:49:03.200 --> 00:49:05.200]  因為傳統宗派不接受
[00:49:05.200 --> 00:49:07.200]  結果要轉教會
[00:49:07.200 --> 00:49:09.200]  就進了五秦宗裡面侍奉
[00:49:09.200 --> 00:49:11.200]  但是那時候
[00:49:11.200 --> 00:49:13.200]  開始有第一間
[00:49:13.200 --> 00:49:15.200]  聖公會的牧師在
[00:49:15.200 --> 00:49:17.200]  美國那裡
[00:49:17.200 --> 00:49:19.200]  接受
[00:49:19.200 --> 00:49:21.200]  他繼續牧會
[00:49:21.200 --> 00:49:23.200]  然後信義會也有人這樣
[00:49:23.200 --> 00:49:25.200]  然後浸信會各樣東西都有
[00:49:25.200 --> 00:49:27.200]  所以我們現在間中會有些宗派
[00:49:27.200 --> 00:49:29.200]  你知道 個別堂會會走
[00:49:29.200 --> 00:49:31.200]  所謂靈感的路線
[00:49:31.200 --> 00:49:33.200]  但其實不是一個五秦宗派
[00:49:33.200 --> 00:49:35.200]  這個叫第二波
[00:49:35.200 --> 00:49:37.200]  他們的教導
[00:49:37.200 --> 00:49:39.200]  最不同的地方就是聖靈充滿
[00:49:39.200 --> 00:49:41.200]  不一定要講方言
[00:49:41.200 --> 00:49:43.200]  但一定要有超自然的恩賜
[00:49:43.200 --> 00:49:45.200]  可能是醫病的恩賜
[00:49:45.200 --> 00:49:47.200]  或者是
[00:49:47.200 --> 00:49:49.200]  其他神蹟奇事
[00:49:49.200 --> 00:49:51.200]  仙姿的恩賜 種種那些
[00:49:51.200 --> 00:49:53.200]  第三波就1980年
[00:49:53.200 --> 00:49:55.200]  就叫葡萄園運動
[00:49:55.200 --> 00:49:57.200]  現在大家知道
[00:49:57.200 --> 00:49:59.200]  1990年的時候就來香港
[00:49:59.200 --> 00:50:01.200]  溫若寒John Wimber
[00:50:01.200 --> 00:50:03.200]  和Peter Wegener
[00:50:03.200 --> 00:50:05.200]  就是魏格納 中文譯做
[00:50:05.200 --> 00:50:07.200]  最主要就是一個
[00:50:07.200 --> 00:50:09.200]  科罕信仰的教會
[00:50:09.200 --> 00:50:11.200]  在美國
[00:50:11.200 --> 00:50:13.200]  在走這條路線
[00:50:13.200 --> 00:50:15.200]  但他就說最主要教導的不同
[00:50:15.200 --> 00:50:17.200]  就是聖靈充滿
[00:50:17.200 --> 00:50:19.200]  不一定要超自然恩賜
[00:50:19.200 --> 00:50:21.200]  是超自然經歷
[00:50:21.200 --> 00:50:23.200]  經歷不同就是
[00:50:23.200 --> 00:50:25.200]  恩賜就是你經常都有那個能力
[00:50:25.200 --> 00:50:27.200]  和人醫病 就是你的恩賜
[00:50:27.200 --> 00:50:29.200]  超自然恩賜
[00:50:29.200 --> 00:50:31.200]  但他說不一定一個人是這樣的
[00:50:31.200 --> 00:50:33.200]  你是經歷到一樣東西
[00:50:33.200 --> 00:50:35.200]  有很多神聽你講
[00:50:35.200 --> 00:50:37.200]  下一次你可能有一個仙姿的領受
[00:50:37.200 --> 00:50:39.200]  總之是超自然
[00:50:39.200 --> 00:50:41.200]  很多經歷在你生命裏面
[00:50:41.200 --> 00:50:43.200]  簡單來說就是越來越普及化
[00:50:43.200 --> 00:50:45.200]  你見到三波裏面的教導
[00:50:45.200 --> 00:50:47.200]  即是說
[00:50:47.200 --> 00:50:49.200]  總之經常都有超自然的東西
[00:50:49.200 --> 00:50:51.200]  所以綜合來說
[00:50:51.200 --> 00:50:53.200]  最大的特色
[00:50:53.200 --> 00:50:55.200]  三波都是
[00:50:55.200 --> 00:50:57.200]  就是一條追求
[00:50:57.200 --> 00:50:59.200]  復興的路線
[00:50:59.200 --> 00:51:01.200]  個人的復興
[00:51:01.200 --> 00:51:03.200]  教會的復興
[00:51:03.200 --> 00:51:05.200]  兩個層次 而都是要強調一個方法
[00:51:05.200 --> 00:51:07.200]  就不是方信仰教會裏面
[00:51:07.200 --> 00:51:09.200]  要透過神的話語
[00:51:09.200 --> 00:51:11.200]  即是我們聽神的導
[00:51:11.200 --> 00:51:13.200]  然後去對付罪
[00:51:13.200 --> 00:51:15.200]  我們去追求
[00:51:15.200 --> 00:51:17.200]  屬靈的德行
[00:51:17.200 --> 00:51:19.200]  即是聖靈的果子 人愛喜樂和平
[00:51:19.200 --> 00:51:21.200]  溫柔忍耐 或者是信望愛
[00:51:21.200 --> 00:51:23.200]  最重要是信望愛
[00:51:23.200 --> 00:51:25.200]  不是這些增長
[00:51:25.200 --> 00:51:27.200]  他們追求的是
[00:51:27.200 --> 00:51:29.200]  超自然的經歷
[00:51:29.200 --> 00:51:31.200]  他們覺得
[00:51:31.200 --> 00:51:33.200]  最主要是透過超自然經歷
[00:51:33.200 --> 00:51:35.200]  一個人才反映到他和神的關係好
[00:51:35.200 --> 00:51:37.200]  他叫聖靈充滿
[00:51:37.200 --> 00:51:39.200]  或者另一個名叫靈浸
[00:51:39.200 --> 00:51:41.200]  或者叫靈洗
[00:51:41.200 --> 00:51:43.200]  相同的 和聖靈充滿
[00:51:43.200 --> 00:51:45.200]  他們覺得是同一個意思
[00:51:45.200 --> 00:51:49.200]  所以其實是越來越普及化
[00:51:49.200 --> 00:51:51.200]  三波
[00:51:51.200 --> 00:51:53.200]  我這裏最主要就是
[00:51:53.200 --> 00:51:55.200]  和大家去說
[00:51:57.200 --> 00:51:59.200]  我們怎樣看這件事
[00:51:59.200 --> 00:52:01.200]  大家先學一點
[00:52:01.200 --> 00:52:03.200]  1.1那裏
[00:52:03.200 --> 00:52:05.200]  其實基本上
[00:52:05.200 --> 00:52:07.200]  現在我們
[00:52:07.200 --> 00:52:09.200]  科林信仰的教會
[00:52:09.200 --> 00:52:11.200]  就是這個看法
[00:52:11.200 --> 00:52:13.200]  我給大家1.1那裏
[00:52:13.200 --> 00:52:15.200]  立場和定義
[00:52:15.200 --> 00:52:17.200]  這就是科林信仰教會現在最普遍的看法
[00:52:17.200 --> 00:52:19.200]  在神學上
[00:52:19.200 --> 00:52:21.200]  按照聖經我們覺得
[00:52:21.200 --> 00:52:23.200]  簡單來說就是
[00:52:23.200 --> 00:52:25.200]  以前比較保守的教會
[00:52:25.200 --> 00:52:27.200]  或者我們叫
[00:52:27.200 --> 00:52:29.200]  基要主義的教會
[00:52:29.200 --> 00:52:31.200]  就是
[00:52:31.200 --> 00:52:33.200]  有些教會會告訴你
[00:52:33.200 --> 00:52:35.200]  有些人信主內理都會感覺
[00:52:35.200 --> 00:52:37.200]  以前有些教會會告訴你
[00:52:37.200 --> 00:52:39.200]  今天已經沒有超自然恩賜
[00:52:39.200 --> 00:52:41.200]  今天沒有人講方言
[00:52:41.200 --> 00:52:43.200]  今天沒有人行
[00:52:43.200 --> 00:52:45.200]  神蹟騎士
[00:52:45.200 --> 00:52:47.200]  這個是很早期的
[00:52:47.200 --> 00:52:49.200]  因為公開的事
[00:52:49.200 --> 00:52:51.200]  平安方堂是其中一個
[00:52:51.200 --> 00:52:53.200]  這一類的教會
[00:52:53.200 --> 00:52:55.200]  他們現在開始轉
[00:52:55.200 --> 00:52:57.200]  播道會是
[00:52:57.200 --> 00:52:59.200]  因為他曾經出過一些聲明
[00:52:59.200 --> 00:53:01.200]  是覺得
[00:53:01.200 --> 00:53:03.200]  今天已經沒有超自然恩賜
[00:53:03.200 --> 00:53:05.200]  但今天他們已經轉了
[00:53:05.200 --> 00:53:07.200]  因為他們的播道會的院長
[00:53:07.200 --> 00:53:09.200]  出過一本聖靈論
[00:53:09.200 --> 00:53:11.200]  我寫序的
[00:53:11.200 --> 00:53:13.200]  他已經改了立場
[00:53:13.200 --> 00:53:15.200]  主要是跟了
[00:53:15.200 --> 00:53:17.200]  科林信仰
[00:53:17.200 --> 00:53:19.200]  或者我之前已經寫了
[00:53:19.200 --> 00:53:21.200]  其實在靈修神學那本書已經寫了
[00:53:21.200 --> 00:53:23.200]  很早期的科林信仰教會
[00:53:23.200 --> 00:53:25.200]  一直都不是這樣看的
[00:53:25.200 --> 00:53:27.200]  很保守的那些宗派
[00:53:27.200 --> 00:53:29.200]  因為聖經裏面
[00:53:29.200 --> 00:53:31.200]  看不到是終止了
[00:53:31.200 --> 00:53:33.200]  我一會兒解釋
[00:53:33.200 --> 00:53:39.200]  我們今天的看法
[00:53:39.200 --> 00:53:41.200]  今天是有這些恩賜
[00:53:41.200 --> 00:53:43.200]  但這些恩賜不是很普遍
[00:53:43.200 --> 00:53:47.200]  然後在質和量上
[00:53:47.200 --> 00:53:49.200]  因為新的聖經裏面
[00:53:49.200 --> 00:53:51.200]  主要是使徒
[00:53:51.200 --> 00:53:53.200]  十二位使徒走的神蹟騎士
[00:53:53.200 --> 00:53:55.200]  使徒行轉
[00:53:55.200 --> 00:53:57.200]  雖然間中有些信徒走的
[00:53:57.200 --> 00:53:59.200]  士弟犯那些
[00:53:59.200 --> 00:54:01.200]  但主要是使徒
[00:54:01.200 --> 00:54:03.200]  所以其實
[00:54:03.200 --> 00:54:05.200]  使徒走出來的神蹟
[00:54:05.200 --> 00:54:07.200]  其實是很厲害的
[00:54:07.200 --> 00:54:09.200]  好像耶穌基督那樣
[00:54:09.200 --> 00:54:11.200]  你看到保羅那些死人
[00:54:11.200 --> 00:54:13.200]  都可以復活的
[00:54:13.200 --> 00:54:15.200]  目的是因為想去證明
[00:54:15.200 --> 00:54:17.200]  那些使徒其實就是耶穌基督的傳人
[00:54:17.200 --> 00:54:19.200]  福音是他們
[00:54:19.200 --> 00:54:21.200]  因為耶穌基督復活了
[00:54:21.200 --> 00:54:23.200]  沒有寫下新約的教訓
[00:54:23.200 --> 00:54:25.200]  只是傳了給十二位使徒
[00:54:25.200 --> 00:54:27.200]  而他在約翰福音
[00:54:27.200 --> 00:54:29.200]  交代了那十二位使徒
[00:54:29.200 --> 00:54:31.200]  他們共信的道
[00:54:31.200 --> 00:54:33.200]  將來變成文字的道
[00:54:33.200 --> 00:54:35.200]  寫下來就是新約聖經
[00:54:35.200 --> 00:54:37.200]  耶穌基督過世之後
[00:54:37.200 --> 00:54:39.200]  復活升天之後
[00:54:39.200 --> 00:54:41.200]  到使徒的時候
[00:54:41.200 --> 00:54:43.200]  使徒是很大權柄的
[00:54:43.200 --> 00:54:45.200]  在當時
[00:54:45.200 --> 00:54:47.200]  你記得在
[00:54:47.200 --> 00:54:49.200]  《試探人傳》裡面
[00:54:49.200 --> 00:54:51.200]  那些人欺控使徒
[00:54:51.200 --> 00:54:53.200]  他收了那些錢
[00:54:53.200 --> 00:54:55.200]  他說我奉獻了那些錢
[00:54:55.200 --> 00:54:57.200]  他騙使徒是很嚴重的事
[00:54:57.200 --> 00:54:59.200]  因為使徒是在代表上帝
[00:54:59.200 --> 00:55:01.200]  所以他是馬上
[00:55:01.200 --> 00:55:03.200]  就審判死在使徒面前
[00:55:03.200 --> 00:55:05.200]  是很嚴重的事
[00:55:05.200 --> 00:55:07.200]  所以他們的權威
[00:55:07.200 --> 00:55:09.200]  是耶穌基督親自授權
[00:55:09.200 --> 00:55:11.200]  因為他們將來
[00:55:11.200 --> 00:55:13.200]  我們叫共信的道
[00:55:13.200 --> 00:55:15.200]  那些就成為新約的書信
[00:55:15.200 --> 00:55:17.200]  或者是
[00:55:17.200 --> 00:55:19.200]  四福音書
[00:55:19.200 --> 00:55:21.200]  所以
[00:55:21.200 --> 00:55:23.200]  今天我們不是
[00:55:23.200 --> 00:55:25.200]  使徒式的神蹟奇事
[00:55:25.200 --> 00:55:27.200]  但有會眾式的神蹟奇事
[00:55:27.200 --> 00:55:29.200]  就好像
[00:55:29.200 --> 00:55:31.200]  《試探人傳》裡面
[00:55:31.200 --> 00:55:33.200]  阿加布
[00:55:33.200 --> 00:55:35.200]  預言天下大饑荒那些
[00:55:35.200 --> 00:55:37.200]  在那個時代
[00:55:37.200 --> 00:55:39.200]  有些人做到
[00:55:39.200 --> 00:55:41.200]  或者是前後書
[00:55:41.200 --> 00:55:43.200]  特別前書裡面十四章那些
[00:55:43.200 --> 00:55:45.200]  每個禮拜那些人排隊
[00:55:45.200 --> 00:55:47.200]  一是講方言
[00:55:47.200 --> 00:55:49.200]  一是有先知的領袖
[00:55:49.200 --> 00:55:51.200]  要排隊這樣講
[00:55:51.200 --> 00:55:53.200]  要按秩序講
[00:55:53.200 --> 00:55:55.200]  所以其實這些我們叫
[00:55:55.200 --> 00:55:57.200]  會眾式的神蹟奇事的能力
[00:55:57.200 --> 00:55:59.200]  所以使徒
[00:55:59.200 --> 00:56:01.200]  十二使徒之後就沒有人承接
[00:56:01.200 --> 00:56:03.200]  他的位置
[00:56:03.200 --> 00:56:05.200]  因為十二使徒是猶大
[00:56:05.200 --> 00:56:07.200]  出賣耶穌基督之後
[00:56:07.200 --> 00:56:09.200]  要接替位置的時候
[00:56:09.200 --> 00:56:11.200]  要求的資格就是要見耶穌基督復活
[00:56:11.200 --> 00:56:15.200]  再生的時候是跟耶穌基督
[00:56:15.200 --> 00:56:17.200]  是其他的門徒
[00:56:17.200 --> 00:56:19.200]  這樣才可以做十二使徒的位置
[00:56:19.200 --> 00:56:21.200]  所以十二使徒這個位置
[00:56:21.200 --> 00:56:23.200]  他們
[00:56:23.200 --> 00:56:25.200]  過世之後就不會有人承接
[00:56:25.200 --> 00:56:27.200]  每個教會
[00:56:27.200 --> 00:56:29.200]  都是由當地的長老和
[00:56:29.200 --> 00:56:31.200]  執事去帶領教會
[00:56:31.200 --> 00:56:33.200]  就是到我們今天
[00:56:33.200 --> 00:56:35.200]  這種方式
[00:56:35.200 --> 00:56:37.200]  所以簡單來講
[00:56:37.200 --> 00:56:39.200]  今天我們還有會眾的
[00:56:39.200 --> 00:56:41.200]  神蹟奇事的恩賜
[00:56:41.200 --> 00:56:43.200]  的存在
[00:56:43.200 --> 00:56:45.200]  但是這種像是使徒行者裡面
[00:56:45.200 --> 00:56:47.200]  都是少數人有的東西
[00:56:47.200 --> 00:56:49.200]  普世教會裡面會有
[00:56:49.200 --> 00:56:51.200]  但不一定地方堂會會有
[00:56:51.200 --> 00:56:53.200]  地方堂會就是我們一間堂會
[00:56:53.200 --> 00:56:55.200]  普世教會就是所有
[00:56:55.200 --> 00:56:57.200]  重新得救全世界的基督徒
[00:56:57.200 --> 00:56:59.200]  就會有人有這些超自然恩賜
[00:56:59.200 --> 00:57:05.200]  第一他們的質素和量
[00:57:05.200 --> 00:57:07.200]  都不是那麼多
[00:57:07.200 --> 00:57:09.200]  但是會有
[00:57:09.200 --> 00:57:11.200]  所以一定要
[00:57:11.200 --> 00:57:13.200]  覺得好像有的時候
[00:57:13.200 --> 00:57:15.200]  就要跟教會說
[00:57:15.200 --> 00:57:17.200]  我們跟他們驗證
[00:57:17.200 --> 00:57:19.200]  是不是真的有
[00:57:19.200 --> 00:57:21.200]  例如神聽你一次祈禱
[00:57:21.200 --> 00:57:23.200]  所有人的病超自然會康復
[00:57:23.200 --> 00:57:25.200]  跟你祈禱多數都會康復
[00:57:25.200 --> 00:57:27.200]  是兩回事
[00:57:27.200 --> 00:57:29.200]  恩賜是不斷會
[00:57:29.200 --> 00:57:31.200]  延續會有的東西
[00:57:31.200 --> 00:57:33.200]  不是偶然一次的
[00:57:35.200 --> 00:57:37.200]  另一方面就是
[00:57:37.200 --> 00:57:39.200]  教會作為領導層
[00:57:39.200 --> 00:57:41.200]  其實就是
[00:57:41.200 --> 00:57:45.200]  最主要是教睦用聖經去帶領教會
[00:57:45.200 --> 00:57:47.200]  就不是靠
[00:57:47.200 --> 00:57:49.200]  超自然恩賜的人帶領教會
[00:57:49.200 --> 00:57:51.200]  超自然恩賜的人就不應該
[00:57:51.200 --> 00:57:53.200]  出來領導教會因為那個是輔助性的
[00:57:53.200 --> 00:57:57.200]  聖經要求教睦同工
[00:57:57.200 --> 00:57:59.200]  只能夠善於教導
[00:57:59.200 --> 00:58:01.200]  提瑪太前書第三章
[00:58:01.200 --> 00:58:03.200]  很清楚一個人要用真理
[00:58:03.200 --> 00:58:05.200]  帶領教會
[00:58:05.200 --> 00:58:07.200]  所以你懂得神蹟醫病
[00:58:07.200 --> 00:58:09.200]  不應該在教會裡面說話很有權威
[00:58:09.200 --> 00:58:11.200]  不關事的
[00:58:11.200 --> 00:58:13.200]  你醫病就是醫病
[00:58:13.200 --> 00:58:15.200]  你懂得講方言就是講方言
[00:58:15.200 --> 00:58:17.200]  有人翻譯就翻譯
[00:58:17.200 --> 00:58:19.200]  沒人翻譯就自己在家裡說
[00:58:19.200 --> 00:58:21.200]  他很清楚怎麼用
[00:58:21.200 --> 00:58:23.200]  但最
[00:58:23.200 --> 00:58:25.200]  令我們最困擾的就是先知的恩賜
[00:58:25.200 --> 00:58:29.200]  先知的恩賜待會才解釋
[00:58:29.200 --> 00:58:31.200]  簡單來說就是他有神給他一個領袖
[00:58:33.200 --> 00:58:35.200]  他所理解和表達出來
[00:58:35.200 --> 00:58:37.200]  可能會有些誤差
[00:58:37.200 --> 00:58:41.200]  跟聖經的作者是不同的
[00:58:41.200 --> 00:58:43.200]  聖經作者就是舊約的先知或新約的使徒
[00:58:43.200 --> 00:58:45.200]  上帝給他一個訊息
[00:58:45.200 --> 00:58:47.200]  他的理解是不會錯的
[00:58:47.200 --> 00:58:49.200]  這個叫默示保守
[00:58:49.200 --> 00:58:51.200]  聖經的inspiration
[00:58:51.200 --> 00:58:53.200]  因為神要將他的說話留下
[00:58:53.200 --> 00:58:55.200]  所以神特別保身摩西
[00:58:55.200 --> 00:58:57.200]  叫他寫下
[00:58:57.200 --> 00:58:59.200]  所以十誡是不會錯的
[00:58:59.200 --> 00:59:01.200]  他是會清晰理解
[00:59:01.200 --> 00:59:03.200]  清晰寫下來
[00:59:03.200 --> 00:59:05.200]  因為上帝最後寫出來的話語
[00:59:05.200 --> 00:59:07.200]  就等於神的話語
[00:59:07.200 --> 00:59:09.200]  彼得前書後書都有講
[00:59:09.200 --> 00:59:11.200]  先知講出來的說話
[00:59:11.200 --> 00:59:13.200]  是被聖靈感動
[00:59:13.200 --> 00:59:15.200]  他講出神的話
[00:59:15.200 --> 00:59:17.200]  講出口之後就是神的話
[00:59:17.200 --> 00:59:19.200]  所以先知就有
[00:59:19.200 --> 00:59:21.200]  無謬誤的保守
[00:59:21.200 --> 00:59:23.200]  由他領袖
[00:59:23.200 --> 00:59:25.200]  到他表達出來寫下來
[00:59:25.200 --> 00:59:27.200]  但是新約的先知
[00:59:27.200 --> 00:59:29.200]  會眾式的先知
[00:59:29.200 --> 00:59:31.200]  但是有可能會有錯誤
[00:59:31.200 --> 00:59:33.200]  所以
[00:59:33.200 --> 00:59:35.200]  他們是
[00:59:35.200 --> 00:59:37.200]  不是一個
[00:59:37.200 --> 00:59:39.200]  絕對無錯誤的
[00:59:39.200 --> 00:59:41.200]  一個方法
[00:59:41.200 --> 00:59:43.200]  所以第一教會要
[00:59:43.200 --> 00:59:45.200]  驗證如果有人覺得
[00:59:45.200 --> 00:59:47.200]  他經常有一些領袖
[00:59:47.200 --> 00:59:49.200]  其實有點像我們靈修有些領袖
[00:59:49.200 --> 00:59:51.200]  覺得神提了我一些東西
[00:59:51.200 --> 00:59:53.200]  不過他更加清晰
[00:59:53.200 --> 00:59:55.200]  為了別人去看到教會有些需要
[00:59:55.200 --> 00:59:57.200]  不只是看到自己
[00:59:57.200 --> 00:59:59.200]  但是他仍然有機會錯
[00:59:59.200 --> 01:00:01.200]  我一會舉個例子
[01:00:01.200 --> 01:00:03.200]  給大家聽
[01:00:03.200 --> 01:00:05.200]  所以教會要幫他驗證
[01:00:05.200 --> 01:00:07.200]  第一是否真的先知
[01:00:07.200 --> 01:00:09.200]  第二要驗證
[01:00:09.200 --> 01:00:11.200]  他就算是新約先知
[01:00:11.200 --> 01:00:13.200]  每一次講是否準確
[01:00:13.200 --> 01:00:15.200]  因為有機會錯誤
[01:00:15.200 --> 01:00:17.200]  所以教會
[01:00:17.200 --> 01:00:19.200]  就應該由教目和公用
[01:00:19.200 --> 01:00:21.200]  聖經去決定
[01:00:21.200 --> 01:00:23.200]  我教會要決定我們
[01:00:23.200 --> 01:00:25.200]  去不去席堂
[01:00:25.200 --> 01:00:27.200]  去搜集資料
[01:00:27.200 --> 01:00:29.200]  人們怎樣搬進來北都
[01:00:29.200 --> 01:00:31.200]  我們教會有多少人
[01:00:31.200 --> 01:00:33.200]  應不應該在那裏再席堂
[01:00:33.200 --> 01:00:35.200]  還是在這裏用這個基地去做
[01:00:35.200 --> 01:00:37.200]  大家要用很多的思考
[01:00:37.200 --> 01:00:39.200]  祈禱去等候神
[01:00:39.200 --> 01:00:41.200]  如果中間有個先知
[01:00:41.200 --> 01:00:43.200]  當是真的
[01:00:43.200 --> 01:00:45.200]  不會因為他講了
[01:00:45.200 --> 01:00:47.200]  我發了個夢
[01:00:47.200 --> 01:00:49.200]  大家聽他講不用開會
[01:00:49.200 --> 01:00:51.200]  不應該這樣的
[01:00:51.200 --> 01:00:53.200]  因為神做事的方法就是按真理
[01:00:53.200 --> 01:00:55.200]  各種利害關係考慮
[01:00:55.200 --> 01:00:57.200]  然後選擇最好的方案
[01:00:57.200 --> 01:00:59.200]  而先知只是用來做參考
[01:00:59.200 --> 01:01:01.200]  因為有機會錯誤
[01:01:01.200 --> 01:01:03.200]  你明白嗎
[01:01:03.200 --> 01:01:05.200]  所以其實就算有
[01:01:05.200 --> 01:01:07.200]  真的先知都不是有
[01:01:07.200 --> 01:01:09.200]  特別權威的位置
[01:01:09.200 --> 01:01:11.200]  聖經的權威是不可代替
[01:01:11.200 --> 01:01:13.200]  我們按聖經之下去思考
[01:01:13.200 --> 01:01:15.200]  如果真的有先知
[01:01:15.200 --> 01:01:17.200]  我會特別留意
[01:01:17.200 --> 01:01:19.200]  為什麼先知
[01:01:21.200 --> 01:01:24.200]  因此不應該特別高舉
[01:01:24.200 --> 01:01:27.200]  就算是真的都不是特別高舉
[01:01:27.200 --> 01:01:30.200]  是因為在《仕途行傳》裏面
[01:01:30.200 --> 01:01:34.200]  有先知犯錯的事情出現了
[01:01:34.200 --> 01:01:36.200]  大家有聖經
[01:01:36.200 --> 01:01:38.200]  打開《仕途行傳》
[01:01:38.200 --> 01:01:40.200]  就是1.2.3的第二點
[01:01:40.200 --> 01:01:42.200]  如果你看《碌史》
[01:01:42.200 --> 01:01:44.200]  先知有兩種
[01:01:44.200 --> 01:01:47.200]  背誦式的先知有機會有錯誤
[01:01:47.200 --> 01:01:50.200]  就是《仕途行傳》21章
[01:01:51.200 --> 01:01:53.200]  第九至第十節
[01:01:53.200 --> 01:01:54.200]  要有聖經
[01:01:54.200 --> 01:01:56.200]  我們看聖經
[01:01:56.200 --> 01:01:58.200]  你打開來看事件
[01:01:58.200 --> 01:02:00.200]  就容易明白很多
[01:02:00.200 --> 01:02:08.200]  《仕途行傳》21章
[01:02:08.200 --> 01:02:15.200]  第九節
[01:02:15.200 --> 01:02:18.200]  這裏提到
[01:02:18.200 --> 01:02:21.200]  保羅
[01:02:21.200 --> 01:02:23.200]  三次行刑之後
[01:02:23.200 --> 01:02:26.200]  他上耶路撒冷
[01:02:26.200 --> 01:02:28.200]  但是他上的過程裏面
[01:02:28.200 --> 01:02:32.200]  幾次遇到先知跟他說
[01:02:32.200 --> 01:02:36.200]  勸他不要上去
[01:02:36.200 --> 01:02:38.200]  然後就是
[01:02:38.200 --> 01:02:40.200]  第十節
[01:02:40.200 --> 01:02:45.200]  阿加布就是預言天下大饑荒的先知
[01:02:45.200 --> 01:02:48.200]  他來到就跟保羅說
[01:02:48.200 --> 01:02:50.200]  他就拿著保羅的腰帶
[01:02:50.200 --> 01:02:51.200]  做了一個動作
[01:02:51.200 --> 01:02:52.200]  象徵性的動作
[01:02:52.200 --> 01:02:54.200]  捆上自己的手腳
[01:02:54.200 --> 01:02:55.200]  然後就告訴他
[01:02:55.200 --> 01:02:57.200]  聖靈這樣提醒他
[01:02:57.200 --> 01:02:58.200]  他領受了一個訊息
[01:02:58.200 --> 01:02:59.200]  從聖靈那裏
[01:02:59.200 --> 01:03:01.200]  猶太人要在耶路撒冷
[01:03:01.200 --> 01:03:05.200]  要這樣捆綁腰帶的主人
[01:03:05.200 --> 01:03:09.200]  然後將他交給外邦人手裏面
[01:03:09.200 --> 01:03:11.200]  然後他們苦勸他
[01:03:11.200 --> 01:03:12.200]  不要上耶路撒冷
[01:03:12.200 --> 01:03:13.200]  因為你上去就被人捉了
[01:03:13.200 --> 01:03:14.200]  會有生命危險
[01:03:14.200 --> 01:03:16.200]  不要上去
[01:03:16.200 --> 01:03:17.200]  保羅的回應就很有趣
[01:03:17.200 --> 01:03:19.200]  第一就是你們很關心我
[01:03:19.200 --> 01:03:20.200]  很感謝你
[01:03:20.200 --> 01:03:21.200]  你這樣痛哭
[01:03:21.200 --> 01:03:23.200]  令到他都很難過
[01:03:23.200 --> 01:03:24.200]  但是他說
[01:03:24.200 --> 01:03:28.200]  他就算死都要上耶路撒冷
[01:03:28.200 --> 01:03:30.200]  然後不聽勸就上耶路撒冷
[01:03:30.200 --> 01:03:32.200]  這件事有趣的地方就是
[01:03:32.200 --> 01:03:35.200]  從解經上面
[01:03:35.200 --> 01:03:37.200]  因為第一就是
[01:03:37.200 --> 01:03:38.200]  保羅沒有說他是假先知
[01:03:38.200 --> 01:03:40.200]  因為他根本是一個真先知
[01:03:40.200 --> 01:03:41.200]  阿加布
[01:03:41.200 --> 01:03:44.200]  第二他這次的領受也不是完全錯的
[01:03:44.200 --> 01:03:45.200]  整件事
[01:03:45.200 --> 01:03:49.200]  因為你看到這件事的發生就在下面
[01:03:49.200 --> 01:03:52.200]  22章裏面
[01:03:52.200 --> 01:03:55.200]  然後就是30節
[01:03:55.200 --> 01:03:58.200]  保羅真的上了耶路撒冷
[01:03:58.200 --> 01:04:00.200]  然後全城的人
[01:04:00.200 --> 01:04:02.200]  即是哄動
[01:04:02.200 --> 01:04:04.200]  然後有些人想殺他
[01:04:04.200 --> 01:04:06.200]  就是那些猶太人想殺他
[01:04:06.200 --> 01:04:08.200]  你記住剛才那裏是
[01:04:08.200 --> 01:04:13.200]  猶太人主動將他交給羅馬人或外邦人
[01:04:13.200 --> 01:04:17.200]  但這裏就不是主動交給羅馬人
[01:04:17.200 --> 01:04:20.200]  而是那班猶太人想殺他
[01:04:20.200 --> 01:04:22.200]  然後那些羅馬人聽到
[01:04:22.200 --> 01:04:24.200]  那些外邦人聽到後就走來
[01:04:24.200 --> 01:04:26.200]  就阻止這件事發生
[01:04:26.200 --> 01:04:30.200]  然後就問他們發生了什麼事
[01:04:30.200 --> 01:04:34.200]  然後就是33節
[01:04:34.200 --> 01:04:37.200]  那些外邦人將他從猶太人當中
[01:04:37.200 --> 01:04:38.200]  搶了他過來
[01:04:38.200 --> 01:04:40.200]  然後綁住他
[01:04:40.200 --> 01:04:44.200]  即是說這件事大概就真的發生
[01:04:44.200 --> 01:04:46.200]  保羅有危險
[01:04:46.200 --> 01:04:48.200]  但細節是錯的
[01:04:48.200 --> 01:04:50.200]  我不知道你見不見到
[01:04:50.200 --> 01:04:52.200]  即是誰交給誰
[01:04:52.200 --> 01:04:54.200]  即是你大概可以想像到
[01:04:54.200 --> 01:04:56.200]  就是他好像發了個異夢
[01:04:56.200 --> 01:04:58.200]  或者見到異象好像發夢
[01:04:58.200 --> 01:04:59.200]  兵荒馬亂
[01:04:59.200 --> 01:05:01.200]  當然他可能很關心保羅
[01:05:01.200 --> 01:05:03.200]  所以很危險
[01:05:03.200 --> 01:05:04.200]  然後他領受了之後
[01:05:04.200 --> 01:05:06.200]  他的理解就是叫保羅不要上
[01:05:06.200 --> 01:05:08.200]  耶路撒冷
[01:05:08.200 --> 01:05:10.200]  但後面那句不要上耶路撒冷
[01:05:10.200 --> 01:05:12.200]  就是他自己的解釋
[01:05:12.200 --> 01:05:14.200]  其實不是神叫他不要上
[01:05:14.200 --> 01:05:16.200]  因為神根本就叫保羅上
[01:05:16.200 --> 01:05:18.200]  保羅為什麼要上耶路撒冷
[01:05:18.200 --> 01:05:19.200]  你知道嗎
[01:05:19.200 --> 01:05:20.200]  因為從一開始
[01:05:20.200 --> 01:05:23.200]  大馬色路上的訊息就告訴你
[01:05:23.200 --> 01:05:25.200]  你一生要為主受苦
[01:05:25.200 --> 01:05:27.200]  其中一件事就是被外邦人抓你
[01:05:27.200 --> 01:05:29.200]  抓完你之後你每次去辯護
[01:05:29.200 --> 01:05:32.200]  就有機會在官長面前傳福音
[01:05:32.200 --> 01:05:34.200]  直到最後殉道都是這樣
[01:05:34.200 --> 01:05:36.200]  提摩太前書就是
[01:05:36.200 --> 01:05:37.200]  一路辯護的時候
[01:05:37.200 --> 01:05:39.200]  就去講福音給官長聽
[01:05:39.200 --> 01:05:42.200]  其實要這樣去傳福音給上層
[01:05:42.200 --> 01:05:45.200]  他知道這是神一生的計劃
[01:05:45.200 --> 01:05:48.200]  所以雖然受苦都要上
[01:05:48.200 --> 01:05:50.200]  但先知領受了這件事之後
[01:05:50.200 --> 01:05:52.200]  就以為叫他不要上
[01:05:52.200 --> 01:05:53.200]  第一這個錯了
[01:05:53.200 --> 01:05:56.200]  這個理解是出於自己的意思去解釋
[01:05:56.200 --> 01:05:58.200]  第二就是裡面的細節
[01:05:58.200 --> 01:06:00.200]  可能先知太關心保羅了
[01:06:00.200 --> 01:06:02.200]  其實誰抓誰都亂七八糟
[01:06:02.200 --> 01:06:05.200]  其實是那些猶太人想殺他
[01:06:05.200 --> 01:06:07.200]  就不是主動將他交給外邦人
[01:06:07.200 --> 01:06:09.200]  他們根本不想交給羅馬人
[01:06:09.200 --> 01:06:11.200]  而是羅馬人想救保羅
[01:06:11.200 --> 01:06:13.200]  就將他搶救了出來
[01:06:13.200 --> 01:06:16.200]  這個故事是重要的
[01:06:16.200 --> 01:06:19.200]  因為學者在七十年代已經研究出來
[01:06:19.200 --> 01:06:22.200]  就發覺原來新約的先知
[01:06:22.200 --> 01:06:25.200]  有些地方講的是錯的
[01:06:25.200 --> 01:06:28.200]  細節錯了可以錯
[01:06:28.200 --> 01:06:31.200]  於是就解到另一節更重要的經文
[01:06:31.200 --> 01:06:35.200]  就是哥林多前書
[01:06:35.200 --> 01:06:37.200]  十四章的先知
[01:06:37.200 --> 01:06:41.200]  為什麼要排隊講這個問題
[01:06:41.200 --> 01:06:51.200]  十四章那裡講了方言
[01:06:51.200 --> 01:06:54.200]  然後講先知的恩賜
[01:06:54.200 --> 01:07:01.200]  然後講十四章的二十五節
[01:07:01.200 --> 01:07:03.200]  即是二十六節
[01:07:03.200 --> 01:07:06.200]  他說弟兄們你們每次聚會的時候
[01:07:06.200 --> 01:07:09.200]  每個人有師哥或是教導或是啟示
[01:07:09.200 --> 01:07:11.200]  啟示就是先知
[01:07:11.200 --> 01:07:17.200]  啟示就是直接領受到神的一些訊息
[01:07:17.200 --> 01:07:20.200]  如果你有方言或是啟示
[01:07:20.200 --> 01:07:22.200]  你凡事都應該造就人
[01:07:22.200 --> 01:07:24.200]  如果有人講方言又有人懂得翻
[01:07:24.200 --> 01:07:26.200]  就兩三個輪口講
[01:07:26.200 --> 01:07:29.200]  如果你領受了先知的講道恩賜
[01:07:29.200 --> 01:07:30.200]  二十九節那裡
[01:07:30.200 --> 01:07:32.200]  如果有先知其實不是講道
[01:07:32.200 --> 01:07:34.200]  如果大過你讀過聖經都知道
[01:07:34.200 --> 01:07:36.200]  其實中文不應該做講道
[01:07:36.200 --> 01:07:39.200]  因為原文的prophecy是預言
[01:07:39.200 --> 01:07:41.200]  先知有訊息領受了
[01:07:41.200 --> 01:07:42.200]  都是兩三個講的
[01:07:42.200 --> 01:07:46.200]  而最特別的地方他講了一個動詞
[01:07:46.200 --> 01:07:47.200]  兩三個人講
[01:07:47.200 --> 01:07:49.200]  然後其他的要慎思明辨
[01:07:49.200 --> 01:07:53.200]  第一就是假如有一個人講
[01:07:53.200 --> 01:07:56.200]  未講完之後下面第三十節話
[01:07:56.200 --> 01:07:59.200]  如果旁邊的第二個又有領受
[01:07:59.200 --> 01:08:01.200]  原先講的那個未講完
[01:08:01.200 --> 01:08:04.200]  都不用講完就坐下
[01:08:04.200 --> 01:08:05.200]  這個很奇怪
[01:08:05.200 --> 01:08:07.200]  因為舊約不會這樣做
[01:08:07.200 --> 01:08:09.200]  舊約只有真先知和假先知
[01:08:09.200 --> 01:08:11.200]  如果真先知講多長你都聽
[01:08:11.200 --> 01:08:13.200]  因為全部都是整個話語
[01:08:13.200 --> 01:08:14.200]  很有權威
[01:08:14.200 --> 01:08:19.200]  但新約這些會眾式先知聽是有幫助
[01:08:19.200 --> 01:08:20.200]  但如果旁邊那個有領受
[01:08:20.200 --> 01:08:24.200]  你自己不用講完就坐下
[01:08:24.200 --> 01:08:27.200]  然後還要慎思明辨
[01:08:27.200 --> 01:08:29.200]  你見到二十九節嗎
[01:08:29.200 --> 01:08:31.200]  Decision
[01:08:31.200 --> 01:08:34.200]  慎思明辨是講你對內容要分辨
[01:08:34.200 --> 01:08:37.200]  是否完全準確
[01:08:37.200 --> 01:08:40.200]  即是先知會眾式先知的訊息
[01:08:40.200 --> 01:08:42.200]  只有用來做參考
[01:08:42.200 --> 01:08:45.200]  你要用聖經去檢定
[01:08:45.200 --> 01:08:48.200]  是否真的要這樣做
[01:08:48.200 --> 01:08:50.200]  一直都解不開
[01:08:50.200 --> 01:08:53.200]  因為我們一向對先知只有一種
[01:08:53.200 --> 01:08:54.200]  就是舊約先知的印象
[01:08:54.200 --> 01:08:55.200]  很權威
[01:08:55.200 --> 01:08:56.200]  一是真一是假
[01:08:56.200 --> 01:08:57.200]  如果真就很有權威
[01:08:57.200 --> 01:08:58.200]  但原來新約的先知
[01:08:58.200 --> 01:09:00.200]  會眾式的先知
[01:09:00.200 --> 01:09:01.200]  是有一種真的先知
[01:09:01.200 --> 01:09:03.200]  但不是那麼權威
[01:09:03.200 --> 01:09:04.200]  但要尊重他
[01:09:04.200 --> 01:09:06.200]  即是要參考他的意見
[01:09:06.200 --> 01:09:08.200]  但不要全聽他
[01:09:08.200 --> 01:09:10.200]  你明不明
[01:09:10.200 --> 01:09:13.200]  所以這兩個例子加起來就知道
[01:09:13.200 --> 01:09:15.200]  就形成了我們講會眾式
[01:09:15.200 --> 01:09:19.200]  一般對超自然能力的質素
[01:09:19.200 --> 01:09:21.200]  都沒有那些使徒那麼厲害
[01:09:21.200 --> 01:09:22.200]  就算有領袖
[01:09:22.200 --> 01:09:26.200]  他都不是一個等於舊約權威先知
[01:09:26.200 --> 01:09:29.200]  所以舊約權威的先知
[01:09:29.200 --> 01:09:33.200]  是由新約的使徒那種權威承接了
[01:09:33.200 --> 01:09:35.200]  所以變成新約聖經
[01:09:35.200 --> 01:09:36.200]  而會眾式的先知
[01:09:36.200 --> 01:09:38.200]  就不是有權威的先知
[01:09:38.200 --> 01:09:41.200]  他只是我們用來尊重參考
[01:09:41.200 --> 01:09:43.200]  如果是真的先知的話
[01:09:43.200 --> 01:09:45.200]  所以你就明白
[01:09:45.200 --> 01:09:47.200]  就算是先知的恩賜
[01:09:47.200 --> 01:09:48.200]  在教會裏面
[01:09:48.200 --> 01:09:51.200]  所以那個學者研究完之後
[01:09:51.200 --> 01:09:52.200]  我們都接受這個講法
[01:09:52.200 --> 01:09:53.200]  就是在教會裏面
[01:09:53.200 --> 01:09:56.200]  不應該給他一個崗位
[01:09:56.200 --> 01:09:57.200]  不是因為有先知
[01:09:57.200 --> 01:09:58.200]  所以給他一個崗位
[01:09:58.200 --> 01:09:59.200]  你知道現在有教會
[01:09:59.200 --> 01:10:02.200]  有人的崗位叫先知
[01:10:02.200 --> 01:10:03.200]  使徒也有
[01:10:03.200 --> 01:10:04.200]  你知道靈感教會
[01:10:04.200 --> 01:10:06.200]  簡直是卡片寫使徒
[01:10:06.200 --> 01:10:08.200]  什麼都夠膽
[01:10:08.200 --> 01:10:14.200]  所以因為先知他都要檢定
[01:10:14.200 --> 01:10:16.200]  和有時候他都控制不到
[01:10:16.200 --> 01:10:18.200]  第一就是你留意到這裏
[01:10:18.200 --> 01:10:20.200]  就是先知自己不知道
[01:10:20.200 --> 01:10:22.200]  什麼時候領受到訊息
[01:10:22.200 --> 01:10:24.200]  他是當時領受到
[01:10:24.200 --> 01:10:26.200]  他就排隊講
[01:10:26.200 --> 01:10:28.200]  所以他不是預先報名
[01:10:28.200 --> 01:10:30.200]  或者我預定他什麼時候
[01:10:30.200 --> 01:10:32.200]  開個大會來講訊息給人聽
[01:10:32.200 --> 01:10:33.200]  他是自己都不知道
[01:10:33.200 --> 01:10:36.200]  因為超自然因此有個特色
[01:10:36.200 --> 01:10:38.200]  就是你是被動的那個人
[01:10:38.200 --> 01:10:40.200]  如果我是自然因此
[01:10:40.200 --> 01:10:43.200]  我查經厲害或者我講道厲害
[01:10:43.200 --> 01:10:45.200]  我大概預備一下
[01:10:45.200 --> 01:10:48.200]  我講就大概有些講道得
[01:10:48.200 --> 01:10:51.200]  但是行神蹟奇事
[01:10:51.200 --> 01:10:53.200]  是他不知道什麼時候行到
[01:10:53.200 --> 01:10:54.200]  但是當他有領受的時候
[01:10:54.200 --> 01:10:55.200]  他做到了
[01:10:55.200 --> 01:10:56.200]  他可以做出來
[01:10:56.200 --> 01:10:58.200]  所以他到時才排隊
[01:10:58.200 --> 01:11:00.200]  所以他是一個被動的情況
[01:11:00.200 --> 01:11:02.200]  其實先知就不應該有一個長期的崗位
[01:11:02.200 --> 01:11:03.200]  簡單來說就是
[01:11:03.200 --> 01:11:05.200]  我只是承認這個是先知
[01:11:05.200 --> 01:11:06.200]  但是他每次講的東西
[01:11:06.200 --> 01:11:08.200]  我們都是參考
[01:11:08.200 --> 01:11:10.200]  所以他不是教會一個領導
[01:11:10.200 --> 01:11:11.200]  簡單來說
[01:11:11.200 --> 01:11:13.200]  所以在這裏做個小小總結
[01:11:13.200 --> 01:11:14.200]  我們可以討論一下
[01:11:14.200 --> 01:11:16.200]  剩下的時間
[01:11:16.200 --> 01:11:19.200]  靈魂運動最主要出的問題是什麼呢
[01:11:19.200 --> 01:11:22.200]  除了將那些故事
[01:11:22.200 --> 01:11:23.200]  或者敘事性的經文
[01:11:23.200 --> 01:11:24.200]  當作原則
[01:11:24.200 --> 01:11:26.200]  歷史發生一次的事
[01:11:26.200 --> 01:11:27.200]  當作次次都是
[01:11:27.200 --> 01:11:28.200]  歷史裏面是有一次
[01:11:28.200 --> 01:11:30.200]  聖靈充滿講了方言
[01:11:30.200 --> 01:11:32.200]  但是不是次次的講方言
[01:11:32.200 --> 01:11:34.200]  兩件事
[01:11:34.200 --> 01:11:36.200]  而第二個錯誤就是
[01:11:36.200 --> 01:11:39.200]  我一直研究
[01:11:39.200 --> 01:11:41.200]  靈魂運動
[01:11:41.200 --> 01:11:42.200]  因為我的博士學位
[01:11:42.200 --> 01:11:43.200]  就在呼臘神學院
[01:11:43.200 --> 01:11:44.200]  而呼臘神學院
[01:11:44.200 --> 01:11:47.200]  那間宣教學院的教授
[01:11:47.200 --> 01:11:48.200]  就是Peter Beller
[01:11:48.200 --> 01:11:49.200]  當時就在那裏教書
[01:11:49.200 --> 01:11:51.200]  接觸了這班人
[01:11:51.200 --> 01:11:53.200]  和他們生活了幾年
[01:11:53.200 --> 01:11:56.200]  慢慢看到就是
[01:11:56.200 --> 01:11:57.200]  他們當中有人
[01:11:57.200 --> 01:11:59.200]  真的有超自然生氣
[01:11:59.200 --> 01:12:02.200]  包括Peter Beller
[01:12:02.200 --> 01:12:03.200]  我是上課
[01:12:03.200 --> 01:12:07.200]  他每一課的中間休息15分鐘
[01:12:07.200 --> 01:12:08.200]  因為很多人冒名
[01:12:08.200 --> 01:12:11.200]  全世界來跟他學習
[01:12:11.200 --> 01:12:12.200]  我們上這些課
[01:12:12.200 --> 01:12:13.200]  都二三百人
[01:12:13.200 --> 01:12:15.200]  他真的幫人醫那些長短腳那些
[01:12:15.200 --> 01:12:18.200]  沒有時間講那些細節
[01:12:18.200 --> 01:12:20.200]  但是他真的有超自然能力
[01:12:20.200 --> 01:12:21.200]  我看到
[01:12:21.200 --> 01:12:22.200]  但是不代表他教導
[01:12:22.200 --> 01:12:23.200]  就等於對的
[01:12:23.200 --> 01:12:24.200]  兩件事
[01:12:24.200 --> 01:12:27.200]  而問題就是
[01:12:27.200 --> 01:12:29.200]  神在普世教會設立了
[01:12:29.200 --> 01:12:30.200]  有些人有超自然生氣
[01:12:30.200 --> 01:12:34.200]  但是他們以為自己是領袖
[01:12:34.200 --> 01:12:37.200]  然後將他自己的經驗去教別人
[01:12:37.200 --> 01:12:40.200]  這個就出事了
[01:12:40.200 --> 01:12:42.200]  他自己講到真的方言
[01:12:42.200 --> 01:12:44.200]  就沒有問題
[01:12:44.200 --> 01:12:45.200]  按聖經
[01:12:45.200 --> 01:12:46.200]  如果有人翻譯
[01:12:46.200 --> 01:12:47.200]  未在聚會講
[01:12:47.200 --> 01:12:48.200]  沒有人翻譯就自己用
[01:12:48.200 --> 01:12:49.200]  但是他出來教別人
[01:12:49.200 --> 01:12:52.200]  個個都要講方言
[01:12:52.200 --> 01:12:54.200]  神教會裏面
[01:12:54.200 --> 01:12:56.200]  這樣就出事了
[01:12:56.200 --> 01:12:57.200]  最新的發展就是
[01:12:57.200 --> 01:12:58.200]  上年開始
[01:12:58.200 --> 01:13:00.200]  加拿大開始有第一個
[01:13:00.200 --> 01:13:04.200]  神教會的中派開始撤回
[01:13:04.200 --> 01:13:07.200]  因為其實在一百年的歷史裏面
[01:13:07.200 --> 01:13:10.200]  是沒有神教會是可以
[01:13:10.200 --> 01:13:12.200]  全部會眾講到方言的
[01:13:12.200 --> 01:13:14.200]  通常都少於一半
[01:13:14.200 --> 01:13:15.200]  你問一些會眾
[01:13:15.200 --> 01:13:17.200]  他掠了幾年都掠不到出來
[01:13:17.200 --> 01:13:18.200]  和掠掠下
[01:13:18.200 --> 01:13:19.200]  有些覺得有問題
[01:13:19.200 --> 01:13:21.200]  就走了去一些傳統教會
[01:13:21.200 --> 01:13:23.200]  因為你都覺得好像很神奇
[01:13:23.200 --> 01:13:24.200]  這樣教
[01:13:24.200 --> 01:13:26.200]  你讀到聖經讀到法國
[01:13:26.200 --> 01:13:27.200]  不是這樣講
[01:13:27.200 --> 01:13:28.200]  做調查
[01:13:28.200 --> 01:13:29.200]  因為經常有調查
[01:13:29.200 --> 01:13:30.200]  在西方問有多少人
[01:13:30.200 --> 01:13:32.200]  通常都只有四成三成
[01:13:32.200 --> 01:13:34.200]  說覺得自己講到方言
[01:13:34.200 --> 01:13:35.200]  說那些都覺得
[01:13:35.200 --> 01:13:37.200]  有時都未必是真的
[01:13:37.200 --> 01:13:39.200]  所以其實怎樣掠都掠不到
[01:13:39.200 --> 01:13:41.200]  因為他說個個都應該講到
[01:13:41.200 --> 01:13:44.200]  那些人走來你的教會
[01:13:44.200 --> 01:13:46.200]  三年五年都講不到
[01:13:46.200 --> 01:13:47.200]  是不是真的我的問題
[01:13:47.200 --> 01:13:48.200]  還是你的問題
[01:13:48.200 --> 01:13:50.200]  教導的問題
[01:13:50.200 --> 01:13:52.200]  開始有些撤回
[01:13:52.200 --> 01:13:54.200]  他們都很震撼
[01:13:54.200 --> 01:13:55.200]  這件事開始
[01:13:55.200 --> 01:13:58.200]  上年開始由加拿大
[01:13:58.200 --> 01:14:00.200]  無論如何
[01:14:00.200 --> 01:14:04.200]  他將一些個人經驗
[01:14:04.200 --> 01:14:05.200]  簡單來講
[01:14:05.200 --> 01:14:06.200]  舉一個例子
[01:14:06.200 --> 01:14:08.200]  例如靈魂運動裏面
[01:14:08.200 --> 01:14:10.200]  很多人很迷信
[01:14:10.200 --> 01:14:14.200]  我要去七日禁食祈禱
[01:14:14.200 --> 01:14:15.200]  要甚麼都不吃
[01:14:15.200 --> 01:14:16.200]  你禁了禁食
[01:14:16.200 --> 01:14:18.200]  你就會經驗到神蹟
[01:14:18.200 --> 01:14:20.200]  或者你的病就會康復
[01:14:20.200 --> 01:14:24.200]  可能是因為他自己禁食五日或七日
[01:14:24.200 --> 01:14:26.200]  神醫好了他的病
[01:14:26.200 --> 01:14:28.200]  但你將它變成一個原則
[01:14:28.200 --> 01:14:29.200]  教人家
[01:14:29.200 --> 01:14:31.200]  就不是因為你禁食七日
[01:14:31.200 --> 01:14:33.200]  上帝一定要醫你的
[01:14:33.200 --> 01:14:34.200]  因為在聖經裏面
[01:14:34.200 --> 01:14:36.200]  這是神的主權
[01:14:36.200 --> 01:14:40.200]  聖經裏面提摩泰
[01:14:40.200 --> 01:14:42.200]  他有個胃有事
[01:14:42.200 --> 01:14:45.200]  保羅都無法用神蹟的方法醫好他
[01:14:45.200 --> 01:14:49.200]  因為不到保羅自己控制的能力
[01:14:49.200 --> 01:14:52.200]  所以不是聖經裏面沒有答應
[01:14:52.200 --> 01:14:54.200]  信耶穌的人就無病無痛
[01:14:54.200 --> 01:14:56.200]  這根本不是一回事
[01:14:56.200 --> 01:14:59.200]  所以最主要的靈魂運動
[01:14:59.200 --> 01:15:02.200]  是因為他們個別人士有這些真經驗
[01:15:02.200 --> 01:15:05.200]  但因為他以為這是一個穆會路線
[01:15:05.200 --> 01:15:07.200]  或者全球要復興的路線
[01:15:07.200 --> 01:15:09.200]  他教了所有人
[01:15:09.200 --> 01:15:13.200]  所以如果是很保守的人
[01:15:13.200 --> 01:15:17.200]  以前覺得今天神蹟奇事因此沒有
[01:15:17.200 --> 01:15:19.200]  那真是很糟糕
[01:15:19.200 --> 01:15:21.200]  因為很多時候突然有病
[01:15:21.200 --> 01:15:22.200]  我們祈禱都沒有信心
[01:15:22.200 --> 01:15:24.200]  神一定沒有神蹟奇事
[01:15:24.200 --> 01:15:26.200]  我們潛意識以為是這樣
[01:15:26.200 --> 01:15:29.200]  我們又太過不相信上帝的工作
[01:15:29.200 --> 01:15:31.200]  但你說上帝一定醫好他
[01:15:31.200 --> 01:15:32.200]  又不是
[01:15:32.200 --> 01:15:35.200]  所以當他變成一個主軸
[01:15:35.200 --> 01:15:38.200]  他自己有些因子應該在崗位上
[01:15:38.200 --> 01:15:40.200]  按聖經去好好運用
[01:15:40.200 --> 01:15:43.200]  但結果他自己做了教會領袖
[01:15:43.200 --> 01:15:45.200]  甚至全世界去做
[01:15:45.200 --> 01:15:49.200]  你就見到出現這些亂象
[01:15:49.200 --> 01:15:51.200]  所以對一些太信科學
[01:15:51.200 --> 01:15:54.200]  不信有神蹟的人很有幫助
[01:15:54.200 --> 01:15:57.200]  因為我們神仍然可以做到神蹟奇事
[01:15:57.200 --> 01:15:59.200]  我們都見到宣道會裏面
[01:15:59.200 --> 01:16:01.200]  很多人都有神蹟奇事
[01:16:01.200 --> 01:16:02.200]  都經歷到
[01:16:02.200 --> 01:16:04.200]  即是康復
[01:16:04.200 --> 01:16:06.200]  包括我們一個校友
[01:16:06.200 --> 01:16:11.200]  當年告我一班朱銘華牧師
[01:16:11.200 --> 01:16:12.200]  不知道大家知不知道
[01:16:12.200 --> 01:16:16.200]  大埔裏面多年多次癌病
[01:16:16.200 --> 01:16:18.200]  都是神蹟醫好他
[01:16:18.200 --> 01:16:23.200]  所以我們自己都有人經歷過這些幫助
[01:16:23.200 --> 01:16:28.200]  但不代表這是上帝原則性的教導
[01:16:28.200 --> 01:16:29.200]  我猜是這樣
[01:16:29.200 --> 01:16:31.200]  所以我們今天的立場
[01:16:31.200 --> 01:16:32.200]  回到那裏做一個總結
[01:16:32.200 --> 01:16:34.200]  然後大家問問題
[01:16:34.200 --> 01:16:37.200]  今日應該還有的超前恩賜
[01:16:37.200 --> 01:16:41.200]  不過我們又不要過份高舉
[01:16:41.200 --> 01:16:43.200]  這是普世教會裏面有的
[01:16:43.200 --> 01:16:45.200]  那些是會眾式的恩賜
[01:16:45.200 --> 01:16:48.200]  所以它則同量沒有仕途那些厲害
[01:16:48.200 --> 01:16:50.200]  但如果有的話
[01:16:50.200 --> 01:16:51.200]  我們就去祈禱
[01:16:51.200 --> 01:16:54.200]  善用它
[01:16:54.200 --> 01:16:57.200]  而教會或個人都是
[01:16:57.200 --> 01:17:01.200]  我們追求仍然是神的道帶領我們
[01:17:01.200 --> 01:17:04.200]  而我們的主要方向就是靠著聖靈
[01:17:04.200 --> 01:17:06.200]  時時刻刻和耶穌基督同在
[01:17:06.200 --> 01:17:09.200]  我們追求relational moral
[01:17:09.200 --> 01:17:11.200]  和耶穌愈來愈愛耶穌
[01:17:11.200 --> 01:17:13.200]  然後愈來愈經歷到耶穌基督
[01:17:13.200 --> 01:17:16.200]  有能力去對付自我中心
[01:17:16.200 --> 01:17:20.200]  然後愈來愈有能力去將別人擺優先
[01:17:20.200 --> 01:17:21.200]  愛神愛人
[01:17:21.200 --> 01:17:23.200]  這個才是見到聖靈那種能力
[01:17:23.200 --> 01:17:25.200]  真是充滿我們
[01:17:25.200 --> 01:17:27.200]  掌管我們生命
[01:17:27.200 --> 01:17:32.200]  好 看看大家有沒有什麼想討論的
[01:17:32.200 --> 01:17:35.200]  因為上網上得不太好
[01:17:35.200 --> 01:17:38.200]  不太看到大家有沒有打進去的問題
[01:17:38.200 --> 01:17:40.200]  或者你們可以現在就這樣提出來
[01:17:40.200 --> 01:17:42.200]  容易看到
[01:17:42.200 --> 01:17:46.200]  請說
[01:17:46.200 --> 01:17:58.200]  如果異象你是在說一種超自然的現象
[01:17:58.200 --> 01:18:01.200]  我們說超自然的現象不是一定有
[01:18:01.200 --> 01:18:03.200]  是因為聖經裏面說得很清楚
[01:18:06.200 --> 01:18:09.200]  哥林多前書一章二十一節說到
[01:18:09.200 --> 01:18:13.200]  希臘人求智慧 猶太人求神蹟
[01:18:13.200 --> 01:18:15.200]  但我只有聽十字架耶穌基督
[01:18:15.200 --> 01:18:17.200]  幾處經文說了
[01:18:17.200 --> 01:18:21.200]  超自然那種不一定會出現
[01:18:21.200 --> 01:18:23.200]  所以其實我們
[01:18:23.200 --> 01:18:25.200]  如果我們不是說超自然那種
[01:18:25.200 --> 01:18:27.200]  而是心裏面很有負擔
[01:18:27.200 --> 01:18:29.200]  譬如對某一個 我對孤兒
[01:18:29.200 --> 01:18:31.200]  突然發覺我的心很掛念他們
[01:18:31.200 --> 01:18:34.200]  我覺得如果給我這麼多事奉簡
[01:18:34.200 --> 01:18:36.200]  我會特別去關心孤兒
[01:18:36.200 --> 01:18:38.200]  或者某些窮人
[01:18:38.200 --> 01:18:41.200]  你突然離開了教會
[01:18:41.200 --> 01:18:44.200]  你覺得我真的很想去找他回來
[01:18:44.200 --> 01:18:48.200]  你覺得這種負擔那種異象很正常
[01:18:48.200 --> 01:18:51.200]  文無異象就放肆
[01:18:51.200 --> 01:18:53.200]  異象我們每個人都應該有
[01:18:53.200 --> 01:18:55.200]  其實沒有 因為我們沒有愛心
[01:18:55.200 --> 01:18:57.200]  我們只掛自己生活
[01:18:57.200 --> 01:19:00.200]  你關心人 有些人會賞心
[01:19:00.200 --> 01:19:04.200]  所以你要找到你一生的照明
[01:19:04.200 --> 01:19:07.200]  神給你某種恩賜
[01:19:07.200 --> 01:19:09.200]  某種人生經驗
[01:19:09.200 --> 01:19:11.200]  你會特別對某些事有負擔
[01:19:11.200 --> 01:19:12.200]  譬如你病得多
[01:19:12.200 --> 01:19:14.200]  可能對病人很看出
[01:19:14.200 --> 01:19:16.200]  你很想幫他們
[01:19:16.200 --> 01:19:18.200]  你窮過可能對窮人很有負擔
[01:19:18.200 --> 01:19:20.200]  很多原因
[01:19:20.200 --> 01:19:21.200]  或者你擅長做那件事
[01:19:21.200 --> 01:19:22.200]  你又會特別
[01:19:22.200 --> 01:19:23.200]  譬如你清少年
[01:19:23.200 --> 01:19:25.200]  你特別做得他們聽你說話
[01:19:25.200 --> 01:19:26.200]  你又很喜歡去做
[01:19:26.200 --> 01:19:28.200]  就有良性循環
[01:19:28.200 --> 01:19:29.200]  那種異象是應該有的
[01:19:29.200 --> 01:19:33.200]  我們在恩賜和對人的愛上
[01:19:33.200 --> 01:19:35.200]  有愛 然後再用恩賜
[01:19:35.200 --> 01:19:37.200]  你就會慢慢感覺到上帝
[01:19:37.200 --> 01:19:39.200]  是敷衍你這個人做那些事
[01:19:39.200 --> 01:19:42.200]  而你自己又會做得很開心
[01:19:42.200 --> 01:19:44.200]  但超自然那種
[01:19:44.200 --> 01:19:47.200]  就是有些人有 有些人沒有
[01:19:47.200 --> 01:19:49.200]  我最容易舉例
[01:19:49.200 --> 01:19:50.200]  你知道我們在神學院
[01:19:50.200 --> 01:19:51.200]  三十多年
[01:19:51.200 --> 01:19:53.200]  每年都面試學生
[01:19:53.200 --> 01:19:56.200]  神跡騎士大概十分之一
[01:19:56.200 --> 01:19:58.200]  超自然那種
[01:19:58.200 --> 01:20:00.200]  所有神做的工作都可以叫神跡
[01:20:00.200 --> 01:20:02.200]  但我們說超自然那種
[01:20:02.200 --> 01:20:04.200]  譬如有人真的會
[01:20:04.200 --> 01:20:06.200]  上午信耶穌
[01:20:06.200 --> 01:20:08.200]  下午聽到廣東話跟他說
[01:20:08.200 --> 01:20:11.200]  我要你做傳道人
[01:20:11.200 --> 01:20:14.200]  他現在好幾年之後
[01:20:14.200 --> 01:20:15.200]  就開始
[01:20:15.200 --> 01:20:16.200]  真是我們面試的時候
[01:20:16.200 --> 01:20:18.200]  見到有教導的恩賜
[01:20:18.200 --> 01:20:19.200]  牧羊的心腸
[01:20:19.200 --> 01:20:21.200]  又有各方面的侍奉
[01:20:21.200 --> 01:20:22.200]  就收他
[01:20:22.200 --> 01:20:23.200]  收他的時候
[01:20:23.200 --> 01:20:24.200]  其實就是反過來
[01:20:24.200 --> 01:20:25.200]  聽到他講這個故事
[01:20:25.200 --> 01:20:29.200]  就知道那個故事是真的
[01:20:29.200 --> 01:20:30.200]  所以我們又不會
[01:20:30.200 --> 01:20:32.200]  因為就這樣聽那個故事就相信
[01:20:32.200 --> 01:20:34.200]  因為不知道有多真
[01:20:34.200 --> 01:20:36.200]  只是面試聽一聽
[01:20:36.200 --> 01:20:37.200]  但他事後又印證到
[01:20:37.200 --> 01:20:41.200]  他真是有牧羊的恩賜和負擔
[01:20:41.200 --> 01:20:42.200]  而他告訴我
[01:20:42.200 --> 01:20:43.200]  他信主第一天下午
[01:20:43.200 --> 01:20:46.200]  就聽到廣東話
[01:20:46.200 --> 01:20:50.200]  所以又有
[01:20:50.200 --> 01:20:51.200]  另外一
[01:20:51.200 --> 01:20:52.200]  講給你聽
[01:20:52.200 --> 01:20:54.200]  因為我們很少在教會講神跡
[01:20:54.200 --> 01:20:55.200]  講給你聽
[01:20:55.200 --> 01:20:57.200]  一個就是會發夢
[01:20:57.200 --> 01:20:59.200]  見到我們的禮堂
[01:20:59.200 --> 01:21:00.200]  他沒有來過我們的禮堂
[01:21:00.200 --> 01:21:01.200]  如果你現在進去
[01:21:01.200 --> 01:21:03.200]  我們見到的禮堂
[01:21:03.200 --> 01:21:05.200]  見到有幾個老師
[01:21:05.200 --> 01:21:07.200]  其中一個老師的樣子
[01:21:07.200 --> 01:21:09.200]  他認得很清楚
[01:21:09.200 --> 01:21:10.200]  他不認識的
[01:21:10.200 --> 01:21:11.200]  他說進來見到的時候
[01:21:11.200 --> 01:21:14.200]  見到真是有這樣的老師
[01:21:14.200 --> 01:21:16.200]  這個又是我們後來收了的一個同學
[01:21:16.200 --> 01:21:18.200]  他講這些故事
[01:21:18.200 --> 01:21:19.200]  我大概會相信
[01:21:19.200 --> 01:21:20.200]  應該是真的
[01:21:20.200 --> 01:21:21.200]  因為他不需要用這件事
[01:21:21.200 --> 01:21:22.200]  去印象我
[01:21:22.200 --> 01:21:24.200]  不過這樣提起
[01:21:24.200 --> 01:21:26.200]  又發覺他真是有恩賜
[01:21:26.200 --> 01:21:28.200]  而這件事是令到他其中一個
[01:21:28.200 --> 01:21:31.200]  幫他肯定到神大靈去做傳代
[01:21:31.200 --> 01:21:35.200]  真是給他一個超自然的經歷
[01:21:35.200 --> 01:21:37.200]  但這些是大概十分之一
[01:21:37.200 --> 01:21:41.200]  大部分的神學生都沒有超自然的經歷
[01:21:41.200 --> 01:21:43.200]  你可以參照一下
[01:21:43.200 --> 01:21:45.200]  這些情況
[01:21:45.200 --> 01:21:47.200]  請講
[01:21:47.200 --> 01:21:49.200]  後面那位姊妹
[01:21:52.200 --> 01:21:54.200]  是 請講
[01:21:54.200 --> 01:21:56.200]  我希望不會太混亂
[01:21:56.200 --> 01:21:58.200]  因為有幾個問題想問
[01:21:58.200 --> 01:22:01.200]  剛才你提及古林多前書十四章
[01:22:01.200 --> 01:22:03.200]  可能有時不同的譯本
[01:22:03.200 --> 01:22:05.200]  我拿著的是新譯本
[01:22:05.200 --> 01:22:07.200]  譬如十四章二十九
[01:22:07.200 --> 01:22:12.200]  他用「講道的也只可以兩三個人講」
[01:22:12.200 --> 01:22:15.200]  「其餘的人要衡量他們所講的」
[01:22:15.200 --> 01:22:16.200]  我不知道這裏
[01:22:16.200 --> 01:22:18.200]  因為剛才我聽梁牧師你講
[01:22:18.200 --> 01:22:21.200]  好像有一種啟示式
[01:22:21.200 --> 01:22:25.200]  即是他當場才突然跟他講話
[01:22:25.200 --> 01:22:27.200]  然後他就站起來講道
[01:22:27.200 --> 01:22:29.200]  我不知道是不是這樣
[01:22:29.200 --> 01:22:31.200]  他這裏用「講道」
[01:22:31.200 --> 01:22:33.200]  十四章多少節?
[01:22:33.200 --> 01:22:35.200]  十四章二十九
[01:22:35.200 --> 01:22:37.200]  十四章二十九
[01:22:37.200 --> 01:22:39.200]  因為他這裏可能是用了「講道」
[01:22:39.200 --> 01:22:41.200]  我想問
[01:22:41.200 --> 01:22:43.200]  我解釋一下
[01:22:43.200 --> 01:22:45.200]  最主要就是
[01:22:45.200 --> 01:22:49.200]  其實如果你有看
[01:22:49.200 --> 01:22:52.200]  我這個是和學本修訂本
[01:22:52.200 --> 01:22:54.200]  介紹和學本也有寫下來
[01:22:54.200 --> 01:22:56.200]  十四章第一節也有寫下來
[01:22:56.200 --> 01:22:59.200]  他說先知講道
[01:22:59.200 --> 01:23:02.200]  原文直譯就是說預言
[01:23:02.200 --> 01:23:04.200]  只要你看所有的英文聖經
[01:23:04.200 --> 01:23:06.200]  現在也不會譯成preaching
[01:23:06.200 --> 01:23:08.200]  因為原文是prophecy
[01:23:08.200 --> 01:23:09.200]  其實不是preaching
[01:23:09.200 --> 01:23:11.200]  是因為中文和學本的時候
[01:23:11.200 --> 01:23:17.200]  翻譯的翻譯人當時是一個基要主義的人
[01:23:17.200 --> 01:23:19.200]  他不相信今天還有先知預言
[01:23:19.200 --> 01:23:22.200]  所以就等同我們今天講道
[01:23:22.200 --> 01:23:24.200]  他將預言那個字
[01:23:24.200 --> 01:23:26.200]  其實原文是預言
[01:23:26.200 --> 01:23:27.200]  所以由頭到尾
[01:23:27.200 --> 01:23:29.200]  其實十二章到十四章
[01:23:29.200 --> 01:23:31.200]  他講到先知講道
[01:23:31.200 --> 01:23:32.200]  都不是講道
[01:23:32.200 --> 01:23:34.200]  其實是預言
[01:23:34.200 --> 01:23:37.200]  我不知道為什麼和學本修訂本繼續譯成講道
[01:23:37.200 --> 01:23:39.200]  我想其他譯本應該
[01:23:39.200 --> 01:23:43.200]  應該說回去是一個預言
[01:23:43.200 --> 01:23:47.200]  我想問你
[01:23:47.200 --> 01:23:48.200]  不要緊
[01:23:48.200 --> 01:23:50.200]  你剛才說異象
[01:23:50.200 --> 01:23:52.200]  或者一些超自然
[01:23:52.200 --> 01:23:55.200]  我們今天有宣教士
[01:23:55.200 --> 01:23:57.200]  隨便都可以問
[01:23:57.200 --> 01:23:59.200]  因為有時候也有人會說
[01:23:59.200 --> 01:24:04.200]  譬如有人說神感動我讀神學
[01:24:04.200 --> 01:24:06.200]  或者神感動我做宣教士
[01:24:06.200 --> 01:24:08.200]  有時候就會說
[01:24:08.200 --> 01:24:12.200]  我不知道自己的領袖是不是真的
[01:24:12.200 --> 01:24:14.200]  有時候會說
[01:24:14.200 --> 01:24:15.200]  不如和神祈禱
[01:24:15.200 --> 01:24:17.200]  給我一些印證
[01:24:17.200 --> 01:24:20.200]  我曾經聽過有人說
[01:24:20.200 --> 01:24:21.200]  不要求印證
[01:24:21.200 --> 01:24:23.200]  不要求印證就沒有信心
[01:24:23.200 --> 01:24:25.200]  但有些人會說
[01:24:25.200 --> 01:24:27.200]  求印證沒有問題
[01:24:27.200 --> 01:24:29.200]  這些有時候我覺得
[01:24:29.200 --> 01:24:31.200]  都會有些超自然
[01:24:31.200 --> 01:24:33.200]  譬如有多少人和我說
[01:24:33.200 --> 01:24:35.200]  我想看聶律師你怎樣看
[01:24:35.200 --> 01:24:37.200]  多謝你的問題
[01:24:37.200 --> 01:24:42.200]  我們求一些general confirmation
[01:24:42.200 --> 01:24:44.200]  是可以的
[01:24:44.200 --> 01:24:46.200]  不要求specific
[01:24:46.200 --> 01:24:47.200]  什麼是specific
[01:24:47.200 --> 01:24:49.200]  我講一個失敗的例子給你聽
[01:24:49.200 --> 01:24:51.200]  因為我以前還沒有讀神學
[01:24:51.200 --> 01:24:53.200]  教會很普遍
[01:24:53.200 --> 01:24:55.200]  當你無法肯定的時候
[01:24:55.200 --> 01:24:56.200]  求神做一些事情
[01:24:56.200 --> 01:24:58.200]  你做的就肯定
[01:24:58.200 --> 01:25:03.200]  總之我第一年做社工有些經歷
[01:25:03.200 --> 01:25:05.200]  已經覺得神要我做傳達人
[01:25:05.200 --> 01:25:07.200]  很害怕或是沒有想過
[01:25:07.200 --> 01:25:09.200]  做了三年
[01:25:09.200 --> 01:25:10.200]  去了林屋區
[01:25:10.200 --> 01:25:11.200]  跟了牧師
[01:25:11.200 --> 01:25:12.200]  我做活動
[01:25:12.200 --> 01:25:13.200]  他做傳科
[01:25:13.200 --> 01:25:15.200]  我就看看傳達人怎樣生活
[01:25:15.200 --> 01:25:16.200]  和考慮一下
[01:25:16.200 --> 01:25:17.200]  三年後真的覺得
[01:25:17.200 --> 01:25:19.200]  是的 應該是神帶領我
[01:25:19.200 --> 01:25:20.200]  最後的時候
[01:25:20.200 --> 01:25:22.200]  一決定就很大件事
[01:25:22.200 --> 01:25:24.200]  一生你知道這些事情
[01:25:24.200 --> 01:25:26.200]  求印證
[01:25:26.200 --> 01:25:27.200]  specific是什麼意思
[01:25:27.200 --> 01:25:29.200]  就是神你讓我大人信主
[01:25:29.200 --> 01:25:31.200]  我們很正路
[01:25:31.200 --> 01:25:32.200]  我們其他的神學生
[01:25:32.200 --> 01:25:34.200]  可以是神你幫我買一層樓
[01:25:34.200 --> 01:25:36.200]  並且要好價
[01:25:36.200 --> 01:25:38.200]  他不只是買一層樓
[01:25:38.200 --> 01:25:40.200]  他說要價錢好
[01:25:40.200 --> 01:25:42.200]  因為我買回來的時候這樣
[01:25:42.200 --> 01:25:43.200]  我又需要一些使用
[01:25:43.200 --> 01:25:45.200]  你知道讓我賺一點點
[01:25:45.200 --> 01:25:46.200]  給我加價給上帝
[01:25:46.200 --> 01:25:47.200]  這樣賣了
[01:25:47.200 --> 01:25:49.200]  就是你帶領我做傳達人
[01:25:49.200 --> 01:25:50.200]  就是說我賣不到
[01:25:50.200 --> 01:25:51.200]  就是不是你帶領我
[01:25:51.200 --> 01:25:53.200]  差不多這樣的意思
[01:25:53.200 --> 01:25:55.200]  我還正路一點
[01:25:55.200 --> 01:25:56.200]  大人信主
[01:25:56.200 --> 01:25:57.200]  結果怎樣呢
[01:25:57.200 --> 01:25:58.200]  長話短說
[01:25:58.200 --> 01:26:00.200]  因為我做老人家
[01:26:00.200 --> 01:26:04.200]  在寒汶田那裡
[01:26:04.200 --> 01:26:06.200]  帶了信主
[01:26:06.200 --> 01:26:08.200]  因為我去探望一個夫婦
[01:26:08.200 --> 01:26:11.200]  兩個都是我們老人中心的人
[01:26:11.200 --> 01:26:14.200]  她的先生病了
[01:26:14.200 --> 01:26:15.200]  探望他和他傳福音
[01:26:15.200 --> 01:26:16.200]  不信
[01:26:16.200 --> 01:26:18.200]  為什麼太太信了
[01:26:18.200 --> 01:26:19.200]  在旁邊聽
[01:26:19.200 --> 01:26:21.200]  站在那裡許信
[01:26:21.200 --> 01:26:22.200]  也好 也有一個信
[01:26:22.200 --> 01:26:23.200]  真的有人信了主
[01:26:23.200 --> 01:26:24.200]  我就跟神說
[01:26:24.200 --> 01:26:26.200]  大人信主
[01:26:26.200 --> 01:26:28.200]  心裏想想怎樣呢
[01:26:28.200 --> 01:26:30.200]  這麼巧而已
[01:26:30.200 --> 01:26:31.200]  而且我又不是和他傳福音
[01:26:31.200 --> 01:26:33.200]  我和他伯伯傳福音
[01:26:33.200 --> 01:26:34.200]  他坐在旁邊聽
[01:26:34.200 --> 01:26:35.200]  信了
[01:26:35.200 --> 01:26:36.200]  老人家很容易信
[01:26:36.200 --> 01:26:37.200]  我這麼多年不傳
[01:26:37.200 --> 01:26:39.200]  我現在立志傳
[01:26:39.200 --> 01:26:41.200]  就有人信
[01:26:41.200 --> 01:26:43.200]  我說神你給我多一個
[01:26:43.200 --> 01:26:45.200]  又給多一個
[01:26:45.200 --> 01:26:47.200]  兩個星期左右
[01:26:47.200 --> 01:26:48.200]  就和中學生傳福音
[01:26:48.200 --> 01:26:50.200]  真的信了主
[01:26:50.200 --> 01:26:53.200]  這樣確定了神帶領我
[01:26:53.200 --> 01:26:54.200]  有時候神答應祈禱
[01:26:54.200 --> 01:26:56.200]  也不代表是好事
[01:26:56.200 --> 01:26:58.200]  因為聖經裏面說
[01:26:58.200 --> 01:26:59.200]  具體的印證
[01:26:59.200 --> 01:27:01.200]  就是陽無測試
[01:27:01.200 --> 01:27:02.200]  就是機電
[01:27:02.200 --> 01:27:03.200]  在史詩記
[01:27:03.200 --> 01:27:05.200]  那個故事叫我們不要學
[01:27:05.200 --> 01:27:09.200]  我們現在就全學了
[01:27:09.200 --> 01:27:10.200]  其實根源是因為
[01:27:10.200 --> 01:27:13.200]  我們不懂怎樣分辨神的帶領
[01:27:13.200 --> 01:27:14.200]  太感性
[01:27:14.200 --> 01:27:17.200]  經常說內心有平安就是了
[01:27:17.200 --> 01:27:18.200]  其實屬靈分辨
[01:27:18.200 --> 01:27:20.200]  現在可以學的
[01:27:20.200 --> 01:27:22.200]  簡單來說
[01:27:22.200 --> 01:27:24.200]  最重要的原則是
[01:27:24.200 --> 01:27:27.200]  以聖經之下的理性去決定
[01:27:27.200 --> 01:27:28.200]  什麼叫聖經之下的理性
[01:27:28.200 --> 01:27:29.200]  就是你想想
[01:27:29.200 --> 01:27:32.200]  如果我做傳達人和不做傳達人
[01:27:32.200 --> 01:27:37.200]  其實哪樣對神的國度貢獻更大
[01:27:37.200 --> 01:27:39.200]  或者對我自己的靈性更有幫助
[01:27:39.200 --> 01:27:41.200]  哪樣最榮耀神
[01:27:41.200 --> 01:27:43.200]  Greater glory of God
[01:27:43.200 --> 01:27:46.200]  有些事你直覺就知道
[01:27:46.200 --> 01:27:47.200]  我究竟去看電視
[01:27:47.200 --> 01:27:49.200]  多些一定是去參加講座
[01:27:49.200 --> 01:27:51.200]  那你當然去參加講座
[01:27:51.200 --> 01:27:54.200]  你的肉體告訴你不想去
[01:27:54.200 --> 01:27:55.200]  所以你求力量
[01:27:55.200 --> 01:27:57.200]  不是求不知神怎樣帶領
[01:27:57.200 --> 01:27:58.200]  不過你沒有力量
[01:27:58.200 --> 01:28:01.200]  你只是不想這樣做
[01:28:01.200 --> 01:28:06.200]  所以其實我們要用神的理性
[01:28:06.200 --> 01:28:08.200]  就是聖經之下的理性
[01:28:08.200 --> 01:28:10.200]  究竟我適合做一個社工
[01:28:10.200 --> 01:28:11.200]  是更榮耀神
[01:28:11.200 --> 01:28:12.200]  還是其實我
[01:28:12.200 --> 01:28:14.200]  神帶領我真是現在開始發覺
[01:28:14.200 --> 01:28:15.200]  我做一個傳達人
[01:28:15.200 --> 01:28:17.200]  在神的國度裏面更大貢獻
[01:28:17.200 --> 01:28:18.200]  是我不想做
[01:28:18.200 --> 01:28:21.200]  還是真的不知神的心意
[01:28:21.200 --> 01:28:22.200]  所以方照之下
[01:28:22.200 --> 01:28:24.200]  或者聖經光照之下的理性
[01:28:24.200 --> 01:28:25.200]  是最關鍵的
[01:28:25.200 --> 01:28:28.200]  你想想哪樣東西最愛神
[01:28:28.200 --> 01:28:29.200]  對你自己來說
[01:28:29.200 --> 01:28:30.200]  最榮耀神
[01:28:30.200 --> 01:28:32.200]  你很容易知道
[01:28:32.200 --> 01:28:33.200]  例如明年我究竟應該去做
[01:28:33.200 --> 01:28:35.200]  執事候選人
[01:28:35.200 --> 01:28:38.200]  還是去做團契職員
[01:28:38.200 --> 01:28:41.200]  那你就想想自己的動機
[01:28:41.200 --> 01:28:43.200]  其實我不想這麼忙
[01:28:43.200 --> 01:28:44.200]  你馬上知道
[01:28:44.200 --> 01:28:45.200]  我不想這麼忙
[01:28:45.200 --> 01:28:48.200]  是真的忙到已經對健康
[01:28:48.200 --> 01:28:49.200]  對家人有影響
[01:28:49.200 --> 01:28:50.200]  那種忙
[01:28:50.200 --> 01:28:52.200]  還是我自己只是懶
[01:28:52.200 --> 01:28:53.200]  你知道嗎
[01:28:53.200 --> 01:28:54.200]  只是想舒服一點
[01:28:54.200 --> 01:28:56.200]  那你馬上分辨到
[01:28:56.200 --> 01:28:57.200]  我懶
[01:28:57.200 --> 01:28:58.200]  我就知道我應該學
[01:28:58.200 --> 01:28:59.200]  但如果我真的
[01:28:59.200 --> 01:29:01.200]  我根本不應該做到那份侍奉
[01:29:01.200 --> 01:29:03.200]  因為我已經over了
[01:29:03.200 --> 01:29:06.200]  我現在可能太有救世主情懷
[01:29:06.200 --> 01:29:07.200]  什麼都是我的責任
[01:29:07.200 --> 01:29:09.200]  我要救全世界
[01:29:09.200 --> 01:29:12.200]  那你自己家庭還未搞定
[01:29:12.200 --> 01:29:14.200]  那你就開始不理那些東西
[01:29:14.200 --> 01:29:15.200]  甚至有些人
[01:29:15.200 --> 01:29:17.200]  家庭根本關係不好
[01:29:17.200 --> 01:29:18.200]  就去逃避
[01:29:18.200 --> 01:29:21.200]  然後去做多點教育的事
[01:29:21.200 --> 01:29:23.200]  給自己一種淑齡的感覺
[01:29:23.200 --> 01:29:26.200]  你逃避可能婚姻的問題
[01:29:26.200 --> 01:29:27.200]  或者父親的責任
[01:29:27.200 --> 01:29:28.200]  這樣去做事
[01:29:28.200 --> 01:29:30.200]  那你慢慢知道的時候
[01:29:30.200 --> 01:29:32.200]  你分辨到你的動機
[01:29:32.200 --> 01:29:34.200]  然後客觀上
[01:29:34.200 --> 01:29:35.200]  又對神的角度
[01:29:35.200 --> 01:29:36.200]  哪一個是最好
[01:29:36.200 --> 01:29:38.200]  你這樣去決定是最好的
[01:29:38.200 --> 01:29:41.200]  所以一個是理性一點
[01:29:41.200 --> 01:29:42.200]  然後另一個就是
[01:29:42.200 --> 01:29:44.200]  你內在的動機就是
[01:29:44.200 --> 01:29:46.200]  你直覺會告訴你
[01:29:46.200 --> 01:29:47.200]  你做哪一個選擇
[01:29:47.200 --> 01:29:49.200]  譬如有兩個選項
[01:29:49.200 --> 01:29:51.200]  哪一個是更加愛主
[01:29:51.200 --> 01:29:52.200]  對你來說
[01:29:52.200 --> 01:29:55.200]  你的心會有些情況告訴你
[01:29:55.200 --> 01:29:57.200]  有時你自己騙自己
[01:29:57.200 --> 01:29:59.200]  所以主觀那個是難一點
[01:29:59.200 --> 01:30:01.200]  那些講素你不分辨再講
[01:30:01.200 --> 01:30:02.200]  理性就容易一點
[01:30:02.200 --> 01:30:03.200]  因為客觀上
[01:30:03.200 --> 01:30:04.200]  其實你應該走哪一條路
[01:30:04.200 --> 01:30:06.200]  是最榮耀到神
[01:30:06.200 --> 01:30:07.200]  那你要根據自己性格
[01:30:07.200 --> 01:30:09.200]  恩賜和你現在
[01:30:09.200 --> 01:30:11.200]  可以為神做的事
[01:30:11.200 --> 01:30:13.200]  然後你就去選擇
[01:30:13.200 --> 01:30:15.200]  我想這樣決定就好一點
[01:30:15.200 --> 01:30:17.200]  所以general的意思就是說
[01:30:17.200 --> 01:30:18.200]  當你考慮完之後
[01:30:18.200 --> 01:30:20.200]  如果你還有些不肯定
[01:30:20.200 --> 01:30:22.200]  你說神利用你的方法
[01:30:22.200 --> 01:30:24.200]  令我安心為止
[01:30:24.200 --> 01:30:26.200]  就不要限上帝
[01:30:26.200 --> 01:30:27.200]  要做這件事
[01:30:27.200 --> 01:30:28.200]  做那件事
[01:30:28.200 --> 01:30:30.200]  因為如果這個是
[01:30:30.200 --> 01:30:31.200]  你逼上帝限神蹟
[01:30:31.200 --> 01:30:33.200]  或者你甚至有條件
[01:30:33.200 --> 01:30:37.200]  對上帝不是很尊敬
[01:30:37.200 --> 01:30:38.200]  整件事
[01:30:38.200 --> 01:30:40.200]  還有不要這麼兒戲
[01:30:40.200 --> 01:30:41.200]  簡單來說就是
[01:30:41.200 --> 01:30:42.200]  我賣得好價那層樓
[01:30:42.200 --> 01:30:44.200]  就是上帝帶我做傳達人
[01:30:44.200 --> 01:30:45.200]  all or none
[01:30:45.200 --> 01:30:47.200]  要不就是你帶我做傳達人
[01:30:47.200 --> 01:30:49.200]  要不就是我這次不賣好價
[01:30:49.200 --> 01:30:51.200]  我就以後都不想這件事
[01:30:51.200 --> 01:30:53.200]  你很兒戲的整件事
[01:30:53.200 --> 01:30:54.200]  不是這樣想的
[01:30:54.200 --> 01:30:55.200]  一個人
[01:30:55.200 --> 01:30:56.200]  譬如侍奉的方向
[01:30:56.200 --> 01:30:58.200]  應該按你恩賜和負擔去
[01:30:58.200 --> 01:31:00.200]  是長期性的
[01:31:00.200 --> 01:31:02.200]  不是一剎那
[01:31:02.200 --> 01:31:03.200]  你應該要看看
[01:31:03.200 --> 01:31:05.200]  你自己一向的性格
[01:31:05.200 --> 01:31:07.200]  你對哪些東西
[01:31:07.200 --> 01:31:10.200]  是覺得有負擔想做
[01:31:10.200 --> 01:31:13.200]  然後你的恩賜又做到那些東西
[01:31:13.200 --> 01:31:15.200]  你向著那個方向去想
[01:31:15.200 --> 01:31:17.200]  就會好些
[01:31:17.200 --> 01:31:20.200]  我怕用了太多時間問
[01:31:20.200 --> 01:31:22.200]  我給個鏡頭
[01:31:22.200 --> 01:31:23.200]  好
[01:31:23.200 --> 01:31:25.200]  請說
[01:31:25.200 --> 01:31:31.200]  所學的時候
[01:31:31.200 --> 01:31:35.200]  這個方言是指天使的話語
[01:31:35.200 --> 01:31:37.200]  或者一些外國的語言
[01:31:37.200 --> 01:31:38.200]  萬國的語言
[01:31:38.200 --> 01:31:40.200]  或者一些圍頭話
[01:31:40.200 --> 01:31:41.200]  或者上海話
[01:31:41.200 --> 01:31:43.200]  譬如牧師你
[01:31:43.200 --> 01:31:45.200]  譬如你從來讀書的時候都沒有學過英文
[01:31:45.200 --> 01:31:47.200]  但是十字之間
[01:31:47.200 --> 01:31:49.200]  可以在美國裡面講道
[01:31:49.200 --> 01:31:50.200]  講英文的時候
[01:31:50.200 --> 01:31:52.200]  你已經可以來到
[01:31:52.200 --> 01:31:54.200]  是屬於講方言的
[01:31:54.200 --> 01:31:55.200]  是
[01:31:55.200 --> 01:31:58.200]  方言究竟是指什麼
[01:31:58.200 --> 01:32:00.200]  我們以前
[01:32:00.200 --> 01:32:02.200]  聖經裡面講方言是講什麼
[01:32:02.200 --> 01:32:04.200]  天使的話語
[01:32:04.200 --> 01:32:06.200]  我們聽不懂
[01:32:06.200 --> 01:32:12.200]  另外一個就是一些地方的語言
[01:32:12.200 --> 01:32:14.200]  世界上有些國家的語言
[01:32:14.200 --> 01:32:16.200]  我給個比方
[01:32:16.200 --> 01:32:18.200]  牧師你從來沒有學過英文
[01:32:18.200 --> 01:32:21.200]  你十字之間是可以在
[01:32:21.200 --> 01:32:24.200]  美國的教會裡面用英文講道
[01:32:24.200 --> 01:32:27.200]  那就可以算是你在講方言
[01:32:27.200 --> 01:32:28.200]  是不是這樣
[01:32:28.200 --> 01:32:29.200]  我解釋一下
[01:32:29.200 --> 01:32:31.200]  這是一個很好的問題
[01:32:31.200 --> 01:32:35.200]  現在靈異運動最有事的地方
[01:32:35.200 --> 01:32:37.200]  就是它的歷史裡面
[01:32:37.200 --> 01:32:39.200]  早期去了解
[01:32:39.200 --> 01:32:40.200]  我們一般人的了解
[01:32:40.200 --> 01:32:42.200]  因為在《士徒行傳》
[01:32:42.200 --> 01:32:44.200]  很清楚是萬國的語言
[01:32:44.200 --> 01:32:45.200]  因為他們當時
[01:32:45.200 --> 01:32:47.200]  其他人聽到他們講什麼話
[01:32:47.200 --> 01:32:50.200]  還有字本身
[01:32:50.200 --> 01:32:51.200]  字義那些
[01:32:51.200 --> 01:32:53.200]  總之是萬國的語言
[01:32:53.200 --> 01:32:57.200]  早期的靈異運動都是這樣講的
[01:32:57.200 --> 01:32:59.200]  所以1900年的時候
[01:32:59.200 --> 01:33:01.200]  1903年
[01:33:01.200 --> 01:33:03.200]  2005年都有復興
[01:33:03.200 --> 01:33:06.200]  有一班宣教士領受了這種方言
[01:33:06.200 --> 01:33:08.200]  包括俄羅斯
[01:33:08.200 --> 01:33:09.200]  中國都有
[01:33:09.200 --> 01:33:11.200]  不過可惜他們去到俄羅斯
[01:33:11.200 --> 01:33:13.200]  他們的俄羅斯話沒有人懂得聽
[01:33:13.200 --> 01:33:14.200]  去到中國
[01:33:14.200 --> 01:33:15.200]  中國不懂得聽
[01:33:15.200 --> 01:33:17.200]  他們就開始改了
[01:33:17.200 --> 01:33:21.200]  就開始對方言的意思扭轉
[01:33:21.200 --> 01:33:22.200]  有第二個解釋
[01:33:22.200 --> 01:33:24.200]  就是哥林多前書
[01:33:24.200 --> 01:33:26.200]  但是哥林多前書裡面
[01:33:26.200 --> 01:33:28.200]  講天使的話語
[01:33:28.200 --> 01:33:30.200]  在解經上來說
[01:33:30.200 --> 01:33:32.200]  都是人間語言
[01:33:32.200 --> 01:33:33.200]  因為舊約裏面
[01:33:33.200 --> 01:33:35.200]  保羅所了解的天使話語是什麼
[01:33:35.200 --> 01:33:38.200]  希伯來文
[01:33:38.200 --> 01:33:40.200]  所以其實那個天使話語
[01:33:40.200 --> 01:33:43.200]  都不是非人間語言
[01:33:43.200 --> 01:33:45.200]  他們現在甚至
[01:33:45.200 --> 01:33:46.200]  最新的學術
[01:33:46.200 --> 01:33:48.200]  或者他們現在普遍的講法
[01:33:48.200 --> 01:33:49.200]  根本就不是語言
[01:33:49.200 --> 01:33:51.200]  他叫做泄音
[01:33:51.200 --> 01:33:52.200]  你有沒有聽到
[01:33:52.200 --> 01:33:53.200]  他開始譯作泄音
[01:33:53.200 --> 01:33:55.200]  就是一堆聲音
[01:33:55.200 --> 01:33:57.200]  因為問題就是
[01:33:57.200 --> 01:33:59.200]  他不敢讓人去研究
[01:33:59.200 --> 01:34:02.200]  他夠膽開放讓人錄音
[01:34:02.200 --> 01:34:03.200]  現在第一
[01:34:03.200 --> 01:34:04.200]  你會馬上知道
[01:34:04.200 --> 01:34:05.200]  是不是世界上的語言
[01:34:05.200 --> 01:34:06.200]  因為全部我們都知道
[01:34:06.200 --> 01:34:07.200]  第二
[01:34:07.200 --> 01:34:09.200]  他是不是一種語言
[01:34:09.200 --> 01:34:10.200]  這是一個問題
[01:34:10.200 --> 01:34:12.200]  因為語言
[01:34:12.200 --> 01:34:13.200]  如果你嘗試講西班牙文
[01:34:13.200 --> 01:34:14.200]  或者什麼
[01:34:14.200 --> 01:34:16.200]  你不會重複很多
[01:34:16.200 --> 01:34:17.200]  因為你講的不同內容
[01:34:17.200 --> 01:34:18.200]  就一直不同
[01:34:18.200 --> 01:34:19.200]  語言結構
[01:34:19.200 --> 01:34:21.200]  但是一個人如果扭出來
[01:34:21.200 --> 01:34:23.200]  你很容易錄完之後
[01:34:23.200 --> 01:34:24.200]  他是重複的
[01:34:24.200 --> 01:34:25.200]  因為一個人沒有那麼多創意
[01:34:25.200 --> 01:34:28.200]  不斷有新的圖案
[01:34:28.200 --> 01:34:29.200]  你知道那些音的圖案
[01:34:29.200 --> 01:34:32.200]  你會不斷重複那個圖案
[01:34:32.200 --> 01:34:35.200]  所以其實那個根本不是語言
[01:34:35.200 --> 01:34:37.200]  這個是很容易知道的
[01:34:37.200 --> 01:34:38.200]  因為有某些情況下
[01:34:38.200 --> 01:34:40.200]  是被人錄了
[01:34:40.200 --> 01:34:41.200]  已經研究到
[01:34:41.200 --> 01:34:42.200]  那些不是語言
[01:34:42.200 --> 01:34:43.200]  所以他現在新的講法
[01:34:43.200 --> 01:34:45.200]  就是那些是天使話語
[01:34:45.200 --> 01:34:46.200]  這個又不是
[01:34:46.200 --> 01:34:47.200]  聖經裡面天使話語
[01:34:47.200 --> 01:34:49.200]  根本就是希伯來文
[01:34:49.200 --> 01:34:52.200]  然後他說是一種泄音
[01:34:52.200 --> 01:34:56.200]  其實就和《試探傳》裡面講的相反
[01:34:56.200 --> 01:34:57.200]  完全不是那回事
[01:34:57.200 --> 01:34:59.200]  所以我有一篇文章
[01:34:59.200 --> 01:35:00.200]  是很詳細寫
[01:35:00.200 --> 01:35:02.200]  今天怎麼看謊言
[01:35:02.200 --> 01:35:03.200]  這個現象的一個問題
[01:35:03.200 --> 01:35:07.200]  請說
[01:35:07.200 --> 01:35:18.200]  有些學說就是說
[01:35:18.200 --> 01:35:20.200]  要做就自己
[01:35:20.200 --> 01:35:21.200]  所以多講謊言
[01:35:21.200 --> 01:35:24.200]  他們就會說在靈裡面
[01:35:24.200 --> 01:35:26.200]  屬靈的境界裡面
[01:35:26.200 --> 01:35:27.200]  要擴張自己
[01:35:27.200 --> 01:35:30.200]  做這個屬靈的
[01:35:30.200 --> 01:35:32.200]  叫做屬靈增賤
[01:35:32.200 --> 01:35:35.200]  有些靈恩教會這樣講
[01:35:35.200 --> 01:35:36.200]  做就自己
[01:35:36.200 --> 01:35:38.200]  發掘自己的恩賜
[01:35:38.200 --> 01:35:40.200]  這是怎麼解釋的
[01:35:40.200 --> 01:35:43.200]  發掘恩賜是我們應該的
[01:35:43.200 --> 01:35:45.200]  每個人都應該留心自己的恩賜
[01:35:45.200 --> 01:35:50.200]  但是恩賜的作用
[01:35:50.200 --> 01:35:51.200]  在聖經裡面
[01:35:51.200 --> 01:35:52.200]  十二章講得很清楚
[01:35:52.200 --> 01:35:54.200]  恩賜就是彼此配搭
[01:35:54.200 --> 01:35:55.200]  造就教會
[01:35:55.200 --> 01:35:56.200]  我們大家都知道
[01:35:56.200 --> 01:35:58.200]  基本上所有恩賜的目的
[01:35:58.200 --> 01:36:00.200]  所以其實
[01:36:00.200 --> 01:36:03.200]  講謊言都是為了造就教會
[01:36:03.200 --> 01:36:05.200]  不過如果
[01:36:05.200 --> 01:36:08.200]  你那個本地教會裡面沒有人懂得翻譯
[01:36:08.200 --> 01:36:09.200]  你造就自己
[01:36:09.200 --> 01:36:11.200]  我們一向所理解都是
[01:36:11.200 --> 01:36:13.200]  這個就是一個
[01:36:13.200 --> 01:36:14.200]  你既然沒有
[01:36:14.200 --> 01:36:15.200]  你就不要講出來
[01:36:15.200 --> 01:36:17.200]  他為什麼不要講出來
[01:36:17.200 --> 01:36:18.200]  下面有講
[01:36:18.200 --> 01:36:19.200]  因為那些化外人
[01:36:19.200 --> 01:36:20.200]  那些不信主的人進來
[01:36:20.200 --> 01:36:21.200]  看到你這麼混亂
[01:36:21.200 --> 01:36:23.200]  還嚇到他
[01:36:23.200 --> 01:36:25.200]  你不如不要講了
[01:36:25.200 --> 01:36:29.200]  所以造就自己是一個concession
[01:36:29.200 --> 01:36:31.200]  就是說不是一個主要目的
[01:36:31.200 --> 01:36:33.200]  不過你如果這樣的時候
[01:36:33.200 --> 01:36:35.200]  你又不要在公開場合講
[01:36:35.200 --> 01:36:37.200]  但是這件事你自己也可以
[01:36:37.200 --> 01:36:39.200]  作為你自己的神裡面的一個領袖
[01:36:39.200 --> 01:36:41.200]  你就用來造就自己
[01:36:41.200 --> 01:36:44.200]  所以造就自己就不是一個目的
[01:36:44.200 --> 01:36:46.200]  而且十二章至十四章
[01:36:46.200 --> 01:36:47.200]  全部都在講
[01:36:47.200 --> 01:36:49.200]  就是講那些人
[01:36:49.200 --> 01:36:51.200]  教會的人太喜歡講謊言
[01:36:51.200 --> 01:36:52.200]  他就告訴你
[01:36:52.200 --> 01:36:53.200]  講謊言
[01:36:53.200 --> 01:36:55.200]  其實你不如去追求那些
[01:36:55.200 --> 01:36:58.200]  造就教會那些恩賜
[01:36:58.200 --> 01:36:59.200]  如果這個恩賜
[01:36:59.200 --> 01:37:01.200]  現實上你們又沒有什麼人
[01:37:01.200 --> 01:37:02.200]  懂得翻譯謊言的時候
[01:37:02.200 --> 01:37:03.200]  你不要追求
[01:37:03.200 --> 01:37:05.200]  一味追求謊言
[01:37:05.200 --> 01:37:06.200]  你變成你是為了自己
[01:37:06.200 --> 01:37:08.200]  自私的目的去追求恩賜
[01:37:08.200 --> 01:37:10.200]  這個本身就不對
[01:37:10.200 --> 01:37:13.200]  所以不可以將這件事反過來
[01:37:13.200 --> 01:37:14.200]  為了造就自己
[01:37:14.200 --> 01:37:15.200]  所以要講多些謊言
[01:37:15.200 --> 01:37:17.200]  就不可以反過來
[01:37:17.200 --> 01:37:20.200]  第一 所有恩賜都不可以強求
[01:37:20.200 --> 01:37:22.200]  所以我們正路來講
[01:37:22.200 --> 01:37:23.200]  應該是
[01:37:23.200 --> 01:37:24.200]  你想一下
[01:37:24.200 --> 01:37:25.200]  我都說了
[01:37:25.200 --> 01:37:27.200]  我們香港的弟兄姊妹
[01:37:27.200 --> 01:37:30.200]  每個人都有讀書的能力
[01:37:30.200 --> 01:37:33.200]  因為我們起碼都中學畢業
[01:37:33.200 --> 01:37:35.200]  其實你肯學一件事
[01:37:35.200 --> 01:37:37.200]  你神給我們很多恩賜
[01:37:37.200 --> 01:37:39.200]  你是按你自己的性格
[01:37:39.200 --> 01:37:40.200]  人生經驗
[01:37:40.200 --> 01:37:42.200]  加上你的知識
[01:37:42.200 --> 01:37:44.200]  其實最主要找不到恩賜
[01:37:44.200 --> 01:37:45.200]  我覺得
[01:37:45.200 --> 01:37:47.200]  根本不需要做什麼測驗
[01:37:47.200 --> 01:37:48.200]  對我們成年人來說
[01:37:48.200 --> 01:37:49.200]  測什麼驗
[01:37:49.200 --> 01:37:50.200]  我覺得沒有用
[01:37:50.200 --> 01:37:51.200]  中學生玩就行了
[01:37:51.200 --> 01:37:53.200]  你中學生什麼都沒有做過
[01:37:53.200 --> 01:37:55.200]  當然不知道自己做得怎麼樣
[01:37:55.200 --> 01:37:57.200]  你現在信主頭那五年
[01:37:57.200 --> 01:37:58.200]  有什麼就做什麼
[01:37:58.200 --> 01:38:00.200]  在教會裡面
[01:38:00.200 --> 01:38:01.200]  然後你看一下
[01:38:01.200 --> 01:38:03.200]  你自己覺得哪件事最有價值
[01:38:03.200 --> 01:38:06.200]  和你的恩賜性格最配合
[01:38:06.200 --> 01:38:08.200]  你就可以做
[01:38:08.200 --> 01:38:09.200]  我又要講
[01:38:09.200 --> 01:38:10.200]  當你五年之後
[01:38:10.200 --> 01:38:11.200]  或者三年之後
[01:38:11.200 --> 01:38:15.200]  你慢慢接觸普世教會
[01:38:15.200 --> 01:38:17.200]  我們弟兄姊妹有時有些負擔
[01:38:17.200 --> 01:38:19.200]  不是地方堂會有的
[01:38:19.200 --> 01:38:21.200]  因為我們地方堂會都是小的
[01:38:21.200 --> 01:38:22.200]  通常都是一百多人
[01:38:22.200 --> 01:38:25.200]  或者只有幾十人才有些教會
[01:38:25.200 --> 01:38:28.200]  不一定有你想要做的東西
[01:38:28.200 --> 01:38:30.200]  譬如你對孤兒很有負擔
[01:38:30.200 --> 01:38:33.200]  教會不一定剛好有這方面的連結
[01:38:33.200 --> 01:38:35.200]  你就要考慮一下出去外面
[01:38:35.200 --> 01:38:36.200]  但出去外面
[01:38:36.200 --> 01:38:37.200]  你去侍奉完之後
[01:38:37.200 --> 01:38:39.200]  你的經驗也帶回來這裡教會
[01:38:39.200 --> 01:38:40.200]  給弟兄姊妹
[01:38:40.200 --> 01:38:42.200]  你去勒著其他人一起做
[01:38:42.200 --> 01:38:46.200]  只要你對人有心
[01:38:46.200 --> 01:38:48.200]  你看看你自己對哪些人
[01:38:48.200 --> 01:38:50.200]  因為如果找不到恩賜
[01:38:50.200 --> 01:38:52.200]  很多時候都是自我中心
[01:38:52.200 --> 01:38:53.200]  你整個生活
[01:38:53.200 --> 01:38:55.200]  你對有些人有些passion
[01:38:55.200 --> 01:38:57.200]  真的有時看電視
[01:38:57.200 --> 01:39:01.200]  突然間覺得很掛念伊朗那些人
[01:39:01.200 --> 01:39:03.200]  那些戰亂裡面的人
[01:39:03.200 --> 01:39:05.200]  或者那些女孩
[01:39:05.200 --> 01:39:07.200]  就要割禮那些
[01:39:07.200 --> 01:39:11.200]  我真的聯合國很多人去做這些事
[01:39:11.200 --> 01:39:12.200]  無國界醫生
[01:39:12.200 --> 01:39:13.200]  我覺得他們很有意思
[01:39:13.200 --> 01:39:14.200]  你去關心他們
[01:39:14.200 --> 01:39:16.200]  長期關心這件事
[01:39:16.200 --> 01:39:18.200]  我們最重要做的侍奉
[01:39:18.200 --> 01:39:20.200]  不要蜻蜓點水
[01:39:20.200 --> 01:39:24.200]  和不要全部打肩膀去做
[01:39:24.200 --> 01:39:26.200]  其中一個現象
[01:39:26.200 --> 01:39:27.200]  因為我太太木會
[01:39:27.200 --> 01:39:29.200]  我都很熟悉教會的情況
[01:39:29.200 --> 01:39:30.200]  因為很多時候
[01:39:30.200 --> 01:39:32.200]  我們都是熟某個傳代人
[01:39:32.200 --> 01:39:33.200]  或者那裡又不夠人
[01:39:33.200 --> 01:39:35.200]  我們就去做
[01:39:35.200 --> 01:39:37.200]  好心是好事
[01:39:37.200 --> 01:39:38.200]  但是聖經裡面說
[01:39:38.200 --> 01:39:41.200]  侍奉是按恩賜的
[01:39:41.200 --> 01:39:43.200]  不是講人情的
[01:39:43.200 --> 01:39:44.200]  你明白我的意思嗎?
[01:39:44.200 --> 01:39:45.200]  幫一次不要緊
[01:39:45.200 --> 01:39:47.200]  但是你年年都幫
[01:39:47.200 --> 01:39:48.200]  月月都幫
[01:39:48.200 --> 01:39:49.200]  很多人做了十年
[01:39:49.200 --> 01:39:52.200]  在教會裡面都不知道自己想做什麼
[01:39:52.200 --> 01:39:53.200]  那裡不夠人就去做
[01:39:53.200 --> 01:39:54.200]  那裡不夠人就去做
[01:39:54.200 --> 01:39:57.200]  但是你看羅馬書十二章那裡
[01:39:57.200 --> 01:39:58.200]  講恩賜
[01:39:58.200 --> 01:39:59.200]  你發現了你的恩賜之後
[01:39:59.200 --> 01:40:02.200]  你一生在那個恩賜裡面
[01:40:02.200 --> 01:40:05.200]  你應該是越來越收窄的
[01:40:05.200 --> 01:40:06.200]  就是頭那五年
[01:40:06.200 --> 01:40:08.200]  什麼都做
[01:40:08.200 --> 01:40:09.200]  學一下
[01:40:09.200 --> 01:40:10.200]  探頭探頭
[01:40:10.200 --> 01:40:11.200]  什麼聯絡
[01:40:11.200 --> 01:40:13.200]  你覺得不喜歡做的那些
[01:40:13.200 --> 01:40:14.200]  可能突然間你發覺
[01:40:14.200 --> 01:40:15.200]  很有素人價值的
[01:40:15.200 --> 01:40:18.200]  就好像我們原本不喜歡說話的
[01:40:18.200 --> 01:40:20.200]  就是演講那些
[01:40:20.200 --> 01:40:22.200]  我很怕走出來演講
[01:40:22.200 --> 01:40:23.200]  但是神父召我做傳代人
[01:40:23.200 --> 01:40:24.200]  這樣慢慢習慣的
[01:40:24.200 --> 01:40:26.200]  就是你有些事情
[01:40:26.200 --> 01:40:27.200]  你是不同了信譽之後
[01:40:27.200 --> 01:40:28.200]  但是有些事情
[01:40:28.200 --> 01:40:29.200]  跟你一向性格差不多
[01:40:29.200 --> 01:40:31.200]  總之你發現你自己
[01:40:31.200 --> 01:40:32.200]  對那幫人特別有心
[01:40:32.200 --> 01:40:34.200]  或者對這件事特別有心
[01:40:34.200 --> 01:40:38.200]  你就去為他們去祈禱
[01:40:38.200 --> 01:40:39.200]  然後一路去收窄他們
[01:40:39.200 --> 01:40:41.200]  就在那裡長期地做
[01:40:41.200 --> 01:40:43.200]  然後為了那件事你去學習
[01:40:43.200 --> 01:40:45.200]  譬如你關心窮人
[01:40:45.200 --> 01:40:46.200]  你就學一下
[01:40:46.200 --> 01:40:49.200]  怎樣去跟他們當中生活
[01:40:49.200 --> 01:40:51.200]  怎樣去蠟燭站在頂
[01:40:51.200 --> 01:40:53.200]  一起去關心這幫人
[01:40:53.200 --> 01:40:54.200]  你一生這樣做
[01:40:54.200 --> 01:40:56.200]  我想我們要有一個照明
[01:40:56.200 --> 01:40:57.200]  一生的照明
[01:40:57.200 --> 01:40:59.200]  我想我們這樣去
[01:40:59.200 --> 01:41:01.200]  或者我們的侍奉那裡
[01:41:01.200 --> 01:41:03.200]  就不用靠那些
[01:41:03.200 --> 01:41:05.200]  突然之間好像有些
[01:41:05.200 --> 01:41:07.200]  很特別的亮光
[01:41:07.200 --> 01:41:09.200]  然後突然有些新的東西
[01:41:09.200 --> 01:41:10.200]  不是
[01:41:10.200 --> 01:41:12.200]  通常都不是這樣的情況
[01:41:12.200 --> 01:41:13.200]  好不好
[01:41:13.200 --> 01:41:14.200]  請講
[01:41:14.200 --> 01:41:16.200]  前面這位先
[01:41:16.200 --> 01:41:17.200]  弟兄先
[01:41:17.200 --> 01:41:18.200]  不好意思
[01:41:18.200 --> 01:41:19.200]  請你
[01:41:19.200 --> 01:41:21.200]  你先說
[01:41:21.200 --> 01:41:22.200]  是
[01:41:22.200 --> 01:41:23.200]  謝謝你
[01:41:23.200 --> 01:41:26.200]  我在想牧師
[01:41:26.200 --> 01:41:27.200]  你開頭說
[01:41:27.200 --> 01:41:31.200]  靈恩教會的信眾有六萬多
[01:41:31.200 --> 01:41:32.200]  六億多
[01:41:32.200 --> 01:41:33.200]  六億多歲
[01:41:33.200 --> 01:41:34.200]  我們有三億多
[01:41:34.200 --> 01:41:36.200]  我不知道你怎樣看
[01:41:36.200 --> 01:41:40.200]  這六億多的靈恩派的信徒
[01:41:40.200 --> 01:41:41.200]  是
[01:41:41.200 --> 01:41:44.200]  對我們所謂的自稱福音派
[01:41:44.200 --> 01:41:46.200]  我們怎樣看這個現象
[01:41:46.200 --> 01:41:47.200]  是
[01:41:47.200 --> 01:41:49.200]  這六億的信徒
[01:41:49.200 --> 01:41:52.200]  其實你覺得他們的信仰
[01:41:52.200 --> 01:41:55.200]  有沒有很大偏差
[01:41:55.200 --> 01:41:58.200]  因為看回你所說的聖靈充滿
[01:41:58.200 --> 01:42:00.200]  原意就是追求真理充滿
[01:42:00.200 --> 01:42:01.200]  是
[01:42:01.200 --> 01:42:04.200]  但是聖靈充滿這四個字
[01:42:04.200 --> 01:42:07.200]  似乎是靈恩派的教會說得多一點
[01:42:07.200 --> 01:42:09.200]  福音派的教會
[01:42:09.200 --> 01:42:10.200]  讀了聖經
[01:42:10.200 --> 01:42:11.200]  是
[01:42:11.200 --> 01:42:13.200]  代表是有些不同
[01:42:13.200 --> 01:42:16.200]  但是如果意義都是追求真理充滿的話
[01:42:16.200 --> 01:42:19.200]  似乎又不是說太差
[01:42:19.200 --> 01:42:21.200]  如果在現代
[01:42:21.200 --> 01:42:25.200]  因為我認識一些靈恩的頂智慧
[01:42:25.200 --> 01:42:28.200]  他也追求聖經
[01:42:28.200 --> 01:42:30.200]  他也有BSF
[01:42:30.200 --> 01:42:32.200]  也很認真的
[01:42:32.200 --> 01:42:34.200]  而且也看到他們火熱
[01:42:34.200 --> 01:42:36.200]  靈火復興我們
[01:42:36.200 --> 01:42:37.200]  是
[01:42:37.200 --> 01:42:40.200]  我們每個福音派教會都希望復興
[01:42:40.200 --> 01:42:43.200]  究竟靈恩他們走的方向
[01:42:43.200 --> 01:42:46.200]  有沒有值得我們可取的地方
[01:42:46.200 --> 01:42:47.200]  是
[01:42:47.200 --> 01:42:50.200]  好像你所分享
[01:42:50.200 --> 01:42:52.200]  我猜他們的熱心
[01:42:52.200 --> 01:42:53.200]  或者他們
[01:42:53.200 --> 01:42:55.200]  他們最主要提醒了我們一件事
[01:42:55.200 --> 01:42:56.200]  就是神
[01:42:56.200 --> 01:42:57.200]  是一個present tense
[01:42:57.200 --> 01:42:59.200]  現在式
[01:42:59.200 --> 01:43:02.200]  不過他就要靠一些超自然的神蹟見到
[01:43:02.200 --> 01:43:05.200]  才覺得聖靈在
[01:43:05.200 --> 01:43:06.200]  所以他們的崇拜
[01:43:06.200 --> 01:43:08.200]  可能唱45分鐘詩歌
[01:43:08.200 --> 01:43:09.200]  然後很激情
[01:43:09.200 --> 01:43:12.200]  製造一些好像是滾地
[01:43:12.200 --> 01:43:13.200]  哭到不停
[01:43:13.200 --> 01:43:14.200]  笑到不停的現象
[01:43:14.200 --> 01:43:17.200]  就覺得製造一些超自然的現象出來
[01:43:17.200 --> 01:43:18.200]  簡單來說就是
[01:43:18.200 --> 01:43:20.200]  現在是靈偶
[01:43:20.200 --> 01:43:22.200]  某教會很流行的
[01:43:22.200 --> 01:43:24.200]  所以其實
[01:43:24.200 --> 01:43:26.200]  他就變成騙自己
[01:43:26.200 --> 01:43:27.200]  整個情況
[01:43:27.200 --> 01:43:32.200]  但是靈恩裏面其實是很複雜的
[01:43:32.200 --> 01:43:35.200]  有些就是很溫和的靈恩
[01:43:35.200 --> 01:43:39.200]  有些就是比較激進的靈恩
[01:43:39.200 --> 01:43:41.200]  那麼
[01:43:41.200 --> 01:43:44.200]  長話短說就是
[01:43:44.200 --> 01:43:47.200]  在我們和他相處當中
[01:43:47.200 --> 01:43:51.200]  因為他的偏差就不是核心的位置
[01:43:51.200 --> 01:43:54.200]  核心在歷史上我們不可以叫做異端
[01:43:54.200 --> 01:43:56.200]  起碼在整體上來說
[01:43:56.200 --> 01:43:59.200]  因為異端就一定是三位一體裏面出問題
[01:43:59.200 --> 01:44:01.200]  特別耶穌基督的位分
[01:44:01.200 --> 01:44:05.200]  他們不相信耶穌基督是完全的神
[01:44:05.200 --> 01:44:07.200]  完全的人那些
[01:44:07.200 --> 01:44:09.200]  第二就是在十字架那裏
[01:44:09.200 --> 01:44:11.200]  就是不講罪
[01:44:11.200 --> 01:44:14.200]  譬如你做好事
[01:44:14.200 --> 01:44:18.200]  關心社會就等於是基督徒
[01:44:18.200 --> 01:44:20.200]  新派所謂自由神學那些
[01:44:20.200 --> 01:44:25.200]  我這次去英國那邊玩
[01:44:25.200 --> 01:44:27.200]  都見到很多這些教會是很糟糕的
[01:44:27.200 --> 01:44:29.200]  很自由的
[01:44:29.200 --> 01:44:31.200]  不講重生的
[01:44:31.200 --> 01:44:33.200]  個個都好像是神的兒女
[01:44:33.200 --> 01:44:35.200]  做好事就等於是基督徒
[01:44:35.200 --> 01:44:37.200]  這些就很糟糕
[01:44:37.200 --> 01:44:39.200]  這些新派反而是異端
[01:44:39.200 --> 01:44:43.200]  因為他核心的救恩和三位一體都沒有問題
[01:44:43.200 --> 01:44:45.200]  我們就不可以說是異端
[01:44:45.200 --> 01:44:47.200]  他只是在聖靈的工作上
[01:44:47.200 --> 01:44:50.200]  特別是超賢的工作上過份強調
[01:44:50.200 --> 01:44:53.200]  所以很多時候他們的報道會是講病多於講罪
[01:44:53.200 --> 01:44:55.200]  就是神醫好你的病
[01:44:55.200 --> 01:44:56.200]  講得太多
[01:44:56.200 --> 01:44:58.200]  但罪講得很輕
[01:44:58.200 --> 01:44:59.200]  輕重都是
[01:44:59.200 --> 01:45:01.200]  但他始終的福音都是講罪的
[01:45:01.200 --> 01:45:03.200]  所以我們不可以說是異端
[01:45:03.200 --> 01:45:06.200]  而因為裏面亦都是複雜
[01:45:06.200 --> 01:45:08.200]  就是整個靈魂運動
[01:45:08.200 --> 01:45:14.200]  其實他有一幕走近了方派
[01:45:14.200 --> 01:45:17.200]  他第一波在1901年開始之後
[01:45:17.200 --> 01:45:21.200]  1940年美國方派協會就成立了
[01:45:21.200 --> 01:45:24.200]  正式有方派這個名字
[01:45:24.200 --> 01:45:27.200]  然後世界方團體亦都開始了
[01:45:27.200 --> 01:45:31.200]  而一開始的時候已經邀請了五旬總會教會加入了
[01:45:31.200 --> 01:45:35.200]  所以在歷史上他又是靈恩派又是方派
[01:45:35.200 --> 01:45:37.200]  他歷史上有兩個身份
[01:45:37.200 --> 01:45:42.200]  在我靈鬼神學那本書有一課就講了一些歷史
[01:45:42.200 --> 01:45:44.200]  大家可以看看
[01:45:44.200 --> 01:45:50.200]  所以裏面有些神召會的人其實就是一直讀多一些聖經
[01:45:50.200 --> 01:45:55.200]  所以神召會是出很多聖經學者
[01:45:55.200 --> 01:45:58.200]  但其他就不是出得很多
[01:45:58.200 --> 01:46:01.200]  這些聖經學者閱讀一讀聖經通常都溫和了很多
[01:46:01.200 --> 01:46:03.200]  他們又回去
[01:46:03.200 --> 01:46:04.200]  就是這個方派
[01:46:04.200 --> 01:46:09.200]  因為歷史裏面所有人就出第二波第三波
[01:46:09.200 --> 01:46:13.200]  其實他們是不滿意神召會
[01:46:13.200 --> 01:46:16.200]  然後就反神召會
[01:46:16.200 --> 01:46:17.200]  因為他反方派
[01:46:17.200 --> 01:46:19.200]  他覺得他讓步
[01:46:19.200 --> 01:46:22.200]  他要更加激進的靈恩
[01:46:22.200 --> 01:46:25.200]  這個就是第三波的原因
[01:46:25.200 --> 01:46:28.200]  所以第三波裏面其實是很激進
[01:46:28.200 --> 01:46:30.200]  就是講到今天有使徒
[01:46:30.200 --> 01:46:32.200]  即是有權威的
[01:46:32.200 --> 01:46:35.200]  甚至可以按手令人受到超自然恩賜
[01:46:35.200 --> 01:46:37.200]  越講越激進
[01:46:37.200 --> 01:46:41.200]  一講到使徒這些時候就是很激進的路線
[01:46:41.200 --> 01:46:43.200]  所謂五從即是
[01:46:43.200 --> 01:46:46.200]  這個是一個激進
[01:46:46.200 --> 01:46:52.200]  所以裏面我們要遇到一些靈恩的頂尖妹的時候
[01:46:52.200 --> 01:46:54.200]  要看實際是怎樣
[01:46:54.200 --> 01:46:56.200]  但難去評估
[01:46:56.200 --> 01:46:58.200]  因為它每年都在變
[01:46:58.200 --> 01:47:00.200]  靈恩運動是不斷變的
[01:47:00.200 --> 01:47:04.200]  所以你很難捉實它究竟信甚麼
[01:47:04.200 --> 01:47:06.200]  所以你說靈恩裏面有十樣東西
[01:47:06.200 --> 01:47:09.200]  譬如地域邪靈、趕鬼那些
[01:47:09.200 --> 01:47:11.200]  它今年信,明年又說不是
[01:47:11.200 --> 01:47:12.200]  即是它邊來邊去
[01:47:12.200 --> 01:47:14.200]  所以你很難捉摸它
[01:47:14.200 --> 01:47:16.200]  它很視乎那個主要牧師
[01:47:16.200 --> 01:47:18.200]  信甚麼就帶著整間教會走
[01:47:18.200 --> 01:47:20.200]  這個是一個地方
[01:47:20.200 --> 01:47:22.200]  所以我想整體上來說
[01:47:22.200 --> 01:47:25.200]  我想是一個整體的偏差
[01:47:25.200 --> 01:47:27.200]  但是個別接觸的時候
[01:47:27.200 --> 01:47:30.200]  我想我們傳授善意
[01:47:30.200 --> 01:47:31.200]  就好像我們神學院也是
[01:47:31.200 --> 01:47:33.200]  我們找神教神學院去對話
[01:47:33.200 --> 01:47:36.200]  大家用愛心說誠實話
[01:47:36.200 --> 01:47:38.200]  大家的領受是甚麼
[01:47:38.200 --> 01:47:39.200]  然後交流
[01:47:39.200 --> 01:47:41.200]  無論在教義上或實際現象上
[01:47:41.200 --> 01:47:43.200]  是否每個人都謊言
[01:47:43.200 --> 01:47:45.200]  大家去討論這些問題
[01:47:45.200 --> 01:47:47.200]  希望可以互相感染
[01:47:47.200 --> 01:47:49.200]  我想科林信仰就是要學習
[01:47:49.200 --> 01:47:54.200]  上帝不只是一套教義或道理
[01:47:54.200 --> 01:47:57.200]  而是我們和一個活的主耶穌基督
[01:47:57.200 --> 01:47:58.200]  即是每天相處中
[01:47:58.200 --> 01:48:01.200]  我們追求的是內心對付罪
[01:48:01.200 --> 01:48:03.200]  愛神愛人更多
[01:48:03.200 --> 01:48:04.200]  一生去侍奉祂
[01:48:04.200 --> 01:48:06.200]  將愛變成一種侍奉
[01:48:06.200 --> 01:48:07.200]  走這條路
[01:48:07.200 --> 01:48:08.200]  但是另一方面
[01:48:08.200 --> 01:48:09.200]  如果神有超自然恩賜給我們
[01:48:09.200 --> 01:48:11.200]  或者超自然的需要
[01:48:11.200 --> 01:48:12.200]  我們又不覺得是一件很怪的事
[01:48:12.200 --> 01:48:14.200]  不過我又不會強求這些事情
[01:48:14.200 --> 01:48:18.200]  我想我們這樣可能就會健康些
[01:48:18.200 --> 01:48:22.200]  靈恩裏面學一些比較嚴謹的色經
[01:48:22.200 --> 01:48:25.200]  但有些比較激進的教會
[01:48:25.200 --> 01:48:27.200]  如果你接觸過你都知道
[01:48:27.200 --> 01:48:29.200]  他們現在沒有什麼主學
[01:48:29.200 --> 01:48:31.200]  沒有什麼聖經班
[01:48:31.200 --> 01:48:32.200]  教什麼聖經班
[01:48:32.200 --> 01:48:35.200]  結論都是一樣
[01:48:35.200 --> 01:48:37.200]  就是教人醫病
[01:48:37.200 --> 01:48:39.200]  什麼101、201、301
[01:48:39.200 --> 01:48:42.200]  然後先知班101、201、301
[01:48:42.200 --> 01:48:44.200]  整本聖經解來解去都是說
[01:48:44.200 --> 01:48:46.200]  要做超自然恩賜
[01:48:46.200 --> 01:48:48.200]  他們根本不懂聖經說什麼
[01:48:48.200 --> 01:48:52.200]  所以他們下一代就越來越薄
[01:48:52.200 --> 01:48:53.200]  聖經的內容
[01:48:53.200 --> 01:48:55.200]  這是我們擔心的地方
[01:48:55.200 --> 01:48:56.200]  但是他們的熱心
[01:48:56.200 --> 01:48:57.200]  我們應該要學
[01:48:57.200 --> 01:48:58.200]  這是真的
[01:48:58.200 --> 01:49:03.200]  是,請說
[01:49:03.200 --> 01:49:04.200]  不好意思
[01:49:04.200 --> 01:49:06.200]  我問剛才跟進的問題
[01:49:06.200 --> 01:49:08.200]  我剛才聽到
[01:49:08.200 --> 01:49:10.200]  又是講呼之
[01:49:10.200 --> 01:49:12.200]  其實可不可以這樣說
[01:49:12.200 --> 01:49:14.200]  其實可能有兩條
[01:49:14.200 --> 01:49:16.200]  我們叫兩條腿走路
[01:49:16.200 --> 01:49:19.200]  都會是神的介入
[01:49:19.200 --> 01:49:21.200]  或者是神的呼召
[01:49:21.200 --> 01:49:23.200]  有時會是
[01:49:23.200 --> 01:49:25.200]  我不知道是不是叫超自然
[01:49:25.200 --> 01:49:26.200]  譬如有些人說
[01:49:26.200 --> 01:49:27.200]  我從來都沒有想過
[01:49:27.200 --> 01:49:29.200]  我會做傳道人
[01:49:29.200 --> 01:49:31.200]  但是神有一天對我說
[01:49:31.200 --> 01:49:34.200]  這類應該算是超自然
[01:49:34.200 --> 01:49:37.200]  但是慢慢又要去印證
[01:49:37.200 --> 01:49:38.200]  我自己聽到
[01:49:38.200 --> 01:49:40.200]  其實可能是兩邊都要
[01:49:40.200 --> 01:49:41.200]  都有可能
[01:49:41.200 --> 01:49:42.200]  應該這樣說
[01:49:42.200 --> 01:49:43.200]  兩邊都有可能
[01:49:43.200 --> 01:49:46.200]  就要並種
[01:49:46.200 --> 01:49:49.200]  我會這樣問
[01:49:49.200 --> 01:49:50.200]  另外有一個
[01:49:50.200 --> 01:49:52.200]  我想問士郎行傳
[01:49:52.200 --> 01:49:55.200]  二章十七節
[01:49:55.200 --> 01:50:00.200]  它引用當時若爾仙之說
[01:50:00.200 --> 01:50:02.200]  神說在末後的日子
[01:50:02.200 --> 01:50:04.200]  我要把我的靈囂困所有人
[01:50:04.200 --> 01:50:06.200]  兒女要遇賢
[01:50:06.200 --> 01:50:08.200]  或者是
[01:50:08.200 --> 01:50:09.200]  作孽望
[01:50:09.200 --> 01:50:11.200]  我們可以怎樣理解
[01:50:11.200 --> 01:50:12.200]  我們不追求
[01:50:12.200 --> 01:50:14.200]  或者不是過份追求
[01:50:14.200 --> 01:50:16.200]  但是我們是不是
[01:50:16.200 --> 01:50:17.200]  應該不抗拒
[01:50:17.200 --> 01:50:18.200]  或者
[01:50:18.200 --> 01:50:19.200]  抱歉我再問
[01:50:19.200 --> 01:50:20.200]  我以前看
[01:50:20.200 --> 01:50:23.200]  《屬靈的操練》那本書
[01:50:23.200 --> 01:50:24.200]  它也有說
[01:50:24.200 --> 01:50:26.200]  譬如說
[01:50:26.200 --> 01:50:28.200]  屬靈操練裏面
[01:50:28.200 --> 01:50:35.200]  怎樣跟神有更多的接觸
[01:50:35.200 --> 01:50:38.200]  也有說某些操練
[01:50:38.200 --> 01:50:39.200]  譬如說義務
[01:50:39.200 --> 01:50:43.200]  我嘗試這樣問
[01:50:43.200 --> 01:50:45.200]  會否有點混亂
[01:50:45.200 --> 01:50:47.200]  後面那裏不太清楚
[01:50:47.200 --> 01:50:48.200]  前面明白你說甚麼
[01:50:48.200 --> 01:50:49.200]  後面那裏
[01:50:49.200 --> 01:50:50.200]  你想說甚麼
[01:50:50.200 --> 01:50:54.200]  我想說士郎行傳二章十七節
[01:50:54.200 --> 01:50:57.200]  譬如剛才說見異象
[01:50:57.200 --> 01:50:59.200]  或者是異夢
[01:50:59.200 --> 01:51:01.200]  操練包括操練一些超自然的東西嗎
[01:51:01.200 --> 01:51:04.200]  譬如當我自己
[01:51:04.200 --> 01:51:05.200]  或者說
[01:51:05.200 --> 01:51:08.200]  如果神想我理解某件事
[01:51:08.200 --> 01:51:10.200]  不過剛才說不要設定條件
[01:51:10.200 --> 01:51:12.200]  或者我先集中說
[01:51:12.200 --> 01:51:15.200]  如果這個年代有異夢
[01:51:15.200 --> 01:51:16.200]  有異象
[01:51:16.200 --> 01:51:18.200]  是否都可以
[01:51:18.200 --> 01:51:20.200]  不需要抗拒
[01:51:20.200 --> 01:51:22.200]  我剛才的講論裏面
[01:51:22.200 --> 01:51:23.200]  說了一個原則
[01:51:23.200 --> 01:51:24.200]  就是說
[01:51:24.200 --> 01:51:27.200]  今天是有超自然的恩賜
[01:51:27.200 --> 01:51:29.200]  這件事存在
[01:51:29.200 --> 01:51:30.200]  但不可以強求
[01:51:30.200 --> 01:51:32.200]  因為神的主權
[01:51:32.200 --> 01:51:34.200]  不要將它太高舉
[01:51:34.200 --> 01:51:35.200]  有而已
[01:51:35.200 --> 01:51:37.200]  但不是每個人都有
[01:51:37.200 --> 01:51:38.200]  這裏
[01:51:38.200 --> 01:51:40.200]  你問的問題主要是
[01:51:40.200 --> 01:51:42.200]  這個經文好像字面上見到
[01:51:42.200 --> 01:51:43.200]  末後的日子
[01:51:43.200 --> 01:51:45.200]  很明顯是我們新約的時候
[01:51:45.200 --> 01:51:47.200]  因為是彼得講道的時候
[01:51:47.200 --> 01:51:49.200]  他說現在經文已經應驗了
[01:51:49.200 --> 01:51:51.200]  而他說出來的東西
[01:51:51.200 --> 01:51:53.200]  好像全部都是說超自然的東西
[01:51:53.200 --> 01:51:54.200]  譬如說預言
[01:51:54.200 --> 01:51:55.200]  見異象
[01:51:55.200 --> 01:51:57.200]  做異夢
[01:51:57.200 --> 01:51:58.200]  所以他說
[01:51:58.200 --> 01:52:01.200]  是否等於在這個時間裏
[01:52:01.200 --> 01:52:02.200]  我們新約時候
[01:52:02.200 --> 01:52:03.200]  教會開始的時候
[01:52:03.200 --> 01:52:05.200]  就是一個充滿神蹟奇事的教會
[01:52:05.200 --> 01:52:07.200]  其實你問的問題是這件事
[01:52:07.200 --> 01:52:09.200]  其實最主要就是
[01:52:09.200 --> 01:52:11.200]  你如果看回約爾書的地方
[01:52:11.200 --> 01:52:13.200]  這裏是說末後的日子
[01:52:13.200 --> 01:52:15.200]  就是耶穌基督來
[01:52:15.200 --> 01:52:17.200]  當然耶穌基督
[01:52:17.200 --> 01:52:19.200]  來第一次和第二次
[01:52:19.200 --> 01:52:21.200]  是舊約裏面看不清楚
[01:52:21.200 --> 01:52:22.200]  將來重疊了
[01:52:22.200 --> 01:52:23.200]  我想大家明白
[01:52:23.200 --> 01:52:25.200]  就是耶穌基督將來審判
[01:52:25.200 --> 01:52:27.200]  但第一次來是拯救
[01:52:27.200 --> 01:52:29.200]  他第一次來的時候
[01:52:29.200 --> 01:52:31.200]  所有的神的兒女
[01:52:31.200 --> 01:52:34.200]  就會被神的靈去挑冠
[01:52:34.200 --> 01:52:36.200]  就是我們有聖靈在
[01:52:36.200 --> 01:52:38.200]  然後我們能夠說異言
[01:52:38.200 --> 01:52:40.200]  異夢異象
[01:52:40.200 --> 01:52:41.200]  這個究竟是說
[01:52:41.200 --> 01:52:43.200]  每個基督徒都會經歷這些東西
[01:52:43.200 --> 01:52:44.200]  還是說另一件事
[01:52:44.200 --> 01:52:45.200]  就是其實這件事
[01:52:45.200 --> 01:52:47.200]  在舊約當時約爾書
[01:52:47.200 --> 01:52:50.200]  是說一個先知
[01:52:50.200 --> 01:52:54.200]  他會有的一種經驗
[01:52:54.200 --> 01:52:55.200]  宗教經驗
[01:52:55.200 --> 01:52:56.200]  信仰經驗
[01:52:56.200 --> 01:52:58.200]  就是說是先知才能夠說異言
[01:52:58.200 --> 01:52:59.200]  異象異夢
[01:52:59.200 --> 01:53:01.200]  就是說神和那個人的來往
[01:53:01.200 --> 01:53:02.200]  因為舊約裏面
[01:53:02.200 --> 01:53:04.200]  要透過先知或者摩西
[01:53:04.200 --> 01:53:05.200]  做中補
[01:53:05.200 --> 01:53:08.200]  人是不可以直接去照顧神的
[01:53:08.200 --> 01:53:11.200]  在原理上
[01:53:11.200 --> 01:53:14.200]  因為摩西預表是耶穌基督
[01:53:14.200 --> 01:53:15.200]  但是新約的時候
[01:53:15.200 --> 01:53:18.200]  人不需要再經過其他的中補
[01:53:18.200 --> 01:53:20.200]  因為耶穌基督是我們唯一的中補
[01:53:20.200 --> 01:53:23.200]  所以每個人都可以和神直接互動
[01:53:23.200 --> 01:53:25.200]  我們就好像舊約的先知
[01:53:25.200 --> 01:53:27.200]  可以直接明神的心意
[01:53:27.200 --> 01:53:30.200]  然後我們可以經歷到神
[01:53:30.200 --> 01:53:32.200]  其實我們傳統的解釋
[01:53:32.200 --> 01:53:34.200]  就是說我們每個人都是先知
[01:53:34.200 --> 01:53:38.200]  我們每個人都是直接可以經歷神
[01:53:38.200 --> 01:53:40.200]  但是就不代表我們每個人
[01:53:40.200 --> 01:53:43.200]  都會見異象或者發異夢
[01:53:43.200 --> 01:53:44.200]  因為這個如果你要字面解釋
[01:53:44.200 --> 01:53:47.200]  就是說今天靈感教會裏面
[01:53:47.200 --> 01:53:49.200]  應該每個人都有異象異夢
[01:53:49.200 --> 01:53:50.200]  但都不是
[01:53:50.200 --> 01:53:51.200]  他們都有不同的
[01:53:51.200 --> 01:53:53.200]  所謂不同的超自然的經歷
[01:53:53.200 --> 01:53:54.200]  或者什麼
[01:53:54.200 --> 01:53:55.200]  都不是
[01:53:55.200 --> 01:53:56.200]  所以這裏其實
[01:53:56.200 --> 01:53:58.200]  你看回頭的時候
[01:53:58.200 --> 01:54:00.200]  是在說我們新約的信徒
[01:54:00.200 --> 01:54:03.200]  已經不是經過人的中補
[01:54:03.200 --> 01:54:04.200]  就是舊約的時代
[01:54:04.200 --> 01:54:06.200]  現在轉入新的時代
[01:54:06.200 --> 01:54:07.200]  就是耶穌基督做我們的中補
[01:54:07.200 --> 01:54:10.200]  而我們每個人直接和神可以互動
[01:54:10.200 --> 01:54:12.200]  他其實是在說這件事
[01:54:12.200 --> 01:54:15.200]  所以我們好像舊約的人一樣
[01:54:15.200 --> 01:54:17.200]  這樣去經歷神
[01:54:17.200 --> 01:54:18.200]  所以當然了
[01:54:18.200 --> 01:54:19.200]  他背後就在說
[01:54:19.200 --> 01:54:22.200]  因為其實我們舊約的先知
[01:54:22.200 --> 01:54:26.200]  就會有這些預言異夢異象的領受
[01:54:26.200 --> 01:54:28.200]  但是我們今天透過聖經
[01:54:28.200 --> 01:54:29.200]  透過讀聖經
[01:54:29.200 --> 01:54:30.200]  好像剛才說
[01:54:30.200 --> 01:54:31.200]  聖靈會提醒我們
[01:54:31.200 --> 01:54:33.200]  個人怎樣領會聖經
[01:54:33.200 --> 01:54:36.200]  或者個人我們可以怎樣應用聖經
[01:54:36.200 --> 01:54:38.200]  你記得我之前說到那裏
[01:54:38.200 --> 01:54:40.200]  彼此相愛
[01:54:40.200 --> 01:54:41.200]  其實可能對你今天聽
[01:54:41.200 --> 01:54:43.200]  你要想一下你和家人的關係
[01:54:43.200 --> 01:54:45.200]  但是對隔壁的頂尖
[01:54:45.200 --> 01:54:47.200]  可能想一下和那些斷友
[01:54:47.200 --> 01:54:49.200]  相處得不是那麼好
[01:54:49.200 --> 01:54:51.200]  其實聖靈每天都有
[01:54:51.200 --> 01:54:53.200]  直接要提醒我們的功課
[01:54:53.200 --> 01:54:57.200]  不過我們那個又不是一個完全肯定的東西
[01:54:57.200 --> 01:54:59.200]  我們不是一種權威性的先知
[01:54:59.200 --> 01:55:00.200]  剛才說了
[01:55:00.200 --> 01:55:02.200]  我們是一個要分辨
[01:55:02.200 --> 01:55:03.200]  我們當中
[01:55:03.200 --> 01:55:05.200]  因為新約先知都會有機會出錯
[01:55:05.200 --> 01:55:08.200]  何況我們靈性的領受
[01:55:08.200 --> 01:55:10.200]  我們要去看清楚
[01:55:10.200 --> 01:55:11.200]  是不是真的聖經的教導
[01:55:11.200 --> 01:55:13.200]  和我們是不是個人上
[01:55:13.200 --> 01:55:15.200]  要學某個族人的功課
[01:55:15.200 --> 01:55:17.200]  是有些分辨的功夫可以去做的
[01:55:17.200 --> 01:55:20.200]  但是我們基本上有聖經的時候
[01:55:20.200 --> 01:55:21.200]  我們會經歷到神
[01:55:21.200 --> 01:55:23.200]  那種直接的互動
[01:55:23.200 --> 01:55:25.200]  但是就好像
[01:55:25.200 --> 01:55:29.200]  哥倫多前書十三章說
[01:55:29.200 --> 01:55:31.200]  我們今天對著鏡子觀看
[01:55:31.200 --> 01:55:33.200]  無不清
[01:55:33.200 --> 01:55:35.200]  將來才和耶穌基督面對面
[01:55:35.200 --> 01:55:36.200]  即是我們那種互動
[01:55:36.200 --> 01:55:38.200]  又不是真的面對面
[01:55:38.200 --> 01:55:39.200]  這樣互動
[01:55:39.200 --> 01:55:41.200]  這個是將來回到天家才會
[01:55:41.200 --> 01:55:43.200]  因為真的見到耶穌基督
[01:55:43.200 --> 01:55:45.200]  我們今天是面對著銅鏡
[01:55:45.200 --> 01:55:47.200]  你知道是金屬鏡
[01:55:47.200 --> 01:55:49.200]  只有影子
[01:55:49.200 --> 01:55:51.200]  所以我們又不是和神沒有互動
[01:55:51.200 --> 01:55:53.200]  但是你祈禱之後
[01:55:53.200 --> 01:55:55.200]  又不是一定廣東話和你回答
[01:55:55.200 --> 01:55:57.200]  廣東話那個只是神跡
[01:55:57.200 --> 01:55:59.200]  萬中無一
[01:55:59.200 --> 01:56:01.200]  但是你怎樣領會
[01:56:01.200 --> 01:56:03.200]  我這樣和神交托了
[01:56:03.200 --> 01:56:05.200]  然後神怎樣幫我
[01:56:05.200 --> 01:56:07.200]  就要祈禱之後
[01:56:07.200 --> 01:56:09.200]  用信心和眼睛在生活裡面留意
[01:56:09.200 --> 01:56:11.200]  我們是這樣和神互動的
[01:56:11.200 --> 01:56:13.200]  而神真的會幫我們在日常生活裡面
[01:56:13.200 --> 01:56:14.200]  你慢慢會看到出來
[01:56:14.200 --> 01:56:15.200]  祂怎樣供應你
[01:56:15.200 --> 01:56:17.200]  祂怎樣保守你各樣的事情
[01:56:17.200 --> 01:56:19.200]  如果你想學數靈功課
[01:56:19.200 --> 01:56:21.200]  想和這個人和好
[01:56:21.200 --> 01:56:23.200]  神會給你勇氣或耐性
[01:56:23.200 --> 01:56:25.200]  然後那個人會主動接觸你
[01:56:25.200 --> 01:56:27.200]  你可以看到整件事有些變化
[01:56:27.200 --> 01:56:29.200]  神正在介入
[01:56:29.200 --> 01:56:31.200]  我們要用信心一路摸
[01:56:31.200 --> 01:56:33.200]  這樣體會
[01:56:33.200 --> 01:56:35.200]  我猜這樣可能我們就會
[01:56:35.200 --> 01:56:37.200]  健康一點
[01:56:37.200 --> 01:56:39.200]  可以嗎?
[01:56:39.200 --> 01:56:43.200]  好,這位弟兄
[01:56:43.200 --> 01:56:45.200]  後面有先
[01:56:45.200 --> 01:56:47.200]  先講
[01:56:47.200 --> 01:56:57.200]  牧師,多謝你
[01:56:57.200 --> 01:56:59.200]  我這個不算問題
[01:56:59.200 --> 01:57:01.200]  想和你聽完之後
[01:57:01.200 --> 01:57:03.200]  有些衝擊和感受
[01:57:03.200 --> 01:57:05.200]  想和你分享
[01:57:05.200 --> 01:57:07.200]  容許我大膽地問了AI
[01:57:07.200 --> 01:57:09.200]  問題是這樣的
[01:57:09.200 --> 01:57:11.200]  聖經中
[01:57:11.200 --> 01:57:13.200]  希望弟兄姐妹不要介意
[01:57:15.200 --> 01:57:17.200]  我問哥林多前書的背景
[01:57:17.200 --> 01:57:19.200]  和寶羅寫的
[01:57:19.200 --> 01:57:21.200]  哥林多前書
[01:57:21.200 --> 01:57:23.200]  針對方言
[01:57:23.200 --> 01:57:25.200]  他想寫的
[01:57:25.200 --> 01:57:27.200]  每個段落
[01:57:27.200 --> 01:57:29.200]  其實想帶出什麼道理
[01:57:29.200 --> 01:57:31.200]  他就說了哥林多
[01:57:31.200 --> 01:57:33.200]  其實是一個高度世俗
[01:57:33.200 --> 01:57:35.200]  和一個屬靈驕傲的地方
[01:57:35.200 --> 01:57:37.200]  還有
[01:57:37.200 --> 01:57:39.200]  寶羅對於針對寓言
[01:57:39.200 --> 01:57:41.200]  方言那些
[01:57:41.200 --> 01:57:43.200]  可能大家回去再看
[01:57:43.200 --> 01:57:45.200]  我聽完之後覺得
[01:57:45.200 --> 01:57:47.200]  很多衝擊
[01:57:47.200 --> 01:57:49.200]  因為我自己也是一個
[01:57:49.200 --> 01:57:51.200]  屬於初信
[01:57:51.200 --> 01:57:53.200]  所以我經常提醒自己
[01:57:53.200 --> 01:57:55.200]  要保持初心
[01:57:55.200 --> 01:57:57.200]  去讀聖經
[01:57:57.200 --> 01:57:59.200]  牧師,你說了一點
[01:57:59.200 --> 01:58:01.200]  他這裡說得非常好
[01:58:01.200 --> 01:58:03.200]  我會記住你說和這裡提出
[01:58:03.200 --> 01:58:05.200]  就是說
[01:58:05.200 --> 01:58:07.200]  其實最重要
[01:58:07.200 --> 01:58:09.200]  他這裡說出來
[01:58:11.200 --> 01:58:13.200]  我先回顧一下
[01:58:13.200 --> 01:58:15.200]  愛是運用一切恩賜的
[01:58:15.200 --> 01:58:17.200]  最高指導原則
[01:58:17.200 --> 01:58:19.200]  我這裡會記住
[01:58:19.200 --> 01:58:21.200]  但我亦有時會遇到一些
[01:58:21.200 --> 01:58:23.200]  很熟悉聖經的人
[01:58:23.200 --> 01:58:25.200]  正如他這裡說
[01:58:25.200 --> 01:58:27.200]  是屬於屬靈階級
[01:58:27.200 --> 01:58:29.200]  所以可能他說一些方言
[01:58:29.200 --> 01:58:31.200]  或者他那些
[01:58:31.200 --> 01:58:33.200]  其實在當時的社會我不知道
[01:58:33.200 --> 01:58:35.200]  製造一些高高在上
[01:58:35.200 --> 01:58:37.200]  或者一些階級化
[01:58:37.200 --> 01:58:39.200]  即是你不懂說
[01:58:39.200 --> 01:58:41.200]  會被人覺得你去不到
[01:58:41.200 --> 01:58:43.200]  這麼厲害
[01:58:43.200 --> 01:58:45.200]  我想是對我一個很大的警醒
[01:58:45.200 --> 01:58:47.200]  多謝牧師
[01:58:47.200 --> 01:58:49.200]  多謝你分享
[01:58:49.200 --> 01:58:51.200]  屬靈恩賜
[01:58:51.200 --> 01:58:53.200]  有時可以變成驕傲
[01:58:53.200 --> 01:58:59.200]  我想問一下
[01:58:59.200 --> 01:59:01.200]  靈恩派很多時都會說屬靈真智
[01:59:01.200 --> 01:59:03.200]  是
[01:59:03.200 --> 01:59:05.200]  長時間都是屬靈真智
[01:59:05.200 --> 01:59:07.200]  我想問一下
[01:59:07.200 --> 01:59:09.200]  你怎樣理解
[01:59:09.200 --> 01:59:11.200]  屬靈真賤的概念
[01:59:11.200 --> 01:59:13.200]  是
[01:59:13.200 --> 01:59:15.200]  最主要第一就是對象上面
[01:59:15.200 --> 01:59:17.200]  我們是和罪爭戰
[01:59:17.200 --> 01:59:19.200]  魔鬼撒旦一定在罪背後
[01:59:19.200 --> 01:59:21.200]  去搞擾 試探
[01:59:21.200 --> 01:59:23.200]  這個是我們相信的
[01:59:23.200 --> 01:59:25.200]  所以我們報道會
[01:59:25.200 --> 01:59:27.200]  我們都有人為報道會祈禱
[01:59:27.200 --> 01:59:29.200]  因為有魔鬼撒旦影響人的心
[01:59:29.200 --> 01:59:31.200]  所以兩夫婦吵架
[01:59:31.200 --> 01:59:33.200]  你都相信背後有魔鬼撒旦
[01:59:33.200 --> 01:59:35.200]  搞起我們的情緒
[01:59:35.200 --> 01:59:37.200]  一定有參與
[01:59:37.200 --> 01:59:39.200]  但你不知道怎樣參與
[01:59:39.200 --> 01:59:41.200]  雖然是這樣
[01:59:41.200 --> 01:59:43.200]  但聖經教導我們不是去趕鬼
[01:59:43.200 --> 01:59:45.200]  或做釋放禱告
[01:59:45.200 --> 01:59:47.200]  另一個運動是將對象
[01:59:47.200 --> 01:59:49.200]  不是處理罪
[01:59:49.200 --> 01:59:51.200]  不是更依靠主
[01:59:51.200 --> 01:59:53.200]  然後按著神的話去改變自己
[01:59:53.200 --> 01:59:55.200]  自我中心
[01:59:55.200 --> 01:59:57.200]  然後更加聽神話
[01:59:57.200 --> 01:59:59.200]  而是直接去趕鬼
[01:59:59.200 --> 02:00:01.200]  就是釋放禱告
[02:00:01.200 --> 02:00:03.200]  問題是聖經裏面
[02:00:03.200 --> 02:00:05.200]  不會做趕鬼
[02:00:05.200 --> 02:00:07.200]  不會因為魔鬼撒旦
[02:00:07.200 --> 02:00:09.200]  試探或搞擾
[02:00:09.200 --> 02:00:11.200]  我知道背後有魔鬼撒旦
[02:00:11.200 --> 02:00:13.200]  但我不是去趕他
[02:00:13.200 --> 02:00:15.200]  我不會和我老婆趕鬼
[02:00:15.200 --> 02:00:17.200]  然後和好
[02:00:17.200 --> 02:00:19.200]  你被魔鬼撒旦控制了
[02:00:19.200 --> 02:00:21.200]  不是這樣的
[02:00:21.200 --> 02:00:23.200]  因為他們相信
[02:00:23.200 --> 02:00:25.200]  一件事
[02:00:25.200 --> 02:00:27.200]  就是人間的事情
[02:00:27.200 --> 02:00:29.200]  都有魔鬼撒旦在背後
[02:00:29.200 --> 02:00:31.200]  你就要趕鬼
[02:00:31.200 --> 02:00:33.200]  我做了很多功夫
[02:00:33.200 --> 02:00:35.200]  一些不太準確的研究
[02:00:35.200 --> 02:00:37.200]  就是聖經裏面
[02:00:37.200 --> 02:00:39.200]  鬼父和不是鬼父之間
[02:00:39.200 --> 02:00:41.200]  其實不是兩回事
[02:00:41.200 --> 02:00:43.200]  是一個程度
[02:00:43.200 --> 02:00:45.200]  所以你累積一下
[02:00:45.200 --> 02:00:47.200]  就有很多問題
[02:00:47.200 --> 02:00:49.200]  我舉個例子
[02:00:49.200 --> 02:00:51.200]  因為我在那裏生活過
[02:00:51.200 --> 02:00:53.200]  他們真是十分大學派
[02:00:53.200 --> 02:00:55.200]  這是其中一個大學派
[02:00:55.200 --> 02:00:57.200]  就是
[02:00:57.200 --> 02:00:59.200]  你有聽過咒坐祝福
[02:00:59.200 --> 02:01:01.200]  我在靈魂教會很喜歡
[02:01:01.200 --> 02:01:03.200]  就是
[02:01:03.200 --> 02:01:05.200]  咒坐是甚麼呢
[02:01:05.200 --> 02:01:07.200]  如果你不知道
[02:01:07.200 --> 02:01:09.200]  你去台灣玩
[02:01:09.200 --> 02:01:11.200]  你進了一些廟
[02:01:11.200 --> 02:01:13.200]  其實很多工藝品
[02:01:13.200 --> 02:01:15.200]  都會有魔鬼的咒坐在裏面
[02:01:15.200 --> 02:01:17.200]  你不知道
[02:01:17.200 --> 02:01:19.200]  魔鬼勢力
[02:01:19.200 --> 02:01:21.200]  你買了家
[02:01:21.200 --> 02:01:23.200]  指數又增加了
[02:01:23.200 --> 02:01:25.200]  魔鬼又進了你的家
[02:01:25.200 --> 02:01:27.200]  這些是他們自己寫的
[02:01:27.200 --> 02:01:29.200]  去教會裏面
[02:01:29.200 --> 02:01:31.200]  那些人分裂
[02:01:31.200 --> 02:01:33.200]  因為吵架有意見
[02:01:33.200 --> 02:01:35.200]  弄到關係分裂
[02:01:35.200 --> 02:01:37.200]  他在書裏面寫的原因
[02:01:37.200 --> 02:01:39.200]  就是他發現那張地氈
[02:01:39.200 --> 02:01:41.200]  是在殯儀館裏面拿回來的
[02:01:41.200 --> 02:01:45.200]  這些是他的書寫的
[02:01:45.200 --> 02:01:47.200]  你可以看回我的文章
[02:01:47.200 --> 02:01:49.200]  我寫了他那本書的第幾頁
[02:01:49.200 --> 02:01:51.200]  這些我那時在
[02:01:51.200 --> 02:01:53.200]  我94至98年在那裏讀書
[02:01:53.200 --> 02:01:55.200]  上課的老師就說這些
[02:01:55.200 --> 02:01:57.200]  我大嘴巴
[02:01:57.200 --> 02:01:59.200]  你猜我在想什麼呢?
[02:01:59.200 --> 02:02:01.200]  我在想我媽媽微信主義時教我的東西
[02:02:01.200 --> 02:02:03.200]  去完殯儀館後
[02:02:03.200 --> 02:02:05.200]  回家要燒火盆
[02:02:05.200 --> 02:02:07.200]  你們也這樣做
[02:02:07.200 --> 02:02:09.200]  我家沒有火盆就拿舊布紙燒
[02:02:09.200 --> 02:02:11.200]  燒一燒才入屋
[02:02:11.200 --> 02:02:13.200]  還有所有白金的東西
[02:02:13.200 --> 02:02:15.200]  全部要扔掉才入屋
[02:02:15.200 --> 02:02:17.200]  完全是說同一件事
[02:02:17.200 --> 02:02:19.200]  因為他們相信物質可以
[02:02:19.200 --> 02:02:21.200]  帶一些靈界的壞東西入屋
[02:02:21.200 --> 02:02:23.200]  他們叫咒坐
[02:02:23.200 --> 02:02:25.200]  或者叫黑暗勢力
[02:02:25.200 --> 02:02:27.200]  屬靈的捆綁
[02:02:27.200 --> 02:02:29.200]  所以你越多這些東西
[02:02:29.200 --> 02:02:31.200]  然後你自己平日犯罪
[02:02:31.200 --> 02:02:33.200]  又會差一點
[02:02:33.200 --> 02:02:35.200]  這些魔鬼指數一直侵佔你
[02:02:35.200 --> 02:02:37.200]  10 point scale
[02:02:37.200 --> 02:02:39.200]  所以你每天就好像洗澡
[02:02:39.200 --> 02:02:41.200]  你要釋放一次
[02:02:41.200 --> 02:02:43.200]  你要祈禱求神
[02:02:43.200 --> 02:02:45.200]  處理魔鬼撒旦
[02:02:45.200 --> 02:02:47.200]  再不行的話
[02:02:47.200 --> 02:02:49.200]  就別人幫你釋放祈禱
[02:02:49.200 --> 02:02:51.200]  我上課的同學問
[02:02:51.200 --> 02:02:53.200]  如果這樣
[02:02:53.200 --> 02:02:55.200]  我究竟要釋放多少次
[02:02:55.200 --> 02:02:57.200]  我怎麼知道
[02:02:57.200 --> 02:02:59.200]  我現在在街上坐地鐵
[02:02:59.200 --> 02:03:01.200]  我怎麼知道有沒有和尚
[02:03:01.200 --> 02:03:03.200]  咒坐過那個位
[02:03:03.200 --> 02:03:05.200]  或者坐過那個位
[02:03:05.200 --> 02:03:07.200]  我又坐下去就又死
[02:03:07.200 --> 02:03:09.200]  我到處都有魔鬼撒旦
[02:03:09.200 --> 02:03:11.200]  這個世界有什麼沒有魔鬼撒旦
[02:03:11.200 --> 02:03:13.200]  好像病菌哪裡沒有
[02:03:13.200 --> 02:03:15.200]  這個世界全部都是異教
[02:03:15.200 --> 02:03:17.200]  什麼都和它有關
[02:03:17.200 --> 02:03:19.200]  我要釋放到什麼時候
[02:03:19.200 --> 02:03:21.200]  Charles Craft
[02:03:21.200 --> 02:03:23.200]  世界頂尖的領袖
[02:03:23.200 --> 02:03:25.200]  他就說
[02:03:25.200 --> 02:03:27.200]  我都沒有想過這個問題
[02:03:27.200 --> 02:03:29.200]  他們很誠實
[02:03:29.200 --> 02:03:31.200]  如果你不安心你就祈禱
[02:03:31.200 --> 02:03:33.200]  這樣就令我
[02:03:33.200 --> 02:03:35.200]  醒悟了一件事
[02:03:35.200 --> 02:03:37.200]  就是我去到那裡住
[02:03:37.200 --> 02:03:39.200]  因為
[02:03:39.200 --> 02:03:41.200]  很多同學都是冒名
[02:03:41.200 --> 02:03:43.200]  去讀這些書 是我這麼傻
[02:03:43.200 --> 02:03:45.200]  我不知道它是一個
[02:03:45.200 --> 02:03:47.200]  這樣的地方
[02:03:47.200 --> 02:03:49.200]  我在神學院那邊
[02:03:49.200 --> 02:03:51.200]  不是在宣教學院
[02:03:51.200 --> 02:03:53.200]  所以沒有這麼多接觸
[02:03:53.200 --> 02:03:55.200]  但是他們的同學
[02:03:55.200 --> 02:03:57.200]  和他一起出街
[02:03:57.200 --> 02:03:59.200]  我們都說去旅行
[02:03:59.200 --> 02:04:01.200]  我們那時候去大峽谷玩
[02:04:01.200 --> 02:04:03.200]  駕駛十幾個小時車
[02:04:03.200 --> 02:04:05.200]  在羅省駕駛
[02:04:05.200 --> 02:04:07.200]  去每條 freeway 轉 freeway 都騎一次圖
[02:04:07.200 --> 02:04:09.200]  你知道一條 freeway 轉進來
[02:04:09.200 --> 02:04:11.200]  一條 freeway 跟著去
[02:04:11.200 --> 02:04:13.200]  因為有地域邪靈
[02:04:13.200 --> 02:04:15.200]  分工的邪靈
[02:04:15.200 --> 02:04:17.200]  我覺得很屬靈
[02:04:17.200 --> 02:04:19.200]  因為我是方派信徒
[02:04:19.200 --> 02:04:21.200]  我每天早上騎一次圖
[02:04:21.200 --> 02:04:23.200]  什麼都一覽此交託給神
[02:04:23.200 --> 02:04:25.200]  逐件事交託給神
[02:04:25.200 --> 02:04:27.200]  都是好
[02:04:27.200 --> 02:04:29.200]  有時我們不記得神
[02:04:29.200 --> 02:04:31.200]  但是逐條 freeway 去
[02:04:31.200 --> 02:04:33.200]  是不是好像有些迷信
[02:04:33.200 --> 02:04:35.200]  想下去
[02:04:35.200 --> 02:04:37.200]  早期
[02:04:37.200 --> 02:04:39.200]  這些迷信思想
[02:04:39.200 --> 02:04:41.200]  會令你多了祈禱
[02:04:41.200 --> 02:04:43.200]  但長期
[02:04:43.200 --> 02:04:45.200]  是不經質的
[02:04:45.200 --> 02:04:47.200]  其實你是沒有了得救的確據
[02:04:47.200 --> 02:04:49.200]  因為好像我不祈禱
[02:04:49.200 --> 02:04:51.200]  上帝就不會保守我
[02:04:51.200 --> 02:04:53.200]  好像按按鈕
[02:04:53.200 --> 02:04:55.200]  按實按鈕
[02:04:55.200 --> 02:04:57.200]  上帝的保守就會來
[02:04:57.200 --> 02:04:59.200]  一停 上帝保守不來
[02:04:59.200 --> 02:05:01.200]  魔鬼撒旦就會殺了你
[02:05:01.200 --> 02:05:03.200]  你跟著一條 freeway 就會撞車
[02:05:03.200 --> 02:05:05.200]  你知道魔鬼撒旦會殺人
[02:05:05.200 --> 02:05:07.200]  將那些講到很大
[02:05:07.200 --> 02:05:09.200]  所以他們說 怕魔鬼多過怕神
[02:05:09.200 --> 02:05:11.200]  神就會不做事
[02:05:11.200 --> 02:05:13.200]  祈禱也會做事
[02:05:13.200 --> 02:05:15.200]  一個這樣的世界
[02:05:15.200 --> 02:05:17.200]  人們怎麼會不被迫禁食又祈禱
[02:05:17.200 --> 02:05:19.200]  所以表面就會
[02:05:19.200 --> 02:05:21.200]  宗教性強了
[02:05:21.200 --> 02:05:23.200]  但久了
[02:05:23.200 --> 02:05:25.200]  就會很亂
[02:05:25.200 --> 02:05:27.200]  你大概知道發生什麼事
[02:05:27.200 --> 02:05:29.200]  所以
[02:05:29.200 --> 02:05:31.200]  問題就是
[02:05:31.200 --> 02:05:33.200]  我想我們《屬靈真戰》
[02:05:33.200 --> 02:05:35.200]  是對付罪
[02:05:35.200 --> 02:05:37.200]  我們和罪爭戰
[02:05:37.200 --> 02:05:39.200]  背後知道是魔鬼撒旦的勢力
[02:05:39.200 --> 02:05:41.200]  跟老婆吵架
[02:05:41.200 --> 02:05:43.200]  自己也要知道
[02:05:43.200 --> 02:05:45.200]  不只是你跟她有血氣
[02:05:45.200 --> 02:05:47.200]  是魔鬼在背後
[02:05:47.200 --> 02:05:49.200]  你要靠著神
[02:05:49.200 --> 02:05:51.200]  但你不是去趕鬼
[02:05:51.200 --> 02:05:53.200]  不是為自己
[02:05:53.200 --> 02:05:55.200]  是為了安著神的心意
[02:05:55.200 --> 02:05:57.200]  學習
[02:05:57.200 --> 02:05:59.200]  不要再有傷害人的言語出口
[02:05:59.200 --> 02:06:01.200]  你要躲起來冷靜
[02:06:01.200 --> 02:06:03.200]  祈禱 求神改變你
[02:06:03.200 --> 02:06:05.200]  有更多愛心
[02:06:05.200 --> 02:06:07.200]  學習那件事
[02:06:07.200 --> 02:06:09.200]  你趕多少隻鬼
[02:06:09.200 --> 02:06:11.200]  你跟老婆的關係也不會改善
[02:06:11.200 --> 02:06:13.200]  如果你不肯去學
[02:06:13.200 --> 02:06:15.200]  所以這個也令他們很困擾
[02:06:15.200 --> 02:06:17.200]  在神學理論上
[02:06:17.200 --> 02:06:19.200]  什麼問題都說要釋放禱告
[02:06:19.200 --> 02:06:21.200]  但釋放完之後
[02:06:21.200 --> 02:06:23.200]  他其實還是要做輔導
[02:06:23.200 --> 02:06:25.200]  還是要跟進
[02:06:25.200 --> 02:06:27.200]  因為在理論上 如果是魔鬼令你有這樣的事
[02:06:27.200 --> 02:06:29.200]  你趕了就沒有
[02:06:29.200 --> 02:06:31.200]  但為什麼趕了又要跟進
[02:06:31.200 --> 02:06:33.200]  為什麼這麼奇怪
[02:06:33.200 --> 02:06:35.200]  他是很自相矛盾
[02:06:35.200 --> 02:06:37.200]  所以有些人太信奉這套東西
[02:06:37.200 --> 02:06:39.200]  你不知道什麼是萊撒魔鬼撒旦
[02:06:39.200 --> 02:06:41.200]  很神經質
[02:06:41.200 --> 02:06:43.200]  但其實也處理不到這件事
[02:06:43.200 --> 02:06:45.200]  他真的很迷信
[02:06:45.200 --> 02:06:47.200]  這方面可以這麼說
[02:06:47.200 --> 02:06:51.200]  其實
[02:06:51.200 --> 02:06:53.200]  這個靈陰運動
[02:06:53.200 --> 02:06:55.200]  他出了四次
[02:06:55.200 --> 02:06:59.200]  他背後出了什麼問題
[02:06:59.200 --> 02:07:01.200]  才可以令這個靈陰運動
[02:07:01.200 --> 02:07:03.200]  可以持續到四次
[02:07:03.200 --> 02:07:05.200]  或者是越來越激進
[02:07:05.200 --> 02:07:07.200]  更厲害
[02:07:07.200 --> 02:07:09.200]  再者
[02:07:09.200 --> 02:07:11.200]  如果這個靈陰運動持續下去
[02:07:11.200 --> 02:07:13.200]  其實長遠對我們這些福音派
[02:07:13.200 --> 02:07:15.200]  他們的工作
[02:07:15.200 --> 02:07:17.200]  會有什麼不良的影響
[02:07:17.200 --> 02:07:19.200]  或者是
[02:07:19.200 --> 02:07:21.200]  會造成什麼極大的問題
[02:07:21.200 --> 02:07:27.200]  先回答後面的問題
[02:07:27.200 --> 02:07:29.200]  有多少幫助
[02:07:29.200 --> 02:07:31.200]  有多少影響
[02:07:31.200 --> 02:07:33.200]  他會延續到這麼久
[02:07:33.200 --> 02:07:37.200]  有什麼影響
[02:07:37.200 --> 02:07:39.200]  如果用今天
[02:07:39.200 --> 02:07:41.200]  去埋單計數
[02:07:41.200 --> 02:07:45.200]  1900至01年的元旦開始
[02:07:45.200 --> 02:07:47.200]  終於120多年
[02:07:47.200 --> 02:07:51.200]  其實就是
[02:07:51.200 --> 02:07:53.200]  很難計算
[02:07:53.200 --> 02:07:55.200]  功多還是過多
[02:07:55.200 --> 02:07:57.200]  因為他貢獻也大
[02:07:57.200 --> 02:07:59.200]  因為真的很多人因為這樣復興了
[02:07:59.200 --> 02:08:01.200]  包括宣教士也多了
[02:08:01.200 --> 02:08:03.200]  他們出了很多宣教士
[02:08:03.200 --> 02:08:05.200]  但是迷信也多了
[02:08:05.200 --> 02:08:07.200]  混亂也多了
[02:08:07.200 --> 02:08:11.200]  所以現在很難計算
[02:08:11.200 --> 02:08:13.200]  整體的情況
[02:08:13.200 --> 02:08:15.200]  當然
[02:08:15.200 --> 02:08:17.200]  而他現在
[02:08:17.200 --> 02:08:19.200]  為什麼都會發展到
[02:08:19.200 --> 02:08:21.200]  可以說是
[02:08:21.200 --> 02:08:23.200]  每一個時代
[02:08:23.200 --> 02:08:25.200]  都有他那個人的宗教心理
[02:08:25.200 --> 02:08:27.200]  你可以這麼說
[02:08:29.200 --> 02:08:31.200]  如果用現在去解釋
[02:08:31.200 --> 02:08:33.200]  後現代
[02:08:33.200 --> 02:08:35.200]  什麼宗教產品都有人要
[02:08:35.200 --> 02:08:37.200]  什麼信仰都有人信
[02:08:37.200 --> 02:08:39.200]  韓國那些很古怪的信仰都有人信
[02:08:39.200 --> 02:08:41.200]  人是傾向
[02:08:41.200 --> 02:08:43.200]  想找到神
[02:08:43.200 --> 02:08:45.200]  但結果在這個過程裡面
[02:08:45.200 --> 02:08:47.200]  都是找了很多偶像
[02:08:47.200 --> 02:08:49.200]  其他就停在那裡
[02:08:49.200 --> 02:08:51.200]  因為很多的原因
[02:08:51.200 --> 02:08:53.200]  很多的利益
[02:08:53.200 --> 02:08:55.200]  因為不干涉你的生活
[02:08:55.200 --> 02:08:57.200]  基督教最麻煩就是上帝真的干涉你所有生活的東西
[02:08:59.200 --> 02:09:01.200]  貪心錢又不行
[02:09:01.200 --> 02:09:03.200]  星期天想去玩自己的東西又不行
[02:09:03.200 --> 02:09:05.200]  但是其他
[02:09:05.200 --> 02:09:07.200]  黃大仙不會的
[02:09:07.200 --> 02:09:09.200]  你一連正的燒豬就已經可以跟他交易
[02:09:09.200 --> 02:09:11.200]  又不干涉你賭錢
[02:09:11.200 --> 02:09:13.200]  反而那個信仰
[02:09:13.200 --> 02:09:15.200]  是幫你達成
[02:09:15.200 --> 02:09:17.200]  你自己人生的事
[02:09:17.200 --> 02:09:19.200]  但基督教就不是
[02:09:19.200 --> 02:09:21.200]  是你回到上帝那裡
[02:09:21.200 --> 02:09:23.200]  走回上帝的正路
[02:09:23.200 --> 02:09:25.200]  上帝不是你的工具
[02:09:25.200 --> 02:09:27.200]  你是上帝的僕人
[02:09:27.200 --> 02:09:29.200]  真是信主的
[02:09:29.200 --> 02:09:31.200]  那麼
[02:09:31.200 --> 02:09:33.200]  他有什麼影響呢
[02:09:33.200 --> 02:09:35.200]  剛才沒有說一個很嚴重的問題
[02:09:35.200 --> 02:09:37.200]  就是我新的靈感運動那本書寫
[02:09:37.200 --> 02:09:39.200]  寫出來的原因
[02:09:39.200 --> 02:09:41.200]  就是
[02:09:41.200 --> 02:09:43.200]  因為現在靈感運動裡面
[02:09:43.200 --> 02:09:45.200]  其實很大的爭論就是
[02:09:45.200 --> 02:09:47.200]  他究竟走回方派
[02:09:47.200 --> 02:09:49.200]  剛才說了有人走回方派
[02:09:49.200 --> 02:09:51.200]  但也都令到另一些人
[02:09:51.200 --> 02:09:53.200]  分化更加激進
[02:09:53.200 --> 02:09:55.200]  而更激進的人
[02:09:55.200 --> 02:09:57.200]  是因為聖經
[02:09:57.200 --> 02:09:59.200]  我們已經討論了幾十年
[02:09:59.200 --> 02:10:01.200]  特別在
[02:10:01.200 --> 02:10:03.200]  六零年代之後一直討論到現在
[02:10:03.200 --> 02:10:05.200]  很嚴格的
[02:10:05.200 --> 02:10:07.200]  其實他知道是輸的
[02:10:07.200 --> 02:10:09.200]  他知道是強詞奪理
[02:10:09.200 --> 02:10:11.200]  在聖經是解不了的
[02:10:11.200 --> 02:10:13.200]  因為你中文都知道
[02:10:13.200 --> 02:10:15.200]  其實你中文都解到那些
[02:10:15.200 --> 02:10:17.200]  方言根本不是那些東西
[02:10:17.200 --> 02:10:19.200]  但是
[02:10:19.200 --> 02:10:21.200]  就是因為這樣
[02:10:21.200 --> 02:10:23.200]  他們要堅持下去的時候
[02:10:23.200 --> 02:10:25.200]  而派人去
[02:10:25.200 --> 02:10:27.200]  讀書
[02:10:27.200 --> 02:10:29.200]  就是說不再用聖經的文化歷史
[02:10:29.200 --> 02:10:31.200]  我們是由聖經裡面
[02:10:31.200 --> 02:10:33.200]  解出去的
[02:10:33.200 --> 02:10:35.200]  按聖經原意解的
[02:10:35.200 --> 02:10:37.200]  但他們不是的
[02:10:37.200 --> 02:10:39.200]  聖經是一樣東西
[02:10:39.200 --> 02:10:41.200]  讀經的人的心情
[02:10:41.200 --> 02:10:43.200]  狀態是和聖經互動的
[02:10:43.200 --> 02:10:45.200]  很簡單的比喻就是
[02:10:45.200 --> 02:10:47.200]  他不把文字
[02:10:47.200 --> 02:10:49.200]  當成一些文字
[02:10:49.200 --> 02:10:51.200]  而是當成一個藝術品
[02:10:51.200 --> 02:10:53.200]  你看一幅畫
[02:10:53.200 --> 02:10:55.200]  沒有所謂一幅畫有一個解釋
[02:10:55.200 --> 02:10:57.200]  是你不同心情
[02:10:57.200 --> 02:10:59.200]  看到一幅畫會有不同的領受
[02:10:59.200 --> 02:11:01.200]  你明白嗎?
[02:11:01.200 --> 02:11:03.200]  你是人和他互動
[02:11:03.200 --> 02:11:05.200]  你把人的主觀性放在裡面
[02:11:05.200 --> 02:11:07.200]  於是我看這幅畫
[02:11:07.200 --> 02:11:09.200]  我看了很開心,你看了哭
[02:11:09.200 --> 02:11:11.200]  沒有所謂誰對誰錯
[02:11:11.200 --> 02:11:13.200]  所以聖經沒有所謂對和錯的解釋
[02:11:13.200 --> 02:11:15.200]  只有我看完之後
[02:11:15.200 --> 02:11:17.200]  我覺得上帝跟我說的就是這樣
[02:11:17.200 --> 02:11:19.200]  這樣的時候
[02:11:19.200 --> 02:11:21.200]  因為只有自由的神學院師
[02:11:21.200 --> 02:11:23.200]  會這樣不尊重聖經本身說了什麼
[02:11:23.200 --> 02:11:25.200]  聖經說了的就是那樣東西
[02:11:25.200 --> 02:11:27.200]  這樣的時候
[02:11:27.200 --> 02:11:29.200]  如果你自己用你自己的心情
[02:11:29.200 --> 02:11:31.200]  去和他互動
[02:11:31.200 --> 02:11:33.200]  你會看不到裡面
[02:11:33.200 --> 02:11:35.200]  我想耶穌基督
[02:11:35.200 --> 02:11:37.200]  常常都疼愛我
[02:11:37.200 --> 02:11:39.200]  做我的朋友,但你不要要求我那麼多
[02:11:39.200 --> 02:11:41.200]  不要干涉我的生活
[02:11:41.200 --> 02:11:43.200]  我把耶穌當作是我的傅徒元也可以
[02:11:43.200 --> 02:11:45.200]  就這樣讀,所有安慰的聖經就讀
[02:11:45.200 --> 02:11:47.200]  所有要求我的聖經就不讀
[02:11:47.200 --> 02:11:49.200]  現在人就是把信仰的初原按扁
[02:11:49.200 --> 02:11:51.200]  這就是人的本性
[02:11:51.200 --> 02:11:53.200]  所以
[02:11:53.200 --> 02:11:55.200]  當你把人放在裡面
[02:11:55.200 --> 02:11:57.200]  不是在裡面解出來
[02:11:57.200 --> 02:11:59.200]  不是聖經說要高過我的權威
[02:11:59.200 --> 02:12:01.200]  自由神學的特性就是
[02:12:01.200 --> 02:12:03.200]  做神學,他們對聖經的理解
[02:12:03.200 --> 02:12:05.200]  不是把聖經放在上面
[02:12:05.200 --> 02:12:07.200]  而是我可以批判聖經
[02:12:07.200 --> 02:12:09.200]  或者我選擇去說哪些聖經
[02:12:09.200 --> 02:12:11.200]  所以我覺得窮人
[02:12:11.200 --> 02:12:13.200]  應該要解放
[02:12:13.200 --> 02:12:15.200]  社會公義最重要,所以整本聖經都是讀到
[02:12:15.200 --> 02:12:17.200]  你幫窮人
[02:12:17.200 --> 02:12:19.200]  對抗社會不公義的制度
[02:12:19.200 --> 02:12:21.200]  就等於
[02:12:21.200 --> 02:12:23.200]  傳了福音
[02:12:23.200 --> 02:12:25.200]  他們每個人都要去關心窮人
[02:12:25.200 --> 02:12:27.200]  就等於信了耶穌
[02:12:27.200 --> 02:12:29.200]  不用自己悔改認罪
[02:12:29.200 --> 02:12:31.200]  你明白嗎?
[02:12:31.200 --> 02:12:33.200]  所以他這樣扭曲本聖經,把福音變成社會福音
[02:12:33.200 --> 02:12:35.200]  也可以
[02:12:35.200 --> 02:12:37.200]  因為他按各取所需
[02:12:37.200 --> 02:12:39.200]  按自己想聖經說什麼
[02:12:39.200 --> 02:12:41.200]  就自己投射進去
[02:12:41.200 --> 02:12:43.200]  所以這個問題就是最嚴重
[02:12:43.200 --> 02:12:45.200]  他2000年後開始刻意派人讀
[02:12:45.200 --> 02:12:47.200]  所以現在最頂尖的
[02:12:47.200 --> 02:12:49.200]  五族中國學者
[02:12:49.200 --> 02:12:51.200]  就是一些自由派的學者
[02:12:51.200 --> 02:12:53.200]  所以我寫出來的那裡
[02:12:53.200 --> 02:12:55.200]  有一個很嚴重的問題
[02:12:55.200 --> 02:12:57.200]  就是他們越來越解經
[02:12:57.200 --> 02:12:59.200]  用我們的說法就越來越離譜
[02:12:59.200 --> 02:13:01.200]  因為上一代還是
[02:13:01.200 --> 02:13:03.200]  方牌裡面出來
[02:13:03.200 --> 02:13:05.200]  他們還會尊重聖經裡面的一些東西
[02:13:05.200 --> 02:13:07.200]  但是你越說越少
[02:13:07.200 --> 02:13:09.200]  所以我整本書的開頭的序言
[02:13:09.200 --> 02:13:11.200]  為什麼要寫這本書
[02:13:11.200 --> 02:13:13.200]  我和神教神學院對話了兩次
[02:13:13.200 --> 02:13:15.200]  其實除了傳統的課題
[02:13:15.200 --> 02:13:17.200]  方言的處理之外
[02:13:17.200 --> 02:13:19.200]  我現在問他一個問題
[02:13:19.200 --> 02:13:21.200]  你知不知道那邊在做這些事情
[02:13:21.200 --> 02:13:23.200]  他們是知道的
[02:13:23.200 --> 02:13:25.200]  但是他們不去正式
[02:13:25.200 --> 02:13:27.200]  因為很多五神宗教
[02:13:27.200 --> 02:13:29.200]  也不知道這條方向
[02:13:29.200 --> 02:13:31.200]  在走這條路線
[02:13:31.200 --> 02:13:33.200]  他們正在走自由派路線
[02:13:33.200 --> 02:13:35.200]  所以問題就是他們裡面
[02:13:35.200 --> 02:13:37.200]  很體恤
[02:13:37.200 --> 02:13:39.200]  他們都說自由派的神學太過極端
[02:13:39.200 --> 02:13:41.200]  但是也有些好處
[02:13:41.200 --> 02:13:43.200]  他們現在是兩面看
[02:13:43.200 --> 02:13:45.200]  其實我們和他們對話就是告訴他們
[02:13:45.200 --> 02:13:47.200]  我想知道他們知不知道
[02:13:47.200 --> 02:13:49.200]  我們覺得這樣路線很危險
[02:13:49.200 --> 02:13:51.200]  因為如果整個運動到今天
[02:13:51.200 --> 02:13:53.200]  去結帳
[02:13:53.200 --> 02:13:55.200]  就可能一半一半功過
[02:13:55.200 --> 02:13:57.200]  但是
[02:13:57.200 --> 02:13:59.200]  如果整個運動大部分的人
[02:13:59.200 --> 02:14:01.200]  被他們自由派帶走了
[02:14:01.200 --> 02:14:03.200]  那就可以變成整個異端
[02:14:03.200 --> 02:14:05.200]  這個就是我
[02:14:05.200 --> 02:14:07.200]  和他們的信息
[02:14:07.200 --> 02:14:09.200]  不是想一個小的課題和你們談
[02:14:09.200 --> 02:14:11.200]  我是想問你為什麼要這樣離開
[02:14:11.200 --> 02:14:13.200]  聖經的權威
[02:14:13.200 --> 02:14:15.200]  這個是反而最危險的地方
[02:14:15.200 --> 02:14:17.200]  所以
[02:14:17.200 --> 02:14:19.200]  當然我不會這麼快就說
[02:14:19.200 --> 02:14:21.200]  但是你留意聖經裡面
[02:14:21.200 --> 02:14:23.200]  真的說過
[02:14:23.200 --> 02:14:25.200]  在末世的日子
[02:14:25.200 --> 02:14:27.200]  為什麼人們會信假的才知道
[02:14:27.200 --> 02:14:29.200]  是因為有神蹟騎士
[02:14:29.200 --> 02:14:33.200]  馬太方說了的十三著
[02:14:33.200 --> 02:14:35.200]  這個會不會是
[02:14:35.200 --> 02:14:37.200]  其中一個現象呢? 希望不會
[02:14:37.200 --> 02:14:39.200]  但是最常見的
[02:14:39.200 --> 02:14:41.200]  就是因為神蹟是有效的
[02:14:41.200 --> 02:14:43.200]  真是有靈界的東西是有效的
[02:14:43.200 --> 02:14:45.200]  但是那些是什麼力量呢?
[02:14:45.200 --> 02:14:47.200]  就是到今天
[02:14:47.200 --> 02:14:49.200]  我不敢說
[02:14:49.200 --> 02:14:51.200]  Peter Weller 我都覺得他是信主的
[02:14:51.200 --> 02:14:53.200]  是很偏差的
[02:14:53.200 --> 02:14:55.200]  但是再教出來的那些變成什麼就不知道
[02:14:55.200 --> 02:14:57.200]  如果他刻意沒有聖經權威之下
[02:14:57.200 --> 02:14:59.200]  這樣去用基督教的信仰來說
[02:14:59.200 --> 02:15:01.200]  justify他自己
[02:15:01.200 --> 02:15:03.200]  再說一個例子
[02:15:03.200 --> 02:15:05.200]  七億裡面
[02:15:05.200 --> 02:15:07.200]  我那本書裡面有寫的
[02:15:07.200 --> 02:15:09.200]  有一億是有很多問題的
[02:15:09.200 --> 02:15:11.200]  他以前神召會
[02:15:11.200 --> 02:15:13.200]  那些去了非洲宣教
[02:15:13.200 --> 02:15:15.200]  有些地方的
[02:15:15.200 --> 02:15:17.200]  土人信了主之後
[02:15:17.200 --> 02:15:19.200]  就將自己的信仰混合在一起
[02:15:19.200 --> 02:15:21.200]  民間迷信
[02:15:21.200 --> 02:15:23.200]  其中一個例子就是中國的洪秀全
[02:15:23.200 --> 02:15:25.200]  太平天國
[02:15:25.200 --> 02:15:27.200]  他聽了福音之後
[02:15:27.200 --> 02:15:29.200]  將那套東西套進去之後
[02:15:29.200 --> 02:15:31.200]  他自己說天兄天弟
[02:15:31.200 --> 02:15:33.200]  就用來反革命
[02:15:33.200 --> 02:15:35.200]  反清 用來做藉口
[02:15:35.200 --> 02:15:37.200]  其實用了基督教的名字
[02:15:37.200 --> 02:15:39.200]  但是將內容改了
[02:15:39.200 --> 02:15:41.200]  神召會的宣教士說
[02:15:41.200 --> 02:15:43.200]  那些不是教會
[02:15:43.200 --> 02:15:45.200]  但是今天第三波之後
[02:15:45.200 --> 02:15:47.200]  現在新的百科全書
[02:15:47.200 --> 02:15:49.200]  五旬中運動的學者
[02:15:49.200 --> 02:15:51.200]  出的那本百科全書全部計算在基督徒身上
[02:15:51.200 --> 02:15:55.200]  以前神召會不承認那些
[02:15:55.200 --> 02:15:57.200]  現在都當是教會了 混合信仰那些
[02:15:57.200 --> 02:15:59.200]  所以這個是因為他自由
[02:15:59.200 --> 02:16:01.200]  所以他那條界線
[02:16:01.200 --> 02:16:03.200]  只是說他只是用那些靈因現象
[02:16:03.200 --> 02:16:05.200]  去決定他是不是信徒
[02:16:05.200 --> 02:16:09.200]  但是因為在那些混合宗教裏面
[02:16:09.200 --> 02:16:11.200]  那些人也都會有神蹟醫病
[02:16:11.200 --> 02:16:13.200]  那些無醫醫到病
[02:16:13.200 --> 02:16:17.200]  都是超能力的
[02:16:17.200 --> 02:16:19.200]  所以他用現象
[02:16:19.200 --> 02:16:21.200]  他們現在用現象去決定
[02:16:21.200 --> 02:16:23.200]  是不是一個靈因的教會
[02:16:23.200 --> 02:16:25.200]  不是用教義
[02:16:25.200 --> 02:16:27.200]  所以如果這個成為主流
[02:16:27.200 --> 02:16:29.200]  就很糟糕
[02:16:29.200 --> 02:16:31.200]  但是當然現在靈因教會
[02:16:31.200 --> 02:16:33.200]  本身都沒有人知道這些
[02:16:33.200 --> 02:16:35.200]  但是他們的神學院是知道的
[02:16:35.200 --> 02:16:37.200]  還有這個是主流
[02:16:37.200 --> 02:16:39.200]  你現在去基督
[02:16:39.200 --> 02:16:41.200]  去那裏買那些英文的書
[02:16:41.200 --> 02:16:45.200]  比較top的學者
[02:16:45.200 --> 02:16:47.200]  五旬中背景的學者寫的那些
[02:16:47.200 --> 02:16:49.200]  那班人都是走這條路線
[02:16:49.200 --> 02:16:51.200]  這個是相當不理想的情況
[02:16:51.200 --> 02:16:55.200]  有人告訴我去北美裏面
[02:16:55.200 --> 02:16:57.200]  那些靈因教會都受不了
[02:16:57.200 --> 02:16:59.200]  想回到方方牌多一點
[02:16:59.200 --> 02:17:01.200]  現在不知道了
[02:17:01.200 --> 02:17:05.200]  所以這個可能是一個最憂心的地方
[02:17:05.200 --> 02:17:07.200]  如果你說路線
[02:17:07.200 --> 02:17:09.200]  但是暫時還沒有浮出來
[02:17:09.200 --> 02:17:11.200]  因為我想要過20年左右
[02:17:11.200 --> 02:17:13.200]  新一代真的再偏差下去
[02:17:13.200 --> 02:17:15.200]  就會可以走得很遠
[02:17:15.200 --> 02:17:23.200]  大家有興趣就留在這裏再談
[02:17:23.200 --> 02:17:25.200]  我沒有所謂
[02:17:25.200 --> 02:17:27.200]  我還有時間
[02:17:27.200 --> 02:17:29.200]  總要有散會
[02:17:29.200 --> 02:17:33.200]  牧師帶領我們
[02:17:33.200 --> 02:17:35.200]  祈禱結束
[02:17:35.200 --> 02:17:37.200]  其實相當豐富
[02:17:37.200 --> 02:17:39.200]  和應該激發起大家
[02:17:39.200 --> 02:17:41.200]  有幾個向度很重要
[02:17:41.200 --> 02:17:43.200]  我個人
[02:17:43.200 --> 02:17:45.200]  其實廖牧師
[02:17:45.200 --> 02:17:47.200]  不單止是研究
[02:17:47.200 --> 02:17:49.200]  靈因運動停留在那裏
[02:17:49.200 --> 02:17:51.200]  而是反而帶領福音派
[02:17:51.200 --> 02:17:53.200]  要回到
[02:17:53.200 --> 02:17:55.200]  特別強調在清教徒運動
[02:17:55.200 --> 02:17:57.200]  追求聖潔的部分
[02:17:57.200 --> 02:17:59.200]  反而近代
[02:17:59.200 --> 02:18:01.200]  我們福音派少關注
[02:18:01.200 --> 02:18:03.200]  所以真的不是
[02:18:03.200 --> 02:18:05.200]  靈因派的專利
[02:18:05.200 --> 02:18:07.200]  反而我們應該追求正確
[02:18:07.200 --> 02:18:09.200]  這是我個人
[02:18:09.200 --> 02:18:11.200]  過幾小時的領袖
[02:18:11.200 --> 02:18:13.200]  原來我突然間勾起
[02:18:13.200 --> 02:18:15.200]  我1988年8月
[02:18:15.200 --> 02:18:17.200]  第一次去夏令會
[02:18:17.200 --> 02:18:19.200]  就是去建築神學院
[02:18:19.200 --> 02:18:21.200]  聽完晚飯
[02:18:21.200 --> 02:18:23.200]  聽完晚堂
[02:18:23.200 --> 02:18:25.200]  走上斜路
[02:18:25.200 --> 02:18:27.200]  有聲音跟我說要做傳道
[02:18:27.200 --> 02:18:29.200]  當然
[02:18:29.200 --> 02:18:31.200]  我們在這麼飢餓的教會
[02:18:31.200 --> 02:18:33.200]  不要太衝動
[02:18:33.200 --> 02:18:35.200]  真的磨了幾年
[02:18:35.200 --> 02:18:37.200]  真的越來越清楚
[02:18:37.200 --> 02:18:39.200]  越來越各方面的印證
[02:18:39.200 --> 02:18:41.200]  最終又進了建道
[02:18:41.200 --> 02:18:43.200]  讀神學
[02:18:43.200 --> 02:18:45.200]  原來我也有
[02:18:45.200 --> 02:18:47.200]  超自然的經歷
[02:18:47.200 --> 02:18:49.200]  譬如我信主
[02:18:49.200 --> 02:18:51.200]  1987年12月24日
[02:18:51.200 --> 02:18:53.200]  平安夜
[02:18:53.200 --> 02:18:55.200]  看完電影
[02:18:55.200 --> 02:18:57.200]  跟同學全部不信
[02:18:57.200 --> 02:18:59.200]  看英雄本色
[02:18:59.200 --> 02:19:01.200]  回家突然有聲音叫我
[02:19:01.200 --> 02:19:03.200]  你下車去
[02:19:03.200 --> 02:19:05.200]  我弟弟的教會
[02:19:05.200 --> 02:19:07.200]  沙田崇禎報道會
[02:19:07.200 --> 02:19:09.200]  給一些家長晚會
[02:19:09.200 --> 02:19:11.200]  福音聚會
[02:19:11.200 --> 02:19:13.200]  那時候已經聚會中
[02:19:13.200 --> 02:19:15.200]  在月明村跑去
[02:19:15.200 --> 02:19:17.200]  溺園村
[02:19:17.200 --> 02:19:19.200]  上去濕透了
[02:19:19.200 --> 02:19:21.200]  已經差不多完結
[02:19:21.200 --> 02:19:23.200]  講完海洛神學院的李寧牧師
[02:19:23.200 --> 02:19:25.200]  各位家長
[02:19:25.200 --> 02:19:27.200]  要總結了
[02:19:27.200 --> 02:19:29.200]  這個世界有神的
[02:19:29.200 --> 02:19:31.200]  我們信耶穌
[02:19:31.200 --> 02:19:33.200]  接著我舉手
[02:19:33.200 --> 02:19:35.200]  我坐最後那個
[02:19:35.200 --> 02:19:37.200]  流汗的
[02:19:37.200 --> 02:19:39.200]  就是這樣信主
[02:19:39.200 --> 02:19:41.200]  晚上回家
[02:19:41.200 --> 02:19:43.200]  突然聖經好像發光
[02:19:43.200 --> 02:19:45.200]  這個也是我的
[02:19:45.200 --> 02:19:47.200]  但我都不是
[02:19:47.200 --> 02:19:49.200]  這樣的風格
[02:19:49.200 --> 02:19:51.200]  經常都有一種感覺
[02:19:51.200 --> 02:19:53.200]  異象
[02:19:53.200 --> 02:19:55.200]  但明顯兩次
[02:19:55.200 --> 02:19:57.200]  神的恩典
[02:19:57.200 --> 02:19:59.200]  所以今天很豐富
[02:19:59.200 --> 02:20:01.200]  大家如果有機會可以再聽
[02:20:01.200 --> 02:20:03.200]  錄影或錄音
[02:20:03.200 --> 02:20:05.200]  但只能夠保持一個月
[02:20:05.200 --> 02:20:07.200]  和給其他
[02:20:07.200 --> 02:20:09.200]  頂姐妹一起去學習
[02:20:09.200 --> 02:20:11.200]  我想最重要
[02:20:11.200 --> 02:20:13.200]  都是
[02:20:13.200 --> 02:20:15.200]  神的話語
[02:20:15.200 --> 02:20:17.200]  充滿我們的心靈
[02:20:17.200 --> 02:20:19.200]  我們不斷與主
[02:20:19.200 --> 02:20:21.200]  剛才那個我也知道
[02:20:21.200 --> 02:20:23.200]  但更加深刻
[02:20:23.200 --> 02:20:25.200]  with Christ for Christ
[02:20:25.200 --> 02:20:27.200]  是我們人生一個很重要的
[02:20:27.200 --> 02:20:29.200]  因為我都快步入
[02:20:29.200 --> 02:20:31.200]  很快可以很自由地
[02:20:31.200 --> 02:20:33.200]  去周圍做
[02:20:33.200 --> 02:20:35.200]  自己喜歡的事的時間
[02:20:35.200 --> 02:20:37.200]  但原來
[02:20:37.200 --> 02:20:39.200]  很重要這真是終身
[02:20:39.200 --> 02:20:41.200]  我們與主一起
[02:20:41.200 --> 02:20:43.200]  為主而活
[02:20:43.200 --> 02:20:45.200]  一起祈禱
[02:20:45.200 --> 02:20:47.200]  多謝主給我們剛才
[02:20:47.200 --> 02:20:49.200]  真的非常豐富
[02:20:49.200 --> 02:20:51.200]  亦都很重要的提醒
[02:20:51.200 --> 02:20:53.200]  我們很盼望
[02:20:53.200 --> 02:20:55.200]  我們能夠聽到這麼重要的訊息
[02:20:55.200 --> 02:20:57.200]  初時可能以為
[02:20:57.200 --> 02:20:59.200]  跟我們沒什麼關係
[02:20:59.200 --> 02:21:01.200]  因為我們的生活
[02:21:01.200 --> 02:21:03.200]  未必能夠和靈恩的弟兄姊妹
[02:21:03.200 --> 02:21:05.200]  有太多的接觸
[02:21:05.200 --> 02:21:07.200]  但原來這裡碰到的
[02:21:07.200 --> 02:21:09.200]  我們的對錯
[02:21:09.200 --> 02:21:11.200]  原來更重要
[02:21:11.200 --> 02:21:13.200]  其實我們可能已經忽略了
[02:21:13.200 --> 02:21:15.200]  與神的關係
[02:21:15.200 --> 02:21:17.200]  以及我們在聖靈裡面
[02:21:17.200 --> 02:21:19.200]  那個柔軟的心靈
[02:21:19.200 --> 02:21:21.200]  那個願意交出自己
[02:21:21.200 --> 02:21:23.200]  讓神可以在我們
[02:21:23.200 --> 02:21:25.200]  每一個弟兄姊妹身上
[02:21:25.200 --> 02:21:27.200]  去行使主權
[02:21:27.200 --> 02:21:29.200]  帶來的恩賜的運用
[02:21:29.200 --> 02:21:31.200]  其實是祝福其他的人
[02:21:31.200 --> 02:21:33.200]  讓人更多地認識主
[02:21:33.200 --> 02:21:35.200]  求祢幫助我們
[02:21:35.200 --> 02:21:37.200]  其實我們在行在社區的福音
[02:21:37.200 --> 02:21:39.200]  都準備好
[02:21:39.200 --> 02:21:41.200]  希望能夠在這個社區裡面
[02:21:41.200 --> 02:21:43.200]  讓更多人可以認識主
[02:21:43.200 --> 02:21:45.200]  亦都真的見到有好幾個家庭
[02:21:45.200 --> 02:21:47.200]  已經最近
[02:21:47.200 --> 02:21:49.200]  來我們中間聚會
[02:21:49.200 --> 02:21:51.200]  都是有落橋樓的弟兄姊妹
[02:21:51.200 --> 02:21:53.200]  盼望神繼續作功保守我們
[02:21:53.200 --> 02:21:55.200]  多謝主給我們剛才
[02:21:55.200 --> 02:21:57.200]  真的這麼寶貴的訊息
[02:21:57.200 --> 02:21:59.200]  廖牧師這麼多年的研究
[02:21:59.200 --> 02:22:01.200]  用一個半小時幫我們
[02:22:01.200 --> 02:22:03.200]  做一個這麼好的分析
[02:22:03.200 --> 02:22:05.200]  希望主繼續給我們
[02:22:05.200 --> 02:22:07.200]  我們有能力的、有負擔的
[02:22:07.200 --> 02:22:09.200]  能夠繼續這樣研究下去
[02:22:09.200 --> 02:22:11.200]  可以桌上的書
[02:22:11.200 --> 02:22:13.200]  大家又可以借著來看
[02:22:13.200 --> 02:22:15.200]  以致我們更多的認識
[02:22:15.200 --> 02:22:17.200]  這樣感恩禱告
[02:22:17.200 --> 02:22:19.200]  奉耶穌基督的名
[02:22:19.200 --> 02:22:21.200]  阿們
