
[00:00:00.000 --> 00:00:06.140]  我真是很有負擔想將羅馬書裏面幾個我覺得很重要的真理
[00:00:06.140 --> 00:00:10.740]  真是很重要的真理 或者你聽過但你沒有從這個角度去了解
[00:00:10.740 --> 00:00:14.840]  來回答我們心裏面很多時候我們的
[00:00:14.840 --> 00:00:16.120]  掙扎
[00:00:16.120 --> 00:00:17.400]  我們的困難
[00:00:17.400 --> 00:00:23.040]  所以今晚我想和大家一直這樣在聖經裏面看
[00:00:23.040 --> 00:00:27.900]  如果你有帶聖經的就請你無論如何都翻開羅馬書第八章
[00:00:28.160 --> 00:00:30.720]  因為聖經才是今晚我們的主角
[00:00:30.720 --> 00:00:33.780]  我只是講聖經裏面的事
[00:00:33.780 --> 00:00:36.860]  但是真是的信息就在聖經裏面
[00:00:36.860 --> 00:00:38.640]  羅馬書第八章
[00:00:38.640 --> 00:00:42.740]  如果你沒有帶聖經的你有那些
[00:00:42.740 --> 00:00:48.880]  三星那些有iphone那些 拿出來也不怕的
[00:00:48.880 --> 00:00:52.220]  不過關了聲音不要又收WhatsApp
[00:00:52.220 --> 00:00:56.060]  又發WhatsApp 我們專心看聖經
[00:00:56.320 --> 00:00:59.640]  從旁邊看也好 好不好 我真是希望大家是
[00:00:59.640 --> 00:01:01.180]  看著聖經 因為很多
[00:01:01.180 --> 00:01:01.940]  很多
[00:01:01.940 --> 00:01:04.500]  聖經是很重要的和大家
[00:01:04.500 --> 00:01:07.320]  我一起來思想的
[00:01:07.320 --> 00:01:11.940]  找到了 找到聖經
[00:01:11.940 --> 00:01:14.740]  不如先祈禱 我們再求主幫助我們
[00:01:14.740 --> 00:01:22.940]  我們主我們的神 我們知道你將我們帶在這個時代面對這些挑戰都不是偶然
[00:01:22.940 --> 00:01:24.980]  都在你的計劃當中
[00:01:25.760 --> 00:01:29.600]  我不知道為什麼你這麼看得起我們在這麼困難的時代裏面仍然
[00:01:29.600 --> 00:01:32.920]  讓我們認識你並且我們可以成為你的兒女
[00:01:32.920 --> 00:01:36.500]  但我們心裏面特別是多掙扎也多困惑
[00:01:36.500 --> 00:01:41.120]  因為在這段日子當中我們見到周圍這個世界
[00:01:41.120 --> 00:01:44.440]  甚至我們身邊所發生的事越來越令我們失望
[00:01:44.440 --> 00:01:46.500]  也越來越令我們困惑
[00:01:46.500 --> 00:01:49.820]  今晚我們就是帶著這些我們的心境
[00:01:49.820 --> 00:01:52.120]  我們的掙扎來到你的面前
[00:01:52.380 --> 00:01:55.720]  還有我們求你用你自己的說話來教導我們
[00:01:55.720 --> 00:01:59.560]  求你用你的說話來帶我們去一個新的方向
[00:01:59.560 --> 00:02:01.860]  以致我們離開這個時候
[00:02:01.860 --> 00:02:05.960]  還有因為我們看到你的說話 因為我們有你自己的真理
[00:02:05.960 --> 00:02:09.020]  因為有你自己與我們同在和你自己的聖靈
[00:02:09.020 --> 00:02:11.080]  的帶領和感動
[00:02:11.080 --> 00:02:13.120]  還有我們不再一樣
[00:02:13.120 --> 00:02:15.420]  我們帶著不同的心情離開這裏
[00:02:15.420 --> 00:02:17.720]  不同的體會離開這裏
[00:02:17.980 --> 00:02:23.360]  主讓我們帶著這樣的期待到你面前來 希望接下來這一個小時的時刻
[00:02:23.360 --> 00:02:26.680]  主讓你真的幫助我們 憐憫我們
[00:02:26.680 --> 00:02:28.480]  加倍的恩待我們
[00:02:28.480 --> 00:02:30.780]  聽我們的禱告奉耶穌基督的名求
[00:02:30.780 --> 00:02:31.800]  Amen
[00:02:31.800 --> 00:02:33.340]  好
[00:02:33.340 --> 00:02:38.200]  那我想我就不和大家講一些
[00:02:38.200 --> 00:02:40.240]  開場白了
[00:02:40.240 --> 00:02:46.140]  動盪的世代就不需要我可以用很多具體的例子告訴你
[00:02:46.400 --> 00:02:48.960]  究竟怎樣動盪 或者我相信你和我
[00:02:48.960 --> 00:02:51.020]  雖然我就不是在澳洲
[00:02:51.020 --> 00:02:53.580]  但是大家在悉尼的
[00:02:53.580 --> 00:02:57.420]  我在多倫多的 在香港的 在中國的裏面
[00:02:57.420 --> 00:03:01.260]  到處我們尤其是每天打開
[00:03:01.260 --> 00:03:04.840]  電視打開我們的網頁看到一些新聞
[00:03:04.840 --> 00:03:06.380]  我們心裏面都很沉重
[00:03:06.380 --> 00:03:08.420]  有近的有遠的
[00:03:08.420 --> 00:03:09.440]  所發生的事
[00:03:09.440 --> 00:03:11.240]  一件接著一件
[00:03:11.240 --> 00:03:12.520]  從政治的
[00:03:12.520 --> 00:03:15.340]  從殺戮的鬥爭的
[00:03:16.620 --> 00:03:18.140]  健康的
[00:03:18.140 --> 00:03:19.420]  傳染的
[00:03:19.420 --> 00:03:21.220]  經濟的
[00:03:21.220 --> 00:03:27.100]  真是沒有一個的範圍我們看到的新聞都是好消息來的
[00:03:27.100 --> 00:03:28.140]  好罕有
[00:03:28.140 --> 00:03:30.940]  多數都一件接著一件令我們是很失望
[00:03:30.940 --> 00:03:35.800]  這個我們不需要和大家再舉很多實際的例子 因為你和我都知道
[00:03:35.800 --> 00:03:42.460]  或者我們先開始來到先問為什麼會搞成這樣 今天我不會和大家做一個
[00:03:42.460 --> 00:03:44.520]  政治社會文化的分析
[00:03:44.780 --> 00:03:47.340]  但我覺得都需要交代幾句
[00:03:47.340 --> 00:03:49.140]  然後我們先進入去
[00:03:49.140 --> 00:03:52.200]  看看神自己的說話怎麼回答
[00:03:52.200 --> 00:03:57.080]  今天這種動盪和我們完全
[00:03:57.080 --> 00:03:59.380]  不知道為什麼會發生這樣的事
[00:03:59.380 --> 00:04:01.680]  又令到我們這麼詫異
[00:04:01.680 --> 00:04:04.500]  完全是出乎意料之外的震撼的
[00:04:04.500 --> 00:04:07.820]  心境和這個世界
[00:04:07.820 --> 00:04:14.220]  早在80年代已經有一些社會學家提出
[00:04:14.480 --> 00:04:18.820]  這個警告 但當時大家都沒有聽
[00:04:18.820 --> 00:04:21.380]  或者都不覺得他太過
[00:04:21.380 --> 00:04:23.180]  緊張
[00:04:23.180 --> 00:04:28.300]  再早一點其實哲學家數學家都提出來的叫Chaos Theory
[00:04:28.300 --> 00:04:30.600]  叫做混沌理論
[00:04:30.600 --> 00:04:35.460]  他就說如果北美的蝴蝶拍翼 如果整個世界連起來的時候
[00:04:35.460 --> 00:04:38.540]  蝴蝶拍翼有什麼事
[00:04:38.540 --> 00:04:42.380]  拍翼可能會引起南美洲的風暴
[00:04:43.400 --> 00:04:49.540]  數學上面是可以計算的 我想我們當中都很多高手在這裏
[00:04:49.540 --> 00:04:51.340]  科技的高手都明白
[00:04:51.340 --> 00:04:55.180]  什麼叫做混沌理論 蝴蝶效應
[00:04:55.180 --> 00:04:58.000]  但當時只不過是一種
[00:04:58.000 --> 00:05:01.320]  可以說是人家認為他是噱頭的說法
[00:05:01.320 --> 00:05:04.140]  到了80年代就有另外一個
[00:05:04.140 --> 00:05:07.720]  德國的社會學家叫做Ulrich Beck
[00:05:07.720 --> 00:05:09.520]  他就寫了一本書
[00:05:09.520 --> 00:05:11.300]  到現在都越來越出名
[00:05:11.560 --> 00:05:13.600]  那時候都開始震撼
[00:05:13.600 --> 00:05:15.140]  他起了一個相當
[00:05:15.140 --> 00:05:18.460]  警告性的題目叫做Risk Society
[00:05:18.460 --> 00:05:20.520]  就叫做風險社會
[00:05:20.520 --> 00:05:23.080]  這個風險社會是什麼意思呢
[00:05:23.080 --> 00:05:23.840]  他說
[00:05:23.840 --> 00:05:27.940]  因為80年代開始我們見到世界一個趨勢就是全球化
[00:05:27.940 --> 00:05:29.980]  那時候都還不是全球化
[00:05:29.980 --> 00:05:33.320]  全球化即是全世界所有東西都連起來
[00:05:33.320 --> 00:05:35.100]  你又認識我 我又認識你
[00:05:35.100 --> 00:05:38.700]  我去你那裏比較容易 你又去另一個國家
[00:05:38.940 --> 00:05:43.300]  都沒有這麼分散的了 當時來說都還沒到現在這個地步
[00:05:43.300 --> 00:05:46.360]  但無論如何 當時這個社會學家已經
[00:05:46.360 --> 00:05:49.440]  前瞻說如果這個世界連在一起的時候
[00:05:49.440 --> 00:05:50.460]  其實
[00:05:50.460 --> 00:05:52.520]  是災難性
[00:05:52.520 --> 00:05:54.300]  或者叫做風險
[00:05:54.300 --> 00:05:56.600]  是大過他的
[00:05:56.600 --> 00:05:58.140]  好處
[00:05:58.140 --> 00:06:00.440]  當時也沒有人喜歡聽這件事
[00:06:00.440 --> 00:06:03.260]  就是大家都覺得這個世界最好大家一起
[00:06:03.260 --> 00:06:05.560]  你又幫我 我又幫你 那不就多好呢
[00:06:05.560 --> 00:06:07.880]  你又來我那裏 我又來你那裏
[00:06:08.120 --> 00:06:12.220]  那就好了 全球化globalization永遠都是覺得是一個
[00:06:12.220 --> 00:06:17.600]  非常之人類一個夢想的一個前瞻來的 當時來說
[00:06:17.600 --> 00:06:19.640]  所以這個作家他寫了這本
[00:06:19.640 --> 00:06:22.200]  這個社會學家寫這本書的時候
[00:06:22.200 --> 00:06:26.560]  將來如果會產生這樣的情況是很大的風險的
[00:06:26.560 --> 00:06:30.140]  很危險的會產生很多我們預計不到的問題
[00:06:30.140 --> 00:06:32.440]  當時來說很多人都不好理他
[00:06:32.440 --> 00:06:36.040]  到了90年代開始真的出現了 大家知道
[00:06:36.280 --> 00:06:40.380]  我們這班人我們坐在這裏的全部都是經驗過這些日子
[00:06:40.380 --> 00:06:43.720]  90年代最大的分別是什麼呢
[00:06:43.720 --> 00:06:46.780]  90年代整個世界就是有互聯網的出現
[00:06:46.780 --> 00:06:53.180]  Wi-Fi web www 當時來說90年代初都好像很陌生
[00:06:53.180 --> 00:06:58.560]  什麼叫做www 現在都不用說了 大家每天都沒有他都不行了
[00:06:58.560 --> 00:07:02.400]  我來澳洲之前那個我家的
[00:07:02.400 --> 00:07:05.980]  iPhone壞了一個WhatsApp
[00:07:06.240 --> 00:07:07.780]  那兩天都不知道怎麼做人
[00:07:07.780 --> 00:07:15.460]  後來真的用盡各種方法 我說我不行 我來到澳洲之前一定要搞定他
[00:07:15.460 --> 00:07:17.500]  最後差不多要換機了
[00:07:17.500 --> 00:07:19.300]  搞定了之後
[00:07:19.300 --> 00:07:20.580]  一天半而已
[00:07:20.580 --> 00:07:22.120]  64個WhatsApp
[00:07:22.120 --> 00:07:24.680]  看得我想死
[00:07:24.680 --> 00:07:27.480]  現在都不知道為什麼
[00:07:27.480 --> 00:07:29.800]  以前都沒有這些東西是可以的
[00:07:29.800 --> 00:07:33.640]  很多東西有了之後你沒有了就不行了 現在你沒有了手機
[00:07:33.880 --> 00:07:38.500]  你沒有了流動電話你就找不到人了 約不到人了
[00:07:38.500 --> 00:07:41.560]  都不記得以前怎麼可以約在旗桿頂
[00:07:41.560 --> 00:07:42.340]  旗桿底
[00:07:42.340 --> 00:07:47.460]  在旁邊 在哪裡哪裡等 現在沒有了
[00:07:47.460 --> 00:07:51.300]  這個科技在
[00:07:51.300 --> 00:07:53.600]  90年代最大的突破就是
[00:07:53.600 --> 00:07:55.400]  有了這個互聯網的出現
[00:07:55.400 --> 00:07:58.720]  有了互聯網的出現真的這個全球化呢
[00:07:58.720 --> 00:08:00.520]  就成為一個事實了
[00:08:00.520 --> 00:08:03.580]  因為這個電腦的那個聯繫
[00:08:04.080 --> 00:08:07.420]  當然再加上過去這20多年大家都知道
[00:08:07.420 --> 00:08:08.960]  在電話啊
[00:08:08.960 --> 00:08:10.740]  通訊啊這些各方面
[00:08:10.740 --> 00:08:12.800]  差不多爆炸性的發展
[00:08:12.800 --> 00:08:16.880]  很快真的整個世界就成為一個連在一起的世界
[00:08:16.880 --> 00:08:20.720]  我們即時的能夠從任何世界的角落
[00:08:20.720 --> 00:08:24.560]  來溝通 我們的資訊也都成為我們
[00:08:24.560 --> 00:08:26.600]  立即可以得到的一個
[00:08:26.600 --> 00:08:28.140]  消息
[00:08:28.400 --> 00:08:34.540]  這個其實是很好的 如果不是的話我昨晚怎麼會坐在南半球的
[00:08:34.540 --> 00:08:37.860]  雪梨的酒店裏面
[00:08:37.860 --> 00:08:39.400]  對著那個
[00:08:39.400 --> 00:08:42.220]  和我太太她在多倫多冷得很
[00:08:42.220 --> 00:08:45.540]  在那裏聊天 她照那些雪給我看
[00:08:45.540 --> 00:08:47.860]  我就弄一些樹木給她看
[00:08:47.860 --> 00:08:51.940]  這個真的好像是天方夜譚但成為事實
[00:08:51.940 --> 00:08:54.000]  這個是很快樂的事
[00:08:54.000 --> 00:08:55.020]  但是
[00:08:55.020 --> 00:08:58.100]  90年代就更多社會學家
[00:08:58.340 --> 00:09:00.900]  警告說這個全球一體化
[00:09:00.900 --> 00:09:01.940]  會產生
[00:09:01.940 --> 00:09:04.240]  相當失控的情況
[00:09:04.240 --> 00:09:08.080]  用一個英國的社會學家Anthony Giddens
[00:09:08.080 --> 00:09:11.140]  他就提出一個字眼叫做Argonaut
[00:09:11.140 --> 00:09:13.200]  Argonaut其實就是那種
[00:09:13.200 --> 00:09:15.760]  印度教他們
[00:09:15.760 --> 00:09:21.140]  他們那個其中一個禮儀式 節日的時候就推車上山
[00:09:21.140 --> 00:09:24.720]  等他滑下去 人們在他前面走
[00:09:24.720 --> 00:09:26.500]  可能你都聽過這些情況
[00:09:26.760 --> 00:09:28.540]  於是那個車就衝過去
[00:09:28.540 --> 00:09:30.860]  你誰走得慢就給他剪
[00:09:30.860 --> 00:09:33.660]  那就可能沒命 可能斷腳
[00:09:33.660 --> 00:09:36.220]  就是這樣的一種瘋狂的
[00:09:36.220 --> 00:09:39.560]  節期的活動
[00:09:39.560 --> 00:09:41.340]  這個Argonaut的活動
[00:09:41.340 --> 00:09:44.420]  就是這個社會學家拿了出來 他說將來
[00:09:44.420 --> 00:09:45.440]  或者現在
[00:09:45.440 --> 00:09:46.460]  快要發現
[00:09:46.460 --> 00:09:49.020]  我們整個世界就是這樣了 一輛車不停地衝下去
[00:09:49.020 --> 00:09:50.300]  你停不了
[00:09:50.300 --> 00:09:53.640]  你不是想它不停 你想它停 但是它停不了
[00:09:53.640 --> 00:09:54.660]  你唯有走
[00:09:54.920 --> 00:09:57.740]  又想有些人有勇氣想去推著它
[00:09:57.740 --> 00:09:59.280]  於是它就犧牲了
[00:09:59.280 --> 00:10:01.580]  整個世界就這樣衝 但是衝到哪裏呢
[00:10:01.580 --> 00:10:02.600]  我們已經不知道
[00:10:02.600 --> 00:10:05.420]  這個就是當時他講出一個這樣的
[00:10:05.420 --> 00:10:08.500]  好像很悲觀的言論 這是一個相當
[00:10:08.500 --> 00:10:12.080]  權威的英國的社會學家
[00:10:12.080 --> 00:10:17.200]  就開始看出 究竟問題在哪裏呢
[00:10:17.200 --> 00:10:19.760]  全世界一體化有什麼問題呢
[00:10:19.760 --> 00:10:23.340]  這個問題就是後來大家開始發現了
[00:10:23.860 --> 00:10:25.140]  第一 經濟上一體化
[00:10:25.140 --> 00:10:31.020]  全世界的經濟 大家現在都知道了 我們根本已經沒有所謂日頭夜晚的了
[00:10:31.020 --> 00:10:32.560]  如果你還用那些
[00:10:32.560 --> 00:10:38.700]  賣那些外匯的那些 你就更加知道 半夜你起來就要看了
[00:10:38.700 --> 00:10:41.260]  因為在倫敦那邊
[00:10:41.260 --> 00:10:42.280]  接著就不知道
[00:10:42.280 --> 00:10:45.360]  又發生了什麼事 待會在紐約那邊又發生什麼事
[00:10:45.360 --> 00:10:46.900]  整個世界連起來
[00:10:46.900 --> 00:10:52.260]  還有整個世界根本分不開 因為所發生的每一件大小的事情
[00:10:52.520 --> 00:10:55.080]  不單只是經濟 政治上
[00:10:55.080 --> 00:10:57.140]  全部都息息相關
[00:10:57.140 --> 00:11:05.580]  我相信歷史上告訴我們 第一個警號就是97年的金融風暴 大家知道了
[00:11:05.580 --> 00:11:07.620]  到現在好像很久以前
[00:11:07.620 --> 00:11:09.420]  其實真的是第一次
[00:11:09.420 --> 00:11:11.220]  突然間發現金融風暴
[00:11:11.220 --> 00:11:14.020]  最初開始在亞洲 最初開始在
[00:11:14.020 --> 00:11:19.660]  泰國 突然間不知道有什麼亞洲四小龍 那時候講得很威風的
[00:11:19.920 --> 00:11:25.540]  亞洲經濟很快就會去 突然間泰國的圍籍一跌 泰駐一跌
[00:11:25.540 --> 00:11:27.080]  就全部塌了
[00:11:27.080 --> 00:11:33.740]  美國那邊華爾街就在那邊笑了 你看這些都是虛火來的 亞洲
[00:11:33.740 --> 00:11:39.620]  空買空賣 所以就搞成這樣 話還沒說完菲律賓就跌了
[00:11:39.620 --> 00:11:41.680]  話還沒說完華爾街自己也跌了
[00:11:41.680 --> 00:11:43.980]  全部都跌了 塌了
[00:11:43.980 --> 00:11:48.080]  突然間就發現原來這個世界是互相牽連的 所以互相連累的
[00:11:48.340 --> 00:11:53.200]  你都不知道是誰先開始有什麼事 以前我們泰國 泰駐一跌關我們什麼事
[00:11:53.200 --> 00:11:55.260]  吃掉木瓜就算了
[00:11:55.260 --> 00:11:58.320]  但現在不是的 泰駐一跌我們沒得
[00:11:58.320 --> 00:12:03.440]  不碰的了 好像現在這樣 我們經常都看著希臘 希臘關我們什麼事
[00:12:03.440 --> 00:12:08.820]  他在街邊喝那些咖啡又沒錢喝不關我的事 但是如果希臘他沒咖啡喝呢
[00:12:08.820 --> 00:12:10.620]  你和我都不碰的
[00:12:10.620 --> 00:12:11.380]  因為
[00:12:11.380 --> 00:12:14.460]  突然間他退出歐元區 那整個世界就不碰的了
[00:12:14.460 --> 00:12:18.040]  究竟那個恐懼在哪裡呢
[00:12:18.300 --> 00:12:21.120]  那個作者Anthony Giddens提出一個
[00:12:21.120 --> 00:12:27.520]  很嚴重的說法 他說到一個地步我們連那種叫做本體性的安全感都沒有了
[00:12:27.520 --> 00:12:30.840]  叫 ontological security
[00:12:30.840 --> 00:12:32.900]  什麼叫本體性的安全感呢
[00:12:32.900 --> 00:12:35.960]  他說其實我們人類一路以來的社會
[00:12:35.960 --> 00:12:38.780]  不多不少都給我們有一種這樣的
[00:12:38.780 --> 00:12:40.320]  安慰的就是
[00:12:40.320 --> 00:12:41.860]  這個世界縱然有很難
[00:12:41.860 --> 00:12:43.140]  很難預料的事
[00:12:43.140 --> 00:12:44.160]  不過呢
[00:12:44.160 --> 00:12:45.700]  只要我們努努力力
[00:12:45.700 --> 00:12:47.480]  少少心心
[00:12:48.000 --> 00:12:54.140]  然後我們始終都會搞定的 他說這個安全感最早是來自我們嬰兒的時候
[00:12:54.140 --> 00:12:59.000]  小朋友很小的時候 突然間有時候我們半夜發惡夢
[00:12:59.000 --> 00:12:59.780]  哭醒
[00:12:59.780 --> 00:13:01.320]  哭醒的時候
[00:13:01.320 --> 00:13:07.460]  很害怕 於是媽媽就走過來抱著說 沒事的沒事的
[00:13:07.460 --> 00:13:09.240]  這一種這樣的
[00:13:09.240 --> 00:13:13.080]  從小到大的一種信念 就是這個世界永遠
[00:13:13.080 --> 00:13:16.420]  最後都有辦法的 就算我搞不定也有些人搞得定的
[00:13:16.920 --> 00:13:19.220]  這樣的叫做本體性的安全感
[00:13:19.220 --> 00:13:25.120]  但是這個Anthony Giddens說現在我們慢慢進入了一種本體性的安全感都沒有了
[00:13:25.120 --> 00:13:27.420]  因為我們真的搞不定的
[00:13:27.420 --> 00:13:29.220]  要麼就不發生事
[00:13:29.220 --> 00:13:31.000]  一發生事的時候呢
[00:13:31.000 --> 00:13:32.540]  那些情況會是
[00:13:32.540 --> 00:13:35.360]  嚴重到是沒有任何人可以搞得定的
[00:13:35.360 --> 00:13:41.240]  不是那些財團不想搞 而是大家你又搞不定我又搞不定 大家合作都搞不定
[00:13:41.240 --> 00:13:43.040]  而且更加
[00:13:43.040 --> 00:13:45.600]  恐怖的就是我們不知道那些事是怎麼來的
[00:13:46.620 --> 00:13:47.640]  都不知道什麼時候來的
[00:13:47.640 --> 00:13:50.960]  因為任何一個地方就像剛才說的蝴蝶拍翼
[00:13:50.960 --> 00:13:53.520]  你管得了多少蝴蝶拍翼呢
[00:13:53.520 --> 00:13:55.060]  但是它就會令到你
[00:13:55.060 --> 00:13:56.600]  產生風暴了
[00:13:56.600 --> 00:13:58.640]  這個呢
[00:13:58.640 --> 00:14:01.200]  就是今天我們所面對的問題
[00:14:01.200 --> 00:14:04.020]  今天我們那個沒有安全感
[00:14:04.020 --> 00:14:06.080]  這一種這樣的狀態呢
[00:14:06.080 --> 00:14:10.420]  是和以前不同 每個世代都動盪的了 是不是
[00:14:10.420 --> 00:14:13.500]  以前打日本人的時候還動盪 是不是
[00:14:13.500 --> 00:14:15.800]  現在我不是說哪個慘一點
[00:14:16.060 --> 00:14:18.620]  但是現在我們面對著另外一個戰線
[00:14:18.620 --> 00:14:23.480]  這個戰線是我們真的沒有一種完全有把握的安全感
[00:14:23.480 --> 00:14:30.140]  沒有把握安全感的意思就是因為它現代和到了進入現在這個全球化的連起來的一個世界的時候
[00:14:30.140 --> 00:14:33.980]  我們和以往我們所生活的所有的
[00:14:33.980 --> 00:14:35.760]  歷史是不同的
[00:14:35.760 --> 00:14:39.860]  就是我們現在完全沒有把握什麼時候會發生什麼事在我身上
[00:14:41.140 --> 00:14:47.280]  我們是一個很大的矛盾 一方面我們以為人很厲害 現在還有很多的科技 今天下午才說
[00:14:47.280 --> 00:14:52.920]  我們用3D就可以打印出一個心臟 多厲害 是不是
[00:14:52.920 --> 00:14:54.200]  不得了的人類
[00:14:54.200 --> 00:14:57.520]  但另外一方面我們心底裏面知道我們越來越失控
[00:14:57.520 --> 00:15:00.080]  整個社會失控
[00:15:00.080 --> 00:15:03.160]  我們搞不定那些terrorist
[00:15:03.160 --> 00:15:05.460]  他就是要和你鬥
[00:15:05.460 --> 00:15:08.020]  游擊式地和你鬥 你沒得打的
[00:15:08.020 --> 00:15:10.580]  你要殺光他 殺不到他的
[00:15:10.840 --> 00:15:11.860]  他在這裏來
[00:15:11.860 --> 00:15:14.160]  他甚至進到你和我身邊
[00:15:14.160 --> 00:15:16.220]  那些城市裏面做這些事
[00:15:16.220 --> 00:15:18.520]  你怎樣封到他 因為全球化
[00:15:18.520 --> 00:15:22.620]  你控制不到的 你說我不讓他進來 你進不了的 現在整個世界的東西
[00:15:22.620 --> 00:15:28.000]  而且那些電腦的資訊的科技已經進來了
[00:15:28.000 --> 00:15:29.520]  還進了你家
[00:15:29.520 --> 00:15:32.080]  對不起 我又不是黑心
[00:15:32.080 --> 00:15:36.440]  和我爸媽那段日子是不同的
[00:15:36.440 --> 00:15:38.740]  那段時間裏面雖然他們窮
[00:15:38.740 --> 00:15:40.540]  但是呢
[00:15:41.040 --> 00:15:43.860]  他們知道什麼叫做有些把握安全
[00:15:43.860 --> 00:15:45.400]  如果今晚
[00:15:45.400 --> 00:15:48.220]  我這間屋的鎖穩穩陣陣
[00:15:48.220 --> 00:15:50.260]  窗戶關得緊
[00:15:50.260 --> 00:15:52.820]  起碼今晚
[00:15:52.820 --> 00:15:54.100]  我就安全些
[00:15:54.100 --> 00:15:55.900]  是不是 這個是很自然
[00:15:55.900 --> 00:15:57.940]  很正常的生活來的
[00:15:57.940 --> 00:16:01.260]  那今晚我的財富在家裏呢
[00:16:01.260 --> 00:16:03.820]  當然啦 你不要等在枕頭底啦
[00:16:03.820 --> 00:16:08.440]  總而言之無論如何 總之我這間屋我收得好些 安全些
[00:16:08.440 --> 00:16:09.220]  我就
[00:16:09.720 --> 00:16:11.760]  可以保護著我的財富
[00:16:11.760 --> 00:16:13.040]  如果我呢
[00:16:13.040 --> 00:16:17.900]  努努力力 穩穩陣陣的做人 到我退休的時候就有一筆退休金
[00:16:17.900 --> 00:16:19.700]  於是就可以過世
[00:16:19.700 --> 00:16:23.280]  這些是我們以前的觀念 但是大家知道現在沒有這個觀念了
[00:16:23.280 --> 00:16:25.580]  現在那些人拿你的錢不用
[00:16:25.580 --> 00:16:27.380]  不用打開窗
[00:16:27.380 --> 00:16:29.680]  不用break in來拿你的嘛 是不是
[00:16:29.680 --> 00:16:35.820]  奧幣我記得我幾年前來的時候是一對八的 港幣
[00:16:37.100 --> 00:16:39.920]  我臨來之前轉一轉 咦 怎麼一對六的
[00:16:39.920 --> 00:16:42.740]  你沒有二十幾個percent了 已經窮了
[00:16:42.740 --> 00:16:44.780]  他不用進你家裡偷的
[00:16:44.780 --> 00:16:49.900]  睡醒覺之後你就沒有了一些了 又被他搶了一些去
[00:16:49.900 --> 00:16:54.000]  擋不到啊 擋不擋得到啊 當然是擋不到的
[00:16:54.000 --> 00:16:55.540]  這個就是那種
[00:16:55.540 --> 00:16:59.640]  完全你不能夠控制的一種沒有安全感的感覺
[00:16:59.640 --> 00:17:01.680]  你都不知道為什麼會這樣
[00:17:01.680 --> 00:17:04.240]  你都不知道什麼時候突然間弄個什麼油價
[00:17:04.500 --> 00:17:09.100]  低了就爽了 差一點就可以便宜一點了 還沒完錢就少了
[00:17:09.100 --> 00:17:11.160]  這個世界就在這樣的
[00:17:11.160 --> 00:17:16.520]  情況底下 我們說那個動盪不單止在表面上 好像我們以往那樣
[00:17:16.520 --> 00:17:18.060]  有個很深的意義
[00:17:18.060 --> 00:17:20.620]  就是我們真的不知道明天會發生什麼事
[00:17:20.620 --> 00:17:24.720]  絕對不是一個哲學的說法 我真的不知道明天會發生什麼事
[00:17:24.720 --> 00:17:29.080]  任何事都可以發生 而且要麼就不發生 發生了就沒有東西可以擋得了他
[00:17:29.080 --> 00:17:30.600]  等他來
[00:17:30.600 --> 00:17:33.680]  等他蠶食你 甚至等他來摧毀你和我
[00:17:34.700 --> 00:17:38.040]  這個不是說我們因為基督徒所以悲觀一點去看
[00:17:38.040 --> 00:17:41.360]  而是這個真是一個今天我們在電視
[00:17:41.360 --> 00:17:43.160]  在新聞裡面所看見的事實
[00:17:43.160 --> 00:17:47.260]  我覺得我足夠的時間
[00:17:47.260 --> 00:17:50.320]  講這麼多 我不需要再去分析 我很深
[00:17:50.320 --> 00:17:54.680]  當代最
[00:17:54.680 --> 00:17:56.980]  上傳
[00:17:56.980 --> 00:17:59.280]  最重要的神學家
[00:17:59.280 --> 00:18:03.380]  德國的神學家約翰‧莫特曼
[00:18:04.140 --> 00:18:04.640]  我
[00:18:04.640 --> 00:18:08.740]  上一年我在德國的時候和他一起
[00:18:08.740 --> 00:18:10.280]  有機會聊天吃東西
[00:18:10.280 --> 00:18:14.120]  他提了一樣東西我覺得是
[00:18:14.120 --> 00:18:17.700]  令我很深刻印象 老人家 八十多歲的老人家
[00:18:17.700 --> 00:18:19.240]  他說
[00:18:19.240 --> 00:18:24.100]  這個現代化的世界 真的很厲害 這樣的年紀大家看得很準
[00:18:24.100 --> 00:18:27.940]  這個現代化的世界和將來要走的世界裡面
[00:18:27.940 --> 00:18:32.040]  宗教信仰是面對很大的挑戰
[00:18:33.320 --> 00:18:34.340]  是很大的挑戰
[00:18:34.340 --> 00:18:36.640]  很多宗教是要式微的
[00:18:36.640 --> 00:18:43.040]  因為很多人類的成就和科技都已經足以取代了宗教所發揮的功能
[00:18:43.040 --> 00:18:44.080]  不過
[00:18:44.080 --> 00:18:49.960]  有很多宗教仍然會越來越重要 但有些宗教就會越來越式微
[00:18:49.960 --> 00:18:53.040]  他說哪些宗教呢 我就問他 他說兩個很不同
[00:18:53.040 --> 00:18:56.620]  一個他用英文來講 他說這個叫religion of nature
[00:18:56.620 --> 00:18:59.680]  就是自然的宗教是會越來越式微的
[00:19:01.220 --> 00:19:04.300]  這個老人家 我想他最後的定論講得很好
[00:19:04.300 --> 00:19:07.620]  但是盼望的宗教religion of hope
[00:19:07.620 --> 00:19:09.420]  就會越來越重要
[00:19:09.420 --> 00:19:11.460]  什麼意思呢
[00:19:11.460 --> 00:19:12.480]  他說因為
[00:19:12.480 --> 00:19:14.540]  religion of nature
[00:19:14.540 --> 00:19:16.580]  的意思就是說有些宗教
[00:19:16.580 --> 00:19:18.880]  他是用宗教的方式
[00:19:18.880 --> 00:19:21.960]  去解釋一些我們解釋不到的自然現象
[00:19:21.960 --> 00:19:28.360]  好像以前 嘩 看到打雷砰很害怕 哎喲 雷公 這就是宗教 自然宗教
[00:19:28.360 --> 00:19:29.640]  一河水翻騰
[00:19:29.900 --> 00:19:31.940]  下面有河壩
[00:19:31.940 --> 00:19:33.220]  看到月亮
[00:19:33.220 --> 00:19:39.880]  發發碌碌的 有上顎 那些就是因為你未明白這個大自然所發生的
[00:19:39.880 --> 00:19:42.700]  事情 所以就賦予一種宗教的解釋
[00:19:42.700 --> 00:19:46.020]  他說因為隨著這個科技和所有的發展
[00:19:46.020 --> 00:19:51.660]  這類型的宗教就式微了 為什麼呢 我們不用了 到今天都沒有人
[00:19:51.660 --> 00:19:54.740]  我們小朋友都不會再相信有上顎的了
[00:19:54.740 --> 00:19:58.820]  不相信有雷公的了 除了講一些故事給他聽 貪得已之外
[00:19:59.340 --> 00:20:05.740]  因為那些宗教的功能已經是慢慢慢慢不再需要存在 因為不需要他去解釋
[00:20:05.740 --> 00:20:10.100]  這些自然的現象 科技已經可以解釋了很多自然的現象
[00:20:10.100 --> 00:20:12.920]  在這些宗教來講 他是注定式微的
[00:20:12.920 --> 00:20:15.480]  注定慢慢慢慢被淘汰的
[00:20:15.480 --> 00:20:17.000]  不過他說 未喲
[00:20:17.000 --> 00:20:19.320]  宗教不是因此就不需要的了
[00:20:19.320 --> 00:20:22.640]  他說宗教有另外一些更加重要的功能
[00:20:22.640 --> 00:20:25.720]  是會越來越重要的 就是
[00:20:25.720 --> 00:20:27.500]  Religion of Hope
[00:20:28.020 --> 00:20:29.800]  就是盼望的宗教
[00:20:29.800 --> 00:20:31.860]  大家如果是稍微懂得一點
[00:20:31.860 --> 00:20:34.920]  神學的背景 你知道 Mortman這個
[00:20:34.920 --> 00:20:38.760]  神學家就是他在60年代已經提出來 他寫了一本很出名的書
[00:20:38.760 --> 00:20:40.040]  Fearless of Hope
[00:20:40.040 --> 00:20:42.100]  叫盼望神學
[00:20:42.100 --> 00:20:43.380]  想不到他
[00:20:43.380 --> 00:20:46.700]  半個世紀之後我和他坐下來聊天 他仍然在講這件事
[00:20:46.700 --> 00:20:48.500]  絕對不是因為他拿著舊東西
[00:20:48.500 --> 00:20:51.060]  以前的東西 而是他真的去
[00:20:51.060 --> 00:20:53.620]  繼續去講的時候 他真的有一個發展
[00:20:53.620 --> 00:20:55.920]  為什麼呢 就是用我們剛才所看到的
[00:20:56.440 --> 00:20:58.240]  我說接下來這個世界雖然是越來越
[00:20:58.240 --> 00:21:00.280]  科技越來越先進
[00:21:00.280 --> 00:21:01.560]  好像越來越厲害
[00:21:01.560 --> 00:21:03.100]  但其實是越來越失控
[00:21:03.100 --> 00:21:05.140]  所以我們越來越多恐懼
[00:21:05.140 --> 00:21:08.480]  我越來越沒有把握明天會發生什麼事
[00:21:08.480 --> 00:21:13.340]  以前我們所有認為可以掌握到明天的資訊
[00:21:13.340 --> 00:21:18.200]  或者那些手段 或者那些方法 或者那些基礎
[00:21:18.200 --> 00:21:19.740]  全部現在開始散了
[00:21:19.740 --> 00:21:21.780]  全部開始消失
[00:21:21.780 --> 00:21:25.120]  那時候我面對明天怎麼辦 不知道怎麼辦
[00:21:25.120 --> 00:21:26.400]  等它來
[00:21:26.660 --> 00:21:29.200]  所以那種無奈和恐懼
[00:21:29.200 --> 00:21:32.020]  是在蠶食著每一個現代人
[00:21:32.020 --> 00:21:34.080]  我們只是在等
[00:21:34.080 --> 00:21:36.380]  等什麼事情發生我們都不知道
[00:21:36.380 --> 00:21:38.160]  既然是這樣的時候
[00:21:38.160 --> 00:21:41.240]  一個能夠為你的明天
[00:21:41.240 --> 00:21:44.060]  提出一個講法和出路
[00:21:44.060 --> 00:21:45.840]  和答案的宗教
[00:21:45.840 --> 00:21:47.380]  永遠都在人類
[00:21:47.380 --> 00:21:49.440]  越來越發展的世界裡面
[00:21:49.440 --> 00:21:51.740]  越來越重要 因為我們沒有這件事
[00:21:51.740 --> 00:21:53.520]  我們失去這件事
[00:21:55.320 --> 00:21:57.880]  我想告訴你 其實我們基督教是一個
[00:21:57.880 --> 00:21:59.420]  盼望的宗教
[00:21:59.420 --> 00:22:03.520]  我們基督教有很多東西 當然我們信仰裡面有很豐富的東西
[00:22:03.520 --> 00:22:06.340]  但是我們信仰裡面有很寶貴的一門
[00:22:06.340 --> 00:22:07.360]  一部分
[00:22:07.360 --> 00:22:08.640]  是給盼望的
[00:22:08.640 --> 00:22:11.700]  所以今晚我就用羅馬書第八章
[00:22:11.700 --> 00:22:13.500]  我不想只是講理論
[00:22:13.500 --> 00:22:15.800]  我用羅馬書第八章來看看
[00:22:15.800 --> 00:22:17.600]  究竟在神的說話裡面
[00:22:17.600 --> 00:22:19.900]  告訴你我們的盼望
[00:22:19.900 --> 00:22:21.700]  的根據
[00:22:22.720 --> 00:22:26.300]  和邏輯是怎麼樣的 為什麼我們可以有盼望
[00:22:26.300 --> 00:22:30.660]  好 我們就剩下的時間 我們就一直來看羅馬書
[00:22:30.660 --> 00:22:33.480]  羅馬書是相當長的 39節
[00:22:33.480 --> 00:22:35.780]  但是我就不會
[00:22:35.780 --> 00:22:38.600]  講完39節了 不如我們就將前面
[00:22:38.600 --> 00:22:41.920]  那十幾節我們跳過了
[00:22:41.920 --> 00:22:43.720]  雖然都會提一提
[00:22:43.720 --> 00:22:46.020]  但是我們由第18節開始講
[00:22:46.020 --> 00:22:50.120]  我們試一下特別由第18節
[00:22:50.360 --> 00:22:53.440]  那裡就講完羅馬書第39節
[00:22:53.440 --> 00:23:01.380]  時間的關係 我想我也不需要跟大家重新讀一次 我講到那裡讀到那裡好嗎
[00:23:01.380 --> 00:23:02.660]  所以請你打開聖經
[00:23:02.660 --> 00:23:05.980]  那就會好一點了 因為我們講到就讀到那裡
[00:23:05.980 --> 00:23:12.900]  我們先看18節開始那一段
[00:23:12.900 --> 00:23:14.940]  尤其是
[00:23:14.940 --> 00:23:16.480]  你看下去
[00:23:18.280 --> 00:23:22.120]  希望大家對羅馬書都有少少認識 第八章
[00:23:22.120 --> 00:23:23.920]  大概都有少少
[00:23:23.920 --> 00:23:26.220]  記得講到什麼
[00:23:26.220 --> 00:23:31.600]  羅馬書第八章在聖經裡面兩道地方 講聖靈是最深刻
[00:23:31.600 --> 00:23:32.880]  最深入
[00:23:32.880 --> 00:23:34.680]  最豐富的地方
[00:23:34.680 --> 00:23:38.260]  這裡羅馬書第八章講聖靈就是前面那裡
[00:23:38.260 --> 00:23:41.580]  隨從聖靈 體貼聖靈 再聖靈裡
[00:23:41.580 --> 00:23:43.880]  羅馬書第八章這裡講到聖靈
[00:23:44.140 --> 00:23:49.000]  是很深刻的一個經典的部分
[00:23:49.000 --> 00:23:51.040]  還在哪裡 我考考你們
[00:23:51.040 --> 00:23:55.660]  當然是新約的 講聖靈比較詳細
[00:23:55.660 --> 00:24:01.280]  約翰福音第十四章至十六章
[00:24:01.280 --> 00:24:05.380]  耶穌的臨別贈言 講到祂離開之後
[00:24:05.380 --> 00:24:09.220]  聖靈會來 祂是保衛師 記得嗎
[00:24:09.220 --> 00:24:11.520]  世人不認識祂 但是你們認識祂
[00:24:11.780 --> 00:24:14.600]  祂在你裡面 我在你裡面 你在我裡面
[00:24:14.600 --> 00:24:19.960]  今天我們不講了 那個較為個人一點的
[00:24:19.960 --> 00:24:23.800]  跟聖靈之間的經歷的問題 這個是很豐富很精彩的
[00:24:23.800 --> 00:24:25.600]  有機會跟大家慢慢再講
[00:24:25.600 --> 00:24:26.880]  今天我們跳過這一個
[00:24:26.880 --> 00:24:28.420]  我們由十八節開始講到
[00:24:28.420 --> 00:24:35.080]  聖靈在整個的世界 你和我所面對的大時代的動盪裡面
[00:24:35.080 --> 00:24:38.140]  究竟是有什麼信息給我們知道
[00:24:39.940 --> 00:24:42.240]  如果你看一看羅馬書
[00:24:42.240 --> 00:24:46.340]  這一段的聖經 你發覺其實由十八節開始
[00:24:46.340 --> 00:24:49.920]  有兩個很明顯的兩個段落
[00:24:49.920 --> 00:24:54.520]  如果我們用情緒
[00:24:54.520 --> 00:25:01.180]  用寫作的時候那種心境或者想表達的那種感受
[00:25:01.180 --> 00:25:03.240]  是很對立的
[00:25:03.240 --> 00:25:06.820]  可以說剛剛是兩個極端的
[00:25:07.580 --> 00:25:11.420]  那裡寫了 由第十八節到二十二節
[00:25:11.420 --> 00:25:17.060]  你發覺羅馬書第十八節二十二節充滿了現實的悲情
[00:25:17.060 --> 00:25:18.340]  很悲的
[00:25:18.340 --> 00:25:20.380]  但是很奇怪的
[00:25:20.380 --> 00:25:23.460]  由三十一節一直到三十九節
[00:25:23.460 --> 00:25:26.020]  就產生了一個很大的
[00:25:26.020 --> 00:25:31.140]  很樂觀的一個重歌 等一下我們也會看到
[00:25:31.140 --> 00:25:36.000]  所以我們說為什麼在聖經裡面有這兩個的對比呢
[00:25:36.760 --> 00:25:38.300]  我們先說說究竟
[00:25:38.300 --> 00:25:39.320]  所謂的
[00:25:39.320 --> 00:25:44.960]  現實的悲情 究竟羅馬書第八章那段由十八節到二十二節
[00:25:44.960 --> 00:25:46.240]  說了些什麼
[00:25:46.240 --> 00:25:50.340]  很簡單的 你看下去差不多每句話都很悲觀
[00:25:50.340 --> 00:25:52.120]  很悲觀的
[00:25:52.120 --> 00:25:54.680]  那個悲觀我們讀起來的時候
[00:25:54.680 --> 00:26:00.320]  其實我們就開始有些共鳴 因為今天你和我其實有時候看完電視新聞都很悲觀的
[00:26:00.320 --> 00:26:01.600]  很悲觀的
[00:26:01.600 --> 00:26:02.620]  就是這樣
[00:26:02.880 --> 00:26:07.480]  我都列出來了 方便大家慢慢去找
[00:26:07.480 --> 00:26:08.520]  就是說
[00:26:08.520 --> 00:26:10.560]  你看看第十八節
[00:26:10.560 --> 00:26:11.840]  二十節
[00:26:11.840 --> 00:26:12.860]  二十一節
[00:26:12.860 --> 00:26:14.140]  二十二節
[00:26:14.140 --> 00:26:15.940]  到二十三節
[00:26:15.940 --> 00:26:22.340]  都有這些很悲觀的字眼 譬如說我們萬物都在一個苦楚當中
[00:26:22.340 --> 00:26:29.000]  有時候我不會用 有時候我是用和合本 有時候我用新譯本 有時候我用環球譯本
[00:26:29.000 --> 00:26:32.060]  不過不要緊 那個翻譯我覺得哪裡適合
[00:26:32.320 --> 00:26:38.460]  表達到原文的意思我就借用它 好不好 大家不要介意 因為那個翻譯差不多
[00:26:38.460 --> 00:26:40.260]  沒有哪本特別是
[00:26:40.260 --> 00:26:42.300]  一定是最適合的
[00:26:42.300 --> 00:26:46.140]  你看看第十八節那裡已經說到了
[00:26:46.140 --> 00:26:50.740]  開始說到我們在那個苦楚當中
[00:26:50.740 --> 00:26:52.020]  OK
[00:26:52.020 --> 00:26:55.620]  然後我們在虛空之下
[00:26:55.620 --> 00:27:01.760]  再說我們在敗壞的核制裡面
[00:27:02.520 --> 00:27:03.040]  OK
[00:27:03.040 --> 00:27:06.880]  還有呢 他就說到我們其實一同
[00:27:06.880 --> 00:27:09.700]  和萬物 包括你和我在內
[00:27:09.700 --> 00:27:10.460]  人類
[00:27:10.460 --> 00:27:14.040]  一同在這個痛苦當中伸淫
[00:27:14.040 --> 00:27:15.060]  OK
[00:27:15.060 --> 00:27:20.960]  然後最後呢 他提到我們真是心裡面嘆息 夠了悲觀了 是不是
[00:27:20.960 --> 00:27:21.720]  好悲
[00:27:21.720 --> 00:27:23.520]  好無奈
[00:27:23.520 --> 00:27:25.820]  好沒有盼望
[00:27:25.820 --> 00:27:27.100]  好沒有希望
[00:27:27.100 --> 00:27:29.660]  究竟在說些什麼
[00:27:29.660 --> 00:27:30.680]  最重要
[00:27:30.940 --> 00:27:33.760]  為什麼聖經會說得出這麼悲觀的
[00:27:33.760 --> 00:27:36.580]  這麼悲情的現實的
[00:27:36.580 --> 00:27:38.620]  的說話呢
[00:27:38.620 --> 00:27:42.980]  我特別留意第20節那裡說原來
[00:27:42.980 --> 00:27:47.080]  我們作為神所創造的萬物
[00:27:47.080 --> 00:27:48.360]  是
[00:27:48.360 --> 00:27:50.920]  必然如此的
[00:27:50.920 --> 00:27:54.240]  20節 受造之物 看到嗎
[00:27:54.240 --> 00:27:56.540]  我們是受造之物
[00:27:56.540 --> 00:27:58.600]  在神創造我們的時候
[00:27:58.600 --> 00:28:00.900]  我們是一個被造的
[00:28:01.160 --> 00:28:02.420]  在虛空底下
[00:28:02.420 --> 00:28:03.960]  OK 第21節
[00:28:03.960 --> 00:28:05.760]  受造之物
[00:28:05.760 --> 00:28:07.040]  我們就
[00:28:07.040 --> 00:28:10.620]  都好想脫離這個敗壞的核制
[00:28:10.620 --> 00:28:13.180]  但是好無奈一路嘆息
[00:28:13.180 --> 00:28:14.960]  痛苦伸淫
[00:28:14.960 --> 00:28:18.040]  直到如今 22節 是不是
[00:28:18.040 --> 00:28:21.360]  這裡我想說一個好重要的
[00:28:21.360 --> 00:28:25.200]  今晚我和大家說 我想在聖經裡面真的提出有幾個
[00:28:25.200 --> 00:28:27.520]  我認為是好重要的真理
[00:28:27.780 --> 00:28:31.620]  這個真理 我希望今晚我們走的時候我真的記住
[00:28:31.620 --> 00:28:33.660]  有幫助到你和我
[00:28:33.660 --> 00:28:35.720]  不只是說神學 今晚我
[00:28:35.720 --> 00:28:40.580]  就不只是解經而已 我都希望將一些很重要的
[00:28:40.580 --> 00:28:43.900]  聖經裡面的神學都和大家一起思想
[00:28:43.900 --> 00:28:51.340]  聖經說出一個很重要的事實
[00:28:51.340 --> 00:28:52.860]  如果我們剛才問
[00:28:52.860 --> 00:28:54.920]  現在我們面對一個動盪的世界
[00:28:56.460 --> 00:29:00.040]  我們應該怎樣在神的話語裡面得到一個出路呢
[00:29:00.040 --> 00:29:03.620]  我想告訴你 18-22節的答案就出來了
[00:29:03.620 --> 00:29:05.420]  答案就是說
[00:29:05.420 --> 00:29:06.960]  是這樣的了 想怎樣
[00:29:06.960 --> 00:29:13.360]  真的很失望 聖經這樣回答
[00:29:13.360 --> 00:29:15.660]  是呀 聖經是這樣回答的
[00:29:15.660 --> 00:29:17.960]  首先是這樣回答 當然還沒回答完
[00:29:17.960 --> 00:29:20.260]  聖經說 根本是預了的
[00:29:20.260 --> 00:29:21.800]  我們是受造之物
[00:29:21.800 --> 00:29:23.080]  我們是這樣的
[00:29:23.600 --> 00:29:26.920]  但這個其實也不是說 懶悲情
[00:29:26.920 --> 00:29:31.800]  沒辦法了 回答不了 硬要你吃死貓
[00:29:31.800 --> 00:29:34.100]  要你這樣吞掉 不是
[00:29:34.100 --> 00:29:38.440]  事實上可以環顧我們這個現實的世界 事實上也是這樣
[00:29:38.440 --> 00:29:39.980]  即是說萬物
[00:29:39.980 --> 00:29:41.780]  包括你和我人類都是
[00:29:41.780 --> 00:29:42.800]  人已經
[00:29:42.800 --> 00:29:45.880]  所有萬物裡面最不同的了 大家知道
[00:29:45.880 --> 00:29:48.440]  但是在這段聖經裡面 人也是如此
[00:29:48.440 --> 00:29:49.720]  和萬物一樣
[00:29:49.720 --> 00:29:50.480]  要一個
[00:29:50.740 --> 00:29:54.060]  必然的現象的規律 就是我們會越來越差的
[00:29:54.060 --> 00:29:57.900]  我們會越來越敗壞的
[00:29:57.900 --> 00:30:01.740]  這個不是講部落會才講的 這是一個事實
[00:30:01.740 --> 00:30:04.060]  這個事實
[00:30:04.060 --> 00:30:09.680]  我們不想你說 你這麼悲觀 我不是悲觀 這個是一個現實 我不是pessimistic
[00:30:09.680 --> 00:30:11.980]  如果英文來講 我是realistic
[00:30:11.980 --> 00:30:13.520]  聖經是realistic
[00:30:13.520 --> 00:30:16.340]  為什麼呢 因為這個世界是會壞的
[00:30:16.340 --> 00:30:19.660]  這個世界人是會老的 是不是
[00:30:19.920 --> 00:30:21.460]  你不想老都會老的
[00:30:21.460 --> 00:30:24.280]  我現在越來越明白 我63歲了今年
[00:30:24.280 --> 00:30:26.840]  我以前哪有這樣的
[00:30:26.840 --> 00:30:29.900]  我的頭髮都不是這樣的了
[00:30:29.900 --> 00:30:33.480]  你不認老都不行的 人是會老的
[00:30:33.480 --> 00:30:35.280]  你借鹽揸條鞭
[00:30:35.280 --> 00:30:37.580]  都會老的
[00:30:37.580 --> 00:30:41.160]  你胡風跳叉叉 穿件花襯衫都會老的嘛
[00:30:41.160 --> 00:30:44.240]  你一天都會老的 你一天都跳不到叉叉的了
[00:30:44.240 --> 00:30:46.040]  看你熬得多久
[00:30:46.040 --> 00:30:48.600]  我不是黑心 這個是事實 你明白嗎
[00:30:49.620 --> 00:30:50.900]  科學家告訴你
[00:30:50.900 --> 00:30:56.540]  這個世界有一種規律 如果你讀物理學 這個叫second law of thermodynamics
[00:30:56.540 --> 00:30:59.100]  就是你放了一個蘋果在那裏
[00:30:59.100 --> 00:31:01.660]  你不用理它
[00:31:01.660 --> 00:31:03.960]  你不用搞它 就這樣放了它在那裏
[00:31:03.960 --> 00:31:05.760]  由它自己
[00:31:05.760 --> 00:31:09.840]  你過了兩個禮拜回來看的時候 又臭又變成一坨泥
[00:31:09.840 --> 00:31:13.680]  如果你有一個攝影機 有一個攝錄機
[00:31:13.680 --> 00:31:17.280]  攝錄機呢 就可能每個
[00:31:19.820 --> 00:31:21.880]  兩個鐘頭或一個鐘頭拍一張照片
[00:31:21.880 --> 00:31:25.720]  一邊拍 大家都見過這些技術
[00:31:25.720 --> 00:31:27.760]  於是呢 就拍了一套片
[00:31:27.760 --> 00:31:30.320]  那套片呢 就變成快速的
[00:31:30.320 --> 00:31:32.880]  將兩個禮拜縮起來 大概一分鐘
[00:31:32.880 --> 00:31:36.980]  縮出來的時候呢 你當然會見到
[00:31:36.980 --> 00:31:38.780]  那個蘋果呢 很特別的
[00:31:38.780 --> 00:31:43.640]  本來是紅又香又靚的蘋果 我們悉尼的蘋果特別香
[00:31:43.640 --> 00:31:44.660]  我真的很喜歡吃
[00:31:45.420 --> 00:31:49.760]  我發覺呢 看著它又紅又香 慢慢慢慢就變黃 是吧
[00:31:49.760 --> 00:31:52.580]  有時候就爛了 變成一坨泥
[00:31:52.580 --> 00:31:55.660]  OK 這個呢 就是大自然
[00:31:55.660 --> 00:31:59.240]  我們有時候看不到 因為我們的眼睛看不到那麼快
[00:31:59.240 --> 00:32:03.080]  如果將幾個禮拜縮起來 一分鐘呢 我就會看到那個變化
[00:32:03.080 --> 00:32:04.880]  其實大自然是在變化中
[00:32:04.880 --> 00:32:09.480]  但是如果有些人說 很簡單 我將它reverse
[00:32:09.480 --> 00:32:11.780]  倒過來放
[00:32:11.780 --> 00:32:13.580]  那會怎樣呢 見到一坨泥
[00:32:13.840 --> 00:32:18.200]  接著就出一個蘋果 哇 又香又靚 是吧
[00:32:18.200 --> 00:32:20.500]  科學家告訴我們
[00:32:20.500 --> 00:32:27.160]  這個所謂reverse process 逆轉的發生
[00:32:27.160 --> 00:32:29.200]  在這個世界是不會存在的
[00:32:29.200 --> 00:32:31.500]  是不會存在的
[00:32:31.500 --> 00:32:33.560]  只是存在第一種
[00:32:33.560 --> 00:32:35.340]  就是由好變壞
[00:32:35.340 --> 00:32:37.900]  由秩序變沒有秩序
[00:32:37.900 --> 00:32:40.720]  這個是世界的趨勢來的
[00:32:40.980 --> 00:32:45.080]  如果你最多最多加很多外來的因素 比如說
[00:32:45.080 --> 00:32:46.100]  雪著它
[00:32:46.100 --> 00:32:48.140]  平衡它那個水
[00:32:48.140 --> 00:32:53.260]  那個水分的環境
[00:32:53.260 --> 00:32:57.100]  那可以保存得久一點點 可能四個禮拜才壞
[00:32:57.100 --> 00:32:59.420]  但不能夠停止這個壞
[00:32:59.420 --> 00:33:04.280]  就是說一個自然的現象是由有秩序變成沒有秩序
[00:33:04.280 --> 00:33:07.600]  是由優美
[00:33:07.600 --> 00:33:09.140]  變成混沌的
[00:33:09.660 --> 00:33:11.200]  這個是一個事實來的
[00:33:11.200 --> 00:33:13.240]  所以你和我都是會老的
[00:33:13.240 --> 00:33:15.800]  一個社會是會亂的
[00:33:15.800 --> 00:33:17.080]  所以
[00:33:17.080 --> 00:33:18.880]  這樣就很悲觀
[00:33:18.880 --> 00:33:20.920]  我覺得情願
[00:33:20.920 --> 00:33:24.000]  聖經告訴我們 情願你知道這個事實
[00:33:24.000 --> 00:33:26.800]  而連這件事都不肯接受呢
[00:33:26.800 --> 00:33:30.400]  你只是會 又說這麼差的 為什麼呢 是這樣的嘛
[00:33:30.400 --> 00:33:33.460]  我覺得這樣我就快樂一點了 是這樣的
[00:33:33.460 --> 00:33:35.760]  這個世界根本就是這樣
[00:33:35.760 --> 00:33:37.300]  是會越來越壞的
[00:33:37.300 --> 00:33:38.580]  人是越來越病
[00:33:38.840 --> 00:33:41.660]  那我的病怎麼辦 病是正常的
[00:33:41.660 --> 00:33:42.940]  誰會不病呢
[00:33:42.940 --> 00:33:44.740]  如果你能夠這樣看呢
[00:33:44.740 --> 00:33:46.780]  不是在說counseling
[00:33:46.780 --> 00:33:50.880]  這個是聖經告訴我們 萬物和人都會有這種
[00:33:50.880 --> 00:33:53.940]  根本的命運如此
[00:33:53.940 --> 00:33:59.840]  那怎麼辦呢 在這個命運當中就很悲觀
[00:33:59.840 --> 00:34:01.120]  很絕望
[00:34:01.120 --> 00:34:02.900]  那又不是的 聖經說
[00:34:02.900 --> 00:34:06.500]  我們很有趣的 神造我們總有希望的嘛
[00:34:06.500 --> 00:34:08.540]  所以他就說我們
[00:34:08.800 --> 00:34:14.940]  十九節嘛 壽造之物 又說壽造之物了 句句開始都有壽造之物 我們這類人
[00:34:14.940 --> 00:34:16.720]  我們這類的生物是
[00:34:16.720 --> 00:34:18.780]  切忘等候
[00:34:18.780 --> 00:34:20.820]  我們還有個盼望的
[00:34:20.820 --> 00:34:22.620]  這件事
[00:34:22.620 --> 00:34:26.200]  就十三世紀的神學家Thomas Aquinas
[00:34:26.200 --> 00:34:27.480]  就說得很精彩的
[00:34:27.480 --> 00:34:29.520]  他說因為我們是神所造的
[00:34:29.520 --> 00:34:33.120]  其他萬物他自己沒有這個意識
[00:34:33.120 --> 00:34:34.640]  但人有這個意識
[00:34:34.640 --> 00:34:36.440]  我們看見我們天天
[00:34:36.960 --> 00:34:41.060]  生活裏面我們發覺那些事是越來越壞的 有一群人走在一起又會鬥的
[00:34:41.060 --> 00:34:46.420]  不會快樂的 不知道為什麼 人好好的生活不可以嗎 不行的
[00:34:46.420 --> 00:34:52.820]  走在一起意見又不相同 於是就爭奪 甚至最後又出計謀 最後甚至摧毀對方
[00:34:52.820 --> 00:34:53.860]  摧毀對方
[00:34:53.860 --> 00:34:57.180]  為什麼我們世界會這樣的呢 當你在絕望的時候
[00:34:57.180 --> 00:34:58.720]  失望的時候
[00:34:58.720 --> 00:35:01.540]  神學家告訴我們 神很奇妙的
[00:35:01.540 --> 00:35:03.320]  他造我們的時候
[00:35:03.320 --> 00:35:04.860]  在我們心裏面
[00:35:05.120 --> 00:35:07.160]  放下了一種盼望在那裏
[00:35:07.160 --> 00:35:08.960]  盼望就是因為
[00:35:08.960 --> 00:35:12.020]  就好像一個人如果他有一個潛質
[00:35:12.020 --> 00:35:17.140]  他有一個畫畫的藝術的潛質 他總是想畫一幅漂亮的畫 是不是
[00:35:17.140 --> 00:35:18.420]  一個機器
[00:35:18.420 --> 00:35:20.220]  如果他可以
[00:35:20.220 --> 00:35:24.580]  開到車的速率 他總是想
[00:35:24.580 --> 00:35:27.140]  那個機器發揮它的功能
[00:35:27.140 --> 00:35:32.000]  這個是萬物的特質 如果你懂得哲學就知道這個叫做
[00:35:32.000 --> 00:35:32.760]  Aristotelian
[00:35:32.760 --> 00:35:34.300]  阿里士多德的
[00:35:34.560 --> 00:35:36.600]  哲學的一個基礎來的
[00:35:36.600 --> 00:35:39.160]  不過無論如何我們不用理這些哲學的背景
[00:35:39.160 --> 00:35:40.700]  他說我們作為人呢
[00:35:40.700 --> 00:35:41.720]  我們除了
[00:35:41.720 --> 00:35:47.100]  是被造之外 我們被造之外 因為我們不是完美 真正的完美就是神自己
[00:35:47.100 --> 00:35:51.700]  所以我們無論自覺還是不自覺 我們是邁向神自己的完美
[00:35:51.700 --> 00:35:52.980]  去嚮往的
[00:35:52.980 --> 00:35:57.600]  所以有身體 我見到自己有身體 我們是希望健康的
[00:35:57.600 --> 00:35:59.640]  沒有人希望自己不健康的 是不是
[00:35:59.640 --> 00:36:00.420]  很有趣的
[00:36:00.420 --> 00:36:03.480]  我們有一班人走在一起 我們希望大家和諧
[00:36:04.500 --> 00:36:05.780]  希望大家有正義
[00:36:05.780 --> 00:36:07.060]  有公平 是不是
[00:36:07.060 --> 00:36:08.340]  OK
[00:36:08.340 --> 00:36:11.680]  我們人與人間相處 我們希望人是會善的
[00:36:11.680 --> 00:36:16.540]  不要做惡事的 這些是我們作為人的天然那種
[00:36:16.540 --> 00:36:20.380]  神給我們的那種 因為我們被造的時候有這種盼望
[00:36:20.380 --> 00:36:22.180]  好了
[00:36:22.180 --> 00:36:23.460]  現在問題就是
[00:36:23.460 --> 00:36:24.480]  聖經說了
[00:36:24.480 --> 00:36:26.520]  我們有一種盼望 希望好一點
[00:36:26.520 --> 00:36:29.080]  但是現實就越來越差的
[00:36:29.080 --> 00:36:30.880]  這個成為一種張力
[00:36:30.880 --> 00:36:33.180]  成為一種張力
[00:36:33.440 --> 00:36:36.260]  這張力其實是很無奈的 那怎麼辦
[00:36:36.260 --> 00:36:38.820]  我們希望好一點 但事實上是越來越差
[00:36:38.820 --> 00:36:42.140]  那麼我們的出路在哪裡呢
[00:36:42.140 --> 00:36:43.940]  是不是 當然還沒說完
[00:36:43.940 --> 00:36:45.220]  聖經很精彩
[00:36:45.220 --> 00:36:46.740]  接著就說那個
[00:36:46.740 --> 00:36:48.280]  轉捩點來了
[00:36:48.280 --> 00:36:52.380]  有個字真的要搞清楚 因為今天還有一位姐妹
[00:36:52.380 --> 00:36:55.460]  提醒我 上一次我和你講過 你這次又再講錯
[00:36:55.460 --> 00:36:57.240]  今天下午講到的時候
[00:36:57.240 --> 00:37:02.360]  今天有個專家陳耀南教授
[00:37:02.620 --> 00:37:04.920]  這個讀轉捩點 轉捩點呀
[00:37:04.920 --> 00:37:08.500]  吓
[00:37:08.500 --> 00:37:16.700]  你這樣就不行了 你太會做了
[00:37:16.700 --> 00:37:21.060]  轉捩點
[00:37:21.060 --> 00:37:23.360]  轉捩點 是不是
[00:37:23.360 --> 00:37:26.680]  不應該讀轉捩點的 OK 轉捩點
[00:37:26.680 --> 00:37:32.320]  當是啦 OK 幸好今天有個專家在 要不然就一頭大汗了
[00:37:33.600 --> 00:37:36.660]  我們是好朋友 談了很久
[00:37:36.660 --> 00:37:41.020]  聖經很好彩 我感謝主
[00:37:41.020 --> 00:37:44.340]  神知道我們在這個情況 如果停在這裡我們就慘了
[00:37:44.340 --> 00:37:45.880]  我們真的絕望了
[00:37:45.880 --> 00:37:49.220]  是不是 我們希望好一點 但事實上是越來越差
[00:37:49.220 --> 00:37:51.260]  但是有個轉捩點在這裡
[00:37:51.260 --> 00:37:53.820]  在哪裡呢 我想和大家說
[00:37:53.820 --> 00:37:56.380]  轉捩點就是第23節到25節
[00:37:56.380 --> 00:37:59.960]  23節到25節講什麼呢
[00:38:00.220 --> 00:38:04.060]  他說 不但如此23節
[00:38:04.060 --> 00:38:08.160]  就是我們這些有聖靈初結果子的
[00:38:08.160 --> 00:38:10.720]  也是自己心裡歎息
[00:38:10.720 --> 00:38:13.280]  這裡有個不同 我們心裡繼續歎息
[00:38:13.280 --> 00:38:17.120]  不過我們有了一個新的字眼形容出來了
[00:38:17.120 --> 00:38:22.240]  感謝主 我們是聖靈初結果子的
[00:38:22.240 --> 00:38:24.280]  這件事是萬物無的
[00:38:24.280 --> 00:38:26.340]  甚至人都不一定有的
[00:38:26.340 --> 00:38:28.380]  是我們基督徒有的
[00:38:28.900 --> 00:38:33.240]  聖靈初結果子 就是說我們有聖靈的人
[00:38:33.240 --> 00:38:34.780]  我們和神
[00:38:34.780 --> 00:38:38.120]  有一種新的關係 我們認識他
[00:38:38.120 --> 00:38:41.180]  他的靈進入我們裡面
[00:38:41.180 --> 00:38:45.540]  以致我們成為聖靈所結的果子的成果
[00:38:45.540 --> 00:38:50.920]  感謝神 我覺得他真的很疼我們 現在開始和基督徒說話了
[00:38:50.920 --> 00:38:54.500]  一直悲觀到剛剛第22節
[00:38:54.500 --> 00:38:55.520]  都沒有提到
[00:38:55.520 --> 00:38:57.320]  聖靈的工作
[00:38:57.560 --> 00:38:59.100]  23節說了
[00:38:59.100 --> 00:39:02.440]  我們一定要聽清楚了 洗耳恭聽 看聖經怎麼說
[00:39:02.440 --> 00:39:06.780]  他說我現在開始和你說 我們有聖靈初結果子的人
[00:39:06.780 --> 00:39:08.060]  有什麼不同
[00:39:08.060 --> 00:39:10.620]  那個轉變在哪裡
[00:39:10.620 --> 00:39:14.200]  雖然我們心裡也都是歎息
[00:39:14.200 --> 00:39:18.820]  但是我們可以等候著兒子的名份 但是我們身體得贖
[00:39:18.820 --> 00:39:23.940]  第24節 我們得救血在乎盼望 只是所盼望的不是盼望
[00:39:24.200 --> 00:39:28.040]  誰能盼望他所看見的呢 但我們若盼望那所不見的
[00:39:28.040 --> 00:39:31.620]  就必須忍耐 等一下我再說這幾句 很難搞的這幾句
[00:39:31.620 --> 00:39:32.900]  不知道他想說什麼
[00:39:32.900 --> 00:39:34.680]  但其實背後很深的意思
[00:39:34.680 --> 00:39:39.800]  我們所盼望的不是盼望 我見到的人不是盼望 他盼望什麼 你盼望我見不到的那些
[00:39:39.800 --> 00:39:43.140]  這幾句話其實等一下我再慢慢解釋給你聽
[00:39:43.140 --> 00:39:45.960]  但是這裡我們開始看到
[00:39:45.960 --> 00:39:49.280]  有這個新的一個意念出現
[00:39:49.280 --> 00:39:50.820]  就是我們是
[00:39:50.820 --> 00:39:53.380]  神的兒女
[00:39:54.660 --> 00:39:55.940]  得了兒子的名份嘛
[00:39:55.940 --> 00:39:58.760]  我們有聖靈初結果子
[00:39:58.760 --> 00:40:00.040]  好了
[00:40:00.040 --> 00:40:01.840]  說完這些資料了
[00:40:01.840 --> 00:40:04.140]  什麼意思 想說什麼意思
[00:40:04.140 --> 00:40:08.740]  這裡想說一件很重要的事 這個是我今天
[00:40:08.740 --> 00:40:11.040]  和大家在聖經裡面想說的第一樣
[00:40:11.040 --> 00:40:13.100]  第一樣很重要的真理
[00:40:13.100 --> 00:40:15.900]  聖靈
[00:40:15.900 --> 00:40:17.700]  來了
[00:40:17.700 --> 00:40:22.820]  並且聖靈是讓每一個願意接受祂的人
[00:40:22.820 --> 00:40:24.100]  就是我們基督徒
[00:40:24.360 --> 00:40:25.380]  有聖靈的人
[00:40:25.380 --> 00:40:30.500]  有一種逆轉的機會和能力
[00:40:30.500 --> 00:40:33.580]  什麼逆轉的機會和能力呢
[00:40:33.580 --> 00:40:36.140]  就是我們作為萬物
[00:40:36.140 --> 00:40:41.760]  神所做的 我們的走勢就是這樣下去的 是這樣下去的 越來越敗壞 越來越軟弱
[00:40:41.760 --> 00:40:42.780]  這是事實
[00:40:42.780 --> 00:40:49.440]  就算我們希望作為一個人 神創造的人 神學家告訴你 作為一個被造者 被造物
[00:40:49.440 --> 00:40:53.540]  我們嚮往好一點 但是我們嚮往歸嚮往
[00:40:53.800 --> 00:40:57.120]  最後我們見到的 失望歸失望 都是這樣下去的
[00:40:57.120 --> 00:40:58.400]  不過
[00:40:58.400 --> 00:40:59.940]  故事還沒完
[00:40:59.940 --> 00:41:00.960]  還有一件事
[00:41:00.960 --> 00:41:02.760]  還有另外一類的人
[00:41:02.760 --> 00:41:05.060]  這類就是有神自己的靈
[00:41:05.060 --> 00:41:09.680]  稱為神自己的兒女 就是你和我 如果你是基督徒的話 今天我去
[00:41:09.680 --> 00:41:11.720]  向我們基督徒的弟兄姊妹說話
[00:41:11.720 --> 00:41:15.300]  聖經裡面說 如果我們有神自己的聖靈
[00:41:15.300 --> 00:41:16.580]  在我們裡面
[00:41:16.580 --> 00:41:19.400]  和我們成為神兒女的
[00:41:19.400 --> 00:41:21.440]  我們有第三個答案
[00:41:22.220 --> 00:41:25.540]  不是單單一種一廂情願的嚮往
[00:41:25.540 --> 00:41:27.080]  而沒有結果的嚮往
[00:41:27.080 --> 00:41:30.400]  而是我們能夠有一種逆轉的力量
[00:41:30.400 --> 00:41:33.220]  這種逆轉的力量是什麼力量呢
[00:41:33.220 --> 00:41:39.120]  就是聖靈進來的時候 我們看回羅馬書的第八章開始那裡
[00:41:39.120 --> 00:41:41.160]  我印了給大家
[00:41:41.160 --> 00:41:44.240]  第二節到第四節
[00:41:44.240 --> 00:41:47.040]  我印這個是新譯本的譯本 我覺得是
[00:41:47.040 --> 00:41:48.580]  寫得特別好的 譯得
[00:41:48.580 --> 00:41:50.380]  我想讀給大家聽
[00:41:51.140 --> 00:41:54.980]  前面羅馬書第八章第二至四節那裡講了一句很重要的東西
[00:41:54.980 --> 00:41:59.340]  我不知道你讀過很多次這段聖經 你知不知道這段聖經我自己覺得是
[00:41:59.340 --> 00:42:03.940]  我看了之後 我明白了之後 我覺得這段聖經是寶貴到不得了
[00:42:03.940 --> 00:42:06.760]  是一個很特別的禮物來的
[00:42:06.760 --> 00:42:10.340]  他說生命之靈的律釋放了我
[00:42:10.340 --> 00:42:13.920]  使我脫離了罪和死的律
[00:42:13.920 --> 00:42:18.280]  律法因為肉體的軟弱所做不到的
[00:42:18.280 --> 00:42:20.840]  神令我做到了
[00:42:21.600 --> 00:42:24.160]  使律法所要求的義
[00:42:24.160 --> 00:42:30.560]  可以在我們這些不隨從肉體而隨從聖靈去行的人身上
[00:42:30.560 --> 00:42:32.620]  實現出來
[00:42:32.620 --> 00:42:36.700]  實現了什麼
[00:42:36.700 --> 00:42:40.540]  實現了一個我們以往沒有可能實現到的事情
[00:42:40.540 --> 00:42:45.660]  就是本來我們作為一個人 我們肉體所軟弱做不到的
[00:42:45.660 --> 00:42:47.460]  首先他聖經這樣講
[00:42:47.460 --> 00:42:49.000]  聖靈
[00:42:50.020 --> 00:42:51.560]  讓我們做到
[00:42:51.560 --> 00:42:55.900]  這種不是我們可以做到 作為人
[00:42:55.900 --> 00:42:58.720]  作為被做之物 我們都做不到的事情
[00:42:58.720 --> 00:43:03.080]  但是聖靈讓我們做到 我們本來做不到的
[00:43:03.080 --> 00:43:08.200]  當然我們很感恩 因為神用了很大的代價 如果你看羅馬書第八章開始的時候
[00:43:08.200 --> 00:43:10.500]  用什麼代價令我們有這樣的改變
[00:43:10.500 --> 00:43:13.320]  是用他兒子的死的代價
[00:43:13.320 --> 00:43:16.140]  用他自己的兒子的死亡的代價
[00:43:16.380 --> 00:43:20.980]  是用來做什麼 聽清楚了 他用了這麼大的代價換回來的禮物
[00:43:20.980 --> 00:43:24.060]  你跟我不知道就真是虧了
[00:43:24.060 --> 00:43:25.080]  浪費了
[00:43:25.080 --> 00:43:25.860]  他說什麼
[00:43:25.860 --> 00:43:27.140]  就是讓我們
[00:43:27.140 --> 00:43:28.680]  釋放了我們
[00:43:28.680 --> 00:43:32.000]  令到我們本來
[00:43:32.000 --> 00:43:34.300]  做不到的 因為我們
[00:43:34.300 --> 00:43:36.860]  道德的能力上
[00:43:36.860 --> 00:43:39.420]  我們盼望的能力上 做不到的
[00:43:39.420 --> 00:43:40.960]  我們現在
[00:43:40.960 --> 00:43:43.260]  可以做到了 不過當然
[00:43:43.520 --> 00:43:47.100]  不是說從今之後我們變成另外一類人 我們就搞定了 不是
[00:43:47.100 --> 00:43:48.380]  是要給什麼呢
[00:43:48.380 --> 00:43:49.400]  我們要負責任
[00:43:49.400 --> 00:43:53.240]  只是給那些能夠願意隨從聖靈
[00:43:53.240 --> 00:43:55.800]  而不是隨從肉體的人
[00:43:55.800 --> 00:43:59.640]  所以你說我信耶穌的了 我有聖靈的了 但是還不夠
[00:43:59.640 --> 00:44:02.200]  你現在可能仍然會害怕
[00:44:02.200 --> 00:44:03.480]  你仍然會絕望
[00:44:03.480 --> 00:44:05.020]  你仍然沒有盼望
[00:44:05.020 --> 00:44:10.400]  不過如果你願意隨從聖靈 聽聖靈的話 留心聖經怎麼說
[00:44:10.660 --> 00:44:13.740]  現在在心裡面是能夠和聖靈結合一個
[00:44:13.740 --> 00:44:15.020]  緊密的關係
[00:44:15.020 --> 00:44:19.120]  讓聖靈的力量成為你的力量的話 釋放你的力量的話
[00:44:19.120 --> 00:44:22.960]  因為講到什麼 生命之靈的律 很厲害
[00:44:22.960 --> 00:44:26.020]  是一個spirit of life
[00:44:26.020 --> 00:44:27.560]  生命之靈的律
[00:44:27.560 --> 00:44:29.100]  令到你和我可以
[00:44:29.100 --> 00:44:30.880]  成就做到那些
[00:44:30.880 --> 00:44:33.960]  本來肉體軟弱做不到的 現在可以做到了
[00:44:33.960 --> 00:44:37.540]  記住 這個我覺得如果你說是
[00:44:37.540 --> 00:44:38.820]  福音
[00:44:39.080 --> 00:44:41.900]  我們所信的是福音 好消息
[00:44:41.900 --> 00:44:44.200]  這就是其中一個好消息
[00:44:44.200 --> 00:44:50.600]  我很多次和未信耶穌的人講的時候 我都很大膽地說 你知不知道基督教有一個好消息
[00:44:50.600 --> 00:44:52.400]  就是你本來做不到的
[00:44:52.400 --> 00:44:53.680]  你現在做到了
[00:44:53.680 --> 00:44:55.220]  你是不是有好消息
[00:44:55.220 --> 00:44:58.800]  做不到的可以做到 是一個很大的消息
[00:44:58.800 --> 00:45:03.140]  你本來買不到的 現在買到的更大了
[00:45:03.140 --> 00:45:06.980]  我們真是有一種很新的
[00:45:07.760 --> 00:45:10.320]  消息告訴我們 我們有聖靈的人可以做到
[00:45:10.320 --> 00:45:12.620]  那你說我們可以做到些什麼呢
[00:45:12.620 --> 00:45:14.420]  剛才講了這麼久好像很抽象
[00:45:14.420 --> 00:45:15.700]  一點都不抽象
[00:45:15.700 --> 00:45:18.000]  我們看回聖經
[00:45:18.000 --> 00:45:19.800]  首先我們剛才說
[00:45:19.800 --> 00:45:22.360]  聖經肯定告訴我們 我們願意
[00:45:22.360 --> 00:45:24.920]  隨從聖靈 有聖靈的人
[00:45:24.920 --> 00:45:29.020]  我們有一種逆轉的能力 逆向的力量
[00:45:29.020 --> 00:45:34.640]  如果用神學的角度 或者用Thomas Aquinas的講法
[00:45:34.640 --> 00:45:36.940]  就是我們有一種超聖
[00:45:38.220 --> 00:45:40.020]  超越的超 超級的超
[00:45:40.020 --> 00:45:41.560]  我們有本性
[00:45:41.560 --> 00:45:43.100]  但我們有超聖
[00:45:43.100 --> 00:45:45.140]  那個超聖不是屬於我們的
[00:45:45.140 --> 00:45:47.960]  是神進駐我們生命裏面的時候
[00:45:47.960 --> 00:45:49.240]  我們本來沒有的
[00:45:49.240 --> 00:45:55.640]  本來是雅氣來的 你聽聖經就開始 其實很多地方都在講這件事 不過用了不同的字眼
[00:45:55.640 --> 00:45:58.200]  剛才不是說我們是
[00:45:58.200 --> 00:46:00.240]  寶貝
[00:46:00.240 --> 00:46:02.280]  在一個雅氣裏面
[00:46:02.280 --> 00:46:03.320]  就是這個意思
[00:46:03.320 --> 00:46:05.880]  寶貝在雅氣裏面
[00:46:06.140 --> 00:46:07.940]  你和我都是雅氣來的
[00:46:07.940 --> 00:46:10.760]  聖經從來都沒有
[00:46:10.760 --> 00:46:16.380]  強行安慰我們 對不起 你是雅氣來的 你和我都是雅氣來的 你們很厲害
[00:46:16.380 --> 00:46:18.440]  讀書多了就厲害了
[00:46:18.440 --> 00:46:19.980]  經驗多了就厲害了
[00:46:19.980 --> 00:46:22.280]  做那些大生意很成功的很厲害
[00:46:22.280 --> 00:46:24.060]  我們都是雅氣來的
[00:46:24.060 --> 00:46:25.600]  不是說詆毀你
[00:46:25.600 --> 00:46:27.660]  而是說我們其實是很脆弱的
[00:46:27.660 --> 00:46:31.740]  我脆什麼弱 我不知道多厲害 剛才一樣 對不起 如果你這樣說的時候
[00:46:32.000 --> 00:46:36.340]  真的要打低你打碎你這種看法你才能走出去
[00:46:36.340 --> 00:46:39.680]  我很厲害的 我做生意 誰救我來的
[00:46:39.680 --> 00:46:40.700]  你不病嗎
[00:46:40.700 --> 00:46:44.800]  年初三
[00:46:44.800 --> 00:46:50.420]  蒸頭樓樓說這些話 對不起 基督徒有時候是很壞的
[00:46:50.420 --> 00:46:52.220]  但這個是事實
[00:46:52.220 --> 00:46:54.260]  我都經歷過
[00:46:54.260 --> 00:46:57.860]  我讀書 我自己都說我讀了很多學位
[00:46:58.100 --> 00:47:02.720]  我給我一本書 多難讀都看得到 我告訴你當我一頭痛的時候我什麼都看不到
[00:47:02.720 --> 00:47:04.500]  你厲害什麼
[00:47:04.500 --> 00:47:05.540]  什麼都不厲害
[00:47:05.540 --> 00:47:09.880]  人真的看見自己是雅氣你才開始明白自己
[00:47:09.880 --> 00:47:15.780]  我相信很多人都聽明白我說什麼 今天我不用游說你 因為你不是非基督徒
[00:47:15.780 --> 00:47:17.820]  如果我是說葡萄會
[00:47:17.820 --> 00:47:19.860]  就要多放一點藥進去
[00:47:19.860 --> 00:47:22.940]  游說到你承認自己是不行為止
[00:47:22.940 --> 00:47:26.020]  但我們都知道 你和我都知道 我們真是雅氣
[00:47:26.260 --> 00:47:31.120]  不過精彩之處是我們雅氣裏面有寶貝
[00:47:31.120 --> 00:47:32.400]  寶貝是寶貝
[00:47:32.400 --> 00:47:33.940]  寶貝不等於雅氣
[00:47:33.940 --> 00:47:38.800]  請你不要以為慢慢寶貝在你裏面就成為雅氣 這個寶貝是什麼 寶貝就是聖靈
[00:47:38.800 --> 00:47:43.160]  剛才說我們自己拿不到回來 是神給我們的
[00:47:43.160 --> 00:47:46.220]  是用他的兒子的死的代價來換回來
[00:47:46.220 --> 00:47:49.040]  給我們 釋放我們的力量 就是這個寶貝
[00:47:49.040 --> 00:47:51.340]  所以記住我們真是雅氣
[00:47:51.340 --> 00:47:53.900]  有兩方面去理解
[00:47:54.160 --> 00:47:58.000]  當我們累到 或者我們面對人生很大的困難的時候
[00:47:58.000 --> 00:48:00.820]  我們根本走投無路的時候 發覺自己真是一無是處
[00:48:00.820 --> 00:48:03.380]  很無奈的時候 我告訴自己
[00:48:03.380 --> 00:48:08.240]  我裏面還有個寶貝在這裏 我做不到 是呀我承認我是雅氣 一個坑就爛了
[00:48:08.240 --> 00:48:10.040]  但我裏面有寶貝
[00:48:10.040 --> 00:48:13.100]  所以我永遠都繼續可以走下去
[00:48:13.100 --> 00:48:16.180]  另外一個角度 倒轉頭
[00:48:16.180 --> 00:48:19.000]  當幾時我開始忘記了我是雅氣
[00:48:19.000 --> 00:48:22.060]  以為自己就是那個寶貝 有時我們都會這麼傻的
[00:48:22.320 --> 00:48:25.640]  我都會 我不知道 我不想說你 我說我自己 有時都會的
[00:48:25.640 --> 00:48:29.240]  那些人說很好 你講到講到好
[00:48:29.240 --> 00:48:33.840]  這裏說這本書真的幫了我很多 心裏慢慢覺得自己就是那個寶貝的時候
[00:48:33.840 --> 00:48:34.860]  提醒自己
[00:48:34.860 --> 00:48:36.140]  我只不過是雅氣來的
[00:48:36.140 --> 00:48:39.740]  發揮那個能力的真是感動人的心的 是那個寶貝
[00:48:39.740 --> 00:48:42.300]  所以這個寶貝雅氣這個例子
[00:48:42.300 --> 00:48:44.340]  就是剛才我們所說的那幅圖畫
[00:48:44.340 --> 00:48:45.620]  我們裏面
[00:48:45.620 --> 00:48:48.700]  是呀 我們在人的角度來看是悲情
[00:48:48.700 --> 00:48:52.020]  但是當我們有這個寶貝在裏面的時候
[00:48:52.540 --> 00:48:53.820]  我們發覺我們就開始去
[00:48:53.820 --> 00:48:55.860]  走出另外一種的把握
[00:48:55.860 --> 00:49:00.220]  把握不是因為你和我知道希望這個世界會越來越好
[00:49:00.220 --> 00:49:02.000]  甚至我們
[00:49:02.000 --> 00:49:03.540]  未必是發現到
[00:49:03.540 --> 00:49:07.120]  在這個越來越壞的世界裏面 起碼我們保到我自己那份
[00:49:07.120 --> 00:49:09.180]  幸運而已 沒那些人那麼慘
[00:49:09.180 --> 00:49:11.740]  幸運我早點就買了那間屋
[00:49:11.740 --> 00:49:16.580]  行了 現在那些人才去買 活該 哪裏買得到
[00:49:16.580 --> 00:49:19.660]  賺得來都不夠給什麼首期
[00:49:19.920 --> 00:49:22.480]  你又講風涼話 你不要那麼快講風涼話
[00:49:22.480 --> 00:49:29.140]  你今天以為你在這個必然的越來越困難的世界裏面 你能抱得住你那些部份
[00:49:29.140 --> 00:49:31.440]  我不是又是講烏鴉嘴 是不是
[00:49:31.440 --> 00:49:36.300]  你不要那麼厚相 你真的不要那麼厚相 我自己
[00:49:36.300 --> 00:49:40.660]  我到了這個年紀 我認識那麼多朋友 我自己人生裏經歷過的時候
[00:49:40.660 --> 00:49:43.980]  你有什麼你夠膽說我一定行
[00:49:44.760 --> 00:49:50.900]  一下子就來了 這種叫做不能預測的世界 沒有滿體安全感
[00:49:50.900 --> 00:49:52.940]  什麼都可以發生的世界裏面
[00:49:52.940 --> 00:49:55.000]  你真的不要以為你自己是很厲害
[00:49:55.000 --> 00:49:56.780]  當我們
[00:49:56.780 --> 00:50:03.180]  不能夠將我們的安全感壓在我們手頭所拿著的東西身上的時候
[00:50:03.180 --> 00:50:05.740]  我們的安全感壓在哪裏
[00:50:05.740 --> 00:50:07.800]  壓在裏面的寶貝
[00:50:07.800 --> 00:50:10.620]  寶貝有什麼具體的安全感
[00:50:10.860 --> 00:50:15.220]  最具體的安全感就是不用告訴你我們會有些什麼
[00:50:15.220 --> 00:50:18.040]  是因為神自己看著
[00:50:18.040 --> 00:50:23.420]  我想再很嚴重的和大家講
[00:50:23.420 --> 00:50:27.000]  我這樣的講法 聖經這樣的講法絕對不是抽象
[00:50:27.000 --> 00:50:31.340]  這個就正是剛才我們說的 讀也讀不明白的那句話
[00:50:31.340 --> 00:50:33.900]  看不見又見到又看不見的那句話
[00:50:33.900 --> 00:50:35.440]  我再讀一次給你聽
[00:50:35.440 --> 00:50:36.980]  那句話想講什麼
[00:50:37.500 --> 00:50:41.340]  我希望我不會講得太深 但我這句話事實上是很深刻
[00:50:41.340 --> 00:50:42.620]  他說
[00:50:42.620 --> 00:50:44.660]  第24節那裏
[00:50:44.660 --> 00:50:46.200]  他說我們得救
[00:50:46.200 --> 00:50:47.980]  現在我們在講得救
[00:50:47.980 --> 00:50:53.360]  不是在講信耶穌的得救 就是在這種絕望的狀態當中我們怎麼可以
[00:50:53.360 --> 00:51:00.020]  重新有個盼望的得救呢 我怎麼可以在這種心境 在這種絕望的心境裏面被救拔出來呢
[00:51:00.020 --> 00:51:03.100]  他說我們如果得救是在乎盼望
[00:51:04.120 --> 00:51:08.480]  只是所見的盼望不是盼望誰還盼望他所見的呢
[00:51:08.480 --> 00:51:15.380]  我們見到的盼望都不是我們盼望 剛才我講到這裏 你要明白我講的是什麼 聖經就是這樣講
[00:51:15.380 --> 00:51:19.740]  我們見到的盼望就是我們以為我們拿著我們的存摺我們有盼望
[00:51:19.740 --> 00:51:23.060]  拿著我的塔樓我有盼望
[00:51:23.060 --> 00:51:25.880]  拿著我的財產我有盼望
[00:51:25.880 --> 00:51:29.980]  拿著我幾個朋友這幾個friend支持我的有盼望
[00:51:29.980 --> 00:51:31.520]  大家都知道
[00:51:31.520 --> 00:51:33.560]  有一天你和我都會明白
[00:51:34.320 --> 00:51:35.360]  那些盼望不是盼望
[00:51:35.360 --> 00:51:38.420]  所見的盼望都可以不是盼望的時候
[00:51:38.420 --> 00:51:39.700]  那怎麼辦呢
[00:51:39.700 --> 00:51:42.000]  這句就難了 來了二十五節
[00:51:42.000 --> 00:51:43.040]  精彩到絕倫
[00:51:43.040 --> 00:51:44.560]  但是難到不得了
[00:51:44.560 --> 00:51:51.220]  但我們若盼望那所不見的就必忍耐等候 就是說如果我們盼望那些
[00:51:51.220 --> 00:51:54.820]  見到的不是盼望我們就盼望那些看不見的 愚民的意思
[00:51:54.820 --> 00:51:57.880]  什麼叫看不見
[00:51:57.880 --> 00:52:02.480]  我用一個字眼來表達
[00:52:03.760 --> 00:52:05.820]  什麼叫沒有框框的盼望
[00:52:05.820 --> 00:52:09.400]  什麼叫沒有框框的盼望
[00:52:09.400 --> 00:52:12.220]  沒有框框的盼望
[00:52:12.220 --> 00:52:13.740]  這個意思就是
[00:52:13.740 --> 00:52:16.560]  我們盼望都有些內容的嘛 是不是
[00:52:16.560 --> 00:52:19.900]  但是當一個人他有聖靈在他裏面
[00:52:19.900 --> 00:52:22.200]  有把握力量的時候
[00:52:22.200 --> 00:52:26.040]  他有個勇氣去盼望一些沒有內容的盼望
[00:52:26.040 --> 00:52:30.380]  什麼叫沒有內容的盼望 就是給你一張blank check 神話填進去
[00:52:30.380 --> 00:52:33.200]  我知道你不會搞錯
[00:52:33.460 --> 00:52:36.020]  你填吧 你填什麼 這個就是我的盼望
[00:52:36.020 --> 00:52:41.640]  不是說 神啊我現在的盼望多給我五十萬
[00:52:41.640 --> 00:52:43.700]  奧幣我就搞定了
[00:52:43.700 --> 00:52:45.240]  我就過關了
[00:52:45.240 --> 00:52:48.040]  這個是可見的盼望 你明不明白
[00:52:48.040 --> 00:52:52.140]  到有一天你發覺可見的盼望都不是盼望的時候
[00:52:52.140 --> 00:52:55.220]  聖經很精彩 你的盼望是看不見的
[00:52:55.220 --> 00:52:58.280]  盼望看不見就是什麼 你不要再寫任何盼望
[00:52:58.280 --> 00:53:01.360]  你將一切的盼望放在對神的信任那裏
[00:53:04.440 --> 00:53:07.520]  給一張沒有內容的 blank check 給神
[00:53:07.520 --> 00:53:08.540]  你填進去
[00:53:08.540 --> 00:53:10.320]  你想怎樣就怎樣
[00:53:10.320 --> 00:53:13.920]  一剎那 突然間你的心裏面就放得低了
[00:53:13.920 --> 00:53:17.240]  你不再堅持你自己要些什麼
[00:53:17.240 --> 00:53:18.760]  不要些什麼
[00:53:18.760 --> 00:53:20.820]  希望下一個得到些什麼
[00:53:20.820 --> 00:53:25.160]  聖經說如果你仍然停留在那裏
[00:53:25.160 --> 00:53:26.440]  不是說你錯
[00:53:26.440 --> 00:53:30.800]  不過始終有一天你發覺那個盼望 可見的盼望 你講得出來的盼望
[00:53:30.800 --> 00:53:32.340]  都可以不成為你的盼望
[00:53:33.880 --> 00:53:39.200]  你聽得明白我想講什麼嗎 是深一點的 但這句聖經是這樣講的 我一定要按照聖經這樣講
[00:53:39.200 --> 00:53:41.500]  他就說盼望是看不見的
[00:53:41.500 --> 00:53:44.320]  看不見是什麼 神看得見你也看不見
[00:53:44.320 --> 00:53:45.360]  我不用見了
[00:53:45.360 --> 00:53:47.380]  到有一天你和神說我不見
[00:53:47.380 --> 00:53:48.920]  你說什麼就什麼
[00:53:48.920 --> 00:53:50.460]  我給你決定
[00:53:50.460 --> 00:53:53.260]  在那一剎那 突然間你的心裏面就安了
[00:53:53.260 --> 00:53:56.360]  你那種本體性的安全感出來了
[00:53:56.360 --> 00:53:57.620]  媽媽又在這裏了
[00:53:57.620 --> 00:54:00.200]  因為你不需要問媽媽做什麼
[00:54:00.200 --> 00:54:01.720]  只要媽媽在這裏
[00:54:01.720 --> 00:54:03.260]  只要神在這裏
[00:54:04.020 --> 00:54:05.300]  我知道我不會搞錯
[00:54:05.300 --> 00:54:06.340]  他不會搞錯
[00:54:06.340 --> 00:54:10.160]  我知道一頂尖 哇這個
[00:54:10.160 --> 00:54:13.200]  很厲害的 這個境界很高的
[00:54:13.200 --> 00:54:19.600]  幸好我還有點時間 繼續講羅馬雙十八章還沒講完的 如果停在這裏都辛苦的
[00:54:19.600 --> 00:54:21.420]  神很精彩 我覺得
[00:54:21.420 --> 00:54:25.220]  接著羅馬雙十八章下面那裏繼續講的 你不用擔心 我會繼續講
[00:54:25.220 --> 00:54:27.540]  不過我現在先要你明白那件事
[00:54:27.540 --> 00:54:31.380]  你發覺其實不是說很抽象
[00:54:31.900 --> 00:54:34.460]  更加不是說
[00:54:34.460 --> 00:54:37.280]  好像是天方夜譚那樣 不是的
[00:54:37.280 --> 00:54:41.120]  你發覺這個世間裏面有很多基督徒 甚至在你身邊的
[00:54:41.120 --> 00:54:42.900]  或者你打開一些
[00:54:42.900 --> 00:54:46.740]  屬靈的偉人的傳記 基督徒都很愛著基督徒
[00:54:46.740 --> 00:54:48.540]  其實他都在走這些路的
[00:54:48.540 --> 00:54:53.920]  他沒有任何東西要求神的
[00:54:53.920 --> 00:54:55.700]  他只是和神說
[00:54:55.700 --> 00:54:58.020]  空白的 沒有框框的給你
[00:54:58.020 --> 00:54:59.540]  你說什麼就什麼
[00:55:00.820 --> 00:55:03.900]  這種是一種絕對信任的勇氣
[00:55:03.900 --> 00:55:10.300]  我記得我在九十年代的時候 當時我們香港教會
[00:55:10.300 --> 00:55:12.340]  為一位宣教士祈禱
[00:55:12.340 --> 00:55:16.700]  那位宣教士很有意思的 美國的宣教士其實他很厲害的
[00:55:16.700 --> 00:55:20.020]  他自己也是一個醫生 也是一個
[00:55:20.020 --> 00:55:21.820]  教授 大學裏面的老師
[00:55:21.820 --> 00:55:23.860]  但是神呼召他
[00:55:23.860 --> 00:55:28.720]  給他一個感動 他很清楚 呼召他去泰國北面做宣教的工作
[00:55:28.980 --> 00:55:33.080]  當年的泰北都沒有現在這麼開發
[00:55:33.080 --> 00:55:34.100]  什麼都沒有
[00:55:34.100 --> 00:55:35.120]  他就去了
[00:55:35.120 --> 00:55:36.660]  放下一切就去了
[00:55:36.660 --> 00:55:41.260]  所以我們教會知道這件事 同一個宗派 我們就特別
[00:55:41.260 --> 00:55:44.080]  提名的為他禱告 很支持這個
[00:55:44.080 --> 00:55:49.200]  令我們佩服的宣教士 這是美國的宣教士
[00:55:49.200 --> 00:55:50.740]  就去到那裏
[00:55:50.740 --> 00:55:52.780]  去到那裏都還沒有三年
[00:55:52.780 --> 00:55:56.880]  我們一直關心他 希望可以各方面支持他
[00:55:57.400 --> 00:56:01.760]  未夠三年就傳來一個消息 他突然間得到一個很嚴重的病
[00:56:01.760 --> 00:56:03.300]  在泰國北面
[00:56:03.300 --> 00:56:06.880]  嚴重到醫生說可能沒得救了這個病
[00:56:06.880 --> 00:56:08.920]  那時候他很難過
[00:56:08.920 --> 00:56:10.200]  三年都還沒有
[00:56:10.200 --> 00:56:14.300]  他放下了美國那些優越的生活 很多錢
[00:56:14.300 --> 00:56:16.860]  這樣的身份 又那麼厲害
[00:56:16.860 --> 00:56:19.160]  去到那裏 為神的工作都還沒有三年
[00:56:19.160 --> 00:56:20.960]  就說要死了
[00:56:20.960 --> 00:56:24.540]  那時候很難過 記得我們全個教會 尤其是我們的
[00:56:24.540 --> 00:56:25.820]  代禱小組
[00:56:26.080 --> 00:56:29.140]  為那個宣教士 我們很擔心 我們努力為他祈禱
[00:56:29.140 --> 00:56:33.240]  我們試過禁食的 連續24小時接力禁食的
[00:56:33.240 --> 00:56:35.800]  為這個宣教士祈禱
[00:56:35.800 --> 00:56:37.600]  果然神好奇妙
[00:56:37.600 --> 00:56:38.880]  做了很大的工作
[00:56:38.880 --> 00:56:45.280]  其中我忘記多久了 都有一段日子以前 大概都是一兩個禮拜左右
[00:56:45.280 --> 00:56:49.380]  那個消息傳來 醫生說很奇妙
[00:56:49.380 --> 00:56:51.420]  病情有轉機
[00:56:51.420 --> 00:56:52.960]  很大的轉機
[00:56:53.220 --> 00:56:57.320]  是很難以理解的 我記得那時候很興奮 收到消息
[00:56:57.320 --> 00:57:02.180]  叫出來Hallelujah 繼續祈祷 繼續祈祷
[00:57:02.180 --> 00:57:03.200]  終於
[00:57:03.200 --> 00:57:05.000]  不夠半年之內
[00:57:05.000 --> 00:57:06.780]  他竟然可以完全地痊癒
[00:57:06.780 --> 00:57:07.560]  出來
[00:57:07.560 --> 00:57:09.340]  我們心裏面很開心
[00:57:09.340 --> 00:57:11.400]  不得了 我們真是為他
[00:57:11.400 --> 00:57:13.700]  我還記得開了一個小型的慶祝會
[00:57:13.700 --> 00:57:16.520]  雖然他不知道 我們也拍了照片
[00:57:16.520 --> 00:57:20.360]  希望寄給他看 當時還沒有這樣的禮物
[00:57:20.620 --> 00:57:24.980]  要寄給他 當時很複雜 寄到他還會掉色
[00:57:24.980 --> 00:57:27.800]  總而言之我記得當時是這樣
[00:57:27.800 --> 00:57:28.560]  好了
[00:57:28.560 --> 00:57:30.600]  這件事之後
[00:57:30.600 --> 00:57:32.660]  不夠兩年
[00:57:32.660 --> 00:57:34.200]  一年多左右
[00:57:34.200 --> 00:57:36.240]  突然間消息傳來
[00:57:36.240 --> 00:57:37.260]  病有復發
[00:57:37.260 --> 00:57:41.360]  我們就很失望 證實我們只是潑冷水
[00:57:41.360 --> 00:57:45.200]  剛剛慶祝會還沒過的興奮
[00:57:45.200 --> 00:57:46.740]  突然間說有復發
[00:57:46.740 --> 00:57:49.040]  而且這次復發的時候
[00:57:49.300 --> 00:57:51.080]  那個
[00:57:51.080 --> 00:57:53.400]  劇烈的程度和那種毒
[00:57:53.400 --> 00:57:54.420]  更厲害
[00:57:54.420 --> 00:57:57.240]  這次醫生就說肯定
[00:57:57.240 --> 00:58:00.300]  從任何角度來說 從醫學角度來說
[00:58:00.300 --> 00:58:02.100]  大概只剩下一兩個月
[00:58:02.100 --> 00:58:03.120]  是不會再有命的
[00:58:03.120 --> 00:58:05.680]  我心裏面就很難過
[00:58:05.680 --> 00:58:08.240]  我想你明白那種難過
[00:58:08.240 --> 00:58:11.320]  難過得令我們很擔心
[00:58:11.320 --> 00:58:13.360]  孫教士怎麼想呢
[00:58:13.360 --> 00:58:15.660]  是不是一場這樣的心
[00:58:15.660 --> 00:58:17.460]  這樣的奉獻
[00:58:18.480 --> 00:58:20.520]  去做這個孫教的工作
[00:58:20.520 --> 00:58:21.800]  有這樣的人才
[00:58:21.800 --> 00:58:22.840]  竟然
[00:58:22.840 --> 00:58:25.900]  幾年都不夠五年
[00:58:25.900 --> 00:58:27.960]  碰見生命要結束
[00:58:27.960 --> 00:58:33.580]  最後我們就請了兩位弟兄 派了他過去探訪孫教士
[00:58:33.580 --> 00:58:37.680]  去鼓勵他 我們希望可以鼓勵他 支持他
[00:58:37.680 --> 00:58:39.980]  這兩個弟兄去完回來
[00:58:39.980 --> 00:58:42.040]  講了一些見證 我到今天都記得
[00:58:42.040 --> 00:58:43.060]  很感動
[00:58:43.060 --> 00:58:46.120]  這兩位弟兄去到
[00:58:46.640 --> 00:58:48.940]  太北的時候看到孫教士已經在醫院
[00:58:48.940 --> 00:58:52.520]  瘦得不得了 不成人狀 奄奄一息
[00:58:52.520 --> 00:58:53.540]  躺在床上
[00:58:53.540 --> 00:58:59.180]  這兩位弟兄說我們進到病床旁邊都不知道該說什麼
[00:58:59.180 --> 00:59:02.260]  都不知道該怎麼鼓勵他 我們自己都啞口無言
[00:59:02.260 --> 00:59:03.780]  說什麼都不知道該說什麼
[00:59:03.780 --> 00:59:06.860]  怎麼說都說不通
[00:59:06.860 --> 00:59:08.400]  不知道該怎麼鼓勵他
[00:59:08.400 --> 00:59:11.460]  於是其中一個弟兄就鼓起勇氣說
[00:59:11.460 --> 00:59:13.520]  某某弟兄 就是孫教士
[00:59:14.020 --> 00:59:16.840]  他說你會不會因為這些事所發生的事
[00:59:16.840 --> 00:59:18.380]  對神有埋怨
[00:59:18.380 --> 00:59:19.920]  或者失去信心呢
[00:59:19.920 --> 00:59:23.240]  那位孫教士的弟兄真是
[00:59:23.240 --> 00:59:24.780]  他望著他們
[00:59:24.780 --> 00:59:26.060]  笑一笑
[00:59:26.060 --> 00:59:29.120]  他用英文當然會是
[00:59:29.120 --> 00:59:31.700]  他講了幾句話
[00:59:31.700 --> 00:59:36.040]  他說
[00:59:36.040 --> 00:59:38.340]  當日
[00:59:38.340 --> 00:59:41.420]  耶穌叫拉撒路從寫裡面復活
[00:59:41.420 --> 00:59:42.700]  是一個神蹟
[00:59:45.000 --> 00:59:45.760]  但是
[00:59:45.760 --> 00:59:48.060]  始終拉撒路都會死的
[00:59:48.060 --> 00:59:52.160]  拉撒路都會老的 他都會死的
[00:59:52.160 --> 00:59:53.960]  不過拉撒路
[00:59:53.960 --> 00:59:57.280]  當他老和病和死的時候他有一件事不同
[00:59:57.280 --> 01:00:00.360]  他說因為拉撒路已經經歷過神
[01:00:00.360 --> 01:00:03.160]  耶穌令他復活的神蹟
[01:00:03.160 --> 01:00:04.960]  他是不會再怕死的
[01:00:04.960 --> 01:00:08.040]  接著他說了兩句話我到現在都很記得
[01:00:08.040 --> 01:00:09.320]  我想和大家分享
[01:00:09.320 --> 01:00:10.860]  他說我
[01:00:11.120 --> 01:00:14.700]  幾年前我在美國的時候我聽見神對我說
[01:00:14.700 --> 01:00:15.480]  Go
[01:00:15.480 --> 01:00:16.760]  進去吧
[01:00:16.760 --> 01:00:18.540]  於是我就來了太北
[01:00:18.540 --> 01:00:21.620]  他說現在我又聽見神跟我說
[01:00:21.620 --> 01:00:22.380]  Come
[01:00:22.380 --> 01:00:23.160]  回來吧
[01:00:23.160 --> 01:00:24.940]  我就隨時預備好
[01:00:24.940 --> 01:00:25.960]  回去見祂
[01:00:25.960 --> 01:00:28.020]  生命就是這麼簡單
[01:00:28.020 --> 01:00:30.060]  有什麼埋怨呢
[01:00:30.060 --> 01:00:34.920]  我真的聽了之後心裡有很大很大的安慰
[01:00:34.920 --> 01:00:36.460]  也有很大的鼓勵
[01:00:36.460 --> 01:00:38.260]  我想這個就是
[01:00:38.520 --> 01:00:41.580]  你明白這種就是那種沒有框框的盼望的人
[01:00:41.580 --> 01:00:42.860]  所擁有那種氣質
[01:00:42.860 --> 01:00:45.420]  神說你Go我就去
[01:00:45.420 --> 01:00:46.960]  神說Come我就回去
[01:00:46.960 --> 01:00:47.980]  什麼時候
[01:00:47.980 --> 01:00:50.800]  我沒有為自己定任何的東西
[01:00:50.800 --> 01:00:56.440]  我想剛才他說了這句話我當然明白 你明不明白今天有一段聖經
[01:00:56.440 --> 01:01:00.780]  拉撒路都會死的 我們經常都以為拉撒路復活了之後不會死的 他都會死的
[01:01:00.780 --> 01:01:03.100]  他都會老的 那他老了怎麼辦
[01:01:03.100 --> 01:01:05.140]  他就求耶穌再復活他
[01:01:05.140 --> 01:01:07.960]  不是的 這個世界根本是會老的
[01:01:08.460 --> 01:01:12.300]  不過你在這個日子裡面你經歷過神自己那種
[01:01:12.300 --> 01:01:16.400]  逆轉的神蹟的話 在你的生命裡面你經歷過
[01:01:16.400 --> 01:01:19.480]  我相信我弟兄姊妹你都經歷過 我經歷過很多次
[01:01:19.480 --> 01:01:23.060]  我相信你一定要經歷 如果你沒經歷過你肯定你都不明白我說什麼
[01:01:23.060 --> 01:01:24.600]  如果你經歷過
[01:01:24.600 --> 01:01:26.640]  神在你的生命裡面真的做了一些
[01:01:26.640 --> 01:01:28.440]  你真的說沒有可能的
[01:01:28.440 --> 01:01:30.740]  你就知道什麼叫逆轉的力量
[01:01:30.740 --> 01:01:34.320]  在那件事上面你自己才知道你記得的
[01:01:34.320 --> 01:01:37.900]  那件事上面根本看見從人的角度人的推算
[01:01:38.420 --> 01:01:41.740]  人的預測全部都是這樣的時候
[01:01:41.740 --> 01:01:45.080]  竟然就是神這樣反轉他 就是這樣回頭
[01:01:45.080 --> 01:01:48.140]  你就見到那個聖靈那個逆轉的力量在那裏
[01:01:48.140 --> 01:01:50.440]  在你生命裡面你經歷過
[01:01:50.440 --> 01:01:53.260]  雖然這個世界仍然是一直這樣去的
[01:01:53.260 --> 01:01:57.100]  你的生命一直都是這樣 我們周圍的事情一直都是這樣
[01:01:57.100 --> 01:01:59.400]  越來越敗壞越來越失望的
[01:01:59.400 --> 01:02:03.240]  不過我們有一種不同的眼光去看 因為我們知道
[01:02:03.240 --> 01:02:06.320]  這個只不過是一個雅氣 雅氣裡面有寶貝
[01:02:06.580 --> 01:02:08.620]  或者保羅所說的話是什麼
[01:02:08.620 --> 01:02:11.960]  就是說我們外體雖然一天一天的毀壞
[01:02:11.960 --> 01:02:14.760]  但是我們內心可以一天一天的
[01:02:14.760 --> 01:02:16.300]  越來越新
[01:02:16.300 --> 01:02:19.880]  這個就是基督教信仰那種神奇之處
[01:02:19.880 --> 01:02:23.480]  我們外體的毀壞是無可避免的
[01:02:23.480 --> 01:02:24.760]  不過
[01:02:24.760 --> 01:02:26.280]  我們有一樣東西
[01:02:26.280 --> 01:02:29.620]  是這個世界的規律無法控制的
[01:02:29.620 --> 01:02:31.160]  打不低的
[01:02:31.160 --> 01:02:35.500]  就是我們心裡面神給我們的聖靈的力量越來越強
[01:02:35.760 --> 01:02:36.800]  越來越更新
[01:02:36.800 --> 01:02:40.880]  到一個地步就像我剛剛說的 分享的那位太北的宣教弟兄那樣
[01:02:40.880 --> 01:02:42.160]  就是這麼簡單
[01:02:42.160 --> 01:02:43.960]  我經歷過了嘛
[01:02:43.960 --> 01:02:49.080]  我經歷過神不可能的時候醫好我 就好像拉薩路復活的經歷
[01:02:49.080 --> 01:02:51.120]  現在我再病有什麼重要
[01:02:51.120 --> 01:02:55.220]  我遲早都會死的了 我今年不死 我過了十年之後二十年我都會死的了
[01:02:55.220 --> 01:02:57.520]  他弟兄的意思就是這樣 不是悲觀
[01:02:57.520 --> 01:03:00.340]  而是一種的悲情裡面一種
[01:03:00.340 --> 01:03:04.180]  一種從神而來的樂觀的盼望
[01:03:04.440 --> 01:03:06.740]  丙姐妹你們明白多少了吧
[01:03:06.740 --> 01:03:08.280]  這個意思就是這樣
[01:03:08.280 --> 01:03:11.600]  問題我們有沒有這一種新的盼望
[01:03:11.600 --> 01:03:13.900]  一種沒有框框的盼望
[01:03:13.900 --> 01:03:16.460]  今天如果你和我的人生裡面
[01:03:16.460 --> 01:03:21.340]  還是將我們所有盼望是投資在壓在那些有框框的
[01:03:21.340 --> 01:03:24.140]  看得到的東西上面的時候 我不是說你錯
[01:03:24.140 --> 01:03:25.420]  不過對不起了
[01:03:25.420 --> 01:03:27.740]  遲早有一天你會發覺
[01:03:27.740 --> 01:03:30.300]  其實不是好像你想像中那麼有把握
[01:03:30.300 --> 01:03:33.880]  你不要說我散播這樣的悲觀言論
[01:03:34.140 --> 01:03:35.420]  這是一個事實
[01:03:35.420 --> 01:03:40.020]  剛才我用了一個詞不是pessimistic 你不要說我pessimistic 我是realistic的
[01:03:40.020 --> 01:03:42.060]  你面對這件事
[01:03:42.060 --> 01:03:43.600]  但問題你有沒有
[01:03:43.600 --> 01:03:46.420]  拿到聖經這個這樣的
[01:03:46.420 --> 01:03:48.460]  新的真理
[01:03:48.460 --> 01:03:50.780]  萬物必然的趨勢
[01:03:50.780 --> 01:03:54.360]  但是神在聖靈裡面給我們有個本性如此
[01:03:54.360 --> 01:03:59.480]  但是給我們有個超性的逆轉的逆向的力量
[01:03:59.480 --> 01:04:00.760]  可以讓我們
[01:04:00.760 --> 01:04:02.800]  可以突破這種
[01:04:03.060 --> 01:04:04.600]  本來悲觀的情懷
[01:04:04.600 --> 01:04:05.880]  變成樂觀
[01:04:05.880 --> 01:04:06.640]  請姐妹
[01:04:06.640 --> 01:04:09.460]  這個就是羅馬書第十八節
[01:04:09.460 --> 01:04:11.760]  第三章第十八節
[01:04:11.760 --> 01:04:14.060]  到第25節要我們所知道的東西
[01:04:14.060 --> 01:04:16.620]  好
[01:04:16.620 --> 01:04:18.160]  剛才我說
[01:04:18.160 --> 01:04:19.180]  累不累呀
[01:04:19.180 --> 01:04:21.740]  再繼續講下去 再講半個小時我就講完了
[01:04:21.740 --> 01:04:23.800]  我真的要講到九點鐘
[01:04:23.800 --> 01:04:25.580]  OK
[01:04:25.580 --> 01:04:26.620]  再短一點
[01:04:26.620 --> 01:04:30.200]  接著講下去的時候
[01:04:30.200 --> 01:04:32.240]  聖經真的很好 我覺得聖經真的很好
[01:04:33.260 --> 01:04:34.280]  神真的知道
[01:04:34.280 --> 01:04:36.580]  你說是的 如果我有那種
[01:04:36.580 --> 01:04:39.160]  那種無框框的盼望
[01:04:39.160 --> 01:04:40.940]  對神有那種的信任
[01:04:40.940 --> 01:04:43.260]  如果真的能夠發揮出那種
[01:04:43.260 --> 01:04:46.060]  聖靈在我裡面那種莫大的能力
[01:04:46.060 --> 01:04:49.400]  是出於神不如出於我們 你記得我說這句話在哪裏
[01:04:49.400 --> 01:04:52.460]  我們有寶貝在我們牙利器裡面
[01:04:52.460 --> 01:04:53.500]  那又怎樣呀
[01:04:53.500 --> 01:04:56.060]  四面受敵不被困住
[01:04:56.060 --> 01:04:58.100]  打倒了都不至於死亡
[01:04:58.100 --> 01:05:00.400]  打倒了應該死的
[01:05:00.400 --> 01:05:02.700]  四面受敵應該被困住的
[01:05:02.960 --> 01:05:04.500]  竟然可以不是 為甚麼
[01:05:04.500 --> 01:05:09.100]  是要我們知道莫大的能力是出於神不是出於我們
[01:05:09.100 --> 01:05:10.140]  這個就是
[01:05:10.140 --> 01:05:12.180]  哥林多口書裏面所講的說話
[01:05:12.180 --> 01:05:13.460]  就是這個
[01:05:13.460 --> 01:05:17.040]  我都好想有這種這樣的生命的
[01:05:17.040 --> 01:05:20.120]  體驗 於是我就可以面對這個
[01:05:20.120 --> 01:05:22.940]  好悲情的世界 我仍然可以有樂觀的盼望
[01:05:22.940 --> 01:05:26.000]  但是有時好像
[01:05:26.000 --> 01:05:27.540]  好高喎
[01:05:27.540 --> 01:05:30.100]  要求好高 我做不做到那麼高呢
[01:05:31.120 --> 01:05:32.920]  我剛才說感謝神 神知道我們
[01:05:32.920 --> 01:05:34.460]  有時我們都會有些
[01:05:34.460 --> 01:05:36.760]  懷疑自己能不能夠這樣
[01:05:36.760 --> 01:05:40.340]  所以跟著羅馬書第八章下面那裏 一路到三十九節
[01:05:40.340 --> 01:05:41.620]  就是在講這件事
[01:05:41.620 --> 01:05:44.700]  我想和大家講完它 好嗎 你看聖經怎樣講
[01:05:44.700 --> 01:05:45.980]  怎樣用來
[01:05:45.980 --> 01:05:52.120]  教我們是透過甚麼的角度可以得到這種這樣的沒有框框的盼望的
[01:05:52.120 --> 01:05:54.160]  動力和能力在哪裏
[01:05:54.160 --> 01:05:56.220]  好 我們就跟著看
[01:05:56.220 --> 01:05:59.020]  一段很熟
[01:05:59.020 --> 01:06:01.080]  很熟的聖經 第28節
[01:06:01.840 --> 01:06:07.980]  我想和大家在這一段聖經裏面 講三件事
[01:06:07.980 --> 01:06:09.260]  講三件事
[01:06:09.260 --> 01:06:10.540]  你見到了
[01:06:10.540 --> 01:06:16.180]  充滿這個樂觀和勝利的盼望
[01:06:16.180 --> 01:06:16.940]  我想
[01:06:16.940 --> 01:06:20.520]  根據聖經和大家看三個段落
[01:06:20.520 --> 01:06:23.080]  就是羅馬書第八章跟著這三個段落
[01:06:23.080 --> 01:06:24.360]  第一個段落
[01:06:24.360 --> 01:06:28.720]  就是由28節到30節
[01:06:29.740 --> 01:06:32.040]  28節到30節
[01:06:32.040 --> 01:06:33.580]  剛才講第一段
[01:06:33.580 --> 01:06:37.420]  28節到30節很多人都很熟悉的了
[01:06:37.420 --> 01:06:41.520]  如果這麼熟悉的話 不如我們都讀一次吧
[01:06:41.520 --> 01:06:42.800]  你有沒有聖經呀
[01:06:42.800 --> 01:06:44.080]  那裏沒有的
[01:06:44.080 --> 01:06:50.980]  不要緊 你有的就讀出來 好嗎 我和大家一起讀 好嗎 我讀和合本
[01:06:50.980 --> 01:06:53.040]  28節到30節
[01:06:53.040 --> 01:06:57.380]  我們曉得萬事都互相效力
[01:06:57.900 --> 01:07:00.460]  叫愛神的人得益處
[01:07:00.460 --> 01:07:03.780]  就是按他旨意被召的人
[01:07:03.780 --> 01:07:07.360]  因為他預先所知道的人
[01:07:07.360 --> 01:07:11.720]  就預先定下效法他義子的模樣
[01:07:11.720 --> 01:07:16.320]  使他義子在許多弟兄中作長子
[01:07:16.320 --> 01:07:20.160]  預先所定下的人又召他們來
[01:07:20.160 --> 01:07:24.000]  所召來的人又稱他們為義
[01:07:24.260 --> 01:07:29.640]  所稱為義的人又召他們得榮耀
[01:07:29.640 --> 01:07:33.480]  好像很複雜似的 不複雜的
[01:07:33.480 --> 01:07:40.640]  看聖經你就多看幾次 慢慢地探索一下
[01:07:40.640 --> 01:07:43.980]  探索多幾次你就明白意思 不如我解釋給你聽
[01:07:43.980 --> 01:07:45.500]  這段聖經想講些甚麼
[01:07:45.500 --> 01:07:49.600]  我相信最多弟兄姊妹最熟悉的當然是28節
[01:07:49.600 --> 01:07:51.660]  是很寶貴的一節聖經
[01:07:51.900 --> 01:07:54.220]  我們會曉得萬事都互相效力
[01:07:54.220 --> 01:07:57.800]  叫愛神的人得益處就是按他旨意被召的人
[01:07:57.800 --> 01:08:01.900]  這節大家很喜歡 但我不知道你們知不知道這節想講些甚麼
[01:08:01.900 --> 01:08:05.480]  我就由這節開始跟大家一起分享
[01:08:05.480 --> 01:08:08.040]  究竟這節為甚麼這麼好 真是很好
[01:08:08.040 --> 01:08:11.100]  我只是想告訴你這節想講甚麼呢 講兩件事
[01:08:11.100 --> 01:08:15.720]  我按照聖經講而已 不是溫米堯講的
[01:08:15.720 --> 01:08:18.540]  但我想解釋給你聽究竟這兩件事是甚麼
[01:08:18.540 --> 01:08:21.340]  聖經裏面第一件事想告訴你一個事實
[01:08:22.620 --> 01:08:24.160]  萬事都互相效力
[01:08:24.160 --> 01:08:29.020]  即是說世間所發生的事情
[01:08:29.020 --> 01:08:32.860]  你看起來好像很多偶然
[01:08:32.860 --> 01:08:36.180]  好像無端端的
[01:08:36.180 --> 01:08:38.480]  但神告訴我們一個事實
[01:08:38.480 --> 01:08:39.520]  除非你不相信神
[01:08:39.520 --> 01:08:46.940]  聖經告訴你萬事都互相效力 即是說世間所發生的事並不是偶然的出現
[01:08:47.200 --> 01:08:53.100]  這些事的背後你看不到 但都是連起來互相連繫的
[01:08:53.100 --> 01:08:57.960]  互相效力嘛 它不是就這樣零碎跌出來的 不是的
[01:08:57.960 --> 01:08:59.500]  這是第一件事
[01:08:59.500 --> 01:09:03.340]  我們世間所發生的事是互相牽連的
[01:09:03.340 --> 01:09:10.500]  我們不要說是出於偶然 實屬不幸
[01:09:10.500 --> 01:09:11.780]  不是的
[01:09:11.780 --> 01:09:16.900]  每一件事都是有它背後的連繫的
[01:09:17.400 --> 01:09:18.180]  你看不到
[01:09:18.180 --> 01:09:20.480]  不等於那裏沒有關係
[01:09:20.480 --> 01:09:23.300]  你兩年前所發生的事
[01:09:23.300 --> 01:09:26.100]  和你今天所發生的事是有關係的
[01:09:26.100 --> 01:09:28.160]  又有甚麼關係 你看不到
[01:09:28.160 --> 01:09:30.460]  當然我們人這麼有限
[01:09:30.460 --> 01:09:32.760]  但在聖經裏面是有關係的
[01:09:32.760 --> 01:09:35.080]  一直都是連繫起來的
[01:09:35.080 --> 01:09:36.100]  這是第一件事
[01:09:36.100 --> 01:09:37.640]  第二
[01:09:37.640 --> 01:09:42.760]  這些連繫起來不是就這樣連繫起來的 這是一個事實
[01:09:42.760 --> 01:09:46.340]  不是的 連繫起來是有一個目的的
[01:09:46.600 --> 01:09:47.880]  是叫的嘛
[01:09:47.880 --> 01:09:53.760]  原文裏面有個purpose的 是叫愛世間的人得益處
[01:09:53.760 --> 01:10:00.160]  即是連繫起來所發生的事情 在你身上所發生的事情 第一它全部有關係
[01:10:00.160 --> 01:10:01.460]  佈局連繫起來
[01:10:01.460 --> 01:10:04.780]  在神的手裏面 然後有個目的的
[01:10:04.780 --> 01:10:08.880]  是令到你得到益處 這個真是有一個gospel
[01:10:08.880 --> 01:10:10.920]  有一個good news 很好消息來的
[01:10:10.920 --> 01:10:15.020]  只是一個條件而已 那你得不到益處 一個條件而已
[01:10:15.020 --> 01:10:16.300]  看你是不是愛神的人
[01:10:17.060 --> 01:10:19.120]  如果你願意愛神 你願意跟隨神的人
[01:10:19.120 --> 01:10:21.940]  所有在你身上所發生的事情
[01:10:21.940 --> 01:10:25.260]  你知道不知道 多數我們都不知道甚麼原因或者是怎樣
[01:10:25.260 --> 01:10:30.380]  但是它向著這個令到你得到益處的目的
[01:10:30.380 --> 01:10:31.400]  是進發的
[01:10:31.400 --> 01:10:32.680]  是部署的
[01:10:32.680 --> 01:10:34.220]  如果你是愛神的人
[01:10:34.220 --> 01:10:35.500]  一個條件而已
[01:10:35.500 --> 01:10:39.340]  又不用你很多錢 又不用你讀過神學 又不用你信了耶穌多少年
[01:10:39.340 --> 01:10:41.140]  沒有這些條件 你愛神
[01:10:41.140 --> 01:10:42.660]  如果你說我感謝主
[01:10:42.920 --> 01:10:46.760]  我雖然都是很軟弱 我不一定是很完美 但是我願意
[01:10:46.760 --> 01:10:49.320]  我心是願意愛神的 OK 夠了
[01:10:49.320 --> 01:10:51.620]  萬事在你身上所發生的事情
[01:10:51.620 --> 01:10:53.160]  都是互相效力
[01:10:53.160 --> 01:10:56.480]  並且向著一個令你得益處的方向
[01:10:56.480 --> 01:10:58.800]  我覺得
[01:10:58.800 --> 01:11:01.360]  這個是一個最大的
[01:11:01.360 --> 01:11:03.140]  最大的好消息來的
[01:11:03.140 --> 01:11:06.220]  絕對不簡單
[01:11:06.220 --> 01:11:10.820]  今天你和我有時候我們的看法差多遠
[01:11:11.340 --> 01:11:13.380]  我經常覺得這些事情怎麼會這樣發生的
[01:11:13.380 --> 01:11:14.920]  沒理由的
[01:11:14.920 --> 01:11:16.720]  怎麼這麼巧
[01:11:16.720 --> 01:11:18.000]  這麼偶然的
[01:11:18.000 --> 01:11:20.040]  剛剛才找到一份工作
[01:11:20.040 --> 01:11:21.580]  那間公司是結業的
[01:11:21.580 --> 01:11:24.900]  剛剛熬了一輩子
[01:11:24.900 --> 01:11:26.700]  現在才叫他快要退休
[01:11:26.700 --> 01:11:31.560]  可以安安享享 孩子那天開始長大了 他有自己的經濟能力了
[01:11:31.560 --> 01:11:34.900]  可以安享一下晚年了 為什麼現在才開始生病呢
[01:11:34.900 --> 01:11:37.200]  你問我我怎麼回答你 我都不知道為什麼
[01:11:37.200 --> 01:11:40.520]  不過我只知道一樣東西
[01:11:41.300 --> 01:11:42.320]  我只知道聖經
[01:11:42.320 --> 01:11:44.620]  告訴我一個事實 我就相信聖經
[01:11:44.620 --> 01:11:46.920]  聖經告訴你 你所發生的事
[01:11:46.920 --> 01:11:48.460]  沒有偶然的
[01:11:48.460 --> 01:11:51.800]  你看不到
[01:11:51.800 --> 01:11:54.100]  但是神的手在那裡
[01:11:54.100 --> 01:11:55.380]  沒有離開過的
[01:11:55.380 --> 01:11:57.420]  我最記得我那時候
[01:11:57.420 --> 01:12:00.760]  大家知道我太太南正離開世界80年代末的時候
[01:12:00.760 --> 01:12:04.080]  那時候有些弟兄姐妹鼓勵我說
[01:12:04.080 --> 01:12:06.120]  這麼多掙扎你是讀神學的
[01:12:06.120 --> 01:12:07.400]  不如你看看
[01:12:07.400 --> 01:12:08.440]  《若白記》
[01:12:08.440 --> 01:12:11.240]  看完之後你領悟了就解釋給我們聽
[01:12:12.280 --> 01:12:15.340]  那我增加回去看《若白記》 你知道嗎
[01:12:15.340 --> 01:12:21.740]  我一直都沒有發表 搞到90年代 差不多10年之後才發表 因為我真的看了《若白記》
[01:12:21.740 --> 01:12:24.300]  《若白記》最好看的就是前面那幾章
[01:12:24.300 --> 01:12:27.380]  受了很多苦難
[01:12:27.380 --> 01:12:30.960]  於是他就敬拜耶和華
[01:12:30.960 --> 01:12:37.360]  賜予的是耶和華 收取的是耶和華 耶和華的名字應當稱頌 他就跪在那裡敬拜
[01:12:37.360 --> 01:12:39.400]  真的挺勇的
[01:12:39.660 --> 01:12:41.460]  接著第三章開始就不好看了
[01:12:41.460 --> 01:12:44.020]  開始《若白記》已經硬硬了
[01:12:44.020 --> 01:12:48.880]  一直埋怨這個有病那個有病 最後來了三個朋友
[01:12:48.880 --> 01:12:50.420]  最後再加上第四個
[01:12:50.420 --> 01:12:51.440]  更慘
[01:12:51.440 --> 01:12:56.300]  荒島亡 又想安慰他 安慰他怨懵整
[01:12:56.300 --> 01:12:58.860]  那些朋友其實是很離譜的
[01:12:58.860 --> 01:13:03.720]  他講話的邏輯是對的 不過邏輯下下令《若白記》更加痛苦
[01:13:03.720 --> 01:13:05.000]  他的邏輯就是
[01:13:05.000 --> 01:13:06.540]  你當然犯錯誤
[01:13:06.540 --> 01:13:09.100]  你當然有罪 神就懲罰你
[01:13:09.360 --> 01:13:11.400]  痛苦是來自懲罰
[01:13:11.400 --> 01:13:16.780]  你有痛苦就表示你有懲罰 《若白記》我不知道我做什麼錯事 我沒有做錯事
[01:13:16.780 --> 01:13:19.860]  那些朋友還罪加等 你不肯認自己有罪
[01:13:19.860 --> 01:13:24.220]  於是就該你死了 於是《若白記》就憤怒到他
[01:13:24.220 --> 01:13:25.740]  你不要說了
[01:13:25.740 --> 01:13:28.560]  最後你有沒有留意 《若白記》還生氣了
[01:13:28.560 --> 01:13:30.860]  你毒箭射進我的身
[01:13:30.860 --> 01:13:32.660]  你怎麼搞成我這樣
[01:13:32.660 --> 01:13:33.940]  大家明白的了
[01:13:33.940 --> 01:13:36.500]  然後大家可能都記得
[01:13:36.760 --> 01:13:40.080]  看《若白記》後來發展到後來的地方
[01:13:40.080 --> 01:13:43.160]  一直
[01:13:43.160 --> 01:13:46.740]  如果你看《若白記》我覺得是一種苦
[01:13:46.740 --> 01:13:49.040]  《若白記》本身你看是一種苦難
[01:13:49.040 --> 01:13:51.860]  因為他有三十多章
[01:13:51.860 --> 01:13:57.240]  一路到38章 三十多章聖經都在咬來咬去
[01:13:57.240 --> 01:14:00.560]  看那三十多章看得我真的很痛苦
[01:14:00.560 --> 01:14:02.360]  本來不痛苦都看得痛苦
[01:14:03.120 --> 01:14:06.960]  熬完那三十多章到三十八章 大家記得嗎
[01:14:06.960 --> 01:14:07.980]  很熟悉
[01:14:07.980 --> 01:14:10.800]  然後耶和華在旋風中出來說話
[01:14:10.800 --> 01:14:13.360]  耶和華你們胡說八道
[01:14:13.360 --> 01:14:14.640]  讓我來喊給你聽
[01:14:14.640 --> 01:14:17.960]  很高興 三十八章到四十一章
[01:14:17.960 --> 01:14:21.560]  耶和華在旋風當中回答《若白記》的苦難問題
[01:14:21.560 --> 01:14:24.620]  這個當然是最精彩 我真的留意看了
[01:14:24.620 --> 01:14:28.720]  大家看過《若白記》都知道 跟我的感覺一樣 我一看就更慘
[01:14:28.720 --> 01:14:30.760]  還在頭上冒水
[01:14:31.540 --> 01:14:34.360]  神有沒有回答《若白記》受苦的問題 沒有
[01:14:34.360 --> 01:14:36.160]  問了一大堆問題
[01:14:36.160 --> 01:14:37.680]  比他還多問題
[01:14:37.680 --> 01:14:40.760]  又說什麼植物學 讀物學 天文學
[01:14:40.760 --> 01:14:44.340]  又升又點 河馬又點 鱷魚又點
[01:14:44.340 --> 01:14:47.420]  那些鳥又點 那些馬又點 獅子又點
[01:14:47.420 --> 01:14:49.720]  你懂不懂 句句都是問題
[01:14:49.720 --> 01:14:53.820]  我看到他一頭冒水 我已經是很煩躁的了
[01:14:55.860 --> 01:15:02.000]  到三十八 三十九 四十四 四章成經 問了一大堆 我完全不知道想說什麼問題
[01:15:02.000 --> 01:15:03.280]  又沒有回答
[01:15:03.280 --> 01:15:05.320]  你知道我最煩躁的是什麼
[01:15:05.320 --> 01:15:07.380]  到四十一章
[01:15:07.380 --> 01:15:10.700]  《若白記》說我明白了
[01:15:10.700 --> 01:15:16.340]  《若白記》說我都不知道你說什麼 我都好一點 大家淡淡
[01:15:16.340 --> 01:15:22.220]  《若白記》說我明白了 我以前風雲有你 現在我不用回答了 我不用問了 我現在親眼看到你
[01:15:22.220 --> 01:15:23.500]  那就沒事了
[01:15:24.280 --> 01:15:26.320]  我才是煩躁 他明白些什麼
[01:15:26.320 --> 01:15:28.120]  你明不明白他明白什麼
[01:15:28.120 --> 01:15:29.400]  我那時真是
[01:15:29.400 --> 01:15:30.920]  最失望就是這樣
[01:15:30.920 --> 01:15:36.820]  因為《若白記》說我明白了 到底我明白了些什麼 那時我就不行了 如果我不明白 我真的死都不硬幣
[01:15:36.820 --> 01:15:39.120]  於是我去找他找了所有書
[01:15:39.120 --> 01:15:43.980]  終於我找到一個出路 你們想不想聽 我想告訴你是怎樣
[01:15:43.980 --> 01:15:50.640]  我後來找到很多書 我給了我一個答案 不是他們直接給 但我後來找到一個答案
[01:15:51.920 --> 01:15:55.760]  為何神回答的裡面沒有一個直接回答他為什麼會受苦
[01:15:55.760 --> 01:16:01.140]  而是全部問一些新的問題 剛才說有動物學植物學這些大閘的問題
[01:16:01.140 --> 01:16:04.980]  我後來留意到了
[01:16:04.980 --> 01:16:08.320]  神所問的問題那些東西
[01:16:08.320 --> 01:16:11.640]  全部都是野生動物
[01:16:11.640 --> 01:16:16.760]  和大自然那些月亮星辰那些東西
[01:16:16.760 --> 01:16:18.300]  不是人手做的東西
[01:16:21.360 --> 01:16:22.380]  神
[01:16:22.380 --> 01:16:23.920]  想若白知道一樣東西
[01:16:23.920 --> 01:16:26.740]  記得看38章那裡
[01:16:26.740 --> 01:16:29.300]  講道華神話 你知不知道那些獅子
[01:16:29.300 --> 01:16:31.080]  怎樣撲那些食物
[01:16:31.080 --> 01:16:33.400]  一屈就跳進鍋子撲到他了
[01:16:33.400 --> 01:16:36.980]  你知不知道 若白 我不知道 我又不是動物學家我怎麼知道
[01:16:36.980 --> 01:16:43.380]  你知不知道那些羊為什麼一屈身就生了羊仔出來 若白說我當然不知道 你知不知道那些鷹為什麼飛到那麼高
[01:16:43.380 --> 01:16:47.980]  一下看到獵物就一下衝下來就抓到他們
[01:16:48.240 --> 01:16:53.880]  若白說我又不知道 你知不知道那些烏鴉周圍飛來飛去的時候找不到食物的時候怎樣找食物 若白說我不知道
[01:16:53.880 --> 01:16:56.180]  若白說我全部都不知道
[01:16:56.180 --> 01:16:57.980]  我開始就明白一樣東西
[01:16:57.980 --> 01:17:00.540]  在若白的不知道裡面我明白一樣東西
[01:17:00.540 --> 01:17:05.400]  就是說 神的意思就是說這些野生動物你看你不知道他為什麼會這樣
[01:17:05.400 --> 01:17:08.220]  好像亂飛亂走亂咬
[01:17:08.220 --> 01:17:11.280]  神說你不見得到他的規律
[01:17:11.280 --> 01:17:12.560]  好像野生一樣
[01:17:12.560 --> 01:17:14.880]  但是在我的手裡面的全部都有
[01:17:15.120 --> 01:17:19.480]  為什麼那時候我有這樣的新發現 因為那時候我在寫一本書
[01:17:19.480 --> 01:17:22.300]  今天已經出版了 叫做《是否真有神的存在》
[01:17:22.300 --> 01:17:24.600]  那時候我寫的那本書
[01:17:24.600 --> 01:17:27.920]  我要寫一本書要告訴基督徒和非道徒
[01:17:27.920 --> 01:17:28.960]  神真是在這裡的
[01:17:28.960 --> 01:17:31.760]  其中有一個其中一種的論證
[01:17:31.760 --> 01:17:33.560]  就是討論的方法
[01:17:33.560 --> 01:17:38.160]  就是你雖然眼見不到神 但是藉著神所創造的萬物的奇妙
[01:17:38.160 --> 01:17:39.700]  就知道他是
[01:17:39.700 --> 01:17:41.760]  真是在這裡將心設計的一位創造者
[01:17:42.000 --> 01:17:45.840]  透過萬物就看到神自己真是在這裡 這是羅馬書第一章的方法
[01:17:45.840 --> 01:17:47.120]  我說這個很精彩的
[01:17:47.120 --> 01:17:49.160]  於是我就開始找一些這樣的資料
[01:17:49.160 --> 01:17:50.700]  看看萬物是怎樣奇妙的
[01:17:50.700 --> 01:17:56.840]  於是就知道原來那位創造者真是在這裡的 叫人無可否認的
[01:17:56.840 --> 01:18:02.980]  那初初我以為找這些資料 找了兩個我就可以寫到一本書
[01:18:02.980 --> 01:18:06.560]  誰知道我一開始去找 我也是做研究的人
[01:18:06.560 --> 01:18:09.120]  我一開始去找 發現原來很多
[01:18:09.120 --> 01:18:10.660]  多到不得了
[01:18:11.180 --> 01:18:16.040]  萬物就是由動物到植物到昆蟲到你和我的身體
[01:18:16.040 --> 01:18:18.360]  那些奇妙的結構的東西
[01:18:18.360 --> 01:18:20.920]  多到不得了 幾千個
[01:18:20.920 --> 01:18:22.440]  我收集到了
[01:18:22.440 --> 01:18:25.260]  如果今晚講給你聽就講到了 後天都講不完
[01:18:25.260 --> 01:18:28.600]  我整個人就開始明白
[01:18:28.600 --> 01:18:30.120]  原來那些
[01:18:30.120 --> 01:18:31.660]  之前我見到那些
[01:18:31.660 --> 01:18:33.200]  好像沒有什麼的
[01:18:33.200 --> 01:18:34.740]  那些動物
[01:18:34.740 --> 01:18:38.840]  原來背後裏面有很多精彩的設計在裏面的
[01:18:39.080 --> 01:18:41.380]  在我的書裏講過 我也不會詳細講
[01:18:41.380 --> 01:18:43.180]  好像那些候鳥
[01:18:43.180 --> 01:18:49.580]  每年飛八千多里 由南半球飛到北半球 由北半球飛回南半球 他怎樣認路
[01:18:49.580 --> 01:18:56.240]  我們以前找不到 因為如果找個相機 飛機 直升機追著他就嚇走他
[01:18:56.240 --> 01:19:02.900]  現在新科技在過去的十年 植了一些晶體在他們的身體裏面 陪著他一路飛
[01:19:02.900 --> 01:19:04.680]  錄影了他的過程 發覺
[01:19:04.940 --> 01:19:11.080]  原來一隻這樣的鳥 候鳥 燕子 頭凹凹的 眼睛碎碎的
[01:19:11.080 --> 01:19:16.980]  但原來他的身體裏面有三種非常之複雜和精密準確的導航系統
[01:19:16.980 --> 01:19:20.560]  早上是對著太陽 我今天不詳細講了
[01:19:20.560 --> 01:19:22.860]  晚上是對著北極星
[01:19:22.860 --> 01:19:29.520]  有沒有北極星有沒有太陽 他進到雲層那裏他照飛的 沒有說是密雲 不飛馳
[01:19:29.780 --> 01:19:36.180]  他照飛的 進到雲層那裏 又沒有太陽 又沒有北極星 他馬上轉了眼球 可以看到地球的磁場
[01:19:36.180 --> 01:19:37.980]  那個方向跟著他就飛了
[01:19:37.980 --> 01:19:41.560]  現在他不是向著太陽飛的 因為如果是的話就熱死他了
[01:19:41.560 --> 01:19:43.100]  他和太陽
[01:19:43.100 --> 01:19:45.140]  隨著一個時間
[01:19:45.140 --> 01:19:48.460]  保持一個角度飛 而那個角度是越來越變的
[01:19:48.460 --> 01:19:54.620]  因為如果不是他保持一個定的角度 太陽會下山 中下海 又不是的 他這樣越收越細
[01:19:54.620 --> 01:19:56.400]  於是那個方向一直飛
[01:19:56.660 --> 01:20:01.020]  我不講那麼多 多到不得了 由昆蟲到植物到生物
[01:20:01.020 --> 01:20:02.800]  隨手可得
[01:20:02.800 --> 01:20:03.820]  那個
[01:20:03.820 --> 01:20:06.140]  精彩之處就是你和我
[01:20:06.140 --> 01:20:10.480]  看著他的時候 我們根本都覺得這個小鳥有什麼特別
[01:20:10.480 --> 01:20:11.760]  就好像耶穌說的
[01:20:11.760 --> 01:20:12.780]  那些麻雀
[01:20:12.780 --> 01:20:14.320]  幾分錢一隻
[01:20:14.320 --> 01:20:15.340]  是不是
[01:20:15.340 --> 01:20:17.900]  他怎麼找東西吃 又不懂得
[01:20:17.900 --> 01:20:21.240]  又不懂得耕種 又不懂得有倉庫
[01:20:21.240 --> 01:20:24.060]  但是神尚且養活他
[01:20:25.340 --> 01:20:27.380]  跟著耶穌那句話才重要
[01:20:27.380 --> 01:20:29.440]  何況是你們
[01:20:29.440 --> 01:20:31.480]  這句真是感人
[01:20:31.480 --> 01:20:33.780]  那隻這樣的小鳥
[01:20:33.780 --> 01:20:36.100]  我都給了這麼多心機去搞他
[01:20:36.100 --> 01:20:37.620]  讓他可以找到路
[01:20:37.620 --> 01:20:38.400]  不死的
[01:20:38.400 --> 01:20:40.440]  我怎麼會讓你死呀
[01:20:40.440 --> 01:20:43.260]  那隻小鳥我都不讓他死
[01:20:43.260 --> 01:20:46.340]  我突然間就明白了 在約伯記那裡
[01:20:46.340 --> 01:20:48.640]  約伯就是不明白這件事
[01:20:48.640 --> 01:20:50.420]  我以為人生一切都是
[01:20:50.420 --> 01:20:51.960]  都是偶然的
[01:20:52.220 --> 01:20:56.060]  哎呀好擠運呀 這樣又病了 怎麼我的子女又會被人殺了
[01:20:56.060 --> 01:20:57.860]  他當然有很多的問題
[01:20:57.860 --> 01:21:00.420]  神說你看不到而已
[01:21:00.420 --> 01:21:03.480]  就好像野生動物一樣 亂跳亂叫
[01:21:03.480 --> 01:21:04.760]  亂跑這樣
[01:21:04.760 --> 01:21:06.300]  其實每一隻
[01:21:06.300 --> 01:21:09.380]  在我的手裡面都有精密的設計
[01:21:09.380 --> 01:21:11.940]  萬事都互相效力 頂姐妹
[01:21:11.940 --> 01:21:14.500]  沒有搞錯的
[01:21:14.500 --> 01:21:16.280]  沒有失手的
[01:21:16.280 --> 01:21:18.580]  沒有偶然的 在神的手裡面
[01:21:18.840 --> 01:21:22.420]  還有更加精彩的感謝神 有一個目的
[01:21:22.420 --> 01:21:24.220]  是叫你得益處
[01:21:24.220 --> 01:21:27.540]  這句說話不是溫慰要安慰你的說話來的 不是我說的
[01:21:27.540 --> 01:21:30.360]  聖經是這樣說的 我是按照聖經這樣說的 除非你不信聖經
[01:21:30.360 --> 01:21:32.660]  我就開始明白原來
[01:21:32.660 --> 01:21:34.200]  約伯就會明白了 明白了
[01:21:34.200 --> 01:21:35.480]  我看到多少
[01:21:35.480 --> 01:21:36.500]  我看不到
[01:21:36.500 --> 01:21:38.560]  我看不到的不等於沒有
[01:21:38.560 --> 01:21:42.140]  我看不到的 原來你的手在背後所做的奇妙
[01:21:42.140 --> 01:21:43.420]  遠超過我所想
[01:21:43.420 --> 01:21:45.200]  於是約伯說我不再問了
[01:21:45.200 --> 01:21:47.260]  我不需要再問 我就明白約伯說什麼
[01:21:47.520 --> 01:21:49.060]  我從那時候開始我都明白
[01:21:49.060 --> 01:21:51.100]  原來我人生應該是這樣去看
[01:21:51.100 --> 01:21:54.440]  頂姐妹 有時候你和我
[01:21:54.440 --> 01:21:58.280]  那個視域 我們看東西的眼光
[01:21:58.280 --> 01:22:04.680]  一切的智慧就是我們換了眼光去看同一樣東西 可能那樣東西沒有改變
[01:22:04.680 --> 01:22:08.260]  但我們整個人的心境和生命都不同了
[01:22:08.260 --> 01:22:09.800]  佛教最清楚
[01:22:09.800 --> 01:22:15.420]  最醒目這件事 佛教教我們用一種眼鏡去看世界
[01:22:15.680 --> 01:22:18.760]  我們以為花花鹿的世界畢竟是最終極是空的
[01:22:18.760 --> 01:22:22.080]  如果我們看到這個世界根本是流轉的 捉不住的
[01:22:22.080 --> 01:22:24.900]  那我們就不會執著它 不會捉它
[01:22:24.900 --> 01:22:29.240]  我們就是看不到這個世界原來是流轉的 這個是他的看法
[01:22:29.240 --> 01:22:32.840]  所以如果我們真正有這個智慧就要戴一隻
[01:22:32.840 --> 01:22:36.680]  新的眼鏡去看這個世界 看見原來它終於都會流轉的
[01:22:36.680 --> 01:22:37.960]  所以就不能夠執著
[01:22:37.960 --> 01:22:41.800]  不能執著就不要去執著 不執著你不擁有 你不擁有就不會失去
[01:22:41.800 --> 01:22:44.860]  不會失去就不會苦了 如果你有一點佛教背景就知道我在說什麼
[01:22:45.380 --> 01:22:45.880]  是不是
[01:22:45.880 --> 01:22:47.160]  放下了
[01:22:47.160 --> 01:22:48.960]  你放下就自在了
[01:22:48.960 --> 01:22:50.240]  你就輕鬆了
[01:22:50.240 --> 01:22:55.100]  你不要小看他們 這個是一個很大的智慧來的 都不錯的
[01:22:55.100 --> 01:22:57.920]  就是說一個真正的智慧就是
[01:22:57.920 --> 01:22:59.980]  這個世界仍然沒有變
[01:22:59.980 --> 01:23:01.500]  不過變了的是你
[01:23:01.500 --> 01:23:05.340]  你從一個新的角度去看這個世界的時候 突然間這個世界自由很多
[01:23:05.340 --> 01:23:07.140]  突然間這個世界自在很多
[01:23:07.140 --> 01:23:10.460]  今天我不說佛教 我們不是要走佛教的路
[01:23:10.460 --> 01:23:12.000]  我們想和你看回
[01:23:12.260 --> 01:23:18.400]  羅馬書第八章第28章這句話 希望頂姐妹你和我從今之後用一個新的眼光
[01:23:18.400 --> 01:23:22.240]  戴一個新的眼鏡去看這個世界
[01:23:22.240 --> 01:23:26.080]  我們雖然看到的世界就是花花碌碌亂亂籠籠的世界
[01:23:26.080 --> 01:23:29.660]  不過我告訴自己 我看到的世界的背後
[01:23:29.660 --> 01:23:33.240]  透視 雖然我不明白 但我透視看到的世界背後
[01:23:33.240 --> 01:23:35.800]  是在神的手裏面 是沒有偶然的
[01:23:35.800 --> 01:23:38.360]  互相效力的
[01:23:38.360 --> 01:23:40.160]  並且有一個方向的
[01:23:40.420 --> 01:23:42.720]  就是問你和我自己 我是不是愛神的人
[01:23:42.720 --> 01:23:45.020]  如果是的話 是令到我得益處的
[01:23:45.020 --> 01:23:46.560]  雖然我今天沒有看到
[01:23:46.560 --> 01:23:53.220]  但我知道我是會有得益處的 這個不是一個阿Q的自欺欺人 這個是聖經說的 你不信就沒辦法了
[01:23:53.220 --> 01:23:55.780]  我今天站在這裏就是講聖經告訴你的
[01:23:55.780 --> 01:23:57.060]  神告訴你的就是這個
[01:23:57.060 --> 01:24:01.400]  但你和我去操練這種新的眼光
[01:24:01.400 --> 01:24:07.040]  頂姐妹在我們新一年的裏面 我們試試用新的眼光來看你和我人生的際遇
[01:24:08.580 --> 01:24:11.140]  這個際遇未必一定有什麼特別新的出現
[01:24:11.140 --> 01:24:14.480]  剛才我們所講所見到的盼望可能都不是盼望
[01:24:14.480 --> 01:24:15.500]  OK
[01:24:15.500 --> 01:24:16.260]  不過
[01:24:16.260 --> 01:24:18.060]  我只知道一樣東西
[01:24:18.060 --> 01:24:19.840]  萬事都互相效力
[01:24:19.840 --> 01:24:22.400]  叫我一個愛神的人
[01:24:22.400 --> 01:24:23.440]  是得到益處的
[01:24:23.440 --> 01:24:24.720]  好
[01:24:24.720 --> 01:24:28.040]  你說都是未夠嗎 神說 神真的很好
[01:24:28.040 --> 01:24:30.080]  再講多一點 支持給你
[01:24:30.080 --> 01:24:32.900]  再講多一點 支持給你 就是講到
[01:24:32.900 --> 01:24:35.980]  好像很有趣的 剛才我們讀下去
[01:24:36.480 --> 01:24:39.300]  這一節當然厲害了 一到二十九節就糊塗了
[01:24:39.300 --> 01:24:45.440]  因為他預先所知道的人就預先定下他下佛第二節的榜樣模樣 第二節去到帝英宗作奬 不知道說什麼
[01:24:45.440 --> 01:24:48.260]  突然間無端端又講回耶穌出來
[01:24:48.260 --> 01:24:51.600]  不是沒有習慣 不過為什麼會好像不對呢
[01:24:51.600 --> 01:24:52.880]  其實有意思的
[01:24:52.880 --> 01:24:54.920]  很有意思的
[01:24:54.920 --> 01:24:56.460]  在講什麼呢
[01:24:56.460 --> 01:24:59.520]  第一 我想大家留意
[01:24:59.520 --> 01:25:03.360]  第二十九節那裏說 因為他預先所知道的人
[01:25:04.140 --> 01:25:06.700]  這一節原文是很難翻譯的
[01:25:06.700 --> 01:25:09.000]  我找了很多個譯本
[01:25:09.000 --> 01:25:10.800]  最後找到一位
[01:25:10.800 --> 01:25:13.100]  是呂振中老先生的譯本
[01:25:13.100 --> 01:25:17.440]  他已經過世了 這個老先生很厲害 雖然他的譯本不是很流行
[01:25:17.440 --> 01:25:19.500]  因為他的譯本很厚
[01:25:19.500 --> 01:25:21.800]  而且他因為太忠於原文
[01:25:21.800 --> 01:25:23.080]  希臘文和希伯來文
[01:25:23.080 --> 01:25:26.920]  所以他中文是很掉漆的 差不多好像外文那樣
[01:25:26.920 --> 01:25:28.720]  所以不是很賣得
[01:25:28.720 --> 01:25:31.280]  但他真是很偉大 一個人獨力
[01:25:31.280 --> 01:25:33.320]  將原文翻譯成中文聖經
[01:25:33.580 --> 01:25:37.160]  後來香港大學給了他一個名譽博士學位
[01:25:37.160 --> 01:25:37.920]  真是厲害
[01:25:37.920 --> 01:25:40.740]  我很多時候都喜歡看他那本譯本
[01:25:40.740 --> 01:25:42.540]  他翻譯這一句也很好
[01:25:42.540 --> 01:25:45.860]  他翻譯成 神早就認識的人
[01:25:45.860 --> 01:25:48.680]  剛才我們繼續講下去
[01:25:48.680 --> 01:25:53.800]  我們心裏面的把握在哪裏 為什麼我們知道萬事都互相效力呢
[01:25:53.800 --> 01:25:56.360]  神說第一個我想給你的把握
[01:25:56.360 --> 01:25:58.660]  你和我
[01:25:58.660 --> 01:25:59.940]  都是神
[01:25:59.940 --> 01:26:02.240]  早就認識的人
[01:26:03.780 --> 01:26:05.320]  神早就認識你
[01:26:05.320 --> 01:26:07.880]  不是你認識祂
[01:26:07.880 --> 01:26:10.200]  你未認識祂的時候祂早就認識你
[01:26:10.200 --> 01:26:11.980]  是不是 弟兄姊妹
[01:26:11.980 --> 01:26:15.060]  如果你是基督徒的話 你想想你未信耶穌之前
[01:26:15.060 --> 01:26:17.860]  神已經在這裏了 是不是
[01:26:17.860 --> 01:26:20.680]  在你人生那次 你以為很偶然
[01:26:20.680 --> 01:26:23.500]  那份報紙在那裏的同學在那裏聊天
[01:26:23.500 --> 01:26:25.800]  不如讀報澳洲
[01:26:25.800 --> 01:26:27.600]  就來了這裏
[01:26:27.600 --> 01:26:30.660]  當時來都不知道自己為了什麼
[01:26:30.660 --> 01:26:32.720]  但竟然來到這裏你信了耶穌
[01:26:32.980 --> 01:26:36.040]  一生變了 神的救恩就在等著你
[01:26:36.040 --> 01:26:41.160]  你未認識祂之前 神已經早已認識你 這個聖經講給我聽
[01:26:41.160 --> 01:26:42.960]  神早已經認識了你
[01:26:42.960 --> 01:26:46.540]  不是你認識祂
[01:26:46.540 --> 01:26:48.600]  因為神是不是很愛你
[01:26:48.600 --> 01:26:49.880]  你不認識祂的時候
[01:26:49.880 --> 01:26:55.240]  甚至呢我不敢講你 我就知道 我未認識耶穌之前的樣子 我到現在都記得
[01:26:55.240 --> 01:27:00.100]  專教教陣 當時在基督教學校讀書 被父母逼了去
[01:27:00.100 --> 01:27:02.920]  不知道為什麼這麼反叛 這麼討厭基督教
[01:27:03.180 --> 01:27:07.540]  我發明那個遊戲的 當時幾個同學
[01:27:07.540 --> 01:27:11.120]  中學同學坐在那裏 跪著 放一盒朱古力在那裏
[01:27:11.120 --> 01:27:15.980]  誰用粗口罵基督教 罵一句 罵耶穌 罵得最噁心的那個就吃一粒
[01:27:15.980 --> 01:27:17.260]  玩得這麼
[01:27:17.260 --> 01:27:18.800]  這麼壞的東西
[01:27:18.800 --> 01:27:21.620]  那時是這樣的人來的
[01:27:21.620 --> 01:27:25.200]  這樣都已經認識我了 神說我早已認識你
[01:27:25.200 --> 01:27:30.320]  神早已認識你
[01:27:30.320 --> 01:27:32.120]  祂現在不認識你
[01:27:33.400 --> 01:27:34.680]  祂現在會忘記你
[01:27:34.680 --> 01:27:38.000]  你說祂現在會不理你
[01:27:38.000 --> 01:27:40.560]  你講不講得出來
[01:27:40.560 --> 01:27:43.880]  神說神早已認識你 這是第一個
[01:27:43.880 --> 01:27:45.180]  第二
[01:27:45.180 --> 01:27:52.340]  在神的計劃裏面 預定計劃裏面 我們要成為祂神兒子的模樣 成為我們的長子
[01:27:52.340 --> 01:27:53.660]  在講什麼
[01:27:53.660 --> 01:27:55.720]  好像很深的神話 一點都不深
[01:27:55.720 --> 01:27:57.000]  神說
[01:27:57.000 --> 01:28:01.600]  好 我怕你都覺得很抽象 我對你的愛你還覺得抽象
[01:28:01.860 --> 01:28:04.680]  不夠把握 我將我的兒子給你做版
[01:28:04.680 --> 01:28:09.800]  即是神的兒子耶穌基督成為我們人的長子
[01:28:09.800 --> 01:28:11.320]  意思是什麼
[01:28:11.320 --> 01:28:14.660]  人的長子的意思就是說 祂先行
[01:28:14.660 --> 01:28:17.480]  長子 帶頭 祂先行
[01:28:17.480 --> 01:28:20.280]  即是神說你想明白我的意思
[01:28:20.280 --> 01:28:23.100]  你想明白我的心意
[01:28:23.100 --> 01:28:29.760]  你想對你的愛有所把握 OK 你覺得很抽象 仍然覺得有些不夠實質
[01:28:30.020 --> 01:28:35.400]  我給你看一個版 就是我的兒子耶穌基督成為一個版 長子
[01:28:35.400 --> 01:28:36.420]  你看著它
[01:28:36.420 --> 01:28:41.800]  如果你想知道我怎樣看事 我做事的方法和標準和我的心事
[01:28:41.800 --> 01:28:42.820]  你看耶穌
[01:28:42.820 --> 01:28:44.600]  你看耶穌
[01:28:44.600 --> 01:28:47.680]  清楚了吧 有歷史記載 清清楚楚
[01:28:47.680 --> 01:28:54.840]  我很感謝神 我上一年寫了一本書叫為什麼要我信耶穌 我由頭到尾重新將耶穌重新再看一次
[01:28:54.840 --> 01:28:57.400]  我發現很多新的事 我今天不在這裏講
[01:28:57.400 --> 01:28:58.940]  很精彩
[01:28:59.200 --> 01:29:01.240]  但是我想告訴你有幾樣東西
[01:29:01.240 --> 01:29:02.520]  我列了出來
[01:29:02.520 --> 01:29:05.080]  在耶穌身上我們看到神的一些什麼
[01:29:05.080 --> 01:29:06.360]  我不知道你們有沒有想過
[01:29:06.360 --> 01:29:08.920]  起碼有三樣東西你們應該看到的
[01:29:08.920 --> 01:29:09.700]  第一
[01:29:09.700 --> 01:29:15.580]  在耶穌基督的身上 我們的長子 我們的版 神說你想理解我 你看耶穌
[01:29:15.580 --> 01:29:17.120]  耶穌也是這麼說
[01:29:17.120 --> 01:29:22.500]  認識我認識父 你看耶穌 看到什麼 在耶穌的身上沒有一件事是偶然的
[01:29:22.500 --> 01:29:26.080]  每一件事發生 兇有成足的
[01:29:27.100 --> 01:29:31.720]  從來耶穌沒有試過說 哎呀 糟了 忘記了 兜回去 沒有的
[01:29:31.720 --> 01:29:33.760]  不用補鑊的 不用兜的
[01:29:33.760 --> 01:29:37.340]  到時到後要做就做了 你看我們主耶穌
[01:29:37.340 --> 01:29:39.140]  耶穌說 那些人說
[01:29:39.140 --> 01:29:40.680]  希律想殺你 耶穌說
[01:29:40.680 --> 01:29:43.740]  你不要去那個城了 耶穌說我要去的 你告訴他
[01:29:43.740 --> 01:29:45.800]  他想殺我 我照樣去的
[01:29:45.800 --> 01:29:50.400]  不過今天我不去 過兩天我就會去了 因為我計劃裏面後天去的
[01:29:50.400 --> 01:29:52.200]  耶穌很清楚的
[01:29:52.200 --> 01:29:57.060]  眾人都擠擁他 五餅二魚 哇 大家開心到不得了 免費可以吃
[01:29:57.320 --> 01:30:03.460]  個個追著他 撐船過海那邊 還沒到岸那些人已經繞了個大圈子在等他
[01:30:03.460 --> 01:30:08.580]  耶穌沒有說 哎呀 各位鄉親父老 多謝你支持 我做多兩件事給你玩玩
[01:30:08.580 --> 01:30:09.860]  沒有的
[01:30:09.860 --> 01:30:12.420]  耶穌說 你想做什麼 跟著我做什麼
[01:30:12.420 --> 01:30:18.040]  幾千人 你老實說 如果你真是心紅紅 不知道多爽啊 幾千人不斷追著他
[01:30:18.040 --> 01:30:19.060]  多少粉絲啊
[01:30:19.060 --> 01:30:21.620]  耶穌說 你追著我做什麼
[01:30:21.620 --> 01:30:23.680]  你想讓我吃而已
[01:30:23.680 --> 01:30:26.500]  我告訴你 我真正要給你吃的是我的血
[01:30:26.760 --> 01:30:29.060]  和我的肉 你明白嗎 即是我的十字架
[01:30:29.060 --> 01:30:30.860]  哇 人們說這麼難
[01:30:30.860 --> 01:30:33.940]  不明白他說什麼 其實真是沒得吃了 耶穌告訴你
[01:30:33.940 --> 01:30:40.840]  耶穌不理他們的 耶穌做每一件事從來沒有失手 從來沒有說 看看到時怎樣算了
[01:30:40.840 --> 01:30:41.620]  沒有的
[01:30:41.620 --> 01:30:45.700]  然後耶穌在這個時間 最多人要求他的時候 他就自己走了去 哪裡啊
[01:30:45.700 --> 01:30:47.240]  去一個格拉森的地方
[01:30:47.240 --> 01:30:53.140]  他這個人 連人都不當他是人 當他是動物 鎖鏈鎖住他 被鬼附的那個人
[01:30:53.640 --> 01:30:57.740]  我們看我們的主耶穌 你說我們的神是怎樣 看耶穌就知道
[01:30:57.740 --> 01:30:59.520]  沒有搞錯的
[01:30:59.520 --> 01:31:01.320]  沒有失手的
[01:31:01.320 --> 01:31:03.620]  沒有不知道怎樣算的
[01:31:03.620 --> 01:31:07.200]  沒有說掉了底之後兜回來的 不用的
[01:31:07.200 --> 01:31:11.560]  在他的計劃裏面 在耶穌身上 每一樣東西都空有成足的
[01:31:11.560 --> 01:31:16.420]  沒有任何發生的事情是偶然的 他全知道的 空有成足的
[01:31:16.420 --> 01:31:18.980]  這是第一個 如果你不相信我
[01:31:18.980 --> 01:31:20.520]  相信聖經啊
[01:31:20.780 --> 01:31:24.360]  連聖經都好像沒有把握 看耶穌 神說你看耶穌
[01:31:24.360 --> 01:31:25.380]  第二
[01:31:25.380 --> 01:31:27.440]  在耶穌身上
[01:31:27.440 --> 01:31:29.220]  耶穌那個
[01:31:29.220 --> 01:31:31.020]  表現一個真理
[01:31:31.020 --> 01:31:33.060]  在神的心意和標準
[01:31:33.060 --> 01:31:35.620]  就是由死亡 就是十字架的痛苦
[01:31:35.620 --> 01:31:37.680]  進到榮耀
[01:31:37.680 --> 01:31:39.200]  的永生
[01:31:39.200 --> 01:31:41.760]  這個就是神自己
[01:31:41.760 --> 01:31:43.560]  在耶穌身上看到的事實
[01:31:43.560 --> 01:31:45.360]  我想你都不是
[01:31:45.360 --> 01:31:48.160]  太明白我講的 我再講多一點給你聽
[01:31:48.940 --> 01:31:51.240]  在耶穌身上的方向是這樣的
[01:31:51.240 --> 01:31:53.800]  由痛苦死亡十字架
[01:31:53.800 --> 01:31:55.080]  然後以
[01:31:55.080 --> 01:31:56.880]  復活榮耀
[01:31:56.880 --> 01:31:58.660]  升天
[01:31:58.660 --> 01:31:59.940]  是他的那個終結
[01:31:59.940 --> 01:32:01.480]  方向是這樣發展的
[01:32:01.480 --> 01:32:03.520]  不是來來回回的
[01:32:03.520 --> 01:32:09.920]  不是說十字架痛苦 然後復活 復活之後又再死過 死過又復活 復活又死過 這個叫輪迴
[01:32:09.920 --> 01:32:12.740]  這個不是十字架
[01:32:12.740 --> 01:32:17.360]  十字架就是神說 我想在耶穌身上讓你看見一件事
[01:32:18.380 --> 01:32:19.400]  是由痛苦
[01:32:19.400 --> 01:32:21.700]  終極我的目標不是要成立
[01:32:21.700 --> 01:32:23.240]  痛苦作為終極目標
[01:32:23.240 --> 01:32:25.280]  痛苦不是結局
[01:32:25.280 --> 01:32:28.620]  頂姐妹你記住我這句說話 不是我講的 是聖經講的
[01:32:28.620 --> 01:32:30.920]  在耶穌身上痛苦不是結局來的
[01:32:30.920 --> 01:32:32.460]  結局是復活和榮耀
[01:32:32.460 --> 01:32:36.800]  這是神自己的真理在耶穌身上顯出來的 你沒辦法
[01:32:36.800 --> 01:32:39.620]  沒法爭拗的了 因為神說是這樣的
[01:32:39.620 --> 01:32:41.680]  頂姐妹如果今天你和我
[01:32:41.680 --> 01:32:46.540]  或者你今天仍然覺得我自己在十字架的路上走 很苦
[01:32:46.800 --> 01:32:50.120]  我想告訴你 你告訴自己 我看著耶穌
[01:32:50.120 --> 01:32:51.920]  我看著耶穌
[01:32:51.920 --> 01:32:55.500]  我告訴自己 我在十字架裏面 不過這個未結局來的
[01:32:55.500 --> 01:32:57.300]  結局不是十字架
[01:32:57.300 --> 01:32:59.600]  結局是復活和榮耀 頂姐妹
[01:32:59.600 --> 01:33:02.420]  這句說話又不是溫慧瑤講的 是聖經講的
[01:33:02.420 --> 01:33:04.720]  你看著耶穌 神說你看看耶穌
[01:33:04.720 --> 01:33:07.780]  耶穌成為我們的長子 他帶頭給我們看
[01:33:07.780 --> 01:33:09.580]  你想知道神是怎麼想的
[01:33:09.580 --> 01:33:13.420]  你想看神做事的手續是怎樣的 你看耶穌
[01:33:13.420 --> 01:33:16.740]  這是聖經裏面給我的那種力量
[01:33:17.000 --> 01:33:19.820]  終極榮耀勝利
[01:33:19.820 --> 01:33:22.900]  得到神自己
[01:33:22.900 --> 01:33:24.180]  最大的祝福
[01:33:24.180 --> 01:33:28.260]  頂姐妹這個就是我們在神的面前
[01:33:28.260 --> 01:33:32.360]  希望你和我在新的一年裏面真的有一個新的眼光去看你自己人生
[01:33:32.360 --> 01:33:33.900]  看我們周圍所發生的事
[01:33:33.900 --> 01:33:39.020]  我們不是盲目懷疑那些事情會變好的 這些是自己自欺欺人的
[01:33:39.020 --> 01:33:41.580]  是的 這個世界會越來越差的
[01:33:41.580 --> 01:33:42.600]  不過
[01:33:43.380 --> 01:33:47.720]  這個我不會絕望的 因為我們知道神的靈在我們裏面
[01:33:47.720 --> 01:33:51.820]  我就開始一種新的角度 新的眼光 新的力量去面對這個世界
[01:33:51.820 --> 01:33:54.640]  也都甚至面對我自己所面對的人生
[01:33:54.640 --> 01:33:56.940]  人生總會有難處
[01:33:56.940 --> 01:34:00.520]  但這個難處逼不得我們打倒
[01:34:00.520 --> 01:34:03.080]  打倒的只是雅氣
[01:34:03.080 --> 01:34:05.400]  寶貝在雅氣裏面是打不到的
[01:34:05.400 --> 01:34:07.180]  打倒了都不死的
[01:34:07.180 --> 01:34:08.980]  這個就是我們的雅氣
[01:34:08.980 --> 01:34:10.760]  這個是聖經裏面
[01:34:10.760 --> 01:34:12.300]  提醒我們第一樣東西
[01:34:13.580 --> 01:34:14.360]  第二樣東西
[01:34:14.360 --> 01:34:15.120]  OK
[01:34:15.120 --> 01:34:16.400]  快手一點
[01:34:16.400 --> 01:34:18.700]  應該不用很長
[01:34:18.700 --> 01:34:21.260]  31節到34節
[01:34:21.260 --> 01:34:23.580]  我讀給大家聽
[01:34:23.580 --> 01:34:26.640]  接著那裏講到
[01:34:26.640 --> 01:34:27.660]  第二段
[01:34:27.660 --> 01:34:29.980]  第二個訊息我很想和大家分享
[01:34:29.980 --> 01:34:33.040]  既是這樣 還有什麼說的呢
[01:34:33.040 --> 01:34:36.640]  神若幫助我們 誰能抵擋我們
[01:34:36.640 --> 01:34:39.960]  神既不愛惜自己的兒子
[01:34:40.220 --> 01:34:44.820]  為我們眾人社了 豈不也把萬物和他一同白白的賜給我們嗎
[01:34:44.820 --> 01:34:48.160]  誰能控告神所揀選的人呢
[01:34:48.160 --> 01:34:49.700]  有神稱他為二了
[01:34:49.700 --> 01:34:52.260]  誰能定他們的罪呢
[01:34:52.260 --> 01:34:55.840]  有基督已經死了 而且還死裡復活 現今坐在
[01:34:55.840 --> 01:34:58.400]  在神的右邊也為我們祈求
[01:34:58.400 --> 01:35:01.220]  就是這幾句說話
[01:35:01.220 --> 01:35:02.760]  這幾句說話想講什麼
[01:35:02.760 --> 01:35:06.080]  我想了很久都給不到一個題目
[01:35:06.080 --> 01:35:07.620]  終於我給了一個這樣的題目
[01:35:08.900 --> 01:35:12.220]  就是神一直站在
[01:35:12.220 --> 01:35:13.260]  你那邊
[01:35:13.260 --> 01:35:15.820]  什麼意思呢
[01:35:15.820 --> 01:35:20.160]  我想你給自己第二個很重要的真理
[01:35:20.160 --> 01:35:23.500]  剛才那個真理是萬事都互相效力
[01:35:23.500 --> 01:35:25.540]  神是沒有搞錯的
[01:35:25.540 --> 01:35:26.820]  第二個真理
[01:35:26.820 --> 01:35:29.120]  是神是站在我的那邊
[01:35:29.120 --> 01:35:33.980]  何以見得呢 你看31節那裏說
[01:35:33.980 --> 01:35:36.040]  祂幫助我們
[01:35:37.060 --> 01:35:40.120]  這裏描述了兩種的情況 兩種的關係
[01:35:40.120 --> 01:35:42.180]  神是幫助我們的
[01:35:42.180 --> 01:35:45.240]  意思就是說 當我們和祂接觸的時候
[01:35:45.240 --> 01:35:50.120]  神的援手是伸在我們身上的 祂幫助 祂的手伸過來我們那裏
[01:35:50.120 --> 01:35:52.920]  接著那兩節 33和34節呢
[01:35:52.920 --> 01:35:56.000]  祂是接納我們的
[01:35:56.000 --> 01:35:57.800]  33節那裏說
[01:35:57.800 --> 01:36:03.420]  誰能控告神所揀選的人呢
[01:36:03.420 --> 01:36:04.960]  有神稱祂為二
[01:36:05.220 --> 01:36:07.780]  誰能定祂的罪呢 耶穌已經為祂死了
[01:36:07.780 --> 01:36:11.360]  神說我是幫助你不僅如此 神說我接納你
[01:36:11.360 --> 01:36:14.940]  你說神說我不行 我很差 我很失敗
[01:36:14.940 --> 01:36:15.720]  神說
[01:36:15.720 --> 01:36:17.240]  人家說你失敗
[01:36:17.240 --> 01:36:20.060]  但神說我稱你為二
[01:36:20.060 --> 01:36:22.880]  有些人說我不行
[01:36:22.880 --> 01:36:25.440]  我自己也討厭我自己這麼失敗這麼差
[01:36:25.440 --> 01:36:26.980]  神說我
[01:36:26.980 --> 01:36:28.260]  是接納你
[01:36:28.260 --> 01:36:33.880]  誰能夠送告神的人
[01:36:34.660 --> 01:36:37.480]  神說我接納了你 誰能夠控告你
[01:36:37.480 --> 01:36:39.780]  我稱祢為二
[01:36:39.780 --> 01:36:42.080]  誰能夠說祢是做錯事
[01:36:42.080 --> 01:36:44.640]  這是神自己那種的
[01:36:44.640 --> 01:36:48.740]  那種的肯定 就是說 神的手進到我們那裏
[01:36:48.740 --> 01:36:50.020]  然後
[01:36:50.020 --> 01:36:51.300]  祂
[01:36:51.300 --> 01:36:55.140]  我們去祂的面前 祂就接納我們
[01:36:55.140 --> 01:36:57.960]  祂幫助我們 祂接納我們
[01:36:57.960 --> 01:37:01.280]  意思就是神說我願意和你站在一起
[01:37:01.280 --> 01:37:02.560]  站在一起
[01:37:03.840 --> 01:37:05.380]  第三十二節我覺得
[01:37:05.380 --> 01:37:06.920]  還令我感動的
[01:37:06.920 --> 01:37:09.220]  神既不愛惜自己的兒子
[01:37:09.220 --> 01:37:11.020]  為我們眾人捨了
[01:37:11.020 --> 01:37:14.340]  豈不和他 把撒和萬物一同的白白賜給我
[01:37:14.340 --> 01:37:17.680]  這節我不知道你想到些什麼
[01:37:17.680 --> 01:37:19.980]  我讀到這節的時候 我想起我女兒
[01:37:19.980 --> 01:37:23.820]  神連自己的兒子都不愛惜
[01:37:23.820 --> 01:37:26.380]  願意為我們去捨棄
[01:37:26.380 --> 01:37:32.520]  那你說祂會不會是給一切 能夠把萬物都給我們呢
[01:37:33.280 --> 01:37:34.820]  我開始明白 真是
[01:37:34.820 --> 01:37:37.380]  我不知道有多深的感受
[01:37:37.380 --> 01:37:40.960]  大家都知道我有兩個女兒
[01:37:40.960 --> 01:37:44.540]  我小女兒是嚴重智障的
[01:37:44.540 --> 01:37:49.660]  幾年前 二十六歲的時候離開世界了 大家都知道
[01:37:49.660 --> 01:37:52.740]  當她一直
[01:37:52.740 --> 01:37:56.580]  之前生活的時候 當然很多時候很多的
[01:37:56.580 --> 01:38:02.980]  困難 很多病 我想如果你有這些有病的小朋友在你家裏面
[01:38:03.240 --> 01:38:08.360]  你就會明白那種心裏面的壓力和痛楚
[01:38:08.360 --> 01:38:10.140]  我最記得那次我女兒
[01:38:10.140 --> 01:38:11.420]  我小女兒
[01:38:11.420 --> 01:38:13.740]  發高燒
[01:38:13.740 --> 01:38:16.800]  發高燒又嘔又發炎
[01:38:16.800 --> 01:38:20.900]  很危險的 會脫水的
[01:38:20.900 --> 01:38:23.980]  給什麼藥 她就馬上嘔出來
[01:38:23.980 --> 01:38:25.760]  唯有送她去醫院
[01:38:25.760 --> 01:38:30.380]  送醫院就是吊鹽水 吊鹽水吊那些antibiotics
[01:38:31.140 --> 01:38:36.780]  吊鹽水很簡單 十歲八歲 十多歲 我女兒好像十二歲
[01:38:36.780 --> 01:38:41.380]  吊鹽水很簡單 但她就很複雜的
[01:38:41.380 --> 01:38:44.720]  她又不是很明白 力又大
[01:38:44.720 --> 01:38:48.560]  護士姑娘就幫她打針吊鹽水
[01:38:48.560 --> 01:38:49.320]  打進去
[01:38:49.320 --> 01:38:53.160]  打進去的時候就包著 開始滴
[01:38:53.160 --> 01:38:55.460]  護士姑娘一轉頭就拔掉
[01:38:55.460 --> 01:38:59.300]  痛嘛 不舒服 拔掉血就流出來
[01:38:59.560 --> 01:39:02.380]  護士就幫她打另一處 原來
[01:39:02.380 --> 01:39:06.740]  那時候我才知道 打那一處血管是硬的 不可以繼續執洞的
[01:39:06.740 --> 01:39:07.760]  大家知道嗎
[01:39:07.760 --> 01:39:10.320]  你們都比我厲害很多
[01:39:10.320 --> 01:39:14.660]  於是打旁邊 又找到一條血管 又打
[01:39:14.660 --> 01:39:15.700]  打她又拔
[01:39:15.700 --> 01:39:19.800]  拔又打 足足兩天 我陪著她在醫院 痛苦到不得了
[01:39:19.800 --> 01:39:21.580]  一直插 插下去
[01:39:21.580 --> 01:39:22.600]  她都拔掉了
[01:39:22.600 --> 01:39:24.920]  插到沒得插了 插這邊
[01:39:25.680 --> 01:39:29.780]  插到沒得插了 原來可以插腳背的
[01:39:29.780 --> 01:39:31.060]  插腳背
[01:39:31.060 --> 01:39:32.860]  插腳背的血管
[01:39:32.860 --> 01:39:37.200]  插到兩隻腳都沒得插了 原來可以插額頭的
[01:39:37.200 --> 01:39:43.340]  那兩晚在床邊陪她的時候 痛苦到不得了
[01:39:43.340 --> 01:39:45.140]  解釋也解釋不了給她聽
[01:39:45.140 --> 01:39:51.020]  我不知道澳洲怎樣 我們加拿大是人道主義的 不可以綁著手腳的
[01:39:51.020 --> 01:39:52.560]  我唯有睡覺
[01:39:53.080 --> 01:39:58.700]  扶著她 按著她 跟爹地按著她 但有時睡著了 鬆了她就拔掉
[01:39:58.700 --> 01:40:00.760]  兩晚就是這樣
[01:40:00.760 --> 01:40:02.800]  我告訴你那兩晚
[01:40:02.800 --> 01:40:06.140]  我現在看回聖經 我真的明白什麼叫愛惜自己的女兒
[01:40:06.140 --> 01:40:08.940]  你的兒子 你的女兒 你明白
[01:40:08.940 --> 01:40:10.740]  你怎樣忍啊
[01:40:10.740 --> 01:40:12.280]  很不忍心
[01:40:12.280 --> 01:40:15.340]  我就開始明白你明明剛才那句話說什麼
[01:40:15.340 --> 01:40:18.680]  神連他自己的兒子都不愛惜
[01:40:18.680 --> 01:40:21.740]  任由他受苦
[01:40:22.260 --> 01:40:24.560]  是為了你和我 大兄姊妹
[01:40:24.560 --> 01:40:26.620]  你明不明白這句話說什麼
[01:40:26.620 --> 01:40:33.020]  尤其是我寫完那本為什麼要我信耶穌 我研究耶穌那個受審訊
[01:40:33.020 --> 01:40:37.880]  受鞭打 釘十字架的時候 我才知道原來那種痛是痛得這麼厲害
[01:40:37.880 --> 01:40:39.920]  我就開始明白
[01:40:39.920 --> 01:40:44.020]  你以為我不愛你
[01:40:44.020 --> 01:40:48.380]  你還說我不愛你 你看看我連自己的兒子
[01:40:48.620 --> 01:40:55.520]  我都不捨得 我都是不珍惜 為他寫了
[01:40:55.520 --> 01:40:58.340]  讓他受苦
[01:40:58.340 --> 01:41:02.180]  我豈不是白白將一切最好的給你 大兄姊妹
[01:41:02.180 --> 01:41:05.500]  我不知道神還要再說些什麼你才可以服了
[01:41:05.500 --> 01:41:07.820]  你才可以信祂是愛你的 大兄姊妹
[01:41:07.820 --> 01:41:10.880]  我講到這裡的時候我真的沒有話可以講
[01:41:10.880 --> 01:41:14.980]  我只是想起我印了關不關後書那句話
[01:41:15.240 --> 01:41:19.340]  好像保羅說 我只能替神去求你
[01:41:19.340 --> 01:41:21.640]  與他和好吧
[01:41:21.640 --> 01:41:25.740]  我不知道今天坐在這裡的兄弟姐妹在你
[01:41:25.740 --> 01:41:29.320]  自己的心底裡 可能是因為你人生的一些際遇
[01:41:29.320 --> 01:41:31.620]  你覺得神對你好不住
[01:41:31.620 --> 01:41:36.240]  你覺得你最需要神幫助的時候 神沒有出現
[01:41:36.240 --> 01:41:38.020]  你對他有些怨恨
[01:41:38.020 --> 01:41:39.300]  是的
[01:41:39.300 --> 01:41:43.660]  這些事情我沒得跟你爭辯 我不懂得 我不知道 可能是很慘
[01:41:44.420 --> 01:41:47.760]  不過我只能從聖經裡面看一遍 一次一次講給你聽
[01:41:47.760 --> 01:41:49.540]  你還說我不愛你
[01:41:49.540 --> 01:41:51.600]  我連兒子都不愛惜
[01:41:51.600 --> 01:41:56.460]  我不敢說 我看見我女兒那兩晚 我就知道什麼叫愛惜自己的女兒
[01:41:56.460 --> 01:41:57.740]  這是女兒來的
[01:41:57.740 --> 01:42:00.560]  她這樣捱罰我怎麼捨得
[01:42:00.560 --> 01:42:02.600]  神說我就是捨得給她
[01:42:02.600 --> 01:42:06.180]  這樣的鞭傷 這樣的釘十字架 為了什麼 為了愛你
[01:42:06.180 --> 01:42:08.240]  你這樣都不信我愛你 神說
[01:42:08.240 --> 01:42:11.560]  我沒有什麼話可以講 所以我只能用保羅的話說
[01:42:11.560 --> 01:42:13.860]  你不要覺得神和你對立了
[01:42:14.620 --> 01:42:15.900]  神怎麼會和你對立
[01:42:15.900 --> 01:42:20.260]  神怎麼會和你對著 神怎麼會去陷害你
[01:42:20.260 --> 01:42:23.340]  你相信神永遠站在你那邊好不好
[01:42:23.340 --> 01:42:26.920]  你現在不能夠明白 我都不能夠明白 我知道
[01:42:26.920 --> 01:42:29.980]  但你不要產生這種心魔 神對我不住
[01:42:29.980 --> 01:42:33.060]  你不愛我 你不理我 你都不記得我了
[01:42:33.060 --> 01:42:36.380]  你要陷害我 你覺得我人生太平順了
[01:42:36.380 --> 01:42:37.920]  所以要搞一搞我
[01:42:37.920 --> 01:42:41.000]  沒有的 神不是這樣的神 頂姐妹
[01:42:41.260 --> 01:42:44.600]  還有一件事我不懂得為神說 聖經是這麼說 我只能聖經這麼說
[01:42:44.600 --> 01:42:46.140]  我經歷裡面都是這樣
[01:42:46.140 --> 01:42:47.920]  我經歷都不平順
[01:42:47.920 --> 01:42:50.220]  老實說 你問我 我都生氣過
[01:42:50.220 --> 01:42:53.040]  但是今天回頭看的時候我生什麼氣
[01:42:53.040 --> 01:42:56.120]  神怎麼會不愛你
[01:42:56.120 --> 01:42:58.420]  請你不要再和神對立
[01:42:58.420 --> 01:43:01.740]  請你不要再去懷疑祂對你的態度
[01:43:01.740 --> 01:43:05.340]  請你不要再懷疑祂在你生命裡面要做的事 好不好
[01:43:05.340 --> 01:43:09.420]  與他和好吧 神永遠都是站在你那邊的 神告訴你
[01:43:09.940 --> 01:43:11.740]  祂是站在你那邊的 祂不是和你對立的
[01:43:11.740 --> 01:43:15.580]  如果你明白了這兩件事 我們還有很簡單的
[01:43:15.580 --> 01:43:18.140]  雖然很多 但其實是最簡單的
[01:43:18.140 --> 01:43:19.160]  接著呢
[01:43:19.160 --> 01:43:22.740]  忍不住了 保羅就發出他那種頌歌
[01:43:22.740 --> 01:43:23.500]  是不是
[01:43:23.500 --> 01:43:24.780]  第35節
[01:43:24.780 --> 01:43:25.820]  說了一次
[01:43:25.820 --> 01:43:29.140]  誰能使我們與你起一個愛隔絕呢
[01:43:29.140 --> 01:43:35.540]  39節最尾又再說一次 沒人能夠叫我與神的愛隔絕
[01:43:35.540 --> 01:43:39.640]  接著他說了兩件事
[01:43:39.900 --> 01:43:44.000]  很簡單的列了一個表
[01:43:44.000 --> 01:43:46.560]  第一次他列了七件事
[01:43:46.560 --> 01:43:48.860]  七種人生的挑戰
[01:43:48.860 --> 01:43:50.660]  什麼是他呢
[01:43:50.660 --> 01:43:52.180]  這七種人生的挑戰
[01:43:52.180 --> 01:43:53.220]  難道是患難嗎
[01:43:53.220 --> 01:43:57.060]  難道是困苦嗎 難道是逼迫嗎 難道是飢餓嗎 難道是赤身老體嗎
[01:43:57.060 --> 01:43:59.100]  難道是危險嗎 難道是刀劍嗎
[01:43:59.100 --> 01:44:03.700]  我知道有一些姐妹對於你來說 這幾件事都好像很厲害 但好像沒什麼感覺
[01:44:03.700 --> 01:44:05.760]  因為這個不是你的經驗
[01:44:06.260 --> 01:44:10.620]  這是保羅的經驗 保羅這樣說的時候 他在說他自己的事
[01:44:10.620 --> 01:44:14.460]  他被刀劍弄傷過 又被人用石頭扔過
[01:44:14.460 --> 01:44:18.040]  又餓過 又被人羞辱過 又危險過
[01:44:18.040 --> 01:44:19.060]  什麼都有過
[01:44:19.060 --> 01:44:20.860]  這是保羅自己的經歷
[01:44:20.860 --> 01:44:23.680]  保羅說我試過了這些東西
[01:44:23.680 --> 01:44:28.540]  沒有一樣東西能夠使我與基督的愛隔絕
[01:44:28.540 --> 01:44:32.380]  當然今天你和我
[01:44:32.380 --> 01:44:35.200]  如果要我們寫的時候 你有你自己的表
[01:44:36.460 --> 01:44:39.020]  但我不知道你有沒有膽量寫這個表
[01:44:39.020 --> 01:44:41.840]  如果給你填寫這件事
[01:44:41.840 --> 01:44:44.920]  那件事你最忍不住的
[01:44:44.920 --> 01:44:46.700]  你最擔心的
[01:44:46.700 --> 01:44:51.320]  你最沒辦法接受的遭遇是什麼 可能不是剛才那七件事
[01:44:51.320 --> 01:44:52.600]  那七件是保羅的事
[01:44:52.600 --> 01:44:54.140]  你那件事是什麼
[01:44:54.140 --> 01:44:57.460]  可能填寫的是關於你的家庭
[01:44:57.460 --> 01:45:00.780]  可能填寫的是關於你的病痛
[01:45:00.780 --> 01:45:02.840]  可能是關於你的事業
[01:45:02.840 --> 01:45:05.140]  可能是關於你的人際關係
[01:45:05.660 --> 01:45:07.460]  或關於你的挫敗 我不知道
[01:45:07.460 --> 01:45:11.800]  那件事你填寫了什麼
[01:45:11.800 --> 01:45:16.160]  你想不想到
[01:45:16.160 --> 01:45:17.700]  我想可能你想到的
[01:45:17.700 --> 01:45:19.240]  這就是那件事
[01:45:19.240 --> 01:45:21.540]  那件事卡住我與神的關係
[01:45:21.540 --> 01:45:24.600]  然後你能不能夠像保羅
[01:45:24.600 --> 01:45:27.420]  用這種信心和勇氣
[01:45:27.420 --> 01:45:29.480]  對神對自己說
[01:45:29.480 --> 01:45:32.280]  難道是那件事
[01:45:33.820 --> 01:45:36.640]  可以叫我與基督的愛隔絕嗎
[01:45:36.640 --> 01:45:38.180]  不可以的
[01:45:38.180 --> 01:45:42.020]  頂姐妹今晚你有沒有這個膽量
[01:45:42.020 --> 01:45:44.320]  就填上那件事
[01:45:44.320 --> 01:45:45.600]  在你的生命裏面
[01:45:45.600 --> 01:45:47.640]  告訴自己告訴神
[01:45:47.640 --> 01:45:49.180]  我的主我的神
[01:45:49.180 --> 01:45:51.480]  就算是這件事出現了
[01:45:51.480 --> 01:45:54.560]  都不能夠令我與你的愛隔絕
[01:45:54.560 --> 01:45:57.380]  因為這個愛根本不在我那裏
[01:45:57.380 --> 01:45:59.420]  是在主耶穌基督那裏
[01:45:59.420 --> 01:46:03.000]  你能不能夠有這個勇氣
[01:46:04.280 --> 01:46:07.860]  如果你有這個勇氣的話我相信你以後看你人生的際遇
[01:46:07.860 --> 01:46:09.660]  有一個不同的眼光
[01:46:09.660 --> 01:46:16.820]  接著保羅說了十敵不破
[01:46:16.820 --> 01:46:18.620]  這十件事都不用慢慢分析
[01:46:18.620 --> 01:46:23.740]  簡單來說這十件事你看到第38至39節列了這十件事
[01:46:23.740 --> 01:46:25.780]  我和大家稍微做一點分析
[01:46:25.780 --> 01:46:28.100]  簡單來說就是什麼都有
[01:46:28.100 --> 01:46:31.680]  他有靈界的
[01:46:31.680 --> 01:46:33.460]  有天使的掌權的
[01:46:33.980 --> 01:46:35.500]  有物質界的
[01:46:35.500 --> 01:46:37.560]  是有能力的是別的受到之物的
[01:46:37.560 --> 01:46:39.340]  有時間的
[01:46:39.340 --> 01:46:41.900]  是現在的事是將來的事
[01:46:41.900 --> 01:46:42.940]  有空間的
[01:46:42.940 --> 01:46:45.000]  是高處的是低處的
[01:46:45.000 --> 01:46:48.280]  總之是生死的
[01:46:48.280 --> 01:46:49.320]  是生是死
[01:46:49.320 --> 01:46:52.660]  總之你說得出來的東西都包括在裏面
[01:46:52.660 --> 01:46:54.980]  一切可能的事都在裏面
[01:46:54.980 --> 01:46:57.020]  然後最重要是那個結論
[01:46:57.020 --> 01:47:00.340]  無論是你想得出所有的事
[01:47:00.860 --> 01:47:03.940]  都不能夠叫我們跟基督的愛隔絕
[01:47:03.940 --> 01:47:06.500]  這句話不是普通的說法
[01:47:06.500 --> 01:47:08.280]  不是隨便說
[01:47:08.280 --> 01:47:10.080]  也不是
[01:47:10.080 --> 01:47:11.100]  吸一口氣
[01:47:11.100 --> 01:47:13.160]  盲目地說不是
[01:47:13.160 --> 01:47:14.940]  剛才我們說了一個小時
[01:47:14.940 --> 01:47:18.280]  一路由羅曼蕭說到這裏我相信你能夠說出這些說話
[01:47:18.280 --> 01:47:20.580]  今天我們說了些什麼
[01:47:20.580 --> 01:47:23.140]  今天說了幾樣東西我想和大家說
[01:47:23.140 --> 01:47:26.200]  很重要很重要的我希望大家今天帶著回去
[01:47:26.200 --> 01:47:29.020]  神自己的說話裏面的真理第一
[01:47:30.040 --> 01:47:32.360]  這個世界是這樣的趨勢
[01:47:32.360 --> 01:47:33.880]  是令我們悲觀的
[01:47:33.880 --> 01:47:34.920]  不過
[01:47:34.920 --> 01:47:38.500]  我們有一個扭轉的力量因為我們屬神的人有聖靈
[01:47:38.500 --> 01:47:40.800]  我們做不到的我們做到了
[01:47:40.800 --> 01:47:43.880]  扭轉來發出來那種最奇妙的做法是什麼
[01:47:43.880 --> 01:47:47.200]  最奇妙的結果就是我們可以有一種沒有框框的盼望
[01:47:47.200 --> 01:47:51.040]  我們不是再看著那些可見的盼望成為我們的盼望
[01:47:51.040 --> 01:47:53.080]  我們盼望的那些是看不到的
[01:47:53.080 --> 01:47:55.400]  就是神自己要填上去什麼我們有什麼
[01:47:55.400 --> 01:47:58.200]  這就在乎我們對神那種絕對的信任
[01:47:58.460 --> 01:48:01.020]  那種勇氣和那種沒有框框的盼望
[01:48:01.020 --> 01:48:05.360]  為什麼我們可以有這種信任因為跟著聖經告訴我們第二件事
[01:48:05.360 --> 01:48:10.240]  我們知道原來發生在身上就算我們看不到不明白的萬事
[01:48:10.240 --> 01:48:11.520]  原來他背後
[01:48:11.520 --> 01:48:14.580]  我們看不到但是神的手一直沒有離開
[01:48:14.580 --> 01:48:16.640]  並且他有個方向的目的
[01:48:16.640 --> 01:48:17.920]  是叫我得益處
[01:48:17.920 --> 01:48:19.700]  只要我是愛神的人
[01:48:19.700 --> 01:48:20.720]  這是第二個
[01:48:20.720 --> 01:48:22.000]  第二個真理
[01:48:22.000 --> 01:48:23.540]  第三個真理
[01:48:23.540 --> 01:48:24.560]  就是我知道
[01:48:24.560 --> 01:48:26.100]  在耶穌的身上
[01:48:26.100 --> 01:48:27.640]  我見到耶穌
[01:48:27.900 --> 01:48:30.960]  我就見到原來在耶穌身上神做事的原則
[01:48:30.960 --> 01:48:33.260]  在十字架不是結局來的
[01:48:33.260 --> 01:48:35.060]  復活才是結局來的
[01:48:35.060 --> 01:48:37.620]  不會有十字架是結局來的在神的心裡面
[01:48:37.620 --> 01:48:42.480]  在耶穌的身上我見到沒有一件事是偶然的
[01:48:42.480 --> 01:48:44.780]  沒有一件事是神搞不定的
[01:48:44.780 --> 01:48:47.600]  然後我們見到
[01:48:47.600 --> 01:48:49.900]  神說我永遠站在你那邊
[01:48:49.900 --> 01:48:51.440]  我不是要和你對立的
[01:48:51.440 --> 01:48:57.580]  你沒認識我之前我早已經認識你預先已經愛上你認識你
[01:48:58.100 --> 01:49:00.420]  所以我願意接納你
[01:49:00.420 --> 01:49:03.740]  我接納你誰敢控告你
[01:49:03.740 --> 01:49:07.060]  我愛你誰敢說你做不到
[01:49:07.060 --> 01:49:10.900]  然後我伸手去幫助你
[01:49:10.900 --> 01:49:14.740]  我連自己的兒子都不愛惜
[01:49:14.740 --> 01:49:16.020]  你看到了吧
[01:49:16.020 --> 01:49:17.820]  我連兒子都不愛惜
[01:49:17.820 --> 01:49:19.860]  為了你的緣故
[01:49:19.860 --> 01:49:23.960]  你為什麼還會懷疑我是對付你
[01:49:23.960 --> 01:49:26.020]  要陷害你呢
[01:49:27.300 --> 01:49:28.060]  然後最後
[01:49:28.060 --> 01:49:30.620]  我們頑固我們周圍
[01:49:30.620 --> 01:49:31.660]  所發生的事
[01:49:31.660 --> 01:49:34.720]  我們可以告訴自己再沒有任何一件事
[01:49:34.720 --> 01:49:36.260]  能夠令到我
[01:49:36.260 --> 01:49:37.800]  和神的愛隔絕
[01:49:37.800 --> 01:49:39.580]  因為這個愛
[01:49:39.580 --> 01:49:41.380]  在我們的主耶穌
[01:49:41.380 --> 01:49:42.660]  基督裡面
[01:49:42.660 --> 01:49:44.460]  最後我們一起
[01:49:44.460 --> 01:49:48.300]  再讀那兩節聖經我列了出來最後那兩節聖經
[01:49:48.300 --> 01:49:53.920]  德勝有緣這兩節聖經作為我們最後的結束
[01:49:55.200 --> 01:49:59.540]  道不能叫我們與神的愛隔絕
[01:49:59.540 --> 01:50:04.420]  這愛自在我們的主耶穌基督裡的
[01:50:04.420 --> 01:50:08.260]  靠著愛我們的主
[01:50:08.260 --> 01:50:10.560]  在一切事的事上
[01:50:10.560 --> 01:50:13.380]  已經德勝有餘了
[01:50:13.380 --> 01:50:16.700]  將這兩句說話送給我們每一個弟兄姊妹
[01:50:16.700 --> 01:50:19.520]  我希望今晚所講的我就憑著聖經來講
[01:50:19.520 --> 01:50:21.820]  神的說話講了給你聽
[01:50:21.820 --> 01:50:23.360]  希望你
[01:50:24.120 --> 01:50:25.400]  完全的相信
[01:50:25.400 --> 01:50:29.500]  你新的一年無論遭遇什麼事我不知道你都不會知道
[01:50:29.500 --> 01:50:32.580]  你的生命
[01:50:32.580 --> 01:50:35.900]  在一個悲情的世界裡面
[01:50:35.900 --> 01:50:37.700]  有樂觀的盼望
[01:50:37.700 --> 01:50:40.000]  因為我們的愛
[01:50:40.000 --> 01:50:41.020]  在耶穌基督裡面
[01:50:41.020 --> 01:50:43.580]  我們一起祈禱
[01:50:43.580 --> 01:50:48.440]  我們的主我們多謝你
[01:50:48.440 --> 01:50:52.020]  你不厭其煩的在你的說話裡面
[01:50:52.540 --> 01:50:55.100]  想游說我們你是多麼愛我們
[01:50:55.100 --> 01:50:58.420]  我們有時覺得我們真的很愚蠢
[01:50:58.420 --> 01:50:59.960]  很橫梗
[01:50:59.960 --> 01:51:03.540]  你這麼愛我們我們總是信不過
[01:51:03.540 --> 01:51:06.880]  但是還要有懷疑
[01:51:06.880 --> 01:51:08.920]  還要有埋怨
[01:51:08.920 --> 01:51:11.220]  求你赦免我們
[01:51:11.220 --> 01:51:17.120]  求你重新將這種從聖靈而來的扭轉的力量放在你裡面
[01:51:17.120 --> 01:51:21.480]  或者我們在過去日子裡面做啞戲做了很久
[01:51:22.240 --> 01:51:23.260]  脆弱無力
[01:51:23.260 --> 01:51:26.600]  但從今之後我們祈求你
[01:51:26.600 --> 01:51:30.180]  重新再次經歷你的寶貝在這個啞戲裡面
[01:51:30.180 --> 01:51:33.500]  發揮那種不是屬於我們
[01:51:33.500 --> 01:51:35.300]  是從你而來的力量
[01:51:35.300 --> 01:51:39.400]  以致我們真的體會原來打倒了不一定要死
[01:51:39.400 --> 01:51:41.960]  四面受敵不一定會困住
[01:51:41.960 --> 01:51:47.080]  看到盼望都不是盼望的時候我們都不會絕望的
[01:51:47.080 --> 01:51:50.920]  因為我們知道我們的主一直在我們身邊
[01:51:51.160 --> 01:51:52.440]  他沒有離開我們
[01:51:52.440 --> 01:51:55.520]  沒有任何一樣東西可以將我們和你的愛隔絕
[01:51:55.520 --> 01:51:59.360]  也沒有任何一個際遇可以將我們打倒
[01:51:59.360 --> 01:52:01.920]  靠著愛我們的主
[01:52:01.920 --> 01:52:04.480]  我們在一切的事上
[01:52:04.480 --> 01:52:07.040]  都得勝有餘了
[01:52:07.040 --> 01:52:10.120]  求你就是這樣
[01:52:10.120 --> 01:52:12.920]  將你自己的真理賜給我們每一個人
[01:52:12.920 --> 01:52:15.480]  祝福我們每一個人
[01:52:15.480 --> 01:52:17.280]  奉耶穌名祈禱
